host_time_utc,host_monotonic_s,phase,requested_forward,requested_right,requested_down,requested_yaw,requested_motor_index,requested_motor_throttle,requested_armed,sent,transport_open,session_confirmed,armed_confirmation_fresh,telemetry_fresh,telemetry_age_s,telemetry_sequence,mcu_tick_ms,state,telemetry_armed,telemetry_mpc_direct,telemetry_yaw_direct,telemetry_failsafe,command_status,reject_flags,last_command_session,last_command_sequence,last_command_crc,last_command_sender_time_ms,command_count,rejected_command_count,yaw_rad,yaw_rate_rad_s,imu_quat_wxyz,imu_angular_velocity_xyz_rad_s,imu_linear_acceleration_xyz_m_s2,depth_m,pressure_pa,received_channels,applied_motor_throttle_m1_m8,motor_rpm_m1_m8,rpm_valid_mask,execution_feedback_valid,rpm_available
2026-08-13T10:34:52.975800+00:00,90068.259087,establish_disarmed,0.0000000,0.0000000,0.0000000,0.0000000,,,0,1,1,0,0,0,nan,,,,,,,,,,,,,,,,,,,,,,,,,,,,
2026-08-13T10:34:53.027870+00:00,90068.309724,establish_disarmed,0.0000000,0.0000000,0.0000000,0.0000000,,,0,1,1,0,0,1,0.000000,2129,106500,1,0,1,1,0,1,0,1616555720,204,50442,89977138,205,0,-3.5159285,0.1351015,"[-0.18651419878005981,-0.009839010424911976,-0.03776504099369049,0.9816768765449524]","[0.0269024521112442,-0.01884341426193714,0.13510149717330933]","[-0.20996299386024475,-0.6842010021209717,9.691424369812012]",0.0073693,72.219,"[0.0,0.0,0.0,0.0]","[0.0,0.0,0.0,0.0,0.0,0.0,0.0,0.0]","[0.0,0.0,0.0,0.0,0.0,0.0,0.0,0.0]",255,1,1
2026-08-13T10:34:53.080209+00:00,90068.362092,establish_disarmed,0.0000000,0.0000000,0.0000000,0.0000000,,,0,1,1,1,0,1,0.000000,2130,106550,1,0,1,1,0,1,0,3581452724,0,49723,90068259,206,0,-3.5215597,0.1322923,"[-0.18926021456718445,-0.009570010006427765,-0.036971040070056915,0.9811840653419495]","[0.02567107044160366,-0.02178279310464859,0.1322922557592392]","[-0.22346900403499603,-0.6751599907875061,9.701529502868652]",0.0073693,72.219,"[0.0,0.0,0.0,0.0]","[0.0,0.0,0.0,0.0,0.0,0.0,0.0,0.0]","[0.0,0.0,0.0,0.0,0.0,0.0,0.0,0.0]",255,1,1
2026-08-13T10:34:53.132559+00:00,90068.414416,establish_disarmed,0.0000000,0.0000000,0.0000000,0.0000000,,,0,1,1,1,0,1,0.000000,2131,106600,1,0,1,1,0,1,0,3581452724,1,28206,90068311,207,0,-3.5272241,0.1327195,"[-0.19201911985874176,-0.009198005311191082,-0.03621802106499672,0.9806795716285706]","[0.021594960242509842,-0.02424679324030876,0.1327195167541504]","[-0.20749999582767487,-0.65584397315979,9.711024284362793]",0.0075702,74.188,"[0.0,0.0,0.0,0.0]","[0.0,0.0,0.0,0.0,0.0,0.0,0.0,0.0]","[0.0,0.0,0.0,0.0,0.0,0.0,0.0,0.0]",255,1,1
2026-08-13T10:34:53.186041+00:00,90068.466768,establish_disarmed,0.0000000,0.0000000,0.0000000,0.0000000,,,0,1,1,1,0,1,0.000000,2133,106700,1,0,1,1,0,1,0,3581452724,3,30215,90068415,209,0,-3.5384130,0.1303019,"[-0.19746318459510803,-0.008288007229566574,-0.034873031079769135,0.9796547889709473]","[0.014671954326331615,-0.02818404883146286,0.13030190765857697]","[-0.18829700350761414,-0.6236519813537598,9.724365234375]",0.0077097,75.555,"[0.0,0.0,0.0,0.0]","[0.0,0.0,0.0,0.0,0.0,0.0,0.0,0.0]","[0.0,0.0,0.0,0.0,0.0,0.0,0.0,0.0]",255,1,1
2026-08-13T10:34:53.238245+00:00,90068.520247,establish_disarmed,0.0000000,0.0000000,0.0000000,0.0000000,,,0,1,1,1,0,1,0.000000,2134,106750,1,0,1,1,0,1,0,3581452724,4,53615,90068469,210,0,-3.5439754,0.1315580,"[-0.20016606152057648,-0.007710002362728119,-0.0342940129339695,0.979131281375885]","[0.014658934436738491,-0.030040154233574867,0.13155797123908997]","[-0.17632800340652466,-0.6091279983520508,9.733884811401367]",0.0077097,75.555,"[0.0,0.0,0.0,0.0]","[0.0,0.0,0.0,0.0,0.0,0.0,0.0,0.0]","[0.0,0.0,0.0,0.0,0.0,0.0,0.0,0.0]",255,1,1
2026-08-13T10:34:53.290666+00:00,90068.572513,establish_disarmed,0.0000000,0.0000000,0.0000000,0.0000000,,,0,1,1,1,0,1,0.000000,2135,106800,1,0,1,1,0,1,0,3581452724,5,63287,90068521,211,0,-3.5495191,0.1303534,"[-0.20285820960998535,-0.007064006756991148,-0.03380303457379341,0.9785990118980408]","[0.008551223203539848,-0.033135443925857544,0.1303534209728241]","[-0.17385399341583252,-0.5923010110855103,9.733664512634277]",0.0078109,76.547,"[0.0,0.0,0.0,0.0]","[0.0,0.0,0.0,0.0,0.0,0.0,0.0,0.0]","[0.0,0.0,0.0,0.0,0.0,0.0,0.0,0.0]",255,1,1
2026-08-13T10:34:53.343119+00:00,90068.624879,establish_disarmed,0.0000000,0.0000000,0.0000000,0.0000000,,,0,1,1,1,0,1,0.000000,2136,106850,1,0,1,1,0,1,0,3581452724,6,64288,90068573,212,0,-3.5550418,0.1295836,"[-0.2055371105670929,-0.006314003840088844,-0.03338101878762245,0.9780595302581787]","[0.004468200262635946,-0.03707049787044525,0.12958356738090515]","[-0.19304700195789337,-0.5909109711647034,9.766207695007324]",0.0078109,76.547,"[0.0,0.0,0.0,0.0]","[0.0,0.0,0.0,0.0,0.0,0.0,0.0,0.0]","[0.0,0.0,0.0,0.0,0.0,0.0,0.0,0.0]",255,1,1
2026-08-13T10:34:53.395477+00:00,90068.677351,establish_disarmed,0.0000000,0.0000000,0.0000000,0.0000000,,,0,1,1,1,0,1,0.000000,2137,106900,1,0,1,1,0,1,0,3581452724,7,20997,90068626,213,0,-3.5605323,0.1279444,"[-0.2081981748342514,-0.005478005390614271,-0.03307703137397766,0.9775118827819824]","[-0.001833223970606923,-0.03871398791670799,0.12794435024261475]","[-0.20735199749469757,-0.5793870091438293,9.781067848205566]",0.0078292,76.727,"[0.0,0.0,0.0,0.0]","[0.0,0.0,0.0,0.0,0.0,0.0,0.0,0.0]","[0.0,0.0,0.0,0.0,0.0,0.0,0.0,0.0]",255,1,1
2026-08-13T10:34:53.447847+00:00,90068.729674,establish_disarmed,0.0000000,0.0000000,0.0000000,0.0000000,,,0,1,1,1,0,1,0.000000,2138,106950,1,0,1,1,0,1,0,3581452724,8,13698,90068678,214,0,-3.5660059,0.1279554,"[-0.21084919571876526,-0.004584004171192646,-0.03287602961063385,0.9769548773765564]","[-0.00366794946603477,-0.039949871599674225,0.1279553920030594]","[-0.1954600065946579,-0.5792959928512573,9.790797233581543]",0.0078292,76.727,"[0.0,0.0,0.0,0.0]","[0.0,0.0,0.0,0.0,0.0,0.0,0.0,0.0]","[0.0,0.0,0.0,0.0,0.0,0.0,0.0,0.0]",255,1,1
2026-08-13T10:34:53.499912+00:00,90068.782041,establish_disarmed,0.0000000,0.0000000,0.0000000,0.0000000,,,0,1,1,1,0,1,0.000000,2139,107000,1,0,1,1,0,1,0,3581452724,9,12575,90068731,215,0,-3.5714614,0.1279332,"[-0.2134891301393509,-0.003631001804023981,-0.03278101980686188,0.9763885736465454]","[-0.009153448976576328,-0.04053831100463867,0.12793323397636414]","[-0.1907919943332672,-0.5985609889030457,9.791133880615234]",0.0077041,75.500,"[0.0,0.0,0.0,0.0]","[0.0,0.0,0.0,0.0,0.0,0.0,0.0,0.0]","[0.0,0.0,0.0,0.0,0.0,0.0,0.0,0.0]",255,1,1
2026-08-13T10:34:53.551802+00:00,90068.834035,establish_disarmed,0.0000000,0.0000000,0.0000000,0.0000000,,,0,1,1,1,0,1,0.000000,2140,107050,1,0,1,1,0,1,0,3581452724,10,9275,90068783,216,0,-3.5769196,0.1278742,"[-0.2161291092634201,-0.002662000944837928,-0.03278801217675209,0.9758104681968689]","[-0.013405856676399708,-0.03863925114274025,0.12787418067455292]","[-0.18127299845218658,-0.5960519909858704,9.800803184509277]",0.0075088,73.586,"[0.0,0.0,0.0,0.0]","[0.0,0.0,0.0,0.0,0.0,0.0,0.0,0.0]","[0.0,0.0,0.0,0.0,0.0,0.0,0.0,0.0]",255,1,1
2026-08-13T10:34:53.603941+00:00,90068.885938,establish_disarmed,0.0000000,0.0000000,0.0000000,0.0000000,,,0,1,1,1,0,1,0.000000,2141,107100,1,0,1,1,0,1,0,3581452724,11,40093,90068835,217,0,-3.5823569,0.1278447,"[-0.21875810623168945,-0.0017000007210299373,-0.032911013811826706,0.9752224683761597]","[-0.016447564586997032,-0.03799574822187424,0.1278446763753891]","[-0.17183400690555573,-0.610418975353241,9.808320045471191]",0.0075088,73.586,"[0.0,0.0,0.0,0.0]","[0.0,0.0,0.0,0.0,0.0,0.0,0.0,0.0]","[0.0,0.0,0.0,0.0,0.0,0.0,0.0,0.0]",255,1,1
2026-08-13T10:34:53.655757+00:00,90068.938194,establish_disarmed,0.0000000,0.0000000,0.0000000,0.0000000,,,0,1,1,1,0,1,0.000000,2142,107150,1,0,1,1,0,1,0,3581452724,12,32490,90068887,218,0,-3.5877519,0.1265873,"[-0.2213650941848755,-0.0007510001887567341,-0.03311401605606079,0.9746283888816833]","[-0.020299559459090233,-0.037362419068813324,0.12658730149269104]","[-0.17270399630069733,-0.6158319711685181,9.821183204650879]",0.0072202,70.758,"[0.0,0.0,0.0,0.0]","[0.0,0.0,0.0,0.0,0.0,0.0,0.0,0.0]","[0.0,0.0,0.0,0.0,0.0,0.0,0.0,0.0]",255,1,1
2026-08-13T10:34:53.707938+00:00,90068.989863,establish_disarmed,0.0000000,0.0000000,0.0000000,0.0000000,,,0,1,1,1,0,1,0.000000,2143,107200,1,0,1,1,0,1,0,3581452724,13,21377,90068939,219,0,-3.5930955,0.1252661,"[-0.22394724190235138,0.00014000014925841242,-0.033423036336898804,0.9740280508995056]","[-0.021892119199037552,-0.03237662836909294,0.12526609003543854]","[-0.17909599840641022,-0.612388014793396,9.8346529006958]",0.0072202,70.758,"[0.0,0.0,0.0,0.0]","[0.0,0.0,0.0,0.0,0.0,0.0,0.0,0.0]","[0.0,0.0,0.0,0.0,0.0,0.0,0.0,0.0]",255,1,1
2026-08-13T10:34:53.759652+00:00,90069.042222,establish_disarmed,0.0000000,0.0000000,0.0000000,0.0000000,,,0,1,1,1,0,1,0.000000,2144,107250,1,0,1,1,0,1,0,3581452724,14,34980,90068991,220,0,-3.5983963,0.1251776,"[-0.22650818526744843,0.0009630005806684494,-0.033754024654626846,0.9734237790107727]","[-0.023693246766924858,-0.0279979445040226,0.12517759203910828]","[-0.16725899279117584,-0.6292799711227417,9.835036277770996]",0.0069069,67.688,"[0.0,0.0,0.0,0.0]","[0.0,0.0,0.0,0.0,0.0,0.0,0.0,0.0]","[0.0,0.0,0.0,0.0,0.0,0.0,0.0,0.0]",255,1,1
2026-08-13T10:34:53.811159+00:00,90069.093718,establish_disarmed,0.0000000,0.0000000,0.0000000,0.0000000,,,0,1,1,1,0,1,0.000000,2145,107300,1,0,1,1,0,1,0,3581452724,15,28260,90069043,221,0,-3.6036730,0.1239252,"[-0.22905907034873962,0.001673000631853938,-0.03416801244020462,0.9728112816810608]","[-0.02307114191353321,-0.026145782321691513,0.12392520159482956]","[-0.1529099941253662,-0.6270509958267212,9.827972412109375]",0.0069069,67.688,"[0.0,0.0,0.0,0.0]","[0.0,0.0,0.0,0.0,0.0,0.0,0.0,0.0]","[0.0,0.0,0.0,0.0,0.0,0.0,0.0,0.0]",255,1,1
2026-08-13T10:34:53.863376+00:00,90069.145331,establish_disarmed,0.0000000,0.0000000,0.0000000,0.0000000,,,0,1,1,1,0,1,0.000000,2146,107350,1,0,1,1,0,1,0,3581452724,16,40098,90069094,222,0,-3.6089323,0.1250412,"[-0.23160216212272644,0.002298001665621996,-0.03461602330207825,0.9721918106079102]","[-0.022426538169384003,-0.0198958832770586,0.12504121661186218]","[-0.14586499333381653,-0.6462900042533875,9.830737113952637]",0.0065426,64.117,"[0.0,0.0,0.0,0.0]","[0.0,0.0,0.0,0.0,0.0,0.0,0.0,0.0]","[0.0,0.0,0.0,0.0,0.0,0.0,0.0,0.0]",255,1,1
2026-08-13T10:34:53.915767+00:00,90069.197549,establish_disarmed,0.0000000,0.0000000,0.0000000,0.0000000,,,0,1,1,1,0,1,0.000000,2147,107400,1,0,1,1,0,1,0,3581452724,16,40098,90069094,222,0,-3.6141753,0.1237483,"[-0.23413904011249542,0.002803000621497631,-0.03507501259446144,0.9715662002563477]","[-0.023011399433016777,-0.016164332628250122,0.123748280107975]","[-0.13393500447273254,-0.6439030170440674,9.833236694335938]",0.0065426,64.117,"[0.0,0.0,0.0,0.0]","[0.0,0.0,0.0,0.0,0.0,0.0,0.0,0.0]","[0.0,0.0,0.0,0.0,0.0,0.0,0.0,0.0]",255,1,1
2026-08-13T10:34:53.967172+00:00,90069.249957,establish_disarmed,0.0000000,0.0000000,0.0000000,0.0000000,,,0,1,1,1,0,1,0.000000,2148,107450,1,0,1,1,0,1,0,3581452724,17,13367,90069146,223,0,-3.6194005,0.1248974,"[-0.23666824400424957,0.0032210033386945724,-0.03554003685712814,0.9709349870681763]","[-0.02420899271965027,-0.012397999875247478,0.12489744275808334]","[-0.09804599732160568,-0.6502910256385803,9.793763160705566]",0.0060132,58.930,"[0.0,0.0,0.0,0.0]","[0.0,0.0,0.0,0.0,0.0,0.0,0.0,0.0]","[0.0,0.0,0.0,0.0,0.0,0.0,0.0,0.0]",255,1,1
2026-08-13T10:34:54.018917+00:00,90069.301179,establish_disarmed,0.0000000,0.0000000,0.0000000,0.0000000,,,0,1,1,1,0,1,0.000000,2149,107500,1,0,1,1,0,1,0,3581452724,18,21433,90069198,224,0,-3.6246340,0.1260724,"[-0.23920312523841858,0.003532001283019781,-0.036002017557621,0.9702954888343811]","[-0.022973962128162384,-0.00927124172449112,0.12607242166996002]","[-0.07414499670267105,-0.6596360206604004,9.766986846923828]",0.0060132,58.930,"[0.0,0.0,0.0,0.0]","[0.0,0.0,0.0,0.0,0.0,0.0,0.0,0.0]","[0.0,0.0,0.0,0.0,0.0,0.0,0.0,0.0]",255,1,1
2026-08-13T10:34:54.070111+00:00,90069.353074,establish_disarmed,0.0000000,0.0000000,0.0000000,0.0000000,,,0,1,1,1,0,1,0.000000,2150,107550,1,0,1,1,0,1,0,3581452724,19,39349,90069250,225,0,-3.6299043,0.1272179,"[-0.2417570948600769,0.003749001072719693,-0.03645700961351395,0.9696444869041443]","[-0.02294963039457798,-0.0048889294266700745,0.12721791863441467]","[-0.07648800313472748,-0.6598089933395386,9.754968643188477]",0.0054959,53.859,"[0.0,0.0,0.0,0.0]","[0.0,0.0,0.0,0.0,0.0,0.0,0.0,0.0]","[0.0,0.0,0.0,0.0,0.0,0.0,0.0,0.0]",255,1,1
2026-08-13T10:34:54.121984+00:00,90069.404167,establish_disarmed,0.0000000,0.0000000,0.0000000,0.0000000,,,0,1,1,1,0,1,0.000000,2151,107600,1,0,1,1,0,1,0,3581452724,20,17047,90069302,226,0,-3.6351490,0.1260062,"[-0.2442992478609085,0.0038930040318518877,-0.03686803579330444,0.9689909219741821]","[-0.017458582296967506,-0.0036920695565640926,0.12600615620613098]","[-0.06698600202798843,-0.6670690178871155,9.755184173583984]",0.0054959,53.859,"[0.0,0.0,0.0,0.0]","[0.0,0.0,0.0,0.0,0.0,0.0,0.0,0.0]","[0.0,0.0,0.0,0.0,0.0,0.0,0.0,0.0]",255,1,1
2026-08-13T10:34:54.175055+00:00,90069.456121,establish_disarmed,0.0000000,0.0000000,0.0000000,0.0000000,,,0,1,1,1,0,1,0.000000,2152,107650,1,0,1,1,0,1,0,3581452724,21,36888,90069353,227,0,-3.6404040,0.1277668,"[-0.24684706330299377,0.00396700156852603,-0.037250012159347534,0.9683301448822021]","[-0.016826072707772255,0.0006939952727407217,0.12776680290699005]","[-0.06462199985980988,-0.6792899966239929,9.74339771270752]",0.0049849,48.852,"[0.0,0.0,0.0,0.0]","[0.0,0.0,0.0,0.0,0.0,0.0,0.0,0.0]","[0.0,0.0,0.0,0.0,0.0,0.0,0.0,0.0]",255,1,1
2026-08-13T10:34:54.226289+00:00,90069.509294,establish_disarmed,0.0000000,0.0000000,0.0000000,0.0000000,,,0,1,1,1,0,1,0.000000,2153,107700,1,0,1,1,0,1,0,3581452724,22,29288,90069405,228,0,-3.6456180,0.1255211,"[-0.249376118183136,0.003952001687139273,-0.03757301717996597,0.9676694869995117]","[-0.014380186796188354,0.0016897231107577682,0.12552113831043243]","[-0.034338001161813736,-0.6887620091438293,9.710301399230957]",0.0045655,44.742,"[0.0,0.0,0.0,0.0]","[0.0,0.0,0.0,0.0,0.0,0.0,0.0,0.0]","[0.0,0.0,0.0,0.0,0.0,0.0,0.0,0.0]",255,1,1
2026-08-13T10:34:54.278478+00:00,90069.560334,establish_disarmed,0.0000000,0.0000000,0.0000000,0.0000000,,,0,1,1,1,0,1,0.000000,2154,107750,1,0,1,1,0,1,0,3581452724,23,13610,90069458,229,0,-3.6507697,0.1246912,"[-0.25187617540359497,0.0038520023226737976,-0.03784302622079849,0.9670116305351257]","[-0.009491345845162868,0.004143341910094023,0.1246911808848381]","[-0.03754400089383125,-0.6935579776763916,9.710335731506348]",0.0045655,44.742,"[0.0,0.0,0.0,0.0]","[0.0,0.0,0.0,0.0,0.0,0.0,0.0,0.0]","[0.0,0.0,0.0,0.0,0.0,0.0,0.0,0.0]",255,1,1
2026-08-13T10:34:54.330707+00:00,90069.612724,establish_disarmed,0.0000000,0.0000000,0.0000000,0.0000000,,,0,1,1,1,0,1,0.000000,2155,107800,1,0,1,1,0,1,0,3581452724,24,42618,90069509,230,0,-3.6558576,0.1228237,"[-0.25434625148773193,0.0036630029790103436,-0.03804103285074234,0.9663578271865845]","[-0.007036102935671806,0.006807778496295214,0.12282367795705795]","[-0.012033999897539616,-0.7070909738540649,9.672445297241211]",0.0042554,41.703,"[0.0,0.0,0.0,0.0]","[0.0,0.0,0.0,0.0,0.0,0.0,0.0,0.0]","[0.0,0.0,0.0,0.0,0.0,0.0,0.0,0.0]",255,1,1
2026-08-13T10:34:54.383114+00:00,90069.664953,establish_disarmed,0.0000000,0.0000000,0.0000000,0.0000000,,,0,1,1,1,0,1,0.000000,2156,107850,1,0,1,1,0,1,0,3581452724,25,14266,90069561,231,0,-3.6608377,0.1197370,"[-0.25676506757736206,0.0033940006978809834,-0.03816200792789459,0.965714156627655]","[-0.0009183224174194038,0.010472935624420643,0.11973700672388077]","[-0.01689399965107441,-0.7239069938659668,9.672636985778809]",0.0042554,41.703,"[0.0,0.0,0.0,0.0]","[0.0,0.0,0.0,0.0,0.0,0.0,0.0,0.0]","[0.0,0.0,0.0,0.0,0.0,0.0,0.0,0.0]",255,1,1
2026-08-13T10:34:54.434234+00:00,90069.717186,establish_disarmed,0.0000000,0.0000000,0.0000000,0.0000000,,,0,1,1,1,0,1,0.000000,2157,107900,1,0,1,1,0,1,0,3581452724,26,20532,90069613,232,0,-3.6657467,0.1197334,"[-0.25915107131004333,0.00302100065164268,-0.03820400685071945,0.965076208114624]","[0.003965562675148249,0.012312984094023705,0.11973337829113007]","[-0.028828000649809837,-0.7188940048217773,9.682022094726562]",0.0040155,39.352,"[0.0,0.0,0.0,0.0]","[0.0,0.0,0.0,0.0,0.0,0.0,0.0,0.0]","[0.0,0.0,0.0,0.0,0.0,0.0,0.0,0.0]",255,1,1
2026-08-13T10:34:54.487589+00:00,90069.768241,establish_disarmed,0.0000000,0.0000000,0.0000000,0.0000000,,,0,1,1,1,0,1,0.000000,2159,108000,1,0,1,1,0,1,0,3581452724,28,2789,90069717,234,0,-3.6753340,0.1172655,"[-0.2638131082057953,0.002022001426666975,-0.0380370169878006,0.9638214707374573]","[0.011300604790449142,0.01597798429429531,0.11726553738117218]","[-0.058336999267339706,-0.730663001537323,9.689851760864258]",0.0038688,37.914,"[0.0,0.0,0.0,0.0]","[0.0,0.0,0.0,0.0,0.0,0.0,0.0,0.0]","[0.0,0.0,0.0,0.0,0.0,0.0,0.0,0.0]",255,1,1
2026-08-13T10:34:54.539900+00:00,90069.821909,establish_disarmed,0.0000000,0.0000000,0.0000000,0.0000000,,,0,1,1,1,0,1,0.000000,2160,108050,1,0,1,1,0,1,0,3581452724,29,43712,90069770,235,0,-3.6800351,0.1147829,"[-0.2660992443561554,0.0014180009020492435,-0.03785903379321098,0.9632008075714111]","[0.012537346221506596,0.018434640020132065,0.11478286981582642]","[-0.07666199654340744,-0.7254869937896729,9.707956314086914]",0.0038688,37.914,"[0.0,0.0,0.0,0.0]","[0.0,0.0,0.0,0.0,0.0,0.0,0.0,0.0]","[0.0,0.0,0.0,0.0,0.0,0.0,0.0,0.0]",255,1,1
2026-08-13T10:34:54.591754+00:00,90069.874129,establish_disarmed,0.0000000,0.0000000,0.0000000,0.0000000,,,0,1,1,1,0,1,0.000000,2161,108100,1,0,1,1,0,1,0,3581452724,30,58552,90069823,236,0,-3.6846707,0.1135711,"[-0.26835209131240845,0.0007910003187134862,-0.03760501369833946,0.9625863432884216]","[0.016197405755519867,0.01901944726705551,0.11357107013463974]","[-0.10045900195837021,-0.7133139967918396,9.709901809692383]",0.0037891,37.133,"[0.0,0.0,0.0,0.0]","[0.0,0.0,0.0,0.0,0.0,0.0,0.0,0.0]","[0.0,0.0,0.0,0.0,0.0,0.0,0.0,0.0]",255,1,1
2026-08-13T10:34:54.644051+00:00,90069.925910,establish_disarmed,0.0000000,0.0000000,0.0000000,0.0000000,,,0,1,1,1,0,1,0.000000,2162,108150,1,0,1,1,0,1,0,3581452724,31,23582,90069875,237,0,-3.6892703,0.1154276,"[-0.2705851197242737,0.00015900043945293874,-0.037318021059036255,0.9619724750518799]","[0.018018202856183052,0.018406942486763,0.11542756110429764]","[-0.11475200206041336,-0.7034800052642822,9.719188690185547]",0.0037891,37.133,"[0.0,0.0,0.0,0.0]","[0.0,0.0,0.0,0.0,0.0,0.0,0.0,0.0]","[0.0,0.0,0.0,0.0,0.0,0.0,0.0,0.0]",255,1,1
2026-08-13T10:34:54.695570+00:00,90069.978239,establish_disarmed,0.0000000,0.0000000,0.0000000,0.0000000,,,0,1,1,1,0,1,0.000000,2163,108200,1,0,1,1,0,1,0,3581452724,32,54746,90069927,238,0,-3.6938751,0.1148419,"[-0.27281713485717773,-0.0004450003325473517,-0.03696102276444435,0.9613555669784546]","[0.018620744347572327,0.017147617414593697,0.11484191566705704]","[-0.13623200356960297,-0.6959450244903564,9.733223915100098]",0.0039070,38.289,"[0.0,0.0,0.0,0.0]","[0.0,0.0,0.0,0.0,0.0,0.0,0.0,0.0]","[0.0,0.0,0.0,0.0,0.0,0.0,0.0,0.0]",255,1,1
2026-08-13T10:34:54.746750+00:00,90070.029533,establish_disarmed,0.0000000,0.0000000,0.0000000,0.0000000,,,0,1,1,1,0,1,0.000000,2164,108250,1,0,1,1,0,1,0,3581452724,33,1653,90069978,239,0,-3.6985133,0.1148898,"[-0.27506205439567566,-0.001021000207401812,-0.03659500181674957,0.9607292413711548]","[0.019214889034628868,0.014648322016000748,0.11488984525203705]","[-0.14570799469947815,-0.6789529919624329,9.740060806274414]",0.0041645,40.812,"[0.0,0.0,0.0,0.0]","[0.0,0.0,0.0,0.0,0.0,0.0,0.0,0.0]","[0.0,0.0,0.0,0.0,0.0,0.0,0.0,0.0]",255,1,1
2026-08-13T10:34:54.797790+00:00,90070.080729,establish_disarmed,0.0000000,0.0000000,0.0000000,0.0000000,,,0,1,1,1,0,1,0.000000,2165,108300,1,0,1,1,0,1,0,3581452724,34,39418,90070030,240,0,-3.7031615,0.1149550,"[-0.27730727195739746,-0.0015270018484443426,-0.03619903326034546,0.9600979089736938]","[0.01898946240544319,0.010906597599387169,0.11495495587587357]","[-0.1759749948978424,-0.6679139733314514,9.770736694335938]",0.0041645,40.812,"[0.0,0.0,0.0,0.0]","[0.0,0.0,0.0,0.0,0.0,0.0,0.0,0.0]","[0.0,0.0,0.0,0.0,0.0,0.0,0.0,0.0]",255,1,1
2026-08-13T10:34:54.848802+00:00,90070.131743,establish_disarmed,0.0000000,0.0000000,0.0000000,0.0000000,,,0,1,1,1,0,1,0.000000,2166,108350,1,0,1,1,0,1,0,3581452724,35,57016,90070081,241,0,-3.7078304,0.1149709,"[-0.2795581519603729,-0.0019610009621828794,-0.035789020359516144,0.9594595432281494]","[0.016135849058628082,0.009053424932062626,0.11497090011835098]","[-0.23407700657844543,-0.6534299850463867,9.808237075805664]",0.0045663,44.750,"[0.0,0.0,0.0,0.0]","[0.0,0.0,0.0,0.0,0.0,0.0,0.0,0.0]","[0.0,0.0,0.0,0.0,0.0,0.0,0.0,0.0]",255,1,1
2026-08-13T10:34:54.899816+00:00,90070.182822,establish_disarmed,0.0000000,0.0000000,0.0000000,0.0000000,,,0,1,1,1,0,1,0.000000,2167,108400,1,0,1,1,0,1,0,3581452724,36,37063,90070132,242,0,-3.7125571,0.1162528,"[-0.28183305263519287,-0.0023250002413988113,-0.03540101274847984,0.9588073492050171]","[0.014893470332026482,0.005333674140274525,0.11625278741121292]","[-0.23398800194263458,-0.6365919709205627,9.807990074157715]",0.0045663,44.750,"[0.0,0.0,0.0,0.0]","[0.0,0.0,0.0,0.0,0.0,0.0,0.0,0.0]","[0.0,0.0,0.0,0.0,0.0,0.0,0.0,0.0]",255,1,1
2026-08-13T10:34:54.951368+00:00,90070.233764,establish_disarmed,0.0000000,0.0000000,0.0000000,0.0000000,,,0,1,1,1,0,1,0.000000,2168,108450,1,0,1,1,0,1,0,3581452724,37,37818,90070183,243,0,-3.7172589,0.1156671,"[-0.28409215807914734,-0.0026020011864602566,-0.03505401685833931,0.9581524729728699]","[0.013665003702044487,0.0034622971434146166,0.11566711962223053]","[-0.24592700600624084,-0.6291009783744812,9.822134971618652]",0.0049888,48.891,"[0.0,0.0,0.0,0.0]","[0.0,0.0,0.0,0.0,0.0,0.0,0.0,0.0]","[0.0,0.0,0.0,0.0,0.0,0.0,0.0,0.0]",255,1,1
2026-08-13T10:34:55.002510+00:00,90070.285964,armed_zero_attitude_hold,0.0000000,0.0000000,0.0000000,0.0000000,,,1,1,1,1,0,1,0.000191,2169,108500,1,0,1,1,0,1,0,3581452724,38,57367,90070234,244,0,-3.7219152,0.1138844,"[-0.28632616996765137,-0.002797001274302602,-0.034755025058984756,0.9574975967407227]","[0.011208957992494106,-0.000288118957541883,0.1138843521475792]","[-0.26014000177383423,-0.6122339963912964,9.819323539733887]",0.0049888,48.891,"[0.0,0.0,0.0,0.0]","[0.0,0.0,0.0,0.0,0.0,0.0,0.0,0.0]","[0.0,0.0,0.0,0.0,0.0,0.0,0.0,0.0]",255,1,1
2026-08-13T10:34:55.053931+00:00,90070.336471,armed_zero_attitude_hold,0.0000000,0.0000000,0.0000000,0.0000000,,,1,1,1,1,1,1,0.000000,2170,108550,2,1,1,0,0,1,0,3581452724,39,43013,90070285,245,0,-3.7265739,0.1126540,"[-0.28855809569358826,-0.002924000844359398,-0.034497011452913284,0.9568362832069397]","[0.0063306232914328575,-0.0015197629109025002,0.11265400797128677]","[-0.2696720063686371,-0.6023859977722168,9.83106517791748]",0.0054273,53.188,"[0.0,0.0,0.0,0.0]","[-0.02437855862081051,-0.02437855862081051,0.06692863255739212,-0.054380908608436584,-0.06692863255739212,0.02437855862081051,-0.02437855862081051,-0.054380908608436584]","[-0.0,-0.0,0.0,-0.0,-0.0,0.0,-0.0,-0.0]",255,1,1
2026-08-13T10:34:55.105111+00:00,90070.387973,armed_zero_attitude_hold,0.0000000,0.0000000,0.0000000,0.0000000,,,1,1,1,1,1,1,0.000000,2171,108600,2,1,1,0,0,1,0,3581452724,40,45224,90070337,246,0,-3.7258303,-0.0669276,"[-0.2881903648376465,-0.004350005183368921,-0.030351033434271812,0.9570821523666382]","[0.3866969048976898,-0.0016922539798542857,-0.06692761927843094]","[-0.2747269868850708,-0.48795101046562195,10.075602531433105]",0.0054273,53.188,"[0.0,0.0,0.0,0.0]","[0.011447467841207981,0.011447467841207981,0.0,0.023069778457283974,0.0,-0.011447467841207981,0.011447467841207981,0.023069778457283974]","[137.5,137.5,987.5,0.0,987.5,-137.5,0.0,0.0]",255,1,1
2026-08-13T10:34:55.156180+00:00,90070.439148,armed_zero_attitude_hold,0.0000000,0.0000000,0.0000000,0.0000000,,,1,1,1,1,1,1,0.000000,2172,108650,2,1,1,0,0,1,0,3581452724,41,24274,90070388,247,0,-3.7271309,0.0170387,"[-0.28875717520713806,-0.005580003838986158,-0.02292301505804062,0.957111656665802]","[0.14915518462657928,-0.0797865092754364,0.01703868992626667]","[-0.5960599780082703,0.08149000257253647,10.712014198303223]",0.0060722,59.508,"[0.0,0.0,0.0,0.0]","[0.0,0.0,0.01419205591082573,-0.017187248915433884,-0.01419205591082573,0.0,0.0,-0.017187248915433884]","[-637.5,-750.0,537.5,-0.0,525.0,775.0,-887.5,-0.0]",255,1,1
2026-08-13T10:34:55.207332+00:00,90070.490169,armed_zero_attitude_hold,0.0000000,0.0000000,0.0000000,0.0000000,,,1,1,1,1,1,1,0.000000,2173,108700,2,1,1,0,0,1,0,3581452724,42,64941,90070439,248,0,-3.7239108,-0.0279161,"[-0.28716421127319336,-0.005388004705309868,-0.017644010484218597,0.957703709602356]","[0.27057966589927673,-0.056186266243457794,-0.02791612409055233]","[-0.21229399740695953,-0.31580498814582825,9.551644325256348]",0.0060722,59.508,"[0.0,0.0,0.0,0.0]","[0.0,0.0,-0.019786546006798744,0.019650662317872047,0.019786546006798744,0.0,0.0,0.019650662317872047]","[0.0,0.0,-812.5,137.5,825.0,0.0,200.0,0.0]",255,1,1
2026-08-13T10:34:55.258495+00:00,90070.541372,armed_zero_attitude_hold,0.0000000,0.0000000,0.0000000,0.0000000,,,1,1,1,1,1,1,0.000000,2174,108750,2,1,1,0,0,1,0,3581452724,43,11778,90070490,249,0,-3.7238982,0.0312832,"[-0.28711405396461487,-0.004273001104593277,-0.013031002134084702,0.9577982425689697]","[-0.04826369509100914,-0.0870530754327774,0.031283196061849594]","[0.12171000242233276,-0.13026799261569977,10.461910247802734]",0.0066693,65.359,"[0.0,0.0,0.0,0.0]","[0.0,0.0,0.029810024425387383,-0.03900246322154999,-0.029810024425387383,0.0,0.0,-0.03900246322154999]","[0.0,0.0,562.5,-137.5,-737.5,0.0,0.0,-0.0]",255,1,1
2026-08-13T10:34:55.309562+00:00,90070.592444,armed_zero_attitude_hold,0.0000000,0.0000000,0.0000000,0.0000000,,,1,1,1,1,1,1,0.000000,2175,108800,2,1,1,0,0,1,0,3581452724,44,48476,90070541,250,0,-3.7241440,0.0175083,"[-0.2872381806373596,-0.004265002440661192,-0.013986009173095226,0.9577476382255554]","[-0.04466575011610985,0.10431914776563644,0.01750832237303257]","[0.07175800204277039,-0.3377479910850525,9.46407699584961]",0.0073677,72.203,"[0.0,0.0,0.0,0.0]","[0.0,0.0,0.05826455354690552,-0.028414390981197357,-0.05826455354690552,0.0,0.0,-0.028414390981197357]","[0.0,0.0,1187.5,-1212.5,-1212.5,0.0,0.0,-1162.5]",255,1,1
2026-08-13T10:34:55.360652+00:00,90070.643603,armed_zero_attitude_hold,0.0000000,0.0000000,0.0000000,0.0000000,,,1,1,1,1,1,1,0.000000,2176,108850,2,1,1,0,0,1,0,3581452724,45,1530,90070593,251,0,-3.7242732,0.0315557,"[-0.2873282730579376,-0.008094007149338722,-0.014461012557148933,0.9576888084411621]","[0.2029750645160675,0.13095824420452118,0.03155571222305298]","[-0.4306569993495941,-0.3296310007572174,9.890769958496094]",0.0073677,72.203,"[0.0,0.0,0.0,0.0]","[0.0,0.0,0.017794910818338394,0.023210402578115463,-0.017794910818338394,0.0,0.0,0.023210402578115463]","[225.0,0.0,887.5,812.5,-1050.0,0.0,0.0,837.5]",255,1,1
2026-08-13T10:34:55.411976+00:00,90070.694603,armed_zero_attitude_hold,0.0000000,0.0000000,0.0000000,0.0000000,,,1,1,1,1,1,1,0.000000,2177,108900,2,1,1,0,0,1,0,3581452724,46,19330,90070644,252,0,-3.7243545,0.0216162,"[-0.2872941195964813,-0.01233400497585535,-0.007519003935158253,0.9577335119247437]","[0.3164188861846924,0.016938909888267517,0.02161618135869503]","[-0.3609760105609894,0.11548800021409988,10.176080703735352]",0.0085651,83.938,"[0.0,0.0,0.0,0.0]","[0.0,0.0,-0.04194527119398117,0.06370169669389725,0.04194527119398117,0.0,0.0,0.06370169669389725]","[0.0,0.0,-1187.5,962.5,1200.0,0.0,0.0,700.0]",255,1,1
2026-08-13T10:34:55.463114+00:00,90070.746116,armed_zero_attitude_hold,0.0000000,0.0000000,0.0000000,0.0000000,,,1,1,1,1,1,1,0.000000,2178,108950,2,1,1,0,0,1,0,3581452724,46,19330,90070644,252,0,-3.7243273,0.0011944,"[-0.2872491776943207,-0.011971007101237774,-0.004489002749323845,0.957770586013794]","[-0.16861119866371155,-0.05170164629817009,0.0011943987337872386]","[-0.31348198652267456,-0.06291499733924866,9.537165641784668]",0.0085651,83.938,"[0.0,0.0,0.0,0.0]","[0.0,0.0,0.03742256388068199,-0.030427534133195877,-0.03742256388068199,0.0,0.0,-0.030427534133195877]","[0.0,0.0,762.5,-825.0,-837.5,0.0,0.0,-800.0]",255,1,1
2026-08-13T10:34:55.514499+00:00,90070.797058,armed_zero_attitude_hold,0.0000000,0.0000000,0.0000000,0.0000000,,,1,1,1,1,1,1,0.000000,2179,109000,2,1,1,0,0,1,0,3581452724,47,18687,90070695,253,0,-3.7229815,-0.0166750,"[-0.2866850793361664,-0.009422002360224724,-0.011604003608226776,0.9579082727432251]","[-0.3646486699581146,0.06229890137910843,-0.016674963757395744]","[-0.2449589967727661,-0.17362399399280548,9.556373596191406]",0.0092913,91.055,"[0.0,0.0,0.0,0.0]","[0.0,0.0,0.10000000149011612,-0.07520674914121628,-0.10000000149011612,0.0,0.0,-0.07520674914121628]","[0.0,0.0,1200.0,-1025.0,-1237.5,0.0,0.0,-750.0]",255,1,1
2026-08-13T10:34:55.565730+00:00,90070.848707,armed_zero_attitude_hold,0.0000000,0.0000000,0.0000000,0.0000000,,,1,1,1,1,1,1,0.000000,2180,109050,2,1,1,0,0,1,0,3581452724,48,15175,90070746,254,0,-3.7210340,-0.0119638,"[-0.2858092188835144,-0.010756008327007294,-0.016232013702392578,0.9580886960029602]","[0.12223926931619644,0.09786511212587357,-0.011963848024606705]","[-0.5745540261268616,-0.4453130066394806,9.937994003295898]",0.0092913,91.055,"[0.0,0.0,0.0,0.0]","[0.0,0.0,0.050466686487197876,0.0,-0.050466686487197876,0.0,0.0,0.0]","[0.0,0.0,1050.0,-1262.5,-1087.5,0.0,0.0,-1200.0]",255,1,1
2026-08-13T10:34:55.616790+00:00,90070.899683,armed_zero_attitude_hold,0.0000000,0.0000000,0.0000000,0.0000000,,,1,1,1,1,1,1,0.000000,2181,109100,2,1,1,0,0,1,0,3581452724,49,29061,90070797,255,0,-3.7191131,-0.0135305,"[-0.28481927514076233,-0.013811013661324978,-0.010708009824156761,0.9584218859672546]","[0.19843704998493195,0.0049948180094361305,-0.013530543074011803]","[-0.0724089965224266,0.05623399838805199,10.32499885559082]",0.0103563,101.492,"[0.0,0.0,0.0,0.0]","[0.0,0.0,0.0,0.017912914976477623,0.0,0.0,0.0,0.017912914976477623]","[0.0,0.0,512.5,875.0,537.5,0.0,0.0,887.5]",255,1,1
2026-08-13T10:34:55.667744+00:00,90070.950739,armed_zero_attitude_hold,0.0000000,0.0000000,0.0000000,0.0000000,,,1,1,1,1,1,1,0.000000,2182,109150,2,1,1,0,0,1,0,3581452724,50,26913,90070849,256,0,-3.7182961,0.0140018,"[-0.2844090759754181,-0.012830005027353764,-0.009062002412974834,0.9585743546485901]","[-0.06405487656593323,-0.1179519072175026,0.014001833274960518]","[-0.1908469945192337,-0.00990500021725893,10.000768661499023]",0.0103563,101.492,"[0.0,0.0,0.0,0.0]","[0.0,0.0,0.04483325034379959,-0.04519098997116089,-0.04483325034379959,0.0,0.0,-0.04519098997116089]","[0.0,0.0,700.0,-1162.5,-637.5,0.0,0.0,-1187.5]",255,1,1
2026-08-13T10:34:55.719200+00:00,90071.001712,armed_zero_attitude_hold,0.0000000,0.0000000,0.0000000,0.0000000,,,1,1,1,1,1,1,0.000000,2183,109200,2,1,1,0,0,1,0,3581452724,51,34651,90070900,257,0,-3.7185876,0.0214380,"[-0.2845710217952728,-0.008763999678194523,-0.010800001211464405,0.9585540890693665]","[-0.02707216888666153,-0.1110277846455574,0.021438000723719597]","[-0.17338000237941742,-0.31184500455856323,9.350531578063965]",0.0115609,113.297,"[0.0,0.0,0.0,0.0]","[0.0,0.0,0.050671327859163284,-0.05372894927859306,-0.050671327859163284,0.0,0.0,-0.05372894927859306]","[0.0,0.0,637.5,-962.5,-637.5,0.0,0.0,-850.0]",255,1,1
2026-08-13T10:34:55.770512+00:00,90071.053246,armed_zero_attitude_hold,0.0000000,0.0000000,0.0000000,0.0000000,,,1,1,1,1,1,1,0.000000,2184,109250,2,1,1,0,0,1,0,3581452724,52,9251,90070951,258,0,-3.7181227,0.0114033,"[-0.28431713581085205,-0.008457004092633724,-0.007397003937512636,0.9586644768714905]","[0.2220432162284851,-0.013565327040851116,0.01140331756323576]","[0.01695599965751171,-0.049869000911712646,9.86461353302002]",0.0115609,113.297,"[0.0,0.0,0.0,0.0]","[0.0,0.0,0.0,0.014583933167159557,0.0,0.0,0.0,0.014583933167159557]","[0.0,0.0,525.0,825.0,550.0,0.0,0.0,712.5]",255,1,1
2026-08-13T10:34:55.821796+00:00,90071.104520,armed_zero_attitude_hold,0.0000000,0.0000000,0.0000000,0.0000000,,,1,1,1,1,1,1,0.000000,2185,109300,2,1,1,0,0,1,0,3581452724,53,63372,90071002,259,0,-3.7181478,0.0420981,"[-0.2842792570590973,-0.009997009299695492,-0.0022190017625689507,0.9586868286132812]","[0.025840455666184425,-0.016888504847884178,0.04209807142615318]","[0.3050119876861572,0.00775500014424324,10.104560852050781]",0.0125056,122.555,"[0.0,0.0,0.0,0.0]","[0.0,0.0,0.019466232508420944,0.0,-0.019466232508420944,0.0,0.0,0.0]","[0.0,0.0,600.0,962.5,-400.0,200.0,0.0,937.5]",255,1,1
2026-08-13T10:34:55.873014+00:00,90071.155879,armed_zero_attitude_hold,0.0000000,0.0000000,0.0000000,0.0000000,,,1,1,1,1,1,1,0.000000,2186,109350,2,1,1,0,0,1,0,3581452724,54,9431,90071053,260,0,-3.7207048,0.0857575,"[-0.2855502665042877,-0.007904007099568844,-0.0068260058760643005,0.9583068490028381]","[-0.4707008898258209,-0.02432587556540966,0.08575746417045593]","[-0.013054999522864819,0.16249500215053558,9.897128105163574]",0.0131872,129.234,"[0.0,0.0,0.0,0.0]","[-0.00791563093662262,-0.00791563093662262,0.10000000149011612,-0.09052364528179169,-0.10000000149011612,0.00791563093662262,-0.00791563093662262,-0.09052364528179169]","[0.0,0.0,1200.0,-1200.0,-1187.5,0.0,0.0,-1225.0]",255,1,1
2026-08-13T10:34:55.924079+00:00,90071.207000,armed_zero_attitude_hold,0.0000000,0.0000000,0.0000000,0.0000000,,,1,1,1,1,1,1,0.000000,2187,109400,2,1,1,0,0,1,0,3581452724,55,40049,90071105,261,0,-3.7211940,-0.0448008,"[-0.28586533665657043,-0.0039240047335624695,-0.019952021539211273,0.9580540657043457]","[-0.32392051815986633,0.04108617082238197,-0.04480084031820297]","[-0.07926300168037415,-0.7520579695701599,9.070229530334473]",0.0131872,129.234,"[0.0,0.0,0.0,0.0]","[0.007937408052384853,0.007937408052384853,0.10000000149011612,-0.08491745591163635,-0.10000000149011612,-0.007937408052384853,0.007937408052384853,-0.08491745591163635]","[0.0,0.0,837.5,-1025.0,-750.0,-0.0,0.0,-975.0]",255,1,1
2026-08-13T10:34:55.975244+00:00,90071.258110,armed_zero_attitude_hold,0.0000000,0.0000000,0.0000000,0.0000000,,,1,1,1,1,1,1,0.000000,2188,109450,2,1,1,0,0,1,0,3581452724,56,53760,90071156,262,0,-3.7223427,0.0255214,"[-0.2864263951778412,-0.004286006558686495,-0.020695026963949203,0.9578691124916077]","[0.20756150782108307,0.01312339212745428,0.02552139014005661]","[-0.4647650122642517,-0.2656950056552887,10.180495262145996]",0.0137237,134.492,"[0.0,0.0,0.0,0.0]","[0.0,0.0,0.07982389628887177,-0.05754028260707855,-0.07982389628887177,0.0,0.0,-0.05754028260707855]","[0.0,0.0,1200.0,-1262.5,-1187.5,0.0,0.0,-1212.5]",255,1,1
2026-08-13T10:34:56.026531+00:00,90071.309220,armed_zero_attitude_hold,0.0000000,0.0000000,0.0000000,0.0000000,,,1,1,1,1,1,1,0.000000,2189,109500,2,1,1,0,0,1,0,3581452724,57,53629,90071207,263,0,-3.7212358,0.0604976,"[-0.28585630655288696,-0.00687900697812438,-0.013276014477014542,0.9581558108329773]","[0.3244467079639435,0.011344395577907562,0.06049763411283493]","[0.2753880023956299,-0.1555429995059967,9.485326766967773]",0.0137237,134.492,"[0.0,0.0,0.0,0.0]","[0.0,0.0,0.0330449640750885,-0.010094597004354,-0.0330449640750885,0.0,0.0,-0.010094597004354]","[0.0,0.0,737.5,662.5,-800.0,0.0,0.0,675.0]",255,1,1
2026-08-13T10:34:56.077701+00:00,90071.360555,armed_zero_attitude_hold,0.0000000,0.0000000,0.0000000,0.0000000,,,1,1,1,1,1,1,0.000000,2190,109550,2,1,1,0,0,1,0,3581452724,58,41680,90071258,264,0,-3.7223964,-0.0443930,"[-0.286354124546051,-0.009064003825187683,-0.006276003085076809,0.9580604434013367]","[0.2752766013145447,0.012215838767588139,-0.04439300671219826]","[-0.4181860089302063,0.037397000938653946,9.613646507263184]",0.0145815,142.898,"[0.0,0.0,0.0,0.0]","[0.011241467669606209,0.011241467669606209,0.01728293113410473,0.0,-0.01728293113410473,-0.011241467669606209,0.011241467669606209,0.0]","[0.0,0.0,637.5,350.0,-662.5,-0.0,0.0,362.5]",255,1,1
2026-08-13T10:34:56.128839+00:00,90071.411809,armed_zero_attitude_hold,0.0000000,0.0000000,0.0000000,0.0000000,,,1,1,1,1,1,1,0.000000,2191,109600,2,1,1,0,0,1,0,3581452724,59,59410,90071309,265,0,-3.7231297,0.0671417,"[-0.28663721680641174,-0.010945008136332035,0.0002950001216959208,0.9579766392707825]","[0.2524450719356537,-0.00806951243430376,0.06714168936014175]","[-0.3393700122833252,-0.5879250168800354,9.338292121887207]",0.0145815,142.898,"[0.0,0.0,0.0,0.0]","[-0.0126136289909482,-0.0126136289909482,0.0,0.02715923637151718,0.0,0.0126136289909482,-0.0126136289909482,0.02715923637151718]","[-337.5,-187.5,437.5,362.5,375.0,187.5,-325.0,362.5]",255,1,1
2026-08-13T10:34:56.180919+00:00,90071.462789,armed_zero_attitude_hold,0.0000000,0.0000000,0.0000000,0.0000000,,,1,1,1,1,1,1,0.000000,2192,109650,2,1,1,0,0,1,0,3581452724,60,61617,90071361,266,0,-3.7201653,-0.0513346,"[-0.2851931154727936,-0.011082004755735397,0.0029640011489391327,0.9584014415740967]","[0.08289878070354462,-0.07459919899702072,-0.05133456364274025]","[0.22365300357341766,0.7657430171966553,9.298465728759766]",0.0145177,142.273,"[0.0,0.0,0.0,0.0]","[0.01673562079668045,0.01673562079668045,0.0,0.0,0.0,-0.01673562079668045,0.01673562079668045,0.0]","[850.0,1175.0,1100.0,450.0,-575.0,-1175.0,787.5,425.0]",255,1,1
2026-08-13T10:34:56.232344+00:00,90071.515259,armed_zero_attitude_hold,0.0000000,0.0000000,0.0000000,0.0000000,,,1,1,1,1,1,1,0.000000,2193,109700,2,1,1,0,0,1,0,3581452724,61,7883,90071412,267,0,-3.7176919,-0.0117603,"[-0.28400924801826477,-0.009815008379518986,0.004716004244983196,0.9587597250938416]","[0.03468108922243118,-0.08064945042133331,-0.011760308407247066]","[-0.25125399231910706,0.31477999687194824,10.026483535766602]",0.0145177,142.273,"[0.0,0.0,0.0,0.0]","[0.014404152520000935,0.014404152520000935,0.0,0.0,0.0,-0.014404152520000935,0.014404152520000935,0.0]","[1200.0,1225.0,675.0,287.5,425.0,-1225.0,1275.0,300.0]",255,1,1
2026-08-13T10:34:56.283725+00:00,90071.566364,armed_zero_attitude_hold,0.0000000,0.0000000,0.0000000,0.0000000,,,1,1,1,1,1,1,0.000000,2194,109750,2,1,1,0,0,1,0,3581452724,62,32197,90071464,268,0,-3.7177796,0.1082663,"[-0.28406429290771484,-0.008271008729934692,0.0054690055549144745,0.9587539434432983]","[-0.0065828412771224976,-0.057235073298215866,0.10826630145311356]","[-0.614870011806488,0.10754700005054474,9.576770782470703]",0.0148860,145.883,"[0.0,0.0,0.0,0.0]","[0.0,0.0,0.011675753630697727,0.0,-0.011675753630697727,0.0,0.0,0.0]","[712.5,350.0,462.5,150.0,500.0,362.5,550.0,150.0]",255,1,1
2026-08-13T10:34:56.335493+00:00,90071.617949,armed_zero_attitude_hold,0.0000000,0.0000000,0.0000000,0.0000000,,,1,1,1,1,1,1,0.000000,2196,109850,2,1,1,0,0,1,0,3581452724,64,38822,90071567,270,0,-3.7241666,0.0721954,"[-0.28718310594558716,-0.004898001905530691,-0.001859000651165843,0.9578614234924316]","[-0.22651678323745728,-0.039820436388254166,0.07219544053077698]","[0.1020980030298233,0.1123420000076294,9.642515182495117]",0.0147577,144.625,"[0.0,0.0,0.0,0.0]","[-0.014262744225561619,-0.014262744225561619,0.08454986661672592,-0.07614400237798691,-0.08454986661672592,0.014262744225561619,-0.014262744225561619,-0.07614400237798691]","[-987.5,-1012.5,675.0,-450.0,-725.0,1025.0,-1062.5,-437.5]",255,1,1
2026-08-13T10:34:56.386843+00:00,90071.669531,armed_zero_attitude_hold,0.0000000,0.0000000,0.0000000,0.0000000,,,1,1,1,1,1,1,0.000000,2197,109900,2,1,1,0,0,1,0,3581452724,65,47709,90071618,271,0,-3.7248826,-0.0433157,"[-0.2875322699546814,-0.003787003690376878,-0.002953002927824855,0.957758903503418]","[0.11968891322612762,-0.03168223053216934,-0.043315690010786057]","[0.08164899796247482,-0.19212499260902405,8.919914245605469]",0.0147577,144.625,"[0.0,0.0,0.0,0.0]","[0.0,0.0,0.02180635556578636,-0.012576937675476074,-0.02180635556578636,0.0,0.0,-0.012576937675476074]","[625.0,375.0,1212.5,-1162.5,-662.5,562.5,587.5,-1287.5]",255,1,1
2026-08-13T10:34:56.438045+00:00,90071.721045,armed_zero_attitude_hold,0.0000000,0.0000000,0.0000000,0.0000000,,,1,1,1,1,1,1,0.000000,2198,109950,2,1,1,0,0,1,0,3581452724,66,24952,90071670,272,0,-3.7205968,-0.1287222,"[-0.28545528650283813,-0.005356005392968655,0.002001002198085189,0.9583749771118164]","[0.27986201643943787,0.04419538378715515,-0.12872222065925598]","[-0.3075360059738159,0.49251601099967957,9.358746528625488]",0.0143630,140.758,"[0.0,0.0,0.0,0.0]","[0.03165314719080925,0.03165314719080925,-0.023744892328977585,0.04849780723452568,0.023744892328977585,-0.03165314719080925,0.03165314719080925,0.04849780723452568]","[587.5,662.5,-362.5,850.0,387.5,-1037.5,812.5,1200.0]",255,1,1
2026-08-13T10:34:56.489012+00:00,90071.771995,armed_zero_attitude_hold,0.0000000,0.0000000,0.0000000,0.0000000,,,1,1,1,1,1,1,0.000000,2199,110000,2,1,1,0,0,1,0,3581452724,67,23952,90071721,273,0,-3.7084846,-0.3198461,"[-0.2796313166618347,-0.006931007374078035,0.0028940029442310333,0.9600780606269836]","[-0.21965837478637695,0.054826848208904266,-0.31984612345695496]","[-0.17959900200366974,0.5597599744796753,9.915756225585938]",0.0145998,143.078,"[0.0,0.0,0.0,0.0]","[0.0955180749297142,0.0955180749297142,0.07051273435354233,-0.04164270684123039,-0.07051273435354233,-0.0955180749297142,0.0955180749297142,-0.04164270684123039]","[1225.0,1212.5,1125.0,-975.0,-1112.5,-887.5,1275.0,-925.0]",255,1,1
2026-08-13T10:34:56.539998+00:00,90071.822968,armed_zero_attitude_hold,0.0000000,0.0000000,0.0000000,0.0000000,,,1,1,1,1,1,1,0.000000,2200,110050,2,1,1,0,0,1,0,3581452724,68,50397,90071772,274,0,-3.6954689,-0.0317699,"[-0.27344122529029846,-0.004809003788977861,-0.00794400554150343,0.9618438482284546]","[-0.6418463587760925,0.01587158814072609,-0.031769897788763046]","[0.336342990398407,0.23592700064182281,9.248383522033691]",0.0145998,143.078,"[0.0,0.0,0.0,0.0]","[0.035208724439144135,0.035208724439144135,0.10000000149011612,-0.08841586112976074,-0.10000000149011612,-0.035208724439144135,0.035208724439144135,-0.08841586112976074]","[912.5,1050.0,562.5,-425.0,-875.0,-1125.0,975.0,-850.0]",255,1,1
2026-08-13T10:34:56.591002+00:00,90071.873952,armed_zero_attitude_hold,0.0000000,0.0000000,0.0000000,0.0000000,,,1,1,1,1,1,1,0.000000,2201,110100,2,1,1,0,0,1,0,3581452724,69,23405,90071823,275,0,-3.7009358,0.2411093,"[-0.2761000692844391,-0.0024310005828738213,-0.016145003959536552,0.9609902501106262]","[-0.06080750375986099,0.009273789823055267,0.24110934138298035]","[0.1651500016450882,-0.5164849758148193,9.762834548950195]",0.0145791,142.875,"[0.0,0.0,0.0,0.0]","[0.0,0.0,0.10000000149011612,-0.08184195309877396,-0.10000000149011612,0.0,0.0,-0.08184195309877396]","[1212.5,1187.5,1175.0,-1162.5,-1112.5,-850.0,1262.5,-1112.5]",255,1,1
2026-08-13T10:34:56.642146+00:00,90071.925026,armed_zero_attitude_hold,0.0000000,0.0000000,0.0000000,0.0000000,,,1,1,1,1,1,1,0.000000,2202,110150,2,1,1,0,0,1,0,3581452724,70,54932,90071874,276,0,-3.7123744,0.2168624,"[-0.2815861701965332,-0.004083003383129835,-0.012599009089171886,0.9594445824623108]","[0.2689366638660431,0.03863783925771713,0.21686244010925293]","[-0.2731019854545593,-0.12836499512195587,10.147893905639648]",0.0145791,142.875,"[0.0,0.0,0.0,0.0]","[0.0,0.0,0.0489661768078804,-0.020025894045829773,-0.0489661768078804,0.0,0.0,-0.020025894045829773]","[212.5,462.5,800.0,-875.0,-925.0,337.5,325.0,-962.5]",255,1,1
2026-08-13T10:34:56.693130+00:00,90071.976114,armed_zero_attitude_hold,0.0000000,0.0000000,0.0000000,0.0000000,,,1,1,1,1,1,1,0.000000,2203,110200,2,1,1,0,0,1,0,3581452724,71,21079,90071925,277,0,-3.7212358,0.1410418,"[-0.2858031094074249,-0.006608002819120884,-0.0065160030499100685,0.9582434296607971]","[0.22510503232479095,0.02299261838197708,0.1410418450832367]","[-0.1861100047826767,0.17392699420452118,10.276383399963379]",0.0150638,147.625,"[0.0,0.0,0.0,0.0]","[0.0,0.0,0.03433806449174881,0.0,-0.03433806449174881,0.0,0.0,0.0]","[550.0,237.5,637.5,462.5,-675.0,175.0,675.0,475.0]",255,1,1
2026-08-13T10:34:56.744280+00:00,90072.027143,armed_zero_attitude_hold,0.0000000,0.0000000,0.0000000,0.0000000,,,1,1,1,1,1,1,0.000000,2204,110250,2,1,1,0,0,1,0,3581452724,72,41997,90071976,278,0,-3.7243483,0.0677151,"[-0.28725215792655945,-0.008596003986895084,-0.0014250004896894097,0.957815408706665]","[0.18918786942958832,0.00732713658362627,0.06771507114171982]","[-0.2100220024585724,0.06603699922561646,10.136164665222168]",0.0150638,147.625,"[0.0,0.0,0.0,0.0]","[0.0,0.0,0.019604379311203957,0.0,-0.019604379311203957,0.0,0.0,0.0]","[262.5,300.0,612.5,237.5,-650.0,262.5,312.5,275.0]",255,1,1
2026-08-13T10:34:56.795274+00:00,90072.078268,armed_zero_attitude_hold,0.0000000,0.0000000,0.0000000,0.0000000,,,1,1,1,1,1,1,0.000000,2205,110300,2,1,1,0,0,1,0,3581452724,73,8846,90072027,279,0,-3.7265987,0.0665594,"[-0.2882881164550781,-0.009905003011226654,0.00286500109359622,0.9574882388114929]","[0.17458750307559967,0.01011200062930584,0.06655942648649216]","[-0.06857799738645554,0.19663499295711517,9.90958023071289]",0.0154257,151.172,"[0.0,0.0,0.0,0.0]","[0.0,0.0,0.0,0.022604672238230705,0.0,0.0,0.0,0.022604672238230705]","[112.5,237.5,525.0,175.0,512.5,325.0,175.0,150.0]",255,1,1
2026-08-13T10:34:56.846441+00:00,90072.129280,armed_zero_attitude_hold,0.0000000,0.0000000,0.0000000,0.0000000,,,1,1,1,1,1,1,0.000000,2206,110350,2,1,1,0,0,1,0,3581452724,74,10332,90072078,280,0,-3.7291412,0.0620397,"[-0.2894890010356903,-0.010041000321507454,0.0049219997599720955,0.9571160078048706]","[-0.00950893759727478,-0.015158203430473804,0.06203966587781906]","[-0.08225800096988678,0.19740599393844604,9.955788612365723]",0.0154257,151.172,"[0.0,0.0,0.0,0.0]","[0.0,0.0,0.026412662118673325,0.0,-0.026412662118673325,0.0,0.0,0.0]","[962.5,350.0,562.5,475.0,-562.5,562.5,175.0,600.0]",255,1,1
2026-08-13T10:34:56.897559+00:00,90072.180543,armed_zero_attitude_hold,0.0000000,0.0000000,0.0000000,0.0000000,,,1,1,1,1,1,1,0.000000,2207,110400,2,1,1,0,0,1,0,3581452724,75,28446,90072129,281,0,-3.7299676,0.0573806,"[-0.2899141013622284,-0.008762003853917122,0.002492000814527273,0.9570093154907227]","[-0.22034449875354767,-0.030063383281230927,0.05738059803843498]","[-0.02260899916291237,0.477088987827301,9.698084831237793]",0.0162508,159.258,"[0.0,0.0,0.0,0.0]","[-0.011721122078597546,-0.011721122078597546,0.07458479702472687,-0.05704585090279579,-0.07458479702472687,0.011721122078597546,-0.011721122078597546,-0.05704585090279579]","[-200.0,-237.5,1200.0,-1150.0,-625.0,237.5,-5612.5,-1150.0]",255,1,1
2026-08-13T10:34:56.948934+00:00,90072.231569,armed_zero_attitude_hold,0.0000000,0.0000000,0.0000000,0.0000000,,,1,1,1,1,1,1,0.000000,2208,110450,2,1,1,0,0,1,0,3581452724,76,46140,90072181,282,0,-3.7300715,0.0105894,"[-0.2900252342224121,-0.005101003684103489,-0.005115004256367683,0.9569917321205139]","[-0.27103060483932495,-0.06401810795068741,0.010589384473860264]","[-0.011580999940633774,0.26684999465942383,9.64133358001709]",0.0162508,159.258,"[0.0,0.0,0.0,0.0]","[0.0,0.0,0.10000000149011612,-0.09182180464267731,-0.10000000149011612,0.0,0.0,-0.09182180464267731]","[162.5,162.5,825.0,-775.0,-875.0,362.5,162.5,-762.5]",255,1,1
2026-08-13T10:34:57.000179+00:00,90072.283157,armed_zero_attitude_hold,0.0000000,0.0000000,0.0000000,0.0000000,,,1,1,1,1,1,1,0.000000,2209,110500,2,1,1,0,0,1,0,3581452724,77,57965,90072232,283,0,-3.7291937,-0.0010911,"[-0.2896031439304352,-0.004309001378715038,-0.0047110021114349365,0.9571255445480347]","[0.22031989693641663,0.0006405533058568835,-0.0010911275167018175]","[-0.06154099851846695,-0.18820500373840332,9.60427474975586]",0.0163991,160.711,"[0.0,0.0,0.0,0.0]","[0.0,0.0,0.022523455321788788,0.0,-0.022523455321788788,0.0,0.0,0.0]","[712.5,112.5,1212.5,1175.0,-700.0,175.0,150.0,1125.0]",255,1,1
2026-08-13T10:34:57.052409+00:00,90072.334199,armed_zero_attitude_hold,0.0000000,0.0000000,0.0000000,0.0000000,,,1,1,1,1,1,1,0.000000,2210,110550,2,1,1,0,0,1,0,3581452724,78,50412,90072283,284,0,-3.7280293,0.0158745,"[-0.2890132665634155,-0.00609200494363904,0.001313001150265336,0.957304835319519]","[0.2056988775730133,0.004693923518061638,0.01587451994419098]","[0.28151199221611023,0.4340150058269501,9.966083526611328]",0.0170225,166.820,"[0.0,0.0,0.0,0.0]","[0.0,0.0,0.0,0.02135118842124939,0.0,0.0,0.0,0.02135118842124939]","[325.0,400.0,437.5,562.5,375.0,0.0,150.0,550.0]",255,1,1
2026-08-13T10:34:57.104072+00:00,90072.386709,armed_zero_attitude_hold,0.0000000,0.0000000,0.0000000,0.0000000,,,1,1,1,1,1,1,0.000000,2211,110600,2,1,1,0,0,1,0,3581452724,79,29130,90072335,285,0,-3.7284451,0.0286909,"[-0.2892150282859802,-0.005213000345975161,0.001905000302940607,0.9572480916976929]","[-0.2185579538345337,-0.07848496735095978,0.028690872713923454]","[-0.11317899823188782,0.4169760048389435,10.249658584594727]",0.0170225,166.820,"[0.0,0.0,0.0,0.0]","[-0.01067389640957117,-0.01067389640957117,0.07411274313926697,-0.0695628672838211,-0.07411274313926697,0.01067389640957117,-0.01067389640957117,-0.0695628672838211]","[-212.5,-312.5,662.5,-1137.5,-575.0,212.5,-200.0,-1162.5]",255,1,1
2026-08-13T10:34:57.155564+00:00,90072.438068,armed_zero_attitude_hold,0.0000000,0.0000000,0.0000000,0.0000000,,,1,1,1,1,1,1,0.000000,2212,110650,2,1,1,0,0,1,0,3581452724,80,27003,90072387,286,0,-3.7285433,-0.0200772,"[-0.28928714990615845,-0.0008060004329308867,-0.005275002680718899,0.9572275280952454]","[-0.39098379015922546,-0.06486877053976059,-0.020077219232916832]","[-0.376924991607666,-0.19871899485588074,10.392414093017578]",0.0171452,168.023,"[0.0,0.0,0.0,0.0]","[0.0,0.0,0.10000000149011612,-0.09685557335615158,-0.10000000149011612,0.0,0.0,-0.09685557335615158]","[537.5,500.0,1175.0,-687.5,-862.5,325.0,525.0,-762.5]",255,1,1
2026-08-13T10:34:57.206956+00:00,90072.489669,armed_zero_attitude_hold,0.0000000,0.0000000,0.0000000,0.0000000,,,1,1,1,1,1,1,0.000000,2213,110700,2,1,1,0,0,1,0,3581452724,81,34561,90072438,287,0,-3.7265399,-0.0216614,"[-0.2883262038230896,0.0005530004855245352,-0.008357005193829536,0.9574956297874451]","[0.11876210570335388,0.022885089740157127,-0.021661419421434402]","[0.12316899746656418,-0.42197999358177185,9.636222839355469]",0.0171452,168.023,"[0.0,0.0,0.0,0.0]","[0.0,0.0,0.06468193233013153,-0.043152011930942535,-0.06468193233013153,0.0,0.0,-0.043152011930942535]","[275.0,225.0,1125.0,-1212.5,-850.0,175.0,237.5,-1187.5]",255,1,1
2026-08-13T10:34:57.258045+00:00,90072.540970,armed_zero_attitude_hold,0.0000000,0.0000000,0.0000000,0.0000000,,,1,1,1,1,1,1,0.000000,2214,110750,2,1,1,0,0,1,0,3581452724,82,58383,90072490,288,0,-3.7240772,-0.0268340,"[-0.2871462404727936,-0.001647001365199685,-0.0029570027254521847,0.9578807950019836]","[0.2905671298503876,0.027313319966197014,-0.02683396451175213]","[0.0779229998588562,0.08432099968194962,9.690624237060547]",0.0172313,168.867,"[0.0,0.0,0.0,0.0]","[0.0,0.0,0.010872477665543556,0.01243261806666851,-0.010872477665543556,0.0,0.0,0.01243261806666851]","[38075.0,150.0,1037.5,475.0,-662.5,162.5,3450.0,475.0]",255,1,1
2026-08-13T10:34:57.309534+00:00,90072.592073,armed_zero_attitude_hold,0.0000000,0.0000000,0.0000000,0.0000000,,,1,1,1,1,1,1,0.000000,2215,110800,2,1,1,0,0,1,0,3581452724,83,47102,90072541,289,0,-3.7223256,0.0040525,"[-0.28629225492477417,-0.0034340035635977983,0.0025380023289471865,0.958132803440094]","[0.06418776512145996,-0.0313466414809227,0.004052532371133566]","[0.4669959843158722,0.28547799587249756,9.90803337097168]",0.0172313,168.867,"[0.0,0.0,0.0,0.0]","[0.0,0.0,0.027221862226724625,-0.015316888689994812,-0.027221862226724625,0.0,0.0,-0.015316888689994812]","[38075.0,287.5,237.5,-750.0,-350.0,437.5,450.0,-600.0]",255,1,1
2026-08-13T10:34:57.360585+00:00,90072.643503,armed_zero_attitude_hold,0.0000000,0.0000000,0.0000000,0.0000000,,,1,1,1,1,1,1,0.000000,2216,110850,2,1,1,0,0,1,0,3581452724,84,42094,90072593,290,0,-3.7217891,0.0178636,"[-0.286044180393219,-0.0017620011931285262,0.0006500004092231393,0.9582146406173706]","[-0.3216777741909027,-0.07732360064983368,0.017863551154732704]","[0.12272799760103226,0.2462559938430786,10.06777286529541]",0.0179225,175.641,"[0.0,0.0,0.0,0.0]","[0.0,0.0,0.10000000149011612,-0.09876088052988052,-0.10000000149011612,0.0,0.0,-0.09876088052988052]","[38075.0,287.5,1125.0,-1225.0,-662.5,1075.0,450.0,-1212.5]",255,1,1
2026-08-13T10:34:57.411749+00:00,90072.694596,armed_zero_attitude_hold,0.0000000,0.0000000,0.0000000,0.0000000,,,1,1,1,1,1,1,0.000000,2217,110900,2,1,1,0,0,1,0,3581452724,85,63167,90072644,291,0,-3.7219253,0.0201688,"[-0.2861020863056183,0.002328001195564866,-0.007577002514153719,0.9581663608551025]","[-0.22994692623615265,-0.01570148766040802,0.020168833434581757]","[0.3061859905719757,-0.3458769917488098,9.267788887023926]",0.0179225,175.641,"[0.0,0.0,0.0,0.0]","[0.0,0.0,0.10000000149011612,-0.09127737581729889,-0.10000000149011612,0.0,0.0,-0.09127737581729889]","[38075.0,0.0,562.5,-1025.0,-900.0,200.0,0.0,-950.0]",255,1,1
2026-08-13T10:34:57.462875+00:00,90072.745777,armed_zero_attitude_hold,0.0000000,0.0000000,0.0000000,0.0000000,,,1,1,1,1,1,1,0.000000,2218,110950,2,1,1,0,0,1,0,3581452724,85,63167,90072644,291,0,-3.7214632,0.0027356,"[-0.2858820855617523,0.002142000710591674,-0.00734300259500742,0.9582343101501465]","[0.218635693192482,0.025659972801804543,0.002735594054684043]","[0.15811200439929962,-0.20985199511051178,9.515962600708008]",0.0176076,172.555,"[0.0,0.0,0.0,0.0]","[0.0,0.0,0.04959232732653618,-0.029650907963514328,-0.04959232732653618,0.0,0.0,-0.029650907963514328]","[0.0,0.0,1187.5,-1250.0,-800.0,250.0,0.0,-1212.5]",255,1,1
2026-08-13T10:34:57.514151+00:00,90072.796802,armed_zero_attitude_hold,0.0000000,0.0000000,0.0000000,0.0000000,,,1,1,1,1,1,1,0.000000,2219,111000,2,1,1,0,0,1,0,3581452724,86,1804,90072695,292,0,-3.7203107,0.0014845,"[-0.2853381633758545,-0.0005460003740154207,-0.00064400042174384,0.9584265947341919]","[0.2910711169242859,0.017058830708265305,0.0014845073455944657]","[0.0410039983689785,0.05251200124621391,9.959338188171387]",0.0176076,172.555,"[0.0,0.0,0.0,0.0]","[0.0,0.0,0.0,0.010959216393530369,0.0,0.0,0.0,0.010959216393530369]","[0.0,0.0,762.5,400.0,650.0,137.5,0.0,450.0]",255,1,1
2026-08-13T10:34:57.565870+00:00,90072.848384,armed_zero_attitude_hold,0.0000000,0.0000000,0.0000000,0.0000000,,,1,1,1,1,1,1,0.000000,2220,111050,2,1,1,0,0,1,0,3581452724,87,20829,90072746,293,0,-3.7198849,0.0210579,"[-0.2851282060146332,-0.0019040015758946538,0.0038620030973106623,0.9584797024726868]","[0.011918225325644016,-0.007702626753598452,0.021057870239019394]","[0.07682500034570694,0.30312299728393555,10.311089515686035]",0.0173461,169.992,"[0.0,0.0,0.0,0.0]","[0.0,0.0,0.04191533476114273,-0.027606947347521782,-0.04191533476114273,0.0,0.0,-0.027606947347521782]","[0.0,0.0,862.5,-675.0,-575.0,1900.0,0.0,-937.5]",255,1,1
2026-08-13T10:34:57.617462+00:00,90072.899844,armed_zero_attitude_hold,0.0000000,0.0000000,0.0000000,0.0000000,,,1,1,1,1,1,1,0.000000,2221,111100,2,1,1,0,0,1,0,3581452724,88,41639,90072797,294,0,-3.7205577,0.0428768,"[-0.28545621037483215,0.00023400016652885824,-0.00016300013521686196,0.9583917260169983]","[-0.3678756654262543,-0.05486634746193886,0.04287680611014366]","[0.10311199724674225,0.22897100448608398,10.190141677856445]",0.0169093,165.711,"[0.0,0.0,0.0,0.0]","[0.0,0.0,0.10000000149011612,-0.09718943387269974,-0.10000000149011612,0.0,0.0,-0.09718943387269974]","[0.0,0.0,1212.5,-1212.5,-825.0,250.0,0.0,-912.5]",255,1,1
2026-08-13T10:34:57.668695+00:00,90072.951679,armed_zero_attitude_hold,0.0000000,0.0000000,0.0000000,0.0000000,,,1,1,1,1,1,1,0.000000,2222,111150,2,1,1,0,0,1,0,3581452724,89,26795,90072849,295,0,-3.7214317,0.0335006,"[-0.2858521640300751,0.003903002245351672,-0.007488004397600889,0.958236575126648]","[-0.07490577548742294,-0.025698628276586533,0.03350061550736427]","[-0.06575699895620346,-0.3956109881401062,9.150699615478516]",0.0169093,165.711,"[0.0,0.0,0.0,0.0]","[0.0,0.0,0.10000000149011612,-0.0930582731962204,-0.10000000149011612,0.0,0.0,-0.0930582731962204]","[0.0,0.0,1037.5,-1025.0,-912.5,1387.5,0.0,-1100.0]",255,1,1
2026-08-13T10:34:57.720135+00:00,90073.002630,armed_zero_attitude_hold,0.0000000,0.0000000,0.0000000,0.0000000,,,1,1,1,1,1,1,0.000000,2223,111200,2,1,1,0,0,1,0,3581452724,90,39544,90072900,296,0,-3.7214475,0.0126942,"[-0.28587019443511963,0.003047002013772726,-0.004525003023445606,0.9582527875900269]","[0.2811543941497803,0.025376947596669197,0.01269419863820076]","[0.1099419966340065,-0.23386000096797943,9.609315872192383]",0.0167809,164.453,"[0.0,0.0,0.0,0.0]","[0.0,0.0,0.032382041215896606,-0.014813660643994808,-0.032382041215896606,0.0,0.0,-0.014813660643994808]","[0.0,0.0,1250.0,-1250.0,-725.0,200.0,0.0,-1075.0]",255,1,1
2026-08-13T10:34:57.771305+00:00,90073.054320,armed_zero_attitude_hold,0.0000000,0.0000000,0.0000000,0.0000000,,,1,1,1,1,1,1,0.000000,2224,111250,2,1,1,0,0,1,0,3581452724,91,3000,90072952,297,0,-3.7211852,0.0207153,"[-0.28575804829597473,0.00012600005720742047,0.0026500001549720764,0.9582981467247009]","[0.270404189825058,0.029292317107319832,0.020715294405817986]","[-0.12059500068426132,0.14666500687599182,9.929706573486328]",0.0167809,164.453,"[0.0,0.0,0.0,0.0]","[0.0,0.0,0.0,0.014009818434715271,0.0,0.0,0.0,0.014009818434715271]","[0.0,0.0,325.0,475.0,487.5,862.5,0.0,362.5]",255,1,1
2026-08-13T10:34:57.822498+00:00,90073.105269,armed_zero_attitude_hold,0.0000000,0.0000000,0.0000000,0.0000000,,,1,1,1,1,1,1,0.000000,2225,111300,2,1,1,0,0,1,0,3581452724,92,43200,90073003,298,0,-3.7217243,0.0470768,"[-0.28601428866386414,-0.0009590009576641023,0.005524005740880966,0.9582089781761169]","[-0.05150297284126282,-0.013200362212955952,0.04707680642604828]","[-0.265300989151001,0.4416489899158478,10.137200355529785]",0.0164190,160.906,"[0.0,0.0,0.0,0.0]","[0.0,0.0,0.051326535642147064,-0.0402078852057457,-0.051326535642147064,0.0,0.0,-0.0402078852057457]","[0.0,0.0,725.0,-1000.0,-587.5,200.0,0.0,-1100.0]",255,1,1
2026-08-13T10:34:57.873640+00:00,90073.156616,armed_zero_attitude_hold,0.0000000,0.0000000,0.0000000,0.0000000,,,1,1,1,1,1,1,0.000000,2226,111350,2,1,1,0,0,1,0,3581452724,93,37256,90073054,299,0,-3.7231791,0.0580890,"[-0.2867111563682556,0.0017170009668916464,0.00015000009443610907,0.9580155611038208]","[-0.4020519256591797,-0.06193938106298447,0.0580889917910099]","[-0.03413299843668938,-0.04531199857592583,10.147021293640137]",0.0164190,160.906,"[0.0,0.0,0.0,0.0]","[-0.0075117298401892185,-0.0075117298401892185,0.0999271497130394,-0.10000000149011612,-0.0999271497130394,0.0075117298401892185,-0.0075117298401892185,-0.10000000149011612]","[0.0,0.0,1212.5,-1225.0,-850.0,800.0,0.0,-437.5]",255,1,1
2026-08-13T10:34:57.924895+00:00,90073.207599,armed_zero_attitude_hold,0.0000000,0.0000000,0.0000000,0.0000000,,,1,1,1,1,1,1,0.000000,2227,111400,2,1,1,0,0,1,0,3581452724,94,10414,90073105,300,0,-3.7237592,-0.0614114,"[-0.2869681715965271,0.004088002257049084,-0.005848003085702658,0.9579135775566101]","[-0.003038338851183653,0.016315966844558716,-0.061411384493112564]","[-0.02503100037574768,-0.5384560227394104,8.89499568939209]",0.0166996,163.656,"[0.0,0.0,0.0,0.0]","[0.01168227568268776,0.01168227568268776,0.0930597260594368,-0.07842052727937698,-0.0930597260594368,-0.01168227568268776,0.01168227568268776,-0.07842052727937698]","[0.0,0.0,1075.0,-1100.0,-925.0,412.5,0.0,-1137.5]",255,1,1
2026-08-13T10:34:57.976249+00:00,90073.258863,armed_zero_attitude_hold,0.0000000,0.0000000,0.0000000,0.0000000,,,1,1,1,1,1,1,0.000000,2228,111450,2,1,1,0,0,1,0,3581452724,95,61218,90073157,301,0,-3.7215462,0.0517487,"[-0.28592613339424133,0.0021170012187212706,-0.0012360006803646684,0.9582485556602478]","[0.3010605275630951,0.036971136927604675,0.05174873396754265]","[-0.0673540011048317,0.3619399964809418,9.811209678649902]",0.0166996,163.656,"[0.0,0.0,0.0,0.0]","[0.0,0.0,0.017563266679644585,0.0,-0.017563266679644585,0.0,0.0,0.0]","[0.0,0.0,1162.5,800.0,-687.5,550.0,0.0,750.0]",255,1,1
2026-08-13T10:34:58.027250+00:00,90073.310233,armed_zero_attitude_hold,0.0000000,0.0000000,0.0000000,0.0000000,,,1,1,1,1,1,1,0.000000,2229,111500,2,1,1,0,0,1,0,3581452724,96,19344,90073208,302,0,-3.7233763,0.0488884,"[-0.2868072986602783,-0.0005620004958473146,0.005017004907131195,0.9579749703407288]","[0.17350943386554718,0.02903248742222786,0.0488884337246418]","[-0.3455849885940552,0.12939800322055817,10.776558876037598]",0.0163489,160.219,"[0.0,0.0,0.0,0.0]","[0.0,0.0,0.01511288620531559,0.0,-0.01511288620531559,0.0,0.0,0.0]","[-212.5,-325.0,325.0,787.5,-375.0,725.0,-112.5,800.0]",255,1,1
2026-08-13T10:34:58.078473+00:00,90073.361305,armed_zero_attitude_hold,0.0000000,0.0000000,0.0000000,0.0000000,,,1,1,1,1,1,1,0.000000,2230,111550,2,1,1,0,0,1,0,3581452724,97,18669,90073259,303,0,-3.7212601,-0.0359190,"[-0.28578615188598633,-0.001955001149326563,0.006330003496259451,0.9582705497741699]","[-0.018065450713038445,0.05667171627283096,-0.03591901808977127]","[0.6436129808425903,0.053328000009059906,10.201336860656738]",0.0163489,160.219,"[0.0,0.0,0.0,0.0]","[0.010919831693172455,0.010919831693172455,0.04710341989994049,-0.021261438727378845,-0.04710341989994049,-0.010919831693172455,0.010919831693172455,-0.021261438727378845]","[0.0,0.0,1137.5,-725.0,-612.5,-212.5,0.0,-987.5]",255,1,1
2026-08-13T10:34:58.129597+00:00,90073.412555,armed_zero_attitude_hold,0.0000000,0.0000000,0.0000000,0.0000000,,,1,1,1,1,1,1,0.000000,2231,111600,2,1,1,0,0,1,0,3581452724,98,53671,90073310,304,0,-3.7216096,0.0832837,"[-0.2859501540660858,-0.0028110018465667963,0.003869002452120185,0.958232581615448]","[-0.09635429084300995,0.03372529521584511,0.08328374475240707]","[-0.1405390053987503,-0.43308600783348083,8.669028282165527]",0.0160738,157.523,"[0.0,0.0,0.0,0.0]","[-0.013359442353248596,-0.013359442353248596,0.0672740489244461,-0.04382305592298508,-0.0672740489244461,0.013359442353248596,-0.013359442353248596,-0.04382305592298508]","[-0.0,-0.0,750.0,-425.0,-662.5,325.0,-0.0,-937.5]",255,1,1
2026-08-13T10:34:58.180858+00:00,90073.463592,armed_zero_attitude_hold,0.0000000,0.0000000,0.0000000,0.0000000,,,1,1,1,1,1,1,0.000000,2232,111650,2,1,1,0,0,1,0,3581452724,99,58447,90073361,305,0,-3.7221544,-0.0143341,"[-0.28619927167892456,-0.0044890036806464195,0.004529003985226154,0.9581488966941833]","[0.20114967226982117,0.05114329606294632,-0.01433409284800291]","[0.07603500038385391,0.6279579997062683,9.68260669708252]",0.0163768,160.492,"[0.0,0.0,0.0,0.0]","[0.0,0.0,0.0,0.02550485171377659,0.0,0.0,0.0,0.02550485171377659]","[0.0,0.0,1225.0,975.0,650.0,475.0,0.0,300.0]",255,1,1
2026-08-13T10:34:58.232024+00:00,90073.514929,armed_zero_attitude_hold,0.0000000,0.0000000,0.0000000,0.0000000,,,1,1,1,1,1,1,0.000000,2233,111700,2,1,1,0,0,1,0,3581452724,100,33734,90073413,306,0,-3.7201052,0.0386139,"[-0.285187304019928,-0.006588006392121315,0.007977008819580078,0.9584159851074219]","[0.08885344862937927,0.02820815145969391,0.0386139415204525]","[0.466389000415802,0.6759539842605591,9.324166297912598]",0.0163768,160.492,"[0.0,0.0,0.0,0.0]","[0.0,0.0,0.0,0.020661411806941032,0.0,0.0,0.0,0.020661411806941032]","[625.0,0.0,300.0,437.5,300.0,700.0,600.0,1187.5]",255,1,1
2026-08-13T10:34:58.283178+00:00,90073.566032,armed_zero_attitude_hold,0.0000000,0.0000000,0.0000000,0.0000000,,,1,1,1,1,1,1,0.000000,2234,111750,2,1,1,0,0,1,0,3581452724,101,34651,90073464,307,0,-3.7221050,-0.0450406,"[-0.2861601412296295,-0.005925002973526716,0.00572200259193778,0.9581464529037476]","[-0.24490942060947418,-0.02224954403936863,-0.04504061117768288]","[0.16314099729061127,0.25291499495506287,9.676331520080566]",0.0162731,159.477,"[0.0,0.0,0.0,0.0]","[0.011152811348438263,0.011152811348438263,0.07211729884147644,-0.0560067743062973,-0.07211729884147644,-0.011152811348438263,0.011152811348438263,-0.0560067743062973]","[0.0,0.0,875.0,-1112.5,-575.0,525.0,0.0,-487.5]",255,1,1
2026-08-13T10:34:58.334454+00:00,90073.617172,armed_zero_attitude_hold,0.0000000,0.0000000,0.0000000,0.0000000,,,1,1,1,1,1,1,0.000000,2236,111850,2,1,1,0,0,1,0,3581452724,103,7532,90073566,309,0,-3.7212439,0.0401675,"[-0.2857941687107086,-0.003988002426922321,-0.00419200211763382,0.9582735896110535]","[0.07145138829946518,0.07264575362205505,0.04016749933362007]","[0.21809999644756317,0.048680998384952545,9.133834838867188]",0.0159813,156.617,"[0.0,0.0,0.0,0.0]","[0.0,0.0,0.05908007174730301,-0.02210630290210247,-0.05908007174730301,0.0,0.0,-0.02210630290210247]","[0.0,0.0,1025.0,-1187.5,-837.5,262.5,0.0,-937.5]",255,1,1
2026-08-13T10:34:58.385472+00:00,90073.668415,armed_zero_attitude_hold,0.0000000,0.0000000,0.0000000,0.0000000,,,1,1,1,1,1,1,0.000000,2237,111900,2,1,1,0,0,1,0,3581452724,104,61718,90073617,310,0,-3.7221065,0.0367004,"[-0.2861841320991516,-0.006647002883255482,-0.000691000372171402,0.9581514000892639]","[0.2113543599843979,0.03923967853188515,0.03670038282871246]","[0.05277099832892418,-0.22980700433254242,9.594206809997559]",0.0159813,156.617,"[0.0,0.0,0.0,0.0]","[0.0,0.0,0.013046839274466038,0.019700855016708374,-0.013046839274466038,0.0,0.0,0.019700855016708374]","[0.0,0.0,1212.5,400.0,-662.5,125.0,0.0,500.0]",255,1,1
2026-08-13T10:34:58.436439+00:00,90073.719429,armed_zero_attitude_hold,0.0000000,0.0000000,0.0000000,0.0000000,,,1,1,1,1,1,1,0.000000,2238,111950,2,1,1,0,0,1,0,3581452724,105,41927,90073668,311,0,-3.7231178,0.0480255,"[-0.28662922978401184,-0.008703007362782955,0.003473002463579178,0.9579957723617554]","[0.10645856708288193,0.020723672583699226,0.04802552983164787]","[-0.06269200146198273,0.318246990442276,9.997414588928223]",0.0161751,158.516,"[0.0,0.0,0.0,0.0]","[0.0,0.0,0.012864158488810062,0.017627425491809845,-0.012864158488810062,0.0,0.0,0.017627425491809845]","[0.0,0.0,225.0,1137.5,-387.5,125.0,0.0,1225.0]",255,1,1
2026-08-13T10:34:58.487672+00:00,90073.770390,armed_zero_attitude_hold,0.0000000,0.0000000,0.0000000,0.0000000,,,1,1,1,1,1,1,0.000000,2239,112000,2,1,1,0,0,1,0,3581452724,106,21108,90073719,312,0,-3.7235529,-0.0410216,"[-0.28682929277420044,-0.009550009854137897,0.0034430036321282387,0.957927942276001]","[-0.08756500482559204,0.04520544409751892,-0.04102155938744545]","[-0.19527499377727509,0.24079599976539612,9.610819816589355]",0.0161751,158.516,"[0.0,0.0,0.0,0.0]","[0.0,0.0,0.050790559500455856,-0.013916824012994766,-0.050790559500455856,0.0,0.0,-0.013916824012994766]","[0.0,0.0,1112.5,-500.0,-612.5,437.5,0.0,-462.5]",255,1,1
2026-08-13T10:34:58.538864+00:00,90073.821789,armed_zero_attitude_hold,0.0000000,0.0000000,0.0000000,0.0000000,,,1,1,1,1,1,1,0.000000,2240,112050,2,1,1,0,0,1,0,3581452724,107,37240,90073771,313,0,-3.7217805,0.0590696,"[-0.28599801659584045,-0.010180001147091389,0.0002609999501146376,0.9581761360168457]","[-0.07259325683116913,0.09649734199047089,0.05906955152750015]","[0.03807099908590317,0.3344860076904297,9.201925277709961]",0.0160937,157.719,"[0.0,0.0,0.0,0.0]","[0.0,0.0,0.0633479580283165,-0.014368295669555664,-0.0633479580283165,0.0,0.0,-0.014368295669555664]","[0.0,0.0,562.5,-1087.5,-662.5,237.5,0.0,-625.0]",255,1,1
2026-08-13T10:34:58.589946+00:00,90073.872813,armed_zero_attitude_hold,0.0000000,0.0000000,0.0000000,0.0000000,,,1,1,1,1,1,1,0.000000,2241,112100,2,1,1,0,0,1,0,3581452724,108,2101,90073822,314,0,-3.7234318,0.0127303,"[-0.28675833344459534,-0.012555014342069626,0.001086001400835812,0.9579200744628906]","[0.0938425362110138,0.04095345735549927,0.012730274349451065]","[-0.6539760231971741,-0.007267999928444624,9.450872421264648]",0.0160937,157.719,"[0.0,0.0,0.0,0.0]","[0.0,0.0,0.01790916919708252,0.02199787274003029,-0.01790916919708252,0.0,0.0,0.02199787274003029]","[0.0,0.0,1187.5,1187.5,-625.0,237.5,725.0,787.5]",255,1,1
2026-08-13T10:34:58.640993+00:00,90073.923968,armed_zero_attitude_hold,0.0000000,0.0000000,0.0000000,0.0000000,,,1,1,1,1,1,1,0.000000,2242,112150,2,1,1,0,0,1,0,3581452724,109,15837,90073873,315,0,-3.7212007,0.0490548,"[-0.2856651246547699,-0.013305004686117172,0.0026590009219944477,0.9582334756851196]","[-0.06437118351459503,-0.025571448728442192,0.049054767936468124]","[-0.29116401076316833,0.49920499324798584,10.116866111755371]",0.0160427,157.219,"[0.0,0.0,0.0,0.0]","[0.0,0.0,0.03361291438341141,0.0,-0.03361291438341141,0.0,0.0,0.0]","[0.0,0.0,700.0,612.5,-550.0,237.5,0.0,737.5]",255,1,1
2026-08-13T10:34:58.692495+00:00,90073.974941,armed_zero_attitude_hold,0.0000000,0.0000000,0.0000000,0.0000000,,,1,1,1,1,1,1,0.000000,2243,112200,2,1,1,0,0,1,0,3581452724,110,53006,90073924,316,0,-3.7232609,0.0153425,"[-0.2867302894592285,-0.010880012065172195,-0.002982002915814519,0.957944929599762]","[-0.37128502130508423,-0.020870821550488472,0.015342543832957745]","[-0.7912430167198181,-0.5659779906272888,10.318690299987793]",0.0160427,157.219,"[0.0,0.0,0.0,0.0]","[0.0,0.0,0.10000000149011612,-0.07693185657262802,-0.10000000149011612,0.0,0.0,-0.07693185657262802]","[800.0,762.5,1162.5,-1187.5,-800.0,487.5,925.0,-675.0]",255,1,1
2026-08-13T10:34:58.743702+00:00,90074.026552,armed_zero_attitude_hold,0.0000000,0.0000000,0.0000000,0.0000000,,,1,1,1,1,1,1,0.000000,2244,112250,2,1,1,0,0,1,0,3581452724,111,40639,90073975,317,0,-3.7208793,-0.0460713,"[-0.2856612503528595,-0.008980007842183113,-0.009964008815586567,0.9582367539405823]","[-0.09137193113565445,0.018334491178393364,-0.046071283519268036]","[-0.03722799941897392,-1.0264090299606323,8.921224594116211]",0.0157159,154.016,"[0.0,0.0,0.0,0.0]","[0.012307852506637573,0.012307852506637573,0.09620059281587601,-0.06108138710260391,-0.09620059281587601,-0.012307852506637573,0.012307852506637573,-0.06108138710260391]","[0.0,0.0,925.0,-1025.0,-912.5,-262.5,0.0,-1175.0]",255,1,1
2026-08-13T10:34:58.794775+00:00,90074.077684,armed_zero_attitude_hold,0.0000000,0.0000000,0.0000000,0.0000000,,,1,1,1,1,1,1,0.000000,2245,112300,2,1,1,0,0,1,0,3581452724,112,64932,90074027,318,0,-3.7203016,0.0534196,"[-0.28536027669906616,-0.01052901055663824,-0.007654007989913225,0.9583318829536438]","[0.20149371027946472,0.02433069236576557,0.05341958999633789]","[0.13077500462532043,-0.292059987783432,9.480875015258789]",0.0153691,150.617,"[0.0,0.0,0.0,0.0]","[0.0,0.0,0.031375009566545486,0.0,-0.031375009566545486,0.0,0.0,0.0]","[0.0,0.0,1225.0,700.0,-700.0,362.5,0.0,587.5]",255,1,1
2026-08-13T10:34:58.845843+00:00,90074.128788,armed_zero_attitude_hold,0.0000000,0.0000000,0.0000000,0.0000000,,,1,1,1,1,1,1,0.000000,2246,112350,2,1,1,0,0,1,0,3581452724,113,50412,90074078,319,0,-3.7222745,0.0650955,"[-0.2862452566623688,-0.012350009754300117,-0.0027710022404789925,0.9580727815628052]","[0.13506540656089783,-0.012528358027338982,0.06509552896022797]","[-0.2907649874687195,0.1321450024843216,10.133464813232422]",0.0153691,150.617,"[0.0,0.0,0.0,0.0]","[-0.012270539999008179,-0.012270539999008179,0.021417688578367233,0.0,-0.021417688578367233,0.012270539999008179,-0.012270539999008179,0.0]","[-225.0,-262.5,725.0,925.0,-650.0,150.0,-187.5,700.0]",255,1,1
2026-08-13T10:34:58.896961+00:00,90074.179796,armed_zero_attitude_hold,0.0000000,0.0000000,0.0000000,0.0000000,,,1,1,1,1,1,1,0.000000,2247,112400,2,1,1,0,0,1,0,3581452724,114,56237,90074129,320,0,-3.7209725,-0.0400406,"[-0.2856312692165375,-0.01089601032435894,-0.0026890025474131107,0.9582738876342773]","[-0.12980994582176208,-0.09303511679172516,-0.040040627121925354]","[-0.23469099402427673,0.1110600009560585,9.768198013305664]",0.0152687,149.633,"[0.0,0.0,0.0,0.0]","[0.011063146404922009,0.011063146404922009,0.06623487919569016,-0.053730253130197525,-0.06623487919569016,-0.011063146404922009,0.011063146404922009,-0.053730253130197525]","[0.0,0.0,637.5,-1175.0,-625.0,-262.5,0.0,-1187.5]",255,1,1
2026-08-13T10:34:58.948140+00:00,90074.230974,armed_zero_attitude_hold,0.0000000,0.0000000,0.0000000,0.0000000,,,1,1,1,1,1,1,0.000000,2248,112450,2,1,1,0,0,1,0,3581452724,115,35196,90074180,321,0,-3.7218633,0.0769385,"[-0.28610122203826904,-0.006351005285978317,-0.006133004557341337,0.9581587314605713]","[-0.12760615348815918,-0.10155940055847168,0.0769384577870369]","[-0.1406179964542389,0.027351999655365944,9.35791301727295]",0.0152687,149.633,"[0.0,0.0,0.0,0.0]","[-0.013870565220713615,-0.013870565220713615,0.08247233182191849,-0.07586202770471573,-0.08247233182191849,0.013870565220713615,-0.013870565220713615,-0.07586202770471573]","[-125.0,-0.0,812.5,-962.5,-812.5,362.5,-0.0,-587.5]",255,1,1
2026-08-13T10:34:58.999230+00:00,90074.282236,armed_zero_attitude_hold,0.0000000,0.0000000,0.0000000,0.0000000,,,1,1,1,1,1,1,0.000000,2249,112500,2,1,1,0,0,1,0,3581452724,116,30920,90074231,322,0,-3.7214398,-0.0141314,"[-0.2858910858631134,-0.00526600144803524,-0.0048710014671087265,0.9582353234291077]","[0.15632137656211853,-0.00971364788711071,-0.014131424948573112]","[-0.06569500267505646,-0.1145699992775917,9.540773391723633]",0.0147202,144.258,"[0.0,0.0,0.0,0.0]","[0.0,0.0,0.03231833875179291,0.0,-0.03231833875179291,0.0,0.0,0.0]","[0.0,0.0,662.5,-1237.5,-675.0,312.5,0.0,-1150.0]",255,1,1
2026-08-13T10:34:59.050431+00:00,90074.333280,armed_zero_attitude_hold,0.0000000,0.0000000,0.0000000,0.0000000,,,1,1,1,1,1,1,0.000000,2250,112550,2,1,1,0,0,1,0,3581452724,117,11929,90074282,323,0,-3.7196784,-0.0098923,"[-0.2850150763988495,-0.0068830023519694805,0.00011599998833844438,0.9584983587265015]","[0.1129952073097229,-0.021857213228940964,-0.009892317466437817]","[0.027003999799489975,0.24560999870300293,10.15303897857666]",0.0147202,144.258,"[0.0,0.0,0.0,0.0]","[0.0,0.0,0.01955473981797695,0.0,-0.01955473981797695,0.0,0.0,0.0]","[0.0,0.0,437.5,862.5,-475.0,162.5,0.0,787.5]",255,1,1
2026-08-13T10:34:59.101551+00:00,90074.384480,armed_zero_attitude_hold,0.0000000,0.0000000,0.0000000,0.0000000,,,1,1,1,1,1,1,0.000000,2251,112600,2,1,1,0,0,1,0,3581452724,118,56682,90074333,324,0,-3.7187378,0.0167480,"[-0.28457802534103394,-0.005203000269830227,-0.0011220001615583897,0.9586381316184998]","[-0.2814302146434784,-0.06990459561347961,0.01674802228808403]","[-0.19690600037574768,0.3628059923648834,10.457389831542969]",0.0147138,144.195,"[0.0,0.0,0.0,0.0]","[0.0,0.0,0.09885627031326294,-0.08847181499004364,-0.09885627031326294,0.0,0.0,-0.08847181499004364]","[0.0,0.0,1150.0,-1175.0,-675.0,825.0,0.0,-1187.5]",255,1,1
2026-08-13T10:34:59.152868+00:00,90074.435516,armed_zero_attitude_hold,0.0000000,0.0000000,0.0000000,0.0000000,,,1,1,1,1,1,1,0.000000,2252,112650,2,1,1,0,0,1,0,3581452724,119,5990,90074385,325,0,-3.7185929,0.0113104,"[-0.2845281958580017,-0.00034800037974491715,-0.009590006433427334,0.9586197137832642]","[-0.3172483444213867,-0.05122693255543709,0.011310432106256485]","[0.09295699745416641,-0.38343900442123413,9.472188949584961]",0.0147138,144.195,"[0.0,0.0,0.0,0.0]","[0.0,0.0,0.10000000149011612,-0.09234540164470673,-0.10000000149011612,0.0,0.0,-0.09234540164470673]","[0.0,0.0,862.5,-887.5,-912.5,0.0,0.0,-825.0]",255,1,1
2026-08-13T10:34:59.203963+00:00,90074.486946,armed_zero_attitude_hold,0.0000000,0.0000000,0.0000000,0.0000000,,,1,1,1,1,1,1,0.000000,2253,112700,2,1,1,0,0,1,0,3581452724,120,58812,90074436,326,0,-3.7178547,0.0137370,"[-0.2841680943965912,0.0008040004177019,-0.011148003861308098,0.9587093591690063]","[0.13195361196994781,-0.0029631853103637695,0.013737032189965248]","[0.2496040016412735,-0.37590599060058594,9.69936752319336]",0.0142084,139.242,"[0.0,0.0,0.0,0.0]","[0.0,0.0,0.07376459985971451,-0.05367027968168259,-0.07376459985971451,0.0,0.0,-0.05367027968168259]","[487.5,462.5,1150.0,-1225.0,-875.0,-300.0,200.0,-1175.0]",255,1,1
2026-08-13T10:34:59.255387+00:00,90074.537919,armed_zero_attitude_hold,0.0000000,0.0000000,0.0000000,0.0000000,,,1,1,1,1,1,1,0.000000,2254,112750,2,1,1,0,0,1,0,3581452724,121,46093,90074487,327,0,-3.7204378,0.0762474,"[-0.28540509939193726,-0.0010040003107860684,-0.004840001463890076,0.9583942890167236]","[0.27625685930252075,0.0037457209546118975,0.07624737918376923]","[-0.0035600000992417336,-0.29454299807548523,9.906356811523438]",0.0142084,139.242,"[0.0,0.0,0.0,0.0]","[0.0,0.0,0.02352062799036503,0.0,-0.02352062799036503,0.0,0.0,0.0]","[0.0,0.0,850.0,537.5,-675.0,125.0,0.0,587.5]",255,1,1
2026-08-13T10:34:59.306375+00:00,90074.589339,armed_zero_attitude_hold,0.0000000,0.0000000,0.0000000,0.0000000,,,1,1,1,1,1,1,0.000000,2255,112800,2,1,1,0,0,1,0,3581452724,122,16990,90074538,328,0,-3.7222095,0.0093072,"[-0.28624221682548523,-0.0027150020468980074,0.0011900009121745825,0.958152711391449]","[0.2227446436882019,0.001379770110361278,0.009307248517870903]","[0.1373489946126938,-0.3501259982585907,9.776859283447266]",0.0137978,135.219,"[0.0,0.0,0.0,0.0]","[0.0,0.0,0.0,0.01173727959394455,0.0,0.0,0.0,0.01173727959394455]","[0.0,0.0,587.5,300.0,-587.5,175.0,0.0,300.0]",255,1,1
2026-08-13T10:34:59.357419+00:00,90074.640309,armed_zero_attitude_hold,0.0000000,0.0000000,0.0000000,0.0000000,,,1,1,1,1,1,1,0.000000,2256,112850,2,1,1,0,0,1,0,3581452724,123,4527,90074589,329,0,-3.7218509,0.0277408,"[-0.28605714440345764,-0.003770001931115985,0.005481002852320671,0.9581894874572754]","[0.07458162307739258,-0.018635928630828857,0.027740785852074623]","[-0.009639999829232693,0.5517079830169678,10.176901817321777]",0.0133777,131.102,"[0.0,0.0,0.0,0.0]","[0.0,0.0,0.0172136127948761,0.0,-0.0172136127948761,0.0,0.0,0.0]","[0.0,0.0,175.0,637.5,-325.0,287.5,0.0,512.5]",255,1,1
2026-08-13T10:34:59.408385+00:00,90074.691375,armed_zero_attitude_hold,0.0000000,0.0000000,0.0000000,0.0000000,,,1,1,1,1,1,1,0.000000,2257,112900,2,1,1,0,0,1,0,3581452724,124,38754,90074640,330,0,-3.7219949,0.0160774,"[-0.28612926602363586,-0.0033180033788084984,0.005609005689620972,0.9581688642501831]","[-0.09797094762325287,-0.01661541312932968,0.0160774327814579]","[-0.11627399921417236,0.4166240096092224,10.225640296936035]",0.0133777,131.102,"[0.0,0.0,0.0,0.0]","[0.0,0.0,0.048595137894153595,-0.03190993517637253,-0.048595137894153595,0.0,0.0,-0.03190993517637253]","[0.0,0.0,1062.5,-975.0,-600.0,787.5,0.0,-712.5]",255,1,1
2026-08-13T10:34:59.459903+00:00,90074.742384,armed_zero_attitude_hold,0.0000000,0.0000000,0.0000000,0.0000000,,,1,1,1,1,1,1,0.000000,2258,112950,2,1,1,0,0,1,0,3581452724,125,31352,90074691,331,0,-3.7226651,0.0501291,"[-0.2864660620689392,-0.00033000006806105375,-0.0004310001095291227,0.9580902457237244]","[-0.3965434432029724,-0.05957968160510063,0.05012911930680275]","[-0.15383900701999664,-0.008825999684631824,9.662943840026855]",0.0135324,132.617,"[0.0,0.0,0.0,0.0]","[0.0,0.0,0.10000000149011612,-0.09486506879329681,-0.10000000149011612,0.0,0.0,-0.09486506879329681]","[0.0,0.0,850.0,-437.5,-850.0,200.0,0.0,-862.5]",255,1,1
2026-08-13T10:34:59.511060+00:00,90074.793958,armed_zero_attitude_hold,0.0000000,0.0000000,0.0000000,0.0000000,,,1,1,1,1,1,1,0.000000,2259,113000,2,1,1,0,0,1,0,3581452724,126,41309,90074743,332,0,-3.7232337,0.0227681,"[-0.2867320477962494,0.001984000438824296,-0.004518001340329647,0.9579981565475464]","[0.07400588691234589,-0.014326815493404865,0.022768065333366394]","[0.17715099453926086,-0.26880601048469543,9.4426851272583]",0.0135324,132.617,"[0.0,0.0,0.0,0.0]","[0.0,0.0,0.05786165967583656,-0.04368085041642189,-0.05786165967583656,0.0,0.0,-0.04368085041642189]","[0.0,0.0,1150.0,-1175.0,-825.0,200.0,0.0,-1100.0]",255,1,1
2026-08-13T10:34:59.562210+00:00,90074.845026,armed_zero_attitude_hold,0.0000000,0.0000000,0.0000000,0.0000000,,,1,1,1,1,1,1,0.000000,2260,113050,2,1,1,0,0,1,0,3581452724,127,63244,90074794,333,0,-3.7228048,0.0093743,"[-0.28653305768966675,0.00015800002438481897,0.0007480001077055931,0.9580700397491455]","[0.28131401538848877,0.017222018912434578,0.0093742860481143]","[0.31208598613739014,0.020371999591588974,10.145236015319824]",0.0131370,128.742,"[0.0,0.0,0.0,0.0]","[0.0,0.0,0.0,0.0220395065844059,0.0,0.0,0.0,0.0220395065844059]","[0.0,0.0,800.0,600.0,562.5,112.5,0.0,675.0]",255,1,1
2026-08-13T10:34:59.613167+00:00,90074.896194,armed_zero_attitude_hold,0.0000000,0.0000000,0.0000000,0.0000000,,,1,1,1,1,1,1,0.000000,2261,113100,2,1,1,0,0,1,0,3581452724,127,63244,90074794,333,0,-3.7229586,0.0279933,"[-0.2866063117980957,-0.0006530007813125849,0.004415004979819059,0.9580380320549011]","[-0.04126143455505371,-0.03721994906663895,0.0279933363199234]","[-0.023155000060796738,0.35686901211738586,10.333137512207031]",0.0131370,128.742,"[0.0,0.0,0.0,0.0]","[0.0,0.0,0.04133981466293335,-0.031802862882614136,-0.04133981466293335,0.0,0.0,-0.031802862882614136]","[0.0,0.0,387.5,-975.0,-500.0,175.0,0.0,-1012.5]",255,1,1
2026-08-13T10:34:59.664517+00:00,90074.947142,armed_zero_attitude_hold,0.0000000,0.0000000,0.0000000,0.0000000,,,1,1,1,1,1,1,0.000000,2262,113150,2,1,1,0,0,1,0,3581452724,128,1090,90074845,334,0,-3.7240386,0.0341989,"[-0.28712108731269836,0.0024090006481856108,-0.0002710001135710627,0.9578912854194641]","[-0.3723011612892151,-0.08427499979734421,0.03419892489910126]","[-0.6162989735603333,-0.01966400071978569,10.226309776306152]",0.0124912,122.414,"[0.0,0.0,0.0,0.0]","[0.0,0.0,0.09824134409427643,-0.10000000149011612,-0.09824134409427643,0.0,0.0,-0.10000000149011612]","[-662.5,-687.5,1162.5,-425.0,-812.5,925.0,-325.0,-875.0]",255,1,1
2026-08-13T10:34:59.715494+00:00,90074.998465,armed_zero_attitude_hold,0.0000000,0.0000000,0.0000000,0.0000000,,,1,1,1,1,1,1,0.000000,2263,113200,2,1,1,0,0,1,0,3581452724,129,23315,90074896,335,0,-3.7222028,-0.0298685,"[-0.2862160801887512,0.004780001472681761,-0.006183002144098282,0.9581332802772522]","[0.010290217585861683,0.012466363608837128,-0.029868537560105324]","[0.3979249894618988,-0.31139400601387024,9.453845024108887]",0.0124912,122.414,"[0.0,0.0,0.0,0.0]","[0.0,0.0,0.08231441676616669,-0.06611078977584839,-0.08231441676616669,0.0,0.0,-0.06611078977584839]","[0.0,0.0,962.5,-1162.5,-912.5,362.5,0.0,-1087.5]",255,1,1
2026-08-13T10:34:59.766471+00:00,90075.049449,armed_zero_attitude_hold,0.0000000,0.0000000,0.0000000,0.0000000,,,1,1,1,1,1,1,0.000000,2264,113250,2,1,1,0,0,1,0,3581452724,130,5643,90074947,336,0,-3.7199502,0.0440061,"[-0.28515806794166565,0.0027360005769878626,-0.0021090006921440363,0.958474338054657]","[0.3014780282974243,0.03687083348631859,0.04400613531470299]","[0.3229770064353943,0.49383801221847534,9.800162315368652]",0.0122369,119.922,"[0.0,0.0,0.0,0.0]","[0.0,0.0,0.012174051254987717,0.0,-0.012174051254987717,0.0,0.0,0.0]","[0.0,0.0,1237.5,725.0,-675.0,512.5,662.5,750.0]",255,1,1
2026-08-13T10:34:59.817529+00:00,90075.100467,armed_zero_attitude_hold,0.0000000,0.0000000,0.0000000,0.0000000,,,1,1,1,1,1,1,0.000000,2265,113300,2,1,1,0,0,1,0,3581452724,131,63601,90074998,337,0,-3.7214313,-0.0206338,"[-0.28587716817855835,0.00044400032493285835,0.0032640022691339254,0.9582606554031372]","[0.08505235612392426,-0.011825932189822197,-0.020633824169635773]","[-0.04485499858856201,0.08934299647808075,9.350905418395996]",0.0122369,119.922,"[0.0,0.0,0.0,0.0]","[0.0,0.0,0.027522560209035873,-0.01429833471775055,-0.027522560209035873,0.0,0.0,-0.01429833471775055]","[0.0,0.0,387.5,600.0,-475.0,437.5,0.0,537.5]",255,1,1
2026-08-13T10:34:59.868565+00:00,90075.151534,armed_zero_attitude_hold,0.0000000,0.0000000,0.0000000,0.0000000,,,1,1,1,1,1,1,0.000000,2266,113350,2,1,1,0,0,1,0,3581452724,132,25756,90075049,338,0,-3.7197068,-0.0089154,"[-0.2850492596626282,0.0015270012663677335,0.0012830011546611786,0.9585108160972595]","[-0.3141506314277649,-0.04775804281234741,-0.008915369398891926]","[0.3728089928627014,-0.10227800160646439,10.325251579284668]",0.0116382,114.055,"[0.0,0.0,0.0,0.0]","[0.0,0.0,0.10000000149011612,-0.09520553797483444,-0.10000000149011612,0.0,0.0,-0.09520553797483444]","[125.0,0.0,1175.0,-1200.0,-737.5,44375.0,0.0,-1225.0]",255,1,1
2026-08-13T10:34:59.919531+00:00,90075.202513,armed_zero_attitude_hold,0.0000000,0.0000000,0.0000000,0.0000000,,,1,1,1,1,1,1,0.000000,2267,113400,2,1,1,0,0,1,0,3581452724,133,51337,90075101,339,0,-3.7188382,0.0048482,"[-0.2846023142337799,0.004858005791902542,-0.006528007797896862,0.9586111307144165]","[-0.14399270713329315,-0.008136149495840073,0.004848193377256393]","[0.037884000688791275,-0.1932539939880371,9.147315979003906]",0.0114613,112.320,"[0.0,0.0,0.0,0.0]","[0.0,0.0,0.10000000149011612,-0.08982419222593307,-0.10000000149011612,0.0,0.0,-0.08982419222593307]","[125.0,0.0,812.5,-1000.0,-900.0,44375.0,0.0,-987.5]",255,1,1
2026-08-13T10:34:59.970762+00:00,90075.253639,armed_zero_attitude_hold,0.0000000,0.0000000,0.0000000,0.0000000,,,1,1,1,1,1,1,0.000000,2268,113450,2,1,1,0,0,1,0,3581452724,134,6107,90075152,340,0,-3.7180986,0.0730014,"[-0.284257173538208,0.004167002625763416,-0.004876003134995699,0.9587266445159912]","[0.2502862513065338,0.040066756308078766,0.07300136983394623]","[0.36090898513793945,0.011591999791562557,9.165608406066895]",0.0114613,112.320,"[0.0,0.0,0.0,0.0]","[0.0,0.0,0.03887644410133362,-0.017220141366124153,-0.03887644410133362,0.0,0.0,-0.017220141366124153]","[0.0,0.0,1212.5,-1250.0,-750.0,237.5,0.0,-1212.5]",255,1,1
2026-08-13T10:35:00.022210+00:00,90075.304767,armed_zero_attitude_hold,0.0000000,0.0000000,0.0000000,0.0000000,,,1,1,1,1,1,1,0.000000,2269,113500,2,1,1,0,0,1,0,3581452724,135,64193,90075203,341,0,-3.7211986,0.0867435,"[-0.28576505184173584,0.0011510002659633756,0.0018670004792511463,0.9582972526550293]","[0.2664439380168915,0.02931828610599041,0.08674349635839462]","[0.334865003824234,0.16357600688934326,9.551681518554688]",0.0117060,114.719,"[0.0,0.0,0.0,0.0]","[-0.012117400765419006,-0.012117400765419006,0.0,0.01354338601231575,0.0,0.012117400765419006,-0.012117400765419006,0.01354338601231575]","[-0.0,-0.0,725.0,487.5,650.0,162.5,-0.0,262.5]",255,1,1
2026-08-13T10:35:00.073291+00:00,90075.356281,armed_zero_attitude_hold,0.0000000,0.0000000,0.0000000,0.0000000,,,1,1,1,1,1,1,0.000000,2270,113550,2,1,1,0,0,1,0,3581452724,136,46256,90075254,342,0,-3.7210262,-0.0171889,"[-0.28568321466445923,-3.3000073017319664e-05,0.00464800326153636,0.9583128094673157]","[-0.0965513214468956,-0.025571970269083977,-0.017188875004649162]","[-0.05020499974489212,-0.1684889942407608,9.7960205078125]",0.0117060,114.719,"[0.0,0.0,0.0,0.0]","[0.0,0.0,0.06068139523267746,-0.05054076761007309,-0.06068139523267746,0.0,0.0,-0.05054076761007309]","[0.0,0.0,987.5,-1075.0,-587.5,212.5,0.0,-1100.0]",255,1,1
2026-08-13T10:35:00.124987+00:00,90075.407271,armed_zero_attitude_hold,0.0000000,0.0000000,0.0000000,0.0000000,,,1,1,1,1,1,1,0.000000,2271,113600,2,1,1,0,0,1,0,3581452724,137,34904,90075305,343,0,-3.7197702,0.0084768,"[-0.2850741446018219,0.0025410016532987356,-0.001117000705562532,0.9585014581680298]","[-0.3830297291278839,-0.05145682767033577,0.0084768021479249]","[0.0591919980943203,-0.071663998067379,10.026141166687012]",0.0116685,114.352,"[0.0,0.0,0.0,0.0]","[0.0,0.0,0.10000000149011612,-0.0973074659705162,-0.10000000149011612,0.0,0.0,-0.0973074659705162]","[0.0,150.0,1212.5,-425.0,-862.5,175.0,125.0,-437.5]",255,1,1
2026-08-13T10:35:00.176028+00:00,90075.459040,armed_zero_attitude_hold,0.0000000,0.0000000,0.0000000,0.0000000,,,1,1,1,1,1,1,0.000000,2272,113650,2,1,1,0,0,1,0,3581452724,138,4370,90075356,344,0,-3.7188363,0.0187339,"[-0.28461021184921265,0.0039290026761591434,-0.006127004511654377,0.9586157202720642]","[0.07006791979074478,0.039312440901994705,0.018733927980065346]","[0.3568120002746582,0.03658900037407875,9.015666961669922]",0.0116685,114.352,"[0.0,0.0,0.0,0.0]","[0.0,0.0,0.08096008747816086,-0.059011008590459824,-0.08096008747816086,0.0,0.0,-0.059011008590459824]","[200.0,0.0,1037.5,-1162.5,-912.5,150.0,0.0,-1137.5]",255,1,1
2026-08-13T10:35:00.227175+00:00,90075.509986,armed_zero_attitude_hold,0.0000000,0.0000000,0.0000000,0.0000000,,,1,1,1,1,1,1,0.000000,2273,113700,2,1,1,0,0,1,0,3581452724,139,56094,90075408,345,0,-3.7197533,0.0444112,"[-0.2850690484046936,0.0012270002625882626,-0.0013670003972947598,0.9585052132606506]","[0.30215713381767273,0.04872758314013481,0.044411156326532364]","[-0.13986900448799133,-0.21901799738407135,9.4527006149292]",0.0116980,114.641,"[0.0,0.0,0.0,0.0]","[0.0,0.0,0.01754983700811863,0.0,-0.01754983700811863,0.0,0.0,0.0]","[0.0,0.0,1200.0,687.5,-687.5,150.0,0.0,687.5]",255,1,1
2026-08-13T10:35:00.278875+00:00,90075.561249,armed_zero_attitude_hold,0.0000000,0.0000000,0.0000000,0.0000000,,,1,1,1,1,1,1,0.000000,2274,113750,2,1,1,0,0,1,0,3581452724,140,38401,90075459,346,0,-3.7211192,0.0680466,"[-0.2857751250267029,-0.0013510006247088313,0.004465001635253429,0.958285391330719]","[0.09976592659950256,-0.006852476857602596,0.06804656237363815]","[0.16798900067806244,0.14131499826908112,9.932304382324219]",0.0116980,114.641,"[0.0,0.0,0.0,0.0]","[0.0,0.0,0.02725936844944954,-0.011692911386489868,-0.02725936844944954,0.0,0.0,-0.011692911386489868]","[0.0,0.0,300.0,812.5,-500.0,0.0,0.0,600.0]",255,1,1
2026-08-13T10:35:00.330129+00:00,90075.612820,armed_zero_attitude_hold,0.0000000,0.0000000,0.0000000,0.0000000,,,1,1,1,1,1,1,0.000000,2275,113800,2,1,1,0,0,1,0,3581452724,141,30843,90075510,347,0,-3.7235677,0.0664890,"[-0.28689807653427124,-0.00047200010158121586,0.0026760008186101913,0.9579572677612305]","[-0.2856423556804657,-0.04824206978082657,0.06648895144462585]","[0.08597199618816376,-0.10857699811458588,9.823090553283691]",0.0120097,117.695,"[0.0,0.0,0.0,0.0]","[-0.010894514620304108,-0.010894514620304108,0.10000000149011612,-0.09356090426445007,-0.10000000149011612,0.010894514620304108,-0.010894514620304108,-0.09356090426445007]","[-587.5,-312.5,1162.5,-1200.0,-712.5,137.5,-187.5,-1212.5]",255,1,1
2026-08-13T10:35:00.381113+00:00,90075.664154,armed_zero_attitude_hold,0.0000000,0.0000000,0.0000000,0.0000000,,,1,1,1,1,1,1,0.000000,2276,113850,2,1,1,0,0,1,0,3581452724,142,7029,90075562,348,0,-3.7214618,-0.0478806,"[-0.2858801782131195,0.002447001403197646,-0.00496600242331624,0.9582493901252747]","[-0.1585143357515335,-0.005585751496255398,-0.047880612313747406]","[-0.36275601387023926,-0.15970000624656677,9.171002388000488]",0.0120097,117.695,"[0.0,0.0,0.0,0.0]","[0.012888007797300816,0.012888007797300816,0.10000000149011612,-0.08769836276769638,-0.10000000149011612,-0.012888007797300816,0.012888007797300816,-0.08769836276769638]","[125.0,212.5,737.5,-1025.0,-900.0,-187.5,387.5,-950.0]",255,1,1
2026-08-13T10:35:00.432060+00:00,90075.715026,armed_zero_attitude_hold,0.0000000,0.0000000,0.0000000,0.0000000,,,1,1,1,1,1,1,0.000000,2277,113900,2,1,1,0,0,1,0,3581452724,143,18564,90075613,349,0,-3.7224021,0.0578775,"[-0.28633713722229004,0.001340000657364726,-0.002950001275166869,0.958123505115509]","[0.27527767419815063,0.039088863879442215,0.0578775480389595]","[-0.2721889913082123,-0.11016400158405304,9.922147750854492]",0.0119300,116.914,"[0.0,0.0,0.0,0.0]","[0.0,0.0,0.029107190668582916,0.0,-0.029107190668582916,0.0,0.0,0.0]","[0.0,0.0,1225.0,1225.0,-737.5,375.0,0.0,1187.5]",255,1,1
2026-08-13T10:35:00.483001+00:00,90075.766031,armed_zero_attitude_hold,0.0000000,0.0000000,0.0000000,0.0000000,,,1,1,1,1,1,1,0.000000,2278,113950,2,1,1,0,0,1,0,3581452724,144,52827,90075664,350,0,-3.7241573,0.0607861,"[-0.2871771454811096,-0.0015120006864890456,0.0033470015041530132,0.9578704833984375]","[0.16668403148651123,0.011130890808999538,0.06078610196709633]","[-0.5622550249099731,0.28376999497413635,10.89173698425293]",0.0123772,121.297,"[0.0,0.0,0.0,0.0]","[-0.012421573512256145,-0.012421573512256145,0.021327927708625793,0.0,-0.021327927708625793,0.012421573512256145,-0.012421573512256145,0.0]","[-287.5,-200.0,562.5,675.0,-575.0,162.5,-187.5,625.0]",255,1,1
2026-08-13T10:35:00.534388+00:00,90075.816945,armed_zero_attitude_hold,0.0000000,0.0000000,0.0000000,0.0000000,,,1,1,1,1,1,1,0.000000,2280,114050,2,1,1,0,0,1,0,3581452724,146,27961,90075766,352,0,-3.7209437,-0.0147441,"[-0.2856009900569916,0.0008620003354735672,-0.003952001687139273,0.9583284854888916]","[-0.3475344479084015,-0.06362947076559067,-0.014744140207767487]","[-0.257968008518219,-0.4379020035266876,9.47215461730957]",0.0127001,124.461,"[0.0,0.0,0.0,0.0]","[0.0,0.0,0.09999999403953552,-0.09688279777765274,-0.09999999403953552,0.0,0.0,-0.09688279777765274]","[0.0,0.0,750.0,-487.5,-887.5,212.5,0.0,-437.5]",255,1,1
2026-08-13T10:35:00.585583+00:00,90075.868426,armed_zero_attitude_hold,0.0000000,0.0000000,0.0000000,0.0000000,,,1,1,1,1,1,1,0.000000,2281,114100,2,1,1,0,0,1,0,3581452724,147,20945,90075817,353,0,-3.7203374,0.0682671,"[-0.2853420376777649,0.0022810001391917467,-0.0055260006338357925,0.9584071040153503]","[0.15197668969631195,-0.001782819046638906,0.0682671070098877]","[-0.24982799589633942,0.1511549949645996,9.39561653137207]",0.0127001,124.461,"[0.0,0.0,0.0,0.0]","[0.0,0.0,0.061904095113277435,-0.04618865251541138,-0.061904095113277435,0.0,0.0,-0.04618865251541138]","[0.0,0.0,1225.0,-1200.0,-825.0,375.0,0.0,-1150.0]",255,1,1
2026-08-13T10:35:00.636877+00:00,90075.919560,armed_zero_attitude_hold,0.0000000,0.0000000,0.0000000,0.0000000,,,1,1,1,1,1,1,0.000000,2282,114150,2,1,1,0,0,1,0,3581452724,148,24001,90075869,354,0,-3.7222404,0.0566697,"[-0.28626227378845215,-0.0003090002865064889,0.0008350008283741772,0.9581508636474609]","[0.30334973335266113,0.04762626811861992,0.05666970834136009]","[0.049591001123189926,0.15209700167179108,9.70849323272705]",0.0129959,127.359,"[0.0,0.0,0.0,0.0]","[0.0,0.0,0.011247744783759117,0.015276050195097923,-0.011247744783759117,0.0,0.0,0.015276050195097923]","[0.0,0.0,750.0,537.5,-662.5,175.0,0.0,575.0]",255,1,1
2026-08-13T10:35:00.688073+00:00,90075.970847,armed_zero_attitude_hold,0.0000000,0.0000000,0.0000000,0.0000000,,,1,1,1,1,1,1,0.000000,2283,114200,2,1,1,0,0,1,0,3581452724,149,656,90075920,355,0,-3.7234600,-0.0489828,"[-0.28683826327323914,-0.0022820020094513893,0.005247005261480808,0.957961916923523]","[0.03715818375349045,0.01870596967637539,-0.04898282140493393]","[0.48852699995040894,0.45486998558044434,10.136075973510742]",0.0129959,127.359,"[0.0,0.0,0.0,0.0]","[0.01008168701082468,0.01008168701082468,0.04083840921521187,-0.019242890179157257,-0.04083840921521187,-0.01008168701082468,0.01008168701082468,-0.019242890179157257]","[0.0,0.0,825.0,-612.5,-587.5,212.5,0.0,-762.5]",255,1,1
2026-08-13T10:35:00.739051+00:00,90076.022050,armed_zero_attitude_hold,0.0000000,0.0000000,0.0000000,0.0000000,,,1,1,1,1,1,1,0.000000,2284,114250,2,1,1,0,0,1,0,3581452724,150,20360,90075971,356,0,-3.7218683,0.0140577,"[-0.28608307242393494,-0.0009170002304017544,0.0014980003470554948,0.9582032561302185]","[-0.34644415974617004,-0.04351348802447319,0.014057702384889126]","[-0.17846599221229553,0.22345399856567383,10.213373184204102]",0.0132789,130.133,"[0.0,0.0,0.0,0.0]","[0.0,0.0,0.10000000149011612,-0.09291429817676544,-0.10000000149011612,0.0,0.0,-0.09291429817676544]","[0.0,125.0,1212.5,-1212.5,-837.5,300.0,0.0,-875.0]",255,1,1
2026-08-13T10:35:00.790344+00:00,90076.072988,armed_zero_attitude_hold,0.0000000,0.0000000,0.0000000,0.0000000,,,1,1,1,1,1,1,0.000000,2285,114300,2,1,1,0,0,1,0,3581452724,151,41458,90076022,357,0,-3.7214170,0.0096236,"[-0.2858620285987854,0.0018630000995472074,-0.005357000511139631,0.9582540392875671]","[-0.033085595816373825,0.001183385611511767,0.009623606689274311]","[-0.07780399918556213,-0.32778000831604004,9.282299041748047]",0.0132789,130.133,"[0.0,0.0,0.0,0.0]","[0.0,0.0,0.09706802666187286,-0.08022673428058624,-0.09706802666187286,0.0,0.0,-0.08022673428058624]","[0.0,125.0,1025.0,-1025.0,-925.0,137.5,0.0,-1087.5]",255,1,1
2026-08-13T10:35:00.841789+00:00,90076.124419,armed_zero_attitude_hold,0.0000000,0.0000000,0.0000000,0.0000000,,,1,1,1,1,1,1,0.000000,2286,114350,2,1,1,0,0,1,0,3581452724,152,15633,90076073,358,0,-3.7203653,-0.0100413,"[-0.28536415100097656,0.0002590001095086336,-0.0022560011129826307,0.9584165215492249]","[0.29309383034706116,0.04685257747769356,-0.010041349567472935]","[0.0377889983355999,-0.11970300227403641,9.499659538269043]",0.0132510,129.859,"[0.0,0.0,0.0,0.0]","[0.0,0.0,0.02467227354645729,0.0,-0.02467227354645729,0.0,0.0,0.0]","[0.0,125.0,1237.5,1000.0,-700.0,0.0,0.0,1025.0]",255,1,1
2026-08-13T10:35:00.893166+00:00,90076.175834,armed_zero_attitude_hold,0.0000000,0.0000000,0.0000000,0.0000000,,,1,1,1,1,1,1,0.000000,2287,114400,2,1,1,0,0,1,0,3581452724,153,37124,90076125,359,0,-3.7192347,0.0185213,"[-0.28481319546699524,-0.0025350020732730627,0.004169002640992403,0.958570659160614]","[0.09047995507717133,-0.010743950493633747,0.018521277233958244]","[-0.3069959878921509,0.3729749917984009,10.353625297546387]",0.0132510,129.859,"[0.0,0.0,0.0,0.0]","[0.0,0.0,0.032305680215358734,-0.015682879835367203,-0.032305680215358734,0.0,0.0,-0.015682879835367203]","[0.0,125.0,650.0,-587.5,-525.0,0.0,0.0,-675.0]",255,1,1
2026-08-13T10:35:00.944255+00:00,90076.227253,armed_zero_attitude_hold,0.0000000,0.0000000,0.0000000,0.0000000,,,1,1,1,1,1,1,0.000000,2288,114450,2,1,1,0,0,1,0,3581452724,154,58620,90076176,360,0,-3.7192750,0.0281840,"[-0.2848392724990845,-0.0013380012242123485,0.0016720016719773412,0.9585728645324707]","[-0.3251245319843292,-0.0397307425737381,0.028184030205011368]","[0.050425998866558075,0.22520799934864044,10.242365837097168]",0.0134447,131.758,"[0.0,0.0,0.0,0.0]","[0.0,0.0,0.10000000149011612,-0.0915219858288765,-0.10000000149011612,0.0,0.0,-0.0915219858288765]","[0.0,125.0,1187.5,-1200.0,-812.5,0.0,0.0,-1225.0]",255,1,1
2026-08-13T10:35:00.995896+00:00,90076.278214,armed_zero_attitude_hold,0.0000000,0.0000000,0.0000000,0.0000000,,,1,1,1,1,1,1,0.000000,2289,114500,2,1,1,0,0,1,0,3581452724,155,2534,90076227,361,0,-3.7196743,0.0134188,"[-0.2850271463394165,0.0018110008677467704,-0.0063830032013356686,0.9584965109825134]","[-0.1737096756696701,0.015878185629844666,0.013418790884315968]","[0.1558150053024292,-0.5128530263900757,9.05262279510498]",0.0134447,131.758,"[0.0,0.0,0.0,0.0]","[0.0,0.0,0.10000000149011612,-0.08451038599014282,-0.10000000149011612,0.0,0.0,-0.08451038599014282]","[0.0,0.0,675.0,-987.5,-912.5,150.0,0.0,-1037.5]",255,1,1
2026-08-13T10:35:01.047081+00:00,90076.330099,armed_zero_attitude_hold,0.0000000,0.0000000,0.0000000,0.0000000,,,1,1,1,1,1,1,0.000000,2290,114550,2,1,1,0,0,1,0,3581452724,156,53956,90076279,362,0,-3.7192998,0.0023563,"[-0.2848542332649231,0.0005690004909411073,-0.0053510041907429695,0.9585557579994202]","[0.24744941294193268,0.05666712671518326,0.0023562645073980093]","[0.1722320020198822,-0.16234499216079712,9.637765884399414]",0.0132820,130.164,"[0.0,0.0,0.0,0.0]","[0.0,0.0,0.050370167940855026,-0.02048918977379799,-0.050370167940855026,0.0,0.0,-0.02048918977379799]","[0.0,0.0,1212.5,-1237.5,-787.5,0.0,0.0,-1187.5]",255,1,1
2026-08-13T10:35:01.099023+00:00,90076.381061,armed_zero_attitude_hold,0.0000000,0.0000000,0.0000000,0.0000000,,,1,1,1,1,1,1,0.000000,2291,114600,2,1,1,0,0,1,0,3581452724,157,33941,90076330,363,0,-3.7199810,0.0840335,"[-0.285175085067749,-0.0025620008818805218,0.001126000308431685,0.9584713578224182]","[0.2618575990200043,0.04262619465589523,0.08403345197439194]","[-0.1076280027627945,0.2774389982223511,9.831978797912598]",0.0138744,135.969,"[0.0,0.0,0.0,0.0]","[0.0,0.0,0.01903289183974266,0.0,-0.01903289183974266,0.0,0.0,0.0]","[0.0,0.0,750.0,462.5,-662.5,350.0,0.0,275.0]",255,1,1
2026-08-13T10:35:01.150214+00:00,90076.433204,armed_zero_attitude_hold,0.0000000,0.0000000,0.0000000,0.0000000,,,1,1,1,1,1,1,0.000000,2292,114650,2,1,1,0,0,1,0,3581452724,158,34946,90076382,364,0,-3.7230706,0.0441397,"[-0.28663232922554016,-0.004777005407959223,0.00598400691524148,0.9580100774765015]","[0.13461264967918396,0.04233088344335556,0.04413967579603195]","[0.3020400106906891,-0.11764299869537354,10.084782600402832]",0.0138744,135.969,"[0.0,0.0,0.0,0.0]","[0.0,0.0,0.021605603396892548,0.0,-0.021605603396892548,0.0,0.0,0.0]","[0.0,450.0,625.0,675.0,-612.5,212.5,937.5,712.5]",255,1,1
2026-08-13T10:35:01.201267+00:00,90076.484174,armed_zero_attitude_hold,0.0000000,0.0000000,0.0000000,0.0000000,,,1,1,1,1,1,1,0.000000,2293,114700,2,1,1,0,0,1,0,3581452724,159,48490,90076433,365,0,-3.7215328,-0.0141767,"[-0.2858732044696808,-0.00620400533080101,0.008840006776154041,0.9582065939903259]","[0.10466384142637253,0.009967436082661152,-0.014176717028021812]","[0.4313730001449585,0.813077986240387,9.312150955200195]",0.0142164,139.320,"[0.0,0.0,0.0,0.0]","[0.0,0.0,0.0,0.01604297198355198,0.0,0.0,0.0,0.01604297198355198]","[137.5,0.0,625.0,1187.5,625.0,312.5,150.0,1162.5]",255,1,1
2026-08-13T10:35:01.252232+00:00,90076.535256,armed_zero_attitude_hold,0.0000000,0.0000000,0.0000000,0.0000000,,,1,1,1,1,1,1,0.000000,2294,114750,2,1,1,0,0,1,0,3581452724,160,20372,90076484,366,0,-3.7209866,0.0244786,"[-0.2856042683124542,-0.006558005698025227,0.009820009581744671,0.9582749009132385]","[-0.07283979654312134,-0.022081801667809486,0.0244786087423563]","[0.03767300024628639,0.2460619956254959,10.500984191894531]",0.0142164,139.320,"[0.0,0.0,0.0,0.0]","[0.0,0.0,0.03124486282467842,-0.012987892143428326,-0.03124486282467842,0.0,0.0,-0.012987892143428326]","[0.0,0.0,650.0,550.0,-562.5,250.0,0.0,575.0]",255,1,1
2026-08-13T10:35:01.303458+00:00,90076.586183,armed_zero_attitude_hold,0.0000000,0.0000000,0.0000000,0.0000000,,,1,1,1,1,1,1,0.000000,2295,114800,2,1,1,0,0,1,0,3581452724,161,7717,90076535,367,0,-3.7215695,0.0326088,"[-0.2859070599079132,-0.0054620010778307915,0.005978000815957785,0.9582231640815735]","[-0.21023151278495789,0.02509472705423832,0.032608844339847565]","[0.020725000649690628,0.07745400071144104,10.32575798034668]",0.0150175,147.172,"[0.0,0.0,0.0,0.0]","[0.0,0.0,0.07479126751422882,-0.04684067517518997,-0.07479126751422882,0.0,0.0,-0.04684067517518997]","[0.0,0.0,1212.5,-1175.0,-637.5,150.0,0.0,-1112.5]",255,1,1
2026-08-13T10:35:01.354767+00:00,90076.637410,armed_zero_attitude_hold,0.0000000,0.0000000,0.0000000,0.0000000,,,1,1,1,1,1,1,0.000000,2296,114850,2,1,1,0,0,1,0,3581452724,162,59510,90076586,368,0,-3.7222397,0.0378746,"[-0.2862491011619568,-0.004912001546472311,0.0008490002364851534,0.9581422805786133]","[-0.05167841538786888,0.05719730257987976,0.037874605506658554]","[-0.24003499746322632,-0.20920400321483612,8.803722381591797]",0.0150175,147.172,"[0.0,0.0,0.0,0.0]","[0.0,0.0,0.0650012418627739,-0.029098352417349815,-0.0650012418627739,0.0,0.0,-0.029098352417349815]","[0.0,0.0,837.5,-975.0,-812.5,150.0,0.0,-975.0]",255,1,1
2026-08-13T10:35:01.405794+00:00,90076.688800,armed_zero_attitude_hold,0.0000000,0.0000000,0.0000000,0.0000000,,,1,1,1,1,1,1,0.000000,2297,114900,2,1,1,0,0,1,0,3581452724,163,17507,90076638,369,0,-3.7226231,0.0223636,"[-0.28641602396965027,-0.0066840010695159435,0.0023040003143250942,0.9580792784690857]","[0.15897880494594574,0.03690521419048309,0.022363584488630295]","[0.11514700204133987,-0.017597999423742294,9.802899360656738]",0.0153715,150.641,"[0.0,0.0,0.0,0.0]","[0.0,0.0,0.012098594568669796,0.021026473492383957,-0.012098594568669796,0.0,0.0,0.021026473492383957]","[0.0,0.0,1200.0,812.5,-662.5,150.0,0.0,487.5]",255,1,1
2026-08-13T10:35:01.456941+00:00,90076.739739,armed_zero_attitude_hold,0.0000000,0.0000000,0.0000000,0.0000000,,,1,1,1,1,1,1,0.000000,2298,114950,2,1,1,0,0,1,0,3581452724,164,43031,90076689,370,0,-3.7228079,0.0218092,"[-0.2864621877670288,-0.008946005254983902,0.0065270038321614265,0.9580276012420654]","[0.030995983630418777,0.02525440789759159,0.021809162572026253]","[-0.13529300689697266,0.45797398686408997,9.829005241394043]",0.0153715,150.641,"[0.0,0.0,0.0,0.0]","[0.0,0.0,0.015532105229794979,0.016184937208890915,-0.015532105229794979,0.0,0.0,0.016184937208890915]","[0.0,0.0,462.5,862.5,-375.0,0.0,0.0,1150.0]",255,1,1
2026-08-13T10:35:01.507957+00:00,90076.790921,armed_zero_attitude_hold,0.0000000,0.0000000,0.0000000,0.0000000,,,1,1,1,1,1,1,0.000000,2299,115000,2,1,1,0,0,1,0,3581452724,165,64198,90076740,371,0,-3.7238023,0.0547528,"[-0.2870182991027832,-0.007778007537126541,0.0010380010353401303,0.9578929543495178]","[-0.5002106428146362,0.024148549884557724,0.054752759635448456]","[0.13437999784946442,0.4806770086288452,9.824577331542969]",0.0156840,153.703,"[0.0,0.0,0.0,0.0]","[-0.007301574572920799,-0.007301574572920799,0.10000000149011612,-0.07728803902864456,-0.10000000149011612,0.007301574572920799,-0.007301574572920799,-0.07728803902864456]","[0.0,0.0,1175.0,-1175.0,-1187.5,0.0,0.0,-1212.5]",255,1,1
2026-08-13T10:35:01.559295+00:00,90076.841924,armed_zero_attitude_hold,0.0000000,0.0000000,0.0000000,0.0000000,,,1,1,1,1,1,1,0.000000,2300,115050,2,1,1,0,0,1,0,3581452724,166,2933,90076791,372,0,-3.7232623,-0.0429463,"[-0.2867371439933777,-0.004698002245277166,-0.013655006885528564,0.9579004645347595]","[-0.412627637386322,0.07912944257259369,-0.042946308851242065]","[-0.5548669695854187,-0.2811500132083893,9.350491523742676]",0.0156840,153.703,"[0.0,0.0,0.0,0.0]","[0.0,0.0,0.10000000149011612,-0.07677255570888519,-0.10000000149011612,0.0,0.0,-0.07677255570888519]","[0.0,0.0,875.0,-925.0,-662.5,0.0,0.0,-1062.5]",255,1,1
2026-08-13T10:35:01.610810+00:00,90076.893282,armed_zero_attitude_hold,0.0000000,0.0000000,0.0000000,0.0000000,,,1,1,1,1,1,1,0.000000,2301,115100,2,1,1,0,0,1,0,3581452724,166,2933,90076791,372,0,-3.7218924,0.0864951,"[-0.2862662971019745,-0.005560006480664015,-0.016837019473314285,0.9579859972000122]","[0.11944164335727692,0.06293193250894547,0.08649512380361557]","[-0.26469799876213074,-0.010769999586045742,9.973546028137207]",0.0160977,157.758,"[0.0,0.0,0.0,0.0]","[-0.013448875397443771,-0.013448875397443771,0.10000000149011612,-0.0584319531917572,-0.10000000149011612,0.013448875397443771,-0.013448875397443771,-0.0584319531917572]","[-0.0,-0.0,1225.0,-1212.5,-1162.5,0.0,-0.0,-1212.5]",255,1,1
2026-08-13T10:35:01.662206+00:00,90076.944894,armed_zero_attitude_hold,0.0000000,0.0000000,0.0000000,0.0000000,,,1,1,1,1,1,1,0.000000,2302,115150,2,1,1,0,0,1,0,3581452724,168,20794,90076894,374,0,-3.7206266,0.0343657,"[-0.28556016087532043,-0.00865300465375185,-0.011928005144000053,0.9582475423812866]","[0.2607574462890625,0.04949551820755005,0.03436572477221489]","[-0.07129199802875519,-0.0695979967713356,9.17542552947998]",0.0166797,163.461,"[0.0,0.0,0.0,0.0]","[0.0,0.0,0.057798370718955994,-0.016261957585811615,-0.057798370718955994,0.0,0.0,-0.016261957585811615]","[0.0,0.0,750.0,-712.5,-800.0,0.0,0.0,-725.0]",255,1,1
2026-08-13T10:35:01.713367+00:00,90076.996225,armed_zero_attitude_hold,0.0000000,0.0000000,0.0000000,0.0000000,,,1,1,1,1,1,1,0.000000,2303,115200,2,1,1,0,0,1,0,3581452724,168,20794,90076894,374,0,-3.7222290,-0.0459895,"[-0.28627318143844604,-0.011238007806241512,-0.00685600470751524,0.9580576419830322]","[0.20053911209106445,0.04263628274202347,-0.04598954692482948]","[-0.38124701380729675,-0.006703999824821949,9.888187408447266]",0.0166797,163.461,"[0.0,0.0,0.0,0.0]","[0.011935190297663212,0.011935190297663212,0.048916179686784744,0.0,-0.048916179686784744,-0.011935190297663212,0.011935190297663212,0.0]","[0.0,625.0,637.5,487.5,-675.0,-0.0,0.0,487.5]",255,1,1
2026-08-13T10:35:01.764706+00:00,90077.047345,armed_zero_attitude_hold,0.0000000,0.0000000,0.0000000,0.0000000,,,1,1,1,1,1,1,0.000000,2304,115250,2,1,1,0,0,1,0,3581452724,169,25810,90076945,375,0,-3.7196312,0.0454814,"[-0.28496411442756653,-0.013744005933403969,-0.0024890010245144367,0.9584364295005798]","[0.17464718222618103,0.014630013145506382,0.045481447130441666]","[-0.3806309998035431,0.5905349850654602,9.924985885620117]",0.0174530,171.039,"[0.0,0.0,0.0,0.0]","[0.0,0.0,0.03290268033742905,0.0,-0.03290268033742905,0.0,0.0,0.0]","[0.0,600.0,625.0,262.5,-637.5,0.0,0.0,287.5]",255,1,1
2026-08-13T10:35:01.815870+00:00,90077.098765,armed_zero_attitude_hold,0.0000000,0.0000000,0.0000000,0.0000000,,,1,1,1,1,1,1,0.000000,2305,115300,2,1,1,0,0,1,0,3581452724,170,38401,90076996,376,0,-3.7209926,0.0445636,"[-0.28555727005004883,-0.015375013463199139,0.0009410007041878998,0.9582378268241882]","[0.14057281613349915,0.020457126200199127,0.044563647359609604]","[-0.16521699726581573,0.00608500000089407,9.53305721282959]",0.0174530,171.039,"[0.0,0.0,0.0,0.0]","[0.0,0.0,0.024107422679662704,0.01445023063570261,-0.024107422679662704,0.0,0.0,0.01445023063570261]","[0.0,312.5,625.0,225.0,-625.0,0.0,0.0,225.0]",255,1,1
2026-08-13T10:35:01.867279+00:00,90077.149850,armed_zero_attitude_hold,0.0000000,0.0000000,0.0000000,0.0000000,,,1,1,1,1,1,1,0.000000,2306,115350,2,1,1,0,0,1,0,3581452724,171,1985,90077048,377,0,-3.7229352,0.0668181,"[-0.286443293094635,-0.016317017376422882,0.003469003364443779,0.9579519629478455]","[0.043415505439043045,-0.02542787790298462,0.06681808084249496]","[0.2475540041923523,0.21763399243354797,9.808157920837402]",0.0185698,181.984,"[0.0,0.0,0.0,0.0]","[-0.01175575703382492,-0.01175575703382492,0.025288529694080353,0.0,-0.025288529694080353,0.01175575703382492,-0.01175575703382492,0.0]","[-0.0,-175.0,625.0,737.5,-625.0,0.0,-0.0,550.0]",255,1,1
2026-08-13T10:35:01.918476+00:00,90077.201301,armed_zero_attitude_hold,0.0000000,0.0000000,0.0000000,0.0000000,,,1,1,1,1,1,1,0.000000,2307,115400,2,1,1,0,0,1,0,3581452724,172,42169,90077099,378,0,-3.7226708,-0.0163140,"[-0.28632116317749023,-0.015664009377360344,0.0039660027250647545,0.9579975008964539]","[0.005689302459359169,-0.040581122040748596,-0.016314048320055008]","[-0.4650059938430786,-0.05477000027894974,9.235450744628906]",0.0185698,181.984,"[0.0,0.0,0.0,0.0]","[0.0,0.0,0.025976940989494324,0.0,-0.025976940989494324,0.0,0.0,0.0]","[0.0,225.0,637.5,212.5,-612.5,0.0,0.0,237.5]",255,1,1
2026-08-13T10:35:01.969756+00:00,90077.252447,armed_zero_attitude_hold,0.0000000,0.0000000,0.0000000,0.0000000,,,1,1,1,1,1,1,0.000000,2308,115450,2,1,1,0,0,1,0,3581452724,173,40433,90077150,379,0,-3.7210228,-0.0119420,"[-0.2855442762374878,-0.014671013690531254,0.00422900402918458,0.9582439064979553]","[-0.021202677860856056,-0.054702404886484146,-0.011942049488425255]","[-0.2864370048046112,0.29761600494384766,9.836822509765625]",0.0192339,188.492,"[0.0,0.0,0.0,0.0]","[0.0,0.0,0.025592077523469925,0.0,-0.025592077523469925,0.0,0.0,0.0]","[0.0,175.0,625.0,162.5,-625.0,0.0,0.0,137.5]",255,1,1
2026-08-13T10:35:02.021033+00:00,90077.303779,armed_zero_attitude_hold,0.0000000,0.0000000,0.0000000,0.0000000,,,1,1,1,1,1,1,0.000000,2309,115500,2,1,1,0,0,1,0,3581452724,174,9431,90077201,380,0,-3.7196002,-0.0029140,"[-0.2848811745643616,-0.01341300830245018,0.004240002948790789,0.9584596753120422]","[-0.02116771973669529,-0.046476807445287704,-0.002914019161835313]","[-0.14647400379180908,0.2535029947757721,9.985408782958984]",0.0192339,188.492,"[0.0,0.0,0.0,0.0]","[0.0,0.0,0.02335779368877411,0.0,-0.02335779368877411,0.0,0.0,0.0]","[0.0,187.5,625.0,200.0,-637.5,0.0,0.0,212.5]",255,1,1
2026-08-13T10:35:02.072104+00:00,90077.355029,armed_zero_attitude_hold,0.0000000,0.0000000,0.0000000,0.0000000,,,1,1,1,1,1,1,0.000000,2310,115550,2,1,1,0,0,1,0,3581452724,175,58203,90077253,381,0,-3.7185130,0.0245459,"[-0.28438520431518555,-0.011798008345067501,0.0038650028873234987,0.9586297273635864]","[-0.030344732105731964,-0.046070780605077744,0.024545928463339806]","[-0.08002699911594391,-0.0430620014667511,9.64990234375]",0.0194053,190.172,"[0.0,0.0,0.0,0.0]","[0.0,0.0,0.024212077260017395,0.0,-0.024212077260017395,0.0,0.0,0.0]","[625.0,225.0,625.0,275.0,-637.5,0.0,437.5,212.5]",255,1,1
2026-08-13T10:35:02.123419+00:00,90077.406179,armed_zero_attitude_hold,0.0000000,0.0000000,0.0000000,0.0000000,,,1,1,1,1,1,1,0.000000,2311,115600,2,1,1,0,0,1,0,3581452724,176,18385,90077304,382,0,-3.7203934,0.0520198,"[-0.2853173017501831,-0.00976601056754589,0.0028830033261328936,0.9583790302276611]","[-0.11215610057115555,-0.070774145424366,0.05201977118849754]","[-0.08853200078010559,-0.022436000406742096,10.052504539489746]",0.0194053,190.172,"[0.0,0.0,0.0,0.0]","[0.0,0.0,0.040344975888729095,-0.02617470920085907,-0.040344975888729095,0.0,0.0,-0.02617470920085907]","[0.0,237.5,625.0,-737.5,-625.0,0.0,0.0,-287.5]",255,1,1
2026-08-13T10:35:02.174468+00:00,90077.457462,armed_zero_attitude_hold,0.0000000,0.0000000,0.0000000,0.0000000,,,1,1,1,1,1,1,0.000000,2312,115650,2,1,1,0,0,1,0,3581452724,177,17580,90077355,383,0,-3.7231145,0.0678442,"[-0.2866622507572174,-0.006604005582630634,0.00022600023658014834,0.958008885383606]","[-0.11846371740102768,-0.10298173129558563,0.06784418225288391]","[-0.04814799875020981,0.5475620031356812,8.948321342468262]",0.0197106,193.164,"[0.0,0.0,0.0,0.0]","[-0.011687753722071648,-0.011687753722071648,0.04899028688669205,-0.04406442493200302,-0.04899028688669205,0.011687753722071648,-0.011687753722071648,-0.04406442493200302]","[-512.5,-200.0,625.0,-937.5,-625.0,812.5,-700.0,-912.5]",255,1,1
2026-08-13T10:35:02.225560+00:00,90077.508409,armed_zero_attitude_hold,0.0000000,0.0000000,0.0000000,0.0000000,,,1,1,1,1,1,1,0.000000,2313,115700,2,1,1,0,0,1,0,3581452724,178,56806,90077406,384,0,-3.7212117,0.0528802,"[-0.2857631742954254,-0.004862003028392792,-0.0007800005842000246,0.9582876563072205]","[0.06231426075100899,-0.026351017877459526,0.05288023129105568]","[-0.3516489863395691,0.02339099906384945,9.976038932800293]",0.0198095,194.133,"[0.0,0.0,0.0,0.0]","[0.0,0.0,0.024808835238218307,0.0,-0.024808835238218307,0.0,0.0,0.0]","[0.0,275.0,625.0,1087.5,-637.5,762.5,0.0,912.5]",255,1,1
2026-08-13T10:35:02.276665+00:00,90077.559601,armed_zero_attitude_hold,0.0000000,0.0000000,0.0000000,0.0000000,,,1,1,1,1,1,1,0.000000,2314,115750,2,1,1,0,0,1,0,3581452724,179,59406,90077457,385,0,-3.7234788,0.0030208,"[-0.2868421673774719,-0.0049470034427940845,0.0009480006410740316,0.9579646587371826]","[0.057006578892469406,-0.010096556507050991,0.0030207810923457146]","[0.49828600883483887,0.31274500489234924,8.552656173706055]",0.0198095,194.133,"[0.0,0.0,0.0,0.0]","[0.0,0.0,0.020035412162542343,0.0,-0.020035412162542343,0.0,0.0,0.0]","[0.0,737.5,625.0,325.0,-637.5,0.0,0.0,287.5]",255,1,1
2026-08-13T10:35:02.328132+00:00,90077.610646,armed_zero_attitude_hold,0.0000000,0.0000000,0.0000000,0.0000000,,,1,1,1,1,1,1,0.000000,2315,115800,2,1,1,0,0,1,0,3581452724,180,36743,90077509,386,0,-3.7218316,-0.0139157,"[-0.28604820370674133,-0.005040003452450037,0.002174001419916749,0.9581995606422424]","[0.04171140119433403,-0.02581017278134823,-0.013915736228227615]","[0.3408670127391815,0.08553999662399292,9.53770637512207]",0.0202631,198.578,"[0.0,0.0,0.0,0.0]","[0.0,0.0,0.015240652486681938,0.0,-0.015240652486681938,0.0,0.0,0.0]","[0.0,262.5,625.0,200.0,-637.5,0.0,0.0,175.0]",255,1,1
2026-08-13T10:35:02.379367+00:00,90077.662273,armed_zero_attitude_hold,0.0000000,0.0000000,0.0000000,0.0000000,,,1,1,1,1,1,1,0.000000,2316,115850,2,1,1,0,0,1,0,3581452724,181,35610,90077560,387,0,-3.7200234,-0.0171318,"[-0.2851811349391937,-0.0047190021723508835,0.0029550015460699797,0.9584575295448303]","[0.013694202527403831,-0.026291623711586,-0.017131837084889412]","[0.14276500046253204,0.34783899784088135,9.951364517211914]",0.0202631,198.578,"[0.0,0.0,0.0,0.0]","[0.010947717353701591,0.010947717353701591,0.01617942750453949,0.0,-0.01617942750453949,-0.010947717353701591,0.010947717353701591,0.0]","[0.0,162.5,625.0,125.0,-637.5,-0.0,0.0,125.0]",255,1,1
2026-08-13T10:35:02.430689+00:00,90077.713334,armed_zero_attitude_hold,0.0000000,0.0000000,0.0000000,0.0000000,,,1,1,1,1,1,1,0.000000,2317,115900,2,1,1,0,0,1,0,3581452724,182,10341,90077611,388,0,-3.7206292,0.0692856,"[-0.28547513484954834,-0.003980002366006374,0.003205001587048173,0.9583725333213806]","[0.004953559022396803,-0.03949756920337677,0.0692855715751648]","[0.013988999649882317,0.3901669979095459,10.004435539245605]",0.0201060,197.039,"[0.0,0.0,0.0,0.0]","[0.0,0.0,0.014131695032119751,0.0,-0.014131695032119751,0.0,0.0,0.0]","[0.0,3775.0,625.0,125.0,-625.0,0.0,0.0,125.0]",255,1,1
2026-08-13T10:35:02.481734+00:00,90077.764718,armed_zero_attitude_hold,0.0000000,0.0000000,0.0000000,0.0000000,,,1,1,1,1,1,1,0.000000,2318,115950,2,1,1,0,0,1,0,3581452724,183,4397,90077662,389,0,-3.7227416,0.0686262,"[-0.28649425506591797,-0.002756002824753523,0.0027890026103705168,0.9580739140510559]","[0.00436032097786665,-0.037005987018346786,0.06862617284059525]","[0.2752000093460083,0.13269299268722534,9.29637622833252]",0.0201060,197.039,"[0.0,0.0,0.0,0.0]","[-0.011498053558170795,-0.011498053558170795,0.015042555518448353,0.0,-0.015042555518448353,0.011498053558170795,-0.011498053558170795,0.0]","[-0.0,-2050.0,625.0,0.0,-637.5,0.0,-0.0,237.5]",255,1,1
2026-08-13T10:35:02.532802+00:00,90077.815693,armed_zero_attitude_hold,0.0000000,0.0000000,0.0000000,0.0000000,,,1,1,1,1,1,1,0.000000,2319,116000,2,1,1,0,0,1,0,3581452724,184,691,90077714,390,0,-3.7236686,0.0242689,"[-0.2869400978088379,-0.0022300006821751595,0.0032880008220672607,0.9579403400421143]","[0.012403618544340134,-0.027633467689156532,0.024268873035907745]","[-0.20420800149440765,0.16783200204372406,9.55661678314209]",0.0199817,195.820,"[0.0,0.0,0.0,0.0]","[0.0,0.0,0.01106543280184269,0.0,-0.01106543280184269,0.0,0.0,0.0]","[0.0,2050.0,625.0,0.0,-637.5,0.0,162.5,137.5]",255,1,1
2026-08-13T10:35:02.584196+00:00,90077.866765,armed_zero_attitude_hold,0.0000000,0.0000000,0.0000000,0.0000000,,,1,1,1,1,1,1,0.000000,2321,116100,2,1,1,0,0,1,0,3581452724,186,40516,90077816,392,0,-3.7242732,0.0291796,"[-0.2872350215911865,-0.0008640000596642494,0.003575000213459134,0.9578530788421631]","[-0.02172020450234413,-0.028596626594662666,0.02917960099875927]","[0.010157999582588673,0.08148299902677536,9.956157684326172]",0.0193686,189.812,"[0.0,0.0,0.0,0.0]","[0.0,0.0,0.013728383928537369,0.0,-0.013728383928537369,0.0,0.0,0.0]","[0.0,0.0,612.5,0.0,-612.5,0.0,0.0,787.5]",255,1,1
2026-08-13T10:35:02.635653+00:00,90077.918160,armed_zero_attitude_hold,0.0000000,0.0000000,0.0000000,0.0000000,,,1,1,1,1,1,1,0.000000,2322,116150,2,1,1,0,0,1,0,3581452724,187,40249,90077867,393,0,-3.7247102,0.0310654,"[-0.28744715452194214,0.00020500010577961802,0.00311000132933259,0.9577914476394653]","[-0.03150563687086105,-0.03474896401166916,0.031065449118614197]","[0.06353600323200226,0.13392500579357147,9.783283233642578]",0.0193686,189.812,"[0.0,0.0,0.0,0.0]","[-0.01041624415665865,-0.01041624415665865,0.01593974232673645,0.0,-0.01593974232673645,0.01041624415665865,-0.01041624415665865,0.0]","[-0.0,-212.5,625.0,0.0,-625.0,0.0,-0.0,787.5]",255,1,1
2026-08-13T10:35:02.686912+00:00,90077.969758,armed_zero_attitude_hold,0.0000000,0.0000000,0.0000000,0.0000000,,,1,1,1,1,1,1,0.000000,2323,116200,2,1,1,0,0,1,0,3581452724,188,37161,90077919,394,0,-3.7231894,-0.0466219,"[-0.2867201864719391,0.0012890008511021733,0.0027280019130557775,0.958009660243988]","[-0.00940763857215643,-0.026512321084737778,-0.04662188142538071]","[-0.3418160080909729,0.366102010011673,9.420184135437012]",0.0188927,185.148,"[0.0,0.0,0.0,0.0]","[0.0,0.0,0.01315680705010891,0.0,-0.01315680705010891,0.0,0.0,0.0]","[0.0,200.0,625.0,0.0,-625.0,0.0,0.0,162.5]",255,1,1
2026-08-13T10:35:02.738111+00:00,90078.020881,armed_zero_attitude_hold,0.0000000,0.0000000,0.0000000,0.0000000,,,1,1,1,1,1,1,0.000000,2324,116250,2,1,1,0,0,1,0,3581452724,189,52856,90077970,395,0,-3.7200053,0.0037527,"[-0.28519511222839355,0.0021040011197328568,0.0026830011047422886,0.9584634304046631]","[-0.04374001547694206,-0.05061332881450653,0.0037527023814618587]","[0.09660500288009644,-0.037060998380184174,9.625458717346191]",0.0184303,180.617,"[0.0,0.0,0.0,0.0]","[0.0,0.0,0.017208056524395943,-0.013200987130403519,-0.017208056524395943,0.0,0.0,-0.013200987130403519]","[0.0,300.0,562.5,-0.0,-562.5,787.5,0.0,-137.5]",255,1,1
2026-08-13T10:35:02.789249+00:00,90078.072121,armed_zero_attitude_hold,0.0000000,0.0000000,0.0000000,0.0000000,,,1,1,1,1,1,1,0.000000,2325,116300,2,1,1,0,0,1,0,3581452724,190,22034,90078021,396,0,-3.7212601,-0.0566398,"[-0.28579509258270264,0.0030560011509805918,0.002211000770330429,0.9582833647727966]","[0.0005199161823838949,0.0013767506461590528,-0.05663984641432762]","[0.3312920033931732,-0.40001899003982544,9.721451759338379]",0.0184303,180.617,"[0.0,0.0,0.0,0.0]","[0.013527926057577133,0.013527926057577133,0.014828152023255825,0.0,-0.014828152023255825,-0.013527926057577133,0.013527926057577133,0.0]","[0.0,550.0,612.5,0.0,-612.5,-0.0,0.0,0.0]",255,1,1
2026-08-13T10:35:02.840675+00:00,90078.123434,armed_zero_attitude_hold,0.0000000,0.0000000,0.0000000,0.0000000,,,1,1,1,1,1,1,0.000000,2326,116350,2,1,1,0,0,1,0,3581452724,191,21135,90078072,397,0,-3.7199295,0.0405747,"[-0.28515905141830444,0.002824000781401992,0.0027150006499141455,0.9584722518920898]","[-0.09347610175609589,-0.005519987549632788,0.040574733167886734]","[-0.1065400019288063,0.20227999985218048,10.739852905273438]",0.0182549,178.898,"[0.0,0.0,0.0,0.0]","[0.0,0.0,0.03006364405155182,-0.0184067040681839,-0.03006364405155182,0.0,0.0,-0.0184067040681839]","[0.0,462.5,387.5,-0.0,-475.0,0.0,0.0,-0.0]",255,1,1
2026-08-13T10:35:02.891845+00:00,90078.174704,armed_zero_attitude_hold,0.0000000,0.0000000,0.0000000,0.0000000,,,1,1,1,1,1,1,0.000000,2327,116400,2,1,1,0,0,1,0,3581452724,192,56123,90078124,398,0,-3.7212293,0.0434030,"[-0.2857741117477417,0.003274001181125641,0.00012500007869675756,0.9582914113998413]","[-0.05881354585289955,0.08788981288671494,0.04340295121073723]","[0.21450699865818024,-0.11787500232458115,9.884676933288574]",0.0182549,178.898,"[0.0,0.0,0.0,0.0]","[0.0,0.0,0.04285890609025955,-0.012188011780381203,-0.04285890609025955,0.0,0.0,-0.012188011780381203]","[0.0,250.0,1150.0,-1212.5,-612.5,0.0,0.0,-1137.5]",255,1,1
2026-08-13T10:35:02.943008+00:00,90078.225925,armed_zero_attitude_hold,0.0000000,0.0000000,0.0000000,0.0000000,,,1,1,1,1,1,1,0.000000,2328,116450,2,1,1,0,0,1,0,3581452724,193,23992,90078175,399,0,-3.7225156,0.0434211,"[-0.28639301657676697,0.0009280000231228769,-0.0018309999722987413,0.9581100344657898]","[-0.045186784118413925,0.12586523592472076,0.04342108592391014]","[0.18756799399852753,0.07674600183963776,9.701592445373535]",0.0179990,176.391,"[0.0,0.0,0.0,0.0]","[0.0,0.0,0.051430366933345795,0.0,-0.051430366933345795,0.0,0.0,0.0]","[0.0,175.0,575.0,925.0,-625.0,0.0,0.0,875.0]",255,1,1
2026-08-13T10:35:02.994904+00:00,90078.276949,armed_zero_attitude_hold,0.0000000,0.0000000,0.0000000,0.0000000,,,1,1,1,1,1,1,0.000000,2329,116500,2,1,1,0,0,1,0,3581452724,194,10304,90078226,400,0,-3.7230694,0.0123400,"[-0.28666025400161743,-0.0017830017022788525,-0.0012300012167543173,0.9580298662185669]","[0.1354769468307495,0.07686873525381088,0.012340020388364792]","[-0.032572001218795776,-0.2484380006790161,10.080461502075195]",0.0179990,176.391,"[0.0,0.0,0.0,0.0]","[0.0,0.0,0.0,0.02861803025007248,0.0,0.0,0.0,0.02861803025007248]","[0.0,237.5,1187.5,1062.5,637.5,137.5,0.0,1112.5]",255,1,1
2026-08-13T10:35:03.046203+00:00,90078.329140,armed_zero_attitude_hold,0.0000000,0.0000000,0.0000000,0.0000000,,,1,1,1,1,1,1,0.000000,2330,116550,2,1,1,0,0,1,0,3581452724,195,61388,90078278,401,0,-3.7227440,0.0333597,"[-0.2864921987056732,-0.0040850029326975346,0.0015230011194944382,0.9580726623535156]","[-0.027590565383434296,0.00955866277217865,0.03335971757769585]","[-0.13735300302505493,0.341387003660202,10.228902816772461]",0.0179552,175.961,"[0.0,0.0,0.0,0.0]","[0.0,0.0,0.02075851336121559,0.0,-0.02075851336121559,0.0,0.0,0.0]","[0.0,112.5,587.5,987.5,-425.0,0.0,0.0,975.0]",255,1,1
2026-08-13T10:35:03.106018+00:00,90078.388784,armed_zero_attitude_hold,0.0000000,0.0000000,0.0000000,0.0000000,,,1,1,1,1,1,1,0.000000,2331,116600,2,1,1,0,0,1,0,3581452724,196,8685,90078329,402,0,-3.7233164,0.0420787,"[-0.28678107261657715,-0.0027040005661547184,-0.002469000406563282,0.9579891562461853]","[-0.34821251034736633,-0.02630068175494671,0.042078666388988495]","[-0.08462200313806534,0.3465940058231354,10.16626262664795]",0.0179552,175.961,"[0.0,0.0,0.0,0.0]","[-0.011197423562407494,-0.011197423562407494,0.09864792227745056,-0.08148796856403351,-0.09864792227745056,0.011197423562407494,-0.011197423562407494,-0.08148796856403351]","[-0.0,-0.0,1162.5,-1200.0,-687.5,0.0,-0.0,-1212.5]",255,1,1
2026-08-13T10:35:03.158543+00:00,90078.441147,armed_zero_attitude_hold,0.0000000,0.0000000,0.0000000,0.0000000,,,1,1,1,1,1,1,0.000000,2332,116650,2,1,1,0,0,1,0,3581452724,197,30508,90078389,403,0,-3.7215941,-0.0645947,"[-0.2859661281108856,0.0003450001240707934,-0.011768005788326263,0.9581674337387085]","[-0.26237666606903076,0.039810579270124435,-0.06459467113018036]","[-0.1292860060930252,-0.39042600989341736,9.575284957885742]",0.0176291,172.766,"[0.0,0.0,0.0,0.0]","[0.010237200185656548,0.010237200185656548,0.10000000149011612,-0.07684079557657242,-0.10000000149011612,-0.010237200185656548,0.010237200185656548,-0.07684079557657242]","[150.0,0.0,337.5,-1062.5,-900.0,-0.0,0.0,-962.5]",255,1,1
2026-08-13T10:35:03.210654+00:00,90078.492706,armed_zero_attitude_hold,0.0000000,0.0000000,0.0000000,0.0000000,,,1,1,1,1,1,1,0.000000,2333,116700,2,1,1,0,0,1,0,3581452724,198,64069,90078441,404,0,-3.7218323,0.0324970,"[-0.28609415888786316,-0.0007530002039857209,-0.012824006378650665,0.9581154584884644]","[0.19994397461414337,0.06546942889690399,0.03249703720211983]","[-0.07287699729204178,-0.9579039812088013,8.984575271606445]",0.0176291,172.766,"[0.0,0.0,0.0,0.0]","[0.0,0.0,0.04957062751054764,-0.012102197855710983,-0.04957062751054764,0.0,0.0,-0.012102197855710983]","[350.0,337.5,1150.0,-1150.0,-800.0,0.0,0.0,-1212.5]",255,1,1
2026-08-13T10:35:03.263108+00:00,90078.544610,armed_zero_attitude_hold,0.0000000,0.0000000,0.0000000,0.0000000,,,1,1,1,1,1,1,0.000000,2334,116750,2,1,1,0,0,1,0,3581452724,199,56094,90078494,405,0,-3.7185454,-0.0069482,"[-0.2845190465450287,-0.004226000513881445,-0.0079290010035038,0.9586282968521118]","[0.24567680060863495,0.06342549622058868,-0.006948226131498814]","[-0.04560000076889992,-0.03739500045776367,10.031628608703613]",0.0176849,173.312,"[0.0,0.0,0.0,0.0]","[0.0,0.0,0.022794870659708977,0.016197511926293373,-0.022794870659708977,0.0,0.0,0.016197511926293373]","[0.0,1212.5,825.0,500.0,-662.5,1025.0,1062.5,337.5]",255,1,1
2026-08-13T10:35:03.314353+00:00,90078.597336,armed_zero_attitude_hold,0.0000000,0.0000000,0.0000000,0.0000000,,,1,1,1,1,1,1,0.000000,2335,116800,2,1,1,0,0,1,0,3581452724,199,56094,90078494,405,0,-3.7201245,0.0762431,"[-0.28525927662849426,-0.005625004880130291,-0.004622003994882107,0.9584227204322815]","[-0.010187365114688873,-0.023086830973625183,0.07624314725399017]","[-0.20462800562381744,-0.12612900137901306,9.685674667358398]",0.0176849,173.312,"[0.0,0.0,0.0,0.0]","[-0.011218792758882046,-0.011218792758882046,0.05407199636101723,-0.03197955712676048,-0.05407199636101723,0.011218792758882046,-0.011218792758882046,-0.03197955712676048]","[-0.0,-475.0,650.0,-1037.5,-637.5,0.0,-0.0,-1050.0]",255,1,1
2026-08-13T10:35:03.365638+00:00,90078.648324,armed_zero_attitude_hold,0.0000000,0.0000000,0.0000000,0.0000000,,,1,1,1,1,1,1,0.000000,2336,116850,2,1,1,0,0,1,0,3581452724,200,50099,90078546,406,0,-3.7201083,-0.0129654,"[-0.28526026010513306,-0.0032730030361562967,-0.006873006001114845,0.9584198594093323]","[-0.25176873803138733,-0.10874512046575546,-0.012965353205800056]","[-0.10679200291633606,0.3062640130519867,10.30173397064209]",0.0174617,171.125,"[0.0,0.0,0.0,0.0]","[0.0,0.0,0.10000000149011612,-0.09721966087818146,-0.10000000149011612,0.0,0.0,-0.09721966087818146]","[0.0,387.5,775.0,-862.5,-775.0,0.0,0.0,-437.5]",255,1,1
2026-08-13T10:35:03.417137+00:00,90078.699620,armed_zero_attitude_hold,0.0000000,0.0000000,0.0000000,0.0000000,,,1,1,1,1,1,1,0.000000,2337,116900,2,1,1,0,0,1,0,3581452724,201,5564,90078597,407,0,-3.7179163,0.0016660,"[-0.2842041254043579,-0.0008510004845447838,-0.008412004448473454,0.9587265253067017]","[0.09224669635295868,-0.02531999908387661,0.0016660389956086874]","[0.3014189898967743,-0.3610039949417114,9.903645515441895]",0.0172234,168.789,"[0.0,0.0,0.0,0.0]","[0.0,0.0,0.056533705443143845,-0.03926701471209526,-0.056533705443143845,0.0,0.0,-0.03926701471209526]","[1075.0,337.5,750.0,-1100.0,-762.5,0.0,825.0,-1125.0]",255,1,1
2026-08-13T10:35:03.505218+00:00,90078.787331,armed_zero_attitude_hold,0.0000000,0.0000000,0.0000000,0.0000000,,,1,1,1,1,1,1,0.000000,2339,117000,2,1,1,0,0,1,0,3581452724,203,30383,90078700,409,0,-3.7211421,0.0093950,"[-0.28572607040405273,-0.004347000736743212,0.0007410001708194613,0.9583011865615845]","[0.19484521448612213,0.021531306207180023,0.009394950233399868]","[0.31981998682022095,0.0719740018248558,10.06060791015625]",0.0175239,171.734,"[0.0,0.0,0.0,0.0]","[0.0,0.0,0.0,0.022647781297564507,0.0,0.0,0.0,0.022647781297564507]","[0.0,287.5,587.5,475.0,587.5,0.0,0.0,1062.5]",255,1,1
2026-08-13T10:35:03.556430+00:00,90078.839237,armed_zero_attitude_hold,0.0000000,0.0000000,0.0000000,0.0000000,,,1,1,1,1,1,1,0.000000,2340,117050,2,1,1,0,0,1,0,3581452724,204,3302,90078788,410,0,-3.7204409,0.0091872,"[-0.28537216782569885,-0.005459003150463104,0.004109002184122801,0.9583924412727356]","[0.08383465558290482,-0.003954113461077213,0.00918722152709961]","[0.2858090102672577,0.16292600333690643,9.703852653503418]",0.0175239,171.734,"[0.0,0.0,0.0,0.0]","[0.0,0.0,0.0,0.013832582160830498,0.0,0.0,0.0,0.013832582160830498]","[0.0,150.0,362.5,1175.0,375.0,0.0,0.0,1237.5]",255,1,1
2026-08-13T10:35:03.607826+00:00,90078.890399,armed_zero_attitude_hold,0.0000000,0.0000000,0.0000000,0.0000000,,,1,1,1,1,1,1,0.000000,2341,117100,2,1,1,0,0,1,0,3581452724,205,23895,90078839,411,0,-3.7199535,0.0091217,"[-0.28513815999031067,-0.005502002313733101,0.004184001591056585,0.9584615230560303]","[-0.0829634815454483,0.012735056690871716,0.009121701121330261]","[0.3788610100746155,0.3419780135154724,9.956564903259277]",0.0173916,170.438,"[0.0,0.0,0.0,0.0]","[0.0,0.0,0.04172035679221153,-0.015092860907316208,-0.04172035679221153,0.0,0.0,-0.015092860907316208]","[0.0,1037.5,1162.5,-262.5,-612.5,0.0,0.0,-325.0]",255,1,1
2026-08-13T10:35:03.658844+00:00,90078.941860,armed_zero_attitude_hold,0.0000000,0.0000000,0.0000000,0.0000000,,,1,1,1,1,1,1,0.000000,2342,117150,2,1,1,0,0,1,0,3581452724,206,15961,90078891,412,0,-3.7194114,0.0094756,"[-0.28488725423812866,-0.005716005805879831,0.0014540014090016484,0.9585428833961487]","[-0.10688178986310959,0.05366409569978714,0.009475619532167912]","[-0.27598699927330017,0.07235199958086014,9.47883415222168]",0.0173916,170.438,"[0.0,0.0,0.0,0.0]","[0.0,0.0,0.05938442796468735,-0.023586712777614594,-0.05938442796468735,0.0,0.0,-0.023586712777614594]","[0.0,0.0,487.5,-1175.0,-625.0,0.0,0.0,-1125.0]",255,1,1
2026-08-13T10:35:03.709775+00:00,90078.992777,armed_zero_attitude_hold,0.0000000,0.0000000,0.0000000,0.0000000,,,1,1,1,1,1,1,0.000000,2343,117200,2,1,1,0,0,1,0,3581452724,207,1809,90078942,413,0,-3.7187986,0.0064350,"[-0.28459733724594116,-0.00587200652807951,0.0004010004922747612,0.9586290717124939]","[0.04793205112218857,0.001237822463735938,0.006435046903789043]","[-0.1265610009431839,0.11203999817371368,9.55113410949707]",0.0172393,168.945,"[0.0,0.0,0.0,0.0]","[0.0,0.0,0.02578621357679367,0.0,-0.02578621357679367,0.0,0.0,0.0]","[0.0,0.0,1175.0,725.0,-625.0,0.0,0.0,300.0]",255,1,1
2026-08-13T10:35:03.760818+00:00,90079.043713,armed_zero_attitude_hold,0.0000000,0.0000000,0.0000000,0.0000000,,,1,1,1,1,1,1,0.000000,2344,117250,2,1,1,0,0,1,0,3581452724,208,37614,90078993,414,0,-3.7188883,0.0855088,"[-0.28463131189346313,-0.005826006177812815,0.0025420025922358036,0.9586159586906433]","[0.09514950215816498,-0.02740238420665264,0.08550876379013062]","[-0.07535699754953384,0.14926500618457794,9.956576347351074]",0.0172393,168.945,"[0.0,0.0,0.0,0.0]","[0.0,0.0,0.0,0.01583186909556389,0.0,0.0,0.0,0.01583186909556389]","[0.0,312.5,550.0,475.0,437.5,0.0,0.0,400.0]",255,1,1
2026-08-13T10:35:03.812954+00:00,90079.094795,armed_zero_attitude_hold,0.0000000,0.0000000,0.0000000,0.0000000,,,1,1,1,1,1,1,0.000000,2345,117300,2,1,1,0,0,1,0,3581452724,209,49215,90079044,415,0,-3.7222369,0.0508864,"[-0.28622809052467346,-0.005933001171797514,0.004357001278549433,0.9581332802772522]","[0.01741168275475502,0.0019974419847130775,0.05088638514280319]","[-0.0699319988489151,-0.10164400190114975,10.070676803588867]",0.0170958,167.539,"[0.0,0.0,0.0,0.0]","[0.0,0.0,0.012344195507466793,0.012492860667407513,-0.012344195507466793,0.0,0.0,0.012492860667407513]","[787.5,450.0,225.0,1137.5,-262.5,700.0,812.5,1175.0]",255,1,1
2026-08-13T10:35:03.865294+00:00,90079.147273,armed_zero_attitude_hold,0.0000000,0.0000000,0.0000000,0.0000000,,,1,1,1,1,1,1,0.000000,2346,117350,2,1,1,0,0,1,0,3581452724,209,49215,90079044,415,0,-3.7211335,-0.0041126,"[-0.28570321202278137,-0.005715004168450832,0.00379500281997025,0.958293616771698]","[-0.06714838743209839,0.00560088362544775,-0.004112571943551302]","[-0.4563550055027008,-0.08251400291919708,10.099534034729004]",0.0170958,167.539,"[0.0,0.0,0.0,0.0]","[0.0,0.0,0.02936463989317417,0.0,-0.02936463989317417,0.0,0.0,0.0]","[0.0,300.0,587.5,400.0,-587.5,0.0,0.0,250.0]",255,1,1
2026-08-13T10:35:03.917757+00:00,90079.199503,armed_zero_attitude_hold,0.0000000,0.0000000,0.0000000,0.0000000,,,1,1,1,1,1,1,0.000000,2347,117400,2,1,1,0,0,1,0,3581452724,210,61949,90079096,416,0,-3.7199411,0.0136351,"[-0.2851482033729553,-0.0051040044054389,0.0004790003877133131,0.9584696888923645]","[-0.23522084951400757,0.017530838027596474,0.013635106384754181]","[0.1253660023212433,0.12749899923801422,10.484546661376953]",0.0169133,165.750,"[0.0,0.0,0.0,0.0]","[0.0,0.0,0.07636820524930954,-0.04810652136802673,-0.07636820524930954,0.0,0.0,-0.04810652136802673]","[0.0,375.0,1187.5,-600.0,-637.5,0.0,0.0,-350.0]",255,1,1
2026-08-13T10:35:03.970177+00:00,90079.251983,armed_zero_attitude_hold,0.0000000,0.0000000,0.0000000,0.0000000,,,1,1,1,1,1,1,0.000000,2348,117450,2,1,1,0,0,1,0,3581452724,211,55318,90079148,417,0,-3.7201576,0.0244761,"[-0.28527218103408813,-0.004385003354400396,-0.0038790027610957623,0.958428680896759]","[-0.05276437848806381,0.00773919140920043,0.024476096034049988]","[0.1375339925289154,-0.02510100044310093,9.318703651428223]",0.0161862,158.625,"[0.0,0.0,0.0,0.0]","[0.0,0.0,0.05680385231971741,-0.02994663268327713,-0.05680385231971741,0.0,0.0,-0.02994663268327713]","[0.0,262.5,1100.0,-1187.5,-687.5,0.0,0.0,-1137.5]",255,1,1
2026-08-13T10:35:04.022640+00:00,90079.304431,armed_zero_attitude_hold,0.0000000,0.0000000,0.0000000,0.0000000,,,1,1,1,1,1,1,0.000000,2349,117500,2,1,1,0,0,1,0,3581452724,212,49333,90079200,418,0,-3.7198946,0.0106569,"[-0.28514617681503296,-0.0040110028348863125,-0.0038730029482394457,0.9584677815437317]","[0.06971185654401779,-0.022563423961400986,0.010656928643584251]","[0.022523999214172363,-0.17143699526786804,9.468260765075684]",0.0161862,158.625,"[0.0,0.0,0.0,0.0]","[0.0,0.0,0.030615374445915222,-0.010179190896451473,-0.030615374445915222,0.0,0.0,-0.010179190896451473]","[0.0,400.0,1025.0,-837.5,-637.5,0.0,0.0,-587.5]",255,1,1
2026-08-13T10:35:04.075123+00:00,90079.356911,armed_zero_attitude_hold,0.0000000,0.0000000,0.0000000,0.0000000,,,1,1,1,1,1,1,0.000000,2350,117550,2,1,1,0,0,1,0,3581452724,213,59280,90079253,419,0,-3.7191491,0.0039463,"[-0.2847762107849121,-0.004565004259347916,-0.0009090006351470947,0.9585826992988586]","[0.12159495800733566,-0.006138898897916079,0.003946311771869659]","[0.19136999547481537,0.05138000100851059,9.932296752929688]",0.0159893,156.695,"[0.0,0.0,0.0,0.0]","[0.010603522881865501,0.010603522881865501,0.010254617780447006,0.013152465224266052,-0.010254617780447006,-0.010603522881865501,0.010603522881865501,0.013152465224266052]","[200.0,425.0,675.0,462.5,-637.5,-0.0,200.0,712.5]",255,1,1
2026-08-13T10:35:04.126494+00:00,90079.409429,armed_zero_attitude_hold,0.0000000,0.0000000,0.0000000,0.0000000,,,1,1,1,1,1,1,0.000000,2351,117600,2,1,1,0,0,1,0,3581452724,214,27385,90079305,420,0,-3.7199183,0.0466180,"[-0.28513720631599426,-0.004685003776103258,0.0010060006752610207,0.9584746956825256]","[0.04345283657312393,-0.024434680119156837,0.04661804065108299]","[0.05706600099802017,-0.23761700093746185,9.714310646057129]",0.0159893,156.695,"[0.0,0.0,0.0,0.0]","[0.0,0.0,0.015872042626142502,0.0,-0.015872042626142502,0.0,0.0,0.0]","[0.0,350.0,625.0,400.0,-625.0,0.0,0.0,400.0]",255,1,1
2026-08-13T10:35:04.178549+00:00,90079.460507,armed_zero_attitude_hold,0.0000000,0.0000000,0.0000000,0.0000000,,,1,1,1,1,1,1,0.000000,2352,117650,2,1,1,0,0,1,0,3581452724,215,60986,90079358,421,0,-3.7218354,0.0661437,"[-0.2860552966594696,-0.004215004853904247,0.0018810018664225936,0.9582020044326782]","[0.020244982093572617,-0.029653005301952362,0.06614368408918381]","[-0.1580429971218109,0.2077299952507019,9.82043170928955]",0.0160084,156.883,"[0.0,0.0,0.0,0.0]","[0.0,0.0,0.01566932164132595,0.0,-0.01566932164132595,0.0,0.0,0.0]","[0.0,162.5,625.0,162.5,-625.0,0.0,0.0,200.0]",255,1,1
2026-08-13T10:35:04.230944+00:00,90079.512760,armed_zero_attitude_hold,0.0000000,0.0000000,0.0000000,0.0000000,,,1,1,1,1,1,1,0.000000,2353,117700,2,1,1,0,0,1,0,3581452724,216,59156,90079409,422,0,-3.7238319,0.0593806,"[-0.28701406717300415,-0.00351200089789927,0.0022780003491789103,0.9579172134399414]","[-0.005976828280836344,-0.03643094003200531,0.05938055366277695]","[-0.05622199922800064,0.013617999851703644,9.745295524597168]",0.0160084,156.883,"[0.0,0.0,0.0,0.0]","[0.0,0.0,0.017764732241630554,0.0,-0.017764732241630554,0.0,0.0,0.0]","[0.0,162.5,625.0,437.5,-625.0,0.0,0.0,0.0]",255,1,1
2026-08-13T10:35:04.283404+00:00,90079.565202,armed_zero_attitude_hold,0.0000000,0.0000000,0.0000000,0.0000000,,,1,1,1,1,1,1,0.000000,2354,117750,2,1,1,0,0,1,0,3581452724,217,8344,90079461,423,0,-3.7243423,-0.0092944,"[-0.28726208209991455,-0.0026360007468611,0.0024540007580071688,0.9578452706336975]","[0.01683817058801651,-0.04181351512670517,-0.009294436313211918]","[-0.09008000046014786,0.22954699397087097,9.747326850891113]",0.0157988,154.828,"[0.0,0.0,0.0,0.0]","[0.0,0.0,0.011009602807462215,0.0,-0.011009602807462215,0.0,0.0,0.0]","[0.0,200.0,625.0,1975.0,-625.0,0.0,0.0,0.0]",255,1,1
2026-08-13T10:35:04.336115+00:00,90079.617664,armed_zero_attitude_hold,0.0000000,0.0000000,0.0000000,0.0000000,,,1,1,1,1,1,1,0.000000,2356,117850,2,1,1,0,0,1,0,3581452724,219,36010,90079566,425,0,-3.7205093,-0.0028956,"[-0.28543227910995483,-0.0006490005762316287,0.0027080022264271975,0.9583948254585266]","[-0.0199532862752676,-0.04710851609706879,-0.002895571291446686]","[0.1945910006761551,-0.14169099926948547,9.421825408935547]",0.0156928,153.789,"[0.0,0.0,0.0,0.0]","[0.0,0.0,0.01521005854010582,0.0,-0.01521005854010582,0.0,0.0,0.0]","[0.0,187.5,625.0,0.0,-625.0,0.0,0.0,0.0]",255,1,1
2026-08-13T10:35:04.387715+00:00,90079.670112,armed_zero_attitude_hold,0.0000000,0.0000000,0.0000000,0.0000000,,,1,1,1,1,1,1,0.000000,2357,117900,2,1,1,0,0,1,0,3581452724,220,61235,90079619,426,0,-3.7196839,0.0086998,"[-0.2850393056869507,0.0004930004943162203,0.002670002868399024,0.958512008190155]","[-0.029117975383996964,-0.04877451807260513,0.00869978591799736]","[0.018324999138712883,0.22470900416374207,9.884578704833984]",0.0156928,153.789,"[0.0,0.0,0.0,0.0]","[0.0,0.0,0.016381345689296722,0.0,-0.016381345689296722,0.0,0.0,0.0]","[0.0,187.5,625.0,0.0,-625.0,0.0,0.0,0.0]",255,1,1
2026-08-13T10:35:04.439774+00:00,90079.721808,armed_zero_attitude_hold,0.0000000,0.0000000,0.0000000,0.0000000,,,1,1,1,1,1,1,0.000000,2358,117950,2,1,1,0,0,1,0,3581452724,221,37908,90079671,427,0,-3.7190907,0.0092117,"[-0.2847560942173004,0.001778000732883811,0.0024300008080899715,0.9585952758789062]","[-0.025423288345336914,-0.04192815348505974,0.009211743250489235]","[-0.2006469964981079,-0.09813600033521652,9.944382667541504]",0.0152144,149.102,"[0.0,0.0,0.0,0.0]","[0.0,0.0,0.016856364905834198,0.0,-0.016856364905834198,0.0,0.0,0.0]","[0.0,187.5,637.5,287.5,-625.0,0.0,0.0,0.0]",255,1,1
2026-08-13T10:35:04.492113+00:00,90079.774028,armed_zero_attitude_hold,0.0000000,0.0000000,0.0000000,0.0000000,,,1,1,1,1,1,1,0.000000,2359,118000,2,1,1,0,0,1,0,3581452724,222,35872,90079722,428,0,-3.7190316,0.0330473,"[-0.28472715616226196,0.0029830012936145067,0.002205001190304756,0.9586014747619629]","[-0.030947813764214516,-0.04283968359231949,0.03304726630449295]","[0.440748006105423,0.025287000462412834,10.192221641540527]",0.0145599,142.688,"[0.0,0.0,0.0,0.0]","[0.0,0.0,0.01855526491999626,-0.013303485698997974,-0.01855526491999626,0.0,0.0,-0.013303485698997974]","[0.0,0.0,625.0,-475.0,-625.0,0.0,0.0,-737.5]",255,1,1
2026-08-13T10:35:04.544340+00:00,90079.826381,armed_zero_attitude_hold,0.0000000,0.0000000,0.0000000,0.0000000,,,1,1,1,1,1,1,0.000000,2360,118050,2,1,1,0,0,1,0,3581452724,223,48731,90079775,429,0,-3.7194016,0.0235670,"[-0.2849070727825165,0.003122000489383936,0.003067000536248088,0.9585451483726501]","[0.0643819123506546,0.006338267587125301,0.02356695383787155]","[-0.2175319939851761,0.06715799868106842,9.577134132385254]",0.0145599,142.688,"[0.0,0.0,0.0,0.0]","[0.0,0.0,0.0,0.014425056055188179,0.0,0.0,0.0,0.014425056055188179]","[0.0,0.0,437.5,1150.0,375.0,0.0,0.0,200.0]",255,1,1
2026-08-13T10:35:04.596809+00:00,90079.878603,armed_zero_attitude_hold,0.0000000,0.0000000,0.0000000,0.0000000,,,1,1,1,1,1,1,0.000000,2361,118100,2,1,1,0,0,1,0,3581452724,224,42706,90079827,430,0,-3.7197387,0.0301219,"[-0.28507015109062195,0.002579001011326909,0.0036050016060471535,0.9584964513778687]","[-0.024473408237099648,0.02072957158088684,0.03012187033891678]","[0.523576021194458,0.12076900154352188,9.853534698486328]",0.0142100,139.258,"[0.0,0.0,0.0,0.0]","[0.0,0.0,0.015694033354520798,0.0,-0.015694033354520798,0.0,0.0,0.0]","[0.0,0.0,187.5,650.0,-275.0,0.0,0.0,700.0]",255,1,1
2026-08-13T10:35:04.648749+00:00,90079.931053,armed_zero_attitude_hold,0.0000000,0.0000000,0.0000000,0.0000000,,,1,1,1,1,1,1,0.000000,2362,118150,2,1,1,0,0,1,0,3581452724,225,36665,90079879,431,0,-3.7200623,0.0234054,"[-0.28522032499313354,0.0024800028186291456,0.0018190020928159356,0.9584570527076721]","[-0.1182524561882019,0.023129716515541077,0.0234054047614336]","[0.3066979944705963,0.14071699976921082,9.831558227539062]",0.0142100,139.258,"[0.0,0.0,0.0,0.0]","[0.0,0.0,0.041069984436035156,-0.022276878356933594,-0.041069984436035156,0.0,0.0,-0.022276878356933594]","[0.0,0.0,662.5,-512.5,-612.5,0.0,0.0,-725.0]",255,1,1
2026-08-13T10:35:04.699988+00:00,90079.982838,armed_zero_attitude_hold,0.0000000,0.0000000,0.0000000,0.0000000,,,1,1,1,1,1,1,0.000000,2363,118200,2,1,1,0,0,1,0,3581452724,226,37997,90079932,432,0,-3.7204604,0.0302168,"[-0.2853981554508209,0.003313001710921526,-0.003071001498028636,0.9583984613418579]","[-0.3022008538246155,0.025665519759058952,0.030216798186302185]","[-0.01106099970638752,0.09036000072956085,9.900609970092773]",0.0142738,139.883,"[0.0,0.0,0.0,0.0]","[0.0,0.0,0.09933019429445267,-0.07930480688810349,-0.09933019429445267,0.0,0.0,-0.07930480688810349]","[0.0,0.0,837.5,-637.5,-737.5,0.0,0.0,-875.0]",255,1,1
2026-08-13T10:35:04.752106+00:00,90080.034072,armed_zero_attitude_hold,0.0000000,0.0000000,0.0000000,0.0000000,,,1,1,1,1,1,1,0.000000,2364,118250,2,1,1,0,0,1,0,3581452724,227,31095,90079983,433,0,-3.7207992,0.0222542,"[-0.2855422794818878,0.004478004295378923,-0.008297007530927658,0.9583197236061096]","[-0.018385717645287514,0.018094632774591446,0.02225416898727417]","[0.28008800745010376,-0.425462007522583,9.77241039276123]",0.0142738,139.883,"[0.0,0.0,0.0,0.0]","[0.0,0.0,0.06633636355400085,-0.04738353192806244,-0.06633636355400085,0.0,0.0,-0.04738353192806244]","[0.0,0.0,1125.0,-700.0,-825.0,0.0,0.0,-1062.5]",255,1,1
2026-08-13T10:35:04.804546+00:00,90080.086362,armed_zero_attitude_hold,0.0000000,0.0000000,0.0000000,0.0000000,,,1,1,1,1,1,1,0.000000,2365,118300,2,1,1,0,0,1,0,3581452724,228,4990,90080035,434,0,-3.7204134,0.0069000,"[-0.2853710651397705,0.003302000928670168,-0.0060630012303590775,0.9583922624588013]","[0.19954462349414825,0.025837190449237823,0.0069000376388430595]","[0.13856500387191772,-0.08964899927377701,9.818621635437012]",0.0141494,138.664,"[0.0,0.0,0.0,0.0]","[0.010095290839672089,0.010095290839672089,0.01756179891526699,0.0,-0.01756179891526699,-0.010095290839672089,0.010095290839672089,0.0]","[0.0,0.0,937.5,550.0,-662.5,-0.0,0.0,725.0]",255,1,1
2026-08-13T10:35:04.856232+00:00,90080.138760,armed_zero_attitude_hold,0.0000000,0.0000000,0.0000000,0.0000000,,,1,1,1,1,1,1,0.000000,2366,118350,2,1,1,0,0,1,0,3581452724,229,49003,90080087,435,0,-3.7204125,0.0215242,"[-0.2853841781616211,0.0014620007714256644,-0.001719001098535955,0.9584106206893921]","[0.16922681033611298,0.018731536343693733,0.02152416668832302]","[0.3724139928817749,-0.3446030020713806,9.424455642700195]",0.0141494,138.664,"[0.0,0.0,0.0,0.0]","[0.0,0.0,0.0,0.013606837950646877,0.0,0.0,0.0,0.013606837950646877]","[0.0,0.0,925.0,450.0,587.5,0.0,0.0,487.5]",255,1,1
2026-08-13T10:35:04.908068+00:00,90080.190341,armed_zero_attitude_hold,0.0000000,0.0000000,0.0000000,0.0000000,,,1,1,1,1,1,1,0.000000,2367,118400,2,1,1,0,0,1,0,3581452724,230,56421,90080139,436,0,-3.7210116,0.0378471,"[-0.2856740951538086,0.0004640002443920821,0.0009610003908164799,0.9583262801170349]","[-0.00040737728704698384,-0.02737865038216114,0.03784708306193352]","[0.10737299919128418,0.0879950001835823,9.467819213867188]",0.0142738,139.883,"[0.0,0.0,0.0,0.0]","[0.0,0.0,0.025400539860129356,-0.014041071757674217,-0.025400539860129356,0.0,0.0,-0.014041071757674217]","[0.0,0.0,812.5,-725.0,-450.0,0.0,0.0,-612.5]",255,1,1
2026-08-13T10:35:04.959392+00:00,90080.242278,armed_zero_attitude_hold,0.0000000,0.0000000,0.0000000,0.0000000,,,1,1,1,1,1,1,0.000000,2368,118450,2,1,1,0,0,1,0,3581452724,231,42818,90080191,437,0,-3.7221498,0.0503550,"[-0.286216139793396,0.002612001495435834,-0.00013800006126984954,0.9581615328788757]","[-0.1459845006465912,-0.1261104792356491,0.050355035811662674]","[0.16201600432395935,0.21907800436019897,9.718396186828613]",0.0142738,139.883,"[0.0,0.0,0.0,0.0]","[0.0,0.0,0.05045146122574806,-0.061397526413202286,-0.05045146122574806,0.0,0.0,-0.061397526413202286]","[0.0,0.0,987.5,-862.5,-612.5,0.0,0.0,-1225.0]",255,1,1
