host_time_utc,host_monotonic_s,phase,requested_forward,requested_right,requested_down,requested_yaw,requested_motor_index,requested_motor_throttle,requested_armed,sent,transport_open,session_confirmed,armed_confirmation_fresh,telemetry_fresh,telemetry_age_s,telemetry_sequence,mcu_tick_ms,state,telemetry_armed,telemetry_mpc_direct,telemetry_yaw_direct,telemetry_failsafe,command_status,reject_flags,last_command_session,last_command_sequence,last_command_crc,last_command_sender_time_ms,command_count,rejected_command_count,yaw_rad,yaw_rate_rad_s,imu_quat_wxyz,imu_angular_velocity_xyz_rad_s,imu_linear_acceleration_xyz_m_s2,depth_m,pressure_pa,received_channels,applied_motor_throttle_m1_m8,motor_rpm_m1_m8,rpm_valid_mask,execution_feedback_valid,rpm_available
2026-08-11T14:23:46.343382+00:00,1245621.811060,cycle_1_neutral_before_blocked,0.0000000,0.0000000,0.0000000,0.0000000,,,0,1,1,0,0,0,nan,,,,,,,,,,,,,,,,,,,,,,,,,,,,
2026-08-11T14:23:46.395173+00:00,1245621.861479,cycle_1_neutral_before_blocked,0.0000000,0.0000000,0.0000000,0.0000000,,,0,1,1,1,0,1,0.000000,2625,131301,1,0,1,1,0,1,0,1673247511,0,48539,1245621811,406,0,-2.4749870,-0.0048850,"[-0.3270670473575592,0.008548001758754253,-0.034668006002902985,0.9443263411521912]","[-0.0019930091220885515,0.0020453862380236387,-0.004884984809905291]","[-0.11729499697685242,-0.6904889941215515,9.781339645385742]",0.0985714,966.000,"[0.0,0.0,0.0,0.0]","[0.0,0.0,0.0,0.0,0.0,0.0,0.0,0.0]","[0.0,0.0,0.0,0.0,0.0,0.0,0.0,0.0]",240,1,1
2026-08-11T14:23:46.447125+00:00,1245621.913614,cycle_1_neutral_before_blocked,0.0000000,0.0000000,0.0000000,0.0000000,,,0,1,1,1,0,1,0.000000,2626,131351,1,0,1,1,0,1,0,1673247511,1,61258,1245621862,407,0,-2.4748642,-0.0048629,"[-0.3271251618862152,0.008543004281818867,-0.03463701531291008,0.9443074464797974]","[-0.0020004790276288986,0.0007977027562446892,-0.004862871486693621]","[-0.0909309983253479,-0.6911590099334717,9.745668411254883]",0.0985714,966.000,"[0.0,0.0,0.0,0.0]","[0.0,0.0,0.0,0.0,0.0,0.0,0.0,0.0]","[0.0,0.0,0.0,0.0,0.0,0.0,0.0,0.0]",240,1,1
2026-08-11T14:23:46.499190+00:00,1245621.965505,cycle_1_neutral_before_blocked,0.0000000,0.0000000,0.0000000,0.0000000,,,0,1,1,1,0,1,0.000000,2627,131401,1,0,1,1,0,1,0,1673247511,2,59357,1245621914,408,0,-2.4747441,-0.0060858,"[-0.3271820843219757,0.008538004010915756,-0.034621015191078186,0.9442883133888245]","[-0.001998663879930973,0.0007822915213182569,-0.006085788831114769]","[-0.09568800032138824,-0.6887320280075073,9.74557876586914]",0.0911224,893.000,"[0.0,0.0,0.0,0.0]","[0.0,0.0,0.0,0.0,0.0,0.0,0.0,0.0]","[0.0,0.0,0.0,0.0,0.0,0.0,0.0,0.0]",240,1,1
2026-08-11T14:23:46.551204+00:00,1245622.017614,cycle_1_neutral_before_blocked,0.0000000,0.0000000,0.0000000,0.0000000,,,0,1,1,1,0,1,0.000000,2628,131451,1,0,1,1,0,1,0,1673247511,3,8273,1245621966,409,0,-2.4746478,-0.0048481,"[-0.32722729444503784,0.008547007106244564,-0.034612033516168594,0.9442728757858276]","[-0.0013951290166005492,0.0001699427084531635,-0.00484812306240201]","[-0.09325599670410156,-0.6815639734268188,9.743102073669434]",0.0911224,893.000,"[0.0,0.0,0.0,0.0]","[0.0,0.0,0.0,0.0,0.0,0.0,0.0,0.0]","[0.0,0.0,0.0,0.0,0.0,0.0,0.0,0.0]",240,1,1
2026-08-11T14:23:46.603210+00:00,1245622.069542,cycle_1_neutral_before_blocked,0.0000000,0.0000000,0.0000000,0.0000000,,,0,1,1,1,0,1,0.000000,2629,131501,1,0,1,1,0,1,0,1673247511,4,19032,1245622018,410,0,-2.4745336,-0.0042404,"[-0.32728126645088196,0.008548007346689701,-0.034599028527736664,0.9442546367645264]","[-0.0020051042083650827,0.00018158406601287425,-0.004240364767611027]","[-0.08369900286197662,-0.686601996421814,9.731291770935059]",0.0911224,893.000,"[0.0,0.0,0.0,0.0]","[0.0,0.0,0.0,0.0,0.0,0.0,0.0,0.0]","[0.0,0.0,0.0,0.0,0.0,0.0,0.0,0.0]",240,1,1
2026-08-11T14:23:46.655324+00:00,1245622.121632,cycle_1_neutral_before_blocked,0.0000000,0.0000000,0.0000000,0.0000000,,,0,1,1,1,0,1,0.000000,2630,131551,1,0,1,1,0,1,0,1673247511,5,12671,1245622070,411,0,-2.4744394,-0.0060587,"[-0.3273252844810486,0.008562006987631321,-0.03461003303527832,0.9442388415336609]","[2.663372470124159e-05,-6.258751091081649e-05,-0.006058718543499708]","[-0.05017700046300888,-0.6856769919395447,9.697280883789062]",0.0958163,939.000,"[0.0,0.0,0.0,0.0]","[0.0,0.0,0.0,0.0,0.0,0.0,0.0,0.0]","[0.0,0.0,0.0,0.0,0.0,0.0,0.0,0.0]",240,1,1
2026-08-11T14:23:46.707422+00:00,1245622.173729,cycle_1_neutral_before_blocked,0.0000000,0.0000000,0.0000000,0.0000000,,,0,1,1,1,0,1,0.000000,2631,131601,1,0,1,1,0,1,0,1673247511,5,12671,1245622070,411,0,-2.4743738,-0.0048186,"[-0.3273552358150482,0.008593006059527397,-0.03459902107715607,0.9442285895347595]","[-0.0007947531412355602,-0.001289606443606317,-0.004818627145141363]","[-0.04703899845480919,-0.6937099695205688,9.697434425354004]",0.0958163,939.000,"[0.0,0.0,0.0,0.0]","[0.0,0.0,0.0,0.0,0.0,0.0,0.0,0.0]","[0.0,0.0,0.0,0.0,0.0,0.0,0.0,0.0]",240,1,1
2026-08-11T14:23:46.758600+00:00,1245622.225787,cycle_1_neutral_before_blocked,0.0000000,0.0000000,0.0000000,0.0000000,,,0,1,1,1,0,1,0.000000,2632,131651,1,0,1,1,0,1,0,1673247511,6,48150,1245622122,412,0,-2.4742625,-0.0060895,"[-0.3274080753326416,0.008587002754211426,-0.03460001200437546,0.9442102909088135]","[-0.00077675876673311,0.0013982531381770968,-0.006089453585445881]","[-0.01908300071954727,-0.6952139735221863,9.660196304321289]",0.0871429,854.000,"[0.0,0.0,0.0,0.0]","[0.0,0.0,0.0,0.0,0.0,0.0,0.0,0.0]","[0.0,0.0,0.0,0.0,0.0,0.0,0.0,0.0]",240,1,1
2026-08-11T14:23:46.810543+00:00,1245622.276828,cycle_1_neutral_before_blocked,0.0000000,0.0000000,0.0000000,0.0000000,,,0,1,1,1,0,1,0.000000,2633,131701,1,0,1,1,0,1,0,1673247511,7,65124,1245622174,413,0,-2.4741473,-0.0048481,"[-0.32746222615242004,0.00859700608998537,-0.03461902588605881,0.9441906809806824]","[-0.0032261190935969353,-0.00044209189945831895,-0.004848140757530928]","[-0.009534000419080257,-0.6903740167617798,9.665032386779785]",0.0871429,854.000,"[0.0,0.0,0.0,0.0]","[0.0,0.0,0.0,0.0,0.0,0.0,0.0,0.0]","[0.0,0.0,0.0,0.0,0.0,0.0,0.0,0.0]",240,1,1
2026-08-11T14:23:46.862837+00:00,1245622.328990,cycle_1_neutral_before_blocked,0.0000000,0.0000000,0.0000000,0.0000000,,,0,1,1,1,0,1,0.000000,2634,131751,1,0,1,1,0,1,0,1673247511,8,59081,1245622226,414,0,-2.4740543,-0.0054485,"[-0.32750532031059265,0.008623008616268635,-0.034613028168678284,0.9441757798194885]","[-0.0013979562791064382,-0.00046160470810718834,-0.005448516923934221]","[-0.007135999854654074,-0.6879799962043762,9.665024757385254]",0.0871429,854.000,"[0.0,0.0,0.0,0.0]","[0.0,0.0,0.0,0.0,0.0,0.0,0.0,0.0]","[0.0,0.0,0.0,0.0,0.0,0.0,0.0,0.0]",240,1,1
2026-08-11T14:23:46.915020+00:00,1245622.381263,cycle_1_neutral_before_blocked,0.0000000,0.0000000,0.0000000,0.0000000,,,0,1,1,1,0,1,0.000000,2635,131801,1,0,1,1,0,1,0,1673247511,9,29678,1245622278,415,0,-2.4739089,-0.0048592,"[-0.3275742828845978,0.008617007173597813,-0.03461502864956856,0.9441518187522888]","[-0.0013913939474150538,0.0007937758346088231,-0.004859188571572304]","[-0.007077000103890896,-0.6882370114326477,9.648238182067871]",0.0894898,877.000,"[0.0,0.0,0.0,0.0]","[0.0,0.0,0.0,0.0,0.0,0.0,0.0,0.0]","[0.0,0.0,0.0,0.0,0.0,0.0,0.0,0.0]",240,1,1
2026-08-11T14:23:46.967194+00:00,1245622.433498,cycle_1_neutral_before_blocked,0.0000000,0.0000000,0.0000000,0.0000000,,,0,1,1,1,0,1,0.000000,2636,131851,1,0,1,1,0,1,0,1673247511,10,16940,1245622330,416,0,-2.4737794,-0.0044700,"[-0.32763537764549255,0.008619009517133236,-0.03463304042816162,0.9441299438476562]","[-0.003216763725504279,0.0012266174890100956,-0.004469997715204954]","[0.008678999729454517,-0.6991680264472961,9.672567367553711]",0.0894898,877.000,"[0.0,0.0,0.0,0.0]","[0.0,0.0,0.0,0.0,0.0,0.0,0.0,0.0]","[0.0,0.0,0.0,0.0,0.0,0.0,0.0,0.0]",240,1,1
2026-08-11T14:23:47.019269+00:00,1245622.485616,cycle_1_neutral_before_blocked,0.0000000,0.0000000,0.0000000,0.0000000,,,0,1,1,1,0,1,0.000000,2637,131901,1,0,1,1,0,1,0,1673247511,11,34208,1245622382,417,0,-2.4736371,-0.0048592,"[-0.32770225405693054,0.008633007295429707,-0.03462902829051018,0.9441067576408386]","[-0.00322238402441144,0.00018174113938584924,-0.004859205801039934]","[-0.00509499991312623,-0.7184910178184509,9.715872764587402]",0.0847959,831.000,"[0.0,0.0,0.0,0.0]","[0.0,0.0,0.0,0.0,0.0,0.0,0.0,0.0]","[0.0,0.0,0.0,0.0,0.0,0.0,0.0,0.0]",240,1,1
2026-08-11T14:23:47.071426+00:00,1245622.537726,cycle_1_neutral_before_blocked,0.0000000,0.0000000,0.0000000,0.0000000,,,0,1,1,1,0,1,0.000000,2638,131951,1,0,1,1,0,1,0,1673247511,12,29540,1245622434,418,0,-2.4734807,-0.0042514,"[-0.3277760148048401,0.008637001737952232,-0.03462900221347809,0.9440811276435852]","[-0.0020013863686472178,0.000805417075753212,-0.004251430276781321]","[-0.04096199944615364,-0.7007179856300354,9.765573501586914]",0.0847959,831.000,"[0.0,0.0,0.0,0.0]","[0.0,0.0,0.0,0.0,0.0,0.0,0.0,0.0]","[0.0,0.0,0.0,0.0,0.0,0.0,0.0,0.0]",240,1,1
2026-08-11T14:23:47.123436+00:00,1245622.589794,cycle_1_neutral_before_blocked,0.0000000,0.0000000,0.0000000,0.0000000,,,0,1,1,1,0,1,0.000000,2639,132001,1,0,1,1,0,1,0,1673247511,13,57201,1245622486,419,0,-2.4733386,-0.0049034,"[-0.3278430998325348,0.008638001047074795,-0.03464500606060028,0.9440572261810303]","[-0.003207443980500102,0.002677090698853135,-0.004903432913124561]","[-0.11035200208425522,-0.6896049976348877,9.841374397277832]",0.0847959,831.000,"[0.0,0.0,0.0,0.0]","[0.0,0.0,0.0,0.0,0.0,0.0,0.0,0.0]","[0.0,0.0,0.0,0.0,0.0,0.0,0.0,0.0]",240,1,1
2026-08-11T14:23:47.175571+00:00,1245622.641852,cycle_1_neutral_before_blocked,0.0000000,0.0000000,0.0000000,0.0000000,,,0,1,1,1,0,1,0.000000,2640,132051,1,0,1,1,0,1,0,1673247511,14,8370,1245622538,420,0,-2.4731989,-0.0036400,"[-0.32790815830230713,0.008666004054248333,-0.03464101627469063,0.9440345168113708]","[-0.00200227671302855,0.0008131313952617347,-0.0036399713717401028]","[-0.12940700352191925,-0.6896269917488098,9.83396053314209]",0.0863265,846.000,"[0.0,0.0,0.0,0.0]","[0.0,0.0,0.0,0.0,0.0,0.0,0.0,0.0]","[0.0,0.0,0.0,0.0,0.0,0.0,0.0,0.0]",240,1,1
2026-08-11T14:23:47.228603+00:00,1245622.693996,cycle_1_neutral_before_blocked,0.0000000,0.0000000,0.0000000,0.0000000,,,0,1,1,1,0,1,0.000000,2642,132151,1,0,1,1,0,1,0,1673247511,16,54905,1245622643,422,0,-2.4729891,-0.0052484,"[-0.32800623774528503,0.008699006401002407,-0.03465402498841286,0.9439996480941772]","[-0.0020073382183909416,-0.00045509461779147387,-0.005248397123068571]","[-0.010502999648451805,-0.695360004901886,9.705875396728516]",0.0838775,822.000,"[0.0,0.0,0.0,0.0]","[0.0,0.0,0.0,0.0,0.0,0.0,0.0,0.0]","[0.0,0.0,0.0,0.0,0.0,0.0,0.0,0.0]",240,1,1
2026-08-11T14:23:47.280680+00:00,1245622.747024,cycle_1_neutral_before_blocked,0.0000000,0.0000000,0.0000000,0.0000000,,,0,1,1,1,0,1,0.000000,2643,132201,1,0,1,1,0,1,0,1673247511,17,16355,1245622696,423,0,-2.4728720,-0.0060932,"[-0.3280610740184784,0.00871600117534399,-0.03468600660562515,0.9439792633056641]","[-0.0032168340403586626,0.000790145481005311,-0.006093171425163746]","[-0.12707699835300446,-0.691860020160675,9.846013069152832]",0.0838775,822.000,"[0.0,0.0,0.0,0.0]","[0.0,0.0,0.0,0.0,0.0,0.0,0.0,0.0]","[0.0,0.0,0.0,0.0,0.0,0.0,0.0,0.0]",240,1,1
2026-08-11T14:23:47.332780+00:00,1245622.799118,cycle_1_neutral_before_blocked,0.0000000,0.0000000,0.0000000,0.0000000,,,0,1,1,1,0,1,0.000000,2644,132251,1,0,1,1,0,1,0,1673247511,18,13300,1245622748,424,0,-2.4727483,-0.0060895,"[-0.3281193673610687,0.008725008927285671,-0.034712038934230804,0.9439579844474792]","[-0.00443873880431056,0.0001741838495945558,-0.006089488510042429]","[-0.047968000173568726,-0.7087079882621765,9.712837219238281]",0.0838775,822.000,"[0.0,0.0,0.0,0.0]","[0.0,0.0,0.0,0.0,0.0,0.0,0.0,0.0]","[0.0,0.0,0.0,0.0,0.0,0.0,0.0,0.0]",240,1,1
2026-08-11T14:23:47.385043+00:00,1245622.851233,cycle_1_neutral_before_blocked,0.0000000,0.0000000,0.0000000,0.0000000,,,0,1,1,1,0,1,0.000000,2645,132301,1,0,1,1,0,1,0,1673247511,19,32865,1245622800,425,0,-2.4726052,-0.0036179,"[-0.3281863331794739,0.008745010010898113,-0.034727033227682114,0.9439339637756348]","[-0.0020097466185688972,-0.00043453462421894073,-0.0036178582813590765]","[-0.02168099954724312,-0.7041280269622803,9.705875396728516]",0.0768367,753.000,"[0.0,0.0,0.0,0.0]","[0.0,0.0,0.0,0.0,0.0,0.0,0.0,0.0]","[0.0,0.0,0.0,0.0,0.0,0.0,0.0,0.0]",240,1,1
2026-08-11T14:23:47.437115+00:00,1245622.903464,cycle_1_neutral_before_blocked,0.0000000,0.0000000,0.0000000,0.0000000,,,0,1,1,1,0,1,0.000000,2646,132351,1,0,1,1,0,1,0,1673247511,20,59368,1245622852,426,0,-2.4724438,-0.0049035,"[-0.32826220989227295,0.008758004754781723,-0.034752022475004196,0.9439065456390381]","[-0.00503843417391181,0.002065056236460805,-0.004903450142592192]","[-0.12463299930095673,-0.6921280026435852,9.829254150390625]",0.0768367,753.000,"[0.0,0.0,0.0,0.0]","[0.0,0.0,0.0,0.0,0.0,0.0,0.0,0.0]","[0.0,0.0,0.0,0.0,0.0,0.0,0.0,0.0]",240,1,1
2026-08-11T14:23:47.489404+00:00,1245622.955569,cycle_1_neutral_before_blocked,0.0000000,0.0000000,0.0000000,0.0000000,,,0,1,1,1,0,1,0.000000,2647,132401,1,0,1,1,0,1,0,1673247511,21,30248,1245622904,427,0,-2.4722817,-0.0032594,"[-0.3283384144306183,0.00877200998365879,-0.03477204591035843,0.9438791871070862]","[-0.0028075368609279394,0.002071199705824256,-0.003259367775171995]","[-0.013666999526321888,-0.7118210196495056,9.677294731140137]",0.0787755,772.000,"[0.0,0.0,0.0,0.0]","[0.0,0.0,0.0,0.0,0.0,0.0,0.0,0.0]","[0.0,0.0,0.0,0.0,0.0,0.0,0.0,0.0]",240,1,1
2026-08-11T14:23:47.541618+00:00,1245623.007809,cycle_1_neutral_before_blocked,0.0000000,0.0000000,0.0000000,0.0000000,,,0,1,1,1,0,1,0.000000,2648,132451,1,0,1,1,0,1,0,1673247511,22,65473,1245622956,428,0,-2.4721031,-0.0040624,"[-0.3284231126308441,0.008766003884375095,-0.0347830094397068,0.9438493847846985]","[-0.001996709033846855,0.001639789086766541,-0.004062358755618334]","[-0.09830699861049652,-0.6950939893722534,9.80081558227539]",0.0787755,772.000,"[0.0,0.0,0.0,0.0]","[0.0,0.0,0.0,0.0,0.0,0.0,0.0,0.0]","[0.0,0.0,0.0,0.0,0.0,0.0,0.0,0.0]",240,1,1
2026-08-11T14:23:47.593798+00:00,1245623.060092,cycle_1_neutral_before_blocked,0.0000000,0.0000000,0.0000000,0.0000000,,,0,1,1,1,0,1,0.000000,2649,132501,1,0,1,1,0,1,0,1673247511,23,53818,1245623009,429,0,-2.4719512,-0.0060747,"[-0.3284951448440552,0.008756003342568874,-0.034781020134687424,0.9438244700431824]","[-0.000171408784808591,0.0007704931194894016,-0.006074706092476845]","[-0.02396400086581707,-0.7094780206680298,9.669944763183594]",0.0747959,733.000,"[0.0,0.0,0.0,0.0]","[0.0,0.0,0.0,0.0,0.0,0.0,0.0,0.0]","[0.0,0.0,0.0,0.0,0.0,0.0,0.0,0.0]",240,1,1
2026-08-11T14:23:47.645872+00:00,1245623.112241,cycle_1_neutral_before_blocked,0.0000000,0.0000000,0.0000000,0.0000000,,,0,1,1,1,0,1,0.000000,2650,132551,1,0,1,1,0,1,0,1673247511,24,44174,1245623061,430,0,-2.4717920,-0.0024355,"[-0.3285711407661438,0.008734003640711308,-0.03477601334452629,0.9437984228134155]","[-0.001387536758556962,0.002072299364954233,-0.002435484668239951]","[-0.10545799881219864,-0.6876980066299438,9.810220718383789]",0.0747959,733.000,"[0.0,0.0,0.0,0.0]","[0.0,0.0,0.0,0.0,0.0,0.0,0.0,0.0]","[0.0,0.0,0.0,0.0,0.0,0.0,0.0,0.0]",240,1,1
2026-08-11T14:23:47.698063+00:00,1245623.164310,cycle_1_neutral_before_blocked,0.0000000,0.0000000,0.0000000,0.0000000,,,0,1,1,1,0,1,0.000000,2651,132601,1,0,1,1,0,1,0,1673247511,25,33253,1245623113,431,0,-2.4716368,-0.0048518,"[-0.328644335269928,0.008733008056879044,-0.034748028963804245,0.9437739253044128]","[-0.00017320647020824254,0.000785904296208173,-0.0048517887480556965]","[-0.02407499961555004,-0.7090010046958923,9.70112133026123]",0.0760204,745.000,"[0.0,0.0,0.0,0.0]","[0.0,0.0,0.0,0.0,0.0,0.0,0.0,0.0]","[0.0,0.0,0.0,0.0,0.0,0.0,0.0,0.0]",240,1,1
2026-08-11T14:23:47.750338+00:00,1245623.216478,cycle_1_neutral_before_blocked,0.0000000,0.0000000,0.0000000,0.0000000,,,0,1,1,1,0,1,0.000000,2652,132651,1,0,1,1,0,1,0,1673247511,26,23232,1245623165,432,0,-2.4715135,-0.0048887,"[-0.3287031352519989,0.008718004450201988,-0.03472501039505005,0.9437544941902161]","[-0.0007711039506830275,0.0026613653171807528,-0.00488866725936532]","[-0.09829799830913544,-0.6902099847793579,9.805541038513184]",0.0760204,745.000,"[0.0,0.0,0.0,0.0]","[0.0,0.0,0.0,0.0,0.0,0.0,0.0,0.0]","[0.0,0.0,0.0,0.0,0.0,0.0,0.0,0.0]",240,1,1
2026-08-11T14:23:47.802669+00:00,1245623.268817,cycle_1_neutral_before_blocked,0.0000000,0.0000000,0.0000000,0.0000000,,,0,1,1,1,0,1,0.000000,2653,132701,1,0,1,1,0,1,0,1673247511,27,3073,1245623217,433,0,-2.4713786,-0.0048727,"[-0.32876718044281006,0.008706005290150642,-0.034718018025159836,0.943732500076294]","[-0.001183385611511767,0.0016242556739598513,-0.004872697405517101]","[-0.015332999639213085,-0.7164040207862854,9.69173526763916]",0.0760204,745.000,"[0.0,0.0,0.0,0.0]","[0.0,0.0,0.0,0.0,0.0,0.0,0.0,0.0]","[0.0,0.0,0.0,0.0,0.0,0.0,0.0,0.0]",240,1,1
2026-08-11T14:23:47.854837+00:00,1245623.321169,cycle_1_neutral_before_blocked,0.0000000,0.0000000,0.0000000,0.0000000,,,0,1,1,1,0,1,0.000000,2654,132751,1,0,1,1,0,1,0,1673247511,28,37996,1245623270,434,0,-2.4712522,-0.0048961,"[-0.3288273215293884,0.008693008683621883,-0.03471003472805023,0.9437119364738464]","[-0.001989274052903056,0.0026692368555814028,-0.004896050319075584]","[-0.10785599797964096,-0.6950129866600037,9.80310344696045]",0.0827551,811.000,"[0.0,0.0,0.0,0.0]","[0.0,0.0,0.0,0.0,0.0,0.0,0.0,0.0]","[0.0,0.0,0.0,0.0,0.0,0.0,0.0,0.0]",240,1,1
2026-08-11T14:23:47.906929+00:00,1245623.373280,cycle_1_neutral_before_blocked,0.0000000,0.0000000,0.0000000,0.0000000,,,0,1,1,1,0,1,0.000000,2655,132801,1,0,1,1,0,1,0,1673247511,28,37996,1245623270,434,0,-2.4710963,-0.0048776,"[-0.3289012014865875,0.008683006279170513,-0.034676022827625275,0.9436875581741333]","[-0.000774838961660862,0.0020375321619212627,-0.004877601750195026]","[-0.03368699923157692,-0.706184983253479,9.724959373474121]",0.0827551,811.000,"[0.0,0.0,0.0,0.0]","[0.0,0.0,0.0,0.0,0.0,0.0,0.0,0.0]","[0.0,0.0,0.0,0.0,0.0,0.0,0.0,0.0]",240,1,1
2026-08-11T14:23:47.959012+00:00,1245623.425365,cycle_1_neutral_before_blocked,0.0000000,0.0000000,0.0000000,0.0000000,,,0,1,1,1,0,1,0.000000,2656,132851,1,0,1,1,0,1,0,1673247511,29,10911,1245623322,435,0,-2.4709272,-0.0048850,"[-0.32898110151290894,0.00868300348520279,-0.0346590131521225,0.943660318851471]","[-0.0019930091220885515,0.0020453862380236387,-0.004884984809905291]","[-0.06721100211143494,-0.7177649736404419,9.743934631347656]",0.0881633,864.000,"[0.0,0.0,0.0,0.0]","[0.0,0.0,0.0,0.0,0.0,0.0,0.0,0.0]","[0.0,0.0,0.0,0.0,0.0,0.0,0.0,0.0]",240,1,1
2026-08-11T14:23:48.011051+00:00,1245623.477391,cycle_1_neutral_before_blocked,0.0000000,0.0000000,0.0000000,0.0000000,,,0,1,1,1,0,1,0.000000,2657,132901,1,0,1,1,0,1,0,1673247511,30,19729,1245623374,436,0,-2.4707346,-0.0048813,"[-0.32907211780548096,0.008680003695189953,-0.034639012068510056,0.9436293840408325]","[-0.003214913886040449,0.0014294247375801206,-0.004881319589912891]","[-0.08388599753379822,-0.6808739900588989,9.791176795959473]",0.0881633,864.000,"[0.0,0.0,0.0,0.0]","[0.0,0.0,0.0,0.0,0.0,0.0,0.0,0.0]","[0.0,0.0,0.0,0.0,0.0,0.0,0.0,0.0]",240,1,1
2026-08-11T14:23:48.063164+00:00,1245623.529483,cycle_1_neutral_before_blocked,0.0000000,0.0000000,0.0000000,0.0000000,,,0,1,1,1,0,1,0.000000,2658,132951,1,0,1,1,0,1,0,1673247511,31,7120,1245623426,437,0,-2.4705601,-0.0023913,"[-0.3291543126106262,0.008687007240951061,-0.03463003411889076,0.9436009526252747]","[-0.0014024768024682999,-0.0004230329068377614,-0.002391258254647255]","[-0.021642999723553658,-0.7067539691925049,9.691521644592285]",0.0917347,899.000,"[0.0,0.0,0.0,0.0]","[0.0,0.0,0.0,0.0,0.0,0.0,0.0,0.0]","[0.0,0.0,0.0,0.0,0.0,0.0,0.0,0.0]",240,1,1
2026-08-11T14:23:48.115218+00:00,1245623.581532,cycle_1_neutral_before_blocked,0.0000000,0.0000000,0.0000000,0.0000000,,,0,1,1,1,0,1,0.000000,2659,133001,1,0,1,1,0,1,0,1673247511,32,49368,1245623478,438,0,-2.4703426,-0.0040476,"[-0.329256147146225,0.008713003247976303,-0.034625012427568436,0.9435654282569885]","[-0.0020016832277178764,0.0008079827530309558,-0.00404761079698801]","[-0.09182199835777283,-0.6891000270843506,9.775212287902832]",0.0917347,899.000,"[0.0,0.0,0.0,0.0]","[0.0,0.0,0.0,0.0,0.0,0.0,0.0,0.0]","[0.0,0.0,0.0,0.0,0.0,0.0,0.0,0.0]",240,1,1
2026-08-11T14:23:48.167316+00:00,1245623.633629,cycle_1_neutral_before_blocked,0.0000000,0.0000000,0.0000000,0.0000000,,,0,1,1,1,0,1,0.000000,2660,133051,1,0,1,1,0,1,0,1673247511,33,60851,1245623530,439,0,-2.4701536,-0.0036473,"[-0.32934513688087463,0.008722003549337387,-0.034619010984897614,0.9435344934463501]","[-0.00138945656362921,0.0014330375706776977,-0.0036473367363214493]","[-0.0791110023856163,-0.6833750009536743,9.786468505859375]",0.0913265,895.000,"[0.0,0.0,0.0,0.0]","[0.0,0.0,0.0,0.0,0.0,0.0,0.0,0.0]","[0.0,0.0,0.0,0.0,0.0,0.0,0.0,0.0]",240,1,1
2026-08-11T14:23:48.219453+00:00,1245623.685753,cycle_1_neutral_before_blocked,0.0000000,0.0000000,0.0000000,0.0000000,,,0,1,1,1,0,1,0.000000,2661,133101,1,0,1,1,0,1,0,1673247511,34,37646,1245623582,440,0,-2.4699528,-0.0036252,"[-0.32944032549858093,0.008711008355021477,-0.03460203856229782,0.9435019493103027]","[-0.003227916778996587,-0.0004266631731297821,-0.0036252408754080534]","[-0.021688999608159065,-0.709011971950531,9.701149940490723]",0.0913265,895.000,"[0.0,0.0,0.0,0.0]","[0.0,0.0,0.0,0.0,0.0,0.0,0.0,0.0]","[0.0,0.0,0.0,0.0,0.0,0.0,0.0,0.0]",240,1,1
2026-08-11T14:23:48.271536+00:00,1245623.737875,cycle_1_neutral_before_blocked,0.0000000,0.0000000,0.0000000,0.0000000,,,0,1,1,1,0,1,0.000000,2662,133151,1,0,1,1,0,1,0,1673247511,35,11176,1245623634,441,0,-2.4697967,-0.0048592,"[-0.3295142948627472,0.008702006191015244,-0.03458302840590477,0.9434768557548523]","[-0.0013913939474150538,0.0007937758346088231,-0.004859188571572304]","[-0.09110499918460846,-0.702709972858429,9.777019500732422]",0.1027551,1007.000,"[0.0,0.0,0.0,0.0]","[0.0,0.0,0.0,0.0,0.0,0.0,0.0,0.0]","[0.0,0.0,0.0,0.0,0.0,0.0,0.0,0.0]",240,1,1
2026-08-11T14:23:48.323679+00:00,1245623.789996,cycle_1_neutral_before_blocked,0.0000000,0.0000000,0.0000000,0.0000000,,,0,1,1,1,0,1,0.000000,2663,133201,1,0,1,1,0,1,0,1673247511,36,41542,1245623686,442,0,-2.4696407,-0.0036400,"[-0.3295883536338806,0.008688010275363922,-0.03458704054355621,0.9434509873390198]","[-0.00200227671302855,0.0008131313952617347,-0.0036399713717401028]","[-0.07192199677228928,-0.678633987903595,9.78408432006836]",0.1027551,1007.000,"[0.0,0.0,0.0,0.0]","[0.0,0.0,0.0,0.0,0.0,0.0,0.0,0.0]","[0.0,0.0,0.0,0.0,0.0,0.0,0.0,0.0]",240,1,1
2026-08-11T14:23:48.376734+00:00,1245623.842039,cycle_1_positive,0.0000000,0.0500000,0.0000000,0.0000000,,,1,1,1,1,0,1,0.000000,2665,133301,1,0,1,1,0,1,0,1673247511,38,49493,1245623791,444,0,-2.4693534,-0.0036596,"[-0.3297242224216461,0.008684005588293076,-0.03458501771092415,0.9434036016464233]","[-0.0015887557528913021,0.002058197045698762,-0.003659623907878995]","[-0.0711280032992363,-0.7122560143470764,9.735812187194824]",0.1070408,1049.000,"[0.0,0.0,0.0,0.0]","[0.0,0.0,0.0,0.0,0.0,0.0,0.0,0.0]","[0.0,0.0,0.0,0.0,0.0,0.0,0.0,0.0]",240,1,1
2026-08-11T14:23:48.428942+00:00,1245623.895183,cycle_1_positive,0.0000000,0.0500000,0.0000000,0.0000000,,,1,1,1,1,1,1,0.000000,2666,133351,2,1,1,1,0,1,0,1673247511,39,61569,1245623844,445,0,-2.4691756,-0.0042698,"[-0.3298092186450958,0.00865800492465496,-0.03460301458835602,0.9433735013008118]","[-0.0013848316157236695,0.0020491736941039562,-0.004269843455404043]","[-0.21534499526023865,-0.6963009834289551,9.842665672302246]",0.1194898,1171.000,"[0.0,0.05000000074505806,0.0,0.0]","[-0.05000000074505806,0.05000000074505806,0.0,0.0,0.0,0.05000000074505806,0.05000000074505806,0.0]","[-200.0,200.0,0.0,0.0,0.0,200.0,0.0,0.0]",0,1,1
2026-08-11T14:23:48.481081+00:00,1245623.947351,cycle_1_positive,0.0000000,0.0500000,0.0000000,0.0000000,,,1,1,1,1,1,1,0.000000,2667,133401,2,1,1,1,0,1,0,1673247511,40,5752,1245623896,446,0,-2.4687359,0.0046263,"[-0.3300221562385559,0.008430005051195621,-0.03371201455593109,0.9433333873748779]","[0.035719435662031174,-0.004321190994232893,0.004626344423741102]","[-0.14510400593280792,-0.48472699522972107,9.854754447937012]",0.1194898,1171.000,"[0.0,0.05000000074505806,0.0,0.0]","[-0.05000000074505806,0.05000000074505806,0.0,0.0,0.0,0.05000000074505806,0.05000000074505806,0.0]","[-1187.5,1175.0,0.0,0.0,0.0,1175.0,1212.5,0.0]",0,1,1
2026-08-11T14:23:48.533477+00:00,1245623.999537,cycle_1_positive,0.0000000,0.0500000,0.0000000,0.0000000,,,1,1,1,1,1,1,0.000000,2668,133451,2,1,1,1,0,1,0,1673247511,41,16275,1245623948,447,0,-2.4677706,0.0156989,"[-0.33048516511917114,0.008106004446744919,-0.032417017966508865,0.9432194828987122]","[0.044835712760686874,-0.004865227732807398,0.015698939561843872]","[0.044985998421907425,-0.4484950006008148,9.451004981994629]",0.1194898,1171.000,"[0.0,0.05000000074505806,0.0,0.0]","[-0.05000000074505806,0.05000000074505806,0.0,0.0,0.0,0.05000000074505806,0.05000000074505806,0.0]","[-1200.0,1187.5,0.0,0.0,0.0,1187.5,1237.5,0.0]",0,1,1
2026-08-11T14:23:48.585620+00:00,1245624.051907,cycle_1_positive,0.0000000,0.0500000,0.0000000,0.0000000,,,1,1,1,1,1,1,0.000000,2669,133501,2,1,1,1,0,1,0,1673247511,42,10039,1245624000,448,0,-2.4664669,0.0230328,"[-0.33111003041267395,0.0076950010843575,-0.03107200376689434,0.9430490732192993]","[0.05337071791291237,-0.001708555268123746,0.02303277887403965]","[-0.16921600699424744,-0.6680269837379456,9.660469055175781]",0.1161224,1138.000,"[0.0,0.05000000074505806,0.0,0.0]","[-0.05000000074505806,0.05000000074505806,0.0,0.0,0.0,0.05000000074505806,0.05000000074505806,0.0]","[-712.5,712.5,0.0,0.0,0.0,725.0,725.0,0.0]",0,1,1
2026-08-11T14:23:48.636992+00:00,1245624.104058,cycle_1_positive,0.0000000,0.0500000,0.0000000,0.0000000,,,1,1,1,1,1,1,0.000000,2670,133551,2,1,1,1,0,1,0,1673247511,43,51533,1245624053,449,0,-2.4650164,0.0203377,"[-0.3318040668964386,0.007268001791089773,-0.029812006279826164,0.9428491592407227]","[0.05074524134397507,-6.134832074167207e-05,0.020337658002972603]","[-0.05024699866771698,-0.6509270071983337,9.767133712768555]",0.1161224,1138.000,"[0.0,0.05000000074505806,0.0,0.0]","[-0.05000000074505806,0.05000000074505806,0.0,0.0,0.0,0.05000000074505806,0.05000000074505806,0.0]","[-637.5,612.5,0.0,0.0,0.0,625.0,637.5,0.0]",0,1,1
2026-08-11T14:23:48.689197+00:00,1245624.155290,cycle_1_positive,0.0000000,0.0500000,0.0000000,0.0000000,,,1,1,1,1,1,1,0.000000,2671,133601,2,1,1,1,0,1,0,1673247511,44,41940,1245624104,450,0,-2.4635372,0.0235668,"[-0.3325101435184479,0.006871002726256847,-0.028584010899066925,0.9426414370536804]","[0.04790298640727997,0.0008299041073769331,0.02356676198542118]","[-0.07131800055503845,-0.5237730145454407,9.84178352355957]",0.1048980,1028.000,"[0.0,0.05000000074505806,0.0,0.0]","[-0.05000000074505806,0.05000000074505806,0.0,0.0,0.0,0.05000000074505806,0.05000000074505806,0.0]","[-612.5,612.5,0.0,0.0,0.0,612.5,625.0,0.0]",0,1,1
2026-08-11T14:23:48.741566+00:00,1245624.207725,cycle_1_positive,0.0000000,0.0500000,0.0000000,0.0000000,,,1,1,1,1,1,1,0.000000,2672,133651,2,1,1,1,0,1,0,1673247511,45,4033,1245624156,451,0,-2.4620550,0.0211209,"[-0.3332160413265228,0.006518001202493906,-0.02745700441300869,0.9424281120300293]","[0.04058263823390007,-0.0016490918351337314,0.02112087607383728]","[-0.04501400142908096,-0.5733950138092041,9.751659393310547]",0.1048980,1028.000,"[0.0,0.05000000074505806,0.0,0.0]","[-0.05000000074505806,0.05000000074505806,0.0,0.0,0.0,0.05000000074505806,0.05000000074505806,0.0]","[-612.5,600.0,0.0,0.0,0.0,600.0,612.5,0.0]",0,1,1
2026-08-11T14:23:48.793727+00:00,1245624.259960,cycle_1_positive,0.0000000,0.0500000,0.0000000,0.0000000,,,1,1,1,1,1,1,0.000000,2673,133701,2,1,1,1,0,1,0,1673247511,46,63746,1245624208,452,0,-2.4606686,0.0198463,"[-0.333875447511673,0.006204008124768734,-0.026468034833669662,0.9422251582145691]","[0.035719212144613266,-0.0003853687085211277,0.019846295937895775]","[-0.028257999569177628,-0.549124002456665,9.770685195922852]",0.1000000,980.000,"[0.0,0.05000000074505806,0.0,0.0]","[-0.05000000074505806,0.05000000074505806,0.0,0.0,0.0,0.05000000074505806,0.05000000074505806,0.0]","[-600.0,600.0,0.0,0.0,0.0,600.0,612.5,0.0]",0,1,1
2026-08-11T14:23:48.845910+00:00,1245624.312177,cycle_1_positive,0.0000000,0.0500000,0.0000000,0.0000000,,,1,1,1,1,1,1,0.000000,2674,133751,2,1,1,1,0,1,0,1673247511,47,43987,1245624261,453,0,-2.4595869,0.0198351,"[-0.3343883156776428,0.006023006048053503,-0.02580002322793007,0.9420629143714905]","[0.026567980647087097,-0.002821726258844137,0.019835125654935837]","[-0.05171399936079979,-0.5088930130004883,9.719449996948242]",0.1000000,980.000,"[0.0,0.05000000074505806,0.0,0.0]","[-0.05000000074505806,0.05000000074505806,0.0,0.0,0.0,0.05000000074505806,0.05000000074505806,0.0]","[-600.0,600.0,0.0,0.0,0.0,600.0,600.0,0.0]",255,1,1
2026-08-11T14:23:48.898054+00:00,1245624.364355,cycle_1_positive,0.0000000,0.0500000,0.0000000,0.0000000,,,1,1,1,1,1,1,0.000000,2675,133801,2,1,1,1,0,1,0,1673247511,48,39428,1245624313,454,0,-2.4579282,0.0197686,"[-0.3351721465587616,0.005867002531886101,-0.025088010355830193,0.9418045282363892]","[0.015604430809617043,-0.0027509182691574097,0.019768647849559784]","[-0.09965100139379501,-0.4707599878311157,9.838279724121094]",0.1018367,998.000,"[0.0,0.05000000074505806,0.0,0.0]","[-0.05000000074505806,0.05000000074505806,0.0,0.0,0.0,0.05000000074505806,0.05000000074505806,0.0]","[-600.0,600.0,0.0,0.0,0.0,612.5,612.5,0.0]",0,1,1
2026-08-11T14:23:48.950275+00:00,1245624.416536,cycle_1_positive,0.0000000,0.0500000,0.0000000,0.0000000,,,1,1,1,1,1,1,0.000000,2676,133851,2,1,1,1,0,1,0,1673247511,49,1006,1245624365,455,0,-2.4565246,0.0197206,"[-0.33583328127861023,0.005843004677444696,-0.02476401813328266,0.9415777325630188]","[0.0028036620933562517,-0.004331890027970076,0.01972058042883873]","[-0.055688999593257904,-0.4547469913959503,9.797769546508789]",0.1018367,998.000,"[0.0,0.05000000074505806,0.0,0.0]","[-0.05000000074505806,0.05000000074505806,0.0,0.0,0.0,0.05000000074505806,0.05000000074505806,0.0]","[-600.0,600.0,0.0,0.0,0.0,612.5,600.0,0.0]",0,1,1
2026-08-11T14:23:49.002459+00:00,1245624.468710,cycle_1_positive,0.0000000,0.0500000,0.0000000,0.0000000,,,1,1,1,1,1,1,0.000000,2677,133901,2,1,1,1,0,1,0,1673247511,50,6986,1245624417,456,0,-2.4550843,0.0221294,"[-0.3365090787410736,0.005945000797510147,-0.024671006947755814,0.9413382411003113]","[-0.005732132121920586,-0.005077773705124855,0.02212943136692047]","[-0.030153999105095863,-0.4503459930419922,9.778807640075684]",0.1020408,1000.000,"[0.0,0.05000000074505806,0.0,0.0]","[-0.05000000074505806,0.05000000074505806,0.0,0.0,0.0,0.05000000074505806,0.05000000074505806,0.0]","[-600.0,587.5,0.0,0.0,0.0,612.5,612.5,0.0]",0,1,1
2026-08-11T14:23:49.054630+00:00,1245624.520894,cycle_1_positive,0.0000000,0.0500000,0.0000000,0.0000000,,,1,1,1,1,1,1,0.000000,2678,133951,2,1,1,1,0,1,0,1673247511,51,22840,1245624469,457,0,-2.4535494,0.0232933,"[-0.33722808957099915,0.006122002378106117,-0.024803007021546364,0.9410762786865234]","[-0.01547932531684637,-0.004999408032745123,0.023293253034353256]","[-0.01594099961221218,-0.5016589760780334,9.731749534606934]",0.1020408,1000.000,"[0.0,0.05000000074505806,0.0,0.0]","[-0.05000000074505806,0.05000000074505806,0.0,0.0,0.0,0.05000000074505806,0.05000000074505806,0.0]","[-600.0,600.0,0.0,0.0,0.0,600.0,600.0,0.0]",0,1,1
2026-08-11T14:23:49.106854+00:00,1245624.573064,cycle_1_positive,0.0000000,0.0500000,0.0000000,0.0000000,,,1,1,1,1,1,1,0.000000,2679,134001,2,1,1,1,0,1,0,1673247511,51,22840,1245624469,457,0,-2.4520068,0.0231936,"[-0.33794915676116943,0.006365003064274788,-0.025163011625409126,0.9408064484596252]","[-0.02643168531358242,-0.0030570838134735823,0.023193594068288803]","[-0.06141600012779236,-0.5475190281867981,9.707910537719727]",0.0980612,961.000,"[0.0,0.05000000074505806,0.0,0.0]","[-0.05000000074505806,0.05000000074505806,0.0,0.0,0.0,0.05000000074505806,0.05000000074505806,0.0]","[-600.0,600.0,0.0,0.0,0.0,587.5,600.0,0.0]",0,1,1
2026-08-11T14:23:49.158971+00:00,1245624.625247,cycle_1_positive,0.0000000,0.0500000,0.0000000,0.0000000,,,1,1,1,1,1,1,0.000000,2680,134051,2,1,1,1,0,1,0,1673247511,52,11186,1245624522,458,0,-2.4504757,0.0219448,"[-0.3386632204055786,0.006672004237771034,-0.025713017210364342,0.9405325651168823]","[-0.032524473965168,-0.0036570231895893812,0.021944809705018997]","[-0.08072300255298615,-0.5292369723320007,9.796178817749023]",0.0980612,961.000,"[0.0,0.05000000074505806,0.0,0.0]","[-0.05000000074505806,0.05000000074505806,0.0,0.0,0.0,0.05000000074505806,0.05000000074505806,0.0]","[-600.0,600.0,0.0,0.0,0.0,587.5,600.0,0.0]",0,1,1
2026-08-11T14:23:49.211159+00:00,1245624.677428,cycle_1_positive,0.0000000,0.0500000,0.0000000,0.0000000,,,1,1,1,1,1,1,0.000000,2681,134101,2,1,1,1,0,1,0,1673247511,53,20629,1245624574,459,0,-2.4489553,0.0219448,"[-0.33937108516693115,0.0070250025019049644,-0.026422005146741867,0.9402552247047424]","[-0.036186449229717255,-0.004881110042333603,0.02194477617740631]","[-0.07823500037193298,-0.510004997253418,9.795924186706543]",0.0989796,970.000,"[0.0,0.05000000074505806,0.0,0.0]","[-0.05000000074505806,0.05000000074505806,0.0,0.0,0.0,0.05000000074505806,0.05000000074505806,0.0]","[-600.0,600.0,0.0,0.0,0.0,587.5,600.0,0.0]",0,1,1
2026-08-11T14:23:49.263301+00:00,1245624.729565,cycle_1_positive,0.0000000,0.0500000,0.0000000,0.0000000,,,1,1,1,1,1,1,0.000000,2682,134151,2,1,1,1,0,1,0,1673247511,54,15003,1245624626,460,0,-2.4474421,0.0231135,"[-0.3400730788707733,0.00745500298216939,-0.027260005474090576,0.939974308013916]","[-0.04268021136522293,-0.003991934470832348,0.023113535717129707]","[-0.05758599936962128,-0.5321509838104248,9.770100593566895]",0.0989796,970.000,"[0.0,0.05000000074505806,0.0,0.0]","[-0.05000000074505806,0.05000000074505806,0.0,0.0,0.0,0.05000000074505806,0.05000000074505806,0.0]","[-600.0,600.0,0.0,0.0,0.0,587.5,600.0,0.0]",0,1,1
2026-08-11T14:23:49.315468+00:00,1245624.781742,cycle_1_positive,0.0000000,0.0500000,0.0000000,0.0000000,,,1,1,1,1,1,1,0.000000,2683,134201,2,1,1,1,0,1,0,1673247511,55,64791,1245624678,461,0,-2.4459574,0.0218968,"[-0.3407600522041321,0.007926003076136112,-0.0281900055706501,0.9396941661834717]","[-0.044104572385549545,-0.004829972051084042,0.021896760910749435]","[-0.0498180016875267,-0.5683050155639648,9.768321990966797]",0.0989796,970.000,"[0.0,0.05000000074505806,0.0,0.0]","[-0.05000000074505806,0.05000000074505806,0.0,0.0,0.0,0.05000000074505806,0.05000000074505806,0.0]","[-600.0,600.0,0.0,0.0,0.0,600.0,600.0,0.0]",0,1,1
2026-08-11T14:23:49.367666+00:00,1245624.833923,cycle_1_positive,0.0000000,0.0500000,0.0000000,0.0000000,,,1,1,1,1,1,1,0.000000,2684,134251,2,1,1,1,0,1,0,1673247511,56,62857,1245624730,462,0,-2.4444833,0.0225082,"[-0.3414401113986969,0.008443002589046955,-0.02918701060116291,0.9394123554229736]","[-0.04776746407151222,-0.00604634452611208,0.02250816859304905]","[-0.00699200015515089,-0.6049500107765198,9.745366096496582]",0.0858163,841.000,"[0.0,0.05000000074505806,0.0,0.0]","[-0.05000000074505806,0.05000000074505806,0.0,0.0,0.0,0.05000000074505806,0.05000000074505806,0.0]","[-600.0,600.0,0.0,0.0,0.0,587.5,600.0,0.0]",0,1,1
2026-08-11T14:23:49.419938+00:00,1245624.886119,cycle_1_positive,0.0000000,0.0500000,0.0000000,0.0000000,,,1,1,1,1,1,1,0.000000,2685,134301,2,1,1,1,0,1,0,1673247511,57,12805,1245624782,463,0,-2.4429834,0.0218746,"[-0.3421303629875183,0.008996008895337582,-0.03022703342139721,0.9391231536865234]","[-0.047759100794792175,-0.004806375131011009,0.021874595433473587]","[-0.002220999915152788,-0.6295760273933411,9.709799766540527]",0.0858163,841.000,"[0.0,0.05000000074505806,0.0,0.0]","[-0.05000000074505806,0.05000000074505806,0.0,0.0,0.0,0.05000000074505806,0.05000000074505806,0.0]","[-600.0,600.0,0.0,0.0,0.0,600.0,612.5,0.0]",0,1,1
2026-08-11T14:23:49.472215+00:00,1245624.938387,cycle_1_positive,0.0000000,0.0500000,0.0000000,0.0000000,,,1,1,1,1,1,1,0.000000,2686,134351,2,1,1,1,0,1,0,1673247511,58,46287,1245624835,464,0,-2.4414783,0.0231233,"[-0.34282228350639343,0.009542007930576801,-0.03125402703881264,0.9388317465782166]","[-0.05082128569483757,-0.0072666434571146965,0.023123273625969887]","[-0.0476670004427433,-0.6632630228996277,9.695380210876465]",0.0901020,883.000,"[0.0,0.05000000074505806,0.0,0.0]","[-0.05000000074505806,0.05000000074505806,0.0,0.0,0.0,0.05000000074505806,0.05000000074505806,0.0]","[-600.0,600.0,0.0,0.0,0.0,600.0,600.0,0.0]",0,1,1
2026-08-11T14:23:49.524448+00:00,1245624.990611,cycle_1_positive,0.0000000,0.0500000,0.0000000,0.0000000,,,1,1,1,1,1,1,0.000000,2687,134401,2,1,1,1,0,1,0,1673247511,59,53224,1245624887,465,0,-2.4399650,0.0235383,"[-0.3435174226760864,0.010077010840177536,-0.032286036759614944,0.9385371208190918]","[-0.04716237261891365,-0.006453320384025574,0.023538313806056976]","[-0.06463400274515152,-0.658731997013092,9.776678085327148]",0.0901020,883.000,"[0.0,0.05000000074505806,0.0,0.0]","[-0.05000000074505806,0.05000000074505806,0.0,0.0,0.0,0.05000000074505806,0.05000000074505806,0.0]","[-600.0,600.0,0.0,0.0,0.0,587.5,600.0,0.0]",0,1,1
2026-08-11T14:23:49.577692+00:00,1245625.042919,cycle_1_positive,0.0000000,0.0500000,0.0000000,0.0000000,,,1,1,1,1,1,1,0.000000,2689,134501,2,1,1,1,0,1,0,1673247511,61,244,1245624991,467,0,-2.4367230,0.0267995,"[-0.3450091779232025,0.011053006164729595,-0.0341540165245533,0.9379125833511353]","[-0.03862256556749344,-0.003555986098945141,0.02679949626326561]","[-0.06233900040388107,-0.6837819814682007,9.7650785446167]",0.1019388,999.000,"[0.0,0.05000000074505806,0.0,0.0]","[-0.05000000074505806,0.05000000074505806,0.0,0.0,0.0,0.05000000074505806,0.05000000074505806,0.0]","[-612.5,600.0,0.0,0.0,0.0,587.5,600.0,0.0]",0,1,1
2026-08-11T14:23:49.629838+00:00,1245625.096133,cycle_1_positive,0.0000000,0.0500000,0.0000000,0.0000000,,,1,1,1,1,1,1,0.000000,2690,134551,2,1,1,1,0,1,0,1673247511,62,42907,1245625045,468,0,-2.4350235,0.0268401,"[-0.34579336643218994,0.011466012336313725,-0.03498803824186325,0.9375880360603333]","[-0.03558460995554924,-0.0048233396373689175,0.026840073987841606]","[-0.03365299850702286,-0.7112529873847961,9.708242416381836]",0.1125510,1103.000,"[0.0,0.05000000074505806,0.0,0.0]","[-0.05000000074505806,0.05000000074505806,0.0,0.0,0.0,0.05000000074505806,0.05000000074505806,0.0]","[-600.0,600.0,0.0,0.0,0.0,600.0,600.0,0.0]",0,1,1
2026-08-11T14:23:49.682009+00:00,1245625.148279,cycle_1_positive,0.0000000,0.0500000,0.0000000,0.0000000,,,1,1,1,1,1,1,0.000000,2691,134601,2,1,1,1,0,1,0,1673247511,63,63578,1245625097,469,0,-2.4333234,0.0268217,"[-0.3465802073478699,0.011792007833719254,-0.0356760174036026,0.9372674822807312]","[-0.03130607679486275,-0.0023555138614028692,0.026821697130799294]","[-0.026752999052405357,-0.72986900806427,9.7517728805542]",0.1125510,1103.000,"[0.0,0.05000000074505806,0.0,0.0]","[-0.05000000074505806,0.05000000074505806,0.0,0.0,0.0,0.05000000074505806,0.05000000074505806,0.0]","[-600.0,587.5,0.0,0.0,0.0,600.0,600.0,0.0]",0,1,1
2026-08-11T14:23:49.734200+00:00,1245625.200454,cycle_1_positive,0.0000000,0.0500000,0.0000000,0.0000000,,,1,1,1,1,1,1,0.000000,2692,134651,2,1,1,1,0,1,0,1673247511,64,8994,1245625149,470,0,-2.4315798,0.0280705,"[-0.3473891019821167,0.012056003324687481,-0.03623400628566742,0.9369432330131531]","[-0.0233822800219059,-0.0011435397900640965,0.028070496395230293]","[0.011485000140964985,-0.7500569820404053,9.70213508605957]",0.1202041,1178.000,"[0.0,0.05000000074505806,0.0,0.0]","[-0.05000000074505806,0.05000000074505806,0.0,0.0,0.0,0.05000000074505806,0.05000000074505806,0.0]","[-600.0,600.0,0.0,0.0,0.0,587.5,600.0,0.0]",0,1,1
2026-08-11T14:23:49.786444+00:00,1245625.252669,cycle_1_positive,0.0000000,0.0500000,0.0000000,0.0000000,,,1,1,1,1,1,1,0.000000,2693,134701,2,1,1,1,0,1,0,1673247511,65,39812,1245625201,471,0,-2.4298143,0.0269202,"[-0.34821009635925293,0.012257004156708717,-0.036635007709264755,0.9366202354431152]","[-0.017505094408988953,-0.0032764545176178217,0.026920150965452194]","[0.011404999531805515,-0.7825199961662292,9.677023887634277]",0.1202041,1178.000,"[0.0,0.05000000074505806,0.0,0.0]","[-0.05000000074505806,0.05000000074505806,0.0,0.0,0.0,0.05000000074505806,0.05000000074505806,0.0]","[-600.0,600.0,0.0,0.0,0.0,587.5,600.0,0.0]",0,1,1
2026-08-11T14:23:49.838680+00:00,1245625.304886,cycle_1_positive,0.0000000,0.0500000,0.0000000,0.0000000,,,1,1,1,1,1,1,0.000000,2694,134751,2,1,1,1,0,1,0,1673247511,66,4717,1245625253,472,0,-2.4280186,0.0281480,"[-0.3490462601184845,0.012421009130775928,-0.036920029670000076,0.9362955689430237]","[-0.012422468513250351,-0.0018381807021796703,0.028148042038083076]","[-0.0005670000100508332,-0.7592939734458923,9.72372055053711]",0.1321429,1295.000,"[0.0,0.05000000074505806,0.0,0.0]","[-0.05000000074505806,0.05000000074505806,0.0,0.0,0.0,0.05000000074505806,0.05000000074505806,0.0]","[-600.0,600.0,0.0,0.0,0.0,600.0,600.0,0.0]",0,1,1
2026-08-11T14:23:49.892012+00:00,1245625.357075,cycle_1_positive,0.0000000,0.0500000,0.0000000,0.0000000,,,1,1,1,1,1,1,0.000000,2695,134801,2,1,1,1,0,1,0,1673247511,67,43899,1245625306,473,0,-2.4262273,0.0281702,"[-0.3498811423778534,0.012552005238831043,-0.03709101304411888,0.9359754323959351]","[-0.008767941035330296,-0.0018617776222527027,0.028170190751552582]","[-0.01739499904215336,-0.7906339764595032,9.71439266204834]",0.1321429,1295.000,"[0.0,0.05000000074505806,0.0,0.0]","[-0.05000000074505806,0.05000000074505806,0.0,0.0,0.0,0.05000000074505806,0.05000000074505806,0.0]","[-600.0,600.0,0.0,0.0,0.0,587.5,600.0,0.0]",0,1,1
2026-08-11T14:23:49.944522+00:00,1245625.410738,cycle_1_positive,0.0000000,0.0500000,0.0000000,0.0000000,,,1,1,1,1,1,1,0.000000,2696,134851,2,1,1,1,0,1,0,1673247511,68,41390,1245625359,474,0,-2.4244299,0.0282145,"[-0.35072022676467896,0.012637008912861347,-0.037154022604227066,0.9356576204299927]","[-0.0014589033089578152,-0.0019089886918663979,0.02821451984345913]","[-0.04363200068473816,-0.775750994682312,9.735462188720703]",0.1422449,1394.000,"[0.0,0.05000000074505806,0.0,0.0]","[-0.05000000074505806,0.05000000074505806,0.0,0.0,0.0,0.05000000074505806,0.05000000074505806,0.0]","[-600.0,600.0,0.0,0.0,0.0,600.0,600.0,0.0]",0,1,1
2026-08-11T14:23:49.996689+00:00,1245625.462955,cycle_1_positive,0.0000000,0.0500000,0.0000000,0.0000000,,,1,1,1,1,1,1,0.000000,2697,134901,2,1,1,1,0,1,0,1673247511,69,6408,1245625411,475,0,-2.4226444,0.0270580,"[-0.3515542149543762,0.0126990070566535,-0.03711201995611191,0.9353454113006592]","[0.004013455007225275,-0.003831329522654414,0.027058031409978867]","[-0.0698850005865097,-0.7607939839363098,9.761326789855957]",0.1422449,1394.000,"[0.0,0.05000000074505806,0.0,0.0]","[-0.05000000074505806,0.05000000074505806,0.0,0.0,0.0,0.05000000074505806,0.05000000074505806,0.0]","[-600.0,600.0,0.0,0.0,0.0,600.0,600.0,0.0]",0,1,1
2026-08-11T14:23:50.048843+00:00,1245625.515117,cycle_1_positive,0.0000000,0.0500000,0.0000000,0.0000000,,,1,1,1,1,1,1,0.000000,2698,134951,2,1,1,1,0,1,0,1673247511,70,604,1245625464,476,0,-2.4208786,0.0276843,"[-0.35238033533096313,0.012716012075543404,-0.03694503381848335,0.9350408911705017]","[0.0064489045180380344,-0.003839357988908887,0.027684256434440613]","[-0.06282699853181839,-0.7579450011253357,9.79255199432373]",0.1422449,1394.000,"[0.0,0.05000000074505806,0.0,0.0]","[-0.05000000074505806,0.05000000074505806,0.0,0.0,0.0,0.05000000074505806,0.05000000074505806,0.0]","[-600.0,600.0,0.0,0.0,0.0,587.5,600.0,0.0]",0,1,1
2026-08-11T14:23:50.100755+00:00,1245625.567287,cycle_1_positive,0.0000000,0.0500000,0.0000000,0.0000000,,,1,1,1,1,1,1,0.000000,2699,135001,2,1,1,1,0,1,0,1673247511,71,11191,1245625516,477,0,-2.4190896,0.0295039,"[-0.3532181978225708,0.012703008018434048,-0.03670002147555351,0.9347345232963562]","[0.008892487734556198,-0.0021683797240257263,0.029503902420401573]","[-0.058713000267744064,-0.7470799684524536,9.770051002502441]",0.1529592,1499.000,"[0.0,0.05000000074505806,0.0,0.0]","[-0.05000000074505806,0.05000000074505806,0.0,0.0,0.0,0.05000000074505806,0.05000000074505806,0.0]","[-600.0,600.0,0.0,0.0,0.0,587.5,600.0,0.0]",0,1,1
2026-08-11T14:23:50.152738+00:00,1245625.619019,cycle_1_positive,0.0000000,0.0500000,0.0000000,0.0000000,,,1,1,1,1,1,1,0.000000,2700,135051,2,1,1,1,0,1,0,1673247511,72,13082,1245625568,478,0,-2.4172850,0.0294855,"[-0.35406437516212463,0.012652014382183552,-0.03636603802442551,0.9344280958175659]","[0.010119384154677391,-0.0007206115406006575,0.029485471546649933]","[-0.045986998826265335,-0.7537239789962769,9.759099960327148]",0.1529592,1499.000,"[0.0,0.05000000074505806,0.0,0.0]","[-0.05000000074505806,0.05000000074505806,0.0,0.0,0.0,0.05000000074505806,0.05000000074505806,0.0]","[-600.0,600.0,0.0,0.0,0.0,600.0,600.0,0.0]",0,1,1
2026-08-11T14:23:50.204921+00:00,1245625.671190,cycle_1_positive,0.0000000,0.0500000,0.0000000,0.0000000,,,1,1,1,1,1,1,0.000000,2701,135101,2,1,1,1,0,1,0,1673247511,73,60837,1245625620,479,0,-2.4154873,0.0295408,"[-0.354908287525177,0.012569010257720947,-0.036010030657052994,0.9341228008270264]","[0.01376268919557333,-0.0026157426182180643,0.029540816321969032]","[-0.0027359998784959316,-0.708549976348877,9.737342834472656]",0.1662245,1629.000,"[0.0,0.05000000074505806,0.0,0.0]","[-0.05000000074505806,0.05000000074505806,0.0,0.0,0.0,0.05000000074505806,0.05000000074505806,0.0]","[-600.0,587.5,0.0,0.0,0.0,600.0,600.0,0.0]",0,1,1
2026-08-11T14:23:50.257143+00:00,1245625.723430,cycle_1_positive,0.0000000,0.0500000,0.0000000,0.0000000,,,1,1,1,1,1,1,0.000000,2702,135151,2,1,1,1,0,1,0,1673247511,73,60837,1245625620,479,0,-2.4136672,0.0270729,"[-0.3557642996311188,0.012428009882569313,-0.035599030554294586,0.9338147640228271]","[0.017435770481824875,-0.00017481217219028622,0.02707292139530182]","[-0.0006479999865405262,-0.7564849853515625,9.750064849853516]",0.1662245,1629.000,"[0.0,0.05000000074505806,0.0,0.0]","[-0.05000000074505806,0.05000000074505806,0.0,0.0,0.0,0.05000000074505806,0.05000000074505806,0.0]","[-600.0,600.0,0.0,0.0,0.0,600.0,600.0,0.0]",0,1,1
2026-08-11T14:23:50.309337+00:00,1245625.775586,cycle_1_positive,0.0000000,0.0500000,0.0000000,0.0000000,,,1,1,1,1,1,1,0.000000,2703,135201,2,1,1,1,0,1,0,1673247511,74,24780,1245625672,480,0,-2.4118838,0.0289073,"[-0.3566032648086548,0.012277008965611458,-0.035152025520801544,0.9335136413574219]","[0.0174330472946167,-0.00015168655954767019,0.028907280415296555]","[0.002007999923080206,-0.757669985294342,9.673351287841797]",0.1790816,1755.000,"[0.0,0.05000000074505806,0.0,0.0]","[-0.05000000074505806,0.05000000074505806,0.0,0.0,0.0,0.05000000074505806,0.05000000074505806,0.0]","[-612.5,600.0,0.0,0.0,0.0,600.0,600.0,0.0]",0,1,1
2026-08-11T14:23:50.361502+00:00,1245625.827772,cycle_1_positive,0.0000000,0.0500000,0.0000000,0.0000000,,,1,1,1,1,1,1,0.000000,2704,135251,2,1,1,1,0,1,0,1673247511,75,7147,1245625724,481,0,-2.4100780,0.0278808,"[-0.3574541509151459,0.012075003236532211,-0.03471001610159874,0.9332073926925659]","[0.0174370426684618,0.00025134487077593803,0.02788083255290985]","[-0.0027089999057352543,-0.7258890271186829,9.704813957214355]",0.1790816,1755.000,"[0.0,0.05000000074505806,0.0,0.0]","[-0.05000000074505806,0.05000000074505806,0.0,0.0,0.0,0.05000000074505806,0.05000000074505806,0.0]","[-600.0,600.0,0.0,0.0,0.0,600.0,600.0,0.0]",0,1,1
2026-08-11T14:23:50.413636+00:00,1245625.879937,cycle_1_neutral_blocked,0.0000000,0.0000000,0.0000000,0.0000000,,,0,1,1,1,1,1,0.000000,2705,135301,2,1,1,1,0,1,0,1673247511,76,60719,1245625776,482,0,-2.4083135,0.0262601,"[-0.358285129070282,0.011875004507601261,-0.034246012568473816,0.9329083561897278]","[0.017843026667833328,-0.00018772762268781662,0.026260120794177055]","[-0.02356100082397461,-0.7315719723701477,9.746237754821777]",0.1874490,1837.000,"[0.0,0.05000000074505806,0.0,0.0]","[-0.05000000074505806,0.05000000074505806,0.0,0.0,0.0,0.05000000074505806,0.05000000074505806,0.0]","[-600.0,600.0,0.0,0.0,0.0,600.0,600.0,0.0]",0,1,1
2026-08-11T14:23:50.465723+00:00,1245625.932084,cycle_1_neutral_blocked,0.0000000,0.0000000,0.0000000,0.0000000,,,0,1,1,1,1,1,0.000000,2706,135351,2,1,1,1,0,1,0,1673247511,77,10915,1245625828,483,0,-2.4065924,0.0270287,"[-0.35909613966941833,0.011659004725515842,-0.03380301222205162,0.9326153993606567]","[0.01928168162703514,0.0029325722716748714,0.027028707787394524]","[-0.040860000997781754,-0.7110000252723694,9.72254753112793]",0.1874490,1837.000,"[0.0,0.05000000074505806,0.0,0.0]","[-0.05000000074505806,0.05000000074505806,0.0,0.0,0.0,0.05000000074505806,0.05000000074505806,0.0]","[-600.0,600.0,0.0,0.0,0.0,600.0,612.5,0.0]",0,1,1
2026-08-11T14:23:50.517836+00:00,1245625.984174,cycle_1_neutral_blocked,0.0000000,0.0000000,0.0000000,0.0000000,,,0,1,1,1,0,1,0.000000,2707,135401,1,0,1,1,0,1,0,1673247511,78,64234,1245625881,484,0,-2.4046841,0.0257713,"[-0.3599943220615387,0.011432010680437088,-0.03333102911710739,0.9322888255119324]","[0.00810571014881134,0.0011177263222634792,0.02577127143740654]","[-0.052404001355171204,-0.7600119709968567,9.765515327453613]",0.1923469,1885.000,"[0.0,0.0,0.0,0.0]","[0.0,0.0,0.0,0.0,0.0,0.0,0.0,0.0]","[400.0,362.5,0.0,0.0,0.0,437.5,325.0,0.0]",255,1,1
2026-08-11T14:23:50.569855+00:00,1245626.036217,cycle_1_neutral_blocked,0.0000000,0.0000000,0.0000000,0.0000000,,,0,1,1,1,0,1,0.000000,2708,135451,1,0,1,1,0,1,0,1673247511,79,15718,1245625933,485,0,-2.4031484,0.0219673,"[-0.3607161045074463,0.011282004415988922,-0.03328501060605049,0.9320133328437805]","[0.00042591270175762475,0.0061120036989450455,0.02196730673313141]","[0.032249998301267624,-0.926738977432251,9.640202522277832]",0.1923469,1885.000,"[0.0,0.0,0.0,0.0]","[0.0,0.0,0.0,0.0,0.0,0.0,0.0,0.0]","[175.0,137.5,0.0,0.0,0.0,862.5,275.0,0.0]",255,1,1
2026-08-11T14:23:50.621849+00:00,1245626.088248,cycle_1_neutral_blocked,0.0000000,0.0000000,0.0000000,0.0000000,,,0,1,1,1,0,1,0.000000,2709,135501,1,0,1,1,0,1,0,1673247511,80,52144,1245625985,486,0,-2.4017920,0.0213263,"[-0.3613523542881012,0.011182011105120182,-0.03339703381061554,0.9317639470100403]","[-0.0044458601623773575,0.006135757081210613,0.021326318383216858]","[-0.02146800048649311,-0.6361539959907532,9.745657920837402]",0.1970408,1931.000,"[0.0,0.0,0.0,0.0]","[0.0,0.0,0.0,0.0,0.0,0.0,0.0,0.0]","[125.0,150.0,0.0,0.0,0.0,3512.5,762.5,0.0]",255,1,1
2026-08-11T14:23:50.673804+00:00,1245626.140167,cycle_1_neutral_blocked,0.0000000,0.0000000,0.0000000,0.0000000,,,0,1,1,1,0,1,0.000000,2710,135551,1,0,1,1,0,1,0,1673247511,81,45207,1245626037,487,0,-2.4005373,0.0169944,"[-0.3619391918182373,0.011142006143927574,-0.0336800143122673,0.9315264225006104]","[-0.012966731563210487,0.006136856507509947,0.016994446516036987]","[-0.012501999735832214,-0.7641230225563049,9.718856811523438]",0.1970408,1931.000,"[0.0,0.0,0.0,0.0]","[0.0,0.0,0.0,0.0,0.0,0.0,0.0,0.0]","[125.0,187.5,0.0,0.0,0.0,212.5,225.0,0.0]",255,1,1
2026-08-11T14:23:50.726827+00:00,1245626.192183,cycle_1_neutral_blocked,0.0000000,0.0000000,0.0000000,0.0000000,,,0,1,1,1,0,1,0.000000,2712,135651,1,0,1,1,0,1,0,1673247511,83,58177,1245626141,489,0,-2.3981929,0.0132962,"[-0.36303412914276123,0.01112100388854742,-0.03445101156830788,0.9310723543167114]","[-0.01661333627998829,0.006530079524964094,0.013296198099851608]","[-0.04280399903655052,-0.7488309741020203,9.765460968017578]",0.2025510,1985.000,"[0.0,0.0,0.0,0.0]","[0.0,0.0,0.0,0.0,0.0,0.0,0.0,0.0]","[0.0,312.5,0.0,0.0,0.0,150.0,125.0,0.0]",255,1,1
2026-08-11T14:23:50.778918+00:00,1245626.245264,cycle_1_neutral_blocked,0.0000000,0.0000000,0.0000000,0.0000000,,,0,1,1,1,0,1,0.000000,2713,135701,1,0,1,1,0,1,0,1673247511,84,1030,1245626194,490,0,-2.3970785,0.0145363,"[-0.3635542094707489,0.011125006712973118,-0.034907013177871704,0.9308523535728455]","[-0.018655387684702873,0.004895037971436977,0.01453627273440361]","[-0.05087000131607056,-0.7597749829292297,9.78152084350586]",0.2034694,1994.000,"[0.0,0.0,0.0,0.0]","[0.0,0.0,0.0,0.0,0.0,0.0,0.0,0.0]","[0.0,762.5,0.0,0.0,0.0,275.0,137.5,0.0]",255,1,1
2026-08-11T14:23:50.831016+00:00,1245626.297353,cycle_1_neutral_blocked,0.0000000,0.0000000,0.0000000,0.0000000,,,0,1,1,1,0,1,0.000000,2714,135751,1,0,1,1,0,1,0,1673247511,85,11757,1245626246,491,0,-2.3961060,0.0138855,"[-0.3640071153640747,0.011154004372656345,-0.03534800931811333,0.9306583404541016]","[-0.021489420905709267,0.006153367925435305,0.013885472901165485]","[-0.021957000717520714,-0.7546039819717407,9.709012985229492]",0.2034694,1994.000,"[0.0,0.0,0.0,0.0]","[0.0,0.0,0.0,0.0,0.0,0.0,0.0,0.0]","[0.0,0.0,0.0,0.0,0.0,34250.0,237.5,0.0]",240,1,1
2026-08-11T14:23:50.882971+00:00,1245626.349452,cycle_1_neutral_blocked,0.0000000,0.0000000,0.0000000,0.0000000,,,0,1,1,1,0,1,0.000000,2715,135801,1,0,1,1,0,1,0,1673247511,86,7215,1245626298,492,0,-2.3950467,0.0144896,"[-0.3645012676715851,0.011166008189320564,-0.035846028476953506,0.9304457306861877]","[-0.019046517089009285,0.007393022533506155,0.014489583671092987]","[-0.017343999817967415,-0.7859330177307129,9.707128524780273]",0.2034694,1994.000,"[0.0,0.0,0.0,0.0]","[0.0,0.0,0.0,0.0,0.0,0.0,0.0,0.0]","[0.0,0.0,0.0,0.0,0.0,0.0,1050.0,0.0]",240,1,1
2026-08-11T14:23:50.935068+00:00,1245626.401394,cycle_1_neutral_blocked,0.0000000,0.0000000,0.0000000,0.0000000,,,0,1,1,1,0,1,0.000000,2716,135851,1,0,1,1,0,1,0,1673247511,87,56227,1245626350,493,0,-2.3940156,0.0124809,"[-0.3649824559688568,0.01117001287639141,-0.036334045231342316,0.9302381277084351]","[-0.01783277839422226,0.006111759226769209,0.012480919249355793]","[-0.03639800101518631,-0.7851409912109375,9.700499534606934]",0.1945918,1907.000,"[0.0,0.0,0.0,0.0]","[0.0,0.0,0.0,0.0,0.0,0.0,0.0,0.0]","[0.0,0.0,0.0,0.0,0.0,187.5,0.0,0.0]",240,1,1
2026-08-11T14:23:50.987250+00:00,1245626.453532,cycle_1_neutral_blocked,0.0000000,0.0000000,0.0000000,0.0000000,,,0,1,1,1,0,1,0.000000,2717,135901,1,0,1,1,0,1,0,1673247511,88,47883,1245626402,494,0,-2.3930511,0.0114471,"[-0.36543330550193787,0.01115000806748867,-0.03680802881717682,0.9300426840782166]","[-0.018436631187796593,0.006726691499352455,0.011447073891758919]","[-0.033959001302719116,-0.7837439775466919,9.687714576721191]",0.1945918,1907.000,"[0.0,0.0,0.0,0.0]","[0.0,0.0,0.0,0.0,0.0,0.0,0.0,0.0]","[0.0,0.0,0.0,0.0,0.0,150.0,0.0,0.0]",240,1,1
2026-08-11T14:23:51.039299+00:00,1245626.505622,cycle_1_neutral_blocked,0.0000000,0.0000000,0.0000000,0.0000000,,,0,1,1,1,0,1,0.000000,2718,135951,1,0,1,1,0,1,0,1673247511,89,5918,1245626454,495,0,-2.3921080,0.0114692,"[-0.365874320268631,0.011128009296953678,-0.03724903613328934,0.9298519492149353]","[-0.016613109037280083,0.006091042421758175,0.011469203978776932]","[-0.04605900123715401,-0.8100019693374634,9.69755744934082]",0.1834694,1798.000,"[0.0,0.0,0.0,0.0]","[0.0,0.0,0.0,0.0,0.0,0.0,0.0,0.0]","[0.0,0.0,0.0,0.0,0.0,412.5,0.0,0.0]",240,1,1
2026-08-11T14:23:51.091442+00:00,1245626.557740,cycle_1_neutral_blocked,0.0000000,0.0000000,0.0000000,0.0000000,,,0,1,1,1,0,1,0.000000,2719,136001,1,0,1,1,0,1,0,1673247511,90,29712,1245626506,496,0,-2.3911953,0.0108504,"[-0.3663013279438019,0.011100009083747864,-0.037630029022693634,0.9296688437461853]","[-0.01416839100420475,0.007315286435186863,0.01085041556507349]","[-0.06040399894118309,-0.8048679828643799,9.714107513427734]",0.1834694,1798.000,"[0.0,0.0,0.0,0.0]","[0.0,0.0,0.0,0.0,0.0,0.0,0.0,0.0]","[0.0,0.0,0.0,0.0,0.0,150.0,0.0,0.0]",240,1,1
2026-08-11T14:23:51.143621+00:00,1245626.609875,cycle_1_neutral_blocked,0.0000000,0.0000000,0.0000000,0.0000000,,,0,1,1,1,0,1,0.000000,2720,136051,1,0,1,1,0,1,0,1673247511,91,3895,1245626558,497,0,-2.3903306,0.0096349,"[-0.36670631170272827,0.011056010611355305,-0.03797203302383423,0.9294957518577576]","[-0.012948406860232353,0.007292003370821476,0.009634898975491524]","[-0.08431500196456909,-0.7946599721908569,9.744868278503418]",0.1671429,1638.000,"[0.0,0.0,0.0,0.0]","[0.0,0.0,0.0,0.0,0.0,0.0,0.0,0.0]","[0.0,0.0,0.0,0.0,0.0,350.0,0.0,0.0]",240,1,1
2026-08-11T14:23:51.195805+00:00,1245626.662064,cycle_1_neutral_blocked,0.0000000,0.0000000,0.0000000,0.0000000,,,0,1,1,1,0,1,0.000000,2721,136101,1,0,1,1,0,1,0,1673247511,92,33481,1245626611,498,0,-2.3896627,0.0084563,"[-0.3670191168785095,0.011018004268407822,-0.038203008472919464,0.9293633103370667]","[-0.009299551136791706,0.006005294155329466,0.008456277661025524]","[-0.08914899826049805,-0.7968239784240723,9.759238243103027]",0.1671429,1638.000,"[0.0,0.0,0.0,0.0]","[0.0,0.0,0.0,0.0,0.0,0.0,0.0,0.0]","[0.0,0.0,0.0,0.0,0.0,137.5,0.0,0.0]",255,1,1
2026-08-11T14:23:51.246872+00:00,1245626.714236,cycle_1_neutral_blocked,0.0000000,0.0000000,0.0000000,0.0000000,,,0,1,1,1,0,1,0.000000,2722,136151,1,0,1,1,0,1,0,1673247511,93,14319,1245626663,499,0,-2.3886757,0.0084969,"[-0.3674822151660919,0.010936005972325802,-0.03846302255988121,0.9291704893112183]","[-0.006261578295379877,0.004737940616905689,0.008496856316924095]","[-0.04608500003814697,-0.8098919987678528,9.704751014709473]",0.1472449,1443.000,"[0.0,0.0,0.0,0.0]","[0.0,0.0,0.0,0.0,0.0,0.0,0.0,0.0]","[0.0,0.0,0.0,0.0,0.0,162.5,0.0,0.0]",255,1,1
2026-08-11T14:23:51.298625+00:00,1245626.765058,cycle_1_neutral_blocked,0.0000000,0.0000000,0.0000000,0.0000000,,,0,1,1,1,0,1,0.000000,2723,136201,1,0,1,1,0,1,0,1673247511,94,17474,1245626714,500,0,-2.3879490,0.0060511,"[-0.3678230345249176,0.010876001790165901,-0.03859100490808487,0.9290310740470886]","[-0.004426975268870592,0.00531913572922349,0.006051074247807264]","[-0.04606800153851509,-0.8148859739303589,9.692831039428711]",0.1472449,1443.000,"[0.0,0.0,0.0,0.0]","[0.0,0.0,0.0,0.0,0.0,0.0,0.0,0.0]","[0.0,0.0,0.0,0.0,0.0,262.5,0.0,0.0]",255,1,1
2026-08-11T14:23:51.350684+00:00,1245626.816958,cycle_1_neutral_blocked,0.0000000,0.0000000,0.0000000,0.0000000,,,0,1,1,1,0,1,0.000000,2724,136251,1,0,1,1,0,1,0,1673247511,95,28073,1245626766,501,0,-2.3874214,0.0048540,"[-0.3680711090564728,0.010810003615915775,-0.038643017411231995,0.9289314150810242]","[-0.0019925551023334265,0.004664147738367319,0.004853988066315651]","[-0.050863999873399734,-0.8098329901695251,9.707096099853516]",0.1322449,1296.000,"[0.0,0.0,0.0,0.0]","[0.0,0.0,0.0,0.0,0.0,0.0,0.0,0.0]","[0.0,0.0,0.0,0.0,0.0,262.5,0.0,0.0]",240,1,1
2026-08-11T14:23:51.402603+00:00,1245626.869075,cycle_1_neutral_blocked,0.0000000,0.0000000,0.0000000,0.0000000,,,0,1,1,1,0,1,0.000000,2725,136301,1,0,1,1,0,1,0,1673247511,96,29984,1245626818,502,0,-2.3867328,0.0060991,"[-0.36839520931243896,0.01070400420576334,-0.038635022938251495,0.9288044571876526]","[0.0016601397655904293,0.004655962344259024,0.00609905319288373]","[-0.10103199630975723,-0.7821900248527527,9.768481254577637]",0.1322449,1296.000,"[0.0,0.0,0.0,0.0]","[0.0,0.0,0.0,0.0,0.0,0.0,0.0,0.0]","[0.0,0.0,0.0,0.0,0.0,250.0,0.0,0.0]",240,1,1
2026-08-11T14:23:51.453545+00:00,1245626.920922,cycle_1_neutral_blocked,0.0000000,0.0000000,0.0000000,0.0000000,,,0,1,1,1,0,1,0.000000,2726,136351,1,0,1,1,0,1,0,1673247511,97,3591,1245626870,503,0,-2.3861034,0.0043089,"[-0.3686913549900055,0.0106060104444623,-0.03854603320360184,0.9286918044090271]","[0.0016479225596413016,0.0021374698262661695,0.004308938980102539]","[-0.07228700071573257,-0.7754719853401184,9.744725227355957]",0.1322449,1296.000,"[0.0,0.0,0.0,0.0]","[0.0,0.0,0.0,0.0,0.0,0.0,0.0,0.0]","[0.0,0.0,0.0,0.0,0.0,0.0,0.0,0.0]",240,1,1
2026-08-11T14:23:51.505076+00:00,1245626.971730,cycle_1_neutral_blocked,0.0000000,0.0000000,0.0000000,0.0000000,,,0,1,1,1,0,1,0.000000,2727,136401,1,0,1,1,0,1,0,1673247511,97,3591,1245626870,503,0,-2.3854842,0.0049573,"[-0.3689824044704437,0.010507011786103249,-0.03840404376387596,0.9285832047462463]","[0.007737882435321808,0.0021058444399386644,0.004957329016178846]","[-0.08266100287437439,-0.7826409935951233,9.744710922241211]",0.1112245,1090.000,"[0.0,0.0,0.0,0.0]","[0.0,0.0,0.0,0.0,0.0,0.0,0.0,0.0]","[0.0,0.0,0.0,0.0,0.0,0.0,0.0,0.0]",240,1,1
2026-08-11T14:23:51.556751+00:00,1245627.023375,cycle_1_neutral_blocked,0.0000000,0.0000000,0.0000000,0.0000000,,,0,1,1,1,0,1,0.000000,2728,136451,1,0,1,1,0,1,0,1673247511,98,30649,1245626921,504,0,-2.3848886,0.0037639,"[-0.36926305294036865,0.010387000627815723,-0.03818100690841675,0.928482174873352]","[0.010171064175665379,0.0012429013149812818,0.0037639248184859753]","[-0.06344400346279144,-0.7734739780426025,9.720808029174805]",0.1112245,1090.000,"[0.0,0.0,0.0,0.0]","[0.0,0.0,0.0,0.0,0.0,0.0,0.0,0.0]","[0.0,0.0,0.0,0.0,0.0,0.0,0.0,0.0]",240,1,1
2026-08-11T14:23:51.608069+00:00,1245627.074983,cycle_1_neutral_blocked,0.0000000,0.0000000,0.0000000,0.0000000,,,0,1,1,1,0,1,0.000000,2729,136501,1,0,1,1,0,1,0,1673247511,99,20209,1245626972,505,0,-2.3843362,0.0025595,"[-0.36952313780784607,0.010273003950715065,-0.03792601078748703,0.928390383720398]","[0.010166647844016552,0.00018774507043417543,0.0025594555772840977]","[-0.057874999940395355,-0.7808989882469177,9.70898723602295]",0.0880612,863.000,"[0.0,0.0,0.0,0.0]","[0.0,0.0,0.0,0.0,0.0,0.0,0.0,0.0]","[0.0,0.0,0.0,0.0,0.0,0.0,0.0,0.0]",240,1,1
2026-08-11T14:23:51.660184+00:00,1245627.126435,cycle_1_neutral_blocked,0.0000000,0.0000000,0.0000000,0.0000000,,,0,1,1,1,0,1,0.000000,2730,136551,1,0,1,1,0,1,0,1673247511,100,47157,1245627024,506,0,-2.3838131,0.0025668,"[-0.3697691559791565,0.010167005471885204,-0.037638016045093536,0.9283053278923035]","[0.011384818702936172,0.000179873633896932,0.0025668381713330746]","[-0.057913001626729965,-0.7881150245666504,9.709092140197754]",0.0880612,863.000,"[0.0,0.0,0.0,0.0]","[0.0,0.0,0.0,0.0,0.0,0.0,0.0,0.0]","[0.0,0.0,0.0,0.0,0.0,0.0,0.0,0.0]",240,1,1
2026-08-11T14:23:51.712338+00:00,1245627.178633,cycle_1_neutral_blocked,0.0000000,0.0000000,0.0000000,0.0000000,,,0,1,1,1,0,1,0.000000,2731,136601,1,0,1,1,0,1,0,1673247511,101,21807,1245627075,507,0,-2.3833301,0.0025927,"[-0.36999621987342834,0.010065005160868168,-0.0372990258038044,0.9282296299934387]","[0.01198643259704113,-0.001071719452738762,0.0025926518719643354]","[-0.06025100126862526,-0.7809240221977234,9.706562042236328]",0.0716327,702.000,"[0.0,0.0,0.0,0.0]","[0.0,0.0,0.0,0.0,0.0,0.0,0.0,0.0]","[0.0,0.0,0.0,0.0,0.0,0.0,0.0,0.0]",240,1,1
2026-08-11T14:23:51.764500+00:00,1245627.230786,cycle_1_neutral_blocked,0.0000000,0.0000000,0.0000000,0.0000000,,,0,1,1,1,0,1,0.000000,2732,136651,1,0,1,1,0,1,0,1673247511,102,36362,1245627127,508,0,-2.3829002,0.0001543,"[-0.37019816040992737,0.00996900349855423,-0.036943014711141586,0.9281643629074097]","[0.015039224177598953,-0.0004983962280675769,0.00015425220772158355]","[-0.0602089986205101,-0.771265983581543,9.708818435668945]",0.0716327,702.000,"[0.0,0.0,0.0,0.0]","[0.0,0.0,0.0,0.0,0.0,0.0,0.0,0.0]","[0.0,0.0,0.0,0.0,0.0,0.0,0.0,0.0]",240,1,1
2026-08-11T14:23:51.816618+00:00,1245627.282887,cycle_1_neutral_blocked,0.0000000,0.0000000,0.0000000,0.0000000,,,0,1,1,1,0,1,0.000000,2733,136701,1,0,1,1,0,1,0,1673247511,103,53707,1245627179,509,0,-2.3825166,-0.0010711,"[-0.3703781068325043,0.009888001717627048,-0.03654501214623451,0.9281092882156372]","[0.014634969644248486,-0.0005111895152367651,-0.001071091159246862]","[-0.07134100049734116,-0.7621880173683167,9.722151756286621]",0.0604082,592.000,"[0.0,0.0,0.0,0.0]","[0.0,0.0,0.0,0.0,0.0,0.0,0.0,0.0]","[0.0,0.0,0.0,0.0,0.0,0.0,0.0,0.0]",240,1,1
2026-08-11T14:23:51.868692+00:00,1245627.335027,cycle_1_neutral_blocked,0.0000000,0.0000000,0.0000000,0.0000000,,,0,1,1,1,0,1,0.000000,2734,136751,1,0,1,1,0,1,0,1673247511,104,56789,1245627231,510,0,-2.3821757,-0.0022547,"[-0.3705372214317322,0.009831005707383156,-0.03615801781415939,0.9280614852905273]","[0.013809743337333202,-0.00301673193462193,-0.0022546860855072737]","[-0.06731300055980682,-0.75177001953125,9.722843170166016]",0.0604082,592.000,"[0.0,0.0,0.0,0.0]","[0.0,0.0,0.0,0.0,0.0,0.0,0.0,0.0]","[0.0,0.0,0.0,0.0,0.0,0.0,0.0,0.0]",240,1,1
2026-08-11T14:23:51.920825+00:00,1245627.387124,cycle_1_neutral_blocked,0.0000000,0.0000000,0.0000000,0.0000000,,,0,1,1,1,0,1,0.000000,2735,136801,1,0,1,1,0,1,0,1673247511,105,41346,1245627284,511,0,-2.3818638,-0.0022436,"[-0.3706822097301483,0.00979100726544857,-0.03575802594423294,0.9280194640159607]","[0.013806008733808994,-0.003640582552179694,-0.0022436382714658976]","[-0.08409000188112259,-0.7538049817085266,9.741870880126953]",0.0566327,555.000,"[0.0,0.0,0.0,0.0]","[0.0,0.0,0.0,0.0,0.0,0.0,0.0,0.0]","[0.0,0.0,0.0,0.0,0.0,0.0,0.0,0.0]",240,1,1
2026-08-11T14:23:51.972947+00:00,1245627.439268,cycle_1_neutral_blocked,0.0000000,0.0000000,0.0000000,0.0000000,,,0,1,1,1,0,1,0.000000,2736,136851,1,0,1,1,0,1,0,1673247511,106,11499,1245627336,512,0,-2.3815768,-0.0022252,"[-0.37081512808799744,0.009775002487003803,-0.03537500649690628,0.9279813170433044]","[0.011358463205397129,-0.005496373400092125,-0.002225225092843175]","[-0.08882199972867966,-0.7268840074539185,9.770206451416016]",0.0566327,555.000,"[0.0,0.0,0.0,0.0]","[0.0,0.0,0.0,0.0,0.0,0.0,0.0,0.0]","[0.0,0.0,0.0,0.0,0.0,0.0,0.0,0.0]",240,1,1
2026-08-11T14:23:52.025070+00:00,1245627.491329,cycle_1_neutral_blocked,0.0000000,0.0000000,0.0000000,0.0000000,,,0,1,1,1,0,1,0.000000,2737,136901,1,0,1,1,0,1,0,1673247511,107,22476,1245627388,513,0,-2.3812881,-0.0022510,"[-0.3709472715854645,0.009802008047699928,-0.03501803055405617,0.9279416799545288]","[0.010756831616163254,-0.004244745243340731,-0.002251038560643792]","[-0.10551299899816513,-0.7096030116081238,9.793747901916504]",0.0646939,634.000,"[0.0,0.0,0.0,0.0]","[0.0,0.0,0.0,0.0,0.0,0.0,0.0,0.0]","[0.0,0.0,0.0,0.0,0.0,0.0,0.0,0.0]",240,1,1
2026-08-11T14:23:52.077961+00:00,1245627.543514,cycle_1_neutral_blocked,0.0000000,0.0000000,0.0000000,0.0000000,,,0,1,1,1,0,1,0.000000,2739,137001,1,0,1,1,0,1,0,1673247511,109,28898,1245627492,515,0,-2.3807783,-0.0035047,"[-0.3711780607700348,0.009931002743542194,-0.034397006034851074,0.9278712868690491]","[0.0069035799242556095,-0.0038193739019334316,-0.003504708642140031]","[-0.085548996925354,-0.6871100068092346,9.80244255065918]",0.0712245,698.000,"[0.0,0.0,0.0,0.0]","[0.0,0.0,0.0,0.0,0.0,0.0,0.0,0.0]","[0.0,0.0,0.0,0.0,0.0,0.0,0.0,0.0]",240,1,1
2026-08-11T14:23:52.129929+00:00,1245627.596239,cycle_1_neutral_blocked,0.0000000,0.0000000,0.0000000,0.0000000,,,0,1,1,1,0,1,0.000000,2740,137051,1,0,1,1,0,1,0,1673247511,110,60712,1245627545,516,0,-2.3805494,-0.0040965,"[-0.371280312538147,0.010036008432507515,-0.034167032688856125,0.9278377294540405]","[0.00527030136436224,-0.0054801772348582745,-0.0040965150110423565]","[-0.09587900340557098,-0.6805260181427002,9.810224533081055]",0.0712245,698.000,"[0.0,0.0,0.0,0.0]","[0.0,0.0,0.0,0.0,0.0,0.0,0.0,0.0]","[0.0,0.0,0.0,0.0,0.0,0.0,0.0,0.0]",240,1,1
2026-08-11T14:23:52.181938+00:00,1245627.648304,cycle_1_neutral_blocked,0.0000000,0.0000000,0.0000000,0.0000000,,,0,1,1,1,0,1,0.000000,2741,137101,1,0,1,1,0,1,0,1673247511,111,10916,1245627597,517,0,-2.3803134,-0.0035146,"[-0.37138617038726807,0.010138005949556828,-0.03399501368403435,0.9278005361557007]","[0.00039671335252933204,-0.005440994631499052,-0.0035146221052855253]","[-0.07665800303220749,-0.6689170002937317,9.788684844970703]",0.0712245,698.000,"[0.0,0.0,0.0,0.0]","[0.0,0.0,0.0,0.0,0.0,0.0,0.0,0.0]","[0.0,0.0,0.0,0.0,0.0,0.0,0.0,0.0]",240,1,1
2026-08-11T14:23:52.234020+00:00,1245627.700371,cycle_1_neutral_blocked,0.0000000,0.0000000,0.0000000,0.0000000,,,0,1,1,1,0,1,0.000000,2742,137151,1,0,1,1,0,1,0,1673247511,112,16575,1245627649,518,0,-2.3801436,-0.0047301,"[-0.37146034836769104,0.01027201022952795,-0.03387303650379181,0.9277738928794861]","[0.001616698456928134,-0.005464277230203152,-0.004730121698230505]","[-0.04322800040245056,-0.6766170263290405,9.767593383789062]",0.0802041,786.000,"[0.0,0.0,0.0,0.0]","[0.0,0.0,0.0,0.0,0.0,0.0,0.0,0.0]","[0.0,0.0,0.0,0.0,0.0,0.0,0.0,0.0]",240,1,1
2026-08-11T14:23:52.285037+00:00,1245627.752379,cycle_1_neutral_blocked,0.0000000,0.0000000,0.0000000,0.0000000,,,0,1,1,1,0,1,0.000000,2743,137201,1,0,1,1,0,1,0,1673247511,113,15256,1245627701,519,0,-2.3800077,-0.0047671,"[-0.3715191185474396,0.010400003753602505,-0.03380700945854187,0.927751362323761]","[-0.0044741518795490265,-0.005424937233328819,-0.004767070524394512]","[-0.043241001665592194,-0.6937839984893799,9.746255874633789]",0.0802041,786.000,"[0.0,0.0,0.0,0.0]","[0.0,0.0,0.0,0.0,0.0,0.0,0.0,0.0]","[0.0,0.0,0.0,0.0,0.0,0.0,0.0,0.0]",240,1,1
2026-08-11T14:23:52.335802+00:00,1245627.803169,cycle_1_neutral_blocked,0.0000000,0.0000000,0.0000000,0.0000000,,,0,1,1,1,0,1,0.000000,2744,137251,1,0,1,1,0,1,0,1673247511,114,9132,1245627752,520,0,-2.3798919,-0.0072719,"[-0.37156805396080017,0.010546001605689526,-0.03380100801587105,0.9277303218841553]","[-0.005671290680766106,-0.0025366616901010275,-0.007271861657500267]","[-0.03928099945187569,-0.6994760036468506,9.742386817932129]",0.0938775,920.000,"[0.0,0.0,0.0,0.0]","[0.0,0.0,0.0,0.0,0.0,0.0,0.0,0.0]","[0.0,0.0,0.0,0.0,0.0,0.0,0.0,0.0]",240,1,1
2026-08-11T14:23:52.387562+00:00,1245627.853988,cycle_1_neutral_blocked,0.0000000,0.0000000,0.0000000,0.0000000,,,0,1,1,1,0,1,0.000000,2745,137301,1,0,1,1,0,1,0,1673247511,115,19272,1245627803,521,0,-2.3798077,-0.0060711,"[-0.3716021180152893,0.010695002973079681,-0.033847011625766754,0.9277132749557495]","[-0.006886283867061138,-0.001681589987128973,-0.006071093026548624]","[-0.020191000774502754,-0.7078019976615906,9.728337287902832]",0.0938775,920.000,"[0.0,0.0,0.0,0.0]","[0.0,0.0,0.0,0.0,0.0,0.0,0.0,0.0]","[0.0,0.0,0.0,0.0,0.0,0.0,0.0,0.0]",240,1,1
2026-08-11T14:23:52.439742+00:00,1245627.905984,cycle_1_negative,0.0000000,-0.0500000,0.0000000,0.0000000,,,1,1,1,1,0,1,0.000000,2746,137351,1,0,1,1,0,1,0,1673247511,116,11457,1245627855,522,0,-2.3797328,-0.0073014,"[-0.37163230776786804,0.010838006623089314,-0.03395302966237068,0.927695631980896]","[-0.008102656342089176,-0.0016891470877453685,-0.007301376201212406]","[-0.017021000385284424,-0.7135149836540222,9.722856521606445]",0.1074490,1053.000,"[0.0,0.0,0.0,0.0]","[0.0,0.0,0.0,0.0,0.0,0.0,0.0,0.0]","[0.0,0.0,0.0,0.0,0.0,0.0,0.0,0.0]",240,1,1
2026-08-11T14:23:52.492002+00:00,1245627.958231,cycle_1_negative,0.0000000,-0.0500000,0.0000000,0.0000000,,,1,1,1,1,1,1,0.000000,2747,137401,2,1,1,1,0,1,0,1673247511,117,63100,1245627907,523,0,-2.3797097,-0.0073125,"[-0.3716381788253784,0.010990004986524582,-0.034092016518116,0.9276863932609558]","[-0.009929911233484745,-0.001677348860539496,-0.007312458474189043]","[-0.021817000582814217,-0.7232239842414856,9.715750694274902]",0.1074490,1053.000,"[0.0,-0.05000000074505806,0.0,0.0]","[0.05000000074505806,-0.05000000074505806,0.0,0.0,0.0,-0.05000000074505806,-0.05000000074505806,0.0]","[0.0,-0.0,0.0,0.0,0.0,-0.0,-0.0,0.0]",0,1,1
2026-08-11T14:23:52.544324+00:00,1245628.010502,cycle_1_negative,0.0000000,-0.0500000,0.0000000,0.0000000,,,1,1,1,1,1,1,0.000000,2748,137451,2,1,1,1,0,1,0,1673247511,118,11609,1245627959,524,0,-2.3791921,-0.0008780,"[-0.37187129259109497,0.011239008978009224,-0.03482503071427345,0.9275627732276917]","[-0.03974776342511177,0.004838610999286175,-0.000878040271345526]","[-0.0697999969124794,-1.220818042755127,9.729714393615723]",0.1089796,1068.000,"[0.0,-0.05000000074505806,0.0,0.0]","[0.05000000074505806,-0.05000000074505806,0.0,0.0,0.0,-0.05000000074505806,-0.05000000074505806,0.0]","[1100.0,-1062.5,0.0,0.0,0.0,-1162.5,-1150.0,0.0]",0,1,1
2026-08-11T14:23:52.596517+00:00,1245628.062733,cycle_1_negative,0.0000000,-0.0500000,0.0000000,0.0000000,,,1,1,1,1,1,1,0.000000,2749,137501,2,1,1,1,0,1,0,1673247511,119,50,1245628011,525,0,-2.3792448,-0.0156194,"[-0.37183836102485657,0.011540011502802372,-0.03596503287553787,0.9275287985801697]","[-0.05252060294151306,0.004112292546778917,-0.015619405545294285]","[-0.013429000042378902,-1.0504510402679443,9.559938430786133]",0.1089796,1068.000,"[0.0,-0.05000000074505806,0.0,0.0]","[0.05000000074505806,-0.05000000074505806,0.0,0.0,0.0,-0.05000000074505806,-0.05000000074505806,0.0]","[1200.0,-1175.0,0.0,0.0,0.0,-1200.0,-1225.0,0.0]",4,1,1
2026-08-11T14:23:52.648738+00:00,1245628.114949,cycle_1_negative,0.0000000,-0.0500000,0.0000000,0.0000000,,,1,1,1,1,1,1,0.000000,2750,137551,2,1,1,1,0,1,0,1673247511,120,56430,1245628064,526,0,-2.3803048,-0.0283094,"[-0.3713342249393463,0.011998006142675877,-0.038416024297475815,0.9276266098022461]","[-0.07187753170728683,0.023422982543706894,-0.028309430927038193]","[-0.01764100044965744,-0.7157589793205261,9.890802383422852]",0.1302041,1276.000,"[0.0,-0.05000000074505806,0.0,0.0]","[0.05000000074505806,-0.05000000074505806,0.0,0.0,0.0,-0.05000000074505806,-0.05000000074505806,0.0]","[762.5,-762.5,0.0,0.0,0.0,-725.0,-787.5,0.0]",255,1,1
2026-08-11T14:23:52.700324+00:00,1245628.167144,cycle_1_negative,0.0000000,-0.0500000,0.0000000,0.0000000,,,1,1,1,1,1,1,0.000000,2751,137601,2,1,1,1,0,1,0,1673247511,121,28795,1245628116,527,0,-2.3812473,-0.0300960,"[-0.37089115381240845,0.012222006916999817,-0.039873018860816956,0.9277394413948059]","[-0.08043563365936279,0.017840353772044182,-0.030095988884568214]","[-0.14196200668811798,-0.7901939749717712,9.861681938171387]",0.1302041,1276.000,"[0.0,-0.05000000074505806,0.0,0.0]","[0.05000000074505806,-0.05000000074505806,0.0,0.0,0.0,-0.05000000074505806,-0.05000000074505806,0.0]","[650.0,-650.0,0.0,0.0,0.0,-637.5,-662.5,0.0]",4,1,1
2026-08-11T14:23:52.752172+00:00,1245628.218648,cycle_1_negative,0.0000000,-0.0500000,0.0000000,0.0000000,,,1,1,1,1,1,1,0.000000,2752,137651,2,1,1,1,0,1,0,1673247511,122,20425,1245628167,528,0,-2.3824887,-0.0264162,"[-0.3703062832355499,0.012556010857224464,-0.04195603355765343,0.9278767704963684]","[-0.07861380279064178,0.017874807119369507,-0.02641618810594082]","[-0.08216399699449539,-0.815805971622467,9.778786659240723]",0.1429592,1401.000,"[0.0,-0.05000000074505806,0.0,0.0]","[0.05000000074505806,-0.05000000074505806,0.0,0.0,0.0,-0.05000000074505806,-0.05000000074505806,0.0]","[625.0,-600.0,0.0,0.0,0.0,-600.0,-625.0,0.0]",0,1,1
2026-08-11T14:23:52.804319+00:00,1245628.270588,cycle_1_negative,0.0000000,-0.0500000,0.0000000,0.0000000,,,1,1,1,1,1,1,0.000000,2753,137701,2,1,1,1,0,1,0,1673247511,123,56841,1245628219,529,0,-2.3835061,-0.0258010,"[-0.369825154542923,0.012893004342913628,-0.043916016817092896,0.9279733300209045]","[-0.07617463171482086,0.018490629270672798,-0.025801027193665504]","[-0.10384699702262878,-0.881201982498169,9.743517875671387]",0.1429592,1401.000,"[0.0,-0.05000000074505806,0.0,0.0]","[0.05000000074505806,-0.05000000074505806,0.0,0.0,0.0,-0.05000000074505806,-0.05000000074505806,0.0]","[612.5,-600.0,0.0,0.0,0.0,-600.0,-612.5,0.0]",0,1,1
2026-08-11T14:23:52.856435+00:00,1245628.322780,cycle_1_negative,0.0000000,-0.0500000,0.0000000,0.0000000,,,1,1,1,1,1,1,0.000000,2754,137751,2,1,1,1,0,1,0,1673247511,123,56841,1245628219,529,0,-2.3844860,-0.0251194,"[-0.3693622946739197,0.013194010592997074,-0.045731037855148315,0.9280657768249512]","[-0.06826487183570862,0.01719954051077366,-0.025119442492723465]","[-0.10170400142669678,-0.9269160032272339,9.74421501159668]",0.1429592,1401.000,"[0.0,-0.05000000074505806,0.0,0.0]","[0.05000000074505806,-0.05000000074505806,0.0,0.0,0.0,-0.05000000074505806,-0.05000000074505806,0.0]","[612.5,-600.0,0.0,0.0,0.0,-600.0,-612.5,0.0]",0,1,1
2026-08-11T14:23:52.908620+00:00,1245628.374896,cycle_1_negative,0.0000000,-0.0500000,0.0000000,0.0000000,,,1,1,1,1,1,1,0.000000,2755,137801,2,1,1,1,0,1,0,1673247511,124,47488,1245628271,530,0,-2.3853977,-0.0249756,"[-0.3689311444759369,0.013473005965352058,-0.047305017709732056,0.9281543493270874]","[-0.05915844440460205,0.012149813584983349,-0.024975575506687164]","[-0.14025700092315674,-0.9742609858512878,9.782848358154297]",0.1582653,1551.000,"[0.0,-0.05000000074505806,0.0,0.0]","[0.05000000074505806,-0.05000000074505806,0.0,0.0,0.0,-0.05000000074505806,-0.05000000074505806,0.0]","[612.5,-600.0,0.0,0.0,0.0,-587.5,-625.0,0.0]",0,1,1
2026-08-11T14:23:52.959939+00:00,1245628.426991,cycle_1_negative,0.0000000,-0.0500000,0.0000000,0.0000000,,,1,1,1,1,1,1,0.000000,2756,137851,2,1,1,1,0,1,0,1673247511,125,61249,1245628323,531,0,-2.3862929,-0.0248919,"[-0.36850929260253906,0.013693010434508324,-0.04858403652906418,0.9282526969909668]","[-0.04535248503088951,0.01206064410507679,-0.024891868233680725]","[-0.13179199397563934,-1.0091760158538818,9.809846878051758]",0.1582653,1551.000,"[0.0,-0.05000000074505806,0.0,0.0]","[0.05000000074505806,-0.05000000074505806,0.0,0.0,0.0,-0.05000000074505806,-0.05000000074505806,0.0]","[612.5,-600.0,0.0,0.0,0.0,-600.0,-612.5,0.0]",0,1,1
2026-08-11T14:23:53.011931+00:00,1245628.478247,cycle_1_negative,0.0000000,-0.0500000,0.0000000,0.0000000,,,1,1,1,1,1,1,0.000000,2757,137901,2,1,1,1,0,1,0,1673247511,126,8999,1245628376,532,0,-2.3871918,-0.0230008,"[-0.36808910965919495,0.013814004138112068,-0.049554020166397095,0.9283663630485535]","[-0.02869190275669098,0.014471640810370445,-0.02300078794360161]","[-0.1405629962682724,-1.0270689725875854,9.790818214416504]",0.1789796,1754.000,"[0.0,-0.05000000074505806,0.0,0.0]","[0.05000000074505806,-0.05000000074505806,0.0,0.0,0.0,-0.05000000074505806,-0.05000000074505806,0.0]","[612.5,-600.0,0.0,0.0,0.0,-587.5,-612.5,0.0]",0,1,1
2026-08-11T14:23:53.064034+00:00,1245628.530398,cycle_1_negative,0.0000000,-0.0500000,0.0000000,0.0000000,,,1,1,1,1,1,1,0.000000,2758,137951,2,1,1,1,0,1,0,1673247511,127,36955,1245628427,533,0,-2.3880672,-0.0259620,"[-0.36768630146980286,0.013767012394964695,-0.050163038074970245,0.9284939169883728]","[-0.01468212902545929,0.013718778267502785,-0.02596203424036503]","[-0.12607799470424652,-1.0254260301589966,9.745383262634277]",0.1789796,1754.000,"[0.0,-0.05000000074505806,0.0,0.0]","[0.05000000074505806,-0.05000000074505806,0.0,0.0,0.0,-0.05000000074505806,-0.05000000074505806,0.0]","[612.5,-600.0,0.0,0.0,0.0,-587.5,-612.5,0.0]",0,1,1
2026-08-11T14:23:53.116140+00:00,1245628.582478,cycle_1_negative,0.0000000,-0.0500000,0.0000000,0.0000000,,,1,1,1,1,1,1,0.000000,2759,138001,2,1,1,1,0,1,0,1673247511,128,19395,1245628479,534,0,-2.3890069,-0.0245915,"[-0.36725613474845886,0.013636005111038685,-0.05037902295589447,0.9286544322967529]","[0.0005245412467047572,0.010516655631363392,-0.024591516703367233]","[-0.09745199978351593,-1.0378780364990234,9.726705551147461]",0.1857143,1820.000,"[0.0,-0.05000000074505806,0.0,0.0]","[0.05000000074505806,-0.05000000074505806,0.0,0.0,0.0,-0.05000000074505806,-0.05000000074505806,0.0]","[612.5,-600.0,0.0,0.0,0.0,-587.5,-612.5,0.0]",0,1,1
2026-08-11T14:23:53.168182+00:00,1245628.634539,cycle_1_negative,0.0000000,-0.0500000,0.0000000,0.0000000,,,1,1,1,1,1,1,0.000000,2760,138051,2,1,1,1,0,1,0,1673247511,129,62309,1245628531,535,0,-2.3899145,-0.0244734,"[-0.3668440878391266,0.01340300403535366,-0.05025501176714897,0.9288273453712463]","[0.012691335752606392,0.007942627184092999,-0.024473408237099648]","[-0.0830949991941452,-1.0160019397735596,9.74573802947998]",0.1857143,1820.000,"[0.0,-0.05000000074505806,0.0,0.0]","[0.05000000074505806,-0.05000000074505806,0.0,0.0,0.0,-0.05000000074505806,-0.05000000074505806,0.0]","[612.5,-587.5,0.0,0.0,0.0,-587.5,-612.5,0.0]",0,1,1
2026-08-11T14:23:53.220296+00:00,1245628.686613,cycle_1_negative,0.0000000,-0.0500000,0.0000000,0.0000000,,,1,1,1,1,1,1,0.000000,2761,138101,2,1,1,1,0,1,0,1673247511,130,31372,1245628583,536,0,-2.3908415,-0.0255610,"[-0.36642420291900635,0.013111008331179619,-0.04978403076529503,0.9290225505828857]","[0.028923003003001213,0.005742848850786686,-0.025560975074768066]","[-0.11883100122213364,-1.0414390563964844,9.696927070617676]",0.1902041,1864.000,"[0.0,-0.05000000074505806,0.0,0.0]","[0.05000000074505806,-0.05000000074505806,0.0,0.0,0.0,-0.05000000074505806,-0.05000000074505806,0.0]","[612.5,-600.0,0.0,0.0,0.0,-600.0,-600.0,0.0]",0,1,1
2026-08-11T14:23:53.272471+00:00,1245628.738738,cycle_1_negative,0.0000000,-0.0500000,0.0000000,0.0000000,,,1,1,1,1,1,1,0.000000,2762,138151,2,1,1,1,0,1,0,1673247511,131,15486,1245628635,537,0,-2.3916898,-0.0241880,"[-0.36604130268096924,0.012769010849297047,-0.0489470399916172,0.9292227625846863]","[0.04148408770561218,0.0015180350746959448,-0.02418801374733448]","[-0.09932199865579605,-0.982683002948761,9.664302825927734]",0.1902041,1864.000,"[0.0,-0.05000000074505806,0.0,0.0]","[0.05000000074505806,-0.05000000074505806,0.0,0.0,0.0,-0.05000000074505806,-0.05000000074505806,0.0]","[612.5,-587.5,0.0,0.0,0.0,-600.0,-600.0,0.0]",0,1,1
2026-08-11T14:23:53.324618+00:00,1245628.790858,cycle_1_negative,0.0000000,-0.0500000,0.0000000,0.0000000,,,1,1,1,1,1,1,0.000000,2763,138201,2,1,1,1,0,1,0,1673247511,132,10589,1245628687,538,0,-2.3925474,-0.0253162,"[-0.36565425992012024,0.012393008917570114,-0.04788203164935112,0.929435670375824]","[0.04796415939927101,-0.0016585167031735182,-0.025316229090094566]","[-0.08259300142526627,-0.9640370011329651,9.682610511779785]",0.1827551,1791.000,"[0.0,-0.05000000074505806,0.0,0.0]","[0.05000000074505806,-0.05000000074505806,0.0,0.0,0.0,-0.05000000074505806,-0.05000000074505806,0.0]","[612.5,-600.0,0.0,0.0,0.0,-600.0,-600.0,0.0]",0,1,1
2026-08-11T14:23:53.377620+00:00,1245628.843068,cycle_1_negative,0.0000000,-0.0500000,0.0000000,0.0000000,,,1,1,1,1,1,1,0.000000,2765,138301,2,1,1,1,0,1,0,1673247511,134,35503,1245628792,540,0,-2.3943164,-0.0263731,"[-0.36484915018081665,0.011692003346979618,-0.045140013098716736,0.9298983216285706]","[0.05706493556499481,-0.007971355691552162,-0.02637314796447754]","[-0.0943399965763092,-0.9057040214538574,9.71760082244873]",0.1825510,1789.000,"[0.0,-0.05000000074505806,0.0,0.0]","[0.05000000074505806,-0.05000000074505806,0.0,0.0,0.0,-0.05000000074505806,-0.05000000074505806,0.0]","[612.5,-587.5,0.0,0.0,0.0,-600.0,-600.0,0.0]",0,1,1
2026-08-11T14:23:53.429591+00:00,1245628.896045,cycle_1_negative,0.0000000,-0.0500000,0.0000000,0.0000000,,,1,1,1,1,1,1,0.000000,2766,138351,2,1,1,1,0,1,0,1673247511,135,13849,1245628845,541,0,-2.3952222,-0.0287821,"[-0.3644353449344635,0.011350012384355068,-0.04360704496502876,0.9301379323005676]","[0.06132841110229492,-0.008653569966554642,-0.02878205105662346]","[-0.08947700262069702,-0.9012079834938049,9.69839859008789]",0.1825510,1789.000,"[0.0,-0.05000000074505806,0.0,0.0]","[0.05000000074505806,-0.05000000074505806,0.0,0.0,0.0,-0.05000000074505806,-0.05000000074505806,0.0]","[612.5,-587.5,0.0,0.0,0.0,-587.5,-600.0,0.0]",0,1,1
2026-08-11T14:23:53.481676+00:00,1245628.947989,cycle_1_negative,0.0000000,-0.0500000,0.0000000,0.0000000,,,1,1,1,1,1,1,0.000000,2767,138401,2,1,1,1,0,1,0,1673247511,136,11956,1245628897,542,0,-2.3961430,-0.0267168,"[-0.36401212215423584,0.011054003611207008,-0.04201702028512955,0.9303803443908691]","[0.06213005632162094,-0.009880798868834972,-0.026716837659478188]","[-0.07975900173187256,-0.8569089770317078,9.713851928710938]",0.1596939,1565.000,"[0.0,-0.05000000074505806,0.0,0.0]","[0.05000000074505806,-0.05000000074505806,0.0,0.0,0.0,-0.05000000074505806,-0.05000000074505806,0.0]","[612.5,-587.5,0.0,0.0,0.0,-587.5,-600.0,0.0]",0,1,1
2026-08-11T14:23:53.533839+00:00,1245629.000052,cycle_1_negative,0.0000000,-0.0500000,0.0000000,0.0000000,,,1,1,1,1,1,1,0.000000,2768,138451,2,1,1,1,0,1,0,1673247511,137,35218,1245628949,543,0,-2.3970814,-0.0274928,"[-0.36357933282852173,0.010790008120238781,-0.04041004180908203,0.9306238293647766]","[0.061304204165935516,-0.012381191365420818,-0.027492793276906013]","[-0.09650000184774399,-0.8353130221366882,9.757319450378418]",0.1596939,1565.000,"[0.0,-0.05000000074505806,0.0,0.0]","[0.05000000074505806,-0.05000000074505806,0.0,0.0,0.0,-0.05000000074505806,-0.05000000074505806,0.0]","[612.5,-587.5,0.0,0.0,0.0,-587.5,-600.0,0.0]",0,1,1
2026-08-11T14:23:53.585995+00:00,1245629.052265,cycle_1_negative,0.0000000,-0.0500000,0.0000000,0.0000000,,,1,1,1,1,1,1,0.000000,2769,138501,2,1,1,1,0,1,0,1673247511,138,1275,1245629001,544,0,-2.3980742,-0.0250667,"[-0.36311930418014526,0.010572008788585663,-0.0387200303375721,0.9308777451515198]","[0.056831467896699905,-0.012737395241856575,-0.025066697970032692]","[-0.08089599758386612,-0.7735639810562134,9.709413528442383]",0.1365306,1338.000,"[0.0,-0.05000000074505806,0.0,0.0]","[0.05000000074505806,-0.05000000074505806,0.0,0.0,0.0,-0.05000000074505806,-0.05000000074505806,0.0]","[612.5,-587.5,0.0,0.0,0.0,-600.0,-600.0,0.0]",255,1,1
2026-08-11T14:23:53.638446+00:00,1245629.104414,cycle_1_negative,0.0000000,-0.0500000,0.0000000,0.0000000,,,1,1,1,1,1,1,0.000000,2770,138551,2,1,1,1,0,1,0,1673247511,139,32732,1245629053,545,0,-2.3989630,-0.0251381,"[-0.3627071976661682,0.010393005795776844,-0.0373220220208168,0.9310975074768066]","[0.047497112303972244,-0.011845305562019348,-0.025138065218925476]","[-0.05220299959182739,-0.7657999992370605,9.701634407043457]",0.1365306,1338.000,"[0.0,-0.05000000074505806,0.0,0.0]","[0.05000000074505806,-0.05000000074505806,0.0,0.0,0.0,-0.05000000074505806,-0.05000000074505806,0.0]","[612.5,-587.5,0.0,0.0,0.0,-600.0,-600.0,0.0]",255,1,1
2026-08-11T14:23:53.690228+00:00,1245629.157072,cycle_1_negative,0.0000000,-0.0500000,0.0000000,0.0000000,,,1,1,1,1,1,1,0.000000,2771,138601,2,1,1,1,0,1,0,1673247511,140,35096,1245629105,546,0,-2.3998213,-0.0251689,"[-0.3623073399066925,0.010292008519172668,-0.03609003499150276,0.9313028454780579]","[0.041200730949640274,-0.012220551259815693,-0.025168871507048607]","[-0.026833999902009964,-0.7467430233955383,9.74962043762207]",0.1365306,1338.000,"[0.0,-0.05000000074505806,0.0,0.0]","[0.05000000074505806,-0.05000000074505806,0.0,0.0,0.0,-0.05000000074505806,-0.05000000074505806,0.0]","[612.5,-587.5,0.0,0.0,0.0,-587.5,-600.0,0.0]",255,1,1
2026-08-11T14:23:53.742294+00:00,1245629.208538,cycle_1_negative,0.0000000,-0.0500000,0.0000000,0.0000000,,,1,1,1,1,1,1,0.000000,2772,138651,2,1,1,1,0,1,0,1673247511,141,20116,1245629157,547,0,-2.4006617,-0.0252574,"[-0.3619142472743988,0.010254005901515484,-0.0350860171020031,0.9314944744110107]","[0.03207564353942871,-0.010290024802088737,-0.025257445871829987]","[-0.04566799849271774,-0.7329559922218323,9.701225280761719]",0.1002041,982.000,"[0.0,-0.05000000074505806,0.0,0.0]","[0.05000000074505806,-0.05000000074505806,0.0,0.0,0.0,-0.05000000074505806,-0.05000000074505806,0.0]","[612.5,-587.5,0.0,0.0,0.0,-587.5,-612.5,0.0]",255,1,1
2026-08-11T14:23:53.794397+00:00,1245629.260731,cycle_1_negative,0.0000000,-0.0500000,0.0000000,0.0000000,,,1,1,1,1,1,1,0.000000,2773,138701,2,1,1,1,0,1,0,1673247511,142,56014,1245629209,548,0,-2.4015028,-0.0252723,"[-0.36151912808418274,0.010283002629876137,-0.03426200896501541,0.9316782355308533]","[0.024146316573023796,-0.012110420502722263,-0.025272279977798462]","[-0.028836000710725784,-0.7237780094146729,9.677295684814453]",0.1002041,982.000,"[0.0,-0.05000000074505806,0.0,0.0]","[0.05000000074505806,-0.05000000074505806,0.0,0.0,0.0,-0.05000000074505806,-0.05000000074505806,0.0]","[612.5,-587.5,0.0,0.0,0.0,-600.0,-600.0,0.0]",255,1,1
2026-08-11T14:23:53.846526+00:00,1245629.312812,cycle_1_negative,0.0000000,-0.0500000,0.0000000,0.0000000,,,1,1,1,1,1,1,0.000000,2774,138751,2,1,1,1,0,1,0,1673247511,143,7490,1245629261,549,0,-2.4023242,-0.0265469,"[-0.36113131046295166,0.01038700807839632,-0.033622030168771744,0.931850790977478]","[0.015620906837284565,-0.01207076758146286,-0.02654687874019146]","[-0.016846999526023865,-0.6970440149307251,9.698630332946777]",0.0665306,652.000,"[0.0,-0.05000000074505806,0.0,0.0]","[0.05000000074505806,-0.05000000074505806,0.0,0.0,0.0,-0.05000000074505806,-0.05000000074505806,0.0]","[612.5,-587.5,0.0,0.0,0.0,-600.0,-612.5,0.0]",255,1,1
2026-08-11T14:23:53.898627+00:00,1245629.364965,cycle_1_negative,0.0000000,-0.0500000,0.0000000,0.0000000,,,1,1,1,1,1,1,0.000000,2775,138801,2,1,1,1,0,1,0,1673247511,144,5232,1245629314,550,0,-2.4031897,-0.0253966,"[-0.3607204556465149,0.010574012994766235,-0.03316603973507881,0.9320241808891296]","[0.007302387617528439,-0.010753916576504707,-0.025396564975380898]","[-0.021637000143527985,-0.677253007888794,9.732666969299316]",0.0665306,652.000,"[0.0,-0.05000000074505806,0.0,0.0]","[0.05000000074505806,-0.05000000074505806,0.0,0.0,0.0,-0.05000000074505806,-0.05000000074505806,0.0]","[612.5,-587.5,0.0,0.0,0.0,-587.5,-600.0,0.0]",255,1,1
2026-08-11T14:23:53.950702+00:00,1245629.417037,cycle_1_negative,0.0000000,-0.0500000,0.0000000,0.0000000,,,1,1,1,1,1,1,0.000000,2776,138851,2,1,1,1,0,1,0,1673247511,145,28503,1245629366,551,0,-2.4038913,-0.0270346,"[-0.3603852689266205,0.010798007249832153,-0.03295402601361275,0.9321587085723877]","[-0.0012373337522149086,-0.013214760459959507,-0.0270345751196146]","[-0.023405000567436218,-0.6912379860877991,9.761638641357422]",0.0517347,507.000,"[0.0,-0.05000000074505806,0.0,0.0]","[0.05000000074505806,-0.05000000074505806,0.0,0.0,0.0,-0.05000000074505806,-0.05000000074505806,0.0]","[612.5,-587.5,0.0,0.0,0.0,-600.0,-600.0,0.0]",0,1,1
2026-08-11T14:23:54.002791+00:00,1245629.469142,cycle_1_negative,0.0000000,-0.0500000,0.0000000,0.0000000,,,1,1,1,1,1,1,0.000000,2777,138901,2,1,1,1,0,1,0,1673247511,146,57918,1245629418,552,0,-2.4048755,-0.0255012,"[-0.35991302132606506,0.011181999929249287,-0.03291000798344612,0.9323382377624512]","[-0.01178603433072567,-0.011254511773586273,-0.025501232594251633]","[-0.014670000411570072,-0.6690919995307922,9.79659652709961]",0.0517347,507.000,"[0.0,-0.05000000074505806,0.0,0.0]","[0.05000000074505806,-0.05000000074505806,0.0,0.0,0.0,-0.05000000074505806,-0.05000000074505806,0.0]","[612.5,-587.5,0.0,0.0,0.0,-587.5,-600.0,0.0]",0,1,1
2026-08-11T14:23:54.054914+00:00,1245629.521231,cycle_1_negative,0.0000000,-0.0500000,0.0000000,0.0000000,,,1,1,1,1,1,1,0.000000,2778,138951,2,1,1,1,0,1,0,1673247511,147,46634,1245629470,553,0,-2.4057524,-0.0267979,"[-0.35949039459228516,0.011578011326491833,-0.033092036843299866,0.9324899911880493]","[-0.018472984433174133,-0.009355139918625355,-0.026797940954566002]","[-0.0025909999385476112,-0.659965991973877,9.767814636230469]",0.0411224,403.000,"[0.0,-0.05000000074505806,0.0,0.0]","[0.05000000074505806,-0.05000000074505806,0.0,0.0,0.0,-0.05000000074505806,-0.05000000074505806,0.0]","[612.5,-587.5,0.0,0.0,0.0,-600.0,-600.0,0.0]",0,1,1
2026-08-11T14:23:54.106916+00:00,1245629.573297,cycle_1_negative,0.0000000,-0.0500000,0.0000000,0.0000000,,,1,1,1,1,1,1,0.000000,2779,139001,2,1,1,1,0,1,0,1673247511,147,46634,1245629470,553,0,-2.4066558,-0.0264383,"[-0.359054297208786,0.011999010108411312,-0.033424027264118195,0.932640790939331]","[-0.02395038679242134,-0.008482806384563446,-0.026438282802700996]","[0.03082999959588051,-0.6938729882240295,9.711125373840332]",0.0411224,403.000,"[0.0,-0.05000000074505806,0.0,0.0]","[0.05000000074505806,-0.05000000074505806,0.0,0.0,0.0,-0.05000000074505806,-0.05000000074505806,0.0]","[612.5,-587.5,0.0,0.0,0.0,-587.5,-600.0,0.0]",0,1,1
2026-08-11T14:23:54.158501+00:00,1245629.625314,cycle_1_negative,0.0000000,-0.0500000,0.0000000,0.0000000,,,1,1,1,1,1,1,0.000000,2780,139051,2,1,1,1,0,1,0,1673247511,148,44681,1245629522,554,0,-2.4075384,-0.0269271,"[-0.3586272895336151,0.012427009642124176,-0.03388803079724312,0.932782769203186]","[-0.02880503609776497,-0.0055452254600822926,-0.026927080005407333]","[0.0020039998926222324,-0.7158250212669373,9.735105514526367]",0.0552041,541.000,"[0.0,-0.05000000074505806,0.0,0.0]","[0.05000000074505806,-0.05000000074505806,0.0,0.0,0.0,-0.05000000074505806,-0.05000000074505806,0.0]","[612.5,-587.5,0.0,0.0,0.0,-587.5,-612.5,0.0]",0,1,1
2026-08-11T14:23:54.209253+00:00,1245629.676690,cycle_1_negative,0.0000000,-0.0500000,0.0000000,0.0000000,,,1,1,1,1,1,1,0.000000,2781,139101,2,1,1,1,0,1,0,1673247511,149,34658,1245629574,555,0,-2.4084411,-0.0257632,"[-0.35819128155708313,0.012831009924411774,-0.034463025629520416,0.9329237341880798]","[-0.031228268519043922,-0.0030187040101736784,-0.025763170793652534]","[0.011315000243484974,-0.7444030046463013,9.757222175598145]",0.0552041,541.000,"[0.0,-0.05000000074505806,0.0,0.0]","[0.05000000074505806,-0.05000000074505806,0.0,0.0,0.0,-0.05000000074505806,-0.05000000074505806,0.0]","[612.5,-600.0,0.0,0.0,0.0,-587.5,-600.0,0.0]",0,1,1
2026-08-11T14:23:54.261004+00:00,1245629.727364,cycle_1_negative,0.0000000,-0.0500000,0.0000000,0.0000000,,,1,1,1,1,1,1,0.000000,2782,139151,2,1,1,1,0,1,0,1673247511,150,46752,1245629626,556,0,-2.4093161,-0.0258074,"[-0.35777005553245544,0.013175002299249172,-0.035091008991003036,0.9330571889877319]","[-0.03121333010494709,-0.0005233369884081185,-0.025807417929172516]","[0.039948999881744385,-0.776574969291687,9.707650184631348]",0.0762245,747.000,"[0.0,-0.05000000074505806,0.0,0.0]","[0.05000000074505806,-0.05000000074505806,0.0,0.0,0.0,-0.05000000074505806,-0.05000000074505806,0.0]","[612.5,-587.5,0.0,0.0,0.0,-587.5,-600.0,0.0]",0,1,1
2026-08-11T14:23:54.312575+00:00,1245629.779384,cycle_1_negative,0.0000000,-0.0500000,0.0000000,0.0000000,,,1,1,1,1,1,1,0.000000,2783,139201,2,1,1,1,0,1,0,1673247511,151,36552,1245629677,557,0,-2.4102399,-0.0258369,"[-0.35732728242874146,0.013469011522829533,-0.035770025104284286,0.9331968426704407]","[-0.03242402896285057,0.000732183107174933,-0.025836912915110588]","[0.001927000004798174,-0.7548609972000122,9.69969654083252]",0.0762245,747.000,"[0.0,-0.05000000074505806,0.0,0.0]","[0.05000000074505806,-0.05000000074505806,0.0,0.0,0.0,-0.05000000074505806,-0.05000000074505806,0.0]","[612.5,-587.5,0.0,0.0,0.0,-587.5,-612.5,0.0]",0,1,1
2026-08-11T14:23:54.364380+00:00,1245629.830698,cycle_1_negative,0.0000000,-0.0500000,0.0000000,0.0000000,,,1,1,1,1,1,1,0.000000,2784,139251,2,1,1,1,0,1,0,1673247511,152,29074,1245629728,558,0,-2.4111471,-0.0258934,"[-0.35689425468444824,0.013709010556340218,-0.03645002841949463,0.9333327412605286]","[-0.029556751251220703,0.0048727672547101974,-0.025893408805131912]","[0.015961000695824623,-0.7816129922866821,9.737832069396973]",0.0762245,747.000,"[0.0,-0.05000000074505806,0.0,0.0]","[0.05000000074505806,-0.05000000074505806,0.0,0.0,0.0,-0.05000000074505806,-0.05000000074505806,0.0]","[612.5,-587.5,0.0,0.0,0.0,-587.5,-612.5,0.0]",0,1,1
2026-08-11T14:23:54.416473+00:00,1245629.882832,cycle_1_negative,0.0000000,-0.0500000,0.0000000,0.0000000,,,1,1,1,1,1,1,0.000000,2785,139301,2,1,1,1,0,1,0,1673247511,153,56711,1245629780,559,0,-2.4120514,-0.0263256,"[-0.356465220451355,0.013872009702026844,-0.0371280238032341,0.9334675073623657]","[-0.027513405308127403,0.006933983881026506,-0.026325585320591927]","[-0.00330400001257658,-0.8053349852561951,9.753952980041504]",0.1085714,1064.000,"[0.0,-0.05000000074505806,0.0,0.0]","[0.05000000074505806,-0.05000000074505806,0.0,0.0,0.0,-0.05000000074505806,-0.05000000074505806,0.0]","[612.5,-587.5,0.0,0.0,0.0,-587.5,-625.0,0.0]",0,1,1
2026-08-11T14:23:54.468530+00:00,1245629.934896,cycle_1_neutral_after_blocked,0.0000000,0.0000000,0.0000000,0.0000000,,,0,1,1,1,1,1,0.000000,2786,139351,2,1,1,1,0,1,0,1673247511,154,32504,1245629831,560,0,-2.4129758,-0.0259253,"[-0.3560304045677185,0.013944013975560665,-0.03773704171180725,0.9336079955101013]","[-0.02507018856704235,0.008171073161065578,-0.025925297290086746]","[-0.012726999819278717,-0.7852950096130371,9.750349998474121]",0.1085714,1064.000,"[0.0,-0.05000000074505806,0.0,0.0]","[0.05000000074505806,-0.05000000074505806,0.0,0.0,0.0,-0.05000000074505806,-0.05000000074505806,0.0]","[612.5,-587.5,0.0,0.0,0.0,-600.0,-612.5,0.0]",0,1,1
2026-08-11T14:23:54.520605+00:00,1245629.986983,cycle_1_neutral_after_blocked,0.0000000,0.0000000,0.0000000,0.0000000,,,0,1,1,1,1,1,0.000000,2787,139401,2,1,1,1,0,1,0,1673247511,155,61240,1245629883,561,0,-2.4138894,-0.0235016,"[-0.35560324788093567,0.013947009108960629,-0.038304030895233154,0.9337475895881653]","[-0.021404368802905083,0.010673684068024158,-0.023501556366682053]","[-0.017671000212430954,-0.8263469934463501,9.738903999328613]",0.1462245,1433.000,"[0.0,-0.05000000074505806,0.0,0.0]","[0.05000000074505806,-0.05000000074505806,0.0,0.0,0.0,-0.05000000074505806,-0.05000000074505806,0.0]","[612.5,-587.5,0.0,0.0,0.0,-587.5,-612.5,0.0]",0,1,1
2026-08-11T14:23:54.572570+00:00,1245630.038979,cycle_1_neutral_after_blocked,0.0000000,0.0000000,0.0000000,0.0000000,,,0,1,1,1,0,1,0.000000,2788,139451,1,0,1,1,0,1,0,1673247511,156,57753,1245629935,562,0,-2.4148493,-0.0258994,"[-0.35515931248664856,0.013831011950969696,-0.038775037974119186,0.9338988661766052]","[-0.013482616282999516,0.010591705329716206,-0.025899361819028854]","[-0.10324300080537796,-0.7509459853172302,9.765597343444824]",0.1462245,1433.000,"[0.0,0.0,0.0,0.0]","[0.0,0.0,0.0,0.0,0.0,0.0,0.0,0.0]","[462.5,425.0,0.0,0.0,0.0,387.5,387.5,0.0]",240,1,1
2026-08-11T14:23:54.624517+00:00,1245630.090948,cycle_1_neutral_after_blocked,0.0000000,0.0000000,0.0000000,0.0000000,,,0,1,1,1,0,1,0.000000,2789,139501,1,0,1,1,0,1,0,1673247511,157,30874,1245629988,563,0,-2.4158263,-0.0283193,"[-0.35471221804618835,0.013589008711278439,-0.03891301900148392,0.9340665340423584]","[-0.005553410854190588,0.011757411062717438,-0.028319276869297028]","[-0.08968000113964081,-0.8215960264205933,9.869941711425781]",0.1863265,1826.000,"[0.0,0.0,0.0,0.0]","[0.0,0.0,0.0,0.0,0.0,0.0,0.0,0.0]","[262.5,200.0,0.0,0.0,0.0,212.5,175.0,0.0]",240,1,1
2026-08-11T14:23:54.677410+00:00,1245630.142924,cycle_1_neutral_after_blocked,0.0000000,0.0000000,0.0000000,0.0000000,,,0,1,1,1,0,1,0.000000,2791,139601,1,0,1,1,0,1,0,1673247511,159,46977,1245630092,565,0,-2.4176998,-0.0220681,"[-0.35386335849761963,0.012887012213468552,-0.038493040949106216,0.9344158172607422]","[0.01697372831404209,0.011688976548612118,-0.022068100050091743]","[0.008899999782443047,-0.7664070129394531,9.733530044555664]",0.2148979,2106.000,"[0.0,0.0,0.0,0.0]","[0.0,0.0,0.0,0.0,0.0,0.0,0.0,0.0]","[525.0,0.0,0.0,0.0,0.0,125.0,0.0,0.0]",255,1,1
2026-08-11T14:23:54.729384+00:00,1245630.195810,cycle_1_neutral_after_blocked,0.0000000,0.0000000,0.0000000,0.0000000,,,0,1,1,1,0,1,0.000000,2792,139651,1,0,1,1,0,1,0,1673247511,160,44808,1245630144,566,0,-2.4184158,-0.0208144,"[-0.35354316234588623,0.012493005022406578,-0.038052015006542206,0.9345604777336121]","[0.022047629579901695,0.01167162787169218,-0.020814411342144012]","[-0.006064999848604202,-0.7612019777297974,9.702095985412598]",0.2148979,2106.000,"[0.0,0.0,0.0,0.0]","[0.0,0.0,0.0,0.0,0.0,0.0,0.0,0.0]","[2000.0,0.0,0.0,0.0,0.0,125.0,0.0,0.0]",255,1,1
2026-08-11T14:23:54.781448+00:00,1245630.247818,cycle_1_neutral_after_blocked,0.0000000,0.0000000,0.0000000,0.0000000,,,0,1,1,1,0,1,0.000000,2793,139701,1,0,1,1,0,1,0,1673247511,161,54319,1245630196,567,0,-2.4190588,-0.0195448,"[-0.35325807332992554,0.012060001492500305,-0.037478007376194,0.934697151184082]","[0.026098938658833504,0.01041314098984003,-0.019544772803783417]","[-0.010060999542474747,-0.7668330073356628,9.699734687805176]",0.2271429,2226.000,"[0.0,0.0,0.0,0.0]","[0.0,0.0,0.0,0.0,0.0,0.0,0.0,0.0]","[500.0,0.0,0.0,0.0,0.0,125.0,0.0,0.0]",255,1,1
2026-08-11T14:23:54.833476+00:00,1245630.299857,cycle_1_neutral_after_blocked,0.0000000,0.0000000,0.0000000,0.0000000,,,0,1,1,1,0,1,0.000000,2794,139751,1,0,1,1,0,1,0,1673247511,162,11244,1245630248,568,0,-2.4196453,-0.0182702,"[-0.35300007462501526,0.011591003276407719,-0.03680700436234474,0.9348272085189819]","[0.030962351709604263,0.009149417281150818,-0.018270211294293404]","[-0.022045999765396118,-0.7566800117492676,9.730631828308105]",0.2271429,2226.000,"[0.0,0.0,0.0,0.0]","[0.0,0.0,0.0,0.0,0.0,0.0,0.0,0.0]","[1750.0,0.0,0.0,0.0,0.0,0.0,0.0,0.0]",255,1,1
2026-08-11T14:23:54.885477+00:00,1245630.351850,cycle_1_neutral_after_blocked,0.0000000,0.0000000,0.0000000,0.0000000,,,0,1,1,1,0,1,0.000000,2795,139801,1,0,1,1,0,1,0,1673247511,163,34809,1245630300,569,0,-2.4201651,-0.0158244,"[-0.35277441143989563,0.011075013317167759,-0.036052048206329346,0.9349480867385864]","[0.03462071716785431,0.010404344648122787,-0.01582436077296734]","[-0.04571500048041344,-0.7106109857559204,9.746475219726562]",0.2256122,2211.000,"[0.0,0.0,0.0,0.0]","[0.0,0.0,0.0,0.0,0.0,0.0,0.0,0.0]","[137.5,0.0,0.0,0.0,0.0,0.0,0.0,0.0]",255,1,1
2026-08-11T14:23:54.937400+00:00,1245630.403830,cycle_1_neutral_after_blocked,0.0000000,0.0000000,0.0000000,0.0000000,,,0,1,1,1,0,1,0.000000,2796,139851,1,0,1,1,0,1,0,1673247511,164,28989,1245630352,570,0,-2.4206269,-0.0164727,"[-0.3525761365890503,0.010527005419135094,-0.03528201952576637,0.9350584745407104]","[0.032192740589380264,0.011660056188702583,-0.016472697257995605]","[-0.06471099704504013,-0.6912069916725159,9.750767707824707]",0.2256122,2211.000,"[0.0,0.0,0.0,0.0]","[0.0,0.0,0.0,0.0,0.0,0.0,0.0,0.0]","[125.0,0.0,0.0,0.0,0.0,0.0,0.0,0.0]",255,1,1
2026-08-11T14:23:54.989430+00:00,1245630.455802,cycle_1_neutral_after_blocked,0.0000000,0.0000000,0.0000000,0.0000000,,,0,1,1,1,0,1,0.000000,2797,139901,1,0,1,1,0,1,0,1673247511,165,46769,1245630404,571,0,-2.4210443,-0.0146236,"[-0.35239842534065247,0.009969011880457401,-0.03451903909444809,0.9351601004600525]","[0.03279538080096245,0.011055421084165573,-0.014623589813709259]","[-0.07900100201368332,-0.6740099787712097,9.769540786743164]",0.2039796,1999.000,"[0.0,0.0,0.0,0.0]","[0.0,0.0,0.0,0.0,0.0,0.0,0.0,0.0]","[150.0,0.0,0.0,0.0,0.0,0.0,0.0,0.0]",255,1,1
2026-08-11T14:23:55.041415+00:00,1245630.507835,cycle_1_neutral_after_blocked,0.0000000,0.0000000,0.0000000,0.0000000,,,0,1,1,1,0,1,0.000000,2798,139951,1,0,1,1,0,1,0,1673247511,166,34675,1245630456,572,0,-2.4214289,-0.0134130,"[-0.3522352874279022,0.009414007887244225,-0.033768028020858765,0.9352547526359558]","[0.03137362003326416,0.011287969537079334,-0.01341299619525671]","[-0.08207199722528458,-0.6474019885063171,9.777911186218262]",0.2039796,1999.000,"[0.0,0.0,0.0,0.0]","[0.0,0.0,0.0,0.0,0.0,0.0,0.0,0.0]","[237.5,0.0,0.0,0.0,0.0,0.0,0.0,0.0]",255,1,1
2026-08-11T14:23:55.093466+00:00,1245630.559818,cycle_1_neutral_after_blocked,0.0000000,0.0000000,0.0000000,0.0000000,,,0,1,1,1,0,1,0.000000,2799,140001,1,0,1,1,0,1,0,1673247511,167,4692,1245630508,573,0,-2.4217658,-0.0134560,"[-0.35209423303604126,0.008843005634844303,-0.03306202217936516,0.9353386163711548]","[0.029150264337658882,0.012965965084731579,-0.013456017710268497]","[-0.09792900085449219,-0.6352159976959229,9.783145904541016]",0.1697959,1664.000,"[0.0,0.0,0.0,0.0]","[0.0,0.0,0.0,0.0,0.0,0.0,0.0,0.0]","[475.0,0.0,0.0,0.0,0.0,0.0,0.0,0.0]",255,1,1
2026-08-11T14:23:55.145497+00:00,1245630.611877,cycle_1_neutral_after_blocked,0.0000000,0.0000000,0.0000000,0.0000000,,,0,1,1,1,0,1,0.000000,2800,140051,1,0,1,1,0,1,0,1673247511,168,2809,1245630560,574,0,-2.4221237,-0.0134524,"[-0.3519420921802521,0.008301001973450184,-0.03242300823330879,0.9354232549667358]","[0.02609734982252121,0.011737950146198273,-0.013452370651066303]","[-0.10260599851608276,-0.6109939813613892,9.792330741882324]",0.1697959,1664.000,"[0.0,0.0,0.0,0.0]","[0.0,0.0,0.0,0.0,0.0,0.0,0.0,0.0]","[0.0,0.0,0.0,0.0,0.0,0.0,0.0,0.0]",255,1,1
2026-08-11T14:23:55.197549+00:00,1245630.663912,cycle_1_neutral_after_blocked,0.0000000,0.0000000,0.0000000,0.0000000,,,0,1,1,1,0,1,0.000000,2801,140101,1,0,1,1,0,1,0,1673247511,169,18571,1245630612,575,0,-2.4224007,-0.0116697,"[-0.35182616114616394,0.0077990032732486725,-0.031897012144327164,0.935489296913147]","[0.021229417994618416,0.013040228746831417,-0.011669673025608063]","[-0.10005500167608261,-0.5846560001373291,9.78477668762207]",0.1241837,1217.000,"[0.0,0.0,0.0,0.0]","[0.0,0.0,0.0,0.0,0.0,0.0,0.0,0.0]","[0.0,0.0,0.0,0.0,0.0,0.0,0.0,0.0]",255,1,1
2026-08-11T14:23:55.249500+00:00,1245630.715915,cycle_1_neutral_after_blocked,0.0000000,0.0000000,0.0000000,0.0000000,,,0,1,1,1,0,1,0.000000,2802,140151,1,0,1,1,0,1,0,1673247511,170,20671,1245630665,576,0,-2.4226956,-0.0123070,"[-0.35170015692710876,0.007348003797233105,-0.03148101642727852,0.9355543851852417]","[0.015135722234845161,0.012448002584278584,-0.012306997552514076]","[-0.09045899659395218,-0.5824779868125916,9.772860527038574]",0.1241837,1217.000,"[0.0,0.0,0.0,0.0]","[0.0,0.0,0.0,0.0,0.0,0.0,0.0,0.0]","[0.0,0.0,0.0,0.0,0.0,0.0,0.0,0.0]",255,1,1
2026-08-11T14:23:55.301530+00:00,1245630.767919,cycle_1_neutral_after_blocked,0.0000000,0.0000000,0.0000000,0.0000000,,,0,1,1,1,0,1,0.000000,2803,140201,1,0,1,1,0,1,0,1673247511,171,48837,1245630716,577,0,-2.4229584,-0.0110952,"[-0.35158729553222656,0.006962005980312824,-0.031182026490569115,0.935609757900238]","[0.01147566270083189,0.011863195337355137,-0.0110951978713274]","[-0.07126700133085251,-0.5781210064888,9.749029159545898]",0.1241837,1217.000,"[0.0,0.0,0.0,0.0]","[0.0,0.0,0.0,0.0,0.0,0.0,0.0,0.0]","[0.0,0.0,0.0,0.0,0.0,0.0,0.0,0.0]",255,1,1
2026-08-11T14:23:55.352870+00:00,1245630.819929,cycle_1_neutral_after_blocked,0.0000000,0.0000000,0.0000000,0.0000000,,,0,1,1,1,0,1,0.000000,2804,140251,1,0,1,1,0,1,0,1673247511,172,16785,1245630769,578,0,-2.4232330,-0.0123403,"[-0.35146716237068176,0.006645002402365208,-0.030997013673186302,0.9356634020805359]","[0.005381635390222073,0.011055316776037216,-0.012340297922492027]","[-0.06731600314378738,-0.5821359753608704,9.749933242797852]",0.0674490,661.000,"[0.0,0.0,0.0,0.0]","[0.0,0.0,0.0,0.0,0.0,0.0,0.0,0.0]","[0.0,0.0,0.0,0.0,0.0,0.0,0.0,0.0]",255,1,1
2026-08-11T14:23:55.404619+00:00,1245630.871034,cycle_1_neutral_after_blocked,0.0000000,0.0000000,0.0000000,0.0000000,,,0,1,1,1,0,1,0.000000,2805,140301,1,0,1,1,0,1,0,1673247511,172,16785,1245630769,578,0,-2.4234643,-0.0099056,"[-0.3513653576374054,0.006402007304131985,-0.030913034453988075,0.9357060790061951]","[0.000499094370752573,0.010077898390591145,-0.009905598126351833]","[-0.06886500120162964,-0.5831260085105896,9.737135887145996]",0.0674490,661.000,"[0.0,0.0,0.0,0.0]","[0.0,0.0,0.0,0.0,0.0,0.0,0.0,0.0]","[0.0,0.0,0.0,0.0,0.0,0.0,0.0,0.0]",255,1,1
2026-08-11T14:23:55.456608+00:00,1245630.923033,cycle_1_neutral_after_blocked,0.0000000,0.0000000,0.0000000,0.0000000,,,0,1,1,1,0,1,0.000000,2806,140351,1,0,1,1,0,1,0,1673247511,173,4928,1245630820,579,0,-2.4236789,-0.0117437,"[-0.3512691557407379,0.006257002707570791,-0.03099101595580578,0.9357405304908752]","[-0.0056002382189035416,0.008222578093409538,-0.011743709444999695]","[-0.06648899614810944,-0.5929419994354248,9.725313186645508]",0.0160204,157.000,"[0.0,0.0,0.0,0.0]","[0.0,0.0,0.0,0.0,0.0,0.0,0.0,0.0]","[0.0,0.0,0.0,0.0,0.0,0.0,0.0,0.0]",255,1,1
2026-08-11T14:23:55.508646+00:00,1245630.975027,cycle_1_neutral_after_blocked,0.0000000,0.0000000,0.0000000,0.0000000,,,0,1,1,1,0,1,0.000000,2807,140401,1,0,1,1,0,1,0,1673247511,174,7127,1245630872,580,0,-2.4238555,-0.0111618,"[-0.3511893153190613,0.006182005628943443,-0.03117602877318859,0.9357649087905884]","[-0.010473825968801975,0.008261743001639843,-0.011161799542605877]","[-0.07607600092887878,-0.609919011592865,9.713459968566895]",0.0160204,157.000,"[0.0,0.0,0.0,0.0]","[0.0,0.0,0.0,0.0,0.0,0.0,0.0,0.0]","[0.0,0.0,0.0,0.0,0.0,0.0,0.0,0.0]",255,1,1
2026-08-11T14:23:55.560790+00:00,1245631.027050,cycle_1_neutral_after_blocked,0.0000000,0.0000000,0.0000000,0.0000000,,,0,1,1,1,0,1,0.000000,2808,140451,1,0,1,1,0,1,0,1673247511,175,56411,1245630924,581,0,-2.4240210,-0.0111766,"[-0.35111308097839355,0.006178000941872597,-0.031484007835388184,0.9357832074165344]","[-0.01657216250896454,0.007053399924188852,-0.011176617816090584]","[-0.07846099883317947,-0.6148290038108826,9.706308364868164]",0.0000000,0.000,"[0.0,0.0,0.0,0.0]","[0.0,0.0,0.0,0.0,0.0,0.0,0.0,0.0]","[0.0,0.0,0.0,0.0,0.0,0.0,0.0,0.0]",255,1,1
2026-08-11T14:23:55.612883+00:00,1245631.079202,cycle_1_neutral_after_blocked,0.0000000,0.0000000,0.0000000,0.0000000,,,0,1,1,1,0,1,0.000000,2809,140501,1,0,1,1,0,1,0,1673247511,176,53209,1245630976,582,0,-2.4241290,-0.0107027,"[-0.35106226801872253,0.006243003997951746,-0.03187602385878563,0.9357885718345642]","[-0.01903649792075157,0.0024994511622935534,-0.010702655650675297]","[-0.08009400218725204,-0.6211990118026733,9.708782196044922]",0.0000000,0.000,"[0.0,0.0,0.0,0.0]","[0.0,0.0,0.0,0.0,0.0,0.0,0.0,0.0]","[0.0,0.0,0.0,0.0,0.0,0.0,0.0,0.0]",255,1,1
2026-08-11T14:23:55.664928+00:00,1245631.131319,cycle_1_neutral_after_blocked,0.0000000,0.0000000,0.0000000,0.0000000,,,0,1,1,1,0,1,0.000000,2810,140551,1,0,1,1,0,1,0,1673247511,177,46334,1245631028,583,0,-2.4242058,-0.0087088,"[-0.3510251045227051,0.006351002026349306,-0.03235501050949097,0.9357853531837463]","[-0.023907223716378212,0.003388399723917246,-0.008708774112164974]","[-0.07622899860143661,-0.6437050104141235,9.706758499145508]",0.0000000,0.000,"[0.0,0.0,0.0,0.0]","[0.0,0.0,0.0,0.0,0.0,0.0,0.0,0.0]","[0.0,0.0,0.0,0.0,0.0,0.0,0.0,0.0]",255,1,1
2026-08-11T14:23:55.716629+00:00,1245631.183351,cycle_1_neutral_after_blocked,0.0000000,0.0000000,0.0000000,0.0000000,,,0,1,1,1,0,1,0.000000,2811,140601,1,0,1,1,0,1,0,1673247511,178,14743,1245631080,584,0,-2.4242654,-0.0086867,"[-0.3509933054447174,0.006560005713254213,-0.032905030995607376,0.9357766509056091]","[-0.02757667377591133,0.0009166469099000096,-0.008686713874340057]","[-0.08587999641895294,-0.6481050252914429,9.73069953918457]",0.0000000,0.000,"[0.0,0.0,0.0,0.0]","[0.0,0.0,0.0,0.0,0.0,0.0,0.0,0.0]","[0.0,0.0,0.0,0.0,0.0,0.0,0.0,0.0]",255,1,1
2026-08-11T14:23:55.768366+00:00,1245631.234793,cycle_1_neutral_after_blocked,0.0000000,0.0000000,0.0000000,0.0000000,,,0,1,1,1,0,1,0.000000,2812,140651,1,0,1,1,0,1,0,1673247511,179,31717,1245631132,585,0,-2.4243317,-0.0099281,"[-0.3509581983089447,0.006783003453165293,-0.03351501747965813,0.9357665777206421]","[-0.030620301142334938,0.0009208880946971476,-0.009928078390657902]","[-0.09076099842786789,-0.6623679995536804,9.740447998046875]",0.0000000,0.000,"[0.0,0.0,0.0,0.0]","[0.0,0.0,0.0,0.0,0.0,0.0,0.0,0.0]","[0.0,0.0,0.0,0.0,0.0,0.0,0.0,0.0]",255,1,1
2026-08-11T14:23:55.820440+00:00,1245631.286801,cycle_1_neutral_after_blocked,0.0000000,0.0000000,0.0000000,0.0000000,,,0,1,1,1,0,1,0.000000,2813,140701,1,0,1,1,0,1,0,1673247511,180,25414,1245631184,586,0,-2.4244385,-0.0098912,"[-0.35090216994285583,0.007061003241688013,-0.03413001820445061,0.9357633590698242]","[-0.03002242185175419,-0.000954555522184819,-0.00989121850579977]","[-0.10757999867200851,-0.6691409945487976,9.76434326171875]",0.0000000,0.000,"[0.0,0.0,0.0,0.0]","[0.0,0.0,0.0,0.0,0.0,0.0,0.0,0.0]","[0.0,0.0,0.0,0.0,0.0,0.0,0.0,0.0]",255,1,1
2026-08-11T14:23:55.872449+00:00,1245631.338853,cycle_1_neutral_after_blocked,0.0000000,0.0000000,0.0000000,0.0000000,,,0,1,1,1,0,1,0.000000,2814,140751,1,0,1,1,0,1,0,1673247511,181,64758,1245631235,587,0,-2.4245701,-0.0104916,"[-0.35083404183387756,0.0073470002971589565,-0.03474300354719162,0.9357641339302063]","[-0.030025247484445572,-0.001586102764122188,-0.010491610504686832]","[-0.12674599885940552,-0.6736069917678833,9.780981063842773]",0.0000000,0.000,"[0.0,0.0,0.0,0.0]","[0.0,0.0,0.0,0.0,0.0,0.0,0.0,0.0]","[0.0,0.0,0.0,0.0,0.0,0.0,0.0,0.0]",255,1,1
2026-08-11T14:23:55.924498+00:00,1245631.390868,cycle_1_neutral_after_blocked,0.0000000,0.0000000,0.0000000,0.0000000,,,0,1,1,1,0,1,0.000000,2815,140801,1,0,1,1,0,1,0,1673247511,182,10195,1245631287,588,0,-2.4247177,-0.0123186,"[-0.35075727105140686,0.007658006157726049,-0.035346027463674545,0.9357677698135376]","[-0.02880435436964035,-0.001617099973373115,-0.012318569235503674]","[-0.11100500077009201,-0.6951329708099365,9.794273376464844]",0.0000000,0.000,"[0.0,0.0,0.0,0.0]","[0.0,0.0,0.0,0.0,0.0,0.0,0.0,0.0]","[0.0,0.0,0.0,0.0,0.0,0.0,0.0,0.0]",255,1,1
2026-08-11T14:23:55.977435+00:00,1245631.442934,cycle_1_neutral_after_blocked,0.0000000,0.0000000,0.0000000,0.0000000,,,0,1,1,1,0,1,0.000000,2817,140901,1,0,1,1,0,1,0,1673247511,184,59585,1245631391,590,0,-2.4250569,-0.0109961,"[-0.3505803346633911,0.008322007954120636,-0.03635203465819359,0.9357898831367493]","[-0.023346781730651855,-0.005380135029554367,-0.010996080935001373]","[-0.12936900556087494,-0.7070149779319763,9.798234939575195]",0.0000000,0.000,"[0.0,0.0,0.0,0.0]","[0.0,0.0,0.0,0.0,0.0,0.0,0.0,0.0]","[0.0,0.0,0.0,0.0,0.0,0.0,0.0,0.0]",255,1,1
2026-08-11T14:23:56.029379+00:00,1245631.495790,cycle_1_neutral_after_blocked,0.0000000,0.0000000,0.0000000,0.0000000,,,0,1,1,1,0,1,0.000000,2818,140951,1,0,1,1,0,1,0,1673247511,185,31473,1245631444,591,0,-2.4252269,-0.0121489,"[-0.3504903018474579,0.008667007088661194,-0.036729030311107635,0.9358057975769043]","[-0.019096311181783676,-0.00791845377534628,-0.012148887850344181]","[-0.11754100024700165,-0.7140290141105652,9.815264701843262]",0.0000000,0.000,"[0.0,0.0,0.0,0.0]","[0.0,0.0,0.0,0.0,0.0,0.0,0.0,0.0]","[0.0,0.0,0.0,0.0,0.0,0.0,0.0,0.0]",255,1,1
2026-08-11T14:23:56.081295+00:00,1245631.547717,cycle_1_neutral_after_blocked,0.0000000,0.0000000,0.0000000,0.0000000,,,0,1,1,1,0,1,0.000000,2819,141001,1,0,1,1,0,1,0,1673247511,186,3993,1245631496,592,0,-2.4253793,-0.0121378,"[-0.3504071831703186,0.00903200451284647,-0.03700801730155945,0.9358224272727966]","[-0.015438049100339413,-0.007318200543522835,-0.01213778741657734]","[-0.10551299899816513,-0.71452397108078,9.786624908447266]",0.0000000,0.000,"[0.0,0.0,0.0,0.0]","[0.0,0.0,0.0,0.0,0.0,0.0,0.0,0.0]","[0.0,0.0,0.0,0.0,0.0,0.0,0.0,0.0]",255,1,1
2026-08-11T14:23:56.133301+00:00,1245631.599699,cycle_1_neutral_after_blocked,0.0000000,0.0000000,0.0000000,0.0000000,,,0,1,1,1,0,1,0.000000,2820,141051,1,0,1,1,0,1,0,1673247511,187,29886,1245631548,593,0,-2.4255300,-0.0108596,"[-0.35032525658607483,0.009375007823109627,-0.03721002861857414,0.9358417391777039]","[-0.011796540580689907,-0.009197902865707874,-0.010859561152756214]","[-0.08640699833631516,-0.7294840216636658,9.758279800415039]",0.0000000,0.000,"[0.0,0.0,0.0,0.0]","[0.0,0.0,0.0,0.0,0.0,0.0,0.0,0.0]","[0.0,0.0,0.0,0.0,0.0,0.0,0.0,0.0]",255,1,1
2026-08-11T14:23:56.185264+00:00,1245631.651698,cycle_1_neutral_after_blocked,0.0000000,0.0000000,0.0000000,0.0000000,,,0,1,1,1,0,1,0.000000,2821,141101,1,0,1,1,0,1,0,1673247511,188,27677,1245631600,594,0,-2.4256253,-0.0107981,"[-0.3502691984176636,0.009703006595373154,-0.03730902075767517,0.9358553886413574]","[-0.008969073183834553,-0.01171163097023964,-0.010798090137541294]","[-0.08087799698114395,-0.7342720031738281,9.76161003112793]",0.0000000,0.000,"[0.0,0.0,0.0,0.0]","[0.0,0.0,0.0,0.0,0.0,0.0,0.0,0.0]","[0.0,0.0,0.0,0.0,0.0,0.0,0.0,0.0]",255,1,1
2026-08-11T14:23:56.237298+00:00,1245631.703666,cycle_1_neutral_after_blocked,0.0000000,0.0000000,0.0000000,0.0000000,,,0,1,1,1,0,1,0.000000,2822,141151,1,0,1,1,0,1,0,1673247511,189,17910,1245631652,595,0,-2.4257464,-0.0120307,"[-0.35020115971565247,0.010017003864049911,-0.03731301426887512,0.9358774423599243]","[-0.003267535474151373,-0.009268396534025669,-0.012030747719109058]","[-0.06734699755907059,-0.736860990524292,9.75380802154541]",0.0000000,0.000,"[0.0,0.0,0.0,0.0]","[0.0,0.0,0.0,0.0,0.0,0.0,0.0,0.0]","[0.0,0.0,0.0,0.0,0.0,0.0,0.0,0.0]",255,1,1
2026-08-11T14:23:56.289359+00:00,1245631.755723,cycle_1_neutral_after_blocked,0.0000000,0.0000000,0.0000000,0.0000000,,,0,1,1,1,0,1,0.000000,2823,141201,1,0,1,1,0,1,0,1673247511,190,41734,1245631704,596,0,-2.4258640,-0.0120086,"[-0.35013726353645325,0.010254008695483208,-0.03721402958035469,0.9359027147293091]","[0.0003869744250550866,-0.009291994385421276,-0.012008598074316978]","[-0.04813800007104874,-0.7374989986419678,9.718055725097656]",0.0257143,252.000,"[0.0,0.0,0.0,0.0]","[0.0,0.0,0.0,0.0,0.0,0.0,0.0,0.0]","[0.0,0.0,0.0,0.0,0.0,0.0,0.0,0.0]",255,1,1
2026-08-11T14:23:56.341870+00:00,1245631.807721,cycle_1_neutral_after_blocked,0.0000000,0.0000000,0.0000000,0.0000000,,,0,1,1,1,0,1,0.000000,2824,141251,1,0,1,1,0,1,0,1673247511,191,5664,1245631756,597,0,-2.4260054,-0.0107819,"[-0.35006317496299744,0.01045900583267212,-0.03702901676297188,0.9359354972839355]","[0.004656242206692696,-0.00805642269551754,-0.01078194659203291]","[-0.03866200149059296,-0.7495700120925903,9.718342781066895]",0.0257143,252.000,"[0.0,0.0,0.0,0.0]","[0.0,0.0,0.0,0.0,0.0,0.0,0.0,0.0]","[0.0,0.0,0.0,0.0,0.0,0.0,0.0,0.0]",255,1,1
2026-08-11T14:23:56.394063+00:00,1245631.860461,cycle_1_neutral_after_blocked,0.0000000,0.0000000,0.0000000,0.0000000,,,0,1,1,1,0,1,0.000000,2825,141301,1,0,1,1,0,1,0,1673247511,192,39812,1245631809,598,0,-2.4261670,-0.0119753,"[-0.3499821722507477,0.01058400608599186,-0.03674701973795891,0.9359754920005798]","[0.009530737064778805,-0.008103319443762302,-0.011975315399467945]","[-0.036247000098228455,-0.7521700263023376,9.706415176391602]",0.0606122,594.000,"[0.0,0.0,0.0,0.0]","[0.0,0.0,0.0,0.0,0.0,0.0,0.0,0.0]","[0.0,0.0,0.0,0.0,0.0,0.0,0.0,0.0]",255,1,1
2026-08-11T14:23:56.446090+00:00,1245631.912472,cycle_1_neutral_after_blocked,0.0000000,0.0000000,0.0000000,0.0000000,,,0,1,1,1,0,1,0.000000,2826,141351,1,0,1,1,0,1,0,1673247511,193,57507,1245631861,599,0,-2.4263897,-0.0119790,"[-0.3498741686344147,0.010663006454706192,-0.0363750159740448,0.9360294938087463]","[0.012583632953464985,-0.006875305436551571,-0.011978963389992714]","[-0.025119999423623085,-0.7497419714927673,9.711304664611816]",0.0606122,594.000,"[0.0,0.0,0.0,0.0]","[0.0,0.0,0.0,0.0,0.0,0.0,0.0,0.0]","[0.0,0.0,0.0,0.0,0.0,0.0,0.0,0.0]",255,1,1
