host_time_utc,host_monotonic_s,phase,requested_forward,requested_right,requested_down,requested_yaw,requested_motor_index,requested_motor_throttle,requested_armed,sent,transport_open,session_confirmed,armed_confirmation_fresh,telemetry_fresh,telemetry_age_s,telemetry_sequence,mcu_tick_ms,state,telemetry_armed,telemetry_mpc_direct,telemetry_yaw_direct,telemetry_failsafe,command_status,reject_flags,last_command_session,last_command_sequence,last_command_crc,last_command_sender_time_ms,command_count,rejected_command_count,yaw_rad,yaw_rate_rad_s,imu_quat_wxyz,imu_angular_velocity_xyz_rad_s,imu_linear_acceleration_xyz_m_s2,depth_m,pressure_pa,received_channels,applied_motor_throttle_m1_m8,motor_rpm_m1_m8,rpm_valid_mask,execution_feedback_valid,rpm_available
2026-08-11T14:24:45.887851+00:00,1245681.355533,cycle_1_neutral_before_blocked,0.0000000,0.0000000,0.0000000,0.0000000,,,0,1,1,0,0,0,nan,,,,,,,,,,,,,,,,,,,,,,,,,,,,
2026-08-11T14:24:45.939482+00:00,1245681.405962,cycle_1_neutral_before_blocked,0.0000000,0.0000000,0.0000000,0.0000000,,,0,1,1,1,0,1,0.000000,3816,190851,1,0,1,1,0,1,0,2263435938,0,60166,1245681355,806,0,-2.2776968,-0.0379698,"[-0.4184523820877075,0.012727010063827038,-0.03384203091263771,0.9075188040733337]","[-0.005583744961768389,0.004147931933403015,-0.037969812750816345]","[-0.0742729976773262,-0.6787689924240112,9.77446460723877]",0.0228571,224.000,"[0.0,0.0,0.0,0.0]","[0.0,0.0,0.0,0.0,0.0,0.0,0.0,0.0]","[0.0,0.0,0.0,0.0,0.0,0.0,0.0,0.0]",240,1,1
2026-08-11T14:24:45.991670+00:00,1245681.457912,cycle_1_neutral_before_blocked,0.0000000,0.0000000,0.0000000,0.0000000,,,0,1,1,1,0,1,0.000000,3817,190901,1,0,1,1,0,1,0,2263435938,1,36897,1245681407,807,0,-2.2776968,-0.0379698,"[-0.4184523820877075,0.012727010063827038,-0.03384203091263771,0.9075188040733337]","[-0.005583744961768389,0.004147931933403015,-0.037969812750816345]","[-0.0742729976773262,-0.6787689924240112,9.77446460723877]",0.0228571,224.000,"[0.0,0.0,0.0,0.0]","[0.0,0.0,0.0,0.0,0.0,0.0,0.0,0.0]","[0.0,0.0,0.0,0.0,0.0,0.0,0.0,0.0]",255,1,1
2026-08-11T14:24:46.043405+00:00,1245681.510147,cycle_1_neutral_before_blocked,0.0000000,0.0000000,0.0000000,0.0000000,,,0,1,1,1,0,1,0.000000,3818,190951,1,0,1,1,0,1,0,2263435938,2,64047,1245681459,808,0,-2.2776968,-0.0379698,"[-0.4184523820877075,0.012727010063827038,-0.03384203091263771,0.9075188040733337]","[-0.005583744961768389,0.004147931933403015,-0.037969812750816345]","[-0.0742729976773262,-0.6787689924240112,9.77446460723877]",0.0228571,224.000,"[0.0,0.0,0.0,0.0]","[0.0,0.0,0.0,0.0,0.0,0.0,0.0,0.0]","[0.0,0.0,0.0,0.0,0.0,0.0,0.0,0.0]",240,1,1
2026-08-11T14:24:46.094644+00:00,1245681.561725,cycle_1_neutral_before_blocked,0.0000000,0.0000000,0.0000000,0.0000000,,,0,1,1,1,0,1,0.000000,3819,191001,1,0,1,1,0,1,0,2263435938,3,15779,1245681511,809,0,-2.2776968,-0.0379698,"[-0.4184523820877075,0.012727010063827038,-0.03384203091263771,0.9075188040733337]","[-0.005583744961768389,0.004147931933403015,-0.037969812750816345]","[-0.0742729976773262,-0.6787689924240112,9.77446460723877]",0.0248980,244.000,"[0.0,0.0,0.0,0.0]","[0.0,0.0,0.0,0.0,0.0,0.0,0.0,0.0]","[0.0,0.0,0.0,0.0,0.0,0.0,0.0,0.0]",240,1,1
2026-08-11T14:24:46.146636+00:00,1245681.612913,cycle_1_neutral_before_blocked,0.0000000,0.0000000,0.0000000,0.0000000,,,0,1,1,1,0,1,0.000000,3820,191051,1,0,1,1,0,1,0,2263435938,4,41070,1245681562,810,0,-2.2776968,-0.0379698,"[-0.4184523820877075,0.012727010063827038,-0.03384203091263771,0.9075188040733337]","[-0.005583744961768389,0.004147931933403015,-0.037969812750816345]","[-0.0742729976773262,-0.6787689924240112,9.77446460723877]",0.0248980,244.000,"[0.0,0.0,0.0,0.0]","[0.0,0.0,0.0,0.0,0.0,0.0,0.0,0.0]","[0.0,0.0,0.0,0.0,0.0,0.0,0.0,0.0]",255,1,1
2026-08-11T14:24:46.198353+00:00,1245681.665088,cycle_1_neutral_before_blocked,0.0000000,0.0000000,0.0000000,0.0000000,,,0,1,1,1,0,1,0.000000,3821,191101,1,0,1,1,0,1,0,2263435938,5,26594,1245681614,811,0,-2.2776968,-0.0379698,"[-0.4184523820877075,0.012727010063827038,-0.03384203091263771,0.9075188040733337]","[-0.005583744961768389,0.004147931933403015,-0.037969812750816345]","[-0.0742729976773262,-0.6787689924240112,9.77446460723877]",0.0266327,261.000,"[0.0,0.0,0.0,0.0]","[0.0,0.0,0.0,0.0,0.0,0.0,0.0,0.0]","[0.0,0.0,0.0,0.0,0.0,0.0,0.0,0.0]",240,1,1
2026-08-11T14:24:46.262212+00:00,1245681.728543,cycle_1_neutral_before_blocked,0.0000000,0.0000000,0.0000000,0.0000000,,,0,1,1,1,0,1,0.000000,3822,191151,1,0,1,1,0,1,0,2263435938,6,57028,1245681665,812,0,-2.2776968,-0.0379698,"[-0.4184523820877075,0.012727010063827038,-0.03384203091263771,0.9075188040733337]","[-0.005583744961768389,0.004147931933403015,-0.037969812750816345]","[-0.0742729976773262,-0.6787689924240112,9.77446460723877]",0.0266327,261.000,"[0.0,0.0,0.0,0.0]","[0.0,0.0,0.0,0.0,0.0,0.0,0.0,0.0]","[0.0,0.0,0.0,0.0,0.0,0.0,0.0,0.0]",240,1,1
2026-08-11T14:24:46.313753+00:00,1245681.780663,cycle_1_neutral_before_blocked,0.0000000,0.0000000,0.0000000,0.0000000,,,0,1,1,1,0,1,0.000000,3823,191201,1,0,1,1,0,1,0,2263435938,6,57028,1245681665,812,0,-2.2776968,-0.0379698,"[-0.4184523820877075,0.012727010063827038,-0.03384203091263771,0.9075188040733337]","[-0.005583744961768389,0.004147931933403015,-0.037969812750816345]","[-0.0742729976773262,-0.6787689924240112,9.77446460723877]",0.0281633,276.000,"[0.0,0.0,0.0,0.0]","[0.0,0.0,0.0,0.0,0.0,0.0,0.0,0.0]","[0.0,0.0,0.0,0.0,0.0,0.0,0.0,0.0]",255,1,1
2026-08-11T14:24:46.365555+00:00,1245681.832056,cycle_1_neutral_before_blocked,0.0000000,0.0000000,0.0000000,0.0000000,,,0,1,1,1,0,1,0.000000,3824,191251,1,0,1,1,0,1,0,2263435938,7,23031,1245681729,813,0,-2.2776968,-0.0379698,"[-0.4184523820877075,0.012727010063827038,-0.03384203091263771,0.9075188040733337]","[-0.005583744961768389,0.004147931933403015,-0.037969812750816345]","[-0.0742729976773262,-0.6787689924240112,9.77446460723877]",0.0281633,276.000,"[0.0,0.0,0.0,0.0]","[0.0,0.0,0.0,0.0,0.0,0.0,0.0,0.0]","[0.0,0.0,0.0,0.0,0.0,0.0,0.0,0.0]",240,1,1
2026-08-11T14:24:46.417223+00:00,1245681.883952,cycle_1_neutral_before_blocked,0.0000000,0.0000000,0.0000000,0.0000000,,,0,1,1,1,0,1,0.000000,3825,191301,1,0,1,1,0,1,0,2263435938,8,33499,1245681781,814,0,-2.2776968,-0.0379698,"[-0.4184523820877075,0.012727010063827038,-0.03384203091263771,0.9075188040733337]","[-0.005583744961768389,0.004147931933403015,-0.037969812750816345]","[-0.0742729976773262,-0.6787689924240112,9.77446460723877]",0.0281633,276.000,"[0.0,0.0,0.0,0.0]","[0.0,0.0,0.0,0.0,0.0,0.0,0.0,0.0]","[0.0,0.0,0.0,0.0,0.0,0.0,0.0,0.0]",240,1,1
2026-08-11T14:24:46.469071+00:00,1245681.935568,cycle_1_neutral_before_blocked,0.0000000,0.0000000,0.0000000,0.0000000,,,0,1,1,1,0,1,0.000000,3826,191351,1,0,1,1,0,1,0,2263435938,9,16855,1245681833,815,0,-2.2776968,-0.0379698,"[-0.4184523820877075,0.012727010063827038,-0.03384203091263771,0.9075188040733337]","[-0.005583744961768389,0.004147931933403015,-0.037969812750816345]","[-0.0742729976773262,-0.6787689924240112,9.77446460723877]",0.0212245,208.000,"[0.0,0.0,0.0,0.0]","[0.0,0.0,0.0,0.0,0.0,0.0,0.0,0.0]","[0.0,0.0,0.0,0.0,0.0,0.0,0.0,0.0]",255,1,1
2026-08-11T14:24:46.520928+00:00,1245681.987504,cycle_1_neutral_before_blocked,0.0000000,0.0000000,0.0000000,0.0000000,,,0,1,1,1,0,1,0.000000,3827,191401,1,0,1,1,0,1,0,2263435938,10,55453,1245681884,816,0,-2.2776968,-0.0379698,"[-0.4184523820877075,0.012727010063827038,-0.03384203091263771,0.9075188040733337]","[-0.005583744961768389,0.004147931933403015,-0.037969812750816345]","[-0.0742729976773262,-0.6787689924240112,9.77446460723877]",0.0212245,208.000,"[0.0,0.0,0.0,0.0]","[0.0,0.0,0.0,0.0,0.0,0.0,0.0,0.0]","[0.0,0.0,0.0,0.0,0.0,0.0,0.0,0.0]",240,1,1
2026-08-11T14:24:46.572755+00:00,1245682.039273,cycle_1_neutral_before_blocked,0.0000000,0.0000000,0.0000000,0.0000000,,,0,1,1,1,0,1,0.000000,3828,191451,1,0,1,1,0,1,0,2263435938,11,4753,1245681936,817,0,-2.2776968,-0.0379698,"[-0.4184523820877075,0.012727010063827038,-0.03384203091263771,0.9075188040733337]","[-0.005583744961768389,0.004147931933403015,-0.037969812750816345]","[-0.0742729976773262,-0.6787689924240112,9.77446460723877]",0.0208163,204.000,"[0.0,0.0,0.0,0.0]","[0.0,0.0,0.0,0.0,0.0,0.0,0.0,0.0]","[0.0,0.0,0.0,0.0,0.0,0.0,0.0,0.0]",240,1,1
2026-08-11T14:24:46.624769+00:00,1245682.091174,cycle_1_neutral_before_blocked,0.0000000,0.0000000,0.0000000,0.0000000,,,0,1,1,1,0,1,0.000000,3830,191551,1,0,1,1,0,1,0,2263435938,13,58584,1245682040,819,0,-2.2776968,-0.0379698,"[-0.4184523820877075,0.012727010063827038,-0.03384203091263771,0.9075188040733337]","[-0.005583744961768389,0.004147931933403015,-0.037969812750816345]","[-0.0742729976773262,-0.6787689924240112,9.77446460723877]",0.0208163,204.000,"[0.0,0.0,0.0,0.0]","[0.0,0.0,0.0,0.0,0.0,0.0,0.0,0.0]","[0.0,0.0,0.0,0.0,0.0,0.0,0.0,0.0]",240,1,1
2026-08-11T14:24:46.676788+00:00,1245682.143074,cycle_1_neutral_before_blocked,0.0000000,0.0000000,0.0000000,0.0000000,,,0,1,1,1,0,1,0.000000,3831,191601,1,0,1,1,0,1,0,2263435938,14,27953,1245682092,820,0,-2.2776968,-0.0379698,"[-0.4184523820877075,0.012727010063827038,-0.03384203091263771,0.9075188040733337]","[-0.005583744961768389,0.004147931933403015,-0.037969812750816345]","[-0.0742729976773262,-0.6787689924240112,9.77446460723877]",0.0172449,169.000,"[0.0,0.0,0.0,0.0]","[0.0,0.0,0.0,0.0,0.0,0.0,0.0,0.0]","[0.0,0.0,0.0,0.0,0.0,0.0,0.0,0.0]",240,1,1
2026-08-11T14:24:46.728895+00:00,1245682.195199,cycle_1_neutral_before_blocked,0.0000000,0.0000000,0.0000000,0.0000000,,,0,1,1,1,0,1,0.000000,3832,191651,1,0,1,1,0,1,0,2263435938,15,54679,1245682144,821,0,-2.2776968,-0.0379698,"[-0.4184523820877075,0.012727010063827038,-0.03384203091263771,0.9075188040733337]","[-0.005583744961768389,0.004147931933403015,-0.037969812750816345]","[-0.0742729976773262,-0.6787689924240112,9.77446460723877]",0.0172449,169.000,"[0.0,0.0,0.0,0.0]","[0.0,0.0,0.0,0.0,0.0,0.0,0.0,0.0]","[0.0,0.0,0.0,0.0,0.0,0.0,0.0,0.0]",255,1,1
2026-08-11T14:24:46.780999+00:00,1245682.247306,cycle_1_neutral_before_blocked,0.0000000,0.0000000,0.0000000,0.0000000,,,0,1,1,1,0,1,0.000000,3833,191701,1,0,1,1,0,1,0,2263435938,16,53926,1245682196,822,0,-2.2776968,-0.0379698,"[-0.4184523820877075,0.012727010063827038,-0.03384203091263771,0.9075188040733337]","[-0.005583744961768389,0.004147931933403015,-0.037969812750816345]","[-0.0742729976773262,-0.6787689924240112,9.77446460723877]",0.0175510,172.000,"[0.0,0.0,0.0,0.0]","[0.0,0.0,0.0,0.0,0.0,0.0,0.0,0.0]","[0.0,0.0,0.0,0.0,0.0,0.0,0.0,0.0]",240,1,1
2026-08-11T14:24:46.833198+00:00,1245682.299486,cycle_1_neutral_before_blocked,0.0000000,0.0000000,0.0000000,0.0000000,,,0,1,1,1,0,1,0.000000,3834,191751,1,0,1,1,0,1,0,2263435938,17,65485,1245682248,823,0,-2.2776968,-0.0379698,"[-0.4184523820877075,0.012727010063827038,-0.03384203091263771,0.9075188040733337]","[-0.005583744961768389,0.004147931933403015,-0.037969812750816345]","[-0.0742729976773262,-0.6787689924240112,9.77446460723877]",0.0175510,172.000,"[0.0,0.0,0.0,0.0]","[0.0,0.0,0.0,0.0,0.0,0.0,0.0,0.0]","[0.0,0.0,0.0,0.0,0.0,0.0,0.0,0.0]",240,1,1
2026-08-11T14:24:46.885357+00:00,1245682.351657,cycle_1_neutral_before_blocked,0.0000000,0.0000000,0.0000000,0.0000000,,,0,1,1,1,0,1,0.000000,3835,191801,1,0,1,1,0,1,0,2263435938,18,9448,1245682300,824,0,-2.2776968,-0.0379698,"[-0.4184523820877075,0.012727010063827038,-0.03384203091263771,0.9075188040733337]","[-0.005583744961768389,0.004147931933403015,-0.037969812750816345]","[-0.0742729976773262,-0.6787689924240112,9.77446460723877]",0.0231633,227.000,"[0.0,0.0,0.0,0.0]","[0.0,0.0,0.0,0.0,0.0,0.0,0.0,0.0]","[0.0,0.0,0.0,0.0,0.0,0.0,0.0,0.0]",255,1,1
2026-08-11T14:24:46.937677+00:00,1245682.403834,cycle_1_neutral_before_blocked,0.0000000,0.0000000,0.0000000,0.0000000,,,0,1,1,1,0,1,0.000000,3836,191851,1,0,1,1,0,1,0,2263435938,19,29225,1245682352,825,0,-2.2776968,-0.0379698,"[-0.4184523820877075,0.012727010063827038,-0.03384203091263771,0.9075188040733337]","[-0.005583744961768389,0.004147931933403015,-0.037969812750816345]","[-0.0742729976773262,-0.6787689924240112,9.77446460723877]",0.0231633,227.000,"[0.0,0.0,0.0,0.0]","[0.0,0.0,0.0,0.0,0.0,0.0,0.0,0.0]","[0.0,0.0,0.0,0.0,0.0,0.0,0.0,0.0]",240,1,1
2026-08-11T14:24:46.989841+00:00,1245682.456174,cycle_1_neutral_before_blocked,0.0000000,0.0000000,0.0000000,0.0000000,,,0,1,1,1,0,1,0.000000,3837,191901,1,0,1,1,0,1,0,2263435938,20,33021,1245682405,826,0,-2.2776968,-0.0379698,"[-0.4184523820877075,0.012727010063827038,-0.03384203091263771,0.9075188040733337]","[-0.005583744961768389,0.004147931933403015,-0.037969812750816345]","[-0.0742729976773262,-0.6787689924240112,9.77446460723877]",0.0231633,227.000,"[0.0,0.0,0.0,0.0]","[0.0,0.0,0.0,0.0,0.0,0.0,0.0,0.0]","[0.0,0.0,0.0,0.0,0.0,0.0,0.0,0.0]",240,1,1
2026-08-11T14:24:47.041977+00:00,1245682.508271,cycle_1_neutral_before_blocked,0.0000000,0.0000000,0.0000000,0.0000000,,,0,1,1,1,0,1,0.000000,3838,191951,1,0,1,1,0,1,0,2263435938,21,46245,1245682457,827,0,-2.2776968,-0.0379698,"[-0.4184523820877075,0.012727010063827038,-0.03384203091263771,0.9075188040733337]","[-0.005583744961768389,0.004147931933403015,-0.037969812750816345]","[-0.0742729976773262,-0.6787689924240112,9.77446460723877]",0.0263265,258.000,"[0.0,0.0,0.0,0.0]","[0.0,0.0,0.0,0.0,0.0,0.0,0.0,0.0]","[0.0,0.0,0.0,0.0,0.0,0.0,0.0,0.0]",255,1,1
2026-08-11T14:24:47.093651+00:00,1245682.560437,cycle_1_neutral_before_blocked,0.0000000,0.0000000,0.0000000,0.0000000,,,0,1,1,1,0,1,0.000000,3839,192001,1,0,1,1,0,1,0,2263435938,22,54059,1245682509,828,0,-2.2776968,-0.0379698,"[-0.4184523820877075,0.012727010063827038,-0.03384203091263771,0.9075188040733337]","[-0.005583744961768389,0.004147931933403015,-0.037969812750816345]","[-0.0742729976773262,-0.6787689924240112,9.77446460723877]",0.0263265,258.000,"[0.0,0.0,0.0,0.0]","[0.0,0.0,0.0,0.0,0.0,0.0,0.0,0.0]","[0.0,0.0,0.0,0.0,0.0,0.0,0.0,0.0]",240,1,1
2026-08-11T14:24:47.145646+00:00,1245682.611930,cycle_1_neutral_before_blocked,0.0000000,0.0000000,0.0000000,0.0000000,,,0,1,1,1,0,1,0.000000,3840,192051,1,0,1,1,0,1,0,2263435938,23,34282,1245682561,829,0,-2.2776968,-0.0379698,"[-0.4184523820877075,0.012727010063827038,-0.03384203091263771,0.9075188040733337]","[-0.005583744961768389,0.004147931933403015,-0.037969812750816345]","[-0.0742729976773262,-0.6787689924240112,9.77446460723877]",0.0238775,234.000,"[0.0,0.0,0.0,0.0]","[0.0,0.0,0.0,0.0,0.0,0.0,0.0,0.0]","[0.0,0.0,0.0,0.0,0.0,0.0,0.0,0.0]",240,1,1
2026-08-11T14:24:47.197590+00:00,1245682.663924,cycle_1_neutral_before_blocked,0.0000000,0.0000000,0.0000000,0.0000000,,,0,1,1,1,0,1,0.000000,3841,192101,1,0,1,1,0,1,0,2263435938,24,24262,1245682613,830,0,-2.2776968,-0.0379698,"[-0.4184523820877075,0.012727010063827038,-0.03384203091263771,0.9075188040733337]","[-0.005583744961768389,0.004147931933403015,-0.037969812750816345]","[-0.0742729976773262,-0.6787689924240112,9.77446460723877]",0.0238775,234.000,"[0.0,0.0,0.0,0.0]","[0.0,0.0,0.0,0.0,0.0,0.0,0.0,0.0]","[0.0,0.0,0.0,0.0,0.0,0.0,0.0,0.0]",255,1,1
2026-08-11T14:24:47.249711+00:00,1245682.716033,cycle_1_neutral_before_blocked,0.0000000,0.0000000,0.0000000,0.0000000,,,0,1,1,1,0,1,0.000000,3842,192151,1,0,1,1,0,1,0,2263435938,25,29613,1245682665,831,0,-2.2776968,-0.0379698,"[-0.4184523820877075,0.012727010063827038,-0.03384203091263771,0.9075188040733337]","[-0.005583744961768389,0.004147931933403015,-0.037969812750816345]","[-0.0742729976773262,-0.6787689924240112,9.77446460723877]",0.0238775,234.000,"[0.0,0.0,0.0,0.0]","[0.0,0.0,0.0,0.0,0.0,0.0,0.0,0.0]","[0.0,0.0,0.0,0.0,0.0,0.0,0.0,0.0]",240,1,1
2026-08-11T14:24:47.301419+00:00,1245682.768158,cycle_1_neutral_before_blocked,0.0000000,0.0000000,0.0000000,0.0000000,,,0,1,1,1,0,1,0.000000,3843,192201,1,0,1,1,0,1,0,2263435938,26,34747,1245682717,832,0,-2.2776968,-0.0379698,"[-0.4184523820877075,0.012727010063827038,-0.03384203091263771,0.9075188040733337]","[-0.005583744961768389,0.004147931933403015,-0.037969812750816345]","[-0.0742729976773262,-0.6787689924240112,9.77446460723877]",0.0267347,262.000,"[0.0,0.0,0.0,0.0]","[0.0,0.0,0.0,0.0,0.0,0.0,0.0,0.0]","[0.0,0.0,0.0,0.0,0.0,0.0,0.0,0.0]",240,1,1
2026-08-11T14:24:47.353518+00:00,1245682.819760,cycle_1_neutral_before_blocked,0.0000000,0.0000000,0.0000000,0.0000000,,,0,1,1,1,0,1,0.000000,3844,192251,1,0,1,1,0,1,0,2263435938,27,16157,1245682769,833,0,-2.2776968,-0.0379698,"[-0.4184523820877075,0.012727010063827038,-0.03384203091263771,0.9075188040733337]","[-0.005583744961768389,0.004147931933403015,-0.037969812750816345]","[-0.0742729976773262,-0.6787689924240112,9.77446460723877]",0.0267347,262.000,"[0.0,0.0,0.0,0.0]","[0.0,0.0,0.0,0.0,0.0,0.0,0.0,0.0]","[0.0,0.0,0.0,0.0,0.0,0.0,0.0,0.0]",255,1,1
2026-08-11T14:24:47.405756+00:00,1245682.872024,cycle_1_neutral_before_blocked,0.0000000,0.0000000,0.0000000,0.0000000,,,0,1,1,1,0,1,0.000000,3845,192301,1,0,1,1,0,1,0,2263435938,27,16157,1245682769,833,0,-2.2776968,-0.0379698,"[-0.4184523820877075,0.012727010063827038,-0.03384203091263771,0.9075188040733337]","[-0.005583744961768389,0.004147931933403015,-0.037969812750816345]","[-0.0742729976773262,-0.6787689924240112,9.77446460723877]",0.0283673,278.000,"[0.0,0.0,0.0,0.0]","[0.0,0.0,0.0,0.0,0.0,0.0,0.0,0.0]","[0.0,0.0,0.0,0.0,0.0,0.0,0.0,0.0]",240,1,1
2026-08-11T14:24:47.457912+00:00,1245682.924186,cycle_1_neutral_before_blocked,0.0000000,0.0000000,0.0000000,0.0000000,,,0,1,1,1,0,1,0.000000,3846,192351,1,0,1,1,0,1,0,2263435938,28,9134,1245682820,834,0,-2.2776968,-0.0379698,"[-0.4184523820877075,0.012727010063827038,-0.03384203091263771,0.9075188040733337]","[-0.005583744961768389,0.004147931933403015,-0.037969812750816345]","[-0.0742729976773262,-0.6787689924240112,9.77446460723877]",0.0283673,278.000,"[0.0,0.0,0.0,0.0]","[0.0,0.0,0.0,0.0,0.0,0.0,0.0,0.0]","[0.0,0.0,0.0,0.0,0.0,0.0,0.0,0.0]",240,1,1
2026-08-11T14:24:47.509629+00:00,1245682.976381,cycle_1_neutral_before_blocked,0.0000000,0.0000000,0.0000000,0.0000000,,,0,1,1,1,0,1,0.000000,3847,192401,1,0,1,1,0,1,0,2263435938,29,10035,1245682873,835,0,-2.2776968,-0.0379698,"[-0.4184523820877075,0.012727010063827038,-0.03384203091263771,0.9075188040733337]","[-0.005583744961768389,0.004147931933403015,-0.037969812750816345]","[-0.0742729976773262,-0.6787689924240112,9.77446460723877]",0.0270408,265.000,"[0.0,0.0,0.0,0.0]","[0.0,0.0,0.0,0.0,0.0,0.0,0.0,0.0]","[0.0,0.0,0.0,0.0,0.0,0.0,0.0,0.0]",255,1,1
2026-08-11T14:24:47.561791+00:00,1245683.028037,cycle_1_neutral_before_blocked,0.0000000,0.0000000,0.0000000,0.0000000,,,0,1,1,1,0,1,0.000000,3848,192451,1,0,1,1,0,1,0,2263435938,30,16573,1245682925,836,0,-2.2776968,-0.0379698,"[-0.4184523820877075,0.012727010063827038,-0.03384203091263771,0.9075188040733337]","[-0.005583744961768389,0.004147931933403015,-0.037969812750816345]","[-0.0742729976773262,-0.6787689924240112,9.77446460723877]",0.0270408,265.000,"[0.0,0.0,0.0,0.0]","[0.0,0.0,0.0,0.0,0.0,0.0,0.0,0.0]","[0.0,0.0,0.0,0.0,0.0,0.0,0.0,0.0]",240,1,1
2026-08-11T14:24:47.613971+00:00,1245683.080262,cycle_1_neutral_before_blocked,0.0000000,0.0000000,0.0000000,0.0000000,,,0,1,1,1,0,1,0.000000,3849,192501,1,0,1,1,0,1,0,2263435938,31,35505,1245682977,837,0,-2.2776968,-0.0379698,"[-0.4184523820877075,0.012727010063827038,-0.03384203091263771,0.9075188040733337]","[-0.005583744961768389,0.004147931933403015,-0.037969812750816345]","[-0.0742729976773262,-0.6787689924240112,9.77446460723877]",0.0270408,265.000,"[0.0,0.0,0.0,0.0]","[0.0,0.0,0.0,0.0,0.0,0.0,0.0,0.0]","[0.0,0.0,0.0,0.0,0.0,0.0,0.0,0.0]",240,1,1
2026-08-11T14:24:47.666199+00:00,1245683.132473,cycle_1_neutral_before_blocked,0.0000000,0.0000000,0.0000000,0.0000000,,,0,1,1,1,0,1,0.000000,3850,192551,1,0,1,1,0,1,0,2263435938,32,34443,1245683029,838,0,-2.2776968,-0.0379698,"[-0.4184523820877075,0.012727010063827038,-0.03384203091263771,0.9075188040733337]","[-0.005583744961768389,0.004147931933403015,-0.037969812750816345]","[-0.0742729976773262,-0.6787689924240112,9.77446460723877]",0.0217347,213.000,"[0.0,0.0,0.0,0.0]","[0.0,0.0,0.0,0.0,0.0,0.0,0.0,0.0]","[0.0,0.0,0.0,0.0,0.0,0.0,0.0,0.0]",255,1,1
2026-08-11T14:24:47.718362+00:00,1245683.184648,cycle_1_neutral_before_blocked,0.0000000,0.0000000,0.0000000,0.0000000,,,0,1,1,1,0,1,0.000000,3851,192601,1,0,1,1,0,1,0,2263435938,33,17799,1245683081,839,0,-2.2776968,-0.0379698,"[-0.4184523820877075,0.012727010063827038,-0.03384203091263771,0.9075188040733337]","[-0.005583744961768389,0.004147931933403015,-0.037969812750816345]","[-0.0742729976773262,-0.6787689924240112,9.77446460723877]",0.0217347,213.000,"[0.0,0.0,0.0,0.0]","[0.0,0.0,0.0,0.0,0.0,0.0,0.0,0.0]","[0.0,0.0,0.0,0.0,0.0,0.0,0.0,0.0]",240,1,1
2026-08-11T14:24:47.770463+00:00,1245683.236765,cycle_1_neutral_before_blocked,0.0000000,0.0000000,0.0000000,0.0000000,,,0,1,1,1,0,1,0.000000,3852,192651,1,0,1,1,0,1,0,2263435938,34,40610,1245683133,840,0,-2.2776968,-0.0379698,"[-0.4184523820877075,0.012727010063827038,-0.03384203091263771,0.9075188040733337]","[-0.005583744961768389,0.004147931933403015,-0.037969812750816345]","[-0.0742729976773262,-0.6787689924240112,9.77446460723877]",0.0271429,266.000,"[0.0,0.0,0.0,0.0]","[0.0,0.0,0.0,0.0,0.0,0.0,0.0,0.0]","[0.0,0.0,0.0,0.0,0.0,0.0,0.0,0.0]",240,1,1
2026-08-11T14:24:47.823459+00:00,1245683.290821,cycle_1_neutral_before_blocked,0.0000000,0.0000000,0.0000000,0.0000000,,,0,1,1,1,0,1,0.000000,3853,192701,1,0,1,1,0,1,0,2263435938,35,9732,1245683185,841,0,-2.2776968,-0.0379698,"[-0.4184523820877075,0.012727010063827038,-0.03384203091263771,0.9075188040733337]","[-0.005583744961768389,0.004147931933403015,-0.037969812750816345]","[-0.0742729976773262,-0.6787689924240112,9.77446460723877]",0.0271429,266.000,"[0.0,0.0,0.0,0.0]","[0.0,0.0,0.0,0.0,0.0,0.0,0.0,0.0]","[0.0,0.0,0.0,0.0,0.0,0.0,0.0,0.0]",255,1,1
2026-08-11T14:24:47.876328+00:00,1245683.341669,cycle_1_neutral_before_blocked,0.0000000,0.0000000,0.0000000,0.0000000,,,0,1,1,1,0,1,0.000000,3855,192801,1,0,1,1,0,1,0,2263435938,37,26357,1245683291,843,0,-2.2776968,-0.0379698,"[-0.4184523820877075,0.012727010063827038,-0.03384203091263771,0.9075188040733337]","[-0.005583744961768389,0.004147931933403015,-0.037969812750816345]","[-0.0742729976773262,-0.6787689924240112,9.77446460723877]",0.0251020,246.000,"[0.0,0.0,0.0,0.0]","[0.0,0.0,0.0,0.0,0.0,0.0,0.0,0.0]","[0.0,0.0,0.0,0.0,0.0,0.0,0.0,0.0]",240,1,1
2026-08-11T14:24:47.928065+00:00,1245683.394763,cycle_1_positive,0.0000000,0.0000000,0.0500000,0.0000000,,,1,1,1,1,0,1,0.000000,3856,192851,1,0,1,1,0,1,0,2263435938,38,61212,1245683343,844,0,-2.2776968,-0.0379698,"[-0.4184523820877075,0.012727010063827038,-0.03384203091263771,0.9075188040733337]","[-0.005583744961768389,0.004147931933403015,-0.037969812750816345]","[-0.0742729976773262,-0.6787689924240112,9.77446460723877]",0.0251020,246.000,"[0.0,0.0,0.0,0.0]","[0.0,0.0,0.0,0.0,0.0,0.0,0.0,0.0]","[0.0,0.0,0.0,0.0,0.0,0.0,0.0,0.0]",255,1,1
2026-08-11T14:24:47.979175+00:00,1245683.446339,cycle_1_positive,0.0000000,0.0000000,0.0500000,0.0000000,,,1,1,1,1,1,1,0.000000,3857,192901,2,1,1,1,0,1,0,2263435938,39,58825,1245683395,845,0,-2.2776968,-0.0379698,"[-0.4184523820877075,0.012727010063827038,-0.03384203091263771,0.9075188040733337]","[-0.005583744961768389,0.004147931933403015,-0.037969812750816345]","[-0.0742729976773262,-0.6787689924240112,9.77446460723877]",0.0208163,204.000,"[0.0,0.0,0.05000000074505806,0.0]","[0.0,0.0,0.05000000074505806,-0.05000000074505806,0.05000000074505806,0.0,0.0,0.05000000074505806]","[0.0,0.0,0.0,-0.0,0.0,0.0,0.0,200.0]",0,1,1
2026-08-11T14:24:48.031165+00:00,1245683.497365,cycle_1_positive,0.0000000,0.0000000,0.0500000,0.0000000,,,1,1,1,1,1,1,0.000000,3858,192951,2,1,1,1,0,1,0,2263435938,40,43960,1245683446,846,0,-2.2776968,-0.0379698,"[-0.4184523820877075,0.012727010063827038,-0.03384203091263771,0.9075188040733337]","[-0.005583744961768389,0.004147931933403015,-0.037969812750816345]","[-0.0742729976773262,-0.6787689924240112,9.77446460723877]",0.0208163,204.000,"[0.0,0.0,0.05000000074505806,0.0]","[0.0,0.0,0.05000000074505806,-0.05000000074505806,0.05000000074505806,0.0,0.0,0.05000000074505806]","[0.0,0.0,1112.5,-1087.5,1100.0,0.0,0.0,1175.0]",0,1,1
2026-08-11T14:24:48.083170+00:00,1245683.549667,cycle_1_positive,0.0000000,0.0000000,0.0500000,0.0000000,,,1,1,1,1,1,1,0.000000,3859,193001,2,1,1,1,0,1,0,2263435938,41,62585,1245683498,847,0,-2.2776968,-0.0379698,"[-0.4184523820877075,0.012727010063827038,-0.03384203091263771,0.9075188040733337]","[-0.005583744961768389,0.004147931933403015,-0.037969812750816345]","[-0.0742729976773262,-0.6787689924240112,9.77446460723877]",0.0543878,533.000,"[0.0,0.0,0.05000000074505806,0.0]","[0.0,0.0,0.05000000074505806,-0.05000000074505806,0.05000000074505806,0.0,0.0,0.05000000074505806]","[0.0,0.0,1200.0,-1225.0,1200.0,0.0,0.0,1200.0]",255,1,1
2026-08-11T14:24:48.135230+00:00,1245683.601473,cycle_1_positive,0.0000000,0.0000000,0.0500000,0.0000000,,,1,1,1,1,1,1,0.000000,3860,193051,2,1,1,1,0,1,0,2263435938,42,63598,1245683550,848,0,-2.2776968,-0.0379698,"[-0.4184523820877075,0.012727010063827038,-0.03384203091263771,0.9075188040733337]","[-0.005583744961768389,0.004147931933403015,-0.037969812750816345]","[-0.0742729976773262,-0.6787689924240112,9.77446460723877]",0.0543878,533.000,"[0.0,0.0,0.05000000074505806,0.0]","[0.0,0.0,0.05000000074505806,-0.05000000074505806,0.05000000074505806,0.0,0.0,0.05000000074505806]","[0.0,0.0,787.5,-787.5,775.0,0.0,0.0,787.5]",0,1,1
2026-08-11T14:24:48.187484+00:00,1245683.653698,cycle_1_positive,0.0000000,0.0000000,0.0500000,0.0000000,,,1,1,1,1,1,1,0.000000,3861,193101,2,1,1,1,0,1,0,2263435938,43,44719,1245683602,849,0,-2.2776968,-0.0379698,"[-0.4184523820877075,0.012727010063827038,-0.03384203091263771,0.9075188040733337]","[-0.005583744961768389,0.004147931933403015,-0.037969812750816345]","[-0.0742729976773262,-0.6787689924240112,9.77446460723877]",0.0543878,533.000,"[0.0,0.0,0.05000000074505806,0.0]","[0.0,0.0,0.05000000074505806,-0.05000000074505806,0.05000000074505806,0.0,0.0,0.05000000074505806]","[0.0,0.0,662.5,-650.0,650.0,0.0,0.0,650.0]",0,1,1
2026-08-11T14:24:48.239659+00:00,1245683.705956,cycle_1_positive,0.0000000,0.0000000,0.0500000,0.0000000,,,1,1,1,1,1,1,0.000000,3862,193151,2,1,1,1,0,1,0,2263435938,44,51494,1245683654,850,0,-2.2776968,-0.0379698,"[-0.4184523820877075,0.012727010063827038,-0.03384203091263771,0.9075188040733337]","[-0.005583744961768389,0.004147931933403015,-0.037969812750816345]","[-0.0742729976773262,-0.6787689924240112,9.77446460723877]",0.1589796,1558.000,"[0.0,0.0,0.05000000074505806,0.0]","[0.0,0.0,0.05000000074505806,-0.05000000074505806,0.05000000074505806,0.0,0.0,0.05000000074505806]","[0.0,0.0,625.0,-625.0,612.5,0.0,0.0,612.5]",255,1,1
2026-08-11T14:24:48.291498+00:00,1245683.758111,cycle_1_positive,0.0000000,0.0000000,0.0500000,0.0000000,,,1,1,1,1,1,1,0.000000,3863,193201,2,1,1,1,0,1,0,2263435938,45,52667,1245683707,851,0,-2.2776968,-0.0379698,"[-0.4184523820877075,0.012727010063827038,-0.03384203091263771,0.9075188040733337]","[-0.005583744961768389,0.004147931933403015,-0.037969812750816345]","[-0.0742729976773262,-0.6787689924240112,9.77446460723877]",0.1589796,1558.000,"[0.0,0.0,0.05000000074505806,0.0]","[0.0,0.0,0.05000000074505806,-0.05000000074505806,0.05000000074505806,0.0,0.0,0.05000000074505806]","[0.0,0.0,612.5,-612.5,612.5,0.0,0.0,600.0]",0,1,1
2026-08-11T14:24:48.343239+00:00,1245683.809892,cycle_1_positive,0.0000000,0.0000000,0.0500000,0.0000000,,,1,1,1,1,1,1,0.000000,3864,193251,2,1,1,1,0,1,0,2263435938,46,57604,1245683759,852,0,-2.2776968,-0.0379698,"[-0.4184523820877075,0.012727010063827038,-0.03384203091263771,0.9075188040733337]","[-0.005583744961768389,0.004147931933403015,-0.037969812750816345]","[-0.0742729976773262,-0.6787689924240112,9.77446460723877]",0.3200000,3136.000,"[0.0,0.0,0.05000000074505806,0.0]","[0.0,0.0,0.05000000074505806,-0.05000000074505806,0.05000000074505806,0.0,0.0,0.05000000074505806]","[0.0,0.0,612.5,-612.5,612.5,0.0,0.0,612.5]",0,1,1
2026-08-11T14:24:48.395363+00:00,1245683.861600,cycle_1_positive,0.0000000,0.0000000,0.0500000,0.0000000,,,1,1,1,1,1,1,0.000000,3865,193301,2,1,1,1,0,1,0,2263435938,47,52479,1245683810,853,0,-2.2776968,-0.0379698,"[-0.4184523820877075,0.012727010063827038,-0.03384203091263771,0.9075188040733337]","[-0.005583744961768389,0.004147931933403015,-0.037969812750816345]","[-0.0742729976773262,-0.6787689924240112,9.77446460723877]",0.3200000,3136.000,"[0.0,0.0,0.05000000074505806,0.0]","[0.0,0.0,0.05000000074505806,-0.05000000074505806,0.05000000074505806,0.0,0.0,0.05000000074505806]","[0.0,0.0,612.5,-612.5,612.5,0.0,0.0,612.5]",255,1,1
2026-08-11T14:24:48.446971+00:00,1245683.913730,cycle_1_positive,0.0000000,0.0000000,0.0500000,0.0000000,,,1,1,1,1,1,1,0.000000,3866,193351,2,1,1,1,0,1,0,2263435938,48,11930,1245683862,854,0,-2.2776968,-0.0379698,"[-0.4184523820877075,0.012727010063827038,-0.03384203091263771,0.9075188040733337]","[-0.005583744961768389,0.004147931933403015,-0.037969812750816345]","[-0.0742729976773262,-0.6787689924240112,9.77446460723877]",0.3200000,3136.000,"[0.0,0.0,0.05000000074505806,0.0]","[0.0,0.0,0.05000000074505806,-0.05000000074505806,0.05000000074505806,0.0,0.0,0.05000000074505806]","[0.0,0.0,612.5,-612.5,612.5,0.0,0.0,587.5]",0,1,1
2026-08-11T14:24:48.499243+00:00,1245683.965353,cycle_1_positive,0.0000000,0.0000000,0.0500000,0.0000000,,,1,1,1,1,1,1,0.000000,3867,193401,2,1,1,1,0,1,0,2263435938,49,1009,1245683914,855,0,-2.2776968,-0.0379698,"[-0.4184523820877075,0.012727010063827038,-0.03384203091263771,0.9075188040733337]","[-0.005583744961768389,0.004147931933403015,-0.037969812750816345]","[-0.0742729976773262,-0.6787689924240112,9.77446460723877]",0.5174490,5071.000,"[0.0,0.0,0.05000000074505806,0.0]","[0.0,0.0,0.05000000074505806,-0.05000000074505806,0.05000000074505806,0.0,0.0,0.05000000074505806]","[0.0,0.0,612.5,-612.5,600.0,0.0,0.0,600.0]",0,1,1
2026-08-11T14:24:48.551634+00:00,1245684.017726,cycle_1_positive,0.0000000,0.0000000,0.0500000,0.0000000,,,1,1,1,1,1,1,0.000000,3868,193451,2,1,1,1,0,1,0,2263435938,50,55508,1245683966,856,0,-2.2776968,-0.0379698,"[-0.4184523820877075,0.012727010063827038,-0.03384203091263771,0.9075188040733337]","[-0.005583744961768389,0.004147931933403015,-0.037969812750816345]","[-0.0742729976773262,-0.6787689924240112,9.77446460723877]",0.5174490,5071.000,"[0.0,0.0,0.05000000074505806,0.0]","[0.0,0.0,0.05000000074505806,-0.05000000074505806,0.05000000074505806,0.0,0.0,0.05000000074505806]","[0.0,0.0,612.5,-612.5,600.0,0.0,0.0,587.5]",255,1,1
2026-08-11T14:24:48.603985+00:00,1245684.070061,cycle_1_positive,0.0000000,0.0000000,0.0500000,0.0000000,,,1,1,1,1,1,1,0.000000,3869,193501,2,1,1,1,0,1,0,2263435938,50,55508,1245683966,856,0,-2.2776968,-0.0379698,"[-0.4184523820877075,0.012727010063827038,-0.03384203091263771,0.9075188040733337]","[-0.005583744961768389,0.004147931933403015,-0.037969812750816345]","[-0.0742729976773262,-0.6787689924240112,9.77446460723877]",0.7617347,7465.000,"[0.0,0.0,0.05000000074505806,0.0]","[0.0,0.0,0.05000000074505806,-0.05000000074505806,0.05000000074505806,0.0,0.0,0.05000000074505806]","[0.0,0.0,612.5,-612.5,600.0,0.0,0.0,587.5]",0,1,1
2026-08-11T14:24:48.655335+00:00,1245684.122478,cycle_1_positive,0.0000000,0.0000000,0.0500000,0.0000000,,,1,1,1,1,1,1,0.000000,3870,193551,2,1,1,1,0,1,0,2263435938,51,34693,1245684019,857,0,-2.2776968,-0.0379698,"[-0.4184523820877075,0.012727010063827038,-0.03384203091263771,0.9075188040733337]","[-0.005583744961768389,0.004147931933403015,-0.037969812750816345]","[-0.0742729976773262,-0.6787689924240112,9.77446460723877]",0.7617347,7465.000,"[0.0,0.0,0.05000000074505806,0.0]","[0.0,0.0,0.05000000074505806,-0.05000000074505806,0.05000000074505806,0.0,0.0,0.05000000074505806]","[0.0,0.0,600.0,-612.5,600.0,0.0,0.0,600.0]",0,1,1
2026-08-11T14:24:48.707376+00:00,1245684.173587,cycle_1_positive,0.0000000,0.0000000,0.0500000,0.0000000,,,1,1,1,1,1,1,0.000000,3871,193601,2,1,1,1,0,1,0,2263435938,52,57356,1245684071,858,0,-2.2776968,-0.0379698,"[-0.4184523820877075,0.012727010063827038,-0.03384203091263771,0.9075188040733337]","[-0.005583744961768389,0.004147931933403015,-0.037969812750816345]","[-0.0742729976773262,-0.6787689924240112,9.77446460723877]",1.0378572,10171.000,"[0.0,0.0,0.05000000074505806,0.0]","[0.0,0.0,0.05000000074505806,-0.05000000074505806,0.05000000074505806,0.0,0.0,0.05000000074505806]","[0.0,0.0,612.5,-612.5,600.0,0.0,0.0,587.5]",255,1,1
2026-08-11T14:24:48.759533+00:00,1245684.225794,cycle_1_positive,0.0000000,0.0000000,0.0500000,0.0000000,,,1,1,1,1,1,1,0.000000,3872,193651,2,1,1,1,0,1,0,2263435938,53,18585,1245684123,859,0,-2.2776968,-0.0379698,"[-0.4184523820877075,0.012727010063827038,-0.03384203091263771,0.9075188040733337]","[-0.005583744961768389,0.004147931933403015,-0.037969812750816345]","[-0.0742729976773262,-0.6787689924240112,9.77446460723877]",1.0378572,10171.000,"[0.0,0.0,0.05000000074505806,0.0]","[0.0,0.0,0.05000000074505806,-0.05000000074505806,0.05000000074505806,0.0,0.0,0.05000000074505806]","[0.0,0.0,612.5,-612.5,600.0,0.0,0.0,587.5]",0,1,1
2026-08-11T14:24:48.811404+00:00,1245684.278040,cycle_1_positive,0.0000000,0.0000000,0.0500000,0.0000000,,,1,1,1,1,1,1,0.000000,3873,193701,2,1,1,1,0,1,0,2263435938,54,47690,1245684174,860,0,-2.2776968,-0.0379698,"[-0.4184523820877075,0.012727010063827038,-0.03384203091263771,0.9075188040733337]","[-0.005583744961768389,0.004147931933403015,-0.037969812750816345]","[-0.0742729976773262,-0.6787689924240112,9.77446460723877]",1.0378572,10171.000,"[0.0,0.0,0.05000000074505806,0.0]","[0.0,0.0,0.05000000074505806,-0.05000000074505806,0.05000000074505806,0.0,0.0,0.05000000074505806]","[0.0,0.0,612.5,-612.5,600.0,0.0,0.0,587.5]",0,1,1
2026-08-11T14:24:48.863601+00:00,1245684.329794,cycle_1_positive,0.0000000,0.0000000,0.0500000,0.0000000,,,1,1,1,1,1,1,0.000000,3874,193751,2,1,1,1,0,1,0,2263435938,55,40066,1245684227,861,0,-2.2776968,-0.0379698,"[-0.4184523820877075,0.012727010063827038,-0.03384203091263771,0.9075188040733337]","[-0.005583744961768389,0.004147931933403015,-0.037969812750816345]","[-0.0742729976773262,-0.6787689924240112,9.77446460723877]",1.3610203,13338.000,"[0.0,0.0,0.05000000074505806,0.0]","[0.0,0.0,0.05000000074505806,-0.05000000074505806,0.05000000074505806,0.0,0.0,0.05000000074505806]","[0.0,0.0,612.5,-612.5,600.0,0.0,0.0,600.0]",255,1,1
2026-08-11T14:24:48.915417+00:00,1245684.382090,cycle_1_positive,0.0000000,0.0000000,0.0500000,0.0000000,,,1,1,1,1,1,1,0.000000,3875,193801,2,1,1,1,0,1,0,2263435938,56,54003,1245684278,862,0,-2.2776968,-0.0379698,"[-0.4184523820877075,0.012727010063827038,-0.03384203091263771,0.9075188040733337]","[-0.005583744961768389,0.004147931933403015,-0.037969812750816345]","[-0.0742729976773262,-0.6787689924240112,9.77446460723877]",1.3610203,13338.000,"[0.0,0.0,0.05000000074505806,0.0]","[0.0,0.0,0.05000000074505806,-0.05000000074505806,0.05000000074505806,0.0,0.0,0.05000000074505806]","[0.0,0.0,612.5,-612.5,600.0,0.0,0.0,600.0]",0,1,1
2026-08-11T14:24:48.967561+00:00,1245684.433733,cycle_1_positive,0.0000000,0.0000000,0.0500000,0.0000000,,,1,1,1,1,1,1,0.000000,3876,193851,2,1,1,1,0,1,0,2263435938,57,27333,1245684331,863,0,-2.2776968,-0.0379698,"[-0.4184523820877075,0.012727010063827038,-0.03384203091263771,0.9075188040733337]","[-0.005583744961768389,0.004147931933403015,-0.037969812750816345]","[-0.0742729976773262,-0.6787689924240112,9.77446460723877]",1.7468367,17119.000,"[0.0,0.0,0.05000000074505806,0.0]","[0.0,0.0,0.05000000074505806,-0.05000000074505806,0.05000000074505806,0.0,0.0,0.05000000074505806]","[0.0,0.0,612.5,-612.5,600.0,0.0,0.0,600.0]",0,1,1
2026-08-11T14:24:49.019855+00:00,1245684.486044,cycle_1_positive,0.0000000,0.0000000,0.0500000,0.0000000,,,1,1,1,1,1,1,0.000000,3877,193901,2,1,1,1,0,1,0,2263435938,58,34997,1245684383,864,0,-2.2776968,-0.0379698,"[-0.4184523820877075,0.012727010063827038,-0.03384203091263771,0.9075188040733337]","[-0.005583744961768389,0.004147931933403015,-0.037969812750816345]","[-0.0742729976773262,-0.6787689924240112,9.77446460723877]",1.7468367,17119.000,"[0.0,0.0,0.05000000074505806,0.0]","[0.0,0.0,0.05000000074505806,-0.05000000074505806,0.05000000074505806,0.0,0.0,0.05000000074505806]","[0.0,0.0,612.5,-612.5,600.0,0.0,0.0,587.5]",255,1,1
2026-08-11T14:24:49.071318+00:00,1245684.538371,cycle_1_positive,0.0000000,0.0000000,0.0500000,0.0000000,,,1,1,1,1,1,1,0.000000,3878,193951,2,1,1,1,0,1,0,2263435938,59,12307,1245684435,865,0,-2.2776968,-0.0379698,"[-0.4184523820877075,0.012727010063827038,-0.03384203091263771,0.9075188040733337]","[-0.005583744961768389,0.004147931933403015,-0.037969812750816345]","[-0.0742729976773262,-0.6787689924240112,9.77446460723877]",1.7468367,17119.000,"[0.0,0.0,0.05000000074505806,0.0]","[0.0,0.0,0.05000000074505806,-0.05000000074505806,0.05000000074505806,0.0,0.0,0.05000000074505806]","[0.0,0.0,612.5,-612.5,600.0,0.0,0.0,600.0]",0,1,1
2026-08-11T14:24:49.122756+00:00,1245684.589569,cycle_1_positive,0.0000000,0.0000000,0.0500000,0.0000000,,,1,1,1,1,1,1,0.000000,3879,194001,2,1,1,1,0,1,0,2263435938,60,9520,1245684487,866,0,-2.2776968,-0.0379698,"[-0.4184523820877075,0.012727010063827038,-0.03384203091263771,0.9075188040733337]","[-0.005583744961768389,0.004147931933403015,-0.037969812750816345]","[-0.0742729976773262,-0.6787689924240112,9.77446460723877]",2.1515305,21085.000,"[0.0,0.0,0.05000000074505806,0.0]","[0.0,0.0,0.05000000074505806,-0.05000000074505806,0.05000000074505806,0.0,0.0,0.05000000074505806]","[0.0,0.0,612.5,-612.5,600.0,0.0,0.0,587.5]",0,1,1
2026-08-11T14:24:49.175419+00:00,1245684.641120,cycle_1_positive,0.0000000,0.0000000,0.0500000,0.0000000,,,1,1,1,1,1,1,0.000000,3881,194101,2,1,1,1,0,1,0,2263435938,62,17955,1245684590,868,0,-2.2776968,-0.0379698,"[-0.4184523820877075,0.012727010063827038,-0.03384203091263771,0.9075188040733337]","[-0.005583744961768389,0.004147931933403015,-0.037969812750816345]","[-0.0742729976773262,-0.6787689924240112,9.77446460723877]",2.5488775,24979.000,"[0.0,0.0,0.05000000074505806,0.0]","[0.0,0.0,0.05000000074505806,-0.05000000074505806,0.05000000074505806,0.0,0.0,0.05000000074505806]","[0.0,0.0,612.5,-612.5,587.5,0.0,0.0,600.0]",0,1,1
2026-08-11T14:24:49.226658+00:00,1245684.693824,cycle_1_positive,0.0000000,0.0000000,0.0500000,0.0000000,,,1,1,1,1,1,1,0.000000,3882,194151,2,1,1,1,0,1,0,2263435938,63,4322,1245684642,869,0,-2.2776968,-0.0379698,"[-0.4184523820877075,0.012727010063827038,-0.03384203091263771,0.9075188040733337]","[-0.005583744961768389,0.004147931933403015,-0.037969812750816345]","[-0.0742729976773262,-0.6787689924240112,9.77446460723877]",2.5488775,24979.000,"[0.0,0.0,0.05000000074505806,0.0]","[0.0,0.0,0.05000000074505806,-0.05000000074505806,0.05000000074505806,0.0,0.0,0.05000000074505806]","[0.0,0.0,612.5,-612.5,600.0,0.0,0.0,587.5]",0,1,1
2026-08-11T14:24:49.277918+00:00,1245684.744877,cycle_1_positive,0.0000000,0.0000000,0.0500000,0.0000000,,,1,1,1,1,1,1,0.000000,3883,194201,2,1,1,1,0,1,0,2263435938,64,7336,1245684694,870,0,-2.2776968,-0.0379698,"[-0.4184523820877075,0.012727010063827038,-0.03384203091263771,0.9075188040733337]","[-0.005583744961768389,0.004147931933403015,-0.037969812750816345]","[-0.0742729976773262,-0.6787689924240112,9.77446460723877]",2.9613264,29021.000,"[0.0,0.0,0.05000000074505806,0.0]","[0.0,0.0,0.05000000074505806,-0.05000000074505806,0.05000000074505806,0.0,0.0,0.05000000074505806]","[0.0,0.0,612.5,-612.5,587.5,0.0,0.0,600.0]",255,1,1
2026-08-11T14:24:49.329563+00:00,1245684.796213,cycle_1_positive,0.0000000,0.0000000,0.0500000,0.0000000,,,1,1,1,1,1,1,0.000000,3884,194251,2,1,1,1,0,1,0,2263435938,65,13862,1245684745,871,0,-2.2776968,-0.0379698,"[-0.4184523820877075,0.012727010063827038,-0.03384203091263771,0.9075188040733337]","[-0.005583744961768389,0.004147931933403015,-0.037969812750816345]","[-0.0742729976773262,-0.6787689924240112,9.77446460723877]",2.9613264,29021.000,"[0.0,0.0,0.05000000074505806,0.0]","[0.0,0.0,0.05000000074505806,-0.05000000074505806,0.05000000074505806,0.0,0.0,0.05000000074505806]","[0.0,0.0,612.5,-612.5,600.0,0.0,0.0,587.5]",0,1,1
2026-08-11T14:24:49.381721+00:00,1245684.847947,cycle_1_positive,0.0000000,0.0000000,0.0500000,0.0000000,,,1,1,1,1,1,1,0.000000,3885,194301,2,1,1,1,0,1,0,2263435938,66,60675,1245684797,872,0,-2.2776968,-0.0379698,"[-0.4184523820877075,0.012727010063827038,-0.03384203091263771,0.9075188040733337]","[-0.005583744961768389,0.004147931933403015,-0.037969812750816345]","[-0.0742729976773262,-0.6787689924240112,9.77446460723877]",2.9613264,29021.000,"[0.0,0.0,0.05000000074505806,0.0]","[0.0,0.0,0.05000000074505806,-0.05000000074505806,0.05000000074505806,0.0,0.0,0.05000000074505806]","[0.0,0.0,612.5,-612.5,600.0,0.0,0.0,587.5]",0,1,1
2026-08-11T14:24:49.433550+00:00,1245684.900221,cycle_1_positive,0.0000000,0.0000000,0.0500000,0.0000000,,,1,1,1,1,1,1,0.000000,3886,194351,2,1,1,1,0,1,0,2263435938,67,21925,1245684849,873,0,-2.2776968,-0.0379698,"[-0.4184523820877075,0.012727010063827038,-0.03384203091263771,0.9075188040733337]","[-0.005583744961768389,0.004147931933403015,-0.037969812750816345]","[-0.0742729976773262,-0.6787689924240112,9.77446460723877]",3.3988774,33309.000,"[0.0,0.0,0.05000000074505806,0.0]","[0.0,0.0,0.05000000074505806,-0.05000000074505806,0.05000000074505806,0.0,0.0,0.05000000074505806]","[0.0,0.0,612.5,-612.5,587.5,0.0,0.0,600.0]",255,1,1
2026-08-11T14:24:49.485623+00:00,1245684.951887,cycle_1_positive,0.0000000,0.0000000,0.0500000,0.0000000,,,1,1,1,1,1,1,0.000000,3887,194401,2,1,1,1,0,1,0,2263435938,68,56395,1245684901,874,0,-2.2776968,-0.0379698,"[-0.4184523820877075,0.012727010063827038,-0.03384203091263771,0.9075188040733337]","[-0.005583744961768389,0.004147931933403015,-0.037969812750816345]","[-0.0742729976773262,-0.6787689924240112,9.77446460723877]",3.3988774,33309.000,"[0.0,0.0,0.05000000074505806,0.0]","[0.0,0.0,0.05000000074505806,-0.05000000074505806,0.05000000074505806,0.0,0.0,0.05000000074505806]","[0.0,0.0,612.5,-612.5,587.5,0.0,0.0,587.5]",0,1,1
2026-08-11T14:24:49.537819+00:00,1245685.004083,cycle_1_positive,0.0000000,0.0000000,0.0500000,0.0000000,,,1,1,1,1,1,1,0.000000,3888,194451,2,1,1,1,0,1,0,2263435938,69,39609,1245684953,875,0,-2.2776968,-0.0379698,"[-0.4184523820877075,0.012727010063827038,-0.03384203091263771,0.9075188040733337]","[-0.005583744961768389,0.004147931933403015,-0.037969812750816345]","[-0.0742729976773262,-0.6787689924240112,9.77446460723877]",3.8628571,37856.000,"[0.0,0.0,0.05000000074505806,0.0]","[0.0,0.0,0.05000000074505806,-0.05000000074505806,0.05000000074505806,0.0,0.0,0.05000000074505806]","[0.0,0.0,612.5,-612.5,587.5,0.0,0.0,600.0]",0,1,1
2026-08-11T14:24:49.590052+00:00,1245685.056288,cycle_1_positive,0.0000000,0.0000000,0.0500000,0.0000000,,,1,1,1,1,1,1,0.000000,3889,194501,2,1,1,1,0,1,0,2263435938,70,36765,1245685005,876,0,-2.2776968,-0.0379698,"[-0.4184523820877075,0.012727010063827038,-0.03384203091263771,0.9075188040733337]","[-0.005583744961768389,0.004147931933403015,-0.037969812750816345]","[-0.0742729976773262,-0.6787689924240112,9.77446460723877]",3.8628571,37856.000,"[0.0,0.0,0.05000000074505806,0.0]","[0.0,0.0,0.05000000074505806,-0.05000000074505806,0.05000000074505806,0.0,0.0,0.05000000074505806]","[0.0,0.0,612.5,-612.5,600.0,0.0,0.0,600.0]",255,1,1
2026-08-11T14:24:49.642242+00:00,1245685.108490,cycle_1_positive,0.0000000,0.0000000,0.0500000,0.0000000,,,1,1,1,1,1,1,0.000000,3890,194551,2,1,1,1,0,1,0,2263435938,71,14139,1245685057,877,0,-2.2776968,-0.0379698,"[-0.4184523820877075,0.012727010063827038,-0.03384203091263771,0.9075188040733337]","[-0.005583744961768389,0.004147931933403015,-0.037969812750816345]","[-0.0742729976773262,-0.6787689924240112,9.77446460723877]",3.8628571,37856.000,"[0.0,0.0,0.05000000074505806,0.0]","[0.0,0.0,0.05000000074505806,-0.05000000074505806,0.05000000074505806,0.0,0.0,0.05000000074505806]","[0.0,0.0,612.5,-612.5,600.0,0.0,0.0,587.5]",0,1,1
2026-08-11T14:24:49.694443+00:00,1245685.160703,cycle_1_positive,0.0000000,0.0000000,0.0500000,0.0000000,,,1,1,1,1,1,1,0.000000,3891,194601,2,1,1,1,0,1,0,2263435938,72,60439,1245685109,878,0,-2.2776968,-0.0379698,"[-0.4184523820877075,0.012727010063827038,-0.03384203091263771,0.9075188040733337]","[-0.005583744961768389,0.004147931933403015,-0.037969812750816345]","[-0.0742729976773262,-0.6787689924240112,9.77446460723877]",4.3680611,42807.000,"[0.0,0.0,0.05000000074505806,0.0]","[0.0,0.0,0.05000000074505806,-0.05000000074505806,0.05000000074505806,0.0,0.0,0.05000000074505806]","[0.0,0.0,612.5,-612.5,600.0,0.0,0.0,587.5]",0,1,1
2026-08-11T14:24:49.746463+00:00,1245685.212770,cycle_1_positive,0.0000000,0.0000000,0.0500000,0.0000000,,,1,1,1,1,1,1,0.000000,3892,194651,2,1,1,1,0,1,0,2263435938,73,12059,1245685161,879,0,-2.2776968,-0.0379698,"[-0.4184523820877075,0.012727010063827038,-0.03384203091263771,0.9075188040733337]","[-0.005583744961768389,0.004147931933403015,-0.037969812750816345]","[-0.0742729976773262,-0.6787689924240112,9.77446460723877]",4.3680611,42807.000,"[0.0,0.0,0.05000000074505806,0.0]","[0.0,0.0,0.05000000074505806,-0.05000000074505806,0.05000000074505806,0.0,0.0,0.05000000074505806]","[0.0,0.0,612.5,-612.5,587.5,0.0,0.0,587.5]",255,1,1
2026-08-11T14:24:49.798526+00:00,1245685.264832,cycle_1_positive,0.0000000,0.0000000,0.0500000,0.0000000,,,1,1,1,1,1,1,0.000000,3893,194701,2,1,1,1,0,1,0,2263435938,74,56552,1245685214,880,0,-2.2776968,-0.0379698,"[-0.4184523820877075,0.012727010063827038,-0.03384203091263771,0.9075188040733337]","[-0.005583744961768389,0.004147931933403015,-0.037969812750816345]","[-0.0742729976773262,-0.6787689924240112,9.77446460723877]",4.8972445,47993.000,"[0.0,0.0,0.05000000074505806,0.0]","[0.0,0.0,0.05000000074505806,-0.05000000074505806,0.05000000074505806,0.0,0.0,0.05000000074505806]","[0.0,0.0,612.5,-612.5,600.0,0.0,0.0,587.5]",0,1,1
2026-08-11T14:24:49.851649+00:00,1245685.318145,cycle_1_positive,0.0000000,0.0000000,0.0500000,0.0000000,,,1,1,1,1,1,1,0.000000,3894,194751,2,1,1,1,0,1,0,2263435938,75,37017,1245685265,881,0,-2.2776968,-0.0379698,"[-0.4184523820877075,0.012727010063827038,-0.03384203091263771,0.9075188040733337]","[-0.005583744961768389,0.004147931933403015,-0.037969812750816345]","[-0.0742729976773262,-0.6787689924240112,9.77446460723877]",4.8972445,47993.000,"[0.0,0.0,0.05000000074505806,0.0]","[0.0,0.0,0.05000000074505806,-0.05000000074505806,0.05000000074505806,0.0,0.0,0.05000000074505806]","[0.0,0.0,612.5,-612.5,600.0,0.0,0.0,600.0]",0,1,1
2026-08-11T14:24:49.903523+00:00,1245685.370091,cycle_1_positive,0.0000000,0.0000000,0.0500000,0.0000000,,,1,1,1,1,1,1,0.000000,3895,194801,2,1,1,1,0,1,0,2263435938,76,40361,1245685319,882,0,-2.2776968,-0.0379698,"[-0.4184523820877075,0.012727010063827038,-0.03384203091263771,0.9075188040733337]","[-0.005583744961768389,0.004147931933403015,-0.037969812750816345]","[-0.0742729976773262,-0.6787689924240112,9.77446460723877]",5.4406123,53318.000,"[0.0,0.0,0.05000000074505806,0.0]","[0.0,0.0,0.05000000074505806,-0.05000000074505806,0.05000000074505806,0.0,0.0,0.05000000074505806]","[0.0,0.0,612.5,-612.5,587.5,0.0,0.0,587.5]",255,1,1
2026-08-11T14:24:49.955704+00:00,1245685.421941,cycle_1_neutral_blocked,0.0000000,0.0000000,0.0000000,0.0000000,,,0,1,1,1,1,1,0.000000,3896,194851,2,1,1,1,0,1,0,2263435938,76,40361,1245685319,882,0,-2.2776968,-0.0379698,"[-0.4184523820877075,0.012727010063827038,-0.03384203091263771,0.9075188040733337]","[-0.005583744961768389,0.004147931933403015,-0.037969812750816345]","[-0.0742729976773262,-0.6787689924240112,9.77446460723877]",5.4406123,53318.000,"[0.0,0.0,0.05000000074505806,0.0]","[0.0,0.0,0.05000000074505806,-0.05000000074505806,0.05000000074505806,0.0,0.0,0.05000000074505806]","[0.0,0.0,600.0,-612.5,612.5,0.0,0.0,600.0]",0,1,1
2026-08-11T14:24:50.007337+00:00,1245685.474123,cycle_1_neutral_blocked,0.0000000,0.0000000,0.0000000,0.0000000,,,0,1,1,1,1,1,0.000000,3897,194901,2,1,1,1,0,1,0,2263435938,77,3177,1245685371,883,0,-2.2776968,-0.0379698,"[-0.4184523820877075,0.012727010063827038,-0.03384203091263771,0.9075188040733337]","[-0.005583744961768389,0.004147931933403015,-0.037969812750816345]","[-0.0742729976773262,-0.6787689924240112,9.77446460723877]",5.4406123,53318.000,"[0.0,0.0,0.05000000074505806,0.0]","[0.0,0.0,0.05000000074505806,-0.05000000074505806,0.05000000074505806,0.0,0.0,0.05000000074505806]","[0.0,0.0,612.5,-612.5,600.0,0.0,0.0,587.5]",0,1,1
2026-08-11T14:24:50.059448+00:00,1245685.525678,cycle_1_neutral_blocked,0.0000000,0.0000000,0.0000000,0.0000000,,,0,1,1,1,0,1,0.000000,3898,194951,1,0,1,1,0,1,0,2263435938,78,14323,1245685423,884,0,-2.2776968,-0.0379698,"[-0.4184523820877075,0.012727010063827038,-0.03384203091263771,0.9075188040733337]","[-0.005583744961768389,0.004147931933403015,-0.037969812750816345]","[-0.0742729976773262,-0.6787689924240112,9.77446460723877]",6.0172448,58969.000,"[0.0,0.0,0.0,0.0]","[0.0,0.0,0.0,0.0,0.0,0.0,0.0,0.0]","[0.0,0.0,437.5,337.5,350.0,0.0,0.0,362.5]",255,1,1
2026-08-11T14:24:50.110764+00:00,1245685.577788,cycle_1_neutral_blocked,0.0000000,0.0000000,0.0000000,0.0000000,,,0,1,1,1,0,1,0.000000,3899,195001,1,0,1,1,0,1,0,2263435938,79,6664,1245685474,885,0,-2.2776968,-0.0379698,"[-0.4184523820877075,0.012727010063827038,-0.03384203091263771,0.9075188040733337]","[-0.005583744961768389,0.004147931933403015,-0.037969812750816345]","[-0.0742729976773262,-0.6787689924240112,9.77446460723877]",6.0172448,58969.000,"[0.0,0.0,0.0,0.0]","[0.0,0.0,0.0,0.0,0.0,0.0,0.0,0.0]","[0.0,0.0,562.5,225.0,187.5,0.0,0.0,200.0]",240,1,1
2026-08-11T14:24:50.162060+00:00,1245685.629036,cycle_1_neutral_blocked,0.0000000,0.0000000,0.0000000,0.0000000,,,0,1,1,1,0,1,0.000000,3900,195051,1,0,1,1,0,1,0,2263435938,80,25760,1245685526,886,0,-2.2776968,-0.0379698,"[-0.4184523820877075,0.012727010063827038,-0.03384203091263771,0.9075188040733337]","[-0.005583744961768389,0.004147931933403015,-0.037969812750816345]","[-0.0742729976773262,-0.6787689924240112,9.77446460723877]",6.6013260,64693.000,"[0.0,0.0,0.0,0.0]","[0.0,0.0,0.0,0.0,0.0,0.0,0.0,0.0]","[0.0,0.0,212.5,150.0,187.5,0.0,0.0,650.0]",240,1,1
2026-08-11T14:24:50.213468+00:00,1245685.680321,cycle_1_neutral_blocked,0.0000000,0.0000000,0.0000000,0.0000000,,,0,1,1,1,0,1,0.000000,3901,195101,1,0,1,1,0,1,0,2263435938,81,18891,1245685578,887,0,-2.2776968,-0.0379698,"[-0.4184523820877075,0.012727010063827038,-0.03384203091263771,0.9075188040733337]","[-0.005583744961768389,0.004147931933403015,-0.037969812750816345]","[-0.0742729976773262,-0.6787689924240112,9.77446460723877]",6.6013260,64693.000,"[0.0,0.0,0.0,0.0]","[0.0,0.0,0.0,0.0,0.0,0.0,0.0,0.0]","[0.0,0.0,300.0,0.0,225.0,0.0,0.0,0.0]",255,1,1
2026-08-11T14:24:50.265605+00:00,1245685.731834,cycle_1_neutral_blocked,0.0000000,0.0000000,0.0000000,0.0000000,,,0,1,1,1,0,1,0.000000,3902,195151,1,0,1,1,0,1,0,2263435938,82,27914,1245685629,888,0,-2.2776968,-0.0379698,"[-0.4184523820877075,0.012727010063827038,-0.03384203091263771,0.9075188040733337]","[-0.005583744961768389,0.004147931933403015,-0.037969812750816345]","[-0.0742729976773262,-0.6787689924240112,9.77446460723877]",6.6013260,64693.000,"[0.0,0.0,0.0,0.0]","[0.0,0.0,0.0,0.0,0.0,0.0,0.0,0.0]","[0.0,0.0,0.0,0.0,350.0,0.0,0.0,125.0]",240,1,1
2026-08-11T14:24:50.316979+00:00,1245685.783998,cycle_1_neutral_blocked,0.0000000,0.0000000,0.0000000,0.0000000,,,0,1,1,1,0,1,0.000000,3903,195201,1,0,1,1,0,1,0,2263435938,83,15307,1245685681,889,0,-2.2776968,-0.0379698,"[-0.4184523820877075,0.012727010063827038,-0.03384203091263771,0.9075188040733337]","[-0.005583744961768389,0.004147931933403015,-0.037969812750816345]","[-0.0742729976773262,-0.6787689924240112,9.77446460723877]",7.1823468,70387.000,"[0.0,0.0,0.0,0.0]","[0.0,0.0,0.0,0.0,0.0,0.0,0.0,0.0]","[0.0,0.0,762.5,0.0,262.5,0.0,0.0,337.5]",240,1,1
2026-08-11T14:24:50.368332+00:00,1245685.835218,cycle_1_neutral_blocked,0.0000000,0.0000000,0.0000000,0.0000000,,,0,1,1,1,0,1,0.000000,3904,195251,1,0,1,1,0,1,0,2263435938,84,23618,1245685733,890,0,-2.2776968,-0.0379698,"[-0.4184523820877075,0.012727010063827038,-0.03384203091263771,0.9075188040733337]","[-0.005583744961768389,0.004147931933403015,-0.037969812750816345]","[-0.0742729976773262,-0.6787689924240112,9.77446460723877]",7.1823468,70387.000,"[0.0,0.0,0.0,0.0]","[0.0,0.0,0.0,0.0,0.0,0.0,0.0,0.0]","[0.0,0.0,0.0,0.0,200.0,0.0,0.0,962.5]",255,1,1
2026-08-11T14:24:50.420118+00:00,1245685.886656,cycle_1_neutral_blocked,0.0000000,0.0000000,0.0000000,0.0000000,,,0,1,1,1,0,1,0.000000,3905,195301,1,0,1,1,0,1,0,2263435938,85,53643,1245685784,891,0,-2.2776968,-0.0379698,"[-0.4184523820877075,0.012727010063827038,-0.03384203091263771,0.9075188040733337]","[-0.005583744961768389,0.004147931933403015,-0.037969812750816345]","[-0.0742729976773262,-0.6787689924240112,9.77446460723877]",7.7483673,75934.000,"[0.0,0.0,0.0,0.0]","[0.0,0.0,0.0,0.0,0.0,0.0,0.0,0.0]","[0.0,0.0,125.0,0.0,425.0,0.0,0.0,225.0]",240,1,1
2026-08-11T14:24:50.474925+00:00,1245685.941186,cycle_1_neutral_blocked,0.0000000,0.0000000,0.0000000,0.0000000,,,0,1,1,1,0,1,0.000000,3906,195351,1,0,1,1,0,1,0,2263435938,86,40083,1245685835,892,0,-2.2776968,-0.0379698,"[-0.4184523820877075,0.012727010063827038,-0.03384203091263771,0.9075188040733337]","[-0.005583744961768389,0.004147931933403015,-0.037969812750816345]","[-0.0742729976773262,-0.6787689924240112,9.77446460723877]",7.7483673,75934.000,"[0.0,0.0,0.0,0.0]","[0.0,0.0,0.0,0.0,0.0,0.0,0.0,0.0]","[0.0,0.0,325.0,0.0,0.0,0.0,0.0,362.5]",240,1,1
2026-08-11T14:24:50.528106+00:00,1245685.993423,cycle_1_neutral_blocked,0.0000000,0.0000000,0.0000000,0.0000000,,,0,1,1,1,0,1,0.000000,3908,195451,1,0,1,1,0,1,0,2263435938,88,20817,1245685942,894,0,-2.2776968,-0.0379698,"[-0.4184523820877075,0.012727010063827038,-0.03384203091263771,0.9075188040733337]","[-0.005583744961768389,0.004147931933403015,-0.037969812750816345]","[-0.0742729976773262,-0.6787689924240112,9.77446460723877]",8.2893877,81236.000,"[0.0,0.0,0.0,0.0]","[0.0,0.0,0.0,0.0,0.0,0.0,0.0,0.0]","[0.0,0.0,250.0,0.0,0.0,0.0,0.0,0.0]",240,1,1
2026-08-11T14:24:50.579758+00:00,1245686.046505,cycle_1_neutral_blocked,0.0000000,0.0000000,0.0000000,0.0000000,,,0,1,1,1,0,1,0.000000,3909,195501,1,0,1,1,0,1,0,2263435938,89,59751,1245685995,895,0,-2.2776968,-0.0379698,"[-0.4184523820877075,0.012727010063827038,-0.03384203091263771,0.9075188040733337]","[-0.005583744961768389,0.004147931933403015,-0.037969812750816345]","[-0.0742729976773262,-0.6787689924240112,9.77446460723877]",8.2893877,81236.000,"[0.0,0.0,0.0,0.0]","[0.0,0.0,0.0,0.0,0.0,0.0,0.0,0.0]","[0.0,0.0,275.0,0.0,0.0,0.0,0.0,0.0]",240,1,1
2026-08-11T14:24:50.630962+00:00,1245686.098031,cycle_1_neutral_blocked,0.0000000,0.0000000,0.0000000,0.0000000,,,0,1,1,1,0,1,0.000000,3910,195551,1,0,1,1,0,1,0,2263435938,90,38874,1245686047,896,0,-2.2776968,-0.0379698,"[-0.4184523820877075,0.012727010063827038,-0.03384203091263771,0.9075188040733337]","[-0.005583744961768389,0.004147931933403015,-0.037969812750816345]","[-0.0742729976773262,-0.6787689924240112,9.77446460723877]",8.7883673,86126.000,"[0.0,0.0,0.0,0.0]","[0.0,0.0,0.0,0.0,0.0,0.0,0.0,0.0]","[0.0,0.0,737.5,0.0,0.0,0.0,0.0,0.0]",255,1,1
2026-08-11T14:24:50.682200+00:00,1245686.149181,cycle_1_neutral_blocked,0.0000000,0.0000000,0.0000000,0.0000000,,,0,1,1,1,0,1,0.000000,3911,195601,1,0,1,1,0,1,0,2263435938,91,47649,1245686098,897,0,-2.2776968,-0.0379698,"[-0.4184523820877075,0.012727010063827038,-0.03384203091263771,0.9075188040733337]","[-0.005583744961768389,0.004147931933403015,-0.037969812750816345]","[-0.0742729976773262,-0.6787689924240112,9.77446460723877]",8.7883673,86126.000,"[0.0,0.0,0.0,0.0]","[0.0,0.0,0.0,0.0,0.0,0.0,0.0,0.0]","[0.0,0.0,0.0,0.0,0.0,0.0,0.0,0.0]",240,1,1
2026-08-11T14:24:50.733294+00:00,1245686.200436,cycle_1_neutral_blocked,0.0000000,0.0000000,0.0000000,0.0000000,,,0,1,1,1,0,1,0.000000,3912,195651,1,0,1,1,0,1,0,2263435938,92,52267,1245686149,898,0,-2.2776968,-0.0379698,"[-0.4184523820877075,0.012727010063827038,-0.03384203091263771,0.9075188040733337]","[-0.005583744961768389,0.004147931933403015,-0.037969812750816345]","[-0.0742729976773262,-0.6787689924240112,9.77446460723877]",9.2478571,90629.000,"[0.0,0.0,0.0,0.0]","[0.0,0.0,0.0,0.0,0.0,0.0,0.0,0.0]","[0.0,0.0,0.0,0.0,0.0,0.0,0.0,0.0]",240,1,1
2026-08-11T14:24:50.784932+00:00,1245686.251547,cycle_1_neutral_blocked,0.0000000,0.0000000,0.0000000,0.0000000,,,0,1,1,1,0,1,0.000000,3913,195701,1,0,1,1,0,1,0,2263435938,93,24043,1245686201,899,0,-2.2776968,-0.0379698,"[-0.4184523820877075,0.012727010063827038,-0.03384203091263771,0.9075188040733337]","[-0.005583744961768389,0.004147931933403015,-0.037969812750816345]","[-0.0742729976773262,-0.6787689924240112,9.77446460723877]",9.2478571,90629.000,"[0.0,0.0,0.0,0.0]","[0.0,0.0,0.0,0.0,0.0,0.0,0.0,0.0]","[0.0,0.0,0.0,0.0,0.0,0.0,0.0,0.0]",255,1,1
2026-08-11T14:24:50.836827+00:00,1245686.303329,cycle_1_neutral_blocked,0.0000000,0.0000000,0.0000000,0.0000000,,,0,1,1,1,0,1,0.000000,3914,195751,1,0,1,1,0,1,0,2263435938,94,44856,1245686252,900,0,-2.2776968,-0.0379698,"[-0.4184523820877075,0.012727010063827038,-0.03384203091263771,0.9075188040733337]","[-0.005583744961768389,0.004147931933403015,-0.037969812750816345]","[-0.0742729976773262,-0.6787689924240112,9.77446460723877]",9.2478571,90629.000,"[0.0,0.0,0.0,0.0]","[0.0,0.0,0.0,0.0,0.0,0.0,0.0,0.0]","[0.0,0.0,0.0,0.0,0.0,0.0,0.0,0.0]",240,1,1
2026-08-11T14:24:50.888366+00:00,1245686.355241,cycle_1_neutral_blocked,0.0000000,0.0000000,0.0000000,0.0000000,,,0,1,1,1,0,1,0.000000,3915,195801,1,0,1,1,0,1,0,2263435938,95,7341,1245686304,901,0,-2.2776968,-0.0379698,"[-0.4184523820877075,0.012727010063827038,-0.03384203091263771,0.9075188040733337]","[-0.005583744961768389,0.004147931933403015,-0.037969812750816345]","[-0.0742729976773262,-0.6787689924240112,9.77446460723877]",9.6635714,94703.000,"[0.0,0.0,0.0,0.0]","[0.0,0.0,0.0,0.0,0.0,0.0,0.0,0.0]","[0.0,0.0,0.0,0.0,0.0,0.0,0.0,0.0]",240,1,1
2026-08-11T14:24:50.940058+00:00,1245686.406685,cycle_1_neutral_blocked,0.0000000,0.0000000,0.0000000,0.0000000,,,0,1,1,1,0,1,0.000000,3916,195851,1,0,1,1,0,1,0,2263435938,96,14849,1245686355,902,0,-2.2776968,-0.0379698,"[-0.4184523820877075,0.012727010063827038,-0.03384203091263771,0.9075188040733337]","[-0.005583744961768389,0.004147931933403015,-0.037969812750816345]","[-0.0742729976773262,-0.6787689924240112,9.77446460723877]",9.6635714,94703.000,"[0.0,0.0,0.0,0.0]","[0.0,0.0,0.0,0.0,0.0,0.0,0.0,0.0]","[0.0,0.0,0.0,0.0,0.0,0.0,0.0,0.0]",255,1,1
2026-08-11T14:24:50.992670+00:00,1245686.458443,cycle_1_neutral_blocked,0.0000000,0.0000000,0.0000000,0.0000000,,,0,1,1,1,0,1,0.000000,3917,195901,1,0,1,1,0,1,0,2263435938,97,5098,1245686407,903,0,-2.2776968,-0.0379698,"[-0.4184523820877075,0.012727010063827038,-0.03384203091263771,0.9075188040733337]","[-0.005583744961768389,0.004147931933403015,-0.037969812750816345]","[-0.0742729976773262,-0.6787689924240112,9.77446460723877]",10.0113258,98111.000,"[0.0,0.0,0.0,0.0]","[0.0,0.0,0.0,0.0,0.0,0.0,0.0,0.0]","[0.0,0.0,0.0,0.0,0.0,0.0,0.0,0.0]",240,1,1
2026-08-11T14:24:51.043986+00:00,1245686.511077,cycle_1_neutral_blocked,0.0000000,0.0000000,0.0000000,0.0000000,,,0,1,1,1,0,1,0.000000,3918,195951,1,0,1,1,0,1,0,2263435938,98,2238,1245686460,904,0,-2.2776968,-0.0379698,"[-0.4184523820877075,0.012727010063827038,-0.03384203091263771,0.9075188040733337]","[-0.005583744961768389,0.004147931933403015,-0.037969812750816345]","[-0.0742729976773262,-0.6787689924240112,9.77446460723877]",10.0113258,98111.000,"[0.0,0.0,0.0,0.0]","[0.0,0.0,0.0,0.0,0.0,0.0,0.0,0.0]","[0.0,0.0,0.0,0.0,0.0,0.0,0.0,0.0]",240,1,1
2026-08-11T14:24:51.095383+00:00,1245686.562209,cycle_1_neutral_blocked,0.0000000,0.0000000,0.0000000,0.0000000,,,0,1,1,1,0,1,0.000000,3919,196001,1,0,1,1,0,1,0,2263435938,99,58788,1245686511,905,0,-2.2776968,-0.0379698,"[-0.4184523820877075,0.012727010063827038,-0.03384203091263771,0.9075188040733337]","[-0.005583744961768389,0.004147931933403015,-0.037969812750816345]","[-0.0742729976773262,-0.6787689924240112,9.77446460723877]",10.2997961,100938.000,"[0.0,0.0,0.0,0.0]","[0.0,0.0,0.0,0.0,0.0,0.0,0.0,0.0]","[0.0,0.0,0.0,0.0,0.0,0.0,0.0,0.0]",255,1,1
2026-08-11T14:24:51.146879+00:00,1245686.613659,cycle_1_neutral_blocked,0.0000000,0.0000000,0.0000000,0.0000000,,,0,1,1,1,0,1,0.000000,3920,196051,1,0,1,1,0,1,0,2263435938,100,6896,1245686562,906,0,-2.2776968,-0.0379698,"[-0.4184523820877075,0.012727010063827038,-0.03384203091263771,0.9075188040733337]","[-0.005583744961768389,0.004147931933403015,-0.037969812750816345]","[-0.0742729976773262,-0.6787689924240112,9.77446460723877]",10.2997961,100938.000,"[0.0,0.0,0.0,0.0]","[0.0,0.0,0.0,0.0,0.0,0.0,0.0,0.0]","[0.0,0.0,0.0,0.0,0.0,0.0,0.0,0.0]",240,1,1
2026-08-11T14:24:51.199005+00:00,1245686.665252,cycle_1_neutral_blocked,0.0000000,0.0000000,0.0000000,0.0000000,,,0,1,1,1,0,1,0.000000,3921,196101,1,0,1,1,0,1,0,2263435938,101,46821,1245686614,907,0,-2.2776968,-0.0379698,"[-0.4184523820877075,0.012727010063827038,-0.03384203091263771,0.9075188040733337]","[-0.005583744961768389,0.004147931933403015,-0.037969812750816345]","[-0.0742729976773262,-0.6787689924240112,9.77446460723877]",10.2997961,100938.000,"[0.0,0.0,0.0,0.0]","[0.0,0.0,0.0,0.0,0.0,0.0,0.0,0.0]","[0.0,0.0,0.0,0.0,0.0,0.0,0.0,0.0]",240,1,1
2026-08-11T14:24:51.251250+00:00,1245686.717431,cycle_1_neutral_blocked,0.0000000,0.0000000,0.0000000,0.0000000,,,0,1,1,1,0,1,0.000000,3922,196151,1,0,1,1,0,1,0,2263435938,102,54763,1245686666,908,0,-2.2776968,-0.0379698,"[-0.4184523820877075,0.012727010063827038,-0.03384203091263771,0.9075188040733337]","[-0.005583744961768389,0.004147931933403015,-0.037969812750816345]","[-0.0742729976773262,-0.6787689924240112,9.77446460723877]",10.5312243,103206.000,"[0.0,0.0,0.0,0.0]","[0.0,0.0,0.0,0.0,0.0,0.0,0.0,0.0]","[0.0,0.0,0.0,0.0,0.0,0.0,0.0,0.0]",255,1,1
2026-08-11T14:24:51.302693+00:00,1245686.769660,cycle_1_neutral_blocked,0.0000000,0.0000000,0.0000000,0.0000000,,,0,1,1,1,0,1,0.000000,3923,196201,1,0,1,1,0,1,0,2263435938,103,44748,1245686718,909,0,-2.2776968,-0.0379698,"[-0.4184523820877075,0.012727010063827038,-0.03384203091263771,0.9075188040733337]","[-0.005583744961768389,0.004147931933403015,-0.037969812750816345]","[-0.0742729976773262,-0.6787689924240112,9.77446460723877]",10.5312243,103206.000,"[0.0,0.0,0.0,0.0]","[0.0,0.0,0.0,0.0,0.0,0.0,0.0,0.0]","[0.0,0.0,0.0,0.0,0.0,0.0,0.0,0.0]",240,1,1
2026-08-11T14:24:51.353906+00:00,1245686.820929,cycle_1_neutral_blocked,0.0000000,0.0000000,0.0000000,0.0000000,,,0,1,1,1,0,1,0.000000,3924,196251,1,0,1,1,0,1,0,2263435938,103,44748,1245686718,909,0,-2.2776968,-0.0379698,"[-0.4184523820877075,0.012727010063827038,-0.03384203091263771,0.9075188040733337]","[-0.005583744961768389,0.004147931933403015,-0.037969812750816345]","[-0.0742729976773262,-0.6787689924240112,9.77446460723877]",10.7211218,105067.000,"[0.0,0.0,0.0,0.0]","[0.0,0.0,0.0,0.0,0.0,0.0,0.0,0.0]","[0.0,0.0,0.0,0.0,0.0,0.0,0.0,0.0]",240,1,1
2026-08-11T14:24:51.405483+00:00,1245686.872143,cycle_1_neutral_blocked,0.0000000,0.0000000,0.0000000,0.0000000,,,0,1,1,1,0,1,0.000000,3925,196301,1,0,1,1,0,1,0,2263435938,104,46689,1245686770,910,0,-2.2776968,-0.0379698,"[-0.4184523820877075,0.012727010063827038,-0.03384203091263771,0.9075188040733337]","[-0.005583744961768389,0.004147931933403015,-0.037969812750816345]","[-0.0742729976773262,-0.6787689924240112,9.77446460723877]",10.7211218,105067.000,"[0.0,0.0,0.0,0.0]","[0.0,0.0,0.0,0.0,0.0,0.0,0.0,0.0]","[0.0,0.0,0.0,0.0,0.0,0.0,0.0,0.0]",255,1,1
2026-08-11T14:24:51.457215+00:00,1245686.923817,cycle_1_neutral_blocked,0.0000000,0.0000000,0.0000000,0.0000000,,,0,1,1,1,0,1,0.000000,3926,196351,1,0,1,1,0,1,0,2263435938,105,30216,1245686821,911,0,-2.2776968,-0.0379698,"[-0.4184523820877075,0.012727010063827038,-0.03384203091263771,0.9075188040733337]","[-0.005583744961768389,0.004147931933403015,-0.037969812750816345]","[-0.0742729976773262,-0.6787689924240112,9.77446460723877]",10.7211218,105067.000,"[0.0,0.0,0.0,0.0]","[0.0,0.0,0.0,0.0,0.0,0.0,0.0,0.0]","[0.0,0.0,0.0,0.0,0.0,0.0,0.0,0.0]",240,1,1
2026-08-11T14:24:51.509499+00:00,1245686.975730,cycle_1_neutral_blocked,0.0000000,0.0000000,0.0000000,0.0000000,,,0,1,1,1,0,1,0.000000,3927,196401,1,0,1,1,0,1,0,2263435938,106,37112,1245686873,912,0,-2.2776968,-0.0379698,"[-0.4184523820877075,0.012727010063827038,-0.03384203091263771,0.9075188040733337]","[-0.005583744961768389,0.004147931933403015,-0.037969812750816345]","[-0.0742729976773262,-0.6787689924240112,9.77446460723877]",10.8675508,106502.000,"[0.0,0.0,0.0,0.0]","[0.0,0.0,0.0,0.0,0.0,0.0,0.0,0.0]","[0.0,0.0,0.0,0.0,0.0,0.0,0.0,0.0]",240,1,1
2026-08-11T14:24:51.567206+00:00,1245687.033453,cycle_1_neutral_blocked,0.0000000,0.0000000,0.0000000,0.0000000,,,0,1,1,1,0,1,0.000000,3928,196451,1,0,1,1,0,1,0,2263435938,107,11342,1245686924,913,0,-2.2776968,-0.0379698,"[-0.4184523820877075,0.012727010063827038,-0.03384203091263771,0.9075188040733337]","[-0.005583744961768389,0.004147931933403015,-0.037969812750816345]","[-0.0742729976773262,-0.6787689924240112,9.77446460723877]",10.8675508,106502.000,"[0.0,0.0,0.0,0.0]","[0.0,0.0,0.0,0.0,0.0,0.0,0.0,0.0]","[0.0,0.0,0.0,0.0,0.0,0.0,0.0,0.0]",255,1,1
2026-08-11T14:24:51.619361+00:00,1245687.085595,cycle_1_neutral_blocked,0.0000000,0.0000000,0.0000000,0.0000000,,,0,1,1,1,0,1,0.000000,3929,196501,1,0,1,1,0,1,0,2263435938,108,13549,1245686976,914,0,-2.2776968,-0.0379698,"[-0.4184523820877075,0.012727010063827038,-0.03384203091263771,0.9075188040733337]","[-0.005583744961768389,0.004147931933403015,-0.037969812750816345]","[-0.0742729976773262,-0.6787689924240112,9.77446460723877]",10.9714289,107520.000,"[0.0,0.0,0.0,0.0]","[0.0,0.0,0.0,0.0,0.0,0.0,0.0,0.0]","[0.0,0.0,0.0,0.0,0.0,0.0,0.0,0.0]",240,1,1
2026-08-11T14:24:51.671484+00:00,1245687.137784,cycle_1_neutral_blocked,0.0000000,0.0000000,0.0000000,0.0000000,,,0,1,1,1,0,1,0.000000,3930,196551,1,0,1,1,0,1,0,2263435938,109,6886,1245687034,915,0,-2.2776968,-0.0379698,"[-0.4184523820877075,0.012727010063827038,-0.03384203091263771,0.9075188040733337]","[-0.005583744961768389,0.004147931933403015,-0.037969812750816345]","[-0.0742729976773262,-0.6787689924240112,9.77446460723877]",10.9714289,107520.000,"[0.0,0.0,0.0,0.0]","[0.0,0.0,0.0,0.0,0.0,0.0,0.0,0.0]","[0.0,0.0,0.0,0.0,0.0,0.0,0.0,0.0]",240,1,1
2026-08-11T14:24:51.722761+00:00,1245687.189931,cycle_1_neutral_blocked,0.0000000,0.0000000,0.0000000,0.0000000,,,0,1,1,1,0,1,0.000000,3931,196601,1,0,1,1,0,1,0,2263435938,110,4034,1245687086,916,0,-2.2776968,-0.0379698,"[-0.4184523820877075,0.012727010063827038,-0.03384203091263771,0.9075188040733337]","[-0.005583744961768389,0.004147931933403015,-0.037969812750816345]","[-0.0742729976773262,-0.6787689924240112,9.77446460723877]",11.0283670,108078.000,"[0.0,0.0,0.0,0.0]","[0.0,0.0,0.0,0.0,0.0,0.0,0.0,0.0]","[0.0,0.0,0.0,0.0,0.0,0.0,0.0,0.0]",255,1,1
2026-08-11T14:24:51.775607+00:00,1245687.241028,cycle_1_neutral_blocked,0.0000000,0.0000000,0.0000000,0.0000000,,,0,1,1,1,0,1,0.000000,3933,196701,1,0,1,1,0,1,0,2263435938,112,21761,1245687190,918,0,-2.2776968,-0.0379698,"[-0.4184523820877075,0.012727010063827038,-0.03384203091263771,0.9075188040733337]","[-0.005583744961768389,0.004147931933403015,-0.037969812750816345]","[-0.0742729976773262,-0.6787689924240112,9.77446460723877]",11.0283670,108078.000,"[0.0,0.0,0.0,0.0]","[0.0,0.0,0.0,0.0,0.0,0.0,0.0,0.0]","[0.0,0.0,0.0,0.0,0.0,0.0,0.0,0.0]",240,1,1
2026-08-11T14:24:51.827294+00:00,1245687.294044,cycle_1_neutral_blocked,0.0000000,0.0000000,0.0000000,0.0000000,,,0,1,1,1,0,1,0.000000,3934,196751,1,0,1,1,0,1,0,2263435938,113,60727,1245687243,919,0,-2.2776968,-0.0379698,"[-0.4184523820877075,0.012727010063827038,-0.03384203091263771,0.9075188040733337]","[-0.005583744961768389,0.004147931933403015,-0.037969812750816345]","[-0.0742729976773262,-0.6787689924240112,9.77446460723877]",11.0454082,108245.000,"[0.0,0.0,0.0,0.0]","[0.0,0.0,0.0,0.0,0.0,0.0,0.0,0.0]","[0.0,0.0,0.0,0.0,0.0,0.0,0.0,0.0]",255,1,1
2026-08-11T14:24:51.879329+00:00,1245687.345631,cycle_1_neutral_blocked,0.0000000,0.0000000,0.0000000,0.0000000,,,0,1,1,1,0,1,0.000000,3935,196801,1,0,1,1,0,1,0,2263435938,114,41807,1245687294,920,0,-2.2776968,-0.0379698,"[-0.4184523820877075,0.012727010063827038,-0.03384203091263771,0.9075188040733337]","[-0.005583744961768389,0.004147931933403015,-0.037969812750816345]","[-0.0742729976773262,-0.6787689924240112,9.77446460723877]",11.0454082,108245.000,"[0.0,0.0,0.0,0.0]","[0.0,0.0,0.0,0.0,0.0,0.0,0.0,0.0]","[0.0,0.0,0.0,0.0,0.0,0.0,0.0,0.0]",240,1,1
2026-08-11T14:24:51.931502+00:00,1245687.397790,cycle_1_neutral_blocked,0.0000000,0.0000000,0.0000000,0.0000000,,,0,1,1,1,0,1,0.000000,3936,196851,1,0,1,1,0,1,0,2263435938,115,4314,1245687346,921,0,-2.2776968,-0.0379698,"[-0.4184523820877075,0.012727010063827038,-0.03384203091263771,0.9075188040733337]","[-0.005583744961768389,0.004147931933403015,-0.037969812750816345]","[-0.0742729976773262,-0.6787689924240112,9.77446460723877]",11.0241833,108037.000,"[0.0,0.0,0.0,0.0]","[0.0,0.0,0.0,0.0,0.0,0.0,0.0,0.0]","[0.0,0.0,0.0,0.0,0.0,0.0,0.0,0.0]",240,1,1
2026-08-11T14:24:51.983746+00:00,1245687.449957,cycle_1_negative,0.0000000,0.0000000,-0.0500000,0.0000000,,,1,1,1,1,0,1,0.000000,3937,196901,1,0,1,1,0,1,0,2263435938,116,30547,1245687398,922,0,-2.2776968,-0.0379698,"[-0.4184523820877075,0.012727010063827038,-0.03384203091263771,0.9075188040733337]","[-0.005583744961768389,0.004147931933403015,-0.037969812750816345]","[-0.0742729976773262,-0.6787689924240112,9.77446460723877]",11.0241833,108037.000,"[0.0,0.0,0.0,0.0]","[0.0,0.0,0.0,0.0,0.0,0.0,0.0,0.0]","[0.0,0.0,0.0,0.0,0.0,0.0,0.0,0.0]",255,1,1
2026-08-11T14:24:52.035894+00:00,1245687.502248,cycle_1_negative,0.0000000,0.0000000,-0.0500000,0.0000000,,,1,1,1,1,1,1,0.000000,3938,196951,2,1,1,1,0,1,0,2263435938,117,16009,1245687451,923,0,-2.2776968,-0.0379698,"[-0.4184523820877075,0.012727010063827038,-0.03384203091263771,0.9075188040733337]","[-0.005583744961768389,0.004147931933403015,-0.037969812750816345]","[-0.0742729976773262,-0.6787689924240112,9.77446460723877]",11.0241833,108037.000,"[0.0,0.0,-0.05000000074505806,0.0]","[0.0,0.0,-0.05000000074505806,0.05000000074505806,-0.05000000074505806,0.0,0.0,-0.05000000074505806]","[0.0,0.0,-0.0,0.0,-0.0,0.0,0.0,-0.0]",0,1,1
2026-08-11T14:24:52.087873+00:00,1245687.554356,cycle_1_negative,0.0000000,0.0000000,-0.0500000,0.0000000,,,1,1,1,1,1,1,0.000000,3939,197001,2,1,1,1,0,1,0,2263435938,118,22791,1245687503,924,0,-2.2776968,-0.0379698,"[-0.4184523820877075,0.012727010063827038,-0.03384203091263771,0.9075188040733337]","[-0.005583744961768389,0.004147931933403015,-0.037969812750816345]","[-0.0742729976773262,-0.6787689924240112,9.77446460723877]",10.9667339,107474.000,"[0.0,0.0,-0.05000000074505806,0.0]","[0.0,0.0,-0.05000000074505806,0.05000000074505806,-0.05000000074505806,0.0,0.0,-0.05000000074505806]","[0.0,0.0,-1087.5,1075.0,-1100.0,0.0,0.0,-800.0]",0,1,1
2026-08-11T14:24:52.140078+00:00,1245687.606298,cycle_1_negative,0.0000000,0.0000000,-0.0500000,0.0000000,,,1,1,1,1,1,1,0.000000,3940,197051,2,1,1,1,0,1,0,2263435938,119,37643,1245687555,925,0,-2.2776968,-0.0379698,"[-0.4184523820877075,0.012727010063827038,-0.03384203091263771,0.9075188040733337]","[-0.005583744961768389,0.004147931933403015,-0.037969812750816345]","[-0.0742729976773262,-0.6787689924240112,9.77446460723877]",10.9667339,107474.000,"[0.0,0.0,-0.05000000074505806,0.0]","[0.0,0.0,-0.05000000074505806,0.05000000074505806,-0.05000000074505806,0.0,0.0,-0.05000000074505806]","[0.0,0.0,-1212.5,1212.5,-1200.0,0.0,0.0,-1212.5]",255,1,1
2026-08-11T14:24:52.192339+00:00,1245687.658593,cycle_1_negative,0.0000000,0.0000000,-0.0500000,0.0000000,,,1,1,1,1,1,1,0.000000,3941,197101,2,1,1,1,0,1,0,2263435938,120,18471,1245687607,926,0,-2.2776968,-0.0379698,"[-0.4184523820877075,0.012727010063827038,-0.03384203091263771,0.9075188040733337]","[-0.005583744961768389,0.004147931933403015,-0.037969812750816345]","[-0.0742729976773262,-0.6787689924240112,9.77446460723877]",10.8481627,106312.000,"[0.0,0.0,-0.05000000074505806,0.0]","[0.0,0.0,-0.05000000074505806,0.05000000074505806,-0.05000000074505806,0.0,0.0,-0.05000000074505806]","[0.0,0.0,-850.0,862.5,-950.0,0.0,0.0,-1212.5]",0,1,1
2026-08-11T14:24:52.244540+00:00,1245687.710801,cycle_1_negative,0.0000000,0.0000000,-0.0500000,0.0000000,,,1,1,1,1,1,1,0.000000,3942,197151,2,1,1,1,0,1,0,2263435938,121,25932,1245687659,927,0,-2.2776968,-0.0379698,"[-0.4184523820877075,0.012727010063827038,-0.03384203091263771,0.9075188040733337]","[-0.005583744961768389,0.004147931933403015,-0.037969812750816345]","[-0.0742729976773262,-0.6787689924240112,9.77446460723877]",10.8481627,106312.000,"[0.0,0.0,-0.05000000074505806,0.0]","[0.0,0.0,-0.05000000074505806,0.05000000074505806,-0.05000000074505806,0.0,0.0,-0.05000000074505806]","[0.0,0.0,-662.5,662.5,-687.5,0.0,0.0,-712.5]",0,1,1
2026-08-11T14:24:52.296640+00:00,1245687.763029,cycle_1_negative,0.0000000,0.0000000,-0.0500000,0.0000000,,,1,1,1,1,1,1,0.000000,3943,197201,2,1,1,1,0,1,0,2263435938,122,47385,1245687712,928,0,-2.2776968,-0.0379698,"[-0.4184523820877075,0.012727010063827038,-0.03384203091263771,0.9075188040733337]","[-0.005583744961768389,0.004147931933403015,-0.037969812750816345]","[-0.0742729976773262,-0.6787689924240112,9.77446460723877]",10.6459179,104330.000,"[0.0,0.0,-0.05000000074505806,0.0]","[0.0,0.0,-0.05000000074505806,0.05000000074505806,-0.05000000074505806,0.0,0.0,-0.05000000074505806]","[0.0,0.0,-625.0,625.0,-625.0,0.0,0.0,-637.5]",255,1,1
2026-08-11T14:24:52.348490+00:00,1245687.815091,cycle_1_negative,0.0000000,0.0000000,-0.0500000,0.0000000,,,1,1,1,1,1,1,0.000000,3944,197251,2,1,1,1,0,1,0,2263435938,123,5388,1245687764,929,0,-2.2776968,-0.0379698,"[-0.4184523820877075,0.012727010063827038,-0.03384203091263771,0.9075188040733337]","[-0.005583744961768389,0.004147931933403015,-0.037969812750816345]","[-0.0742729976773262,-0.6787689924240112,9.77446460723877]",10.6459179,104330.000,"[0.0,0.0,-0.05000000074505806,0.0]","[0.0,0.0,-0.05000000074505806,0.05000000074505806,-0.05000000074505806,0.0,0.0,-0.05000000074505806]","[0.0,0.0,-612.5,612.5,-625.0,0.0,0.0,-625.0]",0,1,1
2026-08-11T14:24:52.400575+00:00,1245687.866835,cycle_1_negative,0.0000000,0.0000000,-0.0500000,0.0000000,,,1,1,1,1,1,1,0.000000,3945,197301,2,1,1,1,0,1,0,2263435938,124,51913,1245687816,930,0,-2.2776968,-0.0379698,"[-0.4184523820877075,0.012727010063827038,-0.03384203091263771,0.9075188040733337]","[-0.005583744961768389,0.004147931933403015,-0.037969812750816345]","[-0.0742729976773262,-0.6787689924240112,9.77446460723877]",10.6459179,104330.000,"[0.0,0.0,-0.05000000074505806,0.0]","[0.0,0.0,-0.05000000074505806,0.05000000074505806,-0.05000000074505806,0.0,0.0,-0.05000000074505806]","[0.0,0.0,-600.0,612.5,-612.5,0.0,0.0,-612.5]",0,1,1
2026-08-11T14:24:52.452762+00:00,1245687.919036,cycle_1_negative,0.0000000,0.0000000,-0.0500000,0.0000000,,,1,1,1,1,1,1,0.000000,3946,197351,2,1,1,1,0,1,0,2263435938,125,45550,1245687868,931,0,-2.2776968,-0.0379698,"[-0.4184523820877075,0.012727010063827038,-0.03384203091263771,0.9075188040733337]","[-0.005583744961768389,0.004147931933403015,-0.037969812750816345]","[-0.0742729976773262,-0.6787689924240112,9.77446460723877]",10.3591833,101520.000,"[0.0,0.0,-0.05000000074505806,0.0]","[0.0,0.0,-0.05000000074505806,0.05000000074505806,-0.05000000074505806,0.0,0.0,-0.05000000074505806]","[0.0,0.0,-612.5,612.5,-612.5,0.0,0.0,-612.5]",255,1,1
2026-08-11T14:24:52.504881+00:00,1245687.971169,cycle_1_negative,0.0000000,0.0000000,-0.0500000,0.0000000,,,1,1,1,1,1,1,0.000000,3947,197401,2,1,1,1,0,1,0,2263435938,125,45550,1245687868,931,0,-2.2776968,-0.0379698,"[-0.4184523820877075,0.012727010063827038,-0.03384203091263771,0.9075188040733337]","[-0.005583744961768389,0.004147931933403015,-0.037969812750816345]","[-0.0742729976773262,-0.6787689924240112,9.77446460723877]",10.3591833,101520.000,"[0.0,0.0,-0.05000000074505806,0.0]","[0.0,0.0,-0.05000000074505806,0.05000000074505806,-0.05000000074505806,0.0,0.0,-0.05000000074505806]","[0.0,0.0,-612.5,612.5,-612.5,0.0,0.0,-600.0]",0,1,1
2026-08-11T14:24:52.556077+00:00,1245688.023315,cycle_1_negative,0.0000000,0.0000000,-0.0500000,0.0000000,,,1,1,1,1,1,1,0.000000,3948,197451,2,1,1,1,0,1,0,2263435938,126,43338,1245687920,932,0,-2.2776968,-0.0379698,"[-0.4184523820877075,0.012727010063827038,-0.03384203091263771,0.9075188040733337]","[-0.005583744961768389,0.004147931933403015,-0.037969812750816345]","[-0.0742729976773262,-0.6787689924240112,9.77446460723877]",9.9947958,97949.000,"[0.0,0.0,-0.05000000074505806,0.0]","[0.0,0.0,-0.05000000074505806,0.05000000074505806,-0.05000000074505806,0.0,0.0,-0.05000000074505806]","[0.0,0.0,-612.5,612.5,-612.5,0.0,0.0,-600.0]",0,1,1
2026-08-11T14:24:52.608057+00:00,1245688.074333,cycle_1_negative,0.0000000,0.0000000,-0.0500000,0.0000000,,,1,1,1,1,1,1,0.000000,3949,197501,2,1,1,1,0,1,0,2263435938,127,32929,1245687972,933,0,-2.2776968,-0.0379698,"[-0.4184523820877075,0.012727010063827038,-0.03384203091263771,0.9075188040733337]","[-0.005583744961768389,0.004147931933403015,-0.037969812750816345]","[-0.0742729976773262,-0.6787689924240112,9.77446460723877]",9.9947958,97949.000,"[0.0,0.0,-0.05000000074505806,0.0]","[0.0,0.0,-0.05000000074505806,0.05000000074505806,-0.05000000074505806,0.0,0.0,-0.05000000074505806]","[0.0,0.0,-612.5,612.5,-600.0,0.0,0.0,-600.0]",255,1,1
2026-08-11T14:24:52.660286+00:00,1245688.126532,cycle_1_negative,0.0000000,0.0000000,-0.0500000,0.0000000,,,1,1,1,1,1,1,0.000000,3950,197551,2,1,1,1,0,1,0,2263435938,128,42653,1245688023,934,0,-2.2776968,-0.0379698,"[-0.4184523820877075,0.012727010063827038,-0.03384203091263771,0.9075188040733337]","[-0.005583744961768389,0.004147931933403015,-0.037969812750816345]","[-0.0742729976773262,-0.6787689924240112,9.77446460723877]",9.9947958,97949.000,"[0.0,0.0,-0.05000000074505806,0.0]","[0.0,0.0,-0.05000000074505806,0.05000000074505806,-0.05000000074505806,0.0,0.0,-0.05000000074505806]","[0.0,0.0,-612.5,612.5,-600.0,0.0,0.0,-600.0]",0,1,1
2026-08-11T14:24:52.712515+00:00,1245688.178759,cycle_1_negative,0.0000000,0.0000000,-0.0500000,0.0000000,,,1,1,1,1,1,1,0.000000,3951,197601,2,1,1,1,0,1,0,2263435938,129,63836,1245688075,935,0,-2.2776968,-0.0379698,"[-0.4184523820877075,0.012727010063827038,-0.03384203091263771,0.9075188040733337]","[-0.005583744961768389,0.004147931933403015,-0.037969812750816345]","[-0.0742729976773262,-0.6787689924240112,9.77446460723877]",9.5526533,93616.000,"[0.0,0.0,-0.05000000074505806,0.0]","[0.0,0.0,-0.05000000074505806,0.05000000074505806,-0.05000000074505806,0.0,0.0,-0.05000000074505806]","[0.0,0.0,-612.5,612.5,-612.5,0.0,0.0,-600.0]",0,1,1
2026-08-11T14:24:52.764791+00:00,1245688.230998,cycle_1_negative,0.0000000,0.0000000,-0.0500000,0.0000000,,,1,1,1,1,1,1,0.000000,3952,197651,2,1,1,1,0,1,0,2263435938,130,8825,1245688127,936,0,-2.2776968,-0.0379698,"[-0.4184523820877075,0.012727010063827038,-0.03384203091263771,0.9075188040733337]","[-0.005583744961768389,0.004147931933403015,-0.037969812750816345]","[-0.0742729976773262,-0.6787689924240112,9.77446460723877]",9.5526533,93616.000,"[0.0,0.0,-0.05000000074505806,0.0]","[0.0,0.0,-0.05000000074505806,0.05000000074505806,-0.05000000074505806,0.0,0.0,-0.05000000074505806]","[0.0,0.0,-612.5,612.5,-600.0,0.0,0.0,-600.0]",255,1,1
2026-08-11T14:24:52.816691+00:00,1245688.283287,cycle_1_negative,0.0000000,0.0000000,-0.0500000,0.0000000,,,1,1,1,1,1,1,0.000000,3953,197701,2,1,1,1,0,1,0,2263435938,131,39647,1245688179,937,0,-2.2776968,-0.0379698,"[-0.4184523820877075,0.012727010063827038,-0.03384203091263771,0.9075188040733337]","[-0.005583744961768389,0.004147931933403015,-0.037969812750816345]","[-0.0742729976773262,-0.6787689924240112,9.77446460723877]",9.0222454,88418.000,"[0.0,0.0,-0.05000000074505806,0.0]","[0.0,0.0,-0.05000000074505806,0.05000000074505806,-0.05000000074505806,0.0,0.0,-0.05000000074505806]","[0.0,0.0,-612.5,612.5,-600.0,0.0,0.0,-600.0]",0,1,1
2026-08-11T14:24:52.868529+00:00,1245688.335055,cycle_1_negative,0.0000000,0.0000000,-0.0500000,0.0000000,,,1,1,1,1,1,1,0.000000,3954,197751,2,1,1,1,0,1,0,2263435938,132,54080,1245688232,938,0,-2.2776968,-0.0379698,"[-0.4184523820877075,0.012727010063827038,-0.03384203091263771,0.9075188040733337]","[-0.005583744961768389,0.004147931933403015,-0.037969812750816345]","[-0.0742729976773262,-0.6787689924240112,9.77446460723877]",9.0222454,88418.000,"[0.0,0.0,-0.05000000074505806,0.0]","[0.0,0.0,-0.05000000074505806,0.05000000074505806,-0.05000000074505806,0.0,0.0,-0.05000000074505806]","[0.0,0.0,-612.5,612.5,-612.5,0.0,0.0,-600.0]",0,1,1
2026-08-11T14:24:52.919455+00:00,1245688.386747,cycle_1_negative,0.0000000,0.0000000,-0.0500000,0.0000000,,,1,1,1,1,1,1,0.000000,3955,197801,2,1,1,1,0,1,0,2263435938,133,32597,1245688284,939,0,-2.2776968,-0.0379698,"[-0.4184523820877075,0.012727010063827038,-0.03384203091263771,0.9075188040733337]","[-0.005583744961768389,0.004147931933403015,-0.037969812750816345]","[-0.0742729976773262,-0.6787689924240112,9.77446460723877]",8.4123468,82441.000,"[0.0,0.0,-0.05000000074505806,0.0]","[0.0,0.0,-0.05000000074505806,0.05000000074505806,-0.05000000074505806,0.0,0.0,-0.05000000074505806]","[0.0,0.0,-612.5,612.5,-600.0,0.0,0.0,-587.5]",255,1,1
2026-08-11T14:24:52.970943+00:00,1245688.437615,cycle_1_negative,0.0000000,0.0000000,-0.0500000,0.0000000,,,1,1,1,1,1,1,0.000000,3956,197851,2,1,1,1,0,1,0,2263435938,134,27842,1245688336,940,0,-2.2776968,-0.0379698,"[-0.4184523820877075,0.012727010063827038,-0.03384203091263771,0.9075188040733337]","[-0.005583744961768389,0.004147931933403015,-0.037969812750816345]","[-0.0742729976773262,-0.6787689924240112,9.77446460723877]",8.4123468,82441.000,"[0.0,0.0,-0.05000000074505806,0.0]","[0.0,0.0,-0.05000000074505806,0.05000000074505806,-0.05000000074505806,0.0,0.0,-0.05000000074505806]","[0.0,0.0,-612.5,612.5,-600.0,0.0,0.0,-600.0]",0,1,1
2026-08-11T14:24:53.022580+00:00,1245688.489169,cycle_1_negative,0.0000000,0.0000000,-0.0500000,0.0000000,,,1,1,1,1,1,1,0.000000,3957,197901,2,1,1,1,0,1,0,2263435938,135,33240,1245688387,941,0,-2.2776968,-0.0379698,"[-0.4184523820877075,0.012727010063827038,-0.03384203091263771,0.9075188040733337]","[-0.005583744961768389,0.004147931933403015,-0.037969812750816345]","[-0.0742729976773262,-0.6787689924240112,9.77446460723877]",8.4123468,82441.000,"[0.0,0.0,-0.05000000074505806,0.0]","[0.0,0.0,-0.05000000074505806,0.05000000074505806,-0.05000000074505806,0.0,0.0,-0.05000000074505806]","[0.0,0.0,-612.5,612.5,-612.5,0.0,0.0,-600.0]",0,1,1
2026-08-11T14:24:53.074190+00:00,1245688.541053,cycle_1_negative,0.0000000,0.0000000,-0.0500000,0.0000000,,,1,1,1,1,1,1,0.000000,3958,197951,2,1,1,1,0,1,0,2263435938,136,53161,1245688438,942,0,-2.2776968,-0.0379698,"[-0.4184523820877075,0.012727010063827038,-0.03384203091263771,0.9075188040733337]","[-0.005583744961768389,0.004147931933403015,-0.037969812750816345]","[-0.0742729976773262,-0.6787689924240112,9.77446460723877]",7.7284694,75739.000,"[0.0,0.0,-0.05000000074505806,0.0]","[0.0,0.0,-0.05000000074505806,0.05000000074505806,-0.05000000074505806,0.0,0.0,-0.05000000074505806]","[0.0,0.0,-612.5,612.5,-600.0,0.0,0.0,-600.0]",255,1,1
2026-08-11T14:24:53.125700+00:00,1245688.592473,cycle_1_negative,0.0000000,0.0000000,-0.0500000,0.0000000,,,1,1,1,1,1,1,0.000000,3960,198051,2,1,1,1,0,1,0,2263435938,138,65366,1245688541,944,0,-2.2776968,-0.0379698,"[-0.4184523820877075,0.012727010063827038,-0.03384203091263771,0.9075188040733337]","[-0.005583744961768389,0.004147931933403015,-0.037969812750816345]","[-0.0742729976773262,-0.6787689924240112,9.77446460723877]",6.9842858,68446.000,"[0.0,0.0,-0.05000000074505806,0.0]","[0.0,0.0,-0.05000000074505806,0.05000000074505806,-0.05000000074505806,0.0,0.0,-0.05000000074505806]","[0.0,0.0,-612.5,612.5,-612.5,0.0,0.0,-600.0]",0,1,1
2026-08-11T14:24:53.177500+00:00,1245688.643852,cycle_1_negative,0.0000000,0.0000000,-0.0500000,0.0000000,,,1,1,1,1,1,1,0.000000,3961,198101,2,1,1,1,0,1,0,2263435938,139,13658,1245688593,945,0,-2.2776968,-0.0379698,"[-0.4184523820877075,0.012727010063827038,-0.03384203091263771,0.9075188040733337]","[-0.005583744961768389,0.004147931933403015,-0.037969812750816345]","[-0.0742729976773262,-0.6787689924240112,9.77446460723877]",6.9842858,68446.000,"[0.0,0.0,-0.05000000074505806,0.0]","[0.0,0.0,-0.05000000074505806,0.05000000074505806,-0.05000000074505806,0.0,0.0,-0.05000000074505806]","[0.0,0.0,-612.5,612.5,-612.5,0.0,0.0,-600.0]",255,1,1
2026-08-11T14:24:53.228678+00:00,1245688.695960,cycle_1_negative,0.0000000,0.0000000,-0.0500000,0.0000000,,,1,1,1,1,1,1,0.000000,3962,198151,2,1,1,1,0,1,0,2263435938,140,21203,1245688645,946,0,-2.2776968,-0.0379698,"[-0.4184523820877075,0.012727010063827038,-0.03384203091263771,0.9075188040733337]","[-0.005583744961768389,0.004147931933403015,-0.037969812750816345]","[-0.0742729976773262,-0.6787689924240112,9.77446460723877]",6.9842858,68446.000,"[0.0,0.0,-0.05000000074505806,0.0]","[0.0,0.0,-0.05000000074505806,0.05000000074505806,-0.05000000074505806,0.0,0.0,-0.05000000074505806]","[0.0,0.0,-612.5,612.5,-600.0,0.0,0.0,-600.0]",0,1,1
2026-08-11T14:24:53.279513+00:00,1245688.746810,cycle_1_negative,0.0000000,0.0000000,-0.0500000,0.0000000,,,1,1,1,1,1,1,0.000000,3963,198201,2,1,1,1,0,1,0,2263435938,141,22094,1245688696,947,0,-2.2776968,-0.0379698,"[-0.4184523820877075,0.012727010063827038,-0.03384203091263771,0.9075188040733337]","[-0.005583744961768389,0.004147931933403015,-0.037969812750816345]","[-0.0742729976773262,-0.6787689924240112,9.77446460723877]",6.2084694,60843.000,"[0.0,0.0,-0.05000000074505806,0.0]","[0.0,0.0,-0.05000000074505806,0.05000000074505806,-0.05000000074505806,0.0,0.0,-0.05000000074505806]","[0.0,0.0,-612.5,612.5,-600.0,0.0,0.0,-600.0]",0,1,1
2026-08-11T14:24:53.331168+00:00,1245688.797657,cycle_1_negative,0.0000000,0.0000000,-0.0500000,0.0000000,,,1,1,1,1,1,1,0.000000,3964,198251,2,1,1,1,0,1,0,2263435938,142,62769,1245688747,948,0,-2.2776968,-0.0379698,"[-0.4184523820877075,0.012727010063827038,-0.03384203091263771,0.9075188040733337]","[-0.005583744961768389,0.004147931933403015,-0.037969812750816345]","[-0.0742729976773262,-0.6787689924240112,9.77446460723877]",6.2084694,60843.000,"[0.0,0.0,-0.05000000074505806,0.0]","[0.0,0.0,-0.05000000074505806,0.05000000074505806,-0.05000000074505806,0.0,0.0,-0.05000000074505806]","[0.0,0.0,-612.5,612.5,-600.0,0.0,0.0,-600.0]",255,1,1
2026-08-11T14:24:53.382544+00:00,1245688.849356,cycle_1_negative,0.0000000,0.0000000,-0.0500000,0.0000000,,,1,1,1,1,1,1,0.000000,3965,198301,2,1,1,1,0,1,0,2263435938,143,52345,1245688798,949,0,-2.2776968,-0.0379698,"[-0.4184523820877075,0.012727010063827038,-0.03384203091263771,0.9075188040733337]","[-0.005583744961768389,0.004147931933403015,-0.037969812750816345]","[-0.0742729976773262,-0.6787689924240112,9.77446460723877]",5.3994899,52915.000,"[0.0,0.0,-0.05000000074505806,0.0]","[0.0,0.0,-0.05000000074505806,0.05000000074505806,-0.05000000074505806,0.0,0.0,-0.05000000074505806]","[0.0,0.0,-612.5,612.5,-600.0,0.0,0.0,-600.0]",0,1,1
2026-08-11T14:24:53.433886+00:00,1245688.900745,cycle_1_negative,0.0000000,0.0000000,-0.0500000,0.0000000,,,1,1,1,1,1,1,0.000000,3966,198351,2,1,1,1,0,1,0,2263435938,144,11465,1245688850,950,0,-2.2776968,-0.0379698,"[-0.4184523820877075,0.012727010063827038,-0.03384203091263771,0.9075188040733337]","[-0.005583744961768389,0.004147931933403015,-0.037969812750816345]","[-0.0742729976773262,-0.6787689924240112,9.77446460723877]",5.3994899,52915.000,"[0.0,0.0,-0.05000000074505806,0.0]","[0.0,0.0,-0.05000000074505806,0.05000000074505806,-0.05000000074505806,0.0,0.0,-0.05000000074505806]","[0.0,0.0,-612.5,612.5,-600.0,0.0,0.0,-600.0]",0,1,1
2026-08-11T14:24:53.485659+00:00,1245688.952163,cycle_1_negative,0.0000000,0.0000000,-0.0500000,0.0000000,,,1,1,1,1,1,1,0.000000,3967,198401,2,1,1,1,0,1,0,2263435938,145,5281,1245688901,951,0,-2.2776968,-0.0379698,"[-0.4184523820877075,0.012727010063827038,-0.03384203091263771,0.9075188040733337]","[-0.005583744961768389,0.004147931933403015,-0.037969812750816345]","[-0.0742729976773262,-0.6787689924240112,9.77446460723877]",4.5638776,44726.000,"[0.0,0.0,-0.05000000074505806,0.0]","[0.0,0.0,-0.05000000074505806,0.05000000074505806,-0.05000000074505806,0.0,0.0,-0.05000000074505806]","[0.0,0.0,-612.5,612.5,-612.5,0.0,0.0,-600.0]",255,1,1
2026-08-11T14:24:53.536478+00:00,1245689.003793,cycle_1_negative,0.0000000,0.0000000,-0.0500000,0.0000000,,,1,1,1,1,1,1,0.000000,3968,198451,2,1,1,1,0,1,0,2263435938,146,9571,1245688953,952,0,-2.2776968,-0.0379698,"[-0.4184523820877075,0.012727010063827038,-0.03384203091263771,0.9075188040733337]","[-0.005583744961768389,0.004147931933403015,-0.037969812750816345]","[-0.0742729976773262,-0.6787689924240112,9.77446460723877]",4.5638776,44726.000,"[0.0,0.0,-0.05000000074505806,0.0]","[0.0,0.0,-0.05000000074505806,0.05000000074505806,-0.05000000074505806,0.0,0.0,-0.05000000074505806]","[0.0,0.0,-612.5,600.0,-600.0,0.0,0.0,-600.0]",0,1,1
2026-08-11T14:24:53.587414+00:00,1245689.054611,cycle_1_negative,0.0000000,0.0000000,-0.0500000,0.0000000,,,1,1,1,1,1,1,0.000000,3969,198501,2,1,1,1,0,1,0,2263435938,147,39381,1245689004,953,0,-2.2776968,-0.0379698,"[-0.4184523820877075,0.012727010063827038,-0.03384203091263771,0.9075188040733337]","[-0.005583744961768389,0.004147931933403015,-0.037969812750816345]","[-0.0742729976773262,-0.6787689924240112,9.77446460723877]",4.5638776,44726.000,"[0.0,0.0,-0.05000000074505806,0.0]","[0.0,0.0,-0.05000000074505806,0.05000000074505806,-0.05000000074505806,0.0,0.0,-0.05000000074505806]","[0.0,0.0,-612.5,612.5,-600.0,0.0,0.0,-600.0]",0,1,1
2026-08-11T14:24:53.638573+00:00,1245689.105688,cycle_1_negative,0.0000000,0.0000000,-0.0500000,0.0000000,,,1,1,1,1,1,1,0.000000,3970,198551,2,1,1,1,0,1,0,2263435938,148,48979,1245689055,954,0,-2.2776968,-0.0379698,"[-0.4184523820877075,0.012727010063827038,-0.03384203091263771,0.9075188040733337]","[-0.005583744961768389,0.004147931933403015,-0.037969812750816345]","[-0.0742729976773262,-0.6787689924240112,9.77446460723877]",3.7035713,36295.000,"[0.0,0.0,-0.05000000074505806,0.0]","[0.0,0.0,-0.05000000074505806,0.05000000074505806,-0.05000000074505806,0.0,0.0,-0.05000000074505806]","[0.0,0.0,-612.5,612.5,-587.5,0.0,0.0,-600.0]",255,1,1
2026-08-11T14:24:53.689914+00:00,1245689.156822,cycle_1_negative,0.0000000,0.0000000,-0.0500000,0.0000000,,,1,1,1,1,1,1,0.000000,3971,198601,2,1,1,1,0,1,0,2263435938,149,57346,1245689106,955,0,-2.2776968,-0.0379698,"[-0.4184523820877075,0.012727010063827038,-0.03384203091263771,0.9075188040733337]","[-0.005583744961768389,0.004147931933403015,-0.037969812750816345]","[-0.0742729976773262,-0.6787689924240112,9.77446460723877]",3.7035713,36295.000,"[0.0,0.0,-0.05000000074505806,0.0]","[0.0,0.0,-0.05000000074505806,0.05000000074505806,-0.05000000074505806,0.0,0.0,-0.05000000074505806]","[0.0,0.0,-612.5,612.5,-587.5,0.0,0.0,-600.0]",0,1,1
2026-08-11T14:24:53.741183+00:00,1245689.208225,cycle_1_negative,0.0000000,0.0000000,-0.0500000,0.0000000,,,1,1,1,1,1,1,0.000000,3972,198651,2,1,1,1,0,1,0,2263435938,150,30824,1245689157,956,0,-2.2776968,-0.0379698,"[-0.4184523820877075,0.012727010063827038,-0.03384203091263771,0.9075188040733337]","[-0.005583744961768389,0.004147931933403015,-0.037969812750816345]","[-0.0742729976773262,-0.6787689924240112,9.77446460723877]",2.8383672,27816.000,"[0.0,0.0,-0.05000000074505806,0.0]","[0.0,0.0,-0.05000000074505806,0.05000000074505806,-0.05000000074505806,0.0,0.0,-0.05000000074505806]","[0.0,0.0,-612.5,612.5,-600.0,0.0,0.0,-600.0]",0,1,1
2026-08-11T14:24:53.793139+00:00,1245689.259403,cycle_1_negative,0.0000000,0.0000000,-0.0500000,0.0000000,,,1,1,1,1,1,1,0.000000,3973,198701,2,1,1,1,0,1,0,2263435938,151,31989,1245689208,957,0,-2.2776968,-0.0379698,"[-0.4184523820877075,0.012727010063827038,-0.03384203091263771,0.9075188040733337]","[-0.005583744961768389,0.004147931933403015,-0.037969812750816345]","[-0.0742729976773262,-0.6787689924240112,9.77446460723877]",2.8383672,27816.000,"[0.0,0.0,-0.05000000074505806,0.0]","[0.0,0.0,-0.05000000074505806,0.05000000074505806,-0.05000000074505806,0.0,0.0,-0.05000000074505806]","[0.0,0.0,-612.5,600.0,-600.0,0.0,0.0,-600.0]",255,1,1
2026-08-11T14:24:53.844499+00:00,1245689.311596,cycle_1_negative,0.0000000,0.0000000,-0.0500000,0.0000000,,,1,1,1,1,1,1,0.000000,3974,198751,2,1,1,1,0,1,0,2263435938,152,62741,1245689260,958,0,-2.2776968,-0.0379698,"[-0.4184523820877075,0.012727010063827038,-0.03384203091263771,0.9075188040733337]","[-0.005583744961768389,0.004147931933403015,-0.037969812750816345]","[-0.0742729976773262,-0.6787689924240112,9.77446460723877]",2.8383672,27816.000,"[0.0,0.0,-0.05000000074505806,0.0]","[0.0,0.0,-0.05000000074505806,0.05000000074505806,-0.05000000074505806,0.0,0.0,-0.05000000074505806]","[0.0,0.0,-612.5,612.5,-600.0,0.0,0.0,-600.0]",0,1,1
2026-08-11T14:24:53.927337+00:00,1245689.391065,cycle_1_negative,0.0000000,0.0000000,-0.0500000,0.0000000,,,1,1,1,1,1,1,0.000000,3976,198851,2,1,1,1,0,1,0,2263435938,153,19891,1245689312,959,0,-2.2776968,-0.0379698,"[-0.4184523820877075,0.012727010063827038,-0.03384203091263771,0.9075188040733337]","[-0.005583744961768389,0.004147931933403015,-0.037969812750816345]","[-0.0742729976773262,-0.6787689924240112,9.77446460723877]",1.9771428,19376.000,"[0.0,0.0,-0.05000000074505806,0.0]","[0.0,0.0,-0.05000000074505806,0.05000000074505806,-0.05000000074505806,0.0,0.0,-0.05000000074505806]","[0.0,0.0,-612.5,612.5,-587.5,0.0,0.0,-600.0]",255,1,1
2026-08-11T14:24:53.978166+00:00,1245689.445496,cycle_1_negative,0.0000000,0.0000000,-0.0500000,0.0000000,,,1,1,1,1,1,1,0.000000,3977,198901,2,1,1,1,0,1,0,2263435938,154,40645,1245689394,960,0,-2.2776968,-0.0379698,"[-0.4184523820877075,0.012727010063827038,-0.03384203091263771,0.9075188040733337]","[-0.005583744961768389,0.004147931933403015,-0.037969812750816345]","[-0.0742729976773262,-0.6787689924240112,9.77446460723877]",1.1538776,11308.000,"[0.0,0.0,-0.05000000074505806,0.0]","[0.0,0.0,-0.05000000074505806,0.05000000074505806,-0.05000000074505806,0.0,0.0,-0.05000000074505806]","[0.0,0.0,-612.5,612.5,-587.5,0.0,0.0,-600.0]",0,1,1
2026-08-11T14:24:54.029324+00:00,1245689.496314,cycle_1_neutral_after_blocked,0.0000000,0.0000000,0.0000000,0.0000000,,,0,1,1,1,1,1,0.000000,3978,198951,2,1,1,1,0,1,0,2263435938,155,42669,1245689445,961,0,-2.2776968,-0.0379698,"[-0.4184523820877075,0.012727010063827038,-0.03384203091263771,0.9075188040733337]","[-0.005583744961768389,0.004147931933403015,-0.037969812750816345]","[-0.0742729976773262,-0.6787689924240112,9.77446460723877]",1.1538776,11308.000,"[0.0,0.0,-0.05000000074505806,0.0]","[0.0,0.0,-0.05000000074505806,0.05000000074505806,-0.05000000074505806,0.0,0.0,-0.05000000074505806]","[0.0,0.0,-612.5,612.5,-587.5,0.0,0.0,-600.0]",0,1,1
2026-08-11T14:24:54.081241+00:00,1245689.547523,cycle_1_neutral_after_blocked,0.0000000,0.0000000,0.0000000,0.0000000,,,0,1,1,1,0,1,0.000000,3979,199001,1,0,1,1,0,1,0,2263435938,156,55855,1245689497,962,0,-2.2776968,-0.0379698,"[-0.4184523820877075,0.012727010063827038,-0.03384203091263771,0.9075188040733337]","[-0.005583744961768389,0.004147931933403015,-0.037969812750816345]","[-0.0742729976773262,-0.6787689924240112,9.77446460723877]",0.4111224,4029.000,"[0.0,0.0,0.0,0.0]","[0.0,0.0,0.0,0.0,0.0,0.0,0.0,0.0]","[0.0,0.0,537.5,550.0,475.0,0.0,0.0,512.5]",255,1,1
2026-08-11T14:24:54.133342+00:00,1245689.599641,cycle_1_neutral_after_blocked,0.0000000,0.0000000,0.0000000,0.0000000,,,0,1,1,1,0,1,0.000000,3980,199051,1,0,1,1,0,1,0,2263435938,157,35070,1245689548,963,0,-2.2776968,-0.0379698,"[-0.4184523820877075,0.012727010063827038,-0.03384203091263771,0.9075188040733337]","[-0.005583744961768389,0.004147931933403015,-0.037969812750816345]","[-0.0742729976773262,-0.6787689924240112,9.77446460723877]",0.4111224,4029.000,"[0.0,0.0,0.0,0.0]","[0.0,0.0,0.0,0.0,0.0,0.0,0.0,0.0]","[0.0,0.0,275.0,275.0,237.5,0.0,0.0,225.0]",240,1,1
2026-08-11T14:24:54.228298+00:00,1245689.693708,cycle_1_neutral_after_blocked,0.0000000,0.0000000,0.0000000,0.0000000,,,0,1,1,1,0,1,0.000000,3982,199151,1,0,1,1,0,1,0,2263435938,158,58096,1245689600,964,0,-2.2776968,-0.0379698,"[-0.4184523820877075,0.012727010063827038,-0.03384203091263771,0.9075188040733337]","[-0.005583744961768389,0.004147931933403015,-0.037969812750816345]","[-0.0742729976773262,-0.6787689924240112,9.77446460723877]",0.0000000,0.000,"[0.0,0.0,0.0,0.0]","[0.0,0.0,0.0,0.0,0.0,0.0,0.0,0.0]","[0.0,0.0,0.0,125.0,187.5,0.0,0.0,2375.0]",255,1,1
2026-08-11T14:24:54.280505+00:00,1245689.746775,cycle_1_neutral_after_blocked,0.0000000,0.0000000,0.0000000,0.0000000,,,0,1,1,1,0,1,0.000000,3983,199201,1,0,1,1,0,1,0,2263435938,159,12415,1245689695,965,0,-2.2776968,-0.0379698,"[-0.4184523820877075,0.012727010063827038,-0.03384203091263771,0.9075188040733337]","[-0.005583744961768389,0.004147931933403015,-0.037969812750816345]","[-0.0742729976773262,-0.6787689924240112,9.77446460723877]",0.0000000,0.000,"[0.0,0.0,0.0,0.0]","[0.0,0.0,0.0,0.0,0.0,0.0,0.0,0.0]","[0.0,0.0,0.0,0.0,187.5,0.0,0.0,2375.0]",240,1,1
2026-08-11T14:24:54.332676+00:00,1245689.798963,cycle_1_neutral_after_blocked,0.0000000,0.0000000,0.0000000,0.0000000,,,0,1,1,1,0,1,0.000000,3984,199251,1,0,1,1,0,1,0,2263435938,160,50833,1245689747,966,0,-2.2776968,-0.0379698,"[-0.4184523820877075,0.012727010063827038,-0.03384203091263771,0.9075188040733337]","[-0.005583744961768389,0.004147931933403015,-0.037969812750816345]","[-0.0742729976773262,-0.6787689924240112,9.77446460723877]",0.0000000,0.000,"[0.0,0.0,0.0,0.0]","[0.0,0.0,0.0,0.0,0.0,0.0,0.0,0.0]","[0.0,0.0,0.0,0.0,187.5,0.0,0.0,0.0]",240,1,1
2026-08-11T14:24:54.384866+00:00,1245689.851141,cycle_1_neutral_after_blocked,0.0000000,0.0000000,0.0000000,0.0000000,,,0,1,1,1,0,1,0.000000,3985,199301,1,0,1,1,0,1,0,2263435938,161,49516,1245689800,967,0,-2.2776968,-0.0379698,"[-0.4184523820877075,0.012727010063827038,-0.03384203091263771,0.9075188040733337]","[-0.005583744961768389,0.004147931933403015,-0.037969812750816345]","[-0.0742729976773262,-0.6787689924240112,9.77446460723877]",0.0000000,0.000,"[0.0,0.0,0.0,0.0]","[0.0,0.0,0.0,0.0,0.0,0.0,0.0,0.0]","[0.0,0.0,0.0,0.0,0.0,0.0,0.0,0.0]",255,1,1
2026-08-11T14:24:54.438068+00:00,1245689.904398,cycle_1_neutral_after_blocked,0.0000000,0.0000000,0.0000000,0.0000000,,,0,1,1,1,0,1,0.000000,3986,199351,1,0,1,1,0,1,0,2263435938,162,6729,1245689852,968,0,-2.2776968,-0.0379698,"[-0.4184523820877075,0.012727010063827038,-0.03384203091263771,0.9075188040733337]","[-0.005583744961768389,0.004147931933403015,-0.037969812750816345]","[-0.0742729976773262,-0.6787689924240112,9.77446460723877]",0.0000000,0.000,"[0.0,0.0,0.0,0.0]","[0.0,0.0,0.0,0.0,0.0,0.0,0.0,0.0]","[0.0,0.0,0.0,0.0,0.0,0.0,0.0,0.0]",240,1,1
2026-08-11T14:24:54.490293+00:00,1245689.956560,cycle_1_neutral_after_blocked,0.0000000,0.0000000,0.0000000,0.0000000,,,0,1,1,1,0,1,0.000000,3987,199401,1,0,1,1,0,1,0,2263435938,163,27092,1245689905,969,0,-2.2776968,-0.0379698,"[-0.4184523820877075,0.012727010063827038,-0.03384203091263771,0.9075188040733337]","[-0.005583744961768389,0.004147931933403015,-0.037969812750816345]","[-0.0742729976773262,-0.6787689924240112,9.77446460723877]",0.0000000,0.000,"[0.0,0.0,0.0,0.0]","[0.0,0.0,0.0,0.0,0.0,0.0,0.0,0.0]","[0.0,0.0,0.0,225.0,0.0,0.0,0.0,0.0]",255,1,1
2026-08-11T14:24:54.542434+00:00,1245690.008721,cycle_1_neutral_after_blocked,0.0000000,0.0000000,0.0000000,0.0000000,,,0,1,1,1,0,1,0.000000,3988,199451,1,0,1,1,0,1,0,2263435938,164,3677,1245689957,970,0,-2.8384719,-0.0161419,"[-0.1511751413345337,-0.002145002130419016,-0.03985504060983658,0.9877009391784668]","[-0.014098718762397766,0.011966693215072155,-0.016141939908266068]","[-0.19089199602603912,-0.7406839728355408,9.832405090332031]",0.0000000,0.000,"[0.0,0.0,0.0,0.0]","[0.0,0.0,0.0,0.0,0.0,0.0,0.0,0.0]","[0.0,0.0,0.0,400.0,0.0,0.0,0.0,0.0]",255,1,1
2026-08-11T14:24:54.670662+00:00,1245690.136040,cycle_1_neutral_after_blocked,0.0000000,0.0000000,0.0000000,0.0000000,,,0,1,1,1,0,1,0.000000,3990,199551,1,0,1,1,0,1,0,2263435938,165,42696,1245690009,971,0,-2.8420343,-0.0160780,"[-0.14943502843379974,-0.0025920008774846792,-0.04055201634764671,0.98793625831604]","[-0.014527179300785065,0.008226278237998486,-0.0160780418664217]","[-0.20521800220012665,-0.7815639972686768,9.776867866516113]",0.0000000,0.000,"[0.0,0.0,0.0,0.0]","[0.0,0.0,0.0,0.0,0.0,0.0,0.0,0.0]","[0.0,0.0,0.0,125.0,0.0,0.0,0.0,0.0]",240,1,1
2026-08-11T14:24:54.722822+00:00,1245690.189157,cycle_1_neutral_after_blocked,0.0000000,0.0000000,0.0000000,0.0000000,,,0,1,1,1,0,1,0.000000,3991,199601,1,0,1,1,0,1,0,2263435938,165,42696,1245690009,971,0,-2.8442140,-0.0172321,"[-0.1483660787343979,-0.0027560016606003046,-0.04094802215695381,0.9880805611610413]","[-0.012921038083732128,0.0048732212744653225,-0.017232125625014305]","[-0.1654990017414093,-0.7684779763221741,9.805920600891113]",0.0000000,0.000,"[0.0,0.0,0.0,0.0]","[0.0,0.0,0.0,0.0,0.0,0.0,0.0,0.0]","[0.0,0.0,0.0,137.5,0.0,0.0,0.0,0.0]",255,1,1
2026-08-11T14:24:54.844672+00:00,1245690.309074,cycle_1_neutral_after_blocked,0.0000000,0.0000000,0.0000000,0.0000000,,,0,1,1,1,0,1,0.000000,3994,199751,1,0,1,1,0,1,0,2263435938,167,7177,1245690190,973,0,-2.8491433,-0.0183517,"[-0.1459410935640335,-0.0030140019953250885,-0.04150702431797981,0.9884175658226013]","[-0.004409451968967915,0.0018914657412096858,-0.0183517187833786]","[-0.21508899331092834,-0.7981320023536682,9.84416675567627]",0.0000000,0.000,"[0.0,0.0,0.0,0.0]","[0.0,0.0,0.0,0.0,0.0,0.0,0.0,0.0]","[0.0,0.0,0.0,137.5,0.0,0.0,0.0,0.0]",255,1,1
2026-08-11T14:24:54.896832+00:00,1245690.363131,cycle_1_neutral_after_blocked,0.0000000,0.0000000,0.0000000,0.0000000,,,0,1,1,1,0,1,0.000000,3995,199801,1,0,1,1,0,1,0,2263435938,168,48559,1245690312,974,0,-2.8500137,-0.0195623,"[-0.14551109075546265,-0.003033001907169819,-0.04151402413845062,0.9884806275367737]","[-0.002377348020672798,0.001862929668277502,-0.019562315195798874]","[-0.1593029946088791,-0.8137249946594238,9.785867691040039]",0.0000000,0.000,"[0.0,0.0,0.0,0.0]","[0.0,0.0,0.0,0.0,0.0,0.0,0.0,0.0]","[0.0,0.0,0.0,200.0,0.0,0.0,0.0,0.0]",240,1,1
2026-08-11T14:24:54.948995+00:00,1245690.415286,cycle_1_neutral_after_blocked,0.0000000,0.0000000,0.0000000,0.0000000,,,0,1,1,1,0,1,0.000000,3996,199851,1,0,1,1,0,1,0,2263435938,169,50824,1245690364,975,0,-2.8527563,-0.0174208,"[-0.14415401220321655,-0.0030900007113814354,-0.04134600609540939,0.9886863231658936]","[0.008570718578994274,-0.00026160740526393056,-0.017420794814825058]","[-0.16712899506092072,-0.7978240251541138,9.774346351623535]",0.0000000,0.000,"[0.0,0.0,0.0,0.0]","[0.0,0.0,0.0,0.0,0.0,0.0,0.0,0.0]","[0.0,0.0,0.0,412.5,0.0,0.0,0.0,0.0]",255,1,1
2026-08-11T14:24:55.001161+00:00,1245690.467478,cycle_1_neutral_after_blocked,0.0000000,0.0000000,0.0000000,0.0000000,,,0,1,1,1,0,1,0.000000,3997,199901,1,0,1,1,0,1,0,2263435938,170,54559,1245690416,976,0,-2.8535917,-0.0161660,"[-0.14373908936977386,-0.0030830020550638437,-0.04123002663254738,0.9887515902519226]","[0.007744357921183109,-0.0023204153403639793,-0.016165954992175102]","[-0.21502399444580078,-0.7738099694252014,9.861400604248047]",0.0000000,0.000,"[0.0,0.0,0.0,0.0]","[0.0,0.0,0.0,0.0,0.0,0.0,0.0,0.0]","[0.0,0.0,0.0,0.0,0.0,0.0,0.0,0.0]",240,1,1
2026-08-11T14:24:55.053377+00:00,1245690.519619,cycle_1_neutral_after_blocked,0.0000000,0.0000000,0.0000000,0.0000000,,,0,1,1,1,0,1,0.000000,3998,199951,1,0,1,1,0,1,0,2263435938,171,4755,1245690468,977,0,-2.8557937,-0.0181820,"[-0.14264404773712158,-0.003037001471966505,-0.04089101403951645,0.9889243841171265]","[0.008960573002696037,-0.003185767214745283,-0.018182002007961273]","[-0.17510800063610077,-0.7943850159645081,9.786998748779297]",0.0000000,0.000,"[0.0,0.0,0.0,0.0]","[0.0,0.0,0.0,0.0,0.0,0.0,0.0,0.0]","[0.0,0.0,0.0,0.0,0.0,0.0,0.0,0.0]",240,1,1
2026-08-11T14:24:55.105533+00:00,1245690.571880,cycle_1_neutral_after_blocked,0.0000000,0.0000000,0.0000000,0.0000000,,,0,1,1,1,0,1,0.000000,3999,200001,1,0,1,1,0,1,0,2263435938,171,4755,1245690468,977,0,-2.8571045,-0.0157264,"[-0.1419910192489624,-0.002984000602737069,-0.04065800458192825,0.9890280961990356]","[0.009360515512526035,-0.0035734393168240786,-0.0157263595610857]","[-0.1718910038471222,-0.7896369695663452,9.783769607543945]",0.0000000,0.000,"[0.0,0.0,0.0,0.0]","[0.0,0.0,0.0,0.0,0.0,0.0,0.0,0.0]","[0.0,0.0,0.0,0.0,0.0,0.0,0.0,0.0]",255,1,1
2026-08-11T14:24:55.157636+00:00,1245690.623904,cycle_1_neutral_after_blocked,0.0000000,0.0000000,0.0000000,0.0000000,,,0,1,1,1,0,1,0.000000,4000,200051,1,0,1,1,0,1,0,2263435938,172,6659,1245690520,978,0,-2.8591840,-0.0161881,"[-0.14095404744148254,-0.0028870010282844305,-0.040257010608911514,0.9891931414604187]","[0.008972493931651115,-0.0006647086120210588,-0.01618805155158043]","[-0.16529500484466553,-0.7529550194740295,9.772110939025879]",0.0000000,0.000,"[0.0,0.0,0.0,0.0]","[0.0,0.0,0.0,0.0,0.0,0.0,0.0,0.0]","[0.0,0.0,0.0,0.0,0.0,0.0,0.0,0.0]",255,1,1
2026-08-11T14:24:55.209683+00:00,1245690.676044,cycle_1_neutral_after_blocked,0.0000000,0.0000000,0.0000000,0.0000000,,,0,1,1,1,0,1,0.000000,4001,200101,1,0,1,1,0,1,0,2263435938,173,18642,1245690573,979,0,-2.8604727,-0.0145428,"[-0.1403130292892456,-0.0028690004255622625,-0.04001200571656227,0.9892942309379578]","[0.007744427304714918,-0.0018839607946574688,-0.014542780816555023]","[-0.16208699345588684,-0.7596529722213745,9.754654884338379]",0.0000000,0.000,"[0.0,0.0,0.0,0.0]","[0.0,0.0,0.0,0.0,0.0,0.0,0.0,0.0]","[0.0,0.0,0.0,0.0,0.0,0.0,0.0,0.0]",240,1,1
2026-08-11T14:24:55.261796+00:00,1245690.728103,cycle_1_neutral_after_blocked,0.0000000,0.0000000,0.0000000,0.0000000,,,0,1,1,1,0,1,0.000000,4002,200151,1,0,1,1,0,1,0,2263435938,174,8924,1245690625,980,0,-2.8625646,-0.0158246,"[-0.13927608728408813,-0.00294000213034451,-0.0396130234003067,0.9894565939903259]","[0.012648802250623703,0.0030598591547459364,-0.01582460291683674]","[-0.21459700167179108,-0.7477710247039795,9.781063079833984]",0.0674490,661.000,"[0.0,0.0,0.0,0.0]","[0.0,0.0,0.0,0.0,0.0,0.0,0.0,0.0]","[0.0,0.0,0.0,0.0,0.0,0.0,0.0,0.0]",255,1,1
2026-08-11T14:24:55.347802+00:00,1245690.813173,cycle_1_neutral_after_blocked,0.0000000,0.0000000,0.0000000,0.0000000,,,0,1,1,1,0,1,0.000000,4004,200251,1,0,1,1,0,1,0,2263435938,176,54407,1245690729,982,0,-2.8646629,-0.0154612,"[-0.13824111223220825,-0.00315900263376534,-0.0392170324921608,0.9896168112754822]","[0.013883798383176327,0.0059683979488909245,-0.015461190603673458]","[-0.15402300655841827,-0.7667400240898132,9.71327018737793]",0.0674490,661.000,"[0.0,0.0,0.0,0.0]","[0.0,0.0,0.0,0.0,0.0,0.0,0.0,0.0]","[0.0,0.0,0.0,0.0,0.0,0.0,0.0,0.0]",255,1,1
2026-08-11T14:24:55.399600+00:00,1245690.866278,cycle_1_neutral_after_blocked,0.0000000,0.0000000,0.0000000,0.0000000,,,0,1,1,1,0,1,0.000000,4005,200301,1,0,1,1,0,1,0,2263435938,177,38869,1245690815,983,0,-2.8667607,-0.0155178,"[-0.13721002638339996,-0.003490000730380416,-0.038811009377241135,0.9897752404212952]","[0.010647782124578953,0.008068849332630634,-0.015517757274210453]","[-0.22566799819469452,-0.7364950180053711,9.780768394470215]",0.3790816,3715.000,"[0.0,0.0,0.0,0.0]","[0.0,0.0,0.0,0.0,0.0,0.0,0.0,0.0]","[0.0,0.0,0.0,0.0,0.0,0.0,0.0,0.0]",255,1,1
2026-08-11T14:24:55.451531+00:00,1245690.917841,cycle_1_neutral_after_blocked,0.0000000,0.0000000,0.0000000,0.0000000,,,0,1,1,1,0,1,0.000000,4006,200351,1,0,1,1,0,1,0,2263435938,178,36721,1245690867,984,0,-2.8680661,-0.0159327,"[-0.13656814396381378,-0.003691003890708089,-0.03856104612350464,0.9898730516433716]","[0.013092203065752983,0.00929564144462347,-0.015932725742459297]","[-0.20329000055789948,-0.7223359942436218,9.769622802734375]",0.3790816,3715.000,"[0.0,0.0,0.0,0.0]","[0.0,0.0,0.0,0.0,0.0,0.0,0.0,0.0]","[0.0,0.0,0.0,0.0,0.0,0.0,0.0,0.0]",240,1,1
2026-08-11T14:24:55.621055+00:00,1245691.086350,cycle_1_neutral_after_blocked,0.0000000,0.0000000,0.0000000,0.0000000,,,0,1,1,1,0,1,0.000000,4009,200501,1,0,1,1,0,1,0,2263435938,179,9633,1245690918,985,0,-2.8734946,-0.0157730,"[-0.13388609886169434,-0.004229003097862005,-0.03742503002285957,0.99028080701828]","[0.010190052911639214,-0.0006674313335679471,-0.015773029997944832]","[-0.1840990036725998,-0.7114189863204956,9.755290985107422]",0.6252040,6127.000,"[0.0,0.0,0.0,0.0]","[0.0,0.0,0.0,0.0,0.0,0.0,0.0,0.0]","[0.0,0.0,0.0,0.0,0.0,0.0,0.0,0.0]",240,1,1
2026-08-11T14:24:55.672456+00:00,1245691.139463,cycle_1_neutral_after_blocked,0.0000000,0.0000000,0.0000000,0.0000000,,,0,1,1,1,0,1,0.000000,4010,200551,1,0,1,1,0,1,0,2263435938,179,9633,1245690918,985,0,-2.8747568,-0.0153064,"[-0.13325703144073486,-0.004198000766336918,-0.0371750071644783,0.9903751611709595]","[0.008948879316449165,-0.004397461656481028,-0.015306433662772179]","[-0.1665710061788559,-0.71001797914505,9.747475624084473]",0.8184693,8021.000,"[0.0,0.0,0.0,0.0]","[0.0,0.0,0.0,0.0,0.0,0.0,0.0,0.0]","[0.0,0.0,0.0,0.0,0.0,0.0,0.0,0.0]",255,1,1
2026-08-11T14:24:55.725328+00:00,1245691.190720,cycle_1_neutral_after_blocked,0.0000000,0.0000000,0.0000000,0.0000000,,,0,1,1,1,0,1,0.000000,4012,200651,1,0,1,1,0,1,0,2263435938,181,6217,1245691140,987,0,-2.8775847,-0.0156772,"[-0.13184204697608948,-0.003941001370549202,-0.03669901564717293,0.9905833601951599]","[0.00649571418762207,-0.007298129145056009,-0.015677228569984436]","[-0.1554120033979416,-0.7101920247077942,9.739609718322754]",0.8184693,8021.000,"[0.0,0.0,0.0,0.0]","[0.0,0.0,0.0,0.0,0.0,0.0,0.0,0.0]","[0.0,0.0,0.0,0.0,0.0,0.0,0.0,0.0]",240,1,1
2026-08-11T14:24:55.777438+00:00,1245691.243778,cycle_1_neutral_after_blocked,0.0000000,0.0000000,0.0000000,0.0000000,,,0,1,1,1,0,1,0.000000,4013,200701,1,0,1,1,0,1,0,2263435938,182,10635,1245691192,988,0,-2.8800671,-0.0148153,"[-0.1305970847606659,-0.0036080023273825645,-0.03637002781033516,0.9907616376876831]","[0.004444306716322899,-0.01060188002884388,-0.014815297909080982]","[-0.1506499946117401,-0.7019760012626648,9.753937721252441]",0.9533673,9343.000,"[0.0,0.0,0.0,0.0]","[0.0,0.0,0.0,0.0,0.0,0.0,0.0,0.0]","[0.0,0.0,0.0,0.0,0.0,0.0,0.0,0.0]",255,1,1
2026-08-11T14:24:55.829559+00:00,1245691.295871,cycle_1_neutral_after_blocked,0.0000000,0.0000000,0.0000000,0.0000000,,,0,1,1,1,0,1,0.000000,4014,200751,1,0,1,1,0,1,0,2263435938,183,60935,1245691244,989,0,-2.8808377,-0.0139976,"[-0.1302100569009781,-0.0034870016388595104,-0.03627501800656319,0.9908164739608765]","[0.002407838823273778,-0.01141028106212616,-0.013997593894600868]","[-0.18414700031280518,-0.6734849810600281,9.823498725891113]",0.9533673,9343.000,"[0.0,0.0,0.0,0.0]","[0.0,0.0,0.0,0.0,0.0,0.0,0.0,0.0]","[0.0,0.0,0.0,0.0,0.0,0.0,0.0,0.0]",240,1,1
2026-08-11T14:24:55.881713+00:00,1245691.348022,cycle_1_neutral_after_blocked,0.0000000,0.0000000,0.0000000,0.0000000,,,0,1,1,1,0,1,0.000000,4015,200801,1,0,1,1,0,1,0,2263435938,184,36240,1245691297,990,0,-2.8827980,-0.0144691,"[-0.12922601401805878,-0.003180000465363264,-0.036090005189180374,0.9909530878067017]","[0.0016162272077053785,-0.008083021268248558,-0.014469129033386707]","[-0.16658499836921692,-0.7017560005187988,9.763344764709473]",1.0276531,10071.000,"[0.0,0.0,0.0,0.0]","[0.0,0.0,0.0,0.0,0.0,0.0,0.0,0.0]","[0.0,0.0,0.0,0.0,0.0,0.0,0.0,0.0]",240,1,1
2026-08-11T14:24:55.933885+00:00,1245691.400189,cycle_1_neutral_after_blocked,0.0000000,0.0000000,0.0000000,0.0000000,,,0,1,1,1,0,1,0.000000,4016,200851,1,0,1,1,0,1,0,2263435938,185,8581,1245691349,991,0,-2.8844888,-0.0132794,"[-0.12838006019592285,-0.0029910015873610973,-0.03598101809620857,0.9910675883293152]","[-0.0002053554344456643,-0.006808128207921982,-0.013279425911605358]","[-0.15291500091552734,-0.6786999702453613,9.754366874694824]",1.0276531,10071.000,"[0.0,0.0,0.0,0.0]","[0.0,0.0,0.0,0.0,0.0,0.0,0.0,0.0]","[0.0,0.0,0.0,0.0,0.0,0.0,0.0,0.0]",255,1,1
2026-08-11T14:24:55.986010+00:00,1245691.452342,cycle_1_neutral_after_blocked,0.0000000,0.0000000,0.0000000,0.0000000,,,0,1,1,1,0,1,0.000000,4017,200901,1,0,1,1,0,1,0,2263435938,186,42975,1245691401,992,0,-2.8860354,-0.0137620,"[-0.12760807573795319,-0.0028640017844736576,-0.03592902049422264,0.9911695718765259]","[-0.0016035560984164476,-0.0030610456597059965,-0.013762026093900204]","[-0.13939499855041504,-0.6828820109367371,9.74738883972168]",1.0620408,10408.000,"[0.0,0.0,0.0,0.0]","[0.0,0.0,0.0,0.0,0.0,0.0,0.0,0.0]","[0.0,0.0,0.0,0.0,0.0,0.0,0.0,0.0]",255,1,1
