host_time_utc,host_monotonic_s,phase,requested_armed,requested_channels_forward_right_down_yaw,sent,transport_open,session_confirmed,telemetry_fresh,telemetry_age_s,telemetry_sequence,mcu_tick_ms,state,telemetry_armed,telemetry_failsafe,command_status,reject_flags,last_command_session,last_command_sequence,last_command_crc,command_count,rejected_command_count,round_trip_ms,imu_quat_wxyz,imu_angular_velocity_xyz_rad_s,imu_linear_acceleration_xyz_m_s2,yaw_rad,yaw_rate_rad_s,depth_m,pressure_pa,received_channels_forward_right_down_yaw,applied_motor_throttle_m1_m8,motor_rpm_m1_m8,rpm_valid_mask,execution_feedback_valid,rpm_available,vision_fresh,vision_age_s,vision_count,vision_stamp_s,vision_frame_id,vision_position_xyz_m,vision_quat_xyzw,vision_covariance_diag,vision_status_age_s,vision_status_count,vision_detected,vision_detected_ids,vision_world_xy_yaw,vision_detections_detail,vision_pnp_valid,vision_pnp_reprojection_error_px,vision_decision_margin,vision_detection_fps,refracted_status_age_s,refracted_status_count,refracted_mode,refracted_valid,refracted_residual_m,refracted_reject_reason
2026-08-12T15:01:07.216242+00:00,19642.499618055,depth_scale_fixed_10cm_outbound,0,"[0.0,0.0,0.0,0.0]",1,1,0,0,,,,,,,,,,,,,,,,,,,,,,,,,,,,0,,0,,,"[NaN,NaN,NaN]","[NaN,NaN,NaN,NaN]","[NaN,NaN,NaN,NaN,NaN,NaN]",,0,0,[],[],[],0,,,,,0,,0,,
2026-08-12T15:01:07.268391+00:00,19642.551430924,depth_scale_fixed_10cm_outbound,0,"[0.0,0.0,0.0,0.0]",1,1,0,1,0.000000,15033,751701,1,0,0,1,0,1590160802,404,49996,610,0,,"[-0.45418602228164673,0.011946001090109348,-0.033087000250816345,0.8902121782302856]","[-0.035330630838871,0.02776208147406578,-0.011656041257083416]","[-0.04069799929857254,-0.6920139789581299,9.705479621887207]",-2.19835162,-0.0116560413,0.322243273,3157.98438,"[0.0,0.0,0.0,0.0]","[0.0,0.0,0.0,0.0,0.0,0.0,0.0,0.0]","[0.0,0.0,0.0,0.0,0.0,0.0,0.0,0.0]",127,1,1,0,,0,,,"[NaN,NaN,NaN]","[NaN,NaN,NaN,NaN]","[NaN,NaN,NaN,NaN,NaN,NaN]",0.001383,2,0,[],null,[],0,,,87.014737,,0,,0,,
2026-08-12T15:01:07.319198+00:00,19642.601727549,depth_scale_fixed_10cm_outbound,0,"[0.0,0.0,0.0,0.0]",1,1,1,1,0.000000,15034,751751,1,0,0,1,0,1517093983,0,50070,611,0,103,"[-0.45392635464668274,0.01172000914812088,-0.03409402817487717,0.8903095722198486]","[-0.03474191203713417,0.02530905418097973,-0.007939398288726807]","[-0.059804998338222504,-0.7016569972038269,9.698204040527344]",-2.19895625,-0.00793939829,0.322243273,3157.98438,"[0.0,0.0,0.0,0.0]","[0.0,0.0,0.0,0.0,0.0,0.0,0.0,0.0]","[0.0,0.0,0.0,0.0,0.0,0.0,0.0,0.0]",127,1,1,0,,0,,,"[NaN,NaN,NaN]","[NaN,NaN,NaN,NaN]","[NaN,NaN,NaN,NaN,NaN,NaN]",0.001638,4,0,[],null,[],0,,,89.885794,,0,,0,,
2026-08-12T15:01:07.369787+00:00,19642.651834963,depth_scale_fixed_10cm_outbound,0,"[0.0,0.0,0.0,0.0]",1,1,1,1,0.000000,15035,751801,1,0,0,1,0,1517093983,1,47281,612,0,101,"[-0.4536794424057007,0.01159801334142685,-0.035125039517879486,0.8903968930244446]","[-0.03719137981534004,0.022814001888036728,-0.009132854640483856]","[-0.07177799940109253,-0.7235440015792847,9.679198265075684]",-2.19952607,-0.00913285464,0.321187019,3147.63281,"[0.0,0.0,0.0,0.0]","[0.0,0.0,0.0,0.0,0.0,0.0,0.0,0.0]","[0.0,0.0,0.0,0.0,0.0,0.0,0.0,0.0]",255,1,1,0,,0,,,"[NaN,NaN,NaN]","[NaN,NaN,NaN,NaN]","[NaN,NaN,NaN,NaN,NaN,NaN]",0.002431,5,0,[],null,[],0,,,89.806436,,0,,0,,
2026-08-12T15:01:07.419656+00:00,19642.701700389,depth_scale_fixed_10cm_outbound,0,"[0.0,0.0,0.0,0.0]",1,1,1,1,0.000000,15036,751851,1,0,0,1,0,1517093983,2,41093,613,0,100,"[-0.4534413516521454,0.011517008766531944,-0.03611502796411514,0.8904796838760376]","[-0.03721253573894501,0.019278906285762787,-0.009070179425179958]","[-0.1029609963297844,-0.7431399822235107,9.699118614196777]",-2.20007372,-0.00907017943,0.321187019,3147.63281,"[0.0,0.0,0.0,0.0]","[0.0,0.0,0.0,0.0,0.0,0.0,0.0,0.0]","[0.0,0.0,0.0,0.0,0.0,0.0,0.0,0.0]",255,1,1,0,,0,,,"[NaN,NaN,NaN]","[NaN,NaN,NaN,NaN]","[NaN,NaN,NaN,NaN,NaN,NaN]",0.001650,7,0,[],null,[],0,,,89.529731,,0,,0,,
2026-08-12T15:01:07.467566+00:00,19642.750416042,depth_scale_fixed_10cm_outbound,0,"[0.0,0.0,0.0,0.0]",1,1,1,1,0.000000,15037,751901,1,0,0,1,0,1517093983,3,5251,614,0,98,"[-0.45319315791130066,0.011517004109919071,-0.03710601106286049,0.8905652165412903]","[-0.03721005469560623,0.01969478465616703,-0.00907756295055151]","[-0.1461459994316101,-0.7680990099906921,9.731772422790527]",-2.20063853,-0.00907756295,0.320221633,3138.17188,"[0.0,0.0,0.0,0.0]","[0.0,0.0,0.0,0.0,0.0,0.0,0.0,0.0]","[0.0,0.0,0.0,0.0,0.0,0.0,0.0,0.0]",255,1,1,0,,0,,,"[NaN,NaN,NaN]","[NaN,NaN,NaN,NaN]","[NaN,NaN,NaN,NaN,NaN,NaN]",0.001150,8,0,[],null,[],0,,,88.804984,,0,,0,,
2026-08-12T15:01:07.516898+00:00,19642.799895022,depth_scale_fixed_10cm_outbound,0,"[0.0,0.0,0.0,0.0]",1,1,1,1,0.000000,15038,751951,1,0,0,1,0,1517093983,4,52417,615,0,98,"[-0.4529401361942291,0.011516004800796509,-0.03797401115298271,0.890657365322113]","[-0.029925348237156868,0.015265296213328838,-0.01017872616648674]","[-0.1438159942626953,-0.7801730036735535,9.729578018188477]",-2.20121384,-0.0101787262,0.320221633,3138.17188,"[0.0,0.0,0.0,0.0]","[0.0,0.0,0.0,0.0,0.0,0.0,0.0,0.0]","[0.0,0.0,0.0,0.0,0.0,0.0,0.0,0.0]",255,1,1,0,,0,,,"[NaN,NaN,NaN]","[NaN,NaN,NaN,NaN]","[NaN,NaN,NaN,NaN,NaN,NaN]",0.000603,10,0,[],null,[],0,,,88.183721,,0,,0,,
2026-08-12T15:01:07.567217+00:00,19642.850195038,depth_scale_fixed_10cm_outbound,0,"[0.0,0.0,0.0,0.0]",1,1,1,1,0.000000,15039,752001,1,0,0,1,0,1517093983,5,63433,616,0,99,"[-0.4526612460613251,0.011504007503390312,-0.03862302377820015,0.8907714486122131]","[-0.01713644526898861,0.014543428085744381,-0.011313014663755894]","[-0.12720100581645966,-0.8069660067558289,9.713372230529785]",-2.20184612,-0.0113130147,0.319276154,3128.90625,"[0.0,0.0,0.0,0.0]","[0.0,0.0,0.0,0.0,0.0,0.0,0.0,0.0]","[0.0,0.0,0.0,0.0,0.0,0.0,0.0,0.0]",255,1,1,0,,0,,,"[NaN,NaN,NaN]","[NaN,NaN,NaN,NaN]","[NaN,NaN,NaN,NaN,NaN,NaN]",0.000918,11,0,[],null,[],0,,,89.854323,,0,,0,,
2026-08-12T15:01:07.619738+00:00,19642.901772539,depth_scale_fixed_10cm_outbound,0,"[0.0,0.0,0.0,0.0]",1,1,1,1,0.000000,15040,752051,1,0,0,1,0,1517093983,6,65262,617,0,102,"[-0.45234015583992004,0.01136800367385149,-0.038967013359069824,0.8909212946891785]","[-0.004345747642219067,0.013806130737066269,-0.013670205138623714]","[-0.1320520043373108,-0.8188980221748352,9.71828842163086]",-2.2025795,-0.0136702051,0.319276154,3128.90625,"[0.0,0.0,0.0,0.0]","[0.0,0.0,0.0,0.0,0.0,0.0,0.0,0.0]","[0.0,0.0,0.0,0.0,0.0,0.0,0.0,0.0]",255,1,1,0,,0,,,"[NaN,NaN,NaN]","[NaN,NaN,NaN,NaN]","[NaN,NaN,NaN,NaN,NaN,NaN]",0.001278,13,0,[],null,[],0,,,88.958718,,0,,0,,
2026-08-12T15:01:07.669120+00:00,19642.951187522,depth_scale_fixed_10cm_outbound,0,"[0.0,0.0,0.0,0.0]",1,1,1,1,0.000000,15041,752101,1,0,0,1,0,1517093983,7,34473,618,0,102,"[-0.45198142528533936,0.011088010855019093,-0.03896903246641159,0.8911067843437195]","[0.012705719098448753,0.012409763410687447,-0.016601938754320145]","[-0.13445399701595306,-0.8188130259513855,9.723057746887207]",-2.2034049,-0.0166019388,0.318440676,3120.71875,"[0.0,0.0,0.0,0.0]","[0.0,0.0,0.0,0.0,0.0,0.0,0.0,0.0]","[0.0,0.0,0.0,0.0,0.0,0.0,0.0,0.0]",255,1,1,0,,0,,,"[NaN,NaN,NaN]","[NaN,NaN,NaN,NaN]","[NaN,NaN,NaN,NaN,NaN,NaN]",0.001833,14,0,[],null,[],0,,,87.420439,,0,,0,,
2026-08-12T15:01:07.718547+00:00,19643.001201594,depth_scale_fixed_10cm_outbound,0,"[0.0,0.0,0.0,0.0]",1,1,1,1,0.000000,15042,752151,1,0,0,1,0,1517093983,8,33156,619,0,99,"[-0.451610267162323,0.010649005882441998,-0.038642026484012604,0.8913145065307617]","[0.021639324724674225,0.012567732483148575,-0.015940004959702492]","[-0.14158499240875244,-0.798380970954895,9.74586296081543]",-2.20426559,-0.015940005,0.318440676,3120.71875,"[0.0,0.0,0.0,0.0]","[0.0,0.0,0.0,0.0,0.0,0.0,0.0,0.0]","[0.0,0.0,0.0,0.0,0.0,0.0,0.0,0.0]",255,1,1,0,,0,,,"[NaN,NaN,NaN]","[NaN,NaN,NaN,NaN]","[NaN,NaN,NaN,NaN,NaN,NaN]",0.001183,16,0,[],null,[],0,,,87.070551,,0,,0,,
2026-08-12T15:01:07.768479+00:00,19643.051532471,depth_scale_fixed_10cm_outbound,0,"[0.0,0.0,0.0,0.0]",1,1,1,1,0.000000,15043,752201,1,0,0,1,0,1517093983,9,50774,620,0,99,"[-0.4512571692466736,0.010112003423273563,-0.038139019161462784,0.8915212154388428]","[0.030971864238381386,0.01169105339795351,-0.014645720832049847]","[-0.18456299602985382,-0.7815849781036377,9.781905174255371]",-2.20509028,-0.0146457208,0.317654669,3113.01562,"[0.0,0.0,0.0,0.0]","[0.0,0.0,0.0,0.0,0.0,0.0,0.0,0.0]","[0.0,0.0,0.0,0.0,0.0,0.0,0.0,0.0]",255,1,1,0,,0,,,"[NaN,NaN,NaN]","[NaN,NaN,NaN,NaN]","[NaN,NaN,NaN,NaN,NaN,NaN]",0.002163,17,0,[],null,[],0,,,89.376144,,0,,0,,
2026-08-12T15:01:07.818974+00:00,19643.101726030,depth_scale_fixed_10cm_outbound,0,"[0.0,0.0,0.0,0.0]",1,1,1,1,0.000000,15044,752251,1,0,0,1,0,1517093983,10,23900,621,0,101,"[-0.4509664475917816,0.00948500819504261,-0.037416040897369385,0.8917058706283569]","[0.03828294202685356,0.012937812134623528,-0.01095480378717184]","[-0.18679499626159668,-0.7527099847793579,9.781454086303711]",-2.20577788,-0.0109548038,0.317654669,3113.01562,"[0.0,0.0,0.0,0.0]","[0.0,0.0,0.0,0.0,0.0,0.0,0.0,0.0]","[0.0,0.0,0.0,0.0,0.0,0.0,0.0,0.0]",255,1,1,0,,0,,,"[NaN,NaN,NaN]","[NaN,NaN,NaN,NaN]","[NaN,NaN,NaN,NaN,NaN,NaN]",0.001712,19,0,[],null,[],0,,,86.261429,,0,,0,,
2026-08-12T15:01:07.869684+00:00,19643.151739931,depth_scale_fixed_10cm_outbound,0,"[0.0,0.0,0.0,0.0]",1,1,1,1,0.000000,15045,752301,1,0,0,1,0,1517093983,11,52092,622,0,101,"[-0.4507594108581543,0.008862007409334183,-0.03660003840923309,0.8918508291244507]","[0.037038855254650116,0.009888163767755032,-0.0060152774676680565]","[-0.18671000003814697,-0.7333940267562866,9.785968780517578]",-2.20627475,-0.00601527747,0.316914052,3105.75781,"[0.0,0.0,0.0,0.0]","[0.0,0.0,0.0,0.0,0.0,0.0,0.0,0.0]","[0.0,0.0,0.0,0.0,0.0,0.0,0.0,0.0]",255,1,1,0,,0,,,"[NaN,NaN,NaN]","[NaN,NaN,NaN,NaN]","[NaN,NaN,NaN,NaN,NaN,NaN]",0.002382,20,0,[],null,[],0,,,90.271206,,0,,0,,
2026-08-12T15:01:07.917150+00:00,19643.200173504,depth_scale_fixed_10cm_outbound,0,"[0.0,0.0,0.0,0.0]",1,1,1,1,0.000000,15046,752351,1,0,0,1,0,1517093983,12,21041,623,0,98,"[-0.45065027475357056,0.008304004557430744,-0.035782020539045334,0.8919445276260376]","[0.0351874977350235,0.00682702986523509,-0.002302368637174368]","[-0.19381499290466309,-0.7138980031013489,9.799991607666016]",-2.20654631,-0.00230236864,0.316914052,3105.75781,"[0.0,0.0,0.0,0.0]","[0.0,0.0,0.0,0.0,0.0,0.0,0.0,0.0]","[0.0,0.0,0.0,0.0,0.0,0.0,0.0,0.0]",251,1,1,0,,0,,,"[NaN,NaN,NaN]","[NaN,NaN,NaN,NaN]","[NaN,NaN,NaN,NaN,NaN,NaN]",0.000744,22,0,[],null,[],0,,,90.217326,,0,,0,,
2026-08-12T15:01:07.969707+00:00,19643.251751442,depth_scale_fixed_10cm_outbound,0,"[0.0,0.0,0.0,0.0]",1,1,1,1,0.000000,15047,752401,1,0,0,1,0,1517093983,13,62084,624,0,100,"[-0.45065009593963623,0.007912000641226768,-0.0350240059196949,0.8919783234596252]","[0.027830148115754128,7.367034413618967e-05,0.0026665665209293365]","[-0.1842149943113327,-0.6895939707756042,9.818937301635742]",-2.20656276,0.00266656652,0.316914052,3105.75781,"[0.0,0.0,0.0,0.0]","[0.0,0.0,0.0,0.0,0.0,0.0,0.0,0.0]","[0.0,0.0,0.0,0.0,0.0,0.0,0.0,0.0]",251,1,1,0,,0,,,"[NaN,NaN,NaN]","[NaN,NaN,NaN,NaN]","[NaN,NaN,NaN,NaN,NaN,NaN]",0.002372,23,0,[],null,[],0,,,92.182346,,0,,0,,
2026-08-12T15:01:08.019614+00:00,19643.301657798,depth_scale_fixed_10cm_outbound,0,"[0.0,0.0,0.0,0.0]",1,1,1,1,0.000000,15048,752451,1,0,0,1,0,1517093983,14,16504,625,0,102,"[-0.4507671892642975,0.007732003927230835,-0.03433901444077492,0.891947329044342]","[0.0227054413408041,-0.00712539441883564,0.006433510687202215]","[-0.2096170037984848,-0.6765260100364685,9.826446533203125]",-2.2063036,0.00643351069,0.316401452,3100.73438,"[0.0,0.0,0.0,0.0]","[0.0,0.0,0.0,0.0,0.0,0.0,0.0,0.0]","[0.0,0.0,0.0,0.0,0.0,0.0,0.0,0.0]",235,1,1,0,,0,,,"[NaN,NaN,NaN]","[NaN,NaN,NaN,NaN]","[NaN,NaN,NaN,NaN,NaN,NaN]",0.001267,25,0,[],null,[],0,,,90.760881,,0,,0,,
2026-08-12T15:01:08.067398+00:00,19643.350231458,depth_scale_fixed_10cm_outbound,0,"[0.0,0.0,0.0,0.0]",1,1,1,1,0.000000,15049,752501,1,0,0,1,0,1517093983,15,15199,626,0,98,"[-0.450977087020874,0.0077680014073848724,-0.03369900956749916,0.8918653130531311]","[0.012485893443226814,-0.016532858833670616,0.013878945261240005]","[-0.21742799878120422,-0.6410030126571655,9.83942985534668]",-2.2058239,0.0138789453,0.316401452,3100.73438,"[0.0,0.0,0.0,0.0]","[0.0,0.0,0.0,0.0,0.0,0.0,0.0,0.0]","[0.0,0.0,0.0,0.0,0.0,0.0,0.0,0.0]",235,1,1,0,,0,,,"[NaN,NaN,NaN]","[NaN,NaN,NaN,NaN]","[NaN,NaN,NaN,NaN,NaN,NaN]",0.001205,26,0,[],null,[],0,,,89.49502,,0,,0,,
2026-08-12T15:01:08.119608+00:00,19643.401656815,depth_scale_fixed_10cm_outbound,0,"[0.0,0.0,0.0,0.0]",1,1,1,1,0.000000,15050,752551,1,0,0,1,0,1517093983,16,3432,627,0,100,"[-0.4513150453567505,0.008069002069532871,-0.03323500230908394,0.8917090892791748]","[0.003938335459679365,-0.018926892429590225,0.01754019409418106]","[-0.2079090029001236,-0.6384950280189514,9.849098205566406]",-2.20504379,0.0175401941,0.316034764,3097.14062,"[0.0,0.0,0.0,0.0]","[0.0,0.0,0.0,0.0,0.0,0.0,0.0,0.0]","[0.0,0.0,0.0,0.0,0.0,0.0,0.0,0.0]",239,1,1,0,,0,,,"[NaN,NaN,NaN]","[NaN,NaN,NaN,NaN]","[NaN,NaN,NaN,NaN,NaN,NaN]",0.000905,28,0,[],null,[],0,,,88.760468,,0,,0,,
2026-08-12T15:01:08.169701+00:00,19643.451744670,depth_scale_fixed_10cm_outbound,0,"[0.0,0.0,0.0,0.0]",1,1,1,1,0.000000,15051,752601,1,0,0,1,0,1517093983,17,29711,628,0,102,"[-0.4517371952533722,0.008555003441870213,-0.03289102017879486,0.8915035128593445]","[-0.0027876226231455803,-0.02259581722319126,0.02001173608005047]","[-0.20313799381256104,-0.6434379816055298,9.842028617858887]",-2.20406485,0.0200117361,0.316034764,3097.14062,"[0.0,0.0,0.0,0.0]","[0.0,0.0,0.0,0.0,0.0,0.0,0.0,0.0]","[0.0,0.0,0.0,0.0,0.0,0.0,0.0,0.0]",239,1,1,0,,0,,,"[NaN,NaN,NaN]","[NaN,NaN,NaN,NaN]","[NaN,NaN,NaN,NaN,NaN,NaN]",0.002380,29,0,[],null,[],0,,,87.221877,,0,,0,,
2026-08-12T15:01:08.216948+00:00,19643.499844683,depth_scale_fixed_10cm_outbound,0,"[0.0,0.0,0.0,0.0]",1,1,1,1,0.000000,15052,752651,1,0,0,1,0,1517093983,18,359,629,0,98,"[-0.45222344994544983,0.009136009961366653,-0.03262803331017494,0.8912608623504639]","[-0.005835770629346371,-0.02255302481353283,0.021827612072229385]","[-0.1817059963941574,-0.6433899998664856,9.851868629455566]",-2.20293641,0.0218276121,0.315846622,3095.29688,"[0.0,0.0,0.0,0.0]","[0.0,0.0,0.0,0.0,0.0,0.0,0.0,0.0]","[0.0,0.0,0.0,0.0,0.0,0.0,0.0,0.0]",255,1,1,0,,0,,,"[NaN,NaN,NaN]","[NaN,NaN,NaN,NaN]","[NaN,NaN,NaN,NaN,NaN,NaN]",0.000646,31,0,[],null,[],0,,,86.244985,,0,,0,,
2026-08-12T15:01:08.267366+00:00,19643.550219138,depth_scale_fixed_10cm_outbound,0,"[0.0,0.0,0.0,0.0]",1,1,1,1,0.000000,15053,752701,1,0,0,1,0,1517093983,19,4345,630,0,98,"[-0.45275840163230896,0.009755008853971958,-0.03248602896928787,0.8909878134727478]","[-0.012761830352246761,-0.024934399873018265,0.027333062142133713]","[-0.1698099970817566,-0.6621789932250977,9.83309268951416]",-2.20169663,0.0273330621,0.315846622,3095.29688,"[0.0,0.0,0.0,0.0]","[0.0,0.0,0.0,0.0,0.0,0.0,0.0,0.0]","[0.0,0.0,0.0,0.0,0.0,0.0,0.0,0.0]",255,1,1,0,,0,,,"[NaN,NaN,NaN]","[NaN,NaN,NaN,NaN]","[NaN,NaN,NaN,NaN,NaN,NaN]",0.001109,32,0,[],null,[],0,,,87.519173,,0,,0,,
2026-08-12T15:01:08.318369+00:00,19643.601311502,depth_scale_fixed_10cm_outbound,0,"[0.0,0.0,0.0,0.0]",1,1,1,1,0.000000,15054,752751,1,0,0,1,0,1517093983,20,41474,631,0,101,"[-0.4533543586730957,0.010366007685661316,-0.03243602439761162,0.8906797170639038]","[-0.011910563334822655,-0.01871666871011257,0.026004498824477196]","[-0.14349299669265747,-0.6585479974746704,9.816549301147461]",-2.20032024,0.0260044988,0.31582427,3095.07812,"[0.0,0.0,0.0,0.0]","[0.0,0.0,0.0,0.0,0.0,0.0,0.0,0.0]","[0.0,0.0,0.0,0.0,0.0,0.0,0.0,0.0]",255,1,1,0,,0,,,"[NaN,NaN,NaN]","[NaN,NaN,NaN,NaN]","[NaN,NaN,NaN,NaN,NaN,NaN]",0.001958,33,0,[],null,[],0,,,86.062706,,0,,0,,
2026-08-12T15:01:08.369152+00:00,19643.651697567,depth_scale_fixed_10cm_outbound,0,"[0.0,0.0,0.0,0.0]",1,1,1,1,0.000000,15055,752801,1,0,0,1,0,1517093983,21,24507,632,0,102,"[-0.4539603590965271,0.010870009660720825,-0.03241802752017975,0.8903656005859375]","[-0.013106219470500946,-0.01431107148528099,0.02836551144719124]","[-0.14821599423885345,-0.6513460278511047,9.81399154663086]",-2.1989274,0.0283655114,0.31582427,3095.07812,"[0.0,0.0,0.0,0.0]","[0.0,0.0,0.0,0.0,0.0,0.0,0.0,0.0]","[0.0,0.0,0.0,0.0,0.0,0.0,0.0,0.0]",255,1,1,0,,0,,,"[NaN,NaN,NaN]","[NaN,NaN,NaN,NaN]","[NaN,NaN,NaN,NaN,NaN,NaN]",0.001617,35,0,[],null,[],0,,,87.552248,,0,,0,,
2026-08-12T15:01:08.419702+00:00,19643.701737906,depth_scale_fixed_10cm_outbound,0,"[0.0,0.0,0.0,0.0]",1,1,1,1,0.000000,15056,752851,1,0,0,1,0,1517093983,22,47355,633,0,101,"[-0.45459240674972534,0.0112350108101964,-0.03246602788567543,0.8900367617607117]","[-0.010637170635163784,-0.008704516105353832,0.028892215341329575]","[-0.15542300045490265,-0.6658560037612915,9.806924819946289]",-2.19748473,0.0288922153,0.315982938,3096.63281,"[0.0,0.0,0.0,0.0]","[0.0,0.0,0.0,0.0,0.0,0.0,0.0,0.0]","[0.0,0.0,0.0,0.0,0.0,0.0,0.0,0.0]",255,1,1,0,,0,,,"[NaN,NaN,NaN]","[NaN,NaN,NaN,NaN]","[NaN,NaN,NaN,NaN,NaN,NaN]",0.001656,37,0,[],null,[],0,,,88.112161,,0,,0,,
2026-08-12T15:01:08.467226+00:00,19643.750266421,depth_scale_fixed_10cm_outbound,0,"[0.0,0.0,0.0,0.0]",1,1,1,1,0.000000,15057,752901,1,0,0,1,0,1517093983,23,39040,634,0,98,"[-0.4552082121372223,0.01141100563108921,-0.032584015280008316,0.8897154331207275]","[-0.011807728558778763,-0.0005790129653178155,0.02935251034796238]","[-0.15302899479866028,-0.6708239912986755,9.797430992126465]",-2.19609094,0.0293525103,0.315982938,3096.63281,"[0.0,0.0,0.0,0.0]","[0.0,0.0,0.0,0.0,0.0,0.0,0.0,0.0]","[0.0,0.0,0.0,0.0,0.0,0.0,0.0,0.0]",255,1,1,0,,0,,,"[NaN,NaN,NaN]","[NaN,NaN,NaN,NaN]","[NaN,NaN,NaN,NaN,NaN,NaN]",0.000887,38,0,[],null,[],0,,,91.102457,,0,,0,,
2026-08-12T15:01:08.519714+00:00,19643.801753119,depth_scale_fixed_10cm_outbound,0,"[0.0,0.0,0.0,0.0]",1,1,1,1,0.000000,15058,752951,1,0,0,1,0,1517093983,24,64615,635,0,100,"[-0.455791175365448,0.01143400464206934,-0.03275401517748833,0.8894103765487671]","[-0.006905273534357548,0.003725545248016715,0.026858855038881302]","[-0.16732299327850342,-0.6708319783210754,9.79246711730957]",-2.1947813,0.026858855,0.316066653,3097.45312,"[0.0,0.0,0.0,0.0]","[0.0,0.0,0.0,0.0,0.0,0.0,0.0,0.0]","[0.0,0.0,0.0,0.0,0.0,0.0,0.0,0.0]",255,1,1,0,,0,,,"[NaN,NaN,NaN]","[NaN,NaN,NaN,NaN]","[NaN,NaN,NaN,NaN,NaN,NaN]",0.002379,39,0,[],null,[],0,,,89.040004,,0,,0,,
2026-08-12T15:01:08.567639+00:00,19643.850446891,depth_scale_fixed_10cm_outbound,0,"[0.0,0.0,0.0,0.0]",1,1,1,1,0.000000,15059,753001,1,0,0,1,0,1517093983,25,61081,636,0,101,"[-0.456352174282074,0.011333005502820015,-0.032932013273239136,0.889117419719696]","[-0.00687677226960659,0.007853632792830467,0.02433931455016136]","[-0.12351900339126587,-0.6812040209770203,9.75714111328125]",-2.19352913,0.0243393146,0.316066653,3097.45312,"[0.0,0.0,0.0,0.0]","[0.0,0.0,0.0,0.0,0.0,0.0,0.0,0.0]","[0.0,0.0,0.0,0.0,0.0,0.0,0.0,0.0]",255,1,1,0,,0,,,"[NaN,NaN,NaN]","[NaN,NaN,NaN,NaN]","[NaN,NaN,NaN,NaN,NaN,NaN]",0.000810,41,0,[],null,[],0,,,90.15328,,0,,0,,
2026-08-12T15:01:08.619612+00:00,19643.901659465,depth_scale_fixed_10cm_outbound,0,"[0.0,0.0,0.0,0.0]",1,1,1,1,0.000000,15060,753051,1,0,0,1,0,1517093983,26,58894,637,0,100,"[-0.4568723738193512,0.01111701037734747,-0.033153027296066284,0.8888447284698486]","[-0.004414967726916075,0.011773468926548958,0.02306113950908184]","[-0.10759299993515015,-0.6863089799880981,9.74300765991211]",-2.19237638,0.0230611395,0.316314578,3099.88281,"[0.0,0.0,0.0,0.0]","[0.0,0.0,0.0,0.0,0.0,0.0,0.0,0.0]","[0.0,0.0,0.0,0.0,0.0,0.0,0.0,0.0]",255,1,1,0,,0,,,"[NaN,NaN,NaN]","[NaN,NaN,NaN,NaN]","[NaN,NaN,NaN,NaN,NaN,NaN]",0.000534,43,0,[],null,[],0,,,86.681221,,0,,0,,
2026-08-12T15:01:08.669695+00:00,19643.951744936,depth_scale_fixed_10cm_outbound,0,"[0.0,0.0,0.0,0.0]",1,1,1,1,0.000000,15061,753101,1,0,0,1,0,1517093983,27,25005,638,0,101,"[-0.45732247829437256,0.010873011313378811,-0.033350031822919846,0.8886088728904724]","[-0.002578549552708864,0.012339234352111816,0.019392458721995354]","[-0.11240100115537643,-0.6984230279922485,9.735932350158691]",-2.19138265,0.0193924587,0.316314578,3099.88281,"[0.0,0.0,0.0,0.0]","[0.0,0.0,0.0,0.0,0.0,0.0,0.0,0.0]","[0.0,0.0,0.0,0.0,0.0,0.0,0.0,0.0]",191,1,1,0,,0,,,"[NaN,NaN,NaN]","[NaN,NaN,NaN,NaN]","[NaN,NaN,NaN,NaN,NaN,NaN]",0.002378,44,0,[],null,[],0,,,88.162013,,0,,0,,
2026-08-12T15:01:08.719680+00:00,19644.001744452,depth_scale_fixed_10cm_outbound,0,"[0.0,0.0,0.0,0.0]",1,1,1,1,0.000000,15062,753151,1,0,0,1,0,1517093983,28,12242,639,0,100,"[-0.4577024281024933,0.010593010112643242,-0.033479031175374985,0.8884117603302002]","[0.00045736352331005037,0.009777945466339588,0.015786433592438698]","[-0.11956899613142014,-0.6958749890327454,9.743009567260742]",-2.19054818,0.0157864336,0.316591173,3102.59375,"[0.0,0.0,0.0,0.0]","[0.0,0.0,0.0,0.0,0.0,0.0,0.0,0.0]","[0.0,0.0,0.0,0.0,0.0,0.0,0.0,0.0]",191,1,1,0,,0,,,"[NaN,NaN,NaN]","[NaN,NaN,NaN,NaN]","[NaN,NaN,NaN,NaN,NaN,NaN]",0.002370,45,0,[],null,[],0,,,87.099749,,0,,0,,
2026-08-12T15:01:08.769647+00:00,19644.051711664,depth_scale_fixed_10cm_outbound,0,"[0.0,0.0,0.0,0.0]",1,1,1,1,0.000000,15063,753201,1,0,0,1,0,1517093983,29,63230,640,0,100,"[-0.45801034569740295,0.010339009575545788,-0.03348902612924576,0.8882557153701782]","[0.004106114152818918,0.007836545817553997,0.0121730612590909]","[-0.1243399977684021,-0.7007740139961243,9.735830307006836]",-2.18987274,0.0121730613,0.316591173,3102.59375,"[0.0,0.0,0.0,0.0]","[0.0,0.0,0.0,0.0,0.0,0.0,0.0,0.0]","[0.0,0.0,0.0,0.0,0.0,0.0,0.0,0.0]",191,1,1,0,,0,,,"[NaN,NaN,NaN]","[NaN,NaN,NaN,NaN]","[NaN,NaN,NaN,NaN,NaN,NaN]",0.001620,47,0,[],null,[],0,,,87.094552,,0,,0,,
2026-08-12T15:01:08.818383+00:00,19644.101337315,depth_scale_fixed_10cm_outbound,0,"[0.0,0.0,0.0,0.0]",1,1,1,1,0.000000,15064,753251,1,0,0,1,0,1517093983,30,11963,641,0,99,"[-0.4582330584526062,0.010116000659763813,-0.033389002084732056,0.8881471157073975]","[0.007738109212368727,0.00341522553935647,0.00982681568711996]","[-0.12666499614715576,-0.686257004737854,9.740387916564941]",-2.18938589,0.00982681569,0.316591173,3102.59375,"[0.0,0.0,0.0,0.0]","[0.0,0.0,0.0,0.0,0.0,0.0,0.0,0.0]","[0.0,0.0,0.0,0.0,0.0,0.0,0.0,0.0]",191,1,1,0,,0,,,"[NaN,NaN,NaN]","[NaN,NaN,NaN,NaN]","[NaN,NaN,NaN,NaN,NaN,NaN]",0.001971,48,0,[],null,[],0,,,87.107686,,0,,0,,
2026-08-12T15:01:08.868927+00:00,19644.151681781,depth_scale_fixed_10cm_outbound,0,"[0.0,0.0,0.0,0.0]",1,1,1,1,0.000000,15065,753301,1,0,0,1,0,1517093983,31,1648,642,0,100,"[-0.4583841860294342,0.009963002987205982,-0.03319001570343971,0.8880783319473267]","[0.008943608961999416,1.850049193308223e-05,0.005001572426408529]","[-0.09949500113725662,-0.6902610063552856,9.696781158447266]",-2.18905425,0.00500157243,0.316858232,3105.21094,"[0.0,0.0,0.0,0.0]","[0.0,0.0,0.0,0.0,0.0,0.0,0.0,0.0]","[0.0,0.0,0.0,0.0,0.0,0.0,0.0,0.0]",255,1,1,0,,0,,,"[NaN,NaN,NaN]","[NaN,NaN,NaN,NaN]","[NaN,NaN,NaN,NaN,NaN,NaN]",0.001618,50,0,[],null,[],0,,,85.764002,,0,,0,,
2026-08-12T15:01:08.919896+00:00,19644.201960190,depth_scale_fixed_10cm_outbound,0,"[0.0,0.0,0.0,0.0]",1,1,1,1,0.000000,15066,753351,1,0,0,1,0,1517093983,32,8700,643,0,102,"[-0.4584472179412842,0.009880004450678825,-0.03290601447224617,0.888057291507721]","[0.008924148045480251,-0.0041866786777973175,0.0014065783470869064]","[-0.07388199865818024,-0.6755359768867493,9.671271324157715]",-2.18891549,0.00140657835,0.316858232,3105.21094,"[0.0,0.0,0.0,0.0]","[0.0,0.0,0.0,0.0,0.0,0.0,0.0,0.0]","[0.0,0.0,0.0,0.0,0.0,0.0,0.0,0.0]",255,1,1,0,,0,,,"[NaN,NaN,NaN]","[NaN,NaN,NaN,NaN]","[NaN,NaN,NaN,NaN,NaN,NaN]",0.002600,51,0,[],null,[],0,,,88.789516,,0,,0,,
2026-08-12T15:01:08.969601+00:00,19644.251641392,depth_scale_fixed_10cm_outbound,0,"[0.0,0.0,0.0,0.0]",1,1,1,1,0.000000,15067,753401,1,0,0,1,0,1517093983,33,9569,644,0,100,"[-0.4584250748157501,0.009917001239955425,-0.03261200711131096,0.8880791664123535]","[0.007674073334783316,-0.010463492944836617,-0.0021589198149740696]","[-0.06913699954748154,-0.6754469871520996,9.678521156311035]",-2.18896055,-0.00215891981,0.317101419,3107.59375,"[0.0,0.0,0.0,0.0]","[0.0,0.0,0.0,0.0,0.0,0.0,0.0,0.0]","[0.0,0.0,0.0,0.0,0.0,0.0,0.0,0.0]",255,1,1,0,,0,,,"[NaN,NaN,NaN]","[NaN,NaN,NaN,NaN]","[NaN,NaN,NaN,NaN,NaN,NaN]",0.001612,53,0,[],null,[],0,,,86.869731,,0,,0,,
2026-08-12T15:01:09.019632+00:00,19644.301706239,depth_scale_fixed_10cm_outbound,0,"[0.0,0.0,0.0,0.0]",1,1,1,1,0.000000,15068,753451,1,0,0,1,0,1517093983,34,6867,645,0,99,"[-0.4583434462547302,0.01005300972610712,-0.032252032309770584,0.8881329298019409]","[0.008873463608324528,-0.01424525585025549,-0.0045309970155358315]","[-0.05004299804568291,-0.6731299757957458,9.678706169128418]",-2.18913269,-0.00453099702,0.317101419,3107.59375,"[0.0,0.0,0.0,0.0]","[0.0,0.0,0.0,0.0,0.0,0.0,0.0,0.0]","[0.0,0.0,0.0,0.0,0.0,0.0,0.0,0.0]",255,1,1,0,,0,,,"[NaN,NaN,NaN]","[NaN,NaN,NaN,NaN]","[NaN,NaN,NaN,NaN,NaN,NaN]",0.002381,54,0,[],null,[],0,,,87.159712,,0,,0,,
2026-08-12T15:01:09.069634+00:00,19644.351691978,depth_scale_fixed_10cm_outbound,0,"[0.0,0.0,0.0,0.0]",1,1,1,1,0.000000,15069,753501,1,0,0,1,0,1517093983,35,18722,646,0,100,"[-0.45819711685180664,0.010258002206683159,-0.03188900649547577,0.8882191777229309]","[0.006438799202442169,-0.014899631030857563,-0.008203431963920593]","[-0.049963001161813736,-0.6611760258674622,9.673733711242676]",-2.18944573,-0.00820343196,0.317394763,3110.46875,"[0.0,0.0,0.0,0.0]","[0.0,0.0,0.0,0.0,0.0,0.0,0.0,0.0]","[0.0,0.0,0.0,0.0,0.0,0.0,0.0,0.0]",255,1,1,0,,0,,,"[NaN,NaN,NaN]","[NaN,NaN,NaN,NaN]","[NaN,NaN,NaN,NaN,NaN,NaN]",0.001623,56,0,[],null,[],0,,,84.464711,,0,,0,,
2026-08-12T15:01:09.116798+00:00,19644.399841170,depth_scale_fixed_10cm_outbound,0,"[0.0,0.0,0.0,0.0]",1,1,1,1,0.000000,15070,753551,1,0,0,1,0,1517093983,36,32519,647,0,98,"[-0.4579845368862152,0.01053101196885109,-0.03153904154896736,0.8883380889892578]","[0.006436879280954599,-0.015538892708718777,-0.00941526610404253]","[-0.029330000281333923,-0.660286009311676,9.685952186584473]",-2.18990397,-0.0094152661,0.317394763,3110.46875,"[0.0,0.0,0.0,0.0]","[0.0,0.0,0.0,0.0,0.0,0.0,0.0,0.0]","[0.0,0.0,0.0,0.0,0.0,0.0,0.0,0.0]",255,1,1,0,,0,,,"[NaN,NaN,NaN]","[NaN,NaN,NaN,NaN]","[NaN,NaN,NaN,NaN,NaN,NaN]",0.000893,57,0,[],null,[],0,,,83.469149,,0,,0,,
2026-08-12T15:01:09.169642+00:00,19644.451692295,depth_scale_fixed_10cm_outbound,0,"[0.0,0.0,0.0,0.0]",1,1,1,1,0.000000,15071,753601,1,0,0,1,0,1517093983,37,44312,648,0,100,"[-0.4577592611312866,0.010804005898535252,-0.031238017603754997,0.8884615302085876]","[0.002784166717901826,-0.015530707314610481,-0.010660330764949322]","[-0.016617000102996826,-0.6635890007019043,9.683747291564941]",-2.19039083,-0.0106603308,0.317683339,3113.29688,"[0.0,0.0,0.0,0.0]","[0.0,0.0,0.0,0.0,0.0,0.0,0.0,0.0]","[0.0,0.0,0.0,0.0,0.0,0.0,0.0,0.0]",255,1,1,0,,0,,,"[NaN,NaN,NaN]","[NaN,NaN,NaN,NaN]","[NaN,NaN,NaN,NaN,NaN,NaN]",0.001610,59,0,[],null,[],0,,,83.447493,,0,,0,,
2026-08-12T15:01:09.219654+00:00,19644.501703595,depth_scale_fixed_10cm_outbound,0,"[0.0,0.0,0.0,0.0]",1,1,1,1,0.000000,15072,753651,1,0,0,1,0,1517093983,38,41807,649,0,102,"[-0.45749738812446594,0.011071009561419487,-0.030966026708483696,0.8886026740074158]","[0.0015902044251561165,-0.011795232072472572,-0.011956972070038319]","[-0.009461999870836735,-0.6587010025978088,9.69095516204834]",-2.19096088,-0.0119569721,0.317683339,3113.29688,"[0.0,0.0,0.0,0.0]","[0.0,0.0,0.0,0.0,0.0,0.0,0.0,0.0]","[0.0,0.0,0.0,0.0,0.0,0.0,0.0,0.0]",255,1,1,0,,0,,,"[NaN,NaN,NaN]","[NaN,NaN,NaN,NaN]","[NaN,NaN,NaN,NaN,NaN,NaN]",0.002367,60,0,[],null,[],0,,,84.880743,,0,,0,,
2026-08-12T15:01:09.267776+00:00,19644.550816104,depth_scale_fixed_10cm_outbound,0,"[0.0,0.0,0.0,0.0]",1,1,1,1,0.000000,15073,753701,1,0,0,1,0,1517093983,39,7366,650,0,99,"[-0.4572230875492096,0.011294001713395119,-0.030732005834579468,0.8887491822242737]","[0.0028270496986806393,-0.008683886379003525,-0.012004882097244263]","[0.004906999878585339,-0.6541029810905457,9.681456565856934]",-2.1915617,-0.0120048821,0.317917734,3115.59375,"[0.0,0.0,0.0,0.0]","[0.0,0.0,0.0,0.0,0.0,0.0,0.0,0.0]","[0.0,0.0,0.0,0.0,0.0,0.0,0.0,0.0]",255,1,1,0,,0,,,"[NaN,NaN,NaN]","[NaN,NaN,NaN,NaN]","[NaN,NaN,NaN,NaN,NaN,NaN]",0.001023,62,0,[],null,[],0,,,81.895622,,0,,0,,
2026-08-12T15:01:09.318061+00:00,19644.600741549,depth_scale_fixed_10cm_outbound,0,"[0.0,0.0,0.0,0.0]",1,1,1,1,0.000000,15074,753751,1,0,0,1,0,1517093983,40,44819,651,0,99,"[-0.45694032311439514,0.011445009149610996,-0.03052701987326145,0.8888997435569763]","[0.002830784535035491,-0.008060052990913391,-0.01201594527810812]","[0.00016700000560376793,-0.6468279957771301,9.683693885803223]",-2.19218636,-0.0120159453,0.317917734,3115.59375,"[0.0,0.0,0.0,0.0]","[0.0,0.0,0.0,0.0,0.0,0.0,0.0,0.0]","[0.0,0.0,0.0,0.0,0.0,0.0,0.0,0.0]",255,1,1,0,,0,,,"[NaN,NaN,NaN]","[NaN,NaN,NaN,NaN]","[NaN,NaN,NaN,NaN,NaN,NaN]",0.000727,64,0,[],null,[],0,,,79.785073,,0,,0,,
2026-08-12T15:01:09.369384+00:00,19644.651830374,depth_scale_fixed_10cm_outbound,0,"[0.0,0.0,0.0,0.0]",1,1,1,1,0.000000,15075,753801,1,0,0,1,0,1517093983,41,50903,652,0,101,"[-0.45666319131851196,0.01151600293815136,-0.030377011746168137,0.889046311378479]","[-0.0007947531412355602,-0.0030380073003470898,-0.011515106074512005]","[0.016837000846862793,-0.6467949748039246,9.691082000732422]",-2.19280362,-0.0115151061,0.318196744,3118.32812,"[0.0,0.0,0.0,0.0]","[0.0,0.0,0.0,0.0,0.0,0.0,0.0,0.0]","[0.0,0.0,0.0,0.0,0.0,0.0,0.0,0.0]",255,1,1,0,,0,,,"[NaN,NaN,NaN]","[NaN,NaN,NaN,NaN]","[NaN,NaN,NaN,NaN,NaN,NaN]",0.002353,65,0,[],null,[],0,,,82.774972,,0,,0,,
2026-08-12T15:01:09.419801+00:00,19644.701817627,depth_scale_fixed_10cm_outbound,0,"[0.0,0.0,0.0,0.0]",1,1,1,1,0.000000,15076,753851,1,0,0,1,0,1517093983,42,40364,653,0,101,"[-0.4564092457294464,0.011542005464434624,-0.030317014083266258,0.889178454875946]","[3.454006582614966e-05,0.00030702087678946555,-0.009734801016747952]","[-0.010273999534547329,-0.6422209739685059,9.719488143920898]",-2.19337225,-0.00973480102,0.318196744,3118.32812,"[0.0,0.0,0.0,0.0]","[0.0,0.0,0.0,0.0,0.0,0.0,0.0,0.0]","[0.0,0.0,0.0,0.0,0.0,0.0,0.0,0.0]",255,1,1,0,,0,,,"[NaN,NaN,NaN]","[NaN,NaN,NaN,NaN]","[NaN,NaN,NaN,NaN,NaN,NaN]",0.001663,67,0,[],null,[],0,,,81.409601,,0,,0,,
2026-08-12T15:01:09.469772+00:00,19644.751812358,depth_scale_fixed_10cm_outbound,0,"[0.0,0.0,0.0,0.0]",1,1,1,1,0.000000,15077,753901,1,0,0,1,0,1517093983,43,53117,654,0,100,"[-0.456193208694458,0.011514006182551384,-0.03032701276242733,0.8892893195152283]","[-0.004410796333104372,0.004525638651102781,-0.007389811798930168]","[-0.03337299823760986,-0.6386510133743286,9.7359619140625]",-2.19385958,-0.0073898118,0.31833148,3119.64844,"[0.0,0.0,0.0,0.0]","[0.0,0.0,0.0,0.0,0.0,0.0,0.0,0.0]","[0.0,0.0,0.0,0.0,0.0,0.0,0.0,0.0]",255,1,1,0,,0,,,"[NaN,NaN,NaN]","[NaN,NaN,NaN,NaN]","[NaN,NaN,NaN,NaN,NaN,NaN]",0.002399,68,0,[],null,[],0,,,86.422884,,0,,0,,
2026-08-12T15:01:09.519354+00:00,19644.801512184,depth_scale_fixed_10cm_outbound,0,"[0.0,0.0,0.0,0.0]",1,1,1,1,0.000000,15078,753951,1,0,0,1,0,1517093983,44,3596,655,0,100,"[-0.4560154974460602,0.01147801335901022,-0.030413031578063965,0.889378011226654]","[-0.004408876411616802,0.005164900328963995,-0.006177959498018026]","[-0.021510999649763107,-0.6458119750022888,9.743400573730469]",-2.19426155,-0.0061779595,0.31833148,3119.64844,"[0.0,0.0,0.0,0.0]","[0.0,0.0,0.0,0.0,0.0,0.0,0.0,0.0]","[0.0,0.0,0.0,0.0,0.0,0.0,0.0,0.0]",255,1,1,0,,0,,,"[NaN,NaN,NaN]","[NaN,NaN,NaN,NaN]","[NaN,NaN,NaN,NaN,NaN,NaN]",0.002161,69,0,[],null,[],0,,,84.91116,,0,,0,,
2026-08-12T15:01:09.569272+00:00,19644.851424481,depth_scale_fixed_10cm_outbound,0,"[0.0,0.0,0.0,0.0]",1,1,1,1,0.000000,15079,754001,1,0,0,1,0,1517093983,45,56339,656,0,100,"[-0.45585817098617554,0.011404004879295826,-0.030531011521816254,0.8894554972648621]","[-0.003186971414834261,0.005780879873782396,-0.006181642413139343]","[-0.04530299827456474,-0.6361179947853088,9.740585327148438]",-2.19462037,-0.00618164241,0.31833148,3119.64844,"[0.0,0.0,0.0,0.0]","[0.0,0.0,0.0,0.0,0.0,0.0,0.0,0.0]","[0.0,0.0,0.0,0.0,0.0,0.0,0.0,0.0]",255,1,1,0,,0,,,"[NaN,NaN,NaN]","[NaN,NaN,NaN,NaN]","[NaN,NaN,NaN,NaN,NaN,NaN]",0.001475,71,0,[],null,[],0,,,87.119184,,0,,0,,
2026-08-12T15:01:09.619921+00:00,19644.901926762,depth_scale_fixed_10cm_outbound,0,"[0.0,0.0,0.0,0.0]",1,1,1,1,0.000000,15080,754051,1,0,0,1,0,1517093983,46,59953,657,0,101,"[-0.4557100534439087,0.01132300216704607,-0.030658002942800522,0.8895280957221985]","[-0.006847031880170107,0.005196054931730032,-0.0049698250368237495]","[-0.0500979982316494,-0.6409069895744324,9.7406005859375]",-2.19495916,-0.00496982504,0.318437487,3120.6875,"[0.0,0.0,0.0,0.0]","[0.0,0.0,0.0,0.0,0.0,0.0,0.0,0.0]","[0.0,0.0,0.0,0.0,0.0,0.0,0.0,0.0]",255,1,1,0,,0,,,"[NaN,NaN,NaN]","[NaN,NaN,NaN,NaN]","[NaN,NaN,NaN,NaN,NaN,NaN]",0.000098,73,0,[],null,[],0,,,87.591399,,0,,0,,
2026-08-12T15:01:09.668487+00:00,19644.950668352,depth_scale_fixed_10cm_outbound,0,"[0.0,0.0,0.0,0.0]",1,1,1,1,0.000000,15081,754101,1,0,0,1,0,1517093983,47,64431,658,0,99,"[-0.4555824398994446,0.011301010847091675,-0.030857032164931297,0.889586865901947]","[-0.011719729751348495,0.005227523390203714,-0.004999373573809862]","[-0.04292599856853485,-0.6360920071601868,9.743012428283691]",-2.19524813,-0.00499937357,0.318437487,3120.6875,"[0.0,0.0,0.0,0.0]","[0.0,0.0,0.0,0.0,0.0,0.0,0.0,0.0]","[0.0,0.0,0.0,0.0,0.0,0.0,0.0,0.0]",255,1,1,0,,0,,,"[NaN,NaN,NaN]","[NaN,NaN,NaN,NaN]","[NaN,NaN,NaN,NaN,NaN,NaN]",0.001464,74,0,[],null,[],0,,,88.276161,,0,,0,,
2026-08-12T15:01:09.720157+00:00,19645.002131006,depth_scale_fixed_10cm_outbound,0,"[0.0,0.0,0.0,0.0]",1,1,1,1,0.000000,15082,754151,1,0,0,1,0,1517093983,48,46754,659,0,100,"[-0.45548442006111145,0.011314010247588158,-0.031205028295516968,0.8896247744560242]","[-0.019432898610830307,0.005916614085435867,-0.0038343139458447695]","[-0.08991499990224838,-0.6347079873085022,9.766439437866211]",-2.19546938,-0.00383431395,0.318584174,3122.125,"[0.0,0.0,0.0,0.0]","[0.0,0.0,0.0,0.0,0.0,0.0,0.0,0.0]","[0.0,0.0,0.0,0.0,0.0,0.0,0.0,0.0]",223,1,1,0,,0,,,"[NaN,NaN,NaN]","[NaN,NaN,NaN,NaN]","[NaN,NaN,NaN,NaN,NaN,NaN]",0.002845,75,0,[],null,[],0,,,87.334632,,0,,0,,
2026-08-12T15:01:09.769686+00:00,19645.051743929,depth_scale_fixed_10cm_outbound,0,"[0.0,0.0,0.0,0.0]",1,1,1,1,0.000000,15083,754201,1,0,0,1,0,1517093983,49,50422,660,0,101,"[-0.4553992450237274,0.011377006769180298,-0.031659018248319626,0.8896514773368835]","[-0.021456625312566757,0.007185119204223156,-0.003257290692999959]","[-0.13389700651168823,-0.6711320281028748,9.7832612991333]",-2.19565868,-0.00325729069,0.318584174,3122.125,"[0.0,0.0,0.0,0.0]","[0.0,0.0,0.0,0.0,0.0,0.0,0.0,0.0]","[0.0,0.0,0.0,0.0,0.0,0.0,0.0,0.0]",223,1,1,0,,0,,,"[NaN,NaN,NaN]","[NaN,NaN,NaN,NaN]","[NaN,NaN,NaN,NaN,NaN,NaN]",0.001619,77,0,[],null,[],0,,,86.14588,,0,,0,,
2026-08-12T15:01:09.816837+00:00,19645.099863963,depth_scale_fixed_10cm_outbound,0,"[0.0,0.0,0.0,0.0]",1,1,1,1,0.000000,15084,754251,1,0,0,1,0,1517093983,50,18847,661,0,97,"[-0.4553043842315674,0.011446008458733559,-0.03214602544903755,0.8896816968917847]","[-0.022690623998641968,0.0047053382731974125,-0.002608987968415022]","[-0.13384200632572174,-0.6590679883956909,9.785483360290527]",-2.19586992,-0.00260898797,0.318545908,3121.75,"[0.0,0.0,0.0,0.0]","[0.0,0.0,0.0,0.0,0.0,0.0,0.0,0.0]","[0.0,0.0,0.0,0.0,0.0,0.0,0.0,0.0]",223,1,1,0,,0,,,"[NaN,NaN,NaN]","[NaN,NaN,NaN,NaN]","[NaN,NaN,NaN,NaN,NaN,NaN]",0.000894,78,0,[],null,[],0,,,84.899047,,0,,0,,
2026-08-12T15:01:09.868304+00:00,19645.151345732,depth_scale_fixed_10cm_outbound,0,"[0.0,0.0,0.0,0.0]",1,1,1,1,0.000000,15085,754301,1,0,0,1,0,1517093983,51,52572,662,0,99,"[-0.45520249009132385,0.011528011411428452,-0.03266103193163872,0.8897140622138977]","[-0.022673888131976128,0.007185276597738266,-0.0038761321920901537]","[-0.1339689940214157,-0.6831219792366028,9.785835266113281]",-2.19609642,-0.00387613219,0.318545908,3121.75,"[0.0,0.0,0.0,0.0]","[0.0,0.0,0.0,0.0,0.0,0.0,0.0,0.0]","[0.0,0.0,0.0,0.0,0.0,0.0,0.0,0.0]",223,1,1,0,,0,,,"[NaN,NaN,NaN]","[NaN,NaN,NaN,NaN]","[NaN,NaN,NaN,NaN,NaN,NaN]",0.001300,80,0,[],null,[],0,,,86.179459,,0,,0,,
2026-08-12T15:01:09.917796+00:00,19645.200469192,depth_scale_fixed_10cm_outbound,0,"[0.0,0.0,0.0,0.0]",1,1,1,1,0.000000,15086,754351,1,0,0,1,0,1517093983,52,37312,663,0,101,"[-0.4550741910934448,0.01160800363868475,-0.03318201005458832,0.8897593021392822]","[-0.01900918409228325,0.00838621985167265,-0.005710437893867493]","[-0.1340930014848709,-0.6998130083084106,9.795676231384277]",-2.19638205,-0.00571043789,0.31844309,3120.74219,"[0.0,0.0,0.0,0.0]","[0.0,0.0,0.0,0.0,0.0,0.0,0.0,0.0]","[0.0,0.0,0.0,0.0,0.0,0.0,0.0,0.0]",255,1,1,0,,0,,,"[NaN,NaN,NaN]","[NaN,NaN,NaN,NaN]","[NaN,NaN,NaN,NaN,NaN,NaN]",0.001331,81,0,[],null,[],0,,,85.647555,,0,,0,,
2026-08-12T15:01:09.969349+00:00,19645.251770876,depth_scale_fixed_10cm_outbound,0,"[0.0,0.0,0.0,0.0]",1,1,1,1,0.000000,15087,754401,1,0,0,1,0,1517093983,53,5955,664,0,101,"[-0.45490819215774536,0.011571004055440426,-0.03359101340174675,0.8898293375968933]","[-0.01106221042573452,0.01267884112894535,-0.007574187591671944]","[-0.13414399325847626,-0.7143549919128418,9.788691520690918]",-2.1967597,-0.00757418759,0.31844309,3120.74219,"[0.0,0.0,0.0,0.0]","[0.0,0.0,0.0,0.0,0.0,0.0,0.0,0.0]","[0.0,0.0,0.0,0.0,0.0,0.0,0.0,0.0]",255,1,1,0,,0,,,"[NaN,NaN,NaN]","[NaN,NaN,NaN,NaN]","[NaN,NaN,NaN,NaN,NaN,NaN]",0.001611,83,0,[],null,[],0,,,85.405666,,0,,0,,
2026-08-12T15:01:10.016964+00:00,19645.299940373,depth_scale_fixed_10cm_outbound,0,"[0.0,0.0,0.0,0.0]",1,1,1,1,0.000000,15088,754451,1,0,0,1,0,1517093983,54,6132,665,0,99,"[-0.4547101855278015,0.011400004848837852,-0.03389701619744301,0.8899211883544922]","[-0.004341785795986652,0.01573934406042099,-0.008811766281723976]","[-0.1748189926147461,-0.7185400128364563,9.817072868347168]",-2.19721842,-0.00881176628,0.318162471,3117.99219,"[0.0,0.0,0.0,0.0]","[0.0,0.0,0.0,0.0,0.0,0.0,0.0,0.0]","[0.0,0.0,0.0,0.0,0.0,0.0,0.0,0.0]",255,1,1,0,,0,,,"[NaN,NaN,NaN]","[NaN,NaN,NaN,NaN]","[NaN,NaN,NaN,NaN,NaN,NaN]",0.000639,85,0,[],null,[],0,,,86.489691,,0,,0,,
2026-08-12T15:01:10.069693+00:00,19645.351747423,depth_scale_fixed_10cm_outbound,0,"[0.0,0.0,0.0,0.0]",1,1,1,1,0.000000,15089,754501,1,0,0,1,0,1517093983,55,17701,666,0,100,"[-0.45448410511016846,0.011036002077162266,-0.034004006534814835,0.8900371789932251]","[0.007851014845073223,0.016877509653568268,-0.011205834336578846]","[-0.18907800316810608,-0.7039309740066528,9.823890686035156]",-2.197752,-0.0112058343,0.318162471,3117.99219,"[0.0,0.0,0.0,0.0]","[0.0,0.0,0.0,0.0,0.0,0.0,0.0,0.0]","[0.0,0.0,0.0,0.0,0.0,0.0,0.0,0.0]",255,1,1,0,,0,,,"[NaN,NaN,NaN]","[NaN,NaN,NaN,NaN]","[NaN,NaN,NaN,NaN,NaN,NaN]",0.002365,86,0,[],null,[],0,,,90.811262,,0,,0,,
2026-08-12T15:01:10.117153+00:00,19645.400064749,depth_scale_fixed_10cm_outbound,0,"[0.0,0.0,0.0,0.0]",1,1,1,1,0.000000,15090,754551,1,0,0,1,0,1517093983,56,19323,667,0,100,"[-0.4542221426963806,0.010496002621948719,-0.03390401229262352,0.8901812434196472]","[0.011527935042977333,0.02059696428477764,-0.011250008828938007]","[-0.1866379976272583,-0.6918789744377136,9.826140403747559]",-2.19837594,-0.0112500088,0.317790151,3114.34375,"[0.0,0.0,0.0,0.0]","[0.0,0.0,0.0,0.0,0.0,0.0,0.0,0.0]","[0.0,0.0,0.0,0.0,0.0,0.0,0.0,0.0]",255,1,1,0,,0,,,"[NaN,NaN,NaN]","[NaN,NaN,NaN,NaN]","[NaN,NaN,NaN,NaN,NaN,NaN]",0.001089,87,0,[],null,[],0,,,92.661241,,0,,0,,
2026-08-12T15:01:10.167465+00:00,19645.450507751,depth_scale_fixed_10cm_outbound,0,"[0.0,0.0,0.0,0.0]",1,1,1,1,0.000000,15091,754601,1,0,0,1,0,1517093983,57,34935,668,0,98,"[-0.453952431678772,0.00993500929325819,-0.03375603258609772,0.8903308510780334]","[0.015165708027780056,0.018093427643179893,-0.009960716590285301]","[-0.1961359977722168,-0.6870970129966736,9.821162223815918]",-2.19901729,-0.00996071659,0.317790151,3114.34375,"[0.0,0.0,0.0,0.0]","[0.0,0.0,0.0,0.0,0.0,0.0,0.0,0.0]","[0.0,0.0,0.0,0.0,0.0,0.0,0.0,0.0]",255,1,1,0,,0,,,"[NaN,NaN,NaN]","[NaN,NaN,NaN,NaN]","[NaN,NaN,NaN,NaN,NaN,NaN]",0.000599,89,0,[],null,[],0,,,89.870587,,0,,0,,
2026-08-12T15:01:10.216799+00:00,19645.499828381,depth_scale_fixed_10cm_outbound,0,"[0.0,0.0,0.0,0.0]",1,1,1,1,0.000000,15092,754651,1,0,0,1,0,1517093983,58,20754,669,0,100,"[-0.45369815826416016,0.009421003051102161,-0.03359201177954674,0.8904722332954407]","[0.01149999164044857,0.016245508566498756,-0.009949703700840473]","[-0.20083799958229065,-0.6726070046424866,9.823293685913086]",-2.19961977,-0.0099497037,0.317386776,3110.39062,"[0.0,0.0,0.0,0.0]","[0.0,0.0,0.0,0.0,0.0,0.0,0.0,0.0]","[0.0,0.0,0.0,0.0,0.0,0.0,0.0,0.0]",255,1,1,0,,0,,,"[NaN,NaN,NaN]","[NaN,NaN,NaN,NaN]","[NaN,NaN,NaN,NaN,NaN,NaN]",0.000886,90,0,[],null,[],0,,,88.269066,,0,,0,,
2026-08-12T15:01:10.269639+00:00,19645.551671872,depth_scale_fixed_10cm_outbound,0,"[0.0,0.0,0.0,0.0]",1,1,1,1,0.000000,15093,754701,1,0,0,1,0,1517093983,59,53588,670,0,102,"[-0.4534623622894287,0.009005006402730942,-0.033511027693748474,0.8905997276306152]","[0.004176729824393988,0.01444687694311142,-0.007922678254544735]","[-0.20957699418067932,-0.6734169721603394,9.82000732421875]",-2.20017457,-0.00792267825,0.317386776,3110.39062,"[0.0,0.0,0.0,0.0]","[0.0,0.0,0.0,0.0,0.0,0.0,0.0,0.0]","[0.0,0.0,0.0,0.0,0.0,0.0,0.0,0.0]",255,1,1,0,,0,,,"[NaN,NaN,NaN]","[NaN,NaN,NaN,NaN]","[NaN,NaN,NaN,NaN,NaN,NaN]",0.001601,92,0,[],null,[],0,,,87.724881,,0,,0,,
2026-08-12T15:01:10.316805+00:00,19645.599846593,depth_scale_fixed_10cm_outbound,0,"[0.0,0.0,0.0,0.0]",1,1,1,1,0.000000,15094,754751,1,0,0,1,0,1517093983,60,24783,671,0,100,"[-0.4532663822174072,0.008718007244169712,-0.03355703130364418,0.89070063829422]","[-0.001929653575643897,0.011995997279882431,-0.007507743313908577]","[-0.21509799361228943,-0.6579980254173279,9.830111503601074]",-2.20063281,-0.00750774331,0.317029655,3106.89062,"[0.0,0.0,0.0,0.0]","[0.0,0.0,0.0,0.0,0.0,0.0,0.0,0.0]","[0.0,0.0,0.0,0.0,0.0,0.0,0.0,0.0]",255,1,1,0,,0,,,"[NaN,NaN,NaN]","[NaN,NaN,NaN,NaN]","[NaN,NaN,NaN,NaN,NaN,NaN]",0.000897,93,0,[],null,[],0,,,87.633393,,0,,0,,
2026-08-12T15:01:10.369639+00:00,19645.651682277,depth_scale_fixed_10cm_outbound,0,"[0.0,0.0,0.0,0.0]",1,1,1,1,0.000000,15095,754801,1,0,0,1,0,1517093983,61,55401,672,0,100,"[-0.4530841112136841,0.00853700190782547,-0.03363300859928131,0.8907922506332397]","[-0.0007264061132445931,0.00949275866150856,-0.00745611684396863]","[-0.2127559930086136,-0.6676679849624634,9.827880859375]",-2.20105362,-0.00745611684,0.317029655,3106.89062,"[0.0,0.0,0.0,0.0]","[0.0,0.0,0.0,0.0,0.0,0.0,0.0,0.0]","[0.0,0.0,0.0,0.0,0.0,0.0,0.0,0.0]",255,1,1,0,,0,,,"[NaN,NaN,NaN]","[NaN,NaN,NaN,NaN]","[NaN,NaN,NaN,NaN,NaN,NaN]",0.001610,95,0,[],null,[],0,,,85.300422,,0,,0,,
2026-08-12T15:01:10.416792+00:00,19645.699830438,depth_scale_fixed_10cm_outbound,0,"[0.0,0.0,0.0,0.0]",1,1,1,1,0.000000,15096,754851,1,0,0,1,0,1517093983,62,34034,673,0,100,"[-0.4529304504394531,0.008426007814705372,-0.033725034445524216,0.8908678889274597]","[-0.00562139181420207,0.00643588462844491,-0.0049845557659864426]","[-0.22230499982833862,-0.6675869822502136,9.830171585083008]",-2.201406,-0.00498455577,0.317029655,3106.89062,"[0.0,0.0,0.0,0.0]","[0.0,0.0,0.0,0.0,0.0,0.0,0.0,0.0]","[0.0,0.0,0.0,0.0,0.0,0.0,0.0,0.0]",255,1,1,0,,0,,,"[NaN,NaN,NaN]","[NaN,NaN,NaN,NaN]","[NaN,NaN,NaN,NaN,NaN,NaN]",0.000888,96,0,[],null,[],0,,,83.781759,,0,,0,,
2026-08-12T15:01:10.469673+00:00,19645.751705216,depth_scale_fixed_10cm_outbound,0,"[0.0,0.0,0.0,0.0]",1,1,1,1,0.000000,15097,754901,1,0,0,1,0,1517093983,63,10471,674,0,100,"[-0.45278722047805786,0.008389003574848175,-0.03382301330566406,0.8909373879432678]","[-0.0044181435368955135,0.003932645544409752,-0.004932946525514126]","[-0.20809200406074524,-0.6795330047607422,9.840103149414062]",-2.20173049,-0.00493294653,0.316645414,3103.125,"[0.0,0.0,0.0,0.0]","[0.0,0.0,0.0,0.0,0.0,0.0,0.0,0.0]","[0.0,0.0,0.0,0.0,0.0,0.0,0.0,0.0]",127,1,1,0,,0,,,"[NaN,NaN,NaN]","[NaN,NaN,NaN,NaN]","[NaN,NaN,NaN,NaN,NaN,NaN]",0.001604,98,0,[],null,[],0,,,87.217088,,0,,0,,
2026-08-12T15:01:10.516858+00:00,19645.799896176,depth_scale_fixed_10cm_outbound,0,"[0.0,0.0,0.0,0.0]",1,1,1,1,0.000000,15098,754951,1,0,0,1,0,1517093983,64,59628,675,0,100,"[-0.4526631534099579,0.008390002883970737,-0.03387701138854027,0.8909983038902283]","[-0.0050346991047263145,0.0026888891588896513,-0.0049145156517624855]","[-0.219869002699852,-0.6579769849777222,9.830056190490723]",-2.2020092,-0.00491451565,0.316645414,3103.125,"[0.0,0.0,0.0,0.0]","[0.0,0.0,0.0,0.0,0.0,0.0,0.0,0.0]","[0.0,0.0,0.0,0.0,0.0,0.0,0.0,0.0]",127,1,1,0,,0,,,"[NaN,NaN,NaN]","[NaN,NaN,NaN,NaN]","[NaN,NaN,NaN,NaN,NaN,NaN]",0.000878,99,0,[],null,[],0,,,85.441904,,0,,0,,
2026-08-12T15:01:10.568504+00:00,19645.851615913,depth_scale_fixed_10cm_outbound,0,"[0.0,0.0,0.0,0.0]",1,1,1,1,0.000000,15099,755001,1,0,0,1,0,1517093983,65,31020,676,0,100,"[-0.4525524377822876,0.008445007726550102,-0.03396103158593178,0.8910508751869202]","[-0.0064609297551214695,0.0016480621416121721,-0.0057199676521122456]","[-0.19832700490951538,-0.6707010269165039,9.791311264038086]",-2.20225477,-0.00571996765,0.31629464,3099.6875,"[0.0,0.0,0.0,0.0]","[0.0,0.0,0.0,0.0,0.0,0.0,0.0,0.0]","[0.0,0.0,0.0,0.0,0.0,0.0,0.0,0.0]",127,1,1,0,,0,,,"[NaN,NaN,NaN]","[NaN,NaN,NaN,NaN]","[NaN,NaN,NaN,NaN,NaN,NaN]",0.001562,101,0,[],null,[],0,,,87.992872,,0,,0,,
2026-08-12T15:01:10.616776+00:00,19645.899816507,depth_scale_fixed_10cm_outbound,0,"[0.0,0.0,0.0,0.0]",1,1,1,1,0.000000,15100,755051,1,0,0,1,0,1517093983,66,52176,677,0,100,"[-0.45244333148002625,0.008494006469845772,-0.034047022461891174,0.8911025524139404]","[-0.005651254206895828,0.001445150119252503,-0.00489610293880105]","[-0.19352200627326965,-0.6733359694480896,9.777810096740723]",-2.20249748,-0.00489610294,0.31629464,3099.6875,"[0.0,0.0,0.0,0.0]","[0.0,0.0,0.0,0.0,0.0,0.0,0.0,0.0]","[0.0,0.0,0.0,0.0,0.0,0.0,0.0,0.0]",255,1,1,0,,0,,,"[NaN,NaN,NaN]","[NaN,NaN,NaN,NaN]","[NaN,NaN,NaN,NaN,NaN,NaN]",0.000883,102,0,[],null,[],0,,,86.370991,,0,,0,,
2026-08-12T15:01:10.669239+00:00,19645.951433768,depth_scale_fixed_10cm_outbound,0,"[0.0,0.0,0.0,0.0]",1,1,1,1,0.000000,15101,755101,1,0,0,1,0,1517093983,67,35234,678,0,100,"[-0.4523364305496216,0.008530008606612682,-0.03411603346467018,0.8911538124084473]","[-0.004425614140927792,0.002684962237253785,-0.004910815507173538]","[-0.18882399797439575,-0.6755070090293884,9.794689178466797]",-2.20273542,-0.00491081551,0.316053092,3097.32031,"[0.0,0.0,0.0,0.0]","[0.0,0.0,0.0,0.0,0.0,0.0,0.0,0.0]","[0.0,0.0,0.0,0.0,0.0,0.0,0.0,0.0]",255,1,1,0,,0,,,"[NaN,NaN,NaN]","[NaN,NaN,NaN,NaN]","[NaN,NaN,NaN,NaN,NaN,NaN]",0.001482,104,0,[],null,[],0,,,88.939822,,0,,0,,
2026-08-12T15:01:10.719679+00:00,19646.001720486,depth_scale_fixed_10cm_outbound,0,"[0.0,0.0,0.0,0.0]",1,1,1,1,0.000000,15102,755151,1,0,0,1,0,1517093983,68,15193,679,0,102,"[-0.4522131085395813,0.008562000468373299,-0.034139007329940796,0.8912152647972107]","[-0.0032214766833931208,0.00017402679077349603,-0.005470664706081152]","[-0.19598299264907837,-0.6779159903526306,9.792242050170898]",-2.20301008,-0.00547066471,0.316053092,3097.32031,"[0.0,0.0,0.0,0.0]","[0.0,0.0,0.0,0.0,0.0,0.0,0.0,0.0]","[0.0,0.0,0.0,0.0,0.0,0.0,0.0,0.0]",255,1,1,0,,0,,,"[NaN,NaN,NaN]","[NaN,NaN,NaN,NaN]","[NaN,NaN,NaN,NaN,NaN,NaN]",0.002365,105,0,[],null,[],0,,,87.690816,,0,,0,,
2026-08-12T15:01:10.767055+00:00,19646.050114813,depth_scale_fixed_10cm_outbound,0,"[0.0,0.0,0.0,0.0]",1,1,1,1,0.000000,15103,755201,1,0,0,1,0,1517093983,69,35020,680,0,98,"[-0.4520922899246216,0.008588005788624287,-0.034130021929740906,0.8912765979766846]","[-0.0020088390447199345,-0.00044224897283129394,-0.00422929972410202]","[-0.16499300301074982,-0.6976680159568787,9.768900871276855]",-2.20327926,-0.00422929972,0.316053092,3097.32031,"[0.0,0.0,0.0,0.0]","[0.0,0.0,0.0,0.0,0.0,0.0,0.0,0.0]","[0.0,0.0,0.0,0.0,0.0,0.0,0.0,0.0]",240,1,1,0,,0,,,"[NaN,NaN,NaN]","[NaN,NaN,NaN,NaN]","[NaN,NaN,NaN,NaN,NaN,NaN]",0.000577,107,0,[],null,[],0,,,85.375178,,0,,0,,
2026-08-12T15:01:10.817757+00:00,19646.100463153,depth_scale_fixed_10cm_outbound,0,"[0.0,0.0,0.0,0.0]",1,1,1,1,0.000000,15104,755251,1,0,0,1,0,1517093983,70,60450,681,0,99,"[-0.45196524262428284,0.008550005033612251,-0.034023016691207886,0.8913455009460449]","[0.0059194415807724,0.0007311533554457128,-0.006037774961441755]","[-0.17220400273799896,-0.7047780156135559,9.773720741271973]",-2.20356512,-0.00603777496,0.315792412,3094.76562,"[0.0,0.0,0.0,0.0]","[0.0,0.0,0.0,0.0,0.0,0.0,0.0,0.0]","[0.0,0.0,0.0,0.0,0.0,0.0,0.0,0.0]",240,1,1,0,,0,,,"[NaN,NaN,NaN]","[NaN,NaN,NaN,NaN]","[NaN,NaN,NaN,NaN,NaN,NaN]",0.001387,108,0,[],null,[],0,,,84.243918,,0,,0,,
2026-08-12T15:01:10.869638+00:00,19646.151662243,depth_scale_fixed_10cm_outbound,0,"[0.0,0.0,0.0,0.0]",1,1,1,1,0.000000,15105,755301,1,0,0,1,0,1517093983,71,65244,682,0,102,"[-0.4518211781978607,0.00843800324946642,-0.03381801024079323,0.8914273381233215]","[0.008972336538136005,0.001959166955202818,-0.0060414220206439495]","[-0.1697549968957901,-0.692762017250061,9.773571968078613]",-2.20389295,-0.00604142202,0.315792412,3094.76562,"[0.0,0.0,0.0,0.0]","[0.0,0.0,0.0,0.0,0.0,0.0,0.0,0.0]","[0.0,0.0,0.0,0.0,0.0,0.0,0.0,0.0]",240,1,1,0,,0,,,"[NaN,NaN,NaN]","[NaN,NaN,NaN,NaN]","[NaN,NaN,NaN,NaN,NaN,NaN]",0.001617,110,0,[],null,[],0,,,83.154527,,0,,0,,
2026-08-12T15:01:10.919690+00:00,19646.201751899,depth_scale_fixed_10cm_outbound,0,"[0.0,0.0,0.0,0.0]",1,1,1,1,0.000000,15106,755351,1,0,0,1,0,1517093983,72,58177,683,0,101,"[-0.4516682028770447,0.008279004134237766,-0.03352701663970947,0.8915174007415771]","[0.013845033943653107,0.0019276987295597792,-0.006011873949319124]","[-0.16736599802970886,-0.690330982208252,9.775960922241211]",-2.20424271,-0.00601187395,0.315637767,3093.25,"[0.0,0.0,0.0,0.0]","[0.0,0.0,0.0,0.0,0.0,0.0,0.0,0.0]","[0.0,0.0,0.0,0.0,0.0,0.0,0.0,0.0]",240,1,1,0,,0,,,"[NaN,NaN,NaN]","[NaN,NaN,NaN,NaN]","[NaN,NaN,NaN,NaN,NaN,NaN]",0.002356,111,0,[],null,[],0,,,81.86938,,0,,0,,
2026-08-12T15:01:10.969640+00:00,19646.251701752,depth_scale_fixed_10cm_outbound,0,"[0.0,0.0,0.0,0.0]",1,1,1,1,0.000000,15107,755401,1,0,0,1,0,1517093983,73,23415,684,0,100,"[-0.4515193700790405,0.008090006187558174,-0.033177025616168976,0.8916076421737671]","[0.017489368095993996,0.0006795614026486874,-0.0041332365944981575]","[-0.16967900097370148,-0.6783300042152405,9.773361206054688]",-2.20458412,-0.00413323659,0.315637767,3093.25,"[0.0,0.0,0.0,0.0]","[0.0,0.0,0.0,0.0,0.0,0.0,0.0,0.0]","[0.0,0.0,0.0,0.0,0.0,0.0,0.0,0.0]",240,1,1,0,,0,,,"[NaN,NaN,NaN]","[NaN,NaN,NaN,NaN]","[NaN,NaN,NaN,NaN,NaN,NaN]",0.001618,113,0,[],null,[],0,,,82.732474,,0,,0,,
2026-08-12T15:01:11.017147+00:00,19646.299982122,depth_scale_fixed_10cm_outbound,0,"[0.0,0.0,0.0,0.0]",1,1,1,1,0.000000,15108,755451,1,0,0,1,0,1517093983,74,16281,685,0,98,"[-0.451364129781723,0.007902002893388271,-0.032735008746385574,0.891704261302948]","[0.012604454532265663,-0.0018074630061164498,-0.005952898878604174]","[-0.15759600698947906,-0.6519989967346191,9.768314361572266]",-2.20493865,-0.00595289888,0.315459967,3091.50781,"[0.0,0.0,0.0,0.0]","[0.0,0.0,0.0,0.0,0.0,0.0,0.0,0.0]","[0.0,0.0,0.0,0.0,0.0,0.0,0.0,0.0]",255,1,1,0,,0,,,"[NaN,NaN,NaN]","[NaN,NaN,NaN,NaN]","[NaN,NaN,NaN,NaN,NaN,NaN]",0.001004,114,0,[],null,[],0,,,86.330812,,0,,0,,
2026-08-12T15:01:11.068856+00:00,19646.351343104,depth_scale_fixed_10cm_outbound,0,"[0.0,0.0,0.0,0.0]",1,1,1,1,0.000000,15109,755501,1,0,0,1,0,1517093983,75,57350,686,0,100,"[-0.4512641131877899,0.007802002597600222,-0.032366007566452026,0.8917692303657532]","[0.01198983658105135,-0.0024119403678923845,-0.0047226338647305965]","[-0.16713599860668182,-0.642113983631134,9.782451629638672]",-2.20516491,-0.00472263386,0.315459967,3091.50781,"[0.0,0.0,0.0,0.0]","[0.0,0.0,0.0,0.0,0.0,0.0,0.0,0.0]","[0.0,0.0,0.0,0.0,0.0,0.0,0.0,0.0]",255,1,1,0,,0,,,"[NaN,NaN,NaN]","[NaN,NaN,NaN,NaN]","[NaN,NaN,NaN,NaN,NaN,NaN]",0.001298,116,0,[],null,[],0,,,88.664316,,0,,0,,
2026-08-12T15:01:11.118825+00:00,19646.401695230,depth_scale_fixed_10cm_outbound,0,"[0.0,0.0,0.0,0.0]",1,1,1,1,0.000000,15110,755551,1,0,0,1,0,1517093983,76,14692,687,0,102,"[-0.451196551322937,0.007780009415000677,-0.03204604238271713,0.8918151259422302]","[0.006485766265541315,-0.00546490540727973,-0.002254773396998644]","[-0.13279299437999725,-0.6396629810333252,9.74362850189209]",-2.20531416,-0.0022547734,0.315417737,3091.09375,"[0.0,0.0,0.0,0.0]","[0.0,0.0,0.0,0.0,0.0,0.0,0.0,0.0]","[0.0,0.0,0.0,0.0,0.0,0.0,0.0,0.0]",255,1,1,0,,0,,,"[NaN,NaN,NaN]","[NaN,NaN,NaN,NaN]","[NaN,NaN,NaN,NaN,NaN,NaN]",0.002352,117,0,[],null,[],0,,,86.832962,,0,,0,,
2026-08-12T15:01:11.168836+00:00,19646.451719931,depth_scale_fixed_10cm_outbound,0,"[0.0,0.0,0.0,0.0]",1,1,1,1,0.000000,15111,755601,1,0,0,1,0,1517093983,77,28581,688,0,100,"[-0.4511483311653137,0.007860005833208561,-0.03185602277517319,0.8918456435203552]","[0.0003856305265799165,-0.0066578201949596405,-0.001046691439114511]","[-0.08577799797058105,-0.6436240077018738,9.70904541015625]",-2.20541573,-0.00104669144,0.315417737,3091.09375,"[0.0,0.0,0.0,0.0]","[0.0,0.0,0.0,0.0,0.0,0.0,0.0,0.0]","[0.0,0.0,0.0,0.0,0.0,0.0,0.0,0.0]",251,1,1,0,,0,,,"[NaN,NaN,NaN]","[NaN,NaN,NaN,NaN]","[NaN,NaN,NaN,NaN,NaN,NaN]",0.001624,119,0,[],null,[],0,,,88.744514,,0,,0,,
2026-08-12T15:01:11.219617+00:00,19646.501675232,depth_scale_fixed_10cm_outbound,0,"[0.0,0.0,0.0,0.0]",1,1,1,1,0.000000,15112,755651,1,0,0,1,0,1517093983,78,47072,689,0,100,"[-0.4511561691761017,0.007995004765689373,-0.03177301585674286,0.8918433785438538]","[-0.002659672638401389,-0.005983477924019098,0.001369577250443399]","[-0.09521699696779251,-0.6292579770088196,9.701529502868652]",-2.2053895,0.00136957725,0.315503806,3091.9375,"[0.0,0.0,0.0,0.0]","[0.0,0.0,0.0,0.0,0.0,0.0,0.0,0.0]","[0.0,0.0,0.0,0.0,0.0,0.0,0.0,0.0]",251,1,1,0,,0,,,"[NaN,NaN,NaN]","[NaN,NaN,NaN,NaN]","[NaN,NaN,NaN,NaN,NaN,NaN]",0.002342,120,0,[],null,[],0,,,87.179528,,0,,0,,
2026-08-12T15:01:11.269637+00:00,19646.551698081,depth_scale_fixed_10cm_outbound,0,"[0.0,0.0,0.0,0.0]",1,1,1,1,0.000000,15113,755701,1,0,0,1,0,1517093983,79,42622,690,0,100,"[-0.45118820667266846,0.008194002322852612,-0.03177201375365257,0.8918254375457764]","[-0.0057143825106322765,-0.007196062244474888,0.0025961424689739943]","[-0.09053999930620193,-0.6485599875450134,9.699468612670898]",-2.20530605,0.00259614247,0.315503806,3091.9375,"[0.0,0.0,0.0,0.0]","[0.0,0.0,0.0,0.0,0.0,0.0,0.0,0.0]","[0.0,0.0,0.0,0.0,0.0,0.0,0.0,0.0]",235,1,1,0,,0,,,"[NaN,NaN,NaN]","[NaN,NaN,NaN,NaN]","[NaN,NaN,NaN,NaN,NaN,NaN]",0.000535,122,0,[],null,[],0,,,87.348217,,0,,0,,
2026-08-12T15:01:11.319628+00:00,19646.601684048,depth_scale_fixed_10cm_outbound,0,"[0.0,0.0,0.0,0.0]",1,1,1,1,0.000000,15114,755751,1,0,0,1,0,1517093983,80,8264,691,0,100,"[-0.4512253403663635,0.008439005352556705,-0.03182102367281914,0.8918026685714722]","[-0.00693449005484581,-0.007827453315258026,0.0013769078068435192]","[-0.0976869985461235,-0.643642008304596,9.704113006591797]",-2.20520878,0.00137690781,0.315668017,3093.54688,"[0.0,0.0,0.0,0.0]","[0.0,0.0,0.0,0.0,0.0,0.0,0.0,0.0]","[0.0,0.0,0.0,0.0,0.0,0.0,0.0,0.0]",235,1,1,0,,0,,,"[NaN,NaN,NaN]","[NaN,NaN,NaN,NaN]","[NaN,NaN,NaN,NaN,NaN,NaN]",0.002338,123,0,[],null,[],0,,,85.907699,,0,,0,,
2026-08-12T15:01:11.368771+00:00,19646.651101090,depth_scale_fixed_10cm_outbound,0,"[0.0,0.0,0.0,0.0]",1,1,1,1,0.000000,15115,755801,1,0,0,1,0,1517093983,81,3075,692,0,100,"[-0.4512622654438019,0.008749004453420639,-0.0318630188703537,0.8917794227600098]","[-0.009385770186781883,-0.01030709408223629,0.001406368799507618]","[-0.08102499693632126,-0.6484929919242859,9.70677375793457]",-2.20510769,0.0014063688,0.315668017,3093.54688,"[0.0,0.0,0.0,0.0]","[0.0,0.0,0.0,0.0,0.0,0.0,0.0,0.0]","[0.0,0.0,0.0,0.0,0.0,0.0,0.0,0.0]",239,1,1,0,,0,,,"[NaN,NaN,NaN]","[NaN,NaN,NaN,NaN]","[NaN,NaN,NaN,NaN,NaN,NaN]",0.001341,125,0,[],null,[],0,,,88.197243,,0,,0,,
2026-08-12T15:01:11.419565+00:00,19646.701636090,depth_scale_fixed_10cm_outbound,0,"[0.0,0.0,0.0,0.0]",1,1,1,1,0.000000,15116,755851,1,0,0,1,0,1517093983,82,14881,693,0,100,"[-0.45128321647644043,0.009055005386471748,-0.03193001449108124,0.8917633891105652]","[-0.007748407311737537,-0.007806787732988596,0.0025948856491595507]","[-0.0722310021519661,-0.6520220041275024,9.6885347366333]",-2.2050426,0.00259488565,0.315774858,3094.59375,"[0.0,0.0,0.0,0.0]","[0.0,0.0,0.0,0.0,0.0,0.0,0.0,0.0]","[0.0,0.0,0.0,0.0,0.0,0.0,0.0,0.0]",239,1,1,0,,0,,,"[NaN,NaN,NaN]","[NaN,NaN,NaN,NaN]","[NaN,NaN,NaN,NaN,NaN,NaN]",0.002345,126,0,[],null,[],0,,,87.489599,,0,,0,,
2026-08-12T15:01:11.469702+00:00,19646.751719572,depth_scale_fixed_10cm_outbound,0,"[0.0,0.0,0.0,0.0]",1,1,1,1,0.000000,15117,755901,1,0,0,1,0,1517093983,83,11199,694,0,100,"[-0.4513203501701355,0.009326007217168808,-0.03201702609658241,0.8917387127876282]","[-0.010588091798126698,-0.0078115700744092464,0.000743283424526453]","[-0.047586001455783844,-0.6660709977149963,9.669034957885742]",-2.20494342,0.000743283425,0.315774858,3094.59375,"[0.0,0.0,0.0,0.0]","[0.0,0.0,0.0,0.0,0.0,0.0,0.0,0.0]","[0.0,0.0,0.0,0.0,0.0,0.0,0.0,0.0]",255,1,1,0,,0,,,"[NaN,NaN,NaN]","[NaN,NaN,NaN,NaN]","[NaN,NaN,NaN,NaN,NaN,NaN]",0.001606,128,0,[],null,[],0,,,86.579059,,0,,0,,
2026-08-12T15:01:11.519775+00:00,19646.801793432,depth_scale_fixed_10cm_outbound,0,"[0.0,0.0,0.0,0.0]",1,1,1,1,0.000000,15118,755951,1,0,0,1,0,1517093983,84,62461,695,0,100,"[-0.45133113861083984,0.00953600276261568,-0.03209401294589043,0.8917282223701477]","[-0.006917734630405903,-0.005347514525055885,0.00010976376506732777]","[-0.04994099959731102,-0.6637279987335205,9.664175987243652]",-2.20490646,0.000109763765,0.315987736,3096.67969,"[0.0,0.0,0.0,0.0]","[0.0,0.0,0.0,0.0,0.0,0.0,0.0,0.0]","[0.0,0.0,0.0,0.0,0.0,0.0,0.0,0.0]",255,1,1,0,,0,,,"[NaN,NaN,NaN]","[NaN,NaN,NaN,NaN]","[NaN,NaN,NaN,NaN,NaN,NaN]",0.002422,129,0,[],null,[],0,,,88.595523,,0,,0,,
2026-08-12T15:01:11.569667+00:00,19646.851717482,depth_scale_fixed_10cm_outbound,0,"[0.0,0.0,0.0,0.0]",1,1,1,1,0.000000,15119,756001,1,0,0,1,0,1517093983,85,21320,696,0,100,"[-0.45136111974716187,0.009726001881062984,-0.032200008630752563,0.8917072415351868]","[-0.010570324957370758,-0.004684655927121639,0.0012994500575587153]","[-0.04280700162053108,-0.671051025390625,9.659568786621094]",-2.20482826,0.00129945006,0.315987736,3096.67969,"[0.0,0.0,0.0,0.0]","[0.0,0.0,0.0,0.0,0.0,0.0,0.0,0.0]","[0.0,0.0,0.0,0.0,0.0,0.0,0.0,0.0]",255,1,1,0,,0,,,"[NaN,NaN,NaN]","[NaN,NaN,NaN,NaN]","[NaN,NaN,NaN,NaN,NaN,NaN]",0.001684,131,0,[],null,[],0,,,91.201498,,0,,0,,
2026-08-12T15:01:11.619684+00:00,19646.901730283,depth_scale_fixed_10cm_outbound,0,"[0.0,0.0,0.0,0.0]",1,1,1,1,0.000000,15120,756051,1,0,0,1,0,1517093983,86,57492,697,0,100,"[-0.4513881504535675,0.009891003370285034,-0.032352007925510406,0.891686201095581]","[-0.010560935363173485,-0.0027977104764431715,0.002489170990884304]","[-0.04997500032186508,-0.6734229922294617,9.659520149230957]",-2.20475817,0.00248917099,0.315987736,3096.67969,"[0.0,0.0,0.0,0.0]","[0.0,0.0,0.0,0.0,0.0,0.0,0.0,0.0]","[0.0,0.0,0.0,0.0,0.0,0.0,0.0,0.0]",255,1,1,0,,0,,,"[NaN,NaN,NaN]","[NaN,NaN,NaN,NaN]","[NaN,NaN,NaN,NaN,NaN,NaN]",0.002391,132,0,[],null,[],0,,,89.574224,,0,,0,,
2026-08-12T15:01:11.667940+00:00,19646.950732748,depth_scale_fixed_10cm_outbound,0,"[0.0,0.0,0.0,0.0]",1,1,1,1,0.000000,15121,756101,1,0,0,1,0,1517093983,87,41926,698,0,99,"[-0.45144835114479065,0.010017006658017635,-0.032562024891376495,0.891646683216095]","[-0.011765997856855392,-0.00027906071045435965,0.0036604618653655052]","[-0.049963001161813736,-0.6660969853401184,9.666609764099121]",-2.20461702,0.00366046187,0.31621331,3098.89062,"[0.0,0.0,0.0,0.0]","[0.0,0.0,0.0,0.0,0.0,0.0,0.0,0.0]","[0.0,0.0,0.0,0.0,0.0,0.0,0.0,0.0]",255,1,1,0,,0,,,"[NaN,NaN,NaN]","[NaN,NaN,NaN,NaN]","[NaN,NaN,NaN,NaN,NaN,NaN]",0.000937,134,0,[],null,[],0,,,89.115275,,0,,0,,
2026-08-12T15:01:11.718362+00:00,19647.001195197,depth_scale_fixed_10cm_outbound,0,"[0.0,0.0,0.0,0.0]",1,1,1,1,0.000000,15122,756151,1,0,0,1,0,1517093983,88,50977,699,0,99,"[-0.45153719186782837,0.010127004235982895,-0.03283601626753807,0.8915903568267822]","[-0.012170076370239258,0.0005810376023873687,0.005681430920958519]","[-0.06435699760913849,-0.6763319969177246,9.674591064453125]",-2.2044127,0.00568143092,0.31621331,3098.89062,"[0.0,0.0,0.0,0.0]","[0.0,0.0,0.0,0.0,0.0,0.0,0.0,0.0]","[0.0,0.0,0.0,0.0,0.0,0.0,0.0,0.0]",255,1,1,0,,0,,,"[NaN,NaN,NaN]","[NaN,NaN,NaN,NaN]","[NaN,NaN,NaN,NaN,NaN,NaN]",0.001855,135,0,[],null,[],0,,,87.13603,,0,,0,,
2026-08-12T15:01:11.768238+00:00,19647.051386528,depth_scale_fixed_10cm_outbound,0,"[0.0,0.0,0.0,0.0]",1,1,1,1,0.000000,15123,756201,1,0,0,1,0,1517093983,89,16514,700,0,100,"[-0.45164954662323,0.01023001130670309,-0.03311704099178314,0.8915219306945801]","[-0.014797286130487919,0.0028983461670577526,0.0066439625807106495]","[-0.06452000141143799,-0.694491982460022,9.69324779510498]",-2.2041564,0.00664396258,0.316403836,3100.75781,"[0.0,0.0,0.0,0.0]","[0.0,0.0,0.0,0.0,0.0,0.0,0.0,0.0]","[0.0,0.0,0.0,0.0,0.0,0.0,0.0,0.0]",255,1,1,0,,0,,,"[NaN,NaN,NaN]","[NaN,NaN,NaN,NaN]","[NaN,NaN,NaN,NaN,NaN,NaN]",0.001336,137,0,[],null,[],0,,,86.208403,,0,,0,,
2026-08-12T15:01:11.818999+00:00,19647.101681370,depth_scale_fixed_10cm_outbound,0,"[0.0,0.0,0.0,0.0]",1,1,1,1,0.000000,15124,756251,1,0,0,1,0,1517093983,90,51192,701,0,101,"[-0.45180031657218933,0.010311007499694824,-0.03338402509689331,0.8914346694946289]","[-0.01054294127970934,0.001638567540794611,0.00791484210640192]","[-0.059843000024557114,-0.7088729739189148,9.698308944702148]",-2.20381546,0.00791484211,0.316403836,3100.75781,"[0.0,0.0,0.0,0.0]","[0.0,0.0,0.0,0.0,0.0,0.0,0.0,0.0]","[0.0,0.0,0.0,0.0,0.0,0.0,0.0,0.0]",255,1,1,0,,0,,,"[NaN,NaN,NaN]","[NaN,NaN,NaN,NaN]","[NaN,NaN,NaN,NaN,NaN,NaN]",0.002344,138,0,[],null,[],0,,,84.729629,,0,,0,,
2026-08-12T15:01:11.869592+00:00,19647.151645144,depth_scale_fixed_10cm_outbound,0,"[0.0,0.0,0.0,0.0]",1,1,1,1,0.000000,15125,756301,1,0,0,1,0,1517093983,91,49087,702,0,101,"[-0.4519832730293274,0.010381007567048073,-0.03361101821064949,0.8913325071334839]","[-0.010549398139119148,0.001037860056385398,0.00976024754345417]","[-0.05990700051188469,-0.7110589742660522,9.712733268737793]",-2.20340228,0.00976024754,0.316643804,3103.10938,"[0.0,0.0,0.0,0.0]","[0.0,0.0,0.0,0.0,0.0,0.0,0.0,0.0]","[0.0,0.0,0.0,0.0,0.0,0.0,0.0,0.0]",255,1,1,0,,0,,,"[NaN,NaN,NaN]","[NaN,NaN,NaN,NaN]","[NaN,NaN,NaN,NaN,NaN,NaN]",0.001607,140,0,[],null,[],0,,,88.046294,,0,,0,,
2026-08-12T15:01:11.919629+00:00,19647.201686166,depth_scale_fixed_10cm_outbound,0,"[0.0,0.0,0.0,0.0]",1,1,1,1,0.000000,15126,756351,1,0,0,1,0,1517093983,92,61888,703,0,100,"[-0.45221325755119324,0.010430006310343742,-0.03373701870441437,0.8912105560302734]","[-0.005680331494659185,0.001037231762893498,0.012235613539814949]","[-0.05511999875307083,-0.7013120055198669,9.722241401672363]",-2.20288467,0.0122356135,0.316643804,3103.10938,"[0.0,0.0,0.0,0.0]","[0.0,0.0,0.0,0.0,0.0,0.0,0.0,0.0]","[0.0,0.0,0.0,0.0,0.0,0.0,0.0,0.0]",191,1,1,0,,0,,,"[NaN,NaN,NaN]","[NaN,NaN,NaN,NaN]","[NaN,NaN,NaN,NaN,NaN,NaN]",0.002351,141,0,[],null,[],0,,,86.098937,,0,,0,,
2026-08-12T15:01:11.970046+00:00,19647.251993873,depth_scale_fixed_10cm_outbound,0,"[0.0,0.0,0.0,0.0]",1,1,1,1,0.000000,15127,756401,1,0,0,1,0,1517093983,93,52664,704,0,101,"[-0.4524804949760437,0.010480010882019997,-0.03379703685641289,0.8910720348358154]","[-0.0020400630310177803,-0.0010503914672881365,0.013517540879547596]","[-0.0854789987206459,-0.7087389826774597,9.751587867736816]",-2.20228267,0.0135175409,0.316890925,3105.53125,"[0.0,0.0,0.0,0.0]","[0.0,0.0,0.0,0.0,0.0,0.0,0.0,0.0]","[0.0,0.0,0.0,0.0,0.0,0.0,0.0,0.0]",191,1,1,0,,0,,,"[NaN,NaN,NaN]","[NaN,NaN,NaN,NaN]","[NaN,NaN,NaN,NaN,NaN,NaN]",0.001623,143,0,[],null,[],0,,,88.907676,,0,,0,,
2026-08-12T15:01:12.019747+00:00,19647.301763484,depth_scale_fixed_10cm_outbound,0,"[0.0,0.0,0.0,0.0]",1,1,1,1,0.000000,15128,756451,1,0,0,1,0,1517093983,94,5629,705,0,100,"[-0.4527571201324463,0.010526002384722233,-0.033739008009433746,0.8909332156181335]","[0.002828201511874795,-0.002137016272172332,0.012342602014541626]","[-0.12217500060796738,-0.7047520279884338,9.79108715057373]",-2.20165896,0.012342602,0.316890925,3105.53125,"[0.0,0.0,0.0,0.0]","[0.0,0.0,0.0,0.0,0.0,0.0,0.0,0.0]","[0.0,0.0,0.0,0.0,0.0,0.0,0.0,0.0]",191,1,1,0,,0,,,"[NaN,NaN,NaN]","[NaN,NaN,NaN,NaN]","[NaN,NaN,NaN,NaN,NaN,NaN]",0.002364,144,0,[],null,[],0,,,92.545059,,0,,0,,
2026-08-12T15:01:12.069639+00:00,19647.351696442,depth_scale_fixed_10cm_outbound,0,"[0.0,0.0,0.0,0.0]",1,1,1,1,0.000000,15129,756501,1,0,0,1,0,1517093983,95,13478,706,0,99,"[-0.45303815603256226,0.010611003264784813,-0.03360601142048836,0.8907942771911621]","[-0.0014558664988726377,-0.005213263910263777,0.013594946824014187]","[-0.11734999716281891,-0.6927109956741333,9.793363571166992]",-2.20102191,0.0135949468,0.316975445,3106.35938,"[0.0,0.0,0.0,0.0]","[0.0,0.0,0.0,0.0,0.0,0.0,0.0,0.0]","[0.0,0.0,0.0,0.0,0.0,0.0,0.0,0.0]",255,1,1,0,,0,,,"[NaN,NaN,NaN]","[NaN,NaN,NaN,NaN]","[NaN,NaN,NaN,NaN,NaN,NaN]",0.002345,145,0,[],null,[],0,,,92.623738,,0,,0,,
2026-08-12T15:01:12.119640+00:00,19647.401631424,depth_scale_fixed_10cm_outbound,0,"[0.0,0.0,0.0,0.0]",1,1,1,1,0.000000,15130,756551,1,0,0,1,0,1517093983,96,31123,707,0,100,"[-0.45338016748428345,0.010771004483103752,-0.03352101519703865,0.890621542930603]","[-0.0045170169323682785,-0.007026555947959423,0.016666917130351067]","[-0.13645699620246887,-0.6974340081214905,9.793212890625]",-2.20024347,0.0166669171,0.316975445,3106.35938,"[0.0,0.0,0.0,0.0]","[0.0,0.0,0.0,0.0,0.0,0.0,0.0,0.0]","[0.0,0.0,0.0,0.0,0.0,0.0,0.0,0.0]",255,1,1,0,,0,,,"[NaN,NaN,NaN]","[NaN,NaN,NaN,NaN]","[NaN,NaN,NaN,NaN,NaN,NaN]",0.001599,147,0,[],null,[],0,,,90.491041,,0,,0,,
2026-08-12T15:01:12.169304+00:00,19647.451507242,depth_scale_fixed_10cm_outbound,0,"[0.0,0.0,0.0,0.0]",1,1,1,1,0.000000,15131,756601,1,0,0,1,0,1517093983,97,33514,708,0,100,"[-0.45372846722602844,0.011001011356711388,-0.03350503742694855,0.8904419541358948]","[-0.008183639496564865,-0.008866778574883938,0.017289388924837112]","[-0.12203100323677063,-0.6807720065116882,9.785938262939453]",-2.1994462,0.0172893889,0.317108572,3107.66406,"[0.0,0.0,0.0,0.0]","[0.0,0.0,0.0,0.0,0.0,0.0,0.0,0.0]","[0.0,0.0,0.0,0.0,0.0,0.0,0.0,0.0]",255,1,1,0,,0,,,"[NaN,NaN,NaN]","[NaN,NaN,NaN,NaN]","[NaN,NaN,NaN,NaN,NaN,NaN]",0.001459,149,0,[],null,[],0,,,92.147163,,0,,0,,
2026-08-12T15:01:12.219676+00:00,19647.501744388,depth_scale_fixed_10cm_outbound,0,"[0.0,0.0,0.0,0.0]",1,1,1,1,0.000000,15132,756651,1,0,0,1,0,1517093983,98,46280,709,0,100,"[-0.45409244298934937,0.011387010104954243,-0.03368203341960907,0.8902448415756226]","[-0.02403290569782257,-0.010620607994496822,0.018449440598487854]","[-0.12440299987792969,-0.6783549785614014,9.78587532043457]",-2.19860411,0.0184494406,0.317108572,3107.66406,"[0.0,0.0,0.0,0.0]","[0.0,0.0,0.0,0.0,0.0,0.0,0.0,0.0]","[0.0,0.0,0.0,0.0,0.0,0.0,0.0,0.0]",255,1,1,0,,0,,,"[NaN,NaN,NaN]","[NaN,NaN,NaN,NaN]","[NaN,NaN,NaN,NaN,NaN,NaN]",0.002405,150,0,[],null,[],0,,,89.973869,,0,,0,,
2026-08-12T15:01:12.268444+00:00,19647.551246485,depth_scale_fixed_10cm_outbound,0,"[0.0,0.0,0.0,0.0]",1,1,1,1,0.000000,15133,756701,1,0,0,1,0,1517093983,99,29284,710,0,99,"[-0.4544743001461029,0.011921007186174393,-0.034165021032094955,0.8900246024131775]","[-0.034985266625881195,-0.008678283542394638,0.018349798396229744]","[-0.15398600697517395,-0.7029290199279785,9.795492172241211]",-2.1977129,0.0183497984,0.317267209,3109.21875,"[0.0,0.0,0.0,0.0]","[0.0,0.0,0.0,0.0,0.0,0.0,0.0,0.0]","[0.0,0.0,0.0,0.0,0.0,0.0,0.0,0.0]",255,1,1,0,,0,,,"[NaN,NaN,NaN]","[NaN,NaN,NaN,NaN]","[NaN,NaN,NaN,NaN,NaN,NaN]",0.001198,152,0,[],null,[],0,,,88.029115,,0,,0,,
2026-08-12T15:01:12.317860+00:00,19647.600851841,depth_scale_fixed_10cm_outbound,0,"[0.0,0.0,0.0,0.0]",1,1,1,1,0.000000,15134,756751,1,0,0,1,0,1517093983,100,21031,711,0,99,"[-0.45484021306037903,0.012523004785180092,-0.03486001491546631,0.8898023962974548]","[-0.0410650335252285,-0.0074221170507371426,0.015844937413930893]","[-0.16772699356079102,-0.7207580208778381,9.831581115722656]",-2.19685197,0.0158449374,0.317267209,3109.21875,"[0.0,0.0,0.0,0.0]","[0.0,0.0,0.0,0.0,0.0,0.0,0.0,0.0]","[0.0,0.0,0.0,0.0,0.0,0.0,0.0,0.0]",255,1,1,0,,0,,,"[NaN,NaN,NaN]","[NaN,NaN,NaN,NaN]","[NaN,NaN,NaN,NaN,NaN,NaN]",0.001695,153,0,[],null,[],0,,,85.972648,,0,,0,,
2026-08-12T15:01:12.368627+00:00,19647.651636785,depth_scale_fixed_10cm_outbound,0,"[0.0,0.0,0.0,0.0]",1,1,1,1,0.000000,15135,756801,1,0,0,1,0,1517093983,101,26927,712,0,101,"[-0.4551774561405182,0.01312901172786951,-0.035675037652254105,0.8895888924598694]","[-0.043486449867486954,-0.004911025054752827,0.015785926952958107]","[-0.15820300579071045,-0.7404109835624695,9.807989120483398]",-2.19605446,0.015785927,0.317310274,3109.64062,"[0.0,0.0,0.0,0.0]","[0.0,0.0,0.0,0.0,0.0,0.0,0.0,0.0]","[0.0,0.0,0.0,0.0,0.0,0.0,0.0,0.0]",255,1,1,0,,0,,,"[NaN,NaN,NaN]","[NaN,NaN,NaN,NaN]","[NaN,NaN,NaN,NaN,NaN,NaN]",0.001604,155,0,[],null,[],0,,,85.278406,,0,,0,,
2026-08-12T15:01:12.419237+00:00,19647.701666481,depth_scale_fixed_10cm_outbound,0,"[0.0,0.0,0.0,0.0]",1,1,1,1,0.000000,15136,756851,1,0,0,1,0,1517093983,102,6962,713,0,101,"[-0.455473393201828,0.01364201307296753,-0.036510031670331955,0.8893957734107971]","[-0.03857846185564995,1.9547687770682387e-06,0.012058288790285587]","[-0.15840700268745422,-0.7788969874382019,9.808553695678711]",-2.19535494,0.0120582888,0.317310274,3109.64062,"[0.0,0.0,0.0,0.0]","[0.0,0.0,0.0,0.0,0.0,0.0,0.0,0.0]","[0.0,0.0,0.0,0.0,0.0,0.0,0.0,0.0]",255,1,1,0,,0,,,"[NaN,NaN,NaN]","[NaN,NaN,NaN,NaN]","[NaN,NaN,NaN,NaN,NaN,NaN]",0.002341,156,0,[],null,[],0,,,83.683251,,0,,0,,
2026-08-12T15:01:12.469462+00:00,19647.751740614,depth_scale_fixed_10cm_outbound,0,"[0.0,0.0,0.0,0.0]",1,1,1,1,0.000000,15137,756901,1,0,0,1,0,1517093983,103,42884,714,0,100,"[-0.45571622252464294,0.013970009051263332,-0.037252023816108704,0.8892355561256409]","[-0.031238652765750885,0.004937763325870037,0.011402689851820469]","[-0.16078400611877441,-0.783843994140625,9.799003601074219]",-2.19478822,0.0114026899,0.317310274,3109.64062,"[0.0,0.0,0.0,0.0]","[0.0,0.0,0.0,0.0,0.0,0.0,0.0,0.0]","[0.0,0.0,0.0,0.0,0.0,0.0,0.0,0.0]",255,1,1,0,,0,,,"[NaN,NaN,NaN]","[NaN,NaN,NaN,NaN]","[NaN,NaN,NaN,NaN,NaN,NaN]",0.001612,158,0,[],null,[],0,,,81.981862,,0,,0,,
2026-08-12T15:01:12.519635+00:00,19647.801698995,depth_scale_fixed_10cm_outbound,0,"[0.0,0.0,0.0,0.0]",1,1,1,1,0.000000,15138,756951,1,0,0,1,0,1517093983,104,5201,715,0,100,"[-0.4558981657028198,0.01407900545746088,-0.037826020270586014,0.8891163468360901]","[-0.017195263877511024,0.009799465537071228,0.008341905660927296]","[-0.17051200568675995,-0.8026760220527649,9.823156356811523]",-2.19437432,0.00834190566,0.317323029,3109.76562,"[0.0,0.0,0.0,0.0]","[0.0,0.0,0.0,0.0,0.0,0.0,0.0,0.0]","[0.0,0.0,0.0,0.0,0.0,0.0,0.0,0.0]",255,1,1,0,,0,,,"[NaN,NaN,NaN]","[NaN,NaN,NaN,NaN]","[NaN,NaN,NaN,NaN,NaN,NaN]",0.002356,159,0,[],null,[],0,,,85.413742,,0,,0,,
2026-08-12T15:01:12.569611+00:00,19647.851663153,depth_scale_fixed_10cm_outbound,0,"[0.0,0.0,0.0,0.0]",1,1,1,1,0.000000,15139,757001,1,0,0,1,0,1517093983,105,8489,716,0,100,"[-0.4560435712337494,0.013950017280876637,-0.03817004710435867,0.8890291452407837]","[-0.006007632706314325,0.012607770971953869,0.005912198219448328]","[-0.1672929972410202,-0.8036760091781616,9.8112154006958]",-2.19406056,0.00591219822,0.317323029,3109.76562,"[0.0,0.0,0.0,0.0]","[0.0,0.0,0.0,0.0,0.0,0.0,0.0,0.0]","[0.0,0.0,0.0,0.0,0.0,0.0,0.0,0.0]",255,1,1,0,,0,,,"[NaN,NaN,NaN]","[NaN,NaN,NaN,NaN]","[NaN,NaN,NaN,NaN,NaN,NaN]",0.001603,161,0,[],null,[],0,,,84.073304,,0,,0,,
2026-08-12T15:01:12.619667+00:00,19647.901720178,depth_scale_fixed_10cm_outbound,0,"[0.0,0.0,0.0,0.0]",1,1,1,1,0.000000,15140,757051,1,0,0,1,0,1517093983,106,17863,717,0,100,"[-0.45615947246551514,0.013662015087902546,-0.03833604231476784,0.888966977596283]","[-0.0019364254549145699,0.014676439575850964,0.007122863549739122]","[-0.17270100116729736,-0.7838259935379028,9.796467781066895]",-2.19382477,0.00712286355,0.317291945,3109.46094,"[0.0,0.0,0.0,0.0]","[0.0,0.0,0.0,0.0,0.0,0.0,0.0,0.0]","[0.0,0.0,0.0,0.0,0.0,0.0,0.0,0.0]",255,1,1,0,,0,,,"[NaN,NaN,NaN]","[NaN,NaN,NaN,NaN]","[NaN,NaN,NaN,NaN,NaN,NaN]",0.002375,162,0,[],null,[],0,,,85.365072,,0,,0,,
2026-08-12T15:01:12.669182+00:00,19647.951381412,depth_scale_fixed_10cm_outbound,0,"[0.0,0.0,0.0,0.0]",1,1,1,1,0.000000,15141,757101,1,0,0,1,0,1517093983,107,59634,718,0,100,"[-0.4562554657459259,0.013344014063477516,-0.03844204172492027,0.8889179229736328]","[0.001718974905088544,0.014645128510892391,0.006533570121973753]","[-0.18463599681854248,-0.7837340235710144,9.798727989196777]",-2.19363523,0.00653357012,0.317291945,3109.46094,"[0.0,0.0,0.0,0.0]","[0.0,0.0,0.0,0.0,0.0,0.0,0.0,0.0]","[0.0,0.0,0.0,0.0,0.0,0.0,0.0,0.0]",255,1,1,0,,0,,,"[NaN,NaN,NaN]","[NaN,NaN,NaN,NaN]","[NaN,NaN,NaN,NaN,NaN,NaN]",0.001469,164,0,[],null,[],0,,,84.845199,,0,,0,,
2026-08-12T15:01:12.719584+00:00,19648.001640945,depth_scale_fixed_10cm_outbound,0,"[0.0,0.0,0.0,0.0]",1,1,1,1,0.000000,15142,757151,1,0,0,1,0,1517093983,108,46414,719,0,100,"[-0.4563314616680145,0.01304901298135519,-0.03849703446030617,0.8888809084892273]","[0.0029174573719501495,0.010871079750359058,0.004772951826453209]","[-0.18709300458431244,-0.7809510231018066,9.822646141052246]",-2.1934886,0.00477295183,0.317330986,3109.84375,"[0.0,0.0,0.0,0.0]","[0.0,0.0,0.0,0.0,0.0,0.0,0.0,0.0]","[0.0,0.0,0.0,0.0,0.0,0.0,0.0,0.0]",255,1,1,0,,0,,,"[NaN,NaN,NaN]","[NaN,NaN,NaN,NaN]","[NaN,NaN,NaN,NaN,NaN,NaN]",0.002366,165,0,[],null,[],0,,,84.700006,,0,,0,,
2026-08-12T15:01:12.769109+00:00,19648.051312516,depth_scale_fixed_10cm_outbound,0,"[0.0,0.0,0.0,0.0]",1,1,1,1,0.000000,15143,757201,1,0,0,1,0,1517093983,109,26449,720,0,100,"[-0.4563990533351898,0.012831000611186028,-0.03852400183677673,0.8888482451438904]","[0.0016665974399074912,0.005256670527160168,0.004253646824508905]","[-0.17758600413799286,-0.790690004825592,9.81810188293457]",-2.19335413,0.00425364682,0.317330986,3109.84375,"[0.0,0.0,0.0,0.0]","[0.0,0.0,0.0,0.0,0.0,0.0,0.0,0.0]","[0.0,0.0,0.0,0.0,0.0,0.0,0.0,0.0]",255,1,1,0,,0,,,"[NaN,NaN,NaN]","[NaN,NaN,NaN,NaN]","[NaN,NaN,NaN,NaN,NaN,NaN]",0.001474,167,0,[],null,[],0,,,83.326448,,0,,0,,
2026-08-12T15:01:12.819676+00:00,19648.101731008,depth_scale_fixed_10cm_outbound,0,"[0.0,0.0,0.0,0.0]",1,1,1,1,0.000000,15144,757251,1,0,0,1,0,1517093983,110,46119,721,0,100,"[-0.4564603865146637,0.012725010514259338,-0.038443032652139664,0.8888217210769653]","[0.004088905174285173,0.0027378632221370935,0.0037011979147791862]","[-0.17987799644470215,-0.7713990211486816,9.8201904296875]",-2.19322395,0.00370119791,0.317291141,3109.45312,"[0.0,0.0,0.0,0.0]","[0.0,0.0,0.0,0.0,0.0,0.0,0.0,0.0]","[0.0,0.0,0.0,0.0,0.0,0.0,0.0,0.0]",255,1,1,0,,0,,,"[NaN,NaN,NaN]","[NaN,NaN,NaN,NaN]","[NaN,NaN,NaN,NaN,NaN,NaN]",0.002374,168,0,[],null,[],0,,,82.885089,,0,,0,,
2026-08-12T15:01:12.869727+00:00,19648.151785670,depth_scale_fixed_10cm_outbound,0,"[0.0,0.0,0.0,0.0]",1,1,1,1,0.000000,15145,757301,1,0,0,1,0,1517093983,111,42425,722,0,100,"[-0.4565105736255646,0.012717016972601414,-0.03828104957938194,0.8888031244277954]","[0.002223287709057331,-0.004135697148740292,0.001977405743673444]","[-0.12238000333309174,-0.7678419947624207,9.756030082702637]",-2.1931107,0.00197740574,0.317291141,3109.45312,"[0.0,0.0,0.0,0.0]","[0.0,0.0,0.0,0.0,0.0,0.0,0.0,0.0]","[0.0,0.0,0.0,0.0,0.0,0.0,0.0,0.0]",255,1,1,0,,0,,,"[NaN,NaN,NaN]","[NaN,NaN,NaN,NaN]","[NaN,NaN,NaN,NaN,NaN,NaN]",0.001621,170,0,[],null,[],0,,,81.564165,,0,,0,,
2026-08-12T15:01:12.919700+00:00,19648.201755150,depth_scale_fixed_10cm_outbound,0,"[0.0,0.0,0.0,0.0]",1,1,1,1,0.000000,15146,757351,1,0,0,1,0,1517093983,112,32233,723,0,100,"[-0.4565664529800415,0.01286701112985611,-0.03812803700566292,0.888778805732727]","[-0.0002521826245356351,-0.010342960245907307,0.0032961242832243443]","[-0.10337500274181366,-0.7774410247802734,9.763586044311523]",-2.19297218,0.00329612428,0.317295104,3109.49219,"[0.0,0.0,0.0,0.0]","[0.0,0.0,0.0,0.0,0.0,0.0,0.0,0.0]","[0.0,0.0,0.0,0.0,0.0,0.0,0.0,0.0]",255,1,1,0,,0,,,"[NaN,NaN,NaN]","[NaN,NaN,NaN,NaN]","[NaN,NaN,NaN,NaN,NaN,NaN]",0.002415,171,0,[],null,[],0,,,80.992381,,0,,0,,
2026-08-12T15:01:12.968577+00:00,19648.251137614,depth_scale_fixed_10cm_outbound,0,"[0.0,0.0,0.0,0.0]",1,1,1,1,0.000000,15147,757401,1,0,0,1,0,1517093983,113,49093,724,0,99,"[-0.456617146730423,0.013139004819095135,-0.037906013429164886,0.8887583017349243]","[0.00033911748323589563,-0.01347380317747593,0.0027436576783657074]","[-0.09850700199604034,-0.7606620192527771,9.760997772216797]",-2.19283509,0.00274365768,0.317295104,3109.49219,"[0.0,0.0,0.0,0.0]","[0.0,0.0,0.0,0.0,0.0,0.0,0.0,0.0]","[0.0,0.0,0.0,0.0,0.0,0.0,0.0,0.0]",223,1,1,0,,0,,,"[NaN,NaN,NaN]","[NaN,NaN,NaN,NaN]","[NaN,NaN,NaN,NaN,NaN,NaN]",0.001119,173,0,[],null,[],0,,,78.814469,,0,,0,,
2026-08-12T15:01:13.018059+00:00,19648.300695986,depth_scale_fixed_10cm_outbound,0,"[0.0,0.0,0.0,0.0]",1,1,1,1,0.000000,15148,757451,1,0,0,1,0,1517093983,114,26496,725,0,99,"[-0.4566711485385895,0.013500004075467587,-0.037739016115665436,0.8887322545051575]","[-0.00882328487932682,-0.01778169348835945,0.002765666227787733]","[-0.08883900195360184,-0.7514150142669678,9.73938274383545]",-2.19268394,0.00276566623,0.317289531,3109.4375,"[0.0,0.0,0.0,0.0]","[0.0,0.0,0.0,0.0,0.0,0.0,0.0,0.0]","[0.0,0.0,0.0,0.0,0.0,0.0,0.0,0.0]",223,1,1,0,,0,,,"[NaN,NaN,NaN]","[NaN,NaN,NaN,NaN]","[NaN,NaN,NaN,NaN,NaN,NaN]",0.001578,174,0,[],null,[],0,,,79.399151,,0,,0,,
2026-08-12T15:01:13.069333+00:00,19648.351637382,depth_scale_fixed_10cm_outbound,0,"[0.0,0.0,0.0,0.0]",1,1,1,1,0.000000,15149,757501,1,0,0,1,0,1517093983,115,23688,726,0,101,"[-0.4567463994026184,0.013927009887993336,-0.037674032151699066,0.8886896967887878]","[-0.010625319555401802,-0.013395297341048717,0.003288619453087449]","[-0.06509800255298615,-0.7805719971656799,9.728089332580566]",-2.19248009,0.00328861945,0.317289531,3109.4375,"[0.0,0.0,0.0,0.0]","[0.0,0.0,0.0,0.0,0.0,0.0,0.0,0.0]","[0.0,0.0,0.0,0.0,0.0,0.0,0.0,0.0]",223,1,1,0,,0,,,"[NaN,NaN,NaN]","[NaN,NaN,NaN,NaN]","[NaN,NaN,NaN,NaN,NaN,NaN]",0.001616,176,0,[],null,[],0,,,80.308594,,0,,0,,
2026-08-12T15:01:13.123324+00:00,19648.405512215,depth_scale_fixed_10cm_outbound,0,"[0.0,0.0,0.0,0.0]",1,1,1,1,0.000000,15151,757601,1,0,0,1,0,1517093983,117,3817,728,0,54,"[-0.4568074643611908,0.014471014961600304,-0.03766804561018944,0.8886499404907227]","[-0.004483209922909737,-0.005347828380763531,0.001347446464933455]","[-0.0028510000556707382,-0.7794060111045837,9.66641902923584]",-2.19229865,0.00134744646,0.317315847,3109.69531,"[0.0,0.0,0.0,0.0]","[0.0,0.0,0.0,0.0,0.0,0.0,0.0,0.0]","[0.0,0.0,0.0,0.0,0.0,0.0,0.0,0.0]",255,1,1,0,,0,,,"[NaN,NaN,NaN]","[NaN,NaN,NaN,NaN]","[NaN,NaN,NaN,NaN,NaN,NaN]",0.006176,177,0,[],null,[],0,,,79.37479,,0,,0,,
2026-08-12T15:01:13.168240+00:00,19648.451507058,depth_scale_fixed_10cm_outbound,0,"[0.0,0.0,0.0,0.0]",1,1,1,1,0.044872,15151,757601,1,0,0,1,0,1517093983,117,3817,728,0,54,"[-0.4568074643611908,0.014471014961600304,-0.03766804561018944,0.8886499404907227]","[-0.004483209922909737,-0.005347828380763531,0.001347446464933455]","[-0.0028510000556707382,-0.7794060111045837,9.66641902923584]",-2.19229865,0.00134744646,0.317315847,3109.69531,"[0.0,0.0,0.0,0.0]","[0.0,0.0,0.0,0.0,0.0,0.0,0.0,0.0]","[0.0,0.0,0.0,0.0,0.0,0.0,0.0,0.0]",255,1,1,0,,0,,,"[NaN,NaN,NaN]","[NaN,NaN,NaN,NaN]","[NaN,NaN,NaN,NaN,NaN,NaN]",0.001080,179,0,[],null,[],0,,,81.061865,,0,,0,,
2026-08-12T15:01:13.219248+00:00,19648.501465401,depth_scale_fixed_10cm_outbound,0,"[0.0,0.0,0.0,0.0]",1,1,1,1,0.000000,15152,757651,1,0,0,1,0,1517093983,118,34336,729,0,96,"[-0.4568063020706177,0.014629009179770947,-0.037700023502111435,0.8886466026306152]","[-0.006906529888510704,-0.0034759975969791412,7.658504910068586e-05]","[0.006531999912112951,-0.800915002822876,9.678836822509766]",-2.1922884,7.65850491e-05,0.317315847,3109.69531,"[0.0,0.0,0.0,0.0]","[0.0,0.0,0.0,0.0,0.0,0.0,0.0,0.0]","[0.0,0.0,0.0,0.0,0.0,0.0,0.0,0.0]",255,1,1,0,,0,,,"[NaN,NaN,NaN]","[NaN,NaN,NaN,NaN]","[NaN,NaN,NaN,NaN,NaN,NaN]",0.002140,180,0,[],null,[],0,,,79.980106,,0,,0,,
2026-08-12T15:01:13.269655+00:00,19648.551701518,depth_scale_fixed_10cm_outbound,0,"[0.0,0.0,0.0,0.0]",1,1,1,1,0.000000,15153,757701,1,0,0,1,0,1517093983,119,54513,730,0,101,"[-0.4567924737930298,0.014746015891432762,-0.03779003769159317,0.8886479139328003]","[-0.006886965129524469,-0.0003645120305009186,-0.0005901482072658837]","[0.001816999982111156,-0.78882896900177,9.681004524230957]",-2.19231009,-0.000590148207,0.317316651,3109.70312,"[0.0,0.0,0.0,0.0]","[0.0,0.0,0.0,0.0,0.0,0.0,0.0,0.0]","[0.0,0.0,0.0,0.0,0.0,0.0,0.0,0.0]",255,1,1,0,,0,,,"[NaN,NaN,NaN]","[NaN,NaN,NaN,NaN]","[NaN,NaN,NaN,NaN,NaN,NaN]",0.002404,181,0,[],null,[],0,,,79.186088,,0,,0,,
2026-08-12T15:01:13.319671+00:00,19648.601717216,depth_scale_fixed_10cm_outbound,0,"[0.0,0.0,0.0,0.0]",1,1,1,1,0.000000,15154,757751,1,0,0,1,0,1517093983,120,39552,731,0,100,"[-0.45675814151763916,0.0148230055347085,-0.03793201223015785,0.8886582255363464]","[-0.012981568463146687,-0.000949005305301398,-0.0006160139455460012]","[-0.0172169990837574,-0.7864829897880554,9.67115592956543]",-2.19238162,-0.000616013946,0.317316651,3109.70312,"[0.0,0.0,0.0,0.0]","[0.0,0.0,0.0,0.0,0.0,0.0,0.0,0.0]","[0.0,0.0,0.0,0.0,0.0,0.0,0.0,0.0]",255,1,1,0,,0,,,"[NaN,NaN,NaN]","[NaN,NaN,NaN,NaN]","[NaN,NaN,NaN,NaN,NaN,NaN]",0.001608,183,0,[],null,[],0,,,78.50353,,0,,0,,
2026-08-12T15:01:13.369672+00:00,19648.651733441,depth_scale_fixed_10cm_outbound,0,"[0.0,0.0,0.0,0.0]",1,1,1,1,0.000000,15155,757801,1,0,0,1,0,1517093983,121,36857,732,0,100,"[-0.45675748586654663,0.014963015913963318,-0.03824303671717644,0.8886429071426392]","[-0.020897768437862396,-0.0002586228947620839,0.0005478064995259047]","[-0.02914300002157688,-0.8011900186538696,9.649645805358887]",-2.19237304,0.0005478065,0.317330986,3109.84375,"[0.0,0.0,0.0,0.0]","[0.0,0.0,0.0,0.0,0.0,0.0,0.0,0.0]","[0.0,0.0,0.0,0.0,0.0,0.0,0.0,0.0]",255,1,1,0,,0,,,"[NaN,NaN,NaN]","[NaN,NaN,NaN,NaN]","[NaN,NaN,NaN,NaN,NaN,NaN]",0.000904,185,0,[],null,[],0,,,81.483963,,0,,0,,
2026-08-12T15:01:13.419651+00:00,19648.701695574,depth_scale_fixed_10cm_outbound,0,"[0.0,0.0,0.0,0.0]",1,1,1,1,0.000000,15156,757851,1,0,0,1,0,1517093983,122,15397,733,0,100,"[-0.45672234892845154,0.015178010798990726,-0.038673024624586105,0.8886387348175049]","[-0.021492978557944298,0.0013754591345787048,-0.0021349915768951178]","[-0.023694999516010284,-0.8179309964179993,9.657949447631836]",-2.19243622,-0.00213499158,0.317330986,3109.84375,"[0.0,0.0,0.0,0.0]","[0.0,0.0,0.0,0.0,0.0,0.0,0.0,0.0]","[0.0,0.0,0.0,0.0,0.0,0.0,0.0,0.0]",255,1,1,0,,0,,,"[NaN,NaN,NaN]","[NaN,NaN,NaN,NaN]","[NaN,NaN,NaN,NaN,NaN,NaN]",0.002365,186,0,[],null,[],0,,,80.340298,,0,,0,,
2026-08-12T15:01:13.469296+00:00,19648.751499711,depth_scale_fixed_10cm_outbound,0,"[0.0,0.0,0.0,0.0]",1,1,1,1,0.000000,15157,757901,1,0,0,1,0,1517093983,123,32631,734,0,100,"[-0.4566773474216461,0.015379011631011963,-0.03908102959394455,0.8886405825614929]","[-0.021502334624528885,-0.0002932327624876052,-0.0025131346192210913]","[-0.029385000467300415,-0.8321300148963928,9.671687126159668]",-2.19252229,-0.00251313462,0.317374855,3110.27344,"[0.0,0.0,0.0,0.0]","[0.0,0.0,0.0,0.0,0.0,0.0,0.0,0.0]","[0.0,0.0,0.0,0.0,0.0,0.0,0.0,0.0]",255,1,1,0,,0,,,"[NaN,NaN,NaN]","[NaN,NaN,NaN,NaN]","[NaN,NaN,NaN,NaN,NaN,NaN]",0.002187,187,0,[],null,[],0,,,84.110557,,0,,0,,
2026-08-12T15:01:13.518625+00:00,19648.801274277,depth_scale_fixed_10cm_outbound,0,"[0.0,0.0,0.0,0.0]",1,1,1,1,0.000000,15158,757951,1,0,0,1,0,1517093983,124,7070,735,0,99,"[-0.45657721161842346,0.01562700793147087,-0.03944801911711693,0.8886713981628418]","[-0.018475672230124474,-0.0040867929346859455,-0.004874128848314285]","[-0.01282500009983778,-0.851302981376648,9.681755065917969]",-2.19272757,-0.00487412885,0.317374855,3110.27344,"[0.0,0.0,0.0,0.0]","[0.0,0.0,0.0,0.0,0.0,0.0,0.0,0.0]","[0.0,0.0,0.0,0.0,0.0,0.0,0.0,0.0]",255,1,1,0,,0,,,"[NaN,NaN,NaN]","[NaN,NaN,NaN,NaN]","[NaN,NaN,NaN,NaN,NaN,NaN]",0.001116,189,0,[],null,[],0,,,81.799084,,0,,0,,
2026-08-12T15:01:13.567899+00:00,19648.850782732,depth_scale_fixed_10cm_outbound,0,"[0.0,0.0,0.0,0.0]",1,1,1,1,0.000000,15159,758001,1,0,0,1,0,1517093983,125,51585,736,0,99,"[-0.4564281702041626,0.01590200699865818,-0.039711013436317444,0.8887313604354858]","[-0.012992196716368198,-0.004792307503521442,-0.008498549461364746]","[-0.024738000705838203,-0.853763997554779,9.674457550048828]",-2.19303966,-0.00849854946,0.317354083,3110.07031,"[0.0,0.0,0.0,0.0]","[0.0,0.0,0.0,0.0,0.0,0.0,0.0,0.0]","[0.0,0.0,0.0,0.0,0.0,0.0,0.0,0.0]",255,1,1,0,,0,,,"[NaN,NaN,NaN]","[NaN,NaN,NaN,NaN]","[NaN,NaN,NaN,NaN,NaN,NaN]",0.001141,191,0,[],null,[],0,,,84.904892,,0,,0,,
2026-08-12T15:01:13.618632+00:00,19648.901740738,depth_scale_fixed_10cm_outbound,0,"[0.0,0.0,0.0,0.0]",1,1,1,1,0.000000,15160,758051,1,0,0,1,0,1517093983,126,40074,737,0,101,"[-0.4562050402164459,0.016187001019716263,-0.03988500311970711,0.8888330459594727]","[-0.011783416382968426,-0.006687124725431204,-0.009680886752903461]","[-0.03912099823355675,-0.8607670068740845,9.683991432189941]",-2.19351649,-0.00968088675,0.317354083,3110.07031,"[0.0,0.0,0.0,0.0]","[0.0,0.0,0.0,0.0,0.0,0.0,0.0,0.0]","[0.0,0.0,0.0,0.0,0.0,0.0,0.0,0.0]",255,1,1,0,,0,,,"[NaN,NaN,NaN]","[NaN,NaN,NaN,NaN]","[NaN,NaN,NaN,NaN,NaN,NaN]",0.002397,192,0,[],null,[],0,,,86.084632,,0,,0,,
2026-08-12T15:01:13.668202+00:00,19648.950724200,depth_scale_fixed_10cm_outbound,0,"[0.0,0.0,0.0,0.0]",1,1,1,1,0.000000,15161,758101,1,0,0,1,0,1517093983,127,36692,738,0,100,"[-0.45593759417533875,0.0164280217140913,-0.039945051074028015,0.8889631628990173]","[-0.006296223495155573,-0.006768788211047649,-0.013316355645656586]","[-0.012910000048577785,-0.8656989932060242,9.684365272521973]",-2.19409585,-0.0133163556,0.317258447,3109.13281,"[0.0,0.0,0.0,0.0]","[0.0,0.0,0.0,0.0,0.0,0.0,0.0,0.0]","[0.0,0.0,0.0,0.0,0.0,0.0,0.0,0.0]",255,1,1,0,,0,,,"[NaN,NaN,NaN]","[NaN,NaN,NaN,NaN]","[NaN,NaN,NaN,NaN,NaN,NaN]",0.000834,194,0,[],null,[],0,,,84.051778,,0,,0,,
2026-08-12T15:01:13.719728+00:00,19649.001742988,depth_scale_fixed_10cm_outbound,0,"[0.0,0.0,0.0,0.0]",1,1,1,1,0.000000,15162,758151,1,0,0,1,0,1517093983,128,37725,739,0,100,"[-0.45559123158454895,0.01659300923347473,-0.039838023483753204,0.8891424536705017]","[0.002441924996674061,-0.006455537397414446,-0.016939502209424973]","[-0.025735000148415565,-0.8635479807853699,9.716169357299805]",-2.19485807,-0.0169395022,0.317258447,3109.13281,"[0.0,0.0,0.0,0.0]","[0.0,0.0,0.0,0.0,0.0,0.0,0.0,0.0]","[0.0,0.0,0.0,0.0,0.0,0.0,0.0,0.0]",127,1,1,0,,0,,,"[NaN,NaN,NaN]","[NaN,NaN,NaN,NaN]","[NaN,NaN,NaN,NaN,NaN,NaN]",0.002364,195,0,[],null,[],0,,,82.599502,,0,,0,,
2026-08-12T15:01:13.768126+00:00,19649.050690659,depth_scale_fixed_10cm_outbound,0,"[0.0,0.0,0.0,0.0]",1,1,1,1,0.000000,15163,758201,1,0,0,1,0,1517093983,129,43093,740,0,100,"[-0.455215185880661,0.01663200743496418,-0.03961201384663582,0.889344334602356]","[0.007743414957076311,-0.00253093708306551,-0.016366073861718178]","[-0.04654400050640106,-0.8669599890708923,9.74876594543457]",-2.19569778,-0.0163660739,0.317075104,3107.33594,"[0.0,0.0,0.0,0.0]","[0.0,0.0,0.0,0.0,0.0,0.0,0.0,0.0]","[0.0,0.0,0.0,0.0,0.0,0.0,0.0,0.0]",127,1,1,0,,0,,,"[NaN,NaN,NaN]","[NaN,NaN,NaN,NaN]","[NaN,NaN,NaN,NaN,NaN,NaN]",0.001071,197,0,[],null,[],0,,,84.021926,,0,,0,,
2026-08-12T15:01:13.819735+00:00,19649.101721031,depth_scale_fixed_10cm_outbound,0,"[0.0,0.0,0.0,0.0]",1,1,1,1,0.000000,15164,758251,1,0,0,1,0,1517093983,130,45153,741,0,100,"[-0.4548163115978241,0.016537010669708252,-0.03937802463769913,0.8895605802536011]","[0.005345315672457218,0.0037154743913561106,-0.01710290089249611]","[-0.06777600198984146,-0.8358849883079529,9.728873252868652]",-2.19660068,-0.0171029009,0.317075104,3107.33594,"[0.0,0.0,0.0,0.0]","[0.0,0.0,0.0,0.0,0.0,0.0,0.0,0.0]","[0.0,0.0,0.0,0.0,0.0,0.0,0.0,0.0]",63,1,1,0,,0,,,"[NaN,NaN,NaN]","[NaN,NaN,NaN,NaN]","[NaN,NaN,NaN,NaN,NaN,NaN]",0.002347,198,0,[],null,[],0,,,82.924858,,0,,0,,
2026-08-12T15:01:13.869623+00:00,19649.151658019,depth_scale_fixed_10cm_outbound,0,"[0.0,0.0,0.0,0.0]",1,1,1,1,0.000000,15165,758301,1,0,0,1,0,1517093983,131,22376,742,0,101,"[-0.45443347096443176,0.01634901575744152,-0.039304040372371674,0.8897629380226135]","[-0.0019571424927562475,0.0050180833786726,-0.01655786857008934]","[-0.07254699617624283,-0.8358629941940308,9.728816986083984]",-2.19747615,-0.0165578686,0.316792876,3104.57031,"[0.0,0.0,0.0,0.0]","[0.0,0.0,0.0,0.0,0.0,0.0,0.0,0.0]","[0.0,0.0,0.0,0.0,0.0,0.0,0.0,0.0]",255,1,1,0,,0,,,"[NaN,NaN,NaN]","[NaN,NaN,NaN,NaN]","[NaN,NaN,NaN,NaN,NaN,NaN]",0.001603,200,0,[],null,[],0,,,84.153897,,0,,0,,
2026-08-12T15:01:13.919678+00:00,19649.201721087,depth_scale_fixed_10cm_outbound,0,"[0.0,0.0,0.0,0.0]",1,1,1,1,0.000000,15166,758351,1,0,0,1,0,1517093983,132,42428,743,0,100,"[-0.4540562629699707,0.016193009912967682,-0.03943601995706558,0.889952540397644]","[-0.004349587485194206,0.012527607381343842,-0.016093891113996506]","[-0.05824900045990944,-0.8432549834251404,9.721894264221191]",-2.19833708,-0.0160938911,0.316792876,3104.57031,"[0.0,0.0,0.0,0.0]","[0.0,0.0,0.0,0.0,0.0,0.0,0.0,0.0]","[0.0,0.0,0.0,0.0,0.0,0.0,0.0,0.0]",255,1,1,0,,0,,,"[NaN,NaN,NaN]","[NaN,NaN,NaN,NaN]","[NaN,NaN,NaN,NaN,NaN,NaN]",0.002336,201,0,[],null,[],0,,,82.853864,,0,,0,,
2026-08-12T15:01:13.969692+00:00,19649.251700273,depth_scale_fixed_10cm_outbound,0,"[0.0,0.0,0.0,0.0]",1,1,1,1,0.000000,15167,758401,1,0,0,1,0,1517093983,133,39364,744,0,100,"[-0.45363718271255493,0.015932006761431694,-0.03967301547527313,0.8901603817939758]","[-0.007587016560137272,0.013547194190323353,-0.019393103197216988]","[-0.11167100071907043,-0.8382430076599121,9.770781517028809]",-2.19930124,-0.0193931032,0.316451699,3101.22656,"[0.0,0.0,0.0,0.0]","[0.0,0.0,0.0,0.0,0.0,0.0,0.0,0.0]","[0.0,0.0,0.0,0.0,0.0,0.0,0.0,0.0]",255,1,1,0,,0,,,"[NaN,NaN,NaN]","[NaN,NaN,NaN,NaN]","[NaN,NaN,NaN,NaN,NaN,NaN]",0.001611,203,0,[],null,[],0,,,83.317851,,0,,0,,
2026-08-12T15:01:14.019263+00:00,19649.301421850,depth_scale_fixed_10cm_outbound,0,"[0.0,0.0,0.0,0.0]",1,1,1,1,0.000000,15168,758451,1,0,0,1,0,1517093983,134,64810,745,0,100,"[-0.45319437980651855,0.015660014003515244,-0.039990030229091644,0.890376627445221]","[-0.009797894395887852,0.01752287894487381,-0.018661409616470337]","[-0.13243000209331512,-0.8394089937210083,9.792950630187988]",-2.20032024,-0.0186614096,0.316451699,3101.22656,"[0.0,0.0,0.0,0.0]","[0.0,0.0,0.0,0.0,0.0,0.0,0.0,0.0]","[0.0,0.0,0.0,0.0,0.0,0.0,0.0,0.0]",255,1,1,0,,0,,,"[NaN,NaN,NaN]","[NaN,NaN,NaN,NaN]","[NaN,NaN,NaN,NaN,NaN,NaN]",0.002133,204,0,[],null,[],0,,,88.091718,,0,,0,,
2026-08-12T15:01:14.069752+00:00,19649.351777925,depth_scale_fixed_10cm_outbound,0,"[0.0,0.0,0.0,0.0]",1,1,1,1,0.000000,15169,758501,1,0,0,1,0,1517093983,135,20511,746,0,100,"[-0.452714204788208,0.01541200652718544,-0.040471017360687256,0.8906034231185913]","[-0.020122598856687546,0.0219257865101099,-0.02124742977321148]","[-0.13490000367164612,-0.8587139844894409,9.788407325744629]",-2.20142126,-0.0212474298,0.316451699,3101.22656,"[0.0,0.0,0.0,0.0]","[0.0,0.0,0.0,0.0,0.0,0.0,0.0,0.0]","[0.0,0.0,0.0,0.0,0.0,0.0,0.0,0.0]",255,1,1,0,,0,,,"[NaN,NaN,NaN]","[NaN,NaN,NaN,NaN]","[NaN,NaN,NaN,NaN,NaN,NaN]",0.002342,205,0,[],null,[],0,,,86.500042,,0,,0,,
2026-08-12T15:01:14.119630+00:00,19649.401613834,depth_scale_fixed_10cm_outbound,0,"[0.0,0.0,0.0,0.0]",1,1,1,1,0.000000,15170,758551,1,0,0,1,0,1517093983,136,37216,747,0,100,"[-0.45220133662223816,0.015105011872947216,-0.04109302908182144,0.8908407688140869]","[-0.018865283578634262,0.028140904381871223,-0.022573530673980713]","[-0.12305499613285065,-0.865801990032196,9.800643920898438]",-2.20260191,-0.0225735307,0.315916777,3095.98438,"[0.0,0.0,0.0,0.0]","[0.0,0.0,0.0,0.0,0.0,0.0,0.0,0.0]","[0.0,0.0,0.0,0.0,0.0,0.0,0.0,0.0]",255,1,1,0,,0,,,"[NaN,NaN,NaN]","[NaN,NaN,NaN,NaN]","[NaN,NaN,NaN,NaN,NaN,NaN]",0.001590,207,0,[],null,[],0,,,86.144847,,0,,0,,
2026-08-12T15:01:14.169368+00:00,19649.451546359,depth_scale_fixed_10cm_outbound,0,"[0.0,0.0,0.0,0.0]",1,1,1,1,0.000000,15171,758601,1,0,0,1,0,1517093983,137,54962,748,0,100,"[-0.4516802132129669,0.014680006541311741,-0.04182101786136627,0.8910782933235168]","[-0.02370799519121647,0.03381779417395592,-0.020256780087947845]","[-0.14210200309753418,-0.8609399795532227,9.797953605651855]",-2.20381212,-0.0202567801,0.315916777,3095.98438,"[0.0,0.0,0.0,0.0]","[0.0,0.0,0.0,0.0,0.0,0.0,0.0,0.0]","[0.0,0.0,0.0,0.0,0.0,0.0,0.0,0.0]",255,1,1,0,,0,,,"[NaN,NaN,NaN]","[NaN,NaN,NaN,NaN]","[NaN,NaN,NaN,NaN,NaN,NaN]",0.002223,208,0,[],null,[],0,,,87.44575,,0,,0,,
2026-08-12T15:01:14.218372+00:00,19649.501230313,depth_scale_fixed_10cm_outbound,0,"[0.0,0.0,0.0,0.0]",1,1,1,1,0.000000,15172,758651,1,0,0,1,0,1517093983,138,45660,749,0,99,"[-0.4511513113975525,0.014179008081555367,-0.04267903044819832,0.8913136124610901]","[-0.015165969729423523,0.03560338914394379,-0.022684061899781227]","[-0.14725999534130096,-0.9355220198631287,9.796592712402344]",-2.20504785,-0.0226840619,0.315382659,3090.75,"[0.0,0.0,0.0,0.0]","[0.0,0.0,0.0,0.0,0.0,0.0,0.0,0.0]","[0.0,0.0,0.0,0.0,0.0,0.0,0.0,0.0]",255,1,1,0,,0,,,"[NaN,NaN,NaN]","[NaN,NaN,NaN,NaN]","[NaN,NaN,NaN,NaN,NaN,NaN]",0.001147,210,0,[],null,[],0,,,84.868707,,0,,0,,
2026-08-12T15:01:14.267827+00:00,19649.550745323,depth_scale_fixed_10cm_outbound,0,"[0.0,0.0,0.0,0.0]",1,1,1,1,0.000000,15173,758701,1,0,0,1,0,1517093983,139,61710,750,0,99,"[-0.45064544677734375,0.013615013100206852,-0.043103042989969254,0.8915578722953796]","[0.0031435999553650618,0.03975973650813103,-0.029988106340169907]","[-0.19016699492931366,-0.9206719994544983,9.810273170471191]",-2.20623398,-0.0299881063,0.315382659,3090.75,"[0.0,0.0,0.0,0.0]","[0.0,0.0,0.0,0.0,0.0,0.0,0.0,0.0]","[0.0,0.0,0.0,0.0,0.0,0.0,0.0,0.0]",255,1,1,0,,0,,,"[NaN,NaN,NaN]","[NaN,NaN,NaN,NaN]","[NaN,NaN,NaN,NaN,NaN,NaN]",0.001074,212,0,[],null,[],0,,,82.129663,,0,,0,,
2026-08-12T15:01:14.319100+00:00,19649.601739133,depth_scale_fixed_10cm_outbound,0,"[0.0,0.0,0.0,0.0]",1,1,1,1,0.000000,15174,758751,1,0,0,1,0,1517093983,140,48433,751,0,101,"[-0.44972339272499084,0.012402010150253773,-0.04331403598189354,0.8920307755470276]","[0.020231403410434723,0.043954793363809586,-0.03485371917486191]","[-0.2426059991121292,-0.8959730267524719,9.835695266723633]",-2.20840359,-0.0348537192,0.314642847,3083.5,"[0.0,0.0,0.0,0.0]","[0.0,0.0,0.0,0.0,0.0,0.0,0.0,0.0]","[0.0,0.0,0.0,0.0,0.0,0.0,0.0,0.0]",255,1,1,0,,0,,,"[NaN,NaN,NaN]","[NaN,NaN,NaN,NaN]","[NaN,NaN,NaN,NaN,NaN,NaN]",0.002380,213,0,[],null,[],0,,,81.289295,,0,,0,,
2026-08-12T15:01:14.369509+00:00,19649.651826655,depth_scale_fixed_10cm_outbound,0,"[0.0,0.0,0.0,0.0]",1,1,1,1,0.000000,15175,758801,1,0,0,1,0,1517093983,141,15735,752,0,101,"[-0.44886255264282227,0.011214015074074268,-0.043208055198192596,0.8924851417541504]","[0.02632305771112442,0.04325306788086891,-0.03786299750208855]","[-0.2638849914073944,-0.8720769882202148,9.818306922912598]",-2.21042609,-0.0378629975,0.314642847,3083.5,"[0.0,0.0,0.0,0.0]","[0.0,0.0,0.0,0.0,0.0,0.0,0.0,0.0]","[0.0,0.0,0.0,0.0,0.0,0.0,0.0,0.0]",255,1,1,0,,0,,,"[NaN,NaN,NaN]","[NaN,NaN,NaN,NaN]","[NaN,NaN,NaN,NaN,NaN,NaN]",0.001702,215,0,[],null,[],0,,,78.98901,,0,,0,,
2026-08-12T15:01:14.419792+00:00,19649.701774980,depth_scale_fixed_10cm_outbound,0,"[0.0,0.0,0.0,0.0]",1,1,1,1,0.000000,15176,758851,1,0,0,1,0,1517093983,142,45198,753,0,100,"[-0.4479714035987854,0.009981010109186172,-0.043054040521383286,0.8929548263549805]","[0.025109512731432915,0.04387705400586128,-0.03849288821220398]","[-0.28520700335502625,-0.8430770039558411,9.820033073425293]",-2.21251488,-0.0384928882,0.313632011,3073.59375,"[0.0,0.0,0.0,0.0]","[0.0,0.0,0.0,0.0,0.0,0.0,0.0,0.0]","[0.0,0.0,0.0,0.0,0.0,0.0,0.0,0.0]",251,1,1,0,,0,,,"[NaN,NaN,NaN]","[NaN,NaN,NaN,NaN]","[NaN,NaN,NaN,NaN,NaN,NaN]",0.002419,216,0,[],null,[],0,,,78.679339,,0,,0,,
2026-08-12T15:01:14.469804+00:00,19649.751728802,depth_scale_fixed_10cm_outbound,0,"[0.0,0.0,0.0,0.0]",1,1,1,1,0.000000,15177,758901,1,0,0,1,0,1517093983,143,13389,754,0,99,"[-0.447122186422348,0.008848004974424839,-0.043012019246816635,0.8933943510055542]","[0.012916711159050465,0.042738888412714005,-0.03609883785247803]","[-0.3137179911136627,-0.8286600112915039,9.80989933013916]",-2.21449876,-0.0360988379,0.313632011,3073.59375,"[0.0,0.0,0.0,0.0]","[0.0,0.0,0.0,0.0,0.0,0.0,0.0,0.0]","[0.0,0.0,0.0,0.0,0.0,0.0,0.0,0.0]",251,1,1,0,,0,,,"[NaN,NaN,NaN]","[NaN,NaN,NaN,NaN]","[NaN,NaN,NaN,NaN,NaN,NaN]",0.001244,218,0,[],null,[],0,,,81.208261,,0,,0,,
2026-08-12T15:01:14.519783+00:00,19649.801712045,depth_scale_fixed_10cm_outbound,0,"[0.0,0.0,0.0,0.0]",1,1,1,1,0.000000,15178,758951,1,0,0,1,0,1517093983,144,38695,755,0,100,"[-0.4463181793689728,0.007879003882408142,-0.04321802034974098,0.893795371055603]","[0.003149149939417839,0.04036816209554672,-0.03122207336127758]","[-0.3327609896659851,-0.8213559985160828,9.809572219848633]",-2.21636963,-0.0312220734,0.312538266,3062.875,"[0.0,0.0,0.0,0.0]","[0.0,0.0,0.0,0.0,0.0,0.0,0.0,0.0]","[0.0,0.0,0.0,0.0,0.0,0.0,0.0,0.0]",235,1,1,0,,0,,,"[NaN,NaN,NaN]","[NaN,NaN,NaN,NaN]","[NaN,NaN,NaN,NaN,NaN,NaN]",0.002360,219,0,[],null,[],0,,,80.385516,,0,,0,,
2026-08-12T15:01:14.569265+00:00,19649.851456003,depth_scale_fixed_10cm_outbound,0,"[0.0,0.0,0.0,0.0]",1,1,1,1,0.000000,15179,759001,1,0,0,1,0,1517093983,145,47980,756,0,100,"[-0.4457065165042877,0.007173007819801569,-0.04351905360817909,0.8940919041633606]","[-0.0011069750180467963,0.041643381118774414,-0.03127003461122513]","[-0.3134250044822693,-0.8225439786911011,9.737846374511719]",-2.2177918,-0.0312700346,0.312538266,3062.875,"[0.0,0.0,0.0,0.0]","[0.0,0.0,0.0,0.0,0.0,0.0,0.0,0.0]","[0.0,0.0,0.0,0.0,0.0,0.0,0.0,0.0]",235,1,1,0,,0,,,"[NaN,NaN,NaN]","[NaN,NaN,NaN,NaN]","[NaN,NaN,NaN,NaN,NaN,NaN]",0.001477,221,0,[],null,[],0,,,79.60999,,0,,0,,
2026-08-12T15:01:14.619639+00:00,19649.901679944,depth_scale_fixed_10cm_outbound,0,"[0.0,0.0,0.0,0.0]",1,1,1,1,0.000000,15180,759051,1,0,0,1,0,1517093983,146,4483,757,0,100,"[-0.4448001980781555,0.006148002576082945,-0.04417902231216431,0.8945184350013733]","[-0.011453967541456223,0.04295792803168297,-0.03135494515299797]","[-0.361285001039505,-0.8191850185394287,9.785223960876465]",-2.21989942,-0.0313549452,0.312538266,3062.875,"[0.0,0.0,0.0,0.0]","[0.0,0.0,0.0,0.0,0.0,0.0,0.0,0.0]","[0.0,0.0,0.0,0.0,0.0,0.0,0.0,0.0]",239,1,1,0,,0,,,"[NaN,NaN,NaN]","[NaN,NaN,NaN,NaN]","[NaN,NaN,NaN,NaN,NaN,NaN]",0.002356,222,0,[],null,[],0,,,82.615617,,0,,0,,
2026-08-12T15:01:14.669691+00:00,19649.951707087,depth_scale_fixed_10cm_outbound,0,"[0.0,0.0,0.0,0.0]",1,1,1,1,0.000000,15181,759101,1,0,0,1,0,1517093983,147,29,758,0,100,"[-0.4445023238658905,0.005833004601299763,-0.04446103423833847,0.8946546316146851]","[-0.012064867652952671,0.042977284640073776,-0.030135726556181908]","[-0.24883100390434265,-0.8433669805526733,9.654936790466309]",-2.22059155,-0.0301357266,0.312538266,3062.875,"[0.0,0.0,0.0,0.0]","[0.0,0.0,0.0,0.0,0.0,0.0,0.0,0.0]","[0.0,0.0,0.0,0.0,0.0,0.0,0.0,0.0]",224,1,1,0,,0,,,"[NaN,NaN,NaN]","[NaN,NaN,NaN,NaN]","[NaN,NaN,NaN,NaN,NaN,NaN]",0.002351,223,0,[],null,[],0,,,81.649064,,0,,0,,
2026-08-12T15:01:14.719548+00:00,19650.001599121,depth_scale_fixed_10cm_outbound,0,"[0.0,0.0,0.0,0.0]",1,1,1,1,0.000000,15182,759151,1,0,0,1,0,1517093983,148,55391,759,0,100,"[-0.4433063566684723,0.004582003690302372,-0.045700035989284515,0.8951927423477173]","[-0.017541101202368736,0.04362110048532486,-0.03140292316675186]","[-0.39008501172065735,-0.8379669785499573,9.806758880615234]",-2.22337103,-0.0314029232,0.31121251,3049.88281,"[0.0,0.0,0.0,0.0]","[0.0,0.0,0.0,0.0,0.0,0.0,0.0,0.0]","[0.0,0.0,0.0,0.0,0.0,0.0,0.0,0.0]",255,1,1,0,,0,,,"[NaN,NaN,NaN]","[NaN,NaN,NaN,NaN]","[NaN,NaN,NaN,NaN,NaN,NaN]",0.001613,225,0,[],null,[],0,,,84.563707,,0,,0,,
2026-08-12T15:01:14.768984+00:00,19650.051180165,depth_scale_fixed_10cm_outbound,0,"[0.0,0.0,0.0,0.0]",1,1,1,1,0.000000,15183,759201,1,0,0,1,0,1517093983,149,58407,760,0,100,"[-0.4425834119319916,0.003928003832697868,-0.04641304910182953,0.8955168128013611]","[-0.01755242608487606,0.04109489545226097,-0.0338045135140419]","[-0.3519439995288849,-0.879876971244812,9.752640724182129]",-2.2250433,-0.0338045135,0.31121251,3049.88281,"[0.0,0.0,0.0,0.0]","[0.0,0.0,0.0,0.0,0.0,0.0,0.0,0.0]","[0.0,0.0,0.0,0.0,0.0,0.0,0.0,0.0]",240,1,1,0,,0,,,"[NaN,NaN,NaN]","[NaN,NaN,NaN,NaN]","[NaN,NaN,NaN,NaN,NaN,NaN]",0.001456,227,0,[],null,[],0,,,82.32255,,0,,0,,
2026-08-12T15:01:14.817659+00:00,19650.100584489,depth_scale_fixed_10cm_outbound,0,"[0.0,0.0,0.0,0.0]",1,1,1,1,0.000000,15184,759251,1,0,0,1,0,1517093983,150,22523,761,0,99,"[-0.4417312443256378,0.003262001322582364,-0.0471540167927742,0.8959014415740967]","[-0.01451558992266655,0.03852587565779686,-0.038021981716156006]","[-0.3639039993286133,-0.8796759843826294,9.762096405029297]",-2.22700477,-0.0380219817,0.309687495,3034.9375,"[0.0,0.0,0.0,0.0]","[0.0,0.0,0.0,0.0,0.0,0.0,0.0,0.0]","[0.0,0.0,0.0,0.0,0.0,0.0,0.0,0.0]",240,1,1,0,,0,,,"[NaN,NaN,NaN]","[NaN,NaN,NaN,NaN]","[NaN,NaN,NaN,NaN,NaN,NaN]",0.001439,228,0,[],null,[],0,,,84.921411,,0,,0,,
2026-08-12T15:01:14.868486+00:00,19650.151460312,depth_scale_fixed_10cm_outbound,0,"[0.0,0.0,0.0,0.0]",1,1,1,1,0.000000,15185,759301,1,0,0,1,0,1517093983,151,61949,762,0,99,"[-0.44072917103767395,0.0026290002278983593,-0.047900017350912094,0.8963573575019836]","[-0.019430367276072502,0.031048117205500603,-0.03975317254662514]","[-0.3947319984436035,-0.8409370183944702,9.768367767333984]",-2.22929788,-0.0397531725,0.309687495,3034.9375,"[0.0,0.0,0.0,0.0]","[0.0,0.0,0.0,0.0,0.0,0.0,0.0,0.0]","[0.0,0.0,0.0,0.0,0.0,0.0,0.0,0.0]",255,1,1,0,,0,,,"[NaN,NaN,NaN]","[NaN,NaN,NaN,NaN]","[NaN,NaN,NaN,NaN,NaN,NaN]",0.002170,229,0,[],null,[],0,,,83.631808,,0,,0,,
2026-08-12T15:01:14.918368+00:00,19650.201519836,depth_scale_fixed_10cm_outbound,0,"[0.0,0.0,0.0,0.0]",1,1,1,1,0.000000,15186,759351,1,0,0,1,0,1517093983,152,27390,763,0,100,"[-0.4401702582836151,0.002369002206251025,-0.04833102598786354,0.8966095447540283]","[-0.021291237324476242,0.02544536627829075,-0.03966471925377846]","[-0.31350600719451904,-0.8787840008735657,9.678703308105469]",-2.23057103,-0.0396647193,0.309687495,3034.9375,"[0.0,0.0,0.0,0.0]","[0.0,0.0,0.0,0.0,0.0,0.0,0.0,0.0]","[0.0,0.0,0.0,0.0,0.0,0.0,0.0,0.0]",255,1,1,0,,0,,,"[NaN,NaN,NaN]","[NaN,NaN,NaN,NaN]","[NaN,NaN,NaN,NaN,NaN,NaN]",0.001532,231,0,[],null,[],0,,,81.584878,,0,,0,,
2026-08-12T15:01:14.969036+00:00,19650.251339612,depth_scale_fixed_10cm_outbound,0,"[0.0,0.0,0.0,0.0]",1,1,1,1,0.000000,15187,759401,1,0,0,1,0,1517093983,153,4793,764,0,101,"[-0.4389491677284241,0.002034000586718321,-0.049313023686409,0.8971553444862366]","[-0.028624482452869415,0.021764935925602913,-0.03841979429125786]","[-0.40209200978279114,-0.8892310261726379,9.754599571228027]",-2.23333764,-0.0384197943,0.308005393,3018.45312,"[0.0,0.0,0.0,0.0]","[0.0,0.0,0.0,0.0,0.0,0.0,0.0,0.0]","[0.0,0.0,0.0,0.0,0.0,0.0,0.0,0.0]",240,1,1,0,,0,,,"[NaN,NaN,NaN]","[NaN,NaN,NaN,NaN]","[NaN,NaN,NaN,NaN,NaN,NaN]",0.001967,232,0,[],null,[],0,,,84.266981,,0,,0,,
2026-08-12T15:01:15.019641+00:00,19650.301680467,depth_scale_fixed_10cm_outbound,0,"[0.0,0.0,0.0,0.0]",1,1,1,1,0.000000,15188,759451,1,0,0,1,0,1517093983,154,28823,765,0,101,"[-0.43821147084236145,0.0019860018510371447,-0.04996505379676819,0.8974799513816833]","[-0.03229779005050659,0.01801464520394802,-0.04082140326499939]","[-0.47862499952316284,-0.8855209946632385,9.816035270690918]",-2.23500013,-0.0408214033,0.308005393,3018.45312,"[0.0,0.0,0.0,0.0]","[0.0,0.0,0.0,0.0,0.0,0.0,0.0,0.0]","[0.0,0.0,0.0,0.0,0.0,0.0,0.0,0.0]",255,1,1,0,,0,,,"[NaN,NaN,NaN]","[NaN,NaN,NaN,NaN]","[NaN,NaN,NaN,NaN,NaN,NaN]",0.001649,234,0,[],null,[],0,,,82.507328,,0,,0,,
2026-08-12T15:01:15.069766+00:00,19650.351815208,depth_scale_fixed_10cm_outbound,0,"[0.0,0.0,0.0,0.0]",1,1,1,1,0.000000,15189,759501,1,0,0,1,0,1517093983,155,8774,766,0,100,"[-0.43699708580970764,0.0020740004256367683,-0.05111101269721985,0.8980072140693665]","[-0.03598589822649956,0.012423672713339329,-0.04074404761195183]","[-0.404664009809494,-0.9228590130805969,9.757464408874512]",-2.23772717,-0.0407440476,0.30643335,3003.04688,"[0.0,0.0,0.0,0.0]","[0.0,0.0,0.0,0.0,0.0,0.0,0.0,0.0]","[0.0,0.0,0.0,0.0,0.0,0.0,0.0,0.0]",255,1,1,0,,0,,,"[NaN,NaN,NaN]","[NaN,NaN,NaN,NaN]","[NaN,NaN,NaN,NaN,NaN,NaN]",0.002381,235,0,[],null,[],0,,,84.684753,,0,,0,,
2026-08-12T15:01:15.119682+00:00,19650.401651267,depth_scale_fixed_10cm_outbound,0,"[0.0,0.0,0.0,0.0]",1,1,1,1,0.000000,15190,759551,1,0,0,1,0,1517093983,156,18095,767,0,100,"[-0.4361555278301239,0.0021790037862956524,-0.05180706828832626,0.8983761072158813]","[-0.02624334581196308,0.011729189194738865,-0.04128534346818924]","[-0.43841299414634705,-0.950689971446991,9.815058708190918]",-2.23960996,-0.0412853435,0.30643335,3003.04688,"[0.0,0.0,0.0,0.0]","[0.0,0.0,0.0,0.0,0.0,0.0,0.0,0.0]","[0.0,0.0,0.0,0.0,0.0,0.0,0.0,0.0]",240,1,1,0,,0,,,"[NaN,NaN,NaN]","[NaN,NaN,NaN,NaN]","[NaN,NaN,NaN,NaN,NaN,NaN]",0.001658,237,0,[],null,[],0,,,82.301702,,0,,0,,
2026-08-12T15:01:15.169664+00:00,19650.451668192,depth_scale_fixed_10cm_outbound,0,"[0.0,0.0,0.0,0.0]",1,1,1,1,0.000000,15191,759601,1,0,0,1,0,1517093983,157,58906,768,0,100,"[-0.43576937913894653,0.002209001686424017,-0.05205804854631424,0.8985489010810852]","[-0.022588836029171944,0.011705592274665833,-0.04126318171620369]","[-0.30897799134254456,-0.9392709732055664,9.65805435180664]",-2.24047303,-0.0412631817,0.30643335,3003.04688,"[0.0,0.0,0.0,0.0]","[0.0,0.0,0.0,0.0,0.0,0.0,0.0,0.0]","[0.0,0.0,0.0,0.0,0.0,0.0,0.0,0.0]",191,1,1,0,,0,,,"[NaN,NaN,NaN]","[NaN,NaN,NaN,NaN]","[NaN,NaN,NaN,NaN,NaN,NaN]",0.002323,238,0,[],null,[],0,,,86.724238,,0,,0,,
2026-08-12T15:01:15.219658+00:00,19650.501639799,depth_scale_fixed_10cm_outbound,0,"[0.0,0.0,0.0,0.0]",1,1,1,1,0.000000,15192,759651,1,0,0,1,0,1517093983,158,15967,769,0,100,"[-0.43422427773475647,0.0023940016981214285,-0.05302903428673744,0.8992394208908081]","[-0.02507811225950718,0.004304645117372274,-0.03564218804240227]","[-0.3568589985370636,-0.9530429840087891,9.686492919921875]",-2.24391913,-0.035642188,0.304668367,2985.75,"[0.0,0.0,0.0,0.0]","[0.0,0.0,0.0,0.0,0.0,0.0,0.0,0.0]","[0.0,0.0,0.0,0.0,0.0,0.0,0.0,0.0]",191,1,1,0,,0,,,"[NaN,NaN,NaN]","[NaN,NaN,NaN,NaN]","[NaN,NaN,NaN,NaN,NaN,NaN]",0.001587,240,0,[],null,[],0,,,86.462536,,0,,0,,
2026-08-12T15:01:15.269631+00:00,19650.551623923,depth_scale_fixed_10cm_outbound,0,"[0.0,0.0,0.0,0.0]",1,1,1,1,0.000000,15193,759701,1,0,0,1,0,1517093983,159,5780,770,0,100,"[-0.4338914453983307,0.002468001563102007,-0.053233057260513306,0.899387776851654]","[-0.02263430319726467,0.005536586046218872,-0.03564953804016113]","[-0.4766089916229248,-0.9651299715042114,9.802838325500488]",-2.24465823,-0.035649538,0.304668367,2985.75,"[0.0,0.0,0.0,0.0]","[0.0,0.0,0.0,0.0,0.0,0.0,0.0,0.0]","[0.0,0.0,0.0,0.0,0.0,0.0,0.0,0.0]",176,1,1,0,,0,,,"[NaN,NaN,NaN]","[NaN,NaN,NaN,NaN]","[NaN,NaN,NaN,NaN,NaN,NaN]",0.001579,242,0,[],null,[],0,,,83.858299,,0,,0,,
2026-08-12T15:01:15.319580+00:00,19650.601630854,depth_scale_fixed_10cm_outbound,0,"[0.0,0.0,0.0,0.0]",1,1,1,1,0.000000,15194,759751,1,0,0,1,0,1517093983,160,52988,771,0,100,"[-0.43288907408714294,0.0027279998175799847,-0.053866010159254074,0.8998322486877441]","[-0.02388303354382515,0.0018708184361457825,-0.030087502673268318]","[-0.4740709960460663,-0.9510380029678345,9.781068801879883]",-2.24688148,-0.0300875027,0.302919298,2968.60938,"[0.0,0.0,0.0,0.0]","[0.0,0.0,0.0,0.0,0.0,0.0,0.0,0.0]","[0.0,0.0,0.0,0.0,0.0,0.0,0.0,0.0]",255,1,1,0,,0,,,"[NaN,NaN,NaN]","[NaN,NaN,NaN,NaN]","[NaN,NaN,NaN,NaN,NaN,NaN]",0.002303,243,0,[],null,[],0,,,85.199069,,0,,0,,
2026-08-12T15:01:15.367894+00:00,19650.650751976,depth_scale_fixed_10cm_outbound,0,"[0.0,0.0,0.0,0.0]",1,1,1,1,0.000000,15195,759801,1,0,0,1,0,1517093983,161,13701,772,0,99,"[-0.43202632665634155,0.003167002461850643,-0.0544920414686203,0.9002076983451843]","[-0.026376167312264442,-0.006808634381741285,-0.026890184730291367]","[-0.385668009519577,-0.986549973487854,9.689053535461426]",-2.24877977,-0.0268901847,0.302919298,2968.60938,"[0.0,0.0,0.0,0.0]","[0.0,0.0,0.0,0.0,0.0,0.0,0.0,0.0]","[0.0,0.0,0.0,0.0,0.0,0.0,0.0,0.0]",255,1,1,0,,0,,,"[NaN,NaN,NaN]","[NaN,NaN,NaN,NaN]","[NaN,NaN,NaN,NaN,NaN,NaN]",0.000897,245,0,[],null,[],0,,,82.947212,,0,,0,,
2026-08-12T15:01:15.418175+00:00,19650.701224290,depth_scale_fixed_10cm_outbound,0,"[0.0,0.0,0.0,0.0]",1,1,1,1,0.000000,15196,759851,1,0,0,1,0,1517093983,162,45990,773,0,99,"[-0.431519091129303,0.003557001007720828,-0.054794009774923325,0.9004311561584473]","[-0.017288515344262123,-0.015632251277565956,-0.029125774279236794]","[-0.3621140122413635,-1.0395050048828125,9.694900512695312]",-2.2498827,-0.0291257743,0.302919298,2968.60938,"[0.0,0.0,0.0,0.0]","[0.0,0.0,0.0,0.0,0.0,0.0,0.0,0.0]","[0.0,0.0,0.0,0.0,0.0,0.0,0.0,0.0]",255,1,1,0,,0,,,"[NaN,NaN,NaN]","[NaN,NaN,NaN,NaN]","[NaN,NaN,NaN,NaN,NaN,NaN]",0.001935,246,0,[],null,[],0,,,85.399156,,0,,0,,
2026-08-12T15:01:15.469302+00:00,19650.751765462,depth_scale_fixed_10cm_outbound,0,"[0.0,0.0,0.0,0.0]",1,1,1,1,0.000000,15197,759901,1,0,0,1,0,1517093983,163,24476,774,0,101,"[-0.4307091236114502,0.004158001858741045,-0.05468101054430008,0.900823175907135]","[0.006448851898312569,-0.01957496628165245,-0.032584112137556076]","[-0.30931800603866577,-1.0263780355453491,9.625748634338379]",-2.25162721,-0.0325841121,0.30133608,2953.09375,"[0.0,0.0,0.0,0.0]","[0.0,0.0,0.0,0.0,0.0,0.0,0.0,0.0]","[0.0,0.0,0.0,0.0,0.0,0.0,0.0,0.0]",255,1,1,0,,0,,,"[NaN,NaN,NaN]","[NaN,NaN,NaN,NaN]","[NaN,NaN,NaN,NaN,NaN,NaN]",0.002328,247,0,[],null,[],0,,,84.455184,,0,,0,,
2026-08-12T15:01:15.519190+00:00,19650.801619534,depth_scale_fixed_10cm_outbound,0,"[0.0,0.0,0.0,0.0]",1,1,1,1,0.000000,15198,759951,1,0,0,1,0,1517093983,164,48331,775,0,101,"[-0.4304333031177521,0.0043060025200247765,-0.054494038224220276,0.9009656310081482]","[0.012547312304377556,-0.017711933702230453,-0.030134541913866997]","[-0.4529240131378174,-1.0112709999084473,9.782197952270508]",-2.25222111,-0.0301345419,0.30133608,2953.09375,"[0.0,0.0,0.0,0.0]","[0.0,0.0,0.0,0.0,0.0,0.0,0.0,0.0]","[0.0,0.0,0.0,0.0,0.0,0.0,0.0,0.0]",240,1,1,0,,0,,,"[NaN,NaN,NaN]","[NaN,NaN,NaN,NaN]","[NaN,NaN,NaN,NaN,NaN,NaN]",0.001570,249,0,[],null,[],0,,,83.975981,,0,,0,,
2026-08-12T15:01:15.568238+00:00,19650.850775898,depth_scale_fixed_10cm_outbound,0,"[0.0,0.0,0.0,0.0]",1,1,1,1,0.000000,15199,760001,1,0,0,1,0,1517093983,165,37168,776,0,99,"[-0.4304333031177521,0.0043060025200247765,-0.054494038224220276,0.9009656310081482]","[0.012547312304377556,-0.017711933702230453,-0.030134541913866997]","[-0.4529240131378174,-1.0112709999084473,9.782197952270508]",-2.25222111,-0.0301345419,0.30133608,2953.09375,"[0.0,0.0,0.0,0.0]","[0.0,0.0,0.0,0.0,0.0,0.0,0.0,0.0]","[0.0,0.0,0.0,0.0,0.0,0.0,0.0,0.0]",255,1,1,0,,0,,,"[NaN,NaN,NaN]","[NaN,NaN,NaN,NaN]","[NaN,NaN,NaN,NaN,NaN,NaN]",0.001077,251,0,[],null,[],0,,,82.813025,,0,,0,,
2026-08-12T15:01:15.619705+00:00,19650.901718494,depth_scale_fixed_10cm_outbound,0,"[0.0,0.0,0.0,0.0]",1,1,1,1,0.000000,15200,760051,1,0,0,1,0,1517093983,166,62942,777,0,100,"[-0.4304333031177521,0.0043060025200247765,-0.054494038224220276,0.9009656310081482]","[0.012547312304377556,-0.017711933702230453,-0.030134541913866997]","[-0.4529240131378174,-1.0112709999084473,9.782197952270508]",-2.25222111,-0.0301345419,0.299661994,2936.6875,"[0.0,0.0,0.0,0.0]","[0.0,0.0,0.0,0.0,0.0,0.0,0.0,0.0]","[0.0,0.0,0.0,0.0,0.0,0.0,0.0,0.0]",240,1,1,0,,0,,,"[NaN,NaN,NaN]","[NaN,NaN,NaN,NaN]","[NaN,NaN,NaN,NaN,NaN,NaN]",0.002319,252,0,[],null,[],0,,,87.140632,,0,,0,,
2026-08-12T15:01:15.669889+00:00,19650.951929132,depth_scale_fixed_10cm_outbound,0,"[0.0,0.0,0.0,0.0]",1,1,1,1,0.000000,15201,760101,1,0,0,1,0,1517093983,167,215,778,0,102,"[-0.4304333031177521,0.0043060025200247765,-0.054494038224220276,0.9009656310081482]","[0.012547312304377556,-0.017711933702230453,-0.030134541913866997]","[-0.4529240131378174,-1.0112709999084473,9.782197952270508]",-2.25222111,-0.0301345419,0.299661994,2936.6875,"[0.0,0.0,0.0,0.0]","[0.0,0.0,0.0,0.0,0.0,0.0,0.0,0.0]","[0.0,0.0,0.0,0.0,0.0,0.0,0.0,0.0]",255,1,1,0,,0,,,"[NaN,NaN,NaN]","[NaN,NaN,NaN,NaN]","[NaN,NaN,NaN,NaN,NaN,NaN]",0.000101,254,0,[],null,[],0,,,86.10777,,0,,0,,
2026-08-12T15:01:15.719416+00:00,19651.001434272,depth_scale_fixed_10cm_outbound,0,"[0.0,0.0,0.0,0.0]",1,1,1,1,0.000000,15202,760151,1,0,0,1,0,1517093983,168,39316,779,0,100,"[-0.4304333031177521,0.0043060025200247765,-0.054494038224220276,0.9009656310081482]","[0.012547312304377556,-0.017711933702230453,-0.030134541913866997]","[-0.4529240131378174,-1.0112709999084473,9.782197952270508]",-2.25222111,-0.0301345419,0.299661994,2936.6875,"[0.0,0.0,0.0,0.0]","[0.0,0.0,0.0,0.0,0.0,0.0,0.0,0.0]","[0.0,0.0,0.0,0.0,0.0,0.0,0.0,0.0]",255,1,1,0,,0,,,"[NaN,NaN,NaN]","[NaN,NaN,NaN,NaN]","[NaN,NaN,NaN,NaN,NaN,NaN]",0.002040,255,0,[],null,[],0,,,85.487518,,0,,0,,
2026-08-12T15:01:15.769696+00:00,19651.051730307,depth_scale_fixed_10cm_outbound,0,"[0.0,0.0,0.0,0.0]",1,1,1,1,0.000000,15203,760201,1,0,0,1,0,1517093983,169,42364,780,0,99,"[-0.4304333031177521,0.0043060025200247765,-0.054494038224220276,0.9009656310081482]","[0.012547312304377556,-0.017711933702230453,-0.030134541913866997]","[-0.4529240131378174,-1.0112709999084473,9.782197952270508]",-2.25222111,-0.0301345419,0.298082739,2921.21094,"[0.0,0.0,0.0,0.0]","[0.0,0.0,0.0,0.0,0.0,0.0,0.0,0.0]","[0.0,0.0,0.0,0.0,0.0,0.0,0.0,0.0]",191,1,1,0,,0,,,"[NaN,NaN,NaN]","[NaN,NaN,NaN,NaN]","[NaN,NaN,NaN,NaN,NaN,NaN]",0.002378,256,0,[],null,[],0,,,85.472708,,0,,0,,
2026-08-12T15:01:15.819635+00:00,19651.101670747,depth_scale_fixed_10cm_outbound,0,"[0.0,0.0,0.0,0.0]",1,1,1,1,0.000000,15204,760251,1,0,0,1,0,1517093983,170,21711,781,0,100,"[-0.4304333031177521,0.0043060025200247765,-0.054494038224220276,0.9009656310081482]","[0.012547312304377556,-0.017711933702230453,-0.030134541913866997]","[-0.4529240131378174,-1.0112709999084473,9.782197952270508]",-2.25222111,-0.0301345419,0.298082739,2921.21094,"[0.0,0.0,0.0,0.0]","[0.0,0.0,0.0,0.0,0.0,0.0,0.0,0.0]","[0.0,0.0,0.0,0.0,0.0,0.0,0.0,0.0]",240,1,1,0,,0,,,"[NaN,NaN,NaN]","[NaN,NaN,NaN,NaN]","[NaN,NaN,NaN,NaN,NaN,NaN]",0.001634,258,0,[],null,[],0,,,82.370435,,0,,0,,
2026-08-12T15:01:15.869731+00:00,19651.151704629,depth_scale_fixed_10cm_outbound,0,"[0.0,0.0,0.0,0.0]",1,1,1,1,0.000000,15205,760301,1,0,0,1,0,1517093983,171,63994,782,0,100,"[-0.4304333031177521,0.0043060025200247765,-0.054494038224220276,0.9009656310081482]","[0.012547312304377556,-0.017711933702230453,-0.030134541913866997]","[-0.4529240131378174,-1.0112709999084473,9.782197952270508]",-2.25222111,-0.0301345419,0.296417415,2904.89062,"[0.0,0.0,0.0,0.0]","[0.0,0.0,0.0,0.0,0.0,0.0,0.0,0.0]","[0.0,0.0,0.0,0.0,0.0,0.0,0.0,0.0]",255,1,1,0,,0,,,"[NaN,NaN,NaN]","[NaN,NaN,NaN,NaN]","[NaN,NaN,NaN,NaN,NaN,NaN]",0.002328,259,0,[],null,[],0,,,81.056093,,0,,0,,
2026-08-12T15:01:15.919676+00:00,19651.201618386,depth_scale_fixed_10cm_outbound,0,"[0.0,0.0,0.0,0.0]",1,1,1,1,0.000000,15206,760351,1,0,0,1,0,1517093983,172,16658,783,0,100,"[-0.4304333031177521,0.0043060025200247765,-0.054494038224220276,0.9009656310081482]","[0.012547312304377556,-0.017711933702230453,-0.030134541913866997]","[-0.4529240131378174,-1.0112709999084473,9.782197952270508]",-2.25222111,-0.0301345419,0.296417415,2904.89062,"[0.0,0.0,0.0,0.0]","[0.0,0.0,0.0,0.0,0.0,0.0,0.0,0.0]","[0.0,0.0,0.0,0.0,0.0,0.0,0.0,0.0]",255,1,1,0,,0,,,"[NaN,NaN,NaN]","[NaN,NaN,NaN,NaN]","[NaN,NaN,NaN,NaN,NaN,NaN]",0.001577,261,0,[],null,[],0,,,83.59709,,0,,0,,
2026-08-12T15:01:15.968890+00:00,19651.251384027,depth_scale_fixed_10cm_outbound,0,"[0.0,0.0,0.0,0.0]",1,1,1,1,0.000000,15207,760401,1,0,0,1,0,1517093983,173,37645,784,0,100,"[-0.4304333031177521,0.0043060025200247765,-0.054494038224220276,0.9009656310081482]","[0.012547312304377556,-0.017711933702230453,-0.030134541913866997]","[-0.4529240131378174,-1.0112709999084473,9.782197952270508]",-2.25222111,-0.0301345419,0.296417415,2904.89062,"[0.0,0.0,0.0,0.0]","[0.0,0.0,0.0,0.0,0.0,0.0,0.0,0.0]","[0.0,0.0,0.0,0.0,0.0,0.0,0.0,0.0]",255,1,1,0,,0,,,"[NaN,NaN,NaN]","[NaN,NaN,NaN,NaN]","[NaN,NaN,NaN,NaN,NaN,NaN]",0.001994,262,0,[],null,[],0,,,82.654626,,0,,0,,
2026-08-12T15:01:16.017561+00:00,19651.300681494,depth_scale_fixed_10cm_outbound,0,"[0.0,0.0,0.0,0.0]",1,1,1,1,0.000000,15208,760451,1,0,0,1,0,1517093983,174,42287,785,0,99,"[-0.4304333031177521,0.0043060025200247765,-0.054494038224220276,0.9009656310081482]","[0.012547312304377556,-0.017711933702230453,-0.030134541913866997]","[-0.4529240131378174,-1.0112709999084473,9.782197952270508]",-2.25222111,-0.0301345419,0.2945759,2886.84375,"[0.0,0.0,0.0,0.0]","[0.0,0.0,0.0,0.0,0.0,0.0,0.0,0.0]","[0.0,0.0,0.0,0.0,0.0,0.0,0.0,0.0]",255,1,1,0,,0,,,"[NaN,NaN,NaN]","[NaN,NaN,NaN,NaN]","[NaN,NaN,NaN,NaN,NaN,NaN]",0.001054,264,0,[],null,[],0,,,85.335296,,0,,0,,
2026-08-12T15:01:16.068156+00:00,19651.350853544,depth_scale_fixed_10cm_outbound,0,"[0.0,0.0,0.0,0.0]",1,1,1,1,0.000000,15209,760501,1,0,0,1,0,1517093983,175,46257,786,0,99,"[-0.4304333031177521,0.0043060025200247765,-0.054494038224220276,0.9009656310081482]","[0.012547312304377556,-0.017711933702230453,-0.030134541913866997]","[-0.4529240131378174,-1.0112709999084473,9.782197952270508]",-2.25222111,-0.0301345419,0.2945759,2886.84375,"[0.0,0.0,0.0,0.0]","[0.0,0.0,0.0,0.0,0.0,0.0,0.0,0.0]","[0.0,0.0,0.0,0.0,0.0,0.0,0.0,0.0]",255,1,1,0,,0,,,"[NaN,NaN,NaN]","[NaN,NaN,NaN,NaN]","[NaN,NaN,NaN,NaN,NaN,NaN]",0.001059,266,0,[],null,[],0,,,84.415879,,0,,0,,
2026-08-12T15:01:16.119156+00:00,19651.401683090,depth_scale_fixed_10cm_outbound,0,"[0.0,0.0,0.0,0.0]",1,1,1,1,0.000000,15210,760551,1,0,0,1,0,1517093983,176,37637,787,0,101,"[-0.4304333031177521,0.0043060025200247765,-0.054494038224220276,0.9009656310081482]","[0.012547312304377556,-0.017711933702230453,-0.030134541913866997]","[-0.4529240131378174,-1.0112709999084473,9.782197952270508]",-2.25222111,-0.0301345419,0.2945759,2886.84375,"[0.0,0.0,0.0,0.0]","[0.0,0.0,0.0,0.0,0.0,0.0,0.0,0.0]","[0.0,0.0,0.0,0.0,0.0,0.0,0.0,0.0]",255,1,1,0,,0,,,"[NaN,NaN,NaN]","[NaN,NaN,NaN,NaN]","[NaN,NaN,NaN,NaN,NaN,NaN]",0.002341,267,0,[],null,[],0,,,88.051447,,0,,0,,
2026-08-12T15:01:16.168145+00:00,19651.450703511,depth_scale_fixed_10cm_outbound,0,"[0.0,0.0,0.0,0.0]",1,1,1,1,0.000000,15211,760601,1,0,0,1,0,1517093983,177,62065,788,0,100,"[-0.4304333031177521,0.0043060025200247765,-0.054494038224220276,0.9009656310081482]","[0.012547312304377556,-0.017711933702230453,-0.030134541913866997]","[-0.4529240131378174,-1.0112709999084473,9.782197952270508]",-2.25222111,-0.0301345419,0.2945759,2886.84375,"[0.0,0.0,0.0,0.0]","[0.0,0.0,0.0,0.0,0.0,0.0,0.0,0.0]","[0.0,0.0,0.0,0.0,0.0,0.0,0.0,0.0]",191,1,1,0,,0,,,"[NaN,NaN,NaN]","[NaN,NaN,NaN,NaN]","[NaN,NaN,NaN,NaN,NaN,NaN]",0.001548,268,0,[],null,[],0,,,86.970334,,0,,0,,
2026-08-12T15:01:16.219534+00:00,19651.501543788,depth_scale_fixed_10cm_outbound,0,"[0.0,0.0,0.0,0.0]",1,1,1,1,0.000000,15212,760651,1,0,0,1,0,1517093983,178,59973,789,0,100,"[-0.4304333031177521,0.0043060025200247765,-0.054494038224220276,0.9009656310081482]","[0.012547312304377556,-0.017711933702230453,-0.030134541913866997]","[-0.4529240131378174,-1.0112709999084473,9.782197952270508]",-2.25222111,-0.0301345419,0.292488039,2866.38281,"[0.0,0.0,0.0,0.0]","[0.0,0.0,0.0,0.0,0.0,0.0,0.0,0.0]","[0.0,0.0,0.0,0.0,0.0,0.0,0.0,0.0]",223,1,1,0,,0,,,"[NaN,NaN,NaN]","[NaN,NaN,NaN,NaN]","[NaN,NaN,NaN,NaN,NaN,NaN]",0.001604,270,0,[],null,[],0,,,85.096295,,0,,0,,
2026-08-12T15:01:16.269621+00:00,19651.551651322,depth_scale_fixed_10cm_outbound,0,"[0.0,0.0,0.0,0.0]",1,1,1,1,0.000000,15213,760701,1,0,0,1,0,1517093983,179,53581,790,0,101,"[-0.4304333031177521,0.0043060025200247765,-0.054494038224220276,0.9009656310081482]","[0.012547312304377556,-0.017711933702230453,-0.030134541913866997]","[-0.4529240131378174,-1.0112709999084473,9.782197952270508]",-2.25222111,-0.0301345419,0.292488039,2866.38281,"[0.0,0.0,0.0,0.0]","[0.0,0.0,0.0,0.0,0.0,0.0,0.0,0.0]","[0.0,0.0,0.0,0.0,0.0,0.0,0.0,0.0]",223,1,1,0,,0,,,"[NaN,NaN,NaN]","[NaN,NaN,NaN,NaN]","[NaN,NaN,NaN,NaN,NaN,NaN]",0.002322,271,0,[],null,[],0,,,83.561378,,0,,0,,
2026-08-12T15:01:16.319641+00:00,19651.601671267,depth_scale_fixed_10cm_outbound,0,"[0.0,0.0,0.0,0.0]",1,1,1,1,0.000000,15214,760751,1,0,0,1,0,1517093983,180,52734,791,0,100,"[-0.4304333031177521,0.0043060025200247765,-0.054494038224220276,0.9009656310081482]","[0.012547312304377556,-0.017711933702230453,-0.030134541913866997]","[-0.4529240131378174,-1.0112709999084473,9.782197952270508]",-2.25222111,-0.0301345419,0.292488039,2866.38281,"[0.0,0.0,0.0,0.0]","[0.0,0.0,0.0,0.0,0.0,0.0,0.0,0.0]","[0.0,0.0,0.0,0.0,0.0,0.0,0.0,0.0]",223,1,1,0,,0,,,"[NaN,NaN,NaN]","[NaN,NaN,NaN,NaN]","[NaN,NaN,NaN,NaN,NaN,NaN]",0.001582,273,0,[],null,[],0,,,84.261321,,0,,0,,
2026-08-12T15:01:16.369738+00:00,19651.651771648,depth_scale_fixed_10cm_outbound,0,"[0.0,0.0,0.0,0.0]",1,1,1,1,0.000000,15215,760801,1,0,0,1,0,1517093983,181,8161,792,0,100,"[-0.4304333031177521,0.0043060025200247765,-0.054494038224220276,0.9009656310081482]","[0.012547312304377556,-0.017711933702230453,-0.030134541913866997]","[-0.4529240131378174,-1.0112709999084473,9.782197952270508]",-2.25222111,-0.0301345419,0.292488039,2866.38281,"[0.0,0.0,0.0,0.0]","[0.0,0.0,0.0,0.0,0.0,0.0,0.0,0.0]","[0.0,0.0,0.0,0.0,0.0,0.0,0.0,0.0]",255,1,1,0,,0,,,"[NaN,NaN,NaN]","[NaN,NaN,NaN,NaN]","[NaN,NaN,NaN,NaN,NaN,NaN]",0.002375,274,0,[],null,[],0,,,84.063347,,0,,0,,
2026-08-12T15:01:16.419636+00:00,19651.701659066,depth_scale_fixed_10cm_outbound,0,"[0.0,0.0,0.0,0.0]",1,1,1,1,0.000000,15216,760851,1,0,0,1,0,1517093983,182,21564,793,0,100,"[-0.4304333031177521,0.0043060025200247765,-0.054494038224220276,0.9009656310081482]","[0.012547312304377556,-0.017711933702230453,-0.030134541913866997]","[-0.4529240131378174,-1.0112709999084473,9.782197952270508]",-2.25222111,-0.0301345419,0.290375471,2845.67969,"[0.0,0.0,0.0,0.0]","[0.0,0.0,0.0,0.0,0.0,0.0,0.0,0.0]","[0.0,0.0,0.0,0.0,0.0,0.0,0.0,0.0]",255,1,1,0,,0,,,"[NaN,NaN,NaN]","[NaN,NaN,NaN,NaN]","[NaN,NaN,NaN,NaN,NaN,NaN]",0.001631,276,0,[],null,[],0,,,83.45254,,0,,0,,
2026-08-12T15:01:16.469795+00:00,19651.751793419,depth_scale_fixed_10cm_outbound,0,"[0.0,0.0,0.0,0.0]",1,1,1,1,0.000000,15217,760901,1,0,0,1,0,1517093983,183,63753,794,0,100,"[-0.4304333031177521,0.0043060025200247765,-0.054494038224220276,0.9009656310081482]","[0.012547312304377556,-0.017711933702230453,-0.030134541913866997]","[-0.4529240131378174,-1.0112709999084473,9.782197952270508]",-2.25222111,-0.0301345419,0.290375471,2845.67969,"[0.0,0.0,0.0,0.0]","[0.0,0.0,0.0,0.0,0.0,0.0,0.0,0.0]","[0.0,0.0,0.0,0.0,0.0,0.0,0.0,0.0]",191,1,1,0,,0,,,"[NaN,NaN,NaN]","[NaN,NaN,NaN,NaN]","[NaN,NaN,NaN,NaN,NaN,NaN]",0.002387,277,0,[],null,[],0,,,85.010393,,0,,0,,
2026-08-12T15:01:16.519674+00:00,19651.801628466,depth_scale_fixed_10cm_outbound,0,"[0.0,0.0,0.0,0.0]",1,1,1,1,0.000000,15218,760951,1,0,0,1,0,1517093983,184,40430,795,0,100,"[-0.4304333031177521,0.0043060025200247765,-0.054494038224220276,0.9009656310081482]","[0.012547312304377556,-0.017711933702230453,-0.030134541913866997]","[-0.4529240131378174,-1.0112709999084473,9.782197952270508]",-2.25222111,-0.0301345419,0.290375471,2845.67969,"[0.0,0.0,0.0,0.0]","[0.0,0.0,0.0,0.0,0.0,0.0,0.0,0.0]","[0.0,0.0,0.0,0.0,0.0,0.0,0.0,0.0]",255,1,1,0,,0,,,"[NaN,NaN,NaN]","[NaN,NaN,NaN,NaN]","[NaN,NaN,NaN,NaN,NaN,NaN]",0.001578,279,0,[],null,[],0,,,82.481533,,0,,0,,
2026-08-12T15:01:16.569775+00:00,19651.851755401,depth_scale_fixed_10cm_outbound,0,"[0.0,0.0,0.0,0.0]",1,1,1,1,0.000000,15219,761001,1,0,0,1,0,1517093983,185,13403,796,0,100,"[-0.4304333031177521,0.0043060025200247765,-0.054494038224220276,0.9009656310081482]","[0.012547312304377556,-0.017711933702230453,-0.030134541913866997]","[-0.4529240131378174,-1.0112709999084473,9.782197952270508]",-2.25222111,-0.0301345419,0.290375471,2845.67969,"[0.0,0.0,0.0,0.0]","[0.0,0.0,0.0,0.0,0.0,0.0,0.0,0.0]","[0.0,0.0,0.0,0.0,0.0,0.0,0.0,0.0]",255,1,1,0,,0,,,"[NaN,NaN,NaN]","[NaN,NaN,NaN,NaN]","[NaN,NaN,NaN,NaN,NaN,NaN]",0.002323,280,0,[],null,[],0,,,87.291996,,0,,0,,
2026-08-12T15:01:16.619269+00:00,19651.901472389,depth_scale_fixed_10cm_outbound,0,"[0.0,0.0,0.0,0.0]",1,1,1,1,0.000000,15220,761051,1,0,0,1,0,1517093983,186,34695,797,0,100,"[-0.4304333031177521,0.0043060025200247765,-0.054494038224220276,0.9009656310081482]","[0.012547312304377556,-0.017711933702230453,-0.030134541913866997]","[-0.4529240131378174,-1.0112709999084473,9.782197952270508]",-2.25222111,-0.0301345419,0.288558662,2827.875,"[0.0,0.0,0.0,0.0]","[0.0,0.0,0.0,0.0,0.0,0.0,0.0,0.0]","[0.0,0.0,0.0,0.0,0.0,0.0,0.0,0.0]",240,1,1,0,,0,,,"[NaN,NaN,NaN]","[NaN,NaN,NaN,NaN]","[NaN,NaN,NaN,NaN,NaN,NaN]",0.001456,282,0,[],null,[],0,,,85.00836,,0,,0,,
2026-08-12T15:01:16.668367+00:00,19651.951226646,depth_scale_fixed_10cm_outbound,0,"[0.0,0.0,0.0,0.0]",1,1,1,1,0.000000,15221,761101,1,0,0,1,0,1517093983,187,22552,798,0,99,"[-0.4304333031177521,0.0043060025200247765,-0.054494038224220276,0.9009656310081482]","[0.012547312304377556,-0.017711933702230453,-0.030134541913866997]","[-0.4529240131378174,-1.0112709999084473,9.782197952270508]",-2.25222111,-0.0301345419,0.288558662,2827.875,"[0.0,0.0,0.0,0.0]","[0.0,0.0,0.0,0.0,0.0,0.0,0.0,0.0]","[0.0,0.0,0.0,0.0,0.0,0.0,0.0,0.0]",255,1,1,0,,0,,,"[NaN,NaN,NaN]","[NaN,NaN,NaN,NaN]","[NaN,NaN,NaN,NaN,NaN,NaN]",0.001842,283,0,[],null,[],0,,,85.175786,,0,,0,,
2026-08-12T15:01:16.718449+00:00,19652.001530658,depth_scale_fixed_10cm_outbound,0,"[0.0,0.0,0.0,0.0]",1,1,1,1,0.000000,15222,761151,1,0,0,1,0,1517093983,188,15601,799,0,99,"[-0.4304333031177521,0.0043060025200247765,-0.054494038224220276,0.9009656310081482]","[0.012547312304377556,-0.017711933702230453,-0.030134541913866997]","[-0.4529240131378174,-1.0112709999084473,9.782197952270508]",-2.25222111,-0.0301345419,0.288558662,2827.875,"[0.0,0.0,0.0,0.0]","[0.0,0.0,0.0,0.0,0.0,0.0,0.0,0.0]","[0.0,0.0,0.0,0.0,0.0,0.0,0.0,0.0]",240,1,1,0,,0,,,"[NaN,NaN,NaN]","[NaN,NaN,NaN,NaN]","[NaN,NaN,NaN,NaN,NaN,NaN]",0.001495,285,0,[],null,[],0,,,83.383921,,0,,0,,
2026-08-12T15:01:16.768901+00:00,19652.051681527,depth_scale_fixed_10cm_outbound,0,"[0.0,0.0,0.0,0.0]",1,1,1,1,0.000000,15223,761201,1,0,0,1,0,1517093983,189,47954,800,0,101,"[-0.4304333031177521,0.0043060025200247765,-0.054494038224220276,0.9009656310081482]","[0.012547312304377556,-0.017711933702230453,-0.030134541913866997]","[-0.4529240131378174,-1.0112709999084473,9.782197952270508]",-2.25222111,-0.0301345419,0.286965877,2812.26562,"[0.0,0.0,0.0,0.0]","[0.0,0.0,0.0,0.0,0.0,0.0,0.0,0.0]","[0.0,0.0,0.0,0.0,0.0,0.0,0.0,0.0]",255,1,1,0,,0,,,"[NaN,NaN,NaN]","[NaN,NaN,NaN,NaN]","[NaN,NaN,NaN,NaN,NaN,NaN]",0.002326,286,0,[],null,[],0,,,82.76331,,0,,0,,
2026-08-12T15:01:16.819441+00:00,19652.101605758,depth_scale_fixed_10cm_outbound,0,"[0.0,0.0,0.0,0.0]",1,1,1,1,0.000000,15224,761251,1,0,0,1,0,1517093983,190,10024,801,0,101,"[-0.4304333031177521,0.0043060025200247765,-0.054494038224220276,0.9009656310081482]","[0.012547312304377556,-0.017711933702230453,-0.030134541913866997]","[-0.4529240131378174,-1.0112709999084473,9.782197952270508]",-2.25222111,-0.0301345419,0.286965877,2812.26562,"[0.0,0.0,0.0,0.0]","[0.0,0.0,0.0,0.0,0.0,0.0,0.0,0.0]","[0.0,0.0,0.0,0.0,0.0,0.0,0.0,0.0]",191,1,1,0,,0,,,"[NaN,NaN,NaN]","[NaN,NaN,NaN,NaN]","[NaN,NaN,NaN,NaN,NaN,NaN]",0.001593,288,0,[],null,[],0,,,83.028642,,0,,0,,
2026-08-12T15:01:16.869663+00:00,19652.151690248,depth_scale_fixed_10cm_outbound,0,"[0.0,0.0,0.0,0.0]",1,1,1,1,0.000000,15225,761301,1,0,0,1,0,1517093983,191,7776,802,0,100,"[-0.4304333031177521,0.0043060025200247765,-0.054494038224220276,0.9009656310081482]","[0.012547312304377556,-0.017711933702230453,-0.030134541913866997]","[-0.4529240131378174,-1.0112709999084473,9.782197952270508]",-2.25222111,-0.0301345419,0.286965877,2812.26562,"[0.0,0.0,0.0,0.0]","[0.0,0.0,0.0,0.0,0.0,0.0,0.0,0.0]","[0.0,0.0,0.0,0.0,0.0,0.0,0.0,0.0]",255,1,1,0,,0,,,"[NaN,NaN,NaN]","[NaN,NaN,NaN,NaN]","[NaN,NaN,NaN,NaN,NaN,NaN]",0.002340,289,0,[],null,[],0,,,84.807268,,0,,0,,
2026-08-12T15:01:16.918053+00:00,19652.200614880,depth_scale_fixed_10cm_outbound,0,"[0.0,0.0,0.0,0.0]",1,1,1,1,0.000000,15226,761351,1,0,0,1,0,1517093983,192,52555,803,0,99,"[-0.4304333031177521,0.0043060025200247765,-0.054494038224220276,0.9009656310081482]","[0.012547312304377556,-0.017711933702230453,-0.030134541913866997]","[-0.4529240131378174,-1.0112709999084473,9.782197952270508]",-2.25222111,-0.0301345419,0.286965877,2812.26562,"[0.0,0.0,0.0,0.0]","[0.0,0.0,0.0,0.0,0.0,0.0,0.0,0.0]","[0.0,0.0,0.0,0.0,0.0,0.0,0.0,0.0]",176,1,1,0,,0,,,"[NaN,NaN,NaN]","[NaN,NaN,NaN,NaN]","[NaN,NaN,NaN,NaN,NaN,NaN]",0.001061,291,0,[],null,[],0,,,83.361289,,0,,0,,
2026-08-12T15:01:16.969564+00:00,19652.251614622,depth_scale_fixed_10cm_outbound,0,"[0.0,0.0,0.0,0.0]",1,1,1,1,0.000000,15227,761401,1,0,0,1,0,1517093983,193,13874,804,0,100,"[-0.4304333031177521,0.0043060025200247765,-0.054494038224220276,0.9009656310081482]","[0.012547312304377556,-0.017711933702230453,-0.030134541913866997]","[-0.4529240131378174,-1.0112709999084473,9.782197952270508]",-2.25222111,-0.0301345419,0.285969377,2802.5,"[0.0,0.0,0.0,0.0]","[0.0,0.0,0.0,0.0,0.0,0.0,0.0,0.0]","[0.0,0.0,0.0,0.0,0.0,0.0,0.0,0.0]",127,1,1,0,,0,,,"[NaN,NaN,NaN]","[NaN,NaN,NaN,NaN]","[NaN,NaN,NaN,NaN,NaN,NaN]",0.002314,292,0,[],null,[],0,,,82.241668,,0,,0,,
2026-08-12T15:01:17.019613+00:00,19652.301651024,depth_scale_fixed_10cm_outbound,0,"[0.0,0.0,0.0,0.0]",1,1,1,1,0.000000,15228,761451,1,0,0,1,0,1517093983,194,4499,805,0,101,"[-0.4304333031177521,0.0043060025200247765,-0.054494038224220276,0.9009656310081482]","[0.012547312304377556,-0.017711933702230453,-0.030134541913866997]","[-0.4529240131378174,-1.0112709999084473,9.782197952270508]",-2.25222111,-0.0301345419,0.285969377,2802.5,"[0.0,0.0,0.0,0.0]","[0.0,0.0,0.0,0.0,0.0,0.0,0.0,0.0]","[0.0,0.0,0.0,0.0,0.0,0.0,0.0,0.0]",127,1,1,0,,0,,,"[NaN,NaN,NaN]","[NaN,NaN,NaN,NaN]","[NaN,NaN,NaN,NaN,NaN,NaN]",0.001599,294,0,[],null,[],0,,,82.586025,,0,,0,,
2026-08-12T15:01:17.069286+00:00,19652.351492107,depth_scale_fixed_10cm_outbound,0,"[0.0,0.0,0.0,0.0]",1,1,1,1,0.000000,15229,761501,1,0,0,1,0,1517093983,195,50876,806,0,100,"[-0.4304333031177521,0.0043060025200247765,-0.054494038224220276,0.9009656310081482]","[0.012547312304377556,-0.017711933702230453,-0.030134541913866997]","[-0.4529240131378174,-1.0112709999084473,9.782197952270508]",-2.25222111,-0.0301345419,0.285969377,2802.5,"[0.0,0.0,0.0,0.0]","[0.0,0.0,0.0,0.0,0.0,0.0,0.0,0.0]","[0.0,0.0,0.0,0.0,0.0,0.0,0.0,0.0]",127,1,1,0,,0,,,"[NaN,NaN,NaN]","[NaN,NaN,NaN,NaN]","[NaN,NaN,NaN,NaN,NaN,NaN]",0.002172,295,0,[],null,[],0,,,84.229305,,0,,0,,
2026-08-12T15:01:17.119715+00:00,19652.401706884,depth_scale_fixed_10cm_outbound,0,"[0.0,0.0,0.0,0.0]",1,1,1,1,0.000000,15230,761551,1,0,0,1,0,1517093983,196,7934,807,0,100,"[-0.4304333031177521,0.0043060025200247765,-0.054494038224220276,0.9009656310081482]","[0.012547312304377556,-0.017711933702230453,-0.030134541913866997]","[-0.4529240131378174,-1.0112709999084473,9.782197952270508]",-2.25222111,-0.0301345419,0.28543207,2797.23438,"[0.0,0.0,0.0,0.0]","[0.0,0.0,0.0,0.0,0.0,0.0,0.0,0.0]","[0.0,0.0,0.0,0.0,0.0,0.0,0.0,0.0]",255,1,1,0,,0,,,"[NaN,NaN,NaN]","[NaN,NaN,NaN,NaN]","[NaN,NaN,NaN,NaN,NaN,NaN]",0.001633,297,0,[],null,[],0,,,83.525318,,0,,0,,
2026-08-12T15:01:17.169719+00:00,19652.451744542,depth_scale_fixed_10cm_outbound,0,"[0.0,0.0,0.0,0.0]",1,1,1,1,0.000000,15231,761601,1,0,0,1,0,1517093983,197,48715,808,0,100,"[-0.4304333031177521,0.0043060025200247765,-0.054494038224220276,0.9009656310081482]","[0.012547312304377556,-0.017711933702230453,-0.030134541913866997]","[-0.4529240131378174,-1.0112709999084473,9.782197952270508]",-2.25222111,-0.0301345419,0.28543207,2797.23438,"[0.0,0.0,0.0,0.0]","[0.0,0.0,0.0,0.0,0.0,0.0,0.0,0.0]","[0.0,0.0,0.0,0.0,0.0,0.0,0.0,0.0]",240,1,1,0,,0,,,"[NaN,NaN,NaN]","[NaN,NaN,NaN,NaN]","[NaN,NaN,NaN,NaN,NaN,NaN]",0.002384,298,0,[],null,[],0,,,85.009901,,0,,0,,
2026-08-12T15:01:17.219683+00:00,19652.501688235,depth_scale_fixed_10cm_outbound,0,"[0.0,0.0,0.0,0.0]",1,1,1,1,0.000000,15232,761651,1,0,0,1,0,1517093983,198,55973,809,0,100,"[-0.4304333031177521,0.0043060025200247765,-0.054494038224220276,0.9009656310081482]","[0.012547312304377556,-0.017711933702230453,-0.030134541913866997]","[-0.4529240131378174,-1.0112709999084473,9.782197952270508]",-2.25222111,-0.0301345419,0.28543207,2797.23438,"[0.0,0.0,0.0,0.0]","[0.0,0.0,0.0,0.0,0.0,0.0,0.0,0.0]","[0.0,0.0,0.0,0.0,0.0,0.0,0.0,0.0]",240,1,1,0,,0,,,"[NaN,NaN,NaN]","[NaN,NaN,NaN,NaN]","[NaN,NaN,NaN,NaN,NaN,NaN]",0.001594,300,0,[],null,[],0,,,84.021703,,0,,0,,
2026-08-12T15:01:17.269751+00:00,19652.551755872,depth_scale_fixed_10cm_outbound,0,"[0.0,0.0,0.0,0.0]",1,1,1,1,0.000000,15233,761701,1,0,0,1,0,1517093983,199,30608,810,0,100,"[-0.4304333031177521,0.0043060025200247765,-0.054494038224220276,0.9009656310081482]","[0.012547312304377556,-0.017711933702230453,-0.030134541913866997]","[-0.4529240131378174,-1.0112709999084473,9.782197952270508]",-2.25222111,-0.0301345419,0.28543207,2797.23438,"[0.0,0.0,0.0,0.0]","[0.0,0.0,0.0,0.0,0.0,0.0,0.0,0.0]","[0.0,0.0,0.0,0.0,0.0,0.0,0.0,0.0]",240,1,1,0,,0,,,"[NaN,NaN,NaN]","[NaN,NaN,NaN,NaN]","[NaN,NaN,NaN,NaN,NaN,NaN]",0.002327,301,0,[],null,[],0,,,84.600161,,0,,0,,
2026-08-12T15:01:17.319631+00:00,19652.601654713,depth_scale_fixed_10cm_outbound,0,"[0.0,0.0,0.0,0.0]",1,1,1,1,0.000000,15234,761751,1,0,0,1,0,1517093983,200,10786,811,0,100,"[-0.4304333031177521,0.0043060025200247765,-0.054494038224220276,0.9009656310081482]","[0.012547312304377556,-0.017711933702230453,-0.030134541913866997]","[-0.4529240131378174,-1.0112709999084473,9.782197952270508]",-2.25222111,-0.0301345419,0.285593897,2798.82031,"[0.0,0.0,0.0,0.0]","[0.0,0.0,0.0,0.0,0.0,0.0,0.0,0.0]","[0.0,0.0,0.0,0.0,0.0,0.0,0.0,0.0]",255,1,1,0,,0,,,"[NaN,NaN,NaN]","[NaN,NaN,NaN,NaN]","[NaN,NaN,NaN,NaN,NaN,NaN]",0.001591,303,0,[],null,[],0,,,82.608628,,0,,0,,
2026-08-12T15:01:17.369158+00:00,19652.651479499,depth_scale_fixed_10cm_outbound,0,"[0.0,0.0,0.0,0.0]",1,1,1,1,0.000000,15235,761801,1,0,0,1,0,1517093983,201,28144,812,0,100,"[-0.4304333031177521,0.0043060025200247765,-0.054494038224220276,0.9009656310081482]","[0.012547312304377556,-0.017711933702230453,-0.030134541913866997]","[-0.4529240131378174,-1.0112709999084473,9.782197952270508]",-2.25222111,-0.0301345419,0.285593897,2798.82031,"[0.0,0.0,0.0,0.0]","[0.0,0.0,0.0,0.0,0.0,0.0,0.0,0.0]","[0.0,0.0,0.0,0.0,0.0,0.0,0.0,0.0]",255,1,1,0,,0,,,"[NaN,NaN,NaN]","[NaN,NaN,NaN,NaN]","[NaN,NaN,NaN,NaN,NaN,NaN]",0.002090,304,0,[],null,[],0,,,86.282302,,0,,0,,
2026-08-12T15:01:17.418702+00:00,19652.701635859,depth_scale_fixed_10cm_outbound,0,"[0.0,0.0,0.0,0.0]",1,1,1,1,0.000000,15236,761851,1,0,0,1,0,1517093983,202,2334,813,0,100,"[-0.4304333031177521,0.0043060025200247765,-0.054494038224220276,0.9009656310081482]","[0.012547312304377556,-0.017711933702230453,-0.030134541913866997]","[-0.4529240131378174,-1.0112709999084473,9.782197952270508]",-2.25222111,-0.0301345419,0.285593897,2798.82031,"[0.0,0.0,0.0,0.0]","[0.0,0.0,0.0,0.0,0.0,0.0,0.0,0.0]","[0.0,0.0,0.0,0.0,0.0,0.0,0.0,0.0]",255,1,1,0,,0,,,"[NaN,NaN,NaN]","[NaN,NaN,NaN,NaN]","[NaN,NaN,NaN,NaN,NaN,NaN]",0.001578,306,0,[],null,[],0,,,84.574757,,0,,0,,
2026-08-12T15:01:17.469116+00:00,19652.751712688,depth_scale_fixed_10cm_outbound,0,"[0.0,0.0,0.0,0.0]",1,1,1,1,0.000000,15237,761901,1,0,0,1,0,1517093983,203,61210,814,0,100,"[-0.4304333031177521,0.0043060025200247765,-0.054494038224220276,0.9009656310081482]","[0.012547312304377556,-0.017711933702230453,-0.030134541913866997]","[-0.4529240131378174,-1.0112709999084473,9.782197952270508]",-2.25222111,-0.0301345419,0.28651306,2807.82812,"[0.0,0.0,0.0,0.0]","[0.0,0.0,0.0,0.0,0.0,0.0,0.0,0.0]","[0.0,0.0,0.0,0.0,0.0,0.0,0.0,0.0]",240,1,1,0,,0,,,"[NaN,NaN,NaN]","[NaN,NaN,NaN,NaN]","[NaN,NaN,NaN,NaN,NaN,NaN]",0.002331,307,0,[],null,[],0,,,83.763941,,0,,0,,
2026-08-12T15:01:17.517333+00:00,19652.800136159,depth_scale_fixed_10cm_outbound,0,"[0.0,0.0,0.0,0.0]",1,1,1,1,0.000000,15238,761951,1,0,0,1,0,1517093983,204,23745,815,0,98,"[-0.4304333031177521,0.0043060025200247765,-0.054494038224220276,0.9009656310081482]","[0.012547312304377556,-0.017711933702230453,-0.030134541913866997]","[-0.4529240131378174,-1.0112709999084473,9.782197952270508]",-2.25222111,-0.0301345419,0.28651306,2807.82812,"[0.0,0.0,0.0,0.0]","[0.0,0.0,0.0,0.0,0.0,0.0,0.0,0.0]","[0.0,0.0,0.0,0.0,0.0,0.0,0.0,0.0]",255,1,1,0,,0,,,"[NaN,NaN,NaN]","[NaN,NaN,NaN,NaN]","[NaN,NaN,NaN,NaN,NaN,NaN]",0.000792,309,0,[],null,[],0,,,83.16415,,0,,0,,
2026-08-12T15:01:17.569651+00:00,19652.851677523,depth_scale_fixed_10cm_outbound,0,"[0.0,0.0,0.0,0.0]",1,1,1,1,0.000000,15239,762001,1,0,0,1,0,1517093983,205,24761,816,0,100,"[-0.4304333031177521,0.0043060025200247765,-0.054494038224220276,0.9009656310081482]","[0.012547312304377556,-0.017711933702230453,-0.030134541913866997]","[-0.4529240131378174,-1.0112709999084473,9.782197952270508]",-2.25222111,-0.0301345419,0.28651306,2807.82812,"[0.0,0.0,0.0,0.0]","[0.0,0.0,0.0,0.0,0.0,0.0,0.0,0.0]","[0.0,0.0,0.0,0.0,0.0,0.0,0.0,0.0]",240,1,1,0,,0,,,"[NaN,NaN,NaN]","[NaN,NaN,NaN,NaN]","[NaN,NaN,NaN,NaN,NaN,NaN]",0.002324,310,0,[],null,[],0,,,81.744025,,0,,0,,
2026-08-12T15:01:17.617519+00:00,19652.900376631,depth_scale_fixed_10cm_outbound,0,"[0.0,0.0,0.0,0.0]",1,1,1,1,0.000000,15240,762051,1,0,0,1,0,1517093983,206,53829,817,0,100,"[-0.4304333031177521,0.0043060025200247765,-0.054494038224220276,0.9009656310081482]","[0.012547312304377556,-0.017711933702230453,-0.030134541913866997]","[-0.4529240131378174,-1.0112709999084473,9.782197952270508]",-2.25222111,-0.0301345419,0.28651306,2807.82812,"[0.0,0.0,0.0,0.0]","[0.0,0.0,0.0,0.0,0.0,0.0,0.0,0.0]","[0.0,0.0,0.0,0.0,0.0,0.0,0.0,0.0]",255,1,1,0,,0,,,"[NaN,NaN,NaN]","[NaN,NaN,NaN,NaN]","[NaN,NaN,NaN,NaN,NaN,NaN]",0.000752,312,0,[],null,[],0,,,84.338341,,0,,0,,
2026-08-12T15:01:17.666813+00:00,19652.949839205,depth_scale_fixed_10cm_outbound,0,"[0.0,0.0,0.0,0.0]",1,1,1,1,0.000000,15241,762101,1,0,0,1,0,1517093983,207,43362,818,0,98,"[-0.4304333031177521,0.0043060025200247765,-0.054494038224220276,0.9009656310081482]","[0.012547312304377556,-0.017711933702230453,-0.030134541913866997]","[-0.4529240131378174,-1.0112709999084473,9.782197952270508]",-2.25222111,-0.0301345419,0.288192749,2824.28906,"[0.0,0.0,0.0,0.0]","[0.0,0.0,0.0,0.0,0.0,0.0,0.0,0.0]","[0.0,0.0,0.0,0.0,0.0,0.0,0.0,0.0]",251,1,1,0,,0,,,"[NaN,NaN,NaN]","[NaN,NaN,NaN,NaN]","[NaN,NaN,NaN,NaN,NaN,NaN]",0.000890,313,0,[],null,[],0,,,84.033205,,0,,0,,
2026-08-12T15:01:17.719527+00:00,19653.001563757,depth_scale_fixed_10cm_outbound,0,"[0.0,0.0,0.0,0.0]",1,1,1,1,0.000000,15242,762151,1,0,0,1,0,1517093983,208,26913,819,0,102,"[-0.4304333031177521,0.0043060025200247765,-0.054494038224220276,0.9009656310081482]","[0.012547312304377556,-0.017711933702230453,-0.030134541913866997]","[-0.4529240131378174,-1.0112709999084473,9.782197952270508]",-2.25222111,-0.0301345419,0.288192749,2824.28906,"[0.0,0.0,0.0,0.0]","[0.0,0.0,0.0,0.0,0.0,0.0,0.0,0.0]","[0.0,0.0,0.0,0.0,0.0,0.0,0.0,0.0]",251,1,1,0,,0,,,"[NaN,NaN,NaN]","[NaN,NaN,NaN,NaN]","[NaN,NaN,NaN,NaN,NaN,NaN]",0.001585,315,0,[],null,[],0,,,87.455115,,0,,0,,
2026-08-12T15:01:17.767275+00:00,19653.050144306,depth_scale_fixed_10cm_outbound,0,"[0.0,0.0,0.0,0.0]",1,1,1,1,0.000000,15243,762201,1,0,0,1,0,1517093983,209,31487,820,0,100,"[-0.4304333031177521,0.0043060025200247765,-0.054494038224220276,0.9009656310081482]","[0.012547312304377556,-0.017711933702230453,-0.030134541913866997]","[-0.4529240131378174,-1.0112709999084473,9.782197952270508]",-2.25222111,-0.0301345419,0.288192749,2824.28906,"[0.0,0.0,0.0,0.0]","[0.0,0.0,0.0,0.0,0.0,0.0,0.0,0.0]","[0.0,0.0,0.0,0.0,0.0,0.0,0.0,0.0]",224,1,1,0,,0,,,"[NaN,NaN,NaN]","[NaN,NaN,NaN,NaN]","[NaN,NaN,NaN,NaN,NaN,NaN]",0.001126,316,0,[],null,[],0,,,86.39873,,0,,0,,
2026-08-12T15:01:17.819774+00:00,19653.101614799,depth_scale_fixed_10cm_outbound,0,"[0.0,0.0,0.0,0.0]",1,1,1,1,0.000000,15244,762251,1,0,0,1,0,1517093983,210,6641,821,0,100,"[-0.4304333031177521,0.0043060025200247765,-0.054494038224220276,0.9009656310081482]","[0.012547312304377556,-0.017711933702230453,-0.030134541913866997]","[-0.4529240131378174,-1.0112709999084473,9.782197952270508]",-2.25222111,-0.0301345419,0.290439248,2846.30469,"[0.0,0.0,0.0,0.0]","[0.0,0.0,0.0,0.0,0.0,0.0,0.0,0.0]","[0.0,0.0,0.0,0.0,0.0,0.0,0.0,0.0]",235,1,1,0,,0,,,"[NaN,NaN,NaN]","[NaN,NaN,NaN,NaN]","[NaN,NaN,NaN,NaN,NaN,NaN]",0.001579,318,0,[],null,[],0,,,88.703854,,0,,0,,
2026-08-12T15:01:17.869599+00:00,19653.151659859,depth_scale_fixed_10cm_outbound,0,"[0.0,0.0,0.0,0.0]",1,1,1,1,0.000000,15245,762301,1,0,0,1,0,1517093983,211,47012,822,0,102,"[-0.4304333031177521,0.0043060025200247765,-0.054494038224220276,0.9009656310081482]","[0.012547312304377556,-0.017711933702230453,-0.030134541913866997]","[-0.4529240131378174,-1.0112709999084473,9.782197952270508]",-2.25222111,-0.0301345419,0.290439248,2846.30469,"[0.0,0.0,0.0,0.0]","[0.0,0.0,0.0,0.0,0.0,0.0,0.0,0.0]","[0.0,0.0,0.0,0.0,0.0,0.0,0.0,0.0]",239,1,1,0,,0,,,"[NaN,NaN,NaN]","[NaN,NaN,NaN,NaN]","[NaN,NaN,NaN,NaN,NaN,NaN]",0.002342,319,0,[],null,[],0,,,87.577132,,0,,0,,
2026-08-12T15:01:17.919583+00:00,19653.201621284,depth_scale_fixed_10cm_outbound,0,"[0.0,0.0,0.0,0.0]",1,1,1,1,0.000000,15246,762351,1,0,0,1,0,1517093983,212,53293,823,0,100,"[-0.4304333031177521,0.0043060025200247765,-0.054494038224220276,0.9009656310081482]","[0.012547312304377556,-0.017711933702230453,-0.030134541913866997]","[-0.4529240131378174,-1.0112709999084473,9.782197952270508]",-2.25222111,-0.0301345419,0.290439248,2846.30469,"[0.0,0.0,0.0,0.0]","[0.0,0.0,0.0,0.0,0.0,0.0,0.0,0.0]","[0.0,0.0,0.0,0.0,0.0,0.0,0.0,0.0]",239,1,1,0,,0,,,"[NaN,NaN,NaN]","[NaN,NaN,NaN,NaN]","[NaN,NaN,NaN,NaN,NaN,NaN]",0.001592,321,0,[],null,[],0,,,87.308381,,0,,0,,
2026-08-12T15:01:17.969623+00:00,19653.251666994,depth_scale_fixed_10cm_outbound,0,"[0.0,0.0,0.0,0.0]",1,1,1,1,0.000000,15247,762401,1,0,0,1,0,1517093983,213,2305,824,0,100,"[-0.4304333031177521,0.0043060025200247765,-0.054494038224220276,0.9009656310081482]","[0.012547312304377556,-0.017711933702230453,-0.030134541913866997]","[-0.4529240131378174,-1.0112709999084473,9.782197952270508]",-2.25222111,-0.0301345419,0.292951196,2870.92188,"[0.0,0.0,0.0,0.0]","[0.0,0.0,0.0,0.0,0.0,0.0,0.0,0.0]","[0.0,0.0,0.0,0.0,0.0,0.0,0.0,0.0]",255,1,1,0,,0,,,"[NaN,NaN,NaN]","[NaN,NaN,NaN,NaN]","[NaN,NaN,NaN,NaN,NaN,NaN]",0.002341,322,0,[],null,[],0,,,86.162984,,0,,0,,
2026-08-12T15:01:18.017212+00:00,19653.300119020,depth_scale_fixed_10cm_outbound,0,"[0.0,0.0,0.0,0.0]",1,1,1,1,0.000000,15248,762451,1,0,0,1,0,1517093983,214,47837,825,0,98,"[-0.4304333031177521,0.0043060025200247765,-0.054494038224220276,0.9009656310081482]","[0.012547312304377556,-0.017711933702230453,-0.030134541913866997]","[-0.4529240131378174,-1.0112709999084473,9.782197952270508]",-2.25222111,-0.0301345419,0.292951196,2870.92188,"[0.0,0.0,0.0,0.0]","[0.0,0.0,0.0,0.0,0.0,0.0,0.0,0.0]","[0.0,0.0,0.0,0.0,0.0,0.0,0.0,0.0]",176,1,1,0,,0,,,"[NaN,NaN,NaN]","[NaN,NaN,NaN,NaN]","[NaN,NaN,NaN,NaN,NaN,NaN]",0.000758,324,0,[],null,[],0,,,85.855487,,0,,0,,
2026-08-12T15:01:18.067578+00:00,19653.350549880,depth_scale_fixed_10cm_outbound,0,"[0.0,0.0,0.0,0.0]",1,1,1,1,0.000000,15249,762501,1,0,0,1,0,1517093983,215,63887,826,0,99,"[-0.4304333031177521,0.0043060025200247765,-0.054494038224220276,0.9009656310081482]","[0.012547312304377556,-0.017711933702230453,-0.030134541913866997]","[-0.4529240131378174,-1.0112709999084473,9.782197952270508]",-2.25222111,-0.0301345419,0.292951196,2870.92188,"[0.0,0.0,0.0,0.0]","[0.0,0.0,0.0,0.0,0.0,0.0,0.0,0.0]","[0.0,0.0,0.0,0.0,0.0,0.0,0.0,0.0]",176,1,1,0,,0,,,"[NaN,NaN,NaN]","[NaN,NaN,NaN,NaN]","[NaN,NaN,NaN,NaN,NaN,NaN]",0.001410,325,0,[],null,[],0,,,84.250376,,0,,0,,
2026-08-12T15:01:18.117788+00:00,19653.400440444,depth_scale_fixed_10cm_outbound,0,"[0.0,0.0,0.0,0.0]",1,1,1,1,0.000000,15250,762551,1,0,0,1,0,1517093983,216,63441,827,0,101,"[-0.4304333031177521,0.0043060025200247765,-0.054494038224220276,0.9009656310081482]","[0.012547312304377556,-0.017711933702230453,-0.030134541913866997]","[-0.4529240131378174,-1.0112709999084473,9.782197952270508]",-2.25222111,-0.0301345419,0.292951196,2870.92188,"[0.0,0.0,0.0,0.0]","[0.0,0.0,0.0,0.0,0.0,0.0,0.0,0.0]","[0.0,0.0,0.0,0.0,0.0,0.0,0.0,0.0]",255,1,1,0,,0,,,"[NaN,NaN,NaN]","[NaN,NaN,NaN,NaN]","[NaN,NaN,NaN,NaN,NaN,NaN]",0.000882,327,0,[],null,[],0,,,87.346471,,0,,0,,
2026-08-12T15:01:18.169694+00:00,19653.451846738,depth_scale_fixed_10cm_outbound,0,"[0.0,0.0,0.0,0.0]",1,1,1,1,0.000000,15251,762601,1,0,0,1,0,1517093983,217,6859,828,0,102,"[-0.4304333031177521,0.0043060025200247765,-0.054494038224220276,0.9009656310081482]","[0.012547312304377556,-0.017711933702230453,-0.030134541913866997]","[-0.4529240131378174,-1.0112709999084473,9.782197952270508]",-2.25222111,-0.0301345419,0.295585155,2896.73438,"[0.0,0.0,0.0,0.0]","[0.0,0.0,0.0,0.0,0.0,0.0,0.0,0.0]","[0.0,0.0,0.0,0.0,0.0,0.0,0.0,0.0]",191,1,1,0,,0,,,"[NaN,NaN,NaN]","[NaN,NaN,NaN,NaN]","[NaN,NaN,NaN,NaN,NaN,NaN]",0.002373,328,0,[],null,[],0,,,85.180012,,0,,0,,
2026-08-12T15:01:18.217250+00:00,19653.500115509,depth_scale_fixed_10cm_outbound,0,"[0.0,0.0,0.0,0.0]",1,1,1,1,0.000000,15252,762651,1,0,0,1,0,1517093983,218,58408,829,0,99,"[-0.4304333031177521,0.0043060025200247765,-0.054494038224220276,0.9009656310081482]","[0.012547312304377556,-0.017711933702230453,-0.030134541913866997]","[-0.4529240131378174,-1.0112709999084473,9.782197952270508]",-2.25222111,-0.0301345419,0.295585155,2896.73438,"[0.0,0.0,0.0,0.0]","[0.0,0.0,0.0,0.0,0.0,0.0,0.0,0.0]","[0.0,0.0,0.0,0.0,0.0,0.0,0.0,0.0]",255,1,1,0,,0,,,"[NaN,NaN,NaN]","[NaN,NaN,NaN,NaN]","[NaN,NaN,NaN,NaN,NaN,NaN]",0.001118,329,0,[],null,[],0,,,87.935021,,0,,0,,
2026-08-12T15:01:18.269587+00:00,19653.551622116,depth_scale_fixed_10cm_outbound,0,"[0.0,0.0,0.0,0.0]",1,1,1,1,0.000000,15253,762701,1,0,0,1,0,1517093983,219,9124,830,0,99,"[-0.4304333031177521,0.0043060025200247765,-0.054494038224220276,0.9009656310081482]","[0.012547312304377556,-0.017711933702230453,-0.030134541913866997]","[-0.4529240131378174,-1.0112709999084473,9.782197952270508]",-2.25222111,-0.0301345419,0.295585155,2896.73438,"[0.0,0.0,0.0,0.0]","[0.0,0.0,0.0,0.0,0.0,0.0,0.0,0.0]","[0.0,0.0,0.0,0.0,0.0,0.0,0.0,0.0]",240,1,1,0,,0,,,"[NaN,NaN,NaN]","[NaN,NaN,NaN,NaN]","[NaN,NaN,NaN,NaN,NaN,NaN]",0.001585,331,0,[],null,[],0,,,85.556323,,0,,0,,
2026-08-12T15:01:18.319647+00:00,19653.601655812,depth_scale_fixed_10cm_outbound,0,"[0.0,0.0,0.0,0.0]",1,1,1,1,0.000000,15254,762751,1,0,0,1,0,1517093983,220,47273,831,0,102,"[-0.4304333031177521,0.0043060025200247765,-0.054494038224220276,0.9009656310081482]","[0.012547312304377556,-0.017711933702230453,-0.030134541913866997]","[-0.4529240131378174,-1.0112709999084473,9.782197952270508]",-2.25222111,-0.0301345419,0.298096269,2921.34375,"[0.0,0.0,0.0,0.0]","[0.0,0.0,0.0,0.0,0.0,0.0,0.0,0.0]","[0.0,0.0,0.0,0.0,0.0,0.0,0.0,0.0]",240,1,1,0,,0,,,"[NaN,NaN,NaN]","[NaN,NaN,NaN,NaN]","[NaN,NaN,NaN,NaN,NaN,NaN]",0.001579,333,0,[],null,[],0,,,87.184299,,0,,0,,
2026-08-12T15:01:18.369666+00:00,19653.651684353,depth_scale_fixed_10cm_outbound,0,"[0.0,0.0,0.0,0.0]",1,1,1,1,0.000000,15255,762801,1,0,0,1,0,1517093983,221,61032,832,0,100,"[-0.4304333031177521,0.0043060025200247765,-0.054494038224220276,0.9009656310081482]","[0.012547312304377556,-0.017711933702230453,-0.030134541913866997]","[-0.4529240131378174,-1.0112709999084473,9.782197952270508]",-2.25222111,-0.0301345419,0.298096269,2921.34375,"[0.0,0.0,0.0,0.0]","[0.0,0.0,0.0,0.0,0.0,0.0,0.0,0.0]","[0.0,0.0,0.0,0.0,0.0,0.0,0.0,0.0]",255,1,1,0,,0,,,"[NaN,NaN,NaN]","[NaN,NaN,NaN,NaN]","[NaN,NaN,NaN,NaN,NaN,NaN]",0.002338,334,0,[],null,[],0,,,89.08196,,0,,0,,
2026-08-12T15:01:18.416904+00:00,19653.699973087,depth_scale_fixed_10cm_outbound,0,"[0.0,0.0,0.0,0.0]",1,1,1,1,0.000000,15256,762851,1,0,0,1,0,1517093983,222,13869,833,0,98,"[-0.4304333031177521,0.0043060025200247765,-0.054494038224220276,0.9009656310081482]","[0.012547312304377556,-0.017711933702230453,-0.030134541913866997]","[-0.4529240131378174,-1.0112709999084473,9.782197952270508]",-2.25222111,-0.0301345419,0.300627381,2946.14844,"[0.0,0.0,0.0,0.0]","[0.0,0.0,0.0,0.0,0.0,0.0,0.0,0.0]","[0.0,0.0,0.0,0.0,0.0,0.0,0.0,0.0]",176,1,1,0,,0,,,"[NaN,NaN,NaN]","[NaN,NaN,NaN,NaN]","[NaN,NaN,NaN,NaN,NaN,NaN]",0.000541,336,0,[],null,[],0,,,88.313137,,0,,0,,
2026-08-12T15:01:18.470234+00:00,19653.751920145,depth_scale_fixed_10cm_outbound,0,"[0.0,0.0,0.0,0.0]",1,1,1,1,0.000000,15257,762901,1,0,0,1,0,1517093983,223,2176,834,0,101,"[-0.4304333031177521,0.0043060025200247765,-0.054494038224220276,0.9009656310081482]","[0.012547312304377556,-0.017711933702230453,-0.030134541913866997]","[-0.4529240131378174,-1.0112709999084473,9.782197952270508]",-2.25222111,-0.0301345419,0.300627381,2946.14844,"[0.0,0.0,0.0,0.0]","[0.0,0.0,0.0,0.0,0.0,0.0,0.0,0.0]","[0.0,0.0,0.0,0.0,0.0,0.0,0.0,0.0]",176,1,1,0,,0,,,"[NaN,NaN,NaN]","[NaN,NaN,NaN,NaN]","[NaN,NaN,NaN,NaN,NaN,NaN]",0.002550,337,0,[],null,[],0,,,89.205553,,0,,0,,
2026-08-12T15:01:18.516468+00:00,19653.799653084,depth_scale_fixed_10cm_outbound,0,"[0.0,0.0,0.0,0.0]",1,1,1,1,0.000000,15258,762951,1,0,0,1,0,1517093983,224,47697,835,0,99,"[-0.4304333031177521,0.0043060025200247765,-0.054494038224220276,0.9009656310081482]","[0.012547312304377556,-0.017711933702230453,-0.030134541913866997]","[-0.4529240131378174,-1.0112709999084473,9.782197952270508]",-2.25222111,-0.0301345419,0.302986294,2969.26562,"[0.0,0.0,0.0,0.0]","[0.0,0.0,0.0,0.0,0.0,0.0,0.0,0.0]","[0.0,0.0,0.0,0.0,0.0,0.0,0.0,0.0]",191,1,1,0,,0,,,"[NaN,NaN,NaN]","[NaN,NaN,NaN,NaN]","[NaN,NaN,NaN,NaN,NaN,NaN]",0.000417,339,0,[],null,[],0,,,86.297325,,0,,0,,
2026-08-12T15:01:18.567782+00:00,19653.850331447,depth_scale_fixed_10cm_outbound,0,"[0.0,0.0,0.0,0.0]",1,1,1,1,0.000000,15259,763001,1,0,0,1,0,1517093983,225,48844,836,0,98,"[-0.4304333031177521,0.0043060025200247765,-0.054494038224220276,0.9009656310081482]","[0.012547312304377556,-0.017711933702230453,-0.030134541913866997]","[-0.4529240131378174,-1.0112709999084473,9.782197952270508]",-2.25222111,-0.0301345419,0.302986294,2969.26562,"[0.0,0.0,0.0,0.0]","[0.0,0.0,0.0,0.0,0.0,0.0,0.0,0.0]","[0.0,0.0,0.0,0.0,0.0,0.0,0.0,0.0]",240,1,1,0,,0,,,"[NaN,NaN,NaN]","[NaN,NaN,NaN,NaN]","[NaN,NaN,NaN,NaN,NaN,NaN]",0.001352,340,0,[],null,[],0,,,85.151615,,0,,0,,
2026-08-12T15:01:18.616556+00:00,19653.899730680,depth_scale_fixed_10cm_outbound,0,"[0.0,0.0,0.0,0.0]",1,1,1,1,0.000000,15260,763051,1,0,0,1,0,1517093983,226,46971,837,0,101,"[-0.4304333031177521,0.0043060025200247765,-0.054494038224220276,0.9009656310081482]","[0.012547312304377556,-0.017711933702230453,-0.030134541913866997]","[-0.4529240131378174,-1.0112709999084473,9.782197952270508]",-2.25222111,-0.0301345419,0.302986294,2969.26562,"[0.0,0.0,0.0,0.0]","[0.0,0.0,0.0,0.0,0.0,0.0,0.0,0.0]","[0.0,0.0,0.0,0.0,0.0,0.0,0.0,0.0]",240,1,1,0,,0,,,"[NaN,NaN,NaN]","[NaN,NaN,NaN,NaN]","[NaN,NaN,NaN,NaN,NaN,NaN]",0.000415,342,0,[],null,[],0,,,82.940896,,0,,0,,
2026-08-12T15:01:18.666526+00:00,19653.949533315,depth_scale_fixed_10cm_outbound,0,"[0.0,0.0,0.0,0.0]",1,1,1,1,0.000000,15261,763101,1,0,0,1,0,1517093983,227,61833,838,0,98,"[-0.4304333031177521,0.0043060025200247765,-0.054494038224220276,0.9009656310081482]","[0.012547312304377556,-0.017711933702230453,-0.030134541913866997]","[-0.4529240131378174,-1.0112709999084473,9.782197952270508]",-2.25222111,-0.0301345419,0.305123568,2990.21094,"[0.0,0.0,0.0,0.0]","[0.0,0.0,0.0,0.0,0.0,0.0,0.0,0.0]","[0.0,0.0,0.0,0.0,0.0,0.0,0.0,0.0]",255,1,1,0,,0,,,"[NaN,NaN,NaN]","[NaN,NaN,NaN,NaN]","[NaN,NaN,NaN,NaN,NaN,NaN]",0.000662,343,0,[],null,[],0,,,86.793673,,0,,0,,
2026-08-12T15:01:18.717361+00:00,19654.000162132,depth_scale_fixed_10cm_outbound,0,"[0.0,0.0,0.0,0.0]",1,1,1,1,0.000000,15262,763151,1,0,0,1,0,1517093983,228,6990,839,0,100,"[-0.4304333031177521,0.0043060025200247765,-0.054494038224220276,0.9009656310081482]","[0.012547312304377556,-0.017711933702230453,-0.030134541913866997]","[-0.4529240131378174,-1.0112709999084473,9.782197952270508]",-2.25222111,-0.0301345419,0.305123568,2990.21094,"[0.0,0.0,0.0,0.0]","[0.0,0.0,0.0,0.0,0.0,0.0,0.0,0.0]","[0.0,0.0,0.0,0.0,0.0,0.0,0.0,0.0]",240,1,1,0,,0,,,"[NaN,NaN,NaN]","[NaN,NaN,NaN,NaN]","[NaN,NaN,NaN,NaN,NaN,NaN]",0.000839,345,0,[],null,[],0,,,89.096822,,0,,0,,
2026-08-12T15:01:18.767239+00:00,19654.049976273,depth_scale_fixed_10cm_outbound,0,"[0.0,0.0,0.0,0.0]",1,1,1,1,0.000000,15263,763201,1,0,0,1,0,1517093983,229,8262,840,0,101,"[-0.4304333031177521,0.0043060025200247765,-0.054494038224220276,0.9009656310081482]","[0.012547312304377556,-0.017711933702230453,-0.030134541913866997]","[-0.4529240131378174,-1.0112709999084473,9.782197952270508]",-2.25222111,-0.0301345419,0.3069866,3008.46875,"[0.0,0.0,0.0,0.0]","[0.0,0.0,0.0,0.0,0.0,0.0,0.0,0.0]","[0.0,0.0,0.0,0.0,0.0,0.0,0.0,0.0]",240,1,1,0,,0,,,"[NaN,NaN,NaN]","[NaN,NaN,NaN,NaN]","[NaN,NaN,NaN,NaN,NaN,NaN]",0.001036,346,0,[],null,[],0,,,87.186151,,0,,0,,
2026-08-12T15:01:18.816293+00:00,19654.099465964,depth_scale_fixed_10cm_outbound,0,"[0.0,0.0,0.0,0.0]",1,1,1,1,0.000000,15264,763251,1,0,0,1,0,1517093983,230,44479,841,0,99,"[-0.4304333031177521,0.0043060025200247765,-0.054494038224220276,0.9009656310081482]","[0.012547312304377556,-0.017711933702230453,-0.030134541913866997]","[-0.4529240131378174,-1.0112709999084473,9.782197952270508]",-2.25222111,-0.0301345419,0.3069866,3008.46875,"[0.0,0.0,0.0,0.0]","[0.0,0.0,0.0,0.0,0.0,0.0,0.0,0.0]","[0.0,0.0,0.0,0.0,0.0,0.0,0.0,0.0]",255,1,1,0,,0,,,"[NaN,NaN,NaN]","[NaN,NaN,NaN,NaN]","[NaN,NaN,NaN,NaN,NaN,NaN]",0.000416,348,0,[],null,[],0,,,85.672956,,0,,0,,
2026-08-12T15:01:18.869369+00:00,19654.151664531,depth_scale_fixed_10cm_outbound,0,"[0.0,0.0,0.0,0.0]",1,1,1,1,0.000000,15265,763301,1,0,0,1,0,1517093983,231,15263,842,0,102,"[-0.4304333031177521,0.0043060025200247765,-0.054494038224220276,0.9009656310081482]","[0.012547312304377556,-0.017711933702230453,-0.030134541913866997]","[-0.4529240131378174,-1.0112709999084473,9.782197952270508]",-2.25222111,-0.0301345419,0.3069866,3008.46875,"[0.0,0.0,0.0,0.0]","[0.0,0.0,0.0,0.0,0.0,0.0,0.0,0.0]","[0.0,0.0,0.0,0.0,0.0,0.0,0.0,0.0]",240,1,1,0,,0,,,"[NaN,NaN,NaN]","[NaN,NaN,NaN,NaN]","[NaN,NaN,NaN,NaN,NaN,NaN]",0.002441,349,0,[],null,[],0,,,85.638784,,0,,0,,
2026-08-12T15:01:18.918379+00:00,19654.201136385,depth_scale_fixed_10cm_outbound,0,"[0.0,0.0,0.0,0.0]",1,1,1,1,0.000000,15266,763351,1,0,0,1,0,1517093983,232,30638,843,0,102,"[-0.4304333031177521,0.0043060025200247765,-0.054494038224220276,0.9009656310081482]","[0.012547312304377556,-0.017711933702230453,-0.030134541913866997]","[-0.4529240131378174,-1.0112709999084473,9.782197952270508]",-2.25222111,-0.0301345419,0.308621645,3024.49219,"[0.0,0.0,0.0,0.0]","[0.0,0.0,0.0,0.0,0.0,0.0,0.0,0.0]","[0.0,0.0,0.0,0.0,0.0,0.0,0.0,0.0]",240,1,1,0,,0,,,"[NaN,NaN,NaN]","[NaN,NaN,NaN,NaN]","[NaN,NaN,NaN,NaN,NaN,NaN]",0.000060,351,0,[],null,[],0,,,82.965266,,0,,0,,
2026-08-12T15:01:18.966665+00:00,19654.249702684,depth_scale_fixed_10cm_outbound,0,"[0.0,0.0,0.0,0.0]",1,1,1,1,0.000000,15267,763401,1,0,0,1,0,1517093983,233,31584,844,0,98,"[-0.4304333031177521,0.0043060025200247765,-0.054494038224220276,0.9009656310081482]","[0.012547312304377556,-0.017711933702230453,-0.030134541913866997]","[-0.4529240131378174,-1.0112709999084473,9.782197952270508]",-2.25222111,-0.0301345419,0.308621645,3024.49219,"[0.0,0.0,0.0,0.0]","[0.0,0.0,0.0,0.0,0.0,0.0,0.0,0.0]","[0.0,0.0,0.0,0.0,0.0,0.0,0.0,0.0]",255,1,1,0,,0,,,"[NaN,NaN,NaN]","[NaN,NaN,NaN,NaN]","[NaN,NaN,NaN,NaN,NaN,NaN]",0.000743,352,0,[],null,[],0,,,81.335154,,0,,0,,
2026-08-12T15:01:19.016380+00:00,19654.299586869,depth_scale_fixed_10cm_outbound,0,"[0.0,0.0,0.0,0.0]",1,1,1,1,0.000000,15268,763451,1,0,0,1,0,1517093983,234,57450,845,0,98,"[-0.4304333031177521,0.0043060025200247765,-0.054494038224220276,0.9009656310081482]","[0.012547312304377556,-0.017711933702230453,-0.030134541913866997]","[-0.4529240131378174,-1.0112709999084473,9.782197952270508]",-2.25222111,-0.0301345419,0.309942603,3037.4375,"[0.0,0.0,0.0,0.0]","[0.0,0.0,0.0,0.0,0.0,0.0,0.0,0.0]","[0.0,0.0,0.0,0.0,0.0,0.0,0.0,0.0]",240,1,1,0,,0,,,"[NaN,NaN,NaN]","[NaN,NaN,NaN,NaN]","[NaN,NaN,NaN,NaN,NaN,NaN]",0.000395,354,0,[],null,[],0,,,82.766332,,0,,0,,
2026-08-12T15:01:19.069088+00:00,19654.351423035,depth_scale_fixed_10cm_outbound,0,"[0.0,0.0,0.0,0.0]",1,1,1,1,0.000000,15269,763501,1,0,0,1,0,1517093983,235,3440,846,0,102,"[-0.4304333031177521,0.0043060025200247765,-0.054494038224220276,0.9009656310081482]","[0.012547312304377556,-0.017711933702230453,-0.030134541913866997]","[-0.4529240131378174,-1.0112709999084473,9.782197952270508]",-2.25222111,-0.0301345419,0.309942603,3037.4375,"[0.0,0.0,0.0,0.0]","[0.0,0.0,0.0,0.0,0.0,0.0,0.0,0.0]","[0.0,0.0,0.0,0.0,0.0,0.0,0.0,0.0]",240,1,1,0,,0,,,"[NaN,NaN,NaN]","[NaN,NaN,NaN,NaN]","[NaN,NaN,NaN,NaN,NaN,NaN]",0.002192,355,0,[],null,[],0,,,82.097804,,0,,0,,
2026-08-12T15:01:19.116467+00:00,19654.399631679,depth_scale_fixed_10cm_outbound,0,"[0.0,0.0,0.0,0.0]",1,1,1,1,0.000000,15270,763551,1,0,0,1,0,1517093983,236,44840,847,0,100,"[-0.4304333031177521,0.0043060025200247765,-0.054494038224220276,0.9009656310081482]","[0.012547312304377556,-0.017711933702230453,-0.030134541913866997]","[-0.4529240131378174,-1.0112709999084473,9.782197952270508]",-2.25222111,-0.0301345419,0.311077803,3048.5625,"[0.0,0.0,0.0,0.0]","[0.0,0.0,0.0,0.0,0.0,0.0,0.0,0.0]","[0.0,0.0,0.0,0.0,0.0,0.0,0.0,0.0]",255,1,1,0,,0,,,"[NaN,NaN,NaN]","[NaN,NaN,NaN,NaN]","[NaN,NaN,NaN,NaN,NaN,NaN]",0.000393,357,0,[],null,[],0,,,82.071079,,0,,0,,
2026-08-12T15:01:19.167072+00:00,19654.450120067,depth_scale_fixed_10cm_outbound,0,"[0.0,0.0,0.0,0.0]",1,1,1,1,0.000000,15271,763601,1,0,0,1,0,1517093983,237,15640,848,0,98,"[-0.4304333031177521,0.0043060025200247765,-0.054494038224220276,0.9009656310081482]","[0.012547312304377556,-0.017711933702230453,-0.030134541913866997]","[-0.4529240131378174,-1.0112709999084473,9.782197952270508]",-2.25222111,-0.0301345419,0.311077803,3048.5625,"[0.0,0.0,0.0,0.0]","[0.0,0.0,0.0,0.0,0.0,0.0,0.0,0.0]","[0.0,0.0,0.0,0.0,0.0,0.0,0.0,0.0]",240,1,1,0,,0,,,"[NaN,NaN,NaN]","[NaN,NaN,NaN,NaN]","[NaN,NaN,NaN,NaN,NaN,NaN]",0.001069,358,0,[],null,[],0,,,81.219573,,0,,0,,
2026-08-12T15:01:19.217060+00:00,19654.500242802,depth_scale_fixed_10cm_outbound,0,"[0.0,0.0,0.0,0.0]",1,1,1,1,0.000000,15272,763651,1,0,0,1,0,1517093983,238,26355,849,0,101,"[-0.4304333031177521,0.0043060025200247765,-0.054494038224220276,0.9009656310081482]","[0.012547312304377556,-0.017711933702230453,-0.030134541913866997]","[-0.4529240131378174,-1.0112709999084473,9.782197952270508]",-2.25222111,-0.0301345419,0.311077803,3048.5625,"[0.0,0.0,0.0,0.0]","[0.0,0.0,0.0,0.0,0.0,0.0,0.0,0.0]","[0.0,0.0,0.0,0.0,0.0,0.0,0.0,0.0]",240,1,1,0,,0,,,"[NaN,NaN,NaN]","[NaN,NaN,NaN,NaN]","[NaN,NaN,NaN,NaN,NaN,NaN]",0.000755,359,0,[],null,[],0,,,80.643213,,0,,0,,
2026-08-12T15:01:19.268980+00:00,19654.551409344,depth_scale_fixed_10cm_outbound,0,"[0.0,0.0,0.0,0.0]",1,1,1,1,0.000000,15273,763701,1,0,0,1,0,1517093983,239,14754,850,0,102,"[-0.4304333031177521,0.0043060025200247765,-0.054494038224220276,0.9009656310081482]","[0.012547312304377556,-0.017711933702230453,-0.030134541913866997]","[-0.4529240131378174,-1.0112709999084473,9.782197952270508]",-2.25222111,-0.0301345419,0.312033623,3057.92969,"[0.0,0.0,0.0,0.0]","[0.0,0.0,0.0,0.0,0.0,0.0,0.0,0.0]","[0.0,0.0,0.0,0.0,0.0,0.0,0.0,0.0]",255,1,1,0,,0,,,"[NaN,NaN,NaN]","[NaN,NaN,NaN,NaN]","[NaN,NaN,NaN,NaN,NaN,NaN]",0.001413,361,0,[],null,[],0,,,80.841255,,0,,0,,
2026-08-12T15:01:19.316470+00:00,19654.599611727,depth_scale_fixed_10cm_outbound,0,"[0.0,0.0,0.0,0.0]",1,1,1,1,0.000000,15274,763751,1,0,0,1,0,1517093983,240,13440,851,0,99,"[-0.4304333031177521,0.0043060025200247765,-0.054494038224220276,0.9009656310081482]","[0.012547312304377556,-0.017711933702230453,-0.030134541913866997]","[-0.4529240131378174,-1.0112709999084473,9.782197952270508]",-2.25222111,-0.0301345419,0.312033623,3057.92969,"[0.0,0.0,0.0,0.0]","[0.0,0.0,0.0,0.0,0.0,0.0,0.0,0.0]","[0.0,0.0,0.0,0.0,0.0,0.0,0.0,0.0]",240,1,1,0,,0,,,"[NaN,NaN,NaN]","[NaN,NaN,NaN,NaN]","[NaN,NaN,NaN,NaN,NaN,NaN]",0.000464,363,0,[],null,[],0,,,83.759793,,0,,0,,
2026-08-12T15:01:19.366465+00:00,19654.649635843,depth_scale_fixed_10cm_outbound,0,"[0.0,0.0,0.0,0.0]",1,1,1,1,0.000000,15275,763801,1,0,0,1,0,1517093983,241,39957,852,0,97,"[-0.4304333031177521,0.0043060025200247765,-0.054494038224220276,0.9009656310081482]","[0.012547312304377556,-0.017711933702230453,-0.030134541913866997]","[-0.4529240131378174,-1.0112709999084473,9.782197952270508]",-2.25222111,-0.0301345419,0.312817305,3065.60938,"[0.0,0.0,0.0,0.0]","[0.0,0.0,0.0,0.0,0.0,0.0,0.0,0.0]","[0.0,0.0,0.0,0.0,0.0,0.0,0.0,0.0]",240,1,1,0,,0,,,"[NaN,NaN,NaN]","[NaN,NaN,NaN,NaN]","[NaN,NaN,NaN,NaN,NaN,NaN]",0.000797,364,0,[],null,[],0,,,82.422474,,0,,0,,
2026-08-12T15:01:19.416437+00:00,19654.699548348,depth_scale_fixed_10cm_outbound,0,"[0.0,0.0,0.0,0.0]",1,1,1,1,0.000000,15276,763851,1,0,0,1,0,1517093983,242,61080,853,0,100,"[-0.4304333031177521,0.0043060025200247765,-0.054494038224220276,0.9009656310081482]","[0.012547312304377556,-0.017711933702230453,-0.030134541913866997]","[-0.4529240131378174,-1.0112709999084473,9.782197952270508]",-2.25222111,-0.0301345419,0.312817305,3065.60938,"[0.0,0.0,0.0,0.0]","[0.0,0.0,0.0,0.0,0.0,0.0,0.0,0.0]","[0.0,0.0,0.0,0.0,0.0,0.0,0.0,0.0]",255,1,1,0,,0,,,"[NaN,NaN,NaN]","[NaN,NaN,NaN,NaN]","[NaN,NaN,NaN,NaN,NaN,NaN]",0.000452,366,0,[],null,[],0,,,83.142529,,0,,0,,
2026-08-12T15:01:19.470237+00:00,19654.752410761,depth_scale_fixed_10cm_outbound,0,"[0.0,0.0,0.0,0.0]",1,1,1,1,0.000000,15277,763901,1,0,0,1,0,1517093983,243,5601,854,0,104,"[-0.4304333031177521,0.0043060025200247765,-0.054494038224220276,0.9009656310081482]","[0.012547312304377556,-0.017711933702230453,-0.030134541913866997]","[-0.4529240131378174,-1.0112709999084473,9.782197952270508]",-2.25222111,-0.0301345419,0.312817305,3065.60938,"[0.0,0.0,0.0,0.0]","[0.0,0.0,0.0,0.0,0.0,0.0,0.0,0.0]","[0.0,0.0,0.0,0.0,0.0,0.0,0.0,0.0]",208,1,1,0,,0,,,"[NaN,NaN,NaN]","[NaN,NaN,NaN,NaN]","[NaN,NaN,NaN,NaN,NaN,NaN]",0.003032,367,0,[],null,[],0,,,83.278677,,0,,0,,
2026-08-12T15:01:19.516946+00:00,19654.799887036,depth_scale_fixed_10cm_outbound,0,"[0.0,0.0,0.0,0.0]",1,1,1,1,0.000000,15278,763951,1,0,0,1,0,1517093983,244,37829,855,0,101,"[-0.4304333031177521,0.0043060025200247765,-0.054494038224220276,0.9009656310081482]","[0.012547312304377556,-0.017711933702230453,-0.030134541913866997]","[-0.4529240131378174,-1.0112709999084473,9.782197952270508]",-2.25222111,-0.0301345419,0.313467771,3071.98438,"[0.0,0.0,0.0,0.0]","[0.0,0.0,0.0,0.0,0.0,0.0,0.0,0.0]","[0.0,0.0,0.0,0.0,0.0,0.0,0.0,0.0]",208,1,1,0,,0,,,"[NaN,NaN,NaN]","[NaN,NaN,NaN,NaN]","[NaN,NaN,NaN,NaN,NaN,NaN]",0.000660,369,0,[],null,[],0,,,84.340831,,0,,0,,
2026-08-12T15:01:19.566809+00:00,19654.849832294,depth_scale_fixed_10cm_outbound,0,"[0.0,0.0,0.0,0.0]",1,1,1,1,0.000000,15279,764001,1,0,0,1,0,1517093983,245,38056,856,0,97,"[-0.4304333031177521,0.0043060025200247765,-0.054494038224220276,0.9009656310081482]","[0.012547312304377556,-0.017711933702230453,-0.030134541913866997]","[-0.4529240131378174,-1.0112709999084473,9.782197952270508]",-2.25222111,-0.0301345419,0.313467771,3071.98438,"[0.0,0.0,0.0,0.0]","[0.0,0.0,0.0,0.0,0.0,0.0,0.0,0.0]","[0.0,0.0,0.0,0.0,0.0,0.0,0.0,0.0]",223,1,1,0,,0,,,"[NaN,NaN,NaN]","[NaN,NaN,NaN,NaN]","[NaN,NaN,NaN,NaN,NaN,NaN]",0.000890,370,0,[],null,[],0,,,82.927763,,0,,0,,
2026-08-12T15:01:19.616512+00:00,19654.899669176,depth_scale_fixed_10cm_outbound,0,"[0.0,0.0,0.0,0.0]",1,1,1,1,0.000000,15280,764051,1,0,0,1,0,1517093983,246,14071,857,0,100,"[-0.4304333031177521,0.0043060025200247765,-0.054494038224220276,0.9009656310081482]","[0.012547312304377556,-0.017711933702230453,-0.030134541913866997]","[-0.4529240131378174,-1.0112709999084473,9.782197952270508]",-2.25222111,-0.0301345419,0.314025819,3077.45312,"[0.0,0.0,0.0,0.0]","[0.0,0.0,0.0,0.0,0.0,0.0,0.0,0.0]","[0.0,0.0,0.0,0.0,0.0,0.0,0.0,0.0]",240,1,1,0,,0,,,"[NaN,NaN,NaN]","[NaN,NaN,NaN,NaN]","[NaN,NaN,NaN,NaN,NaN,NaN]",0.000864,371,0,[],null,[],0,,,84.162451,,0,,0,,
2026-08-12T15:01:19.667218+00:00,19654.950088422,depth_scale_fixed_10cm_outbound,0,"[0.0,0.0,0.0,0.0]",1,1,1,1,0.000000,15281,764101,1,0,0,1,0,1517093983,247,20144,858,0,100,"[-0.4304333031177521,0.0043060025200247765,-0.054494038224220276,0.9009656310081482]","[0.012547312304377556,-0.017711933702230453,-0.030134541913866997]","[-0.4529240131378174,-1.0112709999084473,9.782197952270508]",-2.25222111,-0.0301345419,0.314025819,3077.45312,"[0.0,0.0,0.0,0.0]","[0.0,0.0,0.0,0.0,0.0,0.0,0.0,0.0]","[0.0,0.0,0.0,0.0,0.0,0.0,0.0,0.0]",240,1,1,0,,0,,,"[NaN,NaN,NaN]","[NaN,NaN,NaN,NaN]","[NaN,NaN,NaN,NaN,NaN,NaN]",0.000756,373,0,[],null,[],0,,,81.647071,,0,,0,,
2026-08-12T15:01:19.716860+00:00,19655.000037146,depth_scale_fixed_10cm_outbound,0,"[0.0,0.0,0.0,0.0]",1,1,1,1,0.000000,15282,764151,1,0,0,1,0,1517093983,248,65317,859,0,100,"[-0.4304333031177521,0.0043060025200247765,-0.054494038224220276,0.9009656310081482]","[0.012547312304377556,-0.017711933702230453,-0.030134541913866997]","[-0.4529240131378174,-1.0112709999084473,9.782197952270508]",-2.25222111,-0.0301345419,0.31449458,3082.04688,"[0.0,0.0,0.0,0.0]","[0.0,0.0,0.0,0.0,0.0,0.0,0.0,0.0]","[0.0,0.0,0.0,0.0,0.0,0.0,0.0,0.0]",255,1,1,0,,0,,,"[NaN,NaN,NaN]","[NaN,NaN,NaN,NaN]","[NaN,NaN,NaN,NaN,NaN,NaN]",0.000446,375,0,[],null,[],0,,,84.438685,,0,,0,,
2026-08-12T15:01:19.766754+00:00,19655.049798453,depth_scale_fixed_10cm_outbound,0,"[0.0,0.0,0.0,0.0]",1,1,1,1,0.000000,15283,764201,1,0,0,1,0,1517093983,249,62920,860,0,100,"[-0.4304333031177521,0.0043060025200247765,-0.054494038224220276,0.9009656310081482]","[0.012547312304377556,-0.017711933702230453,-0.030134541913866997]","[-0.4529240131378174,-1.0112709999084473,9.782197952270508]",-2.25222111,-0.0301345419,0.31449458,3082.04688,"[0.0,0.0,0.0,0.0]","[0.0,0.0,0.0,0.0,0.0,0.0,0.0,0.0]","[0.0,0.0,0.0,0.0,0.0,0.0,0.0,0.0]",240,1,1,0,,0,,,"[NaN,NaN,NaN]","[NaN,NaN,NaN,NaN]","[NaN,NaN,NaN,NaN,NaN,NaN]",0.000872,376,0,[],null,[],0,,,84.284346,,0,,0,,
2026-08-12T15:01:19.816348+00:00,19655.099527299,depth_scale_fixed_10cm_outbound,0,"[0.0,0.0,0.0,0.0]",1,1,1,1,0.000000,15284,764251,1,0,0,1,0,1517093983,250,31105,861,0,99,"[-0.4304333031177521,0.0043060025200247765,-0.054494038224220276,0.9009656310081482]","[0.012547312304377556,-0.017711933702230453,-0.030134541913866997]","[-0.4529240131378174,-1.0112709999084473,9.782197952270508]",-2.25222111,-0.0301345419,0.31449458,3082.04688,"[0.0,0.0,0.0,0.0]","[0.0,0.0,0.0,0.0,0.0,0.0,0.0,0.0]","[0.0,0.0,0.0,0.0,0.0,0.0,0.0,0.0]",240,1,1,0,,0,,,"[NaN,NaN,NaN]","[NaN,NaN,NaN,NaN]","[NaN,NaN,NaN,NaN,NaN,NaN]",0.000432,378,0,[],null,[],0,,,82.677979,,0,,0,,
2026-08-12T15:01:19.867934+00:00,19655.150502078,depth_scale_fixed_10cm_outbound,0,"[0.0,0.0,0.0,0.0]",1,1,1,1,0.000000,15285,764301,1,0,0,1,0,1517093983,251,61345,862,0,101,"[-0.4304333031177521,0.0043060025200247765,-0.054494038224220276,0.9009656310081482]","[0.012547312304377556,-0.017711933702230453,-0.030134541913866997]","[-0.4529240131378174,-1.0112709999084473,9.782197952270508]",-2.25222111,-0.0301345419,0.31495136,3086.52344,"[0.0,0.0,0.0,0.0]","[0.0,0.0,0.0,0.0,0.0,0.0,0.0,0.0]","[0.0,0.0,0.0,0.0,0.0,0.0,0.0,0.0]",255,1,1,0,,0,,,"[NaN,NaN,NaN]","[NaN,NaN,NaN,NaN]","[NaN,NaN,NaN,NaN,NaN,NaN]",0.001503,379,0,[],null,[],0,,,82.203846,,0,,0,,
2026-08-12T15:01:19.917283+00:00,19655.200339219,depth_scale_fixed_10cm_outbound,0,"[0.0,0.0,0.0,0.0]",1,1,1,1,0.000000,15286,764351,1,0,0,1,0,1517093983,252,29868,863,0,101,"[-0.4304333031177521,0.0043060025200247765,-0.054494038224220276,0.9009656310081482]","[0.012547312304377556,-0.017711933702230453,-0.030134541913866997]","[-0.4529240131378174,-1.0112709999084473,9.782197952270508]",-2.25222111,-0.0301345419,0.31495136,3086.52344,"[0.0,0.0,0.0,0.0]","[0.0,0.0,0.0,0.0,0.0,0.0,0.0,0.0]","[0.0,0.0,0.0,0.0,0.0,0.0,0.0,0.0]",240,1,1,0,,0,,,"[NaN,NaN,NaN]","[NaN,NaN,NaN,NaN]","[NaN,NaN,NaN,NaN,NaN,NaN]",0.000918,381,0,[],null,[],0,,,82.126097,,0,,0,,
2026-08-12T15:01:19.966308+00:00,19655.249496948,depth_scale_fixed_10cm_outbound,0,"[0.0,0.0,0.0,0.0]",1,1,1,1,0.000000,15287,764401,1,0,0,1,0,1517093983,253,45856,864,0,98,"[-0.4304333031177521,0.0043060025200247765,-0.054494038224220276,0.9009656310081482]","[0.012547312304377556,-0.017711933702230453,-0.030134541913866997]","[-0.4529240131378174,-1.0112709999084473,9.782197952270508]",-2.25222111,-0.0301345419,0.315384239,3090.76562,"[0.0,0.0,0.0,0.0]","[0.0,0.0,0.0,0.0,0.0,0.0,0.0,0.0]","[0.0,0.0,0.0,0.0,0.0,0.0,0.0,0.0]",240,1,1,0,,0,,,"[NaN,NaN,NaN]","[NaN,NaN,NaN,NaN]","[NaN,NaN,NaN,NaN,NaN,NaN]",0.000627,382,0,[],null,[],0,,,81.074796,,0,,0,,
2026-08-12T15:01:20.017297+00:00,19655.300099451,depth_scale_fixed_10cm_outbound,0,"[0.0,0.0,0.0,0.0]",1,1,1,1,0.000000,15288,764451,1,0,0,1,0,1517093983,254,24403,865,0,100,"[-0.4304333031177521,0.0043060025200247765,-0.054494038224220276,0.9009656310081482]","[0.012547312304377556,-0.017711933702230453,-0.030134541913866997]","[-0.4529240131378174,-1.0112709999084473,9.782197952270508]",-2.25222111,-0.0301345419,0.315384239,3090.76562,"[0.0,0.0,0.0,0.0]","[0.0,0.0,0.0,0.0,0.0,0.0,0.0,0.0]","[0.0,0.0,0.0,0.0,0.0,0.0,0.0,0.0]",255,1,1,0,,0,,,"[NaN,NaN,NaN]","[NaN,NaN,NaN,NaN]","[NaN,NaN,NaN,NaN,NaN,NaN]",0.000807,384,0,[],null,[],0,,,80.697652,,0,,0,,
2026-08-12T15:01:20.068819+00:00,19655.351686997,depth_scale_fixed_10cm_outbound,0,"[0.0,0.0,0.0,0.0]",1,1,1,1,0.000000,15289,764501,1,0,0,1,0,1517093983,255,45929,866,0,103,"[-0.4304333031177521,0.0043060025200247765,-0.054494038224220276,0.9009656310081482]","[0.012547312304377556,-0.017711933702230453,-0.030134541913866997]","[-0.4529240131378174,-1.0112709999084473,9.782197952270508]",-2.25222111,-0.0301345419,0.315384239,3090.76562,"[0.0,0.0,0.0,0.0]","[0.0,0.0,0.0,0.0,0.0,0.0,0.0,0.0]","[0.0,0.0,0.0,0.0,0.0,0.0,0.0,0.0]",240,1,1,0,,0,,,"[NaN,NaN,NaN]","[NaN,NaN,NaN,NaN]","[NaN,NaN,NaN,NaN,NaN,NaN]",0.002338,385,0,[],null,[],0,,,79.58732,,0,,0,,
2026-08-12T15:01:20.116441+00:00,19655.399565984,depth_scale_fixed_10cm_outbound,0,"[0.0,0.0,0.0,0.0]",1,1,1,1,0.000000,15290,764551,1,0,0,1,0,1517093983,256,44704,867,0,99,"[-0.4015563726425171,0.003303003031760454,-0.031226029619574547,0.9152958989143372]","[-0.010115963406860828,0.0056100646033883095,0.009681620635092258]","[-0.1580280065536499,-0.5928710103034973,9.753846168518066]",-2.3152988,0.00968162064,0.315730214,3094.15625,"[0.0,0.0,0.0,0.0]","[0.0,0.0,0.0,0.0,0.0,0.0,0.0,0.0]","[0.0,0.0,0.0,0.0,0.0,0.0,0.0,0.0]",255,1,1,0,,0,,,"[NaN,NaN,NaN]","[NaN,NaN,NaN,NaN]","[NaN,NaN,NaN,NaN,NaN,NaN]",0.000430,387,0,[],null,[],0,,,81.118288,,0,,0,,
2026-08-12T15:01:20.169765+00:00,19655.451755033,depth_scale_fixed_10cm_outbound,0,"[0.0,0.0,0.0,0.0]",1,1,1,1,0.000000,15291,764601,1,0,0,1,0,1517093983,257,16224,868,0,100,"[-0.4015563726425171,0.003303003031760454,-0.031226029619574547,0.9152958989143372]","[-0.010115963406860828,0.0056100646033883095,0.009681620635092258]","[-0.1580280065536499,-0.5928710103034973,9.753846168518066]",-2.3152988,0.00968162064,0.315730214,3094.15625,"[0.0,0.0,0.0,0.0]","[0.0,0.0,0.0,0.0,0.0,0.0,0.0,0.0]","[0.0,0.0,0.0,0.0,0.0,0.0,0.0,0.0]",112,1,1,0,,0,,,"[NaN,NaN,NaN]","[NaN,NaN,NaN,NaN]","[NaN,NaN,NaN,NaN,NaN,NaN]",0.002338,388,0,[],null,[],0,,,82.180831,,0,,0,,
2026-08-12T15:01:20.216913+00:00,19655.500102775,depth_scale_fixed_10cm_outbound,0,"[0.0,0.0,0.0,0.0]",1,1,1,1,0.000000,15292,764651,1,0,0,1,0,1517093983,258,19949,869,0,101,"[-0.4015563726425171,0.003303003031760454,-0.031226029619574547,0.9152958989143372]","[-0.010115963406860828,0.0056100646033883095,0.009681620635092258]","[-0.1580280065536499,-0.5928710103034973,9.753846168518066]",-2.3152988,0.00968162064,0.316060275,3097.39062,"[0.0,0.0,0.0,0.0]","[0.0,0.0,0.0,0.0,0.0,0.0,0.0,0.0]","[0.0,0.0,0.0,0.0,0.0,0.0,0.0,0.0]",112,1,1,0,,0,,,"[NaN,NaN,NaN]","[NaN,NaN,NaN,NaN]","[NaN,NaN,NaN,NaN,NaN,NaN]",0.000399,390,0,[],null,[],0,,,81.790458,,0,,0,,
2026-08-12T15:01:20.268874+00:00,19655.551176234,depth_scale_fixed_10cm_outbound,0,"[0.0,0.0,0.0,0.0]",1,1,1,1,0.000000,15293,764701,1,0,0,1,0,1517093983,259,21283,870,0,100,"[-0.40215715765953064,0.003109001088887453,-0.0319330096244812,0.9150083065032959]","[-0.014976809732615948,0.0077261365950107574,0.010022849775850773]","[-0.2456669956445694,-0.5900329947471619,9.807170867919922]",-2.31400681,0.0100228498,0.316060275,3097.39062,"[0.0,0.0,0.0,0.0]","[0.0,0.0,0.0,0.0,0.0,0.0,0.0,0.0]","[0.0,0.0,0.0,0.0,0.0,0.0,0.0,0.0]",112,1,1,0,,0,,,"[NaN,NaN,NaN]","[NaN,NaN,NaN,NaN]","[NaN,NaN,NaN,NaN,NaN,NaN]",0.001931,391,0,[],null,[],0,,,85.447372,,0,,0,,
2026-08-12T15:01:20.316436+00:00,19655.599578212,depth_scale_fixed_10cm_outbound,0,"[0.0,0.0,0.0,0.0]",1,1,1,1,0.000000,15294,764751,1,0,0,1,0,1517093983,260,57816,871,0,99,"[-0.40215715765953064,0.003109001088887453,-0.0319330096244812,0.9150083065032959]","[-0.014976809732615948,0.0077261365950107574,0.010022849775850773]","[-0.2456669956445694,-0.5900329947471619,9.807170867919922]",-2.31400681,0.0100228498,0.316060275,3097.39062,"[0.0,0.0,0.0,0.0]","[0.0,0.0,0.0,0.0,0.0,0.0,0.0,0.0]","[0.0,0.0,0.0,0.0,0.0,0.0,0.0,0.0]",112,1,1,0,,0,,,"[NaN,NaN,NaN]","[NaN,NaN,NaN,NaN]","[NaN,NaN,NaN,NaN,NaN,NaN]",0.000427,393,0,[],null,[],0,,,83.79501,,0,,0,,
2026-08-12T15:01:20.368594+00:00,19655.650989657,depth_scale_fixed_10cm_outbound,0,"[0.0,0.0,0.0,0.0]",1,1,1,1,0.000000,15295,764801,1,0,0,1,0,1517093983,261,46873,872,0,99,"[-0.40258240699768066,0.0031540028285235167,-0.03334203362464905,0.9147709608078003]","[-0.02876686491072178,0.008990994654595852,0.0042101358994841576]","[-0.162772998213768,-0.6306849718093872,9.69197940826416]",-2.31309724,0.0042101359,0.316189378,3098.65625,"[0.0,0.0,0.0,0.0]","[0.0,0.0,0.0,0.0,0.0,0.0,0.0,0.0]","[0.0,0.0,0.0,0.0,0.0,0.0,0.0,0.0]",240,1,1,0,,0,,,"[NaN,NaN,NaN]","[NaN,NaN,NaN,NaN]","[NaN,NaN,NaN,NaN,NaN,NaN]",0.001788,394,0,[],null,[],0,,,83.219271,,0,,0,,
2026-08-12T15:01:20.416549+00:00,19655.699686658,depth_scale_fixed_10cm_outbound,0,"[0.0,0.0,0.0,0.0]",1,1,1,1,0.000000,15296,764851,1,0,0,1,0,1517093983,262,60658,873,0,101,"[-0.4026210606098175,0.0032140000257641077,-0.03395300731062889,0.9147312045097351]","[-0.03361661359667778,0.012323909439146519,0.0020834344904869795]","[-0.2411009967327118,-0.6383829712867737,9.793540954589844]",-2.31301904,0.00208343449,0.316189378,3098.65625,"[0.0,0.0,0.0,0.0]","[0.0,0.0,0.0,0.0,0.0,0.0,0.0,0.0]","[0.0,0.0,0.0,0.0,0.0,0.0,0.0,0.0]",255,1,1,0,,0,,,"[NaN,NaN,NaN]","[NaN,NaN,NaN,NaN]","[NaN,NaN,NaN,NaN,NaN,NaN]",0.000417,396,0,[],null,[],0,,,82.307475,,0,,0,,
2026-08-12T15:01:20.470172+00:00,19655.751718610,depth_scale_fixed_10cm_outbound,0,"[0.0,0.0,0.0,0.0]",1,1,1,1,0.000000,15297,764901,1,0,0,1,0,1517093983,263,21588,874,0,102,"[-0.4026210606098175,0.0032140000257641077,-0.03395300731062889,0.9147312045097351]","[-0.03361661359667778,0.012323909439146519,0.0020834344904869795]","[-0.2411009967327118,-0.6383829712867737,9.793540954589844]",-2.31301904,0.00208343449,0.316275507,3099.5,"[0.0,0.0,0.0,0.0]","[0.0,0.0,0.0,0.0,0.0,0.0,0.0,0.0]","[0.0,0.0,0.0,0.0,0.0,0.0,0.0,0.0]",240,1,1,0,,0,,,"[NaN,NaN,NaN]","[NaN,NaN,NaN,NaN]","[NaN,NaN,NaN,NaN,NaN,NaN]",0.002320,397,0,[],null,[],0,,,81.399253,,0,,0,,
2026-08-12T15:01:20.517305+00:00,19655.800306770,depth_scale_fixed_10cm_outbound,0,"[0.0,0.0,0.0,0.0]",1,1,1,1,0.000000,15298,764951,1,0,0,1,0,1517093983,264,24495,875,0,100,"[-0.4026210606098175,0.0032140000257641077,-0.03395300731062889,0.9147312045097351]","[-0.03361661359667778,0.012323909439146519,0.0020834344904869795]","[-0.2411009967327118,-0.6383829712867737,9.793540954589844]",-2.31301904,0.00208343449,0.316275507,3099.5,"[0.0,0.0,0.0,0.0]","[0.0,0.0,0.0,0.0,0.0,0.0,0.0,0.0]","[0.0,0.0,0.0,0.0,0.0,0.0,0.0,0.0]",240,1,1,0,,0,,,"[NaN,NaN,NaN]","[NaN,NaN,NaN,NaN]","[NaN,NaN,NaN,NaN,NaN,NaN]",0.000987,398,0,[],null,[],0,,,81.035658,,0,,0,,
2026-08-12T15:01:20.569650+00:00,19655.851675669,depth_scale_fixed_10cm_outbound,0,"[0.0,0.0,0.0,0.0]",1,1,1,1,0.000000,15299,765001,1,0,0,1,0,1517093983,265,59289,876,0,99,"[-0.40227529406547546,0.003256001975387335,-0.036910027265548706,0.914768636226654]","[-0.03279116004705429,0.012642030604183674,-0.005256425589323044]","[-0.16950200498104095,-0.6979569792747498,9.696089744567871]",-2.31382132,-0.00525642559,0.316243619,3099.1875,"[0.0,0.0,0.0,0.0]","[0.0,0.0,0.0,0.0,0.0,0.0,0.0,0.0]","[0.0,0.0,0.0,0.0,0.0,0.0,0.0,0.0]",255,1,1,0,,0,,,"[NaN,NaN,NaN]","[NaN,NaN,NaN,NaN]","[NaN,NaN,NaN,NaN,NaN,NaN]",0.001598,400,0,[],null,[],0,,,81.632075,,0,,0,,
2026-08-12T15:01:20.616782+00:00,19655.899816934,depth_scale_fixed_10cm_outbound,0,"[0.0,0.0,0.0,0.0]",1,1,1,1,0.000000,15300,765051,1,0,0,1,0,1517093983,266,31891,877,0,100,"[-0.40227529406547546,0.003256001975387335,-0.036910027265548706,0.914768636226654]","[-0.03279116004705429,0.012642030604183674,-0.005256425589323044]","[-0.16950200498104095,-0.6979569792747498,9.696089744567871]",-2.31382132,-0.00525642559,0.316243619,3099.1875,"[0.0,0.0,0.0,0.0]","[0.0,0.0,0.0,0.0,0.0,0.0,0.0,0.0]","[0.0,0.0,0.0,0.0,0.0,0.0,0.0,0.0]",255,1,1,0,,0,,,"[NaN,NaN,NaN]","[NaN,NaN,NaN,NaN]","[NaN,NaN,NaN,NaN,NaN,NaN]",0.000545,402,0,[],null,[],0,,,82.27077,,0,,0,,
2026-08-12T15:01:20.666639+00:00,19655.949705087,depth_scale_fixed_10cm_outbound,0,"[0.0,0.0,0.0,0.0]",1,1,1,1,0.000000,15301,765101,1,0,0,1,0,1517093983,267,21880,878,0,98,"[-0.40227529406547546,0.003256001975387335,-0.036910027265548706,0.914768636226654]","[-0.03279116004705429,0.012642030604183674,-0.005256425589323044]","[-0.16950200498104095,-0.6979569792747498,9.696089744567871]",-2.31382132,-0.00525642559,0.316243619,3099.1875,"[0.0,0.0,0.0,0.0]","[0.0,0.0,0.0,0.0,0.0,0.0,0.0,0.0]","[0.0,0.0,0.0,0.0,0.0,0.0,0.0,0.0]",240,1,1,0,,0,,,"[NaN,NaN,NaN]","[NaN,NaN,NaN,NaN]","[NaN,NaN,NaN,NaN,NaN,NaN]",0.000781,403,0,[],null,[],0,,,81.446564,,0,,0,,
2026-08-12T15:01:20.716443+00:00,19655.999593242,depth_scale_fixed_10cm_outbound,0,"[0.0,0.0,0.0,0.0]",1,1,1,1,0.000000,15302,765151,1,0,0,1,0,1517093983,268,35866,879,0,99,"[-0.4018343389034271,0.0033380030654370785,-0.03861503303050995,0.91489177942276]","[-0.021047398447990417,0.006281300913542509,-0.008743157610297203]","[-0.3163290023803711,-0.7179250121116638,9.81303596496582]",-2.31481004,-0.00874315761,0.316123217,3098.00781,"[0.0,0.0,0.0,0.0]","[0.0,0.0,0.0,0.0,0.0,0.0,0.0,0.0]","[0.0,0.0,0.0,0.0,0.0,0.0,0.0,0.0]",255,1,1,0,,0,,,"[NaN,NaN,NaN]","[NaN,NaN,NaN,NaN]","[NaN,NaN,NaN,NaN,NaN,NaN]",0.000417,405,0,[],null,[],0,,,79.158794,,0,,0,,
2026-08-12T15:01:20.766356+00:00,19656.049505553,depth_scale_fixed_10cm_outbound,0,"[0.0,0.0,0.0,0.0]",1,1,1,1,0.000000,15303,765201,1,0,0,1,0,1517093983,269,34551,880,0,99,"[-0.4016644060611725,0.003396003507077694,-0.03897303715348244,0.914950966835022]","[-0.02024206705391407,0.005459703970700502,-0.007500569801777601]","[-0.2827779948711395,-0.718762993812561,9.768657684326172]",-2.31518412,-0.0075005698,0.316123217,3098.00781,"[0.0,0.0,0.0,0.0]","[0.0,0.0,0.0,0.0,0.0,0.0,0.0,0.0]","[0.0,0.0,0.0,0.0,0.0,0.0,0.0,0.0]",240,1,1,0,,0,,,"[NaN,NaN,NaN]","[NaN,NaN,NaN,NaN]","[NaN,NaN,NaN,NaN,NaN,NaN]",0.000628,406,0,[],null,[],0,,,79.176053,,0,,0,,
2026-08-12T15:01:20.816325+00:00,19656.099511563,depth_scale_fixed_10cm_outbound,0,"[0.0,0.0,0.0,0.0]",1,1,1,1,0.000000,15304,765251,1,0,0,1,0,1517093983,270,7677,881,0,100,"[-0.4016644060611725,0.003396003507077694,-0.03897303715348244,0.914950966835022]","[-0.02024206705391407,0.005459703970700502,-0.007500569801777601]","[-0.2827779948711395,-0.718762993812561,9.768657684326172]",-2.31518412,-0.0075005698,0.315950245,3096.3125,"[0.0,0.0,0.0,0.0]","[0.0,0.0,0.0,0.0,0.0,0.0,0.0,0.0]","[0.0,0.0,0.0,0.0,0.0,0.0,0.0,0.0]",255,1,1,0,,0,,,"[NaN,NaN,NaN]","[NaN,NaN,NaN,NaN]","[NaN,NaN,NaN,NaN,NaN,NaN]",0.000428,408,0,[],null,[],0,,,78.287598,,0,,0,,
2026-08-12T15:01:20.866352+00:00,19656.149511706,depth_scale_fixed_10cm_outbound,0,"[0.0,0.0,0.0,0.0]",1,1,1,1,0.000000,15305,765301,1,0,0,1,0,1517093983,271,53218,882,0,100,"[-0.40095946192741394,0.0035170046612620354,-0.039869047701358795,0.915221095085144]","[-0.0043998705223202705,0.004869556054472923,-0.013104071840643883]","[-0.20162999629974365,-0.7669360041618347,9.685540199279785]",-2.31673241,-0.0131040718,0.315950245,3096.3125,"[0.0,0.0,0.0,0.0]","[0.0,0.0,0.0,0.0,0.0,0.0,0.0,0.0]","[0.0,0.0,0.0,0.0,0.0,0.0,0.0,0.0]",255,1,1,0,,0,,,"[NaN,NaN,NaN]","[NaN,NaN,NaN,NaN]","[NaN,NaN,NaN,NaN,NaN,NaN]",0.000635,409,0,[],null,[],0,,,77.530819,,0,,0,,
2026-08-12T15:01:20.918358+00:00,19656.200804504,depth_scale_fixed_10cm_outbound,0,"[0.0,0.0,0.0,0.0]",1,1,1,1,0.000000,15306,765351,1,0,0,1,0,1517093983,272,63957,883,0,102,"[-0.4007084369659424,0.0034450036473572254,-0.03987504541873932,0.9153310060501099]","[0.0029129195027053356,0.005664431490004063,-0.012259227223694324]","[-0.30051299929618835,-0.750436007976532,9.789708137512207]",-2.31728482,-0.0122592272,0.315950245,3096.3125,"[0.0,0.0,0.0,0.0]","[0.0,0.0,0.0,0.0,0.0,0.0,0.0,0.0]","[0.0,0.0,0.0,0.0,0.0,0.0,0.0,0.0]",240,1,1,0,,0,,,"[NaN,NaN,NaN]","[NaN,NaN,NaN,NaN]","[NaN,NaN,NaN,NaN,NaN,NaN]",0.001656,410,0,[],null,[],0,,,76.883111,,0,,0,,
2026-08-12T15:01:20.969590+00:00,19656.251643353,depth_scale_fixed_10cm_outbound,0,"[0.0,0.0,0.0,0.0]",1,1,1,1,0.000000,15307,765401,1,0,0,1,0,1517093983,273,16249,884,0,103,"[-0.4007084369659424,0.0034450036473572254,-0.03987504541873932,0.9153310060501099]","[0.0029129195027053356,0.005664431490004063,-0.012259227223694324]","[-0.30051299929618835,-0.750436007976532,9.789708137512207]",-2.31728482,-0.0122592272,0.315790802,3094.75,"[0.0,0.0,0.0,0.0]","[0.0,0.0,0.0,0.0,0.0,0.0,0.0,0.0]","[0.0,0.0,0.0,0.0,0.0,0.0,0.0,0.0]",240,1,1,0,,0,,,"[NaN,NaN,NaN]","[NaN,NaN,NaN,NaN]","[NaN,NaN,NaN,NaN,NaN,NaN]",0.001593,412,0,[],null,[],0,,,81.524178,,0,,0,,
2026-08-12T15:01:21.016769+00:00,19656.299796999,depth_scale_fixed_10cm_outbound,0,"[0.0,0.0,0.0,0.0]",1,1,1,1,0.000000,15308,765451,1,0,0,1,0,1517093983,274,47395,885,0,99,"[-0.4007084369659424,0.0034450036473572254,-0.03987504541873932,0.9153310060501099]","[0.0029129195027053356,0.005664431490004063,-0.012259227223694324]","[-0.30051299929618835,-0.750436007976532,9.789708137512207]",-2.31728482,-0.0122592272,0.315790802,3094.75,"[0.0,0.0,0.0,0.0]","[0.0,0.0,0.0,0.0,0.0,0.0,0.0,0.0]","[0.0,0.0,0.0,0.0,0.0,0.0,0.0,0.0]",235,1,1,0,,0,,,"[NaN,NaN,NaN]","[NaN,NaN,NaN,NaN]","[NaN,NaN,NaN,NaN,NaN,NaN]",0.000892,413,0,[],null,[],0,,,83.817792,,0,,0,,
2026-08-12T15:01:21.069559+00:00,19656.351602697,depth_scale_fixed_10cm_outbound,0,"[0.0,0.0,0.0,0.0]",1,1,1,1,0.000000,15309,765501,1,0,0,1,0,1517093983,275,22361,886,0,100,"[-0.4000704288482666,0.0029030032455921173,-0.03946104273200035,0.9156299233436584]","[0.005346328020095825,0.006110851652920246,-0.008583110757172108]","[-0.2348089963197708,-0.7266929745674133,9.68456745147705]",-2.31870222,-0.00858311076,0.315612257,3093,"[0.0,0.0,0.0,0.0]","[0.0,0.0,0.0,0.0,0.0,0.0,0.0,0.0]","[0.0,0.0,0.0,0.0,0.0,0.0,0.0,0.0]",224,1,1,0,,0,,,"[NaN,NaN,NaN]","[NaN,NaN,NaN,NaN]","[NaN,NaN,NaN,NaN,NaN,NaN]",0.001608,415,0,[],null,[],0,,,81.886222,,0,,0,,
2026-08-12T15:01:21.116735+00:00,19656.399899282,depth_scale_fixed_10cm_outbound,0,"[0.0,0.0,0.0,0.0]",1,1,1,1,0.000000,15310,765551,1,0,0,1,0,1517093983,276,58786,887,0,100,"[-0.3998951315879822,0.0027290009893476963,-0.03934000805020332,0.9157122373580933]","[0.007780189160257578,0.0056792316026985645,-0.008560962043702602]","[-0.19193600118160248,-0.7446759939193726,9.675728797912598]",-2.31909275,-0.00856096204,0.315612257,3093,"[0.0,0.0,0.0,0.0]","[0.0,0.0,0.0,0.0,0.0,0.0,0.0,0.0]","[0.0,0.0,0.0,0.0,0.0,0.0,0.0,0.0]",224,1,1,0,,0,,,"[NaN,NaN,NaN]","[NaN,NaN,NaN,NaN]","[NaN,NaN,NaN,NaN,NaN,NaN]",0.000653,416,0,[],null,[],0,,,81.226985,,0,,0,,
2026-08-12T15:01:21.166705+00:00,19656.449756736,depth_scale_fixed_10cm_outbound,0,"[0.0,0.0,0.0,0.0]",1,1,1,1,0.000000,15311,765601,1,0,0,1,0,1517093983,277,45923,888,0,98,"[-0.3998951315879822,0.0027290009893476963,-0.03934000805020332,0.9157122373580933]","[0.007780189160257578,0.0056792316026985645,-0.008560962043702602]","[-0.19193600118160248,-0.7446759939193726,9.675728797912598]",-2.31909275,-0.00856096204,0.315612257,3093,"[0.0,0.0,0.0,0.0]","[0.0,0.0,0.0,0.0,0.0,0.0,0.0,0.0]","[0.0,0.0,0.0,0.0,0.0,0.0,0.0,0.0]",240,1,1,0,,0,,,"[NaN,NaN,NaN]","[NaN,NaN,NaN,NaN]","[NaN,NaN,NaN,NaN,NaN,NaN]",0.000567,418,0,[],null,[],0,,,81.97021,,0,,0,,
2026-08-12T15:01:21.217267+00:00,19656.500229921,depth_scale_fixed_10cm_outbound,0,"[0.0,0.0,0.0,0.0]",1,1,1,1,0.000000,15312,765651,1,0,0,1,0,1517093983,278,27142,889,0,100,"[-0.3992141783237457,0.0022510013077408075,-0.03859101980924606,0.9160423874855042]","[0.01385023444890976,0.0005720490589737892,-0.014550094492733479]","[-0.33705100417137146,-0.7208899855613708,9.82243824005127]",-2.32059121,-0.0145500945,0.315464765,3091.55469,"[0.0,0.0,0.0,0.0]","[0.0,0.0,0.0,0.0,0.0,0.0,0.0,0.0]","[0.0,0.0,0.0,0.0,0.0,0.0,0.0,0.0]",240,1,1,0,,0,,,"[NaN,NaN,NaN]","[NaN,NaN,NaN,NaN]","[NaN,NaN,NaN,NaN,NaN,NaN]",0.001253,419,0,[],null,[],0,,,80.979331,,0,,0,,
2026-08-12T15:01:21.267199+00:00,19656.550075380,depth_scale_fixed_10cm_outbound,0,"[0.0,0.0,0.0,0.0]",1,1,1,1,0.000000,15313,765701,1,0,0,1,0,1517093983,279,24811,890,0,100,"[-0.3987763822078705,0.002138002309948206,-0.03807903081178665,0.9162548184394836]","[0.017478495836257935,-0.004473104607313871,-0.01688527502119541]","[-0.29402101039886475,-0.7206889986991882,9.79654312133789]",-2.32154226,-0.016885275,0.315464765,3091.55469,"[0.0,0.0,0.0,0.0]","[0.0,0.0,0.0,0.0,0.0,0.0,0.0,0.0]","[0.0,0.0,0.0,0.0,0.0,0.0,0.0,0.0]",255,1,1,0,,0,,,"[NaN,NaN,NaN]","[NaN,NaN,NaN,NaN]","[NaN,NaN,NaN,NaN,NaN,NaN]",0.000770,421,0,[],null,[],0,,,80.054875,,0,,0,,
2026-08-12T15:01:21.316700+00:00,19656.599726214,depth_scale_fixed_10cm_outbound,0,"[0.0,0.0,0.0,0.0]",1,1,1,1,0.000000,15314,765751,1,0,0,1,0,1517093983,280,53630,891,0,100,"[-0.39832523465156555,0.002062000799924135,-0.03751302510499954,0.9164745211601257]","[0.025390859693288803,-0.006442028097808361,-0.020472800359129906]","[-0.2916400134563446,-0.7182210087776184,9.801331520080566]",-2.32251906,-0.0204728004,0.315456003,3091.46875,"[0.0,0.0,0.0,0.0]","[0.0,0.0,0.0,0.0,0.0,0.0,0.0,0.0]","[0.0,0.0,0.0,0.0,0.0,0.0,0.0,0.0]",255,1,1,0,,0,,,"[NaN,NaN,NaN]","[NaN,NaN,NaN,NaN]","[NaN,NaN,NaN,NaN,NaN,NaN]",0.000864,422,0,[],null,[],0,,,81.471044,,0,,0,,
2026-08-12T15:01:21.369586+00:00,19656.651627178,depth_scale_fixed_10cm_outbound,0,"[0.0,0.0,0.0,0.0]",1,1,1,1,0.000000,15315,765801,1,0,0,1,0,1517093983,281,43321,892,0,102,"[-0.3977910578250885,0.0019580000080168247,-0.03671400621533394,0.9167391061782837]","[0.03391975909471512,-0.007167194504290819,-0.02407875657081604]","[-0.2748839855194092,-0.7037929892539978,9.806107521057129]",-2.32367373,-0.0240787566,0.315456003,3091.46875,"[0.0,0.0,0.0,0.0]","[0.0,0.0,0.0,0.0,0.0,0.0,0.0,0.0]","[0.0,0.0,0.0,0.0,0.0,0.0,0.0,0.0]",255,1,1,0,,0,,,"[NaN,NaN,NaN]","[NaN,NaN,NaN,NaN]","[NaN,NaN,NaN,NaN,NaN,NaN]",0.001584,424,0,[],null,[],0,,,80.114469,,0,,0,,
2026-08-12T15:01:21.418344+00:00,19656.700895617,depth_scale_fixed_10cm_outbound,0,"[0.0,0.0,0.0,0.0]",1,1,1,1,0.000000,15316,765851,1,0,0,1,0,1517093983,282,51991,893,0,101,"[-0.39723140001296997,0.0017910018796101213,-0.035655032843351364,0.9170238971710205]","[0.04427233710885048,-0.007655101828277111,-0.024416232481598854]","[-0.2811259925365448,-0.6632699966430664,9.831828117370605]",-2.32488251,-0.0244162325,0.31538105,3090.73438,"[0.0,0.0,0.0,0.0]","[0.0,0.0,0.0,0.0,0.0,0.0,0.0,0.0]","[0.0,0.0,0.0,0.0,0.0,0.0,0.0,0.0]",255,1,1,0,,0,,,"[NaN,NaN,NaN]","[NaN,NaN,NaN,NaN]","[NaN,NaN,NaN,NaN,NaN,NaN]",0.000587,426,0,[],null,[],0,,,85.081716,,0,,0,,
2026-08-12T15:01:21.467678+00:00,19656.750506749,depth_scale_fixed_10cm_outbound,0,"[0.0,0.0,0.0,0.0]",1,1,1,1,0.000000,15317,765901,1,0,0,1,0,1517093983,283,3227,894,0,99,"[-0.3966712951660156,0.0014850012958049774,-0.03437402471899986,0.9173157215118408]","[0.057682204991579056,-0.006078056991100311,-0.024364465847611427]","[-0.2905440032482147,-0.6391479969024658,9.832965850830078]",-2.32609463,-0.0243644658,0.31538105,3090.73438,"[0.0,0.0,0.0,0.0]","[0.0,0.0,0.0,0.0,0.0,0.0,0.0,0.0]","[0.0,0.0,0.0,0.0,0.0,0.0,0.0,0.0]",255,1,1,0,,0,,,"[NaN,NaN,NaN]","[NaN,NaN,NaN,NaN]","[NaN,NaN,NaN,NaN,NaN,NaN]",0.001179,427,0,[],null,[],0,,,84.443939,,0,,0,,
2026-08-12T15:01:21.518399+00:00,19656.801034850,depth_scale_fixed_10cm_outbound,0,"[0.0,0.0,0.0,0.0]",1,1,1,1,0.000000,15318,765951,1,0,0,1,0,1517093983,284,38806,895,0,100,"[-0.39608606696128845,0.0010160005185753107,-0.03295700624585152,0.9176211953163147]","[0.05649510771036148,-0.0010897486936300993,-0.02527557872235775]","[-0.31499800086021423,-0.5922989845275879,9.847187995910645]",-2.32736635,-0.0252755787,0.315297335,3089.91406,"[0.0,0.0,0.0,0.0]","[0.0,0.0,0.0,0.0,0.0,0.0,0.0,0.0]","[0.0,0.0,0.0,0.0,0.0,0.0,0.0,0.0]",191,1,1,0,,0,,,"[NaN,NaN,NaN]","[NaN,NaN,NaN,NaN]","[NaN,NaN,NaN,NaN,NaN,NaN]",0.001834,428,0,[],null,[],0,,,84.143067,,0,,0,,
2026-08-12T15:01:21.568979+00:00,19656.851304756,depth_scale_fixed_10cm_outbound,0,"[0.0,0.0,0.0,0.0]",1,1,1,1,0.000000,15319,766001,1,0,0,1,0,1517093983,285,48506,896,0,101,"[-0.39546331763267517,0.0004469999112188816,-0.03166302666068077,0.9179357886314392]","[0.049232687801122665,0.006428100168704987,-0.026675507426261902]","[-0.3315329849720001,-0.5683149695396423,9.837048530578613]",-2.32872558,-0.0266755074,0.315297335,3089.91406,"[0.0,0.0,0.0,0.0]","[0.0,0.0,0.0,0.0,0.0,0.0,0.0,0.0]","[0.0,0.0,0.0,0.0,0.0,0.0,0.0,0.0]",255,1,1,0,,0,,,"[NaN,NaN,NaN]","[NaN,NaN,NaN,NaN]","[NaN,NaN,NaN,NaN,NaN,NaN]",0.001351,430,0,[],null,[],0,,,81.718979,,0,,0,,
2026-08-12T15:01:21.616556+00:00,19656.899675368,depth_scale_fixed_10cm_outbound,0,"[0.0,0.0,0.0,0.0]",1,1,1,1,0.000000,15320,766051,1,0,0,1,0,1517093983,286,53095,897,0,99,"[-0.3948153853416443,-0.00020600018615368754,-0.030654029920697212,0.9182489514350891]","[0.0352647602558136,0.013380810618400574,-0.026882102712988853]","[-0.32172900438308716,-0.5252090096473694,9.826932907104492]",-2.3301456,-0.0268821027,0.315297335,3089.91406,"[0.0,0.0,0.0,0.0]","[0.0,0.0,0.0,0.0,0.0,0.0,0.0,0.0]","[0.0,0.0,0.0,0.0,0.0,0.0,0.0,0.0]",255,1,1,0,,0,,,"[NaN,NaN,NaN]","[NaN,NaN,NaN,NaN]","[NaN,NaN,NaN,NaN,NaN,NaN]",0.000818,431,0,[],null,[],0,,,80.996766,,0,,0,,
2026-08-12T15:01:21.669607+00:00,19656.951653759,depth_scale_fixed_10cm_outbound,0,"[0.0,0.0,0.0,0.0]",1,1,1,1,0.000000,15321,766101,1,0,0,1,0,1517093983,287,6216,898,0,100,"[-0.3941563069820404,-0.000846001086756587,-0.030076025053858757,0.9185507893562317]","[0.021285530179739,0.017807316035032272,-0.029490269720554352]","[-0.33368799090385437,-0.5250070095062256,9.836387634277344]",-2.33159518,-0.0294902697,0.315231174,3089.26562,"[0.0,0.0,0.0,0.0]","[0.0,0.0,0.0,0.0,0.0,0.0,0.0,0.0]","[0.0,0.0,0.0,0.0,0.0,0.0,0.0,0.0]",191,1,1,0,,0,,,"[NaN,NaN,NaN]","[NaN,NaN,NaN,NaN]","[NaN,NaN,NaN,NaN,NaN,NaN]",0.001584,433,0,[],null,[],0,,,79.685775,,0,,0,,
2026-08-12T15:01:21.716699+00:00,19656.999882224,depth_scale_fixed_10cm_outbound,0,"[0.0,0.0,0.0,0.0]",1,1,1,1,0.000000,15322,766151,1,0,0,1,0,1517093983,288,43673,899,0,100,"[-0.3934761881828308,-0.0014090008335188031,-0.02990001067519188,0.918847382068634]","[0.004652768839150667,0.020841499790549278,-0.028419911861419678]","[-0.33438998460769653,-0.5090039968490601,9.833744049072266]",-2.3330934,-0.0284199119,0.315231174,3089.26562,"[0.0,0.0,0.0,0.0]","[0.0,0.0,0.0,0.0,0.0,0.0,0.0,0.0]","[0.0,0.0,0.0,0.0,0.0,0.0,0.0,0.0]",191,1,1,0,,0,,,"[NaN,NaN,NaN]","[NaN,NaN,NaN,NaN]","[NaN,NaN,NaN,NaN,NaN,NaN]",0.000393,435,0,[],null,[],0,,,78.197504,,0,,0,,
2026-08-12T15:01:21.769610+00:00,19657.051658113,depth_scale_fixed_10cm_outbound,0,"[0.0,0.0,0.0,0.0]",1,1,1,1,0.000000,15323,766201,1,0,0,1,0,1517093983,289,15193,900,0,100,"[-0.3927842676639557,-0.0018350015161558986,-0.03014502115547657,0.9191346168518066]","[-0.012817523442208767,0.019945379346609116,-0.02606155350804329]","[-0.32645198702812195,-0.5130869746208191,9.831497192382812]",-2.33461952,-0.0260615535,0.314945757,3086.46875,"[0.0,0.0,0.0,0.0]","[0.0,0.0,0.0,0.0,0.0,0.0,0.0,0.0]","[0.0,0.0,0.0,0.0,0.0,0.0,0.0,0.0]",191,1,1,0,,0,,,"[NaN,NaN,NaN]","[NaN,NaN,NaN,NaN]","[NaN,NaN,NaN,NaN,NaN,NaN]",0.002338,436,0,[],null,[],0,,,80.098598,,0,,0,,
2026-08-12T15:01:21.816517+00:00,19657.099710721,depth_scale_fixed_10cm_outbound,0,"[0.0,0.0,0.0,0.0]",1,1,1,1,0.000000,15324,766251,1,0,0,1,0,1517093983,290,64271,901,0,100,"[-0.39209407567977905,-0.0021380006801337004,-0.030701009556651115,0.919410228729248]","[-0.024376263841986656,0.021868504583835602,-0.02799925208091736]","[-0.3360219895839691,-0.5252159833908081,9.82197093963623]",-2.33614326,-0.0279992521,0.314945757,3086.46875,"[0.0,0.0,0.0,0.0]","[0.0,0.0,0.0,0.0,0.0,0.0,0.0,0.0]","[0.0,0.0,0.0,0.0,0.0,0.0,0.0,0.0]",255,1,1,0,,0,,,"[NaN,NaN,NaN]","[NaN,NaN,NaN,NaN]","[NaN,NaN,NaN,NaN,NaN,NaN]",0.000416,438,0,[],null,[],0,,,78.509335,,0,,0,,
2026-08-12T15:01:21.867417+00:00,19657.150286057,depth_scale_fixed_10cm_outbound,0,"[0.0,0.0,0.0,0.0]",1,1,1,1,0.000000,15325,766301,1,0,0,1,0,1517093983,291,22298,902,0,98,"[-0.39140230417251587,-0.0022900018375366926,-0.03158802539110184,0.9196745157241821]","[-0.037782713770866394,0.02069964073598385,-0.028669841587543488]","[-0.34330499172210693,-0.5492370128631592,9.822240829467773]",-2.33767176,-0.0286698416,0.314583868,3082.92188,"[0.0,0.0,0.0,0.0]","[0.0,0.0,0.0,0.0,0.0,0.0,0.0,0.0]","[0.0,0.0,0.0,0.0,0.0,0.0,0.0,0.0]",255,1,1,0,,0,,,"[NaN,NaN,NaN]","[NaN,NaN,NaN,NaN]","[NaN,NaN,NaN,NaN,NaN,NaN]",0.001119,439,0,[],null,[],0,,,83.239993,,0,,0,,
2026-08-12T15:01:21.918971+00:00,19657.201451877,depth_scale_fixed_10cm_outbound,0,"[0.0,0.0,0.0,0.0]",1,1,1,1,0.000000,15326,766351,1,0,0,1,0,1517093983,292,2950,903,0,102,"[-0.3906642198562622,-0.002366000786423683,-0.032664019614458084,0.9199504852294922]","[-0.04203343018889427,0.0219285786151886,-0.032386522740125656]","[-0.34820300340652466,-0.5732690095901489,9.822537422180176]",-2.33930254,-0.0323865227,0.314583868,3082.92188,"[0.0,0.0,0.0,0.0]","[0.0,0.0,0.0,0.0,0.0,0.0,0.0,0.0]","[0.0,0.0,0.0,0.0,0.0,0.0,0.0,0.0]",255,1,1,0,,0,,,"[NaN,NaN,NaN]","[NaN,NaN,NaN,NaN]","[NaN,NaN,NaN,NaN,NaN,NaN]",0.002193,440,0,[],null,[],0,,,83.466717,,0,,0,,
2026-08-12T15:01:21.968670+00:00,19657.251656558,depth_scale_fixed_10cm_outbound,0,"[0.0,0.0,0.0,0.0]",1,1,1,1,0.000000,15327,766401,1,0,0,1,0,1517093983,293,53098,904,0,102,"[-0.38993215560913086,-0.0024170014075934887,-0.033816009759902954,0.920219361782074]","[-0.045700959861278534,0.02009608782827854,-0.031152592971920967]","[-0.360289990901947,-0.597121000289917,9.832344055175781]",-2.3409214,-0.031152593,0.314233094,3079.48438,"[0.0,0.0,0.0,0.0]","[0.0,0.0,0.0,0.0,0.0,0.0,0.0,0.0]","[0.0,0.0,0.0,0.0,0.0,0.0,0.0,0.0]",255,1,1,0,,0,,,"[NaN,NaN,NaN]","[NaN,NaN,NaN,NaN]","[NaN,NaN,NaN,NaN,NaN,NaN]",0.001589,442,0,[],null,[],0,,,82.397716,,0,,0,,
2026-08-12T15:01:22.017191+00:00,19657.300173503,depth_scale_fixed_10cm_outbound,0,"[0.0,0.0,0.0,0.0]",1,1,1,1,0.000000,15328,766451,1,0,0,1,0,1517093983,294,55246,905,0,98,"[-0.38921141624450684,-0.0024860023986548185,-0.034973036497831345,0.9204809665679932]","[-0.04040602967143059,0.022765306755900383,-0.031168509274721146]","[-0.3300729990005493,-0.628449022769928,9.785974502563477]",-2.34251666,-0.0311685093,0.314233094,3079.48438,"[0.0,0.0,0.0,0.0]","[0.0,0.0,0.0,0.0,0.0,0.0,0.0,0.0]","[0.0,0.0,0.0,0.0,0.0,0.0,0.0,0.0]",255,1,1,0,,0,,,"[NaN,NaN,NaN]","[NaN,NaN,NaN,NaN]","[NaN,NaN,NaN,NaN,NaN,NaN]",0.000235,444,0,[],null,[],0,,,85.908029,,0,,0,,
2026-08-12T15:01:22.066368+00:00,19657.349546660,depth_scale_fixed_10cm_outbound,0,"[0.0,0.0,0.0,0.0]",1,1,1,1,0.000000,15329,766501,1,0,0,1,0,1517093983,295,29128,906,0,97,"[-0.3884832561016083,-0.0026130015030503273,-0.03600002080202103,0.9207485914230347]","[-0.03411712124943733,0.021892869845032692,-0.031115610152482986]","[-0.31251099705696106,-0.6468780040740967,9.740071296691895]",-2.34412813,-0.0311156102,0.313711733,3074.375,"[0.0,0.0,0.0,0.0]","[0.0,0.0,0.0,0.0,0.0,0.0,0.0,0.0]","[0.0,0.0,0.0,0.0,0.0,0.0,0.0,0.0]",255,1,1,0,,0,,,"[NaN,NaN,NaN]","[NaN,NaN,NaN,NaN]","[NaN,NaN,NaN,NaN,NaN,NaN]",0.000632,445,0,[],null,[],0,,,85.47639,,0,,0,,
2026-08-12T15:01:22.116688+00:00,19657.399801531,depth_scale_fixed_10cm_outbound,0,"[0.0,0.0,0.0,0.0]",1,1,1,1,0.000000,15330,766551,1,0,0,1,0,1517093983,296,43172,907,0,100,"[-0.3877621591091156,-0.0028370015788823366,-0.03684501349925995,0.9210183620452881]","[-0.02620079554617405,0.021857161074876785,-0.02984469383955002]","[-0.3268429934978485,-0.6590229868888855,9.728090286254883]",-2.34572434,-0.0298446938,0.313711733,3074.375,"[0.0,0.0,0.0,0.0]","[0.0,0.0,0.0,0.0,0.0,0.0,0.0,0.0]","[0.0,0.0,0.0,0.0,0.0,0.0,0.0,0.0]",255,1,1,0,,0,,,"[NaN,NaN,NaN]","[NaN,NaN,NaN,NaN]","[NaN,NaN,NaN,NaN,NaN,NaN]",0.000979,446,0,[],null,[],0,,,83.554351,,0,,0,,
2026-08-12T15:01:22.166412+00:00,19657.449547958,depth_scale_fixed_10cm_outbound,0,"[0.0,0.0,0.0,0.0]",1,1,1,1,0.000000,15331,766601,1,0,0,1,0,1517093983,297,49504,908,0,100,"[-0.38701823353767395,-0.0031390017829835415,-0.03750802204012871,0.9213035106658936]","[-0.01766611821949482,0.02304977923631668,-0.02981509268283844]","[-0.3387390077114105,-0.6566359996795654,9.72312068939209]",-2.34736943,-0.0298150927,0.313117832,3068.55469,"[0.0,0.0,0.0,0.0]","[0.0,0.0,0.0,0.0,0.0,0.0,0.0,0.0]","[0.0,0.0,0.0,0.0,0.0,0.0,0.0,0.0]",255,1,1,0,,0,,,"[NaN,NaN,NaN]","[NaN,NaN,NaN,NaN]","[NaN,NaN,NaN,NaN,NaN,NaN]",0.000439,448,0,[],null,[],0,,,81.643361,,0,,0,,
2026-08-12T15:01:22.216522+00:00,19657.499635123,depth_scale_fixed_10cm_outbound,0,"[0.0,0.0,0.0,0.0]",1,1,1,1,0.000000,15332,766651,1,0,0,1,0,1517093983,298,26111,909,0,100,"[-0.38630005717277527,-0.003498000791296363,-0.03810500353574753,0.921579122543335]","[-0.018892664462327957,0.021817682310938835,-0.02918892353773117]","[-0.35066500306129456,-0.6615009903907776,9.71585750579834]",-2.34895921,-0.0291889235,0.313117832,3068.55469,"[0.0,0.0,0.0,0.0]","[0.0,0.0,0.0,0.0,0.0,0.0,0.0,0.0]","[0.0,0.0,0.0,0.0,0.0,0.0,0.0,0.0]",255,1,1,0,,0,,,"[NaN,NaN,NaN]","[NaN,NaN,NaN,NaN]","[NaN,NaN,NaN,NaN,NaN,NaN]",0.000417,450,0,[],null,[],0,,,82.465047,,0,,0,,
2026-08-12T15:01:22.266390+00:00,19657.549516190,depth_scale_fixed_10cm_outbound,0,"[0.0,0.0,0.0,0.0]",1,1,1,1,0.000000,15333,766701,1,0,0,1,0,1517093983,299,57948,910,0,100,"[-0.38561123609542847,-0.003850003005936742,-0.03869302570819855,0.9218416213989258]","[-0.014020875096321106,0.0217939093708992,-0.02854791469871998]","[-0.33315399289131165,-0.6764299869537354,9.689093589782715]",-2.35048509,-0.0285479147,0.313117832,3068.55469,"[0.0,0.0,0.0,0.0]","[0.0,0.0,0.0,0.0,0.0,0.0,0.0,0.0]","[0.0,0.0,0.0,0.0,0.0,0.0,0.0,0.0]",255,1,1,0,,0,,,"[NaN,NaN,NaN]","[NaN,NaN,NaN,NaN]","[NaN,NaN,NaN,NaN,NaN,NaN]",0.000631,451,0,[],null,[],0,,,84.023943,,0,,0,,
2026-08-12T15:01:22.317330+00:00,19657.600354666,depth_scale_fixed_10cm_outbound,0,"[0.0,0.0,0.0,0.0]",1,1,1,1,0.000000,15334,766751,1,0,0,1,0,1517093983,300,2491,911,0,100,"[-0.3852100670337677,-0.004083000589162111,-0.03898000344634056,0.9219962954521179]","[-0.011577066965401173,0.023025868460536003,-0.028555262833833694]","[-0.3795889914035797,-0.696973979473114,9.747234344482422]",-2.35137367,-0.0285552628,0.312512755,3062.625,"[0.0,0.0,0.0,0.0]","[0.0,0.0,0.0,0.0,0.0,0.0,0.0,0.0]","[0.0,0.0,0.0,0.0,0.0,0.0,0.0,0.0]",255,1,1,0,,0,,,"[NaN,NaN,NaN]","[NaN,NaN,NaN,NaN]","[NaN,NaN,NaN,NaN,NaN,NaN]",0.001390,452,0,[],null,[],0,,,82.925867,,0,,0,,
2026-08-12T15:01:22.368066+00:00,19657.650770238,depth_scale_fixed_10cm_outbound,0,"[0.0,0.0,0.0,0.0]",1,1,1,1,0.000000,15335,766801,1,0,0,1,0,1517093983,301,36376,912,0,102,"[-0.38428613543510437,-0.004587001632899046,-0.03952201083302498,0.922356367111206]","[-0.006737861316651106,0.018034521490335464,-0.025991443544626236]","[-0.3196200132369995,-0.6839529871940613,9.673367500305176]",-2.35341454,-0.0259914435,0.312512755,3062.625,"[0.0,0.0,0.0,0.0]","[0.0,0.0,0.0,0.0,0.0,0.0,0.0,0.0]","[0.0,0.0,0.0,0.0,0.0,0.0,0.0,0.0]",255,1,1,0,,0,,,"[NaN,NaN,NaN]","[NaN,NaN,NaN,NaN]","[NaN,NaN,NaN,NaN,NaN,NaN]",0.000950,454,0,[],null,[],0,,,86.509657,,0,,0,,
2026-08-12T15:01:22.417259+00:00,19657.700427271,depth_scale_fixed_10cm_outbound,0,"[0.0,0.0,0.0,0.0]",1,1,1,1,0.000000,15336,766851,1,0,0,1,0,1517093983,302,60806,913,0,100,"[-0.38366439938545227,-0.004852005746215582,-0.03984304517507553,0.9225999712944031]","[-0.009814073331654072,0.013071171939373016,-0.025309981778264046]","[-0.31249499320983887,-0.6961590051651001,9.664034843444824]",-2.35478306,-0.0253099818,0.311761767,3055.26562,"[0.0,0.0,0.0,0.0]","[0.0,0.0,0.0,0.0,0.0,0.0,0.0,0.0]","[0.0,0.0,0.0,0.0,0.0,0.0,0.0,0.0]",255,1,1,0,,0,,,"[NaN,NaN,NaN]","[NaN,NaN,NaN,NaN]","[NaN,NaN,NaN,NaN,NaN,NaN]",0.000441,456,0,[],null,[],0,,,84.089355,,0,,0,,
2026-08-12T15:01:22.466368+00:00,19657.749523516,depth_scale_fixed_10cm_outbound,0,"[0.0,0.0,0.0,0.0]",1,1,1,1,0.000000,15337,766901,1,0,0,1,0,1517093983,303,48183,914,0,98,"[-0.3830672800540924,-0.005006002727895975,-0.04020502045750618,0.9228314757347107]","[-0.009844844229519367,0.00808815285563469,-0.024610068649053574]","[-0.3340969979763031,-0.7200779914855957,9.666536331176758]",-2.35609412,-0.0246100686,0.311761767,3055.26562,"[0.0,0.0,0.0,0.0]","[0.0,0.0,0.0,0.0,0.0,0.0,0.0,0.0]","[0.0,0.0,0.0,0.0,0.0,0.0,0.0,0.0]",255,1,1,0,,0,,,"[NaN,NaN,NaN]","[NaN,NaN,NaN,NaN]","[NaN,NaN,NaN,NaN,NaN,NaN]",0.000661,457,0,[],null,[],0,,,87.239099,,0,,0,,
2026-08-12T15:01:22.517837+00:00,19657.800784283,depth_scale_fixed_10cm_outbound,0,"[0.0,0.0,0.0,0.0]",1,1,1,1,0.000000,15338,766951,1,0,0,1,0,1517093983,304,9288,915,0,101,"[-0.3824821412563324,-0.005118001718074083,-0.04041701555252075,0.9230643510818481]","[-0.005580341909080744,0.008052914403378963,-0.025195660069584846]","[-0.3220820128917694,-0.7131360173225403,9.652179718017578]",-2.35737276,-0.0251956601,0.310863346,3046.46094,"[0.0,0.0,0.0,0.0]","[0.0,0.0,0.0,0.0,0.0,0.0,0.0,0.0]","[0.0,0.0,0.0,0.0,0.0,0.0,0.0,0.0]",255,1,1,0,,0,,,"[NaN,NaN,NaN]","[NaN,NaN,NaN,NaN]","[NaN,NaN,NaN,NaN,NaN,NaN]",0.001283,458,0,[],null,[],0,,,85.557428,,0,,0,,
2026-08-12T15:01:22.566741+00:00,19657.849904018,depth_scale_fixed_10cm_outbound,0,"[0.0,0.0,0.0,0.0]",1,1,1,1,0.000000,15339,767001,1,0,0,1,0,1517093983,305,12403,916,0,101,"[-0.3819141983985901,-0.005223002750426531,-0.04053502529859543,0.9232936501502991]","[-0.0003267081920057535,0.0042989207431674,-0.023262934759259224]","[-0.3507330119609833,-0.7136960029602051,9.65905475616455]",-2.35861063,-0.0232629348,0.310863346,3046.46094,"[0.0,0.0,0.0,0.0]","[0.0,0.0,0.0,0.0,0.0,0.0,0.0,0.0]","[0.0,0.0,0.0,0.0,0.0,0.0,0.0,0.0]",255,1,1,0,,0,,,"[NaN,NaN,NaN]","[NaN,NaN,NaN,NaN]","[NaN,NaN,NaN,NaN,NaN,NaN]",0.000422,460,0,[],null,[],0,,,89.897046,,0,,0,,
2026-08-12T15:01:22.619051+00:00,19657.902043780,depth_scale_fixed_10cm_outbound,0,"[0.0,0.0,0.0,0.0]",1,1,1,1,0.000000,15340,767051,1,0,0,1,0,1517093983,306,48410,917,0,101,"[-0.381372332572937,-0.00532200513407588,-0.04060903564095497,0.9235138297080994]","[-0.0049832467921078205,0.006839858368039131,-0.022112589329481125]","[-0.3388420045375824,-0.725085973739624,9.652162551879883]",-2.35979009,-0.0221125893,0.310124367,3039.21875,"[0.0,0.0,0.0,0.0]","[0.0,0.0,0.0,0.0,0.0,0.0,0.0,0.0]","[0.0,0.0,0.0,0.0,0.0,0.0,0.0,0.0]",255,1,1,0,,0,,,"[NaN,NaN,NaN]","[NaN,NaN,NaN,NaN]","[NaN,NaN,NaN,NaN,NaN,NaN]",0.002685,461,0,[],null,[],0,,,88.66911,,0,,0,,
2026-08-12T15:01:22.666708+00:00,19657.949844734,depth_scale_fixed_10cm_outbound,0,"[0.0,0.0,0.0,0.0]",1,1,1,1,0.000000,15341,767101,1,0,0,1,0,1517093983,307,60587,918,0,100,"[-0.3808812201023102,-0.005437003448605537,-0.04074802249670029,0.9237096309661865]","[-0.0019264945294708014,0.009346394799649715,-0.019692549481987953]","[-0.35792699456214905,-0.7274399995803833,9.649579048156738]",-2.36086226,-0.0196925495,0.310124367,3039.21875,"[0.0,0.0,0.0,0.0]","[0.0,0.0,0.0,0.0,0.0,0.0,0.0,0.0]","[0.0,0.0,0.0,0.0,0.0,0.0,0.0,0.0]",223,1,1,0,,0,,,"[NaN,NaN,NaN]","[NaN,NaN,NaN,NaN]","[NaN,NaN,NaN,NaN,NaN,NaN]",0.000406,463,0,[],null,[],0,,,89.170975,,0,,0,,
2026-08-12T15:01:22.719893+00:00,19658.002989692,depth_scale_fixed_10cm_outbound,0,"[0.0,0.0,0.0,0.0]",1,1,1,1,0.000000,15342,767151,1,0,0,1,0,1517093983,308,25925,919,0,101,"[-0.3804282248020172,-0.005641003139317036,-0.04089802876114845,0.9238884449005127]","[-0.0012948947260156274,0.013740192167460918,-0.017320455983281136]","[-0.34130799770355225,-0.7419499754905701,9.649983406066895]",-2.36185622,-0.017320456,0.309305638,3031.19531,"[0.0,0.0,0.0,0.0]","[0.0,0.0,0.0,0.0,0.0,0.0,0.0,0.0]","[0.0,0.0,0.0,0.0,0.0,0.0,0.0,0.0]",223,1,1,0,,0,,,"[NaN,NaN,NaN]","[NaN,NaN,NaN,NaN]","[NaN,NaN,NaN,NaN,NaN,NaN]",0.003668,464,0,[],null,[],0,,,90.520838,,0,,0,,
2026-08-12T15:01:22.767056+00:00,19658.050228893,depth_scale_fixed_10cm_outbound,0,"[0.0,0.0,0.0,0.0]",1,1,1,1,0.000000,15343,767201,1,0,0,1,0,1517093983,309,7202,920,0,100,"[-0.38001519441604614,-0.005956002976745367,-0.04096502065658569,0.9240534901618958]","[0.00297627504914999,0.015615041367709637,-0.014881969429552555]","[-0.3437950015068054,-0.7414990067481995,9.67873477935791]",-2.36276603,-0.0148819694,0.309305638,3031.19531,"[0.0,0.0,0.0,0.0]","[0.0,0.0,0.0,0.0,0.0,0.0,0.0,0.0]","[0.0,0.0,0.0,0.0,0.0,0.0,0.0,0.0]",223,1,1,0,,0,,,"[NaN,NaN,NaN]","[NaN,NaN,NaN,NaN]","[NaN,NaN,NaN,NaN,NaN,NaN]",0.000474,466,0,[],null,[],0,,,88.894287,,0,,0,,
2026-08-12T15:01:22.820177+00:00,19658.102208475,depth_scale_fixed_10cm_outbound,0,"[0.0,0.0,0.0,0.0]",1,1,1,1,0.000000,15344,767251,1,0,0,1,0,1517093983,310,58225,921,0,100,"[-0.37960731983184814,-0.006389005109667778,-0.04083803668618202,0.9242238402366638]","[0.018198687583208084,0.01424588356167078,-0.016601869836449623]","[-0.3724760115146637,-0.7509520053863525,9.68094253540039]",-2.3636632,-0.0166018698,0.309305638,3031.19531,"[0.0,0.0,0.0,0.0]","[0.0,0.0,0.0,0.0,0.0,0.0,0.0,0.0]","[0.0,0.0,0.0,0.0,0.0,0.0,0.0,0.0]",223,1,1,0,,0,,,"[NaN,NaN,NaN]","[NaN,NaN,NaN,NaN]","[NaN,NaN,NaN,NaN,NaN,NaN]",0.002743,467,0,[],null,[],0,,,87.398719,,0,,0,,
2026-08-12T15:01:22.869606+00:00,19658.151642990,depth_scale_fixed_10cm_outbound,0,"[0.0,0.0,0.0,0.0]",1,1,1,1,0.000000,15345,767301,1,0,0,1,0,1517093983,311,25810,922,0,102,"[-0.3791772127151489,-0.006932003889232874,-0.04040602222084999,0.9244154691696167]","[0.0269248615950346,0.013350007124245167,-0.017145643010735512]","[-0.3954319953918457,-0.71601402759552,9.703351974487305]",-2.36460209,-0.017145643,0.308459818,3022.90625,"[0.0,0.0,0.0,0.0]","[0.0,0.0,0.0,0.0,0.0,0.0,0.0,0.0]","[0.0,0.0,0.0,0.0,0.0,0.0,0.0,0.0]",255,1,1,0,,0,,,"[NaN,NaN,NaN]","[NaN,NaN,NaN,NaN]","[NaN,NaN,NaN,NaN,NaN,NaN]",0.001596,469,0,[],null,[],0,,,86.717711,,0,,0,,
2026-08-12T15:01:22.916870+00:00,19658.199681515,depth_scale_fixed_10cm_outbound,0,"[0.0,0.0,0.0,0.0]",1,1,1,1,0.000000,15346,767351,1,0,0,1,0,1517093983,312,10915,923,0,97,"[-0.37877312302589417,-0.007535002194344997,-0.03981000930070877,0.9246022701263428]","[0.03343626484274864,0.016681473702192307,-0.013496525585651398]","[-0.4199959933757782,-0.6900110244750977,9.717879295349121]",-2.36548042,-0.0134965256,0.308459818,3022.90625,"[0.0,0.0,0.0,0.0]","[0.0,0.0,0.0,0.0,0.0,0.0,0.0,0.0]","[0.0,0.0,0.0,0.0,0.0,0.0,0.0,0.0]",255,1,1,0,,0,,,"[NaN,NaN,NaN]","[NaN,NaN,NaN,NaN]","[NaN,NaN,NaN,NaN,NaN,NaN]",0.000857,470,0,[],null,[],0,,,90.867826,,0,,0,,
2026-08-12T15:01:22.968563+00:00,19658.250974724,depth_scale_fixed_10cm_outbound,0,"[0.0,0.0,0.0,0.0]",1,1,1,1,0.000000,15347,767401,1,0,0,1,0,1517093983,313,5707,924,0,99,"[-0.3784711956977844,-0.00818700436502695,-0.03922202065587044,0.9247454404830933]","[0.026119988411664963,0.01679036393761635,-0.008649223484098911]","[-0.45100700855255127,-0.6775479912757874,9.736530303955078]",-2.36613822,-0.00864922348,0.307611614,3014.59375,"[0.0,0.0,0.0,0.0]","[0.0,0.0,0.0,0.0,0.0,0.0,0.0,0.0]","[0.0,0.0,0.0,0.0,0.0,0.0,0.0,0.0]",255,1,1,0,,0,,,"[NaN,NaN,NaN]","[NaN,NaN,NaN,NaN]","[NaN,NaN,NaN,NaN,NaN,NaN]",0.001235,472,0,[],null,[],0,,,89.191282,,0,,0,,
2026-08-12T15:01:23.018685+00:00,19658.300818723,depth_scale_fixed_10cm_outbound,0,"[0.0,0.0,0.0,0.0]",1,1,1,1,0.000000,15348,767451,1,0,0,1,0,1517093983,314,53038,925,0,101,"[-0.37827542424201965,-0.008884009905159473,-0.03870104253292084,0.9248411059379578]","[0.02856583707034588,0.019316256046295166,-0.0050099678337574005]","[-0.4414069950580597,-0.6680070161819458,9.734102249145508]",-2.36656904,-0.00500996783,0.307611614,3014.59375,"[0.0,0.0,0.0,0.0]","[0.0,0.0,0.0,0.0,0.0,0.0,0.0,0.0]","[0.0,0.0,0.0,0.0,0.0,0.0,0.0,0.0]",255,1,1,0,,0,,,"[NaN,NaN,NaN]","[NaN,NaN,NaN,NaN]","[NaN,NaN,NaN,NaN,NaN,NaN]",0.001584,473,0,[],null,[],0,,,87.721323,,0,,0,,
2026-08-12T15:01:23.066665+00:00,19658.349823864,depth_scale_fixed_10cm_outbound,0,"[0.0,0.0,0.0,0.0]",1,1,1,1,0.000000,15349,767501,1,0,0,1,0,1517093983,315,10503,926,0,99,"[-0.3781461715698242,-0.009588005021214485,-0.038184016942977905,0.9249083995819092]","[0.027345973998308182,0.019994249567389488,-0.0013596988283097744]","[-0.4412370026111603,-0.6392160058021545,9.728883743286133]",-2.36685419,-0.00135969883,0.306705981,3005.71875,"[0.0,0.0,0.0,0.0]","[0.0,0.0,0.0,0.0,0.0,0.0,0.0,0.0]","[0.0,0.0,0.0,0.0,0.0,0.0,0.0,0.0]",255,1,1,0,,0,,,"[NaN,NaN,NaN]","[NaN,NaN,NaN,NaN]","[NaN,NaN,NaN,NaN,NaN,NaN]",0.000426,475,0,[],null,[],0,,,85.196193,,0,,0,,
2026-08-12T15:01:23.118892+00:00,19658.401216077,depth_scale_fixed_10cm_outbound,0,"[0.0,0.0,0.0,0.0]",1,1,1,1,0.000000,15350,767551,1,0,0,1,0,1517093983,316,39068,927,0,101,"[-0.3781152069568634,-0.010291004553437233,-0.037746019661426544,0.9249314665794373]","[0.024088354781270027,0.019437644630670547,0.002300361404195428]","[-0.48574098944664,-0.6038249731063843,9.774227142333984]",-2.36692762,0.0023003614,0.306705981,3005.71875,"[0.0,0.0,0.0,0.0]","[0.0,0.0,0.0,0.0,0.0,0.0,0.0,0.0]","[0.0,0.0,0.0,0.0,0.0,0.0,0.0,0.0]",255,1,1,0,,0,,,"[NaN,NaN,NaN]","[NaN,NaN,NaN,NaN]","[NaN,NaN,NaN,NaN,NaN,NaN]",0.001952,476,0,[],null,[],0,,,83.816114,,0,,0,,
2026-08-12T15:01:23.166301+00:00,19658.449503123,depth_scale_fixed_10cm_outbound,0,"[0.0,0.0,0.0,0.0]",1,1,1,1,0.000000,15351,767601,1,0,0,1,0,1517093983,317,30086,928,0,99,"[-0.3781842887401581,-0.010968008078634739,-0.037373028695583344,0.9249106049537659]","[0.020037271082401276,0.022005494683980942,0.005900225136429071]","[-0.4888960123062134,-0.5989990234375,9.774121284484863]",-2.36678505,0.00590022514,0.305763692,2996.48438,"[0.0,0.0,0.0,0.0]","[0.0,0.0,0.0,0.0,0.0,0.0,0.0,0.0]","[0.0,0.0,0.0,0.0,0.0,0.0,0.0,0.0]",255,1,1,0,,0,,,"[NaN,NaN,NaN]","[NaN,NaN,NaN,NaN]","[NaN,NaN,NaN,NaN,NaN,NaN]",0.000398,478,0,[],null,[],0,,,87.24411,,0,,0,,
2026-08-12T15:01:23.218037+00:00,19658.501188695,depth_scale_fixed_10cm_outbound,0,"[0.0,0.0,0.0,0.0]",1,1,1,1,0.000000,15352,767651,1,0,0,1,0,1517093983,318,33605,929,0,99,"[-0.3783262073993683,-0.011589006520807743,-0.037113018333911896,0.9248554706573486]","[0.01148971263319254,0.019611479714512825,0.009561454877257347]","[-0.5127530097961426,-0.5824630260467529,9.799190521240234]",-2.36648583,0.00956145488,0.305763692,2996.48438,"[0.0,0.0,0.0,0.0]","[0.0,0.0,0.0,0.0,0.0,0.0,0.0,0.0]","[0.0,0.0,0.0,0.0,0.0,0.0,0.0,0.0]",255,1,1,0,,0,,,"[NaN,NaN,NaN]","[NaN,NaN,NaN,NaN]","[NaN,NaN,NaN,NaN,NaN,NaN]",0.001553,479,0,[],null,[],0,,,86.289626,,0,,0,,
2026-08-12T15:01:23.267129+00:00,19658.550309203,depth_scale_fixed_10cm_outbound,0,"[0.0,0.0,0.0,0.0]",1,1,1,1,0.000000,15353,767701,1,0,0,1,0,1517093983,319,1478,930,0,101,"[-0.3785521984100342,-0.012134007178246975,-0.03697601333260536,0.9247614741325378]","[0.010867728851735592,0.01841399259865284,0.01324860192835331]","[-0.5127490162849426,-0.5800210237503052,9.801553726196289]",-2.36600637,0.0132486019,0.304874837,2987.77344,"[0.0,0.0,0.0,0.0]","[0.0,0.0,0.0,0.0,0.0,0.0,0.0,0.0]","[0.0,0.0,0.0,0.0,0.0,0.0,0.0,0.0]",255,1,1,0,,0,,,"[NaN,NaN,NaN]","[NaN,NaN,NaN,NaN]","[NaN,NaN,NaN,NaN,NaN,NaN]",0.000449,481,0,[],null,[],0,,,83.579249,,0,,0,,
2026-08-12T15:01:23.317256+00:00,19658.600183305,depth_scale_fixed_10cm_outbound,0,"[0.0,0.0,0.0,0.0]",1,1,1,1,0.000000,15354,767751,1,0,0,1,0,1517093983,320,4287,931,0,99,"[-0.37884217500686646,-0.012634006328880787,-0.03686601668596268,0.924640417098999]","[0.005390589125454426,0.019065523520112038,0.01259284745901823]","[-0.5175229907035828,-0.5775200128555298,9.806260108947754]",-2.36538792,0.0125928475,0.304874837,2987.77344,"[0.0,0.0,0.0,0.0]","[0.0,0.0,0.0,0.0,0.0,0.0,0.0,0.0]","[0.0,0.0,0.0,0.0,0.0,0.0,0.0,0.0]",255,1,1,0,,0,,,"[NaN,NaN,NaN]","[NaN,NaN,NaN,NaN]","[NaN,NaN,NaN,NaN,NaN,NaN]",0.000234,483,0,[],null,[],0,,,80.738355,,0,,0,,
2026-08-12T15:01:23.366625+00:00,19658.649767319,depth_scale_fixed_10cm_outbound,0,"[0.0,0.0,0.0,0.0]",1,1,1,1,0.000000,15355,767801,1,0,0,1,0,1517093983,321,16654,932,0,100,"[-0.37916624546051025,-0.013082008808851242,-0.03683602064847946,0.9245025515556335]","[0.0035457934718579054,0.017259789630770683,0.016895102337002754]","[-0.5270469784736633,-0.5775489807128906,9.801352500915527]",-2.3646965,0.0168951023,0.304124653,2980.42188,"[0.0,0.0,0.0,0.0]","[0.0,0.0,0.0,0.0,0.0,0.0,0.0,0.0]","[0.0,0.0,0.0,0.0,0.0,0.0,0.0,0.0]",255,1,1,0,,0,,,"[NaN,NaN,NaN]","[NaN,NaN,NaN,NaN]","[NaN,NaN,NaN,NaN,NaN,NaN]",0.000620,484,0,[],null,[],0,,,84.214256,,0,,0,,
2026-08-12T15:01:23.416333+00:00,19658.699483541,depth_scale_fixed_10cm_outbound,0,"[0.0,0.0,0.0,0.0]",1,1,1,1,0.000000,15356,767851,1,0,0,1,0,1517093983,322,42718,933,0,99,"[-0.37953606247901917,-0.013456002809107304,-0.036868005990982056,0.9243441820144653]","[0.0004910833085887134,0.01604718528687954,0.018121667206287384]","[-0.544592022895813,-0.5805169939994812,9.811591148376465]",-2.36390662,0.0181216672,0.304124653,2980.42188,"[0.0,0.0,0.0,0.0]","[0.0,0.0,0.0,0.0,0.0,0.0,0.0,0.0]","[0.0,0.0,0.0,0.0,0.0,0.0,0.0,0.0]",127,1,1,0,,0,,,"[NaN,NaN,NaN]","[NaN,NaN,NaN,NaN]","[NaN,NaN,NaN,NaN,NaN,NaN]",0.000435,486,0,[],null,[],0,,,81.674868,,0,,0,,
2026-08-12T15:01:23.467312+00:00,19658.750170586,depth_scale_fixed_10cm_outbound,0,"[0.0,0.0,0.0,0.0]",1,1,1,1,0.000000,15357,767901,1,0,0,1,0,1517093983,323,23399,934,0,100,"[-0.3799044191837311,-0.013783016242086887,-0.03689204156398773,0.9241870641708374]","[0.0004797735600732267,0.013520978391170502,0.015720093622803688]","[-0.5890690088272095,-0.5673859715461731,9.817282676696777]",-2.36311793,0.0157200936,0.304124653,2980.42188,"[0.0,0.0,0.0,0.0]","[0.0,0.0,0.0,0.0,0.0,0.0,0.0,0.0]","[0.0,0.0,0.0,0.0,0.0,0.0,0.0,0.0]",127,1,1,0,,0,,,"[NaN,NaN,NaN]","[NaN,NaN,NaN,NaN]","[NaN,NaN,NaN,NaN,NaN,NaN]",0.001100,487,0,[],null,[],0,,,86.457443,,0,,0,,
2026-08-12T15:01:23.516881+00:00,19658.799872454,depth_scale_fixed_10cm_outbound,0,"[0.0,0.0,0.0,0.0]",1,1,1,1,0.000000,15358,767951,1,0,0,1,0,1517093983,324,31937,935,0,101,"[-0.38028717041015625,-0.014032005332410336,-0.03702801838517189,0.9240204095840454]","[-0.008669521659612656,0.011723882518708706,0.016920775175094604]","[-0.5937970280647278,-0.5626260042190552,9.812361717224121]",-2.3623004,0.0169207752,0.303319514,2972.53125,"[0.0,0.0,0.0,0.0]","[0.0,0.0,0.0,0.0,0.0,0.0,0.0,0.0]","[0.0,0.0,0.0,0.0,0.0,0.0,0.0,0.0]",127,1,1,0,,0,,,"[NaN,NaN,NaN]","[NaN,NaN,NaN,NaN]","[NaN,NaN,NaN,NaN,NaN,NaN]",0.000889,488,0,[],null,[],0,,,86.018949,,0,,0,,
2026-08-12T15:01:23.567197+00:00,19658.850212336,depth_scale_fixed_10cm_outbound,0,"[0.0,0.0,0.0,0.0]",1,1,1,1,0.000000,15359,768001,1,0,0,1,0,1517093983,325,37563,936,0,100,"[-0.38065940141677856,-0.014110015705227852,-0.037301041185855865,0.9238550066947937]","[-0.016017813235521317,0.004893414676189423,0.01577519252896309]","[-0.6010159850120544,-0.5697000026702881,9.819579124450684]",-2.36150813,0.0157751925,0.303319514,2972.53125,"[0.0,0.0,0.0,0.0]","[0.0,0.0,0.0,0.0,0.0,0.0,0.0,0.0]","[0.0,0.0,0.0,0.0,0.0,0.0,0.0,0.0]",127,1,1,0,,0,,,"[NaN,NaN,NaN]","[NaN,NaN,NaN,NaN]","[NaN,NaN,NaN,NaN,NaN,NaN]",0.000607,490,0,[],null,[],0,,,83.843599,,0,,0,,
2026-08-12T15:01:23.616728+00:00,19658.899731583,depth_scale_fixed_10cm_outbound,0,"[0.0,0.0,0.0,0.0]",1,1,1,1,0.000000,15360,768051,1,0,0,1,0,1517093983,326,48832,937,0,100,"[-0.3810172975063324,-0.013951011933386326,-0.037772033363580704,0.923690676689148]","[-0.025189638137817383,-0.0013013873249292374,0.014607463963329792]","[-0.6130309700965881,-0.5963240265846252,9.805438041687012]",-2.36074948,0.014607464,0.302589297,2965.375,"[0.0,0.0,0.0,0.0]","[0.0,0.0,0.0,0.0,0.0,0.0,0.0,0.0]","[0.0,0.0,0.0,0.0,0.0,0.0,0.0,0.0]",255,1,1,0,,0,,,"[NaN,NaN,NaN]","[NaN,NaN,NaN,NaN]","[NaN,NaN,NaN,NaN,NaN,NaN]",0.000804,491,0,[],null,[],0,,,87.665796,,0,,0,,
2026-08-12T15:01:23.666425+00:00,19658.949555339,depth_scale_fixed_10cm_outbound,0,"[0.0,0.0,0.0,0.0]",1,1,1,1,0.000000,15361,768101,1,0,0,1,0,1517093983,327,50823,938,0,99,"[-0.38131240010261536,-0.013570013456046581,-0.03834603726863861,0.9235509634017944]","[-0.03070989064872265,-0.008806058205664158,0.010426771827042103]","[-0.6131410002708435,-0.6106089949607849,9.815242767333984]",-2.36012578,0.0104267718,0.302589297,2965.375,"[0.0,0.0,0.0,0.0]","[0.0,0.0,0.0,0.0,0.0,0.0,0.0,0.0]","[0.0,0.0,0.0,0.0,0.0,0.0,0.0,0.0]",255,1,1,0,,0,,,"[NaN,NaN,NaN]","[NaN,NaN,NaN,NaN]","[NaN,NaN,NaN,NaN,NaN,NaN]",0.000422,493,0,[],null,[],0,,,87.89106,,0,,0,,
2026-08-12T15:01:23.716955+00:00,19659.000115844,depth_scale_fixed_10cm_outbound,0,"[0.0,0.0,0.0,0.0]",1,1,1,1,0.000000,15362,768151,1,0,0,1,0,1517093983,328,20039,939,0,100,"[-0.3814782202243805,-0.01301200594753027,-0.038896020501852036,0.9234674572944641]","[-0.027278326451778412,-0.013903902843594551,0.003810193622484803]","[-0.5782439708709717,-0.6382880210876465,9.799260139465332]",-2.35977554,0.00381019362,0.301988184,2959.48438,"[0.0,0.0,0.0,0.0]","[0.0,0.0,0.0,0.0,0.0,0.0,0.0,0.0]","[0.0,0.0,0.0,0.0,0.0,0.0,0.0,0.0]",191,1,1,0,,0,,,"[NaN,NaN,NaN]","[NaN,NaN,NaN,NaN]","[NaN,NaN,NaN,NaN,NaN,NaN]",0.001011,494,0,[],null,[],0,,,86.093805,,0,,0,,
2026-08-12T15:01:23.766613+00:00,19659.049766784,depth_scale_fixed_10cm_outbound,0,"[0.0,0.0,0.0,0.0]",1,1,1,1,0.000000,15363,768201,1,0,0,1,0,1517093983,329,51684,940,0,101,"[-0.38152211904525757,-0.01235900353640318,-0.03929901123046875,0.9234412908554077]","[-0.02526409551501274,-0.01771404594182968,-0.0003913028340321034]","[-0.5727130174636841,-0.6398069858551025,9.80654239654541]",-2.35967922,-0.000391302834,0.301988184,2959.48438,"[0.0,0.0,0.0,0.0]","[0.0,0.0,0.0,0.0,0.0,0.0,0.0,0.0]","[0.0,0.0,0.0,0.0,0.0,0.0,0.0,0.0]",255,1,1,0,,0,,,"[NaN,NaN,NaN]","[NaN,NaN,NaN,NaN]","[NaN,NaN,NaN,NaN,NaN,NaN]",0.000443,496,0,[],null,[],0,,,85.116947,,0,,0,,
2026-08-12T15:01:23.817334+00:00,19659.100465830,depth_scale_fixed_10cm_outbound,0,"[0.0,0.0,0.0,0.0]",1,1,1,1,0.000000,15364,768251,1,0,0,1,0,1517093983,330,28027,941,0,100,"[-0.38141727447509766,-0.0116350082680583,-0.039590030908584595,0.9234815239906311]","[-0.019794879481196404,-0.02223200537264347,-0.009452441707253456]","[-0.5584620237350464,-0.6543790102005005,9.802123069763184]",-2.35989666,-0.00945244171,0.301628649,2955.96094,"[0.0,0.0,0.0,0.0]","[0.0,0.0,0.0,0.0,0.0,0.0,0.0,0.0]","[0.0,0.0,0.0,0.0,0.0,0.0,0.0,0.0]",255,1,1,0,,0,,,"[NaN,NaN,NaN]","[NaN,NaN,NaN,NaN]","[NaN,NaN,NaN,NaN,NaN,NaN]",0.001422,497,0,[],null,[],0,,,84.293922,,0,,0,,
2026-08-12T15:01:23.866725+00:00,19659.149871290,depth_scale_fixed_10cm_outbound,0,"[0.0,0.0,0.0,0.0]",1,1,1,1,0.000000,15365,768301,1,0,0,1,0,1517093983,331,26518,942,0,100,"[-0.38116729259490967,-0.010896008461713791,-0.039754029363393784,0.9235867261886597]","[-0.01858995482325554,-0.025405343621969223,-0.013058466836810112]","[-0.5490360260009766,-0.6662290096282959,9.816798210144043]",-2.36042118,-0.0130584668,0.301628649,2955.96094,"[0.0,0.0,0.0,0.0]","[0.0,0.0,0.0,0.0,0.0,0.0,0.0,0.0]","[0.0,0.0,0.0,0.0,0.0,0.0,0.0,0.0]",255,1,1,0,,0,,,"[NaN,NaN,NaN]","[NaN,NaN,NaN,NaN]","[NaN,NaN,NaN,NaN,NaN,NaN]",0.000431,499,0,[],null,[],0,,,83.625308,,0,,0,,
2026-08-12T15:01:23.917703+00:00,19659.200411513,depth_scale_fixed_10cm_outbound,0,"[0.0,0.0,0.0,0.0]",1,1,1,1,0.000000,15366,768351,1,0,0,1,0,1517093983,332,319,943,0,101,"[-0.3807913661003113,-0.010138009674847126,-0.03981603682041168,0.923747718334198]","[-0.013091662898659706,-0.024270182475447655,-0.01916186511516571]","[-0.5203160047531128,-0.6495599746704102,9.814483642578125]",-2.36121202,-0.0191618651,0.301474005,2954.44531,"[0.0,0.0,0.0,0.0]","[0.0,0.0,0.0,0.0,0.0,0.0,0.0,0.0]","[0.0,0.0,0.0,0.0,0.0,0.0,0.0,0.0]",255,1,1,0,,0,,,"[NaN,NaN,NaN]","[NaN,NaN,NaN,NaN]","[NaN,NaN,NaN,NaN,NaN,NaN]",0.001395,500,0,[],null,[],0,,,83.864519,,0,,0,,
2026-08-12T15:01:23.966348+00:00,19659.249519452,depth_scale_fixed_10cm_outbound,0,"[0.0,0.0,0.0,0.0]",1,1,1,1,0.000000,15367,768401,1,0,0,1,0,1517093983,333,38687,944,0,99,"[-0.3803221583366394,-0.009439004585146904,-0.039794016629457474,0.9239493608474731]","[-0.008206067606806755,-0.0231002364307642,-0.022823147475719452]","[-0.518028974533081,-0.6712930202484131,9.810032844543457]",-2.36220217,-0.0228231475,0.301474005,2954.44531,"[0.0,0.0,0.0,0.0]","[0.0,0.0,0.0,0.0,0.0,0.0,0.0,0.0]","[0.0,0.0,0.0,0.0,0.0,0.0,0.0,0.0]",255,1,1,0,,0,,,"[NaN,NaN,NaN]","[NaN,NaN,NaN,NaN]","[NaN,NaN,NaN,NaN,NaN,NaN]",0.000442,502,0,[],null,[],0,,,84.540748,,0,,0,,
2026-08-12T15:01:24.017630+00:00,19659.300212400,depth_scale_fixed_10cm_outbound,0,"[0.0,0.0,0.0,0.0]",1,1,1,1,0.000000,15368,768451,1,0,0,1,0,1517093983,334,28767,945,0,99,"[-0.3797522783279419,-0.008833007887005806,-0.03960902988910675,0.9241976737976074]","[-0.0012951740063726902,-0.022775186225771904,-0.026457376778125763]","[-0.4875490069389343,-0.6471629738807678,9.771645545959473]",-2.36340618,-0.0264573768,0.301474005,2954.44531,"[0.0,0.0,0.0,0.0]","[0.0,0.0,0.0,0.0,0.0,0.0,0.0,0.0]","[0.0,0.0,0.0,0.0,0.0,0.0,0.0,0.0]",255,1,1,0,,0,,,"[NaN,NaN,NaN]","[NaN,NaN,NaN,NaN]","[NaN,NaN,NaN,NaN,NaN,NaN]",0.001331,503,0,[],null,[],0,,,82.855639,,0,,0,,
2026-08-12T15:01:24.066301+00:00,19659.349498287,depth_scale_fixed_10cm_outbound,0,"[0.0,0.0,0.0,0.0]",1,1,1,1,0.000000,15369,768501,1,0,0,1,0,1517093983,335,56842,946,0,100,"[-0.3791382610797882,-0.008330005221068859,-0.03932103142142296,0.9244666695594788]","[0.004006176255643368,-0.01950525864958763,-0.028318701311945915]","[-0.44847699999809265,-0.6486579775810242,9.738534927368164]",-2.36470509,-0.0283187013,0.301572055,2955.40625,"[0.0,0.0,0.0,0.0]","[0.0,0.0,0.0,0.0,0.0,0.0,0.0,0.0]","[0.0,0.0,0.0,0.0,0.0,0.0,0.0,0.0]",255,1,1,0,,0,,,"[NaN,NaN,NaN]","[NaN,NaN,NaN,NaN]","[NaN,NaN,NaN,NaN,NaN,NaN]",0.000422,505,0,[],null,[],0,,,82.875611,,0,,0,,
2026-08-12T15:01:24.116809+00:00,19659.399844211,depth_scale_fixed_10cm_outbound,0,"[0.0,0.0,0.0,0.0]",1,1,1,1,0.000000,15370,768551,1,0,0,1,0,1517093983,336,10239,947,0,100,"[-0.37846532464027405,-0.007936006411910057,-0.038968030363321304,0.9247608184814453]","[0.007679256610572338,-0.017064346000552177,-0.03078659623861313]","[-0.4365769922733307,-0.6535230278968811,9.73874282836914]",-2.36613274,-0.0307865962,0.301572055,2955.40625,"[0.0,0.0,0.0,0.0]","[0.0,0.0,0.0,0.0,0.0,0.0,0.0,0.0]","[0.0,0.0,0.0,0.0,0.0,0.0,0.0,0.0]",255,1,1,0,,0,,,"[NaN,NaN,NaN]","[NaN,NaN,NaN,NaN]","[NaN,NaN,NaN,NaN,NaN,NaN]",0.000881,506,0,[],null,[],0,,,81.93223,,0,,0,,
2026-08-12T15:01:24.168219+00:00,19659.450772309,depth_scale_fixed_10cm_outbound,0,"[0.0,0.0,0.0,0.0]",1,1,1,1,0.000000,15371,768601,1,0,0,1,0,1517093983,337,52165,948,0,102,"[-0.37775227427482605,-0.00769800553098321,-0.03852703049778938,0.9250727891921997]","[0.008931932970881462,-0.011465348303318024,-0.03149019181728363]","[-0.44358399510383606,-0.6221470236778259,9.742997169494629]",-2.36764979,-0.0314901918,0.30181998,2957.83594,"[0.0,0.0,0.0,0.0]","[0.0,0.0,0.0,0.0,0.0,0.0,0.0,0.0]","[0.0,0.0,0.0,0.0,0.0,0.0,0.0,0.0]",251,1,1,0,,0,,,"[NaN,NaN,NaN]","[NaN,NaN,NaN,NaN]","[NaN,NaN,NaN,NaN,NaN,NaN]",0.001078,508,0,[],null,[],0,,,83.308828,,0,,0,,
2026-08-12T15:01:24.217203+00:00,19659.500031187,depth_scale_fixed_10cm_outbound,0,"[0.0,0.0,0.0,0.0]",1,1,1,1,0.000000,15372,768651,1,0,0,1,0,1517093983,338,15766,949,0,100,"[-0.3770584166049957,-0.007480008527636528,-0.038180045783519745,0.9253720045089722]","[0.0028523916844278574,-0.008899819105863571,-0.029125550761818886]","[-0.424452006816864,-0.6126139760017395,9.74307632446289]",-2.3691287,-0.0291255508,0.30181998,2957.83594,"[0.0,0.0,0.0,0.0]","[0.0,0.0,0.0,0.0,0.0,0.0,0.0,0.0]","[0.0,0.0,0.0,0.0,0.0,0.0,0.0,0.0]",251,1,1,0,,0,,,"[NaN,NaN,NaN]","[NaN,NaN,NaN,NaN]","[NaN,NaN,NaN,NaN,NaN,NaN]",0.000938,509,0,[],null,[],0,,,84.792419,,0,,0,,
2026-08-12T15:01:24.266520+00:00,19659.549610949,depth_scale_fixed_10cm_outbound,0,"[0.0,0.0,0.0,0.0]",1,1,1,1,0.000000,15373,768701,1,0,0,1,0,1517093983,339,27687,950,0,98,"[-0.37643811106681824,-0.0073260036297142506,-0.03799401596188545,0.9256333708763123]","[0.0004317595739848912,-0.005302711855620146,-0.02553427405655384]","[-0.39657101035118103,-0.624455988407135,9.711588859558105]",-2.37045622,-0.0255342741,0.302219391,2961.75,"[0.0,0.0,0.0,0.0]","[0.0,0.0,0.0,0.0,0.0,0.0,0.0,0.0]","[0.0,0.0,0.0,0.0,0.0,0.0,0.0,0.0]",235,1,1,0,,0,,,"[NaN,NaN,NaN]","[NaN,NaN,NaN,NaN]","[NaN,NaN,NaN,NaN,NaN,NaN]",0.000414,511,0,[],null,[],0,,,85.4217,,0,,0,,
2026-08-12T15:01:24.319681+00:00,19659.601711178,depth_scale_fixed_10cm_outbound,0,"[0.0,0.0,0.0,0.0]",1,1,1,1,0.000000,15374,768751,1,0,0,1,0,1517093983,340,62538,951,0,102,"[-0.3758881092071533,-0.007206002250313759,-0.037934012711048126,0.9258602857589722]","[-0.004836254753172398,-0.0027372699696570635,-0.022757070139050484]","[-0.38537800312042236,-0.6149340271949768,9.708377838134766]",-2.37163734,-0.0227570701,0.302219391,2961.75,"[0.0,0.0,0.0,0.0]","[0.0,0.0,0.0,0.0,0.0,0.0,0.0,0.0]","[0.0,0.0,0.0,0.0,0.0,0.0,0.0,0.0]",175,1,1,0,,0,,,"[NaN,NaN,NaN]","[NaN,NaN,NaN,NaN]","[NaN,NaN,NaN,NaN,NaN,NaN]",0.002329,512,0,[],null,[],0,,,83.26802,,0,,0,,
2026-08-12T15:01:24.366400+00:00,19659.649552674,depth_scale_fixed_10cm_outbound,0,"[0.0,0.0,0.0,0.0]",1,1,1,1,0.000000,15375,768801,1,0,0,1,0,1517093983,341,27354,952,0,100,"[-0.375404417514801,-0.0071230074390769005,-0.037961043417453766,0.9260560870170593]","[-0.0068831248208880424,-0.004331192001700401,-0.018255900591611862]","[-0.3575269877910614,-0.6258280277252197,9.686470031738281]",-2.37267923,-0.0182559006,0.302766263,2967.10938,"[0.0,0.0,0.0,0.0]","[0.0,0.0,0.0,0.0,0.0,0.0,0.0,0.0]","[0.0,0.0,0.0,0.0,0.0,0.0,0.0,0.0]",239,1,1,0,,0,,,"[NaN,NaN,NaN]","[NaN,NaN,NaN,NaN]","[NaN,NaN,NaN,NaN,NaN,NaN]",0.000429,514,0,[],null,[],0,,,83.030235,,0,,0,,
2026-08-12T15:01:24.417986+00:00,19659.700985768,depth_scale_fixed_10cm_outbound,0,"[0.0,0.0,0.0,0.0]",1,1,1,1,0.000000,15376,768851,1,0,0,1,0,1517093983,342,36250,953,0,99,"[-0.37500640749931335,-0.006984007079154253,-0.0380670428276062,0.9262140393257141]","[-0.01053379476070404,-0.003029054030776024,-0.015854379162192345]","[-0.3527269959449768,-0.6284390091896057,9.674569129943848]",-2.37353611,-0.0158543792,0.302766263,2967.10938,"[0.0,0.0,0.0,0.0]","[0.0,0.0,0.0,0.0,0.0,0.0,0.0,0.0]","[0.0,0.0,0.0,0.0,0.0,0.0,0.0,0.0]",255,1,1,0,,0,,,"[NaN,NaN,NaN]","[NaN,NaN,NaN,NaN]","[NaN,NaN,NaN,NaN,NaN,NaN]",0.001786,515,0,[],null,[],0,,,87.679403,,0,,0,,
2026-08-12T15:01:24.467015+00:00,19659.750197547,depth_scale_fixed_10cm_outbound,0,"[0.0,0.0,0.0,0.0]",1,1,1,1,0.000000,15377,768901,1,0,0,1,0,1517093983,343,36583,954,0,101,"[-0.3747020363807678,-0.006750001106411219,-0.03833000361919403,0.9263280630111694]","[-0.020908625796437263,-0.0054112887009978294,-0.012204214930534363]","[-0.36229801177978516,-0.6356480121612549,9.672165870666504]",-2.374192,-0.0122042149,0.303520411,2974.5,"[0.0,0.0,0.0,0.0]","[0.0,0.0,0.0,0.0,0.0,0.0,0.0,0.0]","[0.0,0.0,0.0,0.0,0.0,0.0,0.0,0.0]",255,1,1,0,,0,,,"[NaN,NaN,NaN]","[NaN,NaN,NaN,NaN]","[NaN,NaN,NaN,NaN,NaN,NaN]",0.000469,517,0,[],null,[],0,,,84.044697,,0,,0,,
2026-08-12T15:01:24.517163+00:00,19659.800162949,depth_scale_fixed_10cm_outbound,0,"[0.0,0.0,0.0,0.0]",1,1,1,1,0.000000,15378,768951,1,0,0,1,0,1517093983,344,21963,955,0,99,"[-0.3745424449443817,-0.006513007916510105,-0.03862404823303223,0.9263821244239807]","[-0.024767233058810234,-0.004503176547586918,-0.0081659946590662]","[-0.4285939931869507,-0.6397579908370972,9.749824523925781]",-2.37453604,-0.00816599466,0.303520411,2974.5,"[0.0,0.0,0.0,0.0]","[0.0,0.0,0.0,0.0,0.0,0.0,0.0,0.0]","[0.0,0.0,0.0,0.0,0.0,0.0,0.0,0.0]",240,1,1,0,,0,,,"[NaN,NaN,NaN]","[NaN,NaN,NaN,NaN]","[NaN,NaN,NaN,NaN,NaN,NaN]",0.001164,518,0,[],null,[],0,,,87.494209,,0,,0,,
2026-08-12T15:01:24.566517+00:00,19659.849693079,depth_scale_fixed_10cm_outbound,0,"[0.0,0.0,0.0,0.0]",1,1,1,1,0.000000,15379,769001,1,0,0,1,0,1517093983,345,47313,956,0,100,"[-0.3743763267993927,-0.00605900539085269,-0.03925503417849541,0.9264257550239563]","[-0.026816006749868393,-0.006518124602735043,-0.0040650987066328526]","[-0.3409630060195923,-0.6671630144119263,9.66327953338623]",-2.3748951,-0.00406509871,0.303520411,2974.5,"[0.0,0.0,0.0,0.0]","[0.0,0.0,0.0,0.0,0.0,0.0,0.0,0.0]","[0.0,0.0,0.0,0.0,0.0,0.0,0.0,0.0]",255,1,1,0,,0,,,"[NaN,NaN,NaN]","[NaN,NaN,NaN,NaN]","[NaN,NaN,NaN,NaN,NaN,NaN]",0.000392,520,0,[],null,[],0,,,84.354992,,0,,0,,
2026-08-12T15:01:24.617075+00:00,19659.899980645,depth_scale_fixed_10cm_outbound,0,"[0.0,0.0,0.0,0.0]",1,1,1,1,0.000000,15380,769051,1,0,0,1,0,1517093983,346,52377,957,0,100,"[-0.3743462860584259,-0.005686004646122456,-0.03978203609585762,0.9264177680015564]","[-0.02640862949192524,-0.005876331590116024,-0.0024431466590613127]","[-0.3148840069770813,-0.6985899806022644,9.661643981933594]",-2.37495995,-0.00244314666,0.304380596,2982.92969,"[0.0,0.0,0.0,0.0]","[0.0,0.0,0.0,0.0,0.0,0.0,0.0,0.0]","[0.0,0.0,0.0,0.0,0.0,0.0,0.0,0.0]",255,1,1,0,,0,,,"[NaN,NaN,NaN]","[NaN,NaN,NaN,NaN]","[NaN,NaN,NaN,NaN,NaN,NaN]",0.001045,521,0,[],null,[],0,,,83.532439,,0,,0,,
2026-08-12T15:01:24.666505+00:00,19659.949675734,depth_scale_fixed_10cm_outbound,0,"[0.0,0.0,0.0,0.0]",1,1,1,1,0.000000,15381,769101,1,0,0,1,0,1517093983,347,46302,958,0,100,"[-0.37436816096305847,-0.005283001810312271,-0.04024401679635048,0.9263913631439209]","[-0.02217838726937771,-0.010209059342741966,0.002551706274971366]","[-0.3029879927635193,-0.7058979868888855,9.659488677978516]",-2.37490892,0.00255170627,0.304380596,2982.92969,"[0.0,0.0,0.0,0.0]","[0.0,0.0,0.0,0.0,0.0,0.0,0.0,0.0]","[0.0,0.0,0.0,0.0,0.0,0.0,0.0,0.0]",255,1,1,0,,0,,,"[NaN,NaN,NaN]","[NaN,NaN,NaN,NaN]","[NaN,NaN,NaN,NaN,NaN,NaN]",0.000412,523,0,[],null,[],0,,,84.139779,,0,,0,,
2026-08-12T15:01:24.717410+00:00,19660.000236128,depth_scale_fixed_10cm_outbound,0,"[0.0,0.0,0.0,0.0]",1,1,1,1,0.000000,15382,769151,1,0,0,1,0,1517093983,348,1349,959,0,100,"[-0.37444037199020386,-0.004873005673289299,-0.04057604819536209,0.9263499975204468]","[-0.019142230972647667,-0.011460984125733376,0.0038152027409523726]","[-0.3030470013618469,-0.7204039692878723,9.654903411865234]",-2.37474418,0.00381520274,0.3052288,2991.24219,"[0.0,0.0,0.0,0.0]","[0.0,0.0,0.0,0.0,0.0,0.0,0.0,0.0]","[0.0,0.0,0.0,0.0,0.0,0.0,0.0,0.0]",255,1,1,0,,0,,,"[NaN,NaN,NaN]","[NaN,NaN,NaN,NaN]","[NaN,NaN,NaN,NaN,NaN,NaN]",0.001166,524,0,[],null,[],0,,,83.709533,,0,,0,,
2026-08-12T15:01:24.766316+00:00,19660.049483113,depth_scale_fixed_10cm_outbound,0,"[0.0,0.0,0.0,0.0]",1,1,1,1,0.000000,15383,769201,1,0,0,1,0,1517093983,349,37733,960,0,99,"[-0.37457334995269775,-0.004444004036486149,-0.04083803668618202,0.9262868762016296]","[-0.017944427207112312,-0.01391795463860035,0.00753552932292223]","[-0.3077160120010376,-0.7060589790344238,9.647441864013672]",-2.37444448,0.00753552932,0.3052288,2991.24219,"[0.0,0.0,0.0,0.0]","[0.0,0.0,0.0,0.0,0.0,0.0,0.0,0.0]","[0.0,0.0,0.0,0.0,0.0,0.0,0.0,0.0]",191,1,1,0,,0,,,"[NaN,NaN,NaN]","[NaN,NaN,NaN,NaN]","[NaN,NaN,NaN,NaN,NaN,NaN]",0.000415,526,0,[],null,[],0,,,82.023235,,0,,0,,
2026-08-12T15:01:24.817697+00:00,19660.100494582,depth_scale_fixed_10cm_outbound,0,"[0.0,0.0,0.0,0.0]",1,1,1,1,0.000000,15384,769251,1,0,0,1,0,1517093983,350,57720,961,0,101,"[-0.37474825978279114,-0.003957003355026245,-0.041075028479099274,0.9262078404426575]","[-0.021623145788908005,-0.017621960490942,0.008802620694041252]","[-0.39409899711608887,-0.7280309796333313,9.757119178771973]",-2.37405014,0.00880262069,0.306208521,3000.84375,"[0.0,0.0,0.0,0.0]","[0.0,0.0,0.0,0.0,0.0,0.0,0.0,0.0]","[0.0,0.0,0.0,0.0,0.0,0.0,0.0,0.0]",255,1,1,0,,0,,,"[NaN,NaN,NaN]","[NaN,NaN,NaN,NaN]","[NaN,NaN,NaN,NaN,NaN,NaN]",0.001438,527,0,[],null,[],0,,,80.569719,,0,,0,,
2026-08-12T15:01:24.866818+00:00,19660.150029242,depth_scale_fixed_10cm_outbound,0,"[0.0,0.0,0.0,0.0]",1,1,1,1,0.000000,15385,769301,1,0,0,1,0,1517093983,351,32744,962,0,101,"[-0.37497520446777344,-0.0033320023212581873,-0.04131802171468735,0.92610764503479]","[-0.020427264273166656,-0.02071819268167019,0.011311112903058529]","[-0.3941369950771332,-0.7254059910774231,9.771472930908203]",-2.37353563,0.0113111129,0.306208521,3000.84375,"[0.0,0.0,0.0,0.0]","[0.0,0.0,0.0,0.0,0.0,0.0,0.0,0.0]","[0.0,0.0,0.0,0.0,0.0,0.0,0.0,0.0]",255,1,1,0,,0,,,"[NaN,NaN,NaN]","[NaN,NaN,NaN,NaN]","[NaN,NaN,NaN,NaN,NaN,NaN]",0.000438,529,0,[],null,[],0,,,78.700571,,0,,0,,
2026-08-12T15:01:24.916717+00:00,19660.199778069,depth_scale_fixed_10cm_outbound,0,"[0.0,0.0,0.0,0.0]",1,1,1,1,0.000000,15386,769351,1,0,0,1,0,1517093983,352,6219,963,0,99,"[-0.37524741888046265,-0.0027250032871961594,-0.041392046958208084,0.9259960651397705]","[-0.005817566532641649,-0.022052567452192307,0.012033330276608467]","[-0.370371013879776,-0.7399110198020935,9.774356842041016]",-2.37291813,0.0120333303,0.307248086,3011.03125,"[0.0,0.0,0.0,0.0]","[0.0,0.0,0.0,0.0,0.0,0.0,0.0,0.0]","[0.0,0.0,0.0,0.0,0.0,0.0,0.0,0.0]",191,1,1,0,,0,,,"[NaN,NaN,NaN]","[NaN,NaN,NaN,NaN]","[NaN,NaN,NaN,NaN,NaN,NaN]",0.000845,530,0,[],null,[],0,,,78.026138,,0,,0,,
2026-08-12T15:01:24.967754+00:00,19660.250510746,depth_scale_fixed_10cm_outbound,0,"[0.0,0.0,0.0,0.0]",1,1,1,1,0.000000,15387,769401,1,0,0,1,0,1517093983,353,18938,964,0,101,"[-0.37555211782455444,-0.0022110005374997854,-0.041177015751600266,0.925883412361145]","[0.0020997533574700356,-0.021441299468278885,0.015127535909414291]","[-0.35126399993896484,-0.7401090264320374,9.767383575439453]",-2.37222695,0.0151275359,0.307248086,3011.03125,"[0.0,0.0,0.0,0.0]","[0.0,0.0,0.0,0.0,0.0,0.0,0.0,0.0]","[0.0,0.0,0.0,0.0,0.0,0.0,0.0,0.0]",191,1,1,0,,0,,,"[NaN,NaN,NaN]","[NaN,NaN,NaN,NaN]","[NaN,NaN,NaN,NaN,NaN,NaN]",0.000913,532,0,[],null,[],0,,,77.875462,,0,,0,,
2026-08-12T15:01:25.017163+00:00,19660.299971774,depth_scale_fixed_10cm_outbound,0,"[0.0,0.0,0.0,0.0]",1,1,1,1,0.000000,15388,769451,1,0,0,1,0,1517093983,354,16461,965,0,100,"[-0.3759213387966156,-0.001792001654393971,-0.040765032172203064,0.9257527589797974]","[0.01001674123108387,-0.021045688539743423,0.017613986507058144]","[-0.31606000661849976,-0.7272869944572449,9.725221633911133]",-2.37139654,0.0176139865,0.30839923,3022.3125,"[0.0,0.0,0.0,0.0]","[0.0,0.0,0.0,0.0,0.0,0.0,0.0,0.0]","[0.0,0.0,0.0,0.0,0.0,0.0,0.0,0.0]",191,1,1,0,,0,,,"[NaN,NaN,NaN]","[NaN,NaN,NaN,NaN]","[NaN,NaN,NaN,NaN,NaN,NaN]",0.001031,533,0,[],null,[],0,,,80.549932,,0,,0,,
2026-08-12T15:01:25.066346+00:00,19660.349521913,depth_scale_fixed_10cm_outbound,0,"[0.0,0.0,0.0,0.0]",1,1,1,1,0.000000,15389,769501,1,0,0,1,0,1517093983,355,50894,966,0,98,"[-0.37637823820114136,-0.0014210011577233672,-0.040265027433633804,0.9255896210670471]","[0.010001365095376968,-0.022662997245788574,0.021312199532985687]","[-0.2888129949569702,-0.7102980017662048,9.690901756286621]",-2.37037706,0.0213121995,0.30839923,3022.3125,"[0.0,0.0,0.0,0.0]","[0.0,0.0,0.0,0.0,0.0,0.0,0.0,0.0]","[0.0,0.0,0.0,0.0,0.0,0.0,0.0,0.0]",255,1,1,0,,0,,,"[NaN,NaN,NaN]","[NaN,NaN,NaN,NaN]","[NaN,NaN,NaN,NaN,NaN,NaN]",0.000418,535,0,[],null,[],0,,,79.889225,,0,,0,,
2026-08-12T15:01:25.116753+00:00,19660.399792782,depth_scale_fixed_10cm_outbound,0,"[0.0,0.0,0.0,0.0]",1,1,1,1,0.000000,15390,769551,1,0,0,1,0,1517093983,356,21904,967,0,100,"[-0.3769341707229614,-0.0009930005762726068,-0.03986101970076561,0.9253814220428467]","[0.00024783675326034427,-0.02253066562116146,0.026756174862384796]","[-0.2697109878063202,-0.7080169916152954,9.688688278198242]",-2.36914349,0.0267561749,0.309599012,3034.07031,"[0.0,0.0,0.0,0.0]","[0.0,0.0,0.0,0.0,0.0,0.0,0.0,0.0]","[0.0,0.0,0.0,0.0,0.0,0.0,0.0,0.0]",255,1,1,0,,0,,,"[NaN,NaN,NaN]","[NaN,NaN,NaN,NaN]","[NaN,NaN,NaN,NaN,NaN,NaN]",0.000870,536,0,[],null,[],0,,,79.974492,,0,,0,,
2026-08-12T15:01:25.166714+00:00,19660.449884589,depth_scale_fixed_10cm_outbound,0,"[0.0,0.0,0.0,0.0]",1,1,1,1,0.000000,15391,769601,1,0,0,1,0,1517093983,357,28312,968,0,101,"[-0.37760818004608154,-0.0005070004262961447,-0.03956902399659157,0.9251195192337036]","[-0.0021967412903904915,-0.023100219666957855,0.02980971895158291]","[-0.272163987159729,-0.7077130079269409,9.707846641540527]",-2.36765432,0.029809719,0.309599012,3034.07031,"[0.0,0.0,0.0,0.0]","[0.0,0.0,0.0,0.0,0.0,0.0,0.0,0.0]","[0.0,0.0,0.0,0.0,0.0,0.0,0.0,0.0]",255,1,1,0,,0,,,"[NaN,NaN,NaN]","[NaN,NaN,NaN,NaN]","[NaN,NaN,NaN,NaN,NaN,NaN]",0.000420,538,0,[],null,[],0,,,81.382566,,0,,0,,
2026-08-12T15:01:25.218986+00:00,19660.501587310,depth_scale_fixed_10cm_outbound,0,"[0.0,0.0,0.0,0.0]",1,1,1,1,0.000000,15392,769651,1,0,0,1,0,1517093983,358,58209,969,0,102,"[-0.3783673346042633,3.300047683296725e-05,-0.039325032383203506,0.924819827079773]","[-0.0022283142898231745,-0.02742081694304943,0.03355584293603897]","[-0.25547999143600464,-0.710195004940033,9.708075523376465]",-2.36597872,0.0335558429,0.309599012,3034.07031,"[0.0,0.0,0.0,0.0]","[0.0,0.0,0.0,0.0,0.0,0.0,0.0,0.0]","[0.0,0.0,0.0,0.0,0.0,0.0,0.0,0.0]",255,1,1,0,,0,,,"[NaN,NaN,NaN]","[NaN,NaN,NaN,NaN]","[NaN,NaN,NaN,NaN,NaN,NaN]",0.002459,539,0,[],null,[],0,,,85.971876,,0,,0,,
2026-08-12T15:01:25.266968+00:00,19660.550146702,depth_scale_fixed_10cm_outbound,0,"[0.0,0.0,0.0,0.0]",1,1,1,1,0.000000,15393,769701,1,0,0,1,0,1517093983,359,30017,970,0,100,"[-0.37919723987579346,0.0005820005317218602,-0.039045024663209915,0.9244915246963501]","[-0.00039992472738958895,-0.02613096497952938,0.03782496973872185]","[-0.224481999874115,-0.7053800225257874,9.717955589294434]",-2.36414814,0.0378249697,0.310920745,3047.02344,"[0.0,0.0,0.0,0.0]","[0.0,0.0,0.0,0.0,0.0,0.0,0.0,0.0]","[0.0,0.0,0.0,0.0,0.0,0.0,0.0,0.0]",255,1,1,0,,0,,,"[NaN,NaN,NaN]","[NaN,NaN,NaN,NaN]","[NaN,NaN,NaN,NaN,NaN,NaN]",0.000447,541,0,[],null,[],0,,,85.816041,,0,,0,,
2026-08-12T15:01:25.318221+00:00,19660.600973005,depth_scale_fixed_10cm_outbound,0,"[0.0,0.0,0.0,0.0]",1,1,1,1,0.000000,15394,769751,1,0,0,1,0,1517093983,360,31071,971,0,99,"[-0.38008010387420654,0.0011120002018287778,-0.038692012429237366,0.9241433143615723]","[0.0070981839671730995,-0.028246095404028893,0.03892645984888077]","[-0.209416002035141,-0.7216809988021851,9.705573081970215]",-2.36220217,0.0389264598,0.310920745,3047.02344,"[0.0,0.0,0.0,0.0]","[0.0,0.0,0.0,0.0,0.0,0.0,0.0,0.0]","[0.0,0.0,0.0,0.0,0.0,0.0,0.0,0.0]",255,1,1,0,,0,,,"[NaN,NaN,NaN]","[NaN,NaN,NaN,NaN]","[NaN,NaN,NaN,NaN,NaN,NaN]",0.001985,542,0,[],null,[],0,,,86.091805,,0,,0,,
2026-08-12T15:01:25.366458+00:00,19660.649631314,depth_scale_fixed_10cm_outbound,0,"[0.0,0.0,0.0,0.0]",1,1,1,1,0.000000,15395,769801,1,0,0,1,0,1517093983,361,6411,972,0,99,"[-0.3809972107410431,0.0015680009964853525,-0.03817502036690712,0.9237864017486572]","[0.012381610460579395,-0.027445826679468155,0.03914754465222359]","[-0.17910899221897125,-0.713208019733429,9.692205429077148]",-2.36018229,0.0391475447,0.312134892,3058.92188,"[0.0,0.0,0.0,0.0]","[0.0,0.0,0.0,0.0,0.0,0.0,0.0,0.0]","[0.0,0.0,0.0,0.0,0.0,0.0,0.0,0.0]",255,1,1,0,,0,,,"[NaN,NaN,NaN]","[NaN,NaN,NaN,NaN]","[NaN,NaN,NaN,NaN,NaN,NaN]",0.000428,544,0,[],null,[],0,,,85.73462,,0,,0,,
2026-08-12T15:01:25.417296+00:00,19660.700339565,depth_scale_fixed_10cm_outbound,0,"[0.0,0.0,0.0,0.0]",1,1,1,1,0.000000,15396,769851,1,0,0,1,0,1517093983,362,55085,973,0,99,"[-0.3819442093372345,0.0019520008936524391,-0.03754202276468277,0.9234204888343811]","[0.016044603660702705,-0.025574764236807823,0.04097089171409607]","[-0.15991699695587158,-0.6990110278129578,9.682621002197266]",-2.35809922,0.0409708917,0.312134892,3058.92188,"[0.0,0.0,0.0,0.0]","[0.0,0.0,0.0,0.0,0.0,0.0,0.0,0.0]","[0.0,0.0,0.0,0.0,0.0,0.0,0.0,0.0]",255,1,1,0,,0,,,"[NaN,NaN,NaN]","[NaN,NaN,NaN,NaN]","[NaN,NaN,NaN,NaN,NaN,NaN]",0.001243,545,0,[],null,[],0,,,84.332505,,0,,0,,
2026-08-12T15:01:25.468312+00:00,19660.750500247,depth_scale_fixed_10cm_outbound,0,"[0.0,0.0,0.0,0.0]",1,1,1,1,0.000000,15397,769901,1,0,0,1,0,1517093983,363,50643,974,0,102,"[-0.38294219970703125,0.0022730007767677307,-0.03686901554465294,0.9230334758758545]","[0.019097620621323586,-0.023692060261964798,0.043401993811130524]","[-0.16470499336719513,-0.6989150047302246,9.687362670898438]",-2.35590839,0.0434019938,0.313372135,3071.04688,"[0.0,0.0,0.0,0.0]","[0.0,0.0,0.0,0.0,0.0,0.0,0.0,0.0]","[0.0,0.0,0.0,0.0,0.0,0.0,0.0,0.0]",255,1,1,0,,0,,,"[NaN,NaN,NaN]","[NaN,NaN,NaN,NaN]","[NaN,NaN,NaN,NaN,NaN,NaN]",0.001548,546,0,[],null,[],0,,,82.714883,,0,,0,,
2026-08-12T15:01:25.520112+00:00,19660.801665631,depth_scale_fixed_10cm_outbound,0,"[0.0,0.0,0.0,0.0]",1,1,1,1,0.000000,15398,769951,1,0,0,1,0,1517093983,364,45817,975,0,102,"[-0.3839663565158844,0.002526002237573266,-0.036197032779455185,0.9226338863372803]","[0.016076525673270226,-0.019290093332529068,0.0445290245115757]","[-0.15735800564289093,-0.6727089881896973,9.672667503356934]",-2.35366488,0.0445290245,0.313372135,3071.04688,"[0.0,0.0,0.0,0.0]","[0.0,0.0,0.0,0.0,0.0,0.0,0.0,0.0]","[0.0,0.0,0.0,0.0,0.0,0.0,0.0,0.0]",255,1,1,0,,0,,,"[NaN,NaN,NaN]","[NaN,NaN,NaN,NaN]","[NaN,NaN,NaN,NaN,NaN,NaN]",0.001629,548,0,[],null,[],0,,,82.48489,,0,,0,,
2026-08-12T15:01:25.566346+00:00,19660.849513682,depth_scale_fixed_10cm_outbound,0,"[0.0,0.0,0.0,0.0]",1,1,1,1,0.000000,15399,770001,1,0,0,1,0,1517093983,365,24547,976,0,98,"[-0.38501015305519104,0.002704000798985362,-0.03560500964522362,0.9222213625907898]","[0.01426431443542242,-0.016128240153193474,0.04690846428275108]","[-0.15734100341796875,-0.6629409790039062,9.682120323181152]",-2.35138369,0.0469084643,0.314542413,3082.51562,"[0.0,0.0,0.0,0.0]","[0.0,0.0,0.0,0.0,0.0,0.0,0.0,0.0]","[0.0,0.0,0.0,0.0,0.0,0.0,0.0,0.0]",255,1,1,0,,0,,,"[NaN,NaN,NaN]","[NaN,NaN,NaN,NaN]","[NaN,NaN,NaN,NaN,NaN,NaN]",0.000425,550,0,[],null,[],0,,,84.784773,,0,,0,,
2026-08-12T15:01:25.616397+00:00,19660.899572882,depth_scale_fixed_10cm_outbound,0,"[0.0,0.0,0.0,0.0]",1,1,1,1,0.000000,15400,770051,1,0,0,1,0,1517093983,366,48924,977,0,96,"[-0.38608014583587646,0.0028530012350529432,-0.035136014223098755,0.9217914342880249]","[0.009608980268239975,-0.013597581535577774,0.047243550419807434]","[-0.16453300416469574,-0.6594690084457397,9.697178840637207]",-2.34904861,0.0472435504,0.314542413,3082.51562,"[0.0,0.0,0.0,0.0]","[0.0,0.0,0.0,0.0,0.0,0.0,0.0,0.0]","[0.0,0.0,0.0,0.0,0.0,0.0,0.0,0.0]",255,1,1,0,,0,,,"[NaN,NaN,NaN]","[NaN,NaN,NaN,NaN]","[NaN,NaN,NaN,NaN,NaN,NaN]",0.000675,551,0,[],null,[],0,,,83.81531,,0,,0,,
2026-08-12T15:01:25.666803+00:00,19660.949991838,depth_scale_fixed_10cm_outbound,0,"[0.0,0.0,0.0,0.0]",1,1,1,1,0.000000,15401,770101,1,0,0,1,0,1517093983,367,31728,978,0,101,"[-0.38716921210289,0.002931001130491495,-0.03486602008342743,0.9213445782661438]","[0.0015351568581536412,-0.005424919538199902,0.04786581173539162]","[-0.18128599226474762,-0.6673489809036255,9.70110034942627]",-2.34667873,0.0478658117,0.315472722,3091.63281,"[0.0,0.0,0.0,0.0]","[0.0,0.0,0.0,0.0,0.0,0.0,0.0,0.0]","[0.0,0.0,0.0,0.0,0.0,0.0,0.0,0.0]",255,1,1,0,,0,,,"[NaN,NaN,NaN]","[NaN,NaN,NaN,NaN]","[NaN,NaN,NaN,NaN,NaN,NaN]",0.000652,553,0,[],null,[],0,,,87.753478,,0,,0,,
2026-08-12T15:01:25.717196+00:00,19661.000084386,depth_scale_fixed_10cm_outbound,0,"[0.0,0.0,0.0,0.0]",1,1,1,1,0.000000,15402,770151,1,0,0,1,0,1517093983,368,41888,979,0,101,"[-0.38824036717414856,0.0029800022020936012,-0.03488602861762047,0.9208928346633911]","[-0.011222152970731258,-0.0003824539890047163,0.04525398090481758]","[-0.16689400374889374,-0.6554610133171082,9.696292877197266]",-2.34435296,0.0452539809,0.315472722,3091.63281,"[0.0,0.0,0.0,0.0]","[0.0,0.0,0.0,0.0,0.0,0.0,0.0,0.0]","[0.0,0.0,0.0,0.0,0.0,0.0,0.0,0.0]",255,1,1,0,,0,,,"[NaN,NaN,NaN]","[NaN,NaN,NaN,NaN]","[NaN,NaN,NaN,NaN,NaN,NaN]",0.001142,554,0,[],null,[],0,,,85.873155,,0,,0,,
2026-08-12T15:01:25.766343+00:00,19661.049502458,depth_scale_fixed_10cm_outbound,0,"[0.0,0.0,0.0,0.0]",1,1,1,1,0.000000,15403,770201,1,0,0,1,0,1517093983,369,29839,980,0,99,"[-0.3893011808395386,0.0030140008311718702,-0.0351870097219944,0.9204332828521729]","[-0.020332317799329758,0.00404342170804739,0.04512115940451622]","[-0.18612399697303772,-0.6768749952316284,9.705982208251953]",-2.34205389,0.0451211594,0.316172659,3098.49219,"[0.0,0.0,0.0,0.0]","[0.0,0.0,0.0,0.0,0.0,0.0,0.0,0.0]","[0.0,0.0,0.0,0.0,0.0,0.0,0.0,0.0]",255,1,1,0,,0,,,"[NaN,NaN,NaN]","[NaN,NaN,NaN,NaN]","[NaN,NaN,NaN,NaN,NaN,NaN]",0.000437,556,0,[],null,[],0,,,84.398948,,0,,0,,
2026-08-12T15:01:25.817108+00:00,19661.099970744,depth_scale_fixed_10cm_outbound,0,"[0.0,0.0,0.0,0.0]",1,1,1,1,0.000000,15404,770251,1,0,0,1,0,1517093983,370,37727,981,0,100,"[-0.3903420865535736,0.0030490008648484945,-0.035783007740974426,0.9199692606925964]","[-0.030055301263928413,0.007849391549825668,0.04499572142958641]","[-0.19339899718761444,-0.691091001033783,9.718101501464844]",-2.33980179,0.0449957214,0.316172659,3098.49219,"[0.0,0.0,0.0,0.0]","[0.0,0.0,0.0,0.0,0.0,0.0,0.0,0.0]","[0.0,0.0,0.0,0.0,0.0,0.0,0.0,0.0]",255,1,1,0,,0,,,"[NaN,NaN,NaN]","[NaN,NaN,NaN,NaN]","[NaN,NaN,NaN,NaN,NaN,NaN]",0.001019,557,0,[],null,[],0,,,83.062335,,0,,0,,
2026-08-12T15:01:25.866646+00:00,19661.149793073,depth_scale_fixed_10cm_outbound,0,"[0.0,0.0,0.0,0.0]",1,1,1,1,0.000000,15405,770301,1,0,0,1,0,1517093983,371,43095,982,0,101,"[-0.3913111686706543,0.0030900014098733664,-0.03656801953911781,0.9195263981819153]","[-0.03369443863630295,0.009490297175943851,0.04127535969018936]","[-0.2269120067358017,-0.7084540128707886,9.725969314575195]",-2.33770776,0.0412753597,0.316774547,3104.39062,"[0.0,0.0,0.0,0.0]","[0.0,0.0,0.0,0.0,0.0,0.0,0.0,0.0]","[0.0,0.0,0.0,0.0,0.0,0.0,0.0,0.0]",255,1,1,0,,0,,,"[NaN,NaN,NaN]","[NaN,NaN,NaN,NaN]","[NaN,NaN,NaN,NaN,NaN,NaN]",0.000423,559,0,[],null,[],0,,,83.470233,,0,,0,,
2026-08-12T15:01:25.920251+00:00,19661.201850814,depth_scale_fixed_10cm_outbound,0,"[0.0,0.0,0.0,0.0]",1,1,1,1,0.000000,15406,770351,1,0,0,1,0,1517093983,372,10281,983,0,103,"[-0.39219626784324646,0.0031410017982125282,-0.03746803104877472,0.9191128015518188]","[-0.03733168542385101,0.011552246287465096,0.037955254316329956]","[-0.23348499834537506,-0.7353919744491577,9.745479583740234]",-2.33579707,0.0379552543,0.316774547,3104.39062,"[0.0,0.0,0.0,0.0]","[0.0,0.0,0.0,0.0,0.0,0.0,0.0,0.0]","[0.0,0.0,0.0,0.0,0.0,0.0,0.0,0.0]",223,1,1,0,,0,,,"[NaN,NaN,NaN]","[NaN,NaN,NaN,NaN]","[NaN,NaN,NaN,NaN,NaN,NaN]",0.002520,560,0,[],null,[],0,,,81.883196,,0,,0,,
2026-08-12T15:01:25.966591+00:00,19661.249771252,depth_scale_fixed_10cm_outbound,0,"[0.0,0.0,0.0,0.0]",1,1,1,1,0.000000,15407,770401,1,0,0,1,0,1517093983,373,15351,984,0,100,"[-0.3929782509803772,0.003186001442372799,-0.03841402009129524,0.9187395572662354]","[-0.03731638193130493,0.012733101844787598,0.032633889466524124]","[-0.26552700996398926,-0.7547159790992737,9.782978057861328]",-2.33411169,0.0326338895,0.317218602,3108.74219,"[0.0,0.0,0.0,0.0]","[0.0,0.0,0.0,0.0,0.0,0.0,0.0,0.0]","[0.0,0.0,0.0,0.0,0.0,0.0,0.0,0.0]",223,1,1,0,,0,,,"[NaN,NaN,NaN]","[NaN,NaN,NaN,NaN]","[NaN,NaN,NaN,NaN,NaN,NaN]",0.000397,562,0,[],null,[],0,,,81.604329,,0,,0,,
2026-08-12T15:01:26.018609+00:00,19661.300826884,depth_scale_fixed_10cm_outbound,0,"[0.0,0.0,0.0,0.0]",1,1,1,1,0.000000,15408,770451,1,0,0,1,0,1517093983,374,22633,985,0,98,"[-0.3936702609062195,0.003192002885043621,-0.03932502865791321,0.9184046387672424]","[-0.03425804153084755,0.01391482912003994,0.02896152436733246]","[-0.2703480124473572,-0.7593950033187866,9.79018783569336]",-2.33262324,0.0289615244,0.317218602,3108.74219,"[0.0,0.0,0.0,0.0]","[0.0,0.0,0.0,0.0,0.0,0.0,0.0,0.0]","[0.0,0.0,0.0,0.0,0.0,0.0,0.0,0.0]",223,1,1,0,,0,,,"[NaN,NaN,NaN]","[NaN,NaN,NaN,NaN]","[NaN,NaN,NaN,NaN,NaN,NaN]",0.001700,563,0,[],null,[],0,,,80.968463,,0,,0,,
2026-08-12T15:01:26.066356+00:00,19661.349525006,depth_scale_fixed_10cm_outbound,0,"[0.0,0.0,0.0,0.0]",1,1,1,1,0.000000,15409,770501,1,0,0,1,0,1517093983,375,57290,986,0,99,"[-0.39422106742858887,0.003113000886514783,-0.040097009390592575,0.9181352853775024]","[-0.02449060045182705,0.01563088968396187,0.021650006994605064]","[-0.2942799925804138,-0.7810800075531006,9.780635833740234]",-2.33144498,0.021650007,0.317218602,3108.74219,"[0.0,0.0,0.0,0.0]","[0.0,0.0,0.0,0.0,0.0,0.0,0.0,0.0]","[0.0,0.0,0.0,0.0,0.0,0.0,0.0,0.0]",223,1,1,0,,0,,,"[NaN,NaN,NaN]","[NaN,NaN,NaN,NaN]","[NaN,NaN,NaN,NaN,NaN,NaN]",0.000447,565,0,[],null,[],0,,,81.415047,,0,,0,,
2026-08-12T15:01:26.117364+00:00,19661.400195155,depth_scale_fixed_10cm_outbound,0,"[0.0,0.0,0.0,0.0]",1,1,1,1,0.000000,15410,770551,1,0,0,1,0,1517093983,376,64258,987,0,99,"[-0.39467230439186096,0.002989002503454685,-0.040737029165029526,0.9179136157035828]","[-0.02388910762965679,0.01372458878904581,0.01924106851220131]","[-0.2871670126914978,-0.785851001739502,9.785584449768066]",-2.33048368,0.0192410685,0.317465723,3111.16406,"[0.0,0.0,0.0,0.0]","[0.0,0.0,0.0,0.0,0.0,0.0,0.0,0.0]","[0.0,0.0,0.0,0.0,0.0,0.0,0.0,0.0]",255,1,1,0,,0,,,"[NaN,NaN,NaN]","[NaN,NaN,NaN,NaN]","[NaN,NaN,NaN,NaN,NaN,NaN]",0.001170,566,0,[],null,[],0,,,80.741017,,0,,0,,
2026-08-12T15:01:26.168136+00:00,19661.451314206,depth_scale_fixed_10cm_outbound,0,"[0.0,0.0,0.0,0.0]",1,1,1,1,0.000000,15411,770601,1,0,0,1,0,1517093983,377,58063,988,0,102,"[-0.39502233266830444,0.002828002441674471,-0.04129103198647499,0.9177387952804565]","[-0.016161784529685974,0.014444868080317974,0.014381496235728264]","[-0.3261530101299286,-0.7789880037307739,9.802628517150879]",-2.32974339,0.0143814962,0.317465723,3111.16406,"[0.0,0.0,0.0,0.0]","[0.0,0.0,0.0,0.0,0.0,0.0,0.0,0.0]","[0.0,0.0,0.0,0.0,0.0,0.0,0.0,0.0]",255,1,1,0,,0,,,"[NaN,NaN,NaN]","[NaN,NaN,NaN,NaN]","[NaN,NaN,NaN,NaN,NaN,NaN]",0.000465,568,0,[],null,[],0,,,78.869612,,0,,0,,
2026-08-12T15:01:26.216587+00:00,19661.499593497,depth_scale_fixed_10cm_outbound,0,"[0.0,0.0,0.0,0.0]",1,1,1,1,0.000000,15412,770651,1,0,0,1,0,1517093983,378,37218,989,0,99,"[-0.3952952027320862,0.0026590009219944477,-0.04176102206110954,0.9176004528999329]","[-0.019005553796887398,0.01360058318823576,0.011933183297514915]","[-0.35879799723625183,-0.7753499746322632,9.820590019226074]",-2.32916975,0.0119331833,0.317661047,3113.07812,"[0.0,0.0,0.0,0.0]","[0.0,0.0,0.0,0.0,0.0,0.0,0.0,0.0]","[0.0,0.0,0.0,0.0,0.0,0.0,0.0,0.0]",255,1,1,0,,0,,,"[NaN,NaN,NaN]","[NaN,NaN,NaN,NaN]","[NaN,NaN,NaN,NaN,NaN,NaN]",0.000687,569,0,[],null,[],0,,,81.499116,,0,,0,,
2026-08-12T15:01:26.266661+00:00,19661.549734107,depth_scale_fixed_10cm_outbound,0,"[0.0,0.0,0.0,0.0]",1,1,1,1,0.000000,15413,770701,1,0,0,1,0,1517093983,379,37407,990,0,99,"[-0.39550524950027466,0.00249700085259974,-0.04219602793455124,0.917490541934967]","[-0.01655811257660389,0.014801683835685253,0.009480034932494164]","[-0.36353400349617004,-0.7705540060997009,9.818065643310547]",-2.32873225,0.00948003493,0.317661047,3113.07812,"[0.0,0.0,0.0,0.0]","[0.0,0.0,0.0,0.0,0.0,0.0,0.0,0.0]","[0.0,0.0,0.0,0.0,0.0,0.0,0.0,0.0]",191,1,1,0,,0,,,"[NaN,NaN,NaN]","[NaN,NaN,NaN,NaN]","[NaN,NaN,NaN,NaN,NaN,NaN]",0.000462,571,0,[],null,[],0,,,81.825886,,0,,0,,
2026-08-12T15:01:26.318677+00:00,19661.601741328,depth_scale_fixed_10cm_outbound,0,"[0.0,0.0,0.0,0.0]",1,1,1,1,0.000000,15414,770751,1,0,0,1,0,1517093983,380,46809,991,0,102,"[-0.39568135142326355,0.0023380019702017307,-0.04259003698825836,0.9173968434333801]","[-0.014743983745574951,0.012279089540243149,0.008312445133924484]","[-0.3636229932308197,-0.7873910069465637,9.818314552307129]",-2.32836771,0.00831244513,0.31757015,3112.1875,"[0.0,0.0,0.0,0.0]","[0.0,0.0,0.0,0.0,0.0,0.0,0.0,0.0]","[0.0,0.0,0.0,0.0,0.0,0.0,0.0,0.0]",255,1,1,0,,0,,,"[NaN,NaN,NaN]","[NaN,NaN,NaN,NaN]","[NaN,NaN,NaN,NaN,NaN,NaN]",0.002355,572,0,[],null,[],0,,,82.795732,,0,,0,,
2026-08-12T15:01:26.366471+00:00,19661.649620957,depth_scale_fixed_10cm_outbound,0,"[0.0,0.0,0.0,0.0]",1,1,1,1,0.000000,15415,770801,1,0,0,1,0,1517093983,381,52894,992,0,99,"[-0.3958241641521454,0.0021860008127987385,-0.04298001900315285,0.9173173904418945]","[-0.014118160121142864,0.014755100011825562,0.007049001287668943]","[-0.37802401185035706,-0.7943220138549805,9.8326416015625]",-2.32807493,0.00704900129,0.31757015,3112.1875,"[0.0,0.0,0.0,0.0]","[0.0,0.0,0.0,0.0,0.0,0.0,0.0,0.0]","[0.0,0.0,0.0,0.0,0.0,0.0,0.0,0.0]",255,1,1,0,,0,,,"[NaN,NaN,NaN]","[NaN,NaN,NaN,NaN]","[NaN,NaN,NaN,NaN,NaN,NaN]",0.000407,574,0,[],null,[],0,,,82.372905,,0,,0,,
2026-08-12T15:01:26.418133+00:00,19661.700692820,depth_scale_fixed_10cm_outbound,0,"[0.0,0.0,0.0,0.0]",1,1,1,1,0.000000,15416,770851,1,0,0,1,0,1517093983,382,42128,993,0,99,"[-0.39592626690864563,0.001979001797735691,-0.043299030512571335,0.9172587990760803]","[-0.011678190901875496,0.01470851805061102,0.004617966711521149]","[-0.37073200941085815,-0.785099983215332,9.808603286743164]",-2.32787323,0.00461796671,0.317422658,3110.74219,"[0.0,0.0,0.0,0.0]","[0.0,0.0,0.0,0.0,0.0,0.0,0.0,0.0]","[0.0,0.0,0.0,0.0,0.0,0.0,0.0,0.0]",255,1,1,0,,0,,,"[NaN,NaN,NaN]","[NaN,NaN,NaN,NaN]","[NaN,NaN,NaN,NaN,NaN,NaN]",0.001550,575,0,[],null,[],0,,,85.33503,,0,,0,,
2026-08-12T15:01:26.466517+00:00,19661.749700444,depth_scale_fixed_10cm_outbound,0,"[0.0,0.0,0.0,0.0]",1,1,1,1,0.000000,15417,770901,1,0,0,1,0,1517093983,383,8723,994,0,101,"[-0.3960113823413849,0.0017130011692643166,-0.04356704279780388,0.9172099232673645]","[-0.00598712544888258,0.015929777175188065,0.005445584654808044]","[-0.35960400104522705,-0.790058970451355,9.80240535736084]",-2.32771134,0.00544558465,0.317422658,3110.74219,"[0.0,0.0,0.0,0.0]","[0.0,0.0,0.0,0.0,0.0,0.0,0.0,0.0]","[0.0,0.0,0.0,0.0,0.0,0.0,0.0,0.0]",255,1,1,0,,0,,,"[NaN,NaN,NaN]","[NaN,NaN,NaN,NaN]","[NaN,NaN,NaN,NaN,NaN,NaN]",0.000438,577,0,[],null,[],0,,,84.724224,,0,,0,,
2026-08-12T15:01:26.516782+00:00,19661.799821190,depth_scale_fixed_10cm_outbound,0,"[0.0,0.0,0.0,0.0]",1,1,1,1,0.000000,15418,770951,1,0,0,1,0,1517093983,384,43847,995,0,99,"[-0.3960813581943512,0.0013770019868388772,-0.04378703609108925,0.9171698093414307]","[-0.00678128469735384,0.018404671922326088,0.003358257934451103]","[-0.34685999155044556,-0.7926819920539856,9.792195320129395]",-2.32758546,0.00335825793,0.31726563,3109.20312,"[0.0,0.0,0.0,0.0]","[0.0,0.0,0.0,0.0,0.0,0.0,0.0,0.0]","[0.0,0.0,0.0,0.0,0.0,0.0,0.0,0.0]",191,1,1,0,,0,,,"[NaN,NaN,NaN]","[NaN,NaN,NaN,NaN]","[NaN,NaN,NaN,NaN,NaN,NaN]",0.000884,578,0,[],null,[],0,,,83.177299,,0,,0,,
2026-08-12T15:01:26.566565+00:00,19661.849663752,depth_scale_fixed_10cm_outbound,0,"[0.0,0.0,0.0,0.0]",1,1,1,1,0.000000,15419,771001,1,0,0,1,0,1517093983,385,64246,996,0,100,"[-0.3961513936519623,0.0010180004173889756,-0.04397803544998169,0.9171308875083923]","[-0.0006829648045822978,0.019613033160567284,0.003373075509443879]","[-0.36124300956726074,-0.7996860146522522,9.801730155944824]",-2.32746029,0.00337307551,0.31726563,3109.20312,"[0.0,0.0,0.0,0.0]","[0.0,0.0,0.0,0.0,0.0,0.0,0.0,0.0]","[0.0,0.0,0.0,0.0,0.0,0.0,0.0,0.0]",255,1,1,0,,0,,,"[NaN,NaN,NaN]","[NaN,NaN,NaN,NaN]","[NaN,NaN,NaN,NaN,NaN,NaN]",0.000426,580,0,[],null,[],0,,,83.831734,,0,,0,,
2026-08-12T15:01:26.620802+00:00,19661.902312682,depth_scale_fixed_10cm_outbound,0,"[0.0,0.0,0.0,0.0]",1,1,1,1,0.000000,15420,771051,1,0,0,1,0,1517093983,386,7462,997,0,103,"[-0.3962092995643616,0.0005740002379752696,-0.04409103840589523,0.9171007871627808]","[-0.0006866998155601323,0.018989181146025658,0.003384123556315899]","[-0.37549400329589844,-0.7900350093841553,9.79902458190918]",-2.32736468,0.00338412356,0.3170169,3106.76562,"[0.0,0.0,0.0,0.0]","[0.0,0.0,0.0,0.0,0.0,0.0,0.0,0.0]","[0.0,0.0,0.0,0.0,0.0,0.0,0.0,0.0]",255,1,1,0,,0,,,"[NaN,NaN,NaN]","[NaN,NaN,NaN,NaN]","[NaN,NaN,NaN,NaN,NaN,NaN]",0.002919,581,0,[],null,[],0,,,85.078806,,0,,0,,
2026-08-12T15:01:26.666518+00:00,19661.949692868,depth_scale_fixed_10cm_outbound,0,"[0.0,0.0,0.0,0.0]",1,1,1,1,0.000000,15421,771101,1,0,0,1,0,1517093983,387,63225,998,0,100,"[-0.39627426862716675,0.0001510009606136009,-0.044141024351119995,0.9170704483985901]","[0.004174775443971157,0.017086196690797806,0.0034468509256839752]","[-0.380297988653183,-0.7898659706115723,9.808562278747559]",-2.32725048,0.00344685093,0.3170169,3106.76562,"[0.0,0.0,0.0,0.0]","[0.0,0.0,0.0,0.0,0.0,0.0,0.0,0.0]","[0.0,0.0,0.0,0.0,0.0,0.0,0.0,0.0]",127,1,1,0,,0,,,"[NaN,NaN,NaN]","[NaN,NaN,NaN,NaN]","[NaN,NaN,NaN,NaN,NaN,NaN]",0.000422,583,0,[],null,[],0,,,84.796109,,0,,0,,
2026-08-12T15:01:26.718617+00:00,19662.001037577,depth_scale_fixed_10cm_outbound,0,"[0.0,0.0,0.0,0.0]",1,1,1,1,0.000000,15422,771151,1,0,0,1,0,1517093983,388,1069,999,0,98,"[-0.39633414149284363,-0.00025499932235106826,-0.04412601515650749,0.9170453548431396]","[0.004157356917858124,0.014174936339259148,0.003498460166156292]","[-0.34350499510765076,-0.7811470031738281,9.760879516601562]",-2.32714415,0.00349846017,0.316572845,3102.41406,"[0.0,0.0,0.0,0.0]","[0.0,0.0,0.0,0.0,0.0,0.0,0.0,0.0]","[0.0,0.0,0.0,0.0,0.0,0.0,0.0,0.0]",127,1,1,0,,0,,,"[NaN,NaN,NaN]","[NaN,NaN,NaN,NaN]","[NaN,NaN,NaN,NaN,NaN,NaN]",0.001868,584,0,[],null,[],0,,,84.105545,,0,,0,,
2026-08-12T15:01:26.766375+00:00,19662.049561572,depth_scale_fixed_10cm_outbound,0,"[0.0,0.0,0.0,0.0]",1,1,1,1,0.000000,15423,771201,1,0,0,1,0,1517093983,389,16165,1000,0,99,"[-0.39640936255455017,-0.0006150011904537678,-0.04414203763008118,0.9170118570327759]","[0.0017192017985507846,0.014206090942025185,0.004706595093011856]","[-0.36894699931144714,-0.784309983253479,9.75583553314209]",-2.32700205,0.00470659509,0.316572845,3102.41406,"[0.0,0.0,0.0,0.0]","[0.0,0.0,0.0,0.0,0.0,0.0,0.0,0.0]","[0.0,0.0,0.0,0.0,0.0,0.0,0.0,0.0]",127,1,1,0,,0,,,"[NaN,NaN,NaN]","[NaN,NaN,NaN,NaN]","[NaN,NaN,NaN,NaN,NaN,NaN]",0.000442,586,0,[],null,[],0,,,83.884764,,0,,0,,
2026-08-12T15:01:26.816510+00:00,19662.099574025,depth_scale_fixed_10cm_outbound,0,"[0.0,0.0,0.0,0.0]",1,1,1,1,0.000000,15424,771251,1,0,0,1,0,1517093983,390,13826,1001,0,98,"[-0.39649713039398193,-0.0009300005040131509,-0.044171012938022614,0.916972279548645]","[-0.00012603022332768887,0.011530011892318726,0.005966338329017162]","[-0.327455997467041,-0.7843220233917236,9.715534210205078]",-2.32683039,0.00596633833,0.316572845,3102.41406,"[0.0,0.0,0.0,0.0]","[0.0,0.0,0.0,0.0,0.0,0.0,0.0,0.0]","[0.0,0.0,0.0,0.0,0.0,0.0,0.0,0.0]",127,1,1,0,,0,,,"[NaN,NaN,NaN]","[NaN,NaN,NaN,NaN]","[NaN,NaN,NaN,NaN,NaN,NaN]",0.000695,587,0,[],null,[],0,,,83.022836,,0,,0,,
2026-08-12T15:01:26.866701+00:00,19662.149908557,depth_scale_fixed_10cm_outbound,0,"[0.0,0.0,0.0,0.0]",1,1,1,1,0.000000,15425,771301,1,0,0,1,0,1517093983,391,9468,1002,0,101,"[-0.39660629630088806,-0.0012060004519298673,-0.04427603259682655,0.9169196486473083]","[-0.003175190184265375,0.010925831273198128,0.005958920810371637]","[-0.33222198486328125,-0.78677898645401,9.71071720123291]",-2.32661152,0.00595892081,0.316116065,3097.9375,"[0.0,0.0,0.0,0.0]","[0.0,0.0,0.0,0.0,0.0,0.0,0.0,0.0]","[0.0,0.0,0.0,0.0,0.0,0.0,0.0,0.0]",255,1,1,0,,0,,,"[NaN,NaN,NaN]","[NaN,NaN,NaN,NaN]","[NaN,NaN,NaN,NaN,NaN,NaN]",0.000391,589,0,[],null,[],0,,,80.370075,,0,,0,,
2026-08-12T15:01:26.918051+00:00,19662.201185828,depth_scale_fixed_10cm_outbound,0,"[0.0,0.0,0.0,0.0]",1,1,1,1,0.000000,15426,771351,1,0,0,1,0,1517093983,392,58755,1003,0,102,"[-0.3967301547527313,-0.001471000607125461,-0.04444901645183563,0.9168573617935181]","[-0.006831515114754438,0.01096485648304224,0.007159672677516937]","[-0.33938100934028625,-0.789188027381897,9.708272933959961]",-2.32636213,0.00715967268,0.316116065,3097.9375,"[0.0,0.0,0.0,0.0]","[0.0,0.0,0.0,0.0,0.0,0.0,0.0,0.0]","[0.0,0.0,0.0,0.0,0.0,0.0,0.0,0.0]",255,1,1,0,,0,,,"[NaN,NaN,NaN]","[NaN,NaN,NaN,NaN]","[NaN,NaN,NaN,NaN,NaN,NaN]",0.001948,590,0,[],null,[],0,,,81.482088,,0,,0,,
2026-08-12T15:01:26.966328+00:00,19662.249518671,depth_scale_fixed_10cm_outbound,0,"[0.0,0.0,0.0,0.0]",1,1,1,1,0.000000,15427,771401,1,0,0,1,0,1517093983,393,46930,1004,0,99,"[-0.3968693017959595,-0.0016940019559115171,-0.044675033539533615,0.916785717010498]","[-0.008032948710024357,0.013452665880322456,0.005885145626962185]","[-0.3465240001678467,-0.791670024394989,9.701029777526855]",-2.32607794,0.00588514563,0.315577149,3092.65625,"[0.0,0.0,0.0,0.0]","[0.0,0.0,0.0,0.0,0.0,0.0,0.0,0.0]","[0.0,0.0,0.0,0.0,0.0,0.0,0.0,0.0]",255,1,1,0,,0,,,"[NaN,NaN,NaN]","[NaN,NaN,NaN,NaN]","[NaN,NaN,NaN,NaN,NaN,NaN]",0.000417,592,0,[],null,[],0,,,80.837106,,0,,0,,
2026-08-12T15:01:27.016484+00:00,19662.299543198,depth_scale_fixed_10cm_outbound,0,"[0.0,0.0,0.0,0.0]",1,1,1,1,0.000000,15428,771451,1,0,0,1,0,1517093983,394,31092,1005,0,98,"[-0.39698824286460876,-0.0019510017009451985,-0.044947024434804916,0.9167203903198242]","[-0.008031673729419708,0.013878840021789074,0.006693041417747736]","[-0.33858200907707214,-0.7982310056686401,9.694021224975586]",-2.32584143,0.00669304142,0.315577149,3092.65625,"[0.0,0.0,0.0,0.0]","[0.0,0.0,0.0,0.0,0.0,0.0,0.0,0.0]","[0.0,0.0,0.0,0.0,0.0,0.0,0.0,0.0]",255,1,1,0,,0,,,"[NaN,NaN,NaN]","[NaN,NaN,NaN,NaN]","[NaN,NaN,NaN,NaN,NaN,NaN]",0.000659,593,0,[],null,[],0,,,79.732904,,0,,0,,
2026-08-12T15:01:27.066272+00:00,19662.349478433,depth_scale_fixed_10cm_outbound,0,"[0.0,0.0,0.0,0.0]",1,1,1,1,0.000000,15429,771501,1,0,0,1,0,1517093983,395,34285,1006,0,100,"[-0.3970925211906433,-0.0022330028004944324,-0.04522205889225006,0.9166610836982727]","[-0.005587322637438774,0.014669196680188179,0.004654897842556238]","[-0.31061500310897827,-0.804705023765564,9.64646053314209]",-2.32563853,0.00465489784,0.315007955,3087.07812,"[0.0,0.0,0.0,0.0]","[0.0,0.0,0.0,0.0,0.0,0.0,0.0,0.0]","[0.0,0.0,0.0,0.0,0.0,0.0,0.0,0.0]",255,1,1,0,,0,,,"[NaN,NaN,NaN]","[NaN,NaN,NaN,NaN]","[NaN,NaN,NaN,NaN,NaN,NaN]",0.000416,595,0,[],null,[],0,,,83.614709,,0,,0,,
2026-08-12T15:01:27.120657+00:00,19662.402246317,depth_scale_fixed_10cm_outbound,0,"[0.0,0.0,0.0,0.0]",1,1,1,1,0.000000,15430,771551,1,0,0,1,0,1517093983,396,13878,1007,0,104,"[-0.3971523344516754,-0.002569001168012619,-0.045414038002491,0.9166247844696045]","[-0.0019235274521633983,0.015877854079008102,0.003432032885029912]","[-0.32012999057769775,-0.8047710061073303,9.63915729522705]",-2.32553291,0.00343203289,0.315007955,3087.07812,"[0.0,0.0,0.0,0.0]","[0.0,0.0,0.0,0.0,0.0,0.0,0.0,0.0]","[0.0,0.0,0.0,0.0,0.0,0.0,0.0,0.0]",255,1,1,0,,0,,,"[NaN,NaN,NaN]","[NaN,NaN,NaN,NaN]","[NaN,NaN,NaN,NaN,NaN,NaN]",0.002897,596,0,[],null,[],0,,,82.113282,,0,,0,,
2026-08-12T15:01:27.166557+00:00,19662.449741112,depth_scale_fixed_10cm_outbound,0,"[0.0,0.0,0.0,0.0]",1,1,1,1,0.000000,15431,771601,1,0,0,1,0,1517093983,397,36912,1008,0,101,"[-0.39717626571655273,-0.002926001325249672,-0.04561002179980278,0.9166036248207092]","[-0.003130614757537842,0.017102550715208054,0.0009567197412252426]","[-0.3320600092411041,-0.8071590065956116,9.636655807495117]",-2.32550669,0.000956719741,0.314473838,3081.84375,"[0.0,0.0,0.0,0.0]","[0.0,0.0,0.0,0.0,0.0,0.0,0.0,0.0]","[0.0,0.0,0.0,0.0,0.0,0.0,0.0,0.0]",255,1,1,0,,0,,,"[NaN,NaN,NaN]","[NaN,NaN,NaN,NaN]","[NaN,NaN,NaN,NaN,NaN,NaN]",0.000030,598,0,[],null,[],0,,,82.813538,,0,,0,,
