host_time_utc,host_monotonic_s,phase,requested_armed,requested_channels_forward_right_down_yaw,sent,transport_open,session_confirmed,telemetry_fresh,telemetry_age_s,telemetry_sequence,mcu_tick_ms,state,telemetry_armed,telemetry_failsafe,command_status,reject_flags,last_command_session,last_command_sequence,last_command_crc,command_count,rejected_command_count,round_trip_ms,imu_quat_wxyz,imu_angular_velocity_xyz_rad_s,imu_linear_acceleration_xyz_m_s2,yaw_rad,yaw_rate_rad_s,depth_m,pressure_pa,received_channels_forward_right_down_yaw,applied_motor_throttle_m1_m8,motor_rpm_m1_m8,rpm_valid_mask,execution_feedback_valid,rpm_available,vision_fresh,vision_age_s,vision_count,vision_stamp_s,vision_frame_id,vision_position_xyz_m,vision_quat_xyzw,vision_covariance_diag,vision_status_age_s,vision_status_count,vision_detected,vision_detected_ids,vision_world_xy_yaw,vision_detections_detail,vision_pnp_valid,vision_pnp_reprojection_error_px,vision_decision_margin,vision_detection_fps,refracted_status_age_s,refracted_status_count,refracted_mode,refracted_valid,refracted_residual_m,refracted_reject_reason
2026-08-12T14:30:09.458640+00:00,17784.742042119,depth_scale_10cm_outbound_retry_disarmed,0,"[0.0,0.0,0.0,0.0]",1,1,0,0,,,,,,,,,,,,,,,,,,,,,,,,,,,,0,,0,,,"[NaN,NaN,NaN]","[NaN,NaN,NaN,NaN]","[NaN,NaN,NaN,NaN,NaN,NaN]",,0,0,[],[],[],0,,,,,0,,0,,
2026-08-12T14:30:09.509220+00:00,17784.792061934,depth_scale_10cm_outbound_retry_disarmed,0,"[0.0,0.0,0.0,0.0]",1,1,1,1,0.000000,469,13130700,1,0,0,1,0,1460973155,0,16891,2651,0,50,"[0.8500728011131287,-0.05307897552847862,-0.021171990782022476,-0.5235557556152344]","[-0.06258328258991241,0.05086693912744522,-0.0244604405015707]","[0.9015349745750427,-0.6820279955863953,9.708967208862305]",-1.10091019,-0.0244604405,16.087347,157656,"[0.0,0.0,0.0,0.0]","[0.0,0.0,0.0,0.0,0.0,0.0,0.0,0.0]","[0.0,0.0,0.0,0.0,0.0,0.0,0.0,0.0]",255,1,1,0,,0,,,"[NaN,NaN,NaN]","[NaN,NaN,NaN,NaN]","[NaN,NaN,NaN,NaN,NaN,NaN]",,0,0,[],[],[],0,,,,,0,,0,,
2026-08-12T14:30:09.558669+00:00,17784.841726620,depth_scale_10cm_outbound_retry_disarmed,0,"[0.0,0.0,0.0,0.0]",1,1,1,1,0.000000,470,13130750,1,0,0,1,0,1460973155,1,28080,2652,0,50,"[0.8495957851409912,-0.053721942007541656,-0.019268978387117386,-0.5243374109268188]","[-0.06561752408742905,0.052758146077394485,-0.02451208606362343]","[0.8703290224075317,-0.7080879807472229,9.725783348083496]",-1.10269618,-0.0245120861,15.9488773,156299,"[0.0,0.0,0.0,0.0]","[0.0,0.0,0.0,0.0,0.0,0.0,0.0,0.0]","[0.0,0.0,0.0,0.0,0.0,0.0,0.0,0.0]",255,1,1,0,,0,,,"[NaN,NaN,NaN]","[NaN,NaN,NaN,NaN]","[NaN,NaN,NaN,NaN,NaN,NaN]",,0,0,[],[],[],0,,,,,0,,0,,
2026-08-12T14:30:09.611251+00:00,17784.893435859,depth_scale_10cm_outbound_retry_disarmed,0,"[0.0,0.0,0.0,0.0]",1,1,1,1,0.000000,471,13130800,1,0,0,1,0,1460973155,2,65220,2653,0,52,"[0.849107563495636,-0.05426898971199989,-0.017305994406342506,-0.5251398682594299]","[-0.06132219731807709,0.05792413279414177,-0.024986030533909798]","[0.8032799959182739,-0.7369830012321472,9.755823135375977]",-1.10454857,-0.0249860305,15.9488773,156299,"[0.0,0.0,0.0,0.0]","[0.0,0.0,0.0,0.0,0.0,0.0,0.0,0.0]","[0.0,0.0,0.0,0.0,0.0,0.0,0.0,0.0]",127,1,1,0,,0,,,"[NaN,NaN,NaN]","[NaN,NaN,NaN,NaN]","[NaN,NaN,NaN,NaN,NaN,NaN]",0.000160,4,0,[],null,[],0,,,88.348329,,0,,0,,
2026-08-12T14:30:09.661221+00:00,17784.943412124,depth_scale_10cm_outbound_retry_disarmed,0,"[0.0,0.0,0.0,0.0]",1,1,1,1,0.000000,472,13130850,1,0,0,1,0,1460973155,3,34275,2654,0,50,"[0.8486087322235107,-0.05462197586894035,-0.01534799300134182,-0.5259698033332825]","[-0.05032892897725105,0.06197114288806915,-0.028254350647330284]","[0.7480700016021729,-0.7713000178337097,9.802070617675781]",-1.10648799,-0.0282543506,15.7914286,154756,"[0.0,0.0,0.0,0.0]","[0.0,0.0,0.0,0.0,0.0,0.0,0.0,0.0]","[0.0,0.0,0.0,0.0,0.0,0.0,0.0,0.0]",95,1,1,0,,0,,,"[NaN,NaN,NaN]","[NaN,NaN,NaN,NaN]","[NaN,NaN,NaN,NaN,NaN,NaN]",0.001525,6,0,[],null,[],0,,,92.612915,,0,,0,,
2026-08-12T14:30:09.711206+00:00,17784.993382864,depth_scale_10cm_outbound_retry_disarmed,0,"[0.0,0.0,0.0,0.0]",1,1,1,1,0.000000,473,13130900,1,0,0,1,0,1460973155,4,63481,2655,0,50,"[0.8480986952781677,-0.05471497401595116,-0.013459994457662106,-0.5268337726593018]","[-0.039952054619789124,0.06564731895923615,-0.028257910162210464]","[0.7170850038528442,-0.7737089991569519,9.792154312133789]",-1.10853112,-0.0282579102,15.7914286,154756,"[0.0,0.0,0.0,0.0]","[0.0,0.0,0.0,0.0,0.0,0.0,0.0,0.0]","[0.0,0.0,0.0,0.0,0.0,0.0,0.0,0.0]",95,1,1,0,,0,,,"[NaN,NaN,NaN]","[NaN,NaN,NaN,NaN]","[NaN,NaN,NaN,NaN,NaN,NaN]",0.001526,8,0,[],null,[],0,,,91.067298,,0,,0,,
2026-08-12T14:30:09.758581+00:00,17785.041674300,depth_scale_10cm_outbound_retry_disarmed,0,"[0.0,0.0,0.0,0.0]",1,1,1,1,0.000000,474,13130950,1,0,0,1,0,1460973155,5,25049,2656,0,48,"[0.8475821018218994,-0.05459195375442505,-0.01162899099290371,-0.5277206301689148]","[-0.033847276121377945,0.06745638698339462,-0.03008851781487465]","[0.6860269904136658,-0.7881090044975281,9.784812927246094]",-1.11064768,-0.0300885178,15.6199999,153076,"[0.0,0.0,0.0,0.0]","[0.0,0.0,0.0,0.0,0.0,0.0,0.0,0.0]","[0.0,0.0,0.0,0.0,0.0,0.0,0.0,0.0]",223,1,1,0,,0,,,"[NaN,NaN,NaN]","[NaN,NaN,NaN,NaN]","[NaN,NaN,NaN,NaN,NaN,NaN]",0.000843,9,0,[],null,[],0,,,90.291632,,0,,0,,
2026-08-12T14:30:09.810416+00:00,17785.092880032,depth_scale_10cm_outbound_retry_disarmed,0,"[0.0,0.0,0.0,0.0]",1,1,1,1,0.000000,475,13131000,1,0,0,1,0,1460973155,6,47292,2657,0,51,"[0.8470554947853088,-0.05432495102286339,-0.009886989369988441,-0.5286285281181335]","[-0.028979219496250153,0.06680876016616821,-0.029436461627483368]","[0.657293975353241,-0.807183027267456,9.787160873413086]",-1.11282814,-0.0294364616,15.6199999,153076,"[0.0,0.0,0.0,0.0]","[0.0,0.0,0.0,0.0,0.0,0.0,0.0,0.0]","[0.0,0.0,0.0,0.0,0.0,0.0,0.0,0.0]",255,1,1,0,,0,,,"[NaN,NaN,NaN]","[NaN,NaN,NaN,NaN]","[NaN,NaN,NaN,NaN,NaN,NaN]",0.001748,10,0,[],null,[],0,,,89.09301,,0,,0,,
2026-08-12T14:30:09.861272+00:00,17785.143428312,depth_scale_10cm_outbound_retry_disarmed,0,"[0.0,0.0,0.0,0.0]",1,1,1,1,0.000000,476,13131050,1,0,0,1,0,1460973155,7,62078,2658,0,51,"[0.8466395139694214,-0.054063983261585236,-0.008530997671186924,-0.5293448567390442]","[-0.02716226316988468,0.06491774320602417,-0.030003657564520836]","[0.6072490215301514,-0.7923740148544312,9.795964241027832]",-1.11455631,-0.0300036576,15.4227552,151143,"[0.0,0.0,0.0,0.0]","[0.0,0.0,0.0,0.0,0.0,0.0,0.0,0.0]","[0.0,0.0,0.0,0.0,0.0,0.0,0.0,0.0]",255,1,1,0,,0,,,"[NaN,NaN,NaN]","[NaN,NaN,NaN,NaN]","[NaN,NaN,NaN,NaN,NaN,NaN]",0.001531,12,0,[],null,[],0,,,89.091615,,0,,0,,
2026-08-12T14:30:09.908594+00:00,17785.191676539,depth_scale_10cm_outbound_retry_disarmed,0,"[0.0,0.0,0.0,0.0]",1,1,1,1,0.000000,477,13131100,1,0,0,1,0,1460973155,8,22248,2659,0,48,"[0.8459542989730835,-0.05363495647907257,-0.0064929937943816185,-0.5305114984512329]","[-0.022335274145007133,0.05740789696574211,-0.02922995202243328]","[0.6696580052375793,-0.8115869760513306,9.66023063659668]",-1.1173774,-0.029229952,15.4227552,151143,"[0.0,0.0,0.0,0.0]","[0.0,0.0,0.0,0.0,0.0,0.0,0.0,0.0]","[0.0,0.0,0.0,0.0,0.0,0.0,0.0,0.0]",255,1,1,0,,0,,,"[NaN,NaN,NaN]","[NaN,NaN,NaN,NaN]","[NaN,NaN,NaN,NaN,NaN,NaN]",0.000838,13,0,[],null,[],0,,,90.992089,,0,,0,,
2026-08-12T14:30:09.960284+00:00,17785.243351736,depth_scale_10cm_outbound_retry_disarmed,0,"[0.0,0.0,0.0,0.0]",1,1,1,1,0.000000,478,13131150,1,0,0,1,0,1460973155,9,17430,2660,0,51,"[0.8454158902168274,-0.053371962159872055,-0.005101996473968029,-0.5314106941223145]","[-0.022371822968125343,0.050507090985774994,-0.032165564596652985]","[0.6600319743156433,-0.8357800245285034,9.648482322692871]",-1.11955214,-0.0321655646,15.4227552,151143,"[0.0,0.0,0.0,0.0]","[0.0,0.0,0.0,0.0,0.0,0.0,0.0,0.0]","[0.0,0.0,0.0,0.0,0.0,0.0,0.0,0.0]",255,1,1,0,,0,,,"[NaN,NaN,NaN]","[NaN,NaN,NaN,NaN]","[NaN,NaN,NaN,NaN,NaN,NaN]",0.001445,15,0,[],null,[],0,,,89.41724,,0,,0,,
2026-08-12T14:30:10.009390+00:00,17785.292226702,depth_scale_10cm_outbound_retry_disarmed,0,"[0.0,0.0,0.0,0.0]",1,1,1,1,0.000000,479,13131200,1,0,0,1,0,1460973155,10,36080,2661,0,49,"[0.8448499441146851,-0.05315393581986427,-0.0038729957304894924,-0.5323423147201538]","[-0.021789895370602608,0.04548930004239082,-0.03390777111053467]","[0.6863790154457092,-0.8363779783248901,9.617609024047852]",-1.12180257,-0.0339077711,15.2028561,148988,"[0.0,0.0,0.0,0.0]","[0.0,0.0,0.0,0.0,0.0,0.0,0.0,0.0]","[0.0,0.0,0.0,0.0,0.0,0.0,0.0,0.0]",255,1,1,0,,0,,,"[NaN,NaN,NaN]","[NaN,NaN,NaN,NaN]","[NaN,NaN,NaN,NaN,NaN,NaN]",0.001151,16,0,[],null,[],0,,,93.149635,,0,,0,,
2026-08-12T14:30:10.061036+00:00,17785.343296728,depth_scale_10cm_outbound_retry_disarmed,0,"[0.0,0.0,0.0,0.0]",1,1,1,1,0.000000,480,13131250,1,0,0,1,0,1460973155,11,46232,2662,0,52,"[0.8442760109901428,-0.053028929978609085,-0.0027759955264627934,-0.5332713723182678]","[-0.02183469757437706,0.03800321742892265,-0.033775072544813156]","[0.6767449975013733,-0.8457719683647156,9.629630088806152]",-1.12404406,-0.0337750725,15.2028561,148988,"[0.0,0.0,0.0,0.0]","[0.0,0.0,0.0,0.0,0.0,0.0,0.0,0.0]","[0.0,0.0,0.0,0.0,0.0,0.0,0.0,0.0]",255,1,1,0,,0,,,"[NaN,NaN,NaN]","[NaN,NaN,NaN,NaN]","[NaN,NaN,NaN,NaN,NaN,NaN]",0.001385,18,0,[],null,[],0,,,91.982989,,0,,0,,
2026-08-12T14:30:10.109506+00:00,17785.392271946,depth_scale_10cm_outbound_retry_disarmed,0,"[0.0,0.0,0.0,0.0]",1,1,1,1,0.000000,481,13131300,1,0,0,1,0,1460973155,12,42760,2663,0,48,"[0.8437005281448364,-0.053029946982860565,-0.0017879973165690899,-0.5341854691505432]","[-0.027366815134882927,0.029944108799099922,-0.0324416384100914]","[0.6624379754066467,-0.8531050086021423,9.617578506469727]",-1.12624633,-0.0324416384,14.9846935,146850,"[0.0,0.0,0.0,0.0]","[0.0,0.0,0.0,0.0,0.0,0.0,0.0,0.0]","[0.0,0.0,0.0,0.0,0.0,0.0,0.0,0.0]",255,1,1,0,,0,,,"[NaN,NaN,NaN]","[NaN,NaN,NaN,NaN]","[NaN,NaN,NaN,NaN,NaN,NaN]",0.001255,19,0,[],null,[],0,,,90.501875,,0,,0,,
2026-08-12T14:30:10.160354+00:00,17785.442814353,depth_scale_10cm_outbound_retry_disarmed,0,"[0.0,0.0,0.0,0.0]",1,1,1,1,0.000000,482,13131350,1,0,0,1,0,1460973155,13,2397,2664,0,51,"[0.8431177735328674,-0.05328497290611267,-0.0008570001227781177,-0.5350817441940308]","[-0.031045671552419662,0.025585411116480827,-0.0336093008518219]","[0.6433060169219971,-0.8577179908752441,9.624625205993652]",-1.12840033,-0.0336093009,14.9846935,146850,"[0.0,0.0,0.0,0.0]","[0.0,0.0,0.0,0.0,0.0,0.0,0.0,0.0]","[0.0,0.0,0.0,0.0,0.0,0.0,0.0,0.0]",254,1,1,0,,0,,,"[NaN,NaN,NaN]","[NaN,NaN,NaN,NaN]","[NaN,NaN,NaN,NaN,NaN,NaN]",0.001160,21,0,[],null,[],0,,,91.355847,,0,,0,,
2026-08-12T14:30:10.209484+00:00,17785.492223195,depth_scale_10cm_outbound_retry_disarmed,0,"[0.0,0.0,0.0,0.0]",1,1,1,1,0.000000,483,13131400,1,0,0,1,0,1460973155,14,17477,2665,0,49,"[0.842542290687561,-0.05371095612645149,1.6000269170035608e-05,-0.5359455347061157]","[-0.03961382806301117,0.0194329135119915,-0.031104614958167076]","[0.6479910016059875,-0.8819770216941833,9.613040924072266]",-1.13047397,-0.031104615,14.7643881,144691,"[0.0,0.0,0.0,0.0]","[0.0,0.0,0.0,0.0,0.0,0.0,0.0,0.0]","[0.0,0.0,0.0,0.0,0.0,0.0,0.0,0.0]",254,1,1,0,,0,,,"[NaN,NaN,NaN]","[NaN,NaN,NaN,NaN]","[NaN,NaN,NaN,NaN,NaN,NaN]",0.000843,23,0,[],null,[],0,,,92.159333,,0,,0,,
2026-08-12T14:30:10.261442+00:00,17785.543575571,depth_scale_10cm_outbound_retry_disarmed,0,"[0.0,0.0,0.0,0.0]",1,1,1,1,0.000000,484,13131450,1,0,0,1,0,1460973155,15,63955,2666,0,52,"[0.8419726490974426,-0.054305944591760635,0.0009219992789439857,-0.5367794036865234]","[-0.045292291790246964,0.02116403728723526,-0.02872276119887829]","[0.6168529987335205,-0.8919280171394348,9.634417533874512]",-1.13247728,-0.0287227612,14.7643881,144691,"[0.0,0.0,0.0,0.0]","[0.0,0.0,0.0,0.0,0.0,0.0,0.0,0.0]","[0.0,0.0,0.0,0.0,0.0,0.0,0.0,0.0]",254,1,1,0,,0,,,"[NaN,NaN,NaN]","[NaN,NaN,NaN,NaN]","[NaN,NaN,NaN,NaN,NaN,NaN]",0.002299,24,0,[],null,[],0,,,92.777853,,0,,0,,
2026-08-12T14:30:10.311226+00:00,17785.593408557,depth_scale_10cm_outbound_retry_disarmed,0,"[0.0,0.0,0.0,0.0]",1,1,1,1,0.000000,485,13131500,1,0,0,1,0,1460973155,16,29871,2667,0,50,"[0.8414130806922913,-0.05499297007918358,0.0019129982683807611,-0.5375837087631226]","[-0.04813719540834427,0.020766504108905792,-0.028732622042298317]","[0.5975459814071655,-0.9195730090141296,9.6561918258667]",-1.13441658,-0.028732622,14.5445919,142537,"[0.0,0.0,0.0,0.0]","[0.0,0.0,0.0,0.0,0.0,0.0,0.0,0.0]","[0.0,0.0,0.0,0.0,0.0,0.0,0.0,0.0]",254,1,1,0,,0,,,"[NaN,NaN,NaN]","[NaN,NaN,NaN,NaN]","[NaN,NaN,NaN,NaN,NaN,NaN]",0.001183,26,0,[],null,[],0,,,92.66807,,0,,0,,
2026-08-12T14:30:10.361202+00:00,17785.643410473,depth_scale_10cm_outbound_retry_disarmed,0,"[0.0,0.0,0.0,0.0]",1,1,1,1,0.000000,486,13131550,1,0,0,1,0,1460973155,17,45123,2668,0,50,"[0.840874433517456,-0.055706944316625595,0.0029759968165308237,-0.5383474826812744]","[-0.049342237412929535,0.0232851542532444,-0.027561333030462265]","[0.5783500075340271,-0.9460539817810059,9.649165153503418]",-1.13626766,-0.027561333,14.5445919,142537,"[0.0,0.0,0.0,0.0]","[0.0,0.0,0.0,0.0,0.0,0.0,0.0,0.0]","[0.0,0.0,0.0,0.0,0.0,0.0,0.0,0.0]",255,1,1,0,,0,,,"[NaN,NaN,NaN]","[NaN,NaN,NaN,NaN]","[NaN,NaN,NaN,NaN,NaN,NaN]",0.002252,27,0,[],null,[],0,,,93.166006,,0,,0,,
2026-08-12T14:30:10.411103+00:00,17785.693413601,depth_scale_10cm_outbound_retry_disarmed,0,"[0.0,0.0,0.0,0.0]",1,1,1,1,0.000000,487,13131600,1,0,0,1,0,1460973155,18,53214,2669,0,50,"[0.8403434753417969,-0.05627398192882538,0.0040819994173944,-0.5391098260879517]","[-0.04321585223078728,0.029499661177396774,-0.026412084698677063]","[0.5782480239868164,-0.9652969837188721,9.649445533752441]",-1.13812721,-0.0264120847,14.3234692,140370,"[0.0,0.0,0.0,0.0]","[0.0,0.0,0.0,0.0,0.0,0.0,0.0,0.0]","[0.0,0.0,0.0,0.0,0.0,0.0,0.0,0.0]",255,1,1,0,,0,,,"[NaN,NaN,NaN]","[NaN,NaN,NaN,NaN]","[NaN,NaN,NaN,NaN,NaN,NaN]",0.000090,29,0,[],null,[],0,,,93.909845,,0,,0,,
2026-08-12T14:30:10.460194+00:00,17785.742889273,depth_scale_10cm_outbound_retry_disarmed,0,"[0.0,0.0,0.0,0.0]",1,1,1,1,0.000000,488,13131650,1,0,0,1,0,1460973155,19,56320,2670,0,49,"[0.839827835559845,-0.056577932089567184,0.005204992834478617,-0.539871335029602]","[-0.03221314027905464,0.03565184026956558,-0.02767910808324814]","[0.5590689778327942,-0.9869310259819031,9.644746780395508]",-1.13999808,-0.0276791081,14.3234692,140370,"[0.0,0.0,0.0,0.0]","[0.0,0.0,0.0,0.0,0.0,0.0,0.0,0.0]","[0.0,0.0,0.0,0.0,0.0,0.0,0.0,0.0]",255,1,1,0,,0,,,"[NaN,NaN,NaN]","[NaN,NaN,NaN,NaN]","[NaN,NaN,NaN,NaN,NaN,NaN]",0.001660,30,0,[],null,[],0,,,93.151419,,0,,0,,
2026-08-12T14:30:10.509827+00:00,17785.792921930,depth_scale_10cm_outbound_retry_disarmed,0,"[0.0,0.0,0.0,0.0]",1,1,1,1,0.000000,489,13131700,1,0,0,1,0,1460973155,20,5569,2671,0,50,"[0.8393253684043884,-0.05661095306277275,0.006347994785755873,-0.5406365990638733]","[-0.023031925782561302,0.04373360425233841,-0.025321654975414276]","[0.5375270247459412,-1.001263976097107,9.644709587097168]",-1.14189124,-0.025321655,14.1193876,138370,"[0.0,0.0,0.0,0.0]","[0.0,0.0,0.0,0.0,0.0,0.0,0.0,0.0]","[0.0,0.0,0.0,0.0,0.0,0.0,0.0,0.0]",255,1,1,0,,0,,,"[NaN,NaN,NaN]","[NaN,NaN,NaN,NaN]","[NaN,NaN,NaN,NaN,NaN,NaN]",0.001860,31,0,[],null,[],0,,,91.096485,,0,,0,,
2026-08-12T14:30:10.559916+00:00,17785.842500902,depth_scale_10cm_outbound_retry_disarmed,0,"[0.0,0.0,0.0,0.0]",1,1,1,1,0.000000,490,13131750,1,0,0,1,0,1460973155,21,51166,2672,0,50,"[0.838851273059845,-0.056351952254772186,0.007469994015991688,-0.5413845777511597]","[-0.014688394032418728,0.047230374068021774,-0.024110937491059303]","[0.48735201358795166,-0.9965599775314331,9.67444896697998]",-1.14375353,-0.0241109375,14.1193876,138370,"[0.0,0.0,0.0,0.0]","[0.0,0.0,0.0,0.0,0.0,0.0,0.0,0.0]","[0.0,0.0,0.0,0.0,0.0,0.0,0.0,0.0]",255,1,1,0,,0,,,"[NaN,NaN,NaN]","[NaN,NaN,NaN,NaN]","[NaN,NaN,NaN,NaN,NaN,NaN]",0.001012,33,0,[],null,[],0,,,90.423486,,0,,0,,
2026-08-12T14:30:10.611136+00:00,17785.893451334,depth_scale_10cm_outbound_retry_disarmed,0,"[0.0,0.0,0.0,0.0]",1,1,1,1,0.000000,491,13131800,1,0,0,1,0,1460973155,22,41776,2673,0,51,"[0.8384029865264893,-0.055868960916996,0.00854499638080597,-0.5421126484870911]","[-0.006545403506606817,0.05114434286952019,-0.022908827289938927]","[0.44905099272727966,-0.9974259734153748,9.710803985595703]",-1.14557433,-0.0229088273,13.9185715,136402,"[0.0,0.0,0.0,0.0]","[0.0,0.0,0.0,0.0,0.0,0.0,0.0,0.0]","[0.0,0.0,0.0,0.0,0.0,0.0,0.0,0.0]",255,1,1,0,,0,,,"[NaN,NaN,NaN]","[NaN,NaN,NaN,NaN]","[NaN,NaN,NaN,NaN,NaN,NaN]",0.002194,34,0,[],null,[],0,,,92.505503,,0,,0,,
2026-08-12T14:30:10.659756+00:00,17785.942391103,depth_scale_10cm_outbound_retry_disarmed,0,"[0.0,0.0,0.0,0.0]",1,1,1,1,0.000000,492,13131850,1,0,0,1,0,1460973155,23,2528,2674,0,49,"[0.8379921317100525,-0.055319953709840775,0.009566991589963436,-0.5427865982055664]","[-0.002920651575550437,0.04678470268845558,-0.02036343701183796]","[0.4274959862232208,-1.0043230056762695,9.72504997253418]",-1.14726675,-0.020363437,13.9185715,136402,"[0.0,0.0,0.0,0.0]","[0.0,0.0,0.0,0.0,0.0,0.0,0.0,0.0]","[0.0,0.0,0.0,0.0,0.0,0.0,0.0,0.0]",255,1,1,0,,0,,,"[NaN,NaN,NaN]","[NaN,NaN,NaN,NaN]","[NaN,NaN,NaN,NaN,NaN,NaN]",0.001010,36,0,[],null,[],0,,,91.825251,,0,,0,,
2026-08-12T14:30:10.711419+00:00,17785.993569059,depth_scale_10cm_outbound_retry_disarmed,0,"[0.0,0.0,0.0,0.0]",1,1,1,1,0.000000,493,13131900,1,0,0,1,0,1460973155,24,17873,2675,0,51,"[0.8376076817512512,-0.05472293123602867,0.010373988188803196,-0.5434253811836243]","[0.002521966118365526,0.040526315569877625,-0.018996721133589745]","[0.4179590046405792,-1.0067579746246338,9.720179557800293]",-1.14886248,-0.0189967211,13.7348976,134602,"[0.0,0.0,0.0,0.0]","[0.0,0.0,0.0,0.0,0.0,0.0,0.0,0.0]","[0.0,0.0,0.0,0.0,0.0,0.0,0.0,0.0]",255,1,1,0,,0,,,"[NaN,NaN,NaN]","[NaN,NaN,NaN,NaN]","[NaN,NaN,NaN,NaN,NaN,NaN]",0.000099,38,0,[],null,[],0,,,89.470794,,0,,0,,
2026-08-12T14:30:10.760952+00:00,17786.043126135,depth_scale_10cm_outbound_retry_disarmed,0,"[0.0,0.0,0.0,0.0]",1,1,1,1,0.000000,494,13131950,1,0,0,1,0,1460973155,25,4992,2676,0,50,"[0.8372457027435303,-0.054151978343725204,0.01095199678093195,-0.5440287590026855]","[0.005494645331054926,0.028669092804193497,-0.01754523627460003]","[0.4132100045681,-0.9994469881057739,9.724814414978027]",-1.15035677,-0.0175452363,13.7348976,134602,"[0.0,0.0,0.0,0.0]","[0.0,0.0,0.0,0.0,0.0,0.0,0.0,0.0]","[0.0,0.0,0.0,0.0,0.0,0.0,0.0,0.0]",255,1,1,0,,0,,,"[NaN,NaN,NaN]","[NaN,NaN,NaN,NaN]","[NaN,NaN,NaN,NaN,NaN,NaN]",0.001902,39,0,[],null,[],0,,,88.788149,,0,,0,,
2026-08-12T14:30:10.811144+00:00,17786.093334283,depth_scale_10cm_outbound_retry_disarmed,0,"[0.0,0.0,0.0,0.0]",1,1,1,1,0.000000,495,13132000,1,0,0,1,0,1460973155,26,41500,2677,0,50,"[0.8369086980819702,-0.05371693894267082,0.011235987767577171,-0.5445843935012817]","[0.006027250085026026,0.016203777864575386,-0.01609746739268303]","[0.40607598423957825,-0.9921240210533142,9.729421615600586]",-1.1517123,-0.0160974674,13.7348976,134602,"[0.0,0.0,0.0,0.0]","[0.0,0.0,0.0,0.0,0.0,0.0,0.0,0.0]","[0.0,0.0,0.0,0.0,0.0,0.0,0.0,0.0]",255,1,1,0,,0,,,"[NaN,NaN,NaN]","[NaN,NaN,NaN,NaN]","[NaN,NaN,NaN,NaN,NaN,NaN]",0.001515,41,0,[],null,[],0,,,87.427878,,0,,0,,
2026-08-12T14:30:10.860947+00:00,17786.143269915,depth_scale_10cm_outbound_retry_disarmed,0,"[0.0,0.0,0.0,0.0]",1,1,1,1,0.000000,496,13132050,1,0,0,1,0,1460973155,27,55899,2678,0,50,"[0.836596667766571,-0.05340298265218735,0.011216995306313038,-0.5450948476791382]","[0.008987503126263618,0.0022670954931527376,-0.014609121717512608]","[0.38527700304985046,-0.9898390173912048,9.767531394958496]",-1.15293419,-0.0146091217,13.5845919,133129,"[0.0,0.0,0.0,0.0]","[0.0,0.0,0.0,0.0,0.0,0.0,0.0,0.0]","[0.0,0.0,0.0,0.0,0.0,0.0,0.0,0.0]",255,1,1,0,,0,,,"[NaN,NaN,NaN]","[NaN,NaN,NaN,NaN]","[NaN,NaN,NaN,NaN,NaN,NaN]",0.002113,42,0,[],null,[],0,,,88.660891,,0,,0,,
2026-08-12T14:30:10.910191+00:00,17786.192979849,depth_scale_10cm_outbound_retry_disarmed,0,"[0.0,0.0,0.0,0.0]",1,1,1,1,0.000000,497,13132100,1,0,0,1,0,1460973155,28,56043,2679,0,49,"[0.8363245129585266,-0.053300950676202774,0.010958991013467312,-0.545527458190918]","[0.005272796843200922,-0.006812683772295713,-0.01080037746578455]","[0.3605160117149353,-0.9933310151100159,9.793684959411621]",-1.15394807,-0.0108003775,13.5845919,133129,"[0.0,0.0,0.0,0.0]","[0.0,0.0,0.0,0.0,0.0,0.0,0.0,0.0]","[0.0,0.0,0.0,0.0,0.0,0.0,0.0,0.0]",247,1,1,0,,0,,,"[NaN,NaN,NaN]","[NaN,NaN,NaN,NaN]","[NaN,NaN,NaN,NaN,NaN,NaN]",0.001843,43,0,[],null,[],0,,,89.683271,,0,,0,,
2026-08-12T14:30:10.960306+00:00,17786.243333868,depth_scale_10cm_outbound_retry_disarmed,0,"[0.0,0.0,0.0,0.0]",1,1,1,1,0.000000,498,13132150,1,0,0,1,0,1460973155,29,14033,2680,0,50,"[0.8360715508460999,-0.053306944668293,0.010502990335226059,-0.5459234714508057]","[0.008874126709997654,-0.015562333166599274,-0.010011942125856876]","[0.3700529932975769,-1.000736951828003,9.784308433532715]",-1.15485811,-0.0100119421,13.4355097,131668,"[0.0,0.0,0.0,0.0]","[0.0,0.0,0.0,0.0,0.0,0.0,0.0,0.0]","[0.0,0.0,0.0,0.0,0.0,0.0,0.0,0.0]",247,1,1,0,,0,,,"[NaN,NaN,NaN]","[NaN,NaN,NaN,NaN]","[NaN,NaN,NaN,NaN,NaN,NaN]",0.001552,45,0,[],null,[],0,,,87.929842,,0,,0,,
2026-08-12T14:30:11.011143+00:00,17786.293344517,depth_scale_10cm_outbound_retry_disarmed,0,"[0.0,0.0,0.0,0.0]",1,1,1,1,0.000000,499,13132200,1,0,0,1,0,1460973155,30,243,2681,0,51,"[0.8358525633811951,-0.05335598438978195,0.009923998266458511,-0.5462648868560791]","[0.010080201551318169,-0.017434006556868553,-0.009359939023852348]","[0.38680800795555115,-0.9863089919090271,9.789084434509277]",-1.1556288,-0.00935993902,13.4355097,131668,"[0.0,0.0,0.0,0.0]","[0.0,0.0,0.0,0.0,0.0,0.0,0.0,0.0]","[0.0,0.0,0.0,0.0,0.0,0.0,0.0,0.0]",247,1,1,0,,0,,,"[NaN,NaN,NaN]","[NaN,NaN,NaN,NaN]","[NaN,NaN,NaN,NaN,NaN,NaN]",0.002224,46,0,[],null,[],0,,,89.468252,,0,,0,,
2026-08-12T14:30:11.059756+00:00,17786.342392339,depth_scale_10cm_outbound_retry_disarmed,0,"[0.0,0.0,0.0,0.0]",1,1,1,1,0.000000,500,13132250,1,0,0,1,0,1460973155,31,61065,2682,0,49,"[0.8356561660766602,-0.05335696414113045,0.009326993487775326,-0.5465756058692932]","[0.010085979476571083,-0.015516221523284912,-0.005724400747567415]","[0.3963269889354706,-0.9887210130691528,9.791629791259766]",-1.15632701,-0.00572440075,13.3177547,130514,"[0.0,0.0,0.0,0.0]","[0.0,0.0,0.0,0.0,0.0,0.0,0.0,0.0]","[0.0,0.0,0.0,0.0,0.0,0.0,0.0,0.0]",247,1,1,0,,0,,,"[NaN,NaN,NaN]","[NaN,NaN,NaN,NaN]","[NaN,NaN,NaN,NaN,NaN,NaN]",0.001012,48,0,[],null,[],0,,,85.778758,,0,,0,,
2026-08-12T14:30:11.111157+00:00,17786.393340914,depth_scale_10cm_outbound_retry_disarmed,0,"[0.0,0.0,0.0,0.0]",1,1,1,1,0.000000,501,13132300,1,0,0,1,0,1460973155,32,51461,2683,0,51,"[0.8354979753494263,-0.05328496918082237,0.008829995058476925,-0.5468326807022095]","[0.01133907213807106,-0.009265116415917873,-0.00419704569503665]","[0.38048699498176575,-0.9782490134239197,9.789692878723145]",-1.1569072,-0.0041970457,13.3177547,130514,"[0.0,0.0,0.0,0.0]","[0.0,0.0,0.0,0.0,0.0,0.0,0.0,0.0]","[0.0,0.0,0.0,0.0,0.0,0.0,0.0,0.0]",255,1,1,0,,0,,,"[NaN,NaN,NaN]","[NaN,NaN,NaN,NaN]","[NaN,NaN,NaN,NaN,NaN,NaN]",0.000844,50,0,[],null,[],0,,,84.507794,,0,,0,,
2026-08-12T14:30:11.161193+00:00,17786.443380989,depth_scale_10cm_outbound_retry_disarmed,0,"[0.0,0.0,0.0,0.0]",1,1,1,1,0.000000,502,13132350,1,0,0,1,0,1460973155,33,4505,2684,0,50,"[0.8353720307350159,-0.05309596657752991,0.008494996465742588,-0.5470486879348755]","[0.013218408450484276,0.00011409218132030219,-0.0017022197134792805]","[0.35100600123405457,-0.9761930108070374,9.810115814208984]",-1.15740383,-0.00170221971,13.2163258,129520,"[0.0,0.0,0.0,0.0]","[0.0,0.0,0.0,0.0,0.0,0.0,0.0,0.0]","[0.0,0.0,0.0,0.0,0.0,0.0,0.0,0.0]",255,1,1,0,,0,,,"[NaN,NaN,NaN]","[NaN,NaN,NaN,NaN]","[NaN,NaN,NaN,NaN,NaN,NaN]",0.002236,51,0,[],null,[],0,,,84.978197,,0,,0,,
2026-08-12T14:30:11.211234+00:00,17786.493388144,depth_scale_10cm_outbound_retry_disarmed,0,"[0.0,0.0,0.0,0.0]",1,1,1,1,0.000000,503,13132400,1,0,0,1,0,1460973155,34,7342,2685,0,50,"[0.8352831602096558,-0.05271296203136444,0.008354992605745792,-0.5472235679626465]","[0.016326526179909706,0.011362110264599323,0.0011744321091100574]","[0.3439050018787384,-0.9591749906539917,9.819379806518555]",-1.15782011,0.00117443211,13.2163258,129520,"[0.0,0.0,0.0,0.0]","[0.0,0.0,0.0,0.0,0.0,0.0,0.0,0.0]","[0.0,0.0,0.0,0.0,0.0,0.0,0.0,0.0]",255,1,1,0,,0,,,"[NaN,NaN,NaN]","[NaN,NaN,NaN,NaN]","[NaN,NaN,NaN,NaN,NaN,NaN]",0.001517,53,0,[],null,[],0,,,82.459067,,0,,0,,
2026-08-12T14:30:11.261297+00:00,17786.543465979,depth_scale_10cm_outbound_retry_disarmed,0,"[0.0,0.0,0.0,0.0]",1,1,1,1,0.000000,504,13132450,1,0,0,1,0,1460973155,35,55362,2686,0,50,"[0.8352461457252502,-0.05216096714138985,0.00844099372625351,-0.5473316311836243]","[0.013946421444416046,0.0220448337495327,0.005863276310265064]","[0.3273110091686249,-0.9447759985923767,9.811779975891113]",-1.15809572,0.00586327631,13.134285,128716,"[0.0,0.0,0.0,0.0]","[0.0,0.0,0.0,0.0,0.0,0.0,0.0,0.0]","[0.0,0.0,0.0,0.0,0.0,0.0,0.0,0.0]",255,1,1,0,,0,,,"[NaN,NaN,NaN]","[NaN,NaN,NaN,NaN]","[NaN,NaN,NaN,NaN,NaN,NaN]",0.002267,54,0,[],null,[],0,,,87.021344,,0,,0,,
2026-08-12T14:30:11.309825+00:00,17786.592674112,depth_scale_10cm_outbound_retry_disarmed,0,"[0.0,0.0,0.0,0.0]",1,1,1,1,0.000000,505,13132500,1,0,0,1,0,1460973155,36,17471,2687,0,49,"[0.8352640271186829,-0.05150696635246277,0.008792994543910027,-0.5473607182502747]","[0.0103369215503335,0.030863897874951363,0.010577917098999023]","[0.3106279969215393,-0.9373729825019836,9.81867504119873]",-1.15820277,0.0105779171,13.134285,128716,"[0.0,0.0,0.0,0.0]","[0.0,0.0,0.0,0.0,0.0,0.0,0.0,0.0]","[0.0,0.0,0.0,0.0,0.0,0.0,0.0,0.0]",255,1,1,0,,0,,,"[NaN,NaN,NaN]","[NaN,NaN,NaN,NaN]","[NaN,NaN,NaN,NaN,NaN,NaN]",0.001502,55,0,[],null,[],0,,,86.91121,,0,,0,,
2026-08-12T14:30:11.359969+00:00,17786.643148773,depth_scale_10cm_outbound_retry_disarmed,0,"[0.0,0.0,0.0,0.0]",1,1,1,1,0.000000,506,13132550,1,0,0,1,0,1460973155,37,50076,2688,0,50,"[0.8353312015533447,-0.050831932574510574,0.009283986873924732,-0.5473132133483887]","[0.005451344419270754,0.029693951830267906,0.014239217154681683]","[0.28205299377441406,-0.9202209711074829,9.83008861541748]",-1.15813661,0.0142392172,13.0544891,127934,"[0.0,0.0,0.0,0.0]","[0.0,0.0,0.0,0.0,0.0,0.0,0.0,0.0]","[0.0,0.0,0.0,0.0,0.0,0.0,0.0,0.0]",255,1,1,0,,0,,,"[NaN,NaN,NaN]","[NaN,NaN,NaN,NaN]","[NaN,NaN,NaN,NaN,NaN,NaN]",0.001353,57,0,[],null,[],0,,,90.328399,,0,,0,,
2026-08-12T14:30:11.411185+00:00,17786.693373616,depth_scale_10cm_outbound_retry_disarmed,0,"[0.0,0.0,0.0,0.0]",1,1,1,1,0.000000,507,13132600,1,0,0,1,0,1460973155,38,746,2689,0,51,"[0.8354207277297974,-0.05032597854733467,0.009829995222389698,-0.5472137331962585]","[-0.0022866607178002596,0.026442332193255424,0.01628957688808441]","[0.2965239882469177,-0.9103149771690369,9.800524711608887]",-1.15794706,0.0162895769,13.0544891,127934,"[0.0,0.0,0.0,0.0]","[0.0,0.0,0.0,0.0,0.0,0.0,0.0,0.0]","[0.0,0.0,0.0,0.0,0.0,0.0,0.0,0.0]",255,1,1,0,,0,,,"[NaN,NaN,NaN]","[NaN,NaN,NaN,NaN]","[NaN,NaN,NaN,NaN,NaN,NaN]",0.000508,59,0,[],null,[],0,,,89.441347,,0,,0,,
2026-08-12T14:30:11.461157+00:00,17786.743342594,depth_scale_10cm_outbound_retry_disarmed,0,"[0.0,0.0,0.0,0.0]",1,1,1,1,0.000000,508,13132650,1,0,0,1,0,1460973155,39,20539,2690,0,50,"[0.8355398178100586,-0.05009398236870766,0.01039599534124136,-0.5470427870750427]","[-0.012277308851480484,0.01987282559275627,0.017977746203541756]","[0.28224000334739685,-0.9062650203704834,9.798702239990234]",-1.15758371,0.0179777462,12.9860201,127263,"[0.0,0.0,0.0,0.0]","[0.0,0.0,0.0,0.0,0.0,0.0,0.0,0.0]","[0.0,0.0,0.0,0.0,0.0,0.0,0.0,0.0]",255,1,1,0,,0,,,"[NaN,NaN,NaN]","[NaN,NaN,NaN,NaN]","[NaN,NaN,NaN,NaN,NaN,NaN]",0.002206,60,0,[],null,[],0,,,90.319915,,0,,0,,
2026-08-12T14:30:11.511130+00:00,17786.793320956,depth_scale_10cm_outbound_retry_disarmed,0,"[0.0,0.0,0.0,0.0]",1,1,1,1,0.000000,509,13132700,1,0,0,1,0,1460973155,40,2889,2691,0,50,"[0.8356775641441345,-0.05015098303556442,0.01092399563640356,-0.5468168258666992]","[-0.019634779542684555,0.012464792467653751,0.020511947572231293]","[0.2870059907436371,-0.9087290167808533,9.796392440795898]",-1.15708184,0.0205119476,12.9860201,127263,"[0.0,0.0,0.0,0.0]","[0.0,0.0,0.0,0.0,0.0,0.0,0.0,0.0]","[0.0,0.0,0.0,0.0,0.0,0.0,0.0,0.0]",255,1,1,0,,0,,,"[NaN,NaN,NaN]","[NaN,NaN,NaN,NaN]","[NaN,NaN,NaN,NaN,NaN,NaN]",0.002196,61,0,[],null,[],0,,,89.661474,,0,,0,,
2026-08-12T14:30:11.560483+00:00,17786.842860659,depth_scale_10cm_outbound_retry_disarmed,0,"[0.0,0.0,0.0,0.0]",1,1,1,1,0.000000,510,13132750,1,0,0,1,0,1460973155,41,40297,2692,0,49,"[0.835811197757721,-0.05042996257543564,0.01137699093669653,-0.5465775728225708]","[-0.020894138142466545,0.004955723416060209,0.018191443756222725]","[0.2845099866390228,-0.9279239773750305,9.79904556274414]",-1.15653968,0.0181914438,12.9860201,127263,"[0.0,0.0,0.0,0.0]","[0.0,0.0,0.0,0.0,0.0,0.0,0.0,0.0]","[0.0,0.0,0.0,0.0,0.0,0.0,0.0,0.0]",255,1,1,0,,0,,,"[NaN,NaN,NaN]","[NaN,NaN,NaN,NaN]","[NaN,NaN,NaN,NaN,NaN,NaN]",0.001242,63,0,[],null,[],0,,,85.817464,,0,,0,,
2026-08-12T14:30:11.611191+00:00,17786.893379668,depth_scale_10cm_outbound_retry_disarmed,0,"[0.0,0.0,0.0,0.0]",1,1,1,1,0.000000,511,13132800,1,0,0,1,0,1460973155,42,53585,2693,0,51,"[0.835926353931427,-0.05079095810651779,0.011636991053819656,-0.546362578868866]","[-0.017882417887449265,-0.001333169755525887,0.015874695032835007]","[0.29400399327278137,-0.9400680065155029,9.794535636901855]",-1.15604007,0.015874695,12.9375505,126788,"[0.0,0.0,0.0,0.0]","[0.0,0.0,0.0,0.0,0.0,0.0,0.0,0.0]","[0.0,0.0,0.0,0.0,0.0,0.0,0.0,0.0]",255,1,1,0,,0,,,"[NaN,NaN,NaN]","[NaN,NaN,NaN,NaN]","[NaN,NaN,NaN,NaN,NaN,NaN]",0.002251,64,0,[],null,[],0,,,90.540332,,0,,0,,
2026-08-12T14:30:11.661075+00:00,17786.943302966,depth_scale_10cm_outbound_retry_disarmed,0,"[0.0,0.0,0.0,0.0]",1,1,1,1,0.000000,512,13132850,1,0,0,1,0,1460973155,43,56806,2694,0,50,"[0.8360127806663513,-0.051169972866773605,0.011690996587276459,-0.5461937189102173]","[-0.014265344478189945,-0.008249875158071518,0.01357269287109375]","[0.2962999939918518,-0.9569169878959656,9.794809341430664]",-1.1556344,0.0135726929,12.9375505,126788,"[0.0,0.0,0.0,0.0]","[0.0,0.0,0.0,0.0,0.0,0.0,0.0,0.0]","[0.0,0.0,0.0,0.0,0.0,0.0,0.0,0.0]",255,1,1,0,,0,,,"[NaN,NaN,NaN]","[NaN,NaN,NaN,NaN]","[NaN,NaN,NaN,NaN,NaN,NaN]",0.001530,66,0,[],null,[],0,,,90.519963,,0,,0,,
2026-08-12T14:30:11.711189+00:00,17786.993361872,depth_scale_10cm_outbound_retry_disarmed,0,"[0.0,0.0,0.0,0.0]",1,1,1,1,0.000000,513,13132900,1,0,0,1,0,1460973155,44,45052,2695,0,50,"[0.8360598087310791,-0.05148697271943092,0.011559993028640747,-0.5460947155952454]","[-0.00657036155462265,-0.012717986479401588,0.009620534256100655]","[0.32830899953842163,-0.949753999710083,9.74869441986084]",-1.15538239,0.00962053426,12.905612,126475,"[0.0,0.0,0.0,0.0]","[0.0,0.0,0.0,0.0,0.0,0.0,0.0,0.0]","[0.0,0.0,0.0,0.0,0.0,0.0,0.0,0.0]",255,1,1,0,,0,,,"[NaN,NaN,NaN]","[NaN,NaN,NaN,NaN]","[NaN,NaN,NaN,NaN,NaN,NaN]",0.002201,67,0,[],null,[],0,,,89.715597,,0,,0,,
2026-08-12T14:30:11.760168+00:00,17787.043304267,depth_scale_10cm_outbound_retry_disarmed,0,"[0.0,0.0,0.0,0.0]",1,1,1,1,0.000000,514,13132950,1,0,0,1,0,1460973155,45,27408,2696,0,49,"[0.8360623717308044,-0.05174199119210243,0.011264999397099018,-0.5460729002952576]","[-0.0008956505917012691,-0.01529119536280632,0.006438153330236673]","[0.34906598925590515,-0.9559630155563354,9.716240882873535]",-1.15530276,0.00643815333,12.905612,126475,"[0.0,0.0,0.0,0.0]","[0.0,0.0,0.0,0.0,0.0,0.0,0.0,0.0]","[0.0,0.0,0.0,0.0,0.0,0.0,0.0,0.0]",255,1,1,0,,0,,,"[NaN,NaN,NaN]","[NaN,NaN,NaN,NaN]","[NaN,NaN,NaN,NaN,NaN,NaN]",0.001508,69,0,[],null,[],0,,,87.525087,,0,,0,,
2026-08-12T14:30:11.811094+00:00,17787.093334820,depth_scale_10cm_outbound_retry_disarmed,0,"[0.0,0.0,0.0,0.0]",1,1,1,1,0.000000,515,13133000,1,0,0,1,0,1460973155,46,41686,2697,0,51,"[0.8360381126403809,-0.051879990845918655,0.010865000076591969,-0.5461049675941467]","[0.0052025471813976765,-0.014737525954842567,0.0040182191878557205]","[0.3347640037536621,-0.9559339880943298,9.713678359985352]",-1.15534616,0.00401821919,12.8950005,126371,"[0.0,0.0,0.0,0.0]","[0.0,0.0,0.0,0.0,0.0,0.0,0.0,0.0]","[0.0,0.0,0.0,0.0,0.0,0.0,0.0,0.0]",255,1,1,0,,0,,,"[NaN,NaN,NaN]","[NaN,NaN,NaN,NaN]","[NaN,NaN,NaN,NaN,NaN,NaN]",0.002205,70,0,[],null,[],0,,,88.510824,,0,,0,,
2026-08-12T14:30:11.861104+00:00,17787.143275820,depth_scale_10cm_outbound_retry_disarmed,0,"[0.0,0.0,0.0,0.0]",1,1,1,1,0.000000,516,13133050,1,0,0,1,0,1460973155,47,39838,2698,0,50,"[0.8359779715538025,-0.051886968314647675,0.010390994139015675,-0.5462056994438171]","[0.010700037702918053,-0.012939958833158016,0.000961030600592494]","[0.339462012052536,-0.9581049680709839,9.730555534362793]",-1.15555096,0.000961030601,12.8950005,126371,"[0.0,0.0,0.0,0.0]","[0.0,0.0,0.0,0.0,0.0,0.0,0.0,0.0]","[0.0,0.0,0.0,0.0,0.0,0.0,0.0,0.0]",255,1,1,0,,0,,,"[NaN,NaN,NaN]","[NaN,NaN,NaN,NaN]","[NaN,NaN,NaN,NaN,NaN,NaN]",0.001498,72,0,[],null,[],0,,,85.866456,,0,,0,,
2026-08-12T14:30:11.911125+00:00,17787.193315218,depth_scale_10cm_outbound_retry_disarmed,0,"[0.0,0.0,0.0,0.0]",1,1,1,1,0.000000,517,13133100,1,0,0,1,0,1460973155,48,3825,2699,0,50,"[0.8358805775642395,-0.05181797966361046,0.009879996068775654,-0.546370804309845]","[0.012524360790848732,-0.014237995259463787,-0.002063031541183591]","[0.33476799726486206,-0.943651020526886,9.730287551879883]",-1.15590882,-0.00206303154,12.8882647,126305,"[0.0,0.0,0.0,0.0]","[0.0,0.0,0.0,0.0,0.0,0.0,0.0,0.0]","[0.0,0.0,0.0,0.0,0.0,0.0,0.0,0.0]",255,1,1,0,,0,,,"[NaN,NaN,NaN]","[NaN,NaN,NaN,NaN]","[NaN,NaN,NaN,NaN,NaN,NaN]",0.002188,73,0,[],null,[],0,,,84.544765,,0,,0,,
2026-08-12T14:30:11.961109+00:00,17787.243288196,depth_scale_10cm_outbound_retry_disarmed,0,"[0.0,0.0,0.0,0.0]",1,1,1,1,0.000000,518,13133150,1,0,0,1,0,1460973155,49,51741,2700,0,50,"[0.8357574939727783,-0.05171595886349678,0.009380994364619255,-0.546577513217926]","[0.016189953312277794,-0.013044766150414944,-0.004508796148002148]","[0.36183398962020874,-0.9521229863166809,9.709134101867676]",-1.15636861,-0.00450879615,12.8882647,126305,"[0.0,0.0,0.0,0.0]","[0.0,0.0,0.0,0.0,0.0,0.0,0.0,0.0]","[0.0,0.0,0.0,0.0,0.0,0.0,0.0,0.0]",239,1,1,0,,0,,,"[NaN,NaN,NaN]","[NaN,NaN,NaN,NaN]","[NaN,NaN,NaN,NaN,NaN,NaN]",0.001504,75,0,[],null,[],0,,,86.30732,,0,,0,,
2026-08-12T14:30:12.011148+00:00,17787.293353298,depth_scale_10cm_outbound_retry_disarmed,0,"[0.0,0.0,0.0,0.0]",1,1,1,1,0.000000,519,13133200,1,0,0,1,0,1460973155,50,50986,2701,0,50,"[0.8356055021286011,-0.051506951451301575,0.008841991424560547,-0.5468385219573975]","[0.018623361364006996,-0.014346747659146786,-0.00752915907651186]","[0.39707499742507935,-0.9378200173377991,9.658953666687012]",-1.15695834,-0.00752915908,12.89153,126337,"[0.0,0.0,0.0,0.0]","[0.0,0.0,0.0,0.0,0.0,0.0,0.0,0.0]","[0.0,0.0,0.0,0.0,0.0,0.0,0.0,0.0]",239,1,1,0,,0,,,"[NaN,NaN,NaN]","[NaN,NaN,NaN,NaN]","[NaN,NaN,NaN,NaN,NaN,NaN]",0.002229,76,0,[],null,[],0,,,84.937924,,0,,0,,
2026-08-12T14:30:12.060328+00:00,17787.342751230,depth_scale_10cm_outbound_retry_disarmed,0,"[0.0,0.0,0.0,0.0]",1,1,1,1,0.000000,520,13133250,1,0,0,1,0,1460973155,51,14995,2702,0,49,"[0.8354248404502869,-0.051232971251010895,0.008294994942843914,-0.5471487045288086]","[0.021071815863251686,-0.012498670257627964,-0.008159013465046883]","[0.39943501353263855,-0.9278799891471863,9.680423736572266]",-1.15766764,-0.00815901347,12.89153,126337,"[0.0,0.0,0.0,0.0]","[0.0,0.0,0.0,0.0,0.0,0.0,0.0,0.0]","[0.0,0.0,0.0,0.0,0.0,0.0,0.0,0.0]",239,1,1,0,,0,,,"[NaN,NaN,NaN]","[NaN,NaN,NaN,NaN]","[NaN,NaN,NaN,NaN,NaN,NaN]",0.001150,78,0,[],null,[],0,,,85.286945,,0,,0,,
2026-08-12T14:30:12.111236+00:00,17787.393391810,depth_scale_10cm_outbound_retry_disarmed,0,"[0.0,0.0,0.0,0.0]",1,1,1,1,0.000000,521,13133300,1,0,0,1,0,1460973155,52,7477,2703,0,51,"[0.8352153897285461,-0.05091499164700508,0.00776499742642045,-0.5475058555603027]","[0.01987411640584469,-0.009387009777128696,-0.009444605559110641]","[0.40898799896240234,-0.9205970168113708,9.687623977661133]",-1.15849268,-0.00944460556,12.9063263,126482,"[0.0,0.0,0.0,0.0]","[0.0,0.0,0.0,0.0,0.0,0.0,0.0,0.0]","[0.0,0.0,0.0,0.0,0.0,0.0,0.0,0.0]",255,1,1,0,,0,,,"[NaN,NaN,NaN]","[NaN,NaN,NaN,NaN]","[NaN,NaN,NaN,NaN,NaN,NaN]",0.002192,79,0,[],null,[],0,,,85.594835,,0,,0,,
2026-08-12T14:30:12.159735+00:00,17787.442557624,depth_scale_10cm_outbound_retry_disarmed,0,"[0.0,0.0,0.0,0.0]",1,1,1,1,0.000000,522,13133350,1,0,0,1,0,1460973155,53,15357,2704,0,49,"[0.8349835276603699,-0.050581950694322586,0.007236991077661514,-0.547897458076477]","[0.02474760077893734,-0.010080882348120213,-0.01246124878525734]","[0.40188801288604736,-0.9035800099372864,9.696887016296387]",-1.15940189,-0.0124612488,12.9063263,126482,"[0.0,0.0,0.0,0.0]","[0.0,0.0,0.0,0.0,0.0,0.0,0.0,0.0]","[0.0,0.0,0.0,0.0,0.0,0.0,0.0,0.0]",255,1,1,0,,0,,,"[NaN,NaN,NaN]","[NaN,NaN,NaN,NaN]","[NaN,NaN,NaN,NaN,NaN,NaN]",0.000827,81,0,[],null,[],0,,,86.740257,,0,,0,,
2026-08-12T14:30:12.209805+00:00,17787.492821369,depth_scale_10cm_outbound_retry_disarmed,0,"[0.0,0.0,0.0,0.0]",1,1,1,1,0.000000,523,13133400,1,0,0,1,0,1460973155,54,41207,2705,0,50,"[0.8347165584564209,-0.05023094639182091,0.0066739940084517,-0.5483434796333313]","[0.021099530160427094,-0.009456578642129898,-0.014328839257359505]","[0.41616499423980713,-0.8985779881477356,9.713769912719727]",-1.16044092,-0.0143288393,12.9323463,126737,"[0.0,0.0,0.0,0.0]","[0.0,0.0,0.0,0.0,0.0,0.0,0.0,0.0]","[0.0,0.0,0.0,0.0,0.0,0.0,0.0,0.0]",255,1,1,0,,0,,,"[NaN,NaN,NaN]","[NaN,NaN,NaN,NaN]","[NaN,NaN,NaN,NaN,NaN,NaN]",0.001742,82,0,[],null,[],0,,,86.115695,,0,,0,,
2026-08-12T14:30:12.260451+00:00,17787.543357842,depth_scale_10cm_outbound_retry_disarmed,0,"[0.0,0.0,0.0,0.0]",1,1,1,1,0.000000,524,13133450,1,0,0,1,0,1460973155,55,3522,2706,0,50,"[0.8344190716743469,-0.0499439612030983,0.006125995889306068,-0.548828661441803]","[0.01905166544020176,-0.013227641582489014,-0.0175358634442091]","[0.4465230107307434,-0.8821240067481995,9.697884559631348]",-1.16157496,-0.0175358634,12.9323463,126737,"[0.0,0.0,0.0,0.0]","[0.0,0.0,0.0,0.0,0.0,0.0,0.0,0.0]","[0.0,0.0,0.0,0.0,0.0,0.0,0.0,0.0]",255,1,1,0,,0,,,"[NaN,NaN,NaN]","[NaN,NaN,NaN,NaN]","[NaN,NaN,NaN,NaN,NaN,NaN]",0.001521,84,0,[],null,[],0,,,85.32605,,0,,0,,
2026-08-12T14:30:12.311055+00:00,17787.593363759,depth_scale_10cm_outbound_retry_disarmed,0,"[0.0,0.0,0.0,0.0]",1,1,1,1,0.000000,525,13133500,1,0,0,1,0,1460973155,56,20592,2707,0,51,"[0.8340966105461121,-0.0497569814324379,0.005545997526496649,-0.5493417978286743]","[0.014362018555402756,-0.016961093991994858,-0.019128374755382538]","[0.47857800126075745,-0.8612210154533386,9.658763885498047]",-1.16277373,-0.0191283748,12.981225,127216,"[0.0,0.0,0.0,0.0]","[0.0,0.0,0.0,0.0,0.0,0.0,0.0,0.0]","[0.0,0.0,0.0,0.0,0.0,0.0,0.0,0.0]",191,1,1,0,,0,,,"[NaN,NaN,NaN]","[NaN,NaN,NaN,NaN]","[NaN,NaN,NaN,NaN,NaN,NaN]",0.002216,85,0,[],null,[],0,,,85.516445,,0,,0,,
2026-08-12T14:30:12.361149+00:00,17787.643309948,depth_scale_10cm_outbound_retry_disarmed,0,"[0.0,0.0,0.0,0.0]",1,1,1,1,0.000000,526,13133550,1,0,0,1,0,1460973155,57,59462,2708,0,50,"[0.8337472677230835,-0.049752961844205856,0.004977996461093426,-0.5498775839805603]","[0.005826432723551989,-0.01814599521458149,-0.018546514213085175]","[0.48815301060676575,-0.8515710234642029,9.663530349731445]",-1.16402507,-0.0185465142,12.981225,127216,"[0.0,0.0,0.0,0.0]","[0.0,0.0,0.0,0.0,0.0,0.0,0.0,0.0]","[0.0,0.0,0.0,0.0,0.0,0.0,0.0,0.0]",191,1,1,0,,0,,,"[NaN,NaN,NaN]","[NaN,NaN,NaN,NaN]","[NaN,NaN,NaN,NaN,NaN,NaN]",0.001495,87,0,[],null,[],0,,,84.440634,,0,,0,,
2026-08-12T14:30:12.411163+00:00,17787.693324131,depth_scale_10cm_outbound_retry_disarmed,0,"[0.0,0.0,0.0,0.0]",1,1,1,1,0.000000,527,13133600,1,0,0,1,0,1460973155,58,23002,2709,0,50,"[0.833380401134491,-0.049936987459659576,0.004503997974097729,-0.550420880317688]","[-0.001489149872213602,-0.019354183226823807,-0.01918015629053116]","[0.5121060013771057,-0.8373579978942871,9.656399726867676]",-1.16529691,-0.0191801563,12.981225,127216,"[0.0,0.0,0.0,0.0]","[0.0,0.0,0.0,0.0,0.0,0.0,0.0,0.0]","[0.0,0.0,0.0,0.0,0.0,0.0,0.0,0.0]",187,1,1,0,,0,,,"[NaN,NaN,NaN]","[NaN,NaN,NaN,NaN]","[NaN,NaN,NaN,NaN,NaN,NaN]",0.002195,88,0,[],null,[],0,,,86.773504,,0,,0,,
2026-08-12T14:30:12.461106+00:00,17787.743289578,depth_scale_10cm_outbound_retry_disarmed,0,"[0.0,0.0,0.0,0.0]",1,1,1,1,0.000000,528,13133650,1,0,0,1,0,1460973155,59,21303,2710,0,50,"[0.8330194354057312,-0.050274960696697235,0.004096997436136007,-0.5509395003318787]","[-0.008807454258203506,-0.02053924649953842,-0.01797945611178875]","[0.5001590251922607,-0.8396719694137573,9.658695220947266]",-1.1665107,-0.0179794561,13.0387754,127780,"[0.0,0.0,0.0,0.0]","[0.0,0.0,0.0,0.0,0.0,0.0,0.0,0.0]","[0.0,0.0,0.0,0.0,0.0,0.0,0.0,0.0]",249,1,1,0,,0,,,"[NaN,NaN,NaN]","[NaN,NaN,NaN,NaN]","[NaN,NaN,NaN,NaN,NaN,NaN]",0.001515,90,0,[],null,[],0,,,87.87839,,0,,0,,
2026-08-12T14:30:12.511155+00:00,17787.793300123,depth_scale_10cm_outbound_retry_disarmed,0,"[0.0,0.0,0.0,0.0]",1,1,1,1,0.000000,529,13133700,1,0,0,1,0,1460973155,60,8493,2711,0,50,"[0.8326618075370789,-0.050832971930503845,0.003810998285189271,-0.5514307022094727]","[-0.01916554756462574,-0.02044152468442917,-0.015596438199281693]","[0.5096700191497803,-0.8469690084457397,9.656513214111328]",-1.16766083,-0.0155964382,13.0387754,127780,"[0.0,0.0,0.0,0.0]","[0.0,0.0,0.0,0.0,0.0,0.0,0.0,0.0]","[0.0,0.0,0.0,0.0,0.0,0.0,0.0,0.0]",249,1,1,0,,0,,,"[NaN,NaN,NaN]","[NaN,NaN,NaN,NaN]","[NaN,NaN,NaN,NaN,NaN,NaN]",0.000152,92,0,[],null,[],0,,,85.410946,,0,,0,,
2026-08-12T14:30:12.560344+00:00,17787.842785299,depth_scale_10cm_outbound_retry_disarmed,0,"[0.0,0.0,0.0,0.0]",1,1,1,1,0.000000,530,13133750,1,0,0,1,0,1460973155,61,56468,2712,0,49,"[0.8323264718055725,-0.051513951271772385,0.0036779961083084345,-0.5518745183944702]","[-0.024421224370598793,-0.016233080998063087,-0.014479268342256546]","[0.529528021812439,-0.8560019731521606,9.64887809753418]",-1.1687026,-0.0144792683,13.0989799,128370,"[0.0,0.0,0.0,0.0]","[0.0,0.0,0.0,0.0,0.0,0.0,0.0,0.0]","[0.0,0.0,0.0,0.0,0.0,0.0,0.0,0.0]",249,1,1,0,,0,,,"[NaN,NaN,NaN]","[NaN,NaN,NaN,NaN]","[NaN,NaN,NaN,NaN,NaN,NaN]",0.001694,93,0,[],null,[],0,,,89.428882,,0,,0,,
2026-08-12T14:30:12.611183+00:00,17787.893364788,depth_scale_10cm_outbound_retry_disarmed,0,"[0.0,0.0,0.0,0.0]",1,1,1,1,0.000000,531,13133800,1,0,0,1,0,1460973155,62,64309,2713,0,51,"[0.8320015668869019,-0.052264951169490814,0.003704996081069112,-0.5522934794425964]","[-0.030706293880939484,-0.014082119800150394,-0.012108483351767063]","[0.5597620010375977,-0.8644400238990784,9.630958557128906]",-1.16969144,-0.0121084834,13.0989799,128370,"[0.0,0.0,0.0,0.0]","[0.0,0.0,0.0,0.0,0.0,0.0,0.0,0.0]","[0.0,0.0,0.0,0.0,0.0,0.0,0.0,0.0]",253,1,1,0,,0,,,"[NaN,NaN,NaN]","[NaN,NaN,NaN,NaN]","[NaN,NaN,NaN,NaN,NaN,NaN]",0.002211,94,0,[],null,[],0,,,88.607812,,0,,0,,
2026-08-12T14:30:12.660373+00:00,17787.942942926,depth_scale_10cm_outbound_retry_disarmed,0,"[0.0,0.0,0.0,0.0]",1,1,1,1,0.000000,532,13133850,1,0,0,1,0,1460973155,63,5455,2714,0,49,"[0.8316880464553833,-0.05303996428847313,0.0038529974408447742,-0.5526906251907349]","[-0.0288491602987051,-0.009103184565901756,-0.012185870669782162]","[0.5620329976081848,-0.8910199999809265,9.62417984008789]",-1.17063379,-0.0121858707,13.165204,129019,"[0.0,0.0,0.0,0.0]","[0.0,0.0,0.0,0.0,0.0,0.0,0.0,0.0]","[0.0,0.0,0.0,0.0,0.0,0.0,0.0,0.0]",255,1,1,0,,0,,,"[NaN,NaN,NaN]","[NaN,NaN,NaN,NaN]","[NaN,NaN,NaN,NaN,NaN,NaN]",0.001171,96,0,[],null,[],0,,,89.119283,,0,,0,,
2026-08-12T14:30:12.710004+00:00,17787.993100061,depth_scale_10cm_outbound_retry_disarmed,0,"[0.0,0.0,0.0,0.0]",1,1,1,1,0.000000,533,13133900,1,0,0,1,0,1460973155,64,51890,2715,0,50,"[0.8314031362533569,-0.05365295708179474,0.004045998211950064,-0.5530585646629333]","[-0.022732039913535118,-0.004120949190109968,-0.009791593067348003]","[0.5595710277557373,-0.9054419994354248,9.62436294555664]",-1.17151284,-0.00979159307,13.165204,129019,"[0.0,0.0,0.0,0.0]","[0.0,0.0,0.0,0.0,0.0,0.0,0.0,0.0]","[0.0,0.0,0.0,0.0,0.0,0.0,0.0,0.0]",255,1,1,0,,0,,,"[NaN,NaN,NaN]","[NaN,NaN,NaN,NaN]","[NaN,NaN,NaN,NaN,NaN,NaN]",0.001947,97,0,[],null,[],0,,,87.79423,,0,,0,,
2026-08-12T14:30:12.760688+00:00,17788.043256852,depth_scale_10cm_outbound_retry_disarmed,0,"[0.0,0.0,0.0,0.0]",1,1,1,1,0.000000,534,13133950,1,0,0,1,0,1460973155,65,59129,2716,0,51,"[0.8311378359794617,-0.05408096686005592,0.004282996524125338,-0.5534136891365051]","[-0.018445128574967384,-0.000413154368288815,-0.010443543083965778]","[0.5571479797363281,-0.9175670146942139,9.617317199707031]",-1.17236853,-0.0104435431,13.228673,129641,"[0.0,0.0,0.0,0.0]","[0.0,0.0,0.0,0.0,0.0,0.0,0.0,0.0]","[0.0,0.0,0.0,0.0,0.0,0.0,0.0,0.0]",255,1,1,0,,0,,,"[NaN,NaN,NaN]","[NaN,NaN,NaN,NaN]","[NaN,NaN,NaN,NaN,NaN,NaN]",0.001482,99,0,[],null,[],0,,,88.128784,,0,,0,,
2026-08-12T14:30:12.811143+00:00,17788.093331704,depth_scale_10cm_outbound_retry_disarmed,0,"[0.0,0.0,0.0,0.0]",1,1,1,1,0.000000,535,13134000,1,0,0,1,0,1460973155,66,64077,2717,0,50,"[0.8308812975883484,-0.05430096387863159,0.004509996622800827,-0.5537756085395813]","[-0.009279880672693253,0.004526267293840647,-0.009865159168839455]","[0.5594009757041931,-0.9391539692878723,9.622457504272461]",-1.17324555,-0.00986515917,13.228673,129641,"[0.0,0.0,0.0,0.0]","[0.0,0.0,0.0,0.0,0.0,0.0,0.0,0.0]","[0.0,0.0,0.0,0.0,0.0,0.0,0.0,0.0]",127,1,1,0,,0,,,"[NaN,NaN,NaN]","[NaN,NaN,NaN,NaN]","[NaN,NaN,NaN,NaN,NaN,NaN]",0.002207,100,0,[],null,[],0,,,87.189688,,0,,0,,
2026-08-12T14:30:12.861113+00:00,17788.143282704,depth_scale_10cm_outbound_retry_disarmed,0,"[0.0,0.0,0.0,0.0]",1,1,1,1,0.000000,536,13134050,1,0,0,1,0,1460973155,67,16033,2718,0,50,"[0.8306397199630737,-0.05427597835659981,0.004689997993409634,-0.5541387796401978]","[-0.0007432659040205181,0.006358147133141756,-0.00862372387200594]","[0.5522239804267883,-0.9267269968986511,9.646181106567383]",-1.17412913,-0.00862372387,13.2922449,130264,"[0.0,0.0,0.0,0.0]","[0.0,0.0,0.0,0.0,0.0,0.0,0.0,0.0]","[0.0,0.0,0.0,0.0,0.0,0.0,0.0,0.0]",127,1,1,0,,0,,,"[NaN,NaN,NaN]","[NaN,NaN,NaN,NaN]","[NaN,NaN,NaN,NaN,NaN,NaN]",0.001498,102,0,[],null,[],0,,,84.835757,,0,,0,,
2026-08-12T14:30:12.911159+00:00,17788.193340921,depth_scale_10cm_outbound_retry_disarmed,0,"[0.0,0.0,0.0,0.0]",1,1,1,1,0.000000,537,13134100,1,0,0,1,0,1460973155,68,19643,2719,0,50,"[0.830414354801178,-0.05410999059677124,0.004781998693943024,-0.5544918775558472]","[0.004123741760849953,0.005063566844910383,-0.009794962592422962]","[0.5499110221862793,-0.9245669841766357,9.6293306350708]",-1.17498732,-0.00979496259,13.2922449,130264,"[0.0,0.0,0.0,0.0]","[0.0,0.0,0.0,0.0,0.0,0.0,0.0,0.0]","[0.0,0.0,0.0,0.0,0.0,0.0,0.0,0.0]",95,1,1,0,,0,,,"[NaN,NaN,NaN]","[NaN,NaN,NaN,NaN]","[NaN,NaN,NaN,NaN,NaN,NaN]",0.002211,103,0,[],null,[],0,,,83.822034,,0,,0,,
2026-08-12T14:30:12.961107+00:00,17788.243277277,depth_scale_10cm_outbound_retry_disarmed,0,"[0.0,0.0,0.0,0.0]",1,1,1,1,0.000000,538,13134150,1,0,0,1,0,1460973155,69,18006,2720,0,50,"[0.8301944732666016,-0.053900957107543945,0.004773995839059353,-0.5548415184020996]","[0.006543344352394342,0.0025679029058665037,-0.008513052947819233]","[0.5522279739379883,-0.9292060136795044,9.641420364379883]",-1.17583287,-0.00851305295,13.346837,130799,"[0.0,0.0,0.0,0.0]","[0.0,0.0,0.0,0.0,0.0,0.0,0.0,0.0]","[0.0,0.0,0.0,0.0,0.0,0.0,0.0,0.0]",95,1,1,0,,0,,,"[NaN,NaN,NaN]","[NaN,NaN,NaN,NaN]","[NaN,NaN,NaN,NaN,NaN,NaN]",0.001511,105,0,[],null,[],0,,,81.735463,,0,,0,,
2026-08-12T14:30:13.011122+00:00,17788.293320414,depth_scale_10cm_outbound_retry_disarmed,0,"[0.0,0.0,0.0,0.0]",1,1,1,1,0.000000,539,13134200,1,0,0,1,0,1460973155,70,8440,2721,0,50,"[0.8299826979637146,-0.05367997661232948,0.0046399980783462524,-0.5551807880401611]","[0.011380507610738277,-0.00371737708337605,-0.009595838375389576]","[0.5475130081176758,-0.9072790145874023,9.657835006713867]",-1.17664671,-0.00959583838,13.346837,130799,"[0.0,0.0,0.0,0.0]","[0.0,0.0,0.0,0.0,0.0,0.0,0.0,0.0]","[0.0,0.0,0.0,0.0,0.0,0.0,0.0,0.0]",223,1,1,0,,0,,,"[NaN,NaN,NaN]","[NaN,NaN,NaN,NaN]","[NaN,NaN,NaN,NaN,NaN,NaN]",0.002193,106,0,[],null,[],0,,,81.836456,,0,,0,,
2026-08-12T14:30:13.061380+00:00,17788.343443214,depth_scale_10cm_outbound_retry_disarmed,0,"[0.0,0.0,0.0,0.0]",1,1,1,1,0.000000,540,13134250,1,0,0,1,0,1460973155,71,46808,2722,0,50,"[0.8297826647758484,-0.0535089448094368,0.004365995991975069,-0.5554984211921692]","[0.0113479383289814,-0.008684968575835228,-0.007673008367419243]","[0.557075023651123,-0.9049540162086487,9.655511856079102]",-1.17739999,-0.00767300837,13.3992853,131313,"[0.0,0.0,0.0,0.0]","[0.0,0.0,0.0,0.0,0.0,0.0,0.0,0.0]","[0.0,0.0,0.0,0.0,0.0,0.0,0.0,0.0]",255,1,1,0,,0,,,"[NaN,NaN,NaN]","[NaN,NaN,NaN,NaN]","[NaN,NaN,NaN,NaN,NaN,NaN]",0.001515,108,0,[],null,[],0,,,84.306078,,0,,0,,
2026-08-12T14:30:13.109753+00:00,17788.392680596,depth_scale_10cm_outbound_retry_disarmed,0,"[0.0,0.0,0.0,0.0]",1,1,1,1,0.000000,541,13134300,1,0,0,1,0,1460973155,72,60842,2723,0,49,"[0.8295695185661316,-0.053382981568574905,0.0039499974809587,-0.5558318495750427]","[0.011326471343636513,-0.012217497453093529,-0.0074065313674509525]","[0.5323370099067688,-0.8954219818115234,9.694268226623535]",-1.17818296,-0.00740653137,13.3992853,131313,"[0.0,0.0,0.0,0.0]","[0.0,0.0,0.0,0.0,0.0,0.0,0.0,0.0]","[0.0,0.0,0.0,0.0,0.0,0.0,0.0,0.0]",255,1,1,0,,0,,,"[NaN,NaN,NaN]","[NaN,NaN,NaN,NaN]","[NaN,NaN,NaN,NaN,NaN,NaN]",0.001495,109,0,[],null,[],0,,,85.823057,,0,,0,,
2026-08-12T14:30:13.160701+00:00,17788.443279833,depth_scale_10cm_outbound_retry_disarmed,0,"[0.0,0.0,0.0,0.0]",1,1,1,1,0.000000,542,13134350,1,0,0,1,0,1460973155,73,27145,2724,0,51,"[0.8293754458427429,-0.05333095043897629,0.0034919956233352423,-0.556129515171051]","[0.009478691034018993,-0.015527705661952496,-0.0069509828463196754]","[0.544966995716095,-0.9016500115394592,9.710497856140137]",-1.17887688,-0.00695098285,13.3992853,131313,"[0.0,0.0,0.0,0.0]","[0.0,0.0,0.0,0.0,0.0,0.0,0.0,0.0]","[0.0,0.0,0.0,0.0,0.0,0.0,0.0,0.0]",255,1,1,0,,0,,,"[NaN,NaN,NaN]","[NaN,NaN,NaN,NaN]","[NaN,NaN,NaN,NaN,NaN,NaN]",0.001508,111,0,[],null,[],0,,,87.124359,,0,,0,,
2026-08-12T14:30:13.211199+00:00,17788.493353733,depth_scale_10cm_outbound_retry_disarmed,0,"[0.0,0.0,0.0,0.0]",1,1,1,1,0.000000,543,13134400,1,0,0,1,0,1460973155,74,63600,2725,0,50,"[0.8291841149330139,-0.05328696593642235,0.003036998677998781,-0.5564216375350952]","[0.007658905815333128,-0.014268224127590656,-0.006984179373830557]","[0.549763023853302,-0.8968610167503357,9.710482597351074]",-1.17955816,-0.00698417937,13.4463263,131774,"[0.0,0.0,0.0,0.0]","[0.0,0.0,0.0,0.0,0.0,0.0,0.0,0.0]","[0.0,0.0,0.0,0.0,0.0,0.0,0.0,0.0]",255,1,1,0,,0,,,"[NaN,NaN,NaN]","[NaN,NaN,NaN,NaN]","[NaN,NaN,NaN,NaN,NaN,NaN]",0.002203,112,0,[],null,[],0,,,86.003319,,0,,0,,
2026-08-12T14:30:13.261219+00:00,17788.543349762,depth_scale_10cm_outbound_retry_disarmed,0,"[0.0,0.0,0.0,0.0]",1,1,1,1,0.000000,544,13134450,1,0,0,1,0,1460973155,75,32823,2726,0,50,"[0.8290020823478699,-0.053253963589668274,0.0026939986273646355,-0.55669766664505]","[0.004036178812384605,-0.008614631369709969,-0.005882964003831148]","[0.5498480200767517,-0.8873869776725769,9.700748443603516]",-1.18020689,-0.005882964,13.4463263,131774,"[0.0,0.0,0.0,0.0]","[0.0,0.0,0.0,0.0,0.0,0.0,0.0,0.0]","[0.0,0.0,0.0,0.0,0.0,0.0,0.0,0.0]",255,1,1,0,,0,,,"[NaN,NaN,NaN]","[NaN,NaN,NaN,NaN]","[NaN,NaN,NaN,NaN,NaN,NaN]",0.001510,114,0,[],null,[],0,,,83.939036,,0,,0,,
2026-08-12T14:30:13.311206+00:00,17788.593362715,depth_scale_10cm_outbound_retry_disarmed,0,"[0.0,0.0,0.0,0.0]",1,1,1,1,0.000000,545,13134500,1,0,0,1,0,1460973155,76,7242,2727,0,50,"[0.8288293480873108,-0.053180992603302,0.002461998490616679,-0.5569629073143005]","[0.006509974133223295,-0.0017372833099216223,-0.003544030711054802]","[0.5570240020751953,-0.8899719715118408,9.69127368927002]",-1.18083644,-0.00354403071,13.4884691,132187,"[0.0,0.0,0.0,0.0]","[0.0,0.0,0.0,0.0,0.0,0.0,0.0,0.0]","[0.0,0.0,0.0,0.0,0.0,0.0,0.0,0.0]",255,1,1,0,,0,,,"[NaN,NaN,NaN]","[NaN,NaN,NaN,NaN]","[NaN,NaN,NaN,NaN,NaN,NaN]",0.002210,115,0,[],null,[],0,,,85.121342,,0,,0,,
2026-08-12T14:30:13.361145+00:00,17788.643292946,depth_scale_10cm_outbound_retry_disarmed,0,"[0.0,0.0,0.0,0.0]",1,1,1,1,0.000000,546,13134550,1,0,0,1,0,1460973155,77,55462,2728,0,50,"[0.8286682963371277,-0.05300496146082878,0.0024029971100389957,-0.5572195649147034]","[0.005342156160622835,0.006365076173096895,-0.004918076563626528]","[0.5618879795074463,-0.8854759931564331,9.672072410583496]",-1.1814568,-0.00491807656,13.4884691,132187,"[0.0,0.0,0.0,0.0]","[0.0,0.0,0.0,0.0,0.0,0.0,0.0,0.0]","[0.0,0.0,0.0,0.0,0.0,0.0,0.0,0.0]",255,1,1,0,,0,,,"[NaN,NaN,NaN]","[NaN,NaN,NaN,NaN]","[NaN,NaN,NaN,NaN,NaN,NaN]",0.001516,117,0,[],null,[],0,,,84.714069,,0,,0,,
2026-08-12T14:30:13.411144+00:00,17788.693328088,depth_scale_10cm_outbound_retry_disarmed,0,"[0.0,0.0,0.0,0.0]",1,1,1,1,0.000000,547,13134600,1,0,0,1,0,1460973155,78,54673,2729,0,50,"[0.8285171985626221,-0.05276195704936981,0.002535999519750476,-0.5574665665626526]","[0.002539681037887931,0.013692421838641167,-0.002618517493829131]","[0.5354689955711365,-0.8935880064964294,9.710269927978516]",-1.18206465,-0.00261851749,13.5217342,132513,"[0.0,0.0,0.0,0.0]","[0.0,0.0,0.0,0.0,0.0,0.0,0.0,0.0]","[0.0,0.0,0.0,0.0,0.0,0.0,0.0,0.0]",254,1,1,0,,0,,,"[NaN,NaN,NaN]","[NaN,NaN,NaN,NaN]","[NaN,NaN,NaN,NaN,NaN,NaN]",0.002191,118,0,[],null,[],0,,,88.226742,,0,,0,,
2026-08-12T14:30:13.461108+00:00,17788.743272578,depth_scale_10cm_outbound_retry_disarmed,0,"[0.0,0.0,0.0,0.0]",1,1,1,1,0.000000,548,13134650,1,0,0,1,0,1460973155,79,46309,2730,0,50,"[0.8283942341804504,-0.05251495912671089,0.0027569967787712812,-0.5576715469360352]","[0.004196871537715197,0.0190834142267704,-0.003112149192020297]","[0.4620870053768158,-0.8823829889297485,9.79082202911377]",-1.1825757,-0.00311214919,13.5217342,132513,"[0.0,0.0,0.0,0.0]","[0.0,0.0,0.0,0.0,0.0,0.0,0.0,0.0]","[0.0,0.0,0.0,0.0,0.0,0.0,0.0,0.0]",254,1,1,0,,0,,,"[NaN,NaN,NaN]","[NaN,NaN,NaN,NaN]","[NaN,NaN,NaN,NaN,NaN,NaN]",0.001505,120,0,[],null,[],0,,,86.199211,,0,,0,,
2026-08-12T14:30:13.511215+00:00,17788.793385887,depth_scale_10cm_outbound_retry_disarmed,0,"[0.0,0.0,0.0,0.0]",1,1,1,1,0.000000,549,13134700,1,0,0,1,0,1460973155,80,21280,2731,0,50,"[0.8282372951507568,-0.0521729551255703,0.0031699964310973883,-0.5579345226287842]","[-0.0006700668600387871,0.020814431831240654,-0.00031773719820193946]","[0.5190150141716003,-0.8756939768791199,9.669036865234375]",-1.18323851,-0.000317737198,13.5458164,132749,"[0.0,0.0,0.0,0.0]","[0.0,0.0,0.0,0.0,0.0,0.0,0.0,0.0]","[0.0,0.0,0.0,0.0,0.0,0.0,0.0,0.0]",254,1,1,0,,0,,,"[NaN,NaN,NaN]","[NaN,NaN,NaN,NaN]","[NaN,NaN,NaN,NaN,NaN,NaN]",0.002226,121,0,[],null,[],0,,,86.128377,,0,,0,,
2026-08-12T14:30:13.560302+00:00,17788.842829130,depth_scale_10cm_outbound_retry_disarmed,0,"[0.0,0.0,0.0,0.0]",1,1,1,1,0.000000,550,13134750,1,0,0,1,0,1460973155,81,38860,2732,0,49,"[0.8280933499336243,-0.05190495774149895,0.0036039971746504307,-0.5581705570220947]","[-0.00188959832303226,0.019959673285484314,-0.0027561893220990896]","[0.5373510122299194,-0.8768119812011719,9.654072761535645]",-1.18383598,-0.00275618932,13.5458164,132749,"[0.0,0.0,0.0,0.0]","[0.0,0.0,0.0,0.0,0.0,0.0,0.0,0.0]","[0.0,0.0,0.0,0.0,0.0,0.0,0.0,0.0]",254,1,1,0,,0,,,"[NaN,NaN,NaN]","[NaN,NaN,NaN,NaN]","[NaN,NaN,NaN,NaN,NaN,NaN]",0.001055,123,0,[],null,[],0,,,83.698471,,0,,0,,
2026-08-12T14:30:13.610744+00:00,17788.893333380,depth_scale_10cm_outbound_retry_disarmed,0,"[0.0,0.0,0.0,0.0]",1,1,1,1,0.000000,551,13134800,1,0,0,1,0,1460973155,82,24074,2733,0,51,"[0.8279501795768738,-0.05169099569320679,0.004013999830931425,-0.5583999752998352]","[-0.004343356937170029,0.017064137384295464,-0.0027193627320230007]","[0.5549449920654297,-0.8814389705657959,9.619159698486328]",-1.18441534,-0.00271936273,13.5488768,132779,"[0.0,0.0,0.0,0.0]","[0.0,0.0,0.0,0.0,0.0,0.0,0.0,0.0]","[0.0,0.0,0.0,0.0,0.0,0.0,0.0,0.0]",255,1,1,0,,0,,,"[NaN,NaN,NaN]","[NaN,NaN,NaN,NaN]","[NaN,NaN,NaN,NaN,NaN,NaN]",0.002193,124,0,[],null,[],0,,,84.926543,,0,,0,,
2026-08-12T14:30:13.660586+00:00,17788.943248985,depth_scale_10cm_outbound_retry_disarmed,0,"[0.0,0.0,0.0,0.0]",1,1,1,1,0.000000,552,13134850,1,0,0,1,0,1460973155,83,26434,2734,0,50,"[0.8278374671936035,-0.05155198648571968,0.004279999528080225,-0.558577835559845]","[-0.0031506859231740236,0.012902486138045788,-0.0022306181490421295]","[0.5531749725341797,-0.8913170099258423,9.654467582702637]",-1.18486142,-0.00223061815,13.5488768,132779,"[0.0,0.0,0.0,0.0]","[0.0,0.0,0.0,0.0,0.0,0.0,0.0,0.0]","[0.0,0.0,0.0,0.0,0.0,0.0,0.0,0.0]",255,1,1,0,,0,,,"[NaN,NaN,NaN]","[NaN,NaN,NaN,NaN]","[NaN,NaN,NaN,NaN,NaN,NaN]",0.001482,126,0,[],null,[],0,,,82.679963,,0,,0,,
2026-08-12T14:30:13.711169+00:00,17788.993334952,depth_scale_10cm_outbound_retry_disarmed,0,"[0.0,0.0,0.0,0.0]",1,1,1,1,0.000000,553,13134900,1,0,0,1,0,1460973155,84,18419,2735,0,50,"[0.8276546597480774,-0.05144894868135452,0.004506994038820267,-0.5588564276695251]","[-0.00260005216114223,0.0033432652708142996,-0.0012420810526236892]","[0.4493280053138733,-0.8829799890518188,9.800277709960938]",-1.18554807,-0.00124208105,13.5496931,132787,"[0.0,0.0,0.0,0.0]","[0.0,0.0,0.0,0.0,0.0,0.0,0.0,0.0]","[0.0,0.0,0.0,0.0,0.0,0.0,0.0,0.0]",255,1,1,0,,0,,,"[NaN,NaN,NaN]","[NaN,NaN,NaN,NaN]","[NaN,NaN,NaN,NaN,NaN,NaN]",0.002195,127,0,[],null,[],0,,,84.109797,,0,,0,,
2026-08-12T14:30:13.761139+00:00,17789.043304853,depth_scale_10cm_outbound_retry_disarmed,0,"[0.0,0.0,0.0,0.0]",1,1,1,1,0.000000,554,13134950,1,0,0,1,0,1460973155,85,16308,2736,0,50,"[0.8275036215782166,-0.051423974335193634,0.0044519975781440735,-0.5590827465057373]","[0.001622353564016521,-0.004201182164251804,-0.0035293526016175747]","[0.45885100960731506,-0.878030002117157,9.812311172485352]",-1.1860919,-0.0035293526,13.5496931,132787,"[0.0,0.0,0.0,0.0]","[0.0,0.0,0.0,0.0,0.0,0.0,0.0,0.0]","[0.0,0.0,0.0,0.0,0.0,0.0,0.0,0.0]",255,1,1,0,,0,,,"[NaN,NaN,NaN]","[NaN,NaN,NaN,NaN]","[NaN,NaN,NaN,NaN,NaN,NaN]",0.001518,129,0,[],null,[],0,,,83.44483,,0,,0,,
2026-08-12T14:30:13.811154+00:00,17789.093340322,depth_scale_10cm_outbound_retry_disarmed,0,"[0.0,0.0,0.0,0.0]",1,1,1,1,0.000000,555,13135000,1,0,0,1,0,1460973155,86,36392,2737,0,50,"[0.8273451924324036,-0.051452960819005966,0.004179996903985739,-0.5593165755271912]","[0.00461924122646451,-0.012330768629908562,-0.0033671241253614426]","[0.4565339982509613,-0.8733909726142883,9.800219535827637]",-1.18664134,-0.00336712413,13.5545921,132835,"[0.0,0.0,0.0,0.0]","[0.0,0.0,0.0,0.0,0.0,0.0,0.0,0.0]","[0.0,0.0,0.0,0.0,0.0,0.0,0.0,0.0]",255,1,1,0,,0,,,"[NaN,NaN,NaN]","[NaN,NaN,NaN,NaN]","[NaN,NaN,NaN,NaN,NaN,NaN]",0.002206,130,0,[],null,[],0,,,86.573714,,0,,0,,
2026-08-12T14:30:13.861102+00:00,17789.143267820,depth_scale_10cm_outbound_retry_disarmed,0,"[0.0,0.0,0.0,0.0]",1,1,1,1,0.000000,556,13135050,1,0,0,1,0,1460973155,87,6152,2738,0,50,"[0.827168881893158,-0.05148596689105034,0.0036949976347386837,-0.5595776438713074]","[0.008872433565557003,-0.014892231673002243,-0.006354290060698986]","[0.4708710014820099,-0.8686460256576538,9.80031681060791]",-1.18724597,-0.00635429006,13.5545921,132835,"[0.0,0.0,0.0,0.0]","[0.0,0.0,0.0,0.0,0.0,0.0,0.0,0.0]","[0.0,0.0,0.0,0.0,0.0,0.0,0.0,0.0]",255,1,1,0,,0,,,"[NaN,NaN,NaN]","[NaN,NaN,NaN,NaN]","[NaN,NaN,NaN,NaN,NaN,NaN]",0.001501,132,0,[],null,[],0,,,89.73043,,0,,0,,
2026-08-12T14:30:13.911134+00:00,17789.193337760,depth_scale_10cm_outbound_retry_disarmed,0,"[0.0,0.0,0.0,0.0]",1,1,1,1,0.000000,557,13135100,1,0,0,1,0,1460973155,88,37960,2739,0,50,"[0.8269801139831543,-0.05146896839141846,0.0031339984852820635,-0.5598616600036621]","[0.011294758878648281,-0.017411038279533386,-0.0069067394360899925]","[0.47805100679397583,-0.8589479923248291,9.807452201843262]",-1.1879046,-0.00690673944,13.5545921,132835,"[0.0,0.0,0.0,0.0]","[0.0,0.0,0.0,0.0,0.0,0.0,0.0,0.0]","[0.0,0.0,0.0,0.0,0.0,0.0,0.0,0.0]",255,1,1,0,,0,,,"[NaN,NaN,NaN]","[NaN,NaN,NaN,NaN]","[NaN,NaN,NaN,NaN,NaN,NaN]",0.002206,133,0,[],null,[],0,,,88.526643,,0,,0,,
2026-08-12T14:30:13.961066+00:00,17789.243241858,depth_scale_10cm_outbound_retry_disarmed,0,"[0.0,0.0,0.0,0.0]",1,1,1,1,0.000000,558,13135150,1,0,0,1,0,1460973155,89,40613,2740,0,50,"[0.8267841339111328,-0.051394958049058914,0.0025829977821558714,-0.5601605772972107]","[0.01173131912946701,-0.012209835462272167,-0.006588792894035578]","[0.44474300742149353,-0.8370109796524048,9.815543174743652]",-1.18860221,-0.00658879289,13.5586729,132875,"[0.0,0.0,0.0,0.0]","[0.0,0.0,0.0,0.0,0.0,0.0,0.0,0.0]","[0.0,0.0,0.0,0.0,0.0,0.0,0.0,0.0]",255,1,1,0,,0,,,"[NaN,NaN,NaN]","[NaN,NaN,NaN,NaN]","[NaN,NaN,NaN,NaN,NaN,NaN]",0.001500,135,0,[],null,[],0,,,87.612584,,0,,0,,
2026-08-12T14:30:14.011163+00:00,17789.293330396,depth_scale_10cm_outbound_retry_disarmed,0,"[0.0,0.0,0.0,0.0]",1,1,1,1,0.000000,559,13135200,1,0,0,1,0,1460973155,90,12089,2741,0,50,"[0.8265891075134277,-0.05124995857477188,0.002099999226629734,-0.5604636073112488]","[0.011350766755640507,-0.00805342011153698,-0.007072614971548319]","[0.4423379898071289,-0.8270729780197144,9.835358619689941]",-1.1893158,-0.00707261497,13.5586729,132875,"[0.0,0.0,0.0,0.0]","[0.0,0.0,0.0,0.0,0.0,0.0,0.0,0.0]","[0.0,0.0,0.0,0.0,0.0,0.0,0.0,0.0]",255,1,1,0,,0,,,"[NaN,NaN,NaN]","[NaN,NaN,NaN,NaN]","[NaN,NaN,NaN,NaN,NaN,NaN]",0.002198,136,0,[],null,[],0,,,91.500306,,0,,0,,
2026-08-12T14:30:14.059801+00:00,17789.342684325,depth_scale_10cm_outbound_retry_disarmed,0,"[0.0,0.0,0.0,0.0]",1,1,1,1,0.000000,560,13135250,1,0,0,1,0,1460973155,91,22398,2742,0,49,"[0.8263967037200928,-0.05105394870042801,0.0017389978747814894,-0.5607663989067078]","[0.010154989548027515,-0.004302516113966703,-0.007146355230361223]","[0.42810800671577454,-0.8150539994239807,9.830220222473145]",-1.19003642,-0.00714635523,13.5507135,132797,"[0.0,0.0,0.0,0.0]","[0.0,0.0,0.0,0.0,0.0,0.0,0.0,0.0]","[0.0,0.0,0.0,0.0,0.0,0.0,0.0,0.0]",255,1,1,0,,0,,,"[NaN,NaN,NaN]","[NaN,NaN,NaN,NaN]","[NaN,NaN,NaN,NaN,NaN,NaN]",0.000910,138,0,[],null,[],0,,,88.69593,,0,,0,,
2026-08-12T14:30:14.109830+00:00,17789.392925716,depth_scale_10cm_outbound_retry_disarmed,0,"[0.0,0.0,0.0,0.0]",1,1,1,1,0.000000,561,13135300,1,0,0,1,0,1460973155,92,62758,2743,0,50,"[0.8262056112289429,-0.050807978957891464,0.0015469988575205207,-0.5610707998275757]","[0.008981621824204922,0.003191421739757061,-0.007286435458809137]","[0.43290799856185913,-0.8176649808883667,9.818320274353027]",-1.19077015,-0.00728643546,13.5507135,132797,"[0.0,0.0,0.0,0.0]","[0.0,0.0,0.0,0.0,0.0,0.0,0.0,0.0]","[0.0,0.0,0.0,0.0,0.0,0.0,0.0,0.0]",255,1,1,0,,0,,,"[NaN,NaN,NaN]","[NaN,NaN,NaN,NaN]","[NaN,NaN,NaN,NaN,NaN,NaN]",0.001779,139,0,[],null,[],0,,,90.47436,,0,,0,,
2026-08-12T14:30:14.160646+00:00,17789.443296563,depth_scale_10cm_outbound_retry_disarmed,0,"[0.0,0.0,0.0,0.0]",1,1,1,1,0.000000,562,13135350,1,0,0,1,0,1460973155,93,10041,2744,0,51,"[0.8260236978530884,-0.050529979169368744,0.0015139990719035268,-0.5613637566566467]","[0.0059754494577646255,0.01008877158164978,-0.006203650496900082]","[0.41855499148368835,-0.8174149990081787,9.830144882202148]",-1.19148397,-0.0062036505,13.5380602,132673,"[0.0,0.0,0.0,0.0]","[0.0,0.0,0.0,0.0,0.0,0.0,0.0,0.0]","[0.0,0.0,0.0,0.0,0.0,0.0,0.0,0.0]",247,1,1,0,,0,,,"[NaN,NaN,NaN]","[NaN,NaN,NaN,NaN]","[NaN,NaN,NaN,NaN,NaN,NaN]",0.001502,141,0,[],null,[],0,,,90.977972,,0,,0,,
2026-08-12T14:30:14.211095+00:00,17789.493344040,depth_scale_10cm_outbound_retry_disarmed,0,"[0.0,0.0,0.0,0.0]",1,1,1,1,0.000000,563,13135400,1,0,0,1,0,1460973155,94,57049,2745,0,50,"[0.8258410096168518,-0.05021296814084053,0.0016109984135255218,-0.561660647392273]","[0.0029486813582479954,0.013227641582489014,-0.006277408916503191]","[0.40659099817276,-0.8245769739151001,9.830113410949707]",-1.19221389,-0.00627740892,13.5380602,132673,"[0.0,0.0,0.0,0.0]","[0.0,0.0,0.0,0.0,0.0,0.0,0.0,0.0]","[0.0,0.0,0.0,0.0,0.0,0.0,0.0,0.0]",247,1,1,0,,0,,,"[NaN,NaN,NaN]","[NaN,NaN,NaN,NaN]","[NaN,NaN,NaN,NaN,NaN,NaN]",0.002196,142,0,[],null,[],0,,,88.893754,,0,,0,,
2026-08-12T14:30:14.261251+00:00,17789.543366656,depth_scale_10cm_outbound_retry_disarmed,0,"[0.0,0.0,0.0,0.0]",1,1,1,1,0.000000,564,13135450,1,0,0,1,0,1460973155,95,6709,2746,0,50,"[0.8256462216377258,-0.04988396167755127,0.0018389987526461482,-0.5619755387306213]","[0.0029648258350789547,0.015712710097432137,-0.0071369134820997715]","[0.4162119925022125,-0.8307099938392639,9.799128532409668]",-1.1929934,-0.00713691348,13.5202045,132498,"[0.0,0.0,0.0,0.0]","[0.0,0.0,0.0,0.0,0.0,0.0,0.0,0.0]","[0.0,0.0,0.0,0.0,0.0,0.0,0.0,0.0]",247,1,1,0,,0,,,"[NaN,NaN,NaN]","[NaN,NaN,NaN,NaN]","[NaN,NaN,NaN,NaN,NaN,NaN]",0.001497,144,0,[],null,[],0,,,90.713966,,0,,0,,
2026-08-12T14:30:14.311390+00:00,17789.593467169,depth_scale_10cm_outbound_retry_disarmed,0,"[0.0,0.0,0.0,0.0]",1,1,1,1,0.000000,565,13135500,1,0,0,1,0,1460973155,96,64968,2747,0,50,"[0.8254355192184448,-0.04953398182988167,0.0021509993821382523,-0.5623148083686829]","[0.0017751918639987707,0.02006690576672554,-0.00885224062949419]","[0.39235198497772217,-0.8272830247879028,9.806000709533691]",-1.19383609,-0.00885224063,13.5202045,132498,"[0.0,0.0,0.0,0.0]","[0.0,0.0,0.0,0.0,0.0,0.0,0.0,0.0]","[0.0,0.0,0.0,0.0,0.0,0.0,0.0,0.0]",247,1,1,0,,0,,,"[NaN,NaN,NaN]","[NaN,NaN,NaN,NaN]","[NaN,NaN,NaN,NaN,NaN,NaN]",0.002265,145,0,[],null,[],0,,,89.188562,,0,,0,,
2026-08-12T14:30:14.361218+00:00,17789.643353838,depth_scale_10cm_outbound_retry_disarmed,0,"[0.0,0.0,0.0,0.0]",1,1,1,1,0.000000,566,13135550,1,0,0,1,0,1460973155,97,113,2748,0,50,"[0.8252001404762268,-0.0491589717566967,0.002515997737646103,-0.5626916289329529]","[0.0030063819140195847,0.021915141493082047,-0.010100936517119408]","[0.39232200384140015,-0.8345350027084351,9.803709030151367]",-1.19477284,-0.0101009365,13.4943876,132245,"[0.0,0.0,0.0,0.0]","[0.0,0.0,0.0,0.0,0.0,0.0,0.0,0.0]","[0.0,0.0,0.0,0.0,0.0,0.0,0.0,0.0]",255,1,1,0,,0,,,"[NaN,NaN,NaN]","[NaN,NaN,NaN,NaN]","[NaN,NaN,NaN,NaN,NaN,NaN]",0.001513,147,0,[],null,[],0,,,91.655453,,0,,0,,
2026-08-12T14:30:14.410462+00:00,17789.692891256,depth_scale_10cm_outbound_retry_disarmed,0,"[0.0,0.0,0.0,0.0]",1,1,1,1,0.000000,567,13135600,1,0,0,1,0,1460973155,98,3398,2749,0,49,"[0.8249453902244568,-0.04875798895955086,0.0029339988250285387,-0.5630978345870972]","[0.004245024640113115,0.02501104027032852,-0.011371745727956295]","[0.3827730119228363,-0.8393759727478027,9.798871994018555]",-1.19578409,-0.0113717457,13.4943876,132245,"[0.0,0.0,0.0,0.0]","[0.0,0.0,0.0,0.0,0.0,0.0,0.0,0.0]","[0.0,0.0,0.0,0.0,0.0,0.0,0.0,0.0]",255,1,1,0,,0,,,"[NaN,NaN,NaN]","[NaN,NaN,NaN,NaN]","[NaN,NaN,NaN,NaN,NaN,NaN]",0.001833,148,0,[],null,[],0,,,91.436655,,0,,0,,
2026-08-12T14:30:14.461103+00:00,17789.743264700,depth_scale_10cm_outbound_retry_disarmed,0,"[0.0,0.0,0.0,0.0]",1,1,1,1,0.000000,568,13135650,1,0,0,1,0,1460973155,99,13902,2750,0,51,"[0.8246760964393616,-0.04831797257065773,0.003372998908162117,-0.5635276436805725]","[0.003636847250163555,0.025007272139191628,-0.011986886151134968]","[0.3756299912929535,-0.8320170044898987,9.805878639221191]",-1.19685483,-0.0119868862,13.4666328,131973,"[0.0,0.0,0.0,0.0]","[0.0,0.0,0.0,0.0,0.0,0.0,0.0,0.0]","[0.0,0.0,0.0,0.0,0.0,0.0,0.0,0.0]",255,1,1,0,,0,,,"[NaN,NaN,NaN]","[NaN,NaN,NaN,NaN]","[NaN,NaN,NaN,NaN,NaN,NaN]",0.001492,150,0,[],null,[],0,,,91.885455,,0,,0,,
2026-08-12T14:30:14.511031+00:00,17789.793195056,depth_scale_10cm_outbound_retry_disarmed,0,"[0.0,0.0,0.0,0.0]",1,1,1,1,0.000000,569,13135700,1,0,0,1,0,1460973155,100,51482,2751,0,50,"[0.824394941329956,-0.04789094254374504,0.003826995613053441,-0.5639723539352417]","[0.0018216874450445175,0.026882890611886978,-0.01264260709285736]","[0.37321600317955017,-0.8294169902801514,9.817808151245117]",-1.19796276,-0.0126426071,13.4666328,131973,"[0.0,0.0,0.0,0.0]","[0.0,0.0,0.0,0.0,0.0,0.0,0.0,0.0]","[0.0,0.0,0.0,0.0,0.0,0.0,0.0,0.0]",255,1,1,0,,0,,,"[NaN,NaN,NaN]","[NaN,NaN,NaN,NaN]","[NaN,NaN,NaN,NaN,NaN,NaN]",0.002204,151,0,[],null,[],0,,,93.333949,,0,,0,,
2026-08-12T14:30:14.559631+00:00,17789.842600561,depth_scale_10cm_outbound_retry_disarmed,0,"[0.0,0.0,0.0,0.0]",1,1,1,1,0.000000,570,13135750,1,0,0,1,0,1460973155,101,45405,2752,0,49,"[0.8240958452224731,-0.04749497398734093,0.004247997887432575,-0.5644397139549255]","[0.0021996907889842987,0.02187410742044449,-0.013774574734270573]","[0.3939869999885559,-0.8389670252799988,9.776606559753418]",-1.19912386,-0.0137745747,13.4369383,131682,"[0.0,0.0,0.0,0.0]","[0.0,0.0,0.0,0.0,0.0,0.0,0.0,0.0]","[0.0,0.0,0.0,0.0,0.0,0.0,0.0,0.0]",255,1,1,0,,0,,,"[NaN,NaN,NaN]","[NaN,NaN,NaN,NaN]","[NaN,NaN,NaN,NaN,NaN,NaN]",0.000066,153,0,[],null,[],0,,,90.742477,,0,,0,,
2026-08-12T14:30:14.610306+00:00,17789.893349139,depth_scale_10cm_outbound_retry_disarmed,0,"[0.0,0.0,0.0,0.0]",1,1,1,1,0.000000,571,13135800,1,0,0,1,0,1460973155,102,4866,2753,0,50,"[0.8238008618354797,-0.04721697419881821,0.004605997819453478,-0.5648906826972961]","[-0.0006772052147425711,0.016285615041851997,-0.013080824166536331]","[0.42362600564956665,-0.8211989998817444,9.74150276184082]",-1.20024014,-0.0130808242,13.4369383,131682,"[0.0,0.0,0.0,0.0]","[0.0,0.0,0.0,0.0,0.0,0.0,0.0,0.0]","[0.0,0.0,0.0,0.0,0.0,0.0,0.0,0.0]",255,1,1,0,,0,,,"[NaN,NaN,NaN]","[NaN,NaN,NaN,NaN]","[NaN,NaN,NaN,NaN,NaN,NaN]",0.002208,154,0,[],null,[],0,,,89.410318,,0,,0,,
2026-08-12T14:30:14.660694+00:00,17789.943298481,depth_scale_10cm_outbound_retry_disarmed,0,"[0.0,0.0,0.0,0.0]",1,1,1,1,0.000000,572,13135850,1,0,0,1,0,1460973155,103,48695,2754,0,51,"[0.8234884142875671,-0.047073956578969955,0.004905995447188616,-0.5653555393218994]","[-0.006192584987729788,0.010706443339586258,-0.013014554046094418]","[0.40929898619651794,-0.8259810209274292,9.739009857177734]",-1.20138526,-0.013014554,13.4369383,131682,"[0.0,0.0,0.0,0.0]","[0.0,0.0,0.0,0.0,0.0,0.0,0.0,0.0]","[0.0,0.0,0.0,0.0,0.0,0.0,0.0,0.0]",255,1,1,0,,0,,,"[NaN,NaN,NaN]","[NaN,NaN,NaN,NaN]","[NaN,NaN,NaN,NaN,NaN,NaN]",0.002176,155,0,[],null,[],0,,,88.337864,,0,,0,,
2026-08-12T14:30:14.711180+00:00,17789.993354029,depth_scale_10cm_outbound_retry_disarmed,0,"[0.0,0.0,0.0,0.0]",1,1,1,1,0.000000,573,13135900,1,0,0,1,0,1460973155,104,6817,2755,0,50,"[0.8231902122497559,-0.04717499390244484,0.005162000190466642,-0.565778911113739]","[-0.0171981081366539,0.003922715317457914,-0.012347925454378128]","[0.4308460056781769,-0.8190469741821289,9.727161407470703]",-1.20242333,-0.0123479255,13.4021425,131341,"[0.0,0.0,0.0,0.0]","[0.0,0.0,0.0,0.0,0.0,0.0,0.0,0.0]","[0.0,0.0,0.0,0.0,0.0,0.0,0.0,0.0]",255,1,1,0,,0,,,"[NaN,NaN,NaN]","[NaN,NaN,NaN,NaN]","[NaN,NaN,NaN,NaN,NaN,NaN]",0.001506,157,0,[],null,[],0,,,86.160745,,0,,0,,
2026-08-12T14:30:14.761167+00:00,17790.043330557,depth_scale_10cm_outbound_retry_disarmed,0,"[0.0,0.0,0.0,0.0]",1,1,1,1,0.000000,574,13135950,1,0,0,1,0,1460973155,105,39655,2756,0,50,"[0.8229056596755981,-0.04751194640994072,0.005389994941651821,-0.5661624670028687]","[-0.020267758518457413,0.0002147627528756857,-0.011077133938670158]","[0.4403989911079407,-0.8265269994735718,9.71298885345459]",-1.20335925,-0.0110771339,13.4021425,131341,"[0.0,0.0,0.0,0.0]","[0.0,0.0,0.0,0.0,0.0,0.0,0.0,0.0]","[0.0,0.0,0.0,0.0,0.0,0.0,0.0,0.0]",255,1,1,0,,0,,,"[NaN,NaN,NaN]","[NaN,NaN,NaN,NaN]","[NaN,NaN,NaN,NaN,NaN,NaN]",0.002178,158,0,[],null,[],0,,,85.002358,,0,,0,,
2026-08-12T14:30:14.811185+00:00,17790.093365001,depth_scale_10cm_outbound_retry_disarmed,0,"[0.0,0.0,0.0,0.0]",1,1,1,1,0.000000,575,13136000,1,0,0,1,0,1460973155,106,64585,2757,0,50,"[0.8226413726806641,-0.04795195907354355,0.005574995186179876,-0.5665075182914734]","[-0.023951346054673195,-0.0036663434002548456,-0.007360542193055153]","[0.46759599447250366,-0.8150650262832642,9.684346199035645]",-1.20419788,-0.00736054219,13.3652039,130979,"[0.0,0.0,0.0,0.0]","[0.0,0.0,0.0,0.0,0.0,0.0,0.0,0.0]","[0.0,0.0,0.0,0.0,0.0,0.0,0.0,0.0]",255,1,1,0,,0,,,"[NaN,NaN,NaN]","[NaN,NaN,NaN,NaN]","[NaN,NaN,NaN,NaN,NaN,NaN]",0.001505,160,0,[],null,[],0,,,83.106688,,0,,0,,
2026-08-12T14:30:14.861131+00:00,17790.143298261,depth_scale_10cm_outbound_retry_disarmed,0,"[0.0,0.0,0.0,0.0]",1,1,1,1,0.000000,576,13136050,1,0,0,1,0,1460973155,107,27241,2758,0,50,"[0.8224149346351624,-0.04855794459581375,0.005793993826955557,-0.5667823553085327]","[-0.028845982626080513,-0.00650758296251297,-0.004281222820281982]","[0.5098479986190796,-0.8280559778213501,9.634647369384766]",-1.20486498,-0.00428122282,13.3652039,130979,"[0.0,0.0,0.0,0.0]","[0.0,0.0,0.0,0.0,0.0,0.0,0.0,0.0]","[0.0,0.0,0.0,0.0,0.0,0.0,0.0,0.0]",255,1,1,0,,0,,,"[NaN,NaN,NaN]","[NaN,NaN,NaN,NaN]","[NaN,NaN,NaN,NaN,NaN,NaN]",0.001506,162,0,[],null,[],0,,,84.325381,,0,,0,,
2026-08-12T14:30:14.911195+00:00,17790.193371712,depth_scale_10cm_outbound_retry_disarmed,0,"[0.0,0.0,0.0,0.0]",1,1,1,1,0.000000,577,13136100,1,0,0,1,0,1460973155,108,6259,2759,0,50,"[0.8222231864929199,-0.049240972846746445,0.0060849967412650585,-0.5669986605644226]","[-0.03309826925396919,-0.003953834064304829,-0.0019054982112720609]","[0.5002779960632324,-0.8352649807929993,9.632245063781738]",-1.2053926,-0.00190549821,13.3297958,130632,"[0.0,0.0,0.0,0.0]","[0.0,0.0,0.0,0.0,0.0,0.0,0.0,0.0]","[0.0,0.0,0.0,0.0,0.0,0.0,0.0,0.0]",255,1,1,0,,0,,,"[NaN,NaN,NaN]","[NaN,NaN,NaN,NaN]","[NaN,NaN,NaN,NaN,NaN,NaN]",0.002216,163,0,[],null,[],0,,,84.496976,,0,,0,,
2026-08-12T14:30:14.961174+00:00,17790.243300632,depth_scale_10cm_outbound_retry_disarmed,0,"[0.0,0.0,0.0,0.0]",1,1,1,1,0.000000,578,13136150,1,0,0,1,0,1460973155,109,56479,2760,0,50,"[0.822075605392456,-0.049958955496549606,0.006469992455095053,-0.5671454668045044]","[-0.03735145926475525,-0.0013923888327553868,0.0010816503781825304]","[0.5121359825134277,-0.8547089695930481,9.623071670532227]",-1.20575631,0.00108165038,13.3297958,130632,"[0.0,0.0,0.0,0.0]","[0.0,0.0,0.0,0.0,0.0,0.0,0.0,0.0]","[0.0,0.0,0.0,0.0,0.0,0.0,0.0,0.0]",255,1,1,0,,0,,,"[NaN,NaN,NaN]","[NaN,NaN,NaN,NaN]","[NaN,NaN,NaN,NaN,NaN,NaN]",0.001514,165,0,[],null,[],0,,,82.26474,,0,,0,,
2026-08-12T14:30:15.010387+00:00,17790.292990743,depth_scale_10cm_outbound_retry_disarmed,0,"[0.0,0.0,0.0,0.0]",1,1,1,1,0.000000,579,13136200,1,0,0,1,0,1460973155,110,41730,2761,0,49,"[0.8219689130783081,-0.05062197893857956,0.006947995163500309,-0.5672357082366943]","[-0.03122870624065399,0.0048529403284192085,0.004676714539527893]","[0.5192779898643494,-0.8571469783782959,9.623189926147461]",-1.20598984,0.00467671454,13.2957134,130298,"[0.0,0.0,0.0,0.0]","[0.0,0.0,0.0,0.0,0.0,0.0,0.0,0.0]","[0.0,0.0,0.0,0.0,0.0,0.0,0.0,0.0]",255,1,1,0,,0,,,"[NaN,NaN,NaN]","[NaN,NaN,NaN,NaN]","[NaN,NaN,NaN,NaN,NaN,NaN]",0.001812,166,0,[],null,[],0,,,84.525639,,0,,0,,
2026-08-12T14:30:15.059986+00:00,17790.343127642,depth_scale_10cm_outbound_retry_disarmed,0,"[0.0,0.0,0.0,0.0]",1,1,1,1,0.000000,580,13136250,1,0,0,1,0,1460973155,111,20280,2762,0,50,"[0.8218995332717896,-0.05115095525979996,0.0075169941410422325,-0.5672815442085266]","[-0.031824544072151184,0.008022335357964039,0.008286438882350922]","[0.507224977016449,-0.876226007938385,9.630526542663574]",-1.20612466,0.00828643888,13.2957134,130298,"[0.0,0.0,0.0,0.0]","[0.0,0.0,0.0,0.0,0.0,0.0,0.0,0.0]","[0.0,0.0,0.0,0.0,0.0,0.0,0.0,0.0]",255,1,1,0,,0,,,"[NaN,NaN,NaN]","[NaN,NaN,NaN,NaN]","[NaN,NaN,NaN,NaN,NaN,NaN]",0.001375,168,0,[],null,[],0,,,82.089714,,0,,0,,
2026-08-12T14:30:15.110926+00:00,17790.393441120,depth_scale_10cm_outbound_retry_disarmed,0,"[0.0,0.0,0.0,0.0]",1,1,1,1,0.000000,581,13136300,1,0,0,1,0,1460973155,112,30991,2763,0,51,"[0.8218693733215332,-0.05154195800423622,0.008115994744002819,-0.5672815442085266]","[-0.025098463520407677,0.012345971539616585,0.00824966561049223]","[0.4958980083465576,-0.8974679708480835,9.653899192810059]",-1.20615423,0.00824966561,13.2623463,129971,"[0.0,0.0,0.0,0.0]","[0.0,0.0,0.0,0.0,0.0,0.0,0.0,0.0]","[0.0,0.0,0.0,0.0,0.0,0.0,0.0,0.0]",255,1,1,0,,0,,,"[NaN,NaN,NaN]","[NaN,NaN,NaN,NaN]","[NaN,NaN,NaN,NaN,NaN,NaN]",0.002205,169,0,[],null,[],0,,,81.185617,,0,,0,,
2026-08-12T14:30:15.161121+00:00,17790.443284507,depth_scale_10cm_outbound_retry_disarmed,0,"[0.0,0.0,0.0,0.0]",1,1,1,1,0.000000,582,13136350,1,0,0,1,0,1460973155,113,32146,2764,0,50,"[0.8218730688095093,-0.05176793038845062,0.008674989454448223,-0.5672472715377808]","[-0.020222816616296768,0.013600739650428295,0.011314359493553638]","[0.48066601157188416,-0.9140769839286804,9.664362907409668]",-1.20610237,0.0113143595,13.2623463,129971,"[0.0,0.0,0.0,0.0]","[0.0,0.0,0.0,0.0,0.0,0.0,0.0,0.0]","[0.0,0.0,0.0,0.0,0.0,0.0,0.0,0.0]",239,1,1,0,,0,,,"[NaN,NaN,NaN]","[NaN,NaN,NaN,NaN]","[NaN,NaN,NaN,NaN,NaN,NaN]",0.000505,171,0,[],null,[],0,,,80.056777,,0,,0,,
2026-08-12T14:30:15.211296+00:00,17790.493460426,depth_scale_10cm_outbound_retry_disarmed,0,"[0.0,0.0,0.0,0.0]",1,1,1,1,0.000000,583,13136400,1,0,0,1,0,1460973155,114,28837,2765,0,50,"[0.8219065070152283,-0.05188295245170593,0.009172990918159485,-0.5671804547309875]","[-0.01476243231445551,0.010469269938766956,0.013237240724265575]","[0.4734930098056793,-0.9139710068702698,9.669076919555664]",-1.20597076,0.0132372407,13.2279587,129634,"[0.0,0.0,0.0,0.0]","[0.0,0.0,0.0,0.0,0.0,0.0,0.0,0.0]","[0.0,0.0,0.0,0.0,0.0,0.0,0.0,0.0]",239,1,1,0,,0,,,"[NaN,NaN,NaN]","[NaN,NaN,NaN,NaN]","[NaN,NaN,NaN,NaN,NaN,NaN]",0.002233,172,0,[],null,[],0,,,79.214632,,0,,0,,
2026-08-12T14:30:15.260212+00:00,17790.542662989,depth_scale_10cm_outbound_retry_disarmed,0,"[0.0,0.0,0.0,0.0]",1,1,1,1,0.000000,584,13136450,1,0,0,1,0,1460973155,115,26696,2766,0,49,"[0.8219687938690186,-0.05193597450852394,0.009572995826601982,-0.567078709602356]","[-0.009895284660160542,0.009829380549490452,0.0145007548853755]","[0.4758780002593994,-0.9139819741249084,9.66910457611084]",-1.20574963,0.0145007549,13.2279587,129634,"[0.0,0.0,0.0,0.0]","[0.0,0.0,0.0,0.0,0.0,0.0,0.0,0.0]","[0.0,0.0,0.0,0.0,0.0,0.0,0.0,0.0]",239,1,1,0,,0,,,"[NaN,NaN,NaN]","[NaN,NaN,NaN,NaN]","[NaN,NaN,NaN,NaN,NaN,NaN]",0.001138,174,0,[],null,[],0,,,78.502011,,0,,0,,
2026-08-12T14:30:15.311282+00:00,17790.593449392,depth_scale_10cm_outbound_retry_disarmed,0,"[0.0,0.0,0.0,0.0]",1,1,1,1,0.000000,585,13136500,1,0,0,1,0,1460973155,116,20462,2767,0,51,"[0.8220597505569458,-0.05199797451496124,0.009889996610581875,-0.5669357180595398]","[-0.008082951419055462,0.0073222145438194275,0.014556064270436764]","[0.46383801102638245,-0.9306550025939941,9.676407814025879]",-1.205423,0.0145560643,13.2037754,129397,"[0.0,0.0,0.0,0.0]","[0.0,0.0,0.0,0.0,0.0,0.0,0.0,0.0]","[0.0,0.0,0.0,0.0,0.0,0.0,0.0,0.0]",239,1,1,0,,0,,,"[NaN,NaN,NaN]","[NaN,NaN,NaN,NaN]","[NaN,NaN,NaN,NaN,NaN,NaN]",0.002202,175,0,[],null,[],0,,,79.961941,,0,,0,,
2026-08-12T14:30:15.361133+00:00,17790.643301870,depth_scale_10cm_outbound_retry_disarmed,0,"[0.0,0.0,0.0,0.0]",1,1,1,1,0.000000,586,13136550,1,0,0,1,0,1460973155,117,35954,2768,0,50,"[0.8221745491027832,-0.05191197991371155,0.010020996443927288,-0.566774845123291]","[0.002249205717816949,0.004166990984231234,0.01711995340883732]","[0.4471589922904968,-0.9208099842071533,9.68566608428955]",-1.20504308,0.0171199534,13.2037754,129397,"[0.0,0.0,0.0,0.0]","[0.0,0.0,0.0,0.0,0.0,0.0,0.0,0.0]","[0.0,0.0,0.0,0.0,0.0,0.0,0.0,0.0]",255,1,1,0,,0,,,"[NaN,NaN,NaN]","[NaN,NaN,NaN,NaN]","[NaN,NaN,NaN,NaN,NaN,NaN]",0.000857,177,0,[],null,[],0,,,79.565526,,0,,0,,
2026-08-12T14:30:15.411224+00:00,17790.693412712,depth_scale_10cm_outbound_retry_disarmed,0,"[0.0,0.0,0.0,0.0]",1,1,1,1,0.000000,587,13136600,1,0,0,1,0,1460973155,118,15854,2769,0,50,"[0.8223187923431396,-0.051739972084760666,0.010051995515823364,-0.5665807127952576]","[0.0028527581598609686,0.0035546424333006144,0.018357601016759872]","[0.42395201325416565,-0.9348179697990417,9.706396102905273]",-1.20457709,0.018357601,13.1743879,129109,"[0.0,0.0,0.0,0.0]","[0.0,0.0,0.0,0.0,0.0,0.0,0.0,0.0]","[0.0,0.0,0.0,0.0,0.0,0.0,0.0,0.0]",255,1,1,0,,0,,,"[NaN,NaN,NaN]","[NaN,NaN,NaN,NaN]","[NaN,NaN,NaN,NaN,NaN,NaN]",0.002192,178,0,[],null,[],0,,,78.879589,,0,,0,,
2026-08-12T14:30:15.460439+00:00,17790.742948189,depth_scale_10cm_outbound_retry_disarmed,0,"[0.0,0.0,0.0,0.0]",1,1,1,1,0.000000,588,13136650,1,0,0,1,0,1460973155,119,17833,2770,0,49,"[0.8224833607673645,-0.05153895914554596,0.010029991157352924,-0.566360592842102]","[0.007719905115664005,0.002914752345532179,0.019621115177869797]","[0.39914998412132263,-0.9389529824256897,9.742952346801758]",-1.20404494,0.0196211152,13.1743879,129109,"[0.0,0.0,0.0,0.0]","[0.0,0.0,0.0,0.0,0.0,0.0,0.0,0.0]","[0.0,0.0,0.0,0.0,0.0,0.0,0.0,0.0]",255,1,1,0,,0,,,"[NaN,NaN,NaN]","[NaN,NaN,NaN,NaN]","[NaN,NaN,NaN,NaN,NaN,NaN]",0.001183,180,0,[],null,[],0,,,80.246454,,0,,0,,
2026-08-12T14:30:15.509913+00:00,17790.793060005,depth_scale_10cm_outbound_retry_disarmed,0,"[0.0,0.0,0.0,0.0]",1,1,1,1,0.000000,589,13136700,1,0,0,1,0,1460973155,120,31538,2771,0,50,"[0.8226638436317444,-0.05127696692943573,0.009994995780289173,-0.5661227107048035]","[0.00894927978515625,0.004778414964675903,0.01959533616900444]","[0.38251399993896484,-0.9292910099029541,9.74022102355957]",-1.20346999,0.0195953362,13.1743879,129109,"[0.0,0.0,0.0,0.0]","[0.0,0.0,0.0,0.0,0.0,0.0,0.0,0.0]","[0.0,0.0,0.0,0.0,0.0,0.0,0.0,0.0]",255,1,1,0,,0,,,"[NaN,NaN,NaN]","[NaN,NaN,NaN,NaN]","[NaN,NaN,NaN,NaN,NaN,NaN]",0.001913,181,0,[],null,[],0,,,83.710328,,0,,0,,
2026-08-12T14:30:15.559845+00:00,17790.842439206,depth_scale_10cm_outbound_retry_disarmed,0,"[0.0,0.0,0.0,0.0]",1,1,1,1,0.000000,590,13136750,1,0,0,1,0,1460973155,121,15584,2772,0,50,"[0.8228496313095093,-0.051020972430706024,0.009996995329856873,-0.565875768661499]","[0.007749768439680338,0.007905486039817333,0.019532643258571625]","[0.3919689953327179,-0.9437310099601746,9.742940902709961]",-1.20287561,0.0195326433,13.14153,128787,"[0.0,0.0,0.0,0.0]","[0.0,0.0,0.0,0.0,0.0,0.0,0.0,0.0]","[0.0,0.0,0.0,0.0,0.0,0.0,0.0,0.0]",191,1,1,0,,0,,,"[NaN,NaN,NaN]","[NaN,NaN,NaN,NaN]","[NaN,NaN,NaN,NaN,NaN,NaN]",0.000986,183,0,[],null,[],0,,,83.064138,,0,,0,,
2026-08-12T14:30:15.611305+00:00,17790.893469504,depth_scale_10cm_outbound_retry_disarmed,0,"[0.0,0.0,0.0,0.0]",1,1,1,1,0.000000,591,13136800,1,0,0,1,0,1460973155,122,22542,2773,0,51,"[0.823020339012146,-0.05072096362709999,0.010050992481410503,-0.5656535625457764]","[0.006540883332490921,0.009145612828433514,0.01828024908900261]","[0.38727501034736633,-0.939117968082428,9.728425979614258]",-1.20234561,0.0182802491,13.14153,128787,"[0.0,0.0,0.0,0.0]","[0.0,0.0,0.0,0.0,0.0,0.0,0.0,0.0]","[0.0,0.0,0.0,0.0,0.0,0.0,0.0,0.0]",191,1,1,0,,0,,,"[NaN,NaN,NaN]","[NaN,NaN,NaN,NaN]","[NaN,NaN,NaN,NaN,NaN,NaN]",0.002204,184,0,[],null,[],0,,,85.697967,,0,,0,,
2026-08-12T14:30:15.661110+00:00,17790.943280783,depth_scale_10cm_outbound_retry_disarmed,0,"[0.0,0.0,0.0,0.0]",1,1,1,1,0.000000,592,13136850,1,0,0,1,0,1460973155,123,58552,2774,0,50,"[0.8231765031814575,-0.050407953560352325,0.010154989548027515,-0.565452516078949]","[0.007769577670842409,0.010577952489256859,0.017038915306329727]","[0.34108099341392517,-0.9303500056266785,9.762948989868164]",-1.20196068,0.0170389153,13.1073465,128452,"[0.0,0.0,0.0,0.0]","[0.0,0.0,0.0,0.0,0.0,0.0,0.0,0.0]","[0.0,0.0,0.0,0.0,0.0,0.0,0.0,0.0]",187,1,1,0,,0,,,"[NaN,NaN,NaN]","[NaN,NaN,NaN,NaN]","[NaN,NaN,NaN,NaN,NaN,NaN]",0.001511,186,0,[],null,[],0,,,83.497915,,0,,0,,
2026-08-12T14:30:15.711261+00:00,17790.993345770,depth_scale_10cm_outbound_retry_disarmed,0,"[0.0,0.0,0.0,0.0]",1,1,1,1,0.000000,593,13136900,1,0,0,1,0,1460973155,124,38562,2775,0,50,"[0.8232940435409546,-0.05011894553899765,0.0102999871596694,-0.5653043389320374]","[0.002293903613463044,0.010998401790857315,0.01455250196158886]","[0.3203220069408417,-0.9183939695358276,9.80411434173584]",-1.20152664,0.014552502,13.1073465,128452,"[0.0,0.0,0.0,0.0]","[0.0,0.0,0.0,0.0,0.0,0.0,0.0,0.0]","[0.0,0.0,0.0,0.0,0.0,0.0,0.0,0.0]",249,1,1,0,,0,,,"[NaN,NaN,NaN]","[NaN,NaN,NaN,NaN]","[NaN,NaN,NaN,NaN,NaN,NaN]",0.002204,187,0,[],null,[],0,,,82.575672,,0,,0,,
2026-08-12T14:30:15.761114+00:00,17791.043284604,depth_scale_10cm_outbound_retry_disarmed,0,"[0.0,0.0,0.0,0.0]",1,1,1,1,0.000000,594,13136950,1,0,0,1,0,1460973155,125,56090,2776,0,50,"[0.8233851790428162,-0.04996899515390396,0.010459000244736671,-0.5651819705963135]","[-0.003818448865786195,0.0072869774885475636,0.013970471918582916]","[0.3012230098247528,-0.9182329773902893,9.80868911743164]",-1.20124364,0.0139704719,13.0694895,128081,"[0.0,0.0,0.0,0.0]","[0.0,0.0,0.0,0.0,0.0,0.0,0.0,0.0]","[0.0,0.0,0.0,0.0,0.0,0.0,0.0,0.0]",249,1,1,0,,0,,,"[NaN,NaN,NaN]","[NaN,NaN,NaN,NaN]","[NaN,NaN,NaN,NaN,NaN,NaN]",0.001507,189,0,[],null,[],0,,,81.690548,,0,,0,,
2026-08-12T14:30:15.811292+00:00,17791.093460652,depth_scale_10cm_outbound_retry_disarmed,0,"[0.0,0.0,0.0,0.0]",1,1,1,1,0.000000,595,13137000,1,0,0,1,0,1460973155,126,54829,2777,0,50,"[0.823444664478302,-0.05000095069408417,0.010562989860773087,-0.5650904178619385]","[-0.004456610884517431,0.0016377819702029228,0.011009030975401402]","[0.30831098556518555,-0.9278140068054199,9.81371021270752]",-1.20102835,0.011009031,13.0694895,128081,"[0.0,0.0,0.0,0.0]","[0.0,0.0,0.0,0.0,0.0,0.0,0.0,0.0]","[0.0,0.0,0.0,0.0,0.0,0.0,0.0,0.0]",249,1,1,0,,0,,,"[NaN,NaN,NaN]","[NaN,NaN,NaN,NaN]","[NaN,NaN,NaN,NaN,NaN,NaN]",0.002246,190,0,[],null,[],0,,,83.864879,,0,,0,,
2026-08-12T14:30:15.861125+00:00,17791.143263556,depth_scale_10cm_outbound_retry_disarmed,0,"[0.0,0.0,0.0,0.0]",1,1,1,1,0.000000,596,13137050,1,0,0,1,0,1460973155,127,4801,2778,0,50,"[0.8234694600105286,-0.05012495815753937,0.010559992864727974,-0.5650435090065002]","[-0.00692293606698513,-0.003991882316768169,0.008647983893752098]","[0.3083699941635132,-0.9182289838790894,9.811171531677246]",-1.20091236,0.00864798389,13.0303059,127697,"[0.0,0.0,0.0,0.0]","[0.0,0.0,0.0,0.0,0.0,0.0,0.0,0.0]","[0.0,0.0,0.0,0.0,0.0,0.0,0.0,0.0]",253,1,1,0,,0,,,"[NaN,NaN,NaN]","[NaN,NaN,NaN,NaN]","[NaN,NaN,NaN,NaN,NaN,NaN]",0.001491,192,0,[],null,[],0,,,82.437454,,0,,0,,
2026-08-12T14:30:15.910044+00:00,17791.192949711,depth_scale_10cm_outbound_retry_disarmed,0,"[0.0,0.0,0.0,0.0]",1,1,1,1,0.000000,597,13137100,1,0,0,1,0,1460973155,128,7115,2779,0,49,"[0.8234648108482361,-0.050366971641778946,0.010502993129193783,-0.5650296807289124]","[-0.009379871189594269,-0.00773460092023015,0.0074766590259969234]","[0.3082810044288635,-0.925225019454956,9.825666427612305]",-1.20087051,0.00747665903,13.0303059,127697,"[0.0,0.0,0.0,0.0]","[0.0,0.0,0.0,0.0,0.0,0.0,0.0,0.0]","[0.0,0.0,0.0,0.0,0.0,0.0,0.0,0.0]",255,1,1,0,,0,,,"[NaN,NaN,NaN]","[NaN,NaN,NaN,NaN]","[NaN,NaN,NaN,NaN,NaN,NaN]",0.001749,193,0,[],null,[],0,,,83.080169,,0,,0,,
2026-08-12T14:30:15.960210+00:00,17791.243277157,depth_scale_10cm_outbound_retry_disarmed,0,"[0.0,0.0,0.0,0.0]",1,1,1,1,0.000000,598,13137150,1,0,0,1,0,1460973155,129,63473,2780,0,50,"[0.8234436511993408,-0.05059897527098656,0.010393994860351086,-0.5650417804718018]","[-0.007375308312475681,-0.013210886158049107,0.0031008217483758926]","[0.31550300121307373,-0.9198049902915955,9.815274238586426]",-1.20088816,0.00310082175,12.9940815,127342,"[0.0,0.0,0.0,0.0]","[0.0,0.0,0.0,0.0,0.0,0.0,0.0,0.0]","[0.0,0.0,0.0,0.0,0.0,0.0,0.0,0.0]",255,1,1,0,,0,,,"[NaN,NaN,NaN]","[NaN,NaN,NaN,NaN]","[NaN,NaN,NaN,NaN,NaN,NaN]",0.002153,194,0,[],null,[],0,,,81.827267,,0,,0,,
2026-08-12T14:30:16.011017+00:00,17791.293354042,depth_scale_10cm_outbound_retry_disarmed,0,"[0.0,0.0,0.0,0.0]",1,1,1,1,0.000000,599,13137200,1,0,0,1,0,1460973155,130,23838,2781,0,51,"[0.8233826756477356,-0.05094797536730766,0.010147996246814728,-0.5651037693023682]","[-0.006357083097100258,-0.012806684710085392,0.002691960893571377]","[0.3059769868850708,-0.9181820154190063,9.813542366027832]",-1.201015,0.00269196089,12.9940815,127342,"[0.0,0.0,0.0,0.0]","[0.0,0.0,0.0,0.0,0.0,0.0,0.0,0.0]","[0.0,0.0,0.0,0.0,0.0,0.0,0.0,0.0]",255,1,1,0,,0,,,"[NaN,NaN,NaN]","[NaN,NaN,NaN,NaN]","[NaN,NaN,NaN,NaN,NaN,NaN]",0.001497,196,0,[],null,[],0,,,82.277262,,0,,0,,
2026-08-12T14:30:16.061120+00:00,17791.343289997,depth_scale_10cm_outbound_retry_disarmed,0,"[0.0,0.0,0.0,0.0]",1,1,1,1,0.000000,600,13137250,1,0,0,1,0,1460973155,131,45924,2782,0,50,"[0.8233216404914856,-0.05119997262954712,0.009931996464729309,-0.5651737451553345]","[-0.0032938728109002113,-0.009699441492557526,0.003266592975705862]","[0.3179360032081604,-0.9134619832038879,9.811211585998535]",-1.2011652,0.00326659298,12.9708166,127114,"[0.0,0.0,0.0,0.0]","[0.0,0.0,0.0,0.0,0.0,0.0,0.0,0.0]","[0.0,0.0,0.0,0.0,0.0,0.0,0.0,0.0]",127,1,1,0,,0,,,"[NaN,NaN,NaN]","[NaN,NaN,NaN,NaN]","[NaN,NaN,NaN,NaN,NaN,NaN]",0.002157,197,0,[],null,[],0,,,81.258524,,0,,0,,
2026-08-12T14:30:16.111198+00:00,17791.393388113,depth_scale_10cm_outbound_retry_disarmed,0,"[0.0,0.0,0.0,0.0]",1,1,1,1,0.000000,601,13137300,1,0,0,1,0,1460973155,132,49534,2783,0,50,"[0.8232566714286804,-0.05133094638586044,0.009764990769326687,-0.5652594566345215]","[-0.0020486675202846527,-0.0053481427021324635,0.0025851118844002485]","[0.3202959895133972,-0.9084429740905762,9.825557708740234]",-1.20135915,0.00258511188,12.9708166,127114,"[0.0,0.0,0.0,0.0]","[0.0,0.0,0.0,0.0,0.0,0.0,0.0,0.0]","[0.0,0.0,0.0,0.0,0.0,0.0,0.0,0.0]",95,1,1,0,,0,,,"[NaN,NaN,NaN]","[NaN,NaN,NaN,NaN]","[NaN,NaN,NaN,NaN,NaN,NaN]",0.001498,199,0,[],null,[],0,,,79.769438,,0,,0,,
2026-08-12T14:30:16.161291+00:00,17791.443424298,depth_scale_10cm_outbound_retry_disarmed,0,"[0.0,0.0,0.0,0.0]",1,1,1,1,0.000000,602,13137350,1,0,0,1,0,1460973155,133,22366,2784,0,50,"[0.8231897950172424,-0.05134594067931175,0.00965098850429058,-0.5653573274612427]","[-0.0008043524576351047,-0.0009891304653137922,0.002515089465305209]","[0.320372998714447,-0.8989310264587402,9.818222045898438]",-1.20158839,0.00251508947,12.950408,126914,"[0.0,0.0,0.0,0.0]","[0.0,0.0,0.0,0.0,0.0,0.0,0.0,0.0]","[0.0,0.0,0.0,0.0,0.0,0.0,0.0,0.0]",95,1,1,0,,0,,,"[NaN,NaN,NaN]","[NaN,NaN,NaN,NaN]","[NaN,NaN,NaN,NaN,NaN,NaN]",0.002216,200,0,[],null,[],0,,,79.530996,,0,,0,,
2026-08-12T14:30:16.211251+00:00,17791.493328520,depth_scale_10cm_outbound_retry_disarmed,0,"[0.0,0.0,0.0,0.0]",1,1,1,1,0.000000,603,13137400,1,0,0,1,0,1460973155,134,12784,2785,0,50,"[0.8231183886528015,-0.0512559600174427,0.009658991359174252,-0.56546950340271]","[-0.00015419984993059188,0.005869175773113966,0.002397140022367239]","[0.3371660113334656,-0.8920490145683289,9.801521301269531]",-1.20186257,0.00239714002,12.950408,126914,"[0.0,0.0,0.0,0.0]","[0.0,0.0,0.0,0.0,0.0,0.0,0.0,0.0]","[0.0,0.0,0.0,0.0,0.0,0.0,0.0,0.0]",95,1,1,0,,0,,,"[NaN,NaN,NaN]","[NaN,NaN,NaN,NaN]","[NaN,NaN,NaN,NaN,NaN,NaN]",0.001519,202,0,[],null,[],0,,,78.020058,,0,,0,,
2026-08-12T14:30:16.261165+00:00,17791.543327661,depth_scale_10cm_outbound_retry_disarmed,0,"[0.0,0.0,0.0,0.0]",1,1,1,1,0.000000,604,13137450,1,0,0,1,0,1460973155,135,17028,2786,0,50,"[0.8230581283569336,-0.05113700032234192,0.009775000624358654,-0.5655660033226013]","[-0.0007334222900681198,0.010863837786018848,0.002304986584931612]","[0.4353860020637512,-0.9017319679260254,9.670857429504395]",-1.20210671,0.00230498658,12.950408,126914,"[0.0,0.0,0.0,0.0]","[0.0,0.0,0.0,0.0,0.0,0.0,0.0,0.0]","[0.0,0.0,0.0,0.0,0.0,0.0,0.0,0.0]",223,1,1,0,,0,,,"[NaN,NaN,NaN]","[NaN,NaN,NaN,NaN]","[NaN,NaN,NaN,NaN,NaN,NaN]",0.000856,204,0,[],null,[],0,,,79.594092,,0,,0,,
2026-08-12T14:30:16.311263+00:00,17791.593417354,depth_scale_10cm_outbound_retry_disarmed,0,"[0.0,0.0,0.0,0.0]",1,1,1,1,0.000000,605,13137500,1,0,0,1,0,1460973155,136,6646,2787,0,50,"[0.8229593634605408,-0.050917960703372955,0.010106991976499557,-0.5657235980033875]","[-0.004363619722425938,0.015269746072590351,0.0034283152781426907]","[0.3946770131587982,-0.9057689905166626,9.708830833435059]",-1.20251596,0.00342831528,12.9300003,126714,"[0.0,0.0,0.0,0.0]","[0.0,0.0,0.0,0.0,0.0,0.0,0.0,0.0]","[0.0,0.0,0.0,0.0,0.0,0.0,0.0,0.0]",255,1,1,0,,0,,,"[NaN,NaN,NaN]","[NaN,NaN,NaN,NaN]","[NaN,NaN,NaN,NaN,NaN,NaN]",0.002194,205,0,[],null,[],0,,,81.234651,,0,,0,,
2026-08-12T14:30:16.361337+00:00,17791.643412696,depth_scale_10cm_outbound_retry_disarmed,0,"[0.0,0.0,0.0,0.0]",1,1,1,1,0.000000,606,13137550,1,0,0,1,0,1460973155,137,25009,2788,0,50,"[0.8228709101676941,-0.050724972039461136,0.010481994599103928,-0.5658627152442932]","[-0.008010782301425934,0.0158863365650177,0.0009492845274507999]","[0.3995159864425659,-0.9060840010643005,9.689701080322266]",-1.20288301,0.000949284527,12.9300003,126714,"[0.0,0.0,0.0,0.0]","[0.0,0.0,0.0,0.0,0.0,0.0,0.0,0.0]","[0.0,0.0,0.0,0.0,0.0,0.0,0.0,0.0]",255,1,1,0,,0,,,"[NaN,NaN,NaN]","[NaN,NaN,NaN,NaN]","[NaN,NaN,NaN,NaN,NaN,NaN]",0.002188,206,0,[],null,[],0,,,80.289545,,0,,0,,
2026-08-12T14:30:16.410078+00:00,17791.692945534,depth_scale_10cm_outbound_retry_disarmed,0,"[0.0,0.0,0.0,0.0]",1,1,1,1,0.000000,607,13137600,1,0,0,1,0,1460973155,138,59768,2789,0,49,"[0.8227673172950745,-0.05055395886301994,0.010906991548836231,-0.5660204887390137]","[-0.004954152274876833,0.017738182097673416,0.0009345890139229596]","[0.39469000697135925,-0.9181259870529175,9.687422752380371]",-1.20329905,0.000934589014,12.917551,126592,"[0.0,0.0,0.0,0.0]","[0.0,0.0,0.0,0.0,0.0,0.0,0.0,0.0]","[0.0,0.0,0.0,0.0,0.0,0.0,0.0,0.0]",255,1,1,0,,0,,,"[NaN,NaN,NaN]","[NaN,NaN,NaN,NaN]","[NaN,NaN,NaN,NaN,NaN,NaN]",0.001098,208,0,[],null,[],0,,,80.908087,,0,,0,,
2026-08-12T14:30:16.460315+00:00,17791.743320605,depth_scale_10cm_outbound_retry_disarmed,0,"[0.0,0.0,0.0,0.0]",1,1,1,1,0.000000,608,13137650,1,0,0,1,0,1460973155,139,28379,2790,0,50,"[0.8226460814476013,-0.05034197121858597,0.011313993483781815,-0.5662076473236084]","[-0.004956072196364403,0.017098920419812202,-0.0002772455336526036]","[0.39243200421333313,-0.9088240265846252,9.665670394897461]",-1.20378613,-0.000277245534,12.917551,126592,"[0.0,0.0,0.0,0.0]","[0.0,0.0,0.0,0.0,0.0,0.0,0.0,0.0]","[0.0,0.0,0.0,0.0,0.0,0.0,0.0,0.0]",255,1,1,0,,0,,,"[NaN,NaN,NaN]","[NaN,NaN,NaN,NaN]","[NaN,NaN,NaN,NaN,NaN,NaN]",0.002166,209,0,[],null,[],0,,,81.577235,,0,,0,,
2026-08-12T14:30:16.511143+00:00,17791.793367492,depth_scale_10cm_outbound_retry_disarmed,0,"[0.0,0.0,0.0,0.0]",1,1,1,1,0.000000,609,13137700,1,0,0,1,0,1460973155,140,2610,2791,0,51,"[0.8225318193435669,-0.05017397180199623,0.011699993163347244,-0.5663806796073914]","[-0.006180682219564915,0.01650608703494072,0.0015607606619596481]","[0.3780829906463623,-0.9258149862289429,9.651362419128418]",-1.2042371,0.00156076066,12.8924484,126346,"[0.0,0.0,0.0,0.0]","[0.0,0.0,0.0,0.0,0.0,0.0,0.0,0.0]","[0.0,0.0,0.0,0.0,0.0,0.0,0.0,0.0]",255,1,1,0,,0,,,"[NaN,NaN,NaN]","[NaN,NaN,NaN,NaN]","[NaN,NaN,NaN,NaN,NaN,NaN]",0.001520,211,0,[],null,[],0,,,79.468337,,0,,0,,
2026-08-12T14:30:16.559774+00:00,17791.842405075,depth_scale_10cm_outbound_retry_disarmed,0,"[0.0,0.0,0.0,0.0]",1,1,1,1,0.000000,610,13137750,1,0,0,1,0,1460973155,141,21859,2792,0,49,"[0.8224450349807739,-0.0501689650118351,0.01205599308013916,-0.566499650478363]","[-0.01843041367828846,0.006018017418682575,0.004732163622975349]","[0.38795900344848633,-0.8904020190238953,9.610175132751465]",-1.20455241,0.00473216362,12.8924484,126346,"[0.0,0.0,0.0,0.0]","[0.0,0.0,0.0,0.0,0.0,0.0,0.0,0.0]","[0.0,0.0,0.0,0.0,0.0,0.0,0.0,0.0]",255,1,1,0,,0,,,"[NaN,NaN,NaN]","[NaN,NaN,NaN,NaN]","[NaN,NaN,NaN,NaN,NaN,NaN]",0.001467,212,0,[],null,[],0,,,79.504267,,0,,0,,
2026-08-12T14:30:16.611163+00:00,17791.893353438,depth_scale_10cm_outbound_retry_disarmed,0,"[0.0,0.0,0.0,0.0]",1,1,1,1,0.000000,611,13137800,1,0,0,1,0,1460973155,142,29378,2793,0,51,"[0.8224697113037109,-0.05087394267320633,0.012589985504746437,-0.5663893818855286]","[-0.061166584491729736,-0.006622198037803173,0.019380712881684303]","[0.3831680119037628,-0.882906973361969,9.626800537109375]",-1.20431423,0.0193807129,12.8812246,126236,"[0.0,0.0,0.0,0.0]","[0.0,0.0,0.0,0.0,0.0,0.0,0.0,0.0]","[0.0,0.0,0.0,0.0,0.0,0.0,0.0,0.0]",255,1,1,0,,0,,,"[NaN,NaN,NaN]","[NaN,NaN,NaN,NaN]","[NaN,NaN,NaN,NaN,NaN,NaN]",0.001519,214,0,[],null,[],0,,,80.073167,,0,,0,,
2026-08-12T14:30:16.661139+00:00,17791.943321323,depth_scale_10cm_outbound_retry_disarmed,0,"[0.0,0.0,0.0,0.0]",1,1,1,1,0.000000,612,13137850,1,0,0,1,0,1460973155,143,42477,2794,0,50,"[0.8226274251937866,-0.05251699313521385,0.013432998210191727,-0.5659909248352051]","[-0.08621051907539368,-0.01568743772804737,0.02978985570371151]","[0.41846099495887756,-0.9744759798049927,9.628554344177246]",-1.20338774,0.0297898557,12.8812246,126236,"[0.0,0.0,0.0,0.0]","[0.0,0.0,0.0,0.0,0.0,0.0,0.0,0.0]","[0.0,0.0,0.0,0.0,0.0,0.0,0.0,0.0]",254,1,1,0,,0,,,"[NaN,NaN,NaN]","[NaN,NaN,NaN,NaN]","[NaN,NaN,NaN,NaN,NaN,NaN]",0.002187,215,0,[],null,[],0,,,79.922819,,0,,0,,
2026-08-12T14:30:16.711187+00:00,17791.993373388,depth_scale_10cm_outbound_retry_disarmed,0,"[0.0,0.0,0.0,0.0]",1,1,1,1,0.000000,613,13137900,1,0,0,1,0,1460973155,144,16936,2795,0,50,"[0.8228572010993958,-0.05449695885181427,0.014323989860713482,-0.5654475092887878]","[-0.0874517634510994,-0.018105540424585342,0.03532975912094116]","[0.44435298442840576,-1.034621000289917,9.636933326721191]",-1.20211148,0.0353297591,12.8741837,126167,"[0.0,0.0,0.0,0.0]","[0.0,0.0,0.0,0.0,0.0,0.0,0.0,0.0]","[0.0,0.0,0.0,0.0,0.0,0.0,0.0,0.0]",254,1,1,0,,0,,,"[NaN,NaN,NaN]","[NaN,NaN,NaN,NaN]","[NaN,NaN,NaN,NaN,NaN,NaN]",0.001525,217,0,[],null,[],0,,,78.770445,,0,,0,,
2026-08-12T14:30:16.761351+00:00,17792.043495052,depth_scale_10cm_outbound_retry_disarmed,0,"[0.0,0.0,0.0,0.0]",1,1,1,1,0.000000,614,13137950,1,0,0,1,0,1460973155,145,34500,2796,0,50,"[0.8231410980224609,-0.05641496181488037,0.015178990550339222,-0.5648236274719238]","[-0.0752662941813469,-0.01756036840379238,0.03539257124066353]","[0.45831498503685,-1.0873119831085205,9.657058715820312]",-1.20064199,0.0353925712,12.8741837,126167,"[0.0,0.0,0.0,0.0]","[0.0,0.0,0.0,0.0,0.0,0.0,0.0,0.0]","[0.0,0.0,0.0,0.0,0.0,0.0,0.0,0.0]",254,1,1,0,,0,,,"[NaN,NaN,NaN]","[NaN,NaN,NaN,NaN]","[NaN,NaN,NaN,NaN,NaN,NaN]",0.000098,219,0,[],null,[],0,,,79.567505,,0,,0,,
2026-08-12T14:30:16.812990+00:00,17792.094722644,depth_scale_10cm_outbound_retry_disarmed,0,"[0.0,0.0,0.0,0.0]",1,1,1,1,0.000000,615,13138000,1,0,0,1,0,1460973155,146,29682,2797,0,52,"[0.8233874440193176,-0.05771198496222496,0.015706995502114296,-0.5643188953399658]","[-0.06002227962017059,-0.014524072408676147,0.03665252402424812]","[0.37896400690078735,-1.1407699584960938,9.75528621673584]",-1.19944513,0.036652524,12.8782644,126207,"[0.0,0.0,0.0,0.0]","[0.0,0.0,0.0,0.0,0.0,0.0,0.0,0.0]","[0.0,0.0,0.0,0.0,0.0,0.0,0.0,0.0]",255,1,1,0,,0,,,"[NaN,NaN,NaN]","[NaN,NaN,NaN,NaN]","[NaN,NaN,NaN,NaN,NaN,NaN]",0.003457,220,0,[],null,[],0,,,81.864662,,0,,0,,
2026-08-12T14:30:16.860272+00:00,17792.143261698,depth_scale_10cm_outbound_retry_disarmed,0,"[0.0,0.0,0.0,0.0]",1,1,1,1,0.000000,616,13138050,1,0,0,1,0,1460973155,147,52052,2798,0,47,"[0.8237759470939636,-0.05895496532320976,0.016173992305994034,-0.5636097192764282]","[-0.024652499705553055,-0.008560072630643845,0.03308742865920067]","[0.4195750057697296,-1.1633750200271606,9.705708503723145]",-1.1980207,0.0330874287,12.8782644,126207,"[0.0,0.0,0.0,0.0]","[0.0,0.0,0.0,0.0,0.0,0.0,0.0,0.0]","[0.0,0.0,0.0,0.0,0.0,0.0,0.0,0.0]",255,1,1,0,,0,,,"[NaN,NaN,NaN]","[NaN,NaN,NaN,NaN]","[NaN,NaN,NaN,NaN,NaN,NaN]",0.001412,221,0,[],null,[],0,,,83.354139,,0,,0,,
2026-08-12T14:30:16.910093+00:00,17792.193257281,depth_scale_10cm_outbound_retry_disarmed,0,"[0.0,0.0,0.0,0.0]",1,1,1,1,0.000000,617,13138100,1,0,0,1,0,1460973155,148,43501,2799,0,50,"[0.8241023421287537,-0.05923299118876457,0.016256995499134064,-0.5631008744239807]","[0.004026701673865318,-0.0006658605998381972,0.030671456828713417]","[0.4171980023384094,-1.1584800481796265,9.710406303405762]",-1.19675612,0.0306714568,12.8738766,126164,"[0.0,0.0,0.0,0.0]","[0.0,0.0,0.0,0.0,0.0,0.0,0.0,0.0]","[0.0,0.0,0.0,0.0,0.0,0.0,0.0,0.0]",255,1,1,0,,0,,,"[NaN,NaN,NaN]","[NaN,NaN,NaN,NaN]","[NaN,NaN,NaN,NaN,NaN,NaN]",0.001402,223,0,[],null,[],0,,,81.413115,,0,,0,,
2026-08-12T14:30:16.960617+00:00,17792.243059970,depth_scale_10cm_outbound_retry_disarmed,0,"[0.0,0.0,0.0,0.0]",1,1,1,1,0.000000,618,13138150,1,0,0,1,0,1460973155,149,31730,2800,0,50,"[0.8244223594665527,-0.05880795419216156,0.016092989593744278,-0.5626814961433411]","[0.033918432891368866,0.005957367364317179,0.027062062174081802]","[0.4100469946861267,-1.1560050249099731,9.712686538696289]",-1.19568515,0.0270620622,12.8738766,126164,"[0.0,0.0,0.0,0.0]","[0.0,0.0,0.0,0.0,0.0,0.0,0.0,0.0]","[0.0,0.0,0.0,0.0,0.0,0.0,0.0,0.0]",255,1,1,0,,0,,,"[NaN,NaN,NaN]","[NaN,NaN,NaN,NaN]","[NaN,NaN,NaN,NaN,NaN,NaN]",0.001970,224,0,[],null,[],0,,,82.967691,,0,,0,,
2026-08-12T14:30:17.011150+00:00,17792.293352743,depth_scale_10cm_outbound_retry_disarmed,0,"[0.0,0.0,0.0,0.0]",1,1,1,1,0.000000,619,13138200,1,0,0,1,0,1460973155,150,13706,2801,0,50,"[0.8247559666633606,-0.05767197161912918,0.015680992975831032,-0.5623217225074768]","[0.059562522917985916,0.015750480815768242,0.025205889716744423]","[0.3958599865436554,-1.1294070482254028,9.716931343078613]",-1.19477785,0.0252058897,12.8602037,126030,"[0.0,0.0,0.0,0.0]","[0.0,0.0,0.0,0.0,0.0,0.0,0.0,0.0]","[0.0,0.0,0.0,0.0,0.0,0.0,0.0,0.0]",255,1,1,0,,0,,,"[NaN,NaN,NaN]","[NaN,NaN,NaN,NaN]","[NaN,NaN,NaN,NaN,NaN,NaN]",0.001520,226,0,[],null,[],0,,,81.647459,,0,,0,,
2026-08-12T14:30:17.061165+00:00,17792.343326774,depth_scale_10cm_outbound_retry_disarmed,0,"[0.0,0.0,0.0,0.0]",1,1,1,1,0.000000,620,13138250,1,0,0,1,0,1460973155,151,16231,2802,0,50,"[0.825103223323822,-0.05587797984480858,0.015070994384586811,-0.5620098114013672]","[0.08093281835317612,0.024346575140953064,0.025180337950587273]","[0.36998000741004944,-1.066856026649475,9.708516120910645]",-1.19397795,0.025180338,12.8602037,126030,"[0.0,0.0,0.0,0.0]","[0.0,0.0,0.0,0.0,0.0,0.0,0.0,0.0]","[0.0,0.0,0.0,0.0,0.0,0.0,0.0,0.0]",255,1,1,0,,0,,,"[NaN,NaN,NaN]","[NaN,NaN,NaN,NaN]","[NaN,NaN,NaN,NaN,NaN,NaN]",0.002170,227,0,[],null,[],0,,,83.519779,,0,,0,,
2026-08-12T14:30:17.111193+00:00,17792.393389204,depth_scale_10cm_outbound_retry_disarmed,0,"[0.0,0.0,0.0,0.0]",1,1,1,1,0.000000,621,13138300,1,0,0,1,0,1460973155,152,45863,2803,0,50,"[0.8253848552703857,-0.05408097803592682,0.014519993215799332,-0.5617867708206177]","[0.09558822959661484,0.030490586534142494,0.02515837922692299]","[0.2672240138053894,-1.031095027923584,9.812358856201172]",-1.19327319,0.0251583792,12.8602037,126030,"[0.0,0.0,0.0,0.0]","[0.0,0.0,0.0,0.0,0.0,0.0,0.0,0.0]","[0.0,0.0,0.0,0.0,0.0,0.0,0.0,0.0]",255,1,1,0,,0,,,"[NaN,NaN,NaN]","[NaN,NaN,NaN,NaN]","[NaN,NaN,NaN,NaN,NaN,NaN]",0.001524,229,0,[],null,[],0,,,82.252234,,0,,0,,
2026-08-12T14:30:17.161217+00:00,17792.443329793,depth_scale_10cm_outbound_retry_disarmed,0,"[0.0,0.0,0.0,0.0]",1,1,1,1,0.000000,622,13138350,1,0,0,1,0,1460973155,153,9479,2804,0,50,"[0.8256729245185852,-0.05204096809029579,0.013941992074251175,-0.5615707039833069]","[0.10231712460517883,0.03544574975967407,0.025722000747919083]","[0.2653610110282898,-0.9570680260658264,9.77526569366455]",-1.19273484,0.0257220007,12.8291836,125726,"[0.0,0.0,0.0,0.0]","[0.0,0.0,0.0,0.0,0.0,0.0,0.0,0.0]","[0.0,0.0,0.0,0.0,0.0,0.0,0.0,0.0]",255,1,1,0,,0,,,"[NaN,NaN,NaN]","[NaN,NaN,NaN,NaN]","[NaN,NaN,NaN,NaN,NaN,NaN]",0.002172,230,0,[],null,[],0,,,81.172537,,0,,0,,
2026-08-12T14:30:17.210523+00:00,17792.492935031,depth_scale_10cm_outbound_retry_disarmed,0,"[0.0,0.0,0.0,0.0]",1,1,1,1,0.000000,623,13138400,1,0,0,1,0,1460973155,154,38043,2805,0,49,"[0.8261224031448364,-0.048842959105968475,0.013121986761689186,-0.5612165331840515]","[0.09806666523218155,0.03798407316207886,0.02687482349574566]","[0.25842198729515076,-0.9112229943275452,9.781708717346191]",-1.19186175,0.0268748235,12.8291836,125726,"[0.0,0.0,0.0,0.0]","[0.0,0.0,0.0,0.0,0.0,0.0,0.0,0.0]","[0.0,0.0,0.0,0.0,0.0,0.0,0.0,0.0]",255,1,1,0,,0,,,"[NaN,NaN,NaN]","[NaN,NaN,NaN,NaN]","[NaN,NaN,NaN,NaN,NaN,NaN]",0.001253,232,0,[],null,[],0,,,79.709367,,0,,0,,
2026-08-12T14:30:17.261159+00:00,17792.543342404,depth_scale_10cm_outbound_retry_disarmed,0,"[0.0,0.0,0.0,0.0]",1,1,1,1,0.000000,624,13138450,1,0,0,1,0,1460973155,155,4920,2806,0,51,"[0.8265106081962585,-0.04627297818660736,0.01254199631512165,-0.5608758330345154]","[0.08710695803165436,0.03933340311050415,0.029232032597064972]","[0.22763699293136597,-0.8628259897232056,9.790237426757812]",-1.19103134,0.0292320326,12.7603054,125051,"[0.0,0.0,0.0,0.0]","[0.0,0.0,0.0,0.0,0.0,0.0,0.0,0.0]","[0.0,0.0,0.0,0.0,0.0,0.0,0.0,0.0]",255,1,1,0,,0,,,"[NaN,NaN,NaN]","[NaN,NaN,NaN,NaN]","[NaN,NaN,NaN,NaN,NaN,NaN]",0.002163,233,0,[],null,[],0,,,79.403337,,0,,0,,
2026-08-12T14:30:17.310399+00:00,17792.592976306,depth_scale_10cm_outbound_retry_disarmed,0,"[0.0,0.0,0.0,0.0]",1,1,1,1,0.000000,625,13138500,1,0,0,1,0,1460973155,156,38389,2807,0,49,"[0.8269064426422119,-0.0439559631049633,0.012142989784479141,-0.5604875087738037]","[0.07125396281480789,0.03695574402809143,0.030403148382902145]","[0.20635700225830078,-0.8241680264472961,9.794220924377441]",-1.1900959,0.0304031484,12.7603054,125051,"[0.0,0.0,0.0,0.0]","[0.0,0.0,0.0,0.0,0.0,0.0,0.0,0.0]","[0.0,0.0,0.0,0.0,0.0,0.0,0.0,0.0]",255,1,1,0,,0,,,"[NaN,NaN,NaN]","[NaN,NaN,NaN,NaN]","[NaN,NaN,NaN,NaN,NaN,NaN]",0.001129,235,0,[],null,[],0,,,77.846011,,0,,0,,
2026-08-12T14:30:17.360199+00:00,17792.643337952,depth_scale_10cm_outbound_retry_disarmed,0,"[0.0,0.0,0.0,0.0]",1,1,1,1,0.000000,626,13138550,1,0,0,1,0,1460973155,157,31183,2808,0,50,"[0.8272882103919983,-0.04204796999692917,0.011942991986870766,-0.5600745677947998]","[0.050531890243291855,0.03457869216799736,0.02909889817237854]","[0.19216999411582947,-0.7926480174064636,9.805587768554688]",-1.18910897,0.0290988982,12.6859179,124322,"[0.0,0.0,0.0,0.0]","[0.0,0.0,0.0,0.0,0.0,0.0,0.0,0.0]","[0.0,0.0,0.0,0.0,0.0,0.0,0.0,0.0]",255,1,1,0,,0,,,"[NaN,NaN,NaN]","[NaN,NaN,NaN,NaN]","[NaN,NaN,NaN,NaN,NaN,NaN]",0.002167,236,0,[],null,[],0,,,78.229384,,0,,0,,
2026-08-12T14:30:17.410688+00:00,17792.693398964,depth_scale_10cm_outbound_retry_disarmed,0,"[0.0,0.0,0.0,0.0]",1,1,1,1,0.000000,627,13138600,1,0,0,1,0,1460973155,158,20461,2809,0,51,"[0.8276504874229431,-0.04061296209692955,0.011971989646553993,-0.5596444606781006]","[0.03160925582051277,0.028493059799075127,0.03154080733656883]","[0.17335599660873413,-0.761730968952179,9.776132583618164]",-1.18809009,0.0315408073,12.6859179,124322,"[0.0,0.0,0.0,0.0]","[0.0,0.0,0.0,0.0,0.0,0.0,0.0,0.0]","[0.0,0.0,0.0,0.0,0.0,0.0,0.0,0.0]",247,1,1,0,,0,,,"[NaN,NaN,NaN]","[NaN,NaN,NaN,NaN]","[NaN,NaN,NaN,NaN,NaN,NaN]",0.001536,238,0,[],null,[],0,,,79.743445,,0,,0,,
2026-08-12T14:30:17.461155+00:00,17792.743300798,depth_scale_10cm_outbound_retry_disarmed,0,"[0.0,0.0,0.0,0.0]",1,1,1,1,0.000000,628,13138650,1,0,0,1,0,1460973155,159,41367,2810,0,50,"[0.8279244303703308,-0.03989996388554573,0.01215598825365305,-0.5592865347862244]","[0.012094172649085522,0.02423662133514881,0.03027711808681488]","[0.15399900078773499,-0.7776740193367004,9.828917503356934]",-1.1872474,0.0302771181,12.5814285,123298,"[0.0,0.0,0.0,0.0]","[0.0,0.0,0.0,0.0,0.0,0.0,0.0,0.0]","[0.0,0.0,0.0,0.0,0.0,0.0,0.0,0.0]",247,1,1,0,,0,,,"[NaN,NaN,NaN]","[NaN,NaN,NaN,NaN]","[NaN,NaN,NaN,NaN,NaN,NaN]",0.001492,240,0,[],null,[],0,,,81.427426,,0,,0,,
2026-08-12T14:30:17.511253+00:00,17792.793425312,depth_scale_10cm_outbound_retry_disarmed,0,"[0.0,0.0,0.0,0.0]",1,1,1,1,0.000000,629,13138700,1,0,0,1,0,1460973155,160,18026,2811,0,50,"[0.8282871246337891,-0.03942394629120827,0.012641983106732368,-0.5587722659111023]","[-0.005603030323982239,0.018081435933709145,0.02783479169011116]","[0.13740499317646027,-0.7632750272750854,9.821319580078125]",-1.186046,0.0278347917,12.5814285,123298,"[0.0,0.0,0.0,0.0]","[0.0,0.0,0.0,0.0,0.0,0.0,0.0,0.0]","[0.0,0.0,0.0,0.0,0.0,0.0,0.0,0.0]",247,1,1,0,,0,,,"[NaN,NaN,NaN]","[NaN,NaN,NaN,NaN]","[NaN,NaN,NaN,NaN,NaN,NaN]",0.002203,241,0,[],null,[],0,,,84.449106,,0,,0,,
2026-08-12T14:30:17.561177+00:00,17792.843315016,depth_scale_10cm_outbound_retry_disarmed,0,"[0.0,0.0,0.0,0.0]",1,1,1,1,0.000000,630,13138750,1,0,0,1,0,1460973155,161,10014,2812,0,50,"[0.8285329937934875,-0.03948797658085823,0.013218989595770836,-0.5583896636962891]","[-0.02632136456668377,0.016328219324350357,0.026519492268562317]","[0.2307479977607727,-0.7847790122032166,9.702766418457031]",-1.18516397,0.0265194923,12.4633675,122141,"[0.0,0.0,0.0,0.0]","[0.0,0.0,0.0,0.0,0.0,0.0,0.0,0.0]","[0.0,0.0,0.0,0.0,0.0,0.0,0.0,0.0]",255,1,1,0,,0,,,"[NaN,NaN,NaN]","[NaN,NaN,NaN,NaN]","[NaN,NaN,NaN,NaN,NaN,NaN]",0.002146,242,0,[],null,[],0,,,84.322811,,0,,0,,
2026-08-12T14:30:17.611175+00:00,17792.893357230,depth_scale_10cm_outbound_retry_disarmed,0,"[0.0,0.0,0.0,0.0]",1,1,1,1,0.000000,631,13138800,1,0,0,1,0,1460973155,162,10793,2813,0,50,"[0.8286149501800537,-0.039610978215932846,0.013497992418706417,-0.5582526922225952]","[-0.028754090890288353,0.016313103958964348,0.024058910086750984]","[0.18027399480342865,-0.7951819896697998,9.79349422454834]",-1.18485284,0.0240589101,12.4633675,122141,"[0.0,0.0,0.0,0.0]","[0.0,0.0,0.0,0.0,0.0,0.0,0.0,0.0]","[0.0,0.0,0.0,0.0,0.0,0.0,0.0,0.0]",255,1,1,0,,0,,,"[NaN,NaN,NaN]","[NaN,NaN,NaN,NaN]","[NaN,NaN,NaN,NaN,NaN,NaN]",0.001505,244,0,[],null,[],0,,,84.343007,,0,,0,,
2026-08-12T14:30:17.661092+00:00,17792.943267466,depth_scale_10cm_outbound_retry_disarmed,0,"[0.0,0.0,0.0,0.0]",1,1,1,1,0.000000,632,13138850,1,0,0,1,0,1460973155,163,61125,2814,0,50,"[0.8287897706031799,-0.04044998064637184,0.014615991152822971,-0.5579047203063965]","[-0.042184311896562576,0.00879017636179924,0.014327128417789936]","[0.11781799793243408,-0.8323559761047363,9.860492706298828]",-1.18409026,0.0143271284,12.4633675,122141,"[0.0,0.0,0.0,0.0]","[0.0,0.0,0.0,0.0,0.0,0.0,0.0,0.0]","[0.0,0.0,0.0,0.0,0.0,0.0,0.0,0.0]",255,1,1,0,,0,,,"[NaN,NaN,NaN]","[NaN,NaN,NaN,NaN]","[NaN,NaN,NaN,NaN,NaN,NaN]",0.000509,246,0,[],null,[],0,,,85.123819,,0,,0,,
2026-08-12T14:30:17.711270+00:00,17792.993458641,depth_scale_10cm_outbound_retry_disarmed,0,"[0.0,0.0,0.0,0.0]",1,1,1,1,0.000000,633,13138900,1,0,0,1,0,1460973155,164,29368,2815,0,50,"[0.8287656903266907,-0.04130995646119118,0.015473983250558376,-0.557854413986206]","[-0.045212458819150925,0.00931799877434969,0.005125805269926786]","[0.20891200006008148,-0.854436993598938,9.703540802001953]",-1.18402863,0.00512580527,12.3252039,120787,"[0.0,0.0,0.0,0.0]","[0.0,0.0,0.0,0.0,0.0,0.0,0.0,0.0]","[0.0,0.0,0.0,0.0,0.0,0.0,0.0,0.0]",255,1,1,0,,0,,,"[NaN,NaN,NaN]","[NaN,NaN,NaN,NaN]","[NaN,NaN,NaN,NaN,NaN,NaN]",0.002188,247,0,[],null,[],0,,,84.660478,,0,,0,,
2026-08-12T14:30:17.760290+00:00,17793.042871877,depth_scale_10cm_outbound_retry_disarmed,0,"[0.0,0.0,0.0,0.0]",1,1,1,1,0.000000,634,13138950,1,0,0,1,0,1460973155,165,2815,2816,0,49,"[0.8286749720573425,-0.041929978877305984,0.016152990981936455,-0.5579236745834351]","[-0.047007232904434204,0.01364271529018879,0.0007571587921120226]","[0.2591489851474762,-0.8626899719238281,9.65146541595459]",-1.18424547,0.000757158792,12.3252039,120787,"[0.0,0.0,0.0,0.0]","[0.0,0.0,0.0,0.0,0.0,0.0,0.0,0.0]","[0.0,0.0,0.0,0.0,0.0,0.0,0.0,0.0]",255,1,1,0,,0,,,"[NaN,NaN,NaN]","[NaN,NaN,NaN,NaN]","[NaN,NaN,NaN,NaN,NaN,NaN]",0.001733,248,0,[],null,[],0,,,83.474666,,0,,0,,
2026-08-12T14:30:17.810110+00:00,17793.093212666,depth_scale_10cm_outbound_retry_disarmed,0,"[0.0,0.0,0.0,0.0]",1,1,1,1,0.000000,635,13139000,1,0,0,1,0,1460973155,166,22698,2817,0,50,"[0.8284331560134888,-0.04290897026658058,0.017532989382743835,-0.5581665635108948]","[-0.04510848969221115,0.023512115702033043,-0.007357557769864798]","[0.16766400635242462,-0.9422590136528015,9.769126892089844]",-1.18494046,-0.00735755777,12.3252039,120787,"[0.0,0.0,0.0,0.0]","[0.0,0.0,0.0,0.0,0.0,0.0,0.0,0.0]","[0.0,0.0,0.0,0.0,0.0,0.0,0.0,0.0]",255,1,1,0,,0,,,"[NaN,NaN,NaN]","[NaN,NaN,NaN,NaN]","[NaN,NaN,NaN,NaN,NaN,NaN]",0.001358,250,0,[],null,[],0,,,82.179361,,0,,0,,
2026-08-12T14:30:17.860670+00:00,17793.143399971,depth_scale_10cm_outbound_retry_disarmed,0,"[0.0,0.0,0.0,0.0]",1,1,1,1,0.000000,636,13139050,1,0,0,1,0,1460973155,167,62879,2818,0,51,"[0.8281686902046204,-0.04324495419859886,0.018329981714487076,-0.5585073828697205]","[-0.024355214089155197,0.0282457135617733,-0.017103686928749084]","[0.08619499951601028,-0.9599549770355225,9.84521484375]",-1.18583047,-0.0171036869,12.1840811,119404,"[0.0,0.0,0.0,0.0]","[0.0,0.0,0.0,0.0,0.0,0.0,0.0,0.0]","[0.0,0.0,0.0,0.0,0.0,0.0,0.0,0.0]",255,1,1,0,,0,,,"[NaN,NaN,NaN]","[NaN,NaN,NaN,NaN]","[NaN,NaN,NaN,NaN,NaN,NaN]",0.002179,251,0,[],null,[],0,,,81.203495,,0,,0,,
2026-08-12T14:30:17.909961+00:00,17793.192562294,depth_scale_10cm_outbound_retry_disarmed,0,"[0.0,0.0,0.0,0.0]",1,1,1,1,0.000000,637,13139100,1,0,0,1,0,1460973155,168,20745,2819,0,49,"[0.8276495933532715,-0.04301298037171364,0.019176991656422615,-0.5592657923698425]","[0.002479641931131482,0.031707730144262314,-0.02556787058711052]","[0.07910700142383575,-0.9454529881477356,9.847317695617676]",-1.1877389,-0.0255678706,12.1840811,119404,"[0.0,0.0,0.0,0.0]","[0.0,0.0,0.0,0.0,0.0,0.0,0.0,0.0]","[0.0,0.0,0.0,0.0,0.0,0.0,0.0,0.0]",255,1,1,0,,0,,,"[NaN,NaN,NaN]","[NaN,NaN,NaN,NaN]","[NaN,NaN,NaN,NaN,NaN,NaN]",0.001017,253,0,[],null,[],0,,,80.20411,,0,,0,,
2026-08-12T14:30:17.960991+00:00,17793.243200295,depth_scale_10cm_outbound_retry_disarmed,0,"[0.0,0.0,0.0,0.0]",1,1,1,1,0.000000,638,13139150,1,0,0,1,0,1460973155,169,14541,2820,0,51,"[0.8271385431289673,-0.04233098775148392,0.019625989720225334,-0.5600578188896179]","[0.02015785686671734,0.03277966007590294,-0.03037450835108757]","[0.0672919973731041,-0.9261919856071472,9.844500541687012]",-1.18969643,-0.0303745084,12.0362244,117955,"[0.0,0.0,0.0,0.0]","[0.0,0.0,0.0,0.0,0.0,0.0,0.0,0.0]","[0.0,0.0,0.0,0.0,0.0,0.0,0.0,0.0]",255,1,1,0,,0,,,"[NaN,NaN,NaN]","[NaN,NaN,NaN,NaN]","[NaN,NaN,NaN,NaN,NaN,NaN]",0.002006,254,0,[],null,[],0,,,80.93953,,0,,0,,
2026-08-12T14:30:18.011390+00:00,17793.293496806,depth_scale_10cm_outbound_retry_disarmed,0,"[0.0,0.0,0.0,0.0]",1,1,1,1,0.000000,639,13139200,1,0,0,1,0,1460973155,170,41351,2821,0,50,"[0.8265824913978577,-0.04134898632764816,0.019898992031812668,-0.5609418153762817]","[0.027480697259306908,0.03392614796757698,-0.03463246300816536]","[0.05077899992465973,-0.8949180245399475,9.839051246643066]",-1.19186234,-0.034632463,12.0362244,117955,"[0.0,0.0,0.0,0.0]","[0.0,0.0,0.0,0.0,0.0,0.0,0.0,0.0]","[0.0,0.0,0.0,0.0,0.0,0.0,0.0,0.0]",255,1,1,0,,0,,,"[NaN,NaN,NaN]","[NaN,NaN,NaN,NaN]","[NaN,NaN,NaN,NaN,NaN,NaN]",0.001545,256,0,[],null,[],0,,,81.071626,,0,,0,,
2026-08-12T14:30:18.061170+00:00,17793.343331569,depth_scale_10cm_outbound_retry_disarmed,0,"[0.0,0.0,0.0,0.0]",1,1,1,1,0.000000,640,13139250,1,0,0,1,0,1460973155,171,43882,2822,0,50,"[0.826045036315918,-0.04042994603514671,0.02005397528409958,-0.5617942810058594]","[0.027456369251012802,0.029543833807110786,-0.03577795997262001]","[0.15394799411296844,-0.8758689761161804,9.700824737548828]",-1.19394147,-0.03577796,12.0362244,117955,"[0.0,0.0,0.0,0.0]","[0.0,0.0,0.0,0.0,0.0,0.0,0.0,0.0]","[0.0,0.0,0.0,0.0,0.0,0.0,0.0,0.0]",255,1,1,0,,0,,,"[NaN,NaN,NaN]","[NaN,NaN,NaN,NaN]","[NaN,NaN,NaN,NaN,NaN,NaN]",0.002164,257,0,[],null,[],0,,,83.993619,,0,,0,,
2026-08-12T14:30:18.111189+00:00,17793.393332594,depth_scale_10cm_outbound_retry_disarmed,0,"[0.0,0.0,0.0,0.0]",1,1,1,1,0.000000,641,13139300,1,0,0,1,0,1460973155,172,55664,2823,0,50,"[0.8256743550300598,-0.03985198959708214,0.020120996981859207,-0.5623779296875]","[0.024995697662234306,0.02517726644873619,-0.03693823888897896]","[0.019992999732494354,-0.8514419794082642,9.84045696258545]",-1.19536161,-0.0369382389,11.8943872,116565,"[0.0,0.0,0.0,0.0]","[0.0,0.0,0.0,0.0,0.0,0.0,0.0,0.0]","[0.0,0.0,0.0,0.0,0.0,0.0,0.0,0.0]",255,1,1,0,,0,,,"[NaN,NaN,NaN]","[NaN,NaN,NaN,NaN]","[NaN,NaN,NaN,NaN,NaN,NaN]",0.001503,259,0,[],null,[],0,,,82.01236,,0,,0,,
2026-08-12T14:30:18.161143+00:00,17793.443309877,depth_scale_10cm_outbound_retry_disarmed,0,"[0.0,0.0,0.0,0.0]",1,1,1,1,0.000000,642,13139350,1,0,0,1,0,1460973155,173,7580,2824,0,50,"[0.8247364163398743,-0.03887196630239487,0.020186983048915863,-0.5638185143470764]","[0.010912043042480946,0.012790924869477749,-0.0368020124733448]","[0.027364999055862427,-0.8351870179176331,9.804320335388184]",-1.19885731,-0.0368020125,11.8943872,116565,"[0.0,0.0,0.0,0.0]","[0.0,0.0,0.0,0.0,0.0,0.0,0.0,0.0]","[0.0,0.0,0.0,0.0,0.0,0.0,0.0,0.0]",255,1,1,0,,0,,,"[NaN,NaN,NaN]","[NaN,NaN,NaN,NaN]","[NaN,NaN,NaN,NaN,NaN,NaN]",0.002173,260,0,[],null,[],0,,,81.239574,,0,,0,,
2026-08-12T14:30:18.211173+00:00,17793.493311597,depth_scale_10cm_outbound_retry_disarmed,0,"[0.0,0.0,0.0,0.0]",1,1,1,1,0.000000,643,13139400,1,0,0,1,0,1460973155,174,65228,2825,0,50,"[0.8243466019630432,-0.038674961775541306,0.020171979442238808,-0.5644024610519409]","[0.006614710669964552,0.006549208890646696,-0.03916307911276817]","[0.1568550020456314,-0.8117049932479858,9.64953899383545]",-1.20027065,-0.0391630791,11.7723465,115369,"[0.0,0.0,0.0,0.0]","[0.0,0.0,0.0,0.0,0.0,0.0,0.0,0.0]","[0.0,0.0,0.0,0.0,0.0,0.0,0.0,0.0]",255,1,1,0,,0,,,"[NaN,NaN,NaN]","[NaN,NaN,NaN,NaN]","[NaN,NaN,NaN,NaN,NaN,NaN]",0.001513,262,0,[],null,[],0,,,81.869993,,0,,0,,
2026-08-12T14:30:18.261258+00:00,17793.543398060,depth_scale_10cm_outbound_retry_disarmed,0,"[0.0,0.0,0.0,0.0]",1,1,1,1,0.000000,644,13139450,1,0,0,1,0,1460973155,175,60690,2826,0,50,"[0.8234623074531555,-0.038628969341516495,0.020154984667897224,-0.565695583820343]","[-0.011711142025887966,-0.0027135158888995647,-0.04094235226511955]","[0.14245100319385529,-0.801393985748291,9.69000244140625]",-1.20340252,-0.0409423523,11.7723465,115369,"[0.0,0.0,0.0,0.0]","[0.0,0.0,0.0,0.0,0.0,0.0,0.0,0.0]","[0.0,0.0,0.0,0.0,0.0,0.0,0.0,0.0]",255,1,1,0,,0,,,"[NaN,NaN,NaN]","[NaN,NaN,NaN,NaN]","[NaN,NaN,NaN,NaN,NaN,NaN]",0.002195,263,0,[],null,[],0,,,83.371414,,0,,0,,
2026-08-12T14:30:18.310480+00:00,17793.593067079,depth_scale_10cm_outbound_retry_disarmed,0,"[0.0,0.0,0.0,0.0]",1,1,1,1,0.000000,645,13139500,1,0,0,1,0,1460973155,176,484,2827,0,49,"[0.8227193355560303,-0.03920096904039383,0.020314985886216164,-0.5667305588722229]","[-0.03548305109143257,-0.004377669654786587,-0.03677305951714516]","[0.03942300006747246,-0.8235089778900146,9.785097122192383]",-1.20592499,-0.0367730595,11.7723465,115369,"[0.0,0.0,0.0,0.0]","[0.0,0.0,0.0,0.0,0.0,0.0,0.0,0.0]","[0.0,0.0,0.0,0.0,0.0,0.0,0.0,0.0]",255,1,1,0,,0,,,"[NaN,NaN,NaN]","[NaN,NaN,NaN,NaN]","[NaN,NaN,NaN,NaN,NaN,NaN]",0.001160,265,0,[],null,[],0,,,86.561159,,0,,0,,
2026-08-12T14:30:18.359476+00:00,17793.642485832,depth_scale_10cm_outbound_retry_disarmed,0,"[0.0,0.0,0.0,0.0]",1,1,1,1,0.000000,646,13139550,1,0,0,1,0,1460973155,177,15084,2828,0,49,"[0.8220553994178772,-0.04019396752119064,0.020706981420516968,-0.5676095485687256]","[-0.054986827075481415,-0.006107901688665152,-0.03563515469431877]","[0.0774490013718605,-0.8526219725608826,9.781163215637207]",-1.20809078,-0.0356351547,11.6663265,114330,"[0.0,0.0,0.0,0.0]","[0.0,0.0,0.0,0.0,0.0,0.0,0.0,0.0]","[0.0,0.0,0.0,0.0,0.0,0.0,0.0,0.0]",255,1,1,0,,0,,,"[NaN,NaN,NaN]","[NaN,NaN,NaN,NaN]","[NaN,NaN,NaN,NaN,NaN,NaN]",0.001451,266,0,[],null,[],0,,,84.892791,,0,,0,,
2026-08-12T14:30:18.410621+00:00,17793.693401029,depth_scale_10cm_outbound_retry_disarmed,0,"[0.0,0.0,0.0,0.0]",1,1,1,1,0.000000,647,13139600,1,0,0,1,0,1460973155,178,58025,2829,0,51,"[0.8214517831802368,-0.0413149818778038,0.021265991032123566,-0.5683817267417908]","[-0.06043874844908714,-0.0010817724978551269,-0.035756874829530716]","[0.1083580031991005,-0.8990910053253174,9.741421699523926]",-1.21001482,-0.0357568748,11.6663265,114330,"[0.0,0.0,0.0,0.0]","[0.0,0.0,0.0,0.0,0.0,0.0,0.0,0.0]","[0.0,0.0,0.0,0.0,0.0,0.0,0.0,0.0]",239,1,1,0,,0,,,"[NaN,NaN,NaN]","[NaN,NaN,NaN,NaN]","[NaN,NaN,NaN,NaN,NaN,NaN]",0.001543,268,0,[],null,[],0,,,84.336824,,0,,0,,
2026-08-12T14:30:18.461053+00:00,17793.743307127,depth_scale_10cm_outbound_retry_disarmed,0,"[0.0,0.0,0.0,0.0]",1,1,1,1,0.000000,648,13139650,1,0,0,1,0,1460973155,179,13702,2830,0,50,"[0.8207286596298218,-0.04280395433306694,0.022156978026032448,-0.5692814588546753]","[-0.07201126962900162,-0.0003523470659274608,-0.03339230641722679]","[0.12526600062847137,-0.9000840187072754,9.681661605834961]",-1.21228337,-0.0333923064,11.5905094,113587,"[0.0,0.0,0.0,0.0]","[0.0,0.0,0.0,0.0,0.0,0.0,0.0,0.0]","[0.0,0.0,0.0,0.0,0.0,0.0,0.0,0.0]",239,1,1,0,,0,,,"[NaN,NaN,NaN]","[NaN,NaN,NaN,NaN]","[NaN,NaN,NaN,NaN,NaN,NaN]",0.002145,269,0,[],null,[],0,,,82.750297,,0,,0,,
2026-08-12T14:30:18.511202+00:00,17793.793370174,depth_scale_10cm_outbound_retry_disarmed,0,"[0.0,0.0,0.0,0.0]",1,1,1,1,0.000000,649,13139700,1,0,0,1,0,1460973155,180,18332,2831,0,50,"[0.8202117681503296,-0.044022947549819946,0.022981975227594376,-0.5699003338813782]","[-0.07564233988523483,0.004061259329319,-0.03165749832987785]","[0.21323199570178986,-0.9755340218544006,9.652597427368164]",-1.21386766,-0.0316574983,11.5905094,113587,"[0.0,0.0,0.0,0.0]","[0.0,0.0,0.0,0.0,0.0,0.0,0.0,0.0]","[0.0,0.0,0.0,0.0,0.0,0.0,0.0,0.0]",239,1,1,0,,0,,,"[NaN,NaN,NaN]","[NaN,NaN,NaN,NaN]","[NaN,NaN,NaN,NaN,NaN,NaN]",0.001499,271,0,[],null,[],0,,,81.661234,,0,,0,,
2026-08-12T14:30:18.561528+00:00,17793.843598518,depth_scale_10cm_outbound_retry_disarmed,0,"[0.0,0.0,0.0,0.0]",1,1,1,1,0.000000,650,13139750,1,0,0,1,0,1460973155,181,19825,2832,0,50,"[0.8202117681503296,-0.044022947549819946,0.022981975227594376,-0.5699003338813782]","[-0.07564233988523483,0.004061259329319,-0.03165749832987785]","[0.21323199570178986,-0.9755340218544006,9.652597427368164]",-1.21386766,-0.0316574983,11.5905094,113587,"[0.0,0.0,0.0,0.0]","[0.0,0.0,0.0,0.0,0.0,0.0,0.0,0.0]","[0.0,0.0,0.0,0.0,0.0,0.0,0.0,0.0]",239,1,1,0,,0,,,"[NaN,NaN,NaN]","[NaN,NaN,NaN,NaN]","[NaN,NaN,NaN,NaN,NaN,NaN]",0.002194,272,0,[],null,[],0,,,80.761464,,0,,0,,
2026-08-12T14:30:18.611469+00:00,17793.893573919,depth_scale_10cm_outbound_retry_disarmed,0,"[0.0,0.0,0.0,0.0]",1,1,1,1,0.000000,651,13139800,1,0,0,1,0,1460973155,182,64749,2833,0,50,"[0.8202117681503296,-0.044022947549819946,0.022981975227594376,-0.5699003338813782]","[-0.07564233988523483,0.004061259329319,-0.03165749832987785]","[0.21323199570178986,-0.9755340218544006,9.652597427368164]",-1.21386766,-0.0316574983,11.5242853,112938,"[0.0,0.0,0.0,0.0]","[0.0,0.0,0.0,0.0,0.0,0.0,0.0,0.0]","[0.0,0.0,0.0,0.0,0.0,0.0,0.0,0.0]",255,1,1,0,,0,,,"[NaN,NaN,NaN]","[NaN,NaN,NaN,NaN]","[NaN,NaN,NaN,NaN,NaN,NaN]",0.001486,274,0,[],null,[],0,,,82.508764,,0,,0,,
2026-08-12T14:30:18.661231+00:00,17793.943416712,depth_scale_10cm_outbound_retry_disarmed,0,"[0.0,0.0,0.0,0.0]",1,1,1,1,0.000000,652,13139850,1,0,0,1,0,1460973155,183,33962,2834,0,50,"[0.8202117681503296,-0.044022947549819946,0.022981975227594376,-0.5699003338813782]","[-0.07564233988523483,0.004061259329319,-0.03165749832987785]","[0.21323199570178986,-0.9755340218544006,9.652597427368164]",-1.21386766,-0.0316574983,11.5242853,112938,"[0.0,0.0,0.0,0.0]","[0.0,0.0,0.0,0.0,0.0,0.0,0.0,0.0]","[0.0,0.0,0.0,0.0,0.0,0.0,0.0,0.0]",255,1,1,0,,0,,,"[NaN,NaN,NaN]","[NaN,NaN,NaN,NaN]","[NaN,NaN,NaN,NaN,NaN,NaN]",0.002189,275,0,[],null,[],0,,,85.084269,,0,,0,,
2026-08-12T14:30:18.711053+00:00,17793.993235227,depth_scale_10cm_outbound_retry_disarmed,0,"[0.0,0.0,0.0,0.0]",1,1,1,1,0.000000,653,13139900,1,0,0,1,0,1460973155,184,59021,2835,0,50,"[0.8202117681503296,-0.044022947549819946,0.022981975227594376,-0.5699003338813782]","[-0.07564233988523483,0.004061259329319,-0.03165749832987785]","[0.21323199570178986,-0.9755340218544006,9.652597427368164]",-1.21386766,-0.0316574983,11.5242853,112938,"[0.0,0.0,0.0,0.0]","[0.0,0.0,0.0,0.0,0.0,0.0,0.0,0.0]","[0.0,0.0,0.0,0.0,0.0,0.0,0.0,0.0]",255,1,1,0,,0,,,"[NaN,NaN,NaN]","[NaN,NaN,NaN,NaN]","[NaN,NaN,NaN,NaN,NaN,NaN]",0.001509,277,0,[],null,[],0,,,82.322888,,0,,0,,
2026-08-12T14:30:18.760859+00:00,17794.043173423,depth_scale_10cm_outbound_retry_disarmed,0,"[0.0,0.0,0.0,0.0]",1,1,1,1,0.000000,654,13139950,1,0,0,1,0,1460973155,185,40650,2836,0,50,"[0.8202117681503296,-0.044022947549819946,0.022981975227594376,-0.5699003338813782]","[-0.07564233988523483,0.004061259329319,-0.03165749832987785]","[0.21323199570178986,-0.9755340218544006,9.652597427368164]",-1.21386766,-0.0316574983,11.4723463,112429,"[0.0,0.0,0.0,0.0]","[0.0,0.0,0.0,0.0,0.0,0.0,0.0,0.0]","[0.0,0.0,0.0,0.0,0.0,0.0,0.0,0.0]",255,1,1,0,,0,,,"[NaN,NaN,NaN]","[NaN,NaN,NaN,NaN]","[NaN,NaN,NaN,NaN,NaN,NaN]",0.002036,278,0,[],null,[],0,,,81.929116,,0,,0,,
2026-08-12T14:30:18.810026+00:00,17794.093100362,depth_scale_10cm_outbound_retry_disarmed,0,"[0.0,0.0,0.0,0.0]",1,1,1,1,0.000000,655,13140000,1,0,0,1,0,1460973155,186,12118,2837,0,49,"[0.8202117681503296,-0.044022947549819946,0.022981975227594376,-0.5699003338813782]","[-0.07564233988523483,0.004061259329319,-0.03165749832987785]","[0.21323199570178986,-0.9755340218544006,9.652597427368164]",-1.21386766,-0.0316574983,11.4723463,112429,"[0.0,0.0,0.0,0.0]","[0.0,0.0,0.0,0.0,0.0,0.0,0.0,0.0]","[0.0,0.0,0.0,0.0,0.0,0.0,0.0,0.0]",191,1,1,0,,0,,,"[NaN,NaN,NaN]","[NaN,NaN,NaN,NaN]","[NaN,NaN,NaN,NaN,NaN,NaN]",0.001317,280,0,[],null,[],0,,,79.397939,,0,,0,,
2026-08-12T14:30:18.861044+00:00,17794.143400788,depth_scale_10cm_outbound_retry_disarmed,0,"[0.0,0.0,0.0,0.0]",1,1,1,1,0.000000,656,13140050,1,0,0,1,0,1460973155,187,20724,2838,0,51,"[0.8202117681503296,-0.044022947549819946,0.022981975227594376,-0.5699003338813782]","[-0.07564233988523483,0.004061259329319,-0.03165749832987785]","[0.21323199570178986,-0.9755340218544006,9.652597427368164]",-1.21386766,-0.0316574983,11.4135714,111853,"[0.0,0.0,0.0,0.0]","[0.0,0.0,0.0,0.0,0.0,0.0,0.0,0.0]","[0.0,0.0,0.0,0.0,0.0,0.0,0.0,0.0]",191,1,1,0,,0,,,"[NaN,NaN,NaN]","[NaN,NaN,NaN,NaN]","[NaN,NaN,NaN,NaN,NaN,NaN]",0.002177,281,0,[],null,[],0,,,79.557826,,0,,0,,
2026-08-12T14:30:18.909733+00:00,17794.192381348,depth_scale_10cm_outbound_retry_disarmed,0,"[0.0,0.0,0.0,0.0]",1,1,1,1,0.000000,657,13140100,1,0,0,1,0,1460973155,188,56586,2839,0,49,"[0.8202117681503296,-0.044022947549819946,0.022981975227594376,-0.5699003338813782]","[-0.07564233988523483,0.004061259329319,-0.03165749832987785]","[0.21323199570178986,-0.9755340218544006,9.652597427368164]",-1.21386766,-0.0316574983,11.4135714,111853,"[0.0,0.0,0.0,0.0]","[0.0,0.0,0.0,0.0,0.0,0.0,0.0,0.0]","[0.0,0.0,0.0,0.0,0.0,0.0,0.0,0.0]",187,1,1,0,,0,,,"[NaN,NaN,NaN]","[NaN,NaN,NaN,NaN]","[NaN,NaN,NaN,NaN,NaN,NaN]",0.000978,283,0,[],null,[],0,,,78.002609,,0,,0,,
2026-08-12T14:30:18.961132+00:00,17794.243282821,depth_scale_10cm_outbound_retry_disarmed,0,"[0.0,0.0,0.0,0.0]",1,1,1,1,0.000000,658,13140150,1,0,0,1,0,1460973155,189,57175,2840,0,51,"[0.8202117681503296,-0.044022947549819946,0.022981975227594376,-0.5699003338813782]","[-0.07564233988523483,0.004061259329319,-0.03165749832987785]","[0.21323199570178986,-0.9755340218544006,9.652597427368164]",-1.21386766,-0.0316574983,11.4135714,111853,"[0.0,0.0,0.0,0.0]","[0.0,0.0,0.0,0.0,0.0,0.0,0.0,0.0]","[0.0,0.0,0.0,0.0,0.0,0.0,0.0,0.0]",249,1,1,0,,0,,,"[NaN,NaN,NaN]","[NaN,NaN,NaN,NaN]","[NaN,NaN,NaN,NaN,NaN,NaN]",0.002156,284,0,[],null,[],0,,,77.401673,,0,,0,,
2026-08-12T14:30:19.011002+00:00,17794.293207800,depth_scale_10cm_outbound_retry_disarmed,0,"[0.0,0.0,0.0,0.0]",1,1,1,1,0.000000,659,13140200,1,0,0,1,0,1460973155,190,11652,2841,0,50,"[0.8202117681503296,-0.044022947549819946,0.022981975227594376,-0.5699003338813782]","[-0.07564233988523483,0.004061259329319,-0.03165749832987785]","[0.21323199570178986,-0.9755340218544006,9.652597427368164]",-1.21386766,-0.0316574983,11.4135714,111853,"[0.0,0.0,0.0,0.0]","[0.0,0.0,0.0,0.0,0.0,0.0,0.0,0.0]","[0.0,0.0,0.0,0.0,0.0,0.0,0.0,0.0]",249,1,1,0,,0,,,"[NaN,NaN,NaN]","[NaN,NaN,NaN,NaN]","[NaN,NaN,NaN,NaN,NaN,NaN]",0.001477,286,0,[],null,[],0,,,79.841793,,0,,0,,
2026-08-12T14:30:19.061189+00:00,17794.343370974,depth_scale_10cm_outbound_retry_disarmed,0,"[0.0,0.0,0.0,0.0]",1,1,1,1,0.000000,660,13140250,1,0,0,1,0,1460973155,191,59752,2842,0,50,"[0.8202117681503296,-0.044022947549819946,0.022981975227594376,-0.5699003338813782]","[-0.07564233988523483,0.004061259329319,-0.03165749832987785]","[0.21323199570178986,-0.9755340218544006,9.652597427368164]",-1.21386766,-0.0316574983,11.3709183,111435,"[0.0,0.0,0.0,0.0]","[0.0,0.0,0.0,0.0,0.0,0.0,0.0,0.0]","[0.0,0.0,0.0,0.0,0.0,0.0,0.0,0.0]",249,1,1,0,,0,,,"[NaN,NaN,NaN]","[NaN,NaN,NaN,NaN]","[NaN,NaN,NaN,NaN,NaN,NaN]",0.002162,287,0,[],null,[],0,,,79.294789,,0,,0,,
2026-08-12T14:30:19.111096+00:00,17794.393305266,depth_scale_10cm_outbound_retry_disarmed,0,"[0.0,0.0,0.0,0.0]",1,1,1,1,0.000000,661,13140300,1,0,0,1,0,1460973155,192,31823,2843,0,50,"[0.8202117681503296,-0.044022947549819946,0.022981975227594376,-0.5699003338813782]","[-0.07564233988523483,0.004061259329319,-0.03165749832987785]","[0.21323199570178986,-0.9755340218544006,9.652597427368164]",-1.21386766,-0.0316574983,11.3709183,111435,"[0.0,0.0,0.0,0.0]","[0.0,0.0,0.0,0.0,0.0,0.0,0.0,0.0]","[0.0,0.0,0.0,0.0,0.0,0.0,0.0,0.0]",253,1,1,0,,0,,,"[NaN,NaN,NaN]","[NaN,NaN,NaN,NaN]","[NaN,NaN,NaN,NaN,NaN,NaN]",0.001513,289,0,[],null,[],0,,,78.436756,,0,,0,,
2026-08-12T14:30:19.161158+00:00,17794.443335912,depth_scale_10cm_outbound_retry_disarmed,0,"[0.0,0.0,0.0,0.0]",1,1,1,1,0.000000,662,13140350,1,0,0,1,0,1460973155,193,28561,2844,0,50,"[0.8202117681503296,-0.044022947549819946,0.022981975227594376,-0.5699003338813782]","[-0.07564233988523483,0.004061259329319,-0.03165749832987785]","[0.21323199570178986,-0.9755340218544006,9.652597427368164]",-1.21386766,-0.0316574983,11.3709183,111435,"[0.0,0.0,0.0,0.0]","[0.0,0.0,0.0,0.0,0.0,0.0,0.0,0.0]","[0.0,0.0,0.0,0.0,0.0,0.0,0.0,0.0]",255,1,1,0,,0,,,"[NaN,NaN,NaN]","[NaN,NaN,NaN,NaN]","[NaN,NaN,NaN,NaN,NaN,NaN]",0.002142,290,0,[],null,[],0,,,77.750383,,0,,0,,
2026-08-12T14:30:19.211021+00:00,17794.493205441,depth_scale_10cm_outbound_retry_disarmed,0,"[0.0,0.0,0.0,0.0]",1,1,1,1,0.000000,663,13140400,1,0,0,1,0,1460973155,194,36033,2845,0,50,"[0.8202117681503296,-0.044022947549819946,0.022981975227594376,-0.5699003338813782]","[-0.07564233988523483,0.004061259329319,-0.03165749832987785]","[0.21323199570178986,-0.9755340218544006,9.652597427368164]",-1.21386766,-0.0316574983,11.3709183,111435,"[0.0,0.0,0.0,0.0]","[0.0,0.0,0.0,0.0,0.0,0.0,0.0,0.0]","[0.0,0.0,0.0,0.0,0.0,0.0,0.0,0.0]",255,1,1,0,,0,,,"[NaN,NaN,NaN]","[NaN,NaN,NaN,NaN]","[NaN,NaN,NaN,NaN,NaN,NaN]",0.001472,292,0,[],null,[],0,,,77.114575,,0,,0,,
2026-08-12T14:30:19.261252+00:00,17794.543425720,depth_scale_10cm_outbound_retry_disarmed,0,"[0.0,0.0,0.0,0.0]",1,1,1,1,0.000000,664,13140450,1,0,0,1,0,1460973155,195,18477,2846,0,50,"[0.8202117681503296,-0.044022947549819946,0.022981975227594376,-0.5699003338813782]","[-0.07564233988523483,0.004061259329319,-0.03165749832987785]","[0.21323199570178986,-0.9755340218544006,9.652597427368164]",-1.21386766,-0.0316574983,11.3515301,111245,"[0.0,0.0,0.0,0.0]","[0.0,0.0,0.0,0.0,0.0,0.0,0.0,0.0]","[0.0,0.0,0.0,0.0,0.0,0.0,0.0,0.0]",255,1,1,0,,0,,,"[NaN,NaN,NaN]","[NaN,NaN,NaN,NaN]","[NaN,NaN,NaN,NaN,NaN,NaN]",0.002160,293,0,[],null,[],0,,,76.768786,,0,,0,,
2026-08-12T14:30:19.310267+00:00,17794.593379607,depth_scale_10cm_outbound_retry_disarmed,0,"[0.0,0.0,0.0,0.0]",1,1,1,1,0.000000,665,13140500,1,0,0,1,0,1460973155,196,14903,2847,0,49,"[0.8202117681503296,-0.044022947549819946,0.022981975227594376,-0.5699003338813782]","[-0.07564233988523483,0.004061259329319,-0.03165749832987785]","[0.21323199570178986,-0.9755340218544006,9.652597427368164]",-1.21386766,-0.0316574983,11.3515301,111245,"[0.0,0.0,0.0,0.0]","[0.0,0.0,0.0,0.0,0.0,0.0,0.0,0.0]","[0.0,0.0,0.0,0.0,0.0,0.0,0.0,0.0]",127,1,1,0,,0,,,"[NaN,NaN,NaN]","[NaN,NaN,NaN,NaN]","[NaN,NaN,NaN,NaN,NaN,NaN]",0.001507,295,0,[],null,[],0,,,77.797117,,0,,0,,
2026-08-12T14:30:19.361016+00:00,17794.643423364,depth_scale_10cm_outbound_retry_disarmed,0,"[0.0,0.0,0.0,0.0]",1,1,1,1,0.000000,666,13140550,1,0,0,1,0,1460973155,197,46759,2848,0,51,"[0.8202117681503296,-0.044022947549819946,0.022981975227594376,-0.5699003338813782]","[-0.07564233988523483,0.004061259329319,-0.03165749832987785]","[0.21323199570178986,-0.9755340218544006,9.652597427368164]",-1.21386766,-0.0316574983,11.3515301,111245,"[0.0,0.0,0.0,0.0]","[0.0,0.0,0.0,0.0,0.0,0.0,0.0,0.0]","[0.0,0.0,0.0,0.0,0.0,0.0,0.0,0.0]",95,1,1,0,,0,,,"[NaN,NaN,NaN]","[NaN,NaN,NaN,NaN]","[NaN,NaN,NaN,NaN,NaN,NaN]",0.002172,296,0,[],null,[],0,,,77.65143,,0,,0,,
2026-08-12T14:30:19.411080+00:00,17794.693229140,depth_scale_10cm_outbound_retry_disarmed,0,"[0.0,0.0,0.0,0.0]",1,1,1,1,0.000000,667,13140600,1,0,0,1,0,1460973155,198,12269,2849,0,50,"[0.8202117681503296,-0.044022947549819946,0.022981975227594376,-0.5699003338813782]","[-0.07564233988523483,0.004061259329319,-0.03165749832987785]","[0.21323199570178986,-0.9755340218544006,9.652597427368164]",-1.21386766,-0.0316574983,11.3515301,111245,"[0.0,0.0,0.0,0.0]","[0.0,0.0,0.0,0.0,0.0,0.0,0.0,0.0]","[0.0,0.0,0.0,0.0,0.0,0.0,0.0,0.0]",95,1,1,0,,0,,,"[NaN,NaN,NaN]","[NaN,NaN,NaN,NaN]","[NaN,NaN,NaN,NaN,NaN,NaN]",0.001467,298,0,[],null,[],0,,,76.860422,,0,,0,,
2026-08-12T14:30:19.461190+00:00,17794.743383533,depth_scale_10cm_outbound_retry_disarmed,0,"[0.0,0.0,0.0,0.0]",1,1,1,1,0.000000,668,13140650,1,0,0,1,0,1460973155,199,47565,2850,0,50,"[0.8202117681503296,-0.044022947549819946,0.022981975227594376,-0.5699003338813782]","[-0.07564233988523483,0.004061259329319,-0.03165749832987785]","[0.21323199570178986,-0.9755340218544006,9.652597427368164]",-1.21386766,-0.0316574983,11.3760204,111485,"[0.0,0.0,0.0,0.0]","[0.0,0.0,0.0,0.0,0.0,0.0,0.0,0.0]","[0.0,0.0,0.0,0.0,0.0,0.0,0.0,0.0]",95,1,1,0,,0,,,"[NaN,NaN,NaN]","[NaN,NaN,NaN,NaN]","[NaN,NaN,NaN,NaN,NaN,NaN]",0.002156,299,0,[],null,[],0,,,77.161681,,0,,0,,
2026-08-12T14:30:19.511157+00:00,17794.793337049,depth_scale_10cm_outbound_retry_disarmed,0,"[0.0,0.0,0.0,0.0]",1,1,1,1,0.000000,669,13140700,1,0,0,1,0,1460973155,200,58047,2851,0,50,"[0.8202117681503296,-0.044022947549819946,0.022981975227594376,-0.5699003338813782]","[-0.07564233988523483,0.004061259329319,-0.03165749832987785]","[0.21323199570178986,-0.9755340218544006,9.652597427368164]",-1.21386766,-0.0316574983,11.3760204,111485,"[0.0,0.0,0.0,0.0]","[0.0,0.0,0.0,0.0,0.0,0.0,0.0,0.0]","[0.0,0.0,0.0,0.0,0.0,0.0,0.0,0.0]",223,1,1,0,,0,,,"[NaN,NaN,NaN]","[NaN,NaN,NaN,NaN]","[NaN,NaN,NaN,NaN,NaN,NaN]",0.001496,301,0,[],null,[],0,,,77.007208,,0,,0,,
2026-08-12T14:30:19.561275+00:00,17794.843430465,depth_scale_10cm_outbound_retry_disarmed,0,"[0.0,0.0,0.0,0.0]",1,1,1,1,0.000000,670,13140750,1,0,0,1,0,1460973155,201,39672,2852,0,50,"[0.8202117681503296,-0.044022947549819946,0.022981975227594376,-0.5699003338813782]","[-0.07564233988523483,0.004061259329319,-0.03165749832987785]","[0.21323199570178986,-0.9755340218544006,9.652597427368164]",-1.21386766,-0.0316574983,11.3760204,111485,"[0.0,0.0,0.0,0.0]","[0.0,0.0,0.0,0.0,0.0,0.0,0.0,0.0]","[0.0,0.0,0.0,0.0,0.0,0.0,0.0,0.0]",255,1,1,0,,0,,,"[NaN,NaN,NaN]","[NaN,NaN,NaN,NaN]","[NaN,NaN,NaN,NaN,NaN,NaN]",0.002194,302,0,[],null,[],0,,,76.719424,,0,,0,,
2026-08-12T14:30:19.611147+00:00,17794.893313213,depth_scale_10cm_outbound_retry_disarmed,0,"[0.0,0.0,0.0,0.0]",1,1,1,1,0.000000,671,13140800,1,0,0,1,0,1460973155,202,36604,2853,0,50,"[0.8202117681503296,-0.044022947549819946,0.022981975227594376,-0.5699003338813782]","[-0.07564233988523483,0.004061259329319,-0.03165749832987785]","[0.21323199570178986,-0.9755340218544006,9.652597427368164]",-1.21386766,-0.0316574983,11.3760204,111485,"[0.0,0.0,0.0,0.0]","[0.0,0.0,0.0,0.0,0.0,0.0,0.0,0.0]","[0.0,0.0,0.0,0.0,0.0,0.0,0.0,0.0]",255,1,1,0,,0,,,"[NaN,NaN,NaN]","[NaN,NaN,NaN,NaN]","[NaN,NaN,NaN,NaN,NaN,NaN]",0.001478,304,0,[],null,[],0,,,76.130151,,0,,0,,
2026-08-12T14:30:19.659428+00:00,17794.942333307,depth_scale_10cm_outbound_retry_disarmed,0,"[0.0,0.0,0.0,0.0]",1,1,1,1,0.000000,672,13140850,1,0,0,1,0,1460973155,203,63163,2854,0,48,"[0.8202117681503296,-0.044022947549819946,0.022981975227594376,-0.5699003338813782]","[-0.07564233988523483,0.004061259329319,-0.03165749832987785]","[0.21323199570178986,-0.9755340218544006,9.652597427368164]",-1.21386766,-0.0316574983,11.4208164,111924,"[0.0,0.0,0.0,0.0]","[0.0,0.0,0.0,0.0,0.0,0.0,0.0,0.0]","[0.0,0.0,0.0,0.0,0.0,0.0,0.0,0.0]",255,1,1,0,,0,,,"[NaN,NaN,NaN]","[NaN,NaN,NaN,NaN]","[NaN,NaN,NaN,NaN,NaN,NaN]",0.001302,305,0,[],null,[],0,,,76.08643,,0,,0,,
2026-08-12T14:30:19.709030+00:00,17794.992035566,depth_scale_10cm_outbound_retry_disarmed,0,"[0.0,0.0,0.0,0.0]",1,1,1,1,0.000000,673,13140900,1,0,0,1,0,1460973155,204,63723,2855,0,50,"[0.8202117681503296,-0.044022947549819946,0.022981975227594376,-0.5699003338813782]","[-0.07564233988523483,0.004061259329319,-0.03165749832987785]","[0.21323199570178986,-0.9755340218544006,9.652597427368164]",-1.21386766,-0.0316574983,11.4208164,111924,"[0.0,0.0,0.0,0.0]","[0.0,0.0,0.0,0.0,0.0,0.0,0.0,0.0]","[0.0,0.0,0.0,0.0,0.0,0.0,0.0,0.0]",255,1,1,0,,0,,,"[NaN,NaN,NaN]","[NaN,NaN,NaN,NaN]","[NaN,NaN,NaN,NaN,NaN,NaN]",0.000669,307,0,[],null,[],0,,,75.951082,,0,,0,,
2026-08-12T14:30:19.760121+00:00,17795.043173199,depth_scale_10cm_outbound_retry_disarmed,0,"[0.0,0.0,0.0,0.0]",1,1,1,1,0.000000,674,13140950,1,0,0,1,0,1460973155,205,50323,2856,0,51,"[0.8202117681503296,-0.044022947549819946,0.022981975227594376,-0.5699003338813782]","[-0.07564233988523483,0.004061259329319,-0.03165749832987785]","[0.21323199570178986,-0.9755340218544006,9.652597427368164]",-1.21386766,-0.0316574983,11.4208164,111924,"[0.0,0.0,0.0,0.0]","[0.0,0.0,0.0,0.0,0.0,0.0,0.0,0.0]","[0.0,0.0,0.0,0.0,0.0,0.0,0.0,0.0]",255,1,1,0,,0,,,"[NaN,NaN,NaN]","[NaN,NaN,NaN,NaN]","[NaN,NaN,NaN,NaN,NaN,NaN]",0.001937,308,0,[],null,[],0,,,75.303008,,0,,0,,
2026-08-12T14:30:19.809071+00:00,17795.091949565,depth_scale_10cm_outbound_retry_disarmed,0,"[0.0,0.0,0.0,0.0]",1,1,1,1,0.000000,675,13141000,1,0,0,1,0,1460973155,206,35211,2857,0,49,"[0.8202117681503296,-0.044022947549819946,0.022981975227594376,-0.5699003338813782]","[-0.07564233988523483,0.004061259329319,-0.03165749832987785]","[0.21323199570178986,-0.9755340218544006,9.652597427368164]",-1.21386766,-0.0316574983,11.4862242,112565,"[0.0,0.0,0.0,0.0]","[0.0,0.0,0.0,0.0,0.0,0.0,0.0,0.0]","[0.0,0.0,0.0,0.0,0.0,0.0,0.0,0.0]",255,1,1,0,,0,,,"[NaN,NaN,NaN]","[NaN,NaN,NaN,NaN]","[NaN,NaN,NaN,NaN,NaN,NaN]",0.000771,310,0,[],null,[],0,,,78.465065,,0,,0,,
2026-08-12T14:30:19.859366+00:00,17795.142172895,depth_scale_10cm_outbound_retry_disarmed,0,"[0.0,0.0,0.0,0.0]",1,1,1,1,0.000000,676,13141050,1,0,0,1,0,1460973155,207,33820,2858,0,50,"[0.8202117681503296,-0.044022947549819946,0.022981975227594376,-0.5699003338813782]","[-0.07564233988523483,0.004061259329319,-0.03165749832987785]","[0.21323199570178986,-0.9755340218544006,9.652597427368164]",-1.21386766,-0.0316574983,11.4862242,112565,"[0.0,0.0,0.0,0.0]","[0.0,0.0,0.0,0.0,0.0,0.0,0.0,0.0]","[0.0,0.0,0.0,0.0,0.0,0.0,0.0,0.0]",255,1,1,0,,0,,,"[NaN,NaN,NaN]","[NaN,NaN,NaN,NaN]","[NaN,NaN,NaN,NaN,NaN,NaN]",0.001195,311,0,[],null,[],0,,,77.69782,,0,,0,,
2026-08-12T14:30:19.909234+00:00,17795.192080090,depth_scale_10cm_outbound_retry_disarmed,0,"[0.0,0.0,0.0,0.0]",1,1,1,1,0.000000,677,13141100,1,0,0,1,0,1460973155,208,23628,2859,0,50,"[0.8202117681503296,-0.044022947549819946,0.022981975227594376,-0.5699003338813782]","[-0.07564233988523483,0.004061259329319,-0.03165749832987785]","[0.21323199570178986,-0.9755340218544006,9.652597427368164]",-1.21386766,-0.0316574983,11.4862242,112565,"[0.0,0.0,0.0,0.0]","[0.0,0.0,0.0,0.0,0.0,0.0,0.0,0.0]","[0.0,0.0,0.0,0.0,0.0,0.0,0.0,0.0]",254,1,1,0,,0,,,"[NaN,NaN,NaN]","[NaN,NaN,NaN,NaN]","[NaN,NaN,NaN,NaN,NaN,NaN]",0.000739,313,0,[],null,[],0,,,78.45672,,0,,0,,
2026-08-12T14:30:19.960977+00:00,17795.243224653,depth_scale_10cm_outbound_retry_disarmed,0,"[0.0,0.0,0.0,0.0]",1,1,1,1,0.000000,678,13141150,1,0,0,1,0,1460973155,209,42805,2860,0,52,"[0.8202117681503296,-0.044022947549819946,0.022981975227594376,-0.5699003338813782]","[-0.07564233988523483,0.004061259329319,-0.03165749832987785]","[0.21323199570178986,-0.9755340218544006,9.652597427368164]",-1.21386766,-0.0316574983,11.4862242,112565,"[0.0,0.0,0.0,0.0]","[0.0,0.0,0.0,0.0,0.0,0.0,0.0,0.0]","[0.0,0.0,0.0,0.0,0.0,0.0,0.0,0.0]",254,1,1,0,,0,,,"[NaN,NaN,NaN]","[NaN,NaN,NaN,NaN]","[NaN,NaN,NaN,NaN,NaN,NaN]",0.001984,314,0,[],null,[],0,,,80.919603,,0,,0,,
2026-08-12T14:30:20.009260+00:00,17795.292107750,depth_scale_10cm_outbound_retry_disarmed,0,"[0.0,0.0,0.0,0.0]",1,1,1,1,0.000000,679,13141200,1,0,0,1,0,1460973155,210,11996,2861,0,48,"[0.8202117681503296,-0.044022947549819946,0.022981975227594376,-0.5699003338813782]","[-0.07564233988523483,0.004061259329319,-0.03165749832987785]","[0.21323199570178986,-0.9755340218544006,9.652597427368164]",-1.21386766,-0.0316574983,11.5854082,113537,"[0.0,0.0,0.0,0.0]","[0.0,0.0,0.0,0.0,0.0,0.0,0.0,0.0]","[0.0,0.0,0.0,0.0,0.0,0.0,0.0,0.0]",240,1,1,0,,0,,,"[NaN,NaN,NaN]","[NaN,NaN,NaN,NaN]","[NaN,NaN,NaN,NaN,NaN,NaN]",0.000757,316,0,[],null,[],0,,,83.886299,,0,,0,,
2026-08-12T14:30:20.061244+00:00,17795.343412766,depth_scale_10cm_outbound_retry_disarmed,0,"[0.0,0.0,0.0,0.0]",1,1,1,1,0.000000,680,13141250,1,0,0,1,0,1460973155,211,22459,2862,0,52,"[0.8202117681503296,-0.044022947549819946,0.022981975227594376,-0.5699003338813782]","[-0.07564233988523483,0.004061259329319,-0.03165749832987785]","[0.21323199570178986,-0.9755340218544006,9.652597427368164]",-1.21386766,-0.0316574983,11.5854082,113537,"[0.0,0.0,0.0,0.0]","[0.0,0.0,0.0,0.0,0.0,0.0,0.0,0.0]","[0.0,0.0,0.0,0.0,0.0,0.0,0.0,0.0]",254,1,1,0,,0,,,"[NaN,NaN,NaN]","[NaN,NaN,NaN,NaN]","[NaN,NaN,NaN,NaN,NaN,NaN]",0.002178,317,0,[],null,[],0,,,85.839536,,0,,0,,
2026-08-12T14:30:20.111018+00:00,17795.393219053,depth_scale_10cm_outbound_retry_disarmed,0,"[0.0,0.0,0.0,0.0]",1,1,1,1,0.000000,681,13141300,1,0,0,1,0,1460973155,212,15794,2863,0,50,"[0.8202117681503296,-0.044022947549819946,0.022981975227594376,-0.5699003338813782]","[-0.07564233988523483,0.004061259329319,-0.03165749832987785]","[0.21323199570178986,-0.9755340218544006,9.652597427368164]",-1.21386766,-0.0316574983,11.5854082,113537,"[0.0,0.0,0.0,0.0]","[0.0,0.0,0.0,0.0,0.0,0.0,0.0,0.0]","[0.0,0.0,0.0,0.0,0.0,0.0,0.0,0.0]",255,1,1,0,,0,,,"[NaN,NaN,NaN]","[NaN,NaN,NaN,NaN]","[NaN,NaN,NaN,NaN,NaN,NaN]",0.001485,319,0,[],null,[],0,,,88.415396,,0,,0,,
2026-08-12T14:30:20.161042+00:00,17795.443256148,depth_scale_10cm_outbound_retry_disarmed,0,"[0.0,0.0,0.0,0.0]",1,1,1,1,0.000000,682,13141350,1,0,0,1,0,1460973155,213,17909,2864,0,50,"[0.8202117681503296,-0.044022947549819946,0.022981975227594376,-0.5699003338813782]","[-0.07564233988523483,0.004061259329319,-0.03165749832987785]","[0.21323199570178986,-0.9755340218544006,9.652597427368164]",-1.21386766,-0.0316574983,11.7101011,114759,"[0.0,0.0,0.0,0.0]","[0.0,0.0,0.0,0.0,0.0,0.0,0.0,0.0]","[0.0,0.0,0.0,0.0,0.0,0.0,0.0,0.0]",255,1,1,0,,0,,,"[NaN,NaN,NaN]","[NaN,NaN,NaN,NaN]","[NaN,NaN,NaN,NaN,NaN,NaN]",0.002138,320,0,[],null,[],0,,,87.224548,,0,,0,,
2026-08-12T14:30:20.209601+00:00,17795.492188833,depth_scale_10cm_outbound_retry_disarmed,0,"[0.0,0.0,0.0,0.0]",1,1,1,1,0.000000,683,13141400,1,0,0,1,0,1460973155,214,62569,2865,0,48,"[0.8202117681503296,-0.044022947549819946,0.022981975227594376,-0.5699003338813782]","[-0.07564233988523483,0.004061259329319,-0.03165749832987785]","[0.21323199570178986,-0.9755340218544006,9.652597427368164]",-1.21386766,-0.0316574983,11.7101011,114759,"[0.0,0.0,0.0,0.0]","[0.0,0.0,0.0,0.0,0.0,0.0,0.0,0.0]","[0.0,0.0,0.0,0.0,0.0,0.0,0.0,0.0]",255,1,1,0,,0,,,"[NaN,NaN,NaN]","[NaN,NaN,NaN,NaN]","[NaN,NaN,NaN,NaN,NaN,NaN]",0.000927,322,0,[],null,[],0,,,87.960834,,0,,0,,
2026-08-12T14:30:20.260423+00:00,17795.542977115,depth_scale_10cm_outbound_retry_disarmed,0,"[0.0,0.0,0.0,0.0]",1,1,1,1,0.000000,684,13141450,1,0,0,1,0,1460973155,215,2288,2866,0,51,"[0.8202117681503296,-0.044022947549819946,0.022981975227594376,-0.5699003338813782]","[-0.07564233988523483,0.004061259329319,-0.03165749832987785]","[0.21323199570178986,-0.9755340218544006,9.652597427368164]",-1.21386766,-0.0316574983,11.7101011,114759,"[0.0,0.0,0.0,0.0]","[0.0,0.0,0.0,0.0,0.0,0.0,0.0,0.0]","[0.0,0.0,0.0,0.0,0.0,0.0,0.0,0.0]",255,1,1,0,,0,,,"[NaN,NaN,NaN]","[NaN,NaN,NaN,NaN]","[NaN,NaN,NaN,NaN,NaN,NaN]",0.001769,323,0,[],null,[],0,,,87.538142,,0,,0,,
2026-08-12T14:30:20.310086+00:00,17795.593068861,depth_scale_10cm_outbound_retry_disarmed,0,"[0.0,0.0,0.0,0.0]",1,1,1,1,0.000000,685,13141500,1,0,0,1,0,1460973155,216,11896,2867,0,50,"[0.8202117681503296,-0.044022947549819946,0.022981975227594376,-0.5699003338813782]","[-0.07564233988523483,0.004061259329319,-0.03165749832987785]","[0.21323199570178986,-0.9755340218544006,9.652597427368164]",-1.21386766,-0.0316574983,11.7101011,114759,"[0.0,0.0,0.0,0.0]","[0.0,0.0,0.0,0.0,0.0,0.0,0.0,0.0]","[0.0,0.0,0.0,0.0,0.0,0.0,0.0,0.0]",255,1,1,0,,0,,,"[NaN,NaN,NaN]","[NaN,NaN,NaN,NaN]","[NaN,NaN,NaN,NaN,NaN,NaN]",0.001141,325,0,[],null,[],0,,,90.337936,,0,,0,,
2026-08-12T14:30:20.360539+00:00,17795.643447313,depth_scale_10cm_outbound_retry_disarmed,0,"[0.0,0.0,0.0,0.0]",1,1,1,1,0.000000,686,13141550,1,0,0,1,0,1460973155,217,25241,2868,0,51,"[0.8202117681503296,-0.044022947549819946,0.022981975227594376,-0.5699003338813782]","[-0.07564233988523483,0.004061259329319,-0.03165749832987785]","[0.21323199570178986,-0.9755340218544006,9.652597427368164]",-1.21386766,-0.0316574983,11.8675508,116302,"[0.0,0.0,0.0,0.0]","[0.0,0.0,0.0,0.0,0.0,0.0,0.0,0.0]","[0.0,0.0,0.0,0.0,0.0,0.0,0.0,0.0]",255,1,1,0,,0,,,"[NaN,NaN,NaN]","[NaN,NaN,NaN,NaN]","[NaN,NaN,NaN,NaN,NaN,NaN]",0.002197,326,0,[],null,[],0,,,89.102011,,0,,0,,
2026-08-12T14:30:20.411235+00:00,17795.693349473,depth_scale_10cm_outbound_retry_disarmed,0,"[0.0,0.0,0.0,0.0]",1,1,1,1,0.000000,687,13141600,1,0,0,1,0,1460973155,218,11489,2869,0,50,"[0.8202117681503296,-0.044022947549819946,0.022981975227594376,-0.5699003338813782]","[-0.07564233988523483,0.004061259329319,-0.03165749832987785]","[0.21323199570178986,-0.9755340218544006,9.652597427368164]",-1.21386766,-0.0316574983,11.8675508,116302,"[0.0,0.0,0.0,0.0]","[0.0,0.0,0.0,0.0,0.0,0.0,0.0,0.0]","[0.0,0.0,0.0,0.0,0.0,0.0,0.0,0.0]",255,1,1,0,,0,,,"[NaN,NaN,NaN]","[NaN,NaN,NaN,NaN]","[NaN,NaN,NaN,NaN,NaN,NaN]",0.001505,328,0,[],null,[],0,,,88.698251,,0,,0,,
2026-08-12T14:30:20.461186+00:00,17795.743347157,depth_scale_10cm_outbound_retry_disarmed,0,"[0.0,0.0,0.0,0.0]",1,1,1,1,0.000000,688,13141650,1,0,0,1,0,1460973155,219,21670,2870,0,50,"[0.8202117681503296,-0.044022947549819946,0.022981975227594376,-0.5699003338813782]","[-0.07564233988523483,0.004061259329319,-0.03165749832987785]","[0.21323199570178986,-0.9755340218544006,9.652597427368164]",-1.21386766,-0.0316574983,11.8675508,116302,"[0.0,0.0,0.0,0.0]","[0.0,0.0,0.0,0.0,0.0,0.0,0.0,0.0]","[0.0,0.0,0.0,0.0,0.0,0.0,0.0,0.0]",255,1,1,0,,0,,,"[NaN,NaN,NaN]","[NaN,NaN,NaN,NaN]","[NaN,NaN,NaN,NaN,NaN,NaN]",0.002163,329,0,[],null,[],0,,,87.324394,,0,,0,,
2026-08-12T14:30:20.511104+00:00,17795.793279292,depth_scale_10cm_outbound_retry_disarmed,0,"[0.0,0.0,0.0,0.0]",1,1,1,1,0.000000,689,13141700,1,0,0,1,0,1460973155,220,51419,2871,0,50,"[0.8202117681503296,-0.044022947549819946,0.022981975227594376,-0.5699003338813782]","[-0.07564233988523483,0.004061259329319,-0.03165749832987785]","[0.21323199570178986,-0.9755340218544006,9.652597427368164]",-1.21386766,-0.0316574983,12.0406122,117998,"[0.0,0.0,0.0,0.0]","[0.0,0.0,0.0,0.0,0.0,0.0,0.0,0.0]","[0.0,0.0,0.0,0.0,0.0,0.0,0.0,0.0]",255,1,1,0,,0,,,"[NaN,NaN,NaN]","[NaN,NaN,NaN,NaN]","[NaN,NaN,NaN,NaN,NaN,NaN]",0.001488,331,0,[],null,[],0,,,84.718728,,0,,0,,
2026-08-12T14:30:20.560969+00:00,17795.843230045,depth_scale_10cm_outbound_retry_disarmed,0,"[0.0,0.0,0.0,0.0]",1,1,1,1,0.000000,690,13141750,1,0,0,1,0,1460973155,221,56069,2872,0,50,"[0.8202117681503296,-0.044022947549819946,0.022981975227594376,-0.5699003338813782]","[-0.07564233988523483,0.004061259329319,-0.03165749832987785]","[0.21323199570178986,-0.9755340218544006,9.652597427368164]",-1.21386766,-0.0316574983,12.0406122,117998,"[0.0,0.0,0.0,0.0]","[0.0,0.0,0.0,0.0,0.0,0.0,0.0,0.0]","[0.0,0.0,0.0,0.0,0.0,0.0,0.0,0.0]",255,1,1,0,,0,,,"[NaN,NaN,NaN]","[NaN,NaN,NaN,NaN]","[NaN,NaN,NaN,NaN,NaN,NaN]",0.002012,332,0,[],null,[],0,,,83.162754,,0,,0,,
2026-08-12T14:30:20.611192+00:00,17795.893336123,depth_scale_10cm_outbound_retry_disarmed,0,"[0.0,0.0,0.0,0.0]",1,1,1,1,0.000000,691,13141800,1,0,0,1,0,1460973155,222,42136,2873,0,50,"[0.8202117681503296,-0.044022947549819946,0.022981975227594376,-0.5699003338813782]","[-0.07564233988523483,0.004061259329319,-0.03165749832987785]","[0.21323199570178986,-0.9755340218544006,9.652597427368164]",-1.21386766,-0.0316574983,12.0406122,117998,"[0.0,0.0,0.0,0.0]","[0.0,0.0,0.0,0.0,0.0,0.0,0.0,0.0]","[0.0,0.0,0.0,0.0,0.0,0.0,0.0,0.0]",255,1,1,0,,0,,,"[NaN,NaN,NaN]","[NaN,NaN,NaN,NaN]","[NaN,NaN,NaN,NaN,NaN,NaN]",0.001499,334,0,[],null,[],0,,,82.317817,,0,,0,,
2026-08-12T14:30:20.661069+00:00,17795.943253341,depth_scale_10cm_outbound_retry_disarmed,0,"[0.0,0.0,0.0,0.0]",1,1,1,1,0.000000,692,13141850,1,0,0,1,0,1460973155,223,24692,2874,0,50,"[0.8202117681503296,-0.044022947549819946,0.022981975227594376,-0.5699003338813782]","[-0.07564233988523483,0.004061259329319,-0.03165749832987785]","[0.21323199570178986,-0.9755340218544006,9.652597427368164]",-1.21386766,-0.0316574983,12.2226524,119782,"[0.0,0.0,0.0,0.0]","[0.0,0.0,0.0,0.0,0.0,0.0,0.0,0.0]","[0.0,0.0,0.0,0.0,0.0,0.0,0.0,0.0]",247,1,1,0,,0,,,"[NaN,NaN,NaN]","[NaN,NaN,NaN,NaN]","[NaN,NaN,NaN,NaN,NaN,NaN]",0.002129,335,0,[],null,[],0,,,82.110035,,0,,0,,
2026-08-12T14:30:20.709851+00:00,17795.992705132,depth_scale_10cm_outbound_retry_disarmed,0,"[0.0,0.0,0.0,0.0]",1,1,1,1,0.000000,693,13141900,1,0,0,1,0,1460973155,224,34697,2875,0,49,"[0.8202117681503296,-0.044022947549819946,0.022981975227594376,-0.5699003338813782]","[-0.07564233988523483,0.004061259329319,-0.03165749832987785]","[0.21323199570178986,-0.9755340218544006,9.652597427368164]",-1.21386766,-0.0316574983,12.2226524,119782,"[0.0,0.0,0.0,0.0]","[0.0,0.0,0.0,0.0,0.0,0.0,0.0,0.0]","[0.0,0.0,0.0,0.0,0.0,0.0,0.0,0.0]",247,1,1,0,,0,,,"[NaN,NaN,NaN]","[NaN,NaN,NaN,NaN]","[NaN,NaN,NaN,NaN,NaN,NaN]",0.000824,337,0,[],null,[],0,,,83.108966,,0,,0,,
2026-08-12T14:30:20.760088+00:00,17796.043180593,depth_scale_10cm_outbound_retry_disarmed,0,"[0.0,0.0,0.0,0.0]",1,1,1,1,0.000000,694,13141950,1,0,0,1,0,1460973155,225,34260,2876,0,50,"[0.8202117681503296,-0.044022947549819946,0.022981975227594376,-0.5699003338813782]","[-0.07564233988523483,0.004061259329319,-0.03165749832987785]","[0.21323199570178986,-0.9755340218544006,9.652597427368164]",-1.21386766,-0.0316574983,12.2226524,119782,"[0.0,0.0,0.0,0.0]","[0.0,0.0,0.0,0.0,0.0,0.0,0.0,0.0]","[0.0,0.0,0.0,0.0,0.0,0.0,0.0,0.0]",247,1,1,0,,0,,,"[NaN,NaN,NaN]","[NaN,NaN,NaN,NaN]","[NaN,NaN,NaN,NaN,NaN,NaN]",0.001957,338,0,[],null,[],0,,,84.635247,,0,,0,,
2026-08-12T14:30:20.810804+00:00,17796.093298073,depth_scale_10cm_outbound_retry_disarmed,0,"[0.0,0.0,0.0,0.0]",1,1,1,1,0.000000,695,13142000,1,0,0,1,0,1460973155,226,23953,2877,0,51,"[0.8202117681503296,-0.044022947549819946,0.022981975227594376,-0.5699003338813782]","[-0.07564233988523483,0.004061259329319,-0.03165749832987785]","[0.21323199570178986,-0.9755340218544006,9.652597427368164]",-1.21386766,-0.0316574983,12.2226524,119782,"[0.0,0.0,0.0,0.0]","[0.0,0.0,0.0,0.0,0.0,0.0,0.0,0.0]","[0.0,0.0,0.0,0.0,0.0,0.0,0.0,0.0]",247,1,1,0,,0,,,"[NaN,NaN,NaN]","[NaN,NaN,NaN,NaN]","[NaN,NaN,NaN,NaN,NaN,NaN]",0.001475,340,0,[],null,[],0,,,85.598299,,0,,0,,
2026-08-12T14:30:20.859784+00:00,17796.142417409,depth_scale_10cm_outbound_retry_disarmed,0,"[0.0,0.0,0.0,0.0]",1,1,1,1,0.000000,696,13142050,1,0,0,1,0,1460973155,227,46059,2878,0,49,"[0.8202117681503296,-0.044022947549819946,0.022981975227594376,-0.5699003338813782]","[-0.07564233988523483,0.004061259329319,-0.03165749832987785]","[0.21323199570178986,-0.9755340218544006,9.652597427368164]",-1.21386766,-0.0316574983,12.3948975,121470,"[0.0,0.0,0.0,0.0]","[0.0,0.0,0.0,0.0,0.0,0.0,0.0,0.0]","[0.0,0.0,0.0,0.0,0.0,0.0,0.0,0.0]",240,1,1,0,,0,,,"[NaN,NaN,NaN]","[NaN,NaN,NaN,NaN]","[NaN,NaN,NaN,NaN,NaN,NaN]",0.001467,341,0,[],null,[],0,,,84.534102,,0,,0,,
2026-08-12T14:30:20.911162+00:00,17796.193357075,depth_scale_10cm_outbound_retry_disarmed,0,"[0.0,0.0,0.0,0.0]",1,1,1,1,0.000000,697,13142100,1,0,0,1,0,1460973155,228,27724,2879,0,51,"[0.8202117681503296,-0.044022947549819946,0.022981975227594376,-0.5699003338813782]","[-0.07564233988523483,0.004061259329319,-0.03165749832987785]","[0.21323199570178986,-0.9755340218544006,9.652597427368164]",-1.21386766,-0.0316574983,12.3948975,121470,"[0.0,0.0,0.0,0.0]","[0.0,0.0,0.0,0.0,0.0,0.0,0.0,0.0]","[0.0,0.0,0.0,0.0,0.0,0.0,0.0,0.0]",255,1,1,0,,0,,,"[NaN,NaN,NaN]","[NaN,NaN,NaN,NaN]","[NaN,NaN,NaN,NaN,NaN,NaN]",0.001497,343,0,[],null,[],0,,,86.801273,,0,,0,,
2026-08-12T14:30:20.961134+00:00,17796.243317806,depth_scale_10cm_outbound_retry_disarmed,0,"[0.0,0.0,0.0,0.0]",1,1,1,1,0.000000,698,13142150,1,0,0,1,0,1460973155,229,16823,2880,0,50,"[0.8202117681503296,-0.044022947549819946,0.022981975227594376,-0.5699003338813782]","[-0.07564233988523483,0.004061259329319,-0.03165749832987785]","[0.21323199570178986,-0.9755340218544006,9.652597427368164]",-1.21386766,-0.0316574983,12.3948975,121470,"[0.0,0.0,0.0,0.0]","[0.0,0.0,0.0,0.0,0.0,0.0,0.0,0.0]","[0.0,0.0,0.0,0.0,0.0,0.0,0.0,0.0]",255,1,1,0,,0,,,"[NaN,NaN,NaN]","[NaN,NaN,NaN,NaN]","[NaN,NaN,NaN,NaN,NaN,NaN]",0.002201,344,0,[],null,[],0,,,85.966276,,0,,0,,
2026-08-12T14:30:21.011130+00:00,17796.293335061,depth_scale_10cm_outbound_retry_disarmed,0,"[0.0,0.0,0.0,0.0]",1,1,1,1,0.000000,699,13142200,1,0,0,1,0,1460973155,230,51582,2881,0,50,"[0.8202117681503296,-0.044022947549819946,0.022981975227594376,-0.5699003338813782]","[-0.07564233988523483,0.004061259329319,-0.03165749832987785]","[0.21323199570178986,-0.9755340218544006,9.652597427368164]",-1.21386766,-0.0316574983,12.561429,123102,"[0.0,0.0,0.0,0.0]","[0.0,0.0,0.0,0.0,0.0,0.0,0.0,0.0]","[0.0,0.0,0.0,0.0,0.0,0.0,0.0,0.0]",240,1,1,0,,0,,,"[NaN,NaN,NaN]","[NaN,NaN,NaN,NaN]","[NaN,NaN,NaN,NaN,NaN,NaN]",0.001511,346,0,[],null,[],0,,,85.141837,,0,,0,,
2026-08-12T14:30:21.061132+00:00,17796.343297226,depth_scale_10cm_outbound_retry_disarmed,0,"[0.0,0.0,0.0,0.0]",1,1,1,1,0.000000,700,13142250,1,0,0,1,0,1460973155,231,45369,2882,0,50,"[0.8202117681503296,-0.044022947549819946,0.022981975227594376,-0.5699003338813782]","[-0.07564233988523483,0.004061259329319,-0.03165749832987785]","[0.21323199570178986,-0.9755340218544006,9.652597427368164]",-1.21386766,-0.0316574983,12.561429,123102,"[0.0,0.0,0.0,0.0]","[0.0,0.0,0.0,0.0,0.0,0.0,0.0,0.0]","[0.0,0.0,0.0,0.0,0.0,0.0,0.0,0.0]",255,1,1,0,,0,,,"[NaN,NaN,NaN]","[NaN,NaN,NaN,NaN]","[NaN,NaN,NaN,NaN,NaN,NaN]",0.002162,347,0,[],null,[],0,,,84.345928,,0,,0,,
2026-08-12T14:30:21.110890+00:00,17796.393221377,depth_scale_10cm_outbound_retry_disarmed,0,"[0.0,0.0,0.0,0.0]",1,1,1,1,0.000000,701,13142300,1,0,0,1,0,1460973155,232,59979,2883,0,50,"[0.8202117681503296,-0.044022947549819946,0.022981975227594376,-0.5699003338813782]","[-0.07564233988523483,0.004061259329319,-0.03165749832987785]","[0.21323199570178986,-0.9755340218544006,9.652597427368164]",-1.21386766,-0.0316574983,12.561429,123102,"[0.0,0.0,0.0,0.0]","[0.0,0.0,0.0,0.0,0.0,0.0,0.0,0.0]","[0.0,0.0,0.0,0.0,0.0,0.0,0.0,0.0]",240,1,1,0,,0,,,"[NaN,NaN,NaN]","[NaN,NaN,NaN,NaN]","[NaN,NaN,NaN,NaN,NaN,NaN]",0.000460,349,0,[],null,[],0,,,82.519855,,0,,0,,
2026-08-12T14:30:21.160197+00:00,17796.443295914,depth_scale_10cm_outbound_retry_disarmed,0,"[0.0,0.0,0.0,0.0]",1,1,1,1,0.000000,702,13142350,1,0,0,1,0,1460973155,233,57510,2884,0,49,"[0.8202117681503296,-0.044022947549819946,0.022981975227594376,-0.5699003338813782]","[-0.07564233988523483,0.004061259329319,-0.03165749832987785]","[0.21323199570178986,-0.9755340218544006,9.652597427368164]",-1.21386766,-0.0316574983,12.6986732,124447,"[0.0,0.0,0.0,0.0]","[0.0,0.0,0.0,0.0,0.0,0.0,0.0,0.0]","[0.0,0.0,0.0,0.0,0.0,0.0,0.0,0.0]",255,1,1,0,,0,,,"[NaN,NaN,NaN]","[NaN,NaN,NaN,NaN]","[NaN,NaN,NaN,NaN,NaN,NaN]",0.002043,350,0,[],null,[],0,,,81.232716,,0,,0,,
2026-08-12T14:30:21.210309+00:00,17796.493346191,depth_scale_10cm_outbound_retry_disarmed,0,"[0.0,0.0,0.0,0.0]",1,1,1,1,0.000000,703,13142400,1,0,0,1,0,1460973155,234,44190,2885,0,50,"[0.8202117681503296,-0.044022947549819946,0.022981975227594376,-0.5699003338813782]","[-0.07564233988523483,0.004061259329319,-0.03165749832987785]","[0.21323199570178986,-0.9755340218544006,9.652597427368164]",-1.21386766,-0.0316574983,12.6986732,124447,"[0.0,0.0,0.0,0.0]","[0.0,0.0,0.0,0.0,0.0,0.0,0.0,0.0]","[0.0,0.0,0.0,0.0,0.0,0.0,0.0,0.0]",240,1,1,0,,0,,,"[NaN,NaN,NaN]","[NaN,NaN,NaN,NaN]","[NaN,NaN,NaN,NaN,NaN,NaN]",0.001527,352,0,[],null,[],0,,,79.810199,,0,,0,,
2026-08-12T14:30:21.261351+00:00,17796.543449165,depth_scale_10cm_outbound_retry_disarmed,0,"[0.0,0.0,0.0,0.0]",1,1,1,1,0.000000,704,13142450,1,0,0,1,0,1460973155,235,61388,2886,0,51,"[0.8202117681503296,-0.044022947549819946,0.022981975227594376,-0.5699003338813782]","[-0.07564233988523483,0.004061259329319,-0.03165749832987785]","[0.21323199570178986,-0.9755340218544006,9.652597427368164]",-1.21386766,-0.0316574983,12.811326,125551,"[0.0,0.0,0.0,0.0]","[0.0,0.0,0.0,0.0,0.0,0.0,0.0,0.0]","[0.0,0.0,0.0,0.0,0.0,0.0,0.0,0.0]",255,1,1,0,,0,,,"[NaN,NaN,NaN]","[NaN,NaN,NaN,NaN]","[NaN,NaN,NaN,NaN,NaN,NaN]",0.002154,353,0,[],null,[],0,,,84.989249,,0,,0,,
2026-08-12T14:30:21.311118+00:00,17796.593298675,depth_scale_10cm_outbound_retry_disarmed,0,"[0.0,0.0,0.0,0.0]",1,1,1,1,0.000000,705,13142500,1,0,0,1,0,1460973155,236,25138,2887,0,50,"[0.8202117681503296,-0.044022947549819946,0.022981975227594376,-0.5699003338813782]","[-0.07564233988523483,0.004061259329319,-0.03165749832987785]","[0.21323199570178986,-0.9755340218544006,9.652597427368164]",-1.21386766,-0.0316574983,12.811326,125551,"[0.0,0.0,0.0,0.0]","[0.0,0.0,0.0,0.0,0.0,0.0,0.0,0.0]","[0.0,0.0,0.0,0.0,0.0,0.0,0.0,0.0]",240,1,1,0,,0,,,"[NaN,NaN,NaN]","[NaN,NaN,NaN,NaN]","[NaN,NaN,NaN,NaN,NaN,NaN]",0.002162,354,0,[],null,[],0,,,85.685065,,0,,0,,
2026-08-12T14:30:21.361018+00:00,17796.643231776,depth_scale_10cm_outbound_retry_disarmed,0,"[0.0,0.0,0.0,0.0]",1,1,1,1,0.000000,706,13142550,1,0,0,1,0,1460973155,237,42718,2888,0,50,"[0.8202117681503296,-0.044022947549819946,0.022981975227594376,-0.5699003338813782]","[-0.07564233988523483,0.004061259329319,-0.03165749832987785]","[0.21323199570178986,-0.9755340218544006,9.652597427368164]",-1.21386766,-0.0316574983,12.811326,125551,"[0.0,0.0,0.0,0.0]","[0.0,0.0,0.0,0.0,0.0,0.0,0.0,0.0]","[0.0,0.0,0.0,0.0,0.0,0.0,0.0,0.0]",255,1,1,0,,0,,,"[NaN,NaN,NaN]","[NaN,NaN,NaN,NaN]","[NaN,NaN,NaN,NaN,NaN,NaN]",0.001475,356,0,[],null,[],0,,,86.25621,,0,,0,,
2026-08-12T14:30:21.411188+00:00,17796.693375570,depth_scale_10cm_outbound_retry_disarmed,0,"[0.0,0.0,0.0,0.0]",1,1,1,1,0.000000,707,13142600,1,0,0,1,0,1460973155,238,41178,2889,0,50,"[0.8202117681503296,-0.044022947549819946,0.022981975227594376,-0.5699003338813782]","[-0.07564233988523483,0.004061259329319,-0.03165749832987785]","[0.21323199570178986,-0.9755340218544006,9.652597427368164]",-1.21386766,-0.0316574983,12.89153,126337,"[0.0,0.0,0.0,0.0]","[0.0,0.0,0.0,0.0,0.0,0.0,0.0,0.0]","[0.0,0.0,0.0,0.0,0.0,0.0,0.0,0.0]",240,1,1,0,,0,,,"[NaN,NaN,NaN]","[NaN,NaN,NaN,NaN]","[NaN,NaN,NaN,NaN,NaN,NaN]",0.002212,357,0,[],null,[],0,,,90.611722,,0,,0,,
2026-08-12T14:30:21.461160+00:00,17796.743304811,depth_scale_10cm_outbound_retry_disarmed,0,"[0.0,0.0,0.0,0.0]",1,1,1,1,0.000000,708,13142650,1,0,0,1,0,1460973155,239,45828,2890,0,50,"[0.8202117681503296,-0.044022947549819946,0.022981975227594376,-0.5699003338813782]","[-0.07564233988523483,0.004061259329319,-0.03165749832987785]","[0.21323199570178986,-0.9755340218544006,9.652597427368164]",-1.21386766,-0.0316574983,12.89153,126337,"[0.0,0.0,0.0,0.0]","[0.0,0.0,0.0,0.0,0.0,0.0,0.0,0.0]","[0.0,0.0,0.0,0.0,0.0,0.0,0.0,0.0]",255,1,1,0,,0,,,"[NaN,NaN,NaN]","[NaN,NaN,NaN,NaN]","[NaN,NaN,NaN,NaN,NaN,NaN]",0.001491,359,0,[],null,[],0,,,88.025101,,0,,0,,
2026-08-12T14:30:21.511265+00:00,17796.793427216,depth_scale_10cm_outbound_retry_disarmed,0,"[0.0,0.0,0.0,0.0]",1,1,1,1,0.000000,709,13142700,1,0,0,1,0,1460973155,240,47782,2891,0,50,"[0.8202117681503296,-0.044022947549819946,0.022981975227594376,-0.5699003338813782]","[-0.07564233988523483,0.004061259329319,-0.03165749832987785]","[0.21323199570178986,-0.9755340218544006,9.652597427368164]",-1.21386766,-0.0316574983,12.89153,126337,"[0.0,0.0,0.0,0.0]","[0.0,0.0,0.0,0.0,0.0,0.0,0.0,0.0]","[0.0,0.0,0.0,0.0,0.0,0.0,0.0,0.0]",240,1,1,0,,0,,,"[NaN,NaN,NaN]","[NaN,NaN,NaN,NaN]","[NaN,NaN,NaN,NaN,NaN,NaN]",0.001514,361,0,[],null,[],0,,,93.249218,,0,,0,,
2026-08-12T14:30:21.559437+00:00,17796.842197719,depth_scale_10cm_outbound_retry_disarmed,0,"[0.0,0.0,0.0,0.0]",1,1,1,1,0.000000,710,13142750,1,0,0,1,0,1460973155,241,32330,2892,0,48,"[0.8202117681503296,-0.044022947549819946,0.022981975227594376,-0.5699003338813782]","[-0.07564233988523483,0.004061259329319,-0.03165749832987785]","[0.21323199570178986,-0.9755340218544006,9.652597427368164]",-1.21386766,-0.0316574983,12.9629593,127037,"[0.0,0.0,0.0,0.0]","[0.0,0.0,0.0,0.0,0.0,0.0,0.0,0.0]","[0.0,0.0,0.0,0.0,0.0,0.0,0.0,0.0]",255,1,1,0,,0,,,"[NaN,NaN,NaN]","[NaN,NaN,NaN,NaN]","[NaN,NaN,NaN,NaN,NaN,NaN]",0.001243,362,0,[],null,[],0,,,91.442816,,0,,0,,
2026-08-12T14:30:21.609880+00:00,17796.893021540,depth_scale_10cm_outbound_retry_disarmed,0,"[0.0,0.0,0.0,0.0]",1,1,1,1,0.000000,711,13142800,1,0,0,1,0,1460973155,242,52406,2893,0,51,"[0.8202117681503296,-0.044022947549819946,0.022981975227594376,-0.5699003338813782]","[-0.07564233988523483,0.004061259329319,-0.03165749832987785]","[0.21323199570178986,-0.9755340218544006,9.652597427368164]",-1.21386766,-0.0316574983,12.9629593,127037,"[0.0,0.0,0.0,0.0]","[0.0,0.0,0.0,0.0,0.0,0.0,0.0,0.0]","[0.0,0.0,0.0,0.0,0.0,0.0,0.0,0.0]",240,1,1,0,,0,,,"[NaN,NaN,NaN]","[NaN,NaN,NaN,NaN]","[NaN,NaN,NaN,NaN,NaN,NaN]",0.001228,364,0,[],null,[],0,,,91.746028,,0,,0,,
2026-08-12T14:30:21.659715+00:00,17796.942381374,depth_scale_10cm_outbound_retry_disarmed,0,"[0.0,0.0,0.0,0.0]",1,1,1,1,0.000000,712,13142850,1,0,0,1,0,1460973155,243,60909,2894,0,50,"[0.8202117681503296,-0.044022947549819946,0.022981975227594376,-0.5699003338813782]","[-0.07564233988523483,0.004061259329319,-0.03165749832987785]","[0.21323199570178986,-0.9755340218544006,9.652597427368164]",-1.21386766,-0.0316574983,13.0309181,127703,"[0.0,0.0,0.0,0.0]","[0.0,0.0,0.0,0.0,0.0,0.0,0.0,0.0]","[0.0,0.0,0.0,0.0,0.0,0.0,0.0,0.0]",239,1,1,0,,0,,,"[NaN,NaN,NaN]","[NaN,NaN,NaN,NaN]","[NaN,NaN,NaN,NaN,NaN,NaN]",0.001447,365,0,[],null,[],0,,,90.32751,,0,,0,,
2026-08-12T14:30:21.711070+00:00,17796.993256144,depth_scale_10cm_outbound_retry_disarmed,0,"[0.0,0.0,0.0,0.0]",1,1,1,1,0.000000,713,13142900,1,0,0,1,0,1460973155,244,13743,2895,0,51,"[0.8202117681503296,-0.044022947549819946,0.022981975227594376,-0.5699003338813782]","[-0.07564233988523483,0.004061259329319,-0.03165749832987785]","[0.21323199570178986,-0.9755340218544006,9.652597427368164]",-1.21386766,-0.0316574983,13.0309181,127703,"[0.0,0.0,0.0,0.0]","[0.0,0.0,0.0,0.0,0.0,0.0,0.0,0.0]","[0.0,0.0,0.0,0.0,0.0,0.0,0.0,0.0]",224,1,1,0,,0,,,"[NaN,NaN,NaN]","[NaN,NaN,NaN,NaN]","[NaN,NaN,NaN,NaN,NaN,NaN]",0.001506,367,0,[],null,[],0,,,88.389437,,0,,0,,
2026-08-12T14:30:21.761160+00:00,17797.043324937,depth_scale_10cm_outbound_retry_disarmed,0,"[0.0,0.0,0.0,0.0]",1,1,1,1,0.000000,714,13142950,1,0,0,1,0,1460973155,245,63027,2896,0,50,"[0.8202117681503296,-0.044022947549819946,0.022981975227594376,-0.5699003338813782]","[-0.07564233988523483,0.004061259329319,-0.03165749832987785]","[0.21323199570178986,-0.9755340218544006,9.652597427368164]",-1.21386766,-0.0316574983,13.0309181,127703,"[0.0,0.0,0.0,0.0]","[0.0,0.0,0.0,0.0,0.0,0.0,0.0,0.0]","[0.0,0.0,0.0,0.0,0.0,0.0,0.0,0.0]",239,1,1,0,,0,,,"[NaN,NaN,NaN]","[NaN,NaN,NaN,NaN]","[NaN,NaN,NaN,NaN,NaN,NaN]",0.002169,368,0,[],null,[],0,,,90.83997,,0,,0,,
2026-08-12T14:30:21.811155+00:00,17797.093344287,depth_scale_10cm_outbound_retry_disarmed,0,"[0.0,0.0,0.0,0.0]",1,1,1,1,0.000000,715,13143000,1,0,0,1,0,1460973155,246,18351,2897,0,50,"[0.8202117681503296,-0.044022947549819946,0.022981975227594376,-0.5699003338813782]","[-0.07564233988523483,0.004061259329319,-0.03165749832987785]","[0.21323199570178986,-0.9755340218544006,9.652597427368164]",-1.21386766,-0.0316574983,13.0759182,128144,"[0.0,0.0,0.0,0.0]","[0.0,0.0,0.0,0.0,0.0,0.0,0.0,0.0]","[0.0,0.0,0.0,0.0,0.0,0.0,0.0,0.0]",224,1,1,0,,0,,,"[NaN,NaN,NaN]","[NaN,NaN,NaN,NaN]","[NaN,NaN,NaN,NaN,NaN,NaN]",0.001510,370,0,[],null,[],0,,,93.204504,,0,,0,,
2026-08-12T14:30:21.861140+00:00,17797.143289748,depth_scale_10cm_outbound_retry_disarmed,0,"[0.0,0.0,0.0,0.0]",1,1,1,1,0.000000,716,13143050,1,0,0,1,0,1460973155,247,16360,2898,0,50,"[0.8202117681503296,-0.044022947549819946,0.022981975227594376,-0.5699003338813782]","[-0.07564233988523483,0.004061259329319,-0.03165749832987785]","[0.21323199570178986,-0.9755340218544006,9.652597427368164]",-1.21386766,-0.0316574983,13.0759182,128144,"[0.0,0.0,0.0,0.0]","[0.0,0.0,0.0,0.0,0.0,0.0,0.0,0.0]","[0.0,0.0,0.0,0.0,0.0,0.0,0.0,0.0]",255,1,1,0,,0,,,"[NaN,NaN,NaN]","[NaN,NaN,NaN,NaN]","[NaN,NaN,NaN,NaN,NaN,NaN]",0.002127,371,0,[],null,[],0,,,92.350839,,0,,0,,
2026-08-12T14:30:21.911157+00:00,17797.193325339,depth_scale_10cm_outbound_retry_disarmed,0,"[0.0,0.0,0.0,0.0]",1,1,1,1,0.000000,717,13143100,1,0,0,1,0,1460973155,248,57603,2899,0,50,"[0.8202117681503296,-0.044022947549819946,0.022981975227594376,-0.5699003338813782]","[-0.07564233988523483,0.004061259329319,-0.03165749832987785]","[0.21323199570178986,-0.9755340218544006,9.652597427368164]",-1.21386766,-0.0316574983,13.0759182,128144,"[0.0,0.0,0.0,0.0]","[0.0,0.0,0.0,0.0,0.0,0.0,0.0,0.0]","[0.0,0.0,0.0,0.0,0.0,0.0,0.0,0.0]",240,1,1,0,,0,,,"[NaN,NaN,NaN]","[NaN,NaN,NaN,NaN]","[NaN,NaN,NaN,NaN,NaN,NaN]",0.001490,373,0,[],null,[],0,,,89.229006,,0,,0,,
2026-08-12T14:30:21.961126+00:00,17797.243284065,depth_scale_10cm_outbound_retry_disarmed,0,"[0.0,0.0,0.0,0.0]",1,1,1,1,0.000000,718,13143150,1,0,0,1,0,1460973155,249,39236,2900,0,50,"[0.8202117681503296,-0.044022947549819946,0.022981975227594376,-0.5699003338813782]","[-0.07564233988523483,0.004061259329319,-0.03165749832987785]","[0.21323199570178986,-0.9755340218544006,9.652597427368164]",-1.21386766,-0.0316574983,13.1060209,128439,"[0.0,0.0,0.0,0.0]","[0.0,0.0,0.0,0.0,0.0,0.0,0.0,0.0]","[0.0,0.0,0.0,0.0,0.0,0.0,0.0,0.0]",255,1,1,0,,0,,,"[NaN,NaN,NaN]","[NaN,NaN,NaN,NaN]","[NaN,NaN,NaN,NaN,NaN,NaN]",0.002133,374,0,[],null,[],0,,,93.680881,,0,,0,,
2026-08-12T14:30:22.010031+00:00,17797.292972718,depth_scale_10cm_outbound_retry_disarmed,0,"[0.0,0.0,0.0,0.0]",1,1,1,1,0.000000,719,13143200,1,0,0,1,0,1460973155,250,10456,2901,0,49,"[0.8202117681503296,-0.044022947549819946,0.022981975227594376,-0.5699003338813782]","[-0.07564233988523483,0.004061259329319,-0.03165749832987785]","[0.21323199570178986,-0.9755340218544006,9.652597427368164]",-1.21386766,-0.0316574983,13.1060209,128439,"[0.0,0.0,0.0,0.0]","[0.0,0.0,0.0,0.0,0.0,0.0,0.0,0.0]","[0.0,0.0,0.0,0.0,0.0,0.0,0.0,0.0]",255,1,1,0,,0,,,"[NaN,NaN,NaN]","[NaN,NaN,NaN,NaN]","[NaN,NaN,NaN,NaN,NaN,NaN]",0.000469,376,0,[],null,[],0,,,90.269456,,0,,0,,
2026-08-12T14:30:22.060419+00:00,17797.343321288,depth_scale_10cm_outbound_retry_disarmed,0,"[0.0,0.0,0.0,0.0]",1,1,1,1,0.000000,720,13143250,1,0,0,1,0,1460973155,251,16668,2902,0,50,"[0.8202117681503296,-0.044022947549819946,0.022981975227594376,-0.5699003338813782]","[-0.07564233988523483,0.004061259329319,-0.03165749832987785]","[0.21323199570178986,-0.9755340218544006,9.652597427368164]",-1.21386766,-0.0316574983,13.1159182,128536,"[0.0,0.0,0.0,0.0]","[0.0,0.0,0.0,0.0,0.0,0.0,0.0,0.0]","[0.0,0.0,0.0,0.0,0.0,0.0,0.0,0.0]",176,1,1,0,,0,,,"[NaN,NaN,NaN]","[NaN,NaN,NaN,NaN]","[NaN,NaN,NaN,NaN,NaN,NaN]",0.002147,377,0,[],null,[],0,,,91.320564,,0,,0,,
2026-08-12T14:30:22.111067+00:00,17797.393268503,depth_scale_10cm_outbound_retry_disarmed,0,"[0.0,0.0,0.0,0.0]",1,1,1,1,0.000000,721,13143300,1,0,0,1,0,1460973155,252,62151,2903,0,51,"[0.8202117681503296,-0.044022947549819946,0.022981975227594376,-0.5699003338813782]","[-0.07564233988523483,0.004061259329319,-0.03165749832987785]","[0.21323199570178986,-0.9755340218544006,9.652597427368164]",-1.21386766,-0.0316574983,13.1159182,128536,"[0.0,0.0,0.0,0.0]","[0.0,0.0,0.0,0.0,0.0,0.0,0.0,0.0]","[0.0,0.0,0.0,0.0,0.0,0.0,0.0,0.0]",191,1,1,0,,0,,,"[NaN,NaN,NaN]","[NaN,NaN,NaN,NaN]","[NaN,NaN,NaN,NaN,NaN,NaN]",0.001513,379,0,[],null,[],0,,,91.048313,,0,,0,,
2026-08-12T14:30:22.161134+00:00,17797.443300991,depth_scale_10cm_outbound_retry_disarmed,0,"[0.0,0.0,0.0,0.0]",1,1,1,1,0.000000,722,13143350,1,0,0,1,0,1460973155,253,44438,2904,0,50,"[0.8202117681503296,-0.044022947549819946,0.022981975227594376,-0.5699003338813782]","[-0.07564233988523483,0.004061259329319,-0.03165749832987785]","[0.21323199570178986,-0.9755340218544006,9.652597427368164]",-1.21386766,-0.0316574983,13.1159182,128536,"[0.0,0.0,0.0,0.0]","[0.0,0.0,0.0,0.0,0.0,0.0,0.0,0.0]","[0.0,0.0,0.0,0.0,0.0,0.0,0.0,0.0]",176,1,1,0,,0,,,"[NaN,NaN,NaN]","[NaN,NaN,NaN,NaN]","[NaN,NaN,NaN,NaN,NaN,NaN]",0.002125,380,0,[],null,[],0,,,89.320272,,0,,0,,
2026-08-12T14:30:22.211170+00:00,17797.493322914,depth_scale_10cm_outbound_retry_disarmed,0,"[0.0,0.0,0.0,0.0]",1,1,1,1,0.000000,723,13143400,1,0,0,1,0,1460973155,254,41121,2905,0,50,"[0.8202117681503296,-0.044022947549819946,0.022981975227594376,-0.5699003338813782]","[-0.07564233988523483,0.004061259329319,-0.03165749832987785]","[0.21323199570178986,-0.9755340218544006,9.652597427368164]",-1.21386766,-0.0316574983,13.1277552,128652,"[0.0,0.0,0.0,0.0]","[0.0,0.0,0.0,0.0,0.0,0.0,0.0,0.0]","[0.0,0.0,0.0,0.0,0.0,0.0,0.0,0.0]",249,1,1,0,,0,,,"[NaN,NaN,NaN]","[NaN,NaN,NaN,NaN]","[NaN,NaN,NaN,NaN,NaN,NaN]",0.002203,381,0,[],null,[],0,,,88.221941,,0,,0,,
2026-08-12T14:30:22.261334+00:00,17797.543390062,depth_scale_10cm_outbound_retry_disarmed,0,"[0.0,0.0,0.0,0.0]",1,1,1,1,0.000000,724,13143450,1,0,0,1,0,1460973155,255,25677,2906,0,50,"[0.8202117681503296,-0.044022947549819946,0.022981975227594376,-0.5699003338813782]","[-0.07564233988523483,0.004061259329319,-0.03165749832987785]","[0.21323199570178986,-0.9755340218544006,9.652597427368164]",-1.21386766,-0.0316574983,13.1277552,128652,"[0.0,0.0,0.0,0.0]","[0.0,0.0,0.0,0.0,0.0,0.0,0.0,0.0]","[0.0,0.0,0.0,0.0,0.0,0.0,0.0,0.0]",249,1,1,0,,0,,,"[NaN,NaN,NaN]","[NaN,NaN,NaN,NaN]","[NaN,NaN,NaN,NaN,NaN,NaN]",0.001491,383,0,[],null,[],0,,,87.711108,,0,,0,,
2026-08-12T14:30:22.311143+00:00,17797.593347928,depth_scale_10cm_outbound_retry_disarmed,0,"[0.0,0.0,0.0,0.0]",1,1,1,1,0.000000,725,13143500,1,0,0,1,0,1460973155,256,27783,2907,0,50,"[0.8202117681503296,-0.044022947549819946,0.022981975227594376,-0.5699003338813782]","[-0.07564233988523483,0.004061259329319,-0.03165749832987785]","[0.21323199570178986,-0.9755340218544006,9.652597427368164]",-1.21386766,-0.0316574983,13.1304083,128678,"[0.0,0.0,0.0,0.0]","[0.0,0.0,0.0,0.0,0.0,0.0,0.0,0.0]","[0.0,0.0,0.0,0.0,0.0,0.0,0.0,0.0]",240,1,1,0,,0,,,"[NaN,NaN,NaN]","[NaN,NaN,NaN,NaN]","[NaN,NaN,NaN,NaN,NaN,NaN]",0.001513,385,0,[],null,[],0,,,91.281531,,0,,0,,
2026-08-12T14:30:22.361177+00:00,17797.643335088,depth_scale_10cm_outbound_retry_disarmed,0,"[0.0,0.0,0.0,0.0]",1,1,1,1,0.000000,726,13143550,1,0,0,1,0,1460973155,257,32601,2908,0,50,"[0.8202117681503296,-0.044022947549819946,0.022981975227594376,-0.5699003338813782]","[-0.07564233988523483,0.004061259329319,-0.03165749832987785]","[0.21323199570178986,-0.9755340218544006,9.652597427368164]",-1.21386766,-0.0316574983,13.1304083,128678,"[0.0,0.0,0.0,0.0]","[0.0,0.0,0.0,0.0,0.0,0.0,0.0,0.0]","[0.0,0.0,0.0,0.0,0.0,0.0,0.0,0.0]",253,1,1,0,,0,,,"[NaN,NaN,NaN]","[NaN,NaN,NaN,NaN]","[NaN,NaN,NaN,NaN,NaN,NaN]",0.002174,386,0,[],null,[],0,,,92.545532,,0,,0,,
2026-08-12T14:30:22.411178+00:00,17797.693362649,depth_scale_10cm_outbound_retry_disarmed,0,"[0.0,0.0,0.0,0.0]",1,1,1,1,0.000000,727,13143600,1,0,0,1,0,1460973155,258,31069,2909,0,50,"[0.8202117681503296,-0.044022947549819946,0.022981975227594376,-0.5699003338813782]","[-0.07564233988523483,0.004061259329319,-0.03165749832987785]","[0.21323199570178986,-0.9755340218544006,9.652597427368164]",-1.21386766,-0.0316574983,13.1304083,128678,"[0.0,0.0,0.0,0.0]","[0.0,0.0,0.0,0.0,0.0,0.0,0.0,0.0]","[0.0,0.0,0.0,0.0,0.0,0.0,0.0,0.0]",240,1,1,0,,0,,,"[NaN,NaN,NaN]","[NaN,NaN,NaN,NaN]","[NaN,NaN,NaN,NaN,NaN,NaN]",0.001529,388,0,[],null,[],0,,,94.105213,,0,,0,,
2026-08-12T14:30:22.459040+00:00,17797.742062262,depth_scale_10cm_outbound_retry_disarmed,0,"[0.0,0.0,0.0,0.0]",1,1,1,1,0.000000,728,13143650,1,0,0,1,0,1460973155,259,48561,2910,0,48,"[0.8202117681503296,-0.044022947549819946,0.022981975227594376,-0.5699003338813782]","[-0.07564233988523483,0.004061259329319,-0.03165749832987785]","[0.21323199570178986,-0.9755340218544006,9.652597427368164]",-1.21386766,-0.0316574983,13.139184,128764,"[0.0,0.0,0.0,0.0]","[0.0,0.0,0.0,0.0,0.0,0.0,0.0,0.0]","[0.0,0.0,0.0,0.0,0.0,0.0,0.0,0.0]",255,1,1,0,,0,,,"[NaN,NaN,NaN]","[NaN,NaN,NaN,NaN]","[NaN,NaN,NaN,NaN,NaN,NaN]",0.001130,389,0,[],null,[],0,,,94.405931,,0,,0,,
2026-08-12T14:30:22.509597+00:00,17797.792667182,depth_scale_10cm_outbound_retry_disarmed,0,"[0.0,0.0,0.0,0.0]",1,1,1,1,0.000000,729,13143700,1,0,0,1,0,1460973155,260,3914,2911,0,51,"[0.8202117681503296,-0.044022947549819946,0.022981975227594376,-0.5699003338813782]","[-0.07564233988523483,0.004061259329319,-0.03165749832987785]","[0.21323199570178986,-0.9755340218544006,9.652597427368164]",-1.21386766,-0.0316574983,13.139184,128764,"[0.0,0.0,0.0,0.0]","[0.0,0.0,0.0,0.0,0.0,0.0,0.0,0.0]","[0.0,0.0,0.0,0.0,0.0,0.0,0.0,0.0]",240,1,1,0,,0,,,"[NaN,NaN,NaN]","[NaN,NaN,NaN,NaN]","[NaN,NaN,NaN,NaN,NaN,NaN]",0.000606,391,0,[],null,[],0,,,95.112041,,0,,0,,
2026-08-12T14:30:22.559839+00:00,17797.842437592,depth_scale_10cm_outbound_retry_disarmed,0,"[0.0,0.0,0.0,0.0]",1,1,1,1,0.000000,730,13143750,1,0,0,1,0,1460973155,261,42607,2912,0,50,"[0.8202117681503296,-0.044022947549819946,0.022981975227594376,-0.5699003338813782]","[-0.07564233988523483,0.004061259329319,-0.03165749832987785]","[0.21323199570178986,-0.9755340218544006,9.652597427368164]",-1.21386766,-0.0316574983,13.1310205,128684,"[0.0,0.0,0.0,0.0]","[0.0,0.0,0.0,0.0,0.0,0.0,0.0,0.0]","[0.0,0.0,0.0,0.0,0.0,0.0,0.0,0.0]",127,1,1,0,,0,,,"[NaN,NaN,NaN]","[NaN,NaN,NaN,NaN]","[NaN,NaN,NaN,NaN,NaN,NaN]",0.001455,392,0,[],null,[],0,,,94.097319,,0,,0,,
2026-08-12T14:30:22.611114+00:00,17797.893312117,depth_scale_10cm_outbound_retry_disarmed,0,"[0.0,0.0,0.0,0.0]",1,1,1,1,0.000000,731,13143800,1,0,0,1,0,1460973155,262,5555,2913,0,51,"[0.8202117681503296,-0.044022947549819946,0.022981975227594376,-0.5699003338813782]","[-0.07564233988523483,0.004061259329319,-0.03165749832987785]","[0.21323199570178986,-0.9755340218544006,9.652597427368164]",-1.21386766,-0.0316574983,13.1310205,128684,"[0.0,0.0,0.0,0.0]","[0.0,0.0,0.0,0.0,0.0,0.0,0.0,0.0]","[0.0,0.0,0.0,0.0,0.0,0.0,0.0,0.0]",80,1,1,0,,0,,,"[NaN,NaN,NaN]","[NaN,NaN,NaN,NaN]","[NaN,NaN,NaN,NaN,NaN,NaN]",0.002188,393,0,[],null,[],0,,,94.147859,,0,,0,,
2026-08-12T14:30:22.661090+00:00,17797.943260734,depth_scale_10cm_outbound_retry_disarmed,0,"[0.0,0.0,0.0,0.0]",1,1,1,1,0.000000,732,13143850,1,0,0,1,0,1460973155,263,13768,2914,0,50,"[0.8202117681503296,-0.044022947549819946,0.022981975227594376,-0.5699003338813782]","[-0.07564233988523483,0.004061259329319,-0.03165749832987785]","[0.21323199570178986,-0.9755340218544006,9.652597427368164]",-1.21386766,-0.0316574983,13.1310205,128684,"[0.0,0.0,0.0,0.0]","[0.0,0.0,0.0,0.0,0.0,0.0,0.0,0.0]","[0.0,0.0,0.0,0.0,0.0,0.0,0.0,0.0]",95,1,1,0,,0,,,"[NaN,NaN,NaN]","[NaN,NaN,NaN,NaN]","[NaN,NaN,NaN,NaN,NaN,NaN]",0.001476,395,0,[],null,[],0,,,93.850337,,0,,0,,
2026-08-12T14:30:22.711150+00:00,17797.993354390,depth_scale_10cm_outbound_retry_disarmed,0,"[0.0,0.0,0.0,0.0]",1,1,1,1,0.000000,733,13143900,1,0,0,1,0,1460973155,264,28346,2915,0,50,"[0.8202117681503296,-0.044022947549819946,0.022981975227594376,-0.5699003338813782]","[-0.07564233988523483,0.004061259329319,-0.03165749832987785]","[0.21323199570178986,-0.9755340218544006,9.652597427368164]",-1.21386766,-0.0316574983,13.1060209,128439,"[0.0,0.0,0.0,0.0]","[0.0,0.0,0.0,0.0,0.0,0.0,0.0,0.0]","[0.0,0.0,0.0,0.0,0.0,0.0,0.0,0.0]",208,1,1,0,,0,,,"[NaN,NaN,NaN]","[NaN,NaN,NaN,NaN]","[NaN,NaN,NaN,NaN,NaN,NaN]",0.002181,396,0,[],null,[],0,,,96.555855,,0,,0,,
2026-08-12T14:30:22.761412+00:00,17798.043573192,depth_scale_10cm_outbound_retry_disarmed,0,"[0.0,0.0,0.0,0.0]",1,1,1,1,0.000000,734,13143950,1,0,0,1,0,1460973155,265,5885,2916,0,50,"[0.8202117681503296,-0.044022947549819946,0.022981975227594376,-0.5699003338813782]","[-0.07564233988523483,0.004061259329319,-0.03165749832987785]","[0.21323199570178986,-0.9755340218544006,9.652597427368164]",-1.21386766,-0.0316574983,13.1060209,128439,"[0.0,0.0,0.0,0.0]","[0.0,0.0,0.0,0.0,0.0,0.0,0.0,0.0]","[0.0,0.0,0.0,0.0,0.0,0.0,0.0,0.0]",255,1,1,0,,0,,,"[NaN,NaN,NaN]","[NaN,NaN,NaN,NaN]","[NaN,NaN,NaN,NaN,NaN,NaN]",0.001683,398,0,[],null,[],0,,,96.886084,,0,,0,,
2026-08-12T14:30:22.810221+00:00,17798.092692566,depth_scale_10cm_outbound_retry_disarmed,0,"[0.0,0.0,0.0,0.0]",1,1,1,1,0.000000,735,13144000,1,0,0,1,0,1460973155,266,40500,2917,0,49,"[0.8202117681503296,-0.044022947549819946,0.022981975227594376,-0.5699003338813782]","[-0.07564233988523483,0.004061259329319,-0.03165749832987785]","[0.21323199570178986,-0.9755340218544006,9.652597427368164]",-1.21386766,-0.0316574983,13.0823469,128207,"[0.0,0.0,0.0,0.0]","[0.0,0.0,0.0,0.0,0.0,0.0,0.0,0.0]","[0.0,0.0,0.0,0.0,0.0,0.0,0.0,0.0]",255,1,1,0,,0,,,"[NaN,NaN,NaN]","[NaN,NaN,NaN,NaN]","[NaN,NaN,NaN,NaN,NaN,NaN]",0.001134,400,0,[],null,[],0,,,100.023722,,0,,0,,
2026-08-12T14:30:22.860035+00:00,17798.142593364,depth_scale_10cm_outbound_retry_disarmed,0,"[0.0,0.0,0.0,0.0]",1,1,1,1,0.000000,736,13144050,1,0,0,1,0,1460973155,267,6551,2918,0,50,"[0.8202117681503296,-0.044022947549819946,0.022981975227594376,-0.5699003338813782]","[-0.07564233988523483,0.004061259329319,-0.03165749832987785]","[0.21323199570178986,-0.9755340218544006,9.652597427368164]",-1.21386766,-0.0316574983,13.0823469,128207,"[0.0,0.0,0.0,0.0]","[0.0,0.0,0.0,0.0,0.0,0.0,0.0,0.0]","[0.0,0.0,0.0,0.0,0.0,0.0,0.0,0.0]",240,1,1,0,,0,,,"[NaN,NaN,NaN]","[NaN,NaN,NaN,NaN]","[NaN,NaN,NaN,NaN,NaN,NaN]",0.001482,401,0,[],null,[],0,,,100.388597,,0,,0,,
2026-08-12T14:30:22.909252+00:00,17798.192383675,depth_scale_10cm_outbound_retry_disarmed,0,"[0.0,0.0,0.0,0.0]",1,1,1,1,0.000000,737,13144100,1,0,0,1,0,1460973155,268,32126,2919,0,49,"[0.8202117681503296,-0.044022947549819946,0.022981975227594376,-0.5699003338813782]","[-0.07564233988523483,0.004061259329319,-0.03165749832987785]","[0.21323199570178986,-0.9755340218544006,9.652597427368164]",-1.21386766,-0.0316574983,13.0823469,128207,"[0.0,0.0,0.0,0.0]","[0.0,0.0,0.0,0.0,0.0,0.0,0.0,0.0]","[0.0,0.0,0.0,0.0,0.0,0.0,0.0,0.0]",255,1,1,0,,0,,,"[NaN,NaN,NaN]","[NaN,NaN,NaN,NaN]","[NaN,NaN,NaN,NaN,NaN,NaN]",0.000855,403,0,[],null,[],0,,,101.966661,,0,,0,,
2026-08-12T14:30:22.960810+00:00,17798.243441702,depth_scale_10cm_outbound_retry_disarmed,0,"[0.0,0.0,0.0,0.0]",1,1,1,1,0.000000,738,13144150,1,0,0,1,0,1460973155,269,49725,2920,0,52,"[0.8202117681503296,-0.044022947549819946,0.022981975227594376,-0.5699003338813782]","[-0.07564233988523483,0.004061259329319,-0.03165749832987785]","[0.21323199570178986,-0.9755340218544006,9.652597427368164]",-1.21386766,-0.0316574983,13.058877,127977,"[0.0,0.0,0.0,0.0]","[0.0,0.0,0.0,0.0,0.0,0.0,0.0,0.0]","[0.0,0.0,0.0,0.0,0.0,0.0,0.0,0.0]",255,1,1,0,,0,,,"[NaN,NaN,NaN]","[NaN,NaN,NaN,NaN]","[NaN,NaN,NaN,NaN,NaN,NaN]",0.002165,404,0,[],null,[],0,,,102.209008,,0,,0,,
2026-08-12T14:30:23.010785+00:00,17798.293298685,depth_scale_10cm_outbound_retry_disarmed,0,"[0.0,0.0,0.0,0.0]",1,1,1,1,0.000000,739,13144200,1,0,0,1,0,1460973155,270,42419,2921,0,50,"[0.8175445795059204,-0.05233495309948921,0.012062989175319672,-0.5733554363250732]","[-0.017394527792930603,0.007146041374653578,-0.004251761361956596]","[0.3216480016708374,-0.9746729731559753,9.795361518859863]",-1.22120476,-0.00425176136,13.058877,127977,"[0.0,0.0,0.0,0.0]","[0.0,0.0,0.0,0.0,0.0,0.0,0.0,0.0]","[0.0,0.0,0.0,0.0,0.0,0.0,0.0,0.0]",255,1,1,0,,0,,,"[NaN,NaN,NaN]","[NaN,NaN,NaN,NaN]","[NaN,NaN,NaN,NaN,NaN,NaN]",0.001522,406,0,[],null,[],0,,,101.462542,,0,,0,,
2026-08-12T14:30:23.061209+00:00,17798.343346331,depth_scale_10cm_outbound_retry_disarmed,0,"[0.0,0.0,0.0,0.0]",1,1,1,1,0.000000,740,13144250,1,0,0,1,0,1460973155,271,22538,2922,0,50,"[0.8175445795059204,-0.05233495309948921,0.012062989175319672,-0.5733554363250732]","[-0.017394527792930603,0.007146041374653578,-0.004251761361956596]","[0.3216480016708374,-0.9746729731559753,9.795361518859863]",-1.22120476,-0.00425176136,13.0436726,127828,"[0.0,0.0,0.0,0.0]","[0.0,0.0,0.0,0.0,0.0,0.0,0.0,0.0]","[0.0,0.0,0.0,0.0,0.0,0.0,0.0,0.0]",255,1,1,0,,0,,,"[NaN,NaN,NaN]","[NaN,NaN,NaN,NaN]","[NaN,NaN,NaN,NaN,NaN,NaN]",0.002157,407,0,[],null,[],0,,,102.645173,,0,,0,,
2026-08-12T14:30:23.111386+00:00,17798.393483529,depth_scale_10cm_outbound_retry_disarmed,0,"[0.0,0.0,0.0,0.0]",1,1,1,1,0.000000,741,13144300,1,0,0,1,0,1460973155,272,49103,2923,0,50,"[0.8175445795059204,-0.05233495309948921,0.012062989175319672,-0.5733554363250732]","[-0.017394527792930603,0.007146041374653578,-0.004251761361956596]","[0.3216480016708374,-0.9746729731559753,9.795361518859863]",-1.22120476,-0.00425176136,13.0436726,127828,"[0.0,0.0,0.0,0.0]","[0.0,0.0,0.0,0.0,0.0,0.0,0.0,0.0]","[0.0,0.0,0.0,0.0,0.0,0.0,0.0,0.0]",240,1,1,0,,0,,,"[NaN,NaN,NaN]","[NaN,NaN,NaN,NaN]","[NaN,NaN,NaN,NaN,NaN,NaN]",0.001517,409,0,[],null,[],0,,,102.142232,,0,,0,,
2026-08-12T14:30:23.161287+00:00,17798.443382036,depth_scale_10cm_outbound_retry_disarmed,0,"[0.0,0.0,0.0,0.0]",1,1,1,1,0.000000,742,13144350,1,0,0,1,0,1460973155,273,31523,2924,0,50,"[0.8170972466468811,-0.0533289909362793,0.01321099791675806,-0.5738759636878967]","[-0.030009470880031586,0.003961879760026932,0.000622489140368998]","[0.399958997964859,-0.9931460022926331,9.660600662231445]",-1.22254825,0.00062248914,13.0436726,127828,"[0.0,0.0,0.0,0.0]","[0.0,0.0,0.0,0.0,0.0,0.0,0.0,0.0]","[0.0,0.0,0.0,0.0,0.0,0.0,0.0,0.0]",254,1,1,0,,0,,,"[NaN,NaN,NaN]","[NaN,NaN,NaN,NaN]","[NaN,NaN,NaN,NaN,NaN,NaN]",0.002158,410,0,[],null,[],0,,,103.6598,,0,,0,,
2026-08-12T14:30:23.211259+00:00,17798.493414295,depth_scale_10cm_outbound_retry_disarmed,0,"[0.0,0.0,0.0,0.0]",1,1,1,1,0.000000,743,13144400,1,0,0,1,0,1460973155,274,1214,2925,0,50,"[0.8169984817504883,-0.05372694879770279,0.013594986870884895,-0.5739704370498657]","[-0.030023641884326935,0.002334290649741888,0.003505424363538623]","[0.39816200733184814,-1.010288953781128,9.692815780639648]",-1.22280324,0.00350542436,13.0269384,127664,"[0.0,0.0,0.0,0.0]","[0.0,0.0,0.0,0.0,0.0,0.0,0.0,0.0]","[0.0,0.0,0.0,0.0,0.0,0.0,0.0,0.0]",254,1,1,0,,0,,,"[NaN,NaN,NaN]","[NaN,NaN,NaN,NaN]","[NaN,NaN,NaN,NaN,NaN,NaN]",0.002197,411,0,[],null,[],0,,,103.083038,,0,,0,,
2026-08-12T14:30:23.261228+00:00,17798.543336428,depth_scale_10cm_outbound_retry_disarmed,0,"[0.0,0.0,0.0,0.0]",1,1,1,1,0.000000,744,13144450,1,0,0,1,0,1460973155,275,5984,2926,0,50,"[0.8169984817504883,-0.05372694879770279,0.013594986870884895,-0.5739704370498657]","[-0.030023641884326935,0.002334290649741888,0.003505424363538623]","[0.39816200733184814,-1.010288953781128,9.692815780639648]",-1.22280324,0.00350542436,13.0269384,127664,"[0.0,0.0,0.0,0.0]","[0.0,0.0,0.0,0.0,0.0,0.0,0.0,0.0]","[0.0,0.0,0.0,0.0,0.0,0.0,0.0,0.0]",254,1,1,0,,0,,,"[NaN,NaN,NaN]","[NaN,NaN,NaN,NaN]","[NaN,NaN,NaN,NaN,NaN,NaN]",0.001465,413,0,[],null,[],0,,,102.807597,,0,,0,,
2026-08-12T14:30:23.310793+00:00,17798.593218544,depth_scale_10cm_outbound_retry_disarmed,0,"[0.0,0.0,0.0,0.0]",1,1,1,1,0.000000,745,13144500,1,0,0,1,0,1460973155,276,35613,2927,0,50,"[0.8168267607688904,-0.05521897226572037,0.014787993393838406,-0.5740436911582947]","[-0.032479602843523026,0.0007687128381803632,0.010042310692369938]","[0.30866700410842896,-1.032539963722229,9.783269882202148]",-1.22305763,0.0100423107,13.0195913,127592,"[0.0,0.0,0.0,0.0]","[0.0,0.0,0.0,0.0,0.0,0.0,0.0,0.0]","[0.0,0.0,0.0,0.0,0.0,0.0,0.0,0.0]",255,1,1,0,,0,,,"[NaN,NaN,NaN]","[NaN,NaN,NaN,NaN]","[NaN,NaN,NaN,NaN,NaN,NaN]",0.001315,415,0,[],null,[],0,,,101.760867,,0,,0,,
2026-08-12T14:30:23.359894+00:00,17798.642908958,depth_scale_10cm_outbound_retry_disarmed,0,"[0.0,0.0,0.0,0.0]",1,1,1,1,0.000000,746,13144550,1,0,0,1,0,1460973155,277,62298,2928,0,49,"[0.8168226480484009,-0.05569197237491608,0.015176991932094097,-0.5739937424659729]","[-0.03247024491429329,0.0024374222848564386,0.010420453734695911]","[0.38692399859428406,-1.0491399765014648,9.666070938110352]",-1.22296178,0.0104204537,13.0195913,127592,"[0.0,0.0,0.0,0.0]","[0.0,0.0,0.0,0.0,0.0,0.0,0.0,0.0]","[0.0,0.0,0.0,0.0,0.0,0.0,0.0,0.0]",240,1,1,0,,0,,,"[NaN,NaN,NaN]","[NaN,NaN,NaN,NaN]","[NaN,NaN,NaN,NaN,NaN,NaN]",0.001714,416,0,[],null,[],0,,,102.221338,,0,,0,,
2026-08-12T14:30:23.410612+00:00,17798.693325281,depth_scale_10cm_outbound_retry_disarmed,0,"[0.0,0.0,0.0,0.0]",1,1,1,1,0.000000,747,13144600,1,0,0,1,0,1460973155,278,26704,2929,0,51,"[0.8168226480484009,-0.05569197237491608,0.015176991932094097,-0.5739937424659729]","[-0.03247024491429329,0.0024374222848564386,0.010420453734695911]","[0.38692399859428406,-1.0491399765014648,9.666070938110352]",-1.22296178,0.0104204537,13.0195913,127592,"[0.0,0.0,0.0,0.0]","[0.0,0.0,0.0,0.0,0.0,0.0,0.0,0.0]","[0.0,0.0,0.0,0.0,0.0,0.0,0.0,0.0]",255,1,1,0,,0,,,"[NaN,NaN,NaN]","[NaN,NaN,NaN,NaN]","[NaN,NaN,NaN,NaN,NaN,NaN]",0.001517,418,0,[],null,[],0,,,102.348014,,0,,0,,
2026-08-12T14:30:23.460901+00:00,17798.743315403,depth_scale_10cm_outbound_retry_disarmed,0,"[0.0,0.0,0.0,0.0]",1,1,1,1,0.000000,748,13144650,1,0,0,1,0,1460973155,279,12722,2930,0,50,"[0.8168226480484009,-0.05569197237491608,0.015176991932094097,-0.5739937424659729]","[-0.03247024491429329,0.0024374222848564386,0.010420453734695911]","[0.38692399859428406,-1.0491399765014648,9.666070938110352]",-1.22296178,0.0104204537,13.0073471,127472,"[0.0,0.0,0.0,0.0]","[0.0,0.0,0.0,0.0,0.0,0.0,0.0,0.0]","[0.0,0.0,0.0,0.0,0.0,0.0,0.0,0.0]",255,1,1,0,,0,,,"[NaN,NaN,NaN]","[NaN,NaN,NaN,NaN]","[NaN,NaN,NaN,NaN,NaN,NaN]",0.002142,419,0,[],null,[],0,,,102.229579,,0,,0,,
2026-08-12T14:30:23.510037+00:00,17798.792581057,depth_scale_10cm_outbound_retry_disarmed,0,"[0.0,0.0,0.0,0.0]",1,1,1,1,0.000000,749,13144700,1,0,0,1,0,1460973155,280,48626,2931,0,49,"[0.8170316219329834,-0.05691594257950783,0.016366982832551003,-0.5735434889793396]","[-0.024755295366048813,0.005011485889554024,0.02061387337744236]","[0.3466559946537018,-1.079537034034729,9.7636079788208]",-1.22194993,0.0206138734,13.0073471,127472,"[0.0,0.0,0.0,0.0]","[0.0,0.0,0.0,0.0,0.0,0.0,0.0,0.0]","[0.0,0.0,0.0,0.0,0.0,0.0,0.0,0.0]",255,1,1,0,,0,,,"[NaN,NaN,NaN]","[NaN,NaN,NaN,NaN]","[NaN,NaN,NaN,NaN,NaN,NaN]",0.001064,421,0,[],null,[],0,,,103.712074,,0,,0,,
2026-08-12T14:30:23.560164+00:00,17798.842679071,depth_scale_10cm_outbound_retry_disarmed,0,"[0.0,0.0,0.0,0.0]",1,1,1,1,0.000000,750,13144750,1,0,0,1,0,1460973155,281,54326,2932,0,50,"[0.8171566128730774,-0.05715597793459892,0.016697991639375687,-0.5733318328857422]","[-0.017833009362220764,0.008299197070300579,0.021004391834139824]","[0.29873499274253845,-1.0931379795074463,9.803238868713379]",-1.22146034,0.0210043918,12.9947958,127349,"[0.0,0.0,0.0,0.0]","[0.0,0.0,0.0,0.0,0.0,0.0,0.0,0.0]","[0.0,0.0,0.0,0.0,0.0,0.0,0.0,0.0]",240,1,1,0,,0,,,"[NaN,NaN,NaN]","[NaN,NaN,NaN,NaN]","[NaN,NaN,NaN,NaN,NaN,NaN]",0.001651,422,0,[],null,[],0,,,103.265964,,0,,0,,
2026-08-12T14:30:23.611050+00:00,17798.893244799,depth_scale_10cm_outbound_retry_disarmed,0,"[0.0,0.0,0.0,0.0]",1,1,1,1,0.000000,751,13144800,1,0,0,1,0,1460973155,282,45272,2933,0,51,"[0.8171566128730774,-0.05715597793459892,0.016697991639375687,-0.5733318328857422]","[-0.017833009362220764,0.008299197070300579,0.021004391834139824]","[0.29873499274253845,-1.0931379795074463,9.803238868713379]",-1.22146034,0.0210043918,12.9947958,127349,"[0.0,0.0,0.0,0.0]","[0.0,0.0,0.0,0.0,0.0,0.0,0.0,0.0]","[0.0,0.0,0.0,0.0,0.0,0.0,0.0,0.0]",255,1,1,0,,0,,,"[NaN,NaN,NaN]","[NaN,NaN,NaN,NaN]","[NaN,NaN,NaN,NaN,NaN,NaN]",0.001503,424,0,[],null,[],0,,,100.139561,,0,,0,,
2026-08-12T14:30:23.661205+00:00,17798.943371177,depth_scale_10cm_outbound_retry_disarmed,0,"[0.0,0.0,0.0,0.0]",1,1,1,1,0.000000,752,13144850,1,0,0,1,0,1460973155,283,57865,2934,0,50,"[0.8177127838134766,-0.057265982031822205,0.0173259936273098,-0.5725088119506836]","[0.0016380613669753075,0.006155550014227629,0.026051046326756477]","[0.4329630136489868,-1.0949610471725464,9.620898246765137]",-1.21951032,0.0260510463,12.9947958,127349,"[0.0,0.0,0.0,0.0]","[0.0,0.0,0.0,0.0,0.0,0.0,0.0,0.0]","[0.0,0.0,0.0,0.0,0.0,0.0,0.0,0.0]",240,1,1,0,,0,,,"[NaN,NaN,NaN]","[NaN,NaN,NaN,NaN]","[NaN,NaN,NaN,NaN,NaN,NaN]",0.002196,425,0,[],null,[],0,,,100.359999,,0,,0,,
2026-08-12T14:30:23.711328+00:00,17798.993482576,depth_scale_10cm_outbound_retry_disarmed,0,"[0.0,0.0,0.0,0.0]",1,1,1,1,0.000000,753,13144900,1,0,0,1,0,1460973155,284,58041,2935,0,50,"[0.8179401159286499,-0.057108957320451736,0.01739298738539219,-0.5721975564956665]","[0.004884182009845972,0.006591602694243193,0.029324445873498917]","[0.3753879964351654,-1.1014690399169922,9.70189094543457]",-1.21876025,0.0293244459,12.9781628,127186,"[0.0,0.0,0.0,0.0]","[0.0,0.0,0.0,0.0,0.0,0.0,0.0,0.0]","[0.0,0.0,0.0,0.0,0.0,0.0,0.0,0.0]",255,1,1,0,,0,,,"[NaN,NaN,NaN]","[NaN,NaN,NaN,NaN]","[NaN,NaN,NaN,NaN,NaN,NaN]",0.000103,427,0,[],null,[],0,,,101.821383,,0,,0,,
2026-08-12T14:30:23.761347+00:00,17799.043265580,depth_scale_10cm_outbound_retry_disarmed,0,"[0.0,0.0,0.0,0.0]",1,1,1,1,0.000000,754,13144950,1,0,0,1,0,1460973155,285,61799,2936,0,50,"[0.8179401159286499,-0.057108957320451736,0.01739298738539219,-0.5721975564956665]","[0.004884182009845972,0.006591602694243193,0.029324445873498917]","[0.3753879964351654,-1.1014690399169922,9.70189094543457]",-1.21876025,0.0293244459,12.9781628,127186,"[0.0,0.0,0.0,0.0]","[0.0,0.0,0.0,0.0,0.0,0.0,0.0,0.0]","[0.0,0.0,0.0,0.0,0.0,0.0,0.0,0.0]",240,1,1,0,,0,,,"[NaN,NaN,NaN]","[NaN,NaN,NaN,NaN]","[NaN,NaN,NaN,NaN,NaN,NaN]",0.002028,428,0,[],null,[],0,,,101.725471,,0,,0,,
2026-08-12T14:30:23.810927+00:00,17799.093829041,depth_scale_10cm_outbound_retry_disarmed,0,"[0.0,0.0,0.0,0.0]",1,1,1,1,0.000000,755,13145000,1,0,0,1,0,1460973155,286,4663,2937,0,50,"[0.8179401159286499,-0.057108957320451736,0.01739298738539219,-0.5721975564956665]","[0.004884182009845972,0.006591602694243193,0.029324445873498917]","[0.3753879964351654,-1.1014690399169922,9.70189094543457]",-1.21876025,0.0293244459,12.9633675,127041,"[0.0,0.0,0.0,0.0]","[0.0,0.0,0.0,0.0,0.0,0.0,0.0,0.0]","[0.0,0.0,0.0,0.0,0.0,0.0,0.0,0.0]",255,1,1,0,,0,,,"[NaN,NaN,NaN]","[NaN,NaN,NaN,NaN]","[NaN,NaN,NaN,NaN,NaN,NaN]",0.002664,429,0,[],null,[],0,,,101.620168,,0,,0,,
2026-08-12T14:30:23.859973+00:00,17799.143099951,depth_scale_10cm_outbound_retry_disarmed,0,"[0.0,0.0,0.0,0.0]",1,1,1,1,0.000000,756,13145050,1,0,0,1,0,1460973155,287,55003,2938,0,49,"[0.8192705512046814,-0.055976979434490204,0.01756899617612362,-0.5703977942466736]","[0.013800492510199547,0.006241402123123407,0.03916923701763153]","[0.41711899638175964,-1.0754499435424805,9.633222579956055]",-1.21440995,0.039169237,12.9633675,127041,"[0.0,0.0,0.0,0.0]","[0.0,0.0,0.0,0.0,0.0,0.0,0.0,0.0]","[0.0,0.0,0.0,0.0,0.0,0.0,0.0,0.0]",255,1,1,0,,0,,,"[NaN,NaN,NaN]","[NaN,NaN,NaN,NaN]","[NaN,NaN,NaN,NaN,NaN,NaN]",0.001294,431,0,[],null,[],0,,,102.889064,,0,,0,,
2026-08-12T14:30:23.910601+00:00,17799.193382715,depth_scale_10cm_outbound_retry_disarmed,0,"[0.0,0.0,0.0,0.0]",1,1,1,1,0.000000,757,13145100,1,0,0,1,0,1460973155,288,61783,2939,0,51,"[0.8192705512046814,-0.055976979434490204,0.01756899617612362,-0.5703977942466736]","[0.013800492510199547,0.006241402123123407,0.03916923701763153]","[0.41711899638175964,-1.0754499435424805,9.633222579956055]",-1.21440995,0.039169237,12.9633675,127041,"[0.0,0.0,0.0,0.0]","[0.0,0.0,0.0,0.0,0.0,0.0,0.0,0.0]","[0.0,0.0,0.0,0.0,0.0,0.0,0.0,0.0]",247,1,1,0,,0,,,"[NaN,NaN,NaN]","[NaN,NaN,NaN,NaN]","[NaN,NaN,NaN,NaN,NaN,NaN]",0.002203,432,0,[],null,[],0,,,104.954431,,0,,0,,
2026-08-12T14:30:23.961083+00:00,17799.243273177,depth_scale_10cm_outbound_retry_disarmed,0,"[0.0,0.0,0.0,0.0]",1,1,1,1,0.000000,758,13145150,1,0,0,1,0,1460973155,289,31902,2940,0,50,"[0.8192705512046814,-0.055976979434490204,0.01756899617612362,-0.5703977942466736]","[0.013800492510199547,0.006241402123123407,0.03916923701763153]","[0.41711899638175964,-1.0754499435424805,9.633222579956055]",-1.21440995,0.039169237,12.9281635,126696,"[0.0,0.0,0.0,0.0]","[0.0,0.0,0.0,0.0,0.0,0.0,0.0,0.0]","[0.0,0.0,0.0,0.0,0.0,0.0,0.0,0.0]",240,1,1,0,,0,,,"[NaN,NaN,NaN]","[NaN,NaN,NaN,NaN]","[NaN,NaN,NaN,NaN,NaN,NaN]",0.001479,434,0,[],null,[],0,,,103.280279,,0,,0,,
2026-08-12T14:30:24.011176+00:00,17799.293377500,depth_scale_10cm_outbound_retry_disarmed,0,"[0.0,0.0,0.0,0.0]",1,1,1,1,0.000000,759,13145200,1,0,0,1,0,1460973155,290,29097,2941,0,50,"[0.8204014897346497,-0.05426298454403877,0.016950994729995728,-0.5689548254013062]","[0.04547886550426483,0.0051125409081578255,0.03203859180212021]","[0.2766129970550537,-1.069031000137329,9.799431800842285]",-1.21086609,0.0320385918,12.9281635,126696,"[0.0,0.0,0.0,0.0]","[0.0,0.0,0.0,0.0,0.0,0.0,0.0,0.0]","[0.0,0.0,0.0,0.0,0.0,0.0,0.0,0.0]",247,1,1,0,,0,,,"[NaN,NaN,NaN]","[NaN,NaN,NaN,NaN]","[NaN,NaN,NaN,NaN,NaN,NaN]",0.002206,435,0,[],null,[],0,,,101.906313,,0,,0,,
2026-08-12T14:30:24.061082+00:00,17799.343274371,depth_scale_10cm_outbound_retry_disarmed,0,"[0.0,0.0,0.0,0.0]",1,1,1,1,0.000000,760,13145250,1,0,0,1,0,1460973155,291,46405,2942,0,50,"[0.8207266926765442,-0.053446948528289795,0.016491983085870743,-0.5685763955116272]","[0.045877378433942795,0.0034257848747074604,0.030440008267760277]","[0.26416099071502686,-1.0422489643096924,9.763710975646973]",-1.20991552,0.0304400083,12.8755102,126180,"[0.0,0.0,0.0,0.0]","[0.0,0.0,0.0,0.0,0.0,0.0,0.0,0.0]","[0.0,0.0,0.0,0.0,0.0,0.0,0.0,0.0]",255,1,1,0,,0,,,"[NaN,NaN,NaN]","[NaN,NaN,NaN,NaN]","[NaN,NaN,NaN,NaN,NaN,NaN]",0.001473,437,0,[],null,[],0,,,100.533174,,0,,0,,
2026-08-12T14:30:24.111244+00:00,17799.393425450,depth_scale_10cm_outbound_retry_disarmed,0,"[0.0,0.0,0.0,0.0]",1,1,1,1,0.000000,761,13145300,1,0,0,1,0,1460973155,292,10552,2943,0,50,"[0.8207266926765442,-0.053446948528289795,0.016491983085870743,-0.5685763955116272]","[0.045877378433942795,0.0034257848747074604,0.030440008267760277]","[0.26416099071502686,-1.0422489643096924,9.763710975646973]",-1.20991552,0.0304400083,12.8755102,126180,"[0.0,0.0,0.0,0.0]","[0.0,0.0,0.0,0.0,0.0,0.0,0.0,0.0]","[0.0,0.0,0.0,0.0,0.0,0.0,0.0,0.0]",255,1,1,0,,0,,,"[NaN,NaN,NaN]","[NaN,NaN,NaN,NaN]","[NaN,NaN,NaN,NaN,NaN,NaN]",0.002216,438,0,[],null,[],0,,,101.334141,,0,,0,,
2026-08-12T14:30:24.161089+00:00,17799.443281859,depth_scale_10cm_outbound_retry_disarmed,0,"[0.0,0.0,0.0,0.0]",1,1,1,1,0.000000,762,13145350,1,0,0,1,0,1460973155,293,20863,2944,0,50,"[0.821631669998169,-0.05022798106074333,0.014832994900643826,-0.5676077604293823]","[0.06256330013275146,0.007369234226644039,0.02190690115094185]","[0.32210999727249146,-0.9684649705886841,9.676934242248535]",-1.20746255,0.0219069012,12.8059177,125498,"[0.0,0.0,0.0,0.0]","[0.0,0.0,0.0,0.0,0.0,0.0,0.0,0.0]","[0.0,0.0,0.0,0.0,0.0,0.0,0.0,0.0]",255,1,1,0,,0,,,"[NaN,NaN,NaN]","[NaN,NaN,NaN,NaN]","[NaN,NaN,NaN,NaN,NaN,NaN]",0.001482,440,0,[],null,[],0,,,101.518225,,0,,0,,
2026-08-12T14:30:24.211221+00:00,17799.493404204,depth_scale_10cm_outbound_retry_disarmed,0,"[0.0,0.0,0.0,0.0]",1,1,1,1,0.000000,763,13145400,1,0,0,1,0,1460973155,294,17787,2945,0,50,"[0.8218928575515747,-0.04880994185805321,0.01420198380947113,-0.5673693418502808]","[0.0558844655752182,0.010729377157986164,0.020992035046219826]","[0.3110480010509491,-0.9367280006408691,9.70352554321289]",-1.20685148,0.020992035,12.8059177,125498,"[0.0,0.0,0.0,0.0]","[0.0,0.0,0.0,0.0,0.0,0.0,0.0,0.0]","[0.0,0.0,0.0,0.0,0.0,0.0,0.0,0.0]",255,1,1,0,,0,,,"[NaN,NaN,NaN]","[NaN,NaN,NaN,NaN]","[NaN,NaN,NaN,NaN,NaN,NaN]",0.001512,442,0,[],null,[],0,,,104.435135,,0,,0,,
2026-08-12T14:30:24.261291+00:00,17799.543398485,depth_scale_10cm_outbound_retry_disarmed,0,"[0.0,0.0,0.0,0.0]",1,1,1,1,0.000000,764,13145450,1,0,0,1,0,1460973155,295,15676,2946,0,50,"[0.8221193552017212,-0.04753299057483673,0.013743998482823372,-0.5671609044075012]","[0.050424974411726,0.013853132724761963,0.018457695841789246]","[0.28727400302886963,-0.917264997959137,9.710164070129395]",-1.20632648,0.0184576958,12.8059177,125498,"[0.0,0.0,0.0,0.0]","[0.0,0.0,0.0,0.0,0.0,0.0,0.0,0.0]","[0.0,0.0,0.0,0.0,0.0,0.0,0.0,0.0]",255,1,1,0,,0,,,"[NaN,NaN,NaN]","[NaN,NaN,NaN,NaN]","[NaN,NaN,NaN,NaN,NaN,NaN]",0.002159,443,0,[],null,[],0,,,105.076308,,0,,0,,
2026-08-12T14:30:24.311406+00:00,17799.593520075,depth_scale_10cm_outbound_retry_disarmed,0,"[0.0,0.0,0.0,0.0]",1,1,1,1,0.000000,765,13145500,1,0,0,1,0,1460973155,296,26190,2947,0,50,"[0.8223219513893127,-0.046312976628541946,0.01342599093914032,-0.5669757127761841]","[0.04314013943076134,0.01762794889509678,0.017124105244874954]","[0.27543699741363525,-0.8905310034751892,9.724026679992676]",-1.20586848,0.0171241052,12.7064285,124523,"[0.0,0.0,0.0,0.0]","[0.0,0.0,0.0,0.0,0.0,0.0,0.0,0.0]","[0.0,0.0,0.0,0.0,0.0,0.0,0.0,0.0]",255,1,1,0,,0,,,"[NaN,NaN,NaN]","[NaN,NaN,NaN,NaN]","[NaN,NaN,NaN,NaN,NaN,NaN]",0.002227,444,0,[],null,[],0,,,103.538737,,0,,0,,
2026-08-12T14:30:24.360139+00:00,17799.643224224,depth_scale_10cm_outbound_retry_disarmed,0,"[0.0,0.0,0.0,0.0]",1,1,1,1,0.000000,766,13145550,1,0,0,1,0,1460973155,297,61550,2948,0,49,"[0.8224912881851196,-0.045149967074394226,0.013271989300847054,-0.5668275952339172]","[0.037071578204631805,0.020755648612976074,0.014586083590984344]","[0.25418800115585327,-0.8593829870223999,9.708930969238281]",-1.20551229,0.0145860836,12.7064285,124523,"[0.0,0.0,0.0,0.0]","[0.0,0.0,0.0,0.0,0.0,0.0,0.0,0.0]","[0.0,0.0,0.0,0.0,0.0,0.0,0.0,0.0]",255,1,1,0,,0,,,"[NaN,NaN,NaN]","[NaN,NaN,NaN,NaN]","[NaN,NaN,NaN,NaN,NaN,NaN]",0.001318,446,0,[],null,[],0,,,104.834986,,0,,0,,
2026-08-12T14:30:24.410330+00:00,17799.693401173,depth_scale_10cm_outbound_retry_disarmed,0,"[0.0,0.0,0.0,0.0]",1,1,1,1,0.000000,767,13145600,1,0,0,1,0,1460973155,298,48214,2949,0,50,"[0.822645902633667,-0.04420497640967369,0.01331299263983965,-0.566676676273346]","[0.019419372081756592,0.023395929485559464,0.016880545765161514]","[0.2541790008544922,-0.8445839881896973,9.732701301574707]",-1.20516098,0.0168805458,12.5861225,123344,"[0.0,0.0,0.0,0.0]","[0.0,0.0,0.0,0.0,0.0,0.0,0.0,0.0]","[0.0,0.0,0.0,0.0,0.0,0.0,0.0,0.0]",255,1,1,0,,0,,,"[NaN,NaN,NaN]","[NaN,NaN,NaN,NaN]","[NaN,NaN,NaN,NaN,NaN,NaN]",0.002187,447,0,[],null,[],0,,,104.389256,,0,,0,,
2026-08-12T14:30:24.461072+00:00,17799.743353034,depth_scale_10cm_outbound_retry_disarmed,0,"[0.0,0.0,0.0,0.0]",1,1,1,1,0.000000,768,13145650,1,0,0,1,0,1460973155,299,6736,2950,0,51,"[0.8228016495704651,-0.04357495531439781,0.013604985550045967,-0.5664924383163452]","[0.005406087730079889,0.023085923865437508,0.01802588254213333]","[0.19510599970817566,-0.853941023349762,9.784134864807129]",-1.20474327,0.0180258825,12.5861225,123344,"[0.0,0.0,0.0,0.0]","[0.0,0.0,0.0,0.0,0.0,0.0,0.0,0.0]","[0.0,0.0,0.0,0.0,0.0,0.0,0.0,0.0]",255,1,1,0,,0,,,"[NaN,NaN,NaN]","[NaN,NaN,NaN,NaN]","[NaN,NaN,NaN,NaN,NaN,NaN]",0.001485,449,0,[],null,[],0,,,103.943468,,0,,0,,
2026-08-12T14:30:24.509936+00:00,17799.792493441,depth_scale_10cm_outbound_retry_disarmed,0,"[0.0,0.0,0.0,0.0]",1,1,1,1,0.000000,769,13145700,1,0,0,1,0,1460973155,300,38830,2951,0,49,"[0.8229387402534485,-0.04320397973060608,0.014049994759261608,-0.5663107633590698]","[-0.005584826692938805,0.018581876531243324,0.01804049126803875]","[0.1607459932565689,-0.8448370099067688,9.844377517700195]",-1.20434046,0.0180404913,12.4625511,122133,"[0.0,0.0,0.0,0.0]","[0.0,0.0,0.0,0.0,0.0,0.0,0.0,0.0]","[0.0,0.0,0.0,0.0,0.0,0.0,0.0,0.0]",255,1,1,0,,0,,,"[NaN,NaN,NaN]","[NaN,NaN,NaN,NaN]","[NaN,NaN,NaN,NaN,NaN,NaN]",0.001471,450,0,[],null,[],0,,,102.734845,,0,,0,,
2026-08-12T14:30:24.561019+00:00,17799.843259037,depth_scale_10cm_outbound_retry_disarmed,0,"[0.0,0.0,0.0,0.0]",1,1,1,1,0.000000,770,13145750,1,0,0,1,0,1460973155,301,44198,2952,0,51,"[0.8230482935905457,-0.043115969747304916,0.014552989043295383,-0.5661455988883972]","[-0.01777968741953373,0.016149776056408882,0.016787957400083542]","[0.1536249965429306,-0.8547919988632202,9.820453643798828]",-1.20397973,0.0167879574,12.4625511,122133,"[0.0,0.0,0.0,0.0]","[0.0,0.0,0.0,0.0,0.0,0.0,0.0,0.0]","[0.0,0.0,0.0,0.0,0.0,0.0,0.0,0.0]",255,1,1,0,,0,,,"[NaN,NaN,NaN]","[NaN,NaN,NaN,NaN]","[NaN,NaN,NaN,NaN,NaN,NaN]",0.001345,452,0,[],null,[],0,,,102.088757,,0,,0,,
2026-08-12T14:30:24.611221+00:00,17799.893404255,depth_scale_10cm_outbound_retry_disarmed,0,"[0.0,0.0,0.0,0.0]",1,1,1,1,0.000000,771,13145800,1,0,0,1,0,1460973155,302,45074,2953,0,50,"[0.8231261372566223,-0.043295968323946,0.015124989673495293,-0.5660035610198975]","[-0.02265622280538082,0.01490270346403122,0.014334720559418201]","[0.1558530032634735,-0.8762679696083069,9.832789421081543]",-1.20367861,0.0143347206,12.3415298,120947,"[0.0,0.0,0.0,0.0]","[0.0,0.0,0.0,0.0,0.0,0.0,0.0,0.0]","[0.0,0.0,0.0,0.0,0.0,0.0,0.0,0.0]",255,1,1,0,,0,,,"[NaN,NaN,NaN]","[NaN,NaN,NaN,NaN]","[NaN,NaN,NaN,NaN,NaN,NaN]",0.002194,453,0,[],null,[],0,,,102.826044,,0,,0,,
2026-08-12T14:30:24.661103+00:00,17799.943281055,depth_scale_10cm_outbound_retry_disarmed,0,"[0.0,0.0,0.0,0.0]",1,1,1,1,0.000000,772,13145850,1,0,0,1,0,1460973155,303,41932,2954,0,50,"[0.8231744170188904,-0.04357696324586868,0.015757987275719643,-0.5658945441246033]","[-0.028741542249917984,0.015550465323030949,0.013063824735581875]","[0.1439400017261505,-0.8639670014381409,9.84686279296875]",-1.2034626,0.0130638247,12.3415298,120947,"[0.0,0.0,0.0,0.0]","[0.0,0.0,0.0,0.0,0.0,0.0,0.0,0.0]","[0.0,0.0,0.0,0.0,0.0,0.0,0.0,0.0]",255,1,1,0,,0,,,"[NaN,NaN,NaN]","[NaN,NaN,NaN,NaN]","[NaN,NaN,NaN,NaN,NaN,NaN]",0.001475,455,0,[],null,[],0,,,103.900997,,0,,0,,
2026-08-12T14:30:24.711164+00:00,17799.993360661,depth_scale_10cm_outbound_retry_disarmed,0,"[0.0,0.0,0.0,0.0]",1,1,1,1,0.000000,773,13145900,1,0,0,1,0,1460973155,304,13987,2955,0,50,"[0.8232067227363586,-0.04401998594403267,0.016476992517709732,-0.5657927393913269]","[-0.03889799863100052,0.014565994963049889,0.012205437757074833]","[0.1503169983625412,-0.8788319826126099,9.820767402648926]",-1.20327151,0.0122054378,12.224184,119797,"[0.0,0.0,0.0,0.0]","[0.0,0.0,0.0,0.0,0.0,0.0,0.0,0.0]","[0.0,0.0,0.0,0.0,0.0,0.0,0.0,0.0]",255,1,1,0,,0,,,"[NaN,NaN,NaN]","[NaN,NaN,NaN,NaN]","[NaN,NaN,NaN,NaN,NaN,NaN]",0.002186,456,0,[],null,[],0,,,105.195046,,0,,0,,
2026-08-12T14:30:24.761078+00:00,17800.043277355,depth_scale_10cm_outbound_retry_disarmed,0,"[0.0,0.0,0.0,0.0]",1,1,1,1,0.000000,774,13145950,1,0,0,1,0,1460973155,305,62031,2956,0,50,"[0.8232235312461853,-0.04465898498892784,0.0173259936273098,-0.5656928420066833]","[-0.04863712564110756,0.01588689349591732,0.01293948758393526]","[0.1550530046224594,-0.898389995098114,9.801920890808105]",-1.20309663,0.0129394876,12.224184,119797,"[0.0,0.0,0.0,0.0]","[0.0,0.0,0.0,0.0,0.0,0.0,0.0,0.0]","[0.0,0.0,0.0,0.0,0.0,0.0,0.0,0.0]",255,1,1,0,,0,,,"[NaN,NaN,NaN]","[NaN,NaN,NaN,NaN]","[NaN,NaN,NaN,NaN,NaN,NaN]",0.001489,458,0,[],null,[],0,,,103.332998,,0,,0,,
2026-08-12T14:30:24.810203+00:00,17800.092859928,depth_scale_10cm_outbound_retry_disarmed,0,"[0.0,0.0,0.0,0.0]",1,1,1,1,0.000000,775,13146000,1,0,0,1,0,1460973155,306,65400,2957,0,49,"[0.8232321739196777,-0.045462965965270996,0.018329987302422523,-0.5655845999717712]","[-0.05736770108342171,0.015727616846561432,0.012278792448341846]","[0.14150799810886383,-0.9055799841880798,9.799471855163574]",-1.2029171,0.0122787924,12.1129589,118707,"[0.0,0.0,0.0,0.0]","[0.0,0.0,0.0,0.0,0.0,0.0,0.0,0.0]","[0.0,0.0,0.0,0.0,0.0,0.0,0.0,0.0]",255,1,1,0,,0,,,"[NaN,NaN,NaN]","[NaN,NaN,NaN,NaN]","[NaN,NaN,NaN,NaN,NaN,NaN]",0.001679,459,0,[],null,[],0,,,103.59231,,0,,0,,
2026-08-12T14:30:24.860036+00:00,17800.143163340,depth_scale_10cm_outbound_retry_disarmed,0,"[0.0,0.0,0.0,0.0]",1,1,1,1,0.000000,776,13146050,1,0,0,1,0,1460973155,307,64805,2958,0,50,"[0.8232133388519287,-0.04644596204161644,0.019483983516693115,-0.5654935836791992]","[-0.06040295213460922,0.016971826553344727,0.010403855703771114]","[0.1412999927997589,-0.94650799036026,9.797673225402832]",-1.20279646,0.0104038557,12.1129589,118707,"[0.0,0.0,0.0,0.0]","[0.0,0.0,0.0,0.0,0.0,0.0,0.0,0.0]","[0.0,0.0,0.0,0.0,0.0,0.0,0.0,0.0]",255,1,1,0,,0,,,"[NaN,NaN,NaN]","[NaN,NaN,NaN,NaN]","[NaN,NaN,NaN,NaN,NaN,NaN]",0.001349,461,0,[],null,[],0,,,104.004918,,0,,0,,
2026-08-12T14:30:24.910398+00:00,17800.193403775,depth_scale_10cm_outbound_retry_disarmed,0,"[0.0,0.0,0.0,0.0]",1,1,1,1,0.000000,777,13146100,1,0,0,1,0,1460973155,308,9575,2959,0,50,"[0.8231673836708069,-0.04746796190738678,0.02069598250091076,-0.5654325485229492]","[-0.06526817381381989,0.018250979483127594,0.01035219430923462]","[0.14119799435138702,-0.9854339957237244,9.769457817077637]",-1.20275939,0.0103521943,12.0119381,117717,"[0.0,0.0,0.0,0.0]","[0.0,0.0,0.0,0.0,0.0,0.0,0.0,0.0]","[0.0,0.0,0.0,0.0,0.0,0.0,0.0,0.0]",239,1,1,0,,0,,,"[NaN,NaN,NaN]","[NaN,NaN,NaN,NaN]","[NaN,NaN,NaN,NaN,NaN,NaN]",0.002209,462,0,[],null,[],0,,,102.832745,,0,,0,,
2026-08-12T14:30:24.960719+00:00,17800.243028207,depth_scale_10cm_outbound_retry_disarmed,0,"[0.0,0.0,0.0,0.0]",1,1,1,1,0.000000,778,13146150,1,0,0,1,0,1460973155,309,3961,2960,0,50,"[0.8230900168418884,-0.048532966524362564,0.021944986656308174,-0.5654076337814331]","[-0.06648838520050049,0.016964897513389587,0.006698206998407841]","[0.12440399825572968,-1.0119999647140503,9.757660865783691]",-1.20281935,0.006698207,12.0119381,117717,"[0.0,0.0,0.0,0.0]","[0.0,0.0,0.0,0.0,0.0,0.0,0.0,0.0]","[0.0,0.0,0.0,0.0,0.0,0.0,0.0,0.0]",239,1,1,0,,0,,,"[NaN,NaN,NaN]","[NaN,NaN,NaN,NaN]","[NaN,NaN,NaN,NaN,NaN,NaN]",0.001344,464,0,[],null,[],0,,,101.930003,,0,,0,,
2026-08-12T14:30:25.009695+00:00,17800.292316131,depth_scale_10cm_outbound_retry_disarmed,0,"[0.0,0.0,0.0,0.0]",1,1,1,1,0.000000,779,13146200,1,0,0,1,0,1460973155,310,27543,2961,0,50,"[0.8230016827583313,-0.04937295243144035,0.022904977202415466,-0.5654253959655762]","[-0.06405600905418396,0.015015940181910992,0.0018545344937592745]","[0.22258099913597107,-1.0214999914169312,9.63898754119873]",-1.20295918,0.00185453449,12.0119381,117717,"[0.0,0.0,0.0,0.0]","[0.0,0.0,0.0,0.0,0.0,0.0,0.0,0.0]","[0.0,0.0,0.0,0.0,0.0,0.0,0.0,0.0]",239,1,1,0,,0,,,"[NaN,NaN,NaN]","[NaN,NaN,NaN,NaN]","[NaN,NaN,NaN,NaN,NaN,NaN]",0.000100,466,0,[],null,[],0,,,100.8547,,0,,0,,
2026-08-12T14:30:25.061137+00:00,17800.343312081,depth_scale_10cm_outbound_retry_disarmed,0,"[0.0,0.0,0.0,0.0]",1,1,1,1,0.000000,780,13146250,1,0,0,1,0,1460973155,311,50850,2962,0,51,"[0.8228169679641724,-0.050645969808101654,0.024294987320899963,-0.5655236840248108]","[-0.06283963471651077,0.015023497864603996,0.0030848169699311256]","[0.184129998087883,-1.064363956451416,9.65596866607666]",-1.20334375,0.00308481697,11.9310207,116924,"[0.0,0.0,0.0,0.0]","[0.0,0.0,0.0,0.0,0.0,0.0,0.0,0.0]","[0.0,0.0,0.0,0.0,0.0,0.0,0.0,0.0]",239,1,1,0,,0,,,"[NaN,NaN,NaN]","[NaN,NaN,NaN,NaN]","[NaN,NaN,NaN,NaN,NaN,NaN]",0.002142,467,0,[],null,[],0,,,102.278748,,0,,0,,
2026-08-12T14:30:25.111212+00:00,17800.393384244,depth_scale_10cm_outbound_retry_disarmed,0,"[0.0,0.0,0.0,0.0]",1,1,1,1,0.000000,781,13146300,1,0,0,1,0,1460973155,312,23393,2963,0,50,"[0.8226395845413208,-0.051663950085639954,0.025370974093675613,-0.5656424760818481]","[-0.05553637444972992,0.013058501295745373,-0.0005063723656348884]","[0.19836799800395966,-1.0862619876861572,9.64445972442627]",-1.20375025,-0.000506372366,11.9310207,116924,"[0.0,0.0,0.0,0.0]","[0.0,0.0,0.0,0.0,0.0,0.0,0.0,0.0]","[0.0,0.0,0.0,0.0,0.0,0.0,0.0,0.0]",255,1,1,0,,0,,,"[NaN,NaN,NaN]","[NaN,NaN,NaN,NaN]","[NaN,NaN,NaN,NaN,NaN,NaN]",0.002192,468,0,[],null,[],0,,,101.861375,,0,,0,,
2026-08-12T14:30:25.161179+00:00,17800.443353119,depth_scale_10cm_outbound_retry_disarmed,0,"[0.0,0.0,0.0,0.0]",1,1,1,1,0.000000,782,13146350,1,0,0,1,0,1460973155,313,8998,2964,0,50,"[0.8224475383758545,-0.05245698615908623,0.02628699317574501,-0.5658068060874939]","[-0.04152558743953705,0.012952612712979317,-0.0016443270724266768]","[0.19109000265598297,-1.1127619743347168,9.639967918395996]",-1.20425367,-0.00164432707,11.8708162,116334,"[0.0,0.0,0.0,0.0]","[0.0,0.0,0.0,0.0,0.0,0.0,0.0,0.0]","[0.0,0.0,0.0,0.0,0.0,0.0,0.0,0.0]",255,1,1,0,,0,,,"[NaN,NaN,NaN]","[NaN,NaN,NaN,NaN]","[NaN,NaN,NaN,NaN,NaN,NaN]",0.001488,470,0,[],null,[],0,,,103.482453,,0,,0,,
2026-08-12T14:30:25.210256+00:00,17800.492740736,depth_scale_10cm_outbound_retry_disarmed,0,"[0.0,0.0,0.0,0.0]",1,1,1,1,0.000000,783,13146400,1,0,0,1,0,1460973155,314,37562,2965,0,49,"[0.8222591876983643,-0.05298696085810661,0.027019981294870377,-0.5659965872764587]","[-0.033009570091962814,0.011026030406355858,-0.001559451688081026]","[0.18625999987125397,-1.1321660280227661,9.628204345703125]",-1.20480108,-0.00155945169,11.8708162,116334,"[0.0,0.0,0.0,0.0]","[0.0,0.0,0.0,0.0,0.0,0.0,0.0,0.0]","[0.0,0.0,0.0,0.0,0.0,0.0,0.0,0.0]",255,1,1,0,,0,,,"[NaN,NaN,NaN]","[NaN,NaN,NaN,NaN]","[NaN,NaN,NaN,NaN,NaN,NaN]",0.001163,472,0,[],null,[],0,,,102.643501,,0,,0,,
2026-08-12T14:30:25.261192+00:00,17800.543349116,depth_scale_10cm_outbound_retry_disarmed,0,"[0.0,0.0,0.0,0.0]",1,1,1,1,0.000000,784,13146450,1,0,0,1,0,1460973155,315,26547,2966,0,51,"[0.8220621347427368,-0.05331496521830559,0.027608981356024742,-0.5662235617637634]","[-0.022644026204943657,0.01217599306255579,-0.003964602947235107]","[0.1718979924917221,-1.13680100440979,9.63530445098877]",-1.20542371,-0.00396460295,11.8327551,115961,"[0.0,0.0,0.0,0.0]","[0.0,0.0,0.0,0.0,0.0,0.0,0.0,0.0]","[0.0,0.0,0.0,0.0,0.0,0.0,0.0,0.0]",255,1,1,0,,0,,,"[NaN,NaN,NaN]","[NaN,NaN,NaN,NaN]","[NaN,NaN,NaN,NaN,NaN,NaN]",0.002161,473,0,[],null,[],0,,,104.489142,,0,,0,,
2026-08-12T14:30:25.309905+00:00,17800.592673266,depth_scale_10cm_outbound_retry_disarmed,0,"[0.0,0.0,0.0,0.0]",1,1,1,1,0.000000,785,13146500,1,0,0,1,0,1460973155,316,59981,2967,0,49,"[0.8218758702278137,-0.053433969616889954,0.028037985786795616,-0.5664616823196411]","[-0.009654550813138485,0.011255158111453056,-0.004278691951185465]","[0.1766429990530014,-1.1498349905014038,9.623557090759277]",-1.2060554,-0.00427869195,11.8327551,115961,"[0.0,0.0,0.0,0.0]","[0.0,0.0,0.0,0.0,0.0,0.0,0.0,0.0]","[0.0,0.0,0.0,0.0,0.0,0.0,0.0,0.0]",191,1,1,0,,0,,,"[NaN,NaN,NaN]","[NaN,NaN,NaN,NaN]","[NaN,NaN,NaN,NaN,NaN,NaN]",0.000288,475,0,[],null,[],0,,,105.003806,,0,,0,,
2026-08-12T14:30:25.359686+00:00,17800.642869877,depth_scale_10cm_outbound_retry_disarmed,0,"[0.0,0.0,0.0,0.0]",1,1,1,1,0.000000,786,13146550,1,0,0,1,0,1460973155,317,59408,2968,0,50,"[0.8217023611068726,-0.05335695669054985,0.028299976140260696,-0.5667075514793396]","[0.0023126660380512476,0.00952709000557661,-0.003157475497573614]","[0.19565999507904053,-1.1635899543762207,9.621578216552734]",-1.20668602,-0.0031574755,11.7943878,115585,"[0.0,0.0,0.0,0.0]","[0.0,0.0,0.0,0.0,0.0,0.0,0.0,0.0]","[0.0,0.0,0.0,0.0,0.0,0.0,0.0,0.0]",191,1,1,0,,0,,,"[NaN,NaN,NaN]","[NaN,NaN,NaN,NaN]","[NaN,NaN,NaN,NaN,NaN,NaN]",0.001704,476,0,[],null,[],0,,,104.938634,,0,,0,,
2026-08-12T14:30:25.409977+00:00,17800.692544622,depth_scale_10cm_outbound_retry_disarmed,0,"[0.0,0.0,0.0,0.0]",1,1,1,1,0.000000,787,13146600,1,0,0,1,0,1460973155,318,12373,2969,0,50,"[0.8215529918670654,-0.05307193100452423,0.028368964791297913,-0.566947340965271]","[0.010227961465716362,0.008844385854899883,-0.0037098717875778675]","[0.18619200587272644,-1.1515560150146484,9.61889362335205]",-1.20727837,-0.00370987179,11.7943878,115585,"[0.0,0.0,0.0,0.0]","[0.0,0.0,0.0,0.0,0.0,0.0,0.0,0.0]","[0.0,0.0,0.0,0.0,0.0,0.0,0.0,0.0]",187,1,1,0,,0,,,"[NaN,NaN,NaN]","[NaN,NaN,NaN,NaN]","[NaN,NaN,NaN,NaN,NaN,NaN]",0.000562,478,0,[],null,[],0,,,103.306815,,0,,0,,
2026-08-12T14:30:25.461259+00:00,17800.743394478,depth_scale_10cm_outbound_retry_disarmed,0,"[0.0,0.0,0.0,0.0]",1,1,1,1,0.000000,788,13146650,1,0,0,1,0,1460973155,319,8651,2970,0,51,"[0.821420431137085,-0.05271095409989357,0.028299974277615547,-0.5671765208244324]","[0.012630825862288475,0.0038687842898070812,-0.0011608185013756156]","[0.19821099936962128,-1.1323310136795044,9.621148109436035]",-1.20782757,-0.0011608185,11.7572451,115221,"[0.0,0.0,0.0,0.0]","[0.0,0.0,0.0,0.0,0.0,0.0,0.0,0.0]","[0.0,0.0,0.0,0.0,0.0,0.0,0.0,0.0]",249,1,1,0,,0,,,"[NaN,NaN,NaN]","[NaN,NaN,NaN,NaN]","[NaN,NaN,NaN,NaN,NaN,NaN]",0.002151,479,0,[],null,[],0,,,103.813481,,0,,0,,
2026-08-12T14:30:25.509881+00:00,17800.792492332,depth_scale_10cm_outbound_retry_disarmed,0,"[0.0,0.0,0.0,0.0]",1,1,1,1,0.000000,789,13146700,1,0,0,1,0,1460973155,320,12945,2971,0,49,"[0.821320652961731,-0.05232994630932808,0.02811497263610363,-0.5673654079437256]","[0.016279803588986397,0.003236765507608652,9.529498493066058e-05]","[0.19117899239063263,-1.1156070232391357,9.611225128173828]",-1.20826411,9.52949849e-05,11.7572451,115221,"[0.0,0.0,0.0,0.0]","[0.0,0.0,0.0,0.0,0.0,0.0,0.0,0.0]","[0.0,0.0,0.0,0.0,0.0,0.0,0.0,0.0]",249,1,1,0,,0,,,"[NaN,NaN,NaN]","[NaN,NaN,NaN,NaN]","[NaN,NaN,NaN,NaN,NaN,NaN]",0.001459,480,0,[],null,[],0,,,103.436279,,0,,0,,
2026-08-12T14:30:25.560856+00:00,17800.843130339,depth_scale_10cm_outbound_retry_disarmed,0,"[0.0,0.0,0.0,0.0]",1,1,1,1,0.000000,790,13146750,1,0,0,1,0,1460973155,321,57003,2972,0,51,"[0.8212567567825317,-0.05191897600889206,0.027871988713741302,-0.5675077438354492]","[0.01748257875442505,0.0016115845646709204,0.003800873411819339]","[0.18150900304317474,-1.1207480430603027,9.639176368713379]",-1.20858085,0.00380087341,11.7178564,114835,"[0.0,0.0,0.0,0.0]","[0.0,0.0,0.0,0.0,0.0,0.0,0.0,0.0]","[0.0,0.0,0.0,0.0,0.0,0.0,0.0,0.0]",253,1,1,0,,0,,,"[NaN,NaN,NaN]","[NaN,NaN,NaN,NaN]","[NaN,NaN,NaN,NaN,NaN,NaN]",0.001349,482,0,[],null,[],0,,,103.127582,,0,,0,,
2026-08-12T14:30:25.611191+00:00,17800.893366544,depth_scale_10cm_outbound_retry_disarmed,0,"[0.0,0.0,0.0,0.0]",1,1,1,1,0.000000,791,13146800,1,0,0,1,0,1460973155,322,49695,2973,0,50,"[0.8212208151817322,-0.051545970141887665,0.02760498598217964,-0.5676066279411316]","[0.015033201314508915,-0.0004469788109418005,0.004230608697980642]","[0.1752229928970337,-1.1013530492782593,9.64681625366211]",-1.20878911,0.0042306087,11.7178564,114835,"[0.0,0.0,0.0,0.0]","[0.0,0.0,0.0,0.0,0.0,0.0,0.0,0.0]","[0.0,0.0,0.0,0.0,0.0,0.0,0.0,0.0]",255,1,1,0,,0,,,"[NaN,NaN,NaN]","[NaN,NaN,NaN,NaN]","[NaN,NaN,NaN,NaN,NaN,NaN]",0.002203,483,0,[],null,[],0,,,103.408811,,0,,0,,
2026-08-12T14:30:25.661099+00:00,17800.943301265,depth_scale_10cm_outbound_retry_disarmed,0,"[0.0,0.0,0.0,0.0]",1,1,1,1,0.000000,792,13146850,1,0,0,1,0,1460973155,323,1779,2974,0,50,"[0.8212219476699829,-0.05125496909022331,0.02739398553967476,-0.5676416158676147]","[0.00893467292189598,-0.0009980839677155018,0.006854361854493618]","[0.15518899261951447,-1.1096049547195435,9.67789077758789]",-1.20884919,0.00685436185,11.7178564,114835,"[0.0,0.0,0.0,0.0]","[0.0,0.0,0.0,0.0,0.0,0.0,0.0,0.0]","[0.0,0.0,0.0,0.0,0.0,0.0,0.0,0.0]",255,1,1,0,,0,,,"[NaN,NaN,NaN]","[NaN,NaN,NaN,NaN]","[NaN,NaN,NaN,NaN,NaN,NaN]",0.001491,485,0,[],null,[],0,,,104.106702,,0,,0,,
2026-08-12T14:30:25.711570+00:00,17800.993586785,depth_scale_10cm_outbound_retry_disarmed,0,"[0.0,0.0,0.0,0.0]",1,1,1,1,0.000000,793,13146900,1,0,0,1,0,1460973155,324,29929,2975,0,50,"[0.8212420344352722,-0.051069967448711395,0.027238983660936356,-0.5676366686820984]","[0.004049984272569418,-0.002175727626308799,0.009904185310006142]","[0.14326399564743042,-1.0947879552841187,9.699125289916992]",-1.20881879,0.00990418531,11.6870413,114533,"[0.0,0.0,0.0,0.0]","[0.0,0.0,0.0,0.0,0.0,0.0,0.0,0.0]","[0.0,0.0,0.0,0.0,0.0,0.0,0.0,0.0]",255,1,1,0,,0,,,"[NaN,NaN,NaN]","[NaN,NaN,NaN,NaN]","[NaN,NaN,NaN,NaN,NaN,NaN]",0.002460,486,0,[],null,[],0,,,104.265906,,0,,0,,
2026-08-12T14:30:25.761073+00:00,17801.043273974,depth_scale_10cm_outbound_retry_disarmed,0,"[0.0,0.0,0.0,0.0]",1,1,1,1,0.000000,794,13146950,1,0,0,1,0,1460973155,325,32260,2976,0,50,"[0.8212780952453613,-0.051086969673633575,0.027121983468532562,-0.5675886273384094]","[-0.0038886985275894403,-0.005883068311959505,0.00869962852448225]","[0.15268999338150024,-1.1115590333938599,9.70667552947998]",-1.20868754,0.00869962852,11.6870413,114533,"[0.0,0.0,0.0,0.0]","[0.0,0.0,0.0,0.0,0.0,0.0,0.0,0.0]","[0.0,0.0,0.0,0.0,0.0,0.0,0.0,0.0]",255,1,1,0,,0,,,"[NaN,NaN,NaN]","[NaN,NaN,NaN,NaN]","[NaN,NaN,NaN,NaN,NaN,NaN]",0.001469,488,0,[],null,[],0,,,101.715934,,0,,0,,
2026-08-12T14:30:25.810094+00:00,17801.093222927,depth_scale_10cm_outbound_retry_disarmed,0,"[0.0,0.0,0.0,0.0]",1,1,1,1,0.000000,795,13147000,1,0,0,1,0,1460973155,326,6314,2977,0,49,"[0.8213168978691101,-0.051147934049367905,0.026966966688632965,-0.5675342679023743]","[0.0021937743294984102,-0.007162377703934908,0.009370113722980022]","[0.1383019983768463,-1.1160839796066284,9.720970153808594]",-1.20853591,0.00937011372,11.6653061,114320,"[0.0,0.0,0.0,0.0]","[0.0,0.0,0.0,0.0,0.0,0.0,0.0,0.0]","[0.0,0.0,0.0,0.0,0.0,0.0,0.0,0.0]",127,1,1,0,,0,,,"[NaN,NaN,NaN]","[NaN,NaN,NaN,NaN]","[NaN,NaN,NaN,NaN,NaN,NaN]",0.002077,489,0,[],null,[],0,,,102.786864,,0,,0,,
2026-08-12T14:30:25.860875+00:00,17801.143297692,depth_scale_10cm_outbound_retry_disarmed,0,"[0.0,0.0,0.0,0.0]",1,1,1,1,0.000000,796,13147050,1,0,0,1,0,1460973155,327,29038,2978,0,51,"[0.821357250213623,-0.05118699371814728,0.02676599845290184,-0.5674819350242615]","[-0.0004545186529867351,-0.008161928504705429,0.011206899769604206]","[0.0953499972820282,-1.0895559787750244,9.764065742492676]",-1.2083838,0.0112068998,11.6653061,114320,"[0.0,0.0,0.0,0.0]","[0.0,0.0,0.0,0.0,0.0,0.0,0.0,0.0]","[0.0,0.0,0.0,0.0,0.0,0.0,0.0,0.0]",95,1,1,0,,0,,,"[NaN,NaN,NaN]","[NaN,NaN,NaN,NaN]","[NaN,NaN,NaN,NaN,NaN,NaN]",0.001480,491,0,[],null,[],0,,,103.020461,,0,,0,,
2026-08-12T14:30:25.909693+00:00,17801.192338226,depth_scale_10cm_outbound_retry_disarmed,0,"[0.0,0.0,0.0,0.0]",1,1,1,1,0.000000,797,13147100,1,0,0,1,0,1460973155,328,54776,2979,0,49,"[0.8214181065559387,-0.05130396783351898,0.026567982509732246,-0.5673925876617432]","[-0.0020818111952394247,-0.008343965746462345,0.012423655018210411]","[0.09035299718379974,-1.109879970550537,9.797090530395508]",-1.20814192,0.012423655,11.6447964,114119,"[0.0,0.0,0.0,0.0]","[0.0,0.0,0.0,0.0,0.0,0.0,0.0,0.0]","[0.0,0.0,0.0,0.0,0.0,0.0,0.0,0.0]",95,1,1,0,,0,,,"[NaN,NaN,NaN]","[NaN,NaN,NaN,NaN]","[NaN,NaN,NaN,NaN,NaN,NaN]",0.001444,492,0,[],null,[],0,,,102.041718,,0,,0,,
2026-08-12T14:30:25.961115+00:00,17801.243296764,depth_scale_10cm_outbound_retry_disarmed,0,"[0.0,0.0,0.0,0.0]",1,1,1,1,0.000000,798,13147150,1,0,0,1,0,1460973155,329,21083,2980,0,51,"[0.8214969635009766,-0.05140896886587143,0.02635798417031765,-0.5672786831855774]","[0.00035644861054606736,-0.0077204289846122265,0.01365027204155922]","[0.08324400335550308,-1.102668046951294,9.79450511932373]",-1.20783901,0.013650272,11.6447964,114119,"[0.0,0.0,0.0,0.0]","[0.0,0.0,0.0,0.0,0.0,0.0,0.0,0.0]","[0.0,0.0,0.0,0.0,0.0,0.0,0.0,0.0]",223,1,1,0,,0,,,"[NaN,NaN,NaN]","[NaN,NaN,NaN,NaN]","[NaN,NaN,NaN,NaN,NaN,NaN]",0.001469,494,0,[],null,[],0,,,101.672254,,0,,0,,
2026-08-12T14:30:26.011125+00:00,17801.293288125,depth_scale_10cm_outbound_retry_disarmed,0,"[0.0,0.0,0.0,0.0]",1,1,1,1,0.000000,799,13147200,1,0,0,1,0,1460973155,330,32800,2981,0,50,"[0.8215892910957336,-0.05144595727324486,0.026165980845689774,-0.5671505928039551]","[0.002189358463510871,-0.006469115149229765,0.014862142503261566]","[0.08084599673748016,-1.1050620079040527,9.794511795043945]",-1.20750463,0.0148621425,11.6240807,113916,"[0.0,0.0,0.0,0.0]","[0.0,0.0,0.0,0.0,0.0,0.0,0.0,0.0]","[0.0,0.0,0.0,0.0,0.0,0.0,0.0,0.0]",255,1,1,0,,0,,,"[NaN,NaN,NaN]","[NaN,NaN,NaN,NaN]","[NaN,NaN,NaN,NaN,NaN,NaN]",0.002168,495,0,[],null,[],0,,,101.939805,,0,,0,,
2026-08-12T14:30:26.061108+00:00,17801.343290434,depth_scale_10cm_outbound_retry_disarmed,0,"[0.0,0.0,0.0,0.0]",1,1,1,1,0.000000,800,13147250,1,0,0,1,0,1460973155,331,63591,2982,0,50,"[0.8216956853866577,-0.051402948796749115,0.02596697211265564,-0.5670093894004822]","[0.005249723792076111,-0.003993435297161341,0.014836364425718784]","[0.08562500029802322,-1.1100410223007202,9.785043716430664]",-1.20713818,0.0148363644,11.6240807,113916,"[0.0,0.0,0.0,0.0]","[0.0,0.0,0.0,0.0,0.0,0.0,0.0,0.0]","[0.0,0.0,0.0,0.0,0.0,0.0,0.0,0.0]",255,1,1,0,,0,,,"[NaN,NaN,NaN]","[NaN,NaN,NaN,NaN]","[NaN,NaN,NaN,NaN,NaN,NaN]",0.001467,497,0,[],null,[],0,,,100.752104,,0,,0,,
2026-08-12T14:30:26.111145+00:00,17801.393308069,depth_scale_10cm_outbound_retry_disarmed,0,"[0.0,0.0,0.0,0.0]",1,1,1,1,0.000000,801,13147300,1,0,0,1,0,1460973155,332,25626,2983,0,50,"[0.8218141198158264,-0.051270999014377594,0.02578599937260151,-0.5668579936027527]","[0.008315743878483772,-0.0002546260948292911,0.01601138897240162]","[0.07605499774217606,-1.1024880409240723,9.804015159606934]",-1.20674992,0.016011389,11.603673,113716,"[0.0,0.0,0.0,0.0]","[0.0,0.0,0.0,0.0,0.0,0.0,0.0,0.0]","[0.0,0.0,0.0,0.0,0.0,0.0,0.0,0.0]",255,1,1,0,,0,,,"[NaN,NaN,NaN]","[NaN,NaN,NaN,NaN]","[NaN,NaN,NaN,NaN,NaN,NaN]",0.002181,498,0,[],null,[],0,,,102.246278,,0,,0,,
2026-08-12T14:30:26.160073+00:00,17801.443225746,depth_scale_10cm_outbound_retry_disarmed,0,"[0.0,0.0,0.0,0.0]",1,1,1,1,0.000000,802,13147350,1,0,0,1,0,1460973155,333,41206,2984,0,49,"[0.8219473958015442,-0.051042959094047546,0.02564897947013378,-0.566691517829895]","[0.010576451197266579,0.004305762238800526,0.015943828970193863]","[0.07132299989461899,-1.0952500104904175,9.803853988647461]",-1.20633125,0.015943829,11.603673,113716,"[0.0,0.0,0.0,0.0]","[0.0,0.0,0.0,0.0,0.0,0.0,0.0,0.0]","[0.0,0.0,0.0,0.0,0.0,0.0,0.0,0.0]",255,1,1,0,,0,,,"[NaN,NaN,NaN]","[NaN,NaN,NaN,NaN]","[NaN,NaN,NaN,NaN,NaN,NaN]",0.001406,500,0,[],null,[],0,,,101.465207,,0,,0,,
2026-08-12T14:30:26.210888+00:00,17801.493332860,depth_scale_10cm_outbound_retry_disarmed,0,"[0.0,0.0,0.0,0.0]",1,1,1,1,0.000000,803,13147400,1,0,0,1,0,1460973155,334,34647,2985,0,51,"[0.8220810890197754,-0.05067497119307518,0.025514986366033554,-0.5665366649627686]","[0.015049310401082039,0.005316657014191151,0.01595248468220234]","[0.052253998816013336,-1.0878360271453857,9.810722351074219]",-1.20594215,0.0159524847,11.5883675,113566,"[0.0,0.0,0.0,0.0]","[0.0,0.0,0.0,0.0,0.0,0.0,0.0,0.0]","[0.0,0.0,0.0,0.0,0.0,0.0,0.0,0.0]",255,1,1,0,,0,,,"[NaN,NaN,NaN]","[NaN,NaN,NaN,NaN]","[NaN,NaN,NaN,NaN,NaN,NaN]",0.002193,501,0,[],null,[],0,,,103.433195,,0,,0,,
2026-08-12T14:30:26.261121+00:00,17801.543281993,depth_scale_10cm_outbound_retry_disarmed,0,"[0.0,0.0,0.0,0.0]",1,1,1,1,0.000000,804,13147450,1,0,0,1,0,1460973155,335,52405,2986,0,50,"[0.822211742401123,-0.05027594417333603,0.025383971631526947,-0.5663884282112122]","[0.012612953782081604,0.00533238286152482,0.015937719494104385]","[0.05708400160074234,-1.0831940174102783,9.80111312866211]",-1.20556974,0.0159377195,11.5883675,113566,"[0.0,0.0,0.0,0.0]","[0.0,0.0,0.0,0.0,0.0,0.0,0.0,0.0]","[0.0,0.0,0.0,0.0,0.0,0.0,0.0,0.0]",255,1,1,0,,0,,,"[NaN,NaN,NaN]","[NaN,NaN,NaN,NaN]","[NaN,NaN,NaN,NaN,NaN,NaN]",0.001468,503,0,[],null,[],0,,,102.638495,,0,,0,,
2026-08-12T14:30:26.311246+00:00,17801.593381882,depth_scale_10cm_outbound_retry_disarmed,0,"[0.0,0.0,0.0,0.0]",1,1,1,1,0.000000,805,13147500,1,0,0,1,0,1460973155,336,11120,2987,0,50,"[0.8223327398300171,-0.04992394521832466,0.025305969640612602,-0.5662474036216736]","[0.01261476892977953,0.005316971335560083,0.014714819379150867]","[0.0547030009329319,-1.080741047859192,9.803448677062988]",-1.20522094,0.0147148194,11.5837755,113521,"[0.0,0.0,0.0,0.0]","[0.0,0.0,0.0,0.0,0.0,0.0,0.0,0.0]","[0.0,0.0,0.0,0.0,0.0,0.0,0.0,0.0]",255,1,1,0,,0,,,"[NaN,NaN,NaN]","[NaN,NaN,NaN,NaN]","[NaN,NaN,NaN,NaN,NaN,NaN]",0.002190,504,0,[],null,[],0,,,103.396815,,0,,0,,
2026-08-12T14:30:26.361182+00:00,17801.643327549,depth_scale_10cm_outbound_retry_disarmed,0,"[0.0,0.0,0.0,0.0]",1,1,1,1,0.000000,806,13147550,1,0,0,1,0,1460973155,337,61340,2988,0,50,"[0.8224206566810608,-0.04960498586297035,0.025192990899086,-0.5661527514457703]","[0.010178306140005589,0.004678005818277597,0.012265284545719624]","[0.059512000530958176,-1.0735470056533813,9.803399085998535]",-1.20498013,0.0122652845,11.5837755,113521,"[0.0,0.0,0.0,0.0]","[0.0,0.0,0.0,0.0,0.0,0.0,0.0,0.0]","[0.0,0.0,0.0,0.0,0.0,0.0,0.0,0.0]",254,1,1,0,,0,,,"[NaN,NaN,NaN]","[NaN,NaN,NaN,NaN]","[NaN,NaN,NaN,NaN,NaN,NaN]",0.001463,506,0,[],null,[],0,,,102.028914,,0,,0,,
2026-08-12T14:30:26.411136+00:00,17801.693322185,depth_scale_10cm_outbound_retry_disarmed,0,"[0.0,0.0,0.0,0.0]",1,1,1,1,0.000000,807,13147600,1,0,0,1,0,1460973155,338,3276,2989,0,50,"[0.8224875330924988,-0.04934798181056976,0.025061991065740585,-0.5660838484764099]","[0.006503202021121979,0.000943140999879688,0.01108657568693161]","[0.06915400177240372,-1.0543479919433594,9.803227424621582]",-1.20479941,0.0110865757,11.5837755,113521,"[0.0,0.0,0.0,0.0]","[0.0,0.0,0.0,0.0,0.0,0.0,0.0,0.0]","[0.0,0.0,0.0,0.0,0.0,0.0,0.0,0.0]",254,1,1,0,,0,,,"[NaN,NaN,NaN]","[NaN,NaN,NaN,NaN]","[NaN,NaN,NaN,NaN,NaN,NaN]",0.002182,507,0,[],null,[],0,,,102.134238,,0,,0,,
2026-08-12T14:30:26.461155+00:00,17801.743327092,depth_scale_10cm_outbound_retry_disarmed,0,"[0.0,0.0,0.0,0.0]",1,1,1,1,0.000000,808,13147650,1,0,0,1,0,1460973155,339,7954,2990,0,50,"[0.8225257992744446,-0.049177978187799454,0.02493298426270485,-0.5660486817359924]","[0.0064993444830179214,-0.0003353650390636176,0.008662872016429901]","[0.09236499667167664,-1.0625009536743164,9.749239921569824]",-1.20470023,0.00866287202,11.580204,113486,"[0.0,0.0,0.0,0.0]","[0.0,0.0,0.0,0.0,0.0,0.0,0.0,0.0]","[0.0,0.0,0.0,0.0,0.0,0.0,0.0,0.0]",254,1,1,0,,0,,,"[NaN,NaN,NaN]","[NaN,NaN,NaN,NaN]","[NaN,NaN,NaN,NaN,NaN,NaN]",0.001480,509,0,[],null,[],0,,,101.098111,,0,,0,,
2026-08-12T14:30:26.508704+00:00,17801.791740042,depth_scale_10cm_outbound_retry_disarmed,0,"[0.0,0.0,0.0,0.0]",1,1,1,1,0.000000,809,13147700,1,0,0,1,0,1460973155,340,26171,2991,0,48,"[0.8225374817848206,-0.04903698340058327,0.024776993319392204,-0.5660508275032043]","[0.0034351395443081856,-0.004089585971087217,0.006264946889132261]","[0.12198899686336517,-1.0536869764328003,9.705472946166992]",-1.20468831,0.00626494689,11.580204,113486,"[0.0,0.0,0.0,0.0]","[0.0,0.0,0.0,0.0,0.0,0.0,0.0,0.0]","[0.0,0.0,0.0,0.0,0.0,0.0,0.0,0.0]",254,1,1,0,,0,,,"[NaN,NaN,NaN]","[NaN,NaN,NaN,NaN]","[NaN,NaN,NaN,NaN,NaN,NaN]",0.000909,510,0,[],null,[],0,,,98.958926,,0,,0,,
2026-08-12T14:30:26.559813+00:00,17801.842893048,depth_scale_10cm_outbound_retry_disarmed,0,"[0.0,0.0,0.0,0.0]",1,1,1,1,0.000000,810,13147750,1,0,0,1,0,1460973155,341,29893,2992,0,51,"[0.8225205540657043,-0.048936981707811356,0.02464699000120163,-0.5660898089408875]","[0.00284935487434268,-0.00035032248706556857,0.005583465564996004]","[0.12685200572013855,-1.0442709922790527,9.693395614624023]",-1.20476854,0.00558346556,11.575408,113439,"[0.0,0.0,0.0,0.0]","[0.0,0.0,0.0,0.0,0.0,0.0,0.0,0.0]","[0.0,0.0,0.0,0.0,0.0,0.0,0.0,0.0]",255,1,1,0,,0,,,"[NaN,NaN,NaN]","[NaN,NaN,NaN,NaN]","[NaN,NaN,NaN,NaN,NaN,NaN]",0.000958,512,0,[],null,[],0,,,98.613161,,0,,0,,
2026-08-12T14:30:26.610769+00:00,17801.893329100,depth_scale_10cm_outbound_retry_disarmed,0,"[0.0,0.0,0.0,0.0]",1,1,1,1,0.000000,811,13147800,1,0,0,1,0,1460973155,342,34166,2993,0,51,"[0.8224819302558899,-0.04890397563576698,0.024602988734841347,-0.5661507248878479]","[-0.002633422613143921,-0.0009619033080525696,0.003726923605427146]","[0.129271999001503,-1.0395079851150513,9.69095516204834]",-1.20491135,0.00372692361,11.575408,113439,"[0.0,0.0,0.0,0.0]","[0.0,0.0,0.0,0.0,0.0,0.0,0.0,0.0]","[0.0,0.0,0.0,0.0,0.0,0.0,0.0,0.0]",255,1,1,0,,0,,,"[NaN,NaN,NaN]","[NaN,NaN,NaN,NaN]","[NaN,NaN,NaN,NaN,NaN,NaN]",0.002195,513,0,[],null,[],0,,,100.626537,,0,,0,,
2026-08-12T14:30:26.661062+00:00,17801.943261891,depth_scale_10cm_outbound_retry_disarmed,0,"[0.0,0.0,0.0,0.0]",1,1,1,1,0.000000,812,13147850,1,0,0,1,0,1460973155,343,14784,2994,0,50,"[0.8224461078643799,-0.04900096729397774,0.024642983451485634,-0.5661925673484802]","[-0.009337005205452442,-0.000887779169715941,0.006132109556347132]","[0.13879500329494476,-1.0493199825286865,9.681612968444824]",-1.20501673,0.00613210956,11.5696936,113383,"[0.0,0.0,0.0,0.0]","[0.0,0.0,0.0,0.0,0.0,0.0,0.0,0.0]","[0.0,0.0,0.0,0.0,0.0,0.0,0.0,0.0]",255,1,1,0,,0,,,"[NaN,NaN,NaN]","[NaN,NaN,NaN,NaN]","[NaN,NaN,NaN,NaN,NaN,NaN]",0.001465,515,0,[],null,[],0,,,95.529546,,0,,0,,
2026-08-12T14:30:26.711054+00:00,17801.993304343,depth_scale_10cm_outbound_retry_disarmed,0,"[0.0,0.0,0.0,0.0]",1,1,1,1,0.000000,813,13147900,1,0,0,1,0,1460973155,344,46464,2995,0,50,"[0.8224018216133118,-0.049215979874134064,0.02479298785328865,-0.5662317872047424]","[-0.013393831439316273,-0.00023771385895088315,0.0060964180156588554]","[0.15798699855804443,-1.0433239936828613,9.660155296325684]",-1.20512784,0.00609641802,11.5696936,113383,"[0.0,0.0,0.0,0.0]","[0.0,0.0,0.0,0.0,0.0,0.0,0.0,0.0]","[0.0,0.0,0.0,0.0,0.0,0.0,0.0,0.0]",255,1,1,0,,0,,,"[NaN,NaN,NaN]","[NaN,NaN,NaN,NaN]","[NaN,NaN,NaN,NaN,NaN,NaN]",0.002187,516,0,[],null,[],0,,,98.724391,,0,,0,,
2026-08-12T14:30:26.761060+00:00,17802.043283760,depth_scale_10cm_outbound_retry_disarmed,0,"[0.0,0.0,0.0,0.0]",1,1,1,1,0.000000,814,13147950,1,0,0,1,0,1460973155,345,49005,2996,0,50,"[0.8223479986190796,-0.04946497082710266,0.024986984208226204,-0.5662796497344971]","[-0.013382748700678349,0.0009790947660803795,0.0036285046953707933]","[0.15631699562072754,-1.0626569986343384,9.654024124145508]",-1.20526469,0.0036285047,11.5727549,113413,"[0.0,0.0,0.0,0.0]","[0.0,0.0,0.0,0.0,0.0,0.0,0.0,0.0]","[0.0,0.0,0.0,0.0,0.0,0.0,0.0,0.0]",255,1,1,0,,0,,,"[NaN,NaN,NaN]","[NaN,NaN,NaN,NaN]","[NaN,NaN,NaN,NaN,NaN,NaN]",0.001472,518,0,[],null,[],0,,,95.571026,,0,,0,,
2026-08-12T14:30:26.811083+00:00,17802.093309260,depth_scale_10cm_outbound_retry_disarmed,0,"[0.0,0.0,0.0,0.0]",1,1,1,1,0.000000,815,13148000,1,0,0,1,0,1460973155,346,3825,2997,0,50,"[0.8222779631614685,-0.04968097060918808,0.025139985606074333,-0.5663557052612305]","[-0.012381644919514656,-0.001530514215119183,0.0030674338340759277]","[0.2009740024805069,-1.0626230239868164,9.617754936218262]",-1.20546556,0.00306743383,11.5727549,113413,"[0.0,0.0,0.0,0.0]","[0.0,0.0,0.0,0.0,0.0,0.0,0.0,0.0]","[0.0,0.0,0.0,0.0,0.0,0.0,0.0,0.0]",255,1,1,0,,0,,,"[NaN,NaN,NaN]","[NaN,NaN,NaN,NaN]","[NaN,NaN,NaN,NaN,NaN,NaN]",0.002174,519,0,[],null,[],0,,,93.328629,,0,,0,,
2026-08-12T14:30:26.861150+00:00,17802.143357496,depth_scale_10cm_outbound_retry_disarmed,0,"[0.0,0.0,0.0,0.0]",1,1,1,1,0.000000,816,13148050,1,0,0,1,0,1460973155,347,30390,2998,0,50,"[0.8221768736839294,-0.049897972494363785,0.025266986340284348,-0.5664777159690857]","[-0.00811532698571682,-0.0015811811899766326,0.0012589235557243228]","[0.2008810043334961,-1.0769809484481812,9.622763633728027]",-1.20577502,0.00125892356,11.5813265,113497,"[0.0,0.0,0.0,0.0]","[0.0,0.0,0.0,0.0,0.0,0.0,0.0,0.0]","[0.0,0.0,0.0,0.0,0.0,0.0,0.0,0.0]",255,1,1,0,,0,,,"[NaN,NaN,NaN]","[NaN,NaN,NaN,NaN]","[NaN,NaN,NaN,NaN,NaN,NaN]",0.000820,521,0,[],null,[],0,,,89.592327,,0,,0,,
2026-08-12T14:30:26.911092+00:00,17802.193326979,depth_scale_10cm_outbound_retry_disarmed,0,"[0.0,0.0,0.0,0.0]",1,1,1,1,0.000000,817,13148100,1,0,0,1,0,1460973155,348,60107,2999,0,50,"[0.8220584392547607,-0.04998395964503288,0.025254979729652405,-0.5666425228118896]","[0.0004023682267870754,-0.004177881870418787,-0.0023138178512454033]","[0.20563000440597534,-1.0793720483779907,9.625251770019531]",-1.2061727,-0.00231381785,11.5813265,113497,"[0.0,0.0,0.0,0.0]","[0.0,0.0,0.0,0.0,0.0,0.0,0.0,0.0]","[0.0,0.0,0.0,0.0,0.0,0.0,0.0,0.0]",255,1,1,0,,0,,,"[NaN,NaN,NaN]","[NaN,NaN,NaN,NaN]","[NaN,NaN,NaN,NaN,NaN,NaN]",0.002197,522,0,[],null,[],0,,,87.684017,,0,,0,,
2026-08-12T14:30:26.960088+00:00,17802.242924904,depth_scale_10cm_outbound_retry_disarmed,0,"[0.0,0.0,0.0,0.0]",1,1,1,1,0.000000,818,13148150,1,0,0,1,0,1460973155,349,63765,3000,0,49,"[0.8219072818756104,-0.049968961626291275,0.02513098157942295,-0.5668686032295227]","[0.0052768634632229805,-0.004224779084324837,-0.003507186658680439]","[0.2008890062570572,-1.0720969438552856,9.62748908996582]",-1.20670664,-0.00350718666,11.5893879,113576,"[0.0,0.0,0.0,0.0]","[0.0,0.0,0.0,0.0,0.0,0.0,0.0,0.0]","[0.0,0.0,0.0,0.0,0.0,0.0,0.0,0.0]",255,1,1,0,,0,,,"[NaN,NaN,NaN]","[NaN,NaN,NaN,NaN]","[NaN,NaN,NaN,NaN,NaN,NaN]",0.001034,524,0,[],null,[],0,,,90.055774,,0,,0,,
2026-08-12T14:30:27.009665+00:00,17802.292682149,depth_scale_10cm_outbound_retry_disarmed,0,"[0.0,0.0,0.0,0.0]",1,1,1,1,0.000000,819,13148200,1,0,0,1,0,1460973155,350,9909,3001,0,50,"[0.8217423558235168,-0.04982595890760422,0.024874981492757797,-0.567131519317627]","[0.012185278348624706,-0.004315623547881842,-0.007134033367037773]","[0.20880700647830963,-1.0629719495773315,9.649834632873535]",-1.20731568,-0.00713403337,11.5893879,113576,"[0.0,0.0,0.0,0.0]","[0.0,0.0,0.0,0.0,0.0,0.0,0.0,0.0]","[0.0,0.0,0.0,0.0,0.0,0.0,0.0,0.0]",255,1,1,0,,0,,,"[NaN,NaN,NaN]","[NaN,NaN,NaN,NaN]","[NaN,NaN,NaN,NaN,NaN,NaN]",0.001552,525,0,[],null,[],0,,,88.92037,,0,,0,,
2026-08-12T14:30:27.060020+00:00,17802.343157441,depth_scale_10cm_outbound_retry_disarmed,0,"[0.0,0.0,0.0,0.0]",1,1,1,1,0.000000,820,13148250,1,0,0,1,0,1460973155,351,14123,3002,0,50,"[0.8215492963790894,-0.04958496242761612,0.024523980915546417,-0.5674476027488708]","[0.015018279664218426,-0.00622092979028821,-0.008306528441607952]","[0.1936579942703247,-1.0520509481430054,9.677486419677734]",-1.20804393,-0.00830652844,11.6017342,113697,"[0.0,0.0,0.0,0.0]","[0.0,0.0,0.0,0.0,0.0,0.0,0.0,0.0]","[0.0,0.0,0.0,0.0,0.0,0.0,0.0,0.0]",255,1,1,0,,0,,,"[NaN,NaN,NaN]","[NaN,NaN,NaN,NaN]","[NaN,NaN,NaN,NaN,NaN,NaN]",0.001377,527,0,[],null,[],0,,,88.573099,,0,,0,,
2026-08-12T14:30:27.110305+00:00,17802.393319286,depth_scale_10cm_outbound_retry_disarmed,0,"[0.0,0.0,0.0,0.0]",1,1,1,1,0.000000,821,13148300,1,0,0,1,0,1460973155,352,61251,3003,0,50,"[0.8213501572608948,-0.049327995628118515,0.02410699799656868,-0.5677760243415833]","[0.016222434118390083,-0.00873186532407999,-0.008866360411047935]","[0.19844499230384827,-1.0423049926757812,9.686993598937988]",-1.20879543,-0.00886636041,11.6017342,113697,"[0.0,0.0,0.0,0.0]","[0.0,0.0,0.0,0.0,0.0,0.0,0.0,0.0]","[0.0,0.0,0.0,0.0,0.0,0.0,0.0,0.0]",255,1,1,0,,0,,,"[NaN,NaN,NaN]","[NaN,NaN,NaN,NaN]","[NaN,NaN,NaN,NaN,NaN,NaN]",0.002192,528,0,[],null,[],0,,,87.982996,,0,,0,,
2026-08-12T14:30:27.161052+00:00,17802.443299299,depth_scale_10cm_outbound_retry_disarmed,0,"[0.0,0.0,0.0,0.0]",1,1,1,1,0.000000,822,13148350,1,0,0,1,0,1460973155,353,11631,3004,0,51,"[0.821132481098175,-0.049051959067583084,0.023658979684114456,-0.5681335926055908]","[0.017452716827392578,-0.006875916849821806,-0.009503597393631935]","[0.2056809961795807,-1.0303850173950195,9.682104110717773]",-1.20961535,-0.00950359739,11.6096935,113775,"[0.0,0.0,0.0,0.0]","[0.0,0.0,0.0,0.0,0.0,0.0,0.0,0.0]","[0.0,0.0,0.0,0.0,0.0,0.0,0.0,0.0]",247,1,1,0,,0,,,"[NaN,NaN,NaN]","[NaN,NaN,NaN,NaN]","[NaN,NaN,NaN,NaN,NaN,NaN]",0.001486,530,0,[],null,[],0,,,89.185309,,0,,0,,
2026-08-12T14:30:27.211140+00:00,17802.493355925,depth_scale_10cm_outbound_retry_disarmed,0,"[0.0,0.0,0.0,0.0]",1,1,1,1,0.000000,823,13148400,1,0,0,1,0,1460973155,354,57276,3005,0,50,"[0.8209010362625122,-0.04880596697330475,0.023279985412955284,-0.5685046315193176]","[0.010149212554097176,-0.006220301613211632,-0.010781894437968731]","[0.19616200029850006,-1.0132099390029907,9.700932502746582]",-1.2104764,-0.0107818944,11.6096935,113775,"[0.0,0.0,0.0,0.0]","[0.0,0.0,0.0,0.0,0.0,0.0,0.0,0.0]","[0.0,0.0,0.0,0.0,0.0,0.0,0.0,0.0]",247,1,1,0,,0,,,"[NaN,NaN,NaN]","[NaN,NaN,NaN,NaN]","[NaN,NaN,NaN,NaN,NaN,NaN]",0.002213,531,0,[],null,[],0,,,87.940089,,0,,0,,
2026-08-12T14:30:27.261182+00:00,17802.543379165,depth_scale_10cm_outbound_retry_disarmed,0,"[0.0,0.0,0.0,0.0]",1,1,1,1,0.000000,824,13148450,1,0,0,1,0,1460973155,355,6992,3006,0,50,"[0.8206636309623718,-0.04868394881486893,0.02299397811293602,-0.5688694715499878]","[0.004058466758579016,-0.005526288412511349,-0.008384074084460735]","[0.1937599927186966,-1.0082050561904907,9.712825775146484]",-1.21133256,-0.00838407408,11.6096935,113775,"[0.0,0.0,0.0,0.0]","[0.0,0.0,0.0,0.0,0.0,0.0,0.0,0.0]","[0.0,0.0,0.0,0.0,0.0,0.0,0.0,0.0]",247,1,1,0,,0,,,"[NaN,NaN,NaN]","[NaN,NaN,NaN,NaN]","[NaN,NaN,NaN,NaN,NaN,NaN]",0.001487,533,0,[],null,[],0,,,85.495976,,0,,0,,
2026-08-12T14:30:27.311138+00:00,17802.593329985,depth_scale_10cm_outbound_retry_disarmed,0,"[0.0,0.0,0.0,0.0]",1,1,1,1,0.000000,825,13148500,1,0,0,1,0,1460973155,356,7136,3007,0,50,"[0.8204373717308044,-0.04869195818901062,0.022830981761217117,-0.5692015290260315]","[-0.0048592411912977695,-0.0029783693607896566,-0.008890113793313503]","[0.1610420048236847,-1.006714940071106,9.747610092163086]",-1.21212184,-0.00889011379,11.6278563,113953,"[0.0,0.0,0.0,0.0]","[0.0,0.0,0.0,0.0,0.0,0.0,0.0,0.0]","[0.0,0.0,0.0,0.0,0.0,0.0,0.0,0.0]",255,1,1,0,,0,,,"[NaN,NaN,NaN]","[NaN,NaN,NaN,NaN]","[NaN,NaN,NaN,NaN,NaN,NaN]",0.002183,534,0,[],null,[],0,,,84.629834,,0,,0,,
2026-08-12T14:30:27.361081+00:00,17802.643298297,depth_scale_10cm_outbound_retry_disarmed,0,"[0.0,0.0,0.0,0.0]",1,1,1,1,0.000000,826,13148550,1,0,0,1,0,1460973155,357,25511,3008,0,50,"[0.8202084898948669,-0.04886296018958092,0.022811980918049812,-0.5695174932479858]","[-0.008711741305887699,-0.0016852202825248241,-0.007305075880140066]","[0.13378700613975525,-1.0187469720840454,9.791450500488281]",-1.21288669,-0.00730507588,11.6278563,113953,"[0.0,0.0,0.0,0.0]","[0.0,0.0,0.0,0.0,0.0,0.0,0.0,0.0]","[0.0,0.0,0.0,0.0,0.0,0.0,0.0,0.0]",255,1,1,0,,0,,,"[NaN,NaN,NaN]","[NaN,NaN,NaN,NaN]","[NaN,NaN,NaN,NaN,NaN,NaN]",0.001481,536,0,[],null,[],0,,,83.87867,,0,,0,,
2026-08-12T14:30:27.410351+00:00,17802.692850926,depth_scale_10cm_outbound_retry_disarmed,0,"[0.0,0.0,0.0,0.0]",1,1,1,1,0.000000,827,13148600,1,0,0,1,0,1460973155,358,60270,3009,0,49,"[0.8199735879898071,-0.04906795173883438,0.022849977016448975,-0.569836437702179]","[-0.01296980306506157,-0.0010492571163922548,-0.008564888499677181]","[0.1337279975414276,-1.028331995010376,9.793991088867188]",-1.21366489,-0.0085648885,11.6547956,114217,"[0.0,0.0,0.0,0.0]","[0.0,0.0,0.0,0.0,0.0,0.0,0.0,0.0]","[0.0,0.0,0.0,0.0,0.0,0.0,0.0,0.0]",255,1,1,0,,0,,,"[NaN,NaN,NaN]","[NaN,NaN,NaN,NaN]","[NaN,NaN,NaN,NaN,NaN,NaN]",0.001689,537,0,[],null,[],0,,,87.939224,,0,,0,,
2026-08-12T14:30:27.461128+00:00,17802.743354789,depth_scale_10cm_outbound_retry_disarmed,0,"[0.0,0.0,0.0,0.0]",1,1,1,1,0.000000,828,13148650,1,0,0,1,0,1460973155,359,27853,3010,0,51,"[0.8197282552719116,-0.04935699328780174,0.022961998358368874,-0.570159912109375]","[-0.016628049314022064,-0.0016495105810463428,-0.008575989864766598]","[0.12890200316905975,-1.0305320024490356,9.805962562561035]",-1.2144618,-0.00857598986,11.6547956,114217,"[0.0,0.0,0.0,0.0]","[0.0,0.0,0.0,0.0,0.0,0.0,0.0,0.0]","[0.0,0.0,0.0,0.0,0.0,0.0,0.0,0.0]",255,1,1,0,,0,,,"[NaN,NaN,NaN]","[NaN,NaN,NaN,NaN]","[NaN,NaN,NaN,NaN,NaN,NaN]",0.002193,538,0,[],null,[],0,,,86.407224,,0,,0,,
2026-08-12T14:30:27.510104+00:00,17802.793231564,depth_scale_10cm_outbound_retry_disarmed,0,"[0.0,0.0,0.0,0.0]",1,1,1,1,0.000000,829,13148700,1,0,0,1,0,1460973155,360,51291,3011,0,49,"[0.8194729089736938,-0.049667973071336746,0.023088987916707993,-0.5704947113990784]","[-0.01235234085470438,0.00018675022874958813,-0.00919477827847004]","[0.12403400242328644,-1.0473109483718872,9.808550834655762]",-1.21528792,-0.00919477828,11.6797962,114462,"[0.0,0.0,0.0,0.0]","[0.0,0.0,0.0,0.0,0.0,0.0,0.0,0.0]","[0.0,0.0,0.0,0.0,0.0,0.0,0.0,0.0]",255,1,1,0,,0,,,"[NaN,NaN,NaN]","[NaN,NaN,NaN,NaN]","[NaN,NaN,NaN,NaN,NaN,NaN]",0.001437,540,0,[],null,[],0,,,85.105315,,0,,0,,
2026-08-12T14:30:27.559913+00:00,17802.842534853,depth_scale_10cm_outbound_retry_disarmed,0,"[0.0,0.0,0.0,0.0]",1,1,1,1,0.000000,830,13148750,1,0,0,1,0,1460973155,361,17611,3012,0,50,"[0.8191887140274048,-0.04987798258662224,0.023177990689873695,-0.5708807706832886]","[-0.009306113235652447,-0.0004952895105816424,-0.01222250610589981]","[0.10332299768924713,-1.0568859577178955,9.805257797241211]",-1.21623564,-0.0122225061,11.6797962,114462,"[0.0,0.0,0.0,0.0]","[0.0,0.0,0.0,0.0,0.0,0.0,0.0,0.0]","[0.0,0.0,0.0,0.0,0.0,0.0,0.0,0.0]",255,1,1,0,,0,,,"[NaN,NaN,NaN]","[NaN,NaN,NaN,NaN]","[NaN,NaN,NaN,NaN,NaN,NaN]",0.000990,542,0,[],null,[],0,,,91.121024,,0,,0,,
2026-08-12T14:30:27.611121+00:00,17802.893290630,depth_scale_10cm_outbound_retry_disarmed,0,"[0.0,0.0,0.0,0.0]",1,1,1,1,0.000000,831,13148800,1,0,0,1,0,1460973155,362,63255,3013,0,51,"[0.8188748359680176,-0.050067976117134094,0.023265991359949112,-0.5713107585906982]","[-0.010108353570103645,0.00073705252725631,-0.013880080543458462]","[0.10013200342655182,-1.060102939605713,9.803668975830078]",-1.21729088,-0.0138800805,11.6960201,114621,"[0.0,0.0,0.0,0.0]","[0.0,0.0,0.0,0.0,0.0,0.0,0.0,0.0]","[0.0,0.0,0.0,0.0,0.0,0.0,0.0,0.0]",255,1,1,0,,0,,,"[NaN,NaN,NaN]","[NaN,NaN,NaN,NaN]","[NaN,NaN,NaN,NaN,NaN,NaN]",0.002161,543,0,[],null,[],0,,,90.34789,,0,,0,,
2026-08-12T14:30:27.661088+00:00,17802.943308006,depth_scale_10cm_outbound_retry_disarmed,0,"[0.0,0.0,0.0,0.0]",1,1,1,1,0.000000,832,13148850,1,0,0,1,0,1460973155,363,19361,3014,0,50,"[0.8185335397720337,-0.050136979669332504,0.02325899340212345,-0.571793794631958]","[-0.0007604748825542629,0.0012594470754265785,-0.01709558814764023]","[0.09300199896097183,-1.0618200302124023,9.794015884399414]",-1.21846628,-0.0170955881,11.6960201,114621,"[0.0,0.0,0.0,0.0]","[0.0,0.0,0.0,0.0,0.0,0.0,0.0,0.0]","[0.0,0.0,0.0,0.0,0.0,0.0,0.0,0.0]",255,1,1,0,,0,,,"[NaN,NaN,NaN]","[NaN,NaN,NaN,NaN]","[NaN,NaN,NaN,NaN,NaN,NaN]",0.001487,545,0,[],null,[],0,,,90.40293,,0,,0,,
2026-08-12T14:30:27.711052+00:00,17802.993268624,depth_scale_10cm_outbound_retry_disarmed,0,"[0.0,0.0,0.0,0.0]",1,1,1,1,0.000000,833,13148900,1,0,0,1,0,1460973155,364,14779,3015,0,50,"[0.8181726336479187,-0.050053950399160385,0.023182978853583336,-0.5723204612731934]","[0.0016757430275902152,0.0005890312022529542,-0.01951557584106922]","[0.07631000131368637,-1.064221978187561,9.789061546325684]",-1.21974182,-0.0195155758,11.7133675,114791,"[0.0,0.0,0.0,0.0]","[0.0,0.0,0.0,0.0,0.0,0.0,0.0,0.0]","[0.0,0.0,0.0,0.0,0.0,0.0,0.0,0.0]",255,1,1,0,,0,,,"[NaN,NaN,NaN]","[NaN,NaN,NaN,NaN]","[NaN,NaN,NaN,NaN,NaN,NaN]",0.002170,546,0,[],null,[],0,,,88.317316,,0,,0,,
2026-08-12T14:30:27.761057+00:00,17803.043272606,depth_scale_10cm_outbound_retry_disarmed,0,"[0.0,0.0,0.0,0.0]",1,1,1,1,0.000000,834,13148950,1,0,0,1,0,1460973155,365,64855,3016,0,50,"[0.8177869319915771,-0.049821969121694565,0.02305898629128933,-0.5728966593742371]","[0.010832509025931358,0.0036338106729090214,-0.02073836885392666]","[0.07879699766635895,-1.0548319816589355,9.774559020996094]",-1.2211349,-0.0207383689,11.7133675,114791,"[0.0,0.0,0.0,0.0]","[0.0,0.0,0.0,0.0,0.0,0.0,0.0,0.0]","[0.0,0.0,0.0,0.0,0.0,0.0,0.0,0.0]",255,1,1,0,,0,,,"[NaN,NaN,NaN]","[NaN,NaN,NaN,NaN]","[NaN,NaN,NaN,NaN,NaN,NaN]",0.001471,548,0,[],null,[],0,,,86.00355,,0,,0,,
2026-08-12T14:30:27.810185+00:00,17803.092688544,depth_scale_10cm_outbound_retry_disarmed,0,"[0.0,0.0,0.0,0.0]",1,1,1,1,0.000000,835,13149000,1,0,0,1,0,1460973155,366,33482,3017,0,49,"[0.8173841834068298,-0.049488965421915054,0.02291998267173767,-0.5735055804252625]","[0.013887218199670315,0.0048463959246873856,-0.021964916959404945]","[0.07884799689054489,-1.0550520420074463,9.760169982910156]",-1.22260785,-0.021964917,11.7302036,114956,"[0.0,0.0,0.0,0.0]","[0.0,0.0,0.0,0.0,0.0,0.0,0.0,0.0]","[0.0,0.0,0.0,0.0,0.0,0.0,0.0,0.0]",255,1,1,0,,0,,,"[NaN,NaN,NaN]","[NaN,NaN,NaN,NaN]","[NaN,NaN,NaN,NaN,NaN,NaN]",0.001693,549,0,[],null,[],0,,,84.993511,,0,,0,,
2026-08-12T14:30:27.860312+00:00,17803.142902364,depth_scale_10cm_outbound_retry_disarmed,0,"[0.0,0.0,0.0,0.0]",1,1,1,1,0.000000,836,13149050,1,0,0,1,0,1460973155,367,28400,3018,0,50,"[0.8169729113578796,-0.04911497235298157,0.022813992574810982,-0.5741276741027832]","[0.01511659286916256,0.006710058078169823,-0.021990712732076645]","[0.1085439994931221,-1.0375280380249023,9.709077835083008]",-1.22411764,-0.0219907127,11.7302036,114956,"[0.0,0.0,0.0,0.0]","[0.0,0.0,0.0,0.0,0.0,0.0,0.0,0.0]","[0.0,0.0,0.0,0.0,0.0,0.0,0.0,0.0]",255,1,1,0,,0,,,"[NaN,NaN,NaN]","[NaN,NaN,NaN,NaN]","[NaN,NaN,NaN,NaN,NaN,NaN]",0.001052,551,0,[],null,[],0,,,82.308367,,0,,0,,
2026-08-12T14:30:27.909962+00:00,17803.193051171,depth_scale_10cm_outbound_retry_disarmed,0,"[0.0,0.0,0.0,0.0]",1,1,1,1,0.000000,837,13149100,1,0,0,1,0,1460973155,368,22727,3019,0,50,"[0.8165489435195923,-0.04869893938302994,0.02272696979343891,-0.5747692584991455]","[0.012680253945291042,0.006725801154971123,-0.0220054779201746]","[0.13888899981975555,-1.030040979385376,9.68372917175293]",-1.22567821,-0.0220054779,11.7465305,115116,"[0.0,0.0,0.0,0.0]","[0.0,0.0,0.0,0.0,0.0,0.0,0.0,0.0]","[0.0,0.0,0.0,0.0,0.0,0.0,0.0,0.0]",255,1,1,0,,0,,,"[NaN,NaN,NaN]","[NaN,NaN,NaN,NaN]","[NaN,NaN,NaN,NaN,NaN,NaN]",0.001926,552,0,[],null,[],0,,,85.546374,,0,,0,,
2026-08-12T14:30:27.960600+00:00,17803.243269185,depth_scale_10cm_outbound_retry_disarmed,0,"[0.0,0.0,0.0,0.0]",1,1,1,1,0.000000,838,13149150,1,0,0,1,0,1460973155,369,41918,3020,0,51,"[0.816116988658905,-0.04830697551369667,0.02262098528444767,-0.5754196643829346]","[0.01206357590854168,0.0048273541033267975,-0.02442181669175625]","[0.14844200015068054,-1.0276789665222168,9.683804512023926]",-1.22725916,-0.0244218167,11.7465305,115116,"[0.0,0.0,0.0,0.0]","[0.0,0.0,0.0,0.0,0.0,0.0,0.0,0.0]","[0.0,0.0,0.0,0.0,0.0,0.0,0.0,0.0]",255,1,1,0,,0,,,"[NaN,NaN,NaN]","[NaN,NaN,NaN,NaN]","[NaN,NaN,NaN,NaN,NaN,NaN]",0.001480,554,0,[],null,[],0,,,85.499495,,0,,0,,
2026-08-12T14:30:28.010457+00:00,17803.292852990,depth_scale_10cm_outbound_retry_disarmed,0,"[0.0,0.0,0.0,0.0]",1,1,1,1,0.000000,839,13149200,1,0,0,1,0,1460973155,370,20845,3021,0,49,"[0.8156686425209045,-0.04792897403240204,0.022539988160133362,-0.5760897397994995]","[0.01267833262681961,0.006086521781980991,-0.023217331618070602]","[0.16760000586509705,-1.0182549953460693,9.676689147949219]",-1.22889161,-0.0232173316,11.7465305,115116,"[0.0,0.0,0.0,0.0]","[0.0,0.0,0.0,0.0,0.0,0.0,0.0,0.0]","[0.0,0.0,0.0,0.0,0.0,0.0,0.0,0.0]",255,1,1,0,,0,,,"[NaN,NaN,NaN]","[NaN,NaN,NaN,NaN]","[NaN,NaN,NaN,NaN,NaN,NaN]",0.001804,555,0,[],null,[],0,,,84.252126,,0,,0,,
2026-08-12T14:30:28.059101+00:00,17803.341982539,depth_scale_10cm_outbound_retry_disarmed,0,"[0.0,0.0,0.0,0.0]",1,1,1,1,0.000000,840,13149250,1,0,0,1,0,1460973155,371,58161,3022,0,49,"[0.8152182698249817,-0.04754296690225601,0.022420983761548996,-0.5767635703086853]","[0.015110817737877369,0.004792272578924894,-0.025626253336668015]","[0.17229299247264862,-1.0130259990692139,9.705451965332031]",-1.23053026,-0.0256262533,11.7632647,115280,"[0.0,0.0,0.0,0.0]","[0.0,0.0,0.0,0.0,0.0,0.0,0.0,0.0]","[0.0,0.0,0.0,0.0,0.0,0.0,0.0,0.0]",255,1,1,0,,0,,,"[NaN,NaN,NaN]","[NaN,NaN,NaN,NaN]","[NaN,NaN,NaN,NaN,NaN,NaN]",0.000752,557,0,[],null,[],0,,,83.033784,,0,,0,,
2026-08-12T14:30:28.110926+00:00,17803.393194161,depth_scale_10cm_outbound_retry_disarmed,0,"[0.0,0.0,0.0,0.0]",1,1,1,1,0.000000,841,13149300,1,0,0,1,0,1460973155,372,44590,3023,0,52,"[0.814770519733429,-0.04709598049521446,0.022204995155334473,-0.5774407982826233]","[0.019964857026934624,0.0016415870049968362,-0.025541411712765694]","[0.1795250028371811,-0.9986270070075989,9.705323219299316]",-1.23216844,-0.0255414117,11.7632647,115280,"[0.0,0.0,0.0,0.0]","[0.0,0.0,0.0,0.0,0.0,0.0,0.0,0.0]","[0.0,0.0,0.0,0.0,0.0,0.0,0.0,0.0]",255,1,1,0,,0,,,"[NaN,NaN,NaN]","[NaN,NaN,NaN,NaN]","[NaN,NaN,NaN,NaN,NaN,NaN]",0.001987,558,0,[],null,[],0,,,83.002192,,0,,0,,
2026-08-12T14:30:28.211966+00:00,17803.493251948,depth_scale_10cm_outbound_retry_disarmed,0,"[0.0,0.0,0.0,0.0]",1,1,1,1,0.000000,843,13149400,1,0,0,1,0,1460973155,373,63727,3024,0,100,"[0.813913881778717,-0.04619097709655762,0.021405989304184914,-0.578750729560852]","[0.021143879741430283,-0.004589238669723272,-0.024200545623898506]","[0.23950700461864471,-0.9585970044136047,9.66704273223877]",-1.23530221,-0.0242005456,11.768877,115335,"[0.0,0.0,0.0,0.0]","[0.0,0.0,0.0,0.0,0.0,0.0,0.0,0.0]","[0.0,0.0,0.0,0.0,0.0,0.0,0.0,0.0]",239,1,1,0,,0,,,"[NaN,NaN,NaN]","[NaN,NaN,NaN,NaN]","[NaN,NaN,NaN,NaN,NaN,NaN]",0.000829,561,0,[],null,[],0,,,80.625226,,0,,0,,
2026-08-12T14:30:28.215664+00:00,17803.498839759,depth_scale_10cm_outbound_retry_disarmed,0,"[0.0,0.0,0.0,0.0]",1,1,1,1,0.003824,843,13149400,1,0,0,1,0,1460973155,373,63727,3024,0,100,"[0.813913881778717,-0.04619097709655762,0.021405989304184914,-0.578750729560852]","[0.021143879741430283,-0.004589238669723272,-0.024200545623898506]","[0.23950700461864471,-0.9585970044136047,9.66704273223877]",-1.23530221,-0.0242005456,11.768877,115335,"[0.0,0.0,0.0,0.0]","[0.0,0.0,0.0,0.0,0.0,0.0,0.0,0.0]","[0.0,0.0,0.0,0.0,0.0,0.0,0.0,0.0]",239,1,1,0,,0,,,"[NaN,NaN,NaN]","[NaN,NaN,NaN,NaN]","[NaN,NaN,NaN,NaN,NaN,NaN]",0.006417,561,0,[],null,[],0,,,80.625226,,0,,0,,
2026-08-12T14:30:28.260195+00:00,17803.542715090,depth_scale_10cm_outbound_retry_disarmed,0,"[0.0,0.0,0.0,0.0]",1,1,1,1,0.000000,844,13149450,1,0,0,1,0,1460973155,375,3745,3026,0,45,"[0.813520073890686,-0.0459049716591835,0.020947987213730812,-0.5793436169624329]","[0.01562589779496193,-0.00949057750403881,-0.019865145906805992]","[0.2634899914264679,-0.9322109818458557,9.669329643249512]",-1.2367121,-0.0198651459,11.7739792,115385,"[0.0,0.0,0.0,0.0]","[0.0,0.0,0.0,0.0,0.0,0.0,0.0,0.0]","[0.0,0.0,0.0,0.0,0.0,0.0,0.0,0.0]",239,1,1,0,,0,,,"[NaN,NaN,NaN]","[NaN,NaN,NaN,NaN]","[NaN,NaN,NaN,NaN,NaN,NaN]",0.001372,563,0,[],null,[],0,,,79.857511,,0,,0,,
2026-08-12T14:30:28.310242+00:00,17803.592968047,depth_scale_10cm_outbound_retry_disarmed,0,"[0.0,0.0,0.0,0.0]",1,1,1,1,0.000000,845,13149500,1,0,0,1,0,1460973155,376,4015,3027,0,50,"[0.8131789565086365,-0.045760974287986755,0.020498989149928093,-0.5798497200012207]","[0.0077014402486383915,-0.009385473094880581,-0.015632985159754753]","[0.2778559923171997,-0.9202139973640442,9.671717643737793]",-1.23791051,-0.0156329852,11.7739792,115385,"[0.0,0.0,0.0,0.0]","[0.0,0.0,0.0,0.0,0.0,0.0,0.0,0.0]","[0.0,0.0,0.0,0.0,0.0,0.0,0.0,0.0]",255,1,1,0,,0,,,"[NaN,NaN,NaN]","[NaN,NaN,NaN,NaN]","[NaN,NaN,NaN,NaN,NaN,NaN]",0.001684,564,0,[],null,[],0,,,81.511603,,0,,0,,
2026-08-12T14:30:28.358482+00:00,17803.641572964,depth_scale_10cm_outbound_retry_disarmed,0,"[0.0,0.0,0.0,0.0]",1,1,1,1,0.000000,846,13149550,1,0,0,1,0,1460973155,377,18557,3028,0,48,"[0.8128843903541565,-0.045796964317560196,0.020192982628941536,-0.580270528793335]","[-0.004487503319978714,-0.009245095774531364,-0.010815229266881943]","[0.28749001026153564,-0.9206609725952148,9.645447731018066]",-1.23891318,-0.0108152293,11.7770414,115415,"[0.0,0.0,0.0,0.0]","[0.0,0.0,0.0,0.0,0.0,0.0,0.0,0.0]","[0.0,0.0,0.0,0.0,0.0,0.0,0.0,0.0]",255,1,1,0,,0,,,"[NaN,NaN,NaN]","[NaN,NaN,NaN,NaN]","[NaN,NaN,NaN,NaN,NaN,NaN]",0.000477,566,0,[],null,[],0,,,79.324117,,0,,0,,
2026-08-12T14:30:28.410891+00:00,17803.693508719,depth_scale_10cm_outbound_retry_disarmed,0,"[0.0,0.0,0.0,0.0]",1,1,1,1,0.000000,847,13149600,1,0,0,1,0,1460973155,378,17962,3029,0,53,"[0.8126358389854431,-0.046045947819948196,0.020092977210879326,-0.5806023478507996]","[-0.012993453070521355,-0.005000246223062277,-0.008494849316775799]","[0.28099700808525085,-0.9282580018043518,9.671072006225586]",-1.23971605,-0.00849484932,11.7770414,115415,"[0.0,0.0,0.0,0.0]","[0.0,0.0,0.0,0.0,0.0,0.0,0.0,0.0]","[0.0,0.0,0.0,0.0,0.0,0.0,0.0,0.0]",255,1,1,0,,0,,,"[NaN,NaN,NaN]","[NaN,NaN,NaN,NaN]","[NaN,NaN,NaN,NaN,NaN,NaN]",0.002214,567,0,[],null,[],0,,,81.727391,,0,,0,,
2026-08-12T14:30:28.461221+00:00,17803.743402363,depth_scale_10cm_outbound_retry_disarmed,0,"[0.0,0.0,0.0,0.0]",1,1,1,1,0.000000,848,13149650,1,0,0,1,0,1460973155,379,36901,3030,0,50,"[0.8124225735664368,-0.046433981508016586,0.020206989720463753,-0.5808658003807068]","[-0.023946216329932213,-0.0019616454374045134,-0.0041289604268968105]","[0.26674801111221313,-0.925180971622467,9.658069610595703]",-1.24037087,-0.00412896043,11.7810202,115454,"[0.0,0.0,0.0,0.0]","[0.0,0.0,0.0,0.0,0.0,0.0,0.0,0.0]","[0.0,0.0,0.0,0.0,0.0,0.0,0.0,0.0]",255,1,1,0,,0,,,"[NaN,NaN,NaN]","[NaN,NaN,NaN,NaN]","[NaN,NaN,NaN,NaN,NaN,NaN]",0.001476,569,0,[],null,[],0,,,85.603754,,0,,0,,
2026-08-12T14:30:28.511310+00:00,17803.793476656,depth_scale_10cm_outbound_retry_disarmed,0,"[0.0,0.0,0.0,0.0]",1,1,1,1,0.000000,849,13149700,1,0,0,1,0,1460973155,380,57919,3031,0,50,"[0.8122473955154419,-0.047013960778713226,0.020596984773874283,-0.5810505151748657]","[-0.036112818866968155,0.0017035112250596285,-0.00018914134125225246]","[0.2585749924182892,-0.9610899686813354,9.667299270629883]",-1.24085796,-0.000189141341,11.7810202,115454,"[0.0,0.0,0.0,0.0]","[0.0,0.0,0.0,0.0,0.0,0.0,0.0,0.0]","[0.0,0.0,0.0,0.0,0.0,0.0,0.0,0.0]",191,1,1,0,,0,,,"[NaN,NaN,NaN]","[NaN,NaN,NaN,NaN]","[NaN,NaN,NaN,NaN,NaN,NaN]",0.002221,570,0,[],null,[],0,,,84.82191,,0,,0,,
2026-08-12T14:30:28.559950+00:00,17803.842569441,depth_scale_10cm_outbound_retry_disarmed,0,"[0.0,0.0,0.0,0.0]",1,1,1,1,0.000000,850,13149750,1,0,0,1,0,1460973155,381,64210,3032,0,49,"[0.8121044039726257,-0.04774995520710945,0.021257979795336723,-0.5811664462089539]","[-0.04583002254366875,0.007427283562719822,0.003320942632853985]","[0.25366899371147156,-0.9900059700012207,9.662870407104492]",-1.24120271,0.00332094263,11.7843876,115487,"[0.0,0.0,0.0,0.0]","[0.0,0.0,0.0,0.0,0.0,0.0,0.0,0.0]","[0.0,0.0,0.0,0.0,0.0,0.0,0.0,0.0]",191,1,1,0,,0,,,"[NaN,NaN,NaN]","[NaN,NaN,NaN,NaN]","[NaN,NaN,NaN,NaN,NaN,NaN]",0.000983,572,0,[],null,[],0,,,89.2144,,0,,0,,
2026-08-12T14:30:28.611228+00:00,17803.893382776,depth_scale_10cm_outbound_retry_disarmed,0,"[0.0,0.0,0.0,0.0]",1,1,1,1,0.000000,851,13149800,1,0,0,1,0,1460973155,382,56691,3033,0,51,"[0.8119849562644958,-0.04855794832110405,0.02214597538113594,-0.5812333226203918]","[-0.05188446864485741,0.013712738640606403,0.003784868633374572]","[0.23443499207496643,-1.0237040519714355,9.655948638916016]",-1.24145198,0.00378486863,11.7843876,115487,"[0.0,0.0,0.0,0.0]","[0.0,0.0,0.0,0.0,0.0,0.0,0.0,0.0]","[0.0,0.0,0.0,0.0,0.0,0.0,0.0,0.0]",191,1,1,0,,0,,,"[NaN,NaN,NaN]","[NaN,NaN,NaN,NaN]","[NaN,NaN,NaN,NaN,NaN,NaN]",0.002178,573,0,[],null,[],0,,,90.150002,,0,,0,,
2026-08-12T14:30:28.661115+00:00,17803.943318393,depth_scale_10cm_outbound_retry_disarmed,0,"[0.0,0.0,0.0,0.0]",1,1,1,1,0.000000,852,13149850,1,0,0,1,0,1460973155,383,13065,3034,0,50,"[0.8118664622306824,-0.04935598373413086,0.02321399375796318,-0.5812898874282837]","[-0.051864784210920334,0.017478913068771362,0.005552870221436024]","[0.20803600549697876,-1.0524109601974487,9.658466339111328]",-1.24169898,0.00555287022,11.7874489,115517,"[0.0,0.0,0.0,0.0]","[0.0,0.0,0.0,0.0,0.0,0.0,0.0,0.0]","[0.0,0.0,0.0,0.0,0.0,0.0,0.0,0.0]",187,1,1,0,,0,,,"[NaN,NaN,NaN]","[NaN,NaN,NaN,NaN]","[NaN,NaN,NaN,NaN,NaN,NaN]",0.002175,574,0,[],null,[],0,,,92.384246,,0,,0,,
2026-08-12T14:30:28.711190+00:00,17803.993366277,depth_scale_10cm_outbound_retry_disarmed,0,"[0.0,0.0,0.0,0.0]",1,1,1,1,0.000000,853,13149900,1,0,0,1,0,1460973155,384,14851,3035,0,50,"[0.8117407560348511,-0.0500209778547287,0.024310989305377007,-0.5813636779785156]","[-0.043715715408325195,0.0215597040951252,0.0034902223851531744]","[0.16872400045394897,-1.0859630107879639,9.707283973693848]",-1.24199688,0.00349022239,11.7874489,115517,"[0.0,0.0,0.0,0.0]","[0.0,0.0,0.0,0.0,0.0,0.0,0.0,0.0]","[0.0,0.0,0.0,0.0,0.0,0.0,0.0,0.0]",249,1,1,0,,0,,,"[NaN,NaN,NaN]","[NaN,NaN,NaN,NaN]","[NaN,NaN,NaN,NaN,NaN,NaN]",0.001506,576,0,[],null,[],0,,,91.702015,,0,,0,,
2026-08-12T14:30:28.760135+00:00,17804.042932152,depth_scale_10cm_outbound_retry_disarmed,0,"[0.0,0.0,0.0,0.0]",1,1,1,1,0.000000,854,13149950,1,0,0,1,0,1460973155,385,10717,3036,0,49,"[0.811609148979187,-0.05051296576857567,0.025395983830094337,-0.581458568572998]","[-0.03901252523064613,0.026707656681537628,0.001795839169062674]","[0.11680600047111511,-1.0986340045928955,9.754051208496094]",-1.24235141,0.00179583917,11.7875509,115518,"[0.0,0.0,0.0,0.0]","[0.0,0.0,0.0,0.0,0.0,0.0,0.0,0.0]","[0.0,0.0,0.0,0.0,0.0,0.0,0.0,0.0]",249,1,1,0,,0,,,"[NaN,NaN,NaN]","[NaN,NaN,NaN,NaN]","[NaN,NaN,NaN,NaN,NaN,NaN]",0.001027,578,0,[],null,[],0,,,90.567345,,0,,0,,
2026-08-12T14:30:28.810161+00:00,17804.093248911,depth_scale_10cm_outbound_retry_disarmed,0,"[0.0,0.0,0.0,0.0]",1,1,1,1,0.000000,855,13150000,1,0,0,1,0,1460973155,386,31958,3037,0,50,"[0.8114540576934814,-0.05085993558168411,0.026416968554258347,-0.5815992951393127]","[-0.03232943266630173,0.023529760539531708,0.0006688625435344875]","[0.09045100212097168,-1.1226040124893188,9.751702308654785]",-1.24281621,0.000668862544,11.7875509,115518,"[0.0,0.0,0.0,0.0]","[0.0,0.0,0.0,0.0,0.0,0.0,0.0,0.0]","[0.0,0.0,0.0,0.0,0.0,0.0,0.0,0.0]",253,1,1,0,,0,,,"[NaN,NaN,NaN]","[NaN,NaN,NaN,NaN]","[NaN,NaN,NaN,NaN,NaN,NaN]",0.002080,579,0,[],null,[],0,,,90.263901,,0,,0,,
2026-08-12T14:30:28.860929+00:00,17804.143505993,depth_scale_10cm_outbound_retry_disarmed,0,"[0.0,0.0,0.0,0.0]",1,1,1,1,0.000000,856,13150050,1,0,0,1,0,1460973155,387,27976,3038,0,51,"[0.8112804889678955,-0.051018983125686646,0.027318991720676422,-0.5817858576774597]","[-0.021335218101739883,0.027787281200289726,-0.0023993218783289194]","[0.07121600210666656,-1.1415389776229858,9.766151428222656]",-1.24338377,-0.00239932188,11.7875509,115518,"[0.0,0.0,0.0,0.0]","[0.0,0.0,0.0,0.0,0.0,0.0,0.0,0.0]","[0.0,0.0,0.0,0.0,0.0,0.0,0.0,0.0]",255,1,1,0,,0,,,"[NaN,NaN,NaN]","[NaN,NaN,NaN,NaN]","[NaN,NaN,NaN,NaN,NaN,NaN]",0.001476,581,0,[],null,[],0,,,89.230573,,0,,0,,
2026-08-12T14:30:28.911147+00:00,17804.193330720,depth_scale_10cm_outbound_retry_disarmed,0,"[0.0,0.0,0.0,0.0]",1,1,1,1,0.000000,857,13150100,1,0,0,1,0,1460973155,388,57526,3039,0,50,"[0.8110902309417725,-0.05088699236512184,0.027963995933532715,-0.5820319652557373]","[-0.005518661346286535,0.02391882985830307,-0.004071294330060482]","[0.06412100046873093,-1.1319210529327393,9.763529777526855]",-1.24406981,-0.00407129433,11.7887754,115530,"[0.0,0.0,0.0,0.0]","[0.0,0.0,0.0,0.0,0.0,0.0,0.0,0.0]","[0.0,0.0,0.0,0.0,0.0,0.0,0.0,0.0]",255,1,1,0,,0,,,"[NaN,NaN,NaN]","[NaN,NaN,NaN,NaN]","[NaN,NaN,NaN,NaN,NaN,NaN]",0.002174,582,0,[],null,[],0,,,87.973766,,0,,0,,
2026-08-12T14:30:28.961044+00:00,17804.243262849,depth_scale_10cm_outbound_retry_disarmed,0,"[0.0,0.0,0.0,0.0]",1,1,1,1,0.000000,858,13150150,1,0,0,1,0,1460973155,389,30358,3040,0,50,"[0.8108922839164734,-0.05053696036338806,0.028368981555104256,-0.5823186039924622]","[0.0029842164367437363,0.01948145218193531,-0.005165092647075653]","[0.052177999168634415,-1.126871943473816,9.775312423706055]",-1.24482727,-0.00516509265,11.7887754,115530,"[0.0,0.0,0.0,0.0]","[0.0,0.0,0.0,0.0,0.0,0.0,0.0,0.0]","[0.0,0.0,0.0,0.0,0.0,0.0,0.0,0.0]",255,1,1,0,,0,,,"[NaN,NaN,NaN]","[NaN,NaN,NaN,NaN]","[NaN,NaN,NaN,NaN,NaN,NaN]",0.001480,584,0,[],null,[],0,,,85.794868,,0,,0,,
2026-08-12T14:30:29.011097+00:00,17804.293290714,depth_scale_10cm_outbound_retry_disarmed,0,"[0.0,0.0,0.0,0.0]",1,1,1,1,0.000000,859,13150200,1,0,0,1,0,1460973155,390,4152,3041,0,50,"[0.8107100129127502,-0.05014997348189354,0.02855498529970646,-0.5825967192649841]","[0.011483359150588512,0.014420242980122566,-0.0062478082254529]","[0.15308000147342682,-1.0984840393066406,9.617732048034668]",-1.24553668,-0.00624780823,11.7804079,115448,"[0.0,0.0,0.0,0.0]","[0.0,0.0,0.0,0.0,0.0,0.0,0.0,0.0]","[0.0,0.0,0.0,0.0,0.0,0.0,0.0,0.0]",255,1,1,0,,0,,,"[NaN,NaN,NaN]","[NaN,NaN,NaN,NaN]","[NaN,NaN,NaN,NaN,NaN,NaN]",0.002140,585,0,[],null,[],0,,,85.108866,,0,,0,,
2026-08-12T14:30:29.061062+00:00,17804.343267489,depth_scale_10cm_outbound_retry_disarmed,0,"[0.0,0.0,0.0,0.0]",1,1,1,1,0.000000,860,13150250,1,0,0,1,0,1460973155,391,36990,3042,0,50,"[0.8105282783508301,-0.04968196898698807,0.02855597995221615,-0.5828895568847656]","[0.01631125435233116,0.006902690045535564,-0.00608556205406785]","[0.1578119993209839,-1.0909589529037476,9.639266014099121]",-1.24625909,-0.00608556205,11.7804079,115448,"[0.0,0.0,0.0,0.0]","[0.0,0.0,0.0,0.0,0.0,0.0,0.0,0.0]","[0.0,0.0,0.0,0.0,0.0,0.0,0.0,0.0]",95,1,1,0,,0,,,"[NaN,NaN,NaN]","[NaN,NaN,NaN,NaN]","[NaN,NaN,NaN,NaN,NaN,NaN]",0.001484,587,0,[],null,[],0,,,85.432231,,0,,0,,
2026-08-12T14:30:29.110333+00:00,17804.392789343,depth_scale_10cm_outbound_retry_disarmed,0,"[0.0,0.0,0.0,0.0]",1,1,1,1,0.000000,861,13150300,1,0,0,1,0,1460973155,392,51980,3043,0,49,"[0.8103629350662231,-0.04924997314810753,0.028357984498143196,-0.5831656455993652]","[0.01749027520418167,0.0006718470249325037,-0.004744695033878088]","[0.17693999409675598,-1.0937089920043945,9.622734069824219]",-1.24691522,-0.00474469503,11.7628565,115276,"[0.0,0.0,0.0,0.0]","[0.0,0.0,0.0,0.0,0.0,0.0,0.0,0.0]","[0.0,0.0,0.0,0.0,0.0,0.0,0.0,0.0]",95,1,1,0,,0,,,"[NaN,NaN,NaN]","[NaN,NaN,NaN,NaN]","[NaN,NaN,NaN,NaN,NaN,NaN]",0.001698,588,0,[],null,[],0,,,85.950885,,0,,0,,
2026-08-12T14:30:29.160893+00:00,17804.443159195,depth_scale_10cm_outbound_retry_disarmed,0,"[0.0,0.0,0.0,0.0]",1,1,1,1,0.000000,862,13150350,1,0,0,1,0,1460973155,393,19631,3044,0,51,"[0.8102126121520996,-0.048857953399419785,0.027942972257733345,-0.5834274291992188]","[0.02474522404372692,-0.008093684911727905,-0.00332265323959291]","[0.1736380010843277,-1.0882480144500732,9.664194107055664]",-1.24750924,-0.00332265324,11.7628565,115276,"[0.0,0.0,0.0,0.0]","[0.0,0.0,0.0,0.0,0.0,0.0,0.0,0.0]","[0.0,0.0,0.0,0.0,0.0,0.0,0.0,0.0]",95,1,1,0,,0,,,"[NaN,NaN,NaN]","[NaN,NaN,NaN,NaN]","[NaN,NaN,NaN,NaN,NaN,NaN]",0.000465,590,0,[],null,[],0,,,83.712393,,0,,0,,
2026-08-12T14:30:29.211260+00:00,17804.493387492,depth_scale_10cm_outbound_retry_disarmed,0,"[0.0,0.0,0.0,0.0]",1,1,1,1,0.000000,863,13150400,1,0,0,1,0,1460973155,394,15234,3045,0,50,"[0.8100852370262146,-0.048477962613105774,0.027318978682160378,-0.5836656093597412]","[0.02553245611488819,-0.012257866561412811,-0.0032440084032714367]","[0.1832440048456192,-1.0770909786224365,9.662543296813965]",-1.24802041,-0.0032440084,11.7454081,115105,"[0.0,0.0,0.0,0.0]","[0.0,0.0,0.0,0.0,0.0,0.0,0.0,0.0]","[0.0,0.0,0.0,0.0,0.0,0.0,0.0,0.0]",223,1,1,0,,0,,,"[NaN,NaN,NaN]","[NaN,NaN,NaN,NaN]","[NaN,NaN,NaN,NaN,NaN,NaN]",0.002193,591,0,[],null,[],0,,,82.100798,,0,,0,,
2026-08-12T14:30:29.259080+00:00,17804.542254762,depth_scale_10cm_outbound_retry_disarmed,0,"[0.0,0.0,0.0,0.0]",1,1,1,1,0.000000,864,13150450,1,0,0,1,0,1460973155,395,17349,3046,0,48,"[0.8099780082702637,-0.048170968890190125,0.02658398076891899,-0.5838736295700073]","[0.02711540088057518,-0.018691569566726685,-0.0012855222448706627]","[0.19116999208927155,-1.071282982826233,9.677740097045898]",-1.24844527,-0.00128552224,11.7454081,115105,"[0.0,0.0,0.0,0.0]","[0.0,0.0,0.0,0.0,0.0,0.0,0.0,0.0]","[0.0,0.0,0.0,0.0,0.0,0.0,0.0,0.0]",255,1,1,0,,0,,,"[NaN,NaN,NaN]","[NaN,NaN,NaN,NaN]","[NaN,NaN,NaN,NaN,NaN,NaN]",0.000402,593,0,[],null,[],0,,,81.720099,,0,,0,,
2026-08-12T14:30:29.309723+00:00,17804.592830647,depth_scale_10cm_outbound_retry_disarmed,0,"[0.0,0.0,0.0,0.0]",1,1,1,1,0.000000,865,13150500,1,0,0,1,0,1460973155,396,19861,3047,0,51,"[0.8098993897438049,-0.04791295900940895,0.025745978578925133,-0.5840415358543396]","[0.025272300466895103,-0.021167423576116562,-0.0006409198394976556]","[0.19595399498939514,-1.054137945175171,9.699132919311523]",-1.24876142,-0.000640919839,11.7454081,115105,"[0.0,0.0,0.0,0.0]","[0.0,0.0,0.0,0.0,0.0,0.0,0.0,0.0]","[0.0,0.0,0.0,0.0,0.0,0.0,0.0,0.0]",255,1,1,0,,0,,,"[NaN,NaN,NaN]","[NaN,NaN,NaN,NaN]","[NaN,NaN,NaN,NaN,NaN,NaN]",0.001658,594,0,[],null,[],0,,,85.047706,,0,,0,,
2026-08-12T14:30:29.360925+00:00,17804.643411088,depth_scale_10cm_outbound_retry_disarmed,0,"[0.0,0.0,0.0,0.0]",1,1,1,1,0.000000,866,13150550,1,0,0,1,0,1460973155,397,30845,3048,0,51,"[0.8098321557044983,-0.047777969390153885,0.024896983057260513,-0.584182620048523]","[0.018564091995358467,-0.021709436550736427,0.0023867550771683455]","[0.2126619964838028,-1.0518089532852173,9.699291229248047]",-1.24901223,0.00238675508,11.7330608,114984,"[0.0,0.0,0.0,0.0]","[0.0,0.0,0.0,0.0,0.0,0.0,0.0,0.0]","[0.0,0.0,0.0,0.0,0.0,0.0,0.0,0.0]",255,1,1,0,,0,,,"[NaN,NaN,NaN]","[NaN,NaN,NaN,NaN]","[NaN,NaN,NaN,NaN,NaN,NaN]",0.001565,596,0,[],null,[],0,,,86.920431,,0,,0,,
2026-08-12T14:30:29.411212+00:00,17804.693375976,depth_scale_10cm_outbound_retry_disarmed,0,"[0.0,0.0,0.0,0.0]",1,1,1,1,0.000000,867,13150600,1,0,0,1,0,1460973155,398,35502,3049,0,50,"[0.8098103404045105,-0.047795962542295456,0.02417798340320587,-0.5842415690422058]","[0.011250532232224941,-0.021623685956001282,0.005399699322879314]","[0.2151069939136505,-1.037315011024475,9.703902244567871]",-1.2490766,0.00539969932,11.7330608,114984,"[0.0,0.0,0.0,0.0]","[0.0,0.0,0.0,0.0,0.0,0.0,0.0,0.0]","[0.0,0.0,0.0,0.0,0.0,0.0,0.0,0.0]",255,1,1,0,,0,,,"[NaN,NaN,NaN]","[NaN,NaN,NaN,NaN]","[NaN,NaN,NaN,NaN,NaN,NaN]",0.002255,597,0,[],null,[],0,,,87.920134,,0,,0,,
2026-08-12T14:30:29.461167+00:00,17804.743383524,depth_scale_10cm_outbound_retry_disarmed,0,"[0.0,0.0,0.0,0.0]",1,1,1,1,0.000000,868,13150650,1,0,0,1,0,1460973155,399,30487,3050,0,50,"[0.8098123073577881,-0.047963958233594894,0.023603981360793114,-0.5842485427856445]","[-0.00011702432675519958,-0.02025631070137024,0.008977362886071205]","[0.19122299551963806,-1.0182009935379028,9.740128517150879]",-1.24902952,0.00897736289,11.7156124,114813,"[0.0,0.0,0.0,0.0]","[0.0,0.0,0.0,0.0,0.0,0.0,0.0,0.0]","[0.0,0.0,0.0,0.0,0.0,0.0,0.0,0.0]",255,1,1,0,,0,,,"[NaN,NaN,NaN]","[NaN,NaN,NaN,NaN]","[NaN,NaN,NaN,NaN,NaN,NaN]",0.002272,598,0,[],null,[],0,,,87.33841,,0,,0,,
2026-08-12T14:30:29.511247+00:00,17804.793392216,depth_scale_10cm_outbound_retry_disarmed,0,"[0.0,0.0,0.0,0.0]",1,1,1,1,0.000000,869,13150700,1,0,0,1,0,1460973155,400,37074,3051,0,50,"[0.8098573684692383,-0.048341963440179825,0.023289984092116356,-0.5841675400733948]","[-0.013099446892738342,-0.016991496086120605,0.013734886422753334]","[0.14568300545215607,-1.0211340188980103,9.796422004699707]",-1.24879313,0.0137348864,11.7156124,114813,"[0.0,0.0,0.0,0.0]","[0.0,0.0,0.0,0.0,0.0,0.0,0.0,0.0]","[0.0,0.0,0.0,0.0,0.0,0.0,0.0,0.0]",255,1,1,0,,0,,,"[NaN,NaN,NaN]","[NaN,NaN,NaN,NaN]","[NaN,NaN,NaN,NaN,NaN,NaN]",0.001577,600,0,[],null,[],0,,,85.305631,,0,,0,,
2026-08-12T14:30:29.589543+00:00,17804.871629794,depth_scale_10cm_outbound_retry_disarmed,0,"[0.0,0.0,0.0,0.0]",1,1,1,1,0.000000,870,13150750,1,0,0,1,0,1460973155,401,21566,3052,0,78,"[0.8099378943443298,-0.04889597371220589,0.023241989314556122,-0.5840116739273071]","[-0.0252520889043808,-0.011259712278842926,0.016618762165308]","[0.1361600011587143,-1.021162986755371,9.79151439666748]",-1.24839997,0.0166187622,11.7025509,114685,"[0.0,0.0,0.0,0.0]","[0.0,0.0,0.0,0.0,0.0,0.0,0.0,0.0]","[0.0,0.0,0.0,0.0,0.0,0.0,0.0,0.0]",255,1,1,0,,0,,,"[NaN,NaN,NaN]","[NaN,NaN,NaN,NaN]","[NaN,NaN,NaN,NaN,NaN,NaN]",0.001559,602,0,[],null,[],0,,,86.443184,,0,,0,,
2026-08-12T14:30:29.608771+00:00,17804.891907480,depth_scale_10cm_outbound_retry_disarmed,0,"[0.0,0.0,0.0,0.0]",1,1,1,1,0.000000,871,13150800,1,0,0,1,0,1460973155,401,21566,3052,0,78,"[0.8100602030754089,-0.04960399866104126,0.023524997755885124,-0.5837709903717041]","[-0.03801756724715233,-0.006147834938019514,0.019509989768266678]","[0.1313299983739853,-1.0356470346450806,9.786874771118164]",-1.24783289,0.0195099898,11.7025509,114685,"[0.0,0.0,0.0,0.0]","[0.0,0.0,0.0,0.0,0.0,0.0,0.0,0.0]","[0.0,0.0,0.0,0.0,0.0,0.0,0.0,0.0]",254,1,1,0,,0,,,"[NaN,NaN,NaN]","[NaN,NaN,NaN,NaN]","[NaN,NaN,NaN,NaN,NaN,NaN]",0.000743,603,0,[],null,[],0,,,87.252855,,0,,0,,
2026-08-12T14:30:29.661109+00:00,17804.943317606,depth_scale_10cm_outbound_retry_disarmed,0,"[0.0,0.0,0.0,0.0]",1,1,1,1,0.000000,872,13150850,1,0,0,1,0,1460973155,403,11101,3054,0,52,"[0.8102152943611145,-0.050474997609853745,0.024139998480677605,-0.5834559202194214]","[-0.053205348551273346,0.0014828492421656847,0.022953679785132408]","[0.11212100088596344,-1.0596129894256592,9.787006378173828]",-1.24711895,0.0229536798,11.6948977,114610,"[0.0,0.0,0.0,0.0]","[0.0,0.0,0.0,0.0,0.0,0.0,0.0,0.0]","[0.0,0.0,0.0,0.0,0.0,0.0,0.0,0.0]",254,1,1,0,,0,,,"[NaN,NaN,NaN]","[NaN,NaN,NaN,NaN]","[NaN,NaN,NaN,NaN,NaN,NaN]",0.001480,605,0,[],null,[],0,,,84.928416,,0,,0,,
2026-08-12T14:30:29.711110+00:00,17804.993324672,depth_scale_10cm_outbound_retry_disarmed,0,"[0.0,0.0,0.0,0.0]",1,1,1,1,0.000000,873,13150900,1,0,0,1,0,1460973155,404,56729,3055,0,50,"[0.8103950023651123,-0.05143393948674202,0.025067972019314766,-0.5830832719802856]","[-0.05681677162647247,0.009662648662924767,0.026456469669938087]","[0.10240600258111954,-1.0908019542694092,9.789752960205078]",-1.24630082,0.0264564697,11.6948977,114610,"[0.0,0.0,0.0,0.0]","[0.0,0.0,0.0,0.0,0.0,0.0,0.0,0.0]","[0.0,0.0,0.0,0.0,0.0,0.0,0.0,0.0]",254,1,1,0,,0,,,"[NaN,NaN,NaN]","[NaN,NaN,NaN,NaN]","[NaN,NaN,NaN,NaN,NaN,NaN]",0.002180,606,0,[],null,[],0,,,83.847055,,0,,0,,
2026-08-12T14:30:29.759921+00:00,17805.042939498,depth_scale_10cm_outbound_retry_disarmed,0,"[0.0,0.0,0.0,0.0]",1,1,1,1,0.000000,874,13150950,1,0,0,1,0,1460973155,405,42462,3056,0,49,"[0.8105867505073547,-0.05228997394442558,0.026153987273573875,-0.5826926827430725]","[-0.05311249941587448,0.017738688737154007,0.02551959455013275]","[0.09199099987745285,-1.1100950241088867,9.783519744873047]",-1.24546218,0.0255195946,11.679081,114455,"[0.0,0.0,0.0,0.0]","[0.0,0.0,0.0,0.0,0.0,0.0,0.0,0.0]","[0.0,0.0,0.0,0.0,0.0,0.0,0.0,0.0]",254,1,1,0,,0,,,"[NaN,NaN,NaN]","[NaN,NaN,NaN,NaN]","[NaN,NaN,NaN,NaN,NaN,NaN]",0.001796,607,0,[],null,[],0,,,84.087418,,0,,0,,
2026-08-12T14:30:29.810114+00:00,17805.092634745,depth_scale_10cm_outbound_retry_disarmed,0,"[0.0,0.0,0.0,0.0]",1,1,1,1,0.000000,875,13151000,1,0,0,1,0,1460973155,406,16084,3057,0,50,"[0.8107866644859314,-0.052934981882572174,0.02731998823583126,-0.5823027491569519]","[-0.04942184314131737,0.023963773623108864,0.026246435940265656]","[0.04719899967312813,-1.1382529735565186,9.816203117370605]",-1.24464202,0.0262464359,11.679081,114455,"[0.0,0.0,0.0,0.0]","[0.0,0.0,0.0,0.0,0.0,0.0,0.0,0.0]","[0.0,0.0,0.0,0.0,0.0,0.0,0.0,0.0]",255,1,1,0,,0,,,"[NaN,NaN,NaN]","[NaN,NaN,NaN,NaN]","[NaN,NaN,NaN,NaN,NaN,NaN]",0.001134,609,0,[],null,[],0,,,84.242687,,0,,0,,
2026-08-12T14:30:29.861027+00:00,17805.143338813,depth_scale_10cm_outbound_retry_disarmed,0,"[0.0,0.0,0.0,0.0]",1,1,1,1,0.000000,876,13151050,1,0,0,1,0,1460973155,407,57675,3058,0,51,"[0.8109338283538818,-0.0532679446041584,0.028283968567848206,-0.5820214152336121]","[-0.037208449095487595,0.028860416263341904,0.025008944794535637]","[0.09525000303983688,-1.149817943572998,9.704180717468262]",-1.24407029,0.0250089448,11.6835709,114499,"[0.0,0.0,0.0,0.0]","[0.0,0.0,0.0,0.0,0.0,0.0,0.0,0.0]","[0.0,0.0,0.0,0.0,0.0,0.0,0.0,0.0]",255,1,1,0,,0,,,"[NaN,NaN,NaN]","[NaN,NaN,NaN,NaN]","[NaN,NaN,NaN,NaN,NaN,NaN]",0.002183,610,0,[],null,[],0,,,83.46659,,0,,0,,
2026-08-12T14:30:29.911089+00:00,17805.193292748,depth_scale_10cm_outbound_retry_disarmed,0,"[0.0,0.0,0.0,0.0]",1,1,1,1,0.000000,877,13151100,1,0,0,1,0,1460973155,408,37615,3059,0,50,"[0.8111783862113953,-0.053316954523324966,0.02967897616326809,-0.5816065073013306]","[-0.017685996368527412,0.033709850162267685,0.02381575107574463]","[0.1742739975452423,-1.1662999391555786,9.594985961914062]",-1.24323285,0.0238157511,11.6835709,114499,"[0.0,0.0,0.0,0.0]","[0.0,0.0,0.0,0.0,0.0,0.0,0.0,0.0]","[0.0,0.0,0.0,0.0,0.0,0.0,0.0,0.0]",255,1,1,0,,0,,,"[NaN,NaN,NaN]","[NaN,NaN,NaN,NaN]","[NaN,NaN,NaN,NaN,NaN,NaN]",0.001498,612,0,[],null,[],0,,,82.499952,,0,,0,,
2026-08-12T14:30:29.961064+00:00,17805.243288376,depth_scale_10cm_outbound_retry_disarmed,0,"[0.0,0.0,0.0,0.0]",1,1,1,1,0.000000,878,13151150,1,0,0,1,0,1460973155,409,1231,3060,0,50,"[0.8113550543785095,-0.0530189648270607,0.03057798184454441,-0.5813406705856323]","[-0.006733760237693787,0.031112832948565483,0.021480659022927284]","[0.15518100559711456,-1.163696050643921,9.601923942565918]",-1.24270225,0.021480659,11.6774492,114439,"[0.0,0.0,0.0,0.0]","[0.0,0.0,0.0,0.0,0.0,0.0,0.0,0.0]","[0.0,0.0,0.0,0.0,0.0,0.0,0.0,0.0]",255,1,1,0,,0,,,"[NaN,NaN,NaN]","[NaN,NaN,NaN,NaN]","[NaN,NaN,NaN,NaN,NaN,NaN]",0.001490,614,0,[],null,[],0,,,82.637916,,0,,0,,
2026-08-12T14:30:30.010855+00:00,17805.293110407,depth_scale_10cm_outbound_retry_disarmed,0,"[0.0,0.0,0.0,0.0]",1,1,1,1,0.000000,879,13151200,1,0,0,1,0,1460973155,410,46419,3061,0,50,"[0.811538815498352,-0.05253594368696213,0.031210968270897865,-0.5810943841934204]","[0.005427363328635693,0.02727571129798889,0.020397961139678955]","[0.145579993724823,-1.1683160066604614,9.61147689819336]",-1.24218619,0.0203979611,11.6774492,114439,"[0.0,0.0,0.0,0.0]","[0.0,0.0,0.0,0.0,0.0,0.0,0.0,0.0]","[0.0,0.0,0.0,0.0,0.0,0.0,0.0,0.0]",255,1,1,0,,0,,,"[NaN,NaN,NaN]","[NaN,NaN,NaN,NaN]","[NaN,NaN,NaN,NaN,NaN,NaN]",0.001980,615,0,[],null,[],0,,,87.562823,,0,,0,,
2026-08-12T14:30:30.061247+00:00,17805.343427949,depth_scale_10cm_outbound_retry_disarmed,0,"[0.0,0.0,0.0,0.0]",1,1,1,1,0.000000,880,13151250,1,0,0,1,0,1460973155,411,52500,3062,0,50,"[0.8117036819458008,-0.05195694789290428,0.031537968665361404,-0.5808984041213989]","[0.013906818814575672,0.018448306247591972,0.017547225579619408]","[0.1385270059108734,-1.1588820219039917,9.596864700317383]",-1.24175239,0.0175472256,11.6774492,114439,"[0.0,0.0,0.0,0.0]","[0.0,0.0,0.0,0.0,0.0,0.0,0.0,0.0]","[0.0,0.0,0.0,0.0,0.0,0.0,0.0,0.0]",255,1,1,0,,0,,,"[NaN,NaN,NaN]","[NaN,NaN,NaN,NaN]","[NaN,NaN,NaN,NaN,NaN,NaN]",0.002318,616,0,[],null,[],0,,,86.60472,,0,,0,,
2026-08-12T14:30:30.111256+00:00,17805.393415467,depth_scale_10cm_outbound_retry_disarmed,0,"[0.0,0.0,0.0,0.0]",1,1,1,1,0.000000,881,13151300,1,0,0,1,0,1460973155,412,60837,3063,0,50,"[0.8118383288383484,-0.05141698569059372,0.03154599294066429,-0.5807578563690186]","[0.018092814832925797,0.004657725337892771,0.014759114943444729]","[0.13842099905014038,-1.1608840227127075,9.623279571533203]",-1.24141049,0.0147591149,11.6738768,114404,"[0.0,0.0,0.0,0.0]","[0.0,0.0,0.0,0.0,0.0,0.0,0.0,0.0]","[0.0,0.0,0.0,0.0,0.0,0.0,0.0,0.0]",255,1,1,0,,0,,,"[NaN,NaN,NaN]","[NaN,NaN,NaN,NaN]","[NaN,NaN,NaN,NaN,NaN,NaN]",0.001587,618,0,[],null,[],0,,,87.510822,,0,,0,,
2026-08-12T14:30:30.160087+00:00,17805.442827414,depth_scale_10cm_outbound_retry_disarmed,0,"[0.0,0.0,0.0,0.0]",1,1,1,1,0.000000,882,13151350,1,0,0,1,0,1460973155,413,65147,3064,0,49,"[0.8119442462921143,-0.050934966653585434,0.031188979744911194,-0.5806716084480286]","[0.026753123849630356,-0.008353041484951973,0.010148968547582626]","[0.13519300520420074,-1.1557409763336182,9.64395523071289]",-1.24115133,0.0101489685,11.6738768,114404,"[0.0,0.0,0.0,0.0]","[0.0,0.0,0.0,0.0,0.0,0.0,0.0,0.0]","[0.0,0.0,0.0,0.0,0.0,0.0,0.0,0.0]",255,1,1,0,,0,,,"[NaN,NaN,NaN]","[NaN,NaN,NaN,NaN]","[NaN,NaN,NaN,NaN,NaN,NaN]",0.001695,619,0,[],null,[],0,,,86.526578,,0,,0,,
2026-08-12T14:30:30.210262+00:00,17805.493422300,depth_scale_10cm_outbound_retry_disarmed,0,"[0.0,0.0,0.0,0.0]",1,1,1,1,0.000000,883,13151400,1,0,0,1,0,1460973155,414,14269,3065,0,50,"[0.8120264410972595,-0.0505109541118145,0.030475975945591927,-0.5806314945220947]","[0.030754536390304565,-0.018584074452519417,0.009131301194429398]","[0.14558100700378418,-1.1387920379638672,9.654221534729004]",-1.24095798,0.00913130119,11.6640806,114308,"[0.0,0.0,0.0,0.0]","[0.0,0.0,0.0,0.0,0.0,0.0,0.0,0.0]","[0.0,0.0,0.0,0.0,0.0,0.0,0.0,0.0]",255,1,1,0,,0,,,"[NaN,NaN,NaN]","[NaN,NaN,NaN,NaN]","[NaN,NaN,NaN,NaN,NaN,NaN]",0.001609,621,0,[],null,[],0,,,85.621621,,0,,0,,
2026-08-12T14:30:30.260732+00:00,17805.543392230,depth_scale_10cm_outbound_retry_disarmed,0,"[0.0,0.0,0.0,0.0]",1,1,1,1,0.000000,884,13151450,1,0,0,1,0,1460973155,415,9763,3066,0,51,"[0.8120829463005066,-0.050151970237493515,0.02948698401451111,-0.5806346535682678]","[0.03558783978223801,-0.02614789456129074,0.005624847020953894]","[0.1695770025253296,-1.124763011932373,9.635100364685059]",-1.24083638,0.00562484702,11.6640806,114308,"[0.0,0.0,0.0,0.0]","[0.0,0.0,0.0,0.0,0.0,0.0,0.0,0.0]","[0.0,0.0,0.0,0.0,0.0,0.0,0.0,0.0]",255,1,1,0,,0,,,"[NaN,NaN,NaN]","[NaN,NaN,NaN,NaN]","[NaN,NaN,NaN,NaN,NaN,NaN]",0.002289,622,0,[],null,[],0,,,84.600528,,0,,0,,
2026-08-12T14:30:30.311188+00:00,17805.593376139,depth_scale_10cm_outbound_retry_disarmed,0,"[0.0,0.0,0.0,0.0]",1,1,1,1,0.000000,885,13151500,1,0,0,1,0,1460973155,416,15930,3067,0,50,"[0.8121151924133301,-0.049846962094306946,0.02834697812795639,-0.580672562122345]","[0.034345339983701706,-0.03052235208451748,0.004471952561289072]","[0.18635299801826477,-1.1030449867248535,9.64456844329834]",-1.24078429,0.00447195256,11.6560202,114229,"[0.0,0.0,0.0,0.0]","[0.0,0.0,0.0,0.0,0.0,0.0,0.0,0.0]","[0.0,0.0,0.0,0.0,0.0,0.0,0.0,0.0]",255,1,1,0,,0,,,"[NaN,NaN,NaN]","[NaN,NaN,NaN,NaN]","[NaN,NaN,NaN,NaN,NaN,NaN]",0.001596,624,0,[],null,[],0,,,84.77523,,0,,0,,
2026-08-12T14:30:30.361167+00:00,17805.643335553,depth_scale_10cm_outbound_retry_disarmed,0,"[0.0,0.0,0.0,0.0]",1,1,1,1,0.000000,886,13151550,1,0,0,1,0,1460973155,417,24398,3068,0,50,"[0.8121322989463806,-0.049568962305784225,0.027194978669285774,-0.5807275772094727]","[0.0313018336892128,-0.029863422736525536,0.0056653390638530254]","[0.18403199315071106,-1.0860860347747803,9.6514892578125]",-1.24077737,0.00566533906,11.6560202,114229,"[0.0,0.0,0.0,0.0]","[0.0,0.0,0.0,0.0,0.0,0.0,0.0,0.0]","[0.0,0.0,0.0,0.0,0.0,0.0,0.0,0.0]",247,1,1,0,,0,,,"[NaN,NaN,NaN]","[NaN,NaN,NaN,NaN]","[NaN,NaN,NaN,NaN,NaN,NaN]",0.002250,625,0,[],null,[],0,,,88.679217,,0,,0,,
2026-08-12T14:30:30.411233+00:00,17805.693358574,depth_scale_10cm_outbound_retry_disarmed,0,"[0.0,0.0,0.0,0.0]",1,1,1,1,0.000000,887,13151600,1,0,0,1,0,1460973155,418,21113,3069,0,50,"[0.812145471572876,-0.04936695471405983,0.0261679757386446,-0.5807734727859497]","[0.025846196338534355,-0.025461124256253242,0.005554684903472662]","[0.17361299693584442,-1.0700960159301758,9.697510719299316]",-1.24076724,0.0055546849,11.6535711,114205,"[0.0,0.0,0.0,0.0]","[0.0,0.0,0.0,0.0,0.0,0.0,0.0,0.0]","[0.0,0.0,0.0,0.0,0.0,0.0,0.0,0.0]",247,1,1,0,,0,,,"[NaN,NaN,NaN]","[NaN,NaN,NaN,NaN]","[NaN,NaN,NaN,NaN,NaN,NaN]",0.001571,627,0,[],null,[],0,,,85.452313,,0,,0,,
2026-08-12T14:30:30.461119+00:00,17805.743317201,depth_scale_10cm_outbound_retry_disarmed,0,"[0.0,0.0,0.0,0.0]",1,1,1,1,0.000000,888,13151650,1,0,0,1,0,1460973155,419,38549,3070,0,50,"[0.8121437430381775,-0.04920194298028946,0.02529897168278694,-0.5808283686637878]","[0.020193740725517273,-0.02001779153943062,0.00542437843978405]","[0.1768610030412674,-1.060562014579773,9.692610740661621]",-1.2408011,0.00542437844,11.6535711,114205,"[0.0,0.0,0.0,0.0]","[0.0,0.0,0.0,0.0,0.0,0.0,0.0,0.0]","[0.0,0.0,0.0,0.0,0.0,0.0,0.0,0.0]",247,1,1,0,,0,,,"[NaN,NaN,NaN]","[NaN,NaN,NaN,NaN]","[NaN,NaN,NaN,NaN,NaN,NaN]",0.002180,628,0,[],null,[],0,,,86.879571,,0,,0,,
2026-08-12T14:30:30.509883+00:00,17805.792489444,depth_scale_10cm_outbound_retry_disarmed,0,"[0.0,0.0,0.0,0.0]",1,1,1,1,0.000000,889,13151700,1,0,0,1,0,1460973155,420,2792,3071,0,49,"[0.8121510744094849,-0.049004971981048584,0.024677984416484833,-0.5808616280555725]","[0.016190530732274055,-0.009771330282092094,0.007664944976568222]","[0.15998999774456024,-1.0531660318374634,9.751480102539062]",-1.24081278,0.00766494498,11.6493874,114164,"[0.0,0.0,0.0,0.0]","[0.0,0.0,0.0,0.0,0.0,0.0,0.0,0.0]","[0.0,0.0,0.0,0.0,0.0,0.0,0.0,0.0]",247,1,1,0,,0,,,"[NaN,NaN,NaN]","[NaN,NaN,NaN,NaN]","[NaN,NaN,NaN,NaN,NaN,NaN]",0.001061,630,0,[],null,[],0,,,85.051525,,0,,0,,
2026-08-12T14:30:30.561380+00:00,17805.843520076,depth_scale_10cm_outbound_retry_disarmed,0,"[0.0,0.0,0.0,0.0]",1,1,1,1,0.000000,890,13151750,1,0,0,1,0,1460973155,421,36171,3072,0,51,"[0.8121657967567444,-0.04875897616147995,0.024296987801790237,-0.5808777213096619]","[0.016240881755948067,-0.0016768251080065966,0.00629828218370676]","[0.15526600182056427,-1.0361230373382568,9.763167381286621]",-1.24081087,0.00629828218,11.6493874,114164,"[0.0,0.0,0.0,0.0]","[0.0,0.0,0.0,0.0,0.0,0.0,0.0,0.0]","[0.0,0.0,0.0,0.0,0.0,0.0,0.0,0.0]",255,1,1,0,,0,,,"[NaN,NaN,NaN]","[NaN,NaN,NaN,NaN]","[NaN,NaN,NaN,NaN,NaN,NaN]",0.002340,631,0,[],null,[],0,,,84.583599,,0,,0,,
2026-08-12T14:30:30.609921+00:00,17805.892530722,depth_scale_10cm_outbound_retry_disarmed,0,"[0.0,0.0,0.0,0.0]",1,1,1,1,0.000000,891,13151800,1,0,0,1,0,1460973155,422,7986,3073,0,49,"[0.8121619820594788,-0.048398979008197784,0.02409398928284645,-0.5809216499328613]","[0.010822577401995659,0.00896383635699749,0.006077044643461704]","[0.14803799986839294,-1.0382390022277832,9.779909133911133]",-1.24089849,0.00607704464,11.6486731,114157,"[0.0,0.0,0.0,0.0]","[0.0,0.0,0.0,0.0,0.0,0.0,0.0,0.0]","[0.0,0.0,0.0,0.0,0.0,0.0,0.0,0.0]",255,1,1,0,,0,,,"[NaN,NaN,NaN]","[NaN,NaN,NaN,NaN]","[NaN,NaN,NaN,NaN,NaN,NaN]",0.001003,633,0,[],null,[],0,,,85.787599,,0,,0,,
2026-08-12T14:30:30.661141+00:00,17805.943348097,depth_scale_10cm_outbound_retry_disarmed,0,"[0.0,0.0,0.0,0.0]",1,1,1,1,0.000000,892,13151850,1,0,0,1,0,1460973155,423,39057,3074,0,51,"[0.8121591210365295,-0.047930993139743805,0.024056995287537575,-0.5809659361839294]","[0.017548656091094017,0.013287471607327461,0.0060402704402804375]","[0.1505260020494461,-1.0337690114974976,9.758282661437988]",-1.24100626,0.00604027044,11.6486731,114157,"[0.0,0.0,0.0,0.0]","[0.0,0.0,0.0,0.0,0.0,0.0,0.0,0.0]","[0.0,0.0,0.0,0.0,0.0,0.0,0.0,0.0]",255,1,1,0,,0,,,"[NaN,NaN,NaN]","[NaN,NaN,NaN,NaN]","[NaN,NaN,NaN,NaN,NaN,NaN]",0.001492,635,0,[],null,[],0,,,88.025524,,0,,0,,
2026-08-12T14:30:30.711043+00:00,17805.993210880,depth_scale_10cm_outbound_retry_disarmed,0,"[0.0,0.0,0.0,0.0]",1,1,1,1,0.000000,893,13151900,1,0,0,1,0,1460973155,424,15367,3075,0,50,"[0.8121452927589417,-0.047222964465618134,0.024026980623602867,-0.5810445547103882]","[0.0261081550270319,0.018202563747763634,0.00437295762822032]","[0.11308500170707703,-1.011955976486206,9.809504508972168]",-1.24120069,0.00437295763,11.6323471,113997,"[0.0,0.0,0.0,0.0]","[0.0,0.0,0.0,0.0,0.0,0.0,0.0,0.0]","[0.0,0.0,0.0,0.0,0.0,0.0,0.0,0.0]",255,1,1,0,,0,,,"[NaN,NaN,NaN]","[NaN,NaN,NaN,NaN]","[NaN,NaN,NaN,NaN,NaN,NaN]",0.002085,636,0,[],null,[],0,,,91.218848,,0,,0,,
2026-08-12T14:30:30.759985+00:00,17806.042897743,depth_scale_10cm_outbound_retry_disarmed,0,"[0.0,0.0,0.0,0.0]",1,1,1,1,0.000000,894,13151950,1,0,0,1,0,1460973155,425,43559,3076,0,49,"[0.8121304512023926,-0.046318963170051575,0.023991979658603668,-0.5811395049095154]","[0.027957208454608917,0.021938947960734367,0.004725321661680937]","[0.06934600323438644,-0.9887419939041138,9.845443725585938]",-1.24143553,0.00472532166,11.6323471,113997,"[0.0,0.0,0.0,0.0]","[0.0,0.0,0.0,0.0,0.0,0.0,0.0,0.0]","[0.0,0.0,0.0,0.0,0.0,0.0,0.0,0.0]",255,1,1,0,,0,,,"[NaN,NaN,NaN]","[NaN,NaN,NaN,NaN]","[NaN,NaN,NaN,NaN,NaN,NaN]",0.001028,638,0,[],null,[],0,,,89.791598,,0,,0,,
2026-08-12T14:30:30.810370+00:00,17806.093397992,depth_scale_10cm_outbound_retry_disarmed,0,"[0.0,0.0,0.0,0.0]",1,1,1,1,0.000000,895,13152000,1,0,0,1,0,1460973155,426,58911,3077,0,50,"[0.8121143579483032,-0.04537699371576309,0.023975996300578117,-0.5812369585037231]","[0.02612995356321335,0.021950744092464447,0.004714238923043013]","[0.050464000552892685,-0.9673730134963989,9.820923805236816]",-1.24167848,0.00471423892,11.6323471,113997,"[0.0,0.0,0.0,0.0]","[0.0,0.0,0.0,0.0,0.0,0.0,0.0,0.0]","[0.0,0.0,0.0,0.0,0.0,0.0,0.0,0.0]",255,1,1,0,,0,,,"[NaN,NaN,NaN]","[NaN,NaN,NaN,NaN]","[NaN,NaN,NaN,NaN,NaN,NaN]",0.002266,639,0,[],null,[],0,,,93.626207,,0,,0,,
2026-08-12T14:30:30.860925+00:00,17806.143407335,depth_scale_10cm_outbound_retry_disarmed,0,"[0.0,0.0,0.0,0.0]",1,1,1,1,0.000000,896,13152050,1,0,0,1,0,1460973155,427,14720,3078,0,51,"[0.812110424041748,-0.044549986720085144,0.023989995941519737,-0.5813058018684387]","[0.021240517497062683,0.019502274692058563,0.0059518348425626755]","[0.03145499899983406,-0.9503740072250366,9.825252532958984]",-1.24185348,0.00595183484,11.6208162,113884,"[0.0,0.0,0.0,0.0]","[0.0,0.0,0.0,0.0,0.0,0.0,0.0,0.0]","[0.0,0.0,0.0,0.0,0.0,0.0,0.0,0.0]",255,1,1,0,,0,,,"[NaN,NaN,NaN]","[NaN,NaN,NaN,NaN]","[NaN,NaN,NaN,NaN,NaN,NaN]",0.001565,641,0,[],null,[],0,,,89.97704,,0,,0,,
2026-08-12T14:30:30.911202+00:00,17806.193364667,depth_scale_10cm_outbound_retry_disarmed,0,"[0.0,0.0,0.0,0.0]",1,1,1,1,0.000000,897,13152100,1,0,0,1,0,1460973155,428,46206,3079,0,50,"[0.8121041059494019,-0.043890971690416336,0.02401898428797722,-0.5813635587692261]","[0.012066892348229885,0.013322867453098297,0.006007022224366665]","[0.026739999651908875,-0.9333680272102356,9.834542274475098]",-1.24200177,0.00600702222,11.6208162,113884,"[0.0,0.0,0.0,0.0]","[0.0,0.0,0.0,0.0,0.0,0.0,0.0,0.0]","[0.0,0.0,0.0,0.0,0.0,0.0,0.0,0.0]",255,1,1,0,,0,,,"[NaN,NaN,NaN]","[NaN,NaN,NaN,NaN]","[NaN,NaN,NaN,NaN,NaN,NaN]",0.002261,642,0,[],null,[],0,,,94.02585,,0,,0,,
2026-08-12T14:30:30.961267+00:00,17806.243463876,depth_scale_10cm_outbound_retry_disarmed,0,"[0.0,0.0,0.0,0.0]",1,1,1,1,0.000000,898,13152150,1,0,0,1,0,1460973155,429,28818,3080,0,50,"[0.812102735042572,-0.04355495050549507,0.024098973721265793,-0.5813873410224915]","[0.0016882045892998576,0.009662107564508915,0.007233499549329281]","[0.02680400013923645,-0.9311820268630981,9.820119857788086]",-1.24207044,0.00723349955,11.6054087,113733,"[0.0,0.0,0.0,0.0]","[0.0,0.0,0.0,0.0,0.0,0.0,0.0,0.0]","[0.0,0.0,0.0,0.0,0.0,0.0,0.0,0.0]",255,1,1,0,,0,,,"[NaN,NaN,NaN]","[NaN,NaN,NaN,NaN]","[NaN,NaN,NaN,NaN,NaN,NaN]",0.002367,643,0,[],null,[],0,,,91.820805,,0,,0,,
2026-08-12T14:30:31.011024+00:00,17806.293237811,depth_scale_10cm_outbound_retry_disarmed,0,"[0.0,0.0,0.0,0.0]",1,1,1,1,0.000000,899,13152200,1,0,0,1,0,1460973155,430,37826,3081,0,50,"[0.8120743036270142,-0.04352797195315361,0.02418598160147667,-0.5814256072044373]","[-0.008097141049802303,0.0021978234872221947,0.004046022426337004]","[0.025949999690055847,-0.945684015750885,9.81552505493164]",-1.24217403,0.00404602243,11.6054087,113733,"[0.0,0.0,0.0,0.0]","[0.0,0.0,0.0,0.0,0.0,0.0,0.0,0.0]","[0.0,0.0,0.0,0.0,0.0,0.0,0.0,0.0]",255,1,1,0,,0,,,"[NaN,NaN,NaN]","[NaN,NaN,NaN,NaN]","[NaN,NaN,NaN,NaN,NaN,NaN]",0.001492,645,0,[],null,[],0,,,91.298222,,0,,0,,
2026-08-12T14:30:31.105213+00:00,17806.386532842,depth_scale_10cm_outbound_retry_disarmed,0,"[0.0,0.0,0.0,0.0]",1,1,1,1,0.000000,901,13152300,1,0,0,1,0,1460973155,431,32796,3082,0,93,"[0.8118255138397217,-0.04368596151471138,0.023909976705908775,-0.5817724466323853]","[0.013769339770078659,-0.011196077801287174,-0.0076139988377690315]","[0.03844499960541725,-0.986598014831543,9.818669319152832]",-1.24299574,-0.00761399884,11.5835714,113519,"[0.0,0.0,0.0,0.0]","[0.0,0.0,0.0,0.0,0.0,0.0,0.0,0.0]","[0.0,0.0,0.0,0.0,0.0,0.0,0.0,0.0]",255,1,1,0,,0,,,"[NaN,NaN,NaN]","[NaN,NaN,NaN,NaN]","[NaN,NaN,NaN,NaN,NaN,NaN]",0.000869,648,0,[],null,[],0,,,94.020102,,0,,0,,
2026-08-12T14:30:31.108074+00:00,17806.391598848,depth_scale_10cm_outbound_retry_disarmed,0,"[0.0,0.0,0.0,0.0]",1,1,1,1,0.003341,901,13152300,1,0,0,1,0,1460973155,431,32796,3082,0,93,"[0.8118255138397217,-0.04368596151471138,0.023909976705908775,-0.5817724466323853]","[0.013769339770078659,-0.011196077801287174,-0.0076139988377690315]","[0.03844499960541725,-0.986598014831543,9.818669319152832]",-1.24299574,-0.00761399884,11.5835714,113519,"[0.0,0.0,0.0,0.0]","[0.0,0.0,0.0,0.0,0.0,0.0,0.0,0.0]","[0.0,0.0,0.0,0.0,0.0,0.0,0.0,0.0]",255,1,1,0,,0,,,"[NaN,NaN,NaN]","[NaN,NaN,NaN,NaN]","[NaN,NaN,NaN,NaN,NaN,NaN]",0.005935,648,0,[],null,[],0,,,94.020102,,0,,0,,
2026-08-12T14:30:31.161142+00:00,17806.443380572,depth_scale_10cm_outbound_retry_disarmed,0,"[0.0,0.0,0.0,0.0]",1,1,1,1,0.000000,902,13152350,1,0,0,1,0,1460973155,433,61948,3084,0,53,"[0.8115596771240234,-0.04334895685315132,0.02329297736287117,-0.5821933746337891]","[0.033268142491579056,-0.012046035379171371,-0.015433632768690586]","[0.033844999969005585,-0.9577839970588684,9.813394546508789]",-1.24396634,-0.0154336328,11.5621424,113309,"[0.0,0.0,0.0,0.0]","[0.0,0.0,0.0,0.0,0.0,0.0,0.0,0.0]","[0.0,0.0,0.0,0.0,0.0,0.0,0.0,0.0]",255,1,1,0,,0,,,"[NaN,NaN,NaN]","[NaN,NaN,NaN,NaN]","[NaN,NaN,NaN,NaN,NaN,NaN]",0.002184,649,0,[],null,[],0,,,92.569714,,0,,0,,
2026-08-12T14:30:31.209228+00:00,17806.492074587,depth_scale_10cm_outbound_retry_disarmed,0,"[0.0,0.0,0.0,0.0]",1,1,1,1,0.000000,903,13152400,1,0,0,1,0,1460973155,434,22019,3085,0,48,"[0.8112210035324097,-0.04271797835826874,0.02243298664689064,-0.5827456116676331]","[0.0430300310254097,-0.010938397608697414,-0.021511182188987732]","[0.038839999586343765,-0.9267929792404175,9.79620361328125]",-1.24523854,-0.0215111822,11.5621424,113309,"[0.0,0.0,0.0,0.0]","[0.0,0.0,0.0,0.0,0.0,0.0,0.0,0.0]","[0.0,0.0,0.0,0.0,0.0,0.0,0.0,0.0]",255,1,1,0,,0,,,"[NaN,NaN,NaN]","[NaN,NaN,NaN,NaN]","[NaN,NaN,NaN,NaN,NaN,NaN]",0.000818,651,0,[],null,[],0,,,90.150513,,0,,0,,
2026-08-12T14:30:31.259570+00:00,17806.542468070,depth_scale_10cm_outbound_retry_disarmed,0,"[0.0,0.0,0.0,0.0]",1,1,1,1,0.000000,904,13152450,1,0,0,1,0,1460973155,435,49411,3086,0,51,"[0.8108209371566772,-0.04196097329258919,0.021513987332582474,-0.5833917260169983]","[0.04507886990904808,-0.008486995473504066,-0.02398892492055893]","[0.07410299777984619,-0.9101219773292542,9.743590354919434]",-1.24674034,-0.0239889249,11.5215302,112911,"[0.0,0.0,0.0,0.0]","[0.0,0.0,0.0,0.0,0.0,0.0,0.0,0.0]","[0.0,0.0,0.0,0.0,0.0,0.0,0.0,0.0]",255,1,1,0,,0,,,"[NaN,NaN,NaN]","[NaN,NaN,NaN,NaN]","[NaN,NaN,NaN,NaN,NaN,NaN]",0.001007,653,0,[],null,[],0,,,86.571858,,0,,0,,
2026-08-12T14:30:31.310849+00:00,17806.593299832,depth_scale_10cm_outbound_retry_disarmed,0,"[0.0,0.0,0.0,0.0]",1,1,1,1,0.000000,905,13152500,1,0,0,1,0,1460973155,436,35868,3087,0,51,"[0.8103756308555603,-0.041184987872838974,0.02075599506497383,-0.5840927362442017]","[0.034965891391038895,-0.0026297748554497957,-0.026599500328302383]","[0.06320200115442276,-0.8602129817008972,9.752326011657715]",-1.24839735,-0.0265995003,11.5215302,112911,"[0.0,0.0,0.0,0.0]","[0.0,0.0,0.0,0.0,0.0,0.0,0.0,0.0]","[0.0,0.0,0.0,0.0,0.0,0.0,0.0,0.0]",255,1,1,0,,0,,,"[NaN,NaN,NaN]","[NaN,NaN,NaN,NaN]","[NaN,NaN,NaN,NaN,NaN,NaN]",0.002156,654,0,[],null,[],0,,,88.439215,,0,,0,,
2026-08-12T14:30:31.361087+00:00,17806.643304787,depth_scale_10cm_outbound_retry_disarmed,0,"[0.0,0.0,0.0,0.0]",1,1,1,1,0.000000,906,13152550,1,0,0,1,0,1460973155,437,54093,3088,0,50,"[0.8099187016487122,-0.04070398211479187,0.020387990400195122,-0.5847727656364441]","[0.012033713981509209,-0.00016334536485373974,-0.024333344772458076]","[0.08236800134181976,-0.8655880093574524,9.721440315246582]",-1.25004065,-0.0243333448,11.4867344,112570,"[0.0,0.0,0.0,0.0]","[0.0,0.0,0.0,0.0,0.0,0.0,0.0,0.0]","[0.0,0.0,0.0,0.0,0.0,0.0,0.0,0.0]",255,1,1,0,,0,,,"[NaN,NaN,NaN]","[NaN,NaN,NaN,NaN]","[NaN,NaN,NaN,NaN,NaN,NaN]",0.002167,655,0,[],null,[],0,,,86.849553,,0,,0,,
2026-08-12T14:30:31.411292+00:00,17806.693401836,depth_scale_10cm_outbound_retry_disarmed,0,"[0.0,0.0,0.0,0.0]",1,1,1,1,0.000000,907,13152600,1,0,0,1,0,1460973155,438,25297,3089,0,50,"[0.8094556331634521,-0.04053798317909241,0.020369991660118103,-0.5854257345199585]","[-0.006197786424309015,0.0068168723955750465,-0.024565789848566055]","[0.09198500216007233,-0.8511999845504761,9.721339225769043]",-1.25164962,-0.0245657898,11.4867344,112570,"[0.0,0.0,0.0,0.0]","[0.0,0.0,0.0,0.0,0.0,0.0,0.0,0.0]","[0.0,0.0,0.0,0.0,0.0,0.0,0.0,0.0]",239,1,1,0,,0,,,"[NaN,NaN,NaN]","[NaN,NaN,NaN,NaN]","[NaN,NaN,NaN,NaN,NaN,NaN]",0.001479,657,0,[],null,[],0,,,88.728374,,0,,0,,
2026-08-12T14:30:31.461372+00:00,17806.743511563,depth_scale_10cm_outbound_retry_disarmed,0,"[0.0,0.0,0.0,0.0]",1,1,1,1,0.000000,908,13152650,1,0,0,1,0,1460973155,439,6806,3090,0,50,"[0.8089834451675415,-0.04068896546959877,0.020744983106851578,-0.5860545039176941]","[-0.02566874958574772,0.011363612487912178,-0.020481212064623833]","[0.07278899848461151,-0.872759997844696,9.721435546875]",-1.2532351,-0.0204812121,11.4487753,112198,"[0.0,0.0,0.0,0.0]","[0.0,0.0,0.0,0.0,0.0,0.0,0.0,0.0]","[0.0,0.0,0.0,0.0,0.0,0.0,0.0,0.0]",239,1,1,0,,0,,,"[NaN,NaN,NaN]","[NaN,NaN,NaN,NaN]","[NaN,NaN,NaN,NaN,NaN,NaN]",0.002197,658,0,[],null,[],0,,,88.319151,,0,,0,,
2026-08-12T14:30:31.511229+00:00,17806.793408894,depth_scale_10cm_outbound_retry_disarmed,0,"[0.0,0.0,0.0,0.0]",1,1,1,1,0.000000,909,13152700,1,0,0,1,0,1460973155,440,30897,3091,0,50,"[0.8085433840751648,-0.041076965630054474,0.02146398276090622,-0.5866085886955261]","[-0.037810202687978745,0.018966929987072945,-0.01763051375746727]","[0.09892799705266953,-0.8847609758377075,9.731508255004883]",-1.25466967,-0.0176305138,11.4487753,112198,"[0.0,0.0,0.0,0.0]","[0.0,0.0,0.0,0.0,0.0,0.0,0.0,0.0]","[0.0,0.0,0.0,0.0,0.0,0.0,0.0,0.0]",239,1,1,0,,0,,,"[NaN,NaN,NaN]","[NaN,NaN,NaN,NaN]","[NaN,NaN,NaN,NaN,NaN,NaN]",0.001471,660,0,[],null,[],0,,,87.822145,,0,,0,,
2026-08-12T14:30:31.558828+00:00,17806.841888251,depth_scale_10cm_outbound_retry_disarmed,0,"[0.0,0.0,0.0,0.0]",1,1,1,1,0.000000,910,13152750,1,0,0,1,0,1460973155,441,246,3092,0,48,"[0.8081493377685547,-0.041583966463804245,0.02250698395073414,-0.5870765447616577]","[-0.04243675619363785,0.027153275907039642,-0.014133886434137821]","[0.12358299642801285,-0.9144359827041626,9.686651229858398]",-1.25592601,-0.0141338864,11.417551,111892,"[0.0,0.0,0.0,0.0]","[0.0,0.0,0.0,0.0,0.0,0.0,0.0,0.0]","[0.0,0.0,0.0,0.0,0.0,0.0,0.0,0.0]",255,1,1,0,,0,,,"[NaN,NaN,NaN]","[NaN,NaN,NaN,NaN]","[NaN,NaN,NaN,NaN,NaN,NaN]",0.000824,661,0,[],null,[],0,,,86.519461,,0,,0,,
2026-08-12T14:30:31.609104+00:00,17806.891937259,depth_scale_10cm_outbound_retry_disarmed,0,"[0.0,0.0,0.0,0.0]",1,1,1,1,0.000000,911,13152800,1,0,0,1,0,1460973155,442,3745,3093,0,50,"[0.8077870011329651,-0.04212997853755951,0.023762986063957214,-0.5874866843223572]","[-0.05724088475108147,0.031038306653499603,-0.010621393099427223]","[0.16342900693416595,-0.9150220155715942,9.660730361938477]",-1.25706661,-0.0106213931,11.417551,111892,"[0.0,0.0,0.0,0.0]","[0.0,0.0,0.0,0.0,0.0,0.0,0.0,0.0]","[0.0,0.0,0.0,0.0,0.0,0.0,0.0,0.0]",255,1,1,0,,0,,,"[NaN,NaN,NaN]","[NaN,NaN,NaN,NaN]","[NaN,NaN,NaN,NaN,NaN,NaN]",0.000797,663,0,[],null,[],0,,,89.181687,,0,,0,,
2026-08-12T14:30:31.659039+00:00,17806.942184212,depth_scale_10cm_outbound_retry_disarmed,0,"[0.0,0.0,0.0,0.0]",1,1,1,1,0.000000,912,13152850,1,0,0,1,0,1460973155,443,43175,3094,0,50,"[0.8074661493301392,-0.042777977883815765,0.025254987180233,-0.5878186225891113]","[-0.05661392584443092,0.034815967082977295,-0.007626791950315237]","[0.1537349969148636,-0.9586049914360046,9.639670372009277]",-1.25804591,-0.00762679195,11.417551,111892,"[0.0,0.0,0.0,0.0]","[0.0,0.0,0.0,0.0,0.0,0.0,0.0,0.0]","[0.0,0.0,0.0,0.0,0.0,0.0,0.0,0.0]",255,1,1,0,,0,,,"[NaN,NaN,NaN]","[NaN,NaN,NaN,NaN]","[NaN,NaN,NaN,NaN,NaN,NaN]",0.001011,664,0,[],null,[],0,,,86.820571,,0,,0,,
2026-08-12T14:30:31.709795+00:00,17806.993005268,depth_scale_10cm_outbound_retry_disarmed,0,"[0.0,0.0,0.0,0.0]",1,1,1,1,0.000000,913,13152900,1,0,0,1,0,1460973155,444,7036,3095,0,51,"[0.8071646094322205,-0.04335598275065422,0.026734989136457443,-0.5881247520446777]","[-0.053570300340652466,0.034811727702617645,-0.006385409273207188]","[0.1512099951505661,-0.9752119779586792,9.654278755187988]",-1.25896883,-0.00638540927,11.4013262,111733,"[0.0,0.0,0.0,0.0]","[0.0,0.0,0.0,0.0,0.0,0.0,0.0,0.0]","[0.0,0.0,0.0,0.0,0.0,0.0,0.0,0.0]",255,1,1,0,,0,,,"[NaN,NaN,NaN]","[NaN,NaN,NaN,NaN]","[NaN,NaN,NaN,NaN,NaN,NaN]",0.001264,666,0,[],null,[],0,,,85.574496,,0,,0,,
2026-08-12T14:30:31.760208+00:00,17807.043235532,depth_scale_10cm_outbound_retry_disarmed,0,"[0.0,0.0,0.0,0.0]",1,1,1,1,0.000000,914,13152950,1,0,0,1,0,1460973155,445,45657,3096,0,50,"[0.8068727850914001,-0.043841954320669174,0.028103969991207123,-0.5884253978729248]","[-0.04445730522274971,0.031017398461699486,-0.005652214400470257]","[0.1295430064201355,-1.006235957145691,9.664081573486328]",-1.25987339,-0.0056522144,11.4013262,111733,"[0.0,0.0,0.0,0.0]","[0.0,0.0,0.0,0.0,0.0,0.0,0.0,0.0]","[0.0,0.0,0.0,0.0,0.0,0.0,0.0,0.0]",191,1,1,0,,0,,,"[NaN,NaN,NaN]","[NaN,NaN,NaN,NaN]","[NaN,NaN,NaN,NaN,NaN,NaN]",0.002134,667,0,[],null,[],0,,,83.702985,,0,,0,,
2026-08-12T14:30:31.808995+00:00,17807.091928495,depth_scale_10cm_outbound_retry_disarmed,0,"[0.0,0.0,0.0,0.0]",1,1,1,1,0.000000,915,13153000,1,0,0,1,0,1460973155,446,27164,3097,0,49,"[0.8066039085388184,-0.04423798248171806,0.029122987762093544,-0.5887147188186646]","[-0.03843274340033531,0.019741227850317955,-0.00602768687531352]","[0.1249219998717308,-0.9847130179405212,9.6541166305542]",-1.26071346,-0.00602768688,11.39153,111637,"[0.0,0.0,0.0,0.0]","[0.0,0.0,0.0,0.0,0.0,0.0,0.0,0.0]","[0.0,0.0,0.0,0.0,0.0,0.0,0.0,0.0]",191,1,1,0,,0,,,"[NaN,NaN,NaN]","[NaN,NaN,NaN,NaN]","[NaN,NaN,NaN,NaN,NaN,NaN]",0.000725,669,0,[],null,[],0,,,81.634083,,0,,0,,
2026-08-12T14:30:31.859981+00:00,17807.142643709,depth_scale_10cm_outbound_retry_disarmed,0,"[0.0,0.0,0.0,0.0]",1,1,1,1,0.000000,916,13153050,1,0,0,1,0,1460973155,447,61151,3098,0,51,"[0.8063352704048157,-0.044837966561317444,0.0299149788916111,-0.5889976024627686]","[-0.037287741899490356,0.00724369240924716,-0.006818216759711504]","[0.11826500296592712,-1.044914960861206,9.648529052734375]",-1.26151204,-0.00681821676,11.39153,111637,"[0.0,0.0,0.0,0.0]","[0.0,0.0,0.0,0.0,0.0,0.0,0.0,0.0]","[0.0,0.0,0.0,0.0,0.0,0.0,0.0,0.0]",191,1,1,0,,0,,,"[NaN,NaN,NaN]","[NaN,NaN,NaN,NaN]","[NaN,NaN,NaN,NaN,NaN,NaN]",0.001426,670,0,[],null,[],0,,,85.70808,,0,,0,,
2026-08-12T14:30:31.911084+00:00,17807.193307925,depth_scale_10cm_outbound_retry_disarmed,0,"[0.0,0.0,0.0,0.0]",1,1,1,1,0.000000,917,13153100,1,0,0,1,0,1460973155,448,53552,3099,0,51,"[0.806046724319458,-0.045453980565071106,0.0303339883685112,-0.5893236994743347]","[-0.028811704367399216,-0.0022100929636508226,-0.009861703962087631]","[0.12466699630022049,-1.03774094581604,9.647697448730469]",-1.26237154,-0.00986170396,11.3815298,111539,"[0.0,0.0,0.0,0.0]","[0.0,0.0,0.0,0.0,0.0,0.0,0.0,0.0]","[0.0,0.0,0.0,0.0,0.0,0.0,0.0,0.0]",187,1,1,0,,0,,,"[NaN,NaN,NaN]","[NaN,NaN,NaN,NaN]","[NaN,NaN,NaN,NaN,NaN,NaN]",0.001473,672,0,[],null,[],0,,,84.117606,,0,,0,,
2026-08-12T14:30:31.959014+00:00,17807.241941132,depth_scale_10cm_outbound_retry_disarmed,0,"[0.0,0.0,0.0,0.0]",1,1,1,1,0.000000,918,13153150,1,0,0,1,0,1460973155,449,671,3100,0,48,"[0.8057606816291809,-0.046177953481674194,0.03047197312116623,-0.5896514654159546]","[-0.031335849314928055,-0.017181962728500366,-0.010833973996341228]","[0.12466699630022049,-1.0426609516143799,9.640572547912598]",-1.26319909,-0.010833974,11.3815298,111539,"[0.0,0.0,0.0,0.0]","[0.0,0.0,0.0,0.0,0.0,0.0,0.0,0.0]","[0.0,0.0,0.0,0.0,0.0,0.0,0.0,0.0]",249,1,1,0,,0,,,"[NaN,NaN,NaN]","[NaN,NaN,NaN,NaN]","[NaN,NaN,NaN,NaN,NaN,NaN]",0.001072,673,0,[],null,[],0,,,82.699251,,0,,0,,
2026-08-12T14:30:32.011058+00:00,17807.293297273,depth_scale_10cm_outbound_retry_disarmed,0,"[0.0,0.0,0.0,0.0]",1,1,1,1,0.000000,919,13153200,1,0,0,1,0,1460973155,450,24068,3101,0,52,"[0.8054768443107605,-0.0471019521355629,0.03046596609055996,-0.589966356754303]","[-0.028946110978722572,-0.024668363854289055,-0.009463594295084476]","[0.12927599251270294,-1.0764319896697998,9.636324882507324]",-1.2639755,-0.0094635943,11.379796,111522,"[0.0,0.0,0.0,0.0]","[0.0,0.0,0.0,0.0,0.0,0.0,0.0,0.0]","[0.0,0.0,0.0,0.0,0.0,0.0,0.0,0.0]",249,1,1,0,,0,,,"[NaN,NaN,NaN]","[NaN,NaN,NaN,NaN]","[NaN,NaN,NaN,NaN,NaN,NaN]",0.001474,675,0,[],null,[],0,,,86.032459,,0,,0,,
2026-08-12T14:30:32.061075+00:00,17807.343258343,depth_scale_10cm_outbound_retry_disarmed,0,"[0.0,0.0,0.0,0.0]",1,1,1,1,0.000000,920,13153250,1,0,0,1,0,1460973155,451,9507,3102,0,50,"[0.8052002787590027,-0.04795496538281441,0.030243977904319763,-0.5902865529060364]","[-0.02043202891945839,-0.02723422273993492,-0.010590570978820324]","[0.1412689983844757,-1.0767799615859985,9.617277145385742]",-1.26473689,-0.010590571,11.379796,111522,"[0.0,0.0,0.0,0.0]","[0.0,0.0,0.0,0.0,0.0,0.0,0.0,0.0]","[0.0,0.0,0.0,0.0,0.0,0.0,0.0,0.0]",253,1,1,0,,0,,,"[NaN,NaN,NaN]","[NaN,NaN,NaN,NaN]","[NaN,NaN,NaN,NaN,NaN,NaN]",0.002149,676,0,[],null,[],0,,,85.276104,,0,,0,,
2026-08-12T14:30:32.111112+00:00,17807.393345460,depth_scale_10cm_outbound_retry_disarmed,0,"[0.0,0.0,0.0,0.0]",1,1,1,1,0.000000,921,13153300,1,0,0,1,0,1460973155,452,22329,3103,0,50,"[0.8049415946006775,-0.04871595278382301,0.029898973181843758,-0.5905944108963013]","[-0.013937554322183132,-0.02747383899986744,-0.009732217527925968]","[0.12589000165462494,-1.0976749658584595,9.662185668945312]",-1.26545167,-0.00973221753,11.3874493,111597,"[0.0,0.0,0.0,0.0]","[0.0,0.0,0.0,0.0,0.0,0.0,0.0,0.0]","[0.0,0.0,0.0,0.0,0.0,0.0,0.0,0.0]",255,1,1,0,,0,,,"[NaN,NaN,NaN]","[NaN,NaN,NaN,NaN]","[NaN,NaN,NaN,NaN,NaN,NaN]",0.001480,678,0,[],null,[],0,,,83.502959,,0,,0,,
2026-08-12T14:30:32.159421+00:00,17807.442583004,depth_scale_10cm_outbound_retry_disarmed,0,"[0.0,0.0,0.0,0.0]",1,1,1,1,0.000000,922,13153350,1,0,0,1,0,1460973155,453,28952,3104,0,48,"[0.8047140836715698,-0.049295973032712936,0.029455984011292458,-0.5908786654472351]","[-0.006215606350451708,-0.02627083845436573,-0.00929991714656353]","[0.1338150054216385,-1.1090830564498901,9.652849197387695]",-1.26609612,-0.00929991715,11.3874493,111597,"[0.0,0.0,0.0,0.0]","[0.0,0.0,0.0,0.0,0.0,0.0,0.0,0.0]","[0.0,0.0,0.0,0.0,0.0,0.0,0.0,0.0]",255,1,1,0,,0,,,"[NaN,NaN,NaN]","[NaN,NaN,NaN,NaN]","[NaN,NaN,NaN,NaN,NaN,NaN]",0.001470,679,0,[],null,[],0,,,82.278321,,0,,0,,
2026-08-12T14:30:32.208587+00:00,17807.491661389,depth_scale_10cm_outbound_retry_disarmed,0,"[0.0,0.0,0.0,0.0]",1,1,1,1,0.000000,923,13153400,1,0,0,1,0,1460973155,454,43133,3105,0,50,"[0.8045042157173157,-0.049586936831474304,0.028923962265253067,-0.5911662578582764]","[0.008219453506171703,-0.022382084280252457,-0.0068367342464625835]","[0.11704400181770325,-1.0996609926223755,9.686902046203613]",-1.26673937,-0.00683673425,11.3948975,111670,"[0.0,0.0,0.0,0.0]","[0.0,0.0,0.0,0.0,0.0,0.0,0.0,0.0]","[0.0,0.0,0.0,0.0,0.0,0.0,0.0,0.0]",255,1,1,0,,0,,,"[NaN,NaN,NaN]","[NaN,NaN,NaN,NaN]","[NaN,NaN,NaN,NaN,NaN,NaN]",0.000543,681,0,[],null,[],0,,,85.640694,,0,,0,,
2026-08-12T14:30:32.260559+00:00,17807.543389104,depth_scale_10cm_outbound_retry_disarmed,0,"[0.0,0.0,0.0,0.0]",1,1,1,1,0.000000,924,13153450,1,0,0,1,0,1460973155,455,60207,3106,0,52,"[0.804326057434082,-0.049670979380607605,0.028386985883116722,-0.5914276838302612]","[0.010683858767151833,-0.017391683533787727,-0.005687521770596504]","[0.11931400001049042,-1.1065579652786255,9.7086181640625]",-1.26731896,-0.00568752177,11.3948975,111670,"[0.0,0.0,0.0,0.0]","[0.0,0.0,0.0,0.0,0.0,0.0,0.0,0.0]","[0.0,0.0,0.0,0.0,0.0,0.0,0.0,0.0]",127,1,1,0,,0,,,"[NaN,NaN,NaN]","[NaN,NaN,NaN,NaN]","[NaN,NaN,NaN,NaN,NaN,NaN]",0.002147,682,0,[],null,[],0,,,84.185226,,0,,0,,
2026-08-12T14:30:32.309045+00:00,17807.591965566,depth_scale_10cm_outbound_retry_disarmed,0,"[0.0,0.0,0.0,0.0]",1,1,1,1,0.000000,925,13153500,1,0,0,1,0,1460973155,456,56036,3107,0,48,"[0.8041729927062988,-0.049535974860191345,0.02786998264491558,-0.5916717052459717]","[0.01742487959563732,-0.010572698898613453,-0.0057685403153300285]","[0.1194159984588623,-1.092236042022705,9.701212882995605]",-1.26786005,-0.00576854032,11.4135714,111853,"[0.0,0.0,0.0,0.0]","[0.0,0.0,0.0,0.0,0.0,0.0,0.0,0.0]","[0.0,0.0,0.0,0.0,0.0,0.0,0.0,0.0]",95,1,1,0,,0,,,"[NaN,NaN,NaN]","[NaN,NaN,NaN,NaN]","[NaN,NaN,NaN,NaN,NaN,NaN]",0.000728,684,0,[],null,[],0,,,84.591673,,0,,0,,
2026-08-12T14:30:32.361312+00:00,17807.643545881,depth_scale_10cm_outbound_retry_disarmed,0,"[0.0,0.0,0.0,0.0]",1,1,1,1,0.000000,926,13153550,1,0,0,1,0,1460973155,457,51226,3108,0,52,"[0.8040603995323181,-0.04920295625925064,0.027374977245926857,-0.5918754935264587]","[0.02048637717962265,-0.006795335095375776,-0.0015362564008682966]","[0.12907999753952026,-1.0706679821014404,9.69860553741455]",-1.26830626,-0.0015362564,11.4135714,111853,"[0.0,0.0,0.0,0.0]","[0.0,0.0,0.0,0.0,0.0,0.0,0.0,0.0]","[0.0,0.0,0.0,0.0,0.0,0.0,0.0,0.0]",95,1,1,0,,0,,,"[NaN,NaN,NaN]","[NaN,NaN,NaN,NaN]","[NaN,NaN,NaN,NaN,NaN,NaN]",0.000099,686,0,[],null,[],0,,,86.690862,,0,,0,,
2026-08-12T14:30:32.410828+00:00,17807.693070827,depth_scale_10cm_outbound_retry_disarmed,0,"[0.0,0.0,0.0,0.0]",1,1,1,1,0.000000,927,13153600,1,0,0,1,0,1460973155,458,46759,3109,0,50,"[0.8039814829826355,-0.0488099530339241,0.027018975466489792,-0.5920314788818359]","[0.017886605113744736,0.0003150144766550511,0.00015674802125431597]","[0.09553699940443039,-1.0673999786376953,9.744550704956055]",-1.26865196,0.000156748021,11.4135714,111853,"[0.0,0.0,0.0,0.0]","[0.0,0.0,0.0,0.0,0.0,0.0,0.0,0.0]","[0.0,0.0,0.0,0.0,0.0,0.0,0.0,0.0]",95,1,1,0,,0,,,"[NaN,NaN,NaN]","[NaN,NaN,NaN,NaN]","[NaN,NaN,NaN,NaN,NaN,NaN]",0.001805,687,0,[],null,[],0,,,90.848339,,0,,0,,
2026-08-12T14:30:32.459368+00:00,17807.742284973,depth_scale_10cm_outbound_retry_disarmed,0,"[0.0,0.0,0.0,0.0]",1,1,1,1,0.000000,928,13153650,1,0,0,1,0,1460973155,459,52960,3110,0,48,"[0.803919792175293,-0.04839497432112694,0.02676798775792122,-0.592160701751709]","[0.016278110444545746,0.00390686746686697,0.0037529468536376953]","[0.07151799649000168,-1.0665689706802368,9.7914400100708]",-1.26894462,0.00375294685,11.429184,112006,"[0.0,0.0,0.0,0.0]","[0.0,0.0,0.0,0.0,0.0,0.0,0.0,0.0]","[0.0,0.0,0.0,0.0,0.0,0.0,0.0,0.0]",223,1,1,0,,0,,,"[NaN,NaN,NaN]","[NaN,NaN,NaN,NaN]","[NaN,NaN,NaN,NaN,NaN,NaN]",0.001000,688,0,[],null,[],0,,,88.797399,,0,,0,,
2026-08-12T14:30:32.508792+00:00,17807.791807272,depth_scale_10cm_outbound_retry_disarmed,0,"[0.0,0.0,0.0,0.0]",1,1,1,1,0.000000,929,13153700,1,0,0,1,0,1460973155,460,49328,3111,0,50,"[0.8038609027862549,-0.047912973910570145,0.026594985276460648,-0.5922877192497253]","[0.015698766335844994,0.008246838115155697,0.0012260240036994219]","[0.06677799671888351,-1.0592939853668213,9.79367733001709]",-1.26924169,0.001226024,11.429184,112006,"[0.0,0.0,0.0,0.0]","[0.0,0.0,0.0,0.0,0.0,0.0,0.0,0.0]","[0.0,0.0,0.0,0.0,0.0,0.0,0.0,0.0]",255,1,1,0,,0,,,"[NaN,NaN,NaN]","[NaN,NaN,NaN,NaN]","[NaN,NaN,NaN,NaN,NaN,NaN]",0.000584,690,0,[],null,[],0,,,89.336313,,0,,0,,
2026-08-12T14:30:32.560830+00:00,17807.843122864,depth_scale_10cm_outbound_retry_disarmed,0,"[0.0,0.0,0.0,0.0]",1,1,1,1,0.000000,930,13153750,1,0,0,1,0,1460973155,461,64712,3112,0,52,"[0.8037976026535034,-0.04738195613026619,0.026502976194024086,-0.5924203991889954]","[0.01632574014365673,0.012024516239762306,0.004220642615109682]","[0.06923899799585342,-1.039952039718628,9.800616264343262]",-1.26956272,0.00422064262,11.4439793,112151,"[0.0,0.0,0.0,0.0]","[0.0,0.0,0.0,0.0,0.0,0.0,0.0,0.0]","[0.0,0.0,0.0,0.0,0.0,0.0,0.0,0.0]",255,1,1,0,,0,,,"[NaN,NaN,NaN]","[NaN,NaN,NaN,NaN]","[NaN,NaN,NaN,NaN,NaN,NaN]",0.001974,691,0,[],null,[],0,,,89.791148,,0,,0,,
2026-08-12T14:30:32.610280+00:00,17807.892868322,depth_scale_10cm_outbound_retry_disarmed,0,"[0.0,0.0,0.0,0.0]",1,1,1,1,0.000000,931,13153800,1,0,0,1,0,1460973155,462,39750,3113,0,49,"[0.8037431836128235,-0.046871963888406754,0.02648698166012764,-0.5925355553627014]","[0.012673028744757175,0.012032683938741684,0.0029755770228803158]","[0.05723699927330017,-1.049407958984375,9.807814598083496]",-1.26984906,0.00297557702,11.4439793,112151,"[0.0,0.0,0.0,0.0]","[0.0,0.0,0.0,0.0,0.0,0.0,0.0,0.0]","[0.0,0.0,0.0,0.0,0.0,0.0,0.0,0.0]",255,1,1,0,,0,,,"[NaN,NaN,NaN]","[NaN,NaN,NaN,NaN]","[NaN,NaN,NaN,NaN,NaN,NaN]",0.001050,693,0,[],null,[],0,,,86.432974,,0,,0,,
2026-08-12T14:30:32.659283+00:00,17807.942348031,depth_scale_10cm_outbound_retry_disarmed,0,"[0.0,0.0,0.0,0.0]",1,1,1,1,0.000000,932,13153850,1,0,0,1,0,1460973155,463,31823,3114,0,49,"[0.8036648035049438,-0.04640495032072067,0.02649196982383728,-0.592678427696228]","[0.01145395077764988,0.012048270553350449,0.003579635638743639]","[0.05974600091576576,-1.0228869915008545,9.812251091003418]",-1.27020633,0.00357963564,11.4577551,112286,"[0.0,0.0,0.0,0.0]","[0.0,0.0,0.0,0.0,0.0,0.0,0.0,0.0]","[0.0,0.0,0.0,0.0,0.0,0.0,0.0,0.0]",255,1,1,0,,0,,,"[NaN,NaN,NaN]","[NaN,NaN,NaN,NaN]","[NaN,NaN,NaN,NaN,NaN,NaN]",0.001086,694,0,[],null,[],0,,,85.09252,,0,,0,,
2026-08-12T14:30:32.710454+00:00,17807.993300266,depth_scale_10cm_outbound_retry_disarmed,0,"[0.0,0.0,0.0,0.0]",1,1,1,1,0.000000,933,13153900,1,0,0,1,0,1460973155,464,12610,3115,0,51,"[0.8035998940467834,-0.04612497240304947,0.02650398761034012,-0.5927876830101013]","[0.0035095778293907642,0.007077834103256464,0.001174292410723865]","[0.18439799547195435,-1.018772006034851,9.64810562133789]",-1.27048016,0.00117429241,11.4577551,112286,"[0.0,0.0,0.0,0.0]","[0.0,0.0,0.0,0.0,0.0,0.0,0.0,0.0]","[0.0,0.0,0.0,0.0,0.0,0.0,0.0,0.0]",255,1,1,0,,0,,,"[NaN,NaN,NaN]","[NaN,NaN,NaN,NaN]","[NaN,NaN,NaN,NaN,NaN,NaN]",0.001481,696,0,[],null,[],0,,,88.232088,,0,,0,,
2026-08-12T14:30:32.761084+00:00,17808.043300344,depth_scale_10cm_outbound_retry_disarmed,0,"[0.0,0.0,0.0,0.0]",1,1,1,1,0.000000,934,13153950,1,0,0,1,0,1460973155,465,24422,3116,0,51,"[0.8035459518432617,-0.04600195214152336,0.026528967544436455,-0.5928693413734436]","[0.0022653851192444563,0.003373494604602456,0.0036790668964385986]","[0.0883840024471283,-1.0378550291061401,9.786413192749023]",-1.27068639,0.0036790669,11.4776535,112481,"[0.0,0.0,0.0,0.0]","[0.0,0.0,0.0,0.0,0.0,0.0,0.0,0.0]","[0.0,0.0,0.0,0.0,0.0,0.0,0.0,0.0]",255,1,1,0,,0,,,"[NaN,NaN,NaN]","[NaN,NaN,NaN,NaN]","[NaN,NaN,NaN,NaN,NaN,NaN]",0.002172,697,0,[],null,[],0,,,87.582474,,0,,0,,
2026-08-12T14:30:32.811049+00:00,17808.093250194,depth_scale_10cm_outbound_retry_disarmed,0,"[0.0,0.0,0.0,0.0]",1,1,1,1,0.000000,935,13154000,1,0,0,1,0,1460973155,466,17362,3117,0,50,"[0.803435742855072,-0.045941948890686035,0.02641197107732296,-0.5930283665657043]","[0.0016039053443819284,-0.0060110013000667095,0.001395425759255886]","[0.1795469969511032,-1.0208619832992554,9.667269706726074]",-1.27106762,0.00139542576,11.4776535,112481,"[0.0,0.0,0.0,0.0]","[0.0,0.0,0.0,0.0,0.0,0.0,0.0,0.0]","[0.0,0.0,0.0,0.0,0.0,0.0,0.0,0.0]",255,1,1,0,,0,,,"[NaN,NaN,NaN]","[NaN,NaN,NaN,NaN]","[NaN,NaN,NaN,NaN,NaN,NaN]",0.001476,699,0,[],null,[],0,,,86.565094,,0,,0,,
2026-08-12T14:30:32.861068+00:00,17808.143293222,depth_scale_10cm_outbound_retry_disarmed,0,"[0.0,0.0,0.0,0.0]",1,1,1,1,0.000000,936,13154050,1,0,0,1,0,1460973155,467,20492,3118,0,50,"[0.8033581376075745,-0.04598500207066536,0.02626100182533264,-0.5931370258331299]","[0.0021961303427815437,-0.00914955697953701,0.00023151792993303388]","[0.08607599884271622,-1.0234110355377197,9.786173820495605]",-1.27131975,0.00023151793,11.4939795,112641,"[0.0,0.0,0.0,0.0]","[0.0,0.0,0.0,0.0,0.0,0.0,0.0,0.0]","[0.0,0.0,0.0,0.0,0.0,0.0,0.0,0.0]",0,1,1,0,,0,,,"[NaN,NaN,NaN]","[NaN,NaN,NaN,NaN]","[NaN,NaN,NaN,NaN,NaN,NaN]",0.002150,700,0,[],null,[],0,,,85.009033,,0,,0,,
2026-08-12T14:30:32.911063+00:00,17808.193293574,depth_scale_10cm_outbound_retry_disarmed,0,"[0.0,0.0,0.0,0.0]",1,1,1,1,0.000000,937,13154100,1,0,0,1,0,1460973155,468,20668,3119,0,50,"[0.8032305836677551,-0.04613595828413963,0.025770973414182663,-0.5933194160461426]","[0.003373249899595976,-0.016019679605960846,0.00036055012606084347]","[0.05019700154662132,-1.0129649639129639,9.828786849975586]",-1.2717154,0.000360550126,11.4939795,112641,"[0.0,0.0,0.0,0.0]","[0.0,0.0,0.0,0.0,0.0,0.0,0.0,0.0]","[0.0,0.0,0.0,0.0,0.0,0.0,0.0,0.0]",254,1,1,0,,0,,,"[NaN,NaN,NaN]","[NaN,NaN,NaN,NaN]","[NaN,NaN,NaN,NaN,NaN,NaN]",0.001504,702,0,[],null,[],0,,,84.080038,,0,,0,,
2026-08-12T14:30:32.961099+00:00,17808.243344222,depth_scale_10cm_outbound_retry_disarmed,0,"[0.0,0.0,0.0,0.0]",1,1,1,1,0.000000,938,13154150,1,0,0,1,0,1460973155,469,10491,3120,0,50,"[0.8031436204910278,-0.046294957399368286,0.02536197565495968,-0.5934423804283142]","[0.0027398355305194855,-0.02039804868400097,-0.0007886270759627223]","[0.13869300484657288,-1.014435052871704,9.760259628295898]",-1.27197337,-0.000788627076,11.5133677,112831,"[0.0,0.0,0.0,0.0]","[0.0,0.0,0.0,0.0,0.0,0.0,0.0,0.0]","[0.0,0.0,0.0,0.0,0.0,0.0,0.0,0.0]",254,1,1,0,,0,,,"[NaN,NaN,NaN]","[NaN,NaN,NaN,NaN]","[NaN,NaN,NaN,NaN,NaN,NaN]",0.002175,703,0,[],null,[],0,,,83.553127,,0,,0,,
2026-08-12T14:30:33.011090+00:00,17808.293297768,depth_scale_10cm_outbound_retry_disarmed,0,"[0.0,0.0,0.0,0.0]",1,1,1,1,0.000000,939,13154200,1,0,0,1,0,1460973155,470,39271,3121,0,50,"[0.8030556440353394,-0.04649098217487335,0.024849990382790565,-0.5935677886009216]","[0.003943187650293112,-0.022246595472097397,0.0016977342311292887]","[0.13161000609397888,-1.0024110078811646,9.75760269165039]",-1.27222621,0.00169773423,11.5133677,112831,"[0.0,0.0,0.0,0.0]","[0.0,0.0,0.0,0.0,0.0,0.0,0.0,0.0]","[0.0,0.0,0.0,0.0,0.0,0.0,0.0,0.0]",255,1,1,0,,0,,,"[NaN,NaN,NaN]","[NaN,NaN,NaN,NaN]","[NaN,NaN,NaN,NaN,NaN,NaN]",0.001480,705,0,[],null,[],0,,,81.374501,,0,,0,,
2026-08-12T14:30:33.059781+00:00,17808.342640871,depth_scale_10cm_outbound_retry_disarmed,0,"[0.0,0.0,0.0,0.0]",1,1,1,1,0.000000,940,13154250,1,0,0,1,0,1460973155,471,3911,3122,0,49,"[0.8029776811599731,-0.046670958399772644,0.024336978793144226,-0.5936804413795471]","[0.0021365100983530283,-0.0184763353317976,0.0028431937098503113]","[0.13632099330425262,-1.0070970058441162,9.767321586608887]",-1.27244818,0.00284319371,11.5133677,112831,"[0.0,0.0,0.0,0.0]","[0.0,0.0,0.0,0.0,0.0,0.0,0.0,0.0]","[0.0,0.0,0.0,0.0,0.0,0.0,0.0,0.0]",255,1,1,0,,0,,,"[NaN,NaN,NaN]","[NaN,NaN,NaN,NaN]","[NaN,NaN,NaN,NaN,NaN,NaN]",0.001537,706,0,[],null,[],0,,,80.765349,,0,,0,,
2026-08-12T14:30:33.110139+00:00,17808.393114150,depth_scale_10cm_outbound_retry_disarmed,0,"[0.0,0.0,0.0,0.0]",1,1,1,1,0.000000,941,13154300,1,0,0,1,0,1460973155,472,17270,3123,0,50,"[0.802915096282959,-0.0468139685690403,0.02387298457324505,-0.5937726497650146]","[0.002760535106062889,-0.015984894707798958,0.0028026672080159187]","[0.13647399842739105,-0.9880750179290771,9.75265121459961]",-1.2726258,0.00280266721,11.5357141,113050,"[0.0,0.0,0.0,0.0]","[0.0,0.0,0.0,0.0,0.0,0.0,0.0,0.0]","[0.0,0.0,0.0,0.0,0.0,0.0,0.0,0.0]",255,1,1,0,,0,,,"[NaN,NaN,NaN]","[NaN,NaN,NaN,NaN]","[NaN,NaN,NaN,NaN,NaN,NaN]",0.001247,708,0,[],null,[],0,,,79.926442,,0,,0,,
2026-08-12T14:30:33.160096+00:00,17808.442841358,depth_scale_10cm_outbound_retry_disarmed,0,"[0.0,0.0,0.0,0.0]",1,1,1,1,0.000000,942,13154350,1,0,0,1,0,1460973155,473,64677,3124,0,50,"[0.8028653264045715,-0.04698496311903,0.023568980395793915,-0.5938385128974915]","[-0.002898049307987094,-0.011144853197038174,0.004313948098570108]","[0.1052820011973381,-0.9961529970169067,9.79159164428711]",-1.2727555,0.0043139481,11.5357141,113050,"[0.0,0.0,0.0,0.0]","[0.0,0.0,0.0,0.0,0.0,0.0,0.0,0.0]","[0.0,0.0,0.0,0.0,0.0,0.0,0.0,0.0]",255,1,1,0,,0,,,"[NaN,NaN,NaN]","[NaN,NaN,NaN,NaN]","[NaN,NaN,NaN,NaN,NaN,NaN]",0.001539,709,0,[],null,[],0,,,79.074236,,0,,0,,
2026-08-12T14:30:33.211242+00:00,17808.493407650,depth_scale_10cm_outbound_retry_disarmed,0,"[0.0,0.0,0.0,0.0]",1,1,1,1,0.000000,943,13154400,1,0,0,1,0,1460973155,474,38987,3125,0,51,"[0.8028241991996765,-0.047113969922065735,0.023425985127687454,-0.593889594078064]","[-0.005309501197189093,-0.006970181595534086,0.004225442185997963]","[0.07988499850034714,-0.9962310194969177,9.778507232666016]",-1.27286625,0.00422544219,11.5575504,113264,"[0.0,0.0,0.0,0.0]","[0.0,0.0,0.0,0.0,0.0,0.0,0.0,0.0]","[0.0,0.0,0.0,0.0,0.0,0.0,0.0,0.0]",255,1,1,0,,0,,,"[NaN,NaN,NaN]","[NaN,NaN,NaN,NaN]","[NaN,NaN,NaN,NaN,NaN,NaN]",0.001502,711,0,[],null,[],0,,,81.720333,,0,,0,,
2026-08-12T14:30:33.259806+00:00,17808.542435085,depth_scale_10cm_outbound_retry_disarmed,0,"[0.0,0.0,0.0,0.0]",1,1,1,1,0.000000,944,13154450,1,0,0,1,0,1460973155,475,51866,3126,0,49,"[0.8027754426002502,-0.04728095978498459,0.023443980142474174,-0.5939415097236633]","[-0.00811611209064722,-0.0009187936666421592,0.0043051340617239475]","[0.22991099953651428,-1.0001410245895386,9.621967315673828]",-1.27299595,0.00430513406,11.5575504,113264,"[0.0,0.0,0.0,0.0]","[0.0,0.0,0.0,0.0,0.0,0.0,0.0,0.0]","[0.0,0.0,0.0,0.0,0.0,0.0,0.0,0.0]",255,1,1,0,,0,,,"[NaN,NaN,NaN]","[NaN,NaN,NaN,NaN]","[NaN,NaN,NaN,NaN,NaN,NaN]",0.001462,712,0,[],null,[],0,,,80.862057,,0,,0,,
2026-08-12T14:30:33.311247+00:00,17808.593455600,depth_scale_10cm_outbound_retry_disarmed,0,"[0.0,0.0,0.0,0.0]",1,1,1,1,0.000000,945,13154500,1,0,0,1,0,1460973155,476,26818,3127,0,51,"[0.8027171492576599,-0.047300972044467926,0.023547982797026634,-0.5940146446228027]","[-0.006859702058136463,0.005304020829498768,0.003590491134673357]","[0.17226800322532654,-1.0129159688949585,9.712648391723633]",-1.27318883,0.00359049113,11.5575504,113264,"[0.0,0.0,0.0,0.0]","[0.0,0.0,0.0,0.0,0.0,0.0,0.0,0.0]","[0.0,0.0,0.0,0.0,0.0,0.0,0.0,0.0]",255,1,1,0,,0,,,"[NaN,NaN,NaN]","[NaN,NaN,NaN,NaN]","[NaN,NaN,NaN,NaN,NaN,NaN]",0.001589,714,0,[],null,[],0,,,82.652161,,0,,0,,
2026-08-12T14:30:33.361161+00:00,17808.643389895,depth_scale_10cm_outbound_retry_disarmed,0,"[0.0,0.0,0.0,0.0]",1,1,1,1,0.000000,946,13154550,1,0,0,1,0,1460973155,477,17721,3128,0,50,"[0.8025866746902466,-0.047191984951496124,0.023890992626547813,-0.5941857695579529]","[-0.005596834234893322,0.012127560563385487,0.001030424959026277]","[0.20844000577926636,-1.0024839639663696,9.619355201721191]",-1.27365184,0.00103042496,11.5575504,113264,"[0.0,0.0,0.0,0.0]","[0.0,0.0,0.0,0.0,0.0,0.0,0.0,0.0]","[0.0,0.0,0.0,0.0,0.0,0.0,0.0,0.0]",255,1,1,0,,0,,,"[NaN,NaN,NaN]","[NaN,NaN,NaN,NaN]","[NaN,NaN,NaN,NaN,NaN,NaN]",0.002181,715,0,[],null,[],0,,,81.245341,,0,,0,,
2026-08-12T14:30:33.411175+00:00,17808.693392955,depth_scale_10cm_outbound_retry_disarmed,0,"[0.0,0.0,0.0,0.0]",1,1,1,1,0.000000,947,13154600,1,0,0,1,0,1460973155,478,15012,3129,0,50,"[0.8025393486022949,-0.047118958085775375,0.024014979600906372,-0.594250500202179]","[-0.005573534406721592,0.015862897038459778,0.0003526088548824191]","[0.08364000171422958,-1.0084179639816284,9.821907997131348]",-1.27382672,0.000352608855,11.5816326,113500,"[0.0,0.0,0.0,0.0]","[0.0,0.0,0.0,0.0,0.0,0.0,0.0,0.0]","[0.0,0.0,0.0,0.0,0.0,0.0,0.0,0.0]",255,1,1,0,,0,,,"[NaN,NaN,NaN]","[NaN,NaN,NaN,NaN]","[NaN,NaN,NaN,NaN,NaN,NaN]",0.001531,717,0,[],null,[],0,,,85.420989,,0,,0,,
2026-08-12T14:30:33.461136+00:00,17808.743351698,depth_scale_10cm_outbound_retry_disarmed,0,"[0.0,0.0,0.0,0.0]",1,1,1,1,0.000000,948,13154650,1,0,0,1,0,1460973155,479,65096,3130,0,50,"[0.8022903203964233,-0.04672396183013916,0.02460998296737671,-0.5945935249328613]","[-0.0018902788870036602,0.019528349861502647,-0.00397172337397933]","[0.21556200087070465,-1.0072909593582153,9.621907234191895]",-1.27474725,-0.00397172337,11.5816326,113500,"[0.0,0.0,0.0,0.0]","[0.0,0.0,0.0,0.0,0.0,0.0,0.0,0.0]","[0.0,0.0,0.0,0.0,0.0,0.0,0.0,0.0]",255,1,1,0,,0,,,"[NaN,NaN,NaN]","[NaN,NaN,NaN,NaN]","[NaN,NaN,NaN,NaN,NaN,NaN]",0.002161,718,0,[],null,[],0,,,87.354886,,0,,0,,
2026-08-12T14:30:33.510827+00:00,17808.793168365,depth_scale_10cm_outbound_retry_disarmed,0,"[0.0,0.0,0.0,0.0]",1,1,1,1,0.000000,949,13154700,1,0,0,1,0,1460973155,480,6581,3131,0,50,"[0.8020868301391602,-0.04643694683909416,0.024997971951961517,-0.5948743224143982]","[-0.000669386179652065,0.019497353583574295,-0.005798699334263802]","[0.20600800216197968,-0.9998109936714172,9.636079788208008]",-1.27549028,-0.00579869933,11.5816326,113500,"[0.0,0.0,0.0,0.0]","[0.0,0.0,0.0,0.0,0.0,0.0,0.0,0.0]","[0.0,0.0,0.0,0.0,0.0,0.0,0.0,0.0]",255,1,1,0,,0,,,"[NaN,NaN,NaN]","[NaN,NaN,NaN,NaN]","[NaN,NaN,NaN,NaN,NaN,NaN]",0.001365,720,0,[],null,[],0,,,84.231056,,0,,0,,
2026-08-12T14:30:33.560251+00:00,17808.843369245,depth_scale_10cm_outbound_retry_disarmed,0,"[0.0,0.0,0.0,0.0]",1,1,1,1,0.000000,950,13154750,1,0,0,1,0,1460973155,481,58380,3132,0,49,"[0.8018988966941833,-0.0461919791996479,0.02528298646211624,-0.5951346755027771]","[0.001760269165970385,0.01757154054939747,-0.008808013051748276]","[0.16512100398540497,-1.0079989433288574,9.717289924621582]",-1.27617121,-0.00880801305,11.5971422,113652,"[0.0,0.0,0.0,0.0]","[0.0,0.0,0.0,0.0,0.0,0.0,0.0,0.0]","[0.0,0.0,0.0,0.0,0.0,0.0,0.0,0.0]",255,1,1,0,,0,,,"[NaN,NaN,NaN]","[NaN,NaN,NaN,NaN]","[NaN,NaN,NaN,NaN,NaN,NaN]",0.002134,721,0,[],null,[],0,,,84.287835,,0,,0,,
2026-08-12T14:30:33.611054+00:00,17808.893364174,depth_scale_10cm_outbound_retry_disarmed,0,"[0.0,0.0,0.0,0.0]",1,1,1,1,0.000000,951,13154800,1,0,0,1,0,1460973155,482,50093,3133,0,51,"[0.8016856908798218,-0.0459669828414917,0.025504987686872482,-0.5954297184944153]","[-7.456047023879364e-05,0.015680963173508644,-0.01123171765357256]","[0.05977100133895874,-1.0033140182495117,9.8335542678833]",-1.27693129,-0.0112317177,11.5971422,113652,"[0.0,0.0,0.0,0.0]","[0.0,0.0,0.0,0.0,0.0,0.0,0.0,0.0]","[0.0,0.0,0.0,0.0,0.0,0.0,0.0,0.0]",255,1,1,0,,0,,,"[NaN,NaN,NaN]","[NaN,NaN,NaN,NaN]","[NaN,NaN,NaN,NaN,NaN,NaN]",0.001519,723,0,[],null,[],0,,,84.265423,,0,,0,,
2026-08-12T14:30:33.661134+00:00,17808.943324875,depth_scale_10cm_outbound_retry_disarmed,0,"[0.0,0.0,0.0,0.0]",1,1,1,1,0.000000,952,13154850,1,0,0,1,0,1460973155,483,11735,3134,0,50,"[0.801264762878418,-0.04568798467516899,0.025708988308906555,-0.5960087776184082]","[0.0017002997919917107,0.006280724424868822,-0.013500576838850975]","[0.18433800339698792,-1.0037529468536377,9.686264038085938]",-1.27839708,-0.0135005768,11.5971422,113652,"[0.0,0.0,0.0,0.0]","[0.0,0.0,0.0,0.0,0.0,0.0,0.0,0.0]","[0.0,0.0,0.0,0.0,0.0,0.0,0.0,0.0]",247,1,1,0,,0,,,"[NaN,NaN,NaN]","[NaN,NaN,NaN,NaN]","[NaN,NaN,NaN,NaN,NaN,NaN]",0.002140,724,0,[],null,[],0,,,83.609877,,0,,0,,
2026-08-12T14:30:33.711026+00:00,17808.993256758,depth_scale_10cm_outbound_retry_disarmed,0,"[0.0,0.0,0.0,0.0]",1,1,1,1,0.000000,953,13154900,1,0,0,1,0,1460973155,484,21758,3135,0,50,"[0.8011386394500732,-0.0456249862909317,0.025715989992022514,-0.5961827635765076]","[0.0023056496866047382,0.005652947351336479,-0.01348582748323679]","[0.057496000081300735,-1.0037800073623657,9.802349090576172]",-1.27883124,-0.0134858275,11.5971422,113652,"[0.0,0.0,0.0,0.0]","[0.0,0.0,0.0,0.0,0.0,0.0,0.0,0.0]","[0.0,0.0,0.0,0.0,0.0,0.0,0.0,0.0]",247,1,1,0,,0,,,"[NaN,NaN,NaN]","[NaN,NaN,NaN,NaN]","[NaN,NaN,NaN,NaN,NaN,NaN]",0.001477,726,0,[],null,[],0,,,81.979175,,0,,0,,
2026-08-12T14:30:33.761179+00:00,17809.043400423,depth_scale_10cm_outbound_retry_disarmed,0,"[0.0,0.0,0.0,0.0]",1,1,1,1,0.000000,954,13154950,1,0,0,1,0,1460973155,485,11449,3136,0,50,"[0.8005965948104858,-0.04542695730924606,0.025533976033329964,-0.5969334244728088]","[0.006516745779663324,-0.004417725373059511,-0.018174655735492706]","[0.15813599526882172,-0.9988579750061035,9.683491706848145]",-1.28068125,-0.0181746557,11.6146936,113824,"[0.0,0.0,0.0,0.0]","[0.0,0.0,0.0,0.0,0.0,0.0,0.0,0.0]","[0.0,0.0,0.0,0.0,0.0,0.0,0.0,0.0]",247,1,1,0,,0,,,"[NaN,NaN,NaN]","[NaN,NaN,NaN,NaN]","[NaN,NaN,NaN,NaN,NaN,NaN]",0.002191,727,0,[],null,[],0,,,83.261725,,0,,0,,
2026-08-12T14:30:33.811159+00:00,17809.093393588,depth_scale_10cm_outbound_retry_disarmed,0,"[0.0,0.0,0.0,0.0]",1,1,1,1,0.000000,955,13155000,1,0,0,1,0,1460973155,486,42096,3137,0,50,"[0.8005965948104858,-0.04542695730924606,0.025533976033329964,-0.5969334244728088]","[0.006516745779663324,-0.004417725373059511,-0.018174655735492706]","[0.15813599526882172,-0.9988579750061035,9.683491706848145]",-1.28068125,-0.0181746557,11.6146936,113824,"[0.0,0.0,0.0,0.0]","[0.0,0.0,0.0,0.0,0.0,0.0,0.0,0.0]","[0.0,0.0,0.0,0.0,0.0,0.0,0.0,0.0]",247,1,1,0,,0,,,"[NaN,NaN,NaN]","[NaN,NaN,NaN,NaN]","[NaN,NaN,NaN,NaN,NaN,NaN]",0.001541,729,0,[],null,[],0,,,81.560949,,0,,0,,
2026-08-12T14:30:33.861172+00:00,17809.143361557,depth_scale_10cm_outbound_retry_disarmed,0,"[0.0,0.0,0.0,0.0]",1,1,1,1,0.000000,956,13155050,1,0,0,1,0,1460973155,487,56375,3138,0,50,"[0.7999707460403442,-0.04520897567272186,0.024957986548542976,-0.5978126525878906]","[0.006493567489087582,-0.007498370949178934,-0.015062103979289532]","[0.07429900020360947,-0.9821720123291016,9.8046236038208]",-1.2828095,-0.015062104,11.6146936,113824,"[0.0,0.0,0.0,0.0]","[0.0,0.0,0.0,0.0,0.0,0.0,0.0,0.0]","[0.0,0.0,0.0,0.0,0.0,0.0,0.0,0.0]",255,1,1,0,,0,,,"[NaN,NaN,NaN]","[NaN,NaN,NaN,NaN]","[NaN,NaN,NaN,NaN,NaN,NaN]",0.002169,730,0,[],null,[],0,,,84.887941,,0,,0,,
2026-08-12T14:30:33.911011+00:00,17809.193240427,depth_scale_10cm_outbound_retry_disarmed,0,"[0.0,0.0,0.0,0.0]",1,1,1,1,0.000000,957,13155100,1,0,0,1,0,1460973155,488,34629,3139,0,50,"[0.799716591835022,-0.04518495872616768,0.024719977751374245,-0.5981643795967102]","[0.0022253121715039015,-0.008086965419352055,-0.014465446583926678]","[0.05052400007843971,-0.9774709939956665,9.789885520935059]",-1.28366053,-0.0144654466,11.6146936,113824,"[0.0,0.0,0.0,0.0]","[0.0,0.0,0.0,0.0,0.0,0.0,0.0,0.0]","[0.0,0.0,0.0,0.0,0.0,0.0,0.0,0.0]",255,1,1,0,,0,,,"[NaN,NaN,NaN]","[NaN,NaN,NaN,NaN]","[NaN,NaN,NaN,NaN,NaN,NaN]",0.001476,732,0,[],null,[],0,,,82.718838,,0,,0,,
2026-08-12T14:30:33.959813+00:00,17809.242477182,depth_scale_10cm_outbound_retry_disarmed,0,"[0.0,0.0,0.0,0.0]",1,1,1,1,0.000000,958,13155150,1,0,0,1,0,1460973155,489,36264,3140,0,49,"[0.7993085384368896,-0.045286960899829865,0.02448497712612152,-0.5987114906311035]","[-0.003243205836042762,-0.004886083770543337,-0.010885251685976982]","[0.10076899826526642,-0.9759200215339661,9.749662399291992]",-1.28499937,-0.0108852517,11.6255102,113930,"[0.0,0.0,0.0,0.0]","[0.0,0.0,0.0,0.0,0.0,0.0,0.0,0.0]","[0.0,0.0,0.0,0.0,0.0,0.0,0.0,0.0]",255,1,1,0,,0,,,"[NaN,NaN,NaN]","[NaN,NaN,NaN,NaN]","[NaN,NaN,NaN,NaN,NaN,NaN]",0.001479,733,0,[],null,[],0,,,86.958334,,0,,0,,
2026-08-12T14:30:34.009783+00:00,17809.292510851,depth_scale_10cm_outbound_retry_disarmed,0,"[0.0,0.0,0.0,0.0]",1,1,1,1,0.000000,959,13155200,1,0,0,1,0,1460973155,490,49552,3141,0,50,"[0.7991990447044373,-0.045354947447776794,0.02446497231721878,-0.598853349685669]","[-0.008113965392112732,-0.004215354099869728,-0.009702948853373528]","[0.1584240049123764,-0.9705809950828552,9.644699096679688]",-1.28535092,-0.00970294885,11.6255102,113930,"[0.0,0.0,0.0,0.0]","[0.0,0.0,0.0,0.0,0.0,0.0,0.0,0.0]","[0.0,0.0,0.0,0.0,0.0,0.0,0.0,0.0]",255,1,1,0,,0,,,"[NaN,NaN,NaN]","[NaN,NaN,NaN,NaN]","[NaN,NaN,NaN,NaN,NaN,NaN]",0.001010,735,0,[],null,[],0,,,87.281618,,0,,0,,
2026-08-12T14:30:34.059829+00:00,17809.342477436,depth_scale_10cm_outbound_retry_disarmed,0,"[0.0,0.0,0.0,0.0]",1,1,1,1,0.000000,960,13155250,1,0,0,1,0,1460973155,491,33474,3142,0,50,"[0.7988175749778748,-0.04575395956635475,0.024691978469491005,-0.5993224382400513]","[-0.016609270125627518,0.0021243623923510313,-0.006196529604494572]","[0.10299299657344818,-0.9998379945755005,9.759634971618652]",-1.2865448,-0.0061965296,11.6255102,113930,"[0.0,0.0,0.0,0.0]","[0.0,0.0,0.0,0.0,0.0,0.0,0.0,0.0]","[0.0,0.0,0.0,0.0,0.0,0.0,0.0,0.0]",255,1,1,0,,0,,,"[NaN,NaN,NaN]","[NaN,NaN,NaN,NaN]","[NaN,NaN,NaN,NaN,NaN,NaN]",0.001447,736,0,[],null,[],0,,,89.035963,,0,,0,,
2026-08-12T14:30:34.110975+00:00,17809.393264417,depth_scale_10cm_outbound_retry_disarmed,0,"[0.0,0.0,0.0,0.0]",1,1,1,1,0.000000,961,13155300,1,0,0,1,0,1460973155,492,58923,3143,0,51,"[0.7988175749778748,-0.04575395956635475,0.024691978469491005,-0.5993224382400513]","[-0.016609270125627518,0.0021243623923510313,-0.006196529604494572]","[0.10299299657344818,-0.9998379945755005,9.759634971618652]",-1.2865448,-0.0061965296,11.6255102,113930,"[0.0,0.0,0.0,0.0]","[0.0,0.0,0.0,0.0,0.0,0.0,0.0,0.0]","[0.0,0.0,0.0,0.0,0.0,0.0,0.0,0.0]",255,1,1,0,,0,,,"[NaN,NaN,NaN]","[NaN,NaN,NaN,NaN]","[NaN,NaN,NaN,NaN,NaN,NaN]",0.001340,738,0,[],null,[],0,,,90.887583,,0,,0,,
2026-08-12T14:30:34.161277+00:00,17809.443458646,depth_scale_10cm_outbound_retry_disarmed,0,"[0.0,0.0,0.0,0.0]",1,1,1,1,0.000000,962,13155350,1,0,0,1,0,1460973155,493,52176,3144,0,50,"[0.7984384894371033,-0.046168968081474304,0.02524597942829132,-0.5997724533081055]","[-0.01475586835294962,0.006479448173195124,-0.0062628695741295815]","[0.1507290005683899,-1.0248080492019653,9.714973449707031]",-1.28772819,-0.00626286957,11.636734,114040,"[0.0,0.0,0.0,0.0]","[0.0,0.0,0.0,0.0,0.0,0.0,0.0,0.0]","[0.0,0.0,0.0,0.0,0.0,0.0,0.0,0.0]",255,1,1,0,,0,,,"[NaN,NaN,NaN]","[NaN,NaN,NaN,NaN]","[NaN,NaN,NaN,NaN,NaN,NaN]",0.002262,739,0,[],null,[],0,,,91.886751,,0,,0,,
2026-08-12T14:30:34.211041+00:00,17809.493260006,depth_scale_10cm_outbound_retry_disarmed,0,"[0.0,0.0,0.0,0.0]",1,1,1,1,0.000000,963,13155400,1,0,0,1,0,1460973155,494,48866,3145,0,50,"[0.7981476187705994,-0.04631198197603226,0.025615988299250603,-0.6001327633857727]","[-0.008650201372802258,0.008280801586806774,-0.008704917505383492]","[0.2130959928035736,-1.0241550207138062,9.619728088378906]",-1.28866947,-0.00870491751,11.636734,114040,"[0.0,0.0,0.0,0.0]","[0.0,0.0,0.0,0.0,0.0,0.0,0.0,0.0]","[0.0,0.0,0.0,0.0,0.0,0.0,0.0,0.0]",255,1,1,0,,0,,,"[NaN,NaN,NaN]","[NaN,NaN,NaN,NaN]","[NaN,NaN,NaN,NaN,NaN,NaN]",0.001479,741,0,[],null,[],0,,,90.2022,,0,,0,,
2026-08-12T14:30:34.261181+00:00,17809.543375646,depth_scale_10cm_outbound_retry_disarmed,0,"[0.0,0.0,0.0,0.0]",1,1,1,1,0.000000,964,13155450,1,0,0,1,0,1460973155,495,44348,3146,0,50,"[0.7979433536529541,-0.04629799723625183,0.025839995592832565,-0.600395917892456]","[-0.006818302907049656,0.008885122835636139,-0.009316341020166874]","[0.14103199541568756,-1.041308045387268,9.734294891357422]",-1.28935277,-0.00931634102,11.639081,114063,"[0.0,0.0,0.0,0.0]","[0.0,0.0,0.0,0.0,0.0,0.0,0.0,0.0]","[0.0,0.0,0.0,0.0,0.0,0.0,0.0,0.0]",255,1,1,0,,0,,,"[NaN,NaN,NaN]","[NaN,NaN,NaN,NaN]","[NaN,NaN,NaN,NaN,NaN,NaN]",0.002135,742,0,[],null,[],0,,,88.771493,,0,,0,,
2026-08-12T14:30:34.311258+00:00,17809.593437589,depth_scale_10cm_outbound_retry_disarmed,0,"[0.0,0.0,0.0,0.0]",1,1,1,1,0.000000,965,13155500,1,0,0,1,0,1460973155,496,42142,3147,0,50,"[0.7976083755493164,-0.0462159626185894,0.026037979871034622,-0.6008385419845581]","[7.618361996719614e-05,0.006945887114852667,-0.011075668036937714]","[0.1883230060338974,-1.024317979812622,9.653828620910645]",-1.29048252,-0.011075668,11.639081,114063,"[0.0,0.0,0.0,0.0]","[0.0,0.0,0.0,0.0,0.0,0.0,0.0,0.0]","[0.0,0.0,0.0,0.0,0.0,0.0,0.0,0.0]",255,1,1,0,,0,,,"[NaN,NaN,NaN]","[NaN,NaN,NaN,NaN]","[NaN,NaN,NaN,NaN,NaN,NaN]",0.001556,744,0,[],null,[],0,,,87.09566,,0,,0,,
2026-08-12T14:30:34.361113+00:00,17809.643351588,depth_scale_10cm_outbound_retry_disarmed,0,"[0.0,0.0,0.0,0.0]",1,1,1,1,0.000000,966,13155550,1,0,0,1,0,1460973155,497,24690,3148,0,50,"[0.7973217368125916,-0.04608495533466339,0.026096973568201065,-0.6012263894081116]","[0.001694871811196208,0.006326976232230663,-0.009831858798861504]","[0.1723099946975708,-1.0180209875106812,9.69353199005127]",-1.29145992,-0.0098318588,11.639081,114063,"[0.0,0.0,0.0,0.0]","[0.0,0.0,0.0,0.0,0.0,0.0,0.0,0.0]","[0.0,0.0,0.0,0.0,0.0,0.0,0.0,0.0]",255,1,1,0,,0,,,"[NaN,NaN,NaN]","[NaN,NaN,NaN,NaN]","[NaN,NaN,NaN,NaN,NaN,NaN]",0.002143,745,0,[],null,[],0,,,86.215581,,0,,0,,
2026-08-12T14:30:34.408916+00:00,17809.691855445,depth_scale_10cm_outbound_retry_disarmed,0,"[0.0,0.0,0.0,0.0]",1,1,1,1,0.000000,967,13155600,1,0,0,1,0,1460973155,498,27973,3149,0,48,"[0.7970266342163086,-0.045989956706762314,0.026058975607156754,-0.6016263961791992]","[0.0047037494368851185,-0.0005934642977081239,-0.012749020010232925]","[0.15799100697040558,-1.012997031211853,9.702889442443848]",-1.29245687,-0.01274902,11.6317348,113991,"[0.0,0.0,0.0,0.0]","[0.0,0.0,0.0,0.0,0.0,0.0,0.0,0.0]","[0.0,0.0,0.0,0.0,0.0,0.0,0.0,0.0]",255,1,1,0,,0,,,"[NaN,NaN,NaN]","[NaN,NaN,NaN,NaN]","[NaN,NaN,NaN,NaN,NaN,NaN]",0.000705,747,0,[],null,[],0,,,89.559563,,0,,0,,
