host_time_utc,host_monotonic_s,phase,requested_armed,requested_channels_forward_right_down_yaw,sent,transport_open,session_confirmed,telemetry_fresh,telemetry_age_s,telemetry_sequence,mcu_tick_ms,state,telemetry_armed,telemetry_failsafe,command_status,reject_flags,last_command_session,last_command_sequence,last_command_crc,command_count,rejected_command_count,round_trip_ms,imu_quat_wxyz,imu_angular_velocity_xyz_rad_s,imu_linear_acceleration_xyz_m_s2,yaw_rad,yaw_rate_rad_s,depth_m,pressure_pa,received_channels_forward_right_down_yaw,applied_motor_throttle_m1_m8,motor_rpm_m1_m8,rpm_valid_mask,execution_feedback_valid,rpm_available,vision_fresh,vision_age_s,vision_count,vision_stamp_s,vision_frame_id,vision_position_xyz_m,vision_quat_xyzw,vision_covariance_diag,vision_status_age_s,vision_status_count,vision_detected,vision_detected_ids,vision_world_xy_yaw,vision_detections_detail,vision_pnp_valid,vision_pnp_reprojection_error_px,vision_decision_margin,vision_detection_fps,refracted_status_age_s,refracted_status_count,refracted_mode,refracted_valid,refracted_residual_m,refracted_reject_reason
2026-08-12T13:29:31.898526+00:00,14147.182196869,onboard_extrinsic_left_060,0,"[0.0,0.0,0.0,0.0]",0,0,0,0,,,,,,,,,,,,,,,,,,,,,,,,,,,,0,,0,,,"[NaN,NaN,NaN]","[NaN,NaN,NaN,NaN]","[NaN,NaN,NaN,NaN,NaN,NaN]",,0,0,[],[],[],0,,,,,0,,0,,
2026-08-12T13:29:31.948347+00:00,14147.232019750,onboard_extrinsic_left_060,0,"[0.0,0.0,0.0,0.0]",0,0,0,0,,,,,,,,,,,,,,,,,,,,,,,,,,,,0,,0,,,"[NaN,NaN,NaN]","[NaN,NaN,NaN,NaN]","[NaN,NaN,NaN,NaN,NaN,NaN]",0.000976,1,1,"[15,16,17]","[0.309215,1.013045,1.661055]","[{""tag_id"":15,""target_match"":true,""family"":""tag25h9"",""hamming"":0,""decision_margin"":82.451469,""pixel_xy"":[900.596244,526.070503],""world_xy_yaw"":[0.387402,0.722994,0.072548],""pnp_valid"":true,""pnp_camera_xyz"":[0.490454,0.398776,1.223381],""pnp_camera_quat_xyzw"":[-0.042424,-0.011774,0.038042,0.998306],""pnp_camera_rpy_deg"":[-4.911547,-1.162098,4.414392],""pnp_reprojection_error_px"":0.037325},{""tag_id"":16,""target_match"":true,""family"":""tag25h9"",""hamming"":0,""decision_margin"":78.091713,""pixel_xy"":[898.826468,590.849086],""world_xy_yaw"":[0.384428,0.643964,-0.040113],""pnp_valid"":true,""pnp_camera_xyz"":[0.47105,0.52822,1.190212],""pnp_camera_quat_xyzw"":[0.00434,-0.050543,0.029941,0.998264],""pnp_camera_rpy_deg"":[0.324771,-5.80655,3.41944],""pnp_reprojection_error_px"":1.171659},{""tag_id"":17,""target_match"":true,""family"":""tag25h9"",""hamming"":0,""decision_margin"":159.787491,""pixel_xy"":[854.056524,288.323718],""world_xy_yaw"":[0.309215,1.013045,1.661055],""pnp_valid"":true,""pnp_camera_xyz"":[0.40296,-0.141624,1.273852],""pnp_camera_quat_xyzw"":[-0.019706,0.020753,0.742774,0.66893],""pnp_camera_rpy_deg"":[0.256335,3.26985,95.995956],""pnp_reprojection_error_px"":0.012658}]",1,0.012658,159.787491,85.063592,,0,,0,,
2026-08-12T13:29:31.998746+00:00,14147.282417068,onboard_extrinsic_left_060,0,"[0.0,0.0,0.0,0.0]",0,0,0,0,,,,,,,,,,,,,,,,,,,,,,,,,,,,0,,0,,,"[NaN,NaN,NaN]","[NaN,NaN,NaN,NaN]","[NaN,NaN,NaN,NaN,NaN,NaN]",0.000831,3,1,"[15,16,17]","[0.308171,1.013208,1.658548]","[{""tag_id"":15,""target_match"":true,""family"":""tag25h9"",""hamming"":0,""decision_margin"":78.369728,""pixel_xy"":[900.083079,525.971294],""world_xy_yaw"":[0.38654,0.723115,0.072765],""pnp_valid"":true,""pnp_camera_xyz"":[0.488766,0.398076,1.221867],""pnp_camera_quat_xyzw"":[-0.042344,-0.010956,0.037158,0.998352],""pnp_camera_rpy_deg"":[-4.897787,-1.073193,4.308969],""pnp_reprojection_error_px"":0.064257},{""tag_id"":16,""target_match"":true,""family"":""tag25h9"",""hamming"":0,""decision_margin"":84.522339,""pixel_xy"":[897.385065,591.319245],""world_xy_yaw"":[0.382007,0.643391,0.042925],""pnp_valid"":true,""pnp_camera_xyz"":[0.473839,0.533426,1.200808],""pnp_camera_quat_xyzw"":[-0.027839,-0.047954,0.047751,0.997319],""pnp_camera_rpy_deg"":[-3.46105,-5.335795,5.64369],""pnp_reprojection_error_px"":0.839985},{""tag_id"":17,""target_match"":true,""family"":""tag25h9"",""hamming"":0,""decision_margin"":162.098602,""pixel_xy"":[853.43509,288.190423],""world_xy_yaw"":[0.308171,1.013208,1.658548],""pnp_valid"":true,""pnp_camera_xyz"":[0.401232,-0.141837,1.272751],""pnp_camera_quat_xyzw"":[-0.021169,0.020904,0.742339,0.669364],""pnp_camera_rpy_deg"":[0.154693,3.406155,95.922948],""pnp_reprojection_error_px"":0.041979}]",1,0.041979,162.098602,82.637862,,0,,0,,
2026-08-12T13:29:32.049761+00:00,14147.333434083,onboard_extrinsic_left_060,0,"[0.0,0.0,0.0,0.0]",0,0,0,0,,,,,,,,,,,,,,,,,,,,,,,,,,,,0,,0,,,"[NaN,NaN,NaN]","[NaN,NaN,NaN,NaN]","[NaN,NaN,NaN,NaN,NaN,NaN]",0.002055,4,1,"[15,16,17]","[0.307704,1.013278,1.656604]","[{""tag_id"":15,""target_match"":true,""family"":""tag25h9"",""hamming"":0,""decision_margin"":77.916649,""pixel_xy"":[899.85321,525.933197],""world_xy_yaw"":[0.386153,0.723161,0.073658],""pnp_valid"":true,""pnp_camera_xyz"":[0.488439,0.39818,1.222351],""pnp_camera_quat_xyzw"":[-0.041214,-0.008927,0.037078,0.998422],""pnp_camera_rpy_deg"":[-4.759257,-0.846281,4.288774],""pnp_reprojection_error_px"":0.070671},{""tag_id"":16,""target_match"":true,""family"":""tag25h9"",""hamming"":0,""decision_margin"":82.24736,""pixel_xy"":[897.6586,590.620395],""world_xy_yaw"":[0.382466,0.644243,0.073199],""pnp_valid"":true,""pnp_camera_xyz"":[0.478897,0.538316,1.211122],""pnp_camera_quat_xyzw"":[-0.053177,-0.001353,0.036774,0.997907],""pnp_camera_rpy_deg"":[-6.098137,0.06933,4.21726],""pnp_reprojection_error_px"":0.048645},{""tag_id"":17,""target_match"":true,""family"":""tag25h9"",""hamming"":0,""decision_margin"":161.260422,""pixel_xy"":[853.157053,288.132529],""world_xy_yaw"":[0.307704,1.013278,1.656604],""pnp_valid"":true,""pnp_camera_xyz"":[0.400409,-0.141912,1.272205],""pnp_camera_quat_xyzw"":[-0.02308,0.020722,0.741909,0.669783],""pnp_camera_rpy_deg"":[-0.009703,3.554922,95.849299],""pnp_reprojection_error_px"":0.040812}]",1,0.040812,161.260422,81.384734,,0,,0,,
2026-08-12T13:29:32.100138+00:00,14147.383799678,onboard_extrinsic_left_060,0,"[0.0,0.0,0.0,0.0]",0,0,0,0,,,,,,,,,,,,,,,,,,,,,,,,,,,,0,,0,,,"[NaN,NaN,NaN]","[NaN,NaN,NaN,NaN]","[NaN,NaN,NaN,NaN,NaN,NaN]",0.001607,6,1,"[15,16,17]","[0.306876,1.013379,1.655138]","[{""tag_id"":15,""target_match"":true,""family"":""tag25h9"",""hamming"":0,""decision_margin"":79.307831,""pixel_xy"":[899.447174,525.830578],""world_xy_yaw"":[0.385471,0.723287,0.073151],""pnp_valid"":true,""pnp_camera_xyz"":[0.487361,0.397964,1.22205],""pnp_camera_quat_xyzw"":[-0.041418,-0.00461,0.036055,0.998481],""pnp_camera_rpy_deg"":[-4.763623,-0.356387,4.150862],""pnp_reprojection_error_px"":0.10154},{""tag_id"":16,""target_match"":true,""family"":""tag25h9"",""hamming"":0,""decision_margin"":81.905159,""pixel_xy"":[897.281075,590.581681],""world_xy_yaw"":[0.381832,0.64429,0.073887],""pnp_valid"":true,""pnp_camera_xyz"":[0.478086,0.538281,1.211317],""pnp_camera_quat_xyzw"":[-0.05367,0.001201,0.03663,0.997886],""pnp_camera_rpy_deg"":[-6.143962,0.36266,4.185072],""pnp_reprojection_error_px"":0.056311},{""tag_id"":17,""target_match"":true,""family"":""tag25h9"",""hamming"":0,""decision_margin"":163.202728,""pixel_xy"":[852.664171,288.049957],""world_xy_yaw"":[0.306876,1.013379,1.655138],""pnp_valid"":true,""pnp_camera_xyz"":[0.399467,-0.142226,1.273011],""pnp_camera_quat_xyzw"":[-0.023579,0.019394,0.74153,0.670224],""pnp_camera_rpy_deg"":[-0.163278,3.495243,95.778009],""pnp_reprojection_error_px"":0.036184}]",1,0.036184,163.202728,84.107973,,0,,0,,
2026-08-12T13:29:32.150146+00:00,14147.433806839,onboard_extrinsic_left_060,0,"[0.0,0.0,0.0,0.0]",0,0,0,0,,,,,,,,,,,,,,,,,,,,,,,,,,,,0,,0,,,"[NaN,NaN,NaN]","[NaN,NaN,NaN,NaN]","[NaN,NaN,NaN,NaN,NaN,NaN]",0.002381,7,1,"[15,16,17]","[0.306445,1.013467,1.655233]","[{""tag_id"":15,""target_match"":true,""family"":""tag25h9"",""hamming"":0,""decision_margin"":79.49086,""pixel_xy"":[899.28889,525.803186],""world_xy_yaw"":[0.385205,0.72332,0.07425],""pnp_valid"":true,""pnp_camera_xyz"":[0.487289,0.398078,1.222764],""pnp_camera_quat_xyzw"":[-0.04303,-0.002727,0.036082,0.998418],""pnp_camera_rpy_deg"":[-4.940443,-0.134088,4.145235],""pnp_reprojection_error_px"":0.077435},{""tag_id"":16,""target_match"":true,""family"":""tag25h9"",""hamming"":0,""decision_margin"":80.384056,""pixel_xy"":[897.118068,590.52997],""world_xy_yaw"":[0.381558,0.644353,0.076039],""pnp_valid"":true,""pnp_camera_xyz"":[0.478096,0.538632,1.21229],""pnp_camera_quat_xyzw"":[-0.055932,0.004171,0.036606,0.997755],""pnp_camera_rpy_deg"":[-6.391169,0.711563,4.162533],""pnp_reprojection_error_px"":0.041203},{""tag_id"":17,""target_match"":true,""family"":""tag25h9"",""hamming"":0,""decision_margin"":160.601715,""pixel_xy"":[852.407694,287.977846],""world_xy_yaw"":[0.306445,1.013467,1.655233],""pnp_valid"":true,""pnp_camera_xyz"":[0.398827,-0.142316,1.272895],""pnp_camera_quat_xyzw"":[-0.025193,0.020472,0.741369,0.670312],""pnp_camera_rpy_deg"":[-0.196351,3.715405,95.756795],""pnp_reprojection_error_px"":0.014547}]",1,0.014547,160.601715,85.035177,,0,,0,,
2026-08-12T13:29:32.198691+00:00,14147.482362571,onboard_extrinsic_left_060,0,"[0.0,0.0,0.0,0.0]",0,0,0,0,,,,,,,,,,,,,,,,,,,,,,,,,,,,0,,0,,,"[NaN,NaN,NaN]","[NaN,NaN,NaN,NaN]","[NaN,NaN,NaN,NaN,NaN,NaN]",0.000830,9,1,"[15,16,17]","[0.305651,1.013562,1.652375]","[{""tag_id"":15,""target_match"":true,""family"":""tag25h9"",""hamming"":0,""decision_margin"":80.100952,""pixel_xy"":[898.982484,525.681095],""world_xy_yaw"":[0.384691,0.723469,0.076007],""pnp_valid"":true,""pnp_camera_xyz"":[0.487066,0.398161,1.223913],""pnp_camera_quat_xyzw"":[-0.04459,-0.001102,0.0364,0.998341],""pnp_camera_rpy_deg"":[-5.112515,0.059971,4.173498],""pnp_reprojection_error_px"":0.0714},{""tag_id"":16,""target_match"":true,""family"":""tag25h9"",""hamming"":0,""decision_margin"":80.675529,""pixel_xy"":[896.462376,591.330354],""world_xy_yaw"":[0.380457,0.643377,0.03963],""pnp_valid"":true,""pnp_camera_xyz"":[0.467453,0.528131,1.189958],""pnp_camera_quat_xyzw"":[-0.016022,-0.045526,0.047246,0.997717],""pnp_camera_rpy_deg"":[-2.087028,-5.125038,5.515769],""pnp_reprojection_error_px"":1.069114},{""tag_id"":17,""target_match"":true,""family"":""tag25h9"",""hamming"":0,""decision_margin"":160.878738,""pixel_xy"":[851.935218,287.900151],""world_xy_yaw"":[0.305651,1.013562,1.652375],""pnp_valid"":true,""pnp_camera_xyz"":[0.397549,-0.142506,1.272305],""pnp_camera_quat_xyzw"":[-0.026127,0.021149,0.74112,0.670531],""pnp_camera_rpy_deg"":[-0.211872,3.846767,95.718232],""pnp_reprojection_error_px"":0.039078}]",1,0.039078,160.878738,83.998972,,0,,0,,
2026-08-12T13:29:32.250168+00:00,14147.533828018,onboard_extrinsic_left_060,0,"[0.0,0.0,0.0,0.0]",0,0,0,0,,,,,,,,,,,,,,,,,,,,,,,,,,,,0,,0,,,"[NaN,NaN,NaN]","[NaN,NaN,NaN,NaN]","[NaN,NaN,NaN,NaN,NaN,NaN]",0.002399,10,1,"[15,16,17]","[0.305237,1.013626,1.654071]","[{""tag_id"":15,""target_match"":true,""family"":""tag25h9"",""hamming"":0,""decision_margin"":80.339424,""pixel_xy"":[898.892891,525.586265],""world_xy_yaw"":[0.38454,0.723585,0.075376],""pnp_valid"":true,""pnp_camera_xyz"":[0.486228,0.397466,1.222357],""pnp_camera_quat_xyzw"":[-0.042132,-0.001561,0.036437,0.998446],""pnp_camera_rpy_deg"":[-4.832758,-0.002724,4.180115],""pnp_reprojection_error_px"":0.07782},{""tag_id"":16,""target_match"":true,""family"":""tag25h9"",""hamming"":0,""decision_margin"":84.36277,""pixel_xy"":[895.855155,591.549559],""world_xy_yaw"":[0.379437,0.64311,0.077341],""pnp_valid"":true,""pnp_camera_xyz"":[0.467884,0.529266,1.192273],""pnp_camera_quat_xyzw"":[-0.030562,-0.050149,0.057496,0.996617],""pnp_camera_rpy_deg"":[-3.841503,-5.534488,6.789374],""pnp_reprojection_error_px"":1.204838},{""tag_id"":17,""target_match"":true,""family"":""tag25h9"",""hamming"":0,""decision_margin"":161.107986,""pixel_xy"":[851.688414,287.847469],""world_xy_yaw"":[0.305237,1.013626,1.654071],""pnp_valid"":true,""pnp_camera_xyz"":[0.397336,-0.142744,1.273457],""pnp_camera_quat_xyzw"":[-0.022801,0.021209,0.741139,0.670628],""pnp_camera_rpy_deg"":[0.049107,3.568585,95.720072],""pnp_reprojection_error_px"":0.034208}]",1,0.034208,161.107986,84.408497,,0,,0,,
2026-08-12T13:29:32.300207+00:00,14147.583865994,onboard_extrinsic_left_060,0,"[0.0,0.0,0.0,0.0]",0,0,0,0,,,,,,,,,,,,,,,,,,,,,,,,,,,,0,,0,,,"[NaN,NaN,NaN]","[NaN,NaN,NaN,NaN]","[NaN,NaN,NaN,NaN,NaN,NaN]",0.002387,11,1,"[15,16,17]","[0.304862,1.013674,1.653642]","[{""tag_id"":15,""target_match"":true,""family"":""tag25h9"",""hamming"":0,""decision_margin"":82.129417,""pixel_xy"":[898.817323,525.521356],""world_xy_yaw"":[0.384413,0.723664,0.074675],""pnp_valid"":true,""pnp_camera_xyz"":[0.486085,0.397304,1.222487],""pnp_camera_quat_xyzw"":[-0.041658,-0.000592,0.036119,0.998479],""pnp_camera_rpy_deg"":[-4.774411,0.104742,4.139098],""pnp_reprojection_error_px"":0.050171},{""tag_id"":16,""target_match"":true,""family"":""tag25h9"",""hamming"":0,""decision_margin"":79.777443,""pixel_xy"":[896.412181,591.08815],""world_xy_yaw"":[0.380372,0.643672,0.038785],""pnp_valid"":true,""pnp_camera_xyz"":[0.468062,0.528661,1.191974],""pnp_camera_quat_xyzw"":[-0.018603,-0.042425,0.045828,0.997875],""pnp_camera_rpy_deg"":[-2.358855,-4.75901,5.356991],""pnp_reprojection_error_px"":1.00747},{""tag_id"":17,""target_match"":true,""family"":""tag25h9"",""hamming"":0,""decision_margin"":161.11261,""pixel_xy"":[851.46534,287.808275],""world_xy_yaw"":[0.304862,1.013674,1.653642],""pnp_valid"":true,""pnp_camera_xyz"":[0.396785,-0.142836,1.273419],""pnp_camera_quat_xyzw"":[-0.022601,0.021556,0.74101,0.670767],""pnp_camera_rpy_deg"":[0.093378,3.57839,95.699756],""pnp_reprojection_error_px"":0.032189}]",1,0.032189,161.11261,83.428425,,0,,0,,
2026-08-12T13:29:32.350136+00:00,14147.633797086,onboard_extrinsic_left_060,0,"[0.0,0.0,0.0,0.0]",0,0,0,0,,,,,,,,,,,,,,,,,,,,,,,,,,,,0,,0,,,"[NaN,NaN,NaN]","[NaN,NaN,NaN,NaN]","[NaN,NaN,NaN,NaN,NaN,NaN]",0.001615,13,1,"[15,16,17]","[0.304161,1.013795,1.654709]","[{""tag_id"":15,""target_match"":true,""family"":""tag25h9"",""hamming"":0,""decision_margin"":77.223488,""pixel_xy"":[898.657697,525.368844],""world_xy_yaw"":[0.384145,0.72385,0.072461],""pnp_valid"":true,""pnp_camera_xyz"":[0.485485,0.396723,1.221759],""pnp_camera_quat_xyzw"":[-0.041209,-0.001824,0.03488,0.99854],""pnp_camera_rpy_deg"":[-4.727964,-0.043989,4.002953],""pnp_reprojection_error_px"":0.056881},{""tag_id"":16,""target_match"":true,""family"":""tag25h9"",""hamming"":0,""decision_margin"":84.942261,""pixel_xy"":[895.725377,591.478137],""world_xy_yaw"":[0.379219,0.643197,0.079553],""pnp_valid"":true,""pnp_camera_xyz"":[0.466462,0.527359,1.189061],""pnp_camera_quat_xyzw"":[-0.028408,-0.051364,0.058301,0.996572],""pnp_camera_rpy_deg"":[-3.607407,-5.685237,6.875306],""pnp_reprojection_error_px"":1.350547},{""tag_id"":17,""target_match"":true,""family"":""tag25h9"",""hamming"":0,""decision_margin"":162.25795,""pixel_xy"":[851.048243,287.709021],""world_xy_yaw"":[0.304161,1.013795,1.654709],""pnp_valid"":true,""pnp_camera_xyz"":[0.396056,-0.143145,1.274127],""pnp_camera_quat_xyzw"":[-0.020461,0.021041,0.741009,0.670853],""pnp_camera_rpy_deg"":[0.214166,3.356831,95.695679],""pnp_reprojection_error_px"":0.035435}]",1,0.035435,162.25795,84.640282,,0,,0,,
2026-08-12T13:29:32.400357+00:00,14147.684015695,onboard_extrinsic_left_060,0,"[0.0,0.0,0.0,0.0]",0,0,0,0,,,,,,,,,,,,,,,,,,,,,,,,,,,,0,,0,,,"[NaN,NaN,NaN]","[NaN,NaN,NaN,NaN]","[NaN,NaN,NaN,NaN,NaN,NaN]",0.002607,14,1,"[15,16,17]","[0.303837,1.013813,1.652556]","[{""tag_id"":15,""target_match"":true,""family"":""tag25h9"",""hamming"":0,""decision_margin"":79.175888,""pixel_xy"":[898.560015,525.306602],""world_xy_yaw"":[0.383981,0.723926,0.072325],""pnp_valid"":true,""pnp_camera_xyz"":[0.485166,0.396439,1.221402],""pnp_camera_quat_xyzw"":[-0.041032,-0.002349,0.034531,0.998558],""pnp_camera_rpy_deg"":[-4.70974,-0.106437,3.965437],""pnp_reprojection_error_px"":0.060869},{""tag_id"":16,""target_match"":true,""family"":""tag25h9"",""hamming"":0,""decision_margin"":79.408272,""pixel_xy"":[896.577488,590.066987],""world_xy_yaw"":[0.38065,0.644918,0.079486],""pnp_valid"":true,""pnp_camera_xyz"":[0.476884,0.537393,1.211912],""pnp_camera_quat_xyzw"":[-0.057626,0.005204,0.036329,0.997663],""pnp_camera_rpy_deg"":[-6.581501,0.834814,4.122922],""pnp_reprojection_error_px"":0.086736},{""tag_id"":17,""target_match"":true,""family"":""tag25h9"",""hamming"":0,""decision_margin"":162.703583,""pixel_xy"":[850.85523,287.694106],""world_xy_yaw"":[0.303837,1.013813,1.652556],""pnp_valid"":true,""pnp_camera_xyz"":[0.395388,-0.143152,1.273385],""pnp_camera_quat_xyzw"":[-0.021472,0.020051,0.74074,0.671149],""pnp_camera_rpy_deg"":[0.050719,3.366649,95.64507],""pnp_reprojection_error_px"":0.058627}]",1,0.058627,162.703583,83.190205,,0,,0,,
2026-08-12T13:29:32.449082+00:00,14147.732750669,onboard_extrinsic_left_060,0,"[0.0,0.0,0.0,0.0]",0,0,0,0,,,,,,,,,,,,,,,,,,,,,,,,,,,,0,,0,,,"[NaN,NaN,NaN]","[NaN,NaN,NaN,NaN]","[NaN,NaN,NaN,NaN,NaN,NaN]",0.000809,16,1,"[15,16,17]","[0.303211,1.013923,1.654386]","[{""tag_id"":15,""target_match"":true,""family"":""tag25h9"",""hamming"":0,""decision_margin"":79.724342,""pixel_xy"":[898.408624,525.214661],""world_xy_yaw"":[0.383726,0.724038,0.070286],""pnp_valid"":true,""pnp_camera_xyz"":[0.484869,0.396292,1.22153],""pnp_camera_quat_xyzw"":[-0.041332,-0.003119,0.033827,0.998568],""pnp_camera_rpy_deg"":[-4.747061,-0.196676,3.888463],""pnp_reprojection_error_px"":0.062451},{""tag_id"":16,""target_match"":true,""family"":""tag25h9"",""hamming"":0,""decision_margin"":74.786705,""pixel_xy"":[896.931153,590.559779],""world_xy_yaw"":[0.381244,0.644317,-0.032899],""pnp_valid"":true,""pnp_camera_xyz"":[0.462103,0.521005,1.177359],""pnp_camera_quat_xyzw"":[0.01211,-0.053106,0.032552,0.997985],""pnp_camera_rpy_deg"":[1.193762,-6.130111,3.672519],""pnp_reprojection_error_px"":1.341484},{""tag_id"":17,""target_match"":true,""family"":""tag25h9"",""hamming"":0,""decision_margin"":162.146866,""pixel_xy"":[850.482901,287.604391],""world_xy_yaw"":[0.303211,1.013923,1.654386],""pnp_valid"":true,""pnp_camera_xyz"":[0.394761,-0.143375,1.274226],""pnp_camera_quat_xyzw"":[-0.02195,0.018817,0.740666,0.671251],""pnp_camera_rpy_deg"":[-0.091469,3.312203,95.626501],""pnp_reprojection_error_px"":0.024969}]",1,0.024969,162.146866,83.603112,,0,,0,,
2026-08-12T13:29:32.500383+00:00,14147.784041353,onboard_extrinsic_left_060,0,"[0.0,0.0,0.0,0.0]",0,0,0,0,,,,,,,,,,,,,,,,,,,,,,,,,,,,0,,0,,,"[NaN,NaN,NaN]","[NaN,NaN,NaN,NaN]","[NaN,NaN,NaN,NaN,NaN,NaN]",0.002516,17,1,"[15,16,17]","[0.302848,1.013936,1.651546]","[{""tag_id"":15,""target_match"":true,""family"":""tag25h9"",""hamming"":0,""decision_margin"":78.555214,""pixel_xy"":[898.330079,525.16311],""world_xy_yaw"":[0.383595,0.724101,0.069912],""pnp_valid"":true,""pnp_camera_xyz"":[0.484962,0.396457,1.222162],""pnp_camera_quat_xyzw"":[-0.041009,-0.002372,0.033208,0.998604],""pnp_camera_rpy_deg"":[-4.707021,-0.115432,3.813962],""pnp_reprojection_error_px"":0.092832},{""tag_id"":16,""target_match"":true,""family"":""tag25h9"",""hamming"":0,""decision_margin"":84.399704,""pixel_xy"":[895.427773,591.524415],""world_xy_yaw"":[0.378719,0.64314,0.056329],""pnp_valid"":true,""pnp_camera_xyz"":[0.462847,0.523691,1.18194],""pnp_camera_quat_xyzw"":[-0.016006,-0.067999,0.058266,0.995854],""pnp_camera_rpy_deg"":[-2.301776,-7.675905,6.85142],""pnp_reprojection_error_px"":1.578697},{""tag_id"":17,""target_match"":true,""family"":""tag25h9"",""hamming"":0,""decision_margin"":163.265579,""pixel_xy"":[850.266979,287.593599],""world_xy_yaw"":[0.302848,1.013936,1.651546],""pnp_valid"":true,""pnp_camera_xyz"":[0.393945,-0.143291,1.273229],""pnp_camera_quat_xyzw"":[-0.024658,0.020508,0.74023,0.671589],""pnp_camera_rpy_deg"":[-0.158428,3.672324,95.561849],""pnp_reprojection_error_px"":0.024578}]",1,0.024578,163.265579,82.55287,,0,,0,,
2026-08-12T13:29:32.550176+00:00,14147.833835281,onboard_extrinsic_left_060,0,"[0.0,0.0,0.0,0.0]",0,0,0,0,,,,,,,,,,,,,,,,,,,,,,,,,,,,0,,0,,,"[NaN,NaN,NaN]","[NaN,NaN,NaN,NaN]","[NaN,NaN,NaN,NaN,NaN,NaN]",0.001591,19,1,"[15,16,17]","[0.302144,1.013953,1.649071]","[{""tag_id"":15,""target_match"":true,""family"":""tag25h9"",""hamming"":0,""decision_margin"":79.168312,""pixel_xy"":[898.187976,525.113315],""world_xy_yaw"":[0.383356,0.724162,0.06827],""pnp_valid"":true,""pnp_camera_xyz"":[0.485333,0.396942,1.223969],""pnp_camera_quat_xyzw"":[-0.044608,-0.002609,0.032711,0.998465],""pnp_camera_rpy_deg"":[-5.120466,-0.131301,3.758647],""pnp_reprojection_error_px"":0.090125},{""tag_id"":16,""target_match"":true,""family"":""tag25h9"",""hamming"":0,""decision_margin"":78.091187,""pixel_xy"":[896.589438,590.555945],""world_xy_yaw"":[0.38067,0.644322,-0.014854],""pnp_valid"":true,""pnp_camera_xyz"":[0.463735,0.52325,1.182279],""pnp_camera_quat_xyzw"":[0.002848,-0.051998,0.035439,0.998014],""pnp_camera_rpy_deg"":[0.115126,-5.968998,4.061337],""pnp_reprojection_error_px"":1.179319},{""tag_id"":17,""target_match"":true,""family"":""tag25h9"",""hamming"":0,""decision_margin"":162.645584,""pixel_xy"":[849.847624,287.579249],""world_xy_yaw"":[0.302144,1.013953,1.649071],""pnp_valid"":true,""pnp_camera_xyz"":[0.393039,-0.143402,1.273524],""pnp_camera_quat_xyzw"":[-0.025042,0.019814,0.739683,0.672198],""pnp_camera_rpy_deg"":[-0.250009,3.65133,95.465088],""pnp_reprojection_error_px"":0.037026}]",1,0.037026,162.645584,80.541728,,0,,0,,
2026-08-12T13:29:32.599774+00:00,14147.883444332,onboard_extrinsic_left_060,0,"[0.0,0.0,0.0,0.0]",0,0,0,0,,,,,,,,,,,,,,,,,,,,,,,,,,,,0,,0,,,"[NaN,NaN,NaN]","[NaN,NaN,NaN,NaN]","[NaN,NaN,NaN,NaN,NaN,NaN]",0.002009,20,1,"[15,16,17]","[0.301807,1.013949,1.649634]","[{""tag_id"":15,""target_match"":true,""family"":""tag25h9"",""hamming"":0,""decision_margin"":78.683998,""pixel_xy"":[898.098623,525.099629],""world_xy_yaw"":[0.383206,0.724178,0.067935],""pnp_valid"":true,""pnp_camera_xyz"":[0.485232,0.396996,1.224171],""pnp_camera_quat_xyzw"":[-0.044159,-0.002855,0.032407,0.998495],""pnp_camera_rpy_deg"":[-5.069841,-0.162646,3.72501],""pnp_reprojection_error_px"":0.101449},{""tag_id"":16,""target_match"":true,""family"":""tag25h9"",""hamming"":0,""decision_margin"":80.651413,""pixel_xy"":[895.303246,591.363183],""world_xy_yaw"":[0.378509,0.643337,0.066856],""pnp_valid"":true,""pnp_camera_xyz"":[0.464523,0.525687,1.186486],""pnp_camera_quat_xyzw"":[-0.024,-0.063162,0.05796,0.99603],""pnp_camera_rpy_deg"":[-3.184614,-7.067655,6.857403],""pnp_reprojection_error_px"":1.451007},{""tag_id"":17,""target_match"":true,""family"":""tag25h9"",""hamming"":0,""decision_margin"":163.469376,""pixel_xy"":[849.646865,287.58253],""world_xy_yaw"":[0.301807,1.013949,1.649634],""pnp_valid"":true,""pnp_camera_xyz"":[0.392887,-0.143492,1.274523],""pnp_camera_quat_xyzw"":[-0.023154,0.019534,0.739485,0.672491],""pnp_camera_rpy_deg"":[-0.129252,3.469424,95.429019],""pnp_reprojection_error_px"":0.031749}]",1,0.031749,163.469376,83.477463,,0,,0,,
2026-08-12T13:29:32.649815+00:00,14147.933490073,onboard_extrinsic_left_060,0,"[0.0,0.0,0.0,0.0]",0,0,0,0,,,,,,,,,,,,,,,,,,,,,,,,,,,,0,,0,,,"[NaN,NaN,NaN]","[NaN,NaN,NaN,NaN]","[NaN,NaN,NaN,NaN,NaN,NaN]",0.001389,22,1,"[15,16,17]","[0.301046,1.013867,1.650308]","[{""tag_id"":15,""target_match"":true,""family"":""tag25h9"",""hamming"":0,""decision_margin"":79.508118,""pixel_xy"":[897.996533,525.255685],""world_xy_yaw"":[0.383034,0.723988,0.064936],""pnp_valid"":true,""pnp_camera_xyz"":[0.48436,0.396674,1.222642],""pnp_camera_quat_xyzw"":[-0.041042,-0.007093,0.032655,0.998598],""pnp_camera_rpy_deg"":[-4.728688,-0.658095,3.773024],""pnp_reprojection_error_px"":0.035417},{""tag_id"":16,""target_match"":true,""family"":""tag25h9"",""hamming"":0,""decision_margin"":84.459068,""pixel_xy"":[895.13633,591.573768],""world_xy_yaw"":[0.378229,0.64308,0.070022],""pnp_valid"":true,""pnp_camera_xyz"":[0.462953,0.524278,1.182951],""pnp_camera_quat_xyzw"":[-0.020904,-0.066435,0.059766,0.99578],""pnp_camera_rpy_deg"":[-2.865765,-7.458635,7.056282],""pnp_reprojection_error_px"":1.589313},{""tag_id"":17,""target_match"":true,""family"":""tag25h9"",""hamming"":0,""decision_margin"":160.967545,""pixel_xy"":[849.194038,287.649842],""world_xy_yaw"":[0.301046,1.013867,1.650308],""pnp_valid"":true,""pnp_camera_xyz"":[0.39176,-0.143223,1.274272],""pnp_camera_quat_xyzw"":[-0.023241,0.019819,0.739131,0.672869],""pnp_camera_rpy_deg"":[-0.113564,3.498846,95.37016],""pnp_reprojection_error_px"":0.017953}]",1,0.017953,160.967545,80.897106,,0,,0,,
2026-08-12T13:29:32.700083+00:00,14147.983744927,onboard_extrinsic_left_060,0,"[0.0,0.0,0.0,0.0]",0,0,0,0,,,,,,,,,,,,,,,,,,,,,,,,,,,,0,,0,,,"[NaN,NaN,NaN]","[NaN,NaN,NaN,NaN]","[NaN,NaN,NaN,NaN,NaN,NaN]",0.000924,24,1,"[15,16,17]","[0.300289,1.013633,1.646916]","[{""tag_id"":15,""target_match"":true,""family"":""tag25h9"",""hamming"":0,""decision_margin"":78.520157,""pixel_xy"":[897.855402,525.402142],""world_xy_yaw"":[0.382797,0.723809,0.06369],""pnp_valid"":true,""pnp_camera_xyz"":[0.484261,0.397105,1.223207],""pnp_camera_quat_xyzw"":[-0.041298,-0.007905,0.032362,0.998591],""pnp_camera_rpy_deg"":[-4.760938,-0.751476,3.743579],""pnp_reprojection_error_px"":0.039859},{""tag_id"":16,""target_match"":true,""family"":""tag25h9"",""hamming"":0,""decision_margin"":78.415245,""pixel_xy"":[896.177514,589.97923],""world_xy_yaw"":[0.379978,0.645025,0.06282],""pnp_valid"":true,""pnp_camera_xyz"":[0.476336,0.537773,1.213027],""pnp_camera_quat_xyzw"":[-0.053836,-0.002034,0.031977,0.998036],""pnp_camera_rpy_deg"":[-6.176494,-0.035302,3.672142],""pnp_reprojection_error_px"":0.031301},{""tag_id"":17,""target_match"":true,""family"":""tag25h9"",""hamming"":0,""decision_margin"":161.195526,""pixel_xy"":[848.743641,287.841497],""world_xy_yaw"":[0.300289,1.013633,1.646916],""pnp_valid"":true,""pnp_camera_xyz"":[0.390417,-0.142738,1.273317],""pnp_camera_quat_xyzw"":[-0.023585,0.019717,0.73854,0.673508],""pnp_camera_rpy_deg"":[-0.151914,3.519941,95.269132],""pnp_reprojection_error_px"":0.029189}]",1,0.029189,161.195526,83.541346,,0,,0,,
2026-08-12T13:29:32.750103+00:00,14148.033763088,onboard_extrinsic_left_060,0,"[0.0,0.0,0.0,0.0]",0,0,0,0,,,,,,,,,,,,,,,,,,,,,,,,,,,,0,,0,,,"[NaN,NaN,NaN]","[NaN,NaN,NaN,NaN]","[NaN,NaN,NaN,NaN,NaN,NaN]",0.002352,25,1,"[15,16,17]","[0.299975,1.013573,1.647082]","[{""tag_id"":15,""target_match"":true,""family"":""tag25h9"",""hamming"":0,""decision_margin"":77.942612,""pixel_xy"":[897.776703,525.407774],""world_xy_yaw"":[0.382665,0.723803,0.063523],""pnp_valid"":true,""pnp_camera_xyz"":[0.483955,0.39708,1.222782],""pnp_camera_quat_xyzw"":[-0.040502,-0.008988,0.032153,0.998622],""pnp_camera_rpy_deg"":[-4.673632,-0.879288,3.724176],""pnp_reprojection_error_px"":0.052434},{""tag_id"":16,""target_match"":true,""family"":""tag25h9"",""hamming"":0,""decision_margin"":77.041336,""pixel_xy"":[896.139084,589.997851],""world_xy_yaw"":[0.379914,0.645003,0.060154],""pnp_valid"":true,""pnp_camera_xyz"":[0.476625,0.538304,1.214102],""pnp_camera_quat_xyzw"":[-0.053989,-0.00116,0.030837,0.998065],""pnp_camera_rpy_deg"":[-6.190893,0.05815,3.536284],""pnp_reprojection_error_px"":0.016855},{""tag_id"":17,""target_match"":true,""family"":""tag25h9"",""hamming"":0,""decision_margin"":161.799911,""pixel_xy"":[848.556298,287.890753],""world_xy_yaw"":[0.299975,1.013573,1.647082],""pnp_valid"":true,""pnp_camera_xyz"":[0.389816,-0.14254,1.2728],""pnp_camera_quat_xyzw"":[-0.024885,0.019691,0.738563,0.673438],""pnp_camera_rpy_deg"":[-0.254405,3.628025,95.273448],""pnp_reprojection_error_px"":0.019535}]",1,0.019535,161.799911,82.73268,,0,,0,,
2026-08-12T13:29:32.800232+00:00,14148.083893902,onboard_extrinsic_left_060,0,"[0.0,0.0,0.0,0.0]",0,0,0,0,,,,,,,,,,,,,,,,,,,,,,,,,,,,0,,0,,,"[NaN,NaN,NaN]","[NaN,NaN,NaN,NaN]","[NaN,NaN,NaN,NaN,NaN,NaN]",0.000228,27,1,"[15,16,17]","[0.299502,1.013531,1.646409]","[{""tag_id"":15,""target_match"":true,""family"":""tag25h9"",""hamming"":0,""decision_margin"":75.529327,""pixel_xy"":[897.660527,525.45943],""world_xy_yaw"":[0.38247,0.723739,0.060349],""pnp_valid"":true,""pnp_camera_xyz"":[0.483126,0.396807,1.221316],""pnp_camera_quat_xyzw"":[-0.037269,-0.011021,0.031102,0.99876],""pnp_camera_rpy_deg"":[-4.309641,-1.128543,3.609745],""pnp_reprojection_error_px"":0.078417},{""tag_id"":16,""target_match"":true,""family"":""tag25h9"",""hamming"":0,""decision_margin"":81.29982,""pixel_xy"":[896.114096,590.63023],""world_xy_yaw"":[0.379872,0.644231,-0.016171],""pnp_valid"":true,""pnp_camera_xyz"":[0.466271,0.527377,1.19112],""pnp_camera_quat_xyzw"":[0.001354,-0.050428,0.032671,0.998192],""pnp_camera_rpy_deg"":[-0.034048,-5.783076,3.751032],""pnp_reprojection_error_px"":1.130331},{""tag_id"":17,""target_match"":true,""family"":""tag25h9"",""hamming"":0,""decision_margin"":161.669052,""pixel_xy"":[848.274846,287.925716],""world_xy_yaw"":[0.299502,1.013531,1.646409],""pnp_valid"":true,""pnp_camera_xyz"":[0.389051,-0.142416,1.272447],""pnp_camera_quat_xyzw"":[-0.023681,0.020962,0.738261,0.673773],""pnp_camera_rpy_deg"":[-0.055169,3.62427,95.228025],""pnp_reprojection_error_px"":0.018169}]",1,0.018169,161.669052,80.636307,,0,,0,,
2026-08-12T13:29:32.850088+00:00,14148.133748812,onboard_extrinsic_left_060,0,"[0.0,0.0,0.0,0.0]",0,0,0,0,,,,,,,,,,,,,,,,,,,,,,,,,,,,0,,0,,,"[NaN,NaN,NaN]","[NaN,NaN,NaN,NaN]","[NaN,NaN,NaN,NaN,NaN,NaN]",0.002360,28,1,"[15,16,17]","[0.299386,1.013532,1.645993]","[{""tag_id"":15,""target_match"":true,""family"":""tag25h9"",""hamming"":0,""decision_margin"":76.7239,""pixel_xy"":[897.623896,525.495109],""world_xy_yaw"":[0.382408,0.723696,0.059438],""pnp_valid"":true,""pnp_camera_xyz"":[0.482806,0.396685,1.220816],""pnp_camera_quat_xyzw"":[-0.036133,-0.010544,0.030987,0.998811],""pnp_camera_rpy_deg"":[-4.17748,-1.078594,3.593259],""pnp_reprojection_error_px"":0.05329},{""tag_id"":16,""target_match"":true,""family"":""tag25h9"",""hamming"":0,""decision_margin"":81.735863,""pixel_xy"":[895.639696,590.896907],""world_xy_yaw"":[0.379075,0.643906,0.010138],""pnp_valid"":true,""pnp_camera_xyz"":[0.466553,0.528502,1.192875],""pnp_camera_quat_xyzw"":[-0.010072,-0.055237,0.040362,0.997606],""pnp_camera_rpy_deg"":[-1.415484,-6.280544,4.711357],""pnp_reprojection_error_px"":1.081144},{""tag_id"":17,""target_match"":true,""family"":""tag25h9"",""hamming"":0,""decision_margin"":160.323715,""pixel_xy"":[848.206025,287.924393],""world_xy_yaw"":[0.299386,1.013532,1.645993],""pnp_valid"":true,""pnp_camera_xyz"":[0.389089,-0.142492,1.273119],""pnp_camera_quat_xyzw"":[-0.022497,0.022448,0.738081,0.673963],""pnp_camera_rpy_deg"":[0.161418,3.638884,95.204867],""pnp_reprojection_error_px"":0.015656}]",1,0.015656,160.323715,79.710842,,0,,0,,
2026-08-12T13:29:32.900201+00:00,14148.183862554,onboard_extrinsic_left_060,0,"[0.0,0.0,0.0,0.0]",0,0,0,0,,,,,,,,,,,,,,,,,,,,,,,,,,,,0,,0,,,"[NaN,NaN,NaN]","[NaN,NaN,NaN,NaN]","[NaN,NaN,NaN,NaN,NaN,NaN]",0.000224,30,1,"[15,16,17]","[0.299296,1.013696,1.645441]","[{""tag_id"":15,""target_match"":true,""family"":""tag25h9"",""hamming"":0,""decision_margin"":78.19445,""pixel_xy"":[897.507608,525.432787],""world_xy_yaw"":[0.382213,0.723772,0.061107],""pnp_valid"":true,""pnp_camera_xyz"":[0.483085,0.396997,1.222026],""pnp_camera_quat_xyzw"":[-0.036596,-0.010843,0.031206,0.998784],""pnp_camera_rpy_deg"":[-4.231903,-1.110231,3.620166],""pnp_reprojection_error_px"":0.09038},{""tag_id"":16,""target_match"":true,""family"":""tag25h9"",""hamming"":0,""decision_margin"":86.944153,""pixel_xy"":[895.467145,590.808048],""world_xy_yaw"":[0.378785,0.644014,0.010572],""pnp_valid"":true,""pnp_camera_xyz"":[0.465185,0.527132,1.190183],""pnp_camera_quat_xyzw"":[-0.006519,-0.056525,0.040803,0.997546],""pnp_camera_rpy_deg"":[-1.016008,-6.444477,4.741788],""pnp_reprojection_error_px"":1.066071},{""tag_id"":17,""target_match"":true,""family"":""tag25h9"",""hamming"":0,""decision_margin"":163.392349,""pixel_xy"":[848.152336,287.789879],""world_xy_yaw"":[0.299296,1.013696,1.645441],""pnp_valid"":true,""pnp_camera_xyz"":[0.388856,-0.142779,1.272775],""pnp_camera_quat_xyzw"":[-0.021516,0.024044,0.737973,0.674059],""pnp_camera_rpy_deg"":[0.372094,3.679217,95.195297],""pnp_reprojection_error_px"":0.017945}]",1,0.017945,163.392349,77.542099,,0,,0,,
2026-08-12T13:29:32.950069+00:00,14148.233730295,onboard_extrinsic_left_060,0,"[0.0,0.0,0.0,0.0]",0,0,0,0,,,,,,,,,,,,,,,,,,,,,,,,,,,,0,,0,,,"[NaN,NaN,NaN]","[NaN,NaN,NaN,NaN]","[NaN,NaN,NaN,NaN,NaN,NaN]",0.002356,31,1,"[15,16,17]","[0.299364,1.013784,1.646326]","[{""tag_id"":15,""target_match"":true,""family"":""tag25h9"",""hamming"":0,""decision_margin"":78.888474,""pixel_xy"":[897.485287,525.393498],""world_xy_yaw"":[0.382175,0.72382,0.060454],""pnp_valid"":true,""pnp_camera_xyz"":[0.483377,0.397213,1.223049],""pnp_camera_quat_xyzw"":[-0.038194,-0.01076,0.031519,0.998715],""pnp_camera_rpy_deg"":[-4.415099,-1.093502,3.657362],""pnp_reprojection_error_px"":0.062537},{""tag_id"":16,""target_match"":true,""family"":""tag25h9"",""hamming"":0,""decision_margin"":87.312828,""pixel_xy"":[895.558036,590.66659],""world_xy_yaw"":[0.378937,0.644187,-0.000361],""pnp_valid"":true,""pnp_camera_xyz"":[0.464153,0.525819,1.187703],""pnp_camera_quat_xyzw"":[-0.000851,-0.055955,0.038439,0.997693],""pnp_camera_rpy_deg"":[-0.345878,-6.406828,4.432152],""pnp_reprojection_error_px"":1.074559},{""tag_id"":17,""target_match"":true,""family"":""tag25h9"",""hamming"":0,""decision_margin"":161.292404,""pixel_xy"":[848.192727,287.718116],""world_xy_yaw"":[0.299364,1.013784,1.646326],""pnp_valid"":true,""pnp_camera_xyz"":[0.389168,-0.143006,1.273523],""pnp_camera_quat_xyzw"":[-0.019982,0.025029,0.737959,0.674085],""pnp_camera_rpy_deg"":[0.574155,3.625541,95.198202],""pnp_reprojection_error_px"":0.006998}]",1,0.006998,161.292404,76.891671,,0,,0,,
2026-08-12T13:29:33.000198+00:00,14148.283857579,onboard_extrinsic_left_060,0,"[0.0,0.0,0.0,0.0]",0,0,0,0,,,,,,,,,,,,,,,,,,,,,,,,,,,,0,,0,,,"[NaN,NaN,NaN]","[NaN,NaN,NaN,NaN]","[NaN,NaN,NaN,NaN,NaN,NaN]",0.001691,33,1,"[15,16,17]","[0.299437,1.013959,1.64706]","[{""tag_id"":15,""target_match"":true,""family"":""tag25h9"",""hamming"":0,""decision_margin"":78.176559,""pixel_xy"":[897.382549,525.238906],""world_xy_yaw"":[0.382003,0.724009,0.059877],""pnp_valid"":true,""pnp_camera_xyz"":[0.483004,0.396898,1.222842],""pnp_camera_quat_xyzw"":[-0.037668,-0.011672,0.032149,0.998705],""pnp_camera_rpy_deg"":[-4.358973,-1.19707,3.733097],""pnp_reprojection_error_px"":0.094961},{""tag_id"":16,""target_match"":true,""family"":""tag25h9"",""hamming"":0,""decision_margin"":85.83567,""pixel_xy"":[895.502362,590.297591],""world_xy_yaw"":[0.378844,0.644637,0.00953],""pnp_valid"":true,""pnp_camera_xyz"":[0.467172,0.529107,1.195631],""pnp_camera_quat_xyzw"":[-0.009827,-0.042584,0.035194,0.998424],""pnp_camera_rpy_deg"":[-1.300762,-4.838227,4.092554],""pnp_reprojection_error_px"":0.836475},{""tag_id"":17,""target_match"":true,""family"":""tag25h9"",""hamming"":0,""decision_margin"":161.08934,""pixel_xy"":[848.236328,287.57471],""world_xy_yaw"":[0.299437,1.013959,1.64706],""pnp_valid"":true,""pnp_camera_xyz"":[0.389415,-0.143356,1.273894],""pnp_camera_quat_xyzw"":[-0.01908,0.024612,0.73787,0.674225],""pnp_camera_rpy_deg"":[0.608133,3.517018,95.179979],""pnp_reprojection_error_px"":0.021313}]",1,0.021313,161.08934,75.470749,,0,,0,,
2026-08-12T13:29:33.050054+00:00,14148.333714857,onboard_extrinsic_left_060,0,"[0.0,0.0,0.0,0.0]",0,0,0,0,,,,,,,,,,,,,,,,,,,,,,,,,,,,0,,0,,,"[NaN,NaN,NaN]","[NaN,NaN,NaN,NaN]","[NaN,NaN,NaN,NaN,NaN,NaN]",0.002400,34,1,"[15,16,17]","[0.2995,1.014056,1.647054]","[{""tag_id"":15,""target_match"":true,""family"":""tag25h9"",""hamming"":0,""decision_margin"":76.428383,""pixel_xy"":[897.272613,525.189217],""world_xy_yaw"":[0.381818,0.724069,0.062195],""pnp_valid"":true,""pnp_camera_xyz"":[0.483131,0.39701,1.223692],""pnp_camera_quat_xyzw"":[-0.038208,-0.011001,0.032674,0.998675],""pnp_camera_rpy_deg"":[-4.418963,-1.115948,3.790891],""pnp_reprojection_error_px"":0.07593},{""tag_id"":16,""target_match"":true,""family"":""tag25h9"",""hamming"":0,""decision_margin"":82.872208,""pixel_xy"":[895.529743,590.119464],""world_xy_yaw"":[0.37889,0.644854,-0.010448],""pnp_valid"":true,""pnp_camera_xyz"":[0.466482,0.528446,1.194831],""pnp_camera_quat_xyzw"":[-0.004582,-0.047583,0.032972,0.998312],""pnp_camera_rpy_deg"":[-0.707203,-5.434239,3.816835],""pnp_reprojection_error_px"":0.924295},{""tag_id"":17,""target_match"":true,""family"":""tag25h9"",""hamming"":0,""decision_margin"":161.937988,""pixel_xy"":[848.27394,287.495123],""world_xy_yaw"":[0.2995,1.014056,1.647054],""pnp_valid"":true,""pnp_camera_xyz"":[0.38957,-0.143585,1.274068],""pnp_camera_quat_xyzw"":[-0.019425,0.024359,0.738067,0.674008],""pnp_camera_rpy_deg"":[0.560914,3.526512,95.212134],""pnp_reprojection_error_px"":0.025458}]",1,0.025458,161.937988,79.133567,,0,,0,,
2026-08-12T13:29:33.099757+00:00,14148.383424047,onboard_extrinsic_left_060,0,"[0.0,0.0,0.0,0.0]",0,0,0,0,,,,,,,,,,,,,,,,,,,,,,,,,,,,0,,0,,,"[NaN,NaN,NaN]","[NaN,NaN,NaN,NaN]","[NaN,NaN,NaN,NaN,NaN,NaN]",0.001320,36,1,"[15,16,17]","[0.299454,1.014235,1.647445]","[{""tag_id"":15,""target_match"":true,""family"":""tag25h9"",""hamming"":0,""decision_margin"":74.675385,""pixel_xy"":[897.051634,525.116732],""world_xy_yaw"":[0.381447,0.724158,0.06265],""pnp_valid"":true,""pnp_camera_xyz"":[0.482239,0.396386,1.222585],""pnp_camera_quat_xyzw"":[-0.035835,-0.012609,0.033015,0.998733],""pnp_camera_rpy_deg"":[-4.153596,-1.307647,3.834135],""pnp_reprojection_error_px"":0.050273},{""tag_id"":16,""target_match"":true,""family"":""tag25h9"",""hamming"":0,""decision_margin"":84.80056,""pixel_xy"":[895.338951,590.266337],""world_xy_yaw"":[0.378569,0.644675,-0.034928],""pnp_valid"":true,""pnp_camera_xyz"":[0.461045,0.52275,1.182909],""pnp_camera_quat_xyzw"":[0.011847,-0.062963,0.034513,0.997349],""pnp_camera_rpy_deg"":[1.113959,-7.262153,3.893153],""pnp_reprojection_error_px"":1.295046},{""tag_id"":17,""target_match"":true,""family"":""tag25h9"",""hamming"":0,""decision_margin"":161.146912,""pixel_xy"":[848.246612,287.348249],""world_xy_yaw"":[0.299454,1.014235,1.647445],""pnp_valid"":true,""pnp_camera_xyz"":[0.389332,-0.143868,1.273431],""pnp_camera_quat_xyzw"":[-0.0215,0.023413,0.738468,0.673539],""pnp_camera_rpy_deg"":[0.322497,3.628833,95.275834],""pnp_reprojection_error_px"":0.03497}]",1,0.03497,161.146912,79.040715,,0,,0,,
2026-08-12T13:29:33.149564+00:00,14148.433236933,onboard_extrinsic_left_060,0,"[0.0,0.0,0.0,0.0]",0,0,0,0,,,,,,,,,,,,,,,,,,,,,,,,,,,,0,,0,,,"[NaN,NaN,NaN]","[NaN,NaN,NaN,NaN]","[NaN,NaN,NaN,NaN,NaN,NaN]",0.001852,37,1,"[15,16,17]","[0.299385,1.014297,1.647938]","[{""tag_id"":15,""target_match"":true,""family"":""tag25h9"",""hamming"":0,""decision_margin"":76.152168,""pixel_xy"":[896.977228,525.078286],""world_xy_yaw"":[0.381322,0.724204,0.062436],""pnp_valid"":true,""pnp_camera_xyz"":[0.482197,0.39639,1.222954],""pnp_camera_quat_xyzw"":[-0.036787,-0.012668,0.033144,0.998693],""pnp_camera_rpy_deg"":[-4.263108,-1.310162,3.850375],""pnp_reprojection_error_px"":0.035661},{""tag_id"":16,""target_match"":true,""family"":""tag25h9"",""hamming"":0,""decision_margin"":85.050911,""pixel_xy"":[895.282209,590.248124],""world_xy_yaw"":[0.378474,0.644697,-0.03989],""pnp_valid"":true,""pnp_camera_xyz"":[0.460629,0.522377,1.18248],""pnp_camera_quat_xyzw"":[0.014105,-0.063282,0.033835,0.997322],""pnp_camera_rpy_deg"":[1.377897,-7.306679,3.798184],""pnp_reprojection_error_px"":1.383543},{""tag_id"":17,""target_match"":true,""family"":""tag25h9"",""hamming"":0,""decision_margin"":160.676498,""pixel_xy"":[848.205413,287.297906],""world_xy_yaw"":[0.299385,1.014297,1.647938],""pnp_valid"":true,""pnp_camera_xyz"":[0.389281,-0.144016,1.273659],""pnp_camera_quat_xyzw"":[-0.021569,0.023316,0.738648,0.673343],""pnp_camera_rpy_deg"":[0.309858,3.627129,95.305966],""pnp_reprojection_error_px"":0.025481}]",1,0.025481,160.676498,80.606553,,0,,0,,
2026-08-12T13:29:33.199570+00:00,14148.483235997,onboard_extrinsic_left_060,0,"[0.0,0.0,0.0,0.0]",0,0,0,0,,,,,,,,,,,,,,,,,,,,,,,,,,,,0,,0,,,"[NaN,NaN,NaN]","[NaN,NaN,NaN,NaN]","[NaN,NaN,NaN,NaN,NaN,NaN]",0.001848,38,1,"[15,16,17]","[0.299239,1.014347,1.648451]","[{""tag_id"":15,""target_match"":true,""family"":""tag25h9"",""hamming"":0,""decision_margin"":75.484688,""pixel_xy"":[896.87169,525.048358],""world_xy_yaw"":[0.381144,0.724241,0.062352],""pnp_valid"":true,""pnp_camera_xyz"":[0.482246,0.396545,1.223719],""pnp_camera_quat_xyzw"":[-0.036903,-0.012999,0.033383,0.998676],""pnp_camera_rpy_deg"":[-4.278097,-1.346571,3.879397],""pnp_reprojection_error_px"":0.025223},{""tag_id"":16,""target_match"":true,""family"":""tag25h9"",""hamming"":0,""decision_margin"":85.59967,""pixel_xy"":[894.525891,590.277295],""world_xy_yaw"":[0.377203,0.644662,0.019663],""pnp_valid"":true,""pnp_camera_xyz"":[0.466612,0.530092,1.199066],""pnp_camera_quat_xyzw"":[-0.017229,-0.053408,0.042303,0.997528],""pnp_camera_rpy_deg"":[-2.241302,-6.032652,4.974761],""pnp_reprojection_error_px"":0.976667},{""tag_id"":17,""target_match"":true,""family"":""tag25h9"",""hamming"":0,""decision_margin"":162.028488,""pixel_xy"":[848.118316,287.256239],""world_xy_yaw"":[0.299239,1.014347,1.648451],""pnp_valid"":true,""pnp_camera_xyz"":[0.389181,-0.144155,1.274073],""pnp_camera_quat_xyzw"":[-0.021516,0.022756,0.738701,0.673306],""pnp_camera_rpy_deg"":[0.266729,3.579391,95.31166],""pnp_reprojection_error_px"":0.015049}]",1,0.015049,162.028488,82.296196,,0,,0,,
2026-08-12T13:29:33.250093+00:00,14148.533753319,onboard_extrinsic_left_060,0,"[0.0,0.0,0.0,0.0]",0,0,0,0,,,,,,,,,,,,,,,,,,,,,,,,,,,,0,,0,,,"[NaN,NaN,NaN]","[NaN,NaN,NaN,NaN]","[NaN,NaN,NaN,NaN,NaN,NaN]",0.001598,40,1,"[15,16,17]","[0.298943,1.014385,1.646923]","[{""tag_id"":15,""target_match"":true,""family"":""tag25h9"",""hamming"":0,""decision_margin"":76.567001,""pixel_xy"":[896.582049,524.889238],""world_xy_yaw"":[0.380658,0.724435,0.062609],""pnp_valid"":true,""pnp_camera_xyz"":[0.480989,0.395793,1.222093],""pnp_camera_quat_xyzw"":[-0.034565,-0.013447,0.033286,0.998757],""pnp_camera_rpy_deg"":[-4.011765,-1.407271,3.866967],""pnp_reprojection_error_px"":0.07186},{""tag_id"":16,""target_match"":true,""family"":""tag25h9"",""hamming"":0,""decision_margin"":78.718987,""pixel_xy"":[894.628051,589.393734],""world_xy_yaw"":[0.377375,0.64574,0.059135],""pnp_valid"":true,""pnp_camera_xyz"":[0.472874,0.536481,1.213146],""pnp_camera_quat_xyzw"":[-0.0459,-0.007408,0.032975,0.998374],""pnp_camera_rpy_deg"":[-5.287065,-0.674101,3.814612],""pnp_reprojection_error_px"":0.037516},{""tag_id"":17,""target_match"":true,""family"":""tag25h9"",""hamming"":0,""decision_margin"":165.497833,""pixel_xy"":[847.942439,287.225445],""world_xy_yaw"":[0.298943,1.014385,1.646923],""pnp_valid"":true,""pnp_camera_xyz"":[0.388608,-0.144261,1.273592],""pnp_camera_quat_xyzw"":[-0.02283,0.020401,0.738781,0.67325],""pnp_camera_rpy_deg"":[-0.034204,3.508841,95.313207],""pnp_reprojection_error_px"":0.043612}]",1,0.043612,165.497833,79.974868,,0,,0,,
2026-08-12T13:29:33.298227+00:00,14148.581898520,onboard_extrinsic_left_060,0,"[0.0,0.0,0.0,0.0]",0,0,0,0,,,,,,,,,,,,,,,,,,,,,,,,,,,,0,,0,,,"[NaN,NaN,NaN]","[NaN,NaN,NaN,NaN]","[NaN,NaN,NaN,NaN,NaN,NaN]",0.000902,41,1,"[15,16,17]","[0.298714,1.014444,1.647765]","[{""tag_id"":15,""target_match"":true,""family"":""tag25h9"",""hamming"":0,""decision_margin"":77.248955,""pixel_xy"":[896.434165,524.85244],""world_xy_yaw"":[0.380409,0.72448,0.06152],""pnp_valid"":true,""pnp_camera_xyz"":[0.481298,0.396258,1.223834],""pnp_camera_quat_xyzw"":[-0.03664,-0.011216,0.032543,0.998736],""pnp_camera_rpy_deg"":[-4.239822,-1.147098,3.774987],""pnp_reprojection_error_px"":0.055833},{""tag_id"":16,""target_match"":true,""family"":""tag25h9"",""hamming"":0,""decision_margin"":79.693245,""pixel_xy"":[894.474958,589.384228],""world_xy_yaw"":[0.377118,0.645751,0.058596],""pnp_valid"":true,""pnp_camera_xyz"":[0.472655,0.536532,1.213457],""pnp_camera_quat_xyzw"":[-0.046694,-0.007519,0.032743,0.998344],""pnp_camera_rpy_deg"":[-5.378361,-0.684951,3.789139],""pnp_reprojection_error_px"":0.065586},{""tag_id"":17,""target_match"":true,""family"":""tag25h9"",""hamming"":0,""decision_margin"":162.904037,""pixel_xy"":[847.805732,287.177055],""world_xy_yaw"":[0.298714,1.014444,1.647765],""pnp_valid"":true,""pnp_camera_xyz"":[0.388521,-0.144434,1.274269],""pnp_camera_quat_xyzw"":[-0.022622,0.020104,0.738891,0.673145],""pnp_camera_rpy_deg"":[-0.04292,3.468296,95.330317],""pnp_reprojection_error_px"":0.039948}]",1,0.039948,162.904037,79.486544,,0,,0,,
2026-08-12T13:29:33.350123+00:00,14148.633783011,onboard_extrinsic_left_060,0,"[0.0,0.0,0.0,0.0]",0,0,0,0,,,,,,,,,,,,,,,,,,,,,,,,,,,,0,,0,,,"[NaN,NaN,NaN]","[NaN,NaN,NaN,NaN]","[NaN,NaN,NaN,NaN,NaN,NaN]",0.001583,43,1,"[15,16,17]","[0.298186,1.01453,1.648363]","[{""tag_id"":15,""target_match"":true,""family"":""tag25h9"",""hamming"":0,""decision_margin"":76.941322,""pixel_xy"":[896.102852,524.823356],""world_xy_yaw"":[0.379853,0.724516,0.061535],""pnp_valid"":true,""pnp_camera_xyz"":[0.480161,0.395806,1.222866],""pnp_camera_quat_xyzw"":[-0.034539,-0.012085,0.033023,0.998785],""pnp_camera_rpy_deg"":[-4.002982,-1.252523,3.83118],""pnp_reprojection_error_px"":0.023382},{""tag_id"":16,""target_match"":true,""family"":""tag25h9"",""hamming"":0,""decision_margin"":81.437447,""pixel_xy"":[894.130848,589.291578],""world_xy_yaw"":[0.37654,0.645864,0.058506],""pnp_valid"":true,""pnp_camera_xyz"":[0.47242,0.537016,1.214919],""pnp_camera_quat_xyzw"":[-0.04895,-0.006182,0.03249,0.998253],""pnp_camera_rpy_deg"":[-5.631815,-0.52498,3.754131],""pnp_reprojection_error_px"":0.050303},{""tag_id"":17,""target_match"":true,""family"":""tag25h9"",""hamming"":0,""decision_margin"":160.295349,""pixel_xy"":[847.491817,287.106142],""world_xy_yaw"":[0.298186,1.01453,1.648363],""pnp_valid"":true,""pnp_camera_xyz"":[0.387569,-0.144513,1.273557],""pnp_camera_quat_xyzw"":[-0.024446,0.019704,0.739213,0.672739],""pnp_camera_rpy_deg"":[-0.215883,3.592059,95.38412],""pnp_reprojection_error_px"":0.03647}]",1,0.03647,160.295349,79.889018,,0,,0,,
2026-08-12T13:29:33.400398+00:00,14148.684061512,onboard_extrinsic_left_060,0,"[0.0,0.0,0.0,0.0]",0,0,0,0,,,,,,,,,,,,,,,,,,,,,,,,,,,,0,,0,,,"[NaN,NaN,NaN]","[NaN,NaN,NaN,NaN]","[NaN,NaN,NaN,NaN,NaN,NaN]",0.000179,45,1,"[15,16,17]","[0.297454,1.014626,1.649526]","[{""tag_id"":15,""target_match"":true,""family"":""tag25h9"",""hamming"":0,""decision_margin"":78.86879,""pixel_xy"":[895.758359,524.762255],""world_xy_yaw"":[0.379274,0.72459,0.061916],""pnp_valid"":true,""pnp_camera_xyz"":[0.479466,0.395798,1.223081],""pnp_camera_quat_xyzw"":[-0.035942,-0.013268,0.033582,0.998701],""pnp_camera_rpy_deg"":[-4.169259,-1.380253,3.901957],""pnp_reprojection_error_px"":0.045842},{""tag_id"":16,""target_match"":true,""family"":""tag25h9"",""hamming"":0,""decision_margin"":79.390663,""pixel_xy"":[893.806171,589.288509],""world_xy_yaw"":[0.375994,0.645868,0.057764],""pnp_valid"":true,""pnp_camera_xyz"":[0.47101,0.536201,1.21319],""pnp_camera_quat_xyzw"":[-0.04702,-0.005786,0.032158,0.998359],""pnp_camera_rpy_deg"":[-5.4088,-0.488641,3.712914],""pnp_reprojection_error_px"":0.0705},{""tag_id"":17,""target_match"":true,""family"":""tag25h9"",""hamming"":0,""decision_margin"":163.202911,""pixel_xy"":[847.055803,287.02756],""world_xy_yaw"":[0.297454,1.014626,1.649526],""pnp_valid"":true,""pnp_camera_xyz"":[0.38677,-0.144719,1.274199],""pnp_camera_quat_xyzw"":[-0.023675,0.020709,0.739212,0.672738],""pnp_camera_rpy_deg"":[-0.071018,3.604319,95.388669],""pnp_reprojection_error_px"":0.029622}]",1,0.029622,163.202911,81.122201,,0,,0,,
2026-08-12T13:29:33.449837+00:00,14148.733497420,onboard_extrinsic_left_060,0,"[0.0,0.0,0.0,0.0]",0,0,0,0,,,,,,,,,,,,,,,,,,,,,,,,,,,,0,,0,,,"[NaN,NaN,NaN]","[NaN,NaN,NaN,NaN]","[NaN,NaN,NaN,NaN,NaN,NaN]",0.001997,46,1,"[15,16,17]","[0.297007,1.014596,1.648487]","[{""tag_id"":15,""target_match"":true,""family"":""tag25h9"",""hamming"":0,""decision_margin"":78.842873,""pixel_xy"":[895.548769,524.764169],""world_xy_yaw"":[0.378922,0.724588,0.061254],""pnp_valid"":true,""pnp_camera_xyz"":[0.478607,0.395505,1.222045],""pnp_camera_quat_xyzw"":[-0.035221,-0.013532,0.033154,0.998738],""pnp_camera_rpy_deg"":[-4.087064,-1.415009,3.853045],""pnp_reprojection_error_px"":0.063482},{""tag_id"":16,""target_match"":true,""family"":""tag25h9"",""hamming"":0,""decision_margin"":83.278549,""pixel_xy"":[893.753453,590.015289],""world_xy_yaw"":[0.375906,0.644981,-0.028109],""pnp_valid"":true,""pnp_camera_xyz"":[0.457237,0.521623,1.181695],""pnp_camera_quat_xyzw"":[0.011422,-0.061055,0.035501,0.997437],""pnp_camera_rpy_deg"":[1.06525,-7.042676,4.011331],""pnp_reprojection_error_px"":1.279598},{""tag_id"":17,""target_match"":true,""family"":""tag25h9"",""hamming"":0,""decision_margin"":162.28891,""pixel_xy"":[846.789725,287.052377],""world_xy_yaw"":[0.297007,1.014596,1.648487],""pnp_valid"":true,""pnp_camera_xyz"":[0.386151,-0.1447,1.274339],""pnp_camera_quat_xyzw"":[-0.022654,0.021108,0.738898,0.673106],""pnp_camera_rpy_deg"":[0.039913,3.548532,95.336709],""pnp_reprojection_error_px"":0.022049}]",1,0.022049,162.28891,80.064451,,0,,0,,
2026-08-12T13:29:33.500382+00:00,14148.784044383,onboard_extrinsic_left_060,0,"[0.0,0.0,0.0,0.0]",0,0,0,0,,,,,,,,,,,,,,,,,,,,,,,,,,,,0,,0,,,"[NaN,NaN,NaN]","[NaN,NaN,NaN,NaN]","[NaN,NaN,NaN,NaN,NaN,NaN]",0.000183,48,1,"[15,16,17]","[0.29595,1.014525,1.649555]","[{""tag_id"":15,""target_match"":true,""family"":""tag25h9"",""hamming"":0,""decision_margin"":78.02578,""pixel_xy"":[895.115005,524.885569],""world_xy_yaw"":[0.378193,0.72444,0.061286],""pnp_valid"":true,""pnp_camera_xyz"":[0.477844,0.395886,1.222654],""pnp_camera_quat_xyzw"":[-0.03615,-0.013416,0.033467,0.998696],""pnp_camera_rpy_deg"":[-4.193526,-1.396804,3.88973],""pnp_reprojection_error_px"":0.022087},{""tag_id"":16,""target_match"":true,""family"":""tag25h9"",""hamming"":0,""decision_margin"":85.130417,""pixel_xy"":[892.677011,590.327056],""world_xy_yaw"":[0.374097,0.644601,0.023744],""pnp_valid"":true,""pnp_camera_xyz"":[0.461118,0.528032,1.194906],""pnp_camera_quat_xyzw"":[-0.014475,-0.058452,0.045052,0.997168],""pnp_camera_rpy_deg"":[-1.969282,-6.619073,5.287654],""pnp_reprojection_error_px"":1.08968},{""tag_id"":17,""target_match"":true,""family"":""tag25h9"",""hamming"":0,""decision_margin"":161.457001,""pixel_xy"":[846.160435,287.110526],""world_xy_yaw"":[0.29595,1.014525,1.649555],""pnp_valid"":true,""pnp_camera_xyz"":[0.384647,-0.144505,1.274244],""pnp_camera_quat_xyzw"":[-0.021325,0.022153,0.738789,0.673235],""pnp_camera_rpy_deg"":[0.230712,3.516628,95.323247],""pnp_reprojection_error_px"":0.009111}]",1,0.009111,161.457001,82.756418,,0,,0,,
2026-08-12T13:29:33.548665+00:00,14148.832335499,onboard_extrinsic_left_060,0,"[0.0,0.0,0.0,0.0]",0,0,0,0,,,,,,,,,,,,,,,,,,,,,,,,,,,,0,,0,,,"[NaN,NaN,NaN]","[NaN,NaN,NaN,NaN]","[NaN,NaN,NaN,NaN,NaN,NaN]",0.001021,49,1,[17],"[0.29538,1.014422,1.644933]","[{""tag_id"":17,""target_match"":true,""family"":""tag25h9"",""hamming"":0,""decision_margin"":161.339539,""pixel_xy"":[845.821501,287.194944],""world_xy_yaw"":[0.29538,1.014422,1.644933],""pnp_valid"":true,""pnp_camera_xyz"":[0.383629,-0.144312,1.273376],""pnp_camera_quat_xyzw"":[-0.022371,0.022442,0.738166,0.673874],""pnp_camera_rpy_deg"":[0.171117,3.627685,95.219304],""pnp_reprojection_error_px"":0.048323}]",1,0.048323,161.339539,82.393361,,0,,0,,
2026-08-12T13:29:33.600125+00:00,14148.883784081,onboard_extrinsic_left_060,0,"[0.0,0.0,0.0,0.0]",0,0,0,0,,,,,,,,,,,,,,,,,,,,,,,,,,,,0,,0,,,"[NaN,NaN,NaN]","[NaN,NaN,NaN,NaN]","[NaN,NaN,NaN,NaN,NaN,NaN]",0.001614,51,1,"[15,16,17]","[0.29437,1.014368,1.645865]","[{""tag_id"":15,""target_match"":true,""family"":""tag25h9"",""hamming"":0,""decision_margin"":78.282059,""pixel_xy"":[894.479687,524.891282],""world_xy_yaw"":[0.377126,0.724433,0.062363],""pnp_valid"":true,""pnp_camera_xyz"":[0.47683,0.396321,1.223573],""pnp_camera_quat_xyzw"":[-0.03727,-0.010208,0.032399,0.998728],""pnp_camera_rpy_deg"":[-4.308037,-1.029938,3.754812],""pnp_reprojection_error_px"":0.079557},{""tag_id"":16,""target_match"":true,""family"":""tag25h9"",""hamming"":0,""decision_margin"":82.930443,""pixel_xy"":[892.532947,590.151837],""world_xy_yaw"":[0.373855,0.644815,-0.003839],""pnp_valid"":true,""pnp_camera_xyz"":[0.459179,0.526861,1.192359],""pnp_camera_quat_xyzw"":[-0.004335,-0.056242,0.038218,0.997676],""pnp_camera_rpy_deg"":[-0.746668,-6.424335,4.429397],""pnp_reprojection_error_px"":1.063686},{""tag_id"":17,""target_match"":true,""family"":""tag25h9"",""hamming"":0,""decision_margin"":163.017822,""pixel_xy"":[845.220196,287.239652],""world_xy_yaw"":[0.29437,1.014368,1.645865],""pnp_valid"":true,""pnp_camera_xyz"":[0.382128,-0.144139,1.273236],""pnp_camera_quat_xyzw"":[-0.020499,0.023979,0.737923,0.674148],""pnp_camera_rpy_deg"":[0.444991,3.588118,95.185854],""pnp_reprojection_error_px"":0.01911}]",1,0.01911,163.017822,79.954621,,0,,0,,
2026-08-12T13:29:33.649537+00:00,14148.933205082,onboard_extrinsic_left_060,0,"[0.0,0.0,0.0,0.0]",0,0,0,0,,,,,,,,,,,,,,,,,,,,,,,,,,,,0,,0,,,"[NaN,NaN,NaN]","[NaN,NaN,NaN,NaN]","[NaN,NaN,NaN,NaN,NaN,NaN]",0.001826,52,1,"[15,16,17]","[0.29398,1.014379,1.643046]","[{""tag_id"":15,""target_match"":true,""family"":""tag25h9"",""hamming"":0,""decision_margin"":76.62146,""pixel_xy"":[894.353972,524.791745],""world_xy_yaw"":[0.376915,0.724554,0.061107],""pnp_valid"":true,""pnp_camera_xyz"":[0.476655,0.396302,1.223931],""pnp_camera_quat_xyzw"":[-0.038393,-0.010389,0.03214,0.998692],""pnp_camera_rpy_deg"":[-4.437226,-1.047595,3.727162],""pnp_reprojection_error_px"":0.113185},{""tag_id"":16,""target_match"":true,""family"":""tag25h9"",""hamming"":0,""decision_margin"":71.935432,""pixel_xy"":[891.717163,588.050733],""world_xy_yaw"":[0.372485,0.647378,0.092452],""pnp_valid"":true,""pnp_camera_xyz"":[0.492005,0.560728,1.277782],""pnp_camera_quat_xyzw"":[0.00603,0.035612,0.024111,0.999057],""pnp_camera_rpy_deg"":[0.790748,4.063762,2.793061],""pnp_reprojection_error_px"":0.643463},{""tag_id"":17,""target_match"":true,""family"":""tag25h9"",""hamming"":0,""decision_margin"":161.5952,""pixel_xy"":[844.988387,287.230652],""world_xy_yaw"":[0.29398,1.014379,1.643046],""pnp_valid"":true,""pnp_camera_xyz"":[0.38119,-0.144075,1.27191],""pnp_camera_quat_xyzw"":[-0.02236,0.025217,0.737777,0.674203],""pnp_camera_rpy_deg"":[0.405338,3.841432,95.169511],""pnp_reprojection_error_px"":0.047013}]",1,0.047013,161.5952,84.044837,,0,,0,,
2026-08-12T13:29:33.699774+00:00,14148.983448242,onboard_extrinsic_left_060,0,"[0.0,0.0,0.0,0.0]",0,0,0,0,,,,,,,,,,,,,,,,,,,,,,,,,,,,0,,0,,,"[NaN,NaN,NaN]","[NaN,NaN,NaN,NaN]","[NaN,NaN,NaN,NaN,NaN,NaN]",0.000575,54,1,"[15,16,17]","[0.293376,1.014601,1.643291]","[{""tag_id"":15,""target_match"":true,""family"":""tag25h9"",""hamming"":0,""decision_margin"":78.49395,""pixel_xy"":[894.06529,524.664453],""world_xy_yaw"":[0.37643,0.724709,0.05924],""pnp_valid"":true,""pnp_camera_xyz"":[0.475741,0.39556,1.223072],""pnp_camera_quat_xyzw"":[-0.035548,-0.012372,0.03119,0.998805],""pnp_camera_rpy_deg"":[-4.117441,-1.289141,3.623523],""pnp_reprojection_error_px"":0.055285},{""tag_id"":16,""target_match"":true,""family"":""tag25h9"",""hamming"":0,""decision_margin"":84.291557,""pixel_xy"":[892.237522,589.866183],""world_xy_yaw"":[0.373359,0.645163,0.005102],""pnp_valid"":true,""pnp_camera_xyz"":[0.45888,0.526465,1.192658],""pnp_camera_quat_xyzw"":[-0.007745,-0.052756,0.037895,0.997858],""pnp_camera_rpy_deg"":[-1.12092,-6.009857,4.408515],""pnp_reprojection_error_px"":0.976155},{""tag_id"":17,""target_match"":true,""family"":""tag25h9"",""hamming"":0,""decision_margin"":159.208237,""pixel_xy"":[844.62851,287.048239],""world_xy_yaw"":[0.293376,1.014601,1.643291],""pnp_valid"":true,""pnp_camera_xyz"":[0.380242,-0.144362,1.271415],""pnp_camera_quat_xyzw"":[-0.022977,0.025938,0.737375,0.674594],""pnp_camera_rpy_deg"":[0.416428,3.949713,95.106108],""pnp_reprojection_error_px"":0.019646}]",1,0.019646,159.208237,83.289302,,0,,0,,
2026-08-12T13:29:33.749961+00:00,14149.033621691,onboard_extrinsic_left_060,0,"[0.0,0.0,0.0,0.0]",0,0,0,0,,,,,,,,,,,,,,,,,,,,,,,,,,,,0,,0,,,"[NaN,NaN,NaN]","[NaN,NaN,NaN,NaN]","[NaN,NaN,NaN,NaN,NaN,NaN]",0.002332,55,1,"[15,16,17]","[0.293078,1.014734,1.643008]","[{""tag_id"":15,""target_match"":true,""family"":""tag25h9"",""hamming"":0,""decision_margin"":77.906364,""pixel_xy"":[893.986601,524.568258],""world_xy_yaw"":[0.376297,0.724827,0.058994],""pnp_valid"":true,""pnp_camera_xyz"":[0.475656,0.395345,1.223378],""pnp_camera_quat_xyzw"":[-0.036385,-0.012128,0.031318,0.998773],""pnp_camera_rpy_deg"":[-4.212612,-1.257565,3.638228],""pnp_reprojection_error_px"":0.030836},{""tag_id"":16,""target_match"":true,""family"":""tag25h9"",""hamming"":0,""decision_margin"":77.939186,""pixel_xy"":[891.591221,587.988539],""world_xy_yaw"":[0.372273,0.647454,0.061602],""pnp_valid"":true,""pnp_camera_xyz"":[0.485616,0.553066,1.263245],""pnp_camera_quat_xyzw"":[0.029388,0.006821,0.027927,0.999155],""pnp_camera_rpy_deg"":[3.388865,0.686904,3.222449],""pnp_reprojection_error_px"":1.069006},{""tag_id"":17,""target_match"":true,""family"":""tag25h9"",""hamming"":0,""decision_margin"":160.268982,""pixel_xy"":[844.451118,286.939486],""world_xy_yaw"":[0.293078,1.014734,1.643008],""pnp_valid"":true,""pnp_camera_xyz"":[0.37999,-0.14467,1.271889],""pnp_camera_quat_xyzw"":[-0.022051,0.025229,0.73711,0.674942],""pnp_camera_rpy_deg"":[0.426482,3.81664,95.056063],""pnp_reprojection_error_px"":0.027311}]",1,0.027311,160.268982,82.589311,,0,,0,,
2026-08-12T13:29:33.800117+00:00,14149.083777949,onboard_extrinsic_left_060,0,"[0.0,0.0,0.0,0.0]",0,0,0,0,,,,,,,,,,,,,,,,,,,,,,,,,,,,0,,0,,,"[NaN,NaN,NaN]","[NaN,NaN,NaN,NaN]","[NaN,NaN,NaN,NaN,NaN,NaN]",0.001608,57,1,"[15,16,17]","[0.292449,1.014922,1.64014]","[{""tag_id"":15,""target_match"":true,""family"":""tag25h9"",""hamming"":0,""decision_margin"":77.769295,""pixel_xy"":[893.69737,524.286437],""world_xy_yaw"":[0.375812,0.725171,0.058996],""pnp_valid"":true,""pnp_camera_xyz"":[0.475362,0.395118,1.224348],""pnp_camera_quat_xyzw"":[-0.038897,-0.011157,0.031192,0.998694],""pnp_camera_rpy_deg"":[-4.496838,-1.137914,3.622532],""pnp_reprojection_error_px"":0.037119},{""tag_id"":16,""target_match"":true,""family"":""tag25h9"",""hamming"":0,""decision_margin"":81.249275,""pixel_xy"":[892.493862,589.243033],""world_xy_yaw"":[0.37379,0.645924,-0.05057],""pnp_valid"":true,""pnp_camera_xyz"":[0.45629,0.522955,1.187548],""pnp_camera_quat_xyzw"":[0.010919,-0.058814,0.027943,0.997818],""pnp_camera_rpy_deg"":[1.067679,-6.775658,3.145014],""pnp_reprojection_error_px"":1.281509},{""tag_id"":17,""target_match"":true,""family"":""tag25h9"",""hamming"":0,""decision_margin"":163.887787,""pixel_xy"":[844.076908,286.785423],""world_xy_yaw"":[0.292449,1.014922,1.64014],""pnp_valid"":true,""pnp_camera_xyz"":[0.378762,-0.14493,1.270728],""pnp_camera_quat_xyzw"":[-0.026166,0.026071,0.736931,0.674958],""pnp_camera_rpy_deg"":[0.178282,4.22985,95.033144],""pnp_reprojection_error_px"":0.031457}]",1,0.031457,163.887787,80.058054,,0,,0,,
2026-08-12T13:29:33.849945+00:00,14149.133605991,onboard_extrinsic_left_060,0,"[0.0,0.0,0.0,0.0]",0,0,0,0,,,,,,,,,,,,,,,,,,,,,,,,,,,,0,,0,,,"[NaN,NaN,NaN]","[NaN,NaN,NaN,NaN]","[NaN,NaN,NaN,NaN,NaN,NaN]",0.002312,58,1,"[15,17]","[0.292027,1.014957,1.64073]","[{""tag_id"":15,""target_match"":true,""family"":""tag25h9"",""hamming"":0,""decision_margin"":76.293404,""pixel_xy"":[893.472722,524.202569],""world_xy_yaw"":[0.375434,0.725273,0.059184],""pnp_valid"":true,""pnp_camera_xyz"":[0.475267,0.395365,1.225383],""pnp_camera_quat_xyzw"":[-0.039442,-0.00955,0.030679,0.998705],""pnp_camera_rpy_deg"":[-4.552893,-0.954359,3.556899],""pnp_reprojection_error_px"":0.078541},{""tag_id"":17,""target_match"":true,""family"":""tag25h9"",""hamming"":0,""decision_margin"":161.792389,""pixel_xy"":[843.825585,286.756468],""world_xy_yaw"":[0.292027,1.014957,1.64073],""pnp_valid"":true,""pnp_camera_xyz"":[0.378534,-0.145128,1.271997],""pnp_camera_quat_xyzw"":[-0.025466,0.024723,0.736798,0.675181],""pnp_camera_rpy_deg"":[0.117374,4.066305,95.001681],""pnp_reprojection_error_px"":0.020928}]",1,0.020928,161.792389,82.091583,,0,,0,,
2026-08-12T13:29:33.900043+00:00,14149.183704573,onboard_extrinsic_left_060,0,"[0.0,0.0,0.0,0.0]",0,0,0,0,,,,,,,,,,,,,,,,,,,,,,,,,,,,0,,0,,,"[NaN,NaN,NaN]","[NaN,NaN,NaN,NaN]","[NaN,NaN,NaN,NaN,NaN,NaN]",0.002375,59,1,"[15,16,17]","[0.291453,1.014929,1.640788]","[{""tag_id"":15,""target_match"":true,""family"":""tag25h9"",""hamming"":0,""decision_margin"":76.383553,""pixel_xy"":[893.239518,524.208889],""world_xy_yaw"":[0.375042,0.725265,0.057812],""pnp_valid"":true,""pnp_camera_xyz"":[0.474443,0.395171,1.22466],""pnp_camera_quat_xyzw"":[-0.038884,-0.009548,0.030232,0.998741],""pnp_camera_rpy_deg"":[-4.4885,-0.958049,3.505174],""pnp_reprojection_error_px"":0.086825},{""tag_id"":16,""target_match"":true,""family"":""tag25h9"",""hamming"":0,""decision_margin"":85.369682,""pixel_xy"":[891.599791,589.11922],""world_xy_yaw"":[0.372288,0.646075,0.010675],""pnp_valid"":true,""pnp_camera_xyz"":[0.462795,0.531753,1.206639],""pnp_camera_quat_xyzw"":[-0.021928,-0.040019,0.033734,0.998389],""pnp_camera_rpy_deg"":[-2.672608,-4.49831,3.975351],""pnp_reprojection_error_px"":0.69538},{""tag_id"":17,""target_match"":true,""family"":""tag25h9"",""hamming"":0,""decision_margin"":161.43309,""pixel_xy"":[843.483828,286.779707],""world_xy_yaw"":[0.291453,1.014929,1.640788],""pnp_valid"":true,""pnp_camera_xyz"":[0.377631,-0.145014,1.271562],""pnp_camera_quat_xyzw"":[-0.02734,0.023744,0.736893,0.675039],""pnp_camera_rpy_deg"":[-0.110099,4.148936,95.012869],""pnp_reprojection_error_px"":0.025716}]",1,0.025716,161.43309,80.869879,,0,,0,,
2026-08-12T13:29:33.950260+00:00,14149.233919086,onboard_extrinsic_left_060,0,"[0.0,0.0,0.0,0.0]",0,0,0,0,,,,,,,,,,,,,,,,,,,,,,,,,,,,0,,0,,,"[NaN,NaN,NaN]","[NaN,NaN,NaN,NaN]","[NaN,NaN,NaN,NaN,NaN,NaN]",0.001779,61,1,"[15,16,17]","[0.289931,1.014606,1.640936]","[{""tag_id"":15,""target_match"":true,""family"":""tag25h9"",""hamming"":0,""decision_margin"":79.532188,""pixel_xy"":[892.671156,524.470261],""world_xy_yaw"":[0.374088,0.724946,0.054956],""pnp_valid"":true,""pnp_camera_xyz"":[0.472781,0.395249,1.223518],""pnp_camera_quat_xyzw"":[-0.036437,-0.01134,0.028837,0.998855],""pnp_camera_rpy_deg"":[-4.212752,-1.177676,3.350614],""pnp_reprojection_error_px"":0.045587},{""tag_id"":16,""target_match"":true,""family"":""tag25h9"",""hamming"":0,""decision_margin"":79.78138,""pixel_xy"":[891.181781,588.911375],""world_xy_yaw"":[0.371585,0.646328,0.053013],""pnp_valid"":true,""pnp_camera_xyz"":[0.466232,0.536706,1.215879],""pnp_camera_quat_xyzw"":[-0.050385,-0.000556,0.027091,0.998362],""pnp_camera_rpy_deg"":[-5.775748,0.092751,3.104053],""pnp_reprojection_error_px"":0.007501},{""tag_id"":17,""target_match"":true,""family"":""tag25h9"",""hamming"":0,""decision_margin"":161.699844,""pixel_xy"":[842.577919,287.04457],""world_xy_yaw"":[0.289931,1.014606,1.640936],""pnp_valid"":true,""pnp_camera_xyz"":[0.376033,-0.144644,1.273429],""pnp_camera_quat_xyzw"":[-0.024394,0.022681,0.736702,0.675397],""pnp_camera_rpy_deg"":[0.026856,3.817527,94.972637],""pnp_reprojection_error_px"":0.028131}]",1,0.028131,161.699844,81.21394,,0,,0,,
2026-08-12T13:29:34.000063+00:00,14149.283722576,onboard_extrinsic_left_060,0,"[0.0,0.0,0.0,0.0]",0,0,0,0,,,,,,,,,,,,,,,,,,,,,,,,,,,,0,,0,,,"[NaN,NaN,NaN]","[NaN,NaN,NaN,NaN]","[NaN,NaN,NaN,NaN,NaN,NaN]",0.002472,62,1,"[15,16,17]","[0.288979,1.014404,1.640484]","[{""tag_id"":15,""target_match"":true,""family"":""tag25h9"",""hamming"":0,""decision_margin"":76.628006,""pixel_xy"":[892.367124,524.529753],""world_xy_yaw"":[0.373577,0.724874,0.054216],""pnp_valid"":true,""pnp_camera_xyz"":[0.472677,0.396007,1.225005],""pnp_camera_quat_xyzw"":[-0.037183,-0.008994,0.027668,0.998885],""pnp_camera_rpy_deg"":[-4.28919,-0.911608,3.207349],""pnp_reprojection_error_px"":0.094727},{""tag_id"":16,""target_match"":true,""family"":""tag25h9"",""hamming"":0,""decision_margin"":79.190788,""pixel_xy"":[891.004323,589.082657],""world_xy_yaw"":[0.371287,0.646119,0.051194],""pnp_valid"":true,""pnp_camera_xyz"":[0.465367,0.536447,1.214679],""pnp_camera_quat_xyzw"":[-0.048186,-0.001327,0.026654,0.998482],""pnp_camera_rpy_deg"":[-5.525906,-0.004659,3.058469],""pnp_reprojection_error_px"":0.045811},{""tag_id"":17,""target_match"":true,""family"":""tag25h9"",""hamming"":0,""decision_margin"":161.66951,""pixel_xy"":[842.011466,287.209678],""world_xy_yaw"":[0.288979,1.014404,1.640484],""pnp_valid"":true,""pnp_camera_xyz"":[0.374569,-0.144159,1.272889],""pnp_camera_quat_xyzw"":[-0.024144,0.022681,0.736232,0.675918],""pnp_camera_rpy_deg"":[0.043501,3.796455,94.89269],""pnp_reprojection_error_px"":0.017583}]",1,0.017583,161.66951,85.282872,,0,,0,,
2026-08-12T13:29:34.050291+00:00,14149.333950141,onboard_extrinsic_left_060,0,"[0.0,0.0,0.0,0.0]",0,0,0,0,,,,,,,,,,,,,,,,,,,,,,,,,,,,0,,0,,,"[NaN,NaN,NaN]","[NaN,NaN,NaN,NaN]","[NaN,NaN,NaN,NaN,NaN,NaN]",0.001835,64,1,"[16,17]","[0.287035,1.01388,1.639965]","[{""tag_id"":16,""target_match"":true,""family"":""tag25h9"",""hamming"":0,""decision_margin"":81.173096,""pixel_xy"":[890.504563,589.380817],""world_xy_yaw"":[0.370448,0.645755,0.052905],""pnp_valid"":true,""pnp_camera_xyz"":[0.464145,0.536895,1.214352],""pnp_camera_quat_xyzw"":[-0.045837,-0.001631,0.027454,0.99857],""pnp_camera_rpy_deg"":[-5.257548,-0.042477,3.151695],""pnp_reprojection_error_px"":0.076425},{""tag_id"":17,""target_match"":true,""family"":""tag25h9"",""hamming"":0,""decision_margin"":162.955124,""pixel_xy"":[840.854363,287.639644],""world_xy_yaw"":[0.287035,1.01388,1.639965],""pnp_valid"":true,""pnp_camera_xyz"":[0.372175,-0.143282,1.27386],""pnp_camera_quat_xyzw"":[-0.019249,0.022457,0.735554,0.67682],""pnp_camera_rpy_deg"":[0.400623,3.3661,94.774288],""pnp_reprojection_error_px"":0.029698}]",1,0.029698,162.955124,82.556311,,0,,0,,
2026-08-12T13:29:34.099391+00:00,14149.383061854,onboard_extrinsic_left_060,0,"[0.0,0.0,0.0,0.0]",0,0,0,0,,,,,,,,,,,,,,,,,,,,,,,,,,,,0,,0,,,"[NaN,NaN,NaN]","[NaN,NaN,NaN,NaN]","[NaN,NaN,NaN,NaN,NaN,NaN]",0.001722,65,1,"[15,16,17]","[0.286129,1.013727,1.639968]","[{""tag_id"":15,""target_match"":true,""family"":""tag25h9"",""hamming"":0,""decision_margin"":75.605492,""pixel_xy"":[891.587526,524.969375],""world_xy_yaw"":[0.372267,0.724337,0.053786],""pnp_valid"":true,""pnp_camera_xyz"":[0.470769,0.396855,1.224735],""pnp_camera_quat_xyzw"":[-0.035588,-0.00648,0.02731,0.998972],""pnp_camera_rpy_deg"":[-4.097879,-0.630444,3.15449],""pnp_reprojection_error_px"":0.063068},{""tag_id"":16,""target_match"":true,""family"":""tag25h9"",""hamming"":0,""decision_margin"":81.829422,""pixel_xy"":[890.591199,589.889073],""world_xy_yaw"":[0.370593,0.645135,-0.039604],""pnp_valid"":true,""pnp_camera_xyz"":[0.452897,0.525015,1.188817],""pnp_camera_quat_xyzw"":[0.007867,-0.052021,0.026375,0.998267],""pnp_camera_rpy_deg"":[0.746839,-5.985478,2.987797],""pnp_reprojection_error_px"":1.157035},{""tag_id"":17,""target_match"":true,""family"":""tag25h9"",""hamming"":0,""decision_margin"":163.175705,""pixel_xy"":[840.315109,287.76442],""world_xy_yaw"":[0.286129,1.013727,1.639968],""pnp_valid"":true,""pnp_camera_xyz"":[0.370712,-0.142883,1.273121],""pnp_camera_quat_xyzw"":[-0.017823,0.021951,0.735149,0.677315],""pnp_camera_rpy_deg"":[0.466612,3.20682,94.702472],""pnp_reprojection_error_px"":0.028853}]",1,0.028853,163.175705,83.579584,,0,,0,,
2026-08-12T13:29:34.149313+00:00,14149.432988162,onboard_extrinsic_left_060,0,"[0.0,0.0,0.0,0.0]",0,0,0,0,,,,,,,,,,,,,,,,,,,,,,,,,,,,0,,0,,,"[NaN,NaN,NaN]","[NaN,NaN,NaN,NaN]","[NaN,NaN,NaN,NaN,NaN,NaN]",0.001036,67,1,"[15,16,17]","[0.284896,1.013635,1.636948]","[{""tag_id"":15,""target_match"":true,""family"":""tag25h9"",""hamming"":0,""decision_margin"":77.993874,""pixel_xy"":[891.239907,524.966235],""world_xy_yaw"":[0.371683,0.724341,0.052487],""pnp_valid"":true,""pnp_camera_xyz"":[0.470601,0.397471,1.226406],""pnp_camera_quat_xyzw"":[-0.039579,-0.002734,0.025797,0.99888],""pnp_camera_rpy_deg"":[-4.54325,-0.195954,2.966574],""pnp_reprojection_error_px"":0.095187},{""tag_id"":16,""target_match"":true,""family"":""tag25h9"",""hamming"":0,""decision_margin"":85.698715,""pixel_xy"":[889.454078,590.40508],""world_xy_yaw"":[0.368683,0.644506,0.017449],""pnp_valid"":true,""pnp_camera_xyz"":[0.455084,0.529367,1.197582],""pnp_camera_quat_xyzw"":[-0.013838,-0.056421,0.040644,0.997483],""pnp_camera_rpy_deg"":[-1.856402,-6.397929,4.770431],""pnp_reprojection_error_px"":1.099236},{""tag_id"":17,""target_match"":true,""family"":""tag25h9"",""hamming"":0,""decision_margin"":162.168945,""pixel_xy"":[839.581101,287.840203],""world_xy_yaw"":[0.284896,1.013635,1.636948],""pnp_valid"":true,""pnp_camera_xyz"":[0.368475,-0.142549,1.271415],""pnp_camera_quat_xyzw"":[-0.018766,0.022495,0.734497,0.677979],""pnp_camera_rpy_deg"":[0.436095,3.329002,94.595411],""pnp_reprojection_error_px"":0.027293}]",1,0.027293,162.168945,81.648837,,0,,0,,
2026-08-12T13:29:34.200057+00:00,14149.483718624,onboard_extrinsic_left_060,0,"[0.0,0.0,0.0,0.0]",0,0,0,0,,,,,,,,,,,,,,,,,,,,,,,,,,,,0,,0,,,"[NaN,NaN,NaN]","[NaN,NaN,NaN,NaN]","[NaN,NaN,NaN,NaN,NaN,NaN]",0.002312,68,1,"[15,16,17]","[0.28439,1.013714,1.638581]","[{""tag_id"":15,""target_match"":true,""family"":""tag25h9"",""hamming"":0,""decision_margin"":76.910416,""pixel_xy"":[891.154036,524.916248],""world_xy_yaw"":[0.371539,0.724402,0.050498],""pnp_valid"":true,""pnp_camera_xyz"":[0.469926,0.397001,1.225276],""pnp_camera_quat_xyzw"":[-0.036632,-0.002825,0.025395,0.999002],""pnp_camera_rpy_deg"":[-4.205586,-0.216823,2.920265],""pnp_reprojection_error_px"":0.100636},{""tag_id"":16,""target_match"":true,""family"":""tag25h9"",""hamming"":0,""decision_margin"":75.450386,""pixel_xy"":[888.771666,588.186965],""world_xy_yaw"":[0.367536,0.647212,0.09921],""pnp_valid"":true,""pnp_camera_xyz"":[0.48665,0.561768,1.280807],""pnp_camera_quat_xyzw"":[0.012548,0.032714,0.02515,0.999069],""pnp_camera_rpy_deg"":[1.534206,3.711685,2.933807],""pnp_reprojection_error_px"":0.963768},{""tag_id"":17,""target_match"":true,""family"":""tag25h9"",""hamming"":0,""decision_margin"":162.912918,""pixel_xy"":[839.279766,287.775797],""world_xy_yaw"":[0.28439,1.013714,1.638581],""pnp_valid"":true,""pnp_camera_xyz"":[0.368174,-0.14283,1.272683],""pnp_camera_quat_xyzw"":[-0.013474,0.022905,0.734354,0.678246],""pnp_camera_rpy_deg"":[0.881406,2.915318,94.571592],""pnp_reprojection_error_px"":0.03447}]",1,0.03447,162.912918,81.21152,,0,,0,,
2026-08-12T13:29:34.250060+00:00,14149.533719298,onboard_extrinsic_left_060,0,"[0.0,0.0,0.0,0.0]",0,0,0,0,,,,,,,,,,,,,,,,,,,,,,,,,,,,0,,0,,,"[NaN,NaN,NaN]","[NaN,NaN,NaN,NaN]","[NaN,NaN,NaN,NaN,NaN,NaN]",0.001580,70,1,"[15,16,17]","[0.283986,1.014028,1.63723]","[{""tag_id"":15,""target_match"":true,""family"":""tag25h9"",""hamming"":0,""decision_margin"":76.617722,""pixel_xy"":[890.874131,524.7483],""world_xy_yaw"":[0.371069,0.724607,0.050938],""pnp_valid"":true,""pnp_camera_xyz"":[0.468957,0.395925,1.223982],""pnp_camera_quat_xyzw"":[-0.033371,-0.005897,0.024965,0.999114],""pnp_camera_rpy_deg"":[-3.840629,-0.579656,2.882171],""pnp_reprojection_error_px"":0.056892},{""tag_id"":16,""target_match"":true,""family"":""tag25h9"",""hamming"":0,""decision_margin"":68.542801,""pixel_xy"":[888.937994,588.162405],""world_xy_yaw"":[0.367816,0.647242,0.065165],""pnp_valid"":true,""pnp_camera_xyz"":[0.480766,0.554873,1.265987],""pnp_camera_quat_xyzw"":[0.019303,0.011359,0.02427,0.999455],""pnp_camera_rpy_deg"":[2.243505,1.247395,2.806517],""pnp_reprojection_error_px"":0.99487},{""tag_id"":17,""target_match"":true,""family"":""tag25h9"",""hamming"":0,""decision_margin"":161.593689,""pixel_xy"":[839.039036,287.518307],""world_xy_yaw"":[0.283986,1.014028,1.63723],""pnp_valid"":true,""pnp_camera_xyz"":[0.367775,-0.14351,1.273417],""pnp_camera_quat_xyzw"":[-0.012218,0.023511,0.733714,0.678942],""pnp_camera_rpy_deg"":[1.027479,2.857625,94.466421],""pnp_reprojection_error_px"":0.017062}]",1,0.017062,161.593689,80.533847,,0,,0,,
2026-08-12T13:29:34.300179+00:00,14149.583836950,onboard_extrinsic_left_060,0,"[0.0,0.0,0.0,0.0]",0,0,0,0,,,,,,,,,,,,,,,,,,,,,,,,,,,,0,,0,,,"[NaN,NaN,NaN]","[NaN,NaN,NaN,NaN]","[NaN,NaN,NaN,NaN,NaN,NaN]",0.002479,71,1,"[15,16,17]","[0.283919,1.014229,1.636072]","[{""tag_id"":15,""target_match"":true,""family"":""tag25h9"",""hamming"":0,""decision_margin"":78.158989,""pixel_xy"":[890.808025,524.597711],""world_xy_yaw"":[0.370957,0.724791,0.048089],""pnp_valid"":true,""pnp_camera_xyz"":[0.468756,0.395515,1.223865],""pnp_camera_quat_xyzw"":[-0.033274,-0.007575,0.024164,0.999125],""pnp_camera_rpy_deg"":[-3.833813,-0.775174,2.796787],""pnp_reprojection_error_px"":0.061498},{""tag_id"":16,""target_match"":true,""family"":""tag25h9"",""hamming"":0,""decision_margin"":67.570007,""pixel_xy"":[888.351356,588.070927],""world_xy_yaw"":[0.36683,0.647353,0.110249],""pnp_valid"":true,""pnp_camera_xyz"":[0.485925,0.560514,1.280329],""pnp_camera_quat_xyzw"":[0.010625,0.025721,0.030501,0.999147],""pnp_camera_rpy_deg"":[1.308205,2.908962,3.530262],""pnp_reprojection_error_px"":1.347837},{""tag_id"":17,""target_match"":true,""family"":""tag25h9"",""hamming"":0,""decision_margin"":162.061996,""pixel_xy"":[838.999207,287.35309],""world_xy_yaw"":[0.283919,1.014229,1.636072],""pnp_valid"":true,""pnp_camera_xyz"":[0.36744,-0.143788,1.272538],""pnp_camera_quat_xyzw"":[-0.015854,0.024476,0.733762,0.678781],""pnp_camera_rpy_deg"":[0.82615,3.238563,94.48141],""pnp_reprojection_error_px"":0.01735}]",1,0.01735,162.061996,79.34907,,0,,0,,
2026-08-12T13:29:34.350096+00:00,14149.633755645,onboard_extrinsic_left_060,0,"[0.0,0.0,0.0,0.0]",0,0,0,0,,,,,,,,,,,,,,,,,,,,,,,,,,,,0,,0,,,"[NaN,NaN,NaN]","[NaN,NaN,NaN,NaN]","[NaN,NaN,NaN,NaN,NaN,NaN]",0.001662,73,1,"[15,16,17]","[0.283644,1.014452,1.63223]","[{""tag_id"":15,""target_match"":true,""family"":""tag25h9"",""hamming"":0,""decision_margin"":77.885338,""pixel_xy"":[890.777324,524.276584],""world_xy_yaw"":[0.370906,0.725183,0.049338],""pnp_valid"":true,""pnp_camera_xyz"":[0.469313,0.395373,1.225732],""pnp_camera_quat_xyzw"":[-0.037867,-0.007645,0.02571,0.998923],""pnp_camera_rpy_deg"":[-4.36167,-0.763594,2.977776],""pnp_reprojection_error_px"":0.048854},{""tag_id"":16,""target_match"":true,""family"":""tag25h9"",""hamming"":0,""decision_margin"":82.320885,""pixel_xy"":[889.606431,589.621451],""world_xy_yaw"":[0.368939,0.645462,-0.00377],""pnp_valid"":true,""pnp_camera_xyz"":[0.453202,0.525495,1.19289],""pnp_camera_quat_xyzw"":[-0.005301,-0.057766,0.036315,0.997655],""pnp_camera_rpy_deg"":[-0.852091,-6.596534,4.218403],""pnp_reprojection_error_px"":1.190162},{""tag_id"":17,""target_match"":true,""family"":""tag25h9"",""hamming"":0,""decision_margin"":160.10611,""pixel_xy"":[838.835978,287.17035],""world_xy_yaw"":[0.283644,1.014452,1.63223],""pnp_valid"":true,""pnp_camera_xyz"":[0.366881,-0.144223,1.271911],""pnp_camera_quat_xyzw"":[-0.020464,0.023953,0.73355,0.678905],""pnp_camera_rpy_deg"":[0.422257,3.586043,94.444272],""pnp_reprojection_error_px"":0.045915}]",1,0.045915,160.10611,80.384132,,0,,0,,
2026-08-12T13:29:34.400040+00:00,14149.683694676,onboard_extrinsic_left_060,0,"[0.0,0.0,0.0,0.0]",0,0,0,0,,,,,,,,,,,,,,,,,,,,,,,,,,,,0,,0,,,"[NaN,NaN,NaN]","[NaN,NaN,NaN,NaN]","[NaN,NaN,NaN,NaN,NaN,NaN]",0.002454,74,1,"[15,16,17]","[0.283459,1.014588,1.631123]","[{""tag_id"":15,""target_match"":true,""family"":""tag25h9"",""hamming"":0,""decision_margin"":78.237495,""pixel_xy"":[890.764985,524.160046],""world_xy_yaw"":[0.370885,0.725325,0.048736],""pnp_valid"":true,""pnp_camera_xyz"":[0.469331,0.395155,1.22583],""pnp_camera_quat_xyzw"":[-0.037796,-0.007934,0.025423,0.998931],""pnp_camera_rpy_deg"":[-4.354236,-0.798066,2.946037],""pnp_reprojection_error_px"":0.044147},{""tag_id"":16,""target_match"":true,""family"":""tag25h9"",""hamming"":0,""decision_margin"":70.596603,""pixel_xy"":[889.516135,587.483339],""world_xy_yaw"":[0.368787,0.64807,0.039088],""pnp_valid"":true,""pnp_camera_xyz"":[0.478766,0.550655,1.259218],""pnp_camera_quat_xyzw"":[0.026116,0.016065,0.015902,0.999403],""pnp_camera_rpy_deg"":[3.023071,1.792475,1.870457],""pnp_reprojection_error_px"":0.840084},{""tag_id"":17,""target_match"":true,""family"":""tag25h9"",""hamming"":0,""decision_margin"":161.828796,""pixel_xy"":[838.725817,287.058642],""world_xy_yaw"":[0.283459,1.014588,1.631123],""pnp_valid"":true,""pnp_camera_xyz"":[0.366477,-0.144395,1.271424],""pnp_camera_quat_xyzw"":[-0.02418,0.023586,0.733333,0.67903],""pnp_camera_rpy_deg"":[0.100745,3.870108,94.407116],""pnp_reprojection_error_px"":0.031054}]",1,0.031054,161.828796,82.633036,,0,,0,,
2026-08-12T13:29:34.450209+00:00,14149.733866453,onboard_extrinsic_left_060,0,"[0.0,0.0,0.0,0.0]",0,0,0,0,,,,,,,,,,,,,,,,,,,,,,,,,,,,0,,0,,,"[NaN,NaN,NaN]","[NaN,NaN,NaN,NaN]","[NaN,NaN,NaN,NaN,NaN,NaN]",0.001584,76,1,"[15,16,17]","[0.282803,1.014702,1.628251]","[{""tag_id"":15,""target_match"":true,""family"":""tag25h9"",""hamming"":0,""decision_margin"":77.282051,""pixel_xy"":[890.810054,524.016336],""world_xy_yaw"":[0.370961,0.7255,0.045888],""pnp_valid"":true,""pnp_camera_xyz"":[0.469335,0.394724,1.22564],""pnp_camera_quat_xyzw"":[-0.038504,-0.010075,0.024927,0.998897],""pnp_camera_rpy_deg"":[-4.441301,-1.043268,2.8994],""pnp_reprojection_error_px"":0.06286},{""tag_id"":16,""target_match"":true,""family"":""tag25h9"",""hamming"":0,""decision_margin"":82.992317,""pixel_xy"":[889.766211,589.312684],""world_xy_yaw"":[0.369207,0.645839,0.001248],""pnp_valid"":true,""pnp_camera_xyz"":[0.454876,0.526472,1.195941],""pnp_camera_quat_xyzw"":[-0.014619,-0.056864,0.035513,0.997643],""pnp_camera_rpy_deg"":[-1.915198,-6.454944,4.185439],""pnp_reprojection_error_px"":1.031208},{""tag_id"":17,""target_match"":true,""family"":""tag25h9"",""hamming"":0,""decision_margin"":162.343658,""pixel_xy"":[838.334878,286.965832],""world_xy_yaw"":[0.282803,1.014702,1.628251],""pnp_valid"":true,""pnp_camera_xyz"":[0.365612,-0.144644,1.27157],""pnp_camera_quat_xyzw"":[-0.026627,0.023526,0.73275,0.67957],""pnp_camera_rpy_deg"":[-0.098364,4.071286,94.309357],""pnp_reprojection_error_px"":0.037537}]",1,0.037537,162.343658,80.554011,,0,,0,,
2026-08-12T13:29:34.500238+00:00,14149.783896275,onboard_extrinsic_left_060,0,"[0.0,0.0,0.0,0.0]",0,0,0,0,,,,,,,,,,,,,,,,,,,,,,,,,,,,0,,0,,,"[NaN,NaN,NaN]","[NaN,NaN,NaN,NaN]","[NaN,NaN,NaN,NaN,NaN,NaN]",0.002357,77,1,"[15,16,17]","[0.282431,1.014709,1.629877]","[{""tag_id"":15,""target_match"":true,""family"":""tag25h9"",""hamming"":0,""decision_margin"":75.807793,""pixel_xy"":[890.82039,523.944643],""world_xy_yaw"":[0.370978,0.725588,0.044437],""pnp_valid"":true,""pnp_camera_xyz"":[0.468928,0.394214,1.224439],""pnp_camera_quat_xyzw"":[-0.036652,-0.012097,0.024531,0.998954],""pnp_camera_rpy_deg"":[-4.234554,-1.281855,2.860799],""pnp_reprojection_error_px"":0.047805},{""tag_id"":16,""target_match"":true,""family"":""tag25h9"",""hamming"":0,""decision_margin"":83.587906,""pixel_xy"":[889.811368,589.358527],""world_xy_yaw"":[0.369283,0.645783,0.001135],""pnp_valid"":true,""pnp_camera_xyz"":[0.454576,0.525796,1.194616],""pnp_camera_quat_xyzw"":[-0.015464,-0.058438,0.035036,0.997556],""pnp_camera_rpy_deg"":[-2.01622,-6.632816,4.139849],""pnp_reprojection_error_px"":1.095146},{""tag_id"":17,""target_match"":true,""family"":""tag25h9"",""hamming"":0,""decision_margin"":162.504715,""pixel_xy"":[838.113594,286.959588],""world_xy_yaw"":[0.282431,1.014709,1.629877],""pnp_valid"":true,""pnp_camera_xyz"":[0.36555,-0.144816,1.273114],""pnp_camera_quat_xyzw"":[-0.023996,0.022367,0.732742,0.679716],""pnp_camera_rpy_deg"":[0.009033,3.759697,94.300258],""pnp_reprojection_error_px"":0.032449}]",1,0.032449,162.504715,82.826351,,0,,0,,
2026-08-12T13:29:34.550270+00:00,14149.833927769,onboard_extrinsic_left_060,0,"[0.0,0.0,0.0,0.0]",0,0,0,0,,,,,,,,,,,,,,,,,,,,,,,,,,,,0,,0,,,"[NaN,NaN,NaN]","[NaN,NaN,NaN,NaN]","[NaN,NaN,NaN,NaN,NaN,NaN]",0.001663,79,1,"[15,16,17]","[0.28168,1.014709,1.627745]","[{""tag_id"":15,""target_match"":true,""family"":""tag25h9"",""hamming"":0,""decision_margin"":76.976151,""pixel_xy"":[890.848047,523.811696],""world_xy_yaw"":[0.371025,0.72575,0.040709],""pnp_valid"":true,""pnp_camera_xyz"":[0.46879,0.393752,1.223891],""pnp_camera_quat_xyzw"":[-0.03619,-0.015061,0.023501,0.998955],""pnp_camera_rpy_deg"":[-4.188715,-1.626776,2.754877],""pnp_reprojection_error_px"":0.043788},{""tag_id"":16,""target_match"":true,""family"":""tag25h9"",""hamming"":0,""decision_margin"":80.856239,""pixel_xy"":[890.044547,589.131449],""world_xy_yaw"":[0.369675,0.64606,-0.004413],""pnp_valid"":true,""pnp_camera_xyz"":[0.455246,0.525924,1.195353],""pnp_camera_quat_xyzw"":[-0.015611,-0.055155,0.031916,0.997845],""pnp_camera_rpy_deg"":[-1.999111,-6.262029,3.773373],""pnp_reprojection_error_px"":0.989892},{""tag_id"":17,""target_match"":true,""family"":""tag25h9"",""hamming"":0,""decision_margin"":161.603287,""pixel_xy"":[837.666716,286.959433],""world_xy_yaw"":[0.28168,1.014709,1.627745],""pnp_valid"":true,""pnp_camera_xyz"":[0.364208,-0.144713,1.272121],""pnp_camera_quat_xyzw"":[-0.025259,0.02227,0.732209,0.680247],""pnp_camera_rpy_deg"":[-0.100614,3.85828,94.210315],""pnp_reprojection_error_px"":0.032657}]",1,0.032657,161.603287,83.699753,,0,,0,,
2026-08-12T13:29:34.599513+00:00,14149.883182140,onboard_extrinsic_left_060,0,"[0.0,0.0,0.0,0.0]",0,0,0,0,,,,,,,,,,,,,,,,,,,,,,,,,,,,0,,0,,,"[NaN,NaN,NaN]","[NaN,NaN,NaN,NaN]","[NaN,NaN,NaN,NaN,NaN,NaN]",0.001770,80,1,"[15,16,17]","[0.281346,1.014692,1.626734]","[{""tag_id"":15,""target_match"":true,""family"":""tag25h9"",""hamming"":0,""decision_margin"":81.693993,""pixel_xy"":[890.887615,523.780063],""world_xy_yaw"":[0.371091,0.725788,0.038462],""pnp_valid"":true,""pnp_camera_xyz"":[0.468971,0.393782,1.224277],""pnp_camera_quat_xyzw"":[-0.03697,-0.016243,0.023355,0.998911],""pnp_camera_rpy_deg"":[-4.281293,-1.760598,2.744555],""pnp_reprojection_error_px"":0.051323},{""tag_id"":16,""target_match"":true,""family"":""tag25h9"",""hamming"":0,""decision_margin"":78.915016,""pixel_xy"":[890.366918,588.280878],""world_xy_yaw"":[0.370216,0.647097,0.035991],""pnp_valid"":true,""pnp_camera_xyz"":[0.463852,0.53465,1.214503],""pnp_camera_quat_xyzw"":[-0.052337,-0.007268,0.021761,0.998366],""pnp_camera_rpy_deg"":[-6.017225,-0.701038,2.534104],""pnp_reprojection_error_px"":0.025659},{""tag_id"":17,""target_match"":true,""family"":""tag25h9"",""hamming"":0,""decision_margin"":161.314957,""pixel_xy"":[837.46807,286.973387],""world_xy_yaw"":[0.281346,1.014692,1.626734],""pnp_valid"":true,""pnp_camera_xyz"":[0.363644,-0.14466,1.271757],""pnp_camera_quat_xyzw"":[-0.024945,0.021659,0.731929,0.68058],""pnp_camera_rpy_deg"":[-0.129049,3.784115,94.159642],""pnp_reprojection_error_px"":0.041399}]",1,0.041399,161.314957,85.100031,,0,,0,,
2026-08-12T13:29:34.650352+00:00,14149.934025179,onboard_extrinsic_left_060,0,"[0.0,0.0,0.0,0.0]",0,0,0,0,,,,,,,,,,,,,,,,,,,,,,,,,,,,0,,0,,,"[NaN,NaN,NaN]","[NaN,NaN,NaN,NaN]","[NaN,NaN,NaN,NaN,NaN,NaN]",0.001610,82,1,"[15,16,17]","[0.28082,1.014765,1.63001]","[{""tag_id"":15,""target_match"":true,""family"":""tag25h9"",""hamming"":0,""decision_margin"":83.682602,""pixel_xy"":[890.825522,523.614756],""world_xy_yaw"":[0.370987,0.72599,0.039235],""pnp_valid"":true,""pnp_camera_xyz"":[0.469348,0.39393,1.225531],""pnp_camera_quat_xyzw"":[-0.0387,-0.015856,0.02317,0.998856],""pnp_camera_rpy_deg"":[-4.47822,-1.712364,2.724567],""pnp_reprojection_error_px"":0.007137},{""tag_id"":16,""target_match"":true,""family"":""tag25h9"",""hamming"":0,""decision_margin"":82.000282,""pixel_xy"":[890.001326,589.065085],""world_xy_yaw"":[0.369602,0.646141,-0.008078],""pnp_valid"":true,""pnp_camera_xyz"":[0.45442,0.524754,1.193392],""pnp_camera_quat_xyzw"":[-0.012651,-0.063761,0.034497,0.997289],""pnp_camera_rpy_deg"":[-1.71177,-7.256075,4.070791],""pnp_reprojection_error_px"":1.04771},{""tag_id"":17,""target_match"":true,""family"":""tag25h9"",""hamming"":0,""decision_margin"":160.381073,""pixel_xy"":[837.154797,286.914216],""world_xy_yaw"":[0.28082,1.014765,1.63001],""pnp_valid"":true,""pnp_camera_xyz"":[0.363285,-0.144906,1.273041],""pnp_camera_quat_xyzw"":[-0.01955,0.020823,0.732017,0.680688],""pnp_camera_rpy_deg"":[0.222144,3.265838,94.168057],""pnp_reprojection_error_px"":0.027609}]",1,0.027609,160.381073,82.280658,,0,,0,,
2026-08-12T13:29:34.700296+00:00,14149.983953543,onboard_extrinsic_left_060,0,"[0.0,0.0,0.0,0.0]",0,0,0,0,,,,,,,,,,,,,,,,,,,,,,,,,,,,0,,0,,,"[NaN,NaN,NaN]","[NaN,NaN,NaN,NaN]","[NaN,NaN,NaN,NaN,NaN,NaN]",0.002370,83,1,"[15,16,17]","[0.280604,1.014806,1.629198]","[{""tag_id"":15,""target_match"":true,""family"":""tag25h9"",""hamming"":0,""decision_margin"":82.074768,""pixel_xy"":[890.778411,523.534073],""world_xy_yaw"":[0.370908,0.726088,0.038659],""pnp_valid"":true,""pnp_camera_xyz"":[0.469362,0.393869,1.225823],""pnp_camera_quat_xyzw"":[-0.040269,-0.015768,0.022738,0.998806],""pnp_camera_rpy_deg"":[-4.657201,-1.700047,2.677368],""pnp_reprojection_error_px"":0.015229},{""tag_id"":16,""target_match"":true,""family"":""tag25h9"",""hamming"":0,""decision_margin"":81.830833,""pixel_xy"":[889.665187,589.119208],""world_xy_yaw"":[0.369037,0.646075,0.007412],""pnp_valid"":true,""pnp_camera_xyz"":[0.455444,0.526422,1.197109],""pnp_camera_quat_xyzw"":[-0.023216,-0.068172,0.039234,0.996631],""pnp_camera_rpy_deg"":[-2.986162,-7.70442,4.709896],""pnp_reprojection_error_px"":1.032499},{""tag_id"":17,""target_match"":true,""family"":""tag25h9"",""hamming"":0,""decision_margin"":163.235428,""pixel_xy"":[837.026279,286.880141],""world_xy_yaw"":[0.280604,1.014806,1.629198],""pnp_valid"":true,""pnp_camera_xyz"":[0.362983,-0.144987,1.27306],""pnp_camera_quat_xyzw"":[-0.019676,0.020866,0.731736,0.680984],""pnp_camera_rpy_deg"":[0.214525,3.279895,94.121108],""pnp_reprojection_error_px"":0.024894}]",1,0.024894,163.235428,81.619666,,0,,0,,
2026-08-12T13:29:34.750040+00:00,14150.033700160,onboard_extrinsic_left_060,0,"[0.0,0.0,0.0,0.0]",0,0,0,0,,,,,,,,,,,,,,,,,,,,,,,,,,,,0,,0,,,"[NaN,NaN,NaN]","[NaN,NaN,NaN,NaN]","[NaN,NaN,NaN,NaN,NaN,NaN]",0.001569,85,1,"[16,17]","[0.280235,1.014998,1.628514]","[{""tag_id"":16,""target_match"":true,""family"":""tag25h9"",""hamming"":0,""decision_margin"":82.517097,""pixel_xy"":[889.806234,589.006456],""world_xy_yaw"":[0.369274,0.646212,-0.005501],""pnp_valid"":true,""pnp_camera_xyz"":[0.454037,0.524286,1.193197],""pnp_camera_quat_xyzw"":[-0.0147,-0.06518,0.034988,0.997152],""pnp_camera_rpy_deg"":[-1.957763,-7.409506,4.145947],""pnp_reprojection_error_px"":1.133797},{""tag_id"":17,""target_match"":true,""family"":""tag25h9"",""hamming"":0,""decision_margin"":163.530579,""pixel_xy"":[836.80658,286.722791],""world_xy_yaw"":[0.280235,1.014998,1.628514],""pnp_valid"":true,""pnp_camera_xyz"":[0.362615,-0.145368,1.273392],""pnp_camera_quat_xyzw"":[-0.019809,0.020303,0.731302,0.681463],""pnp_camera_rpy_deg"":[0.154775,3.247137,94.045205],""pnp_reprojection_error_px"":0.03688}]",1,0.03688,163.530579,82.342986,,0,,0,,
2026-08-12T13:29:34.800069+00:00,14150.083730963,onboard_extrinsic_left_060,0,"[0.0,0.0,0.0,0.0]",0,0,0,0,,,,,,,,,,,,,,,,,,,,,,,,,,,,0,,0,,,"[NaN,NaN,NaN]","[NaN,NaN,NaN,NaN]","[NaN,NaN,NaN,NaN,NaN,NaN]",0.002309,86,1,"[16,17]","[0.280076,1.015104,1.627552]","[{""tag_id"":16,""target_match"":true,""family"":""tag25h9"",""hamming"":0,""decision_margin"":85.264137,""pixel_xy"":[889.69331,588.862874],""world_xy_yaw"":[0.369085,0.646387,-0.003241],""pnp_valid"":true,""pnp_camera_xyz"":[0.45552,0.526077,1.197632],""pnp_camera_quat_xyzw"":[-0.020588,-0.065513,0.035084,0.997022],""pnp_camera_rpy_deg"":[-2.638565,-7.422883,4.201836],""pnp_reprojection_error_px"":1.058583},{""tag_id"":17,""target_match"":true,""family"":""tag25h9"",""hamming"":0,""decision_margin"":164.096054,""pixel_xy"":[836.712211,286.635991],""world_xy_yaw"":[0.280076,1.015104,1.627552],""pnp_valid"":true,""pnp_camera_xyz"":[0.362318,-0.145584,1.273238],""pnp_camera_quat_xyzw"":[-0.021014,0.02182,0.731445,0.681227],""pnp_camera_rpy_deg"":[0.188853,3.466739,94.077536],""pnp_reprojection_error_px"":0.031382}]",1,0.031382,164.096054,81.56504,,0,,0,,
2026-08-12T13:29:34.849270+00:00,14150.132939955,onboard_extrinsic_left_060,0,"[0.0,0.0,0.0,0.0]",0,0,0,0,,,,,,,,,,,,,,,,,,,,,,,,,,,,0,,0,,,"[NaN,NaN,NaN]","[NaN,NaN,NaN,NaN]","[NaN,NaN,NaN,NaN,NaN,NaN]",0.000993,88,1,"[16,17]","[0.279539,1.015355,1.625027]","[{""tag_id"":16,""target_match"":true,""family"":""tag25h9"",""hamming"":0,""decision_margin"":87.262688,""pixel_xy"":[889.471365,588.955687],""world_xy_yaw"":[0.368712,0.646274,-0.000545],""pnp_valid"":true,""pnp_camera_xyz"":[0.452722,0.522914,1.191156],""pnp_camera_quat_xyzw"":[-0.017704,-0.073735,0.039213,0.996349],""pnp_camera_rpy_deg"":[-2.378614,-8.368761,4.681616],""pnp_reprojection_error_px"":1.253938},{""tag_id"":17,""target_match"":true,""family"":""tag25h9"",""hamming"":0,""decision_margin"":161.668289,""pixel_xy"":[836.392306,286.430551],""world_xy_yaw"":[0.279539,1.015355,1.625027],""pnp_valid"":true,""pnp_camera_xyz"":[0.361225,-0.14589,1.272029],""pnp_camera_quat_xyzw"":[-0.026325,0.022921,0.731009,0.681474],""pnp_camera_rpy_deg"":[-0.136082,3.998362,94.012251],""pnp_reprojection_error_px"":0.021651}]",1,0.021651,161.668289,79.776654,,0,,0,,
2026-08-12T13:29:34.900068+00:00,14150.183729581,onboard_extrinsic_left_060,0,"[0.0,0.0,0.0,0.0]",0,0,0,0,,,,,,,,,,,,,,,,,,,,,,,,,,,,0,,0,,,"[NaN,NaN,NaN]","[NaN,NaN,NaN,NaN]","[NaN,NaN,NaN,NaN,NaN,NaN]",0.000549,90,1,[17],"[0.278679,1.01555,1.62462]","[{""tag_id"":17,""target_match"":true,""family"":""tag25h9"",""hamming"":0,""decision_margin"":162.181534,""pixel_xy"":[835.880078,286.270716],""world_xy_yaw"":[0.278679,1.01555,1.62462],""pnp_valid"":true,""pnp_camera_xyz"":[0.360396,-0.146413,1.273328],""pnp_camera_quat_xyzw"":[-0.023783,0.023146,0.730553,0.682049],""pnp_camera_rpy_deg"":[0.079097,3.802834,93.935791],""pnp_reprojection_error_px"":0.021104}]",1,0.021104,162.181534,78.085639,,0,,0,,
2026-08-12T13:29:34.950009+00:00,14150.233670111,onboard_extrinsic_left_060,0,"[0.0,0.0,0.0,0.0]",0,0,0,0,,,,,,,,,,,,,,,,,,,,,,,,,,,,0,,0,,,"[NaN,NaN,NaN]","[NaN,NaN,NaN,NaN]","[NaN,NaN,NaN,NaN,NaN,NaN]",0.002301,91,1,[17],"[0.278187,1.01562,1.621993]","[{""tag_id"":17,""target_match"":true,""family"":""tag25h9"",""hamming"":0,""decision_margin"":164.522278,""pixel_xy"":[835.58766,286.213346],""world_xy_yaw"":[0.278187,1.01562,1.621993],""pnp_valid"":true,""pnp_camera_xyz"":[0.359629,-0.146581,1.273041],""pnp_camera_quat_xyzw"":[-0.022953,0.023753,0.730087,0.682556],""pnp_camera_rpy_deg"":[0.192355,3.780813,93.860532],""pnp_reprojection_error_px"":0.038096}]",1,0.038096,164.522278,81.005915,,0,,0,,
2026-08-12T13:29:35.000120+00:00,14150.283778683,onboard_extrinsic_left_060,0,"[0.0,0.0,0.0,0.0]",0,0,0,0,,,,,,,,,,,,,,,,,,,,,,,,,,,,0,,0,,,"[NaN,NaN,NaN]","[NaN,NaN,NaN,NaN]","[NaN,NaN,NaN,NaN,NaN,NaN]",0.002446,92,1,"[15,16,17]","[0.277727,1.015742,1.623009]","[{""tag_id"":15,""target_match"":true,""family"":""tag25h9"",""hamming"":0,""decision_margin"":81.686646,""pixel_xy"":[890.056433,522.697322],""world_xy_yaw"":[0.369695,0.727109,0.030837],""pnp_valid"":true,""pnp_camera_xyz"":[0.466497,0.390965,1.222847],""pnp_camera_quat_xyzw"":[-0.039185,-0.015694,0.02011,0.998906],""pnp_camera_rpy_deg"":[-4.52822,-1.706368,2.374148],""pnp_reprojection_error_px"":0.045867},{""tag_id"":16,""target_match"":true,""family"":""tag25h9"",""hamming"":0,""decision_margin"":86.802605,""pixel_xy"":[888.86788,588.839067],""world_xy_yaw"":[0.367698,0.646416,0.032736],""pnp_valid"":true,""pnp_camera_xyz"":[0.450791,0.520655,1.18766],""pnp_camera_quat_xyzw"":[-0.023074,-0.07107,0.045755,0.996154],""pnp_camera_rpy_deg"":[-3.037621,-8.017884,5.472637],""pnp_reprojection_error_px"":1.448154},{""tag_id"":17,""target_match"":true,""family"":""tag25h9"",""hamming"":0,""decision_margin"":161.634628,""pixel_xy"":[835.313785,286.113239],""world_xy_yaw"":[0.277727,1.015742,1.623009],""pnp_valid"":true,""pnp_camera_xyz"":[0.359118,-0.146863,1.273599],""pnp_camera_quat_xyzw"":[-0.020459,0.023653,0.729971,0.682763],""pnp_camera_rpy_deg"":[0.378572,3.564233,93.839557],""pnp_reprojection_error_px"":0.026085}]",1,0.026085,161.634628,80.179266,,0,,0,,
2026-08-12T13:29:35.049463+00:00,14150.333131756,onboard_extrinsic_left_060,0,"[0.0,0.0,0.0,0.0]",0,0,0,0,,,,,,,,,,,,,,,,,,,,,,,,,,,,0,,0,,,"[NaN,NaN,NaN]","[NaN,NaN,NaN,NaN]","[NaN,NaN,NaN,NaN,NaN,NaN]",0.001170,94,1,[17],"[0.276689,1.016025,1.624048]","[{""tag_id"":17,""target_match"":true,""family"":""tag25h9"",""hamming"":0,""decision_margin"":162.142227,""pixel_xy"":[834.696019,285.88099],""world_xy_yaw"":[0.276689,1.016025,1.624048],""pnp_valid"":true,""pnp_camera_xyz"":[0.357716,-0.147371,1.273612],""pnp_camera_quat_xyzw"":[-0.01796,0.023006,0.729672,0.683174],""pnp_camera_rpy_deg"":[0.518466,3.304543,93.784887],""pnp_reprojection_error_px"":0.02432}]",1,0.02432,162.142227,80.235903,,0,,0,,
2026-08-12T13:29:35.099381+00:00,14150.383053856,onboard_extrinsic_left_060,0,"[0.0,0.0,0.0,0.0]",0,0,0,0,,,,,,,,,,,,,,,,,,,,,,,,,,,,0,,0,,,"[NaN,NaN,NaN]","[NaN,NaN,NaN,NaN]","[NaN,NaN,NaN,NaN,NaN,NaN]",0.001707,95,1,"[15,16,17]","[0.276261,1.016142,1.62172]","[{""tag_id"":15,""target_match"":true,""family"":""tag25h9"",""hamming"":0,""decision_margin"":78.911285,""pixel_xy"":[889.56546,522.27589],""world_xy_yaw"":[0.36887,0.727623,0.031388],""pnp_valid"":true,""pnp_camera_xyz"":[0.466077,0.390628,1.224416],""pnp_camera_quat_xyzw"":[-0.04096,-0.014631,0.0191,0.998871],""pnp_camera_rpy_deg"":[-4.727595,-1.585254,2.256304],""pnp_reprojection_error_px"":0.024916},{""tag_id"":16,""target_match"":true,""family"":""tag25h9"",""hamming"":0,""decision_margin"":81.845833,""pixel_xy"":[889.028474,587.819481],""world_xy_yaw"":[0.367968,0.64766,0.005621],""pnp_valid"":true,""pnp_camera_xyz"":[0.454972,0.524724,1.19956],""pnp_camera_quat_xyzw"":[-0.024499,-0.054649,0.031605,0.997705],""pnp_camera_rpy_deg"":[-3.017696,-6.171085,3.791464],""pnp_reprojection_error_px"":1.007867},{""tag_id"":17,""target_match"":true,""family"":""tag25h9"",""hamming"":0,""decision_margin"":161.192352,""pixel_xy"":[834.441344,285.785023],""world_xy_yaw"":[0.276261,1.016142,1.62172],""pnp_valid"":true,""pnp_camera_xyz"":[0.356918,-0.147585,1.273081],""pnp_camera_quat_xyzw"":[-0.01857,0.02293,0.729282,0.683577],""pnp_camera_rpy_deg"":[0.462381,3.349964,93.719228],""pnp_reprojection_error_px"":0.028937}]",1,0.028937,161.192352,79.921589,,0,,0,,
2026-08-12T13:29:35.150100+00:00,14150.433761335,onboard_extrinsic_left_060,0,"[0.0,0.0,0.0,0.0]",0,0,0,0,,,,,,,,,,,,,,,,,,,,,,,,,,,,0,,0,,,"[NaN,NaN,NaN]","[NaN,NaN,NaN,NaN]","[NaN,NaN,NaN,NaN,NaN,NaN]",0.001729,97,1,"[15,16,17]","[0.275356,1.016459,1.621993]","[{""tag_id"":15,""target_match"":true,""family"":""tag25h9"",""hamming"":0,""decision_margin"":79.231041,""pixel_xy"":[889.179578,521.968152],""world_xy_yaw"":[0.368222,0.727999,0.033156],""pnp_valid"":true,""pnp_camera_xyz"":[0.464388,0.389311,1.22212],""pnp_camera_quat_xyzw"":[-0.039496,-0.012003,0.018659,0.998973],""pnp_camera_rpy_deg"":[-4.55287,-1.289654,2.191339],""pnp_reprojection_error_px"":0.072312},{""tag_id"":16,""target_match"":true,""family"":""tag25h9"",""hamming"":0,""decision_margin"":83.552635,""pixel_xy"":[888.303396,588.080051],""world_xy_yaw"":[0.36675,0.647342,0.018639],""pnp_valid"":true,""pnp_camera_xyz"":[0.449872,0.519844,1.189084],""pnp_camera_quat_xyzw"":[-0.02164,-0.071563,0.04148,0.996338],""pnp_camera_rpy_deg"":[-2.840282,-8.09448,4.968979],""pnp_reprojection_error_px"":1.345872},{""tag_id"":17,""target_match"":true,""family"":""tag25h9"",""hamming"":0,""decision_margin"":161.390472,""pixel_xy"":[833.902204,285.525095],""world_xy_yaw"":[0.275356,1.016459,1.621993],""pnp_valid"":true,""pnp_camera_xyz"":[0.355613,-0.14814,1.272864],""pnp_camera_quat_xyzw"":[-0.020269,0.02341,0.729362,0.683427],""pnp_camera_rpy_deg"":[0.369955,3.529632,93.735903],""pnp_reprojection_error_px"":0.016822}]",1,0.016822,161.390472,79.554215,,0,,0,,
2026-08-12T13:29:35.200059+00:00,14150.483720167,onboard_extrinsic_left_060,0,"[0.0,0.0,0.0,0.0]",0,0,0,0,,,,,,,,,,,,,,,,,,,,,,,,,,,,0,,0,,,"[NaN,NaN,NaN]","[NaN,NaN,NaN,NaN]","[NaN,NaN,NaN,NaN,NaN,NaN]",0.002402,98,1,"[15,17]","[0.274904,1.016596,1.619976]","[{""tag_id"":15,""target_match"":true,""family"":""tag25h9"",""hamming"":0,""decision_margin"":77.836746,""pixel_xy"":[888.960456,521.860373],""world_xy_yaw"":[0.367854,0.72813,0.03218],""pnp_valid"":true,""pnp_camera_xyz"":[0.464531,0.38964,1.223895],""pnp_camera_quat_xyzw"":[-0.043124,-0.011809,0.018508,0.998828],""pnp_camera_rpy_deg"":[-4.968275,-1.260268,2.17783],""pnp_reprojection_error_px"":0.071766},{""tag_id"":17,""target_match"":true,""family"":""tag25h9"",""hamming"":0,""decision_margin"":162.060379,""pixel_xy"":[833.633587,285.413461],""world_xy_yaw"":[0.274904,1.016596,1.619976],""pnp_valid"":true,""pnp_camera_xyz"":[0.354774,-0.148314,1.272021],""pnp_camera_quat_xyzw"":[-0.021951,0.023027,0.728926,0.683853],""pnp_camera_rpy_deg"":[0.203624,3.640477,93.66109],""pnp_reprojection_error_px"":0.026252}]",1,0.026252,162.060379,78.323956,,0,,0,,
2026-08-12T13:29:35.249773+00:00,14150.533435703,onboard_extrinsic_left_060,0,"[0.0,0.0,0.0,0.0]",0,0,0,0,,,,,,,,,,,,,,,,,,,,,,,,,,,,0,,0,,,"[NaN,NaN,NaN]","[NaN,NaN,NaN,NaN]","[NaN,NaN,NaN,NaN,NaN,NaN]",0.001571,100,1,"[15,16,17]","[0.273995,1.016866,1.618985]","[{""tag_id"":15,""target_match"":true,""family"":""tag25h9"",""hamming"":0,""decision_margin"":82.388382,""pixel_xy"":[888.509818,521.722824],""world_xy_yaw"":[0.367096,0.728298,0.031168],""pnp_valid"":true,""pnp_camera_xyz"":[0.463042,0.388928,1.22281],""pnp_camera_quat_xyzw"":[-0.041224,-0.012654,0.019034,0.998888],""pnp_camera_rpy_deg"":[-4.753071,-1.358698,2.239706],""pnp_reprojection_error_px"":0.05536},{""tag_id"":16,""target_match"":true,""family"":""tag25h9"",""hamming"":0,""decision_margin"":87.628662,""pixel_xy"":[887.663572,587.822583],""world_xy_yaw"":[0.365675,0.647656,0.024943],""pnp_valid"":true,""pnp_camera_xyz"":[0.448186,0.518898,1.188107],""pnp_camera_quat_xyzw"":[-0.023154,-0.07196,0.043584,0.996186],""pnp_camera_rpy_deg"":[-3.034405,-8.126129,5.225839],""pnp_reprojection_error_px"":1.328163},{""tag_id"":17,""target_match"":true,""family"":""tag25h9"",""hamming"":0,""decision_margin"":161.742752,""pixel_xy"":[833.092014,285.192108],""world_xy_yaw"":[0.273995,1.016866,1.618985],""pnp_valid"":true,""pnp_camera_xyz"":[0.353796,-0.148969,1.273117],""pnp_camera_quat_xyzw"":[-0.020927,0.02319,0.728499,0.684335],""pnp_camera_rpy_deg"":[0.295437,3.567816,93.5901],""pnp_reprojection_error_px"":0.024392}]",1,0.024392,161.742752,79.37306,,0,,0,,
2026-08-12T13:29:35.300190+00:00,14150.583849965,onboard_extrinsic_left_060,0,"[0.0,0.0,0.0,0.0]",0,0,0,0,,,,,,,,,,,,,,,,,,,,,,,,,,,,0,,0,,,"[NaN,NaN,NaN]","[NaN,NaN,NaN,NaN]","[NaN,NaN,NaN,NaN,NaN,NaN]",0.002475,101,1,"[15,16,17]","[0.27346,1.016952,1.617197]","[{""tag_id"":15,""target_match"":true,""family"":""tag25h9"",""hamming"":0,""decision_margin"":79.979401,""pixel_xy"":[888.207383,521.640768],""world_xy_yaw"":[0.366588,0.728398,0.032962],""pnp_valid"":true,""pnp_camera_xyz"":[0.46226,0.388589,1.222344],""pnp_camera_quat_xyzw"":[-0.04067,-0.00854,0.017899,0.998976],""pnp_camera_rpy_deg"":[-4.678936,-0.894244,2.089434],""pnp_reprojection_error_px"":0.042396},{""tag_id"":16,""target_match"":true,""family"":""tag25h9"",""hamming"":0,""decision_margin"":79.244072,""pixel_xy"":[888.316798,586.328629],""world_xy_yaw"":[0.366772,0.649479,0.029326],""pnp_valid"":true,""pnp_camera_xyz"":[0.4578,0.528573,1.210721],""pnp_camera_quat_xyzw"":[-0.051504,-0.006918,0.018765,0.998473],""pnp_camera_rpy_deg"":[-5.91868,-0.680805,2.188577],""pnp_reprojection_error_px"":0.060422},{""tag_id"":17,""target_match"":true,""family"":""tag25h9"",""hamming"":0,""decision_margin"":160.520248,""pixel_xy"":[832.773733,285.121323],""world_xy_yaw"":[0.27346,1.016952,1.617197],""pnp_valid"":true,""pnp_camera_xyz"":[0.353121,-0.149168,1.273267],""pnp_camera_quat_xyzw"":[-0.020514,0.022754,0.727921,0.684976],""pnp_camera_rpy_deg"":[0.288333,3.499267,93.490783],""pnp_reprojection_error_px"":0.035344}]",1,0.035344,160.520248,78.712183,,0,,0,,
2026-08-12T13:29:35.350042+00:00,14150.633702698,onboard_extrinsic_left_060,0,"[0.0,0.0,0.0,0.0]",0,0,0,0,,,,,,,,,,,,,,,,,,,,,,,,,,,,0,,0,,,"[NaN,NaN,NaN]","[NaN,NaN,NaN,NaN]","[NaN,NaN,NaN,NaN,NaN,NaN]",0.001681,103,1,"[15,16,17]","[0.272536,1.017209,1.618111]","[{""tag_id"":15,""target_match"":true,""family"":""tag25h9"",""hamming"":0,""decision_margin"":78.095108,""pixel_xy"":[887.838417,521.339322],""world_xy_yaw"":[0.365969,0.728766,0.030334],""pnp_valid"":true,""pnp_camera_xyz"":[0.461761,0.388312,1.223185],""pnp_camera_quat_xyzw"":[-0.039546,-0.009531,0.016811,0.999031],""pnp_camera_rpy_deg"":[-4.551137,-1.01495,1.96838],""pnp_reprojection_error_px"":0.098655},{""tag_id"":16,""target_match"":true,""family"":""tag25h9"",""hamming"":0,""decision_margin"":81.160599,""pixel_xy"":[887.983505,586.134531],""world_xy_yaw"":[0.366212,0.649716,0.030917],""pnp_valid"":true,""pnp_camera_xyz"":[0.456696,0.527625,1.209629],""pnp_camera_quat_xyzw"":[-0.050476,-0.002922,0.017383,0.99857],""pnp_camera_rpy_deg"":[-5.791613,-0.233801,2.006472],""pnp_reprojection_error_px"":0.061829},{""tag_id"":17,""target_match"":true,""family"":""tag25h9"",""hamming"":0,""decision_margin"":163.701355,""pixel_xy"":[832.223787,284.91069],""world_xy_yaw"":[0.272536,1.017209,1.618111],""pnp_valid"":true,""pnp_camera_xyz"":[0.351776,-0.149568,1.273092],""pnp_camera_quat_xyzw"":[-0.019147,0.022882,0.727495,0.685464],""pnp_camera_rpy_deg"":[0.404277,3.395567,93.419677],""pnp_reprojection_error_px"":0.015967}]",1,0.015967,163.701355,79.219447,,0,,0,,
2026-08-12T13:29:35.400077+00:00,14150.683736806,onboard_extrinsic_left_060,0,"[0.0,0.0,0.0,0.0]",0,0,0,0,,,,,,,,,,,,,,,,,,,,,,,,,,,,0,,0,,,"[NaN,NaN,NaN]","[NaN,NaN,NaN,NaN]","[NaN,NaN,NaN,NaN,NaN,NaN]",0.002314,104,1,"[15,16,17]","[0.272045,1.017252,1.618427]","[{""tag_id"":15,""target_match"":true,""family"":""tag25h9"",""hamming"":0,""decision_margin"":79.524025,""pixel_xy"":[887.607583,521.271316],""world_xy_yaw"":[0.365581,0.728849,0.033204],""pnp_valid"":true,""pnp_camera_xyz"":[0.461669,0.388337,1.224029],""pnp_camera_quat_xyzw"":[-0.040627,-0.010937,0.017443,0.998962],""pnp_camera_rpy_deg"":[-4.678755,-1.17084,2.04852],""pnp_reprojection_error_px"":0.08032},{""tag_id"":16,""target_match"":true,""family"":""tag25h9"",""hamming"":0,""decision_margin"":77.500656,""pixel_xy"":[887.904078,586.028477],""world_xy_yaw"":[0.366079,0.649845,0.030485],""pnp_valid"":true,""pnp_camera_xyz"":[0.456387,0.52721,1.209259],""pnp_camera_quat_xyzw"":[-0.049159,-0.003966,0.017519,0.998629],""pnp_camera_rpy_deg"":[-5.642716,-0.355173,2.027602],""pnp_reprojection_error_px"":0.067763},{""tag_id"":17,""target_match"":true,""family"":""tag25h9"",""hamming"":0,""decision_margin"":163.408478,""pixel_xy"":[831.93156,284.875143],""world_xy_yaw"":[0.272045,1.017252,1.618427],""pnp_valid"":true,""pnp_camera_xyz"":[0.351343,-0.149832,1.274098],""pnp_camera_quat_xyzw"":[-0.017474,0.023112,0.727858,0.685116],""pnp_camera_rpy_deg"":[0.55674,3.273781,93.481199],""pnp_reprojection_error_px"":0.02302}]",1,0.02302,163.408478,78.167654,,0,,0,,
2026-08-12T13:29:35.449999+00:00,14150.733659607,onboard_extrinsic_left_060,0,"[0.0,0.0,0.0,0.0]",0,0,0,0,,,,,,,,,,,,,,,,,,,,,,,,,,,,0,,0,,,"[NaN,NaN,NaN]","[NaN,NaN,NaN,NaN]","[NaN,NaN,NaN,NaN,NaN,NaN]",0.001597,106,1,"[15,16,17]","[0.271091,1.017383,1.616567]","[{""tag_id"":15,""target_match"":true,""family"":""tag25h9"",""hamming"":0,""decision_margin"":78.194901,""pixel_xy"":[887.481563,521.035976],""world_xy_yaw"":[0.365369,0.729136,0.032318],""pnp_valid"":true,""pnp_camera_xyz"":[0.460811,0.387237,1.222524],""pnp_camera_quat_xyzw"":[-0.040613,-0.011972,0.017415,0.998951],""pnp_camera_rpy_deg"":[-4.679312,-1.289461,2.050217],""pnp_reprojection_error_px"":0.053123},{""tag_id"":16,""target_match"":true,""family"":""tag25h9"",""hamming"":0,""decision_margin"":84.159348,""pixel_xy"":[887.855533,586.261935],""world_xy_yaw"":[0.365997,0.64956,-0.049941],""pnp_valid"":true,""pnp_camera_xyz"":[0.44722,0.517146,1.18894],""pnp_camera_quat_xyzw"":[-0.006662,-0.057574,0.019809,0.998122],""pnp_camera_rpy_deg"":[-0.898685,-6.584491,2.325569],""pnp_reprojection_error_px"":1.067991},{""tag_id"":17,""target_match"":true,""family"":""tag25h9"",""hamming"":0,""decision_margin"":162.62204,""pixel_xy"":[831.363539,284.768415],""world_xy_yaw"":[0.271091,1.017383,1.616567],""pnp_valid"":true,""pnp_camera_xyz"":[0.34973,-0.149986,1.273123],""pnp_camera_quat_xyzw"":[-0.018836,0.025171,0.727635,0.685243],""pnp_camera_rpy_deg"":[0.620942,3.549367,93.456393],""pnp_reprojection_error_px"":0.030235}]",1,0.030235,162.62204,81.154187,,0,,0,,
2026-08-12T13:29:35.498660+00:00,14150.782329906,onboard_extrinsic_left_060,0,"[0.0,0.0,0.0,0.0]",0,0,0,0,,,,,,,,,,,,,,,,,,,,,,,,,,,,0,,0,,,"[NaN,NaN,NaN]","[NaN,NaN,NaN,NaN]","[NaN,NaN,NaN,NaN,NaN,NaN]",0.001230,107,1,"[15,16,17]","[0.270631,1.017456,1.618623]","[{""tag_id"":15,""target_match"":true,""family"":""tag25h9"",""hamming"":0,""decision_margin"":79.639412,""pixel_xy"":[887.429424,520.903421],""world_xy_yaw"":[0.365281,0.729298,0.030518],""pnp_valid"":true,""pnp_camera_xyz"":[0.460507,0.386899,1.222229],""pnp_camera_quat_xyzw"":[-0.039119,-0.011066,0.01713,0.999026],""pnp_camera_rpy_deg"":[-4.505718,-1.190092,2.011453],""pnp_reprojection_error_px"":0.042911},{""tag_id"":16,""target_match"":true,""family"":""tag25h9"",""hamming"":0,""decision_margin"":81.499123,""pixel_xy"":[887.445359,586.126804],""world_xy_yaw"":[0.365308,0.649725,-0.022016],""pnp_valid"":true,""pnp_camera_xyz"":[0.451611,0.522541,1.201475],""pnp_camera_quat_xyzw"":[-0.02648,-0.051319,0.02262,0.998075],""pnp_camera_rpy_deg"":[-3.179577,-5.810774,2.758038],""pnp_reprojection_error_px"":0.814877},{""tag_id"":17,""target_match"":true,""family"":""tag25h9"",""hamming"":0,""decision_margin"":164.483734,""pixel_xy"":[831.089982,284.707917],""world_xy_yaw"":[0.270631,1.017456,1.618623],""pnp_valid"":true,""pnp_camera_xyz"":[0.349465,-0.15028,1.274771],""pnp_camera_quat_xyzw"":[-0.015203,0.025306,0.72756,0.685408],""pnp_camera_rpy_deg"":[0.917339,3.256839,93.443564],""pnp_reprojection_error_px"":0.037944}]",1,0.037944,164.483734,80.974024,,0,,0,,
2026-08-12T13:29:35.549172+00:00,14150.832836897,onboard_extrinsic_left_060,0,"[0.0,0.0,0.0,0.0]",0,0,0,0,,,,,,,,,,,,,,,,,,,,,,,,,,,,0,,0,,,"[NaN,NaN,NaN]","[NaN,NaN,NaN,NaN]","[NaN,NaN,NaN,NaN,NaN,NaN]",0.001117,109,1,"[15,16,17]","[0.269616,1.017525,1.615807]","[{""tag_id"":15,""target_match"":true,""family"":""tag25h9"",""hamming"":0,""decision_margin"":79.224396,""pixel_xy"":[887.236636,520.702093],""world_xy_yaw"":[0.364958,0.729543,0.028613],""pnp_valid"":true,""pnp_camera_xyz"":[0.459914,0.38639,1.221895],""pnp_camera_quat_xyzw"":[-0.038428,-0.008918,0.015942,0.999094],""pnp_camera_rpy_deg"":[-4.420857,-0.950857,1.864983],""pnp_reprojection_error_px"":0.061003},{""tag_id"":16,""target_match"":true,""family"":""tag25h9"",""hamming"":0,""decision_margin"":77.47731,""pixel_xy"":[887.519038,585.370684],""world_xy_yaw"":[0.365432,0.650648,0.031795],""pnp_valid"":true,""pnp_camera_xyz"":[0.458514,0.529223,1.216959],""pnp_camera_quat_xyzw"":[-0.061048,0.000422,0.015405,0.998016],""pnp_camera_rpy_deg"":[-6.998389,0.156057,1.759087],""pnp_reprojection_error_px"":0.022549},{""tag_id"":17,""target_match"":true,""family"":""tag25h9"",""hamming"":0,""decision_margin"":162.860413,""pixel_xy"":[830.485947,284.65171],""world_xy_yaw"":[0.269616,1.017525,1.615807],""pnp_valid"":true,""pnp_camera_xyz"":[0.348021,-0.150424,1.274621],""pnp_camera_quat_xyzw"":[-0.016086,0.026083,0.726956,0.686],""pnp_camera_rpy_deg"":[0.909913,3.392318,93.347608],""pnp_reprojection_error_px"":0.039725}]",1,0.039725,162.860413,82.782968,,0,,0,,
2026-08-12T13:29:35.600198+00:00,14150.883855709,onboard_extrinsic_left_060,0,"[0.0,0.0,0.0,0.0]",0,0,0,0,,,,,,,,,,,,,,,,,,,,,,,,,,,,0,,0,,,"[NaN,NaN,NaN]","[NaN,NaN,NaN,NaN]","[NaN,NaN,NaN,NaN,NaN,NaN]",0.002565,110,1,"[15,16,17]","[0.269128,1.017583,1.615423]","[{""tag_id"":15,""target_match"":true,""family"":""tag25h9"",""hamming"":0,""decision_margin"":78.386894,""pixel_xy"":[887.191184,520.640701],""world_xy_yaw"":[0.364881,0.729618,0.02577],""pnp_valid"":true,""pnp_camera_xyz"":[0.459257,0.385748,1.220463],""pnp_camera_quat_xyzw"":[-0.035098,-0.009647,0.014994,0.999225],""pnp_camera_rpy_deg"":[-4.039425,-1.04439,1.756185],""pnp_reprojection_error_px"":0.039616},{""tag_id"":16,""target_match"":true,""family"":""tag25h9"",""hamming"":0,""decision_margin"":77.787964,""pixel_xy"":[887.489913,585.29443],""world_xy_yaw"":[0.365383,0.650741,0.03049],""pnp_valid"":true,""pnp_camera_xyz"":[0.45813,0.528687,1.216203],""pnp_camera_quat_xyzw"":[-0.060153,-2.5e-05,0.015308,0.998072],""pnp_camera_rpy_deg"":[-6.896384,0.102666,1.751231],""pnp_reprojection_error_px"":0.026562},{""tag_id"":17,""target_match"":true,""family"":""tag25h9"",""hamming"":0,""decision_margin"":163.586884,""pixel_xy"":[830.195405,284.604161],""world_xy_yaw"":[0.269128,1.017583,1.615423],""pnp_valid"":true,""pnp_camera_xyz"":[0.347186,-0.150422,1.273968],""pnp_camera_quat_xyzw"":[-0.016414,0.026353,0.726606,0.686353],""pnp_camera_rpy_deg"":[0.904912,3.441454,93.290802],""pnp_reprojection_error_px"":0.023715}]",1,0.023715,163.586884,81.811217,,0,,0,,
2026-08-12T13:29:35.650083+00:00,14150.933742925,onboard_extrinsic_left_060,0,"[0.0,0.0,0.0,0.0]",0,0,0,0,,,,,,,,,,,,,,,,,,,,,,,,,,,,0,,0,,,"[NaN,NaN,NaN]","[NaN,NaN,NaN,NaN]","[NaN,NaN,NaN,NaN,NaN,NaN]",0.001676,112,1,"[15,16,17]","[0.268179,1.01771,1.612647]","[{""tag_id"":15,""target_match"":true,""family"":""tag25h9"",""hamming"":0,""decision_margin"":79.135818,""pixel_xy"":[887.109983,520.408359],""world_xy_yaw"":[0.364745,0.729902,0.024965],""pnp_valid"":true,""pnp_camera_xyz"":[0.459747,0.38584,1.222232],""pnp_camera_quat_xyzw"":[-0.038172,-0.009496,0.014455,0.999122],""pnp_camera_rpy_deg"":[-4.391038,-1.023999,1.697073],""pnp_reprojection_error_px"":0.062062},{""tag_id"":16,""target_match"":true,""family"":""tag25h9"",""hamming"":0,""decision_margin"":78.73555,""pixel_xy"":[887.563622,585.079859],""world_xy_yaw"":[0.365507,0.651003,0.022958],""pnp_valid"":true,""pnp_camera_xyz"":[0.458116,0.528133,1.216077],""pnp_camera_quat_xyzw"":[-0.058896,-0.001401,0.013608,0.99817],""pnp_camera_rpy_deg"":[-6.754488,-0.068363,1.566193],""pnp_reprojection_error_px"":0.066817},{""tag_id"":17,""target_match"":true,""family"":""tag25h9"",""hamming"":0,""decision_margin"":162.062042,""pixel_xy"":[829.630541,284.500184],""world_xy_yaw"":[0.268179,1.01771,1.612647],""pnp_valid"":true,""pnp_camera_xyz"":[0.345731,-0.150622,1.273471],""pnp_camera_quat_xyzw"":[-0.017945,0.026546,0.725928,0.687024],""pnp_camera_rpy_deg"":[0.797035,3.584967,93.179339],""pnp_reprojection_error_px"":0.025913}]",1,0.025913,162.062042,80.561202,,0,,0,,
2026-08-12T13:29:35.700025+00:00,14150.983685365,onboard_extrinsic_left_060,0,"[0.0,0.0,0.0,0.0]",0,0,0,0,,,,,,,,,,,,,,,,,,,,,,,,,,,,0,,0,,,"[NaN,NaN,NaN]","[NaN,NaN,NaN,NaN]","[NaN,NaN,NaN,NaN,NaN,NaN]",0.002434,113,1,"[15,16,17]","[0.267678,1.017761,1.611531]","[{""tag_id"":15,""target_match"":true,""family"":""tag25h9"",""hamming"":0,""decision_margin"":78.940643,""pixel_xy"":[887.016644,520.292841],""world_xy_yaw"":[0.364588,0.730043,0.026145],""pnp_valid"":true,""pnp_camera_xyz"":[0.459903,0.385811,1.222873],""pnp_camera_quat_xyzw"":[-0.039052,-0.010675,0.014016,0.999082],""pnp_camera_rpy_deg"":[-4.493587,-1.159543,1.653028],""pnp_reprojection_error_px"":0.088726},{""tag_id"":16,""target_match"":true,""family"":""tag25h9"",""hamming"":0,""decision_margin"":76.237114,""pixel_xy"":[887.366752,585.624813],""world_xy_yaw"":[0.365176,0.650338,-0.057624],""pnp_valid"":true,""pnp_camera_xyz"":[0.449103,0.518824,1.196723],""pnp_camera_quat_xyzw"":[-0.011883,-0.067758,0.020575,0.997419],""pnp_camera_rpy_deg"":[-1.532081,-7.739969,2.467134],""pnp_reprojection_error_px"":1.158011},{""tag_id"":17,""target_match"":true,""family"":""tag25h9"",""hamming"":0,""decision_margin"":163.720673,""pixel_xy"":[829.332107,284.458544],""world_xy_yaw"":[0.267678,1.017761,1.611531],""pnp_valid"":true,""pnp_camera_xyz"":[0.345368,-0.150898,1.274678],""pnp_camera_quat_xyzw"":[-0.014461,0.026888,0.725434,0.687614],""pnp_camera_rpy_deg"":[1.097577,3.322598,93.098095],""pnp_reprojection_error_px"":0.034205}]",1,0.034205,163.720673,82.294855,,0,,0,,
2026-08-12T13:29:35.750057+00:00,14151.033717450,onboard_extrinsic_left_060,0,"[0.0,0.0,0.0,0.0]",0,0,0,0,,,,,,,,,,,,,,,,,,,,,,,,,,,,0,,0,,,"[NaN,NaN,NaN]","[NaN,NaN,NaN,NaN]","[NaN,NaN,NaN,NaN,NaN,NaN]",0.001587,115,1,"[15,16,17]","[0.266621,1.017933,1.609529]","[{""tag_id"":15,""target_match"":true,""family"":""tag25h9"",""hamming"":0,""decision_margin"":77.944962,""pixel_xy"":[886.940923,520.035496],""world_xy_yaw"":[0.364461,0.730357,0.019348],""pnp_valid"":true,""pnp_camera_xyz"":[0.459819,0.385412,1.223],""pnp_camera_quat_xyzw"":[-0.03726,-0.014003,0.011331,0.999143],""pnp_camera_rpy_deg"":[-4.28979,-1.55502,1.357738],""pnp_reprojection_error_px"":0.148714},{""tag_id"":16,""target_match"":true,""family"":""tag25h9"",""hamming"":0,""decision_margin"":79.397827,""pixel_xy"":[887.583854,584.701101],""world_xy_yaw"":[0.365541,0.651465,0.021853],""pnp_valid"":true,""pnp_camera_xyz"":[0.457626,0.526408,1.213776],""pnp_camera_quat_xyzw"":[-0.054678,-0.006392,0.011447,0.998418],""pnp_camera_rpy_deg"":[-6.277058,-0.659629,1.349883],""pnp_reprojection_error_px"":0.099731},{""tag_id"":17,""target_match"":true,""family"":""tag25h9"",""hamming"":0,""decision_margin"":164.382263,""pixel_xy"":[828.703127,284.317079],""world_xy_yaw"":[0.266621,1.017933,1.609529],""pnp_valid"":true,""pnp_camera_xyz"":[0.343718,-0.151052,1.273755],""pnp_camera_quat_xyzw"":[-0.01446,0.026819,0.724223,0.688892],""pnp_camera_rpy_deg"":[1.086084,3.319039,92.895888],""pnp_reprojection_error_px"":0.010564}]",1,0.010564,164.382263,85.417226,,0,,0,,
2026-08-12T13:29:35.800063+00:00,14151.083724463,onboard_extrinsic_left_060,0,"[0.0,0.0,0.0,0.0]",0,0,0,0,,,,,,,,,,,,,,,,,,,,,,,,,,,,0,,0,,,"[NaN,NaN,NaN]","[NaN,NaN,NaN,NaN]","[NaN,NaN,NaN,NaN,NaN,NaN]",0.002301,116,1,"[15,16,17]","[0.266212,1.017972,1.606998]","[{""tag_id"":15,""target_match"":true,""family"":""tag25h9"",""hamming"":0,""decision_margin"":78.019859,""pixel_xy"":[886.910388,519.915887],""world_xy_yaw"":[0.364409,0.730503,0.018939],""pnp_valid"":true,""pnp_camera_xyz"":[0.460292,0.385644,1.224365],""pnp_camera_quat_xyzw"":[-0.038972,-0.014554,0.010962,0.999074],""pnp_camera_rpy_deg"":[-4.486355,-1.617497,1.320597],""pnp_reprojection_error_px"":0.181768},{""tag_id"":16,""target_match"":true,""family"":""tag25h9"",""hamming"":0,""decision_margin"":79.394859,""pixel_xy"":[887.697263,584.598812],""world_xy_yaw"":[0.365731,0.651589,0.01978],""pnp_valid"":true,""pnp_camera_xyz"":[0.458187,0.526634,1.214797],""pnp_camera_quat_xyzw"":[-0.055281,-0.006808,0.01144,0.998382],""pnp_camera_rpy_deg"":[-6.346881,-0.706397,1.352156],""pnp_reprojection_error_px"":0.06626},{""tag_id"":17,""target_match"":true,""family"":""tag25h9"",""hamming"":0,""decision_margin"":161.421127,""pixel_xy"":[828.4593,284.285247],""world_xy_yaw"":[0.266212,1.017972,1.606998],""pnp_valid"":true,""pnp_camera_xyz"":[0.343191,-0.151184,1.273953],""pnp_camera_quat_xyzw"":[-0.013506,0.026105,0.723441,0.689761],""pnp_camera_rpy_deg"":[1.098288,3.184633,92.761013],""pnp_reprojection_error_px"":0.013265}]",1,0.013265,161.421127,88.020997,,0,,0,,
2026-08-12T13:29:35.849525+00:00,14151.133198713,onboard_extrinsic_left_060,0,"[0.0,0.0,0.0,0.0]",0,0,0,0,,,,,,,,,,,,,,,,,,,,,,,,,,,,0,,0,,,"[NaN,NaN,NaN]","[NaN,NaN,NaN,NaN]","[NaN,NaN,NaN,NaN,NaN,NaN]",0.001119,118,1,"[15,16,17]","[0.265533,1.01818,1.603345]","[{""tag_id"":15,""target_match"":true,""family"":""tag25h9"",""hamming"":0,""decision_margin"":78.456673,""pixel_xy"":[886.975678,519.757065],""world_xy_yaw"":[0.364519,0.730696,0.011757],""pnp_valid"":true,""pnp_camera_xyz"":[0.460678,0.385599,1.225588],""pnp_camera_quat_xyzw"":[-0.039821,-0.015314,0.010108,0.999038],""pnp_camera_rpy_deg"":[-4.583413,-1.70729,1.227641],""pnp_reprojection_error_px"":0.133548},{""tag_id"":16,""target_match"":true,""family"":""tag25h9"",""hamming"":0,""decision_margin"":86.591835,""pixel_xy"":[887.790841,584.92777],""world_xy_yaw"":[0.365889,0.651188,-0.033711],""pnp_valid"":true,""pnp_camera_xyz"":[0.452346,0.519948,1.201203],""pnp_camera_quat_xyzw"":[-0.023219,-0.051174,0.016044,0.998291],""pnp_camera_rpy_deg"":[-2.765595,-5.82142,1.982086],""pnp_reprojection_error_px"":0.732504},{""tag_id"":17,""target_match"":true,""family"":""tag25h9"",""hamming"":0,""decision_margin"":163.817276,""pixel_xy"":[828.055396,284.114443],""world_xy_yaw"":[0.265533,1.01818,1.603345],""pnp_valid"":true,""pnp_camera_xyz"":[0.341582,-0.151245,1.271488],""pnp_camera_quat_xyzw"":[-0.018427,0.026889,0.722432,0.690673],""pnp_camera_rpy_deg"":[0.769184,3.656161,92.599574],""pnp_reprojection_error_px"":0.010131}]",1,0.010131,163.817276,85.398924,,0,,0,,
2026-08-12T13:29:35.900074+00:00,14151.183733380,onboard_extrinsic_left_060,0,"[0.0,0.0,0.0,0.0]",0,0,0,0,,,,,,,,,,,,,,,,,,,,,,,,,,,,0,,0,,,"[NaN,NaN,NaN]","[NaN,NaN,NaN,NaN]","[NaN,NaN,NaN,NaN,NaN,NaN]",0.002379,119,1,"[15,16,17]","[0.265121,1.018205,1.599793]","[{""tag_id"":15,""target_match"":true,""family"":""tag25h9"",""hamming"":0,""decision_margin"":78.003113,""pixel_xy"":[887.017413,519.667016],""world_xy_yaw"":[0.364589,0.730806,0.00882],""pnp_valid"":true,""pnp_camera_xyz"":[0.460477,0.385217,1.225099],""pnp_camera_quat_xyzw"":[-0.040931,-0.016688,0.0103,0.998969],""pnp_camera_rpy_deg"":[-4.713049,-1.862399,1.258141],""pnp_reprojection_error_px"":0.141092},{""tag_id"":16,""target_match"":true,""family"":""tag25h9"",""hamming"":0,""decision_margin"":83.437096,""pixel_xy"":[888.037955,584.316411],""world_xy_yaw"":[0.366304,0.651934,0.007853],""pnp_valid"":true,""pnp_camera_xyz"":[0.458458,0.525762,1.214318],""pnp_camera_quat_xyzw"":[-0.052746,-0.00867,0.009808,0.998522],""pnp_camera_rpy_deg"":[-6.057151,-0.932799,1.174898],""pnp_reprojection_error_px"":0.082456},{""tag_id"":17,""target_match"":true,""family"":""tag25h9"",""hamming"":0,""decision_margin"":161.590897,""pixel_xy"":[827.809862,284.094443],""world_xy_yaw"":[0.265121,1.018205,1.599793],""pnp_valid"":true,""pnp_camera_xyz"":[0.340871,-0.151275,1.270942],""pnp_camera_quat_xyzw"":[-0.02139,0.026784,0.721897,0.691151],""pnp_camera_rpy_deg"":[0.522743,3.893775,92.510719],""pnp_reprojection_error_px"":0.014409}]",1,0.014409,161.590897,85.716798,,0,,0,,
2026-08-12T13:29:35.949979+00:00,14151.233640112,onboard_extrinsic_left_060,0,"[0.0,0.0,0.0,0.0]",0,0,0,0,,,,,,,,,,,,,,,,,,,,,,,,,,,,0,,0,,,"[NaN,NaN,NaN]","[NaN,NaN,NaN,NaN]","[NaN,NaN,NaN,NaN,NaN,NaN]",0.001618,121,1,"[15,16,17]","[0.264369,1.018269,1.59948]","[{""tag_id"":15,""target_match"":true,""family"":""tag25h9"",""hamming"":0,""decision_margin"":77.971809,""pixel_xy"":[886.930718,519.465267],""world_xy_yaw"":[0.364444,0.731052,0.011289],""pnp_valid"":true,""pnp_camera_xyz"":[0.460761,0.385058,1.226081],""pnp_camera_quat_xyzw"":[-0.04337,-0.017189,0.010412,0.998857],""pnp_camera_rpy_deg"":[-4.993747,-1.916109,1.278058],""pnp_reprojection_error_px"":0.116842},{""tag_id"":16,""target_match"":true,""family"":""tag25h9"",""hamming"":0,""decision_margin"":80.615318,""pixel_xy"":[888.081542,584.081668],""world_xy_yaw"":[0.366377,0.65222,0.009346],""pnp_valid"":true,""pnp_camera_xyz"":[0.459167,0.5258,1.215706],""pnp_camera_quat_xyzw"":[-0.056719,-0.008925,0.009608,0.998304],""pnp_camera_rpy_deg"":[-6.513255,-0.958555,1.157402],""pnp_reprojection_error_px"":0.04211},{""tag_id"":17,""target_match"":true,""family"":""tag25h9"",""hamming"":0,""decision_margin"":161.596329,""pixel_xy"":[827.362756,284.041974],""world_xy_yaw"":[0.264369,1.018269,1.59948],""pnp_valid"":true,""pnp_camera_xyz"":[0.340269,-0.151646,1.272702],""pnp_camera_quat_xyzw"":[-0.015515,0.027832,0.721453,0.69173],""pnp_camera_rpy_deg"":[1.073211,3.491009,92.442583],""pnp_reprojection_error_px"":0.02811}]",1,0.02811,161.596329,83.342165,,0,,0,,
2026-08-12T13:29:36.000085+00:00,14151.283744863,onboard_extrinsic_left_060,0,"[0.0,0.0,0.0,0.0]",0,0,0,0,,,,,,,,,,,,,,,,,,,,,,,,,,,,0,,0,,,"[NaN,NaN,NaN]","[NaN,NaN,NaN,NaN]","[NaN,NaN,NaN,NaN,NaN,NaN]",0.002304,122,1,"[15,16,17]","[0.264019,1.018285,1.597905]","[{""tag_id"":15,""target_match"":true,""family"":""tag25h9"",""hamming"":0,""decision_margin"":78.226532,""pixel_xy"":[886.837437,519.40035],""world_xy_yaw"":[0.364287,0.731132,0.009109],""pnp_valid"":true,""pnp_camera_xyz"":[0.459728,0.384072,1.223622],""pnp_camera_quat_xyzw"":[-0.03854,-0.019686,0.009081,0.999022],""pnp_camera_rpy_deg"":[-4.440283,-2.214056,1.127446],""pnp_reprojection_error_px"":0.087904},{""tag_id"":16,""target_match"":true,""family"":""tag25h9"",""hamming"":0,""decision_margin"":81.528625,""pixel_xy"":[888.019828,583.966413],""world_xy_yaw"":[0.366273,0.652361,0.006307],""pnp_valid"":true,""pnp_camera_xyz"":[0.458192,0.524482,1.213233],""pnp_camera_quat_xyzw"":[-0.053031,-0.011874,0.00831,0.998488],""pnp_camera_rpy_deg"":[-6.092037,-1.308213,1.023314],""pnp_reprojection_error_px"":0.006546},{""tag_id"":17,""target_match"":true,""family"":""tag25h9"",""hamming"":0,""decision_margin"":161.538544,""pixel_xy"":[827.153927,284.028967],""world_xy_yaw"":[0.264019,1.018285,1.597905],""pnp_valid"":true,""pnp_camera_xyz"":[0.339741,-0.151696,1.272525],""pnp_camera_quat_xyzw"":[-0.015752,0.028334,0.721268,0.691897],""pnp_camera_rpy_deg"":[1.095129,3.550706,92.415319],""pnp_reprojection_error_px"":0.044981}]",1,0.044981,161.538544,81.913571,,0,,0,,
2026-08-12T13:29:36.050067+00:00,14151.333727439,onboard_extrinsic_left_060,0,"[0.0,0.0,0.0,0.0]",0,0,0,0,,,,,,,,,,,,,,,,,,,,,,,,,,,,0,,0,,,"[NaN,NaN,NaN]","[NaN,NaN,NaN,NaN]","[NaN,NaN,NaN,NaN,NaN,NaN]",0.001633,124,1,"[15,16,17]","[0.263359,1.018403,1.59838]","[{""tag_id"":15,""target_match"":true,""family"":""tag25h9"",""hamming"":0,""decision_margin"":81.232262,""pixel_xy"":[886.68098,519.363068],""world_xy_yaw"":[0.364024,0.731177,0.003658],""pnp_valid"":true,""pnp_camera_xyz"":[0.458449,0.383032,1.22106],""pnp_camera_quat_xyzw"":[-0.034388,-0.023773,0.007396,0.999098],""pnp_camera_rpy_deg"":[-3.964674,-2.693557,0.941517],""pnp_reprojection_error_px"":0.042254},{""tag_id"":16,""target_match"":true,""family"":""tag25h9"",""hamming"":0,""decision_margin"":87.204445,""pixel_xy"":[887.113968,585.098086],""world_xy_yaw"":[0.364751,0.65098,-0.015126],""pnp_valid"":true,""pnp_camera_xyz"":[0.44779,0.5145,1.191013],""pnp_camera_quat_xyzw"":[-0.022561,-0.077431,0.029183,0.996315],""pnp_camera_rpy_deg"":[-2.869623,-8.799386,3.576385],""pnp_reprojection_error_px"":1.193393},{""tag_id"":17,""target_match"":true,""family"":""tag25h9"",""hamming"":0,""decision_margin"":165.171738,""pixel_xy"":[826.761378,283.931699],""world_xy_yaw"":[0.263359,1.018403,1.59838],""pnp_valid"":true,""pnp_camera_xyz"":[0.338694,-0.151771,1.271939],""pnp_camera_quat_xyzw"":[-0.017011,0.027812,0.720896,0.692276],""pnp_camera_rpy_deg"":[0.949968,3.613891,92.35034],""pnp_reprojection_error_px"":0.012894}]",1,0.012894,165.171738,83.903159,,0,,0,,
2026-08-12T13:29:36.100164+00:00,14151.383821448,onboard_extrinsic_left_060,0,"[0.0,0.0,0.0,0.0]",0,0,0,0,,,,,,,,,,,,,,,,,,,,,,,,,,,,0,,0,,,"[NaN,NaN,NaN]","[NaN,NaN,NaN,NaN]","[NaN,NaN,NaN,NaN,NaN,NaN]",0.002500,125,1,"[15,16,17]","[0.263002,1.018401,1.600505]","[{""tag_id"":15,""target_match"":true,""family"":""tag25h9"",""hamming"":0,""decision_margin"":77.264435,""pixel_xy"":[886.588933,519.32334],""world_xy_yaw"":[0.363869,0.731226,0.004952],""pnp_valid"":true,""pnp_camera_xyz"":[0.45829,0.38297,1.221194],""pnp_camera_quat_xyzw"":[-0.034015,-0.02254,0.007688,0.999138],""pnp_camera_rpy_deg"":[-3.92123,-2.551566,0.969064],""pnp_reprojection_error_px"":0.03786},{""tag_id"":16,""target_match"":true,""family"":""tag25h9"",""hamming"":0,""decision_margin"":79.50592,""pixel_xy"":[887.809178,583.759413],""world_xy_yaw"":[0.365919,0.652614,0.006097],""pnp_valid"":true,""pnp_camera_xyz"":[0.458231,0.524536,1.21448],""pnp_camera_quat_xyzw"":[-0.052465,-0.014208,0.008711,0.998484],""pnp_camera_rpy_deg"":[-6.030539,-1.573449,1.08253],""pnp_reprojection_error_px"":0.026384},{""tag_id"":17,""target_match"":true,""family"":""tag25h9"",""hamming"":0,""decision_margin"":163.613754,""pixel_xy"":[826.548593,283.933418],""world_xy_yaw"":[0.263002,1.018401,1.600505],""pnp_valid"":true,""pnp_camera_xyz"":[0.338736,-0.152021,1.273827],""pnp_camera_quat_xyzw"":[-0.012338,0.025607,0.721158,0.692187],""pnp_camera_rpy_deg"":[1.139189,3.052202,92.378993],""pnp_reprojection_error_px"":0.032656}]",1,0.032656,163.613754,82.888695,,0,,0,,
2026-08-12T13:29:36.149780+00:00,14151.433442433,onboard_extrinsic_left_060,0,"[0.0,0.0,0.0,0.0]",0,0,0,0,,,,,,,,,,,,,,,,,,,,,,,,,,,,0,,0,,,"[NaN,NaN,NaN]","[NaN,NaN,NaN,NaN]","[NaN,NaN,NaN,NaN,NaN,NaN]",0.001498,127,1,"[15,16,17]","[0.262389,1.018602,1.597319]","[{""tag_id"":15,""target_match"":true,""family"":""tag25h9"",""hamming"":0,""decision_margin"":78.363686,""pixel_xy"":[886.361833,519.199627],""world_xy_yaw"":[0.363488,0.731376,0.010565],""pnp_valid"":true,""pnp_camera_xyz"":[0.458905,0.383536,1.224025],""pnp_camera_quat_xyzw"":[-0.03486,-0.017839,0.008241,0.999199],""pnp_camera_rpy_deg"":[-4.014116,-2.010007,1.015578],""pnp_reprojection_error_px"":0.064528},{""tag_id"":16,""target_match"":true,""family"":""tag25h9"",""hamming"":0,""decision_margin"":81.486198,""pixel_xy"":[887.582205,583.549772],""world_xy_yaw"":[0.365538,0.652869,0.005058],""pnp_valid"":true,""pnp_camera_xyz"":[0.45844,0.524937,1.216485],""pnp_camera_quat_xyzw"":[-0.049853,-0.009218,0.006638,0.998692],""pnp_camera_rpy_deg"":[-5.722658,-1.017003,0.812428],""pnp_reprojection_error_px"":0.01365},{""tag_id"":17,""target_match"":true,""family"":""tag25h9"",""hamming"":0,""decision_margin"":164.328262,""pixel_xy"":[826.183864,283.768514],""world_xy_yaw"":[0.262389,1.018602,1.597319],""pnp_valid"":true,""pnp_camera_xyz"":[0.338072,-0.152507,1.274378],""pnp_camera_quat_xyzw"":[-0.012994,0.025326,0.720361,0.693015],""pnp_camera_rpy_deg"":[1.060313,3.085322,92.245437],""pnp_reprojection_error_px"":0.055274}]",1,0.055274,164.328262,80.751554,,0,,0,,
2026-08-12T13:29:36.200102+00:00,14151.483762414,onboard_extrinsic_left_060,0,"[0.0,0.0,0.0,0.0]",0,0,0,0,,,,,,,,,,,,,,,,,,,,,,,,,,,,0,,0,,,"[NaN,NaN,NaN]","[NaN,NaN,NaN,NaN]","[NaN,NaN,NaN,NaN,NaN,NaN]",0.002322,128,1,"[15,16,17]","[0.262181,1.018956,1.598101]","[{""tag_id"":15,""target_match"":true,""family"":""tag25h9"",""hamming"":0,""decision_margin"":78.267448,""pixel_xy"":[886.186343,519.061981],""world_xy_yaw"":[0.363193,0.731544,0.012517],""pnp_valid"":true,""pnp_camera_xyz"":[0.460194,0.384804,1.228474],""pnp_camera_quat_xyzw"":[-0.04178,-0.015377,0.00816,0.998975],""pnp_camera_rpy_deg"":[-4.804926,-1.721462,1.008221],""pnp_reprojection_error_px"":0.100852},{""tag_id"":16,""target_match"":true,""family"":""tag25h9"",""hamming"":0,""decision_margin"":77.826195,""pixel_xy"":[887.40713,583.60331],""world_xy_yaw"":[0.365244,0.652804,0.003963],""pnp_valid"":true,""pnp_camera_xyz"":[0.456632,0.523215,1.212667],""pnp_camera_quat_xyzw"":[-0.044799,-0.015566,0.008542,0.998838],""pnp_camera_rpy_deg"":[-5.152166,-1.738064,1.058121],""pnp_reprojection_error_px"":0.097082},{""tag_id"":17,""target_match"":true,""family"":""tag25h9"",""hamming"":0,""decision_margin"":163.831467,""pixel_xy"":[826.060409,283.478414],""world_xy_yaw"":[0.262181,1.018956,1.598101],""pnp_valid"":true,""pnp_camera_xyz"":[0.3373,-0.152912,1.272426],""pnp_camera_quat_xyzw"":[-0.0183,0.024463,0.720843,0.692425],""pnp_camera_rpy_deg"":[0.569702,3.45479,92.321063],""pnp_reprojection_error_px"":0.060154}]",1,0.060154,163.831467,79.625655,,0,,0,,
2026-08-12T13:29:36.249937+00:00,14151.533598016,onboard_extrinsic_left_060,0,"[0.0,0.0,0.0,0.0]",0,0,0,0,,,,,,,,,,,,,,,,,,,,,,,,,,,,0,,0,,,"[NaN,NaN,NaN]","[NaN,NaN,NaN,NaN]","[NaN,NaN,NaN,NaN,NaN,NaN]",0.001443,130,1,"[15,16,17]","[0.262046,1.019413,1.598124]","[{""tag_id"":15,""target_match"":true,""family"":""tag25h9"",""hamming"":0,""decision_margin"":76.775299,""pixel_xy"":[885.762823,519.067774],""world_xy_yaw"":[0.362482,0.731537,0.014104],""pnp_valid"":true,""pnp_camera_xyz"":[0.458438,0.384109,1.226238],""pnp_camera_quat_xyzw"":[-0.036681,-0.014238,0.008306,0.999191],""pnp_camera_rpy_deg"":[-4.218887,-1.59551,1.011372],""pnp_reprojection_error_px"":0.109473},{""tag_id"":16,""target_match"":true,""family"":""tag25h9"",""hamming"":0,""decision_margin"":85.108788,""pixel_xy"":[886.339178,584.552221],""world_xy_yaw"":[0.36345,0.651646,-0.022692],""pnp_valid"":true,""pnp_camera_xyz"":[0.446972,0.514863,1.193991],""pnp_camera_quat_xyzw"":[-0.014884,-0.066523,0.023566,0.997395],""pnp_camera_rpy_deg"":[-1.897774,-7.58508,2.832804],""pnp_reprojection_error_px"":1.108101},{""tag_id"":17,""target_match"":true,""family"":""tag25h9"",""hamming"":0,""decision_margin"":162.711884,""pixel_xy"":[825.979741,283.104153],""world_xy_yaw"":[0.262046,1.019413,1.598124],""pnp_valid"":true,""pnp_camera_xyz"":[0.336667,-0.153549,1.271014],""pnp_camera_quat_xyzw"":[-0.027386,0.023142,0.72122,0.691778],""pnp_camera_rpy_deg"":[-0.259065,4.101325,92.378082],""pnp_reprojection_error_px"":0.031559}]",1,0.031559,162.711884,77.954077,,0,,0,,
2026-08-12T13:29:36.300203+00:00,14151.583861287,onboard_extrinsic_left_060,0,"[0.0,0.0,0.0,0.0]",0,0,0,0,,,,,,,,,,,,,,,,,,,,,,,,,,,,0,,0,,,"[NaN,NaN,NaN]","[NaN,NaN,NaN,NaN]","[NaN,NaN,NaN,NaN,NaN,NaN]",0.002393,131,1,"[15,17]","[0.262024,1.019422,1.599698]","[{""tag_id"":15,""target_match"":true,""family"":""tag25h9"",""hamming"":0,""decision_margin"":84.625023,""pixel_xy"":[885.485766,519.121065],""world_xy_yaw"":[0.362016,0.731472,0.016225],""pnp_valid"":true,""pnp_camera_xyz"":[0.456677,0.383218,1.223127],""pnp_camera_quat_xyzw"":[-0.031696,-0.015404,0.009528,0.999333],""pnp_camera_rpy_deg"":[-3.650617,-1.7297,1.147659],""pnp_reprojection_error_px"":0.109399},{""tag_id"":17,""target_match"":true,""family"":""tag25h9"",""hamming"":0,""decision_margin"":163.541489,""pixel_xy"":[825.966699,283.096446],""world_xy_yaw"":[0.262024,1.019422,1.599698],""pnp_valid"":true,""pnp_camera_xyz"":[0.337079,-0.153764,1.272547],""pnp_camera_quat_xyzw"":[-0.026939,0.020654,0.721619,0.691458],""pnp_camera_rpy_deg"":[-0.427582,3.867158,92.431103],""pnp_reprojection_error_px"":0.044938}]",1,0.044938,163.541489,79.477299,,0,,0,,
2026-08-12T13:29:36.348560+00:00,14151.632230131,onboard_extrinsic_left_060,0,"[0.0,0.0,0.0,0.0]",0,0,0,0,,,,,,,,,,,,,,,,,,,,,,,,,,,,0,,0,,,"[NaN,NaN,NaN]","[NaN,NaN,NaN,NaN]","[NaN,NaN,NaN,NaN,NaN,NaN]",0.000814,133,1,"[16,17]","[0.262299,1.019491,1.602498]","[{""tag_id"":16,""target_match"":true,""family"":""tag25h9"",""hamming"":0,""decision_margin"":81.75592,""pixel_xy"":[886.091939,584.153625],""world_xy_yaw"":[0.363034,0.652133,-0.079172],""pnp_valid"":true,""pnp_camera_xyz"":[0.441894,0.510763,1.185503],""pnp_camera_quat_xyzw"":[0.014119,-0.063197,0.011451,0.997835],""pnp_camera_rpy_deg"":[1.5441,-7.264128,1.216987],""pnp_reprojection_error_px"":1.229993},{""tag_id"":17,""target_match"":true,""family"":""tag25h9"",""hamming"":0,""decision_margin"":163.136551,""pixel_xy"":[826.130339,283.03985],""world_xy_yaw"":[0.262299,1.019491,1.602498],""pnp_valid"":true,""pnp_camera_xyz"":[0.337542,-0.153871,1.272803],""pnp_camera_quat_xyzw"":[-0.031824,0.016551,0.722386,0.690559],""pnp_camera_rpy_deg"":[-1.151083,3.947183,92.541103],""pnp_reprojection_error_px"":0.059622}]",1,0.059622,163.136551,82.944345,,0,,0,,
2026-08-12T13:29:36.398804+00:00,14151.682471984,onboard_extrinsic_left_060,0,"[0.0,0.0,0.0,0.0]",0,0,0,0,,,,,,,,,,,,,,,,,,,,,,,,,,,,0,,0,,,"[NaN,NaN,NaN]","[NaN,NaN,NaN,NaN]","[NaN,NaN,NaN,NaN,NaN,NaN]",0.001343,134,1,"[16,17]","[0.262487,1.019488,1.605418]","[{""tag_id"":16,""target_match"":true,""family"":""tag25h9"",""hamming"":0,""decision_margin"":83.2677,""pixel_xy"":[885.531374,583.6031],""world_xy_yaw"":[0.362093,0.652804,0.008794],""pnp_valid"":true,""pnp_camera_xyz"":[0.453946,0.525172,1.2169],""pnp_camera_quat_xyzw"":[-0.042656,-0.00073,0.005679,0.999073],""pnp_camera_rpy_deg"":[-4.889928,-0.055799,0.653717],""pnp_reprojection_error_px"":0.050482},{""tag_id"":17,""target_match"":true,""family"":""tag25h9"",""hamming"":0,""decision_margin"":163.553314,""pixel_xy"":[826.242063,283.042642],""world_xy_yaw"":[0.262487,1.019488,1.605418],""pnp_valid"":true,""pnp_camera_xyz"":[0.338203,-0.154082,1.274255],""pnp_camera_quat_xyzw"":[-0.029533,0.015237,0.723339,0.689692],""pnp_camera_rpy_deg"":[-1.073366,3.654695,92.693893],""pnp_reprojection_error_px"":0.057745}]",1,0.057745,163.553314,81.704365,,0,,0,,
2026-08-12T13:29:36.450021+00:00,14151.733682343,onboard_extrinsic_left_060,0,"[0.0,0.0,0.0,0.0]",0,0,0,0,,,,,,,,,,,,,,,,,,,,,,,,,,,,0,,0,,,"[NaN,NaN,NaN]","[NaN,NaN,NaN,NaN]","[NaN,NaN,NaN,NaN,NaN,NaN]",0.001576,136,1,"[16,17]","[0.262857,1.019464,1.610543]","[{""tag_id"":16,""target_match"":true,""family"":""tag25h9"",""hamming"":0,""decision_margin"":86.319016,""pixel_xy"":[884.868499,583.799451],""world_xy_yaw"":[0.360979,0.652565,0.01916],""pnp_valid"":true,""pnp_camera_xyz"":[0.453269,0.526593,1.219124],""pnp_camera_quat_xyzw"":[-0.041643,0.004657,0.008787,0.999083],""pnp_camera_rpy_deg"":[-4.768576,0.575088,0.983894],""pnp_reprojection_error_px"":0.050599},{""tag_id"":17,""target_match"":true,""family"":""tag25h9"",""hamming"":0,""decision_margin"":162.632385,""pixel_xy"":[826.462524,283.062035],""world_xy_yaw"":[0.262857,1.019464,1.610543],""pnp_valid"":true,""pnp_camera_xyz"":[0.338562,-0.154025,1.27378],""pnp_camera_quat_xyzw"":[-0.030012,0.014807,0.725452,0.687459],""pnp_camera_rpy_deg"":[-1.135701,3.663905,93.044304],""pnp_reprojection_error_px"":0.043419}]",1,0.043419,162.632385,79.983694,,0,,0,,
2026-08-12T13:29:36.500128+00:00,14151.783786542,onboard_extrinsic_left_060,0,"[0.0,0.0,0.0,0.0]",0,0,0,0,,,,,,,,,,,,,,,,,,,,,,,,,,,,0,,0,,,"[NaN,NaN,NaN]","[NaN,NaN,NaN,NaN]","[NaN,NaN,NaN,NaN,NaN,NaN]",0.002380,137,1,[17],"[0.262988,1.019427,1.612425]","[{""tag_id"":17,""target_match"":true,""family"":""tag25h9"",""hamming"":0,""decision_margin"":164.593506,""pixel_xy"":[826.540388,283.092234],""world_xy_yaw"":[0.262988,1.019427,1.612425],""pnp_valid"":true,""pnp_camera_xyz"":[0.338983,-0.154101,1.274777],""pnp_camera_quat_xyzw"":[-0.027072,0.015542,0.726015,0.68697],""pnp_camera_rpy_deg"":[-0.839635,3.477888,93.140208],""pnp_reprojection_error_px"":0.035969}]",1,0.035969,164.593506,81.889504,,0,,0,,
2026-08-12T13:29:36.548558+00:00,14151.832227668,onboard_extrinsic_left_060,0,"[0.0,0.0,0.0,0.0]",0,0,0,0,,,,,,,,,,,,,,,,,,,,,,,,,,,,0,,0,,,"[NaN,NaN,NaN]","[NaN,NaN,NaN,NaN]","[NaN,NaN,NaN,NaN,NaN,NaN]",0.000825,139,1,"[16,17]","[0.263117,1.019398,1.616781]","[{""tag_id"":16,""target_match"":true,""family"":""tag25h9"",""hamming"":0,""decision_margin"":90.556198,""pixel_xy"":[883.83467,584.201999],""world_xy_yaw"":[0.359242,0.652074,0.024849],""pnp_valid"":true,""pnp_camera_xyz"":[0.451318,0.52768,1.219945],""pnp_camera_quat_xyzw"":[-0.038156,0.010431,0.008493,0.999181],""pnp_camera_rpy_deg"":[-4.363858,1.231558,0.927091],""pnp_reprojection_error_px"":0.108348},{""tag_id"":17,""target_match"":true,""family"":""tag25h9"",""hamming"":0,""decision_margin"":163.055283,""pixel_xy"":[826.617325,283.116021],""world_xy_yaw"":[0.263117,1.019398,1.616781],""pnp_valid"":true,""pnp_camera_xyz"":[0.339101,-0.154008,1.274634],""pnp_camera_quat_xyzw"":[-0.027502,0.015247,0.727363,0.685532],""pnp_camera_rpy_deg"":[-0.891299,3.492137,93.364433],""pnp_reprojection_error_px"":0.023412}]",1,0.023412,163.055283,80.026854,,0,,0,,
2026-08-12T13:29:36.600134+00:00,14151.883793106,onboard_extrinsic_left_060,0,"[0.0,0.0,0.0,0.0]",0,0,0,0,,,,,,,,,,,,,,,,,,,,,,,,,,,,0,,0,,,"[NaN,NaN,NaN]","[NaN,NaN,NaN,NaN]","[NaN,NaN,NaN,NaN,NaN,NaN]",0.002338,140,1,"[16,17]","[0.263069,1.019366,1.617232]","[{""tag_id"":16,""target_match"":true,""family"":""tag25h9"",""hamming"":0,""decision_margin"":91.913445,""pixel_xy"":[883.564579,584.812783],""world_xy_yaw"":[0.358788,0.651328,-0.044375],""pnp_valid"":true,""pnp_camera_xyz"":[0.440289,0.516455,1.195091],""pnp_camera_quat_xyzw"":[0.010606,-0.047354,0.01604,0.998693],""pnp_camera_rpy_deg"":[1.131909,-5.446943,1.786466],""pnp_reprojection_error_px"":1.090561},{""tag_id"":17,""target_match"":true,""family"":""tag25h9"",""hamming"":0,""decision_margin"":162.862793,""pixel_xy"":[826.588903,283.142748],""world_xy_yaw"":[0.263069,1.019366,1.617232],""pnp_valid"":true,""pnp_camera_xyz"":[0.338885,-0.153876,1.273996],""pnp_camera_quat_xyzw"":[-0.029485,0.015535,0.727831,0.684946],""pnp_camera_rpy_deg"":[-1.020751,3.68106,93.444562],""pnp_reprojection_error_px"":0.032458}]",1,0.032458,162.862793,80.102512,,0,,0,,
2026-08-12T13:29:36.649245+00:00,14151.932911015,onboard_extrinsic_left_060,0,"[0.0,0.0,0.0,0.0]",0,0,0,0,,,,,,,,,,,,,,,,,,,,,,,,,,,,0,,0,,,"[NaN,NaN,NaN]","[NaN,NaN,NaN,NaN]","[NaN,NaN,NaN,NaN,NaN,NaN]",0.001177,142,1,"[15,17]","[0.262874,1.019237,1.618316]","[{""tag_id"":15,""target_match"":true,""family"":""tag25h9"",""hamming"":0,""decision_margin"":87.424088,""pixel_xy"":[882.570104,520.498472],""world_xy_yaw"":[0.357118,0.729792,0.026748],""pnp_valid"":true,""pnp_camera_xyz"":[0.451306,0.387698,1.22698],""pnp_camera_quat_xyzw"":[-0.027581,0.00964,0.009613,0.999527],""pnp_camera_rpy_deg"":[-3.15066,1.134619,1.070893],""pnp_reprojection_error_px"":0.121271},{""tag_id"":17,""target_match"":true,""family"":""tag25h9"",""hamming"":0,""decision_margin"":161.025208,""pixel_xy"":[826.472918,283.248101],""world_xy_yaw"":[0.262874,1.019237,1.618316],""pnp_valid"":true,""pnp_camera_xyz"":[0.338597,-0.153642,1.273974],""pnp_camera_quat_xyzw"":[-0.027601,0.016108,0.728145,0.684678],""pnp_camera_rpy_deg"":[-0.823115,3.569116,93.498813],""pnp_reprojection_error_px"":0.031613}]",1,0.031613,161.025208,80.555518,,0,,0,,
2026-08-12T13:29:36.699781+00:00,14151.983441726,onboard_extrinsic_left_060,0,"[0.0,0.0,0.0,0.0]",0,0,0,0,,,,,,,,,,,,,,,,,,,,,,,,,,,,0,,0,,,"[NaN,NaN,NaN]","[NaN,NaN,NaN,NaN]","[NaN,NaN,NaN,NaN,NaN,NaN]",0.002179,143,1,"[15,16,17]","[0.262714,1.019161,1.618796]","[{""tag_id"":15,""target_match"":true,""family"":""tag25h9"",""hamming"":0,""decision_margin"":86.985893,""pixel_xy"":[882.380005,520.748007],""world_xy_yaw"":[0.356798,0.729487,0.02496],""pnp_valid"":true,""pnp_camera_xyz"":[0.450027,0.387266,1.22469],""pnp_camera_quat_xyzw"":[-0.024031,0.006123,0.009904,0.999643],""pnp_camera_rpy_deg"":[-2.747052,0.728657,1.117791],""pnp_reprojection_error_px"":0.020687},{""tag_id"":16,""target_match"":true,""family"":""tag25h9"",""hamming"":0,""decision_margin"":99.057274,""pixel_xy"":[882.207904,585.544726],""world_xy_yaw"":[0.356509,0.650435,-0.015096],""pnp_valid"":true,""pnp_camera_xyz"":[0.437672,0.516892,1.194157],""pnp_camera_quat_xyzw"":[0.008705,-0.051154,0.025252,0.998334],""pnp_camera_rpy_deg"":[0.852394,-5.887628,2.854045],""pnp_reprojection_error_px"":1.27056},{""tag_id"":17,""target_match"":true,""family"":""tag25h9"",""hamming"":0,""decision_margin"":162.458328,""pixel_xy"":[826.377116,283.310553],""world_xy_yaw"":[0.262714,1.019161,1.618796],""pnp_valid"":true,""pnp_camera_xyz"":[0.338536,-0.153582,1.274506],""pnp_camera_quat_xyzw"":[-0.027389,0.016357,0.728471,0.684334],""pnp_camera_rpy_deg"":[-0.783922,3.57132,93.554295],""pnp_reprojection_error_px"":0.044265}]",1,0.044265,162.458328,80.024618,,0,,0,,
2026-08-12T13:29:36.749604+00:00,14152.033264023,onboard_extrinsic_left_060,0,"[0.0,0.0,0.0,0.0]",0,0,0,0,,,,,,,,,,,,,,,,,,,,,,,,,,,,0,,0,,,"[NaN,NaN,NaN]","[NaN,NaN,NaN,NaN]","[NaN,NaN,NaN,NaN,NaN,NaN]",0.002084,144,1,"[16,17]","[0.262516,1.019125,1.619168]","[{""tag_id"":16,""target_match"":true,""family"":""tag25h9"",""hamming"":0,""decision_margin"":100.201363,""pixel_xy"":[882.364694,584.520482],""world_xy_yaw"":[0.356773,0.651685,0.031831],""pnp_valid"":true,""pnp_camera_xyz"":[0.450607,0.531718,1.226979],""pnp_camera_quat_xyzw"":[-0.037836,0.023881,0.006365,0.998978],""pnp_camera_rpy_deg"":[-4.322951,2.762414,0.625796],""pnp_reprojection_error_px"":0.015981},{""tag_id"":17,""target_match"":true,""family"":""tag25h9"",""hamming"":0,""decision_margin"":162.088196,""pixel_xy"":[826.259565,283.340523],""world_xy_yaw"":[0.262516,1.019125,1.619168],""pnp_valid"":true,""pnp_camera_xyz"":[0.338379,-0.153561,1.274974],""pnp_camera_quat_xyzw"":[-0.026615,0.016129,0.728434,0.684409],""pnp_camera_rpy_deg"":[-0.74241,3.488767,93.547026],""pnp_reprojection_error_px"":0.040343}]",1,0.040343,162.088196,79.064972,,0,,0,,
2026-08-12T13:29:36.799583+00:00,14152.083255365,onboard_extrinsic_left_060,0,"[0.0,0.0,0.0,0.0]",0,0,0,0,,,,,,,,,,,,,,,,,,,,,,,,,,,,0,,0,,,"[NaN,NaN,NaN]","[NaN,NaN,NaN,NaN]","[NaN,NaN,NaN,NaN,NaN,NaN]",0.001081,146,1,"[16,17]","[0.262055,1.019051,1.61929]","[{""tag_id"":16,""target_match"":true,""family"":""tag25h9"",""hamming"":0,""decision_margin"":100.135948,""pixel_xy"":[881.98112,584.708027],""world_xy_yaw"":[0.356128,0.651456,0.033854],""pnp_valid"":true,""pnp_camera_xyz"":[0.448001,0.529936,1.222128],""pnp_camera_quat_xyzw"":[-0.030056,0.020784,0.008123,0.999299],""pnp_camera_rpy_deg"":[-3.427469,2.408709,0.859411],""pnp_reprojection_error_px"":0.033815},{""tag_id"":17,""target_match"":true,""family"":""tag25h9"",""hamming"":0,""decision_margin"":163.235245,""pixel_xy"":[825.98512,283.401074],""world_xy_yaw"":[0.262055,1.019051,1.61929],""pnp_valid"":true,""pnp_camera_xyz"":[0.337698,-0.153412,1.274731],""pnp_camera_quat_xyzw"":[-0.025977,0.017616,0.728685,0.684129],""pnp_camera_rpy_deg"":[-0.566638,3.552364,93.595117],""pnp_reprojection_error_px"":0.054502}]",1,0.054502,163.235245,79.284755,,0,,0,,
2026-08-12T13:29:36.849182+00:00,14152.132847560,onboard_extrinsic_left_060,0,"[0.0,0.0,0.0,0.0]",0,0,0,0,,,,,,,,,,,,,,,,,,,,,,,,,,,,0,,0,,,"[NaN,NaN,NaN]","[NaN,NaN,NaN,NaN]","[NaN,NaN,NaN,NaN,NaN,NaN]",0.001173,148,1,"[16,17]","[0.261627,1.019001,1.621463]","[{""tag_id"":16,""target_match"":true,""family"":""tag25h9"",""hamming"":0,""decision_margin"":98.92189,""pixel_xy"":[881.841342,584.800926],""world_xy_yaw"":[0.355893,0.651343,0.033619],""pnp_valid"":true,""pnp_camera_xyz"":[0.447614,0.53011,1.222003],""pnp_camera_quat_xyzw"":[-0.027545,0.019902,0.008621,0.999385],""pnp_camera_rpy_deg"":[-3.138961,2.307,0.925297],""pnp_reprojection_error_px"":0.025496},{""tag_id"":17,""target_match"":true,""family"":""tag25h9"",""hamming"":0,""decision_margin"":164.468567,""pixel_xy"":[825.730618,283.441667],""world_xy_yaw"":[0.261627,1.019001,1.621463],""pnp_valid"":true,""pnp_camera_xyz"":[0.33683,-0.153131,1.27399],""pnp_camera_quat_xyzw"":[-0.024559,0.018945,0.728605,0.684232],""pnp_camera_rpy_deg"":[-0.344514,3.538149,93.587125],""pnp_reprojection_error_px"":0.012932}]",1,0.012932,164.468567,82.878844,,0,,0,,
2026-08-12T13:29:36.899080+00:00,14152.182746442,onboard_extrinsic_left_060,0,"[0.0,0.0,0.0,0.0]",0,0,0,0,,,,,,,,,,,,,,,,,,,,,,,,,,,,0,,0,,,"[NaN,NaN,NaN]","[NaN,NaN,NaN,NaN]","[NaN,NaN,NaN,NaN,NaN,NaN]",0.001620,149,1,"[16,17]","[0.261378,1.018931,1.620059]","[{""tag_id"":16,""target_match"":true,""family"":""tag25h9"",""hamming"":0,""decision_margin"":98.829704,""pixel_xy"":[881.826531,584.781024],""world_xy_yaw"":[0.355869,0.651367,0.030382],""pnp_valid"":true,""pnp_camera_xyz"":[0.446184,0.528585,1.218236],""pnp_camera_quat_xyzw"":[-0.023074,0.015716,0.008924,0.99957],""pnp_camera_rpy_deg"":[-2.629145,1.824001,0.981224],""pnp_reprojection_error_px"":0.046165},{""tag_id"":17,""target_match"":true,""family"":""tag25h9"",""hamming"":0,""decision_margin"":159.417297,""pixel_xy"":[825.582307,283.499204],""world_xy_yaw"":[0.261378,1.018931,1.620059],""pnp_valid"":true,""pnp_camera_xyz"":[0.336477,-0.153044,1.27399],""pnp_camera_quat_xyzw"":[-0.022806,0.020265,0.728383,0.684491],""pnp_camera_rpy_deg"":[-0.097597,3.495268,93.555786],""pnp_reprojection_error_px"":0.014861}]",1,0.014861,159.417297,81.923557,,0,,0,,
2026-08-12T13:29:36.949711+00:00,14152.233373486,onboard_extrinsic_left_060,0,"[0.0,0.0,0.0,0.0]",0,0,0,0,,,,,,,,,,,,,,,,,,,,,,,,,,,,0,,0,,,"[NaN,NaN,NaN]","[NaN,NaN,NaN,NaN]","[NaN,NaN,NaN,NaN,NaN,NaN]",0.001438,151,1,"[16,17]","[0.26088,1.018846,1.618344]","[{""tag_id"":16,""target_match"":true,""family"":""tag25h9"",""hamming"":0,""decision_margin"":98.958176,""pixel_xy"":[881.749193,584.797767],""world_xy_yaw"":[0.355739,0.651347,0.032473],""pnp_valid"":true,""pnp_camera_xyz"":[0.446691,0.529338,1.21986],""pnp_camera_quat_xyzw"":[-0.022455,0.018326,0.007913,0.999549],""pnp_camera_rpy_deg"":[-2.557949,2.119911,0.859857],""pnp_reprojection_error_px"":0.053862},{""tag_id"":17,""target_match"":true,""family"":""tag25h9"",""hamming"":0,""decision_margin"":159.556641,""pixel_xy"":[825.285769,283.568818],""world_xy_yaw"":[0.26088,1.018846,1.618344],""pnp_valid"":true,""pnp_camera_xyz"":[0.335457,-0.152775,1.272798],""pnp_camera_quat_xyzw"":[-0.020995,0.021609,0.727955,0.684962],""pnp_camera_rpy_deg"":[0.154938,3.449503,93.490464],""pnp_reprojection_error_px"":0.028408}]",1,0.028408,159.556641,83.080134,,0,,0,,
2026-08-12T13:29:36.999098+00:00,14152.282764881,onboard_extrinsic_left_060,0,"[0.0,0.0,0.0,0.0]",0,0,0,0,,,,,,,,,,,,,,,,,,,,,,,,,,,,0,,0,,,"[NaN,NaN,NaN]","[NaN,NaN,NaN,NaN]","[NaN,NaN,NaN,NaN,NaN,NaN]",0.001595,152,1,[17],"[0.260621,1.018828,1.61948]","[{""tag_id"":17,""target_match"":true,""family"":""tag25h9"",""hamming"":0,""decision_margin"":161.667862,""pixel_xy"":[825.131551,283.583871],""world_xy_yaw"":[0.260621,1.018828,1.61948],""pnp_valid"":true,""pnp_camera_xyz"":[0.335314,-0.152831,1.273721],""pnp_camera_quat_xyzw"":[-0.018613,0.021427,0.727907,0.685088],""pnp_camera_rpy_deg"":[0.326603,3.236438,93.48072],""pnp_reprojection_error_px"":0.021822}]",1,0.021822,161.667862,83.297323,,0,,0,,
2026-08-12T13:29:37.049877+00:00,14152.333536676,onboard_extrinsic_left_060,0,"[0.0,0.0,0.0,0.0]",0,0,0,0,,,,,,,,,,,,,,,,,,,,,,,,,,,,0,,0,,,"[NaN,NaN,NaN]","[NaN,NaN,NaN,NaN]","[NaN,NaN,NaN,NaN,NaN,NaN]",0.001496,154,1,"[16,17]","[0.259941,1.018871,1.616968]","[{""tag_id"":16,""target_match"":true,""family"":""tag25h9"",""hamming"":0,""decision_margin"":98.75293,""pixel_xy"":[881.911724,584.823674],""world_xy_yaw"":[0.356012,0.651315,0.031231],""pnp_valid"":true,""pnp_camera_xyz"":[0.449237,0.531722,1.225726],""pnp_camera_quat_xyzw"":[-0.024433,0.01852,0.006885,0.999506],""pnp_camera_rpy_deg"":[-2.786899,2.141003,0.737273],""pnp_reprojection_error_px"":0.061979},{""tag_id"":17,""target_match"":true,""family"":""tag25h9"",""hamming"":0,""decision_margin"":161.444061,""pixel_xy"":[824.726841,283.548034],""world_xy_yaw"":[0.259941,1.018871,1.616968],""pnp_valid"":true,""pnp_camera_xyz"":[0.334234,-0.1528,1.273071],""pnp_camera_quat_xyzw"":[-0.018931,0.022062,0.726855,0.686176],""pnp_camera_rpy_deg"":[0.349569,3.313384,93.308127],""pnp_reprojection_error_px"":0.007577}]",1,0.007577,161.444061,81.296929,,0,,0,,
2026-08-12T13:29:37.099761+00:00,14152.383422649,onboard_extrinsic_left_060,0,"[0.0,0.0,0.0,0.0]",0,0,0,0,,,,,,,,,,,,,,,,,,,,,,,,,,,,0,,0,,,"[NaN,NaN,NaN]","[NaN,NaN,NaN,NaN]","[NaN,NaN,NaN,NaN,NaN,NaN]",0.002123,155,1,[17],"[0.259645,1.018853,1.613573]","[{""tag_id"":17,""target_match"":true,""family"":""tag25h9"",""hamming"":0,""decision_margin"":164.461349,""pixel_xy"":[824.550836,283.563076],""world_xy_yaw"":[0.259645,1.018853,1.613573],""pnp_valid"":true,""pnp_camera_xyz"":[0.333729,-0.152801,1.272839],""pnp_camera_quat_xyzw"":[-0.01984,0.023615,0.726369,0.686613],""pnp_camera_rpy_deg"":[0.405359,3.511623,93.235765],""pnp_reprojection_error_px"":0.03188}]",1,0.03188,164.461349,79.877549,,0,,0,,
2026-08-12T13:29:37.149841+00:00,14152.433501191,onboard_extrinsic_left_060,0,"[0.0,0.0,0.0,0.0]",0,0,0,0,,,,,,,,,,,,,,,,,,,,,,,,,,,,0,,0,,,"[NaN,NaN,NaN]","[NaN,NaN,NaN,NaN]","[NaN,NaN,NaN,NaN,NaN,NaN]",0.002243,156,1,"[16,17]","[0.259286,1.018882,1.612786]","[{""tag_id"":16,""target_match"":true,""family"":""tag25h9"",""hamming"":0,""decision_margin"":104.673729,""pixel_xy"":[881.860452,585.497165],""world_xy_yaw"":[0.355926,0.650493,-0.021785],""pnp_valid"":true,""pnp_camera_xyz"":[0.44065,0.521795,1.204717],""pnp_camera_quat_xyzw"":[0.015518,-0.044416,0.020003,0.998692],""pnp_camera_rpy_deg"":[1.681092,-5.125411,2.219619],""pnp_reprojection_error_px"":1.112865},{""tag_id"":17,""target_match"":true,""family"":""tag25h9"",""hamming"":0,""decision_margin"":162.959213,""pixel_xy"":[824.336782,283.539512],""world_xy_yaw"":[0.259286,1.018882,1.612786],""pnp_valid"":true,""pnp_camera_xyz"":[0.333137,-0.152776,1.272405],""pnp_camera_quat_xyzw"":[-0.019624,0.02352,0.725854,0.687167],""pnp_camera_rpy_deg"":[0.411795,3.486416,93.149114],""pnp_reprojection_error_px"":0.018446}]",1,0.018446,162.959213,78.973035,,0,,0,,
2026-08-12T13:29:37.199617+00:00,14152.483281939,onboard_extrinsic_left_060,0,"[0.0,0.0,0.0,0.0]",0,0,0,0,,,,,,,,,,,,,,,,,,,,,,,,,,,,0,,0,,,"[NaN,NaN,NaN]","[NaN,NaN,NaN,NaN]","[NaN,NaN,NaN,NaN,NaN,NaN]",0.001309,158,1,[17],"[0.258431,1.018942,1.609492]","[{""tag_id"":17,""target_match"":true,""family"":""tag25h9"",""hamming"":0,""decision_margin"":162.927261,""pixel_xy"":[823.827708,283.490557],""world_xy_yaw"":[0.258431,1.018942,1.609492],""pnp_valid"":true,""pnp_camera_xyz"":[0.33188,-0.152836,1.271912],""pnp_camera_quat_xyzw"":[-0.019983,0.025385,0.724932,0.688063],""pnp_camera_rpy_deg"":[0.534233,3.663989,93.00639],""pnp_reprojection_error_px"":0.033831}]",1,0.033831,162.927261,77.403424,,0,,0,,
2026-08-12T13:29:37.249154+00:00,14152.532826551,onboard_extrinsic_left_060,0,"[0.0,0.0,0.0,0.0]",0,0,0,0,,,,,,,,,,,,,,,,,,,,,,,,,,,,0,,0,,,"[NaN,NaN,NaN]","[NaN,NaN,NaN,NaN]","[NaN,NaN,NaN,NaN,NaN,NaN]",0.001067,160,1,"[16,17]","[0.257651,1.019005,1.607493]","[{""tag_id"":16,""target_match"":true,""family"":""tag25h9"",""hamming"":0,""decision_margin"":96.153282,""pixel_xy"":[882.701779,584.555823],""world_xy_yaw"":[0.357339,0.651642,0.017662],""pnp_valid"":true,""pnp_camera_xyz"":[0.450435,0.530575,1.224458],""pnp_camera_quat_xyzw"":[-0.027955,0.007993,0.005929,0.99956],""pnp_camera_rpy_deg"":[-3.198684,0.93453,0.653616],""pnp_reprojection_error_px"":0.047379},{""tag_id"":17,""target_match"":true,""family"":""tag25h9"",""hamming"":0,""decision_margin"":162.680649,""pixel_xy"":[823.363936,283.438314],""world_xy_yaw"":[0.257651,1.019005,1.607493],""pnp_valid"":true,""pnp_camera_xyz"":[0.331144,-0.153102,1.273121],""pnp_camera_quat_xyzw"":[-0.015134,0.025645,0.723713,0.689459],""pnp_camera_rpy_deg"":[0.932663,3.282996,92.803783],""pnp_reprojection_error_px"":0.045087}]",1,0.045087,162.680649,81.238784,,0,,0,,
2026-08-12T13:29:37.299163+00:00,14152.582827964,onboard_extrinsic_left_060,0,"[0.0,0.0,0.0,0.0]",0,0,0,0,,,,,,,,,,,,,,,,,,,,,,,,,,,,0,,0,,,"[NaN,NaN,NaN]","[NaN,NaN,NaN,NaN]","[NaN,NaN,NaN,NaN,NaN,NaN]",0.001569,161,1,"[15,17]","[0.257258,1.01906,1.607197]","[{""tag_id"":15,""target_match"":true,""family"":""tag25h9"",""hamming"":0,""decision_margin"":89.085831,""pixel_xy"":[882.50301,520.956281],""world_xy_yaw"":[0.357005,0.729233,0.012319],""pnp_valid"":true,""pnp_camera_xyz"":[0.449226,0.386871,1.221478],""pnp_camera_quat_xyzw"":[-0.012378,-0.005665,0.006363,0.999887],""pnp_camera_rpy_deg"":[-1.422598,-0.640062,0.737144],""pnp_reprojection_error_px"":0.074182},{""tag_id"":17,""target_match"":true,""family"":""tag25h9"",""hamming"":0,""decision_margin"":163.954239,""pixel_xy"":[823.130035,283.393271],""world_xy_yaw"":[0.257258,1.01906,1.607197],""pnp_valid"":true,""pnp_camera_xyz"":[0.330572,-0.153153,1.273016],""pnp_camera_quat_xyzw"":[-0.01485,0.026212,0.723294,0.689883],""pnp_camera_rpy_deg"":[1.000291,3.304754,92.737609],""pnp_reprojection_error_px"":0.041918}]",1,0.041918,163.954239,80.637434,,0,,0,,
2026-08-12T13:29:37.349901+00:00,14152.633561205,onboard_extrinsic_left_060,0,"[0.0,0.0,0.0,0.0]",0,0,0,0,,,,,,,,,,,,,,,,,,,,,,,,,,,,0,,0,,,"[NaN,NaN,NaN]","[NaN,NaN,NaN,NaN]","[NaN,NaN,NaN,NaN,NaN,NaN]",0.001577,163,1,"[16,17]","[0.25645,1.019106,1.6041]","[{""tag_id"":16,""target_match"":true,""family"":""tag25h9"",""hamming"":0,""decision_margin"":93.105064,""pixel_xy"":[883.242527,584.383003],""world_xy_yaw"":[0.358247,0.651853,0.006358],""pnp_valid"":true,""pnp_camera_xyz"":[0.44964,0.527717,1.219098],""pnp_camera_quat_xyzw"":[-0.025046,-0.000717,0.00446,0.999676],""pnp_camera_rpy_deg"":[-2.870725,-0.069284,0.512984],""pnp_reprojection_error_px"":0.113177},{""tag_id"":17,""target_match"":true,""family"":""tag25h9"",""hamming"":0,""decision_margin"":161.882721,""pixel_xy"":[822.648598,283.355375],""world_xy_yaw"":[0.25645,1.019106,1.6041],""pnp_valid"":true,""pnp_camera_xyz"":[0.329889,-0.153495,1.274666],""pnp_camera_quat_xyzw"":[-0.009042,0.026211,0.721993,0.691345],""pnp_camera_rpy_deg"":[1.45411,2.8257,92.520419],""pnp_reprojection_error_px"":0.053176}]",1,0.053176,161.882721,85.410786,,0,,0,,
2026-08-12T13:29:37.399747+00:00,14152.683408288,onboard_extrinsic_left_060,0,"[0.0,0.0,0.0,0.0]",0,0,0,0,,,,,,,,,,,,,,,,,,,,,,,,,,,,0,,0,,,"[NaN,NaN,NaN]","[NaN,NaN,NaN,NaN]","[NaN,NaN,NaN,NaN,NaN,NaN]",0.002108,164,1,[17],"[0.256131,1.019149,1.603677]","[{""tag_id"":17,""target_match"":true,""family"":""tag25h9"",""hamming"":0,""decision_margin"":163.672516,""pixel_xy"":[822.459227,283.32019],""world_xy_yaw"":[0.256131,1.019149,1.603677],""pnp_valid"":true,""pnp_camera_xyz"":[0.32933,-0.153535,1.274358],""pnp_camera_quat_xyzw"":[-0.008943,0.025791,0.721744,0.691621],""pnp_camera_rpy_deg"":[1.426088,2.784739,92.476576],""pnp_reprojection_error_px"":0.038741}]",1,0.038741,163.672516,84.191933,,0,,0,,
2026-08-12T13:29:37.449822+00:00,14152.733483462,onboard_extrinsic_left_060,0,"[0.0,0.0,0.0,0.0]",0,0,0,0,,,,,,,,,,,,,,,,,,,,,,,,,,,,0,,0,,,"[NaN,NaN,NaN]","[NaN,NaN,NaN,NaN]","[NaN,NaN,NaN,NaN,NaN,NaN]",0.001484,166,1,[17],"[0.255549,1.019282,1.598178]","[{""tag_id"":17,""target_match"":true,""family"":""tag25h9"",""hamming"":0,""decision_margin"":161.888748,""pixel_xy"":[822.112674,283.211157],""world_xy_yaw"":[0.255549,1.019282,1.598178],""pnp_valid"":true,""pnp_camera_xyz"":[0.328099,-0.153668,1.272985],""pnp_camera_quat_xyzw"":[-0.01505,0.028177,0.720964,0.692236],""pnp_camera_rpy_deg"":[1.136204,3.480633,92.363649],""pnp_reprojection_error_px"":0.038596}]",1,0.038596,161.888748,84.439513,,0,,0,,
2026-08-12T13:29:37.499833+00:00,14152.783483981,onboard_extrinsic_left_060,0,"[0.0,0.0,0.0,0.0]",0,0,0,0,,,,,,,,,,,,,,,,,,,,,,,,,,,,0,,0,,,"[NaN,NaN,NaN]","[NaN,NaN,NaN,NaN]","[NaN,NaN,NaN,NaN,NaN,NaN]",0.002187,167,1,[17],"[0.255278,1.019452,1.598271]","[{""tag_id"":17,""target_match"":true,""family"":""tag25h9"",""hamming"":0,""decision_margin"":161.442932,""pixel_xy"":[821.95149,283.071929],""world_xy_yaw"":[0.255278,1.019452,1.598271],""pnp_valid"":true,""pnp_camera_xyz"":[0.32717,-0.153599,1.270901],""pnp_camera_quat_xyzw"":[-0.020478,0.029081,0.720536,0.692505],""pnp_camera_rpy_deg"":[0.778039,4.001778,92.300041],""pnp_reprojection_error_px"":0.024563}]",1,0.024563,161.442932,86.072611,,0,,0,,
2026-08-12T13:29:37.549885+00:00,14152.833545797,onboard_extrinsic_left_060,0,"[0.0,0.0,0.0,0.0]",0,0,0,0,,,,,,,,,,,,,,,,,,,,,,,,,,,,0,,0,,,"[NaN,NaN,NaN]","[NaN,NaN,NaN,NaN]","[NaN,NaN,NaN,NaN,NaN,NaN]",0.001472,169,1,[17],"[0.254756,1.019618,1.598031]","[{""tag_id"":17,""target_match"":true,""family"":""tag25h9"",""hamming"":0,""decision_margin"":162.064041,""pixel_xy"":[821.64055,282.935901],""world_xy_yaw"":[0.254756,1.019618,1.598031],""pnp_valid"":true,""pnp_camera_xyz"":[0.327116,-0.154349,1.273516],""pnp_camera_quat_xyzw"":[-0.014629,0.029367,0.720691,0.692479],""pnp_camera_rpy_deg"":[1.266934,3.540705,92.326545],""pnp_reprojection_error_px"":0.025146}]",1,0.025146,162.064041,85.348222,,0,,0,,
2026-08-12T13:29:37.600147+00:00,14152.883795469,onboard_extrinsic_left_060,0,"[0.0,0.0,0.0,0.0]",0,0,0,0,,,,,,,,,,,,,,,,,,,,,,,,,,,,0,,0,,,"[NaN,NaN,NaN]","[NaN,NaN,NaN,NaN]","[NaN,NaN,NaN,NaN,NaN,NaN]",0.002445,170,1,[17],"[0.254472,1.019771,1.599199]","[{""tag_id"":17,""target_match"":true,""family"":""tag25h9"",""hamming"":0,""decision_margin"":161.286621,""pixel_xy"":[821.471294,282.810483],""world_xy_yaw"":[0.254472,1.019771,1.599199],""pnp_valid"":true,""pnp_camera_xyz"":[0.327194,-0.154806,1.275264],""pnp_camera_quat_xyzw"":[-0.010971,0.02926,0.720312,0.692946],""pnp_camera_rpy_deg"":[1.54659,3.230692,92.262235],""pnp_reprojection_error_px"":0.00948}]",1,0.00948,161.286621,84.563789,,0,,0,,
2026-08-12T13:29:37.649508+00:00,14152.933169058,onboard_extrinsic_left_060,0,"[0.0,0.0,0.0,0.0]",0,0,0,0,,,,,,,,,,,,,,,,,,,,,,,,,,,,0,,0,,,"[NaN,NaN,NaN]","[NaN,NaN,NaN,NaN]","[NaN,NaN,NaN,NaN,NaN,NaN]",0.001564,172,1,"[16,17]","[0.25401,1.02004,1.59292]","[{""tag_id"":16,""target_match"":true,""family"":""tag25h9"",""hamming"":0,""decision_margin"":90.704094,""pixel_xy"":[885.074007,584.086283],""world_xy_yaw"":[0.361324,0.652215,-0.210973],""pnp_valid"":true,""pnp_camera_xyz"":[0.422039,0.491283,1.143596],""pnp_camera_quat_xyzw"":[0.072205,-0.111582,0.003532,0.991122],""pnp_camera_rpy_deg"":[8.393598,-12.808478,-0.535403],""pnp_reprojection_error_px"":2.426938},{""tag_id"":17,""target_match"":true,""family"":""tag25h9"",""hamming"":0,""decision_margin"":163.867645,""pixel_xy"":[821.196404,282.590562],""world_xy_yaw"":[0.25401,1.02004,1.59292],""pnp_valid"":true,""pnp_camera_xyz"":[0.326287,-0.155228,1.274096],""pnp_camera_quat_xyzw"":[-0.014225,0.028168,0.718794,0.694507],""pnp_camera_rpy_deg"":[1.190266,3.41546,92.00446],""pnp_reprojection_error_px"":0.033795}]",1,0.033795,163.867645,84.762878,,0,,0,,
2026-08-12T13:29:37.698023+00:00,14152.981696227,onboard_extrinsic_left_060,0,"[0.0,0.0,0.0,0.0]",0,0,0,0,,,,,,,,,,,,,,,,,,,,,,,,,,,,0,,0,,,"[NaN,NaN,NaN]","[NaN,NaN,NaN,NaN]","[NaN,NaN,NaN,NaN,NaN,NaN]",0.000733,173,1,[17],"[0.253797,1.020246,1.591173]","[{""tag_id"":17,""target_match"":true,""family"":""tag25h9"",""hamming"":0,""decision_margin"":161.486099,""pixel_xy"":[821.069468,282.421225],""world_xy_yaw"":[0.253797,1.020246,1.591173],""pnp_valid"":true,""pnp_camera_xyz"":[0.325758,-0.15544,1.273012],""pnp_camera_quat_xyzw"":[-0.020274,0.025295,0.718249,0.695031],""pnp_camera_rpy_deg"":[0.468205,3.685826,91.897444],""pnp_reprojection_error_px"":0.043411}]",1,0.043411,161.486099,86.393268,,0,,0,,
2026-08-12T13:29:37.750020+00:00,14153.033679967,onboard_extrinsic_left_060,0,"[0.0,0.0,0.0,0.0]",0,0,0,0,,,,,,,,,,,,,,,,,,,,,,,,,,,,0,,0,,,"[NaN,NaN,NaN]","[NaN,NaN,NaN,NaN]","[NaN,NaN,NaN,NaN,NaN,NaN]",0.002321,174,1,"[15,17]","[0.253664,1.020421,1.591091]","[{""tag_id"":15,""target_match"":true,""family"":""tag25h9"",""hamming"":0,""decision_margin"":82.352463,""pixel_xy"":[882.797874,519.003647],""world_xy_yaw"":[0.3575,0.731616,-0.000284],""pnp_valid"":true,""pnp_camera_xyz"":[0.451247,0.383543,1.225283],""pnp_camera_quat_xyzw"":[-0.025946,-0.013937,0.003222,0.999561],""pnp_camera_rpy_deg"":[-2.979495,-1.586941,0.4106],""pnp_reprojection_error_px"":0.00816},{""tag_id"":17,""target_match"":true,""family"":""tag25h9"",""hamming"":0,""decision_margin"":163.970123,""pixel_xy"":[820.990481,282.277915],""world_xy_yaw"":[0.253664,1.020421,1.591091],""pnp_valid"":true,""pnp_camera_xyz"":[0.325152,-0.155606,1.271699],""pnp_camera_quat_xyzw"":[-0.023572,0.028621,0.7187,0.694331],""pnp_camera_rpy_deg"":[0.482964,4.222317,91.993878],""pnp_reprojection_error_px"":0.008746}]",1,0.008746,163.970123,85.086713,,0,,0,,
2026-08-12T13:29:37.800138+00:00,14153.083798713,onboard_extrinsic_left_060,0,"[0.0,0.0,0.0,0.0]",0,0,0,0,,,,,,,,,,,,,,,,,,,,,,,,,,,,0,,0,,,"[NaN,NaN,NaN]","[NaN,NaN,NaN,NaN]","[NaN,NaN,NaN,NaN,NaN,NaN]",0.001567,176,1,"[15,17]","[0.253355,1.020697,1.592413]","[{""tag_id"":15,""target_match"":true,""family"":""tag25h9"",""hamming"":0,""decision_margin"":83.056252,""pixel_xy"":[882.548816,518.640341],""world_xy_yaw"":[0.357082,0.732059,-0.001227],""pnp_valid"":true,""pnp_camera_xyz"":[0.450064,0.38226,1.223778],""pnp_camera_quat_xyzw"":[-0.021569,-0.014507,0.003797,0.999655],""pnp_camera_rpy_deg"":[-2.478913,-1.652678,0.471034],""pnp_reprojection_error_px"":0.030242},{""tag_id"":17,""target_match"":true,""family"":""tag25h9"",""hamming"":0,""decision_margin"":161.59462,""pixel_xy"":[820.806363,282.051573],""world_xy_yaw"":[0.253355,1.020697,1.592413],""pnp_valid"":true,""pnp_camera_xyz"":[0.324533,-0.15609,1.270946],""pnp_camera_quat_xyzw"":[-0.024301,0.03004,0.719653,0.693258],""pnp_camera_rpy_deg"":[0.548358,4.39474,92.161437],""pnp_reprojection_error_px"":0.018269}]",1,0.018269,161.59462,85.428981,,0,,0,,
2026-08-12T13:29:37.848411+00:00,14153.132081179,onboard_extrinsic_left_060,0,"[0.0,0.0,0.0,0.0]",0,0,0,0,,,,,,,,,,,,,,,,,,,,,,,,,,,,0,,0,,,"[NaN,NaN,NaN]","[NaN,NaN,NaN,NaN]","[NaN,NaN,NaN,NaN,NaN,NaN]",0.000686,178,1,"[15,17]","[0.253045,1.020939,1.594094]","[{""tag_id"":15,""target_match"":true,""family"":""tag25h9"",""hamming"":0,""decision_margin"":83.260651,""pixel_xy"":[882.165921,518.130354],""world_xy_yaw"":[0.356439,0.732681,-0.002979],""pnp_valid"":true,""pnp_camera_xyz"":[0.449749,0.381744,1.225046],""pnp_camera_quat_xyzw"":[-0.027906,-0.013907,0.001844,0.999512],""pnp_camera_rpy_deg"":[-3.202054,-1.587193,0.255741],""pnp_reprojection_error_px"":0.10889},{""tag_id"":17,""target_match"":true,""family"":""tag25h9"",""hamming"":0,""decision_margin"":161.924545,""pixel_xy"":[820.621996,281.853644],""world_xy_yaw"":[0.253045,1.020939,1.594094],""pnp_valid"":true,""pnp_camera_xyz"":[0.325247,-0.157206,1.27543],""pnp_camera_quat_xyzw"":[-0.016583,0.027086,0.71995,0.693299],""pnp_camera_rpy_deg"":[0.918985,3.522182,92.189005],""pnp_reprojection_error_px"":0.059178}]",1,0.059178,161.924545,87.068933,,0,,0,,
2026-08-12T13:29:37.900186+00:00,14153.183843273,onboard_extrinsic_left_060,0,"[0.0,0.0,0.0,0.0]",0,0,0,0,,,,,,,,,,,,,,,,,,,,,,,,,,,,0,,0,,,"[NaN,NaN,NaN]","[NaN,NaN,NaN,NaN]","[NaN,NaN,NaN,NaN,NaN,NaN]",0.002332,179,1,"[15,17]","[0.252891,1.021086,1.594475]","[{""tag_id"":15,""target_match"":true,""family"":""tag25h9"",""hamming"":0,""decision_margin"":81.052757,""pixel_xy"":[881.949891,517.952391],""world_xy_yaw"":[0.356076,0.732898,-0.001344],""pnp_valid"":true,""pnp_camera_xyz"":[0.450273,0.382147,1.227667],""pnp_camera_quat_xyzw"":[-0.030516,-0.011123,0.001212,0.999472],""pnp_camera_rpy_deg"":[-3.499622,-1.269794,0.17771],""pnp_reprojection_error_px"":0.105868},{""tag_id"":17,""target_match"":true,""family"":""tag25h9"",""hamming"":0,""decision_margin"":161.810272,""pixel_xy"":[820.530627,281.732477],""world_xy_yaw"":[0.252891,1.021086,1.594475],""pnp_valid"":true,""pnp_camera_xyz"":[0.325393,-0.157638,1.276635],""pnp_camera_quat_xyzw"":[-0.013795,0.024722,0.719623,0.693787],""pnp_camera_rpy_deg"":[0.943343,3.104603,92.119945],""pnp_reprojection_error_px"":0.066097}]",1,0.066097,161.810272,88.319653,,0,,0,,
2026-08-12T13:29:37.949191+00:00,14153.232856632,onboard_extrinsic_left_060,0,"[0.0,0.0,0.0,0.0]",0,0,0,0,,,,,,,,,,,,,,,,,,,,,,,,,,,,0,,0,,,"[NaN,NaN,NaN]","[NaN,NaN,NaN,NaN]","[NaN,NaN,NaN,NaN,NaN,NaN]",0.001078,181,1,"[15,17]","[0.252799,1.021509,1.598687]","[{""tag_id"":15,""target_match"":true,""family"":""tag25h9"",""hamming"":0,""decision_margin"":80.260536,""pixel_xy"":[881.635749,517.772622],""world_xy_yaw"":[0.355548,0.733117,-0.002],""pnp_valid"":true,""pnp_camera_xyz"":[0.448787,0.380979,1.225705],""pnp_camera_quat_xyzw"":[-0.028392,-0.009673,0.001075,0.999549],""pnp_camera_rpy_deg"":[-3.255597,-1.104467,0.154603],""pnp_reprojection_error_px"":0.035654},{""tag_id"":17,""target_match"":true,""family"":""tag25h9"",""hamming"":0,""decision_margin"":161.747498,""pixel_xy"":[820.475888,281.385968],""world_xy_yaw"":[0.252799,1.021509,1.598687],""pnp_valid"":true,""pnp_camera_xyz"":[0.325028,-0.158268,1.275915],""pnp_camera_quat_xyzw"":[-0.014816,0.022975,0.720307,0.693117],""pnp_camera_rpy_deg"":[0.720628,3.049121,92.223337],""pnp_reprojection_error_px"":0.01891}]",1,0.01891,161.747498,88.721402,,0,,0,,
2026-08-12T13:29:37.999247+00:00,14153.282911771,onboard_extrinsic_left_060,0,"[0.0,0.0,0.0,0.0]",0,0,0,0,,,,,,,,,,,,,,,,,,,,,,,,,,,,0,,0,,,"[NaN,NaN,NaN]","[NaN,NaN,NaN,NaN]","[NaN,NaN,NaN,NaN,NaN,NaN]",0.001717,182,1,"[15,17]","[0.252794,1.021658,1.597944]","[{""tag_id"":15,""target_match"":true,""family"":""tag25h9"",""hamming"":0,""decision_margin"":80.676338,""pixel_xy"":[881.466917,517.57923],""world_xy_yaw"":[0.355264,0.733353,-0.002116],""pnp_valid"":true,""pnp_camera_xyz"":[0.448016,0.380176,1.224651],""pnp_camera_quat_xyzw"":[-0.029304,-0.011158,0.001554,0.999507],""pnp_camera_rpy_deg"":[-3.361115,-1.272857,0.215549],""pnp_reprojection_error_px"":0.01796},{""tag_id"":17,""target_match"":true,""family"":""tag25h9"",""hamming"":0,""decision_margin"":159.583099,""pixel_xy"":[820.47267,281.264181],""world_xy_yaw"":[0.252794,1.021658,1.597944],""pnp_valid"":true,""pnp_camera_xyz"":[0.324704,-0.158417,1.274739],""pnp_camera_quat_xyzw"":[-0.019406,0.023125,0.720612,0.692681],""pnp_camera_rpy_deg"":[0.369832,3.440099,92.275539],""pnp_reprojection_error_px"":0.019918}]",1,0.019918,159.583099,89.821511,,0,,0,,
2026-08-12T13:29:38.049856+00:00,14153.333517894,onboard_extrinsic_left_060,0,"[0.0,0.0,0.0,0.0]",0,0,0,0,,,,,,,,,,,,,,,,,,,,,,,,,,,,0,,0,,,"[NaN,NaN,NaN]","[NaN,NaN,NaN,NaN]","[NaN,NaN,NaN,NaN,NaN,NaN]",0.001425,184,1,"[15,17]","[0.252836,1.021951,1.599525]","[{""tag_id"":15,""target_match"":true,""family"":""tag25h9"",""hamming"":0,""decision_margin"":81.594986,""pixel_xy"":[881.085864,517.276507],""world_xy_yaw"":[0.354624,0.733723,-0.001703],""pnp_valid"":true,""pnp_camera_xyz"":[0.446858,0.379336,1.223648],""pnp_camera_quat_xyzw"":[-0.034726,-0.011359,0.001116,0.999332],""pnp_camera_rpy_deg"":[-3.982319,-1.296464,0.173069],""pnp_reprojection_error_px"":0.085173},{""tag_id"":17,""target_match"":true,""family"":""tag25h9"",""hamming"":0,""decision_margin"":161.928131,""pixel_xy"":[820.497539,281.023989],""world_xy_yaw"":[0.252836,1.021951,1.599525],""pnp_valid"":true,""pnp_camera_xyz"":[0.324749,-0.158954,1.274602],""pnp_camera_quat_xyzw"":[-0.022374,0.021951,0.721314,0.691898],""pnp_camera_rpy_deg"":[0.040551,3.592094,92.386137],""pnp_reprojection_error_px"":0.019764}]",1,0.019764,161.928131,87.98263,,0,,0,,
2026-08-12T13:29:38.100221+00:00,14153.383877232,onboard_extrinsic_left_060,0,"[0.0,0.0,0.0,0.0]",0,0,0,0,,,,,,,,,,,,,,,,,,,,,,,,,,,,0,,0,,,"[NaN,NaN,NaN]","[NaN,NaN,NaN,NaN]","[NaN,NaN,NaN,NaN,NaN,NaN]",0.002414,185,1,"[15,17]","[0.25289,1.022062,1.597999]","[{""tag_id"":15,""target_match"":true,""family"":""tag25h9"",""hamming"":0,""decision_margin"":80.144981,""pixel_xy"":[880.952394,517.146427],""world_xy_yaw"":[0.3544,0.733881,-0.002762],""pnp_valid"":true,""pnp_camera_xyz"":[0.447678,0.38005,1.226882],""pnp_camera_quat_xyzw"":[-0.033276,-0.006959,-9.6e-05,0.999422],""pnp_camera_rpy_deg"":[-3.814009,-0.797398,0.015595],""pnp_reprojection_error_px"":0.084004},{""tag_id"":17,""target_match"":true,""family"":""tag25h9"",""hamming"":0,""decision_margin"":161.801697,""pixel_xy"":[820.529959,280.933028],""world_xy_yaw"":[0.25289,1.022062,1.597999],""pnp_valid"":true,""pnp_camera_xyz"":[0.324866,-0.159239,1.274736],""pnp_camera_quat_xyzw"":[-0.023683,0.021476,0.721314,0.69187],""pnp_camera_rpy_deg"":[-0.102759,3.662752,92.383962],""pnp_reprojection_error_px"":0.042019}]",1,0.042019,161.801697,86.39204,,0,,0,,
2026-08-12T13:29:38.150211+00:00,14153.433870459,onboard_extrinsic_left_060,0,"[0.0,0.0,0.0,0.0]",0,0,0,0,,,,,,,,,,,,,,,,,,,,,,,,,,,,0,,0,,,"[NaN,NaN,NaN]","[NaN,NaN,NaN,NaN]","[NaN,NaN,NaN,NaN,NaN,NaN]",0.001630,187,1,"[15,17]","[0.253085,1.022312,1.598515]","[{""tag_id"":15,""target_match"":true,""family"":""tag25h9"",""hamming"":0,""decision_margin"":79.497437,""pixel_xy"":[880.635552,517.000545],""world_xy_yaw"":[0.353868,0.734059,-0.000582],""pnp_valid"":true,""pnp_camera_xyz"":[0.44709,0.379672,1.227078],""pnp_camera_quat_xyzw"":[-0.032335,-0.002572,-0.000997,0.999473],""pnp_camera_rpy_deg"":[-3.705739,-0.298232,-0.104685],""pnp_reprojection_error_px"":0.039406},{""tag_id"":17,""target_match"":true,""family"":""tag25h9"",""hamming"":0,""decision_margin"":162.124756,""pixel_xy"":[820.645805,280.728229],""world_xy_yaw"":[0.253085,1.022312,1.598515],""pnp_valid"":true,""pnp_camera_xyz"":[0.324645,-0.159564,1.273102],""pnp_camera_quat_xyzw"":[-0.027651,0.020468,0.722188,0.690841],""pnp_camera_rpy_deg"":[-0.496276,3.911666,92.524701],""pnp_reprojection_error_px"":0.062172}]",1,0.062172,162.124756,87.553724,,0,,0,,
2026-08-12T13:29:38.199524+00:00,14153.483186400,onboard_extrinsic_left_060,0,"[0.0,0.0,0.0,0.0]",0,0,0,0,,,,,,,,,,,,,,,,,,,,,,,,,,,,0,,0,,,"[NaN,NaN,NaN]","[NaN,NaN,NaN,NaN]","[NaN,NaN,NaN,NaN,NaN,NaN]",0.001821,188,1,"[15,17]","[0.253149,1.022439,1.600263]","[{""tag_id"":15,""target_match"":true,""family"":""tag25h9"",""hamming"":0,""decision_margin"":78.658813,""pixel_xy"":[880.501034,516.935177],""world_xy_yaw"":[0.353642,0.734139,-0.001302],""pnp_valid"":true,""pnp_camera_xyz"":[0.446031,0.378954,1.225112],""pnp_camera_quat_xyzw"":[-0.03072,-0.003765,-0.000517,0.999521],""pnp_camera_rpy_deg"":[-3.520624,-0.433017,-0.045948],""pnp_reprojection_error_px"":0.050845},{""tag_id"":17,""target_match"":true,""family"":""tag25h9"",""hamming"":0,""decision_margin"":162.670013,""pixel_xy"":[820.683675,280.62392],""world_xy_yaw"":[0.253149,1.022439,1.600263],""pnp_valid"":true,""pnp_camera_xyz"":[0.324581,-0.159706,1.272382],""pnp_camera_quat_xyzw"":[-0.02876,0.019179,0.722724,0.690271],""pnp_camera_rpy_deg"":[-0.688103,3.901875,92.607962],""pnp_reprojection_error_px"":0.054932}]",1,0.054932,162.670013,85.705226,,0,,0,,
2026-08-12T13:29:38.250055+00:00,14153.533715662,onboard_extrinsic_left_060,0,"[0.0,0.0,0.0,0.0]",0,0,0,0,,,,,,,,,,,,,,,,,,,,,,,,,,,,0,,0,,,"[NaN,NaN,NaN]","[NaN,NaN,NaN,NaN]","[NaN,NaN,NaN,NaN,NaN,NaN]",0.001598,190,1,"[15,17]","[0.253347,1.022658,1.604367]","[{""tag_id"":15,""target_match"":true,""family"":""tag25h9"",""hamming"":0,""decision_margin"":81.417747,""pixel_xy"":[880.1684,516.899453],""world_xy_yaw"":[0.353083,0.734183,-0.000737],""pnp_valid"":true,""pnp_camera_xyz"":[0.446338,0.379733,1.228077],""pnp_camera_quat_xyzw"":[-0.034018,-0.000124,-0.001137,0.999421],""pnp_camera_rpy_deg"":[-3.898913,-0.01868,-0.12977],""pnp_reprojection_error_px"":0.027212},{""tag_id"":17,""target_match"":true,""family"":""tag25h9"",""hamming"":0,""decision_margin"":160.534164,""pixel_xy"":[820.801655,280.444355],""world_xy_yaw"":[0.253347,1.022658,1.604367],""pnp_valid"":true,""pnp_camera_xyz"":[0.325125,-0.16022,1.273364],""pnp_camera_quat_xyzw"":[-0.02844,0.019206,0.723868,0.689085],""pnp_camera_rpy_deg"":[-0.654102,3.878658,92.798245],""pnp_reprojection_error_px"":0.041785}]",1,0.041785,160.534164,85.684227,,0,,0,,
2026-08-12T13:29:38.300821+00:00,14153.584466502,onboard_extrinsic_left_060,0,"[0.0,0.0,0.0,0.0]",0,0,0,0,,,,,,,,,,,,,,,,,,,,,,,,,,,,0,,0,,,"[NaN,NaN,NaN]","[NaN,NaN,NaN,NaN]","[NaN,NaN,NaN,NaN,NaN,NaN]",0.003033,191,1,"[15,17]","[0.253425,1.022741,1.60509]","[{""tag_id"":15,""target_match"":true,""family"":""tag25h9"",""hamming"":0,""decision_margin"":80.374405,""pixel_xy"":[879.967132,516.862855],""world_xy_yaw"":[0.352745,0.734227,-0.000544],""pnp_valid"":true,""pnp_camera_xyz"":[0.445761,0.379511,1.227576],""pnp_camera_quat_xyzw"":[-0.035034,0.000699,-0.001919,0.999384],""pnp_camera_rpy_deg"":[-4.015589,0.072307,-0.222547],""pnp_reprojection_error_px"":0.03433},{""tag_id"":17,""target_match"":true,""family"":""tag25h9"",""hamming"":0,""decision_margin"":161.797287,""pixel_xy"":[820.848132,280.376246],""world_xy_yaw"":[0.253425,1.022741,1.60509],""pnp_valid"":true,""pnp_camera_xyz"":[0.325119,-0.160294,1.272841],""pnp_camera_quat_xyzw"":[-0.028753,0.018456,0.723956,0.689],""pnp_camera_rpy_deg"":[-0.74079,3.845353,92.809464],""pnp_reprojection_error_px"":0.035727}]",1,0.035727,161.797287,87.218336,,0,,0,,
2026-08-12T13:29:38.349537+00:00,14153.633203512,onboard_extrinsic_left_060,0,"[0.0,0.0,0.0,0.0]",0,0,0,0,,,,,,,,,,,,,,,,,,,,,,,,,,,,0,,0,,,"[NaN,NaN,NaN]","[NaN,NaN,NaN,NaN]","[NaN,NaN,NaN,NaN,NaN,NaN]",0.001055,193,1,"[15,17]","[0.253536,1.02288,1.608085]","[{""tag_id"":15,""target_match"":true,""family"":""tag25h9"",""hamming"":0,""decision_margin"":79.983391,""pixel_xy"":[879.677075,516.811302],""world_xy_yaw"":[0.352257,0.73429,-0.000712],""pnp_valid"":true,""pnp_camera_xyz"":[0.444602,0.379032,1.226224],""pnp_camera_quat_xyzw"":[-0.032542,0.001425,-0.002038,0.999467],""pnp_camera_rpy_deg"":[-3.73008,0.155606,-0.238739],""pnp_reprojection_error_px"":0.054901},{""tag_id"":17,""target_match"":true,""family"":""tag25h9"",""hamming"":0,""decision_margin"":160.398651,""pixel_xy"":[820.914367,280.262618],""world_xy_yaw"":[0.253536,1.02288,1.608085],""pnp_valid"":true,""pnp_camera_xyz"":[0.325125,-0.160442,1.272203],""pnp_camera_quat_xyzw"":[-0.030457,0.018083,0.724849,0.687997],""pnp_camera_rpy_deg"":[-0.901355,3.958583,92.95713],""pnp_reprojection_error_px"":0.025844}]",1,0.025844,160.398651,85.19168,,0,,0,,
2026-08-12T13:29:38.400018+00:00,14153.683678105,onboard_extrinsic_left_060,0,"[0.0,0.0,0.0,0.0]",0,0,0,0,,,,,,,,,,,,,,,,,,,,,,,,,,,,0,,0,,,"[NaN,NaN,NaN]","[NaN,NaN,NaN,NaN]","[NaN,NaN,NaN,NaN,NaN,NaN]",0.002332,194,1,"[15,17]","[0.253568,1.022907,1.610419]","[{""tag_id"":15,""target_match"":true,""family"":""tag25h9"",""hamming"":0,""decision_margin"":80.110962,""pixel_xy"":[879.523448,516.838873],""world_xy_yaw"":[0.351999,0.734257,-0.00161],""pnp_valid"":true,""pnp_camera_xyz"":[0.444125,0.378938,1.225854],""pnp_camera_quat_xyzw"":[-0.030774,0.002351,-0.002828,0.99952],""pnp_camera_rpy_deg"":[-3.527778,0.259347,-0.332217],""pnp_reprojection_error_px"":0.0368},{""tag_id"":17,""target_match"":true,""family"":""tag25h9"",""hamming"":0,""decision_margin"":160.632401,""pixel_xy"":[820.933115,280.240284],""world_xy_yaw"":[0.253568,1.022907,1.610419],""pnp_valid"":true,""pnp_camera_xyz"":[0.325505,-0.16063,1.273538],""pnp_camera_quat_xyzw"":[-0.027839,0.017867,0.725103,0.687845],""pnp_camera_rpy_deg"":[-0.711231,3.72402,92.997878],""pnp_reprojection_error_px"":0.01785}]",1,0.01785,160.632401,84.286068,,0,,0,,
2026-08-12T13:29:38.449991+00:00,14153.733616301,onboard_extrinsic_left_060,0,"[0.0,0.0,0.0,0.0]",0,0,0,0,,,,,,,,,,,,,,,,,,,,,,,,,,,,0,,0,,,"[NaN,NaN,NaN]","[NaN,NaN,NaN,NaN]","[NaN,NaN,NaN,NaN,NaN,NaN]",0.002257,195,1,"[15,17]","[0.253537,1.022934,1.611499]","[{""tag_id"":15,""target_match"":true,""family"":""tag25h9"",""hamming"":0,""decision_margin"":80.469292,""pixel_xy"":[879.361186,516.835262],""world_xy_yaw"":[0.351727,0.734261,-0.001506],""pnp_valid"":true,""pnp_camera_xyz"":[0.443612,0.378826,1.225427],""pnp_camera_quat_xyzw"":[-0.031006,0.003882,-0.003306,0.999506],""pnp_camera_rpy_deg"":[-3.555081,0.432928,-0.392417],""pnp_reprojection_error_px"":0.049114},{""tag_id"":17,""target_match"":true,""family"":""tag25h9"",""hamming"":0,""decision_margin"":162.126923,""pixel_xy"":[820.915029,280.218069],""world_xy_yaw"":[0.253537,1.022934,1.611499],""pnp_valid"":true,""pnp_camera_xyz"":[0.325562,-0.160703,1.273827],""pnp_camera_quat_xyzw"":[-0.027532,0.018783,0.7254,0.68752],""pnp_camera_rpy_deg"":[-0.609079,3.771166,93.051359],""pnp_reprojection_error_px"":0.028701}]",1,0.028701,162.126923,82.723841,,0,,0,,
2026-08-12T13:29:38.500097+00:00,14153.783757043,onboard_extrinsic_left_060,0,"[0.0,0.0,0.0,0.0]",0,0,0,0,,,,,,,,,,,,,,,,,,,,,,,,,,,,0,,0,,,"[NaN,NaN,NaN]","[NaN,NaN,NaN,NaN]","[NaN,NaN,NaN,NaN,NaN,NaN]",0.001608,197,1,"[15,17]","[0.253387,1.022894,1.610963]","[{""tag_id"":15,""target_match"":true,""family"":""tag25h9"",""hamming"":0,""decision_margin"":81.504791,""pixel_xy"":[879.069697,516.899466],""world_xy_yaw"":[0.351237,0.734183,-0.000751],""pnp_valid"":true,""pnp_camera_xyz"":[0.443564,0.379459,1.227064],""pnp_camera_quat_xyzw"":[-0.032628,0.00463,-0.003327,0.999451],""pnp_camera_rpy_deg"":[-3.741462,0.517847,-0.398323],""pnp_reprojection_error_px"":0.043186},{""tag_id"":17,""target_match"":true,""family"":""tag25h9"",""hamming"":0,""decision_margin"":163.316162,""pixel_xy"":[820.825404,280.251176],""world_xy_yaw"":[0.253387,1.022894,1.610963],""pnp_valid"":true,""pnp_camera_xyz"":[0.325313,-0.160652,1.273709],""pnp_camera_quat_xyzw"":[-0.027051,0.019427,0.725515,0.6874],""pnp_camera_rpy_deg"":[-0.516845,3.781937,93.073499],""pnp_reprojection_error_px"":0.028103}]",1,0.028103,163.316162,81.645721,,0,,0,,
2026-08-12T13:29:38.550098+00:00,14153.833759079,onboard_extrinsic_left_060,0,"[0.0,0.0,0.0,0.0]",0,0,0,0,,,,,,,,,,,,,,,,,,,,,,,,,,,,0,,0,,,"[NaN,NaN,NaN]","[NaN,NaN,NaN,NaN]","[NaN,NaN,NaN,NaN,NaN,NaN]",0.001225,199,1,"[15,17]","[0.253144,1.022811,1.611317]","[{""tag_id"":15,""target_match"":true,""family"":""tag25h9"",""hamming"":0,""decision_margin"":81.818245,""pixel_xy"":[878.822415,516.947883],""world_xy_yaw"":[0.350822,0.734124,-0.00183],""pnp_valid"":true,""pnp_camera_xyz"":[0.442586,0.37925,1.225917],""pnp_camera_quat_xyzw"":[-0.030115,0.004634,-0.003795,0.999529],""pnp_camera_rpy_deg"":[-3.45349,0.517734,-0.450717],""pnp_reprojection_error_px"":0.056833},{""tag_id"":17,""target_match"":true,""family"":""tag25h9"",""hamming"":0,""decision_margin"":162.960312,""pixel_xy"":[820.680801,280.318439],""world_xy_yaw"":[0.253144,1.022811,1.611317],""pnp_valid"":true,""pnp_camera_xyz"":[0.324793,-0.160411,1.273053],""pnp_camera_quat_xyzw"":[-0.027998,0.021772,0.725882,0.686905],""pnp_camera_rpy_deg"":[-0.393794,4.046027,93.146716],""pnp_reprojection_error_px"":0.022353}]",1,0.022353,162.960312,81.705575,,0,,0,,
2026-08-12T13:29:38.600093+00:00,14153.883752225,onboard_extrinsic_left_060,0,"[0.0,0.0,0.0,0.0]",0,0,0,0,,,,,,,,,,,,,,,,,,,,,,,,,,,,0,,0,,,"[NaN,NaN,NaN]","[NaN,NaN,NaN,NaN]","[NaN,NaN,NaN,NaN,NaN,NaN]",0.002355,200,1,"[15,17]","[0.252968,1.022736,1.611312]","[{""tag_id"":15,""target_match"":true,""family"":""tag25h9"",""hamming"":0,""decision_margin"":84.371712,""pixel_xy"":[878.725169,517.002625],""world_xy_yaw"":[0.350658,0.734057,-0.001609],""pnp_valid"":true,""pnp_camera_xyz"":[0.442397,0.379338,1.225904],""pnp_camera_quat_xyzw"":[-0.030076,0.004256,-0.003945,0.999531],""pnp_camera_rpy_deg"":[-3.448951,0.473907,-0.466551],""pnp_reprojection_error_px"":0.050349},{""tag_id"":17,""target_match"":true,""family"":""tag25h9"",""hamming"":0,""decision_margin"":160.205246,""pixel_xy"":[820.576088,280.380396],""world_xy_yaw"":[0.252968,1.022736,1.611312],""pnp_valid"":true,""pnp_camera_xyz"":[0.324445,-0.16024,1.272726],""pnp_camera_quat_xyzw"":[-0.027315,0.022434,0.725957,0.686831],""pnp_camera_rpy_deg"":[-0.284336,4.041311,93.16264],""pnp_reprojection_error_px"":0.022038}]",1,0.022038,160.205246,81.153497,,0,,0,,
2026-08-12T13:29:38.649959+00:00,14153.933619940,onboard_extrinsic_left_060,0,"[0.0,0.0,0.0,0.0]",0,0,0,0,,,,,,,,,,,,,,,,,,,,,,,,,,,,0,,0,,,"[NaN,NaN,NaN]","[NaN,NaN,NaN,NaN]","[NaN,NaN,NaN,NaN,NaN,NaN]",0.002264,201,1,"[15,17]","[0.2528,1.022662,1.609807]","[{""tag_id"":15,""target_match"":true,""family"":""tag25h9"",""hamming"":0,""decision_margin"":82.032005,""pixel_xy"":[878.689693,517.074271],""world_xy_yaw"":[0.350599,0.733969,-0.005904],""pnp_valid"":true,""pnp_camera_xyz"":[0.441949,0.379274,1.225095],""pnp_camera_quat_xyzw"":[-0.027905,0.004313,-0.00528,0.999587],""pnp_camera_rpy_deg"":[-3.200686,0.477149,-0.618642],""pnp_reprojection_error_px"":0.052187},{""tag_id"":17,""target_match"":true,""family"":""tag25h9"",""hamming"":0,""decision_margin"":162.103775,""pixel_xy"":[820.476057,280.44074],""world_xy_yaw"":[0.2528,1.022662,1.609807],""pnp_valid"":true,""pnp_camera_xyz"":[0.324187,-0.160095,1.27273],""pnp_camera_quat_xyzw"":[-0.027653,0.023554,0.725509,0.687254],""pnp_camera_rpy_deg"":[-0.220078,4.157589,93.094182],""pnp_reprojection_error_px"":0.017887}]",1,0.017887,162.103775,82.428736,,0,,0,,
2026-08-12T13:29:38.698702+00:00,14153.982370299,onboard_extrinsic_left_060,0,"[0.0,0.0,0.0,0.0]",0,0,0,0,,,,,,,,,,,,,,,,,,,,,,,,,,,,0,,0,,,"[NaN,NaN,NaN]","[NaN,NaN,NaN,NaN]","[NaN,NaN,NaN,NaN,NaN,NaN]",0.000851,203,1,"[15,17]","[0.252398,1.022508,1.609132]","[{""tag_id"":15,""target_match"":true,""family"":""tag25h9"",""hamming"":0,""decision_margin"":81.463623,""pixel_xy"":[878.636641,517.292745],""world_xy_yaw"":[0.35051,0.733703,-0.009141],""pnp_valid"":true,""pnp_camera_xyz"":[0.440795,0.378862,1.222402],""pnp_camera_quat_xyzw"":[-0.028639,0.001222,-0.005237,0.999575],""pnp_camera_rpy_deg"":[-3.282912,0.122829,-0.603901],""pnp_reprojection_error_px"":0.039337},{""tag_id"":17,""target_match"":true,""family"":""tag25h9"",""hamming"":0,""decision_margin"":163.560318,""pixel_xy"":[820.237178,280.567258],""world_xy_yaw"":[0.252398,1.022508,1.609132],""pnp_valid"":true,""pnp_camera_xyz"":[0.323109,-0.15948,1.270638],""pnp_camera_quat_xyzw"":[-0.030411,0.024451,0.725203,0.687428],""pnp_camera_rpy_deg"":[-0.3648,4.457796,93.049365],""pnp_reprojection_error_px"":0.007431}]",1,0.007431,163.560318,80.848859,,0,,0,,
2026-08-12T13:29:38.749166+00:00,14154.032830595,onboard_extrinsic_left_060,0,"[0.0,0.0,0.0,0.0]",0,0,0,0,,,,,,,,,,,,,,,,,,,,,,,,,,,,0,,0,,,"[NaN,NaN,NaN]","[NaN,NaN,NaN,NaN]","[NaN,NaN,NaN,NaN,NaN,NaN]",0.001046,205,1,"[15,17]","[0.251901,1.022215,1.606842]","[{""tag_id"":15,""target_match"":true,""family"":""tag25h9"",""hamming"":0,""decision_margin"":81.464775,""pixel_xy"":[878.460808,517.435533],""world_xy_yaw"":[0.350214,0.733529,-0.003496],""pnp_valid"":true,""pnp_camera_xyz"":[0.44029,0.378838,1.221284],""pnp_camera_quat_xyzw"":[-0.026626,-7.2e-05,-0.005203,0.999632],""pnp_camera_rpy_deg"":[-3.05138,-0.024136,-0.595743],""pnp_reprojection_error_px"":0.102283},{""tag_id"":17,""target_match"":true,""family"":""tag25h9"",""hamming"":0,""decision_margin"":160.718964,""pixel_xy"":[819.941146,280.807495],""world_xy_yaw"":[0.251901,1.022215,1.606842],""pnp_valid"":true,""pnp_camera_xyz"":[0.322817,-0.159234,1.272226],""pnp_camera_quat_xyzw"":[-0.027327,0.022808,0.724861,0.687975],""pnp_camera_rpy_deg"":[-0.260476,4.071425,92.981834],""pnp_reprojection_error_px"":0.044529}]",1,0.044529,160.718964,83.588651,,0,,0,,
2026-08-12T13:29:38.799825+00:00,14154.083484354,onboard_extrinsic_left_060,0,"[0.0,0.0,0.0,0.0]",0,0,0,0,,,,,,,,,,,,,,,,,,,,,,,,,,,,0,,0,,,"[NaN,NaN,NaN]","[NaN,NaN,NaN,NaN]","[NaN,NaN,NaN,NaN,NaN,NaN]",0.002000,206,1,"[15,17]","[0.251633,1.022109,1.607884]","[{""tag_id"":15,""target_match"":true,""family"":""tag25h9"",""hamming"":0,""decision_margin"":82.148468,""pixel_xy"":[878.441231,517.548789],""world_xy_yaw"":[0.350181,0.73339,-0.005122],""pnp_valid"":true,""pnp_camera_xyz"":[0.440761,0.379554,1.222695],""pnp_camera_quat_xyzw"":[-0.023292,0.000917,-0.006405,0.999708],""pnp_camera_rpy_deg"":[-2.669961,0.087908,-0.736169],""pnp_reprojection_error_px"":0.107974},{""tag_id"":17,""target_match"":true,""family"":""tag25h9"",""hamming"":0,""decision_margin"":161.657867,""pixel_xy"":[819.781817,280.894639],""world_xy_yaw"":[0.251633,1.022109,1.607884],""pnp_valid"":true,""pnp_camera_xyz"":[0.322724,-0.159139,1.273334],""pnp_camera_quat_xyzw"":[-0.022346,0.022905,0.724466,0.688567],""pnp_camera_rpy_deg"":[0.138599,3.664869,92.915052],""pnp_reprojection_error_px"":0.031376}]",1,0.031376,161.657867,84.071122,,0,,0,,
2026-08-12T13:29:38.850271+00:00,14154.133932969,onboard_extrinsic_left_060,0,"[0.0,0.0,0.0,0.0]",0,0,0,0,,,,,,,,,,,,,,,,,,,,,,,,,,,,0,,0,,,"[NaN,NaN,NaN]","[NaN,NaN,NaN,NaN]","[NaN,NaN,NaN,NaN,NaN,NaN]",0.000135,208,1,"[15,17]","[0.25106,1.021887,1.607379]","[{""tag_id"":15,""target_match"":true,""family"":""tag25h9"",""hamming"":0,""decision_margin"":80.274071,""pixel_xy"":[878.533716,517.742618],""world_xy_yaw"":[0.350337,0.733154,-0.012941],""pnp_valid"":true,""pnp_camera_xyz"":[0.440705,0.379938,1.222539],""pnp_camera_quat_xyzw"":[-0.020791,-0.001163,-0.00737,0.999756],""pnp_camera_rpy_deg"":[-2.381548,-0.150853,-0.841599],""pnp_reprojection_error_px"":0.0335},{""tag_id"":17,""target_match"":true,""family"":""tag25h9"",""hamming"":0,""decision_margin"":165.102966,""pixel_xy"":[819.440612,281.076603],""world_xy_yaw"":[0.25106,1.021887,1.607379],""pnp_valid"":true,""pnp_camera_xyz"":[0.322215,-0.158829,1.274152],""pnp_camera_quat_xyzw"":[-0.018295,0.022968,0.724004,0.689171],""pnp_camera_rpy_deg"":[0.461524,3.333583,92.837406],""pnp_reprojection_error_px"":0.05147}]",1,0.05147,165.102966,86.643659,,0,,0,,
2026-08-12T13:29:38.899741+00:00,14154.183401205,onboard_extrinsic_left_060,0,"[0.0,0.0,0.0,0.0]",0,0,0,0,,,,,,,,,,,,,,,,,,,,,,,,,,,,0,,0,,,"[NaN,NaN,NaN]","[NaN,NaN,NaN,NaN]","[NaN,NaN,NaN,NaN,NaN,NaN]",0.002050,209,1,"[15,17]","[0.250742,1.021817,1.607602]","[{""tag_id"":15,""target_match"":true,""family"":""tag25h9"",""hamming"":0,""decision_margin"":84.507591,""pixel_xy"":[878.550484,517.806672],""world_xy_yaw"":[0.350365,0.733076,-0.01304],""pnp_valid"":true,""pnp_camera_xyz"":[0.441125,0.380447,1.223721],""pnp_camera_quat_xyzw"":[-0.020377,0.000886,-0.007636,0.999763],""pnp_camera_rpy_deg"":[-2.335853,0.083652,-0.876883],""pnp_reprojection_error_px"":0.032489},{""tag_id"":17,""target_match"":true,""family"":""tag25h9"",""hamming"":0,""decision_margin"":161.990616,""pixel_xy"":[819.251005,281.133995],""world_xy_yaw"":[0.250742,1.021817,1.607602],""pnp_valid"":true,""pnp_camera_xyz"":[0.321576,-0.158545,1.27324],""pnp_camera_quat_xyzw"":[-0.02036,0.02107,0.723898,0.689285],""pnp_camera_rpy_deg"":[0.139879,3.355101,92.810204],""pnp_reprojection_error_px"":0.05431}]",1,0.05431,161.990616,84.640031,,0,,0,,
2026-08-12T13:29:38.949929+00:00,14154.233589450,onboard_extrinsic_left_060,0,"[0.0,0.0,0.0,0.0]",0,0,0,0,,,,,,,,,,,,,,,,,,,,,,,,,,,,0,,0,,,"[NaN,NaN,NaN]","[NaN,NaN,NaN,NaN]","[NaN,NaN,NaN,NaN,NaN,NaN]",0.002336,210,1,"[15,17]","[0.250387,1.021719,1.607485]","[{""tag_id"":15,""target_match"":true,""family"":""tag25h9"",""hamming"":0,""decision_margin"":85.034012,""pixel_xy"":[878.538129,517.863452],""world_xy_yaw"":[0.350344,0.733007,-0.013533],""pnp_valid"":true,""pnp_camera_xyz"":[0.441061,0.380529,1.223557],""pnp_camera_quat_xyzw"":[-0.021051,-0.000321,-0.00773,0.999748],""pnp_camera_rpy_deg"":[-2.412107,-0.055381,-0.884821],""pnp_reprojection_error_px"":0.033324},{""tag_id"":17,""target_match"":true,""family"":""tag25h9"",""hamming"":0,""decision_margin"":161.644394,""pixel_xy"":[819.040126,281.214007],""world_xy_yaw"":[0.250387,1.021719,1.607485],""pnp_valid"":true,""pnp_camera_xyz"":[0.321215,-0.158415,1.273713],""pnp_camera_quat_xyzw"":[-0.019862,0.020528,0.723754,0.689467],""pnp_camera_rpy_deg"":[0.133478,3.270921,92.783473],""pnp_reprojection_error_px"":0.05885}]",1,0.05885,161.644394,85.583377,,0,,0,,
2026-08-12T13:29:39.000069+00:00,14154.283730078,onboard_extrinsic_left_060,0,"[0.0,0.0,0.0,0.0]",0,0,0,0,,,,,,,,,,,,,,,,,,,,,,,,,,,,0,,0,,,"[NaN,NaN,NaN]","[NaN,NaN,NaN,NaN]","[NaN,NaN,NaN,NaN,NaN,NaN]",0.001560,212,1,"[15,17]","[0.24977,1.021522,1.604961]","[{""tag_id"":15,""target_match"":true,""family"":""tag25h9"",""hamming"":0,""decision_margin"":83.09819,""pixel_xy"":[878.522812,517.995574],""world_xy_yaw"":[0.350318,0.732845,-0.013488],""pnp_valid"":true,""pnp_camera_xyz"":[0.441341,0.380983,1.224291],""pnp_camera_quat_xyzw"":[-0.020635,-0.000623,-0.008181,0.999753],""pnp_camera_rpy_deg"":[-2.364101,-0.090686,-0.935842],""pnp_reprojection_error_px"":0.023784},{""tag_id"":17,""target_match"":true,""family"":""tag25h9"",""hamming"":0,""decision_margin"":159.594803,""pixel_xy"":[818.672839,281.375671],""world_xy_yaw"":[0.24977,1.021522,1.604961],""pnp_valid"":true,""pnp_camera_xyz"":[0.320175,-0.158016,1.273287],""pnp_camera_quat_xyzw"":[-0.02057,0.021043,0.723202,0.69001],""pnp_camera_rpy_deg"":[0.117682,3.370454,92.694355],""pnp_reprojection_error_px"":0.042241}]",1,0.042241,159.594803,83.393622,,0,,0,,
2026-08-12T13:29:39.049999+00:00,14154.333659694,onboard_extrinsic_left_060,0,"[0.0,0.0,0.0,0.0]",0,0,0,0,,,,,,,,,,,,,,,,,,,,,,,,,,,,0,,0,,,"[NaN,NaN,NaN]","[NaN,NaN,NaN,NaN]","[NaN,NaN,NaN,NaN,NaN,NaN]",0.001576,214,1,"[15,17]","[0.249135,1.021342,1.603886]","[{""tag_id"":15,""target_match"":true,""family"":""tag25h9"",""hamming"":0,""decision_margin"":82.793488,""pixel_xy"":[878.54316,518.068097],""world_xy_yaw"":[0.350352,0.732757,-0.016099],""pnp_valid"":true,""pnp_camera_xyz"":[0.441183,0.381001,1.22375],""pnp_camera_quat_xyzw"":[-0.018175,-0.002837,-0.008633,0.999794],""pnp_camera_rpy_deg"":[-2.079984,-0.343046,-0.983253],""pnp_reprojection_error_px"":0.023114},{""tag_id"":17,""target_match"":true,""family"":""tag25h9"",""hamming"":0,""decision_margin"":161.974274,""pixel_xy"":[818.294649,281.523008],""world_xy_yaw"":[0.249135,1.021342,1.603886],""pnp_valid"":true,""pnp_camera_xyz"":[0.319212,-0.157623,1.273127],""pnp_camera_quat_xyzw"":[-0.019866,0.022742,0.72264,0.690565],""pnp_camera_rpy_deg"":[0.311718,3.446848,92.609781],""pnp_reprojection_error_px"":0.023801}]",1,0.023801,161.974274,82.861107,,0,,0,,
2026-08-12T13:29:39.099973+00:00,14154.383631760,onboard_extrinsic_left_060,0,"[0.0,0.0,0.0,0.0]",0,0,0,0,,,,,,,,,,,,,,,,,,,,,,,,,,,,0,,0,,,"[NaN,NaN,NaN]","[NaN,NaN,NaN,NaN]","[NaN,NaN,NaN,NaN,NaN,NaN]",0.002371,215,1,"[15,17]","[0.248811,1.021318,1.602275]","[{""tag_id"":15,""target_match"":true,""family"":""tag25h9"",""hamming"":0,""decision_margin"":81.828445,""pixel_xy"":[878.547339,518.108276],""world_xy_yaw"":[0.35036,0.732708,-0.019456],""pnp_valid"":true,""pnp_camera_xyz"":[0.440829,0.380804,1.222788],""pnp_camera_quat_xyzw"":[-0.017209,-0.004561,-0.00954,0.999796],""pnp_camera_rpy_deg"":[-1.967039,-0.541309,-1.084082],""pnp_reprojection_error_px"":0.021789},{""tag_id"":17,""target_match"":true,""family"":""tag25h9"",""hamming"":0,""decision_margin"":163.011963,""pixel_xy"":[818.102022,281.54261],""world_xy_yaw"":[0.248811,1.021318,1.602275],""pnp_valid"":true,""pnp_camera_xyz"":[0.318245,-0.157217,1.271076],""pnp_camera_quat_xyzw"":[-0.024038,0.023601,0.721772,0.69131],""pnp_camera_rpy_deg"":[0.047889,3.860713,92.471518],""pnp_reprojection_error_px"":0.023914}]",1,0.023914,163.011963,86.876504,,0,,0,,
2026-08-12T13:29:39.149211+00:00,14154.432878945,onboard_extrinsic_left_060,0,"[0.0,0.0,0.0,0.0]",0,0,0,0,,,,,,,,,,,,,,,,,,,,,,,,,,,,0,,0,,,"[NaN,NaN,NaN]","[NaN,NaN,NaN,NaN]","[NaN,NaN,NaN,NaN,NaN,NaN]",0.001004,217,1,"[15,17]","[0.248211,1.02105,1.599982]","[{""tag_id"":15,""target_match"":true,""family"":""tag25h9"",""hamming"":0,""decision_margin"":80.451004,""pixel_xy"":[878.552816,518.160261],""world_xy_yaw"":[0.350369,0.732644,-0.022078],""pnp_valid"":true,""pnp_camera_xyz"":[0.441314,0.381388,1.224237],""pnp_camera_quat_xyzw"":[-0.018226,-0.004679,-0.010258,0.99977],""pnp_camera_rpy_deg"":[-2.083092,-0.557472,-1.165585],""pnp_reprojection_error_px"":0.026477},{""tag_id"":17,""target_match"":true,""family"":""tag25h9"",""hamming"":0,""decision_margin"":160.008209,""pixel_xy"":[817.744843,281.761957],""world_xy_yaw"":[0.248211,1.02105,1.599982],""pnp_valid"":true,""pnp_camera_xyz"":[0.318365,-0.157342,1.274891],""pnp_camera_quat_xyzw"":[-0.014444,0.02583,0.721387,0.691899],""pnp_camera_rpy_deg"":[0.991686,3.243698,92.418691],""pnp_reprojection_error_px"":0.049488}]",1,0.049488,160.008209,84.148972,,0,,0,,
2026-08-12T13:29:39.199776+00:00,14154.483448259,onboard_extrinsic_left_060,0,"[0.0,0.0,0.0,0.0]",0,0,0,0,,,,,,,,,,,,,,,,,,,,,,,,,,,,0,,0,,,"[NaN,NaN,NaN]","[NaN,NaN,NaN,NaN]","[NaN,NaN,NaN,NaN,NaN,NaN]",0.002131,218,1,"[15,17]","[0.247972,1.020997,1.601503]","[{""tag_id"":15,""target_match"":true,""family"":""tag25h9"",""hamming"":0,""decision_margin"":81.72596,""pixel_xy"":[878.545387,518.145085],""world_xy_yaw"":[0.350356,0.732663,-0.022385],""pnp_valid"":true,""pnp_camera_xyz"":[0.441296,0.381371,1.224151],""pnp_camera_quat_xyzw"":[-0.017528,-0.005612,-0.010402,0.999777],""pnp_camera_rpy_deg"":[-2.001981,-0.663901,-1.180622],""pnp_reprojection_error_px"":0.044128},{""tag_id"":17,""target_match"":true,""family"":""tag25h9"",""hamming"":0,""decision_margin"":163.599579,""pixel_xy"":[817.60223,281.805734],""world_xy_yaw"":[0.247972,1.020997,1.601503],""pnp_valid"":true,""pnp_camera_xyz"":[0.318418,-0.157404,1.276497],""pnp_camera_quat_xyzw"":[-0.011128,0.027899,0.721434,0.691831],""pnp_camera_rpy_deg"":[1.426541,3.133287,92.438933],""pnp_reprojection_error_px"":0.034754}]",1,0.034754,163.599579,83.346091,,0,,0,,
2026-08-12T13:29:39.250285+00:00,14154.533960254,onboard_extrinsic_left_060,0,"[0.0,0.0,0.0,0.0]",0,0,0,0,,,,,,,,,,,,,,,,,,,,,,,,,,,,0,,0,,,"[NaN,NaN,NaN]","[NaN,NaN,NaN,NaN]","[NaN,NaN,NaN,NaN,NaN,NaN]",0.001738,220,1,"[15,17]","[0.24756,1.020914,1.599735]","[{""tag_id"":15,""target_match"":true,""family"":""tag25h9"",""hamming"":0,""decision_margin"":81.631584,""pixel_xy"":[878.499145,518.137376],""world_xy_yaw"":[0.350279,0.732672,-0.024337],""pnp_valid"":true,""pnp_camera_xyz"":[0.441304,0.381465,1.224471],""pnp_camera_quat_xyzw"":[-0.017372,-0.007027,-0.010839,0.999766],""pnp_camera_rpy_deg"":[-1.982056,-0.826599,-1.228055],""pnp_reprojection_error_px"":0.048913},{""tag_id"":17,""target_match"":true,""family"":""tag25h9"",""hamming"":0,""decision_margin"":161.032715,""pixel_xy"":[817.357269,281.873752],""world_xy_yaw"":[0.24756,1.020914,1.599735],""pnp_valid"":true,""pnp_camera_xyz"":[0.317468,-0.157047,1.27486],""pnp_camera_quat_xyzw"":[-0.014165,0.027571,0.721156,0.692079],""pnp_camera_rpy_deg"":[1.157097,3.359083,92.39126],""pnp_reprojection_error_px"":0.038789}]",1,0.038789,161.032715,80.750379,,0,,0,,
2026-08-12T13:29:39.300173+00:00,14154.583830415,onboard_extrinsic_left_060,0,"[0.0,0.0,0.0,0.0]",0,0,0,0,,,,,,,,,,,,,,,,,,,,,,,,,,,,0,,0,,,"[NaN,NaN,NaN]","[NaN,NaN,NaN,NaN]","[NaN,NaN,NaN,NaN,NaN,NaN]",0.002403,221,1,"[15,17]","[0.247408,1.020876,1.597924]","[{""tag_id"":15,""target_match"":true,""family"":""tag25h9"",""hamming"":0,""decision_margin"":80.5093,""pixel_xy"":[878.465211,518.144334],""world_xy_yaw"":[0.350222,0.732664,-0.026078],""pnp_valid"":true,""pnp_camera_xyz"":[0.441085,0.381343,1.224137],""pnp_camera_quat_xyzw"":[-0.01753,-0.007182,-0.011421,0.999755],""pnp_camera_rpy_deg"":[-1.99952,-0.845744,-1.294281],""pnp_reprojection_error_px"":0.034934},{""tag_id"":17,""target_match"":true,""family"":""tag25h9"",""hamming"":0,""decision_margin"":162.879242,""pixel_xy"":[817.266695,281.905173],""world_xy_yaw"":[0.247408,1.020876,1.597924],""pnp_valid"":true,""pnp_camera_xyz"":[0.317059,-0.156909,1.274127],""pnp_camera_quat_xyzw"":[-0.015851,0.027773,0.720911,0.692289],""pnp_camera_rpy_deg"":[1.038933,3.514883,92.352461],""pnp_reprojection_error_px"":0.04833}]",1,0.04833,162.879242,81.759515,,0,,0,,
2026-08-12T13:29:39.350246+00:00,14154.633906228,onboard_extrinsic_left_060,0,"[0.0,0.0,0.0,0.0]",0,0,0,0,,,,,,,,,,,,,,,,,,,,,,,,,,,,0,,0,,,"[NaN,NaN,NaN]","[NaN,NaN,NaN,NaN]","[NaN,NaN,NaN,NaN,NaN,NaN]",0.001866,223,1,[17],"[0.247055,1.020925,1.597858]","[{""tag_id"":17,""target_match"":true,""family"":""tag25h9"",""hamming"":0,""decision_margin"":161.375137,""pixel_xy"":[817.056269,281.864457],""world_xy_yaw"":[0.247055,1.020925,1.597858],""pnp_valid"":true,""pnp_camera_xyz"":[0.316251,-0.15668,1.272774],""pnp_camera_quat_xyzw"":[-0.020917,0.027879,0.720216,0.692873],""pnp_camera_rpy_deg"":[0.641598,3.942901,92.239122],""pnp_reprojection_error_px"":0.025978}]",1,0.025978,161.375137,81.631711,,0,,0,,
2026-08-12T13:29:39.399999+00:00,14154.683660352,onboard_extrinsic_left_060,0,"[0.0,0.0,0.0,0.0]",0,0,0,0,,,,,,,,,,,,,,,,,,,,,,,,,,,,0,,0,,,"[NaN,NaN,NaN]","[NaN,NaN,NaN,NaN]","[NaN,NaN,NaN,NaN,NaN,NaN]",0.002416,224,1,"[15,17]","[0.24694,1.020913,1.595445]","[{""tag_id"":15,""target_match"":true,""family"":""tag25h9"",""hamming"":0,""decision_margin"":81.895325,""pixel_xy"":[878.331472,518.018999],""world_xy_yaw"":[0.349997,0.732817,-0.028815],""pnp_valid"":true,""pnp_camera_xyz"":[0.441257,0.381532,1.225447],""pnp_camera_quat_xyzw"":[-0.01733,-0.007872,-0.012514,0.999741],""pnp_camera_rpy_deg"":[-1.974689,-0.926761,-1.418349],""pnp_reprojection_error_px"":0.0617},{""tag_id"":17,""target_match"":true,""family"":""tag25h9"",""hamming"":0,""decision_margin"":162.064453,""pixel_xy"":[816.987837,281.874859],""world_xy_yaw"":[0.24694,1.020913,1.595445],""pnp_valid"":true,""pnp_camera_xyz"":[0.315604,-0.156457,1.270929],""pnp_camera_quat_xyzw"":[-0.024814,0.029529,0.720094,0.692803],""pnp_camera_rpy_deg"":[0.468078,4.396213,92.231079],""pnp_reprojection_error_px"":0.009514}]",1,0.009514,162.064453,81.691381,,0,,0,,
2026-08-12T13:29:39.450158+00:00,14154.733819695,onboard_extrinsic_left_060,0,"[0.0,0.0,0.0,0.0]",0,0,0,0,,,,,,,,,,,,,,,,,,,,,,,,,,,,0,,0,,,"[NaN,NaN,NaN]","[NaN,NaN,NaN,NaN]","[NaN,NaN,NaN,NaN,NaN,NaN]",0.001675,226,1,[17],"[0.24658,1.020875,1.595716]","[{""tag_id"":17,""target_match"":true,""family"":""tag25h9"",""hamming"":0,""decision_margin"":160.567551,""pixel_xy"":[816.773745,281.90536],""world_xy_yaw"":[0.24658,1.020875,1.595716],""pnp_valid"":true,""pnp_camera_xyz"":[0.316062,-0.15699,1.274614],""pnp_camera_quat_xyzw"":[-0.017014,0.028584,0.720468,0.69269],""pnp_camera_rpy_deg"":[1.011454,3.67606,92.284666],""pnp_reprojection_error_px"":0.060546}]",1,0.060546,160.567551,80.482552,,0,,0,,
2026-08-12T13:29:39.500042+00:00,14154.783701995,onboard_extrinsic_left_060,0,"[0.0,0.0,0.0,0.0]",0,0,0,0,,,,,,,,,,,,,,,,,,,,,,,,,,,,0,,0,,,"[NaN,NaN,NaN]","[NaN,NaN,NaN,NaN]","[NaN,NaN,NaN,NaN,NaN,NaN]",0.002340,227,1,[17],"[0.246442,1.020933,1.598055]","[{""tag_id"":17,""target_match"":true,""family"":""tag25h9"",""hamming"":0,""decision_margin"":163.322205,""pixel_xy"":[816.691785,281.858334],""world_xy_yaw"":[0.246442,1.020933,1.598055],""pnp_valid"":true,""pnp_camera_xyz"":[0.316203,-0.157233,1.275957],""pnp_camera_quat_xyzw"":[-0.014298,0.027063,0.720638,0.692636],""pnp_camera_rpy_deg"":[1.101874,3.330603,92.302169],""pnp_reprojection_error_px"":0.047103}]",1,0.047103,163.322205,80.554679,,0,,0,,
2026-08-12T13:29:39.550188+00:00,14154.833836027,onboard_extrinsic_left_060,0,"[0.0,0.0,0.0,0.0]",0,0,0,0,,,,,,,,,,,,,,,,,,,,,,,,,,,,0,,0,,,"[NaN,NaN,NaN]","[NaN,NaN,NaN,NaN]","[NaN,NaN,NaN,NaN,NaN,NaN]",0.001645,229,1,[17],"[0.246282,1.021086,1.599673]","[{""tag_id"":17,""target_match"":true,""family"":""tag25h9"",""hamming"":0,""decision_margin"":162.817108,""pixel_xy"":[816.596468,281.732684],""world_xy_yaw"":[0.246282,1.021086,1.599673],""pnp_valid"":true,""pnp_camera_xyz"":[0.316164,-0.157593,1.276902],""pnp_camera_quat_xyzw"":[-0.014011,0.024812,0.720607,0.692757],""pnp_camera_rpy_deg"":[0.938062,3.128166,92.283322],""pnp_reprojection_error_px"":0.019029}]",1,0.019029,162.817108,78.704519,,0,,0,,
2026-08-12T13:29:39.600079+00:00,14154.883739166,onboard_extrinsic_left_060,0,"[0.0,0.0,0.0,0.0]",0,0,0,0,,,,,,,,,,,,,,,,,,,,,,,,,,,,0,,0,,,"[NaN,NaN,NaN]","[NaN,NaN,NaN,NaN]","[NaN,NaN,NaN,NaN,NaN,NaN]",0.002386,230,1,"[15,17]","[0.246205,1.021178,1.600119]","[{""tag_id"":15,""target_match"":true,""family"":""tag25h9"",""hamming"":0,""decision_margin"":82.297905,""pixel_xy"":[877.839898,517.549225],""world_xy_yaw"":[0.349171,0.73339,-0.033309],""pnp_valid"":true,""pnp_camera_xyz"":[0.439307,0.379576,1.222689],""pnp_camera_quat_xyzw"":[-0.01495,-0.011721,-0.014976,0.999707],""pnp_camera_rpy_deg"":[-1.693229,-1.368545,-1.696299],""pnp_reprojection_error_px"":0.069237},{""tag_id"":17,""target_match"":true,""family"":""tag25h9"",""hamming"":0,""decision_margin"":162.102036,""pixel_xy"":[816.550571,281.657181],""world_xy_yaw"":[0.246205,1.021178,1.600119],""pnp_valid"":true,""pnp_camera_xyz"":[0.315853,-0.157648,1.275949],""pnp_camera_quat_xyzw"":[-0.015553,0.023365,0.720794,0.69258],""pnp_camera_rpy_deg"":[0.696644,3.14056,92.306303],""pnp_reprojection_error_px"":0.022475}]",1,0.022475,162.102036,81.681025,,0,,0,,
2026-08-12T13:29:39.649769+00:00,14154.933440788,onboard_extrinsic_left_060,0,"[0.0,0.0,0.0,0.0]",0,0,0,0,,,,,,,,,,,,,,,,,,,,,,,,,,,,0,,0,,,"[NaN,NaN,NaN]","[NaN,NaN,NaN,NaN]","[NaN,NaN,NaN,NaN,NaN,NaN]",0.002099,231,1,[17],"[0.246158,1.021286,1.600866]","[{""tag_id"":17,""target_match"":true,""family"":""tag25h9"",""hamming"":0,""decision_margin"":161.198914,""pixel_xy"":[816.522766,281.569048],""world_xy_yaw"":[0.246158,1.021286,1.600866],""pnp_valid"":true,""pnp_camera_xyz"":[0.315414,-0.157652,1.274324],""pnp_camera_quat_xyzw"":[-0.019547,0.022455,0.721392,0.691887],""pnp_camera_rpy_deg"":[0.307058,3.398177,92.401026],""pnp_reprojection_error_px"":0.03112}]",1,0.03112,161.198914,82.927714,,0,,0,,
2026-08-12T13:29:39.700077+00:00,14154.983736448,onboard_extrinsic_left_060,0,"[0.0,0.0,0.0,0.0]",0,0,0,0,,,,,,,,,,,,,,,,,,,,,,,,,,,,0,,0,,,"[NaN,NaN,NaN]","[NaN,NaN,NaN,NaN]","[NaN,NaN,NaN,NaN,NaN,NaN]",0.001566,233,1,[17],"[0.246124,1.021483,1.601069]","[{""tag_id"":17,""target_match"":true,""family"":""tag25h9"",""hamming"":0,""decision_margin"":160.291901,""pixel_xy"":[816.502333,281.407388],""world_xy_yaw"":[0.246124,1.021483,1.601069],""pnp_valid"":true,""pnp_camera_xyz"":[0.315367,-0.158029,1.274218],""pnp_camera_quat_xyzw"":[-0.019145,0.020231,0.721346,0.692015],""pnp_camera_rpy_deg"":[0.154301,3.188469,92.381993],""pnp_reprojection_error_px"":0.043329}]",1,0.043329,160.291901,82.846056,,0,,0,,
2026-08-12T13:29:39.750010+00:00,14155.033670765,onboard_extrinsic_left_060,0,"[0.0,0.0,0.0,0.0]",0,0,0,0,,,,,,,,,,,,,,,,,,,,,,,,,,,,0,,0,,,"[NaN,NaN,NaN]","[NaN,NaN,NaN,NaN]","[NaN,NaN,NaN,NaN,NaN,NaN]",0.001537,235,1,[17],"[0.246128,1.021724,1.602888]","[{""tag_id"":17,""target_match"":true,""family"":""tag25h9"",""hamming"":0,""decision_margin"":160.48584,""pixel_xy"":[816.504864,281.209605],""world_xy_yaw"":[0.246128,1.021724,1.602888],""pnp_valid"":true,""pnp_camera_xyz"":[0.315467,-0.15856,1.274917],""pnp_camera_quat_xyzw"":[-0.017315,0.020666,0.721634,0.69175],""pnp_camera_rpy_deg"":[0.336908,3.071519,92.431583],""pnp_reprojection_error_px"":0.012788}]",1,0.012788,160.48584,82.884913,,0,,0,,
2026-08-12T13:29:39.799270+00:00,14155.082936684,onboard_extrinsic_left_060,0,"[0.0,0.0,0.0,0.0]",0,0,0,0,,,,,,,,,,,,,,,,,,,,,,,,,,,,0,,0,,,"[NaN,NaN,NaN]","[NaN,NaN,NaN,NaN]","[NaN,NaN,NaN,NaN,NaN,NaN]",0.001537,236,1,[17],"[0.246089,1.021849,1.602514]","[{""tag_id"":17,""target_match"":true,""family"":""tag25h9"",""hamming"":0,""decision_margin"":160.470245,""pixel_xy"":[816.481359,281.107376],""world_xy_yaw"":[0.246089,1.021849,1.602514],""pnp_valid"":true,""pnp_camera_xyz"":[0.315285,-0.158716,1.274341],""pnp_camera_quat_xyzw"":[-0.01985,0.02048,0.72166,0.69166],""pnp_camera_rpy_deg"":[0.120571,3.266499,92.435451],""pnp_reprojection_error_px"":0.013471}]",1,0.013471,160.470245,84.354031,,0,,0,,
2026-08-12T13:29:39.849360+00:00,14155.133026025,onboard_extrinsic_left_060,0,"[0.0,0.0,0.0,0.0]",0,0,0,0,,,,,,,,,,,,,,,,,,,,,,,,,,,,0,,0,,,"[NaN,NaN,NaN]","[NaN,NaN,NaN,NaN]","[NaN,NaN,NaN,NaN,NaN,NaN]",0.001629,237,1,[17],"[0.24601,1.021949,1.603525]","[{""tag_id"":17,""target_match"":true,""family"":""tag25h9"",""hamming"":0,""decision_margin"":160.59816,""pixel_xy"":[816.434366,281.025318],""world_xy_yaw"":[0.24601,1.021949,1.603525],""pnp_valid"":true,""pnp_camera_xyz"":[0.315344,-0.158986,1.274928],""pnp_camera_quat_xyzw"":[-0.019126,0.021686,0.722047,0.691239],""pnp_camera_rpy_deg"":[0.279829,3.302037,92.505615],""pnp_reprojection_error_px"":0.023251}]",1,0.023251,160.59816,82.764068,,0,,0,,
