host_time_utc,host_monotonic_s,phase,requested_armed,requested_channels_forward_right_down_yaw,sent,transport_open,session_confirmed,telemetry_fresh,telemetry_age_s,telemetry_sequence,mcu_tick_ms,state,telemetry_armed,telemetry_failsafe,command_status,reject_flags,last_command_session,last_command_sequence,last_command_crc,command_count,rejected_command_count,round_trip_ms,imu_quat_wxyz,imu_angular_velocity_xyz_rad_s,imu_linear_acceleration_xyz_m_s2,yaw_rad,yaw_rate_rad_s,depth_m,pressure_pa,received_channels_forward_right_down_yaw,applied_motor_throttle_m1_m8,motor_rpm_m1_m8,rpm_valid_mask,execution_feedback_valid,rpm_available,vision_fresh,vision_age_s,vision_count,vision_stamp_s,vision_frame_id,vision_position_xyz_m,vision_quat_xyzw,vision_covariance_diag,vision_status_age_s,vision_status_count,vision_detected,vision_detected_ids,vision_world_xy_yaw,vision_detections_detail,vision_pnp_valid,vision_pnp_reprojection_error_px,vision_decision_margin,vision_detection_fps,refracted_status_age_s,refracted_status_count,refracted_mode,refracted_valid,refracted_residual_m,refracted_reject_reason
2026-08-12T11:14:30.113546+00:00,6045.397214878,onboard_target_060_static,0,"[0.0,0.0,0.0,0.0]",0,0,0,0,,,,,,,,,,,,,,,,,,,,,,,,,,,,0,,0,,,"[NaN,NaN,NaN]","[NaN,NaN,NaN,NaN]","[NaN,NaN,NaN,NaN,NaN,NaN]",,0,0,[],[],[],0,,,,,0,,0,,
2026-08-12T11:14:30.165716+00:00,6045.449370662,onboard_target_060_static,0,"[0.0,0.0,0.0,0.0]",0,0,0,0,,,,,,,,,,,,,,,,,,,,,,,,,,,,0,,0,,,"[NaN,NaN,NaN]","[NaN,NaN,NaN,NaN]","[NaN,NaN,NaN,NaN,NaN,NaN]",,0,0,[],[],[],0,,,,,0,,0,,
2026-08-12T11:14:30.214262+00:00,6045.497929977,onboard_target_060_static,0,"[0.0,0.0,0.0,0.0]",0,0,0,0,,,,,,,,,,,,,,,,,,,,,,,,,,,,0,,0,,,"[NaN,NaN,NaN]","[NaN,NaN,NaN,NaN]","[NaN,NaN,NaN,NaN,NaN,NaN]",,0,0,[],[],[],0,,,,,0,,0,,
2026-08-12T11:14:30.265804+00:00,6045.549462663,onboard_target_060_static,0,"[0.0,0.0,0.0,0.0]",0,0,0,0,,,,,,,,,,,,,,,,,,,,,,,,,,,,0,,0,,,"[NaN,NaN,NaN]","[NaN,NaN,NaN,NaN]","[NaN,NaN,NaN,NaN,NaN,NaN]",0.000194,4,1,"[16,17]","[0.453901,0.964357,0.265873]","[{""tag_id"":16,""target_match"":true,""family"":""tag25h9"",""hamming"":0,""decision_margin"":154.205383,""pixel_xy"":[981.168571,614.904554],""world_xy_yaw"":[0.522763,0.614616,-0.18828],""pnp_valid"":true,""pnp_camera_xyz"":[0.664569,0.592544,1.208592],""pnp_camera_quat_xyzw"":[-0.03687,-0.000102,-0.085064,0.995693],""pnp_camera_rpy_deg"":[-4.209653,-0.371079,-9.752425],""pnp_reprojection_error_px"":0.023771},{""tag_id"":17,""target_match"":true,""family"":""tag25h9"",""hamming"":0,""decision_margin"":158.649323,""pixel_xy"":[940.179289,328.231627],""world_xy_yaw"":[0.453901,0.964357,0.265873],""pnp_valid"":true,""pnp_camera_xyz"":[0.599696,-0.047683,1.26535],""pnp_camera_quat_xyzw"":[-0.029133,-0.000568,0.133068,0.990678],""pnp_camera_rpy_deg"":[-3.317865,0.379749,15.289418],""pnp_reprojection_error_px"":0.017539}]",1,0.017539,158.649323,89.881857,,0,,0,,
2026-08-12T11:14:30.314525+00:00,6045.598191228,onboard_target_060_static,0,"[0.0,0.0,0.0,0.0]",0,0,0,0,,,,,,,,,,,,,,,,,,,,,,,,,,,,0,,0,,,"[NaN,NaN,NaN]","[NaN,NaN,NaN,NaN]","[NaN,NaN,NaN,NaN,NaN,NaN]",0.000916,6,1,"[16,17]","[0.453251,0.964459,0.254068]","[{""tag_id"":16,""target_match"":true,""family"":""tag25h9"",""hamming"":0,""decision_margin"":155.419113,""pixel_xy"":[981.04266,614.929836],""world_xy_yaw"":[0.522552,0.614586,-0.189755],""pnp_valid"":true,""pnp_camera_xyz"":[0.664343,0.592596,1.208627],""pnp_camera_quat_xyzw"":[-0.037368,-0.000737,-0.085861,0.995606],""pnp_camera_rpy_deg"":[-4.260017,-0.451754,-9.841159],""pnp_reprojection_error_px"":0.012383},{""tag_id"":17,""target_match"":true,""family"":""tag25h9"",""hamming"":0,""decision_margin"":159.414383,""pixel_xy"":[939.792088,328.148632],""world_xy_yaw"":[0.453251,0.964459,0.254068],""pnp_valid"":true,""pnp_camera_xyz"":[0.598662,-0.0478,1.265019],""pnp_camera_quat_xyzw"":[-0.029857,0.001055,0.12705,0.991446],""pnp_camera_rpy_deg"":[-3.3789,0.554588,14.588498],""pnp_reprojection_error_px"":0.028126}]",1,0.028126,159.414383,87.11224,,0,,0,,
2026-08-12T11:14:30.364412+00:00,6045.648080142,onboard_target_060_static,0,"[0.0,0.0,0.0,0.0]",0,0,0,0,,,,,,,,,,,,,,,,,,,,,,,,,,,,0,,0,,,"[NaN,NaN,NaN]","[NaN,NaN,NaN,NaN]","[NaN,NaN,NaN,NaN,NaN,NaN]",0.001285,7,1,"[16,17]","[0.45297,0.964506,0.248419]","[{""tag_id"":16,""target_match"":true,""family"":""tag25h9"",""hamming"":0,""decision_margin"":151.689331,""pixel_xy"":[980.995948,614.916239],""world_xy_yaw"":[0.522473,0.614602,-0.190963],""pnp_valid"":true,""pnp_camera_xyz"":[0.6644,0.592726,1.208929],""pnp_camera_quat_xyzw"":[-0.037319,-0.000859,-0.086321,0.995568],""pnp_camera_rpy_deg"":[-4.253057,-0.467144,-9.893555],""pnp_reprojection_error_px"":0.009423},{""tag_id"":17,""target_match"":true,""family"":""tag25h9"",""hamming"":0,""decision_margin"":156.223373,""pixel_xy"":[939.624918,328.109812],""world_xy_yaw"":[0.45297,0.964506,0.248419],""pnp_valid"":true,""pnp_camera_xyz"":[0.597867,-0.047885,1.264185],""pnp_camera_quat_xyzw"":[-0.030249,0.001362,0.124477,0.99176],""pnp_camera_rpy_deg"":[-3.420551,0.586247,14.290246],""pnp_reprojection_error_px"":0.016814}]",1,0.016814,156.223373,89.710635,,0,,0,,
2026-08-12T11:14:30.414209+00:00,6045.697877789,onboard_target_060_static,0,"[0.0,0.0,0.0,0.0]",0,0,0,0,,,,,,,,,,,,,,,,,,,,,,,,,,,,0,,0,,,"[NaN,NaN,NaN]","[NaN,NaN,NaN,NaN]","[NaN,NaN,NaN,NaN,NaN,NaN]",0.001121,8,1,"[16,17]","[0.452674,0.964555,0.243163]","[{""tag_id"":16,""target_match"":true,""family"":""tag25h9"",""hamming"":0,""decision_margin"":152.093964,""pixel_xy"":[980.973749,614.880775],""world_xy_yaw"":[0.522436,0.614645,-0.192244],""pnp_valid"":true,""pnp_camera_xyz"":[0.664108,0.592504,1.208539],""pnp_camera_quat_xyzw"":[-0.037159,-0.001504,-0.086201,0.995583],""pnp_camera_rpy_deg"":[-4.228413,-0.53867,-9.877181],""pnp_reprojection_error_px"":0.026376},{""tag_id"":17,""target_match"":true,""family"":""tag25h9"",""hamming"":0,""decision_margin"":161.020325,""pixel_xy"":[939.448882,328.06932],""world_xy_yaw"":[0.452674,0.964555,0.243163],""pnp_valid"":true,""pnp_camera_xyz"":[0.597643,-0.04803,1.264552],""pnp_camera_quat_xyzw"":[-0.030409,0.001911,0.121899,0.992075],""pnp_camera_rpy_deg"":[-3.432539,0.641978,13.990686],""pnp_reprojection_error_px"":0.022393}]",1,0.022393,161.020325,89.783886,,0,,0,,
2026-08-12T11:14:30.465663+00:00,6045.749321651,onboard_target_060_static,0,"[0.0,0.0,0.0,0.0]",0,0,0,0,,,,,,,,,,,,,,,,,,,,,,,,,,,,0,,0,,,"[NaN,NaN,NaN]","[NaN,NaN,NaN,NaN]","[NaN,NaN,NaN,NaN,NaN,NaN]",0.001603,10,1,"[16,17]","[0.452113,0.964729,0.231423]","[{""tag_id"":16,""target_match"":true,""family"":""tag25h9"",""hamming"":0,""decision_margin"":154.185074,""pixel_xy"":[980.852753,614.862125],""world_xy_yaw"":[0.522233,0.614668,-0.194789],""pnp_valid"":true,""pnp_camera_xyz"":[0.663878,0.592446,1.208606],""pnp_camera_quat_xyzw"":[-0.037554,-0.002427,-0.087081,0.99549],""pnp_camera_rpy_deg"":[-4.263974,-0.651599,-9.974276],""pnp_reprojection_error_px"":0.017698},{""tag_id"":17,""target_match"":true,""family"":""tag25h9"",""hamming"":0,""decision_margin"":159.83374,""pixel_xy"":[939.114827,327.927286],""world_xy_yaw"":[0.452113,0.964729,0.231423],""pnp_valid"":true,""pnp_camera_xyz"":[0.596934,-0.048347,1.264655],""pnp_camera_quat_xyzw"":[-0.029854,0.002233,0.115835,0.992817],""pnp_camera_rpy_deg"":[-3.368937,0.650351,13.290486],""pnp_reprojection_error_px"":0.025964}]",1,0.025964,159.83374,89.534524,,0,,0,,
2026-08-12T11:14:30.513794+00:00,6045.797467095,onboard_target_060_static,0,"[0.0,0.0,0.0,0.0]",0,0,0,0,,,,,,,,,,,,,,,,,,,,,,,,,,,,0,,0,,,"[NaN,NaN,NaN]","[NaN,NaN,NaN,NaN]","[NaN,NaN,NaN,NaN,NaN,NaN]",0.000628,12,1,"[16,17]","[0.451696,0.964871,0.219448]","[{""tag_id"":16,""target_match"":true,""family"":""tag25h9"",""hamming"":0,""decision_margin"":153.928909,""pixel_xy"":[980.711348,614.811291],""world_xy_yaw"":[0.521995,0.61473,-0.19691],""pnp_valid"":true,""pnp_camera_xyz"":[0.663666,0.592402,1.208831],""pnp_camera_quat_xyzw"":[-0.037676,-0.003575,-0.087395,0.995455],""pnp_camera_rpy_deg"":[-4.266225,-0.785122,-10.005533],""pnp_reprojection_error_px"":0.030624},{""tag_id"":17,""target_match"":true,""family"":""tag25h9"",""hamming"":0,""decision_margin"":158.680405,""pixel_xy"":[938.866625,327.810497],""world_xy_yaw"":[0.451696,0.964871,0.219448],""pnp_valid"":true,""pnp_camera_xyz"":[0.596191,-0.048652,1.2644],""pnp_camera_quat_xyzw"":[-0.029896,0.001308,0.110279,0.99345],""pnp_camera_rpy_deg"":[-3.388935,0.526756,12.652914],""pnp_reprojection_error_px"":0.021755}]",1,0.021755,158.680405,91.014936,,0,,0,,
2026-08-12T11:14:30.564925+00:00,6045.848589341,onboard_target_060_static,0,"[0.0,0.0,0.0,0.0]",0,0,0,0,,,,,,,,,,,,,,,,,,,,,,,,,,,,0,,0,,,"[NaN,NaN,NaN]","[NaN,NaN,NaN,NaN]","[NaN,NaN,NaN,NaN,NaN,NaN]",0.001756,13,1,"[16,17]","[0.45153,0.964942,0.214288]","[{""tag_id"":16,""target_match"":true,""family"":""tag25h9"",""hamming"":0,""decision_margin"":154.817917,""pixel_xy"":[980.625582,614.752904],""world_xy_yaw"":[0.521851,0.614801,-0.197701],""pnp_valid"":true,""pnp_camera_xyz"":[0.663656,0.592453,1.209138],""pnp_camera_quat_xyzw"":[-0.037617,-0.003742,-0.08779,0.995421],""pnp_camera_rpy_deg"":[-4.257557,-0.805333,-10.050205],""pnp_reprojection_error_px"":0.017738},{""tag_id"":17,""target_match"":true,""family"":""tag25h9"",""hamming"":0,""decision_margin"":160.723785,""pixel_xy"":[938.767636,327.752703],""world_xy_yaw"":[0.45153,0.964942,0.214288],""pnp_valid"":true,""pnp_camera_xyz"":[0.595721,-0.048742,1.263914],""pnp_camera_quat_xyzw"":[-0.029469,0.000169,0.107601,0.993757],""pnp_camera_rpy_deg"":[-3.355697,0.382622,12.348293],""pnp_reprojection_error_px"":0.009745}]",1,0.009745,160.723785,90.373695,,0,,0,,
2026-08-12T11:14:30.614362+00:00,6045.898029636,onboard_target_060_static,0,"[0.0,0.0,0.0,0.0]",0,0,0,0,,,,,,,,,,,,,,,,,,,,,,,,,,,,0,,0,,,"[NaN,NaN,NaN]","[NaN,NaN,NaN,NaN]","[NaN,NaN,NaN,NaN,NaN,NaN]",0.000910,15,1,"[16,17]","[0.451213,0.965029,0.205763]","[{""tag_id"":16,""target_match"":true,""family"":""tag25h9"",""hamming"":0,""decision_margin"":156.088684,""pixel_xy"":[980.426156,614.667869],""world_xy_yaw"":[0.521516,0.614905,-0.199204],""pnp_valid"":true,""pnp_camera_xyz"":[0.662599,0.591648,1.207982],""pnp_camera_quat_xyzw"":[-0.036682,-0.004945,-0.088302,0.995406],""pnp_camera_rpy_deg"":[-4.138204,-0.935301,-10.105078],""pnp_reprojection_error_px"":0.023743},{""tag_id"":17,""target_match"":true,""family"":""tag25h9"",""hamming"":0,""decision_margin"":160.631561,""pixel_xy"":[938.579345,327.681445],""world_xy_yaw"":[0.451213,0.965029,0.205763],""pnp_valid"":true,""pnp_camera_xyz"":[0.595322,-0.048901,1.263945],""pnp_camera_quat_xyzw"":[-0.029766,-0.000347,0.103007,0.994235],""pnp_camera_rpy_deg"":[-3.39737,0.311859,11.820756],""pnp_reprojection_error_px"":0.010914}]",1,0.010914,160.631561,86.714633,,0,,0,,
2026-08-12T11:14:30.665622+00:00,6045.949278562,onboard_target_060_static,0,"[0.0,0.0,0.0,0.0]",0,0,0,0,,,,,,,,,,,,,,,,,,,,,,,,,,,,0,,0,,,"[NaN,NaN,NaN]","[NaN,NaN,NaN,NaN]","[NaN,NaN,NaN,NaN,NaN,NaN]",0.002291,16,1,"[16,17]","[0.451107,0.96504,0.20266]","[{""tag_id"":16,""target_match"":true,""family"":""tag25h9"",""hamming"":0,""decision_margin"":154.746384,""pixel_xy"":[980.333174,614.601971],""world_xy_yaw"":[0.52136,0.614986,-0.20036],""pnp_valid"":true,""pnp_camera_xyz"":[0.663228,0.592306,1.20957],""pnp_camera_quat_xyzw"":[-0.037889,-0.004324,-0.088775,0.995321],""pnp_camera_rpy_deg"":[-4.281952,-0.878621,-10.160806],""pnp_reprojection_error_px"":0.020911},{""tag_id"":17,""target_match"":true,""family"":""tag25h9"",""hamming"":0,""decision_margin"":160.013199,""pixel_xy"":[938.516028,327.67241],""world_xy_yaw"":[0.451107,0.96504,0.20266],""pnp_valid"":true,""pnp_camera_xyz"":[0.594836,-0.048873,1.263182],""pnp_camera_quat_xyzw"":[-0.03054,-0.001396,0.10108,0.994408],""pnp_camera_rpy_deg"":[-3.498409,0.194717,11.60226],""pnp_reprojection_error_px"":0.01728}]",1,0.01728,160.013199,85.145964,,0,,0,,
2026-08-12T11:14:30.714419+00:00,6045.998086289,onboard_target_060_static,0,"[0.0,0.0,0.0,0.0]",0,0,0,0,,,,,,,,,,,,,,,,,,,,,,,,,,,,0,,0,,,"[NaN,NaN,NaN]","[NaN,NaN,NaN,NaN]","[NaN,NaN,NaN,NaN,NaN,NaN]",0.000921,18,1,"[16,17]","[0.450925,0.964953,0.194811]","[{""tag_id"":16,""target_match"":true,""family"":""tag25h9"",""hamming"":0,""decision_margin"":154.371338,""pixel_xy"":[980.102502,614.477775],""world_xy_yaw"":[0.520972,0.615137,-0.203169],""pnp_valid"":true,""pnp_camera_xyz"":[0.662432,0.591798,1.209102],""pnp_camera_quat_xyzw"":[-0.037844,-0.005286,-0.089425,0.99526],""pnp_camera_rpy_deg"":[-4.266457,-0.990664,-10.231659],""pnp_reprojection_error_px"":0.027526},{""tag_id"":17,""target_match"":true,""family"":""tag25h9"",""hamming"":0,""decision_margin"":159.366714,""pixel_xy"":[938.407504,327.743532],""world_xy_yaw"":[0.450925,0.964953,0.194811],""pnp_valid"":true,""pnp_camera_xyz"":[0.594634,-0.048727,1.263243],""pnp_camera_quat_xyzw"":[-0.029215,-0.001356,0.096951,0.994859],""pnp_camera_rpy_deg"":[-3.347544,0.169988,11.127076],""pnp_reprojection_error_px"":0.025895}]",1,0.025895,159.366714,81.796652,,0,,0,,
2026-08-12T11:14:30.765602+00:00,6046.049259986,onboard_target_060_static,0,"[0.0,0.0,0.0,0.0]",0,0,0,0,,,,,,,,,,,,,,,,,,,,,,,,,,,,0,,0,,,"[NaN,NaN,NaN]","[NaN,NaN,NaN,NaN]","[NaN,NaN,NaN,NaN,NaN,NaN]",0.002286,19,1,"[16,17]","[0.450897,0.964879,0.191049]","[{""tag_id"":16,""target_match"":true,""family"":""tag25h9"",""hamming"":0,""decision_margin"":155.56398,""pixel_xy"":[979.964767,614.410022],""world_xy_yaw"":[0.520741,0.61522,-0.204441],""pnp_valid"":true,""pnp_camera_xyz"":[0.662368,0.591889,1.209583],""pnp_camera_quat_xyzw"":[-0.038194,-0.004963,-0.090046,0.995193],""pnp_camera_rpy_deg"":[-4.30914,-0.96015,-10.304055],""pnp_reprojection_error_px"":0.033511},{""tag_id"":17,""target_match"":true,""family"":""tag25h9"",""hamming"":0,""decision_margin"":161.452164,""pixel_xy"":[938.390836,327.804481],""world_xy_yaw"":[0.450897,0.964879,0.191049],""pnp_valid"":true,""pnp_camera_xyz"":[0.594493,-0.048573,1.263094],""pnp_camera_quat_xyzw"":[-0.029108,-0.001235,0.0954,0.995013],""pnp_camera_rpy_deg"":[-3.334314,0.177374,10.948183],""pnp_reprojection_error_px"":0.011741}]",1,0.011741,161.452164,80.609306,,0,,0,,
2026-08-12T11:14:30.815589+00:00,6046.099247689,onboard_target_060_static,0,"[0.0,0.0,0.0,0.0]",0,0,0,0,,,,,,,,,,,,,,,,,,,,,,,,,,,,0,,0,,,"[NaN,NaN,NaN]","[NaN,NaN,NaN,NaN]","[NaN,NaN,NaN,NaN,NaN,NaN]",0.001594,21,1,"[16,17]","[0.450876,0.964602,0.183293]","[{""tag_id"":16,""target_match"":true,""family"":""tag25h9"",""hamming"":0,""decision_margin"":156.027649,""pixel_xy"":[979.662022,614.319357],""world_xy_yaw"":[0.520232,0.61533,-0.204501],""pnp_valid"":true,""pnp_camera_xyz"":[0.662219,0.592125,1.210555],""pnp_camera_quat_xyzw"":[-0.038338,-0.004907,-0.090237,0.99517],""pnp_camera_rpy_deg"":[-4.326021,-0.956017,-10.326119],""pnp_reprojection_error_px"":0.034728},{""tag_id"":17,""target_match"":true,""family"":""tag25h9"",""hamming"":0,""decision_margin"":159.532471,""pixel_xy"":[938.378851,328.031082],""world_xy_yaw"":[0.450876,0.964602,0.183293],""pnp_valid"":true,""pnp_camera_xyz"":[0.594353,-0.04803,1.262892],""pnp_camera_quat_xyzw"":[-0.027606,-0.001855,0.091584,0.995413],""pnp_camera_rpy_deg"":[-3.170033,0.078154,10.511384],""pnp_reprojection_error_px"":0.004267}]",1,0.004267,159.532471,81.607319,,0,,0,,
2026-08-12T11:14:30.864325+00:00,6046.147986773,onboard_target_060_static,0,"[0.0,0.0,0.0,0.0]",0,0,0,0,,,,,,,,,,,,,,,,,,,,,,,,,,,,0,,0,,,"[NaN,NaN,NaN]","[NaN,NaN,NaN,NaN]","[NaN,NaN,NaN,NaN,NaN,NaN]",0.001247,22,1,"[16,17]","[0.450863,0.964389,0.18207]","[{""tag_id"":16,""target_match"":true,""family"":""tag25h9"",""hamming"":0,""decision_margin"":155.030884,""pixel_xy"":[979.525822,614.25567],""world_xy_yaw"":[0.520003,0.615408,-0.205949],""pnp_valid"":true,""pnp_camera_xyz"":[0.662059,0.592177,1.210911],""pnp_camera_quat_xyzw"":[-0.038366,-0.004455,-0.090656,0.995133],""pnp_camera_rpy_deg"":[-4.33338,-0.906603,-10.376128],""pnp_reprojection_error_px"":0.053376},{""tag_id"":17,""target_match"":true,""family"":""tag25h9"",""hamming"":0,""decision_margin"":159.4328,""pixel_xy"":[938.370986,328.205837],""world_xy_yaw"":[0.450863,0.964389,0.18207],""pnp_valid"":true,""pnp_camera_xyz"":[0.594053,-0.047622,1.26222],""pnp_camera_quat_xyzw"":[-0.028796,-0.002575,0.090563,0.995471],""pnp_camera_rpy_deg"":[-3.313436,0.005153,10.396249],""pnp_reprojection_error_px"":0.020815}]",1,0.020815,159.4328,84.74249,,0,,0,,
2026-08-12T11:14:30.914810+00:00,6046.198474971,onboard_target_060_static,0,"[0.0,0.0,0.0,0.0]",0,0,0,0,,,,,,,,,,,,,,,,,,,,,,,,,,,,0,,0,,,"[NaN,NaN,NaN]","[NaN,NaN,NaN,NaN]","[NaN,NaN,NaN,NaN,NaN,NaN]",0.001145,24,1,"[16,17]","[0.450922,0.963913,0.17589]","[{""tag_id"":16,""target_match"":true,""family"":""tag25h9"",""hamming"":0,""decision_margin"":158.164459,""pixel_xy"":[979.275613,614.17485],""world_xy_yaw"":[0.519583,0.615507,-0.208022],""pnp_valid"":true,""pnp_camera_xyz"":[0.662385,0.592973,1.212825],""pnp_camera_quat_xyzw"":[-0.038727,-0.002983,-0.090761,0.995115],""pnp_camera_rpy_deg"":[-4.389696,-0.742935,-10.394207],""pnp_reprojection_error_px"":0.125505},{""tag_id"":17,""target_match"":true,""family"":""tag25h9"",""hamming"":0,""decision_margin"":158.970398,""pixel_xy"":[938.405891,328.595664],""world_xy_yaw"":[0.450922,0.963913,0.17589],""pnp_valid"":true,""pnp_camera_xyz"":[0.594329,-0.046706,1.262597],""pnp_camera_quat_xyzw"":[-0.028532,-0.002721,0.087204,0.995778],""pnp_camera_rpy_deg"":[-3.284719,-0.025362,10.010363],""pnp_reprojection_error_px"":0.026791}]",1,0.026791,158.970398,86.62968,,0,,0,,
2026-08-12T11:14:30.965570+00:00,6046.249228989,onboard_target_060_static,0,"[0.0,0.0,0.0,0.0]",0,0,0,0,,,,,,,,,,,,,,,,,,,,,,,,,,,,0,,0,,,"[NaN,NaN,NaN]","[NaN,NaN,NaN,NaN]","[NaN,NaN,NaN,NaN,NaN,NaN]",0.002253,25,1,"[16,17]","[0.451015,0.963624,0.170225]","[{""tag_id"":16,""target_match"":true,""family"":""tag25h9"",""hamming"":0,""decision_margin"":157.825714,""pixel_xy"":[979.152952,614.13398],""world_xy_yaw"":[0.519377,0.615557,-0.209174],""pnp_valid"":true,""pnp_camera_xyz"":[0.663067,0.593832,1.214722],""pnp_camera_quat_xyzw"":[-0.039231,-0.001451,-0.091312,0.995048],""pnp_camera_rpy_deg"":[-4.462872,-0.575971,-10.4638],""pnp_reprojection_error_px"":0.161764},{""tag_id"":17,""target_match"":true,""family"":""tag25h9"",""hamming"":0,""decision_margin"":163.263611,""pixel_xy"":[938.461394,328.8328],""world_xy_yaw"":[0.451015,0.963624,0.170225],""pnp_valid"":true,""pnp_camera_xyz"":[0.594621,-0.046201,1.263079],""pnp_camera_quat_xyzw"":[-0.028222,-0.002547,0.085081,0.995971],""pnp_camera_rpy_deg"":[-3.247515,-0.01549,9.76571],""pnp_reprojection_error_px"":0.009477}]",1,0.009477,163.263611,85.928008,,0,,0,,
2026-08-12T11:14:31.015545+00:00,6046.299203300,onboard_target_060_static,0,"[0.0,0.0,0.0,0.0]",0,0,0,0,,,,,,,,,,,,,,,,,,,,,,,,,,,,0,,0,,,"[NaN,NaN,NaN]","[NaN,NaN,NaN,NaN]","[NaN,NaN,NaN,NaN,NaN,NaN]",0.001540,27,1,"[16,17]","[0.451027,0.963031,0.16596]","[{""tag_id"":16,""target_match"":true,""family"":""tag25h9"",""hamming"":0,""decision_margin"":157.21994,""pixel_xy"":[978.802319,614.069609],""world_xy_yaw"":[0.518788,0.615635,-0.209376],""pnp_valid"":true,""pnp_camera_xyz"":[0.663106,0.594432,1.216227],""pnp_camera_quat_xyzw"":[-0.040711,0.00045,-0.092535,0.994877],""pnp_camera_rpy_deg"":[-4.651165,-0.380425,-10.612324],""pnp_reprojection_error_px"":0.157477},{""tag_id"":17,""target_match"":true,""family"":""tag25h9"",""hamming"":0,""decision_margin"":160.582855,""pixel_xy"":[938.468469,329.319166],""world_xy_yaw"":[0.451027,0.963031,0.16596],""pnp_valid"":true,""pnp_camera_xyz"":[0.594817,-0.045077,1.263283],""pnp_camera_quat_xyzw"":[-0.028692,-0.001963,0.082115,0.996208],""pnp_camera_rpy_deg"":[-3.295731,0.045843,9.422826],""pnp_reprojection_error_px"":0.036314}]",1,0.036314,160.582855,83.102284,,0,,0,,
2026-08-12T11:14:31.064611+00:00,6046.348277848,onboard_target_060_static,0,"[0.0,0.0,0.0,0.0]",0,0,0,0,,,,,,,,,,,,,,,,,,,,,,,,,,,,0,,0,,,"[NaN,NaN,NaN]","[NaN,NaN,NaN,NaN]","[NaN,NaN,NaN,NaN,NaN,NaN]",0.001502,28,1,"[16,17]","[0.45115,0.962701,0.161611]","[{""tag_id"":16,""target_match"":true,""family"":""tag25h9"",""hamming"":0,""decision_margin"":156.146423,""pixel_xy"":[978.57667,614.054166],""world_xy_yaw"":[0.518409,0.615654,-0.210764],""pnp_valid"":true,""pnp_camera_xyz"":[0.660522,0.592318,1.212124],""pnp_camera_quat_xyzw"":[-0.038887,-0.003336,-0.093093,0.994892],""pnp_camera_rpy_deg"":[-4.40252,-0.795137,-10.660719],""pnp_reprojection_error_px"":0.07772},{""tag_id"":17,""target_match"":true,""family"":""tag25h9"",""hamming"":0,""decision_margin"":158.625107,""pixel_xy"":[938.541879,329.589563],""world_xy_yaw"":[0.45115,0.962701,0.161611],""pnp_valid"":true,""pnp_camera_xyz"":[0.594424,-0.044402,1.262233],""pnp_camera_quat_xyzw"":[-0.029021,-0.002725,0.080548,0.996324],""pnp_camera_rpy_deg"":[-3.3404,-0.043276,9.24529],""pnp_reprojection_error_px"":0.007432}]",1,0.007432,158.625107,84.429161,,0,,0,,
2026-08-12T11:14:31.115595+00:00,6046.399253279,onboard_target_060_static,0,"[0.0,0.0,0.0,0.0]",0,0,0,0,,,,,,,,,,,,,,,,,,,,,,,,,,,,0,,0,,,"[NaN,NaN,NaN]","[NaN,NaN,NaN,NaN]","[NaN,NaN,NaN,NaN,NaN,NaN]",0.002274,29,1,"[16,17]","[0.451161,0.96239,0.15895]","[{""tag_id"":16,""target_match"":true,""family"":""tag25h9"",""hamming"":0,""decision_margin"":156.893326,""pixel_xy"":[978.38509,614.011003],""world_xy_yaw"":[0.518087,0.615707,-0.210918],""pnp_valid"":true,""pnp_camera_xyz"":[0.66032,0.592411,1.212472],""pnp_camera_quat_xyzw"":[-0.038967,-0.003482,-0.093484,0.994852],""pnp_camera_rpy_deg"":[-4.40977,-0.814462,-10.705072],""pnp_reprojection_error_px"":0.060893},{""tag_id"":17,""target_match"":true,""family"":""tag25h9"",""hamming"":0,""decision_margin"":158.871902,""pixel_xy"":[938.548429,329.844621],""world_xy_yaw"":[0.451161,0.96239,0.15895],""pnp_valid"":true,""pnp_camera_xyz"":[0.594917,-0.043783,1.263215],""pnp_camera_quat_xyzw"":[-0.027069,-0.002308,0.078986,0.996505],""pnp_camera_rpy_deg"":[-3.113513,-0.018556,9.064432],""pnp_reprojection_error_px"":0.026118}]",1,0.026118,158.871902,82.950737,,0,,0,,
2026-08-12T11:14:31.165586+00:00,6046.449243794,onboard_target_060_static,0,"[0.0,0.0,0.0,0.0]",0,0,0,0,,,,,,,,,,,,,,,,,,,,,,,,,,,,0,,0,,,"[NaN,NaN,NaN]","[NaN,NaN,NaN,NaN]","[NaN,NaN,NaN,NaN,NaN,NaN]",0.001549,31,1,"[16,17]","[0.451164,0.96165,0.151505]","[{""tag_id"":16,""target_match"":true,""family"":""tag25h9"",""hamming"":0,""decision_margin"":155.9608,""pixel_xy"":[978.033657,614.008886],""world_xy_yaw"":[0.517497,0.615709,-0.211719],""pnp_valid"":true,""pnp_camera_xyz"":[0.658845,0.591645,1.211077],""pnp_camera_quat_xyzw"":[-0.038565,-0.004355,-0.094422,0.994775],""pnp_camera_rpy_deg"":[-4.353799,-0.913788,-10.809534],""pnp_reprojection_error_px"":0.027062},{""tag_id"":17,""target_match"":true,""family"":""tag25h9"",""hamming"":0,""decision_margin"":160.943008,""pixel_xy"":[938.550168,330.450764],""world_xy_yaw"":[0.451164,0.96165,0.151505],""pnp_valid"":true,""pnp_camera_xyz"":[0.594871,-0.042441,1.263151],""pnp_camera_quat_xyzw"":[-0.026918,-0.00256,0.075521,0.996778],""pnp_camera_rpy_deg"":[-3.098256,-0.059441,8.667045],""pnp_reprojection_error_px"":0.008414}]",1,0.008414,160.943008,81.440498,,0,,0,,
2026-08-12T11:14:31.214123+00:00,6046.497794622,onboard_target_060_static,0,"[0.0,0.0,0.0,0.0]",0,0,0,0,,,,,,,,,,,,,,,,,,,,,,,,,,,,0,,0,,,"[NaN,NaN,NaN]","[NaN,NaN,NaN,NaN]","[NaN,NaN,NaN,NaN,NaN,NaN]",0.000420,33,1,"[16,17]","[0.451057,0.960988,0.144728]","[{""tag_id"":16,""target_match"":true,""family"":""tag25h9"",""hamming"":0,""decision_margin"":157.889023,""pixel_xy"":[977.678919,613.994051],""world_xy_yaw"":[0.516901,0.615727,-0.211912],""pnp_valid"":true,""pnp_camera_xyz"":[0.65812,0.591636,1.211144],""pnp_camera_quat_xyzw"":[-0.038881,-0.003981,-0.095155,0.994695],""pnp_camera_rpy_deg"":[-4.393208,-0.877798,-10.89523],""pnp_reprojection_error_px"":0.016382},{""tag_id"":17,""target_match"":true,""family"":""tag25h9"",""hamming"":0,""decision_margin"":160.759247,""pixel_xy"":[938.486129,330.993098],""world_xy_yaw"":[0.451057,0.960988,0.144728],""pnp_valid"":true,""pnp_camera_xyz"":[0.595041,-0.041198,1.26377],""pnp_camera_quat_xyzw"":[-0.027251,-0.0034,0.07174,0.997045],""pnp_camera_rpy_deg"":[-3.143009,-0.164399,8.235456],""pnp_reprojection_error_px"":0.017231}]",1,0.017231,160.759247,84.020384,,0,,0,,
2026-08-12T11:14:31.265575+00:00,6046.549233635,onboard_target_060_static,0,"[0.0,0.0,0.0,0.0]",0,0,0,0,,,,,,,,,,,,,,,,,,,,,,,,,,,,0,,0,,,"[NaN,NaN,NaN]","[NaN,NaN,NaN,NaN]","[NaN,NaN,NaN,NaN,NaN,NaN]",0.002259,34,1,"[16,17]","[0.451038,0.960681,0.139699]","[{""tag_id"":16,""target_match"":true,""family"":""tag25h9"",""hamming"":0,""decision_margin"":156.617737,""pixel_xy"":[977.528562,613.979157],""world_xy_yaw"":[0.516648,0.615745,-0.214414],""pnp_valid"":true,""pnp_camera_xyz"":[0.657521,0.591416,1.210748],""pnp_camera_quat_xyzw"":[-0.038743,-0.004348,-0.095686,0.994648],""pnp_camera_rpy_deg"":[-4.372942,-0.920371,-10.954832],""pnp_reprojection_error_px"":0.0276},{""tag_id"":17,""target_match"":true,""family"":""tag25h9"",""hamming"":0,""decision_margin"":162.48764,""pixel_xy"":[938.475222,331.244934],""world_xy_yaw"":[0.451038,0.960681,0.139699],""pnp_valid"":true,""pnp_camera_xyz"":[0.595114,-0.040603,1.26407],""pnp_camera_quat_xyzw"":[-0.027367,-0.00321,0.069664,0.99719],""pnp_camera_rpy_deg"":[-3.154447,-0.148357,7.99653],""pnp_reprojection_error_px"":0.003842}]",1,0.003842,162.48764,85.863233,,0,,0,,
2026-08-12T11:14:31.314361+00:00,6046.598029210,onboard_target_060_static,0,"[0.0,0.0,0.0,0.0]",0,0,0,0,,,,,,,,,,,,,,,,,,,,,,,,,,,,0,,0,,,"[NaN,NaN,NaN]","[NaN,NaN,NaN,NaN]","[NaN,NaN,NaN,NaN,NaN,NaN]",0.001340,35,1,"[16,17]","[0.450967,0.960363,0.135256]","[{""tag_id"":16,""target_match"":true,""family"":""tag25h9"",""hamming"":0,""decision_margin"":158.342972,""pixel_xy"":[977.373228,613.984651],""world_xy_yaw"":[0.516387,0.615739,-0.214043],""pnp_valid"":true,""pnp_camera_xyz"":[0.657761,0.591944,1.21183],""pnp_camera_quat_xyzw"":[-0.039448,-0.003509,-0.096012,0.994592],""pnp_camera_rpy_deg"":[-4.462291,-0.834011,-10.995323],""pnp_reprojection_error_px"":0.02809},{""tag_id"":17,""target_match"":true,""family"":""tag25h9"",""hamming"":0,""decision_margin"":160.205917,""pixel_xy"":[938.432772,331.50542],""world_xy_yaw"":[0.450967,0.960363,0.135256],""pnp_valid"":true,""pnp_camera_xyz"":[0.595129,-0.040053,1.264328],""pnp_camera_quat_xyzw"":[-0.026841,-0.003135,0.067587,0.997347],""pnp_camera_rpy_deg"":[-3.093354,-0.150433,7.757672],""pnp_reprojection_error_px"":0.01833}]",1,0.01833,160.205917,84.85312,,0,,0,,
2026-08-12T11:14:31.365642+00:00,6046.649300033,onboard_target_060_static,0,"[0.0,0.0,0.0,0.0]",0,0,0,0,,,,,,,,,,,,,,,,,,,,,,,,,,,,0,,0,,,"[NaN,NaN,NaN]","[NaN,NaN,NaN,NaN]","[NaN,NaN,NaN,NaN,NaN,NaN]",0.001556,37,1,"[16,17]","[0.450808,0.959836,0.126972]","[{""tag_id"":16,""target_match"":true,""family"":""tag25h9"",""hamming"":0,""decision_margin"":156.390244,""pixel_xy"":[977.046169,613.983902],""world_xy_yaw"":[0.515838,0.61574,-0.214883],""pnp_valid"":true,""pnp_camera_xyz"":[0.65653,0.591526,1.210923],""pnp_camera_quat_xyzw"":[-0.038743,-0.003248,-0.096534,0.99457],""pnp_camera_rpy_deg"":[-4.384341,-0.798738,-11.057081],""pnp_reprojection_error_px"":0.024999},{""tag_id"":17,""target_match"":true,""family"":""tag25h9"",""hamming"":0,""decision_margin"":157.575256,""pixel_xy"":[938.338295,331.937425],""world_xy_yaw"":[0.450808,0.959836,0.126972],""pnp_valid"":true,""pnp_camera_xyz"":[0.594651,-0.038979,1.26375],""pnp_camera_quat_xyzw"":[-0.024267,-0.004219,0.063131,0.997701],""pnp_camera_rpy_deg"":[-2.806042,-0.306855,7.248761],""pnp_reprojection_error_px"":0.005151}]",1,0.005151,157.575256,85.687944,,0,,0,,
2026-08-12T11:14:31.414147+00:00,6046.697817194,onboard_target_060_static,0,"[0.0,0.0,0.0,0.0]",0,0,0,0,,,,,,,,,,,,,,,,,,,,,,,,,,,,0,,0,,,"[NaN,NaN,NaN]","[NaN,NaN,NaN,NaN]","[NaN,NaN,NaN,NaN,NaN,NaN]",0.001187,38,1,"[16,17]","[0.45074,0.959533,0.12268]","[{""tag_id"":16,""target_match"":true,""family"":""tag25h9"",""hamming"":0,""decision_margin"":159.955811,""pixel_xy"":[976.867414,614.018796],""world_xy_yaw"":[0.515537,0.615697,-0.214171],""pnp_valid"":true,""pnp_camera_xyz"":[0.656393,0.591763,1.21135],""pnp_camera_quat_xyzw"":[-0.038909,-0.002526,-0.09708,0.994513],""pnp_camera_rpy_deg"":[-4.410818,-0.720715,-11.122839],""pnp_reprojection_error_px"":0.022549},{""tag_id"":17,""target_match"":true,""family"":""tag25h9"",""hamming"":0,""decision_margin"":162.65004,""pixel_xy"":[938.297419,332.185747],""world_xy_yaw"":[0.45074,0.959533,0.12268],""pnp_valid"":true,""pnp_camera_xyz"":[0.594662,-0.038456,1.264008],""pnp_camera_quat_xyzw"":[-0.023779,-0.003825,0.061234,0.997833],""pnp_camera_rpy_deg"":[-2.746873,-0.270506,7.029826],""pnp_reprojection_error_px"":0.01638}]",1,0.01638,162.65004,86.887146,,0,,0,,
2026-08-12T11:14:31.465582+00:00,6046.749239902,onboard_target_060_static,0,"[0.0,0.0,0.0,0.0]",0,0,0,0,,,,,,,,,,,,,,,,,,,,,,,,,,,,0,,0,,,"[NaN,NaN,NaN]","[NaN,NaN,NaN,NaN]","[NaN,NaN,NaN,NaN,NaN,NaN]",0.001555,40,1,"[16,17]","[0.45055,0.958992,0.112275]","[{""tag_id"":16,""target_match"":true,""family"":""tag25h9"",""hamming"":0,""decision_margin"":153.565033,""pixel_xy"":[976.555254,614.016133],""world_xy_yaw"":[0.515013,0.6157,-0.215606],""pnp_valid"":true,""pnp_camera_xyz"":[0.655687,0.591807,1.211321],""pnp_camera_quat_xyzw"":[-0.039166,-0.002349,-0.097862,0.994426],""pnp_camera_rpy_deg"":[-4.441474,-0.70695,-11.213356],""pnp_reprojection_error_px"":0.009509},{""tag_id"":17,""target_match"":true,""family"":""tag25h9"",""hamming"":0,""decision_margin"":157.363571,""pixel_xy"":[938.184329,332.629482],""world_xy_yaw"":[0.45055,0.958992,0.112275],""pnp_valid"":true,""pnp_camera_xyz"":[0.594084,-0.037362,1.263397],""pnp_camera_quat_xyzw"":[-0.022639,-0.003901,0.056266,0.998152],""pnp_camera_rpy_deg"":[-2.615555,-0.30026,6.459522],""pnp_reprojection_error_px"":0.019953}]",1,0.019953,157.363571,84.843876,,0,,0,,
2026-08-12T11:14:31.514310+00:00,6046.797981600,onboard_target_060_static,0,"[0.0,0.0,0.0,0.0]",0,0,0,0,,,,,,,,,,,,,,,,,,,,,,,,,,,,0,,0,,,"[NaN,NaN,NaN]","[NaN,NaN,NaN,NaN]","[NaN,NaN,NaN,NaN,NaN,NaN]",0.001118,41,1,"[16,17]","[0.450418,0.958723,0.109418]","[{""tag_id"":16,""target_match"":true,""family"":""tag25h9"",""hamming"":0,""decision_margin"":154.872284,""pixel_xy"":[976.40764,614.038664],""world_xy_yaw"":[0.514765,0.615673,-0.215934],""pnp_valid"":true,""pnp_camera_xyz"":[0.655673,0.592146,1.211925],""pnp_camera_quat_xyzw"":[-0.039652,-0.001685,-0.098297,0.994365],""pnp_camera_rpy_deg"":[-4.504119,-0.638706,-11.266041],""pnp_reprojection_error_px"":0.010422},{""tag_id"":17,""target_match"":true,""family"":""tag25h9"",""hamming"":0,""decision_margin"":157.584885,""pixel_xy"":[938.105876,332.850088],""world_xy_yaw"":[0.450418,0.958723,0.109418],""pnp_valid"":true,""pnp_camera_xyz"":[0.593337,-0.036791,1.262136],""pnp_camera_quat_xyzw"":[-0.024436,-0.005924,0.054381,0.998204],""pnp_camera_rpy_deg"":[-2.833368,-0.525326,6.249687],""pnp_reprojection_error_px"":0.016143}]",1,0.016143,157.584885,83.950728,,0,,0,,
2026-08-12T11:14:31.565459+00:00,6046.849121219,onboard_target_060_static,0,"[0.0,0.0,0.0,0.0]",0,0,0,0,,,,,,,,,,,,,,,,,,,,,,,,,,,,0,,0,,,"[NaN,NaN,NaN]","[NaN,NaN,NaN,NaN]","[NaN,NaN,NaN,NaN,NaN,NaN]",0.001422,43,1,"[16,17]","[0.450114,0.958152,0.10024]","[{""tag_id"":16,""target_match"":true,""family"":""tag25h9"",""hamming"":0,""decision_margin"":156.884796,""pixel_xy"":[976.141733,614.065624],""world_xy_yaw"":[0.514318,0.61564,-0.216221],""pnp_valid"":true,""pnp_camera_xyz"":[0.654765,0.5919,1.211286],""pnp_camera_quat_xyzw"":[-0.039064,-0.001751,-0.098813,0.994337],""pnp_camera_rpy_deg"":[-4.435974,-0.641833,-11.325501],""pnp_reprojection_error_px"":0.015184},{""tag_id"":17,""target_match"":true,""family"":""tag25h9"",""hamming"":0,""decision_margin"":157.808701,""pixel_xy"":[937.924916,333.317839],""world_xy_yaw"":[0.450114,0.958152,0.10024],""pnp_valid"":true,""pnp_camera_xyz"":[0.593036,-0.035744,1.262261],""pnp_camera_quat_xyzw"":[-0.02542,-0.005503,0.049213,0.99845],""pnp_camera_rpy_deg"":[-2.940795,-0.486231,5.6561],""pnp_reprojection_error_px"":0.017614}]",1,0.017614,157.808701,82.206203,,0,,0,,
2026-08-12T11:14:31.615153+00:00,6046.898827250,onboard_target_060_static,0,"[0.0,0.0,0.0,0.0]",0,0,0,0,,,,,,,,,,,,,,,,,,,,,,,,,,,,0,,0,,,"[NaN,NaN,NaN]","[NaN,NaN,NaN,NaN]","[NaN,NaN,NaN,NaN,NaN,NaN]",0.001927,44,1,"[16,17]","[0.449992,0.957914,0.094371]","[{""tag_id"":16,""target_match"":true,""family"":""tag25h9"",""hamming"":0,""decision_margin"":154.948883,""pixel_xy"":[976.033197,614.085192],""world_xy_yaw"":[0.514136,0.615616,-0.218089],""pnp_valid"":true,""pnp_camera_xyz"":[0.654173,0.591623,1.210693],""pnp_camera_quat_xyzw"":[-0.03846,-0.00187,-0.099484,0.994294],""pnp_camera_rpy_deg"":[-4.365272,-0.651544,-11.402631],""pnp_reprojection_error_px"":0.002577},{""tag_id"":17,""target_match"":true,""family"":""tag25h9"",""hamming"":0,""decision_margin"":156.645248,""pixel_xy"":[937.85243,333.513489],""world_xy_yaw"":[0.449992,0.957914,0.094371],""pnp_valid"":true,""pnp_camera_xyz"":[0.592452,-0.035208,1.261461],""pnp_camera_quat_xyzw"":[-0.026585,-0.005826,0.046649,0.998541],""pnp_camera_rpy_deg"":[-3.074724,-0.524537,5.363558],""pnp_reprojection_error_px"":0.025283}]",1,0.025283,156.645248,80.941041,,0,,0,,
2026-08-12T11:14:31.665590+00:00,6046.949247078,onboard_target_060_static,0,"[0.0,0.0,0.0,0.0]",0,0,0,0,,,,,,,,,,,,,,,,,,,,,,,,,,,,0,,0,,,"[NaN,NaN,NaN]","[NaN,NaN,NaN,NaN]","[NaN,NaN,NaN,NaN,NaN,NaN]",0.001549,46,1,"[16,17]","[0.513831,0.615572,-0.219631]","[{""tag_id"":16,""target_match"":true,""family"":""tag25h9"",""hamming"":0,""decision_margin"":155.972137,""pixel_xy"":[975.851951,614.121645],""world_xy_yaw"":[0.513831,0.615572,-0.219631],""pnp_valid"":true,""pnp_camera_xyz"":[0.654171,0.592077,1.211516],""pnp_camera_quat_xyzw"":[-0.03945,-0.001123,-0.100269,0.994177],""pnp_camera_rpy_deg"":[-4.486264,-0.5812,-11.495579],""pnp_reprojection_error_px"":0.023351},{""tag_id"":17,""target_match"":true,""family"":""tag25h9"",""hamming"":0,""decision_margin"":155.74588,""pixel_xy"":[937.595986,333.968951],""world_xy_yaw"":[0.449561,0.957358,0.081833],""pnp_valid"":true,""pnp_camera_xyz"":[0.592099,-0.034165,1.261849],""pnp_camera_quat_xyzw"":[-0.026377,-0.004785,0.039824,0.998847],""pnp_camera_rpy_deg"":[-3.042499,-0.427308,4.577687],""pnp_reprojection_error_px"":0.034321}]",1,0.023351,155.972137,80.537494,,0,,0,,
2026-08-12T11:14:31.714265+00:00,6046.997936089,onboard_target_060_static,0,"[0.0,0.0,0.0,0.0]",0,0,0,0,,,,,,,,,,,,,,,,,,,,,,,,,,,,0,,0,,,"[NaN,NaN,NaN]","[NaN,NaN,NaN,NaN]","[NaN,NaN,NaN,NaN,NaN,NaN]",0.000607,48,1,"[16,17]","[0.449114,0.956814,0.068228]","[{""tag_id"":16,""target_match"":true,""family"":""tag25h9"",""hamming"":0,""decision_margin"":156.628372,""pixel_xy"":[975.688938,614.144443],""world_xy_yaw"":[0.513557,0.615544,-0.220157],""pnp_valid"":true,""pnp_camera_xyz"":[0.654054,0.592344,1.211946],""pnp_camera_quat_xyzw"":[-0.039679,-0.000332,-0.101145,0.99408],""pnp_camera_rpy_deg"":[-4.520965,-0.497716,-11.599737],""pnp_reprojection_error_px"":0.014375},{""tag_id"":17,""target_match"":true,""family"":""tag25h9"",""hamming"":0,""decision_margin"":159.608856,""pixel_xy"":[937.329806,334.415149],""world_xy_yaw"":[0.449114,0.956814,0.068228],""pnp_valid"":true,""pnp_camera_xyz"":[0.59125,-0.033169,1.261456],""pnp_camera_quat_xyzw"":[-0.029482,-0.004379,0.033588,0.998991],""pnp_camera_rpy_deg"":[-3.393845,-0.387827,3.862788],""pnp_reprojection_error_px"":0.004093}]",1,0.004093,159.608856,81.933222,,0,,0,,
2026-08-12T11:14:31.765605+00:00,6047.049262814,onboard_target_060_static,0,"[0.0,0.0,0.0,0.0]",0,0,0,0,,,,,,,,,,,,,,,,,,,,,,,,,,,,0,,0,,,"[NaN,NaN,NaN]","[NaN,NaN,NaN,NaN]","[NaN,NaN,NaN,NaN,NaN,NaN]",0.002268,49,1,"[16,17]","[0.448814,0.956583,0.06218]","[{""tag_id"":16,""target_match"":true,""family"":""tag25h9"",""hamming"":0,""decision_margin"":157.832352,""pixel_xy"":[975.623249,614.151764],""world_xy_yaw"":[0.513447,0.615535,-0.221688],""pnp_valid"":true,""pnp_camera_xyz"":[0.653441,0.591934,1.21107],""pnp_camera_quat_xyzw"":[-0.03873,-0.000857,-0.101732,0.994057],""pnp_camera_rpy_deg"":[-4.406252,-0.549174,-11.665469],""pnp_reprojection_error_px"":0.010663},{""tag_id"":17,""target_match"":true,""family"":""tag25h9"",""hamming"":0,""decision_margin"":158.196289,""pixel_xy"":[937.151267,334.6037],""world_xy_yaw"":[0.448814,0.956583,0.06218],""pnp_valid"":true,""pnp_camera_xyz"":[0.59103,-0.032717,1.261817],""pnp_camera_quat_xyzw"":[-0.030498,-0.003691,0.030331,0.999068],""pnp_camera_rpy_deg"":[-3.506577,-0.316534,3.487511],""pnp_reprojection_error_px"":0.018249}]",1,0.018249,158.196289,85.492919,,0,,0,,
2026-08-12T11:14:31.814665+00:00,6047.098331402,onboard_target_060_static,0,"[0.0,0.0,0.0,0.0]",0,0,0,0,,,,,,,,,,,,,,,,,,,,,,,,,,,,0,,0,,,"[NaN,NaN,NaN]","[NaN,NaN,NaN,NaN]","[NaN,NaN,NaN,NaN,NaN,NaN]",0.001523,50,1,"[16,17]","[0.513398,0.615524,-0.22292]","[{""tag_id"":16,""target_match"":true,""family"":""tag25h9"",""hamming"":0,""decision_margin"":157.274857,""pixel_xy"":[975.594307,614.160988],""world_xy_yaw"":[0.513398,0.615524,-0.22292],""pnp_valid"":true,""pnp_camera_xyz"":[0.653564,0.592165,1.211489],""pnp_camera_quat_xyzw"":[-0.039259,-0.000873,-0.101873,0.994022],""pnp_camera_rpy_deg"":[-4.46644,-0.557783,-11.681369],""pnp_reprojection_error_px"":0.0265},{""tag_id"":17,""target_match"":true,""family"":""tag25h9"",""hamming"":0,""decision_margin"":157.246445,""pixel_xy"":[936.96501,334.749308],""world_xy_yaw"":[0.448501,0.956406,0.054749],""pnp_valid"":true,""pnp_camera_xyz"":[0.589761,-0.032309,1.260136],""pnp_camera_quat_xyzw"":[-0.034198,-0.00493,0.027094,0.999036],""pnp_camera_rpy_deg"":[-3.933572,-0.458197,3.12267],""pnp_reprojection_error_px"":0.027261}]",1,0.0265,157.274857,84.114227,,0,,0,,
2026-08-12T11:14:31.865620+00:00,6047.149277432,onboard_target_060_static,0,"[0.0,0.0,0.0,0.0]",0,0,0,0,,,,,,,,,,,,,,,,,,,,,,,,,,,,0,,0,,,"[NaN,NaN,NaN]","[NaN,NaN,NaN,NaN]","[NaN,NaN,NaN,NaN,NaN,NaN]",0.001553,52,1,"[16,17]","[0.447719,0.955998,0.040145]","[{""tag_id"":16,""target_match"":true,""family"":""tag25h9"",""hamming"":0,""decision_margin"":154.831482,""pixel_xy"":[975.512559,614.190216],""world_xy_yaw"":[0.513261,0.615488,-0.2246],""pnp_valid"":true,""pnp_camera_xyz"":[0.653377,0.592224,1.211512],""pnp_camera_quat_xyzw"":[-0.039448,-0.000576,-0.102737,0.993926],""pnp_camera_rpy_deg"":[-4.490914,-0.529975,-11.78203],""pnp_reprojection_error_px"":0.034587},{""tag_id"":17,""target_match"":true,""family"":""tag25h9"",""hamming"":0,""decision_margin"":160.107346,""pixel_xy"":[936.49935,335.083485],""world_xy_yaw"":[0.447719,0.955998,0.040145],""pnp_valid"":true,""pnp_camera_xyz"":[0.590114,-0.0317,1.263144],""pnp_camera_quat_xyzw"":[-0.025139,-0.002807,0.019667,0.999487],""pnp_camera_rpy_deg"":[-2.886858,-0.264787,2.261231],""pnp_reprojection_error_px"":0.013821}]",1,0.013821,160.107346,81.663835,,0,,0,,
2026-08-12T11:14:31.914487+00:00,6047.198155284,onboard_target_060_static,0,"[0.0,0.0,0.0,0.0]",0,0,0,0,,,,,,,,,,,,,,,,,,,,,,,,,,,,0,,0,,,"[NaN,NaN,NaN]","[NaN,NaN,NaN,NaN]","[NaN,NaN,NaN,NaN,NaN,NaN]",0.000362,54,1,"[16,17]","[0.513157,0.615476,-0.225654]","[{""tag_id"":16,""target_match"":true,""family"":""tag25h9"",""hamming"":0,""decision_margin"":157.928238,""pixel_xy"":[975.450856,614.200306],""world_xy_yaw"":[0.513157,0.615476,-0.225654],""pnp_valid"":true,""pnp_camera_xyz"":[0.65415,0.593153,1.2133],""pnp_camera_quat_xyzw"":[-0.040596,0.001751,-0.103876,0.99376],""pnp_camera_rpy_deg"":[-4.648879,-0.283846,-11.923158],""pnp_reprojection_error_px"":0.057347},{""tag_id"":17,""target_match"":true,""family"":""tag25h9"",""hamming"":0,""decision_margin"":156.674042,""pixel_xy"":[936.039486,335.195804],""world_xy_yaw"":[0.446946,0.955861,0.023024],""pnp_valid"":true,""pnp_camera_xyz"":[0.588473,-0.031375,1.261986],""pnp_camera_quat_xyzw"":[-0.030829,-0.005453,0.011401,0.999445],""pnp_camera_rpy_deg"":[-3.540308,-0.5843,1.325221],""pnp_reprojection_error_px"":0.017654}]",1,0.057347,157.928238,83.235801,,0,,0,,
2026-08-12T11:14:31.965583+00:00,6047.249242190,onboard_target_060_static,0,"[0.0,0.0,0.0,0.0]",0,0,0,0,,,,,,,,,,,,,,,,,,,,,,,,,,,,0,,0,,,"[NaN,NaN,NaN]","[NaN,NaN,NaN,NaN]","[NaN,NaN,NaN,NaN,NaN,NaN]",0.002270,55,1,"[16,17]","[0.513089,0.615448,-0.227238]","[{""tag_id"":16,""target_match"":true,""family"":""tag25h9"",""hamming"":0,""decision_margin"":157.897552,""pixel_xy"":[975.410267,614.223344],""world_xy_yaw"":[0.513089,0.615448,-0.227238],""pnp_valid"":true,""pnp_camera_xyz"":[0.653358,0.592555,1.211974],""pnp_camera_quat_xyzw"":[-0.039614,0.000786,-0.104312,0.993755],""pnp_camera_rpy_deg"":[-4.525247,-0.383991,-11.969301],""pnp_reprojection_error_px"":0.051014},{""tag_id"":17,""target_match"":true,""family"":""tag25h9"",""hamming"":0,""decision_margin"":157.458328,""pixel_xy"":[935.771046,335.20273],""world_xy_yaw"":[0.446495,0.955853,0.017056],""pnp_valid"":true,""pnp_camera_xyz"":[0.588247,-0.031352,1.262627],""pnp_camera_quat_xyzw"":[-0.028812,-0.004788,0.007424,0.999546],""pnp_camera_rpy_deg"":[-3.306171,-0.523885,0.866173],""pnp_reprojection_error_px"":0.026144}]",1,0.051014,157.897552,83.898418,,0,,0,,
2026-08-12T11:14:32.014118+00:00,6047.297788023,onboard_target_060_static,0,"[0.0,0.0,0.0,0.0]",0,0,0,0,,,,,,,,,,,,,,,,,,,,,,,,,,,,0,,0,,,"[NaN,NaN,NaN]","[NaN,NaN,NaN,NaN]","[NaN,NaN,NaN,NaN,NaN,NaN]",0.000766,57,1,"[16,17]","[0.445696,0.95587,0.001304]","[{""tag_id"":16,""target_match"":true,""family"":""tag25h9"",""hamming"":0,""decision_margin"":156.696518,""pixel_xy"":[975.351266,614.229766],""world_xy_yaw"":[0.51299,0.61544,-0.22912],""pnp_valid"":true,""pnp_camera_xyz"":[0.653595,0.592976,1.212738],""pnp_camera_quat_xyzw"":[-0.040126,0.001439,-0.105041,0.993657],""pnp_camera_rpy_deg"":[-4.591204,-0.319116,-12.055986],""pnp_reprojection_error_px"":0.072943},{""tag_id"":17,""target_match"":true,""family"":""tag25h9"",""hamming"":0,""decision_margin"":158.718262,""pixel_xy"":[935.295006,335.18877],""world_xy_yaw"":[0.445696,0.95587,0.001304],""pnp_valid"":true,""pnp_camera_xyz"":[0.585865,-0.031305,1.259932],""pnp_camera_quat_xyzw"":[-0.031532,-0.007606,-0.000211,0.999474],""pnp_camera_rpy_deg"":[-3.614038,-0.871938,0.003306],""pnp_reprojection_error_px"":0.02047}]",1,0.02047,158.718262,84.134272,,0,,0,,
2026-08-12T11:14:32.065594+00:00,6047.349251753,onboard_target_060_static,0,"[0.0,0.0,0.0,0.0]",0,0,0,0,,,,,,,,,,,,,,,,,,,,,,,,,,,,0,,0,,,"[NaN,NaN,NaN]","[NaN,NaN,NaN,NaN]","[NaN,NaN,NaN,NaN,NaN,NaN]",0.002271,58,1,"[16,17]","[0.445438,0.955976,-0.010557]","[{""tag_id"":16,""target_match"":true,""family"":""tag25h9"",""hamming"":0,""decision_margin"":155.117538,""pixel_xy"":[975.306605,614.251715],""world_xy_yaw"":[0.512915,0.615413,-0.23057],""pnp_valid"":true,""pnp_camera_xyz"":[0.653305,0.592851,1.212371],""pnp_camera_quat_xyzw"":[-0.039904,0.00063,-0.105377,0.993631],""pnp_camera_rpy_deg"":[-4.556042,-0.410149,-12.091168],""pnp_reprojection_error_px"":0.06991},{""tag_id"":17,""target_match"":true,""family"":""tag25h9"",""hamming"":0,""decision_margin"":158.059479,""pixel_xy"":[935.141687,335.101284],""world_xy_yaw"":[0.445438,0.955976,-0.010557],""pnp_valid"":true,""pnp_camera_xyz"":[0.586578,-0.031512,1.262606],""pnp_camera_quat_xyzw"":[-0.029757,-0.006634,-0.00416,0.999526],""pnp_camera_rpy_deg"":[-3.407469,-0.774016,-0.453888],""pnp_reprojection_error_px"":0.079299}]",1,0.079299,158.059479,85.512547,,0,,0,,
2026-08-12T11:14:32.114204+00:00,6047.397873286,onboard_target_060_static,0,"[0.0,0.0,0.0,0.0]",0,0,0,0,,,,,,,,,,,,,,,,,,,,,,,,,,,,0,,0,,,"[NaN,NaN,NaN]","[NaN,NaN,NaN,NaN]","[NaN,NaN,NaN,NaN,NaN,NaN]",0.001176,59,1,"[16,17]","[0.512865,0.615388,-0.231689]","[{""tag_id"":16,""target_match"":true,""family"":""tag25h9"",""hamming"":0,""decision_margin"":159.490692,""pixel_xy"":[975.276613,614.272164],""world_xy_yaw"":[0.512865,0.615388,-0.231689],""pnp_valid"":true,""pnp_camera_xyz"":[0.653141,0.592832,1.212317],""pnp_camera_quat_xyzw"":[-0.039582,0.001381,-0.10576,0.993603],""pnp_camera_rpy_deg"":[-4.528278,-0.322428,-12.138684],""pnp_reprojection_error_px"":0.097646},{""tag_id"":17,""target_match"":true,""family"":""tag25h9"",""hamming"":0,""decision_margin"":154.795425,""pixel_xy"":[934.888132,335.090392],""world_xy_yaw"":[0.445012,0.95599,-0.014152],""pnp_valid"":true,""pnp_camera_xyz"":[0.585715,-0.03163,1.261862],""pnp_camera_quat_xyzw"":[-0.032853,-0.007459,-0.006777,0.999409],""pnp_camera_rpy_deg"":[-3.759839,-0.879785,-0.748162],""pnp_reprojection_error_px"":0.036299}]",1,0.097646,159.490692,84.754199,,0,,0,,
2026-08-12T11:14:32.164680+00:00,6047.448345769,onboard_target_060_static,0,"[0.0,0.0,0.0,0.0]",0,0,0,0,,,,,,,,,,,,,,,,,,,,,,,,,,,,0,,0,,,"[NaN,NaN,NaN]","[NaN,NaN,NaN,NaN]","[NaN,NaN,NaN,NaN,NaN,NaN]",0.001092,61,1,"[16,17]","[0.44439,0.956191,-0.027547]","[{""tag_id"":16,""target_match"":true,""family"":""tag25h9"",""hamming"":0,""decision_margin"":153.963242,""pixel_xy"":[975.164538,614.295243],""world_xy_yaw"":[0.512676,0.61536,-0.234046],""pnp_valid"":true,""pnp_camera_xyz"":[0.652851,0.592836,1.212235],""pnp_camera_quat_xyzw"":[-0.039634,0.000597,-0.106558,0.993516],""pnp_camera_rpy_deg"":[-4.524348,-0.415941,-12.227102],""pnp_reprojection_error_px"":0.094273},{""tag_id"":17,""target_match"":true,""family"":""tag25h9"",""hamming"":0,""decision_margin"":157.570496,""pixel_xy"":[934.517781,334.925004],""world_xy_yaw"":[0.44439,0.956191,-0.027547],""pnp_valid"":true,""pnp_camera_xyz"":[0.585272,-0.032004,1.262809],""pnp_camera_quat_xyzw"":[-0.031853,-0.00652,-0.013134,0.999385],""pnp_camera_rpy_deg"":[-3.640781,-0.794664,-1.480612],""pnp_reprojection_error_px"":0.049089}]",1,0.049089,157.570496,83.178226,,0,,0,,
2026-08-12T11:14:32.215336+00:00,6047.498988323,onboard_target_060_static,0,"[0.0,0.0,0.0,0.0]",0,0,0,0,,,,,,,,,,,,,,,,,,,,,,,,,,,,0,,0,,,"[NaN,NaN,NaN]","[NaN,NaN,NaN,NaN]","[NaN,NaN,NaN,NaN,NaN,NaN]",0.002063,62,1,"[16,17]","[0.444031,0.956343,-0.033813]","[{""tag_id"":16,""target_match"":true,""family"":""tag25h9"",""hamming"":0,""decision_margin"":153.861496,""pixel_xy"":[975.110343,614.283687],""world_xy_yaw"":[0.512585,0.615374,-0.235182],""pnp_valid"":true,""pnp_camera_xyz"":[0.652997,0.593097,1.21276],""pnp_camera_quat_xyzw"":[-0.039668,0.000757,-0.106969,0.99347],""pnp_camera_rpy_deg"":[-4.530084,-0.400097,-12.275126],""pnp_reprojection_error_px"":0.102481},{""tag_id"":17,""target_match"":true,""family"":""tag25h9"",""hamming"":0,""decision_margin"":156.934158,""pixel_xy"":[934.303916,334.800872],""world_xy_yaw"":[0.444031,0.956343,-0.033813],""pnp_valid"":true,""pnp_camera_xyz"":[0.585012,-0.032248,1.263075],""pnp_camera_quat_xyzw"":[-0.028993,-0.005681,-0.017395,0.999412],""pnp_camera_rpy_deg"":[-3.311191,-0.708433,-1.973806],""pnp_reprojection_error_px"":0.033284}]",1,0.033284,156.934158,81.654942,,0,,0,,
2026-08-12T11:14:32.265082+00:00,6047.548746967,onboard_target_060_static,0,"[0.0,0.0,0.0,0.0]",0,0,0,0,,,,,,,,,,,,,,,,,,,,,,,,,,,,0,,0,,,"[NaN,NaN,NaN]","[NaN,NaN,NaN,NaN]","[NaN,NaN,NaN,NaN,NaN,NaN]",0.001055,64,1,"[16,17]","[0.443556,0.956518,-0.046929]","[{""tag_id"":16,""target_match"":true,""family"":""tag25h9"",""hamming"":0,""decision_margin"":152.911316,""pixel_xy"":[974.990128,614.271579],""world_xy_yaw"":[0.512383,0.615389,-0.237061],""pnp_valid"":true,""pnp_camera_xyz"":[0.652883,0.593223,1.213101],""pnp_camera_quat_xyzw"":[-0.040368,0.001205,-0.107863,0.993345],""pnp_camera_rpy_deg"":[-4.615083,-0.36175,-12.379811],""pnp_reprojection_error_px"":0.113682},{""tag_id"":17,""target_match"":true,""family"":""tag25h9"",""hamming"":0,""decision_margin"":156.853531,""pixel_xy"":[934.021721,334.657306],""world_xy_yaw"":[0.443556,0.956518,-0.046929],""pnp_valid"":true,""pnp_camera_xyz"":[0.584577,-0.03267,1.263502],""pnp_camera_quat_xyzw"":[-0.027542,-0.00528,-0.024199,0.999314],""pnp_camera_rpy_deg"":[-3.141056,-0.681055,-2.755704],""pnp_reprojection_error_px"":0.008035}]",1,0.008035,156.853531,80.109048,,0,,0,,
2026-08-12T11:14:32.315024+00:00,6047.598695368,onboard_target_060_static,0,"[0.0,0.0,0.0,0.0]",0,0,0,0,,,,,,,,,,,,,,,,,,,,,,,,,,,,0,,0,,,"[NaN,NaN,NaN]","[NaN,NaN,NaN,NaN]","[NaN,NaN,NaN,NaN,NaN,NaN]",0.001677,65,1,"[16,17]","[0.443299,0.95663,-0.051049]","[{""tag_id"":16,""target_match"":true,""family"":""tag25h9"",""hamming"":0,""decision_margin"":152.95401,""pixel_xy"":[974.937681,614.243961],""world_xy_yaw"":[0.512295,0.615422,-0.237581],""pnp_valid"":true,""pnp_camera_xyz"":[0.652949,0.593343,1.213471],""pnp_camera_quat_xyzw"":[-0.040531,0.001098,-0.107894,0.993335],""pnp_camera_rpy_deg"":[-4.632222,-0.376137,-12.382886],""pnp_reprojection_error_px"":0.120245},{""tag_id"":17,""target_match"":true,""family"":""tag25h9"",""hamming"":0,""decision_margin"":158.707504,""pixel_xy"":[933.868322,334.565956],""world_xy_yaw"":[0.443299,0.95663,-0.051049],""pnp_valid"":true,""pnp_camera_xyz"":[0.584259,-0.032848,1.26349],""pnp_camera_quat_xyzw"":[-0.029083,-0.004625,-0.026695,0.99921],""pnp_camera_rpy_deg"":[-3.317965,-0.618583,-3.042766],""pnp_reprojection_error_px"":0.030259}]",1,0.030259,158.707504,81.192875,,0,,0,,
2026-08-12T11:14:32.364649+00:00,6047.648315041,onboard_target_060_static,0,"[0.0,0.0,0.0,0.0]",0,0,0,0,,,,,,,,,,,,,,,,,,,,,,,,,,,,0,,0,,,"[NaN,NaN,NaN]","[NaN,NaN,NaN,NaN]","[NaN,NaN,NaN,NaN,NaN,NaN]",0.001022,67,1,"[16,17]","[0.442874,0.956777,-0.061071]","[{""tag_id"":16,""target_match"":true,""family"":""tag25h9"",""hamming"":0,""decision_margin"":155.00206,""pixel_xy"":[974.788186,614.197612],""world_xy_yaw"":[0.512044,0.615479,-0.240425],""pnp_valid"":true,""pnp_camera_xyz"":[0.652556,0.593172,1.213417],""pnp_camera_quat_xyzw"":[-0.039903,0.000686,-0.108931,0.993248],""pnp_camera_rpy_deg"":[-4.555187,-0.420075,-12.500746],""pnp_reprojection_error_px"":0.131081},{""tag_id"":17,""target_match"":true,""family"":""tag25h9"",""hamming"":0,""decision_margin"":157.509171,""pixel_xy"":[933.615331,334.4452],""world_xy_yaw"":[0.442874,0.956777,-0.061071],""pnp_valid"":true,""pnp_camera_xyz"":[0.583776,-0.033123,1.263707],""pnp_camera_quat_xyzw"":[-0.029307,-0.003653,-0.03171,0.999061],""pnp_camera_rpy_deg"":[-3.343978,-0.524745,-3.620621],""pnp_reprojection_error_px"":0.033437}]",1,0.033437,157.509171,82.384752,,0,,0,,
2026-08-12T11:14:32.413964+00:00,6047.697635377,onboard_target_060_static,0,"[0.0,0.0,0.0,0.0]",0,0,0,0,,,,,,,,,,,,,,,,,,,,,,,,,,,,0,,0,,,"[NaN,NaN,NaN]","[NaN,NaN,NaN,NaN]","[NaN,NaN,NaN,NaN,NaN,NaN]",0.000992,68,1,"[16,17]","[0.442671,0.956816,-0.065817]","[{""tag_id"":16,""target_match"":true,""family"":""tag25h9"",""hamming"":0,""decision_margin"":156.505188,""pixel_xy"":[974.688222,614.134072],""world_xy_yaw"":[0.511876,0.615556,-0.240872],""pnp_valid"":true,""pnp_camera_xyz"":[0.65225,0.592944,1.213211],""pnp_camera_quat_xyzw"":[-0.03964,0.000246,-0.109211,0.993228],""pnp_camera_rpy_deg"":[-4.519547,-0.468104,-12.531157],""pnp_reprojection_error_px"":0.116748},{""tag_id"":17,""target_match"":true,""family"":""tag25h9"",""hamming"":0,""decision_margin"":159.348404,""pixel_xy"":[933.494685,334.413506],""world_xy_yaw"":[0.442671,0.956816,-0.065817],""pnp_valid"":true,""pnp_camera_xyz"":[0.583418,-0.033173,1.263497],""pnp_camera_quat_xyzw"":[-0.028294,-0.004351,-0.034242,0.999004],""pnp_camera_rpy_deg"":[-3.223797,-0.609077,-3.909118],""pnp_reprojection_error_px"":0.04417}]",1,0.04417,159.348404,82.04153,,0,,0,,
2026-08-12T11:14:32.465642+00:00,6047.749299988,onboard_target_060_static,0,"[0.0,0.0,0.0,0.0]",0,0,0,0,,,,,,,,,,,,,,,,,,,,,,,,,,,,0,,0,,,"[NaN,NaN,NaN]","[NaN,NaN,NaN,NaN]","[NaN,NaN,NaN,NaN,NaN,NaN]",0.001584,70,1,"[16,17]","[0.511554,0.615711,-0.24368]","[{""tag_id"":16,""target_match"":true,""family"":""tag25h9"",""hamming"":0,""decision_margin"":156.88327,""pixel_xy"":[974.496329,614.007774],""world_xy_yaw"":[0.511554,0.615711,-0.24368],""pnp_valid"":true,""pnp_camera_xyz"":[0.651618,0.592437,1.212787],""pnp_camera_quat_xyzw"":[-0.039172,-0.001251,-0.110137,0.993143],""pnp_camera_rpy_deg"":[-4.446989,-0.636757,-12.631461],""pnp_reprojection_error_px"":0.102058},{""tag_id"":17,""target_match"":true,""family"":""tag25h9"",""hamming"":0,""decision_margin"":156.128326,""pixel_xy"":[933.297425,334.39914],""world_xy_yaw"":[0.44234,0.956833,-0.07658],""pnp_valid"":true,""pnp_camera_xyz"":[0.583035,-0.033228,1.263812],""pnp_camera_quat_xyzw"":[-0.026639,-0.004563,-0.038836,0.99888],""pnp_camera_rpy_deg"":[-3.030489,-0.640906,-4.436109],""pnp_reprojection_error_px"":0.022272}]",1,0.102058,156.88327,81.749354,,0,,0,,
2026-08-12T11:14:32.513959+00:00,6047.797629153,onboard_target_060_static,0,"[0.0,0.0,0.0,0.0]",0,0,0,0,,,,,,,,,,,,,,,,,,,,,,,,,,,,0,,0,,,"[NaN,NaN,NaN]","[NaN,NaN,NaN,NaN]","[NaN,NaN,NaN,NaN,NaN,NaN]",0.000612,72,1,"[16,17]","[0.441965,0.956758,-0.081874]","[{""tag_id"":16,""target_match"":true,""family"":""tag25h9"",""hamming"":0,""decision_margin"":154.562698,""pixel_xy"":[974.252113,613.847678],""world_xy_yaw"":[0.511144,0.615906,-0.247487],""pnp_valid"":true,""pnp_camera_xyz"":[0.650575,0.591671,1.211949],""pnp_camera_quat_xyzw"":[-0.038186,-0.001433,-0.111555,0.993023],""pnp_camera_rpy_deg"":[-4.331336,-0.651271,-12.794676],""pnp_reprojection_error_px"":0.119859},{""tag_id"":17,""target_match"":true,""family"":""tag25h9"",""hamming"":0,""decision_margin"":155.709656,""pixel_xy"":[933.074349,334.460393],""world_xy_yaw"":[0.441965,0.956758,-0.081874],""pnp_valid"":true,""pnp_camera_xyz"":[0.582439,-0.033115,1.263627],""pnp_camera_quat_xyzw"":[-0.027316,-0.005625,-0.041553,0.998747],""pnp_camera_rpy_deg"":[-3.101295,-0.773872,-4.743867],""pnp_reprojection_error_px"":0.009274}]",1,0.009274,155.709656,80.720021,,0,,0,,
2026-08-12T11:14:32.565645+00:00,6047.849301475,onboard_target_060_static,0,"[0.0,0.0,0.0,0.0]",0,0,0,0,,,,,,,,,,,,,,,,,,,,,,,,,,,,0,,0,,,"[NaN,NaN,NaN]","[NaN,NaN,NaN,NaN]","[NaN,NaN,NaN,NaN,NaN,NaN]",0.002247,73,1,"[16,17]","[0.441841,0.956714,-0.085065]","[{""tag_id"":16,""target_match"":true,""family"":""tag25h9"",""hamming"":0,""decision_margin"":157.022736,""pixel_xy"":[974.121888,613.787081],""world_xy_yaw"":[0.510925,0.61598,-0.248986],""pnp_valid"":true,""pnp_camera_xyz"":[0.650358,0.591547,1.212081],""pnp_camera_quat_xyzw"":[-0.038858,-0.002202,-0.112021,0.992943],""pnp_camera_rpy_deg"":[-4.397791,-0.749354,-12.844646],""pnp_reprojection_error_px"":0.117282},{""tag_id"":17,""target_match"":true,""family"":""tag25h9"",""hamming"":0,""decision_margin"":159.087677,""pixel_xy"":[933.000354,334.496456],""world_xy_yaw"":[0.441841,0.956714,-0.085065],""pnp_valid"":true,""pnp_camera_xyz"":[0.58226,-0.032994,1.263628],""pnp_camera_quat_xyzw"":[-0.026349,-0.007126,-0.042962,0.998704],""pnp_camera_rpy_deg"":[-2.982136,-0.945281,-4.901802],""pnp_reprojection_error_px"":0.02338}]",1,0.02338,159.087677,82.646699,,0,,0,,
2026-08-12T11:14:32.614009+00:00,6047.897680394,onboard_target_060_static,0,"[0.0,0.0,0.0,0.0]",0,0,0,0,,,,,,,,,,,,,,,,,,,,,,,,,,,,0,,0,,,"[NaN,NaN,NaN]","[NaN,NaN,NaN,NaN]","[NaN,NaN,NaN,NaN,NaN,NaN]",0.001011,74,1,[17],"[0.441767,0.956625,-0.087537]","[{""tag_id"":17,""target_match"":true,""family"":""tag25h9"",""hamming"":0,""decision_margin"":159.860016,""pixel_xy"":[932.956665,334.569494],""world_xy_yaw"":[0.441767,0.956625,-0.087537],""pnp_valid"":true,""pnp_camera_xyz"":[0.581952,-0.032851,1.263242],""pnp_camera_quat_xyzw"":[-0.026387,-0.007929,-0.043901,0.998656],""pnp_camera_rpy_deg"":[-2.981626,-1.040203,-5.007115],""pnp_reprojection_error_px"":0.013128}]",1,0.013128,159.860016,83.568429,,0,,0,,
2026-08-12T11:14:32.665572+00:00,6047.949230093,onboard_target_060_static,0,"[0.0,0.0,0.0,0.0]",0,0,0,0,,,,,,,,,,,,,,,,,,,,,,,,,,,,0,,0,,,"[NaN,NaN,NaN]","[NaN,NaN,NaN,NaN]","[NaN,NaN,NaN,NaN,NaN,NaN]",0.001526,76,1,[17],"[0.441552,0.956462,-0.089857]","[{""tag_id"":17,""target_match"":true,""family"":""tag25h9"",""hamming"":0,""decision_margin"":157.679688,""pixel_xy"":[932.828796,334.703385],""world_xy_yaw"":[0.441552,0.956462,-0.089857],""pnp_valid"":true,""pnp_camera_xyz"":[0.581557,-0.032499,1.262976],""pnp_camera_quat_xyzw"":[-0.028546,-0.008698,-0.045252,0.99853],""pnp_camera_rpy_deg"":[-3.223507,-1.143315,-5.15741],""pnp_reprojection_error_px"":0.02235}]",1,0.02235,157.679688,81.323659,,0,,0,,
2026-08-12T11:14:32.714224+00:00,6047.997893212,onboard_target_060_static,0,"[0.0,0.0,0.0,0.0]",0,0,0,0,,,,,,,,,,,,,,,,,,,,,,,,,,,,0,,0,,,"[NaN,NaN,NaN]","[NaN,NaN,NaN,NaN]","[NaN,NaN,NaN,NaN,NaN,NaN]",0.001166,77,1,[17],"[0.44124,0.9563,-0.09225]","[{""tag_id"":17,""target_match"":true,""family"":""tag25h9"",""hamming"":0,""decision_margin"":158.02298,""pixel_xy"":[932.642937,334.835959],""world_xy_yaw"":[0.44124,0.9563,-0.09225],""pnp_valid"":true,""pnp_camera_xyz"":[0.581481,-0.0322,1.263668],""pnp_camera_quat_xyzw"":[-0.028442,-0.006895,-0.046855,0.998473],""pnp_camera_rpy_deg"":[-3.219378,-0.941683,-5.347007],""pnp_reprojection_error_px"":0.029583}]",1,0.029583,158.02298,80.052683,,0,,0,,
2026-08-12T11:14:32.765584+00:00,6048.049242803,onboard_target_060_static,0,"[0.0,0.0,0.0,0.0]",0,0,0,0,,,,,,,,,,,,,,,,,,,,,,,,,,,,0,,0,,,"[NaN,NaN,NaN]","[NaN,NaN,NaN,NaN]","[NaN,NaN,NaN,NaN,NaN,NaN]",0.001529,79,1,[17],"[0.440358,0.956128,-0.106148]","[{""tag_id"":17,""target_match"":true,""family"":""tag25h9"",""hamming"":0,""decision_margin"":157.40004,""pixel_xy"":[932.11765,334.977324],""world_xy_yaw"":[0.440358,0.956128,-0.106148],""pnp_valid"":true,""pnp_camera_xyz"":[0.580119,-0.031917,1.263339],""pnp_camera_quat_xyzw"":[-0.027837,-0.00451,-0.053955,0.998145],""pnp_camera_rpy_deg"":[-3.157867,-0.688011,-6.169244],""pnp_reprojection_error_px"":0.016571}]",1,0.016571,157.40004,80.654337,,0,,0,,
2026-08-12T11:14:32.814164+00:00,6048.097834738,onboard_target_060_static,0,"[0.0,0.0,0.0,0.0]",0,0,0,0,,,,,,,,,,,,,,,,,,,,,,,,,,,,0,,0,,,"[NaN,NaN,NaN]","[NaN,NaN,NaN,NaN]","[NaN,NaN,NaN,NaN,NaN,NaN]",0.001113,80,1,[17],"[0.439889,0.9561,-0.112913]","[{""tag_id"":17,""target_match"":true,""family"":""tag25h9"",""hamming"":0,""decision_margin"":158.22258,""pixel_xy"":[931.83869,334.999787],""world_xy_yaw"":[0.439889,0.9561,-0.112913],""pnp_valid"":true,""pnp_camera_xyz"":[0.579397,-0.031841,1.263142],""pnp_camera_quat_xyzw"":[-0.030871,-0.005016,-0.05742,0.99786],""pnp_camera_rpy_deg"":[-3.49946,-0.776697,-6.562934],""pnp_reprojection_error_px"":0.024431}]",1,0.024431,158.22258,79.319111,,0,,0,,
2026-08-12T11:14:32.865637+00:00,6048.149292886,onboard_target_060_static,0,"[0.0,0.0,0.0,0.0]",0,0,0,0,,,,,,,,,,,,,,,,,,,,,,,,,,,,0,,0,,,"[NaN,NaN,NaN]","[NaN,NaN,NaN,NaN]","[NaN,NaN,NaN,NaN,NaN,NaN]",0.001526,82,1,[17],"[0.439106,0.956035,-0.126824]","[{""tag_id"":17,""target_match"":true,""family"":""tag25h9"",""hamming"":0,""decision_margin"":156.965836,""pixel_xy"":[931.372469,335.053638],""world_xy_yaw"":[0.439106,0.956035,-0.126824],""pnp_valid"":true,""pnp_camera_xyz"":[0.578397,-0.031736,1.263373],""pnp_camera_quat_xyzw"":[-0.030911,-0.00684,-0.063993,0.997448],""pnp_camera_rpy_deg"":[-3.485626,-1.008535,-7.311075],""pnp_reprojection_error_px"":0.011071}]",1,0.011071,156.965836,80.864781,,0,,0,,
2026-08-12T11:14:32.914870+00:00,6048.198537982,onboard_target_060_static,0,"[0.0,0.0,0.0,0.0]",0,0,0,0,,,,,,,,,,,,,,,,,,,,,,,,,,,,0,,0,,,"[NaN,NaN,NaN]","[NaN,NaN,NaN,NaN]","[NaN,NaN,NaN,NaN,NaN,NaN]",0.001474,83,1,[17],"[0.438689,0.956011,-0.132862]","[{""tag_id"":17,""target_match"":true,""family"":""tag25h9"",""hamming"":0,""decision_margin"":158.531311,""pixel_xy"":[931.124306,335.073304],""world_xy_yaw"":[0.438689,0.956011,-0.132862],""pnp_valid"":true,""pnp_camera_xyz"":[0.577871,-0.031685,1.263466],""pnp_camera_quat_xyzw"":[-0.030727,-0.007325,-0.067001,0.997253],""pnp_camera_rpy_deg"":[-3.457877,-1.073111,-7.6549],""pnp_reprojection_error_px"":0.01422}]",1,0.01422,158.531311,81.086362,,0,,0,,
2026-08-12T11:14:32.964699+00:00,6048.248356718,onboard_target_060_static,0,"[0.0,0.0,0.0,0.0]",0,0,0,0,,,,,,,,,,,,,,,,,,,,,,,,,,,,0,,0,,,"[NaN,NaN,NaN]","[NaN,NaN,NaN,NaN]","[NaN,NaN,NaN,NaN,NaN,NaN]",0.000906,85,1,[17],"[0.438828,0.957178,-0.139479]","[{""tag_id"":17,""target_match"":true,""family"":""tag25h9"",""hamming"":0,""decision_margin"":150.135406,""pixel_xy"":[931.207118,334.116627],""world_xy_yaw"":[0.438828,0.957178,-0.139479],""pnp_valid"":true,""pnp_camera_xyz"":[0.578205,-0.033922,1.263739],""pnp_camera_quat_xyzw"":[-0.016608,0.00757,-0.071276,0.99729],""pnp_camera_rpy_deg"":[-1.960393,0.729446,-8.188373],""pnp_reprojection_error_px"":0.019012}]",1,0.019012,150.135406,83.710005,,0,,0,,
2026-08-12T11:14:33.015217+00:00,6048.298890633,onboard_target_060_static,0,"[0.0,0.0,0.0,0.0]",0,0,0,0,,,,,,,,,,,,,,,,,,,,,,,,,,,,0,,0,,,"[NaN,NaN,NaN]","[NaN,NaN,NaN,NaN]","[NaN,NaN,NaN,NaN,NaN,NaN]",0.001842,86,1,[17],"[0.438562,0.957831,-0.137709]","[{""tag_id"":17,""target_match"":true,""family"":""tag25h9"",""hamming"":0,""decision_margin"":149.87822,""pixel_xy"":[931.048863,333.581137],""world_xy_yaw"":[0.438562,0.957831,-0.137709],""pnp_valid"":true,""pnp_camera_xyz"":[0.57811,-0.035134,1.264369],""pnp_camera_quat_xyzw"":[-0.011657,0.012956,-0.070474,0.997361],""pnp_camera_rpy_deg"":[-1.43744,1.386777,-8.101068],""pnp_reprojection_error_px"":0.029178}]",1,0.029178,149.87822,82.497271,,0,,0,,
2026-08-12T11:14:33.064465+00:00,6048.348135602,onboard_target_060_static,0,"[0.0,0.0,0.0,0.0]",0,0,0,0,,,,,,,,,,,,,,,,,,,,,,,,,,,,0,,0,,,"[NaN,NaN,NaN]","[NaN,NaN,NaN,NaN]","[NaN,NaN,NaN,NaN,NaN,NaN]",0.000726,88,1,[17],"[0.437472,0.959202,-0.09167]","[{""tag_id"":17,""target_match"":true,""family"":""tag25h9"",""hamming"":0,""decision_margin"":158.852692,""pixel_xy"":[930.399951,332.45751],""world_xy_yaw"":[0.437472,0.959202,-0.09167],""pnp_valid"":true,""pnp_camera_xyz"":[0.576043,-0.037767,1.262978],""pnp_camera_quat_xyzw"":[-0.033063,-0.002165,-0.047391,0.998327],""pnp_camera_rpy_deg"":[-3.773526,-0.427245,-5.421548],""pnp_reprojection_error_px"":0.039294}]",1,0.039294,158.852692,83.899549,,0,,0,,
2026-08-12T11:14:33.114864+00:00,6048.398527576,onboard_target_060_static,0,"[0.0,0.0,0.0,0.0]",0,0,0,0,,,,,,,,,,,,,,,,,,,,,,,,,,,,0,,0,,,"[NaN,NaN,NaN]","[NaN,NaN,NaN,NaN]","[NaN,NaN,NaN,NaN,NaN,NaN]",0.001714,89,1,[17],"[0.436247,0.959599,-0.054136]","[{""tag_id"":17,""target_match"":true,""family"":""tag25h9"",""hamming"":0,""decision_margin"":160.351471,""pixel_xy"":[929.670557,332.131872],""world_xy_yaw"":[0.436247,0.959599,-0.054136],""pnp_valid"":true,""pnp_camera_xyz"":[0.574164,-0.038544,1.262537],""pnp_camera_quat_xyzw"":[-0.038077,-0.007731,-0.028759,0.998831],""pnp_camera_rpy_deg"":[-4.337595,-1.010381,-3.260217],""pnp_reprojection_error_px"":0.04517}]",1,0.04517,160.351471,82.131783,,0,,0,,
2026-08-12T11:14:33.164824+00:00,6048.448488900,onboard_target_060_static,0,"[0.0,0.0,0.0,0.0]",0,0,0,0,,,,,,,,,,,,,,,,,,,,,,,,,,,,0,,0,,,"[NaN,NaN,NaN]","[NaN,NaN,NaN,NaN]","[NaN,NaN,NaN,NaN,NaN,NaN]",0.001091,91,1,[17],"[0.433182,0.960131,0.013907]","[{""tag_id"":17,""target_match"":true,""family"":""tag25h9"",""hamming"":0,""decision_margin"":159.435196,""pixel_xy"":[927.846565,331.696253],""world_xy_yaw"":[0.433182,0.960131,0.013907],""pnp_valid"":true,""pnp_camera_xyz"":[0.570586,-0.039428,1.263717],""pnp_camera_quat_xyzw"":[-0.02915,-0.014717,0.004003,0.999459],""pnp_camera_rpy_deg"":[-3.348587,-1.672425,0.507834],""pnp_reprojection_error_px"":0.099743}]",1,0.099743,159.435196,81.863753,,0,,0,,
2026-08-12T11:14:33.215244+00:00,6048.498904554,onboard_target_060_static,0,"[0.0,0.0,0.0,0.0]",0,0,0,0,,,,,,,,,,,,,,,,,,,,,,,,,,,,0,,0,,,"[NaN,NaN,NaN]","[NaN,NaN,NaN,NaN]","[NaN,NaN,NaN,NaN,NaN,NaN]",0.002005,92,1,[17],"[0.431714,0.960231,0.03212]","[{""tag_id"":17,""target_match"":true,""family"":""tag25h9"",""hamming"":0,""decision_margin"":157.37764,""pixel_xy"":[926.972576,331.614276],""world_xy_yaw"":[0.431714,0.960231,0.03212],""pnp_valid"":true,""pnp_camera_xyz"":[0.567803,-0.039752,1.262392],""pnp_camera_quat_xyzw"":[-0.027921,-0.016294,0.014808,0.999368],""pnp_camera_rpy_deg"":[-3.228469,-1.818887,1.749136],""pnp_reprojection_error_px"":0.028895}]",1,0.028895,157.37764,80.68183,,0,,0,,
2026-08-12T11:14:33.265670+00:00,6048.549326490,onboard_target_060_static,0,"[0.0,0.0,0.0,0.0]",0,0,0,0,,,,,,,,,,,,,,,,,,,,,,,,,,,,0,,0,,,"[NaN,NaN,NaN]","[NaN,NaN,NaN,NaN]","[NaN,NaN,NaN,NaN,NaN,NaN]",0.001528,94,1,[17],"[0.427964,0.960893,0.0736]","[{""tag_id"":17,""target_match"":true,""family"":""tag25h9"",""hamming"":0,""decision_margin"":160.745575,""pixel_xy"":[924.740404,331.07126],""world_xy_yaw"":[0.427964,0.960893,0.0736],""pnp_valid"":true,""pnp_camera_xyz"":[0.56296,-0.040909,1.263064],""pnp_camera_quat_xyzw"":[-0.019139,-0.02406,0.034968,0.998915],""pnp_camera_rpy_deg"":[-2.290351,-2.678364,4.063354],""pnp_reprojection_error_px"":0.03159}]",1,0.03159,160.745575,80.588695,,0,,0,,
2026-08-12T11:14:33.314223+00:00,6048.597891898,onboard_target_060_static,0,"[0.0,0.0,0.0,0.0]",0,0,0,0,,,,,,,,,,,,,,,,,,,,,,,,,,,,0,,0,,,"[NaN,NaN,NaN]","[NaN,NaN,NaN,NaN]","[NaN,NaN,NaN,NaN,NaN,NaN]",0.001171,95,1,[17],"[0.42601,0.961058,0.089723]","[{""tag_id"":17,""target_match"":true,""family"":""tag25h9"",""hamming"":0,""decision_margin"":160.897552,""pixel_xy"":[923.577612,330.935785],""world_xy_yaw"":[0.42601,0.961058,0.089723],""pnp_valid"":true,""pnp_camera_xyz"":[0.560049,-0.041283,1.262643],""pnp_camera_quat_xyzw"":[-0.023025,-0.026285,0.043149,0.998457],""pnp_camera_rpy_deg"":[-2.768966,-2.894772,5.019014],""pnp_reprojection_error_px"":0.006662}]",1,0.006662,160.897552,82.309664,,0,,0,,
2026-08-12T11:14:33.365620+00:00,6048.649278008,onboard_target_060_static,0,"[0.0,0.0,0.0,0.0]",0,0,0,0,,,,,,,,,,,,,,,,,,,,,,,,,,,,0,,0,,,"[NaN,NaN,NaN]","[NaN,NaN,NaN,NaN]","[NaN,NaN,NaN,NaN,NaN,NaN]",0.001531,97,1,[17],"[0.422198,0.961221,0.112523]","[{""tag_id"":17,""target_match"":true,""family"":""tag25h9"",""hamming"":0,""decision_margin"":161.703049,""pixel_xy"":[921.308425,330.802447],""world_xy_yaw"":[0.422198,0.961221,0.112523],""pnp_valid"":true,""pnp_camera_xyz"":[0.555004,-0.041615,1.263044],""pnp_camera_quat_xyzw"":[-0.026926,-0.029413,0.05385,0.997752],""pnp_camera_rpy_deg"":[-3.266881,-3.198383,6.269927],""pnp_reprojection_error_px"":0.015246}]",1,0.015246,161.703049,80.360019,,0,,0,,
2026-08-12T11:14:33.414458+00:00,6048.698128676,onboard_target_060_static,0,"[0.0,0.0,0.0,0.0]",0,0,0,0,,,,,,,,,,,,,,,,,,,,,,,,,,,,0,,0,,,"[NaN,NaN,NaN]","[NaN,NaN,NaN,NaN]","[NaN,NaN,NaN,NaN,NaN,NaN]",0.001453,98,1,[17],"[0.42026,0.961434,0.133844]","[{""tag_id"":17,""target_match"":true,""family"":""tag25h9"",""hamming"":0,""decision_margin"":162.326263,""pixel_xy"":[920.15502,330.627953],""world_xy_yaw"":[0.42026,0.961434,0.133844],""pnp_valid"":true,""pnp_camera_xyz"":[0.552224,-0.041997,1.262588],""pnp_camera_quat_xyzw"":[-0.025638,-0.025422,0.063774,0.997311],""pnp_camera_rpy_deg"":[-3.120833,-2.718949,7.39183],""pnp_reprojection_error_px"":0.047556}]",1,0.047556,162.326263,78.960583,,0,,0,,
2026-08-12T11:14:33.464289+00:00,6048.747957619,onboard_target_060_static,0,"[0.0,0.0,0.0,0.0]",0,0,0,0,,,,,,,,,,,,,,,,,,,,,,,,,,,,0,,0,,,"[NaN,NaN,NaN]","[NaN,NaN,NaN,NaN]","[NaN,NaN,NaN,NaN,NaN,NaN]",0.000792,100,1,[17],"[0.415726,0.962134,0.138897]","[{""tag_id"":17,""target_match"":true,""family"":""tag25h9"",""hamming"":0,""decision_margin"":158.364166,""pixel_xy"":[917.456077,330.054465],""world_xy_yaw"":[0.415726,0.962134,0.138897],""pnp_valid"":true,""pnp_camera_xyz"":[0.545741,-0.043252,1.262108],""pnp_camera_quat_xyzw"":[-0.016021,-0.019536,0.067342,0.99741],""pnp_camera_rpy_deg"":[-1.983619,-2.109699,7.761618],""pnp_reprojection_error_px"":0.031307}]",1,0.031307,158.364166,77.346901,,0,,0,,
2026-08-12T11:14:33.514141+00:00,6048.797810922,onboard_target_060_static,0,"[0.0,0.0,0.0,0.0]",0,0,0,0,,,,,,,,,,,,,,,,,,,,,,,,,,,,0,,0,,,"[NaN,NaN,NaN]","[NaN,NaN,NaN,NaN]","[NaN,NaN,NaN,NaN,NaN,NaN]",0.001101,101,1,[17],"[0.412795,0.962811,0.130943]","[{""tag_id"":17,""target_match"":true,""family"":""tag25h9"",""hamming"":0,""decision_margin"":157.93129,""pixel_xy"":[915.711266,329.499034],""world_xy_yaw"":[0.412795,0.962811,0.130943],""pnp_valid"":true,""pnp_camera_xyz"":[0.541417,-0.044567,1.261331],""pnp_camera_quat_xyzw"":[-0.012166,-0.018873,0.063193,0.997749],""pnp_camera_rpy_deg"":[-1.528779,-2.070161,7.275678],""pnp_reprojection_error_px"":0.043239}]",1,0.043239,157.93129,80.766484,,0,,0,,
2026-08-12T11:14:33.564786+00:00,6048.848450051,onboard_target_060_static,0,"[0.0,0.0,0.0,0.0]",0,0,0,0,,,,,,,,,,,,,,,,,,,,,,,,,,,,0,,0,,,"[NaN,NaN,NaN]","[NaN,NaN,NaN,NaN]","[NaN,NaN,NaN,NaN,NaN,NaN]",0.001087,103,1,[17],"[0.406766,0.965135,0.066488]","[{""tag_id"":17,""target_match"":true,""family"":""tag25h9"",""hamming"":0,""decision_margin"":155.970459,""pixel_xy"":[912.122933,327.593993],""world_xy_yaw"":[0.406766,0.965135,0.066488],""pnp_valid"":true,""pnp_camera_xyz"":[0.5339,-0.048994,1.263466],""pnp_camera_quat_xyzw"":[-0.006129,-0.016567,0.032987,0.9993],""pnp_camera_rpy_deg"":[-0.764912,-1.874224,3.79377],""pnp_reprojection_error_px"":0.033082}]",1,0.033082,155.970459,83.469068,,0,,0,,
2026-08-12T11:14:33.615379+00:00,6048.899049909,onboard_target_060_static,0,"[0.0,0.0,0.0,0.0]",0,0,0,0,,,,,,,,,,,,,,,,,,,,,,,,,,,,0,,0,,,"[NaN,NaN,NaN]","[NaN,NaN,NaN,NaN]","[NaN,NaN,NaN,NaN,NaN,NaN]",0.002021,104,1,[17],"[0.404227,0.966149,0.042054]","[{""tag_id"":17,""target_match"":true,""family"":""tag25h9"",""hamming"":0,""decision_margin"":152.998016,""pixel_xy"":[910.61127,326.762779],""world_xy_yaw"":[0.404227,0.966149,0.042054],""pnp_valid"":true,""pnp_camera_xyz"":[0.530274,-0.050932,1.262901],""pnp_camera_quat_xyzw"":[-0.006262,-0.015833,0.01978,0.999659],""pnp_camera_rpy_deg"":[-0.753571,-1.799783,2.27896],""pnp_reprojection_error_px"":0.026766}]",1,0.026766,152.998016,82.840382,,0,,0,,
2026-08-12T11:14:33.665606+00:00,6048.949262609,onboard_target_060_static,0,"[0.0,0.0,0.0,0.0]",0,0,0,0,,,,,,,,,,,,,,,,,,,,,,,,,,,,0,,0,,,"[NaN,NaN,NaN]","[NaN,NaN,NaN,NaN]","[NaN,NaN,NaN,NaN,NaN,NaN]",0.001522,106,1,[17],"[0.40168,0.96765,0.032278]","[{""tag_id"":17,""target_match"":true,""family"":""tag25h9"",""hamming"":0,""decision_margin"":154.44339,""pixel_xy"":[909.09528,325.53269],""world_xy_yaw"":[0.40168,0.96765,0.032278],""pnp_valid"":true,""pnp_camera_xyz"":[0.526827,-0.053782,1.263076],""pnp_camera_quat_xyzw"":[-0.011326,-0.018547,0.014959,0.999652],""pnp_camera_rpy_deg"":[-1.330232,-2.105705,1.739134],""pnp_reprojection_error_px"":0.024633}]",1,0.024633,154.44339,84.557132,,0,,0,,
2026-08-12T11:14:33.714381+00:00,6048.998049871,onboard_target_060_static,0,"[0.0,0.0,0.0,0.0]",0,0,0,0,,,,,,,,,,,,,,,,,,,,,,,,,,,,0,,0,,,"[NaN,NaN,NaN]","[NaN,NaN,NaN,NaN]","[NaN,NaN,NaN,NaN,NaN,NaN]",0.001288,107,1,[17],"[0.401607,0.968231,0.035177]","[{""tag_id"":17,""target_match"":true,""family"":""tag25h9"",""hamming"":0,""decision_margin"":156.128082,""pixel_xy"":[909.051945,325.056589],""world_xy_yaw"":[0.401607,0.968231,0.035177],""pnp_valid"":true,""pnp_camera_xyz"":[0.526951,-0.05485,1.263739],""pnp_camera_quat_xyzw"":[-0.009399,-0.0223,0.016857,0.999565],""pnp_camera_rpy_deg"":[-1.120832,-2.53697,1.957138],""pnp_reprojection_error_px"":0.048767}]",1,0.048767,156.128082,83.426153,,0,,0,,
2026-08-12T11:14:33.763567+00:00,6049.047240549,onboard_target_060_static,0,"[0.0,0.0,0.0,0.0]",0,0,0,0,,,,,,,,,,,,,,,,,,,,,,,,,,,,0,,0,,,"[NaN,NaN,NaN]","[NaN,NaN,NaN,NaN]","[NaN,NaN,NaN,NaN,NaN,NaN]",0.000433,109,1,[17],"[0.399977,0.969202,0.038385]","[{""tag_id"":17,""target_match"":true,""family"":""tag25h9"",""hamming"":0,""decision_margin"":155.351257,""pixel_xy"":[908.081742,324.260795],""world_xy_yaw"":[0.399977,0.969202,0.038385],""pnp_valid"":true,""pnp_camera_xyz"":[0.525364,-0.056808,1.265202],""pnp_camera_quat_xyzw"":[-0.008457,-0.026599,0.017774,0.999452],""pnp_camera_rpy_deg"":[-1.024241,-3.030526,2.064783],""pnp_reprojection_error_px"":0.032667}]",1,0.032667,155.351257,85.164187,,0,,0,,
2026-08-12T11:14:33.813585+00:00,6049.097258440,onboard_target_060_static,0,"[0.0,0.0,0.0,0.0]",0,0,0,0,,,,,,,,,,,,,,,,,,,,,,,,,,,,0,,0,,,"[NaN,NaN,NaN]","[NaN,NaN,NaN,NaN]","[NaN,NaN,NaN,NaN,NaN,NaN]",0.000687,110,1,[17],"[0.399159,0.969875,0.043873]","[{""tag_id"":17,""target_match"":true,""family"":""tag25h9"",""hamming"":0,""decision_margin"":158.884018,""pixel_xy"":[907.594904,323.70892],""world_xy_yaw"":[0.399159,0.969875,0.043873],""pnp_valid"":true,""pnp_camera_xyz"":[0.523902,-0.058141,1.264291],""pnp_camera_quat_xyzw"":[-0.015874,-0.025433,0.019889,0.999353],""pnp_camera_rpy_deg"":[-1.878555,-2.87754,2.327484],""pnp_reprojection_error_px"":0.032213}]",1,0.032213,158.884018,85.642992,,0,,0,,
2026-08-12T11:14:33.863547+00:00,6049.147222412,onboard_target_060_static,0,"[0.0,0.0,0.0,0.0]",0,0,0,0,,,,,,,,,,,,,,,,,,,,,,,,,,,,0,,0,,,"[NaN,NaN,NaN]","[NaN,NaN,NaN,NaN]","[NaN,NaN,NaN,NaN,NaN,NaN]",0.000432,112,1,[17],"[0.398534,0.97095,0.057834]","[{""tag_id"":17,""target_match"":true,""family"":""tag25h9"",""hamming"":0,""decision_margin"":159.789536,""pixel_xy"":[907.222464,322.827848],""world_xy_yaw"":[0.398534,0.97095,0.057834],""pnp_valid"":true,""pnp_camera_xyz"":[0.523255,-0.060191,1.264909],""pnp_camera_quat_xyzw"":[-0.026417,-0.007936,0.028035,0.999226],""pnp_camera_rpy_deg"":[-3.052039,-0.823882,3.236207],""pnp_reprojection_error_px"":0.012988}]",1,0.012988,159.789536,85.615454,,0,,0,,
2026-08-12T11:14:33.913526+00:00,6049.197199298,onboard_target_060_static,0,"[0.0,0.0,0.0,0.0]",0,0,0,0,,,,,,,,,,,,,,,,,,,,,,,,,,,,0,,0,,,"[NaN,NaN,NaN]","[NaN,NaN,NaN,NaN]","[NaN,NaN,NaN,NaN,NaN,NaN]",0.000627,113,1,[17],"[0.398332,0.971376,0.064992]","[{""tag_id"":17,""target_match"":true,""family"":""tag25h9"",""hamming"":0,""decision_margin"":160.429367,""pixel_xy"":[907.102548,322.478986],""world_xy_yaw"":[0.398332,0.971376,0.064992],""pnp_valid"":true,""pnp_camera_xyz"":[0.523294,-0.060982,1.265595],""pnp_camera_quat_xyzw"":[-0.030555,-0.000219,0.031767,0.999028],""pnp_camera_rpy_deg"":[-3.500973,0.086104,3.639928],""pnp_reprojection_error_px"":0.037615}]",1,0.037615,160.429367,84.605977,,0,,0,,
2026-08-12T11:14:33.964120+00:00,6049.247788733,onboard_target_060_static,0,"[0.0,0.0,0.0,0.0]",0,0,0,0,,,,,,,,,,,,,,,,,,,,,,,,,,,,0,,0,,,"[NaN,NaN,NaN]","[NaN,NaN,NaN,NaN]","[NaN,NaN,NaN,NaN,NaN,NaN]",0.000825,115,1,[17],"[0.397824,0.972102,0.079935]","[{""tag_id"":17,""target_match"":true,""family"":""tag25h9"",""hamming"":0,""decision_margin"":160.291977,""pixel_xy"":[906.799795,321.883467],""world_xy_yaw"":[0.397824,0.972102,0.079935],""pnp_valid"":true,""pnp_camera_xyz"":[0.522966,-0.062476,1.266503],""pnp_camera_quat_xyzw"":[-0.033042,0.001672,0.03952,0.998671],""pnp_camera_rpy_deg"":[-3.77655,0.341013,4.521028],""pnp_reprojection_error_px"":0.024877}]",1,0.024877,160.291977,88.725391,,0,,0,,
2026-08-12T11:14:34.014134+00:00,6049.297801439,onboard_target_060_static,0,"[0.0,0.0,0.0,0.0]",0,0,0,0,,,,,,,,,,,,,,,,,,,,,,,,,,,,0,,0,,,"[NaN,NaN,NaN]","[NaN,NaN,NaN,NaN]","[NaN,NaN,NaN,NaN,NaN,NaN]",0.001087,116,1,[17],"[0.397503,0.97248,0.090142]","[{""tag_id"":17,""target_match"":true,""family"":""tag25h9"",""hamming"":0,""decision_margin"":160.609894,""pixel_xy"":[906.608984,321.573502],""world_xy_yaw"":[0.397503,0.97248,0.090142],""pnp_valid"":true,""pnp_camera_xyz"":[0.522045,-0.06317,1.265357],""pnp_camera_quat_xyzw"":[-0.034966,-0.002158,0.044444,0.998397],""pnp_camera_rpy_deg"":[-4.014699,-0.068865,5.100086],""pnp_reprojection_error_px"":0.026014}]",1,0.026014,160.609894,87.333401,,0,,0,,
2026-08-12T11:14:34.063744+00:00,6049.347416484,onboard_target_060_static,0,"[0.0,0.0,0.0,0.0]",0,0,0,0,,,,,,,,,,,,,,,,,,,,,,,,,,,,0,,0,,,"[NaN,NaN,NaN]","[NaN,NaN,NaN,NaN]","[NaN,NaN,NaN,NaN,NaN,NaN]",0.000512,118,1,"[16,17]","[0.39677,0.973209,0.109307]","[{""tag_id"":16,""target_match"":true,""family"":""tag25h9"",""hamming"":0,""decision_margin"":153.605194,""pixel_xy"":[970.935481,613.234904],""world_xy_yaw"":[0.505572,0.616653,-0.295331],""pnp_valid"":true,""pnp_camera_xyz"":[0.649572,0.597097,1.225606],""pnp_camera_quat_xyzw"":[-0.039954,0.014151,-0.135664,0.989848],""pnp_camera_rpy_deg"":[-4.758102,0.984044,-15.649004],""pnp_reprojection_error_px"":0.476002},{""tag_id"":17,""target_match"":true,""family"":""tag25h9"",""hamming"":0,""decision_margin"":162.708893,""pixel_xy"":[906.172423,320.976242],""world_xy_yaw"":[0.39677,0.973209,0.109307],""pnp_valid"":true,""pnp_camera_xyz"":[0.520933,-0.064568,1.265142],""pnp_camera_quat_xyzw"":[-0.03141,-0.007834,0.05373,0.998031],""pnp_camera_rpy_deg"":[-3.643156,-0.702627,6.185566],""pnp_reprojection_error_px"":0.027653}]",1,0.027653,162.708893,89.013984,,0,,0,,
2026-08-12T11:14:34.114263+00:00,6049.397932142,onboard_target_060_static,0,"[0.0,0.0,0.0,0.0]",0,0,0,0,,,,,,,,,,,,,,,,,,,,,,,,,,,,0,,0,,,"[NaN,NaN,NaN]","[NaN,NaN,NaN,NaN]","[NaN,NaN,NaN,NaN,NaN,NaN]",0.001065,119,1,"[16,17]","[0.396532,0.973138,0.12143]","[{""tag_id"":16,""target_match"":true,""family"":""tag25h9"",""hamming"":0,""decision_margin"":156.952087,""pixel_xy"":[970.823612,613.170606],""world_xy_yaw"":[0.505384,0.616732,-0.295908],""pnp_valid"":true,""pnp_camera_xyz"":[0.648452,0.596109,1.223876],""pnp_camera_quat_xyzw"":[-0.039535,0.012982,-0.135857,0.989854],""pnp_camera_rpy_deg"":[-4.692325,0.857066,-15.665065],""pnp_reprojection_error_px"":0.453157},{""tag_id"":17,""target_match"":true,""family"":""tag25h9"",""hamming"":0,""decision_margin"":161.020767,""pixel_xy"":[906.030819,321.03431],""world_xy_yaw"":[0.396532,0.973138,0.12143],""pnp_valid"":true,""pnp_camera_xyz"":[0.52046,-0.064387,1.264787],""pnp_camera_quat_xyzw"":[-0.032162,-0.009703,0.059592,0.997657],""pnp_camera_rpy_deg"":[-3.746282,-0.889668,6.86576],""pnp_reprojection_error_px"":0.020408}]",1,0.020408,161.020767,88.514781,,0,,0,,
2026-08-12T11:14:34.164061+00:00,6049.447730844,onboard_target_060_static,0,"[0.0,0.0,0.0,0.0]",0,0,0,0,,,,,,,,,,,,,,,,,,,,,,,,,,,,0,,0,,,"[NaN,NaN,NaN]","[NaN,NaN,NaN,NaN]","[NaN,NaN,NaN,NaN,NaN,NaN]",0.000595,121,1,"[16,17]","[0.395979,0.97302,0.143657]","[{""tag_id"":16,""target_match"":true,""family"":""tag25h9"",""hamming"":0,""decision_margin"":157.608536,""pixel_xy"":[970.587367,613.031335],""world_xy_yaw"":[0.504987,0.616902,-0.298117],""pnp_valid"":true,""pnp_camera_xyz"":[0.647839,0.595628,1.223502],""pnp_camera_quat_xyzw"":[-0.040103,0.01075,-0.136785,0.98973],""pnp_camera_rpy_deg"":[-4.722372,0.590613,-15.761708],""pnp_reprojection_error_px"":0.40219},{""tag_id"":17,""target_match"":true,""family"":""tag25h9"",""hamming"":0,""decision_margin"":160.270645,""pixel_xy"":[905.701832,321.130942],""world_xy_yaw"":[0.395979,0.97302,0.143657],""pnp_valid"":true,""pnp_camera_xyz"":[0.519709,-0.064149,1.264837],""pnp_camera_quat_xyzw"":[-0.030915,-0.011285,0.07065,0.996958],""pnp_camera_rpy_deg"":[-3.626229,-1.039015,8.13991],""pnp_reprojection_error_px"":0.014019}]",1,0.014019,160.270645,89.899188,,0,,0,,
2026-08-12T11:14:34.214549+00:00,6049.498213706,onboard_target_060_static,0,"[0.0,0.0,0.0,0.0]",0,0,0,0,,,,,,,,,,,,,,,,,,,,,,,,,,,,0,,0,,,"[NaN,NaN,NaN]","[NaN,NaN,NaN,NaN]","[NaN,NaN,NaN,NaN,NaN,NaN]",0.001371,122,1,"[16,17]","[0.395575,0.973038,0.155171]","[{""tag_id"":16,""target_match"":true,""family"":""tag25h9"",""hamming"":0,""decision_margin"":154.709732,""pixel_xy"":[970.49865,612.977473],""world_xy_yaw"":[0.504838,0.616967,-0.299159],""pnp_valid"":true,""pnp_camera_xyz"":[0.647945,0.595736,1.224069],""pnp_camera_quat_xyzw"":[-0.040649,0.010805,-0.13752,0.989605],""pnp_camera_rpy_deg"":[-4.785756,0.584742,-15.847307],""pnp_reprojection_error_px"":0.393071},{""tag_id"":17,""target_match"":true,""family"":""tag25h9"",""hamming"":0,""decision_margin"":159.588074,""pixel_xy"":[905.461589,321.116393],""world_xy_yaw"":[0.395575,0.973038,0.155171],""pnp_valid"":true,""pnp_camera_xyz"":[0.519434,-0.064164,1.265375],""pnp_camera_quat_xyzw"":[-0.02786,-0.011164,0.075724,0.996677],""pnp_camera_rpy_deg"":[-3.28109,-1.033356,8.719211],""pnp_reprojection_error_px"":0.042744}]",1,0.042744,159.588074,89.306825,,0,,0,,
2026-08-12T11:14:34.264285+00:00,6049.547953681,onboard_target_060_static,0,"[0.0,0.0,0.0,0.0]",0,0,0,0,,,,,,,,,,,,,,,,,,,,,,,,,,,,0,,0,,,"[NaN,NaN,NaN]","[NaN,NaN,NaN,NaN]","[NaN,NaN,NaN,NaN,NaN,NaN]",0.000735,124,1,"[15,16,17]","[0.394767,0.973103,0.172874]","[{""tag_id"":15,""target_match"":true,""family"":""tag25h9"",""hamming"":0,""decision_margin"":62.113365,""pixel_xy"":[951.130723,550.199621],""world_xy_yaw"":[0.4723,0.693556,-0.293758],""pnp_valid"":true,""pnp_camera_xyz"":[0.594842,0.448061,1.207462],""pnp_camera_quat_xyzw"":[-0.342287,0.401491,-0.126794,0.839981],""pnp_camera_rpy_deg"":[-56.777623,35.993233,-37.083216],""pnp_reprojection_error_px"":0.724563},{""tag_id"":16,""target_match"":true,""family"":""tag25h9"",""hamming"":0,""decision_margin"":154.194809,""pixel_xy"":[970.26722,612.852207],""world_xy_yaw"":[0.504449,0.61712,-0.302056],""pnp_valid"":true,""pnp_camera_xyz"":[0.645862,0.593764,1.220826],""pnp_camera_quat_xyzw"":[-0.039669,0.00682,-0.138744,0.98951],""pnp_camera_rpy_deg"":[-4.611522,0.142675,-15.969065],""pnp_reprojection_error_px"":0.31153},{""tag_id"":17,""target_match"":true,""family"":""tag25h9"",""hamming"":0,""decision_margin"":161.652237,""pixel_xy"":[904.980426,321.062944],""world_xy_yaw"":[0.394767,0.973103,0.172874],""pnp_valid"":true,""pnp_camera_xyz"":[0.518444,-0.064363,1.265806],""pnp_camera_quat_xyzw"":[-0.02603,-0.009556,0.085387,0.995962],""pnp_camera_rpy_deg"":[-3.066032,-0.83594,9.822675],""pnp_reprojection_error_px"":0.018304}]",1,0.018304,161.652237,91.411247,,0,,0,,
2026-08-12T11:14:34.315722+00:00,6049.599378878,onboard_target_060_static,0,"[0.0,0.0,0.0,0.0]",0,0,0,0,,,,,,,,,,,,,,,,,,,,,,,,,,,,0,,0,,,"[NaN,NaN,NaN]","[NaN,NaN,NaN,NaN]","[NaN,NaN,NaN,NaN,NaN,NaN]",0.002279,125,1,"[15,16,17]","[0.394226,0.973196,0.183165]","[{""tag_id"":15,""target_match"":true,""family"":""tag25h9"",""hamming"":0,""decision_margin"":62.640141,""pixel_xy"":[951.106753,549.645332],""world_xy_yaw"":[0.472259,0.694233,-0.292856],""pnp_valid"":true,""pnp_camera_xyz"":[0.59249,0.44601,1.202331],""pnp_camera_quat_xyzw"":[-0.341754,0.418224,-0.123269,0.832525],""pnp_camera_rpy_deg"":[-58.209962,37.742065,-38.392645],""pnp_reprojection_error_px"":1.029554},{""tag_id"":16,""target_match"":true,""family"":""tag25h9"",""hamming"":0,""decision_margin"":151.574768,""pixel_xy"":[970.165242,612.768752],""world_xy_yaw"":[0.504278,0.617222,-0.303484],""pnp_valid"":true,""pnp_camera_xyz"":[0.645452,0.593344,1.220367],""pnp_camera_quat_xyzw"":[-0.039823,0.005665,-0.139443,0.989413],""pnp_camera_rpy_deg"":[-4.610568,0.00594,-16.04456],""pnp_reprojection_error_px"":0.282076},{""tag_id"":17,""target_match"":true,""family"":""tag25h9"",""hamming"":0,""decision_margin"":159.46048,""pixel_xy"":[904.658321,320.987012],""world_xy_yaw"":[0.394226,0.973196,0.183165],""pnp_valid"":true,""pnp_camera_xyz"":[0.517713,-0.064524,1.265825],""pnp_camera_quat_xyzw"":[-0.028451,-0.009117,0.090479,0.99545],""pnp_camera_rpy_deg"":[-3.34207,-0.745002,10.408683],""pnp_reprojection_error_px"":0.020332}]",1,0.020332,159.46048,91.816959,,0,,0,,
2026-08-12T11:14:34.364901+00:00,6049.648565641,onboard_target_060_static,0,"[0.0,0.0,0.0,0.0]",0,0,0,0,,,,,,,,,,,,,,,,,,,,,,,,,,,,0,,0,,,"[NaN,NaN,NaN]","[NaN,NaN,NaN,NaN]","[NaN,NaN,NaN,NaN,NaN,NaN]",0.001032,127,1,"[15,16,17]","[0.392906,0.973417,0.199697]","[{""tag_id"":15,""target_match"":true,""family"":""tag25h9"",""hamming"":0,""decision_margin"":63.004856,""pixel_xy"":[950.707804,550.651994],""world_xy_yaw"":[0.471589,0.693005,-0.297063],""pnp_valid"":true,""pnp_camera_xyz"":[0.59991,0.452532,1.21754],""pnp_camera_quat_xyzw"":[-0.031123,-0.007846,-0.136343,0.990142],""pnp_camera_rpy_deg"":[-3.411729,-1.37659,-15.639696],""pnp_reprojection_error_px"":0.320775},{""tag_id"":16,""target_match"":true,""family"":""tag25h9"",""hamming"":0,""decision_margin"":153.207916,""pixel_xy"":[970.003692,612.621988],""world_xy_yaw"":[0.504006,0.617401,-0.306846],""pnp_valid"":true,""pnp_camera_xyz"":[0.644027,0.59187,1.218178],""pnp_camera_quat_xyzw"":[-0.039423,0.001819,-0.140166,0.989341],""pnp_camera_rpy_deg"":[-4.503327,-0.427006,-16.110729],""pnp_reprojection_error_px"":0.232299},{""tag_id"":17,""target_match"":true,""family"":""tag25h9"",""hamming"":0,""decision_margin"":160.18988,""pixel_xy"":[903.872767,320.805993],""world_xy_yaw"":[0.392906,0.973417,0.199697],""pnp_valid"":true,""pnp_camera_xyz"":[0.515908,-0.064931,1.26584],""pnp_camera_quat_xyzw"":[-0.027777,-0.008063,0.098771,0.99469],""pnp_camera_rpy_deg"":[-3.259306,-0.604691,11.358749],""pnp_reprojection_error_px"":0.024606}]",1,0.024606,160.18988,91.609954,,0,,0,,
2026-08-12T11:14:34.414021+00:00,6049.697691269,onboard_target_060_static,0,"[0.0,0.0,0.0,0.0]",0,0,0,0,,,,,,,,,,,,,,,,,,,,,,,,,,,,0,,0,,,"[NaN,NaN,NaN]","[NaN,NaN,NaN,NaN]","[NaN,NaN,NaN,NaN,NaN,NaN]",0.001010,128,1,"[15,16,17]","[0.392083,0.973505,0.208349]","[{""tag_id"":15,""target_match"":true,""family"":""tag25h9"",""hamming"":0,""decision_margin"":65.617836,""pixel_xy"":[950.455792,549.815146],""world_xy_yaw"":[0.471166,0.694026,-0.293848],""pnp_valid"":true,""pnp_camera_xyz"":[0.59041,0.444922,1.200286],""pnp_camera_quat_xyzw"":[-0.344582,0.4134,-0.128997,0.832901],""pnp_camera_rpy_deg"":[-58.279092,36.851427,-38.651288],""pnp_reprojection_error_px"":0.669465},{""tag_id"":16,""target_match"":true,""family"":""tag25h9"",""hamming"":0,""decision_margin"":151.8591,""pixel_xy"":[969.894959,612.557578],""world_xy_yaw"":[0.503823,0.61748,-0.307659],""pnp_valid"":true,""pnp_camera_xyz"":[0.643873,0.591733,1.218271],""pnp_camera_quat_xyzw"":[-0.039698,0.001805,-0.141115,0.989195],""pnp_camera_rpy_deg"":[-4.533909,-0.437323,-16.220311],""pnp_reprojection_error_px"":0.211522},{""tag_id"":17,""target_match"":true,""family"":""tag25h9"",""hamming"":0,""decision_margin"":161.990143,""pixel_xy"":[903.382903,320.733879],""world_xy_yaw"":[0.392083,0.973505,0.208349],""pnp_valid"":true,""pnp_camera_xyz"":[0.514733,-0.065078,1.265669],""pnp_camera_quat_xyzw"":[-0.025806,-0.007568,0.102822,0.994336],""pnp_camera_rpy_deg"":[-3.03112,-0.558323,11.822423],""pnp_reprojection_error_px"":0.038057}]",1,0.038057,161.990143,90.564803,,0,,0,,
2026-08-12T11:14:34.464863+00:00,6049.748528112,onboard_target_060_static,0,"[0.0,0.0,0.0,0.0]",0,0,0,0,,,,,,,,,,,,,,,,,,,,,,,,,,,,0,,0,,,"[NaN,NaN,NaN]","[NaN,NaN,NaN,NaN]","[NaN,NaN,NaN,NaN,NaN,NaN]",0.001124,130,1,"[15,16,17]","[0.390289,0.97353,0.223637]","[{""tag_id"":15,""target_match"":true,""family"":""tag25h9"",""hamming"":0,""decision_margin"":65.038528,""pixel_xy"":[950.046268,550.797338],""world_xy_yaw"":[0.470478,0.692827,-0.299719],""pnp_valid"":true,""pnp_camera_xyz"":[0.59686,0.450804,1.213638],""pnp_camera_quat_xyzw"":[-0.030664,-0.007548,-0.143443,0.989155],""pnp_camera_rpy_deg"":[-3.354568,-1.359758,-16.46267],""pnp_reprojection_error_px"":0.099416},{""tag_id"":16,""target_match"":true,""family"":""tag25h9"",""hamming"":0,""decision_margin"":152.469955,""pixel_xy"":[969.678283,612.402658],""world_xy_yaw"":[0.503459,0.617669,-0.309428],""pnp_valid"":true,""pnp_camera_xyz"":[0.643222,0.591104,1.217724],""pnp_camera_quat_xyzw"":[-0.039589,-0.000155,-0.142232,0.989041],""pnp_camera_rpy_deg"":[-4.489205,-0.662776,-16.340985],""pnp_reprojection_error_px"":0.152076},{""tag_id"":17,""target_match"":true,""family"":""tag25h9"",""hamming"":0,""decision_margin"":159.362457,""pixel_xy"":[902.315024,320.713267],""world_xy_yaw"":[0.390289,0.97353,0.223637],""pnp_valid"":true,""pnp_camera_xyz"":[0.511999,-0.065082,1.264942],""pnp_camera_quat_xyzw"":[-0.021228,-0.005562,0.110342,0.993651],""pnp_camera_rpy_deg"":[-2.488291,-0.364942,12.681055],""pnp_reprojection_error_px"":0.051933}]",1,0.051933,159.362457,91.368355,,0,,0,,
2026-08-12T11:14:34.516689+00:00,6049.800345212,onboard_target_060_static,0,"[0.0,0.0,0.0,0.0]",0,0,0,0,,,,,,,,,,,,,,,,,,,,,,,,,,,,0,,0,,,"[NaN,NaN,NaN]","[NaN,NaN,NaN,NaN]","[NaN,NaN,NaN,NaN,NaN,NaN]",0.003123,131,1,"[15,16,17]","[0.389333,0.973483,0.228381]","[{""tag_id"":15,""target_match"":true,""family"":""tag25h9"",""hamming"":0,""decision_margin"":65.652557,""pixel_xy"":[949.920501,550.786396],""world_xy_yaw"":[0.470266,0.692841,-0.302004],""pnp_valid"":true,""pnp_camera_xyz"":[0.596553,0.450776,1.213707],""pnp_camera_quat_xyzw"":[-0.030247,-0.008386,-0.143639,0.989132],""pnp_camera_rpy_deg"":[-3.293237,-1.448522,-16.483499],""pnp_reprojection_error_px"":0.06962},{""tag_id"":16,""target_match"":true,""family"":""tag25h9"",""hamming"":0,""decision_margin"":154.257294,""pixel_xy"":[969.621301,612.341906],""world_xy_yaw"":[0.503364,0.617743,-0.310714],""pnp_valid"":true,""pnp_camera_xyz"":[0.643119,0.591086,1.217874],""pnp_camera_quat_xyzw"":[-0.038413,0.000624,-0.142736,0.989015],""pnp_camera_rpy_deg"":[-4.368089,-0.557594,-16.403332],""pnp_reprojection_error_px"":0.1763},{""tag_id"":17,""target_match"":true,""family"":""tag25h9"",""hamming"":0,""decision_margin"":156.735138,""pixel_xy"":[901.745849,320.751902],""world_xy_yaw"":[0.389333,0.973483,0.228381],""pnp_valid"":true,""pnp_camera_xyz"":[0.510766,-0.065028,1.265292],""pnp_camera_quat_xyzw"":[-0.019949,-0.004273,0.113501,0.993328],""pnp_camera_rpy_deg"":[-2.326964,-0.226916,13.041724],""pnp_reprojection_error_px"":0.026373}]",1,0.026373,156.735138,89.506391,,0,,0,,
2026-08-12T11:14:34.563936+00:00,6049.847611229,onboard_target_060_static,0,"[0.0,0.0,0.0,0.0]",0,0,0,0,,,,,,,,,,,,,,,,,,,,,,,,,,,,0,,0,,,"[NaN,NaN,NaN]","[NaN,NaN,NaN,NaN]","[NaN,NaN,NaN,NaN,NaN,NaN]",0.000406,133,1,"[15,16,17]","[0.3873,0.973279,0.238488]","[{""tag_id"":15,""target_match"":true,""family"":""tag25h9"",""hamming"":0,""decision_margin"":65.065506,""pixel_xy"":[949.603277,550.800663],""world_xy_yaw"":[0.469733,0.692823,-0.300222],""pnp_valid"":true,""pnp_camera_xyz"":[0.597007,0.451602,1.215994],""pnp_camera_quat_xyzw"":[-0.032126,-0.00616,-0.14437,0.988983],""pnp_camera_rpy_deg"":[-3.541973,-1.229642,-16.572569],""pnp_reprojection_error_px"":0.080833},{""tag_id"":16,""target_match"":true,""family"":""tag25h9"",""hamming"":0,""decision_margin"":152.185287,""pixel_xy"":[969.4317,612.22594],""world_xy_yaw"":[0.503045,0.617884,-0.313873],""pnp_valid"":true,""pnp_camera_xyz"":[0.643839,0.591936,1.219992],""pnp_camera_quat_xyzw"":[-0.039885,0.001502,-0.144711,0.988669],""pnp_camera_rpy_deg"":[-4.548569,-0.491269,-16.635],""pnp_reprojection_error_px"":0.169389},{""tag_id"":17,""target_match"":true,""family"":""tag25h9"",""hamming"":0,""decision_margin"":159.668671,""pixel_xy"":[900.535457,320.91858],""world_xy_yaw"":[0.3873,0.973279,0.238488],""pnp_valid"":true,""pnp_camera_xyz"":[0.508084,-0.064691,1.265763],""pnp_camera_quat_xyzw"":[-0.022886,-0.004187,0.119392,0.992575],""pnp_camera_rpy_deg"":[-2.661286,-0.163124,13.721563],""pnp_reprojection_error_px"":0.006206}]",1,0.006206,159.668671,86.086118,,0,,0,,
2026-08-12T11:14:34.613880+00:00,6049.897551879,onboard_target_060_static,0,"[0.0,0.0,0.0,0.0]",0,0,0,0,,,,,,,,,,,,,,,,,,,,,,,,,,,,0,,0,,,"[NaN,NaN,NaN]","[NaN,NaN,NaN,NaN]","[NaN,NaN,NaN,NaN,NaN,NaN]",0.000938,134,1,"[15,16,17]","[0.386174,0.97322,0.242602]","[{""tag_id"":15,""target_match"":true,""family"":""tag25h9"",""hamming"":0,""decision_margin"":64.015091,""pixel_xy"":[949.447748,550.796153],""world_xy_yaw"":[0.469472,0.692829,-0.303994],""pnp_valid"":true,""pnp_camera_xyz"":[0.595888,0.451028,1.214485],""pnp_camera_quat_xyzw"":[-0.030724,-0.006895,-0.145632,0.988838],""pnp_camera_rpy_deg"":[-3.369109,-1.294152,-16.71803],""pnp_reprojection_error_px"":0.066997},{""tag_id"":16,""target_match"":true,""family"":""tag25h9"",""hamming"":0,""decision_margin"":153.461761,""pixel_xy"":[969.364521,612.236429],""world_xy_yaw"":[0.502932,0.617872,-0.313467],""pnp_valid"":true,""pnp_camera_xyz"":[0.643705,0.591943,1.220115],""pnp_camera_quat_xyzw"":[-0.039684,0.001605,-0.144387,0.988724],""pnp_camera_rpy_deg"":[-4.527546,-0.474697,-16.598003],""pnp_reprojection_error_px"":0.182818},{""tag_id"":17,""target_match"":true,""family"":""tag25h9"",""hamming"":0,""decision_margin"":155.884247,""pixel_xy"":[899.865266,320.967517],""world_xy_yaw"":[0.386174,0.97322,0.242602],""pnp_valid"":true,""pnp_camera_xyz"":[0.506738,-0.064597,1.26621],""pnp_camera_quat_xyzw"":[-0.025478,-0.005046,0.121086,0.992302],""pnp_camera_rpy_deg"":[-2.968449,-0.220228,13.920014],""pnp_reprojection_error_px"":0.007707}]",1,0.007707,155.884247,86.705515,,0,,0,,
2026-08-12T11:14:34.664468+00:00,6049.948138823,onboard_target_060_static,0,"[0.0,0.0,0.0,0.0]",0,0,0,0,,,,,,,,,,,,,,,,,,,,,,,,,,,,0,,0,,,"[NaN,NaN,NaN]","[NaN,NaN,NaN,NaN]","[NaN,NaN,NaN,NaN,NaN,NaN]",0.000773,136,1,"[16,17]","[0.383983,0.973292,0.251577]","[{""tag_id"":16,""target_match"":true,""family"":""tag25h9"",""hamming"":0,""decision_margin"":152.749451,""pixel_xy"":[969.12379,612.172628],""world_xy_yaw"":[0.502528,0.617949,-0.316664],""pnp_valid"":true,""pnp_camera_xyz"":[0.644116,0.592766,1.22194],""pnp_camera_quat_xyzw"":[-0.040274,0.002939,-0.146352,0.988408],""pnp_camera_rpy_deg"":[-4.615876,-0.342512,-16.831227],""pnp_reprojection_error_px"":0.192854},{""tag_id"":17,""target_match"":true,""family"":""tag25h9"",""hamming"":0,""decision_margin"":162.10199,""pixel_xy"":[898.561612,320.908197],""world_xy_yaw"":[0.383983,0.973292,0.251577],""pnp_valid"":true,""pnp_camera_xyz"":[0.503934,-0.064758,1.266686],""pnp_camera_quat_xyzw"":[-0.030396,-0.006832,0.125116,0.991653],""pnp_camera_rpy_deg"":[-3.554311,-0.340573,14.392453],""pnp_reprojection_error_px"":0.018227}]",1,0.018227,162.10199,88.121172,,0,,0,,
2026-08-12T11:14:34.714196+00:00,6049.997860802,onboard_target_060_static,0,"[0.0,0.0,0.0,0.0]",0,0,0,0,,,,,,,,,,,,,,,,,,,,,,,,,,,,0,,0,,,"[NaN,NaN,NaN]","[NaN,NaN,NaN,NaN]","[NaN,NaN,NaN,NaN,NaN,NaN]",0.001160,137,1,"[16,17]","[0.382879,0.973409,0.253635]","[{""tag_id"":16,""target_match"":true,""family"":""tag25h9"",""hamming"":0,""decision_margin"":155.92746,""pixel_xy"":[968.959293,612.131392],""world_xy_yaw"":[0.502252,0.618,-0.318005],""pnp_valid"":true,""pnp_camera_xyz"":[0.643701,0.592567,1.221648],""pnp_camera_quat_xyzw"":[-0.040469,0.001635,-0.147238,0.988272],""pnp_camera_rpy_deg"":[-4.615807,-0.497683,-16.927706],""pnp_reprojection_error_px"":0.151853},{""tag_id"":17,""target_match"":true,""family"":""tag25h9"",""hamming"":0,""decision_margin"":164.864395,""pixel_xy"":[897.904394,320.812059],""world_xy_yaw"":[0.382879,0.973409,0.253635],""pnp_valid"":true,""pnp_camera_xyz"":[0.502002,-0.064943,1.26572],""pnp_camera_quat_xyzw"":[-0.030306,-0.007878,0.126287,0.991499],""pnp_camera_rpy_deg"":[-3.559713,-0.456469,14.531523],""pnp_reprojection_error_px"":0.010331}]",1,0.010331,164.864395,86.01586,,0,,0,,
2026-08-12T11:14:34.763633+00:00,6050.047305050,onboard_target_060_static,0,"[0.0,0.0,0.0,0.0]",0,0,0,0,,,,,,,,,,,,,,,,,,,,,,,,,,,,0,,0,,,"[NaN,NaN,NaN]","[NaN,NaN,NaN,NaN]","[NaN,NaN,NaN,NaN,NaN,NaN]",0.000481,139,1,"[16,17]","[0.380424,0.973669,0.259402]","[{""tag_id"":16,""target_match"":true,""family"":""tag25h9"",""hamming"":0,""decision_margin"":152.144089,""pixel_xy"":[968.680783,612.227201],""world_xy_yaw"":[0.501784,0.617883,-0.319418],""pnp_valid"":true,""pnp_camera_xyz"":[0.641703,0.591243,1.218797],""pnp_camera_quat_xyzw"":[-0.039692,-0.000622,-0.148586,0.988102],""pnp_camera_rpy_deg"":[-4.488671,-0.746287,-17.074313],""pnp_reprojection_error_px"":0.072382},{""tag_id"":17,""target_match"":true,""family"":""tag25h9"",""hamming"":0,""decision_margin"":163.292725,""pixel_xy"":[896.442788,320.599323],""world_xy_yaw"":[0.380424,0.973669,0.259402],""pnp_valid"":true,""pnp_camera_xyz"":[0.498534,-0.065435,1.26537],""pnp_camera_quat_xyzw"":[-0.025012,-0.005177,0.12898,0.991318],""pnp_camera_rpy_deg"":[-2.919133,-0.218413,14.83171],""pnp_reprojection_error_px"":0.033174}]",1,0.033174,163.292725,84.30858,,0,,0,,
2026-08-12T11:14:34.814057+00:00,6050.097721324,onboard_target_060_static,0,"[0.0,0.0,0.0,0.0]",0,0,0,0,,,,,,,,,,,,,,,,,,,,,,,,,,,,0,,0,,,"[NaN,NaN,NaN]","[NaN,NaN,NaN,NaN]","[NaN,NaN,NaN,NaN,NaN,NaN]",0.001058,140,1,"[16,17]","[0.37917,0.973791,0.261111]","[{""tag_id"":16,""target_match"":true,""family"":""tag25h9"",""hamming"":0,""decision_margin"":152.723984,""pixel_xy"":[968.627553,612.293041],""world_xy_yaw"":[0.501694,0.617802,-0.319546],""pnp_valid"":true,""pnp_camera_xyz"":[0.641241,0.591054,1.218247],""pnp_camera_quat_xyzw"":[-0.038887,-0.000395,-0.148566,0.988138],""pnp_camera_rpy_deg"":[-4.401197,-0.706719,-17.073553],""pnp_reprojection_error_px"":0.099106},{""tag_id"":17,""target_match"":true,""family"":""tag25h9"",""hamming"":0,""decision_margin"":156.935974,""pixel_xy"":[895.696706,320.498858],""world_xy_yaw"":[0.37917,0.973791,0.261111],""pnp_valid"":true,""pnp_camera_xyz"":[0.496865,-0.065632,1.265558],""pnp_camera_quat_xyzw"":[-0.023415,-0.003252,0.130135,0.991214],""pnp_camera_rpy_deg"":[-2.709109,-0.02016,14.959473],""pnp_reprojection_error_px"":0.023734}]",1,0.023734,156.935974,82.682965,,0,,0,,
2026-08-12T11:14:34.863747+00:00,6050.147419157,onboard_target_060_static,0,"[0.0,0.0,0.0,0.0]",0,0,0,0,,,,,,,,,,,,,,,,,,,,,,,,,,,,0,,0,,,"[NaN,NaN,NaN]","[NaN,NaN,NaN,NaN]","[NaN,NaN,NaN,NaN,NaN,NaN]",0.000452,142,1,"[16,17]","[0.376633,0.973964,0.26517]","[{""tag_id"":16,""target_match"":true,""family"":""tag25h9"",""hamming"":0,""decision_margin"":151.072617,""pixel_xy"":[968.462959,612.375987],""world_xy_yaw"":[0.501418,0.617701,-0.324332],""pnp_valid"":true,""pnp_camera_xyz"":[0.640691,0.591164,1.217995],""pnp_camera_quat_xyzw"":[-0.038707,-0.000743,-0.150057,0.987919],""pnp_camera_rpy_deg"":[-4.37374,-0.749699,-17.244907],""pnp_reprojection_error_px"":0.11781},{""tag_id"":17,""target_match"":true,""family"":""tag25h9"",""hamming"":0,""decision_margin"":158.103592,""pixel_xy"":[894.186184,320.357352],""world_xy_yaw"":[0.376633,0.973964,0.26517],""pnp_valid"":true,""pnp_camera_xyz"":[0.493397,-0.065936,1.265635],""pnp_camera_quat_xyzw"":[-0.021059,-0.00324,0.132075,0.991011],""pnp_camera_rpy_deg"":[-2.441223,-0.049183,15.183595],""pnp_reprojection_error_px"":0.0293}]",1,0.0293,158.103592,84.188445,,0,,0,,
2026-08-12T11:14:34.914289+00:00,6050.197955954,onboard_target_060_static,0,"[0.0,0.0,0.0,0.0]",0,0,0,0,,,,,,,,,,,,,,,,,,,,,,,,,,,,0,,0,,,"[NaN,NaN,NaN]","[NaN,NaN,NaN,NaN]","[NaN,NaN,NaN,NaN,NaN,NaN]",0.001215,143,1,"[16,17]","[0.375429,0.974007,0.264768]","[{""tag_id"":16,""target_match"":true,""family"":""tag25h9"",""hamming"":0,""decision_margin"":151.323883,""pixel_xy"":[968.36029,612.400524],""world_xy_yaw"":[0.501245,0.617671,-0.324522],""pnp_valid"":true,""pnp_camera_xyz"":[0.64117,0.591888,1.219267],""pnp_camera_quat_xyzw"":[-0.040052,0.000635,-0.1511,0.987707],""pnp_camera_rpy_deg"":[-4.549294,-0.621617,-17.370717],""pnp_reprojection_error_px"":0.100288},{""tag_id"":17,""target_match"":true,""family"":""tag25h9"",""hamming"":0,""decision_margin"":157.042938,""pixel_xy"":[893.469703,320.322224],""world_xy_yaw"":[0.375429,0.974007,0.264768],""pnp_valid"":true,""pnp_camera_xyz"":[0.491919,-0.066103,1.26626],""pnp_camera_quat_xyzw"":[-0.022641,-0.003448,0.13265,0.990898],""pnp_camera_rpy_deg"":[-2.624145,-0.047339,15.250624],""pnp_reprojection_error_px"":0.005566}]",1,0.005566,157.042938,83.893632,,0,,0,,
2026-08-12T11:14:34.964162+00:00,6050.247832632,onboard_target_060_static,0,"[0.0,0.0,0.0,0.0]",0,0,0,0,,,,,,,,,,,,,,,,,,,,,,,,,,,,0,,0,,,"[NaN,NaN,NaN]","[NaN,NaN,NaN,NaN]","[NaN,NaN,NaN,NaN,NaN,NaN]",0.000798,145,1,"[16,17]","[0.373185,0.97358,0.268984]","[{""tag_id"":16,""target_match"":true,""family"":""tag25h9"",""hamming"":0,""decision_margin"":155.442123,""pixel_xy"":[968.247336,612.609826],""world_xy_yaw"":[0.501055,0.617416,-0.326165],""pnp_valid"":true,""pnp_camera_xyz"":[0.640224,0.591602,1.217917],""pnp_camera_quat_xyzw"":[-0.038472,-0.000653,-0.151797,0.987662],""pnp_camera_rpy_deg"":[-4.347316,-0.743178,-17.446988],""pnp_reprojection_error_px"":0.095164},{""tag_id"":17,""target_match"":true,""family"":""tag25h9"",""hamming"":0,""decision_margin"":158.503815,""pixel_xy"":[892.133964,320.672384],""world_xy_yaw"":[0.373185,0.97358,0.268984],""pnp_valid"":true,""pnp_camera_xyz"":[0.48904,-0.065273,1.266586],""pnp_camera_quat_xyzw"":[-0.02742,-0.003472,0.133826,0.990619],""pnp_camera_rpy_deg"":[-3.167529,0.026385,15.38665],""pnp_reprojection_error_px"":0.034989}]",1,0.034989,158.503815,83.089169,,0,,0,,
2026-08-12T11:14:35.013516+00:00,6050.297189953,onboard_target_060_static,0,"[0.0,0.0,0.0,0.0]",0,0,0,0,,,,,,,,,,,,,,,,,,,,,,,,,,,,0,,0,,,"[NaN,NaN,NaN]","[NaN,NaN,NaN,NaN]","[NaN,NaN,NaN,NaN,NaN,NaN]",0.000649,146,1,"[16,17]","[0.372331,0.973055,0.268235]","[{""tag_id"":16,""target_match"":true,""family"":""tag25h9"",""hamming"":0,""decision_margin"":154.561386,""pixel_xy"":[968.179313,612.708051],""world_xy_yaw"":[0.500941,0.617296,-0.328764],""pnp_valid"":true,""pnp_camera_xyz"":[0.639858,0.591647,1.217532],""pnp_camera_quat_xyzw"":[-0.03877,-0.000907,-0.152726,0.987507],""pnp_camera_rpy_deg"":[-4.37598,-0.78119,-17.553357],""pnp_reprojection_error_px"":0.099226},{""tag_id"":17,""target_match"":true,""family"":""tag25h9"",""hamming"":0,""decision_margin"":161.001694,""pixel_xy"":[891.625492,321.102404],""world_xy_yaw"":[0.372331,0.973055,0.268235],""pnp_valid"":true,""pnp_camera_xyz"":[0.487879,-0.064345,1.266754],""pnp_camera_quat_xyzw"":[-0.031644,-0.00287,0.134265,0.990436],""pnp_camera_rpy_deg"":[-3.638023,0.161107,15.434953],""pnp_reprojection_error_px"":0.022994}]",1,0.022994,161.001694,82.312381,,0,,0,,
2026-08-12T11:14:35.064624+00:00,6050.348288638,onboard_target_060_static,0,"[0.0,0.0,0.0,0.0]",0,0,0,0,,,,,,,,,,,,,,,,,,,,,,,,,,,,0,,0,,,"[NaN,NaN,NaN]","[NaN,NaN,NaN,NaN]","[NaN,NaN,NaN,NaN,NaN,NaN]",0.000968,148,1,"[15,16,17]","[0.370707,0.972485,0.270753]","[{""tag_id"":15,""target_match"":true,""family"":""tag25h9"",""hamming"":0,""decision_margin"":70.777077,""pixel_xy"":[947.059861,551.705441],""world_xy_yaw"":[0.465461,0.691719,-0.321862],""pnp_valid"":true,""pnp_camera_xyz"":[0.59179,0.454122,1.217094],""pnp_camera_quat_xyzw"":[-0.031609,-0.005246,-0.154455,0.98748],""pnp_camera_rpy_deg"":[-3.48678,-1.153164,-17.744495],""pnp_reprojection_error_px"":0.071109},{""tag_id"":16,""target_match"":true,""family"":""tag25h9"",""hamming"":0,""decision_margin"":155.216644,""pixel_xy"":[968.005756,612.910139],""world_xy_yaw"":[0.50065,0.61705,-0.329311],""pnp_valid"":true,""pnp_camera_xyz"":[0.63943,0.591953,1.217189],""pnp_camera_quat_xyzw"":[-0.039163,-0.001362,-0.154057,0.987285],""pnp_camera_rpy_deg"":[-4.411456,-0.845536,-17.705371],""pnp_reprojection_error_px"":0.037176},{""tag_id"":17,""target_match"":true,""family"":""tag25h9"",""hamming"":0,""decision_margin"":163.241806,""pixel_xy"":[890.659116,321.569295],""world_xy_yaw"":[0.370707,0.972485,0.270753],""pnp_valid"":true,""pnp_camera_xyz"":[0.486306,-0.063302,1.268384],""pnp_camera_quat_xyzw"":[-0.02952,-0.002377,0.135039,0.990398],""pnp_camera_rpy_deg"":[-3.389046,0.187077,15.523103],""pnp_reprojection_error_px"":0.031072}]",1,0.031072,163.241806,82.424537,,0,,0,,
2026-08-12T11:14:35.114775+00:00,6050.398439397,onboard_target_060_static,0,"[0.0,0.0,0.0,0.0]",0,0,0,0,,,,,,,,,,,,,,,,,,,,,,,,,,,,0,,0,,,"[NaN,NaN,NaN]","[NaN,NaN,NaN,NaN]","[NaN,NaN,NaN,NaN,NaN,NaN]",0.001605,149,1,"[15,16,17]","[0.370059,0.972326,0.271582]","[{""tag_id"":15,""target_match"":true,""family"":""tag25h9"",""hamming"":0,""decision_margin"":73.306145,""pixel_xy"":[946.949172,551.779399],""world_xy_yaw"":[0.465275,0.691629,-0.324657],""pnp_valid"":true,""pnp_camera_xyz"":[0.591294,0.454177,1.216573],""pnp_camera_quat_xyzw"":[-0.031886,-0.005669,-0.155325,0.987332],""pnp_camera_rpy_deg"":[-3.509641,-1.208984,-17.843745],""pnp_reprojection_error_px"":0.100234},{""tag_id"":16,""target_match"":true,""family"":""tag25h9"",""hamming"":0,""decision_margin"":155.514252,""pixel_xy"":[967.963359,613.035844],""world_xy_yaw"":[0.500578,0.616896,-0.331109],""pnp_valid"":true,""pnp_camera_xyz"":[0.638974,0.591876,1.216545],""pnp_camera_quat_xyzw"":[-0.039187,-0.001816,-0.15457,0.987203],""pnp_camera_rpy_deg"":[-4.405739,-0.899611,-17.762911],""pnp_reprojection_error_px"":0.057777},{""tag_id"":17,""target_match"":true,""family"":""tag25h9"",""hamming"":0,""decision_margin"":161.334076,""pixel_xy"":[890.273362,321.699673],""world_xy_yaw"":[0.370059,0.972326,0.271582],""pnp_valid"":true,""pnp_camera_xyz"":[0.485272,-0.062974,1.268032],""pnp_camera_quat_xyzw"":[-0.027301,-0.003595,0.135273,0.990426],""pnp_camera_rpy_deg"":[-3.155845,0.015185,15.554351],""pnp_reprojection_error_px"":0.028991}]",1,0.028991,161.334076,83.095716,,0,,0,,
2026-08-12T11:14:35.163749+00:00,6050.447421352,onboard_target_060_static,0,"[0.0,0.0,0.0,0.0]",0,0,0,0,,,,,,,,,,,,,,,,,,,,,,,,,,,,0,,0,,,"[NaN,NaN,NaN]","[NaN,NaN,NaN,NaN]","[NaN,NaN,NaN,NaN,NaN,NaN]",0.000458,151,1,"[15,16,17]","[0.369007,0.97203,0.274802]","[{""tag_id"":15,""target_match"":true,""family"":""tag25h9"",""hamming"":0,""decision_margin"":74.577736,""pixel_xy"":[946.758887,552.074363],""world_xy_yaw"":[0.464955,0.691269,-0.326163],""pnp_valid"":true,""pnp_camera_xyz"":[0.591199,0.455015,1.21732],""pnp_camera_quat_xyzw"":[-0.032477,-0.004479,-0.156619,0.987115],""pnp_camera_rpy_deg"":[-3.596307,-1.089551,-17.996924],""pnp_reprojection_error_px"":0.056592},{""tag_id"":16,""target_match"":true,""family"":""tag25h9"",""hamming"":0,""decision_margin"":154.647308,""pixel_xy"":[967.905537,613.26515],""world_xy_yaw"":[0.500481,0.616617,-0.332905],""pnp_valid"":true,""pnp_camera_xyz"":[0.638673,0.59219,1.216202],""pnp_camera_quat_xyzw"":[-0.039287,-0.002211,-0.155382,0.987071],""pnp_camera_rpy_deg"":[-4.40938,-0.949648,-17.855264],""pnp_reprojection_error_px"":0.067299},{""tag_id"":17,""target_match"":true,""family"":""tag25h9"",""hamming"":0,""decision_margin"":159.817978,""pixel_xy"":[889.646867,321.942241],""world_xy_yaw"":[0.369007,0.97203,0.274802],""pnp_valid"":true,""pnp_camera_xyz"":[0.483409,-0.06233,1.266932],""pnp_camera_quat_xyzw"":[-0.02277,-0.005825,0.136331,0.990384],""pnp_camera_rpy_deg"":[-2.676201,-0.305369,15.6827],""pnp_reprojection_error_px"":0.034907}]",1,0.034907,159.817978,83.343964,,0,,0,,
2026-08-12T11:14:35.214045+00:00,6050.497707015,onboard_target_060_static,0,"[0.0,0.0,0.0,0.0]",0,0,0,0,,,,,,,,,,,,,,,,,,,,,,,,,,,,0,,0,,,"[NaN,NaN,NaN]","[NaN,NaN,NaN,NaN]","[NaN,NaN,NaN,NaN,NaN,NaN]",0.001051,152,1,"[15,16,17]","[0.36862,0.971887,0.274078]","[{""tag_id"":15,""target_match"":true,""family"":""tag25h9"",""hamming"":0,""decision_margin"":75.609215,""pixel_xy"":[946.663995,552.201857],""world_xy_yaw"":[0.464795,0.691114,-0.32571],""pnp_valid"":true,""pnp_camera_xyz"":[0.590698,0.45506,1.216733],""pnp_camera_quat_xyzw"":[-0.031763,-0.00475,-0.156361,0.987178],""pnp_camera_rpy_deg"":[-3.510842,-1.106474,-17.966973],""pnp_reprojection_error_px"":0.049245},{""tag_id"":16,""target_match"":true,""family"":""tag25h9"",""hamming"":0,""decision_margin"":152.521149,""pixel_xy"":[967.902332,613.365675],""world_xy_yaw"":[0.500476,0.616494,-0.336569],""pnp_valid"":true,""pnp_camera_xyz"":[0.63844,0.592267,1.215872],""pnp_camera_quat_xyzw"":[-0.039638,-0.002898,-0.156113,0.986939],""pnp_camera_rpy_deg"":[-4.436186,-1.036907,-17.936891],""pnp_reprojection_error_px"":0.081416},{""tag_id"":17,""target_match"":true,""family"":""tag25h9"",""hamming"":0,""decision_margin"":157.849625,""pixel_xy"":[889.416826,322.060181],""world_xy_yaw"":[0.36862,0.971887,0.274078],""pnp_valid"":true,""pnp_camera_xyz"":[0.482777,-0.062063,1.266824],""pnp_camera_quat_xyzw"":[-0.022805,-0.005941,0.136593,0.990347],""pnp_camera_rpy_deg"":[-2.682077,-0.317285,15.713356],""pnp_reprojection_error_px"":0.009408}]",1,0.009408,157.849625,83.781034,,0,,0,,
2026-08-12T11:14:35.263748+00:00,6050.547420764,onboard_target_060_static,0,"[0.0,0.0,0.0,0.0]",0,0,0,0,,,,,,,,,,,,,,,,,,,,,,,,,,,,0,,0,,,"[NaN,NaN,NaN]","[NaN,NaN,NaN,NaN]","[NaN,NaN,NaN,NaN,NaN,NaN]",0.000455,154,1,"[15,16,17]","[0.367881,0.971637,0.27117]","[{""tag_id"":15,""target_match"":true,""family"":""tag25h9"",""hamming"":0,""decision_margin"":73.072212,""pixel_xy"":[946.498032,552.418746],""world_xy_yaw"":[0.464517,0.690849,-0.327392],""pnp_valid"":true,""pnp_camera_xyz"":[0.590343,0.455501,1.216719],""pnp_camera_quat_xyzw"":[-0.032418,-0.004951,-0.157387,0.986992],""pnp_camera_rpy_deg"":[-3.58023,-1.144672,-18.084552],""pnp_reprojection_error_px"":0.049791},{""tag_id"":16,""target_match"":true,""family"":""tag25h9"",""hamming"":0,""decision_margin"":153.767654,""pixel_xy"":[967.859165,613.555614],""world_xy_yaw"":[0.500403,0.616262,-0.336205],""pnp_valid"":true,""pnp_camera_xyz"":[0.638809,0.59305,1.216684],""pnp_camera_quat_xyzw"":[-0.040224,-0.001231,-0.1574,0.986715],""pnp_camera_rpy_deg"":[-4.531126,-0.864685,-18.09261],""pnp_reprojection_error_px"":0.082381},{""tag_id"":17,""target_match"":true,""family"":""tag25h9"",""hamming"":0,""decision_margin"":159.052109,""pixel_xy"":[888.976873,322.264636],""world_xy_yaw"":[0.367881,0.971637,0.27117],""pnp_valid"":true,""pnp_camera_xyz"":[0.481716,-0.061562,1.266617],""pnp_camera_quat_xyzw"":[-0.020598,-0.00204,0.135202,0.990602],""pnp_camera_rpy_deg"":[-2.370409,0.087548,15.542165],""pnp_reprojection_error_px"":0.026711}]",1,0.026711,159.052109,85.852467,,0,,0,,
2026-08-12T11:14:35.314116+00:00,6050.597780001,onboard_target_060_static,0,"[0.0,0.0,0.0,0.0]",0,0,0,0,,,,,,,,,,,,,,,,,,,,,,,,,,,,0,,0,,,"[NaN,NaN,NaN]","[NaN,NaN,NaN,NaN]","[NaN,NaN,NaN,NaN,NaN,NaN]",0.001112,155,1,"[15,16,17]","[0.367599,0.971535,0.267217]","[{""tag_id"":15,""target_match"":true,""family"":""tag25h9"",""hamming"":0,""decision_margin"":71.448517,""pixel_xy"":[946.428571,552.511276],""world_xy_yaw"":[0.4644,0.690736,-0.329396],""pnp_valid"":true,""pnp_camera_xyz"":[0.589698,0.455343,1.215734],""pnp_camera_quat_xyzw"":[-0.031887,-0.005511,-0.157975,0.986913],""pnp_camera_rpy_deg"":[-3.509391,-1.200632,-18.151596],""pnp_reprojection_error_px"":0.045176},{""tag_id"":16,""target_match"":true,""family"":""tag25h9"",""hamming"":0,""decision_margin"":155.958023,""pixel_xy"":[967.851783,613.605621],""world_xy_yaw"":[0.500391,0.616201,-0.337228],""pnp_valid"":true,""pnp_camera_xyz"":[0.638468,0.592912,1.216077],""pnp_camera_quat_xyzw"":[-0.040147,-0.00157,-0.15747,0.986706],""pnp_camera_rpy_deg"":[-4.516229,-0.901936,-18.099347],""pnp_reprojection_error_px"":0.070384},{""tag_id"":17,""target_match"":true,""family"":""tag25h9"",""hamming"":0,""decision_margin"":158.103043,""pixel_xy"":[888.808758,322.348689],""world_xy_yaw"":[0.367599,0.971535,0.267217],""pnp_valid"":true,""pnp_camera_xyz"":[0.481456,-0.061444,1.267058],""pnp_camera_quat_xyzw"":[-0.022327,-0.001029,0.133933,0.990738],""pnp_camera_rpy_deg"":[-2.551449,0.22587,15.39266],""pnp_reprojection_error_px"":0.016725}]",1,0.016725,158.103043,84.846114,,0,,0,,
2026-08-12T11:14:35.363728+00:00,6050.647400436,onboard_target_060_static,0,"[0.0,0.0,0.0,0.0]",0,0,0,0,,,,,,,,,,,,,,,,,,,,,,,,,,,,0,,0,,,"[NaN,NaN,NaN]","[NaN,NaN,NaN,NaN]","[NaN,NaN,NaN,NaN,NaN,NaN]",0.000456,157,1,"[15,16,17]","[0.367086,0.97154,0.259535]","[{""tag_id"":15,""target_match"":true,""family"":""tag25h9"",""hamming"":0,""decision_margin"":72.757988,""pixel_xy"":[946.288398,552.684738],""world_xy_yaw"":[0.464164,0.690525,-0.330794],""pnp_valid"":true,""pnp_camera_xyz"":[0.590033,0.456227,1.217064],""pnp_camera_quat_xyzw"":[-0.0326,-0.004428,-0.159186,0.9867],""pnp_camera_rpy_deg"":[-3.608335,-1.09537,-18.294804],""pnp_reprojection_error_px"":0.046339},{""tag_id"":16,""target_match"":true,""family"":""tag25h9"",""hamming"":0,""decision_margin"":150.506439,""pixel_xy"":[967.806665,613.765339],""world_xy_yaw"":[0.500315,0.616006,-0.338575],""pnp_valid"":true,""pnp_camera_xyz"":[0.638579,0.593392,1.216371],""pnp_camera_quat_xyzw"":[-0.039821,-0.00154,-0.158826,0.986502],""pnp_camera_rpy_deg"":[-4.478657,-0.89892,-18.257056],""pnp_reprojection_error_px"":0.064358},{""tag_id"":17,""target_match"":true,""family"":""tag25h9"",""hamming"":0,""decision_margin"":160.185822,""pixel_xy"":[888.503634,322.343876],""world_xy_yaw"":[0.367086,0.97154,0.259535],""pnp_valid"":true,""pnp_camera_xyz"":[0.480824,-0.061417,1.267327],""pnp_camera_quat_xyzw"":[-0.025304,0.000406,0.130463,0.99113],""pnp_camera_rpy_deg"":[-2.869096,0.424453,14.986875],""pnp_reprojection_error_px"":0.008626}]",1,0.008626,160.185822,86.474218,,0,,0,,
2026-08-12T11:14:35.413915+00:00,6050.697584351,onboard_target_060_static,0,"[0.0,0.0,0.0,0.0]",0,0,0,0,,,,,,,,,,,,,,,,,,,,,,,,,,,,0,,0,,,"[NaN,NaN,NaN]","[NaN,NaN,NaN,NaN]","[NaN,NaN,NaN,NaN,NaN,NaN]",0.000862,158,1,"[15,16,17]","[0.366811,0.971593,0.257246]","[{""tag_id"":15,""target_match"":true,""family"":""tag25h9"",""hamming"":0,""decision_margin"":71.962006,""pixel_xy"":[946.212281,552.72524],""world_xy_yaw"":[0.464037,0.690475,-0.3322],""pnp_valid"":true,""pnp_camera_xyz"":[0.58953,0.456084,1.216338],""pnp_camera_quat_xyzw"":[-0.031872,-0.004863,-0.159754,0.98663],""pnp_camera_rpy_deg"":[-3.517329,-1.133362,-18.360101],""pnp_reprojection_error_px"":0.061052},{""tag_id"":16,""target_match"":true,""family"":""tag25h9"",""hamming"":0,""decision_margin"":149.302567,""pixel_xy"":[967.808248,613.849982],""world_xy_yaw"":[0.500318,0.615903,-0.339894],""pnp_valid"":true,""pnp_camera_xyz"":[0.638396,0.593426,1.216083],""pnp_camera_quat_xyzw"":[-0.039459,-0.001451,-0.159227,0.986452],""pnp_camera_rpy_deg"":[-4.438945,-0.884052,-18.304177],""pnp_reprojection_error_px"":0.078471},{""tag_id"":17,""target_match"":true,""family"":""tag25h9"",""hamming"":0,""decision_margin"":157.203796,""pixel_xy"":[888.340101,322.300656],""world_xy_yaw"":[0.366811,0.971593,0.257246],""pnp_valid"":true,""pnp_camera_xyz"":[0.480502,-0.061538,1.267407],""pnp_camera_quat_xyzw"":[-0.027679,-0.000804,0.12897,0.991262],""pnp_camera_rpy_deg"":[-3.157636,0.317794,14.817063],""pnp_reprojection_error_px"":0.008049}]",1,0.008049,157.203796,87.021588,,0,,0,,
2026-08-12T11:14:35.463760+00:00,6050.747433682,onboard_target_060_static,0,"[0.0,0.0,0.0,0.0]",0,0,0,0,,,,,,,,,,,,,,,,,,,,,,,,,,,,0,,0,,,"[NaN,NaN,NaN]","[NaN,NaN,NaN,NaN]","[NaN,NaN,NaN,NaN,NaN,NaN]",0.000457,160,1,"[15,16,17]","[0.366437,0.971859,0.248156]","[{""tag_id"":15,""target_match"":true,""family"":""tag25h9"",""hamming"":0,""decision_margin"":73.085861,""pixel_xy"":[946.059795,552.878719],""world_xy_yaw"":[0.46378,0.690288,-0.333222],""pnp_valid"":true,""pnp_camera_xyz"":[0.589515,0.456655,1.217034],""pnp_camera_quat_xyzw"":[-0.032488,-0.003967,-0.160663,0.986467],""pnp_camera_rpy_deg"":[-3.602364,-1.046576,-18.467827],""pnp_reprojection_error_px"":0.050441},{""tag_id"":16,""target_match"":true,""family"":""tag25h9"",""hamming"":0,""decision_margin"":152.349533,""pixel_xy"":[967.793142,613.930792],""world_xy_yaw"":[0.500292,0.615804,-0.34263],""pnp_valid"":true,""pnp_camera_xyz"":[0.638487,0.593823,1.216392],""pnp_camera_quat_xyzw"":[-0.039716,-0.00057,-0.160435,0.986247],""pnp_camera_rpy_deg"":[-4.483084,-0.794561,-18.44785],""pnp_reprojection_error_px"":0.072695},{""tag_id"":17,""target_match"":true,""family"":""tag25h9"",""hamming"":0,""decision_margin"":161.455963,""pixel_xy"":[888.117312,322.082936],""world_xy_yaw"":[0.366437,0.971859,0.248156],""pnp_valid"":true,""pnp_camera_xyz"":[0.479932,-0.062066,1.26728],""pnp_camera_quat_xyzw"":[-0.030378,-0.002915,0.124298,0.991776],""pnp_camera_rpy_deg"":[-3.496174,0.101461,14.283975],""pnp_reprojection_error_px"":0.011972}]",1,0.011972,161.455963,87.042152,,0,,0,,
2026-08-12T11:14:35.513916+00:00,6050.797586432,onboard_target_060_static,0,"[0.0,0.0,0.0,0.0]",0,0,0,0,,,,,,,,,,,,,,,,,,,,,,,,,,,,0,,0,,,"[NaN,NaN,NaN]","[NaN,NaN,NaN,NaN]","[NaN,NaN,NaN,NaN,NaN,NaN]",0.000867,161,1,"[15,16,17]","[0.366297,0.972073,0.245939]","[{""tag_id"":15,""target_match"":true,""family"":""tag25h9"",""hamming"":0,""decision_margin"":72.112114,""pixel_xy"":[945.977019,552.939033],""world_xy_yaw"":[0.463641,0.690214,-0.33477],""pnp_valid"":true,""pnp_camera_xyz"":[0.588854,0.456412,1.216062],""pnp_camera_quat_xyzw"":[-0.03221,-0.004654,-0.161086,0.986404],""pnp_camera_rpy_deg"":[-3.55792,-1.120664,-18.514925],""pnp_reprojection_error_px"":0.046535},{""tag_id"":16,""target_match"":true,""family"":""tag25h9"",""hamming"":0,""decision_margin"":150.272415,""pixel_xy"":[967.762758,613.990016],""world_xy_yaw"":[0.500241,0.615732,-0.342743],""pnp_valid"":true,""pnp_camera_xyz"":[0.638334,0.593823,1.216202],""pnp_camera_quat_xyzw"":[-0.039733,-0.000784,-0.16066,0.986209],""pnp_camera_rpy_deg"":[-4.480819,-0.820073,-18.473083],""pnp_reprojection_error_px"":0.077975},{""tag_id"":17,""target_match"":true,""family"":""tag25h9"",""hamming"":0,""decision_margin"":159.76091,""pixel_xy"":[888.034166,321.907243],""world_xy_yaw"":[0.366297,0.972073,0.245939],""pnp_valid"":true,""pnp_camera_xyz"":[0.479715,-0.062501,1.267187],""pnp_camera_quat_xyzw"":[-0.032301,-0.004733,0.122924,0.991879],""pnp_camera_rpy_deg"":[-3.740696,-0.082916,14.1321],""pnp_reprojection_error_px"":0.025661}]",1,0.025661,159.76091,87.857833,,0,,0,,
2026-08-12T11:14:35.563724+00:00,6050.847396792,onboard_target_060_static,0,"[0.0,0.0,0.0,0.0]",0,0,0,0,,,,,,,,,,,,,,,,,,,,,,,,,,,,0,,0,,,"[NaN,NaN,NaN]","[NaN,NaN,NaN,NaN]","[NaN,NaN,NaN,NaN,NaN,NaN]",0.000453,163,1,"[15,16,17]","[0.366129,0.972787,0.237158]","[{""tag_id"":15,""target_match"":true,""family"":""tag25h9"",""hamming"":0,""decision_margin"":71.656967,""pixel_xy"":[945.812438,553.075224],""world_xy_yaw"":[0.463365,0.690048,-0.336899],""pnp_valid"":true,""pnp_camera_xyz"":[0.588245,0.456492,1.215523],""pnp_camera_quat_xyzw"":[-0.031567,-0.005093,-0.162224,0.986236],""pnp_camera_rpy_deg"":[-3.475648,-1.162489,-18.646424],""pnp_reprojection_error_px"":0.054122},{""tag_id"":16,""target_match"":true,""family"":""tag25h9"",""hamming"":0,""decision_margin"":155.776505,""pixel_xy"":[967.698708,614.080326],""world_xy_yaw"":[0.500134,0.615622,-0.345443],""pnp_valid"":true,""pnp_camera_xyz"":[0.638239,0.594113,1.216345],""pnp_camera_quat_xyzw"":[-0.039867,-0.001147,-0.161402,0.986082],""pnp_camera_rpy_deg"":[-4.488782,-0.866997,-18.557538],""pnp_reprojection_error_px"":0.0825},{""tag_id"":17,""target_match"":true,""family"":""tag25h9"",""hamming"":0,""decision_margin"":158.70462,""pixel_xy"":[887.933775,321.321782],""world_xy_yaw"":[0.366129,0.972787,0.237158],""pnp_valid"":true,""pnp_camera_xyz"":[0.47958,-0.063783,1.267465],""pnp_camera_quat_xyzw"":[-0.031431,-0.00393,0.118476,0.992452],""pnp_camera_rpy_deg"":[-3.630346,-0.020233,13.615863],""pnp_reprojection_error_px"":0.020096}]",1,0.020096,158.70462,87.972909,,0,,0,,
2026-08-12T11:14:35.614542+00:00,6050.898208574,onboard_target_060_static,0,"[0.0,0.0,0.0,0.0]",0,0,0,0,,,,,,,,,,,,,,,,,,,,,,,,,,,,0,,0,,,"[NaN,NaN,NaN]","[NaN,NaN,NaN,NaN]","[NaN,NaN,NaN,NaN,NaN,NaN]",0.001414,164,1,"[15,16,17]","[0.366039,0.973168,0.232394]","[{""tag_id"":15,""target_match"":true,""family"":""tag25h9"",""hamming"":0,""decision_margin"":72.622421,""pixel_xy"":[945.683109,553.123158],""world_xy_yaw"":[0.463148,0.68999,-0.338355],""pnp_valid"":true,""pnp_camera_xyz"":[0.587734,0.45646,1.215022],""pnp_camera_quat_xyzw"":[-0.031459,-0.00598,-0.162528,0.986184],""pnp_camera_rpy_deg"":[-3.446709,-1.261821,-18.679008],""pnp_reprojection_error_px"":0.067325},{""tag_id"":16,""target_match"":true,""family"":""tag25h9"",""hamming"":0,""decision_margin"":154.765228,""pixel_xy"":[967.66204,614.105038],""world_xy_yaw"":[0.500072,0.615592,-0.348001],""pnp_valid"":true,""pnp_camera_xyz"":[0.637901,0.593991,1.215866],""pnp_camera_quat_xyzw"":[-0.039861,-0.001511,-0.162161,0.985958],""pnp_camera_rpy_deg"":[-4.480594,-0.911465,-18.64408],""pnp_reprojection_error_px"":0.074223},{""tag_id"":17,""target_match"":true,""family"":""tag25h9"",""hamming"":0,""decision_margin"":159.879364,""pixel_xy"":[887.880305,321.010221],""world_xy_yaw"":[0.366039,0.973168,0.232394],""pnp_valid"":true,""pnp_camera_xyz"":[0.479579,-0.064575,1.267778],""pnp_camera_quat_xyzw"":[-0.030593,-0.003191,0.11625,0.992744],""pnp_camera_rpy_deg"":[-3.524987,0.044495,13.356395],""pnp_reprojection_error_px"":0.009018}]",1,0.009018,159.879364,88.541615,,0,,0,,
2026-08-12T11:14:35.663706+00:00,6050.947378777,onboard_target_060_static,0,"[0.0,0.0,0.0,0.0]",0,0,0,0,,,,,,,,,,,,,,,,,,,,,,,,,,,,0,,0,,,"[NaN,NaN,NaN]","[NaN,NaN,NaN,NaN]","[NaN,NaN,NaN,NaN,NaN,NaN]",0.000450,166,1,"[15,16,17]","[0.365895,0.974091,0.222621]","[{""tag_id"":15,""target_match"":true,""family"":""tag25h9"",""hamming"":0,""decision_margin"":73.373764,""pixel_xy"":[945.45141,553.214826],""world_xy_yaw"":[0.462758,0.689878,-0.342697],""pnp_valid"":true,""pnp_camera_xyz"":[0.586783,0.456387,1.214134],""pnp_camera_quat_xyzw"":[-0.031474,-0.007131,-0.163788,0.985968],""pnp_camera_rpy_deg"":[-3.425285,-1.396501,-18.821828],""pnp_reprojection_error_px"":0.076878},{""tag_id"":16,""target_match"":true,""family"":""tag25h9"",""hamming"":0,""decision_margin"":150.762634,""pixel_xy"":[967.552203,614.18174],""world_xy_yaw"":[0.499888,0.615498,-0.350882],""pnp_valid"":true,""pnp_camera_xyz"":[0.63754,0.594039,1.215624],""pnp_camera_quat_xyzw"":[-0.04007,-0.002886,-0.162856,0.985832],""pnp_camera_rpy_deg"":[-4.47808,-1.073824,-18.718698],""pnp_reprojection_error_px"":0.0699},{""tag_id"":17,""target_match"":true,""family"":""tag25h9"",""hamming"":0,""decision_margin"":160.220108,""pixel_xy"":[887.794541,320.253567],""world_xy_yaw"":[0.365895,0.974091,0.222621],""pnp_valid"":true,""pnp_camera_xyz"":[0.479255,-0.066347,1.267416],""pnp_camera_quat_xyzw"":[-0.026421,-0.0032,0.111236,0.993438],""pnp_camera_rpy_deg"":[-3.050017,-0.027524,12.778442],""pnp_reprojection_error_px"":0.019008}]",1,0.019008,160.220108,87.922593,,0,,0,,
2026-08-12T11:14:35.714286+00:00,6050.997953821,onboard_target_060_static,0,"[0.0,0.0,0.0,0.0]",0,0,0,0,,,,,,,,,,,,,,,,,,,,,,,,,,,,0,,0,,,"[NaN,NaN,NaN]","[NaN,NaN,NaN,NaN]","[NaN,NaN,NaN,NaN,NaN,NaN]",0.001291,167,1,"[15,16,17]","[0.365848,0.974577,0.216967]","[{""tag_id"":15,""target_match"":true,""family"":""tag25h9"",""hamming"":0,""decision_margin"":72.493668,""pixel_xy"":[945.316512,553.296477],""world_xy_yaw"":[0.462532,0.689778,-0.344328],""pnp_valid"":true,""pnp_camera_xyz"":[0.586158,0.456293,1.213524],""pnp_camera_quat_xyzw"":[-0.030991,-0.00864,-0.16373,0.98598],""pnp_camera_rpy_deg"":[-3.342544,-1.557861,-18.811328],""pnp_reprojection_error_px"":0.055021},{""tag_id"":16,""target_match"":true,""family"":""tag25h9"",""hamming"":0,""decision_margin"":151.581467,""pixel_xy"":[967.482583,614.206336],""world_xy_yaw"":[0.499771,0.615468,-0.352484],""pnp_valid"":true,""pnp_camera_xyz"":[0.637339,0.594099,1.215571],""pnp_camera_quat_xyzw"":[-0.039805,-0.00285,-0.163393,0.985754],""pnp_camera_rpy_deg"":[-4.448218,-1.067304,-18.781451],""pnp_reprojection_error_px"":0.074196},{""tag_id"":17,""target_match"":true,""family"":""tag25h9"",""hamming"":0,""decision_margin"":160.136948,""pixel_xy"":[887.766657,319.855145],""world_xy_yaw"":[0.365848,0.974577,0.216967],""pnp_valid"":true,""pnp_camera_xyz"":[0.479098,-0.067218,1.267232],""pnp_camera_quat_xyzw"":[-0.02402,-0.003139,0.108524,0.993799],""pnp_camera_rpy_deg"":[-2.775498,-0.058804,12.465563],""pnp_reprojection_error_px"":0.008931}]",1,0.008931,160.136948,88.69363,,0,,0,,
2026-08-12T11:14:35.763701+00:00,6051.047373767,onboard_target_060_static,0,"[0.0,0.0,0.0,0.0]",0,0,0,0,,,,,,,,,,,,,,,,,,,,,,,,,,,,0,,0,,,"[NaN,NaN,NaN]","[NaN,NaN,NaN,NaN]","[NaN,NaN,NaN,NaN,NaN,NaN]",0.000453,169,1,"[15,16,17]","[0.365671,0.975396,0.207724]","[{""tag_id"":15,""target_match"":true,""family"":""tag25h9"",""hamming"":0,""decision_margin"":72.459282,""pixel_xy"":[945.024891,553.430556],""world_xy_yaw"":[0.462042,0.689615,-0.34662],""pnp_valid"":true,""pnp_camera_xyz"":[0.585897,0.456855,1.214372],""pnp_camera_quat_xyzw"":[-0.03159,-0.007828,-0.165221,0.985719],""pnp_camera_rpy_deg"":[-3.423231,-1.4825,-18.986],""pnp_reprojection_error_px"":0.039569},{""tag_id"":16,""target_match"":true,""family"":""tag25h9"",""hamming"":0,""decision_margin"":147.869812,""pixel_xy"":[967.385793,614.304007],""world_xy_yaw"":[0.499608,0.615349,-0.354999],""pnp_valid"":true,""pnp_camera_xyz"":[0.63783,0.595048,1.217153],""pnp_camera_quat_xyzw"":[-0.039813,-0.000299,-0.165103,0.985472],""pnp_camera_rpy_deg"":[-4.495382,-0.787056,-18.990787],""pnp_reprojection_error_px"":0.130829},{""tag_id"":17,""target_match"":true,""family"":""tag25h9"",""hamming"":0,""decision_margin"":158.42186,""pixel_xy"":[887.661234,319.183326],""world_xy_yaw"":[0.365671,0.975396,0.207724],""pnp_valid"":true,""pnp_camera_xyz"":[0.478324,-0.068753,1.265886],""pnp_camera_quat_xyzw"":[-0.022688,-0.005165,0.103952,0.99431],""pnp_camera_rpy_deg"":[-2.647576,-0.318269,11.944184],""pnp_reprojection_error_px"":0.010709}]",1,0.010709,158.42186,89.771782,,0,,0,,
2026-08-12T11:14:35.814045+00:00,6051.097708873,onboard_target_060_static,0,"[0.0,0.0,0.0,0.0]",0,0,0,0,,,,,,,,,,,,,,,,,,,,,,,,,,,,0,,0,,,"[NaN,NaN,NaN]","[NaN,NaN,NaN,NaN]","[NaN,NaN,NaN,NaN,NaN,NaN]",0.001061,170,1,"[15,16,17]","[0.365523,0.975778,0.203369]","[{""tag_id"":15,""target_match"":true,""family"":""tag25h9"",""hamming"":0,""decision_margin"":74.081444,""pixel_xy"":[944.887331,553.454435],""world_xy_yaw"":[0.461811,0.689586,-0.348693],""pnp_valid"":true,""pnp_camera_xyz"":[0.585838,0.45717,1.214994],""pnp_camera_quat_xyzw"":[-0.032456,-0.00723,-0.165831,0.985593],""pnp_camera_rpy_deg"":[-3.531529,-1.433453,-19.057533],""pnp_reprojection_error_px"":0.022144},{""tag_id"":16,""target_match"":true,""family"":""tag25h9"",""hamming"":0,""decision_margin"":152.511169,""pixel_xy"":[967.300542,614.328264],""world_xy_yaw"":[0.499465,0.61532,-0.356053],""pnp_valid"":true,""pnp_camera_xyz"":[0.637282,0.594791,1.216466],""pnp_camera_quat_xyzw"":[-0.039195,-0.000654,-0.165418,0.985444],""pnp_camera_rpy_deg"":[-4.418456,-0.816848,-19.026256],""pnp_reprojection_error_px"":0.127374},{""tag_id"":17,""target_match"":true,""family"":""tag25h9"",""hamming"":0,""decision_margin"":158.159256,""pixel_xy"":[887.573148,318.870815],""world_xy_yaw"":[0.365523,0.975778,0.203369],""pnp_valid"":true,""pnp_camera_xyz"":[0.47837,-0.069496,1.26652],""pnp_camera_quat_xyzw"":[-0.022861,-0.005039,0.101636,0.994546],""pnp_camera_rpy_deg"":[-2.665106,-0.308079,11.677172],""pnp_reprojection_error_px"":0.001138}]",1,0.001138,158.159256,89.041005,,0,,0,,
2026-08-12T11:14:35.863696+00:00,6051.147369593,onboard_target_060_static,0,"[0.0,0.0,0.0,0.0]",0,0,0,0,,,,,,,,,,,,,,,,,,,,,,,,,,,,0,,0,,,"[NaN,NaN,NaN]","[NaN,NaN,NaN,NaN]","[NaN,NaN,NaN,NaN,NaN,NaN]",0.000452,172,1,"[15,16,17]","[0.365195,0.976349,0.19192]","[{""tag_id"":15,""target_match"":true,""family"":""tag25h9"",""hamming"":0,""decision_margin"":71.42836,""pixel_xy"":[944.522626,553.547556],""world_xy_yaw"":[0.461198,0.689472,-0.351054],""pnp_valid"":true,""pnp_camera_xyz"":[0.585241,0.457563,1.21535],""pnp_camera_quat_xyzw"":[-0.032418,-0.007278,-0.167239,0.985356],""pnp_camera_rpy_deg"":[-3.524325,-1.443184,-19.22098],""pnp_reprojection_error_px"":0.052434},{""tag_id"":16,""target_match"":true,""family"":""tag25h9"",""hamming"":0,""decision_margin"":153.189957,""pixel_xy"":[967.131694,614.342246],""world_xy_yaw"":[0.499181,0.615302,-0.358495],""pnp_valid"":true,""pnp_camera_xyz"":[0.637532,0.595549,1.217781],""pnp_camera_quat_xyzw"":[-0.039926,0.000703,-0.166446,0.985242],""pnp_camera_rpy_deg"":[-4.526061,-0.68212,-19.151004],""pnp_reprojection_error_px"":0.154612},{""tag_id"":17,""target_match"":true,""family"":""tag25h9"",""hamming"":0,""decision_margin"":158.954361,""pixel_xy"":[887.377983,318.402783],""world_xy_yaw"":[0.365195,0.976349,0.19192],""pnp_valid"":true,""pnp_camera_xyz"":[0.477987,-0.070606,1.266725],""pnp_camera_quat_xyzw"":[-0.023923,-0.00525,0.095992,0.995081],""pnp_camera_rpy_deg"":[-2.786731,-0.335515,11.028367],""pnp_reprojection_error_px"":0.00577}]",1,0.00577,158.954361,90.464145,,0,,0,,
2026-08-12T11:14:35.913920+00:00,6051.197588878,onboard_target_060_static,0,"[0.0,0.0,0.0,0.0]",0,0,0,0,,,,,,,,,,,,,,,,,,,,,,,,,,,,0,,0,,,"[NaN,NaN,NaN]","[NaN,NaN,NaN,NaN]","[NaN,NaN,NaN,NaN,NaN,NaN]",0.000871,173,1,"[15,16,17]","[0.36498,0.976586,0.188728]","[{""tag_id"":15,""target_match"":true,""family"":""tag25h9"",""hamming"":0,""decision_margin"":71.821838,""pixel_xy"":[944.334313,553.617281],""world_xy_yaw"":[0.460882,0.689387,-0.35211],""pnp_valid"":true,""pnp_camera_xyz"":[0.584893,0.45772,1.215472],""pnp_camera_quat_xyzw"":[-0.032314,-0.007659,-0.167884,0.985247],""pnp_camera_rpy_deg"":[-3.504257,-1.486555,-19.294943],""pnp_reprojection_error_px"":0.047057},{""tag_id"":16,""target_match"":true,""family"":""tag25h9"",""hamming"":0,""decision_margin"":152.037842,""pixel_xy"":[967.019488,614.359804],""world_xy_yaw"":[0.498993,0.615281,-0.3597],""pnp_valid"":true,""pnp_camera_xyz"":[0.637757,0.596013,1.21866],""pnp_camera_quat_xyzw"":[-0.039881,0.000674,-0.167224,0.985112],""pnp_camera_rpy_deg"":[-4.519946,-0.688188,-19.241237],""pnp_reprojection_error_px"":0.146134},{""tag_id"":17,""target_match"":true,""family"":""tag25h9"",""hamming"":0,""decision_margin"":160.139725,""pixel_xy"":[887.250139,318.208232],""world_xy_yaw"":[0.36498,0.976586,0.188728],""pnp_valid"":true,""pnp_camera_xyz"":[0.477765,-0.07107,1.266794],""pnp_camera_quat_xyzw"":[-0.025288,-0.006236,0.09379,0.995251],""pnp_camera_rpy_deg"":[-2.952484,-0.439452,10.778354],""pnp_reprojection_error_px"":0.01765}]",1,0.01765,160.139725,89.696273,,0,,0,,
2026-08-12T11:14:35.963731+00:00,6051.247404277,onboard_target_060_static,0,"[0.0,0.0,0.0,0.0]",0,0,0,0,,,,,,,,,,,,,,,,,,,,,,,,,,,,0,,0,,,"[NaN,NaN,NaN]","[NaN,NaN,NaN,NaN]","[NaN,NaN,NaN,NaN,NaN,NaN]",0.000450,175,1,"[15,16,17]","[0.364527,0.976958,0.180039]","[{""tag_id"":15,""target_match"":true,""family"":""tag25h9"",""hamming"":0,""decision_margin"":72.751053,""pixel_xy"":[943.924539,553.66722],""world_xy_yaw"":[0.460193,0.689326,-0.354823],""pnp_valid"":true,""pnp_camera_xyz"":[0.58369,0.457654,1.214878],""pnp_camera_quat_xyzw"":[-0.032465,-0.008635,-0.168506,0.985128],""pnp_camera_rpy_deg"":[-3.501711,-1.601849,-19.36402],""pnp_reprojection_error_px"":0.057225},{""tag_id"":16,""target_match"":true,""family"":""tag25h9"",""hamming"":0,""decision_margin"":151.402496,""pixel_xy"":[966.790072,614.385054],""world_xy_yaw"":[0.498607,0.61525,-0.362432],""pnp_valid"":true,""pnp_camera_xyz"":[0.638109,0.596934,1.220394],""pnp_camera_quat_xyzw"":[-0.040753,0.002534,-0.169154,0.984743],""pnp_camera_rpy_deg"":[-4.653151,-0.503958,-19.473246],""pnp_reprojection_error_px"":0.163974},{""tag_id"":17,""target_match"":true,""family"":""tag25h9"",""hamming"":0,""decision_margin"":161.06485,""pixel_xy"":[886.980596,317.903517],""world_xy_yaw"":[0.364527,0.976958,0.180039],""pnp_valid"":true,""pnp_camera_xyz"":[0.476959,-0.071776,1.266379],""pnp_camera_quat_xyzw"":[-0.028859,-0.008145,0.089525,0.995533],""pnp_camera_rpy_deg"":[-3.377929,-0.633119,10.295825],""pnp_reprojection_error_px"":0.015968}]",1,0.015968,161.06485,90.700302,,0,,0,,
2026-08-12T11:14:36.013999+00:00,6051.297667469,onboard_target_060_static,0,"[0.0,0.0,0.0,0.0]",0,0,0,0,,,,,,,,,,,,,,,,,,,,,,,,,,,,0,,0,,,"[NaN,NaN,NaN]","[NaN,NaN,NaN,NaN]","[NaN,NaN,NaN,NaN,NaN,NaN]",0.000996,176,1,"[15,16,17]","[0.364261,0.977124,0.175259]","[{""tag_id"":15,""target_match"":true,""family"":""tag25h9"",""hamming"":0,""decision_margin"":73.236229,""pixel_xy"":[943.716465,553.707738],""world_xy_yaw"":[0.459844,0.689277,-0.355458],""pnp_valid"":true,""pnp_camera_xyz"":[0.58407,0.45838,1.216615],""pnp_camera_quat_xyzw"":[-0.033048,-0.007141,-0.169717,0.984913],""pnp_camera_rpy_deg"":[-3.594463,-1.448819,-19.508563],""pnp_reprojection_error_px"":0.056399},{""tag_id"":16,""target_match"":true,""family"":""tag25h9"",""hamming"":0,""decision_margin"":152.408371,""pixel_xy"":[966.655301,614.389975],""world_xy_yaw"":[0.498381,0.615244,-0.363772],""pnp_valid"":true,""pnp_camera_xyz"":[0.638547,0.597672,1.221861],""pnp_camera_quat_xyzw"":[-0.041468,0.003084,-0.169779,0.984605],""pnp_camera_rpy_deg"":[-4.744325,-0.45884,-19.547982],""pnp_reprojection_error_px"":0.175665},{""tag_id"":17,""target_match"":true,""family"":""tag25h9"",""hamming"":0,""decision_margin"":161.66925,""pixel_xy"":[886.822323,317.767152],""world_xy_yaw"":[0.364261,0.977124,0.175259],""pnp_valid"":true,""pnp_camera_xyz"":[0.476597,-0.072052,1.266346],""pnp_camera_quat_xyzw"":[-0.028323,-0.008613,0.086839,0.995782],""pnp_camera_rpy_deg"":[-3.319729,-0.700998,9.988253],""pnp_reprojection_error_px"":0.012771}]",1,0.012771,161.66925,89.778698,,0,,0,,
2026-08-12T11:14:36.063703+00:00,6051.347376418,onboard_target_060_static,0,"[0.0,0.0,0.0,0.0]",0,0,0,0,,,,,,,,,,,,,,,,,,,,,,,,,,,,0,,0,,,"[NaN,NaN,NaN]","[NaN,NaN,NaN,NaN]","[NaN,NaN,NaN,NaN,NaN,NaN]",0.000447,178,1,"[15,16,17]","[0.363732,0.977402,0.167043]","[{""tag_id"":15,""target_match"":true,""family"":""tag25h9"",""hamming"":0,""decision_margin"":72.417725,""pixel_xy"":[943.291225,553.849074],""world_xy_yaw"":[0.459129,0.689104,-0.35672],""pnp_valid"":true,""pnp_camera_xyz"":[0.58329,0.458717,1.216982],""pnp_camera_quat_xyzw"":[-0.032454,-0.007299,-0.170716,0.984759],""pnp_camera_rpy_deg"":[-3.522825,-1.458721,-19.625033],""pnp_reprojection_error_px"":0.051254},{""tag_id"":16,""target_match"":true,""family"":""tag25h9"",""hamming"":0,""decision_margin"":153.392776,""pixel_xy"":[966.374042,614.375437],""world_xy_yaw"":[0.497908,0.615262,-0.365855],""pnp_valid"":true,""pnp_camera_xyz"":[0.638271,0.597965,1.222557],""pnp_camera_quat_xyzw"":[-0.041319,0.003397,-0.171041,0.984391],""pnp_camera_rpy_deg"":[-4.732967,-0.426653,-19.696237],""pnp_reprojection_error_px"":0.175368},{""tag_id"":17,""target_match"":true,""family"":""tag25h9"",""hamming"":0,""decision_margin"":161.944885,""pixel_xy"":[886.506976,317.539273],""world_xy_yaw"":[0.363732,0.977402,0.167043],""pnp_valid"":true,""pnp_camera_xyz"":[0.475783,-0.072568,1.266268],""pnp_camera_quat_xyzw"":[-0.029358,-0.009006,0.083242,0.996056],""pnp_camera_rpy_deg"":[-3.439205,-0.747968,9.576799],""pnp_reprojection_error_px"":0.01285}]",1,0.01285,161.944885,88.398359,,0,,0,,
2026-08-12T11:14:36.114039+00:00,6051.397709342,onboard_target_060_static,0,"[0.0,0.0,0.0,0.0]",0,0,0,0,,,,,,,,,,,,,,,,,,,,,,,,,,,,0,,0,,,"[NaN,NaN,NaN]","[NaN,NaN,NaN,NaN]","[NaN,NaN,NaN,NaN,NaN,NaN]",0.001063,179,1,"[15,16,17]","[0.363417,0.977531,0.164237]","[{""tag_id"":15,""target_match"":true,""family"":""tag25h9"",""hamming"":0,""decision_margin"":70.899063,""pixel_xy"":[943.041727,553.858217],""world_xy_yaw"":[0.45871,0.689093,-0.357356],""pnp_valid"":true,""pnp_camera_xyz"":[0.582708,0.458742,1.21688],""pnp_camera_quat_xyzw"":[-0.032478,-0.008229,-0.170656,0.984761],""pnp_camera_rpy_deg"":[-3.50755,-1.563971,-19.615191],""pnp_reprojection_error_px"":0.058489},{""tag_id"":16,""target_match"":true,""family"":""tag25h9"",""hamming"":0,""decision_margin"":152.07135,""pixel_xy"":[966.210126,614.352192],""world_xy_yaw"":[0.497633,0.61529,-0.366906],""pnp_valid"":true,""pnp_camera_xyz"":[0.638205,0.598228,1.223097],""pnp_camera_quat_xyzw"":[-0.041878,0.003834,-0.17179,0.984236],""pnp_camera_rpy_deg"":[-4.804425,-0.391999,-19.785053],""pnp_reprojection_error_px"":0.170736},{""tag_id"":17,""target_match"":true,""family"":""tag25h9"",""hamming"":0,""decision_margin"":160.022964,""pixel_xy"":[886.319895,317.433252],""world_xy_yaw"":[0.363417,0.977531,0.164237],""pnp_valid"":true,""pnp_camera_xyz"":[0.475324,-0.072776,1.266153],""pnp_camera_quat_xyzw"":[-0.030336,-0.008595,0.081645,0.996163],""pnp_camera_rpy_deg"":[-3.5459,-0.697377,9.392508],""pnp_reprojection_error_px"":0.021836}]",1,0.021836,160.022964,87.826151,,0,,0,,
2026-08-12T11:14:36.163579+00:00,6051.447252299,onboard_target_060_static,0,"[0.0,0.0,0.0,0.0]",0,0,0,0,,,,,,,,,,,,,,,,,,,,,,,,,,,,0,,0,,,"[NaN,NaN,NaN]","[NaN,NaN,NaN,NaN]","[NaN,NaN,NaN,NaN,NaN,NaN]",0.000461,181,1,"[15,16,17]","[0.362688,0.97772,0.156266]","[{""tag_id"":15,""target_match"":true,""family"":""tag25h9"",""hamming"":0,""decision_margin"":72.736778,""pixel_xy"":[942.603965,553.906366],""world_xy_yaw"":[0.457975,0.689034,-0.361058],""pnp_valid"":true,""pnp_camera_xyz"":[0.581785,0.458942,1.217024],""pnp_camera_quat_xyzw"":[-0.031857,-0.007831,-0.172439,0.984474],""pnp_camera_rpy_deg"":[-3.442426,-1.513121,-19.82459],""pnp_reprojection_error_px"":0.054646},{""tag_id"":16,""target_match"":true,""family"":""tag25h9"",""hamming"":0,""decision_margin"":151.800308,""pixel_xy"":[965.881784,614.351907],""world_xy_yaw"":[0.497081,0.615291,-0.368869],""pnp_valid"":true,""pnp_camera_xyz"":[0.637804,0.598563,1.223745],""pnp_camera_quat_xyzw"":[-0.04152,0.004804,-0.173365,0.98397],""pnp_camera_rpy_deg"":[-4.78265,-0.283122,-19.972831],""pnp_reprojection_error_px"":0.171282},{""tag_id"":17,""target_match"":true,""family"":""tag25h9"",""hamming"":0,""decision_margin"":158.301605,""pixel_xy"":[885.88597,317.278837],""world_xy_yaw"":[0.362688,0.97772,0.156266],""pnp_valid"":true,""pnp_camera_xyz"":[0.474372,-0.073196,1.266182],""pnp_camera_quat_xyzw"":[-0.027999,-0.007641,0.077402,0.996577],""pnp_camera_rpy_deg"":[-3.267169,-0.624227,8.90001],""pnp_reprojection_error_px"":0.015334}]",1,0.015334,158.301605,88.97614,,0,,0,,
2026-08-12T11:14:36.213905+00:00,6051.497576650,onboard_target_060_static,0,"[0.0,0.0,0.0,0.0]",0,0,0,0,,,,,,,,,,,,,,,,,,,,,,,,,,,,0,,0,,,"[NaN,NaN,NaN]","[NaN,NaN,NaN,NaN]","[NaN,NaN,NaN,NaN,NaN,NaN]",0.000875,182,1,"[15,16,17]","[0.362314,0.977796,0.151418]","[{""tag_id"":15,""target_match"":true,""family"":""tag25h9"",""hamming"":0,""decision_margin"":72.568039,""pixel_xy"":[942.356597,554.012019],""world_xy_yaw"":[0.457559,0.688905,-0.362424],""pnp_valid"":true,""pnp_camera_xyz"":[0.581659,0.459481,1.218055],""pnp_camera_quat_xyzw"":[-0.031936,-0.006081,-0.173665,0.984268],""pnp_camera_rpy_deg"":[-3.484076,-1.321517,-19.972485],""pnp_reprojection_error_px"":0.031946},{""tag_id"":16,""target_match"":true,""family"":""tag25h9"",""hamming"":0,""decision_margin"":151.188614,""pixel_xy"":[965.675805,614.383635],""world_xy_yaw"":[0.496735,0.615252,-0.370088],""pnp_valid"":true,""pnp_camera_xyz"":[0.636853,0.598118,1.222807],""pnp_camera_quat_xyzw"":[-0.040837,0.00381,-0.173719,0.983941],""pnp_camera_rpy_deg"":[-4.685635,-0.383356,-20.009583],""pnp_reprojection_error_px"":0.161441},{""tag_id"":17,""target_match"":true,""family"":""tag25h9"",""hamming"":0,""decision_margin"":162.846954,""pixel_xy"":[885.663215,317.216053],""world_xy_yaw"":[0.362314,0.977796,0.151418],""pnp_valid"":true,""pnp_camera_xyz"":[0.474008,-0.073405,1.266606],""pnp_camera_quat_xyzw"":[-0.028518,-0.006676,0.075198,0.996738],""pnp_camera_rpy_deg"":[-3.31676,-0.516785,8.643839],""pnp_reprojection_error_px"":0.023684}]",1,0.023684,162.846954,88.633438,,0,,0,,
2026-08-12T11:14:36.263739+00:00,6051.547412193,onboard_target_060_static,0,"[0.0,0.0,0.0,0.0]",0,0,0,0,,,,,,,,,,,,,,,,,,,,,,,,,,,,0,,0,,,"[NaN,NaN,NaN]","[NaN,NaN,NaN,NaN]","[NaN,NaN,NaN,NaN,NaN,NaN]",0.000452,184,1,"[15,16,17]","[0.361428,0.977988,0.142375]","[{""tag_id"":15,""target_match"":true,""family"":""tag25h9"",""hamming"":0,""decision_margin"":76.95076,""pixel_xy"":[941.818536,554.091493],""world_xy_yaw"":[0.456655,0.688808,-0.365734],""pnp_valid"":true,""pnp_camera_xyz"":[0.58024,0.459522,1.217407],""pnp_camera_quat_xyzw"":[-0.032351,-0.007789,-0.174919,0.98402],""pnp_camera_rpy_deg"":[-3.495184,-1.526881,-20.112605],""pnp_reprojection_error_px"":0.070567},{""tag_id"":16,""target_match"":true,""family"":""tag25h9"",""hamming"":0,""decision_margin"":148.756653,""pixel_xy"":[965.266327,614.377832],""world_xy_yaw"":[0.496047,0.615259,-0.373123],""pnp_valid"":true,""pnp_camera_xyz"":[0.636216,0.598386,1.223223],""pnp_camera_quat_xyzw"":[-0.041775,0.003869,-0.175567,0.983573],""pnp_camera_rpy_deg"":[-4.792016,-0.404405,-20.224405],""pnp_reprojection_error_px"":0.143779},{""tag_id"":17,""target_match"":true,""family"":""tag25h9"",""hamming"":0,""decision_margin"":158.702957,""pixel_xy"":[885.135596,317.059117],""world_xy_yaw"":[0.361428,0.977988,0.142375],""pnp_valid"":true,""pnp_camera_xyz"":[0.472618,-0.073732,1.266214],""pnp_camera_quat_xyzw"":[-0.027921,-0.006778,0.070856,0.997073],""pnp_camera_rpy_deg"":[-3.247059,-0.547722,8.145178],""pnp_reprojection_error_px"":0.013463}]",1,0.013463,158.702957,91.55386,,0,,0,,
2026-08-12T11:14:36.314266+00:00,6051.597932521,onboard_target_060_static,0,"[0.0,0.0,0.0,0.0]",0,0,0,0,,,,,,,,,,,,,,,,,,,,,,,,,,,,0,,0,,,"[NaN,NaN,NaN]","[NaN,NaN,NaN,NaN]","[NaN,NaN,NaN,NaN,NaN,NaN]",0.001200,185,1,"[15,16,17]","[0.360974,0.97803,0.139862]","[{""tag_id"":15,""target_match"":true,""family"":""tag25h9"",""hamming"":0,""decision_margin"":70.894814,""pixel_xy"":[941.556016,554.192675],""world_xy_yaw"":[0.456214,0.688685,-0.367193],""pnp_valid"":true,""pnp_camera_xyz"":[0.57948,0.459574,1.217076],""pnp_camera_quat_xyzw"":[-0.031383,-0.00726,-0.176021,0.983859],""pnp_camera_rpy_deg"":[-3.394773,-1.451683,-20.243792],""pnp_reprojection_error_px"":0.060075},{""tag_id"":16,""target_match"":true,""family"":""tag25h9"",""hamming"":0,""decision_margin"":151.276962,""pixel_xy"":[965.12699,614.466774],""world_xy_yaw"":[0.495813,0.615151,-0.374447],""pnp_valid"":true,""pnp_camera_xyz"":[0.635389,0.598053,1.222361],""pnp_camera_quat_xyzw"":[-0.040931,0.003684,-0.176009,0.98353],""pnp_camera_rpy_deg"":[-4.692754,-0.410374,-20.275286],""pnp_reprojection_error_px"":0.153491},{""tag_id"":17,""target_match"":true,""family"":""tag25h9"",""hamming"":0,""decision_margin"":159.769394,""pixel_xy"":[884.865772,317.024696],""world_xy_yaw"":[0.360974,0.97803,0.139862],""pnp_valid"":true,""pnp_camera_xyz"":[0.471565,-0.073761,1.26508],""pnp_camera_quat_xyzw"":[-0.029158,-0.008859,0.069455,0.99712],""pnp_camera_rpy_deg"":[-3.404425,-0.78017,7.992217],""pnp_reprojection_error_px"":0.019181}]",1,0.019181,159.769394,92.582014,,0,,0,,
2026-08-12T11:14:36.363655+00:00,6051.647328579,onboard_target_060_static,0,"[0.0,0.0,0.0,0.0]",0,0,0,0,,,,,,,,,,,,,,,,,,,,,,,,,,,,0,,0,,,"[NaN,NaN,NaN]","[NaN,NaN,NaN,NaN]","[NaN,NaN,NaN,NaN,NaN,NaN]",0.000445,187,1,"[15,16,17]","[0.359983,0.977989,0.132755]","[{""tag_id"":15,""target_match"":true,""family"":""tag25h9"",""hamming"":0,""decision_margin"":71.964928,""pixel_xy"":[941.039695,554.393584],""world_xy_yaw"":[0.455347,0.68844,-0.370313],""pnp_valid"":true,""pnp_camera_xyz"":[0.579143,0.460746,1.218944],""pnp_camera_quat_xyzw"":[-0.032483,-0.005723,-0.177465,0.983574],""pnp_camera_rpy_deg"":[-3.547938,-1.305686,-20.41504],""pnp_reprojection_error_px"":0.030186},{""tag_id"":16,""target_match"":true,""family"":""tag25h9"",""hamming"":0,""decision_margin"":153.91803,""pixel_xy"":[964.642486,614.618486],""world_xy_yaw"":[0.494999,0.614965,-0.374598],""pnp_valid"":true,""pnp_camera_xyz"":[0.632679,0.596523,1.218768],""pnp_camera_quat_xyzw"":[-0.040069,0.000757,-0.177392,0.983324],""pnp_camera_rpy_deg"":[-4.535471,-0.729166,-20.42346],""pnp_reprojection_error_px"":0.04213},{""tag_id"":17,""target_match"":true,""family"":""tag25h9"",""hamming"":0,""decision_margin"":157.783051,""pixel_xy"":[884.275712,317.057849],""world_xy_yaw"":[0.359983,0.977989,0.132755],""pnp_valid"":true,""pnp_camera_xyz"":[0.470022,-0.073675,1.264656],""pnp_camera_quat_xyzw"":[-0.026478,-0.010529,0.065963,0.997415],""pnp_camera_rpy_deg"":[-3.107846,-1.003376,7.594539],""pnp_reprojection_error_px"":0.02703}]",1,0.02703,157.783051,91.418367,,0,,0,,
2026-08-12T11:14:36.413927+00:00,6051.697598007,onboard_target_060_static,0,"[0.0,0.0,0.0,0.0]",0,0,0,0,,,,,,,,,,,,,,,,,,,,,,,,,,,,0,,0,,,"[NaN,NaN,NaN]","[NaN,NaN,NaN,NaN]","[NaN,NaN,NaN,NaN,NaN,NaN]",0.000874,188,1,"[15,16,17]","[0.359404,0.977956,0.129553]","[{""tag_id"":15,""target_match"":true,""family"":""tag25h9"",""hamming"":0,""decision_margin"":71.52494,""pixel_xy"":[940.72367,554.566136],""world_xy_yaw"":[0.454816,0.688229,-0.369621],""pnp_valid"":true,""pnp_camera_xyz"":[0.578478,0.461051,1.218976],""pnp_camera_quat_xyzw"":[-0.032354,-0.005304,-0.178024,0.98348],""pnp_camera_rpy_deg"":[-3.541136,-1.257854,-20.481601],""pnp_reprojection_error_px"":0.05158},{""tag_id"":16,""target_match"":true,""family"":""tag25h9"",""hamming"":0,""decision_margin"":154.188507,""pixel_xy"":[964.436056,614.706566],""world_xy_yaw"":[0.494653,0.614858,-0.377792],""pnp_valid"":true,""pnp_camera_xyz"":[0.632186,0.59663,1.218673],""pnp_camera_quat_xyzw"":[-0.040367,-0.000592,-0.17848,0.983115],""pnp_camera_rpy_deg"":[-4.54087,-0.892295,-20.544035],""pnp_reprojection_error_px"":0.048418},{""tag_id"":17,""target_match"":true,""family"":""tag25h9"",""hamming"":0,""decision_margin"":161.187347,""pixel_xy"":[883.931191,317.085168],""world_xy_yaw"":[0.359404,0.977956,0.129553],""pnp_valid"":true,""pnp_camera_xyz"":[0.469088,-0.073543,1.264233],""pnp_camera_quat_xyzw"":[-0.027104,-0.010725,0.064082,0.997519],""pnp_camera_rpy_deg"":[-3.179085,-1.026923,7.379905],""pnp_reprojection_error_px"":0.007018}]",1,0.007018,161.187347,91.033835,,0,,0,,
2026-08-12T11:14:36.463725+00:00,6051.747397167,onboard_target_060_static,0,"[0.0,0.0,0.0,0.0]",0,0,0,0,,,,,,,,,,,,,,,,,,,,,,,,,,,,0,,0,,,"[NaN,NaN,NaN]","[NaN,NaN,NaN,NaN]","[NaN,NaN,NaN,NaN,NaN,NaN]",0.000463,190,1,"[15,16,17]","[0.35818,0.977698,0.124235]","[{""tag_id"":15,""target_match"":true,""family"":""tag25h9"",""hamming"":0,""decision_margin"":72.226608,""pixel_xy"":[940.18231,554.788197],""world_xy_yaw"":[0.453906,0.687958,-0.374038],""pnp_valid"":true,""pnp_camera_xyz"":[0.577061,0.461488,1.218463],""pnp_camera_quat_xyzw"":[-0.03175,-0.004762,-0.180353,0.983078],""pnp_camera_rpy_deg"":[-3.481159,-1.192657,-20.755235],""pnp_reprojection_error_px"":0.065156},{""tag_id"":16,""target_match"":true,""family"":""tag25h9"",""hamming"":0,""decision_margin"":152.899139,""pixel_xy"":[964.044498,614.911637],""world_xy_yaw"":[0.493995,0.614608,-0.380864],""pnp_valid"":true,""pnp_camera_xyz"":[0.630996,0.596767,1.217909],""pnp_camera_quat_xyzw"":[-0.040227,-0.001806,-0.179912,0.982858],""pnp_camera_rpy_deg"":[-4.498748,-1.032807,-20.705666],""pnp_reprojection_error_px"":0.023416},{""tag_id"":17,""target_match"":true,""family"":""tag25h9"",""hamming"":0,""decision_margin"":161.247131,""pixel_xy"":[883.202137,317.296793],""world_xy_yaw"":[0.35818,0.977698,0.124235],""pnp_valid"":true,""pnp_camera_xyz"":[0.4675,-0.073148,1.264418],""pnp_camera_quat_xyzw"":[-0.028062,-0.010591,0.061205,0.997674],""pnp_camera_rpy_deg"":[-3.284835,-1.014059,7.050252],""pnp_reprojection_error_px"":0.04669}]",1,0.04669,161.247131,91.224298,,0,,0,,
2026-08-12T11:14:36.513979+00:00,6051.797635411,onboard_target_060_static,0,"[0.0,0.0,0.0,0.0]",0,0,0,0,,,,,,,,,,,,,,,,,,,,,,,,,,,,0,,0,,,"[NaN,NaN,NaN]","[NaN,NaN,NaN,NaN]","[NaN,NaN,NaN,NaN,NaN,NaN]",0.000924,191,1,"[15,16,17]","[0.357577,0.977632,0.119617]","[{""tag_id"":15,""target_match"":true,""family"":""tag25h9"",""hamming"":0,""decision_margin"":74.033157,""pixel_xy"":[939.958074,554.958917],""world_xy_yaw"":[0.45353,0.68775,-0.375911],""pnp_valid"":true,""pnp_camera_xyz"":[0.576656,0.461914,1.218799],""pnp_camera_quat_xyzw"":[-0.032555,-0.004723,-0.180919,0.982948],""pnp_camera_rpy_deg"":[-3.572127,-1.206972,-20.820343],""pnp_reprojection_error_px"":0.031947},{""tag_id"":16,""target_match"":true,""family"":""tag25h9"",""hamming"":0,""decision_margin"":151.047714,""pixel_xy"":[963.950863,615.06362],""world_xy_yaw"":[0.493837,0.614422,-0.381669],""pnp_valid"":true,""pnp_camera_xyz"":[0.631075,0.597465,1.218761],""pnp_camera_quat_xyzw"":[-0.040438,0.000155,-0.180203,0.982798],""pnp_camera_rpy_deg"":[-4.562564,-0.817644,-20.747776],""pnp_reprojection_error_px"":0.070491},{""tag_id"":17,""target_match"":true,""family"":""tag25h9"",""hamming"":0,""decision_margin"":162.191635,""pixel_xy"":[882.843764,317.350564],""world_xy_yaw"":[0.357577,0.977632,0.119617],""pnp_valid"":true,""pnp_camera_xyz"":[0.466692,-0.072921,1.264612],""pnp_camera_quat_xyzw"":[-0.027853,-0.010539,0.059324,0.997794],""pnp_camera_rpy_deg"":[-3.25859,-1.015699,6.833961],""pnp_reprojection_error_px"":0.009388}]",1,0.009388,162.191635,91.932808,,0,,0,,
2026-08-12T11:14:36.563651+00:00,6051.847324983,onboard_target_060_static,0,"[0.0,0.0,0.0,0.0]",0,0,0,0,,,,,,,,,,,,,,,,,,,,,,,,,,,,0,,0,,,"[NaN,NaN,NaN]","[NaN,NaN,NaN,NaN]","[NaN,NaN,NaN,NaN,NaN,NaN]",0.000446,193,1,"[15,16,17]","[0.356239,0.97732,0.114573]","[{""tag_id"":15,""target_match"":true,""family"":""tag25h9"",""hamming"":0,""decision_margin"":73.841858,""pixel_xy"":[939.452168,555.248913],""world_xy_yaw"":[0.45268,0.687396,-0.37729],""pnp_valid"":true,""pnp_camera_xyz"":[0.575953,0.462993,1.219686],""pnp_camera_quat_xyzw"":[-0.032761,-0.002597,-0.182402,0.982675],""pnp_camera_rpy_deg"":[-3.63783,-0.977231,-20.999909],""pnp_reprojection_error_px"":0.048049},{""tag_id"":16,""target_match"":true,""family"":""tag25h9"",""hamming"":0,""decision_margin"":152.596146,""pixel_xy"":[963.627442,615.333768],""world_xy_yaw"":[0.493294,0.614093,-0.383499],""pnp_valid"":true,""pnp_camera_xyz"":[0.630564,0.598224,1.219072],""pnp_camera_quat_xyzw"":[-0.040715,0.00146,-0.182413,0.982378],""pnp_camera_rpy_deg"":[-4.619263,-0.686706,-21.010627],""pnp_reprojection_error_px"":0.054201},{""tag_id"":17,""target_match"":true,""family"":""tag25h9"",""hamming"":0,""decision_margin"":162.579239,""pixel_xy"":[882.047281,317.606535],""world_xy_yaw"":[0.356239,0.97732,0.114573],""pnp_valid"":true,""pnp_camera_xyz"":[0.465353,-0.072435,1.265961],""pnp_camera_quat_xyzw"":[-0.026551,-0.009672,0.056836,0.997984],""pnp_camera_rpy_deg"":[-3.101289,-0.933182,6.544291],""pnp_reprojection_error_px"":0.010422}]",1,0.010422,162.579239,94.550703,,0,,0,,
2026-08-12T11:14:36.613976+00:00,6051.897647048,onboard_target_060_static,0,"[0.0,0.0,0.0,0.0]",0,0,0,0,,,,,,,,,,,,,,,,,,,,,,,,,,,,0,,0,,,"[NaN,NaN,NaN]","[NaN,NaN,NaN,NaN]","[NaN,NaN,NaN,NaN,NaN,NaN]",0.000929,194,1,"[15,16,17]","[0.355582,0.977175,0.111981]","[{""tag_id"":15,""target_match"":true,""family"":""tag25h9"",""hamming"":0,""decision_margin"":72.761864,""pixel_xy"":[939.212553,555.408924],""world_xy_yaw"":[0.452277,0.687201,-0.379613],""pnp_valid"":true,""pnp_camera_xyz"":[0.575312,0.463273,1.219387],""pnp_camera_quat_xyzw"":[-0.032201,-0.002925,-0.183642,0.982461],""pnp_camera_rpy_deg"":[-3.566507,-1.007012,-21.143827],""pnp_reprojection_error_px"":0.070322},{""tag_id"":16,""target_match"":true,""family"":""tag25h9"",""hamming"":0,""decision_margin"":153.586319,""pixel_xy"":[963.556158,615.432032],""world_xy_yaw"":[0.493174,0.613973,-0.385806],""pnp_valid"":true,""pnp_camera_xyz"":[0.630162,0.598314,1.218679],""pnp_camera_quat_xyzw"":[-0.040518,0.001569,-0.182963,0.982283],""pnp_camera_rpy_deg"":[-4.598927,-0.67294,-21.075368],""pnp_reprojection_error_px"":0.052861},{""tag_id"":17,""target_match"":true,""family"":""tag25h9"",""hamming"":0,""decision_margin"":160.412506,""pixel_xy"":[881.656093,317.725296],""world_xy_yaw"":[0.355582,0.977175,0.111981],""pnp_valid"":true,""pnp_camera_xyz"":[0.464314,-0.072129,1.265656],""pnp_camera_quat_xyzw"":[-0.026533,-0.010245,0.055705,0.998042],""pnp_camera_rpy_deg"":[-3.101892,-1.002427,6.416413],""pnp_reprojection_error_px"":0.014512}]",1,0.014512,160.412506,93.637509,,0,,0,,
2026-08-12T11:14:36.663717+00:00,6051.947391746,onboard_target_060_static,0,"[0.0,0.0,0.0,0.0]",0,0,0,0,,,,,,,,,,,,,,,,,,,,,,,,,,,,0,,0,,,"[NaN,NaN,NaN]","[NaN,NaN,NaN,NaN]","[NaN,NaN,NaN,NaN,NaN,NaN]",0.000445,196,1,"[15,16,17]","[0.354229,0.976901,0.108167]","[{""tag_id"":15,""target_match"":true,""family"":""tag25h9"",""hamming"":0,""decision_margin"":70.006668,""pixel_xy"":[938.826562,555.831796],""world_xy_yaw"":[0.451629,0.686685,-0.380104],""pnp_valid"":true,""pnp_camera_xyz"":[0.573938,0.463612,1.218299],""pnp_camera_quat_xyzw"":[-0.032485,-0.003169,-0.184548,0.982281],""pnp_camera_rpy_deg"":[-3.592504,-1.043691,-21.248276],""pnp_reprojection_error_px"":0.067238},{""tag_id"":16,""target_match"":true,""family"":""tag25h9"",""hamming"":0,""decision_margin"":150.808701,""pixel_xy"":[963.331016,615.724752],""world_xy_yaw"":[0.492796,0.613616,-0.387906],""pnp_valid"":true,""pnp_camera_xyz"":[0.629179,0.598459,1.217616],""pnp_camera_quat_xyzw"":[-0.04072,0.00105,-0.184305,0.982025],""pnp_camera_rpy_deg"":[-4.60985,-0.741866,-21.229198],""pnp_reprojection_error_px"":0.0241},{""tag_id"":17,""target_match"":true,""family"":""tag25h9"",""hamming"":0,""decision_margin"":162.766052,""pixel_xy"":[880.850862,317.950086],""world_xy_yaw"":[0.354229,0.976901,0.108167],""pnp_valid"":true,""pnp_camera_xyz"":[0.462588,-0.071622,1.265896],""pnp_camera_quat_xyzw"":[-0.027141,-0.011193,0.053171,0.998154],""pnp_camera_rpy_deg"":[-3.174766,-1.11498,6.129338],""pnp_reprojection_error_px"":0.009746}]",1,0.009746,162.766052,93.999774,,0,,0,,
2026-08-12T11:14:36.714444+00:00,6051.998102582,onboard_target_060_static,0,"[0.0,0.0,0.0,0.0]",0,0,0,0,,,,,,,,,,,,,,,,,,,,,,,,,,,,0,,0,,,"[NaN,NaN,NaN]","[NaN,NaN,NaN,NaN]","[NaN,NaN,NaN,NaN,NaN,NaN]",0.001334,197,1,"[15,16,17]","[0.353649,0.976773,0.107235]","[{""tag_id"":15,""target_match"":true,""family"":""tag25h9"",""hamming"":0,""decision_margin"":73.94883,""pixel_xy"":[938.666676,556.066787],""world_xy_yaw"":[0.45136,0.686399,-0.381211],""pnp_valid"":true,""pnp_camera_xyz"":[0.573733,0.464193,1.218721],""pnp_camera_quat_xyzw"":[-0.032648,-0.002697,-0.18529,0.982138],""pnp_camera_rpy_deg"":[-3.61999,-0.99681,-21.336218],""pnp_reprojection_error_px"":0.091257},{""tag_id"":16,""target_match"":true,""family"":""tag25h9"",""hamming"":0,""decision_margin"":151.448746,""pixel_xy"":[963.249207,615.866561],""world_xy_yaw"":[0.492659,0.613443,-0.389523],""pnp_valid"":true,""pnp_camera_xyz"":[0.62826,0.598053,1.216159],""pnp_camera_quat_xyzw"":[-0.040385,-0.000246,-0.184531,0.981997],""pnp_camera_rpy_deg"":[-4.544584,-0.881643,-21.250137],""pnp_reprojection_error_px"":0.022244},{""tag_id"":17,""target_match"":true,""family"":""tag25h9"",""hamming"":0,""decision_margin"":159.143143,""pixel_xy"":[880.505272,318.055265],""world_xy_yaw"":[0.353649,0.976773,0.107235],""pnp_valid"":true,""pnp_camera_xyz"":[0.461979,-0.071401,1.266371],""pnp_camera_quat_xyzw"":[-0.027232,-0.010959,0.05253,0.998188],""pnp_camera_rpy_deg"":[-3.183053,-1.089648,6.055135],""pnp_reprojection_error_px"":0.016255}]",1,0.016255,159.143143,93.739982,,0,,0,,
2026-08-12T11:14:36.763657+00:00,6052.047329730,onboard_target_060_static,0,"[0.0,0.0,0.0,0.0]",0,0,0,0,,,,,,,,,,,,,,,,,,,,,,,,,,,,0,,0,,,"[NaN,NaN,NaN]","[NaN,NaN,NaN,NaN]","[NaN,NaN,NaN,NaN,NaN,NaN]",0.000444,199,1,"[15,16,17]","[0.352621,0.976543,0.103035]","[{""tag_id"":15,""target_match"":true,""family"":""tag25h9"",""hamming"":0,""decision_margin"":71.79393,""pixel_xy"":[938.294284,556.306632],""world_xy_yaw"":[0.450734,0.686106,-0.384959],""pnp_valid"":true,""pnp_camera_xyz"":[0.573094,0.465043,1.218929],""pnp_camera_quat_xyzw"":[-0.032726,-0.001923,-0.187497,0.981718],""pnp_camera_rpy_deg"":[-3.643183,-0.919457,-21.596056],""pnp_reprojection_error_px"":0.079189},{""tag_id"":16,""target_match"":true,""family"":""tag25h9"",""hamming"":0,""decision_margin"":153.27951,""pixel_xy"":[963.103396,616.182307],""world_xy_yaw"":[0.492414,0.613058,-0.391322],""pnp_valid"":true,""pnp_camera_xyz"":[0.628004,0.598819,1.216378],""pnp_camera_quat_xyzw"":[-0.039691,0.00223,-0.186763,0.9816],""pnp_camera_rpy_deg"":[-4.517234,-0.598667,-21.521443],""pnp_reprojection_error_px"":0.052291},{""tag_id"":17,""target_match"":true,""family"":""tag25h9"",""hamming"":0,""decision_margin"":159.636337,""pixel_xy"":[879.893576,318.243471],""world_xy_yaw"":[0.352621,0.976543,0.103035],""pnp_valid"":true,""pnp_camera_xyz"":[0.460441,-0.07093,1.266023],""pnp_camera_quat_xyzw"":[-0.026061,-0.011828,0.050284,0.998325],""pnp_camera_rpy_deg"":[-3.051663,-1.203023,5.799019],""pnp_reprojection_error_px"":0.0185}]",1,0.0185,159.636337,92.947231,,0,,0,,
2026-08-12T11:14:36.813926+00:00,6052.097595653,onboard_target_060_static,0,"[0.0,0.0,0.0,0.0]",0,0,0,0,,,,,,,,,,,,,,,,,,,,,,,,,,,,0,,0,,,"[NaN,NaN,NaN]","[NaN,NaN,NaN,NaN]","[NaN,NaN,NaN,NaN,NaN,NaN]",0.000884,200,1,"[15,16,17]","[0.352186,0.976426,0.10088]","[{""tag_id"":15,""target_match"":true,""family"":""tag25h9"",""hamming"":0,""decision_margin"":73.570229,""pixel_xy"":[938.177884,556.43523],""world_xy_yaw"":[0.450539,0.685949,-0.390151],""pnp_valid"":true,""pnp_camera_xyz"":[0.571713,0.464543,1.216733],""pnp_camera_quat_xyzw"":[-0.03144,-0.003354,-0.188299,0.981603],""pnp_camera_rpy_deg"":[-3.466758,-1.055698,-21.686142],""pnp_reprojection_error_px"":0.053455},{""tag_id"":16,""target_match"":true,""family"":""tag25h9"",""hamming"":0,""decision_margin"":154.170822,""pixel_xy"":[963.059704,616.319545],""world_xy_yaw"":[0.49234,0.61289,-0.393401],""pnp_valid"":true,""pnp_camera_xyz"":[0.627597,0.59881,1.215782],""pnp_camera_quat_xyzw"":[-0.039899,0.001511,-0.18737,0.981478],""pnp_camera_rpy_deg"":[-4.524842,-0.686787,-21.588974],""pnp_reprojection_error_px"":0.061691},{""tag_id"":17,""target_match"":true,""family"":""tag25h9"",""hamming"":0,""decision_margin"":158.545578,""pixel_xy"":[879.634469,318.339189],""world_xy_yaw"":[0.352186,0.976426,0.10088],""pnp_valid"":true,""pnp_camera_xyz"":[0.459513,-0.070658,1.265117],""pnp_camera_quat_xyzw"":[-0.025697,-0.012329,0.049166,0.998384],""pnp_camera_rpy_deg"":[-3.011482,-1.265789,5.671832],""pnp_reprojection_error_px"":0.018737}]",1,0.018737,158.545578,93.688553,,0,,0,,
2026-08-12T11:14:36.863674+00:00,6052.147347141,onboard_target_060_static,0,"[0.0,0.0,0.0,0.0]",0,0,0,0,,,,,,,,,,,,,,,,,,,,,,,,,,,,0,,0,,,"[NaN,NaN,NaN]","[NaN,NaN,NaN,NaN]","[NaN,NaN,NaN,NaN,NaN,NaN]",0.000443,202,1,"[15,16,17]","[0.351411,0.976303,0.095943]","[{""tag_id"":15,""target_match"":true,""family"":""tag25h9"",""hamming"":0,""decision_margin"":73.809189,""pixel_xy"":[937.900321,556.763016],""world_xy_yaw"":[0.450073,0.685549,-0.394718],""pnp_valid"":true,""pnp_camera_xyz"":[0.570714,0.464957,1.216029],""pnp_camera_quat_xyzw"":[-0.031787,-0.004882,-0.189401,0.981373],""pnp_camera_rpy_deg"":[-3.471686,-1.239011,-21.809495],""pnp_reprojection_error_px"":0.022407},{""tag_id"":16,""target_match"":true,""family"":""tag25h9"",""hamming"":0,""decision_margin"":150.899689,""pixel_xy"":[963.001312,616.599042],""world_xy_yaw"":[0.492242,0.612549,-0.399411],""pnp_valid"":true,""pnp_camera_xyz"":[0.627174,0.599206,1.215339],""pnp_camera_quat_xyzw"":[-0.039577,0.000812,-0.189289,0.981123],""pnp_camera_rpy_deg"":[-4.472131,-0.767144,-21.809921],""pnp_reprojection_error_px"":0.08616},{""tag_id"":17,""target_match"":true,""family"":""tag25h9"",""hamming"":0,""decision_margin"":159.712952,""pixel_xy"":[879.173379,318.440468],""world_xy_yaw"":[0.351411,0.976303,0.095943],""pnp_valid"":true,""pnp_camera_xyz"":[0.458177,-0.070366,1.264446],""pnp_camera_quat_xyzw"":[-0.027217,-0.011887,0.046983,0.998454],""pnp_camera_rpy_deg"":[-3.180367,-1.213578,5.421864],""pnp_reprojection_error_px"":0.011851}]",1,0.011851,159.712952,93.327428,,0,,0,,
2026-08-12T11:14:36.913638+00:00,6052.197310772,onboard_target_060_static,0,"[0.0,0.0,0.0,0.0]",0,0,0,0,,,,,,,,,,,,,,,,,,,,,,,,,,,,0,,0,,,"[NaN,NaN,NaN]","[NaN,NaN,NaN,NaN]","[NaN,NaN,NaN,NaN,NaN,NaN]",0.000667,203,1,"[15,16,17]","[0.351078,0.976251,0.094575]","[{""tag_id"":15,""target_match"":true,""family"":""tag25h9"",""hamming"":0,""decision_margin"":72.617607,""pixel_xy"":[937.69887,556.941404],""world_xy_yaw"":[0.449734,0.685331,-0.394741],""pnp_valid"":true,""pnp_camera_xyz"":[0.570466,0.465414,1.216258],""pnp_camera_quat_xyzw"":[-0.032097,-0.004515,-0.190636,0.981126],""pnp_camera_rpy_deg"":[-3.512964,-1.208925,-21.954396],""pnp_reprojection_error_px"":0.058309},{""tag_id"":16,""target_match"":true,""family"":""tag25h9"",""hamming"":0,""decision_margin"":151.466522,""pixel_xy"":[962.968272,616.726272],""world_xy_yaw"":[0.492187,0.612394,-0.401999],""pnp_valid"":true,""pnp_camera_xyz"":[0.627207,0.599597,1.215566],""pnp_camera_quat_xyzw"":[-0.039893,0.000256,-0.190077,0.980958],""pnp_camera_rpy_deg"":[-4.495009,-0.840135,-21.899301],""pnp_reprojection_error_px"":0.092548},{""tag_id"":17,""target_match"":true,""family"":""tag25h9"",""hamming"":0,""decision_margin"":159.537979,""pixel_xy"":[878.974933,318.482987],""world_xy_yaw"":[0.351078,0.976251,0.094575],""pnp_valid"":true,""pnp_camera_xyz"":[0.457885,-0.070295,1.264893],""pnp_camera_quat_xyzw"":[-0.028601,-0.011653,0.04625,0.998452],""pnp_camera_rpy_deg"":[-3.336768,-1.181821,5.338737],""pnp_reprojection_error_px"":0.012702}]",1,0.012702,159.537979,94.332521,,0,,0,,
2026-08-12T11:14:36.963660+00:00,6052.247333470,onboard_target_060_static,0,"[0.0,0.0,0.0,0.0]",0,0,0,0,,,,,,,,,,,,,,,,,,,,,,,,,,,,0,,0,,,"[NaN,NaN,NaN]","[NaN,NaN,NaN,NaN]","[NaN,NaN,NaN,NaN,NaN,NaN]",0.000430,205,1,"[15,16,17]","[0.350419,0.976143,0.09011]","[{""tag_id"":15,""target_match"":true,""family"":""tag25h9"",""hamming"":0,""decision_margin"":73.916588,""pixel_xy"":[937.465956,557.220306],""world_xy_yaw"":[0.449343,0.684991,-0.397365],""pnp_valid"":true,""pnp_camera_xyz"":[0.57137,0.467204,1.21936],""pnp_camera_quat_xyzw"":[-0.034845,-0.001751,-0.19286,0.980606],""pnp_camera_rpy_deg"":[-3.880291,-0.96682,-22.220392],""pnp_reprojection_error_px"":0.045604},{""tag_id"":16,""target_match"":true,""family"":""tag25h9"",""hamming"":0,""decision_margin"":151.629303,""pixel_xy"":[962.840428,616.926756],""world_xy_yaw"":[0.491972,0.612149,-0.404496],""pnp_valid"":true,""pnp_camera_xyz"":[0.627208,0.600284,1.216015],""pnp_camera_quat_xyzw"":[-0.040106,0.000896,-0.192117,0.980552],""pnp_camera_rpy_deg"":[-4.531314,-0.782268,-22.139873],""pnp_reprojection_error_px"":0.072318},{""tag_id"":17,""target_match"":true,""family"":""tag25h9"",""hamming"":0,""decision_margin"":160.536438,""pixel_xy"":[878.582944,318.571269],""world_xy_yaw"":[0.350419,0.976143,0.09011],""pnp_valid"":true,""pnp_camera_xyz"":[0.457152,-0.070142,1.265322],""pnp_camera_quat_xyzw"":[-0.026221,-0.011194,0.043894,0.998629],""pnp_camera_rpy_deg"":[-3.058956,-1.149177,5.064231],""pnp_reprojection_error_px"":0.018991}]",1,0.018991,160.536438,94.560787,,0,,0,,
2026-08-12T11:14:37.014174+00:00,6052.297842960,onboard_target_060_static,0,"[0.0,0.0,0.0,0.0]",0,0,0,0,,,,,,,,,,,,,,,,,,,,,,,,,,,,0,,0,,,"[NaN,NaN,NaN]","[NaN,NaN,NaN,NaN]","[NaN,NaN,NaN,NaN,NaN,NaN]",0.001088,206,1,"[15,16,17]","[0.350129,0.976104,0.08747]","[{""tag_id"":15,""target_match"":true,""family"":""tag25h9"",""hamming"":0,""decision_margin"":73.655952,""pixel_xy"":[937.377317,557.400636],""world_xy_yaw"":[0.449194,0.684771,-0.396685],""pnp_valid"":true,""pnp_camera_xyz"":[0.570258,0.466794,1.217486],""pnp_camera_quat_xyzw"":[-0.033728,-0.002416,-0.192351,0.980743],""pnp_camera_rpy_deg"":[-3.740512,-1.014947,-22.159737],""pnp_reprojection_error_px"":0.056422},{""tag_id"":16,""target_match"":true,""family"":""tag25h9"",""hamming"":0,""decision_margin"":149.908356,""pixel_xy"":[962.758655,617.044732],""world_xy_yaw"":[0.491835,0.612005,-0.405204],""pnp_valid"":true,""pnp_camera_xyz"":[0.626834,0.60023,1.215385],""pnp_camera_quat_xyzw"":[-0.039265,0.000277,-0.193536,0.980307],""pnp_camera_rpy_deg"":[-4.421783,-0.839738,-22.303456],""pnp_reprojection_error_px"":0.064547},{""tag_id"":17,""target_match"":true,""family"":""tag25h9"",""hamming"":0,""decision_margin"":160.357849,""pixel_xy"":[878.410205,318.60348],""world_xy_yaw"":[0.350129,0.976104,0.08747],""pnp_valid"":true,""pnp_camera_xyz"":[0.456681,-0.070087,1.265151],""pnp_camera_quat_xyzw"":[-0.026455,-0.011142,0.0427,0.998675],""pnp_camera_rpy_deg"":[-3.084155,-1.145707,4.927444],""pnp_reprojection_error_px"":0.02245}]",1,0.02245,160.357849,95.234554,,0,,0,,
2026-08-12T11:14:37.063743+00:00,6052.347415515,onboard_target_060_static,0,"[0.0,0.0,0.0,0.0]",0,0,0,0,,,,,,,,,,,,,,,,,,,,,,,,,,,,0,,0,,,"[NaN,NaN,NaN]","[NaN,NaN,NaN,NaN]","[NaN,NaN,NaN,NaN,NaN,NaN]",0.000446,208,1,"[15,16,17]","[0.3496,0.976126,0.08445]","[{""tag_id"":15,""target_match"":true,""family"":""tag25h9"",""hamming"":0,""decision_margin"":74.475365,""pixel_xy"":[937.178932,557.582677],""world_xy_yaw"":[0.448861,0.684549,-0.405078],""pnp_valid"":true,""pnp_camera_xyz"":[0.569009,0.46678,1.215872],""pnp_camera_quat_xyzw"":[-0.032342,-0.004204,-0.194264,0.980407],""pnp_camera_rpy_deg"":[-3.542963,-1.192386,-22.378695],""pnp_reprojection_error_px"":0.039063},{""tag_id"":16,""target_match"":true,""family"":""tag25h9"",""hamming"":0,""decision_margin"":152.891251,""pixel_xy"":[962.721298,617.23747],""world_xy_yaw"":[0.491772,0.61177,-0.409663],""pnp_valid"":true,""pnp_camera_xyz"":[0.626478,0.600423,1.2149],""pnp_camera_quat_xyzw"":[-0.040253,-0.001292,-0.194354,0.980104],""pnp_camera_rpy_deg"":[-4.49748,-1.041661,-22.391544],""pnp_reprojection_error_px"":0.063409},{""tag_id"":17,""target_match"":true,""family"":""tag25h9"",""hamming"":0,""decision_margin"":160.139999,""pixel_xy"":[878.095338,318.585218],""world_xy_yaw"":[0.3496,0.976126,0.08445],""pnp_valid"":true,""pnp_camera_xyz"":[0.455853,-0.07012,1.264838],""pnp_camera_quat_xyzw"":[-0.027634,-0.009855,0.04114,0.998723],""pnp_camera_rpy_deg"":[-3.211245,-0.997667,4.74561],""pnp_reprojection_error_px"":0.02902}]",1,0.02902,160.139999,92.916944,,0,,0,,
2026-08-12T11:14:37.114416+00:00,6052.398081218,onboard_target_060_static,0,"[0.0,0.0,0.0,0.0]",0,0,0,0,,,,,,,,,,,,,,,,,,,,,,,,,,,,0,,0,,,"[NaN,NaN,NaN]","[NaN,NaN,NaN,NaN]","[NaN,NaN,NaN,NaN,NaN,NaN]",0.001271,209,1,"[15,16,17]","[0.349312,0.976168,0.082013]","[{""tag_id"":15,""target_match"":true,""family"":""tag25h9"",""hamming"":0,""decision_margin"":72.741219,""pixel_xy"":[937.005744,557.701726],""world_xy_yaw"":[0.44857,0.684404,-0.409953],""pnp_valid"":true,""pnp_camera_xyz"":[0.568684,0.467148,1.215982],""pnp_camera_quat_xyzw"":[-0.032391,-0.006942,-0.195024,0.980239],""pnp_camera_rpy_deg"":[-3.486567,-1.503783,-22.458975],""pnp_reprojection_error_px"":0.06517},{""tag_id"":16,""target_match"":true,""family"":""tag25h9"",""hamming"":0,""decision_margin"":153.163193,""pixel_xy"":[962.695799,617.322165],""world_xy_yaw"":[0.491729,0.611667,-0.41281],""pnp_valid"":true,""pnp_camera_xyz"":[0.626044,0.600273,1.214201],""pnp_camera_quat_xyzw"":[-0.039873,-0.00226,-0.195128,0.979964],""pnp_camera_rpy_deg"":[-4.432392,-1.1454,-22.478269],""pnp_reprojection_error_px"":0.061453},{""tag_id"":17,""target_match"":true,""family"":""tag25h9"",""hamming"":0,""decision_margin"":158.405746,""pixel_xy"":[877.924073,318.550482],""world_xy_yaw"":[0.349312,0.976168,0.082013],""pnp_valid"":true,""pnp_camera_xyz"":[0.455742,-0.070214,1.26566],""pnp_camera_quat_xyzw"":[-0.026535,-0.00918,0.040069,0.998802],""pnp_camera_rpy_deg"":[-3.081141,-0.928858,4.619607],""pnp_reprojection_error_px"":0.016932}]",1,0.016932,158.405746,93.061165,,0,,0,,
2026-08-12T11:14:37.163766+00:00,6052.447437637,onboard_target_060_static,0,"[0.0,0.0,0.0,0.0]",0,0,0,0,,,,,,,,,,,,,,,,,,,,,,,,,,,,0,,0,,,"[NaN,NaN,NaN]","[NaN,NaN,NaN,NaN]","[NaN,NaN,NaN,NaN,NaN,NaN]",0.000543,211,1,"[15,16,17]","[0.348731,0.976335,0.077057]","[{""tag_id"":15,""target_match"":true,""family"":""tag25h9"",""hamming"":0,""decision_margin"":71.723869,""pixel_xy"":[936.674962,557.970844],""world_xy_yaw"":[0.448014,0.684076,-0.412229],""pnp_valid"":true,""pnp_camera_xyz"":[0.567345,0.467029,1.214474],""pnp_camera_quat_xyzw"":[-0.0309,-0.009595,-0.196516,0.979967],""pnp_camera_rpy_deg"":[-3.257158,-1.773556,-22.628201],""pnp_reprojection_error_px"":0.058055},{""tag_id"":16,""target_match"":true,""family"":""tag25h9"",""hamming"":0,""decision_margin"":151.843964,""pixel_xy"":[962.685926,617.422399],""world_xy_yaw"":[0.491712,0.611545,-0.418961],""pnp_valid"":true,""pnp_camera_xyz"":[0.625639,0.600267,1.213575],""pnp_camera_quat_xyzw"":[-0.040174,-0.003542,-0.196304,0.979713],""pnp_camera_rpy_deg"":[-4.436099,-1.301513,-22.610036],""pnp_reprojection_error_px"":0.043681},{""tag_id"":17,""target_match"":true,""family"":""tag25h9"",""hamming"":0,""decision_margin"":160.710052,""pixel_xy"":[877.577791,318.413654],""world_xy_yaw"":[0.348731,0.976335,0.077057],""pnp_valid"":true,""pnp_camera_xyz"":[0.45474,-0.070412,1.265102],""pnp_camera_quat_xyzw"":[-0.027752,-0.010491,0.037422,0.998859],""pnp_camera_rpy_deg"":[-3.223764,-1.081818,4.321622],""pnp_reprojection_error_px"":0.035843}]",1,0.035843,160.710052,92.111242,,0,,0,,
2026-08-12T11:14:37.215061+00:00,6052.498722716,onboard_target_060_static,0,"[0.0,0.0,0.0,0.0]",0,0,0,0,,,,,,,,,,,,,,,,,,,,,,,,,,,,0,,0,,,"[NaN,NaN,NaN]","[NaN,NaN,NaN,NaN]","[NaN,NaN,NaN,NaN,NaN,NaN]",0.001757,212,1,"[15,16,17]","[0.348535,0.976413,0.074136]","[{""tag_id"":15,""target_match"":true,""family"":""tag25h9"",""hamming"":0,""decision_margin"":71.755585,""pixel_xy"":[936.554897,558.065481],""world_xy_yaw"":[0.447812,0.68396,-0.414503],""pnp_valid"":true,""pnp_camera_xyz"":[0.566653,0.466831,1.213549],""pnp_camera_quat_xyzw"":[-0.030521,-0.008945,-0.198288,0.979628],""pnp_camera_rpy_deg"":[-3.2261,-1.697908,-22.837599],""pnp_reprojection_error_px"":0.065622},{""tag_id"":16,""target_match"":true,""family"":""tag25h9"",""hamming"":0,""decision_margin"":151.125992,""pixel_xy"":[962.662754,617.470909],""world_xy_yaw"":[0.491673,0.611485,-0.421782],""pnp_valid"":true,""pnp_camera_xyz"":[0.625649,0.60048,1.213764],""pnp_camera_quat_xyzw"":[-0.040207,-0.003724,-0.197146,0.979542],""pnp_camera_rpy_deg"":[-4.434638,-1.326456,-22.707728],""pnp_reprojection_error_px"":0.055514},{""tag_id"":17,""target_match"":true,""family"":""tag25h9"",""hamming"":0,""decision_margin"":159.264328,""pixel_xy"":[877.461245,318.349988],""world_xy_yaw"":[0.348535,0.976413,0.074136],""pnp_valid"":true,""pnp_camera_xyz"":[0.454354,-0.070627,1.264918],""pnp_camera_quat_xyzw"":[-0.028115,-0.01051,0.036548,0.998881],""pnp_camera_rpy_deg"":[-3.26448,-1.085298,4.221823],""pnp_reprojection_error_px"":0.006066}]",1,0.006066,159.264328,90.822229,,0,,0,,
2026-08-12T11:14:37.263688+00:00,6052.547361674,onboard_target_060_static,0,"[0.0,0.0,0.0,0.0]",0,0,0,0,,,,,,,,,,,,,,,,,,,,,,,,,,,,0,,0,,,"[NaN,NaN,NaN]","[NaN,NaN,NaN,NaN]","[NaN,NaN,NaN,NaN,NaN,NaN]",0.000442,214,1,"[15,16,17]","[0.348004,0.976689,0.069372]","[{""tag_id"":15,""target_match"":true,""family"":""tag25h9"",""hamming"":0,""decision_margin"":72.460396,""pixel_xy"":[936.345051,558.135493],""world_xy_yaw"":[0.44746,0.683875,-0.419329],""pnp_valid"":true,""pnp_camera_xyz"":[0.565578,0.466585,1.212323],""pnp_camera_quat_xyzw"":[-0.029398,-0.010439,-0.199292,0.979443],""pnp_camera_rpy_deg"":[-3.064157,-1.843272,-22.953191],""pnp_reprojection_error_px"":0.046268},{""tag_id"":16,""target_match"":true,""family"":""tag25h9"",""hamming"":0,""decision_margin"":152.021179,""pixel_xy"":[962.592453,617.505387],""world_xy_yaw"":[0.491555,0.611443,-0.426592],""pnp_valid"":true,""pnp_camera_xyz"":[0.625385,0.600518,1.213628],""pnp_camera_quat_xyzw"":[-0.040495,-0.005707,-0.197713,0.979407],""pnp_camera_rpy_deg"":[-4.421542,-1.558106,-22.765671],""pnp_reprojection_error_px"":0.068796},{""tag_id"":17,""target_match"":true,""family"":""tag25h9"",""hamming"":0,""decision_margin"":160.710037,""pixel_xy"":[877.144996,318.123942],""world_xy_yaw"":[0.348004,0.976689,0.069372],""pnp_valid"":true,""pnp_camera_xyz"":[0.453577,-0.071162,1.264771],""pnp_camera_quat_xyzw"":[-0.025447,-0.012169,0.033983,0.999024],""pnp_camera_rpy_deg"":[-2.962594,-1.294163,3.929933],""pnp_reprojection_error_px"":0.008592}]",1,0.008592,160.710037,91.705038,,0,,0,,
2026-08-12T11:14:37.313911+00:00,6052.597582528,onboard_target_060_static,0,"[0.0,0.0,0.0,0.0]",0,0,0,0,,,,,,,,,,,,,,,,,,,,,,,,,,,,0,,0,,,"[NaN,NaN,NaN]","[NaN,NaN,NaN,NaN]","[NaN,NaN,NaN,NaN,NaN,NaN]",0.000867,215,1,"[15,16,17]","[0.347687,0.976861,0.068647]","[{""tag_id"":15,""target_match"":true,""family"":""tag25h9"",""hamming"":0,""decision_margin"":72.945526,""pixel_xy"":[936.19308,558.20758],""world_xy_yaw"":[0.447204,0.683787,-0.42033],""pnp_valid"":true,""pnp_camera_xyz"":[0.566796,0.468021,1.215649],""pnp_camera_quat_xyzw"":[-0.032178,-0.009913,-0.199859,0.979246],""pnp_camera_rpy_deg"":[-3.387525,-1.849685,-23.01602],""pnp_reprojection_error_px"":0.048409},{""tag_id"":16,""target_match"":true,""family"":""tag25h9"",""hamming"":0,""decision_margin"":152.690094,""pixel_xy"":[962.518755,617.501996],""world_xy_yaw"":[0.491431,0.611448,-0.429158],""pnp_valid"":true,""pnp_camera_xyz"":[0.625782,0.601077,1.214636],""pnp_camera_quat_xyzw"":[-0.040456,-0.005923,-0.198946,0.979157],""pnp_camera_rpy_deg"":[-4.41028,-1.587109,-22.909045],""pnp_reprojection_error_px"":0.053661},{""tag_id"":17,""target_match"":true,""family"":""tag25h9"",""hamming"":0,""decision_margin"":160.566589,""pixel_xy"":[876.956727,317.983038],""world_xy_yaw"":[0.347687,0.976861,0.068647],""pnp_valid"":true,""pnp_camera_xyz"":[0.453176,-0.071472,1.264845],""pnp_camera_quat_xyzw"":[-0.027693,-0.011202,0.03357,0.99899],""pnp_camera_rpy_deg"":[-3.215582,-1.175936,3.88234],""pnp_reprojection_error_px"":0.001875}]",1,0.001875,160.566589,92.05099,,0,,0,,
2026-08-12T11:14:37.363917+00:00,6052.647589312,onboard_target_060_static,0,"[0.0,0.0,0.0,0.0]",0,0,0,0,,,,,,,,,,,,,,,,,,,,,,,,,,,,0,,0,,,"[NaN,NaN,NaN]","[NaN,NaN,NaN,NaN]","[NaN,NaN,NaN,NaN,NaN,NaN]",0.000948,216,1,"[15,16,17]","[0.347549,0.976773,0.066959]","[{""tag_id"":15,""target_match"":true,""family"":""tag25h9"",""hamming"":0,""decision_margin"":71.385284,""pixel_xy"":[936.054925,558.247376],""world_xy_yaw"":[0.446972,0.683738,-0.423574],""pnp_valid"":true,""pnp_camera_xyz"":[0.567487,0.469013,1.21785],""pnp_camera_quat_xyzw"":[-0.033806,-0.010249,-0.200586,0.979039],""pnp_camera_rpy_deg"":[-3.561435,-1.92729,-23.097168],""pnp_reprojection_error_px"":0.047236},{""tag_id"":16,""target_match"":true,""family"":""tag25h9"",""hamming"":0,""decision_margin"":151.464127,""pixel_xy"":[962.438128,617.52679],""world_xy_yaw"":[0.491296,0.611417,-0.431067],""pnp_valid"":true,""pnp_camera_xyz"":[0.625945,0.601442,1.215295],""pnp_camera_quat_xyzw"":[-0.040712,-0.006341,-0.199691,0.978992],""pnp_camera_rpy_deg"":[-4.428383,-1.643162,-22.994098],""pnp_reprojection_error_px"":0.04934},{""tag_id"":17,""target_match"":true,""family"":""tag25h9"",""hamming"":0,""decision_margin"":160.95546,""pixel_xy"":[876.874653,318.055233],""world_xy_yaw"":[0.347549,0.976773,0.066959],""pnp_valid"":true,""pnp_camera_xyz"":[0.45245,-0.071192,1.263344],""pnp_camera_quat_xyzw"":[-0.029319,-0.011597,0.032656,0.998969],""pnp_camera_rpy_deg"":[-3.402374,-1.217882,3.780809],""pnp_reprojection_error_px"":0.013545}]",1,0.013545,160.95546,91.285056,,0,,0,,
2026-08-12T11:14:37.413995+00:00,6052.697663555,onboard_target_060_static,0,"[0.0,0.0,0.0,0.0]",0,0,0,0,,,,,,,,,,,,,,,,,,,,,,,,,,,,0,,0,,,"[NaN,NaN,NaN]","[NaN,NaN,NaN,NaN]","[NaN,NaN,NaN,NaN,NaN,NaN]",0.000569,218,1,"[15,16,17]","[0.347511,0.976062,0.066225]","[{""tag_id"":15,""target_match"":true,""family"":""tag25h9"",""hamming"":0,""decision_margin"":73.653145,""pixel_xy"":[935.782012,558.49035],""world_xy_yaw"":[0.446514,0.683442,-0.426096],""pnp_valid"":true,""pnp_camera_xyz"":[0.565793,0.468556,1.215704],""pnp_camera_quat_xyzw"":[-0.032115,-0.01186,-0.201045,0.978984],""pnp_camera_rpy_deg"":[-3.333603,-2.070773,-23.149626],""pnp_reprojection_error_px"":0.043485},{""tag_id"":16,""target_match"":true,""family"":""tag25h9"",""hamming"":0,""decision_margin"":152.862091,""pixel_xy"":[962.244824,617.645377],""world_xy_yaw"":[0.490971,0.611273,-0.435101],""pnp_valid"":true,""pnp_camera_xyz"":[0.625731,0.601784,1.215668],""pnp_camera_quat_xyzw"":[-0.040915,-0.009341,-0.200478,0.978799],""pnp_camera_rpy_deg"":[-4.381455,-1.988083,-23.074497],""pnp_reprojection_error_px"":0.046944},{""tag_id"":17,""target_match"":true,""family"":""tag25h9"",""hamming"":0,""decision_margin"":158.80722,""pixel_xy"":[876.851898,318.638086],""world_xy_yaw"":[0.347511,0.976062,0.066225],""pnp_valid"":true,""pnp_camera_xyz"":[0.453152,-0.069953,1.265413],""pnp_camera_quat_xyzw"":[-0.027564,-0.0081,0.03241,0.999062],""pnp_camera_rpy_deg"":[-3.187694,-0.82496,3.739093],""pnp_reprojection_error_px"":0.014627}]",1,0.014627,158.80722,92.057009,,0,,0,,
2026-08-12T11:14:37.464427+00:00,6052.748094090,onboard_target_060_static,0,"[0.0,0.0,0.0,0.0]",0,0,0,0,,,,,,,,,,,,,,,,,,,,,,,,,,,,0,,0,,,"[NaN,NaN,NaN]","[NaN,NaN,NaN,NaN]","[NaN,NaN,NaN,NaN,NaN,NaN]",0.001299,219,1,"[15,16,17]","[0.34758,0.975653,0.06818]","[{""tag_id"":15,""target_match"":true,""family"":""tag25h9"",""hamming"":0,""decision_margin"":73.420364,""pixel_xy"":[935.596558,558.532036],""world_xy_yaw"":[0.446202,0.683391,-0.430958],""pnp_valid"":true,""pnp_camera_xyz"":[0.564784,0.468299,1.214447],""pnp_camera_quat_xyzw"":[-0.030726,-0.012081,-0.202703,0.978684],""pnp_camera_rpy_deg"":[-3.168998,-2.06902,-23.345782],""pnp_reprojection_error_px"":0.017085},{""tag_id"":16,""target_match"":true,""family"":""tag25h9"",""hamming"":0,""decision_margin"":150.780899,""pixel_xy"":[962.134415,617.657345],""world_xy_yaw"":[0.490786,0.611258,-0.437327],""pnp_valid"":true,""pnp_camera_xyz"":[0.625804,0.602139,1.216303],""pnp_camera_quat_xyzw"":[-0.040313,-0.009638,-0.201333,0.978645],""pnp_camera_rpy_deg"":[-4.305206,-2.011357,-23.174535],""pnp_reprojection_error_px"":0.044488},{""tag_id"":17,""target_match"":true,""family"":""tag25h9"",""hamming"":0,""decision_margin"":157.996811,""pixel_xy"":[876.892777,318.973352],""world_xy_yaw"":[0.34758,0.975653,0.06818],""pnp_valid"":true,""pnp_camera_xyz"":[0.452957,-0.069129,1.264601],""pnp_camera_quat_xyzw"":[-0.028489,-0.009292,0.033288,0.998996],""pnp_camera_rpy_deg"":[-3.299048,-0.955098,3.844481],""pnp_reprojection_error_px"":0.014156}]",1,0.014156,157.996811,92.499692,,0,,0,,
2026-08-12T11:14:37.513639+00:00,6052.797309958,onboard_target_060_static,0,"[0.0,0.0,0.0,0.0]",0,0,0,0,,,,,,,,,,,,,,,,,,,,,,,,,,,,0,,0,,,"[NaN,NaN,NaN]","[NaN,NaN,NaN,NaN]","[NaN,NaN,NaN,NaN,NaN,NaN]",0.000431,221,1,"[15,16,17]","[0.347685,0.974913,0.073315]","[{""tag_id"":15,""target_match"":true,""family"":""tag25h9"",""hamming"":0,""decision_margin"":73.729996,""pixel_xy"":[935.190964,558.668971],""world_xy_yaw"":[0.445521,0.683224,-0.434076],""pnp_valid"":true,""pnp_camera_xyz"":[0.564645,0.469242,1.215844],""pnp_camera_quat_xyzw"":[-0.031889,-0.013332,-0.20415,0.978329],""pnp_camera_rpy_deg"":[-3.267425,-2.241213,-23.509796],""pnp_reprojection_error_px"":0.072501},{""tag_id"":16,""target_match"":true,""family"":""tag25h9"",""hamming"":0,""decision_margin"":153.425842,""pixel_xy"":[961.887047,617.751514],""world_xy_yaw"":[0.49037,0.611143,-0.440698],""pnp_valid"":true,""pnp_camera_xyz"":[0.624962,0.601995,1.215778],""pnp_camera_quat_xyzw"":[-0.038604,-0.009491,-0.203546,0.978258],""pnp_camera_rpy_deg"":[-4.112097,-1.9648,-23.437073],""pnp_reprojection_error_px"":0.077706},{""tag_id"":17,""target_match"":true,""family"":""tag25h9"",""hamming"":0,""decision_margin"":160.716568,""pixel_xy"":[876.955656,319.579737],""world_xy_yaw"":[0.347685,0.974913,0.073315],""pnp_valid"":true,""pnp_camera_xyz"":[0.453215,-0.067753,1.264744],""pnp_camera_quat_xyzw"":[-0.026688,-0.011337,0.035088,0.998964],""pnp_camera_rpy_deg"":[-3.102785,-1.190501,4.055526],""pnp_reprojection_error_px"":0.034284}]",1,0.034284,160.716568,91.545695,,0,,0,,
2026-08-12T11:14:37.564518+00:00,6052.848185793,onboard_target_060_static,0,"[0.0,0.0,0.0,0.0]",0,0,0,0,,,,,,,,,,,,,,,,,,,,,,,,,,,,0,,0,,,"[NaN,NaN,NaN]","[NaN,NaN,NaN,NaN]","[NaN,NaN,NaN,NaN,NaN,NaN]",0.001349,222,1,"[15,16,17]","[0.347749,0.9746,0.072637]","[{""tag_id"":15,""target_match"":true,""family"":""tag25h9"",""hamming"":0,""decision_margin"":72.870132,""pixel_xy"":[935.027509,558.81939],""world_xy_yaw"":[0.445246,0.68304,-0.435402],""pnp_valid"":true,""pnp_camera_xyz"":[0.56387,0.469134,1.21505],""pnp_camera_quat_xyzw"":[-0.031502,-0.015959,-0.203629,0.978411],""pnp_camera_rpy_deg"":[-3.164255,-2.525217,-23.443616],""pnp_reprojection_error_px"":0.027941},{""tag_id"":16,""target_match"":true,""family"":""tag25h9"",""hamming"":0,""decision_margin"":153.439926,""pixel_xy"":[961.69517,617.772666],""world_xy_yaw"":[0.490048,0.611117,-0.442281],""pnp_valid"":true,""pnp_camera_xyz"":[0.624484,0.601961,1.215586],""pnp_camera_quat_xyzw"":[-0.038588,-0.009827,-0.20455,0.978046],""pnp_camera_rpy_deg"":[-4.100382,-2.006315,-23.553528],""pnp_reprojection_error_px"":0.062296},{""tag_id"":17,""target_match"":true,""family"":""tag25h9"",""hamming"":0,""decision_margin"":159.655243,""pixel_xy"":[876.99347,319.835649],""world_xy_yaw"":[0.347749,0.9746,0.072637],""pnp_valid"":true,""pnp_camera_xyz"":[0.453274,-0.067147,1.264735],""pnp_camera_quat_xyzw"":[-0.024111,-0.013321,0.034896,0.999011],""pnp_camera_rpy_deg"":[-2.815487,-1.428749,4.036275],""pnp_reprojection_error_px"":0.024055}]",1,0.024055,159.655243,91.739994,,0,,0,,
2026-08-12T11:14:37.614083+00:00,6052.897751757,onboard_target_060_static,0,"[0.0,0.0,0.0,0.0]",0,0,0,0,,,,,,,,,,,,,,,,,,,,,,,,,,,,0,,0,,,"[NaN,NaN,NaN]","[NaN,NaN,NaN,NaN]","[NaN,NaN,NaN,NaN,NaN,NaN]",0.000645,224,1,"[15,16,17]","[0.347876,0.974076,0.072457]","[{""tag_id"":15,""target_match"":true,""family"":""tag25h9"",""hamming"":0,""decision_margin"":73.601212,""pixel_xy"":[934.563922,558.999474],""world_xy_yaw"":[0.444467,0.682821,-0.435474],""pnp_valid"":true,""pnp_camera_xyz"":[0.564136,0.470547,1.217877],""pnp_camera_quat_xyzw"":[-0.032477,-0.011854,-0.206061,0.977928],""pnp_camera_rpy_deg"":[-3.363716,-2.095772,-23.736149],""pnp_reprojection_error_px"":0.046117},{""tag_id"":16,""target_match"":true,""family"":""tag25h9"",""hamming"":0,""decision_margin"":150.694199,""pixel_xy"":[961.323738,617.789374],""world_xy_yaw"":[0.489424,0.611097,-0.445722],""pnp_valid"":true,""pnp_camera_xyz"":[0.623961,0.602429,1.216209],""pnp_camera_quat_xyzw"":[-0.038634,-0.011634,-0.204443,0.978046],""pnp_camera_rpy_deg"":[-4.063856,-2.209587,-23.534944],""pnp_reprojection_error_px"":0.022759},{""tag_id"":17,""target_match"":true,""family"":""tag25h9"",""hamming"":0,""decision_margin"":156.952835,""pixel_xy"":[877.069305,320.265516],""world_xy_yaw"":[0.347876,0.974076,0.072457],""pnp_valid"":true,""pnp_camera_xyz"":[0.453508,-0.06616,1.265069],""pnp_camera_quat_xyzw"":[-0.024048,-0.013731,0.035453,0.998988],""pnp_camera_rpy_deg"":[-2.810725,-1.474296,4.101171],""pnp_reprojection_error_px"":0.005751}]",1,0.005751,156.952835,92.150179,,0,,0,,
2026-08-12T11:14:37.663715+00:00,6052.947388242,onboard_target_060_static,0,"[0.0,0.0,0.0,0.0]",0,0,0,0,,,,,,,,,,,,,,,,,,,,,,,,,,,,0,,0,,,"[NaN,NaN,NaN]","[NaN,NaN,NaN,NaN]","[NaN,NaN,NaN,NaN,NaN,NaN]",0.000449,226,1,"[15,16,17]","[0.347962,0.97364,0.072178]","[{""tag_id"":15,""target_match"":true,""family"":""tag25h9"",""hamming"":0,""decision_margin"":72.087448,""pixel_xy"":[934.028931,559.089182],""world_xy_yaw"":[0.443569,0.682711,-0.437462],""pnp_valid"":true,""pnp_camera_xyz"":[0.562628,0.470578,1.217063],""pnp_camera_quat_xyzw"":[-0.031995,-0.015501,-0.20513,0.978089],""pnp_camera_rpy_deg"":[-3.226358,-2.490216,-23.619268],""pnp_reprojection_error_px"":0.058908},{""tag_id"":16,""target_match"":true,""family"":""tag25h9"",""hamming"":0,""decision_margin"":153.58429,""pixel_xy"":[960.995561,617.899156],""world_xy_yaw"":[0.488873,0.610963,-0.447664],""pnp_valid"":true,""pnp_camera_xyz"":[0.624212,0.60371,1.218389],""pnp_camera_quat_xyzw"":[-0.038192,-0.008559,-0.206351,0.977695],""pnp_camera_rpy_deg"":[-4.082043,-1.86232,-23.769326],""pnp_reprojection_error_px"":0.081495},{""tag_id"":17,""target_match"":true,""family"":""tag25h9"",""hamming"":0,""decision_margin"":159.720291,""pixel_xy"":[877.120256,320.62322],""world_xy_yaw"":[0.347962,0.97364,0.072178],""pnp_valid"":true,""pnp_camera_xyz"":[0.453865,-0.065378,1.265581],""pnp_camera_quat_xyzw"":[-0.023521,-0.012808,0.034795,0.999036],""pnp_camera_rpy_deg"":[-2.745578,-1.372606,4.022309],""pnp_reprojection_error_px"":0.021849}]",1,0.021849,159.720291,90.590802,,0,,0,,
2026-08-12T11:14:37.713836+00:00,6052.997506441,onboard_target_060_static,0,"[0.0,0.0,0.0,0.0]",0,0,0,0,,,,,,,,,,,,,,,,,,,,,,,,,,,,0,,0,,,"[NaN,NaN,NaN]","[NaN,NaN,NaN,NaN]","[NaN,NaN,NaN,NaN,NaN,NaN]",0.000835,227,1,"[15,16,17]","[0.348069,0.973446,0.070376]","[{""tag_id"":15,""target_match"":true,""family"":""tag25h9"",""hamming"":0,""decision_margin"":73.249779,""pixel_xy"":[933.844744,559.243501],""world_xy_yaw"":[0.443259,0.682523,-0.439989],""pnp_valid"":true,""pnp_camera_xyz"":[0.562057,0.470679,1.216887],""pnp_camera_quat_xyzw"":[-0.029988,-0.015072,-0.206797,0.977808],""pnp_camera_rpy_deg"":[-3.006939,-2.400112,-23.820043],""pnp_reprojection_error_px"":0.055116},{""tag_id"":16,""target_match"":true,""family"":""tag25h9"",""hamming"":0,""decision_margin"":153.44545,""pixel_xy"":[960.801078,617.888648],""world_xy_yaw"":[0.488546,0.610976,-0.44859],""pnp_valid"":true,""pnp_camera_xyz"":[0.624619,0.604608,1.220127],""pnp_camera_quat_xyzw"":[-0.038847,-0.006035,-0.207603,0.977423],""pnp_camera_rpy_deg"":[-4.212966,-1.600275,-23.923791],""pnp_reprojection_error_px"":0.100278},{""tag_id"":17,""target_match"":true,""family"":""tag25h9"",""hamming"":0,""decision_margin"":158.399155,""pixel_xy"":[877.184205,320.781915],""world_xy_yaw"":[0.348069,0.973446,0.070376],""pnp_valid"":true,""pnp_camera_xyz"":[0.453639,-0.065,1.264531],""pnp_camera_quat_xyzw"":[-0.024456,-0.013381,0.033856,0.999038],""pnp_camera_rpy_deg"":[-2.853752,-1.43716,3.917628],""pnp_reprojection_error_px"":0.033413}]",1,0.033413,158.399155,91.349991,,0,,0,,
2026-08-12T11:14:37.763772+00:00,6053.047435199,onboard_target_060_static,0,"[0.0,0.0,0.0,0.0]",0,0,0,0,,,,,,,,,,,,,,,,,,,,,,,,,,,,0,,0,,,"[NaN,NaN,NaN]","[NaN,NaN,NaN,NaN]","[NaN,NaN,NaN,NaN,NaN,NaN]",0.000066,229,1,"[15,16,17]","[0.348113,0.973213,0.065224]","[{""tag_id"":15,""target_match"":true,""family"":""tag25h9"",""hamming"":0,""decision_margin"":74.570297,""pixel_xy"":[933.390677,558.956364],""world_xy_yaw"":[0.442496,0.682873,-0.441538],""pnp_valid"":true,""pnp_camera_xyz"":[0.562227,0.471071,1.219162],""pnp_camera_quat_xyzw"":[-0.031319,-0.012998,-0.209186,0.977288],""pnp_camera_rpy_deg"":[-3.199814,-2.206944,-24.101781],""pnp_reprojection_error_px"":0.082687},{""tag_id"":16,""target_match"":true,""family"":""tag25h9"",""hamming"":0,""decision_margin"":152.420334,""pixel_xy"":[960.43867,617.480983],""world_xy_yaw"":[0.487937,0.611473,-0.455583],""pnp_valid"":true,""pnp_camera_xyz"":[0.622739,0.60251,1.217777],""pnp_camera_quat_xyzw"":[-0.036561,-0.013416,-0.208108,0.97733],""pnp_camera_rpy_deg"":[-3.780653,-2.375096,-23.96313],""pnp_reprojection_error_px"":0.032725},{""tag_id"":17,""target_match"":true,""family"":""tag25h9"",""hamming"":0,""decision_margin"":159.192291,""pixel_xy"":[877.210135,320.973297],""world_xy_yaw"":[0.348113,0.973213,0.065224],""pnp_valid"":true,""pnp_camera_xyz"":[0.453682,-0.064533,1.264587],""pnp_camera_quat_xyzw"":[-0.024076,-0.013548,0.031667,0.999117],""pnp_camera_rpy_deg"":[-2.807617,-1.463914,3.66668],""pnp_reprojection_error_px"":0.016147}]",1,0.016147,159.192291,92.861236,,0,,0,,
2026-08-12T11:14:37.814025+00:00,6053.097693624,onboard_target_060_static,0,"[0.0,0.0,0.0,0.0]",0,0,0,0,,,,,,,,,,,,,,,,,,,,,,,,,,,,0,,0,,,"[NaN,NaN,NaN]","[NaN,NaN,NaN,NaN]","[NaN,NaN,NaN,NaN,NaN,NaN]",0.000946,230,1,"[15,16,17]","[0.347681,0.973051,0.062975]","[{""tag_id"":15,""target_match"":true,""family"":""tag25h9"",""hamming"":0,""decision_margin"":75.311157,""pixel_xy"":[933.338177,558.739259],""world_xy_yaw"":[0.442408,0.683138,-0.444999],""pnp_valid"":true,""pnp_camera_xyz"":[0.563127,0.471488,1.221809],""pnp_camera_quat_xyzw"":[-0.031045,-0.012518,-0.209697,0.977193],""pnp_camera_rpy_deg"":[-3.179389,-2.148264,-24.163297],""pnp_reprojection_error_px"":0.034409},{""tag_id"":16,""target_match"":true,""family"":""tag25h9"",""hamming"":0,""decision_margin"":154.562881,""pixel_xy"":[960.324825,617.193913],""world_xy_yaw"":[0.487746,0.611823,-0.453112],""pnp_valid"":true,""pnp_camera_xyz"":[0.623217,0.602417,1.219192],""pnp_camera_quat_xyzw"":[-0.037272,-0.012805,-0.208066,0.977321],""pnp_camera_rpy_deg"":[-3.874988,-2.3233,-23.958382],""pnp_reprojection_error_px"":0.060083},{""tag_id"":17,""target_match"":true,""family"":""tag25h9"",""hamming"":0,""decision_margin"":159.087128,""pixel_xy"":[876.952829,321.105782],""world_xy_yaw"":[0.347681,0.973051,0.062975],""pnp_valid"":true,""pnp_camera_xyz"":[0.452606,-0.064125,1.263184],""pnp_camera_quat_xyzw"":[-0.027125,-0.01689,0.030033,0.999038],""pnp_camera_rpy_deg"":[-3.16665,-1.840533,3.494705],""pnp_reprojection_error_px"":0.015906}]",1,0.015906,159.087128,91.814076,,0,,0,,
2026-08-12T11:14:37.863827+00:00,6053.147498761,onboard_target_060_static,0,"[0.0,0.0,0.0,0.0]",0,0,0,0,,,,,,,,,,,,,,,,,,,,,,,,,,,,0,,0,,,"[NaN,NaN,NaN]","[NaN,NaN,NaN,NaN]","[NaN,NaN,NaN,NaN,NaN,NaN]",0.000912,231,1,"[15,16,17]","[0.347208,0.972898,0.058978]","[{""tag_id"":15,""target_match"":true,""family"":""tag25h9"",""hamming"":0,""decision_margin"":71.808472,""pixel_xy"":[933.160656,558.372802],""world_xy_yaw"":[0.44211,0.683585,-0.445142],""pnp_valid"":true,""pnp_camera_xyz"":[0.56139,0.469593,1.218619],""pnp_camera_quat_xyzw"":[-0.027996,-0.017097,-0.208223,0.977531],""pnp_camera_rpy_deg"":[-2.731912,-2.584042,-23.987996],""pnp_reprojection_error_px"":0.059926},{""tag_id"":16,""target_match"":true,""family"":""tag25h9"",""hamming"":0,""decision_margin"":152.110291,""pixel_xy"":[960.250094,616.826237],""world_xy_yaw"":[0.48762,0.612272,-0.454855],""pnp_valid"":true,""pnp_camera_xyz"":[0.623113,0.601759,1.219473],""pnp_camera_quat_xyzw"":[-0.037543,-0.012164,-0.208424,0.977242],""pnp_camera_rpy_deg"":[-3.919792,-2.259418,-24.001675],""pnp_reprojection_error_px"":0.067516},{""tag_id"":17,""target_match"":true,""family"":""tag25h9"",""hamming"":0,""decision_margin"":161.632416,""pixel_xy"":[876.671329,321.231407],""world_xy_yaw"":[0.347208,0.972898,0.058978],""pnp_valid"":true,""pnp_camera_xyz"":[0.452192,-0.063815,1.263831],""pnp_camera_quat_xyzw"":[-0.025187,-0.015566,0.02808,0.999167],""pnp_camera_rpy_deg"":[-2.936489,-1.701453,3.263189],""pnp_reprojection_error_px"":0.026049}]",1,0.026049,161.632416,91.980068,,0,,0,,
2026-08-12T11:14:37.913946+00:00,6053.197616851,onboard_target_060_static,0,"[0.0,0.0,0.0,0.0]",0,0,0,0,,,,,,,,,,,,,,,,,,,,,,,,,,,,0,,0,,,"[NaN,NaN,NaN]","[NaN,NaN,NaN,NaN]","[NaN,NaN,NaN,NaN,NaN,NaN]",0.000575,233,1,"[15,16,17]","[0.346116,0.972563,0.049074]","[{""tag_id"":15,""target_match"":true,""family"":""tag25h9"",""hamming"":0,""decision_margin"":72.333267,""pixel_xy"":[932.936624,557.552177],""world_xy_yaw"":[0.441733,0.684586,-0.44993],""pnp_valid"":true,""pnp_camera_xyz"":[0.561798,0.468733,1.22064],""pnp_camera_quat_xyzw"":[-0.029157,-0.015761,-0.21004,0.977131],""pnp_camera_rpy_deg"":[-2.889285,-2.467254,-24.200683],""pnp_reprojection_error_px"":0.129709},{""tag_id"":16,""target_match"":true,""family"":""tag25h9"",""hamming"":0,""decision_margin"":154.367004,""pixel_xy"":[959.967752,616.068195],""world_xy_yaw"":[0.487146,0.613197,-0.453084],""pnp_valid"":true,""pnp_camera_xyz"":[0.622802,0.60026,1.219933],""pnp_camera_quat_xyzw"":[-0.038179,-0.012783,-0.208223,0.977252],""pnp_camera_rpy_deg"":[-3.976985,-2.343171,-23.974905],""pnp_reprojection_error_px"":0.042002},{""tag_id"":17,""target_match"":true,""family"":""tag25h9"",""hamming"":0,""decision_margin"":157.450226,""pixel_xy"":[876.021589,321.505702],""world_xy_yaw"":[0.346116,0.972563,0.049074],""pnp_valid"":true,""pnp_camera_xyz"":[0.45018,-0.063064,1.262402],""pnp_camera_quat_xyzw"":[-0.02811,-0.015872,0.023084,0.999212],""pnp_camera_rpy_deg"":[-3.263883,-1.743324,2.696466],""pnp_reprojection_error_px"":0.04119}]",1,0.04119,157.450226,92.386845,,0,,0,,
2026-08-12T11:14:37.963709+00:00,6053.247381510,onboard_target_060_static,0,"[0.0,0.0,0.0,0.0]",0,0,0,0,,,,,,,,,,,,,,,,,,,,,,,,,,,,0,,0,,,"[NaN,NaN,NaN]","[NaN,NaN,NaN,NaN]","[NaN,NaN,NaN,NaN,NaN,NaN]",0.000502,235,1,"[15,16,17]","[0.344714,0.972154,0.038337]","[{""tag_id"":15,""target_match"":true,""family"":""tag25h9"",""hamming"":0,""decision_margin"":68.960709,""pixel_xy"":[932.778647,557.524078],""world_xy_yaw"":[0.441468,0.684621,-0.451477],""pnp_valid"":true,""pnp_camera_xyz"":[0.557881,0.464645,1.214302],""pnp_camera_quat_xyzw"":[-0.030523,-0.045093,-0.195191,0.979253],""pnp_camera_rpy_deg"":[-2.429416,-5.752441,-22.423525],""pnp_reprojection_error_px"":0.600783},{""tag_id"":16,""target_match"":true,""family"":""tag25h9"",""hamming"":0,""decision_margin"":154.010391,""pixel_xy"":[959.854839,615.232494],""world_xy_yaw"":[0.486956,0.614216,-0.454633],""pnp_valid"":true,""pnp_camera_xyz"":[0.623038,0.599007,1.22098],""pnp_camera_quat_xyzw"":[-0.037847,-0.010988,-0.209335,0.977049],""pnp_camera_rpy_deg"":[-3.979756,-2.138624,-24.111572],""pnp_reprojection_error_px"":0.025643},{""tag_id"":17,""target_match"":true,""family"":""tag25h9"",""hamming"":0,""decision_margin"":159.822479,""pixel_xy"":[875.186789,321.841318],""world_xy_yaw"":[0.344714,0.972154,0.038337],""pnp_valid"":true,""pnp_camera_xyz"":[0.448373,-0.062233,1.26275],""pnp_camera_quat_xyzw"":[-0.025317,-0.013914,0.017909,0.999422],""pnp_camera_rpy_deg"":[-2.930346,-1.541691,2.092655],""pnp_reprojection_error_px"":0.068754}]",1,0.068754,159.822479,92.643381,,0,,0,,
2026-08-12T11:14:38.013677+00:00,6053.297349895,onboard_target_060_static,0,"[0.0,0.0,0.0,0.0]",0,0,0,0,,,,,,,,,,,,,,,,,,,,,,,,,,,,0,,0,,,"[NaN,NaN,NaN]","[NaN,NaN,NaN,NaN]","[NaN,NaN,NaN,NaN,NaN,NaN]",0.000662,236,1,"[15,16,17]","[0.343862,0.971732,0.032086]","[{""tag_id"":15,""target_match"":true,""family"":""tag25h9"",""hamming"":0,""decision_margin"":79.359192,""pixel_xy"":[932.712651,556.34393],""world_xy_yaw"":[0.441357,0.68606,-0.448961],""pnp_valid"":true,""pnp_camera_xyz"":[0.56219,0.46662,1.222634],""pnp_camera_quat_xyzw"":[-0.030414,-0.015747,-0.210069,0.977087],""pnp_camera_rpy_deg"":[-3.030536,-2.496006,-24.201169],""pnp_reprojection_error_px"":0.063139},{""tag_id"":16,""target_match"":true,""family"":""tag25h9"",""hamming"":0,""decision_margin"":146.825623,""pixel_xy"":[959.966587,614.796175],""world_xy_yaw"":[0.487144,0.614749,-0.451211],""pnp_valid"":true,""pnp_camera_xyz"":[0.625035,0.599853,1.224789],""pnp_camera_quat_xyzw"":[-0.040241,-0.005288,-0.209242,0.977021],""pnp_camera_rpy_deg"":[-4.384426,-1.557089,-24.116433],""pnp_reprojection_error_px"":0.107023},{""tag_id"":17,""target_match"":true,""family"":""tag25h9"",""hamming"":0,""decision_margin"":158.215118,""pixel_xy"":[874.679748,322.187234],""world_xy_yaw"":[0.343862,0.971732,0.032086],""pnp_valid"":true,""pnp_camera_xyz"":[0.447365,-0.061763,1.263208],""pnp_camera_quat_xyzw"":[-0.021241,-0.013082,0.014927,0.999577],""pnp_camera_rpy_deg"":[-2.456907,-1.462332,1.742435],""pnp_reprojection_error_px"":0.070117}]",1,0.070117,158.215118,93.108875,,0,,0,,
2026-08-12T11:14:38.063976+00:00,6053.347648207,onboard_target_060_static,0,"[0.0,0.0,0.0,0.0]",0,0,0,0,,,,,,,,,,,,,,,,,,,,,,,,,,,,0,,0,,,"[NaN,NaN,NaN]","[NaN,NaN,NaN,NaN]","[NaN,NaN,NaN,NaN,NaN,NaN]",0.001019,237,1,"[15,17]","[0.342865,0.971593,0.025777]","[{""tag_id"":15,""target_match"":true,""family"":""tag25h9"",""hamming"":0,""decision_margin"":70.184357,""pixel_xy"":[932.794419,555.779407],""world_xy_yaw"":[0.441495,0.686749,-0.456687],""pnp_valid"":true,""pnp_camera_xyz"":[0.561439,0.464775,1.220939],""pnp_camera_quat_xyzw"":[-0.031372,-0.021526,-0.208766,0.977225],""pnp_camera_rpy_deg"":[-3.004095,-3.162583,-24.03485],""pnp_reprojection_error_px"":0.096923},{""tag_id"":17,""target_match"":true,""family"":""tag25h9"",""hamming"":0,""decision_margin"":158.160217,""pixel_xy"":[874.086374,322.301053],""world_xy_yaw"":[0.342865,0.971593,0.025777],""pnp_valid"":true,""pnp_camera_xyz"":[0.445117,-0.06126,1.260977],""pnp_camera_quat_xyzw"":[-0.030909,-0.013158,0.012597,0.999356],""pnp_camera_rpy_deg"":[-3.56212,-1.462349,1.489847],""pnp_reprojection_error_px"":0.023955}]",1,0.023955,158.160217,91.49233,,0,,0,,
2026-08-12T11:14:38.114168+00:00,6053.397837020,onboard_target_060_static,0,"[0.0,0.0,0.0,0.0]",0,0,0,0,,,,,,,,,,,,,,,,,,,,,,,,,,,,0,,0,,,"[NaN,NaN,NaN]","[NaN,NaN,NaN,NaN]","[NaN,NaN,NaN,NaN,NaN,NaN]",0.000674,239,1,[17],"[0.340601,0.971217,0.010457]","[{""tag_id"":17,""target_match"":true,""family"":""tag25h9"",""hamming"":0,""decision_margin"":160.225937,""pixel_xy"":[872.738414,322.609205],""world_xy_yaw"":[0.340601,0.971217,0.010457],""pnp_valid"":true,""pnp_camera_xyz"":[0.442254,-0.060358,1.261651],""pnp_camera_quat_xyzw"":[-0.030519,-0.011447,0.004943,0.999456],""pnp_camera_rpy_deg"":[-3.50487,-1.293859,0.606279],""pnp_reprojection_error_px"":0.084523}]",1,0.084523,160.225937,92.369048,,0,,0,,
2026-08-12T11:14:38.163593+00:00,6053.447265448,onboard_target_060_static,0,"[0.0,0.0,0.0,0.0]",0,0,0,0,,,,,,,,,,,,,,,,,,,,,,,,,,,,0,,0,,,"[NaN,NaN,NaN]","[NaN,NaN,NaN,NaN]","[NaN,NaN,NaN,NaN,NaN,NaN]",0.000424,241,1,[17],"[0.338164,0.970767,-0.001273]","[{""tag_id"":17,""target_match"":true,""family"":""tag25h9"",""hamming"":0,""decision_margin"":159.182693,""pixel_xy"":[871.288238,322.978179],""world_xy_yaw"":[0.338164,0.970767,-0.001273],""pnp_valid"":true,""pnp_camera_xyz"":[0.438285,-0.059642,1.259784],""pnp_camera_quat_xyzw"":[-0.027166,-0.014134,-0.001322,0.99953],""pnp_camera_rpy_deg"":[-3.112143,-1.623166,-0.107508],""pnp_reprojection_error_px"":0.016079}]",1,0.016079,159.182693,91.837541,,0,,0,,
2026-08-12T11:14:38.213933+00:00,6053.497602395,onboard_target_060_static,0,"[0.0,0.0,0.0,0.0]",0,0,0,0,,,,,,,,,,,,,,,,,,,,,,,,,,,,0,,0,,,"[NaN,NaN,NaN]","[NaN,NaN,NaN,NaN]","[NaN,NaN,NaN,NaN,NaN,NaN]",0.000858,242,1,[17],"[0.336873,0.97064,-0.003743]","[{""tag_id"":17,""target_match"":true,""family"":""tag25h9"",""hamming"":0,""decision_margin"":157.786606,""pixel_xy"":[870.519753,323.081841],""world_xy_yaw"":[0.336873,0.97064,-0.003743],""pnp_valid"":true,""pnp_camera_xyz"":[0.437726,-0.059501,1.26281],""pnp_camera_quat_xyzw"":[-0.029583,-0.011203,-0.004239,0.999491],""pnp_camera_rpy_deg"":[-3.385616,-1.297625,-0.447599],""pnp_reprojection_error_px"":0.067618}]",1,0.067618,157.786606,92.089916,,0,,0,,
2026-08-12T11:14:38.263677+00:00,6053.547349411,onboard_target_060_static,0,"[0.0,0.0,0.0,0.0]",0,0,0,0,,,,,,,,,,,,,,,,,,,,,,,,,,,,0,,0,,,"[NaN,NaN,NaN]","[NaN,NaN,NaN,NaN]","[NaN,NaN,NaN,NaN,NaN,NaN]",0.000487,244,1,[17],"[0.335165,0.969662,-0.015206]","[{""tag_id"":17,""target_match"":true,""family"":""tag25h9"",""hamming"":0,""decision_margin"":157.080841,""pixel_xy"":[869.502963,323.883948],""world_xy_yaw"":[0.335165,0.969662,-0.015206],""pnp_valid"":true,""pnp_camera_xyz"":[0.434701,-0.057605,1.261444],""pnp_camera_quat_xyzw"":[-0.032168,-0.012279,-0.007828,0.999376],""pnp_camera_rpy_deg"":[-3.676501,-1.435166,-0.851532],""pnp_reprojection_error_px"":0.023162}]",1,0.023162,157.080841,92.142372,,0,,0,,
2026-08-12T11:14:38.314001+00:00,6053.597671768,onboard_target_060_static,0,"[0.0,0.0,0.0,0.0]",0,0,0,0,,,,,,,,,,,,,,,,,,,,,,,,,,,,0,,0,,,"[NaN,NaN,NaN]","[NaN,NaN,NaN,NaN]","[NaN,NaN,NaN,NaN,NaN,NaN]",0.000916,245,1,[17],"[0.334145,0.969279,-0.020977]","[{""tag_id"":17,""target_match"":true,""family"":""tag25h9"",""hamming"":0,""decision_margin"":159.953339,""pixel_xy"":[868.895665,324.197841],""world_xy_yaw"":[0.334145,0.969279,-0.020977],""pnp_valid"":true,""pnp_camera_xyz"":[0.433493,-0.056868,1.261548],""pnp_camera_quat_xyzw"":[-0.028341,-0.013332,-0.012398,0.999432],""pnp_camera_rpy_deg"":[-3.22979,-1.567381,-1.377252],""pnp_reprojection_error_px"":0.048438}]",1,0.048438,159.953339,92.024471,,0,,0,,
2026-08-12T11:14:38.363714+00:00,6053.647385627,onboard_target_060_static,0,"[0.0,0.0,0.0,0.0]",0,0,0,0,,,,,,,,,,,,,,,,,,,,,,,,,,,,0,,0,,,"[NaN,NaN,NaN]","[NaN,NaN,NaN,NaN]","[NaN,NaN,NaN,NaN,NaN,NaN]",0.000501,247,1,[17],"[0.332561,0.968554,-0.032729]","[{""tag_id"":17,""target_match"":true,""family"":""tag25h9"",""hamming"":0,""decision_margin"":157.413345,""pixel_xy"":[867.952785,324.792111],""world_xy_yaw"":[0.332561,0.968554,-0.032729],""pnp_valid"":true,""pnp_camera_xyz"":[0.431651,-0.055528,1.26283],""pnp_camera_quat_xyzw"":[-0.025862,-0.012379,-0.017075,0.999443],""pnp_camera_rpy_deg"":[-2.939944,-1.468499,-1.919844],""pnp_reprojection_error_px"":0.004313}]",1,0.004313,157.413345,91.574661,,0,,0,,
2026-08-12T11:14:38.413879+00:00,6053.697547746,onboard_target_060_static,0,"[0.0,0.0,0.0,0.0]",0,0,0,0,,,,,,,,,,,,,,,,,,,,,,,,,,,,0,,0,,,"[NaN,NaN,NaN]","[NaN,NaN,NaN,NaN]","[NaN,NaN,NaN,NaN,NaN,NaN]",0.000849,248,1,[17],"[0.331753,0.968186,-0.036895]","[{""tag_id"":17,""target_match"":true,""family"":""tag25h9"",""hamming"":0,""decision_margin"":159.661133,""pixel_xy"":[867.472167,325.093485],""world_xy_yaw"":[0.331753,0.968186,-0.036895],""pnp_valid"":true,""pnp_camera_xyz"":[0.430863,-0.054834,1.263671],""pnp_camera_quat_xyzw"":[-0.022736,-0.012026,-0.019477,0.999479],""pnp_camera_rpy_deg"":[-2.578773,-1.428229,-2.200637],""pnp_reprojection_error_px"":0.024364}]",1,0.024364,159.661133,91.678453,,0,,0,,
2026-08-12T11:14:38.463587+00:00,6053.747259143,onboard_target_060_static,0,"[0.0,0.0,0.0,0.0]",0,0,0,0,,,,,,,,,,,,,,,,,,,,,,,,,,,,0,,0,,,"[NaN,NaN,NaN]","[NaN,NaN,NaN,NaN]","[NaN,NaN,NaN,NaN,NaN,NaN]",0.000428,250,1,[17],"[0.330401,0.967604,-0.04602]","[{""tag_id"":17,""target_match"":true,""family"":""tag25h9"",""hamming"":0,""decision_margin"":159.430191,""pixel_xy"":[866.667542,325.570474],""world_xy_yaw"":[0.330401,0.967604,-0.04602],""pnp_valid"":true,""pnp_camera_xyz"":[0.428619,-0.05365,1.262662],""pnp_camera_quat_xyzw"":[-0.028126,-0.015408,-0.023683,0.999205],""pnp_camera_rpy_deg"":[-3.181894,-1.840813,-2.664354],""pnp_reprojection_error_px"":0.028207}]",1,0.028207,159.430191,90.141979,,0,,0,,
2026-08-12T11:14:38.513689+00:00,6053.797361681,onboard_target_060_static,0,"[0.0,0.0,0.0,0.0]",0,0,0,0,,,,,,,,,,,,,,,,,,,,,,,,,,,,0,,0,,,"[NaN,NaN,NaN]","[NaN,NaN,NaN,NaN]","[NaN,NaN,NaN,NaN,NaN,NaN]",0.000690,251,1,"[16,17]","[0.329726,0.967274,-0.049802]","[{""tag_id"":16,""target_match"":true,""family"":""tag25h9"",""hamming"":0,""decision_margin"":131.046906,""pixel_xy"":[962.311534,611.592979],""world_xy_yaw"":[0.491083,0.618657,-0.425026],""pnp_valid"":true,""pnp_camera_xyz"":[0.624725,0.586569,1.212702],""pnp_camera_quat_xyzw"":[-0.046488,-0.01855,-0.194973,0.979531],""pnp_camera_rpy_deg"":[-4.816407,-3.122295,-22.383548],""pnp_reprojection_error_px"":0.211361},{""tag_id"":17,""target_match"":true,""family"":""tag25h9"",""hamming"":0,""decision_margin"":159.060135,""pixel_xy"":[866.265667,325.841322],""world_xy_yaw"":[0.329726,0.967274,-0.049802],""pnp_valid"":true,""pnp_camera_xyz"":[0.428094,-0.053142,1.263628],""pnp_camera_quat_xyzw"":[-0.026679,-0.014253,-0.026407,0.999194],""pnp_camera_rpy_deg"":[-3.014383,-1.712982,-2.982686],""pnp_reprojection_error_px"":0.035921}]",1,0.035921,159.060135,91.118026,,0,,0,,
2026-08-12T11:14:38.563773+00:00,6053.847445325,onboard_target_060_static,0,"[0.0,0.0,0.0,0.0]",0,0,0,0,,,,,,,,,,,,,,,,,,,,,,,,,,,,0,,0,,,"[NaN,NaN,NaN]","[NaN,NaN,NaN,NaN]","[NaN,NaN,NaN,NaN,NaN,NaN]",0.000466,253,1,[17],"[0.328846,0.966922,-0.05961]","[{""tag_id"":17,""target_match"":true,""family"":""tag25h9"",""hamming"":0,""decision_margin"":157.867538,""pixel_xy"":[865.741844,326.129257],""world_xy_yaw"":[0.328846,0.966922,-0.05961],""pnp_valid"":true,""pnp_camera_xyz"":[0.426722,-0.052341,1.263326],""pnp_camera_quat_xyzw"":[-0.027775,-0.016072,-0.030588,0.999017],""pnp_camera_rpy_deg"":[-3.126621,-1.937604,-3.454586],""pnp_reprojection_error_px"":0.045276}]",1,0.045276,157.867538,89.748041,,0,,0,,
2026-08-12T11:14:38.613673+00:00,6053.897346176,onboard_target_060_static,0,"[0.0,0.0,0.0,0.0]",0,0,0,0,,,,,,,,,,,,,,,,,,,,,,,,,,,,0,,0,,,"[NaN,NaN,NaN]","[NaN,NaN,NaN,NaN]","[NaN,NaN,NaN,NaN,NaN,NaN]",0.000684,254,1,[17],"[0.328502,0.966716,-0.063932]","[{""tag_id"":17,""target_match"":true,""family"":""tag25h9"",""hamming"":0,""decision_margin"":157.525726,""pixel_xy"":[865.537009,326.298606],""world_xy_yaw"":[0.328502,0.966716,-0.063932],""pnp_valid"":true,""pnp_camera_xyz"":[0.426137,-0.052024,1.263064],""pnp_camera_quat_xyzw"":[-0.02897,-0.015129,-0.03257,0.998935],""pnp_camera_rpy_deg"":[-3.263177,-1.840208,-3.682438],""pnp_reprojection_error_px"":0.006452}]",1,0.006452,157.525726,90.725554,,0,,0,,
2026-08-12T11:14:38.663553+00:00,6053.947227286,onboard_target_060_static,0,"[0.0,0.0,0.0,0.0]",0,0,0,0,,,,,,,,,,,,,,,,,,,,,,,,,,,,0,,0,,,"[NaN,NaN,NaN]","[NaN,NaN,NaN,NaN]","[NaN,NaN,NaN,NaN,NaN,NaN]",0.000430,256,1,"[16,17]","[0.327942,0.966469,-0.072703]","[{""tag_id"":16,""target_match"":true,""family"":""tag25h9"",""hamming"":0,""decision_margin"":141.489609,""pixel_xy"":[962.625756,612.130151],""world_xy_yaw"":[0.491611,0.618001,-0.398857],""pnp_valid"":true,""pnp_camera_xyz"":[0.628439,0.590975,1.219328],""pnp_camera_quat_xyzw"":[-0.042738,-0.004118,-0.187523,0.981321],""pnp_camera_rpy_deg"":[-4.724143,-1.381613,-21.579782],""pnp_reprojection_error_px"":0.08865},{""tag_id"":17,""target_match"":true,""family"":""tag25h9"",""hamming"":0,""decision_margin"":154.368668,""pixel_xy"":[865.203829,326.500965],""world_xy_yaw"":[0.327942,0.966469,-0.072703],""pnp_valid"":true,""pnp_camera_xyz"":[0.425232,-0.051489,1.26264],""pnp_camera_quat_xyzw"":[-0.028216,-0.015338,-0.036958,0.998801],""pnp_camera_rpy_deg"":[-3.167746,-1.875282,-4.186368],""pnp_reprojection_error_px"":0.027015}]",1,0.027015,154.368668,91.160563,,0,,0,,
2026-08-12T11:14:38.713599+00:00,6053.997273558,onboard_target_060_static,0,"[0.0,0.0,0.0,0.0]",0,0,0,0,,,,,,,,,,,,,,,,,,,,,,,,,,,,0,,0,,,"[NaN,NaN,NaN]","[NaN,NaN,NaN,NaN]","[NaN,NaN,NaN,NaN,NaN,NaN]",0.000631,257,1,"[16,17]","[0.327719,0.966345,-0.077245]","[{""tag_id"":16,""target_match"":true,""family"":""tag25h9"",""hamming"":0,""decision_margin"":141.999084,""pixel_xy"":[962.587858,612.407648],""world_xy_yaw"":[0.491548,0.617663,-0.395802],""pnp_valid"":true,""pnp_camera_xyz"":[0.628608,0.591772,1.219855],""pnp_camera_quat_xyzw"":[-0.03991,-0.002815,-0.187299,0.981488],""pnp_camera_rpy_deg"":[-4.433643,-1.173275,-21.562498],""pnp_reprojection_error_px"":0.125701},{""tag_id"":17,""target_match"":true,""family"":""tag25h9"",""hamming"":0,""decision_margin"":158.22879,""pixel_xy"":[865.070794,326.602436],""world_xy_yaw"":[0.327719,0.966345,-0.077245],""pnp_valid"":true,""pnp_camera_xyz"":[0.424888,-0.05128,1.262591],""pnp_camera_quat_xyzw"":[-0.027082,-0.01387,-0.038993,0.998776],""pnp_camera_rpy_deg"":[-3.040325,-1.7087,-4.426086],""pnp_reprojection_error_px"":0.015312}]",1,0.015312,158.22879,91.462151,,0,,0,,
2026-08-12T11:14:38.763544+00:00,6054.047217038,onboard_target_060_static,0,"[0.0,0.0,0.0,0.0]",0,0,0,0,,,,,,,,,,,,,,,,,,,,,,,,,,,,0,,0,,,"[NaN,NaN,NaN]","[NaN,NaN,NaN,NaN]","[NaN,NaN,NaN,NaN,NaN,NaN]",0.000430,259,1,"[16,17]","[0.327242,0.966116,-0.083639]","[{""tag_id"":16,""target_match"":true,""family"":""tag25h9"",""hamming"":0,""decision_margin"":138.054672,""pixel_xy"":[962.409138,612.767302],""world_xy_yaw"":[0.491247,0.617224,-0.377067],""pnp_valid"":true,""pnp_camera_xyz"":[0.630343,0.594544,1.223351],""pnp_camera_quat_xyzw"":[-0.033998,-0.000445,-0.18258,0.982603],""pnp_camera_rpy_deg"":[-3.821995,-0.761493,-21.027031],""pnp_reprojection_error_px"":0.141276},{""tag_id"":17,""target_match"":true,""family"":""tag25h9"",""hamming"":0,""decision_margin"":155.944611,""pixel_xy"":[864.787131,326.78992],""world_xy_yaw"":[0.327242,0.966116,-0.083639],""pnp_valid"":true,""pnp_camera_xyz"":[0.424072,-0.050834,1.262016],""pnp_camera_quat_xyzw"":[-0.027872,-0.012944,-0.042551,0.998622],""pnp_camera_rpy_deg"":[-3.129235,-1.617301,-4.835548],""pnp_reprojection_error_px"":0.012716}]",1,0.012716,155.944611,91.413428,,0,,0,,
2026-08-12T11:14:38.814142+00:00,6054.097810651,onboard_target_060_static,0,"[0.0,0.0,0.0,0.0]",0,0,0,0,,,,,,,,,,,,,,,,,,,,,,,,,,,,0,,0,,,"[NaN,NaN,NaN]","[NaN,NaN,NaN,NaN]","[NaN,NaN,NaN,NaN,NaN,NaN]",0.001064,260,1,"[16,17]","[0.327008,0.966001,-0.087831]","[{""tag_id"":16,""target_match"":true,""family"":""tag25h9"",""hamming"":0,""decision_margin"":143.697296,""pixel_xy"":[961.41357,612.743854],""world_xy_yaw"":[0.489575,0.617253,-0.261544],""pnp_valid"":true,""pnp_camera_xyz"":[0.65039,0.613494,1.264123],""pnp_camera_quat_xyzw"":[-0.024225,0.07298,-0.185734,0.979587],""pnp_camera_rpy_deg"":[-4.315506,7.699793,-21.762773],""pnp_reprojection_error_px"":0.813066},{""tag_id"":17,""target_match"":true,""family"":""tag25h9"",""hamming"":0,""decision_margin"":157.653046,""pixel_xy"":[864.647476,326.884286],""world_xy_yaw"":[0.327008,0.966001,-0.087831],""pnp_valid"":true,""pnp_camera_xyz"":[0.42364,-0.050597,1.26176],""pnp_camera_quat_xyzw"":[-0.028463,-0.013854,-0.044383,0.998513],""pnp_camera_rpy_deg"":[-3.189406,-1.730248,-5.041973],""pnp_reprojection_error_px"":0.012059}]",1,0.012059,157.653046,91.692477,,0,,0,,
2026-08-12T11:14:38.864333+00:00,6054.147996597,onboard_target_060_static,0,"[0.0,0.0,0.0,0.0]",0,0,0,0,,,,,,,,,,,,,,,,,,,,,,,,,,,,0,,0,,,"[NaN,NaN,NaN]","[NaN,NaN,NaN,NaN]","[NaN,NaN,NaN,NaN,NaN,NaN]",0.001192,261,1,"[15,17]","[0.326726,0.96588,-0.091021]","[{""tag_id"":15,""target_match"":true,""family"":""tag25h9"",""hamming"":0,""decision_margin"":64.598495,""pixel_xy"":[940.13838,553.96754],""world_xy_yaw"":[0.453832,0.68896,-0.367547],""pnp_valid"":true,""pnp_camera_xyz"":[0.613452,0.486398,1.299866],""pnp_camera_quat_xyzw"":[-0.141682,0.042287,-0.185298,0.971495],""pnp_camera_rpy_deg"":[-16.923004,1.699487,-21.850005],""pnp_reprojection_error_px"":1.646334},{""tag_id"":17,""target_match"":true,""family"":""tag25h9"",""hamming"":0,""decision_margin"":156.801315,""pixel_xy"":[864.479858,326.983569],""world_xy_yaw"":[0.326726,0.96588,-0.091021],""pnp_valid"":true,""pnp_camera_xyz"":[0.423102,-0.050351,1.261296],""pnp_camera_quat_xyzw"":[-0.029477,-0.01379,-0.046039,0.998409],""pnp_camera_rpy_deg"":[-3.303026,-1.733429,-5.230389],""pnp_reprojection_error_px"":0.010567}]",1,0.010567,156.801315,91.626366,,0,,0,,
2026-08-12T11:14:38.913866+00:00,6054.197537682,onboard_target_060_static,0,"[0.0,0.0,0.0,0.0]",0,0,0,0,,,,,,,,,,,,,,,,,,,,,,,,,,,,0,,0,,,"[NaN,NaN,NaN]","[NaN,NaN,NaN,NaN]","[NaN,NaN,NaN,NaN,NaN,NaN]",0.000574,263,1,"[15,17]","[0.326064,0.965638,-0.100146]","[{""tag_id"":15,""target_match"":true,""family"":""tag25h9"",""hamming"":0,""decision_margin"":62.704491,""pixel_xy"":[938.804151,553.29721],""world_xy_yaw"":[0.451591,0.689777,-0.367317],""pnp_valid"":true,""pnp_camera_xyz"":[0.57326,0.457468,1.21713],""pnp_camera_quat_xyzw"":[-0.034862,-0.005721,-0.176361,0.983691],""pnp_camera_rpy_deg"":[-3.817958,-1.349527,-20.28361],""pnp_reprojection_error_px"":0.051027},{""tag_id"":17,""target_match"":true,""family"":""tag25h9"",""hamming"":0,""decision_margin"":158.022385,""pixel_xy"":[864.085848,327.182275],""world_xy_yaw"":[0.326064,0.965638,-0.100146],""pnp_valid"":true,""pnp_camera_xyz"":[0.422313,-0.049908,1.261724],""pnp_camera_quat_xyzw"":[-0.027962,-0.013456,-0.050302,0.998252],""pnp_camera_rpy_deg"":[-3.123962,-1.700716,-5.72299],""pnp_reprojection_error_px"":0.013112}]",1,0.013112,158.022385,88.786361,,0,,0,,
2026-08-12T11:14:38.964378+00:00,6054.248047102,onboard_target_060_static,0,"[0.0,0.0,0.0,0.0]",0,0,0,0,,,,,,,,,,,,,,,,,,,,,,,,,,,,0,,0,,,"[NaN,NaN,NaN]","[NaN,NaN,NaN,NaN]","[NaN,NaN,NaN,NaN,NaN,NaN]",0.001367,264,1,"[15,17]","[0.325665,0.965547,-0.1046]","[{""tag_id"":15,""target_match"":true,""family"":""tag25h9"",""hamming"":0,""decision_margin"":65.186409,""pixel_xy"":[938.879624,553.416265],""world_xy_yaw"":[0.451718,0.689632,-0.362484],""pnp_valid"":true,""pnp_camera_xyz"":[0.573591,0.457742,1.217282],""pnp_camera_quat_xyzw"":[-0.036652,-0.005963,-0.17485,0.983895],""pnp_camera_rpy_deg"":[-4.017347,-1.406843,-20.104531],""pnp_reprojection_error_px"":0.094404},{""tag_id"":17,""target_match"":true,""family"":""tag25h9"",""hamming"":0,""decision_margin"":158.553329,""pixel_xy"":[863.848071,327.256956],""world_xy_yaw"":[0.325665,0.965547,-0.1046],""pnp_valid"":true,""pnp_camera_xyz"":[0.421867,-0.049686,1.261976],""pnp_camera_quat_xyzw"":[-0.028674,-0.013404,-0.052651,0.998111],""pnp_camera_rpy_deg"":[-3.201753,-1.70628,-5.991477],""pnp_reprojection_error_px"":0.035179}]",1,0.035179,158.553329,89.308058,,0,,0,,
2026-08-12T11:14:39.014166+00:00,6054.297840159,onboard_target_060_static,0,"[0.0,0.0,0.0,0.0]",0,0,0,0,,,,,,,,,,,,,,,,,,,,,,,,,,,,0,,0,,,"[NaN,NaN,NaN]","[NaN,NaN,NaN,NaN]","[NaN,NaN,NaN,NaN,NaN,NaN]",0.000404,266,1,"[15,17]","[0.324736,0.965232,-0.112904]","[{""tag_id"":15,""target_match"":true,""family"":""tag25h9"",""hamming"":0,""decision_margin"":64.425217,""pixel_xy"":[939.242462,553.636428],""world_xy_yaw"":[0.452327,0.689364,-0.357071],""pnp_valid"":true,""pnp_camera_xyz"":[0.576923,0.460428,1.222804],""pnp_camera_quat_xyzw"":[-0.035261,-0.000181,-0.173918,0.984129],""pnp_camera_rpy_deg"":[-3.976366,-0.72318,-20.018927],""pnp_reprojection_error_px"":0.030712},{""tag_id"":17,""target_match"":true,""family"":""tag25h9"",""hamming"":0,""decision_margin"":156.702728,""pixel_xy"":[863.295392,327.51445],""world_xy_yaw"":[0.324736,0.965232,-0.112904],""pnp_valid"":true,""pnp_camera_xyz"":[0.420821,-0.0492,1.262671],""pnp_camera_quat_xyzw"":[-0.027819,-0.015135,-0.056858,0.99788],""pnp_camera_rpy_deg"":[-3.08562,-1.912319,-6.470709],""pnp_reprojection_error_px"":0.001674}]",1,0.001674,156.702728,87.157909,,0,,0,,
2026-08-12T11:14:39.065499+00:00,6054.349173382,onboard_target_060_static,0,"[0.0,0.0,0.0,0.0]",0,0,0,0,,,,,,,,,,,,,,,,,,,,,,,,,,,,0,,0,,,"[NaN,NaN,NaN]","[NaN,NaN,NaN,NaN]","[NaN,NaN,NaN,NaN,NaN,NaN]",0.001931,267,1,"[15,17]","[0.324242,0.965134,-0.117004]","[{""tag_id"":15,""target_match"":true,""family"":""tag25h9"",""hamming"":0,""decision_margin"":66.436913,""pixel_xy"":[939.416595,553.749725],""world_xy_yaw"":[0.45262,0.689225,-0.358215],""pnp_valid"":true,""pnp_camera_xyz"":[0.576411,0.459915,1.220978],""pnp_camera_quat_xyzw"":[-0.034362,-0.003329,-0.172857,0.984342],""pnp_camera_rpy_deg"":[-3.813437,-1.056188,-19.884786],""pnp_reprojection_error_px"":0.052173},{""tag_id"":17,""target_match"":true,""family"":""tag25h9"",""hamming"":0,""decision_margin"":158.975235,""pixel_xy"":[863.001331,327.595293],""world_xy_yaw"":[0.324242,0.965134,-0.117004],""pnp_valid"":true,""pnp_camera_xyz"":[0.420284,-0.048986,1.263081],""pnp_camera_quat_xyzw"":[-0.028264,-0.015723,-0.058896,0.99774],""pnp_camera_rpy_deg"":[-3.12877,-1.988773,-6.702086],""pnp_reprojection_error_px"":0.016499}]",1,0.016499,158.975235,85.868928,,0,,0,,
2026-08-12T11:14:39.113692+00:00,6054.397366654,onboard_target_060_static,0,"[0.0,0.0,0.0,0.0]",0,0,0,0,,,,,,,,,,,,,,,,,,,,,,,,,,,,0,,0,,,"[NaN,NaN,NaN]","[NaN,NaN,NaN,NaN]","[NaN,NaN,NaN,NaN,NaN,NaN]",0.000419,269,1,"[15,17]","[0.323219,0.964937,-0.126296]","[{""tag_id"":15,""target_match"":true,""family"":""tag25h9"",""hamming"":0,""decision_margin"":66.737732,""pixel_xy"":[939.717338,553.807173],""world_xy_yaw"":[0.453125,0.689155,-0.358608],""pnp_valid"":true,""pnp_camera_xyz"":[0.576901,0.459983,1.220608],""pnp_camera_quat_xyzw"":[-0.034439,-0.006708,-0.170909,0.984662],""pnp_camera_rpy_deg"":[-3.758332,-1.431506,-19.646677],""pnp_reprojection_error_px"":0.017757},{""tag_id"":17,""target_match"":true,""family"":""tag25h9"",""hamming"":0,""decision_margin"":157.852371,""pixel_xy"":[862.39202,327.756594],""world_xy_yaw"":[0.323219,0.964937,-0.126296],""pnp_valid"":true,""pnp_camera_xyz"":[0.419072,-0.048682,1.2637],""pnp_camera_quat_xyzw"":[-0.029182,-0.017218,-0.063471,0.997408],""pnp_camera_rpy_deg"":[-3.214158,-2.180662,-7.221154],""pnp_reprojection_error_px"":0.0039}]",1,0.0039,157.852371,83.545331,,0,,0,,
2026-08-12T11:14:39.166241+00:00,6054.449898143,onboard_target_060_static,0,"[0.0,0.0,0.0,0.0]",0,0,0,0,,,,,,,,,,,,,,,,,,,,,,,,,,,,0,,0,,,"[NaN,NaN,NaN]","[NaN,NaN,NaN,NaN]","[NaN,NaN,NaN,NaN,NaN,NaN]",0.002746,270,1,"[15,17]","[0.32275,0.964906,-0.131253]","[{""tag_id"":15,""target_match"":true,""family"":""tag25h9"",""hamming"":0,""decision_margin"":66.58934,""pixel_xy"":[939.789531,553.81814],""world_xy_yaw"":[0.453246,0.689142,-0.354479],""pnp_valid"":true,""pnp_camera_xyz"":[0.577762,0.460503,1.221842],""pnp_camera_quat_xyzw"":[-0.034327,-0.005808,-0.170434,0.984754],""pnp_camera_rpy_deg"":[-3.763892,-1.325919,-19.594565],""pnp_reprojection_error_px"":0.053994},{""tag_id"":17,""target_match"":true,""family"":""tag25h9"",""hamming"":0,""decision_margin"":158.11618,""pixel_xy"":[862.113221,327.782327],""world_xy_yaw"":[0.32275,0.964906,-0.131253],""pnp_valid"":true,""pnp_camera_xyz"":[0.418484,-0.04862,1.263934],""pnp_camera_quat_xyzw"":[-0.028911,-0.018677,-0.065655,0.997249],""pnp_camera_rpy_deg"":[-3.167598,-2.352523,-7.468348],""pnp_reprojection_error_px"":0.009806}]",1,0.009806,158.11618,82.016567,,0,,0,,
2026-08-12T11:14:39.213722+00:00,6054.497396056,onboard_target_060_static,0,"[0.0,0.0,0.0,0.0]",0,0,0,0,,,,,,,,,,,,,,,,,,,,,,,,,,,,0,,0,,,"[NaN,NaN,NaN]","[NaN,NaN,NaN,NaN]","[NaN,NaN,NaN,NaN,NaN,NaN]",0.000419,272,1,"[15,16,17]","[0.321789,0.964924,-0.139983]","[{""tag_id"":15,""target_match"":true,""family"":""tag25h9"",""hamming"":0,""decision_margin"":67.405373,""pixel_xy"":[940.014424,553.790074],""world_xy_yaw"":[0.453624,0.689176,-0.3582],""pnp_valid"":true,""pnp_camera_xyz"":[0.578263,0.460528,1.221976],""pnp_camera_quat_xyzw"":[-0.033313,-0.0074,-0.170669,0.984737],""pnp_camera_rpy_deg"":[-3.61804,-1.486718,-19.618093],""pnp_reprojection_error_px"":0.024775},{""tag_id"":16,""target_match"":true,""family"":""tag25h9"",""hamming"":0,""decision_margin"":125.862297,""pixel_xy"":[962.788112,614.239188],""world_xy_yaw"":[0.491884,0.615428,-0.365964],""pnp_valid"":true,""pnp_camera_xyz"":[0.631447,0.598803,1.224879],""pnp_camera_quat_xyzw"":[-0.041466,0.000327,-0.170359,0.984509],""pnp_camera_rpy_deg"":[-4.690134,-0.772673,-19.602842],""pnp_reprojection_error_px"":0.134668},{""tag_id"":17,""target_match"":true,""family"":""tag25h9"",""hamming"":0,""decision_margin"":157.938736,""pixel_xy"":[861.540839,327.766858],""world_xy_yaw"":[0.321789,0.964924,-0.139983],""pnp_valid"":true,""pnp_camera_xyz"":[0.417125,-0.048597,1.263762],""pnp_camera_quat_xyzw"":[-0.029627,-0.018894,-0.070133,0.996919],""pnp_camera_rpy_deg"":[-3.237227,-2.397195,-7.98045],""pnp_reprojection_error_px"":0.023205}]",1,0.023205,157.938736,80.457159,,0,,0,,
2026-08-12T11:14:39.266202+00:00,6054.549830812,onboard_target_060_static,0,"[0.0,0.0,0.0,0.0]",0,0,0,0,,,,,,,,,,,,,,,,,,,,,,,,,,,,0,,0,,,"[NaN,NaN,NaN]","[NaN,NaN,NaN,NaN]","[NaN,NaN,NaN,NaN,NaN,NaN]",0.002901,273,1,"[15,17]","[0.321311,0.964899,-0.144654]","[{""tag_id"":15,""target_match"":true,""family"":""tag25h9"",""hamming"":0,""decision_margin"":69.508286,""pixel_xy"":[940.099265,553.759008],""world_xy_yaw"":[0.453767,0.689214,-0.359851],""pnp_valid"":true,""pnp_camera_xyz"":[0.578469,0.460488,1.22202],""pnp_camera_quat_xyzw"":[-0.033381,-0.008488,-0.170803,0.984703],""pnp_camera_rpy_deg"":[-3.604288,-1.611365,-19.63008],""pnp_reprojection_error_px"":0.025593},{""tag_id"":17,""target_match"":true,""family"":""tag25h9"",""hamming"":0,""decision_margin"":159.818787,""pixel_xy"":[861.2563,327.787522],""world_xy_yaw"":[0.321311,0.964899,-0.144654],""pnp_valid"":true,""pnp_camera_xyz"":[0.416452,-0.048593,1.263691],""pnp_camera_quat_xyzw"":[-0.028104,-0.018821,-0.072591,0.996788],""pnp_camera_rpy_deg"":[-3.057715,-2.384253,-8.266805],""pnp_reprojection_error_px"":0.005417}]",1,0.005417,159.818787,79.819555,,0,,0,,
2026-08-12T11:14:39.314152+00:00,6054.597824253,onboard_target_060_static,0,"[0.0,0.0,0.0,0.0]",0,0,0,0,,,,,,,,,,,,,,,,,,,,,,,,,,,,0,,0,,,"[NaN,NaN,NaN]","[NaN,NaN,NaN,NaN]","[NaN,NaN,NaN,NaN,NaN,NaN]",0.000552,275,1,"[15,17]","[0.320537,0.964652,-0.152946]","[{""tag_id"":15,""target_match"":true,""family"":""tag25h9"",""hamming"":0,""decision_margin"":68.211723,""pixel_xy"":[940.180578,553.682858],""world_xy_yaw"":[0.453903,0.689307,-0.362698],""pnp_valid"":true,""pnp_camera_xyz"":[0.578045,0.459846,1.220775],""pnp_camera_quat_xyzw"":[-0.033012,-0.01149,-0.170502,0.984737],""pnp_camera_rpy_deg"":[-3.504839,-1.941903,-19.586761],""pnp_reprojection_error_px"":0.019804},{""tag_id"":17,""target_match"":true,""family"":""tag25h9"",""hamming"":0,""decision_margin"":157.321838,""pixel_xy"":[860.795874,327.990289],""world_xy_yaw"":[0.320537,0.964652,-0.152946],""pnp_valid"":true,""pnp_camera_xyz"":[0.415451,-0.048101,1.263924],""pnp_camera_quat_xyzw"":[-0.026971,-0.015128,-0.076575,0.996584],""pnp_camera_rpy_deg"":[-2.950341,-1.964669,-8.737064],""pnp_reprojection_error_px"":0.015792}]",1,0.015792,157.321838,77.994087,,0,,0,,
2026-08-12T11:14:39.363502+00:00,6054.647175945,onboard_target_060_static,0,"[0.0,0.0,0.0,0.0]",0,0,0,0,,,,,,,,,,,,,,,,,,,,,,,,,,,,0,,0,,,"[NaN,NaN,NaN]","[NaN,NaN,NaN,NaN]","[NaN,NaN,NaN,NaN,NaN,NaN]",0.000639,276,1,"[15,17]","[0.32014,0.964528,-0.157562]","[{""tag_id"":15,""target_match"":true,""family"":""tag25h9"",""hamming"":0,""decision_margin"":67.207611,""pixel_xy"":[940.197264,553.649497],""world_xy_yaw"":[0.453931,0.689348,-0.364549],""pnp_valid"":true,""pnp_camera_xyz"":[0.577789,0.459455,1.220154],""pnp_camera_quat_xyzw"":[-0.033123,-0.013037,-0.170919,0.984642],""pnp_camera_rpy_deg"":[-3.48648,-2.12019,-19.630542],""pnp_reprojection_error_px"":0.023266},{""tag_id"":17,""target_match"":true,""family"":""tag25h9"",""hamming"":0,""decision_margin"":159.664856,""pixel_xy"":[860.55946,328.091565],""world_xy_yaw"":[0.32014,0.964528,-0.157562],""pnp_valid"":true,""pnp_camera_xyz"":[0.414664,-0.047816,1.263225],""pnp_camera_quat_xyzw"":[-0.027636,-0.015034,-0.078711,0.996401],""pnp_camera_rpy_deg"":[-3.023026,-1.966173,-8.981533],""pnp_reprojection_error_px"":0.026466}]",1,0.026466,159.664856,80.753904,,0,,0,,
2026-08-12T11:14:39.413601+00:00,6054.697275092,onboard_target_060_static,0,"[0.0,0.0,0.0,0.0]",0,0,0,0,,,,,,,,,,,,,,,,,,,,,,,,,,,,0,,0,,,"[NaN,NaN,NaN]","[NaN,NaN,NaN,NaN]","[NaN,NaN,NaN,NaN,NaN,NaN]",0.000421,278,1,"[15,16,17]","[0.319106,0.964112,-0.165806]","[{""tag_id"":15,""target_match"":true,""family"":""tag25h9"",""hamming"":0,""decision_margin"":68.97995,""pixel_xy"":[940.19319,553.524523],""world_xy_yaw"":[0.453925,0.6895,-0.36939],""pnp_valid"":true,""pnp_camera_xyz"":[0.577759,0.45919,1.220218],""pnp_camera_quat_xyzw"":[-0.034882,-0.014445,-0.171917,0.984388],""pnp_camera_rpy_deg"":[-3.655653,-2.317266,-19.738894],""pnp_reprojection_error_px"":0.025095},{""tag_id"":16,""target_match"":true,""family"":""tag25h9"",""hamming"":0,""decision_margin"":143.760056,""pixel_xy"":[963.1417,613.974275],""world_xy_yaw"":[0.492478,0.615751,-0.378005],""pnp_valid"":true,""pnp_camera_xyz"":[0.631626,0.597507,1.223699],""pnp_camera_quat_xyzw"":[-0.034916,-0.008378,-0.171944,0.984452],""pnp_camera_rpy_deg"":[-3.778067,-1.633255,-19.760768],""pnp_reprojection_error_px"":0.123149},{""tag_id"":17,""target_match"":true,""family"":""tag25h9"",""hamming"":0,""decision_margin"":159.339767,""pixel_xy"":[859.943929,328.432428],""world_xy_yaw"":[0.319106,0.964112,-0.165806],""pnp_valid"":true,""pnp_camera_xyz"":[0.413329,-0.047059,1.263364],""pnp_camera_quat_xyzw"":[-0.023243,-0.012807,-0.083324,0.996169],""pnp_camera_rpy_deg"":[-2.532842,-1.68416,-9.52546],""pnp_reprojection_error_px"":0.017992}]",1,0.017992,159.339767,81.070589,,0,,0,,
2026-08-12T11:14:39.463683+00:00,6054.747354345,onboard_target_060_static,0,"[0.0,0.0,0.0,0.0]",0,0,0,0,,,,,,,,,,,,,,,,,,,,,,,,,,,,0,,0,,,"[NaN,NaN,NaN]","[NaN,NaN,NaN,NaN]","[NaN,NaN,NaN,NaN,NaN,NaN]",0.000672,279,1,"[15,16,17]","[0.318543,0.963891,-0.170844]","[{""tag_id"":15,""target_match"":true,""family"":""tag25h9"",""hamming"":0,""decision_margin"":66.047096,""pixel_xy"":[940.04096,553.409644],""world_xy_yaw"":[0.453669,0.68964,-0.366367],""pnp_valid"":true,""pnp_camera_xyz"":[0.578231,0.45951,1.221592],""pnp_camera_quat_xyzw"":[-0.034103,-0.013798,-0.172301,0.984357],""pnp_camera_rpy_deg"":[-3.57941,-2.230332,-19.787187],""pnp_reprojection_error_px"":0.064116},{""tag_id"":16,""target_match"":true,""family"":""tag25h9"",""hamming"":0,""decision_margin"":147.611542,""pixel_xy"":[963.075512,613.728617],""world_xy_yaw"":[0.492367,0.616051,-0.384045],""pnp_valid"":true,""pnp_camera_xyz"":[0.629771,0.59534,1.220332],""pnp_camera_quat_xyzw"":[-0.036949,-0.012804,-0.172151,0.984294],""pnp_camera_rpy_deg"":[-3.920826,-2.173636,-19.76669],""pnp_reprojection_error_px"":0.110306},{""tag_id"":17,""target_match"":true,""family"":""tag25h9"",""hamming"":0,""decision_margin"":157.0271,""pixel_xy"":[859.608896,328.614072],""world_xy_yaw"":[0.318543,0.963891,-0.170844],""pnp_valid"":true,""pnp_camera_xyz"":[0.412279,-0.046581,1.2626],""pnp_camera_quat_xyzw"":[-0.021586,-0.014037,-0.08543,0.996011],""pnp_camera_rpy_deg"":[-2.328072,-1.813736,-9.767859],""pnp_reprojection_error_px"":0.02435}]",1,0.02435,157.0271,81.370568,,0,,0,,
2026-08-12T11:14:39.513939+00:00,6054.797609797,onboard_target_060_static,0,"[0.0,0.0,0.0,0.0]",0,0,0,0,,,,,,,,,,,,,,,,,,,,,,,,,,,,0,,0,,,"[NaN,NaN,NaN]","[NaN,NaN,NaN,NaN]","[NaN,NaN,NaN,NaN,NaN,NaN]",0.000562,281,1,"[15,17]","[0.317237,0.963324,-0.179162]","[{""tag_id"":15,""target_match"":true,""family"":""tag25h9"",""hamming"":0,""decision_margin"":69.302002,""pixel_xy"":[939.900591,553.328364],""world_xy_yaw"":[0.453433,0.689739,-0.367556],""pnp_valid"":true,""pnp_camera_xyz"":[0.577872,0.459218,1.221588],""pnp_camera_quat_xyzw"":[-0.033614,-0.014762,-0.17242,0.984339],""pnp_camera_rpy_deg"":[-3.504926,-2.329852,-19.79937],""pnp_reprojection_error_px"":0.063801},{""tag_id"":17,""target_match"":true,""family"":""tag25h9"",""hamming"":0,""decision_margin"":155.072189,""pixel_xy"":[858.831761,329.078959],""world_xy_yaw"":[0.317237,0.963324,-0.179162],""pnp_valid"":true,""pnp_camera_xyz"":[0.410308,-0.045453,1.262007],""pnp_camera_quat_xyzw"":[-0.020165,-0.015035,-0.089626,0.995658],""pnp_camera_rpy_deg"":[-2.148022,-1.9229,-10.251366],""pnp_reprojection_error_px"":0.03652}]",1,0.03652,155.072189,83.824926,,0,,0,,
2026-08-12T11:14:39.563883+00:00,6054.847553277,onboard_target_060_static,0,"[0.0,0.0,0.0,0.0]",0,0,0,0,,,,,,,,,,,,,,,,,,,,,,,,,,,,0,,0,,,"[NaN,NaN,NaN]","[NaN,NaN,NaN,NaN]","[NaN,NaN,NaN,NaN,NaN,NaN]",0.000874,282,1,"[15,16,17]","[0.316583,0.962951,-0.182939]","[{""tag_id"":15,""target_match"":true,""family"":""tag25h9"",""hamming"":0,""decision_margin"":65.325607,""pixel_xy"":[939.807662,553.299801],""world_xy_yaw"":[0.453277,0.689774,-0.369053],""pnp_valid"":true,""pnp_camera_xyz"":[0.577048,0.458664,1.220312],""pnp_camera_quat_xyzw"":[-0.032691,-0.014781,-0.173125,0.984246],""pnp_camera_rpy_deg"":[-3.398636,-2.316292,-19.883335],""pnp_reprojection_error_px"":0.063254},{""tag_id"":16,""target_match"":true,""family"":""tag25h9"",""hamming"":0,""decision_margin"":143.947357,""pixel_xy"":[962.868654,613.530166],""world_xy_yaw"":[0.492019,0.616293,-0.37471],""pnp_valid"":true,""pnp_camera_xyz"":[0.630108,0.595382,1.221478],""pnp_camera_quat_xyzw"":[-0.038896,-0.007676,-0.173106,0.984105],""pnp_camera_rpy_deg"":[-4.239686,-1.637431,-19.89211],""pnp_reprojection_error_px"":0.009688},{""tag_id"":17,""target_match"":true,""family"":""tag25h9"",""hamming"":0,""decision_margin"":156.986801,""pixel_xy"":[858.442294,329.384422],""world_xy_yaw"":[0.316583,0.962951,-0.182939],""pnp_valid"":true,""pnp_camera_xyz"":[0.409344,-0.0448,1.2619],""pnp_camera_quat_xyzw"":[-0.024286,-0.016035,-0.091318,0.995396],""pnp_camera_rpy_deg"":[-2.605027,-2.083622,-10.435971],""pnp_reprojection_error_px"":0.008957}]",1,0.008957,156.986801,84.801628,,0,,0,,
2026-08-12T11:14:39.613677+00:00,6054.897349509,onboard_target_060_static,0,"[0.0,0.0,0.0,0.0]",0,0,0,0,,,,,,,,,,,,,,,,,,,,,,,,,,,,0,,0,,,"[NaN,NaN,NaN]","[NaN,NaN,NaN,NaN]","[NaN,NaN,NaN,NaN,NaN,NaN]",0.000424,284,1,"[15,16,17]","[0.315172,0.96226,-0.19072]","[{""tag_id"":15,""target_match"":true,""family"":""tag25h9"",""hamming"":0,""decision_margin"":68.016624,""pixel_xy"":[939.660662,553.308593],""world_xy_yaw"":[0.45303,0.689764,-0.374989],""pnp_valid"":true,""pnp_camera_xyz"":[0.574936,0.457449,1.216958],""pnp_camera_quat_xyzw"":[-0.034509,-0.017325,-0.172422,0.984266],""pnp_camera_rpy_deg"":[-3.555943,-2.636834,-19.790426],""pnp_reprojection_error_px"":0.06087},{""tag_id"":16,""target_match"":true,""family"":""tag25h9"",""hamming"":0,""decision_margin"":147.612335,""pixel_xy"":[962.653308,613.42114],""world_xy_yaw"":[0.491658,0.616426,-0.37223],""pnp_valid"":true,""pnp_camera_xyz"":[0.629539,0.594988,1.221155],""pnp_camera_quat_xyzw"":[-0.039537,-0.004576,-0.174583,0.983838],""pnp_camera_rpy_deg"":[-4.371221,-1.306974,-20.074995],""pnp_reprojection_error_px"":0.032922},{""tag_id"":17,""target_match"":true,""family"":""tag25h9"",""hamming"":0,""decision_margin"":156.068878,""pixel_xy"":[857.602357,329.950543],""world_xy_yaw"":[0.315172,0.96226,-0.19072],""pnp_valid"":true,""pnp_camera_xyz"":[0.407323,-0.04344,1.261566],""pnp_camera_quat_xyzw"":[-0.02893,-0.016841,-0.095392,0.994877],""pnp_camera_rpy_deg"":[-3.118006,-2.236792,-10.893082],""pnp_reprojection_error_px"":0.024862}]",1,0.024862,156.068878,85.142356,,0,,0,,
2026-08-12T11:14:39.664441+00:00,6054.948105419,onboard_target_060_static,0,"[0.0,0.0,0.0,0.0]",0,0,0,0,,,,,,,,,,,,,,,,,,,,,,,,,,,,0,,0,,,"[NaN,NaN,NaN]","[NaN,NaN,NaN,NaN]","[NaN,NaN,NaN,NaN,NaN,NaN]",0.001407,285,1,"[15,16,17]","[0.314444,0.961888,-0.194244]","[{""tag_id"":15,""target_match"":true,""family"":""tag25h9"",""hamming"":0,""decision_margin"":72.844673,""pixel_xy"":[939.444269,553.244252],""world_xy_yaw"":[0.452666,0.689842,-0.370295],""pnp_valid"":true,""pnp_camera_xyz"":[0.575983,0.458424,1.219983],""pnp_camera_quat_xyzw"":[-0.031495,-0.012732,-0.1739,0.984177],""pnp_camera_rpy_deg"":[-3.302235,-2.063913,-19.981515],""pnp_reprojection_error_px"":0.043385},{""tag_id"":16,""target_match"":true,""family"":""tag25h9"",""hamming"":0,""decision_margin"":148.564743,""pixel_xy"":[962.536251,613.380355],""world_xy_yaw"":[0.491461,0.616476,-0.372628],""pnp_valid"":true,""pnp_camera_xyz"":[0.630533,0.596187,1.223645],""pnp_camera_quat_xyzw"":[-0.041271,-0.003355,-0.174785,0.983735],""pnp_camera_rpy_deg"":[-4.591089,-1.204953,-20.1015],""pnp_reprojection_error_px"":0.038669},{""tag_id"":17,""target_match"":true,""family"":""tag25h9"",""hamming"":0,""decision_margin"":155.664093,""pixel_xy"":[857.169351,330.255321],""world_xy_yaw"":[0.314444,0.961888,-0.194244],""pnp_valid"":true,""pnp_camera_xyz"":[0.406634,-0.042779,1.262417],""pnp_camera_quat_xyzw"":[-0.027171,-0.017918,-0.097496,0.994704],""pnp_camera_rpy_deg"":[-2.900522,-2.34656,-11.136528],""pnp_reprojection_error_px"":0.030405}]",1,0.030405,155.664093,84.719654,,0,,0,,
2026-08-12T11:14:39.713682+00:00,6054.997353848,onboard_target_060_static,0,"[0.0,0.0,0.0,0.0]",0,0,0,0,,,,,,,,,,,,,,,,,,,,,,,,,,,,0,,0,,,"[NaN,NaN,NaN]","[NaN,NaN,NaN,NaN]","[NaN,NaN,NaN,NaN,NaN,NaN]",0.000428,287,1,"[15,16,17]","[0.313159,0.961215,-0.203026]","[{""tag_id"":15,""target_match"":true,""family"":""tag25h9"",""hamming"":0,""decision_margin"":71.532562,""pixel_xy"":[939.218796,553.179164],""world_xy_yaw"":[0.452288,0.689921,-0.369954],""pnp_valid"":true,""pnp_camera_xyz"":[0.576016,0.458803,1.221143],""pnp_camera_quat_xyzw"":[-0.032119,-0.009649,-0.174844,0.984025],""pnp_camera_rpy_deg"":[-3.432052,-1.731776,-20.098731],""pnp_reprojection_error_px"":0.007863},{""tag_id"":16,""target_match"":true,""family"":""tag25h9"",""hamming"":0,""decision_margin"":143.264557,""pixel_xy"":[962.295204,613.378844],""world_xy_yaw"":[0.491056,0.616478,-0.371686],""pnp_valid"":true,""pnp_camera_xyz"":[0.629264,0.595373,1.222163],""pnp_camera_quat_xyzw"":[-0.040637,-0.004226,-0.174644,0.983784],""pnp_camera_rpy_deg"":[-4.502377,-1.289778,-20.082165],""pnp_reprojection_error_px"":0.041454},{""tag_id"":17,""target_match"":true,""family"":""tag25h9"",""hamming"":0,""decision_margin"":156.219666,""pixel_xy"":[856.403892,330.807609],""world_xy_yaw"":[0.313159,0.961215,-0.203026],""pnp_valid"":true,""pnp_camera_xyz"":[0.404771,-0.041521,1.262239],""pnp_camera_quat_xyzw"":[-0.032831,-0.018546,-0.101546,0.994116],""pnp_camera_rpy_deg"":[-3.529773,-2.495566,-11.587833],""pnp_reprojection_error_px"":0.01089}]",1,0.01089,156.219666,84.718205,,0,,0,,
2026-08-12T11:14:39.764081+00:00,6055.047752957,onboard_target_060_static,0,"[0.0,0.0,0.0,0.0]",0,0,0,0,,,,,,,,,,,,,,,,,,,,,,,,,,,,0,,0,,,"[NaN,NaN,NaN]","[NaN,NaN,NaN,NaN]","[NaN,NaN,NaN,NaN,NaN,NaN]",0.001022,288,1,"[15,16,17]","[0.312542,0.960918,-0.207382]","[{""tag_id"":15,""target_match"":true,""family"":""tag25h9"",""hamming"":0,""decision_margin"":70.056999,""pixel_xy"":[939.133162,553.228057],""world_xy_yaw"":[0.452144,0.689862,-0.367172],""pnp_valid"":true,""pnp_camera_xyz"":[0.575668,0.458711,1.220729],""pnp_camera_quat_xyzw"":[-0.033287,-0.009118,-0.174259,0.984095],""pnp_camera_rpy_deg"":[-3.57559,-1.693128,-20.03029],""pnp_reprojection_error_px"":0.027423},{""tag_id"":16,""target_match"":true,""family"":""tag25h9"",""hamming"":0,""decision_margin"":144.301483,""pixel_xy"":[962.229032,613.406344],""world_xy_yaw"":[0.490945,0.616444,-0.373083],""pnp_valid"":true,""pnp_camera_xyz"":[0.628214,0.594572,1.220478],""pnp_camera_quat_xyzw"":[-0.040069,-0.005199,-0.174617,0.983807],""pnp_camera_rpy_deg"":[-4.41882,-1.388024,-20.075751],""pnp_reprojection_error_px"":0.034252},{""tag_id"":17,""target_match"":true,""family"":""tag25h9"",""hamming"":0,""decision_margin"":157.233688,""pixel_xy"":[856.037109,331.05047],""world_xy_yaw"":[0.312542,0.960918,-0.207382],""pnp_valid"":true,""pnp_camera_xyz"":[0.403771,-0.040922,1.261715],""pnp_camera_quat_xyzw"":[-0.032752,-0.019515,-0.103767,0.993871],""pnp_camera_rpy_deg"":[-3.503825,-2.612936,-11.841066],""pnp_reprojection_error_px"":0.019791}]",1,0.019791,157.233688,85.376906,,0,,0,,
2026-08-12T11:14:39.813563+00:00,6055.097238062,onboard_target_060_static,0,"[0.0,0.0,0.0,0.0]",0,0,0,0,,,,,,,,,,,,,,,,,,,,,,,,,,,,0,,0,,,"[NaN,NaN,NaN]","[NaN,NaN,NaN,NaN]","[NaN,NaN,NaN,NaN,NaN,NaN]",0.000423,290,1,"[15,16,17]","[0.311478,0.960407,-0.217114]","[{""tag_id"":15,""target_match"":true,""family"":""tag25h9"",""hamming"":0,""decision_margin"":72.778282,""pixel_xy"":[938.986697,553.245029],""world_xy_yaw"":[0.451898,0.689841,-0.365372],""pnp_valid"":true,""pnp_camera_xyz"":[0.57511,0.45857,1.22016],""pnp_camera_quat_xyzw"":[-0.033432,-0.008257,-0.17408,0.984129],""pnp_camera_rpy_deg"":[-3.609277,-1.598321,-20.011951],""pnp_reprojection_error_px"":0.031032},{""tag_id"":16,""target_match"":true,""family"":""tag25h9"",""hamming"":0,""decision_margin"":148.299484,""pixel_xy"":[962.266566,613.47949],""world_xy_yaw"":[0.491008,0.616355,-0.371347],""pnp_valid"":true,""pnp_camera_xyz"":[0.628325,0.595022,1.221105],""pnp_camera_quat_xyzw"":[-0.037731,-0.001242,-0.173513,0.984108],""pnp_camera_rpy_deg"":[-4.234594,-0.890264,-19.965786],""pnp_reprojection_error_px"":0.11116},{""tag_id"":17,""target_match"":true,""family"":""tag25h9"",""hamming"":0,""decision_margin"":159.076553,""pixel_xy"":[855.403544,331.46999],""world_xy_yaw"":[0.311478,0.960407,-0.217114],""pnp_valid"":true,""pnp_camera_xyz"":[0.402433,-0.039937,1.262186],""pnp_camera_quat_xyzw"":[-0.031705,-0.018273,-0.108267,0.993448],""pnp_camera_rpy_deg"":[-3.387803,-2.474319,-12.366081],""pnp_reprojection_error_px"":0.020305}]",1,0.020305,159.076553,86.809964,,0,,0,,
2026-08-12T11:14:39.863793+00:00,6055.147465963,onboard_target_060_static,0,"[0.0,0.0,0.0,0.0]",0,0,0,0,,,,,,,,,,,,,,,,,,,,,,,,,,,,0,,0,,,"[NaN,NaN,NaN]","[NaN,NaN,NaN,NaN]","[NaN,NaN,NaN,NaN,NaN,NaN]",0.000860,291,1,"[15,16,17]","[0.310993,0.960152,-0.220086]","[{""tag_id"":15,""target_match"":true,""family"":""tag25h9"",""hamming"":0,""decision_margin"":70.542137,""pixel_xy"":[938.967941,553.260489],""world_xy_yaw"":[0.451866,0.689822,-0.365414],""pnp_valid"":true,""pnp_camera_xyz"":[0.575115,0.458656,1.220276],""pnp_camera_quat_xyzw"":[-0.033119,-0.008239,-0.174018,0.984151],""pnp_camera_rpy_deg"":[-3.57439,-1.589759,-20.005175],""pnp_reprojection_error_px"":0.026153},{""tag_id"":16,""target_match"":true,""family"":""tag25h9"",""hamming"":0,""decision_margin"":143.266449,""pixel_xy"":[962.19679,613.535476],""world_xy_yaw"":[0.490891,0.616287,-0.371915],""pnp_valid"":true,""pnp_camera_xyz"":[0.629746,0.596515,1.224124],""pnp_camera_quat_xyzw"":[-0.040779,-0.000754,-0.174426,0.983825],""pnp_camera_rpy_deg"":[-4.587766,-0.900175,-20.07132],""pnp_reprojection_error_px"":0.119009},{""tag_id"":17,""target_match"":true,""family"":""tag25h9"",""hamming"":0,""decision_margin"":159.012665,""pixel_xy"":[855.114924,331.678492],""world_xy_yaw"":[0.310993,0.960152,-0.220086],""pnp_valid"":true,""pnp_camera_xyz"":[0.401847,-0.039489,1.262351],""pnp_camera_quat_xyzw"":[-0.029379,-0.018333,-0.110075,0.99332],""pnp_camera_rpy_deg"":[-3.117295,-2.458061,-12.580015],""pnp_reprojection_error_px"":0.02088}]",1,0.02088,159.012665,84.872443,,0,,0,,
2026-08-12T11:14:39.913656+00:00,6055.197330529,onboard_target_060_static,0,"[0.0,0.0,0.0,0.0]",0,0,0,0,,,,,,,,,,,,,,,,,,,,,,,,,,,,0,,0,,,"[NaN,NaN,NaN]","[NaN,NaN,NaN,NaN]","[NaN,NaN,NaN,NaN,NaN,NaN]",0.000458,293,1,"[15,16,17]","[0.310086,0.959769,-0.227834]","[{""tag_id"":15,""target_match"":true,""family"":""tag25h9"",""hamming"":0,""decision_margin"":71.624062,""pixel_xy"":[938.934994,553.283035],""world_xy_yaw"":[0.451811,0.689795,-0.363767],""pnp_valid"":true,""pnp_camera_xyz"":[0.574721,0.458491,1.219571],""pnp_camera_quat_xyzw"":[-0.032392,-0.007638,-0.173528,0.984267],""pnp_camera_rpy_deg"":[-3.504966,-1.505752,-19.951088],""pnp_reprojection_error_px"":0.034203},{""tag_id"":16,""target_match"":true,""family"":""tag25h9"",""hamming"":0,""decision_margin"":145.241318,""pixel_xy"":[962.025816,613.509028],""world_xy_yaw"":[0.490603,0.616319,-0.369455],""pnp_valid"":true,""pnp_camera_xyz"":[0.628224,0.595444,1.221567],""pnp_camera_quat_xyzw"":[-0.039014,-0.002328,-0.173358,0.984083],""pnp_camera_rpy_deg"":[-4.358144,-1.037571,-19.942134],""pnp_reprojection_error_px"":0.032627},{""tag_id"":17,""target_match"":true,""family"":""tag25h9"",""hamming"":0,""decision_margin"":156.044693,""pixel_xy"":[854.574854,331.992329],""world_xy_yaw"":[0.310086,0.959769,-0.227834],""pnp_valid"":true,""pnp_camera_xyz"":[0.400807,-0.038773,1.262976],""pnp_camera_quat_xyzw"":[-0.0302,-0.015314,-0.114143,0.992887],""pnp_camera_rpy_deg"":[-3.239702,-2.137924,-13.055522],""pnp_reprojection_error_px"":0.025879}]",1,0.025879,156.044693,83.52036,,0,,0,,
2026-08-12T11:14:39.963661+00:00,6055.247333341,onboard_target_060_static,0,"[0.0,0.0,0.0,0.0]",0,0,0,0,,,,,,,,,,,,,,,,,,,,,,,,,,,,0,,0,,,"[NaN,NaN,NaN]","[NaN,NaN,NaN,NaN]","[NaN,NaN,NaN,NaN,NaN,NaN]",0.000696,294,1,"[15,16,17]","[0.309628,0.959609,-0.23185]","[{""tag_id"":15,""target_match"":true,""family"":""tag25h9"",""hamming"":0,""decision_margin"":71.340439,""pixel_xy"":[938.96672,553.305663],""world_xy_yaw"":[0.451864,0.689767,-0.362659],""pnp_valid"":true,""pnp_camera_xyz"":[0.574564,0.458314,1.219062],""pnp_camera_quat_xyzw"":[-0.032433,-0.007757,-0.173191,0.984323],""pnp_camera_rpy_deg"":[-3.507768,-1.518779,-19.911559],""pnp_reprojection_error_px"":0.036748},{""tag_id"":16,""target_match"":true,""family"":""tag25h9"",""hamming"":0,""decision_margin"":147.386597,""pixel_xy"":[962.04401,613.596334],""world_xy_yaw"":[0.490634,0.616212,-0.369704],""pnp_valid"":true,""pnp_camera_xyz"":[0.626444,0.593681,1.217991],""pnp_camera_quat_xyzw"":[-0.038139,-0.005516,-0.172645,0.98423],""pnp_camera_rpy_deg"":[-4.197341,-1.376779,-19.847808],""pnp_reprojection_error_px"":0.066138},{""tag_id"":17,""target_match"":true,""family"":""tag25h9"",""hamming"":0,""decision_margin"":157.520676,""pixel_xy"":[854.302497,332.123745],""world_xy_yaw"":[0.309628,0.959609,-0.23185],""pnp_valid"":true,""pnp_camera_xyz"":[0.400408,-0.038477,1.263728],""pnp_camera_quat_xyzw"":[-0.029651,-0.013055,-0.116125,0.992706],""pnp_camera_rpy_deg"":[-3.202644,-1.880038,-13.291528],""pnp_reprojection_error_px"":0.02537}]",1,0.02537,157.520676,84.353685,,0,,0,,
2026-08-12T11:14:40.014886+00:00,6055.298549922,onboard_target_060_static,0,"[0.0,0.0,0.0,0.0]",0,0,0,0,,,,,,,,,,,,,,,,,,,,,,,,,,,,0,,0,,,"[NaN,NaN,NaN]","[NaN,NaN,NaN,NaN]","[NaN,NaN,NaN,NaN,NaN,NaN]",0.001019,296,1,"[15,16,17]","[0.308816,0.959291,-0.240604]","[{""tag_id"":15,""target_match"":true,""family"":""tag25h9"",""hamming"":0,""decision_margin"":70.934967,""pixel_xy"":[939.090229,553.331087],""world_xy_yaw"":[0.452072,0.689736,-0.360789],""pnp_valid"":true,""pnp_camera_xyz"":[0.575566,0.458953,1.220733],""pnp_camera_quat_xyzw"":[-0.032525,-0.005644,-0.172887,0.984388],""pnp_camera_rpy_deg"":[-3.560233,-1.281149,-19.882544],""pnp_reprojection_error_px"":0.022018},{""tag_id"":16,""target_match"":true,""family"":""tag25h9"",""hamming"":0,""decision_margin"":141.674194,""pixel_xy"":[962.314058,613.608039],""world_xy_yaw"":[0.491088,0.616198,-0.370193],""pnp_valid"":true,""pnp_camera_xyz"":[0.630513,0.597817,1.225759],""pnp_camera_quat_xyzw"":[-0.038092,0.004072,-0.172009,0.98435],""pnp_camera_rpy_deg"":[-4.381246,-0.291541,-19.812798],""pnp_reprojection_error_px"":0.265445},{""tag_id"":17,""target_match"":true,""family"":""tag25h9"",""hamming"":0,""decision_margin"":155.643951,""pixel_xy"":[853.818829,332.384569],""world_xy_yaw"":[0.308816,0.959291,-0.240604],""pnp_valid"":true,""pnp_camera_xyz"":[0.399203,-0.03789,1.263506],""pnp_camera_quat_xyzw"":[-0.027846,-0.012558,-0.12037,0.992259],""pnp_camera_rpy_deg"":[-2.995915,-1.812257,-13.786023],""pnp_reprojection_error_px"":0.015332}]",1,0.015332,155.643951,85.056582,,0,,0,,
2026-08-12T11:14:40.064121+00:00,6055.347793632,onboard_target_060_static,0,"[0.0,0.0,0.0,0.0]",0,0,0,0,,,,,,,,,,,,,,,,,,,,,,,,,,,,0,,0,,,"[NaN,NaN,NaN]","[NaN,NaN,NaN,NaN]","[NaN,NaN,NaN,NaN,NaN,NaN]",0.001071,297,1,"[15,17]","[0.308376,0.959138,-0.244424]","[{""tag_id"":15,""target_match"":true,""family"":""tag25h9"",""hamming"":0,""decision_margin"":70.26387,""pixel_xy"":[939.144155,553.348922],""world_xy_yaw"":[0.452162,0.689714,-0.360169],""pnp_valid"":true,""pnp_camera_xyz"":[0.575244,0.458573,1.219755],""pnp_camera_quat_xyzw"":[-0.032045,-0.006732,-0.172452,0.984473],""pnp_camera_rpy_deg"":[-3.485198,-1.392848,-19.829271],""pnp_reprojection_error_px"":0.046429},{""tag_id"":17,""target_match"":true,""family"":""tag25h9"",""hamming"":0,""decision_margin"":156.447662,""pixel_xy"":[853.556887,332.510216],""world_xy_yaw"":[0.308376,0.959138,-0.244424],""pnp_valid"":true,""pnp_camera_xyz"":[0.398585,-0.037563,1.263416],""pnp_camera_quat_xyzw"":[-0.02672,-0.013898,-0.122249,0.992042],""pnp_camera_rpy_deg"":[-2.845608,-1.95466,-14.001628],""pnp_reprojection_error_px"":0.027233}]",1,0.027233,156.447662,84.848105,,0,,0,,
