host_time_utc,host_monotonic_s,phase,requested_armed,requested_channels_forward_right_down_yaw,sent,transport_open,session_confirmed,telemetry_fresh,telemetry_age_s,telemetry_sequence,mcu_tick_ms,state,telemetry_armed,telemetry_failsafe,command_status,reject_flags,last_command_session,last_command_sequence,last_command_crc,command_count,rejected_command_count,round_trip_ms,imu_quat_wxyz,imu_angular_velocity_xyz_rad_s,imu_linear_acceleration_xyz_m_s2,yaw_rad,yaw_rate_rad_s,depth_m,pressure_pa,received_channels_forward_right_down_yaw,applied_motor_throttle_m1_m8,motor_rpm_m1_m8,rpm_valid_mask,execution_feedback_valid,rpm_available,vision_fresh,vision_age_s,vision_count,vision_stamp_s,vision_frame_id,vision_position_xyz_m,vision_quat_xyzw,vision_covariance_diag,vision_status_age_s,vision_status_count,vision_detected,vision_detected_ids,vision_world_xy_yaw,vision_detections_detail,vision_pnp_valid,vision_pnp_reprojection_error_px,vision_decision_margin,vision_detection_fps,refracted_status_age_s,refracted_status_count,refracted_mode,refracted_valid,refracted_residual_m,refracted_reject_reason
2026-08-12T15:25:59.189847+00:00,21134.473515895,onboard_overhead_fish_dynamic,0,"[0.0,0.0,0.0,0.0]",0,0,0,0,,,,,,,,,,,,,,,,,,,,,,,,,,,,0,,0,,,"[NaN,NaN,NaN]","[NaN,NaN,NaN,NaN]","[NaN,NaN,NaN,NaN,NaN,NaN]",,0,0,[],[],[],0,,,,,0,,0,,
2026-08-12T15:25:59.241156+00:00,21134.524822835,onboard_overhead_fish_dynamic,0,"[0.0,0.0,0.0,0.0]",0,0,0,0,,,,,,,,,,,,,,,,,,,,,,,,,,,,1,0.001440,1,1786548359.196939945,finsrov_stereo_left_optical,"[0.04014520224509366,-0.10320159767711012,0.34219612485286555]","[0.0,0.0,0.0,1.0]","[0.0025,0.0025,0.0025,1000000.0,1000000.0,1000000.0]",0.000748,2,1,"[16,17]","[0.248056,0.571467,0.06724]","[{""tag_id"":16,""target_match"":true,""family"":""tag25h9"",""hamming"":0,""decision_margin"":149.299835,""pixel_xy"":[817.652185,650.272588],""world_xy_yaw"":[0.248056,0.571467,0.06724],""pnp_valid"":true,""pnp_camera_xyz"":[0.318404,0.711029,1.282336],""pnp_camera_quat_xyzw"":[-0.054242,0.002126,0.033493,0.997964],""pnp_camera_rpy_deg"":[-6.207173,0.451353,3.8199],""pnp_reprojection_error_px"":0.040237},{""tag_id"":17,""target_match"":true,""family"":""tag25h9"",""hamming"":0,""decision_margin"":141.003143,""pixel_xy"":[826.647832,350.79732],""world_xy_yaw"":[0.263168,0.936827,1.322109],""pnp_valid"":true,""pnp_camera_xyz"":[0.335697,0.004947,1.261281],""pnp_camera_quat_xyzw"":[-0.024878,-0.017858,0.614711,0.788158],""pnp_camera_rpy_deg"":[-3.506975,0.139597,75.899524],""pnp_reprojection_error_px"":0.037236}]",1,0.040237,149.299835,91.592776,,0,,0,,
2026-08-12T15:25:59.292239+00:00,21134.575895650,onboard_overhead_fish_dynamic,0,"[0.0,0.0,0.0,0.0]",0,0,0,0,,,,,,,,,,,,,,,,,,,,,,,,,,,,1,0.002288,2,1786548359.247008085,finsrov_stereo_left_optical,"[0.02986866830897328,-0.15251690566761034,0.3316638801428595]","[0.0,0.0,0.0,1.0]","[0.0025,0.0025,0.0025,1000000.0,1000000.0,1000000.0]",0.002004,3,1,"[16,17]","[0.247947,0.571642,0.061825]","[{""tag_id"":16,""target_match"":true,""family"":""tag25h9"",""hamming"":0,""decision_margin"":148.1436,""pixel_xy"":[817.587588,650.129649],""world_xy_yaw"":[0.247947,0.571642,0.061825],""pnp_valid"":true,""pnp_camera_xyz"":[0.315969,0.705428,1.272783],""pnp_camera_quat_xyzw"":[-0.047823,-0.004969,0.033571,0.998279],""pnp_camera_rpy_deg"":[-5.498329,-0.38448,3.870564],""pnp_reprojection_error_px"":0.009264},{""tag_id"":17,""target_match"":true,""family"":""tag25h9"",""hamming"":0,""decision_margin"":139.132751,""pixel_xy"":[827.100527,350.664788],""world_xy_yaw"":[0.263929,0.936989,1.326125],""pnp_valid"":true,""pnp_camera_xyz"":[0.336604,0.004694,1.260809],""pnp_camera_quat_xyzw"":[-0.025642,-0.018245,0.615887,0.787206],""pnp_camera_rpy_deg"":[-3.603113,0.163901,76.071994],""pnp_reprojection_error_px"":0.025226}]",1,0.009264,148.1436,92.302746,,0,,0,,
2026-08-12T15:25:59.342051+00:00,21134.625707842,onboard_overhead_fish_dynamic,0,"[0.0,0.0,0.0,0.0]",0,0,0,0,,,,,,,,,,,,,,,,,,,,,,,,,,,,1,0.002097,3,1786548359.297040462,finsrov_stereo_left_optical,"[0.02485321584112321,-0.17112388596957417,0.32675683738956807]","[0.0,0.0,0.0,1.0]","[0.0025,0.0025,0.0025,1000000.0,1000000.0,1000000.0]",0.001175,5,1,"[16,17]","[0.247727,0.57191,0.072668]","[{""tag_id"":16,""target_match"":true,""family"":""tag25h9"",""hamming"":0,""decision_margin"":151.735458,""pixel_xy"":[817.456686,649.909867],""world_xy_yaw"":[0.247727,0.57191,0.072668],""pnp_valid"":true,""pnp_camera_xyz"":[0.318485,0.710554,1.283303],""pnp_camera_quat_xyzw"":[-0.058515,-0.004911,0.036305,0.997614],""pnp_camera_rpy_deg"":[-6.725295,-0.318023,4.187088],""pnp_reprojection_error_px"":0.113774},{""tag_id"":17,""target_match"":true,""family"":""tag25h9"",""hamming"":0,""decision_margin"":142.043304,""pixel_xy"":[827.975715,350.445099],""world_xy_yaw"":[0.265399,0.937257,1.329124],""pnp_valid"":true,""pnp_camera_xyz"":[0.338575,0.004185,1.260779],""pnp_camera_quat_xyzw"":[-0.025422,-0.018898,0.617011,0.786317],""pnp_camera_rpy_deg"":[-3.629285,0.094648,76.238475],""pnp_reprojection_error_px"":0.00769}]",1,0.113774,151.735458,90.461025,,0,,0,,
2026-08-12T15:25:59.392172+00:00,21134.675830828,onboard_overhead_fish_dynamic,0,"[0.0,0.0,0.0,0.0]",0,0,0,0,,,,,,,,,,,,,,,,,,,,,,,,,,,,1,0.002117,4,1786548359.346975803,finsrov_stereo_left_optical,"[0.029819911638757857,-0.14507233331122438,0.33227379131619605]","[0.0,0.0,0.0,1.0]","[0.0025,0.0025,0.0025,1000000.0,1000000.0,1000000.0]",0.001859,6,1,"[16,17]","[0.247701,0.572091,0.073575]","[{""tag_id"":16,""target_match"":true,""family"":""tag25h9"",""hamming"":0,""decision_margin"":148.008072,""pixel_xy"":[817.441071,649.761375],""world_xy_yaw"":[0.247701,0.572091,0.073575],""pnp_valid"":true,""pnp_camera_xyz"":[0.320765,0.715573,1.292741],""pnp_camera_quat_xyzw"":[-0.06533,-0.008506,0.038513,0.997084],""pnp_camera_rpy_deg"":[-7.524156,-0.683584,4.468919],""pnp_reprojection_error_px"":0.083749},{""tag_id"":17,""target_match"":true,""family"":""tag25h9"",""hamming"":0,""decision_margin"":141.126755,""pixel_xy"":[828.379691,350.286063],""world_xy_yaw"":[0.266078,0.937451,1.329985],""pnp_valid"":true,""pnp_camera_xyz"":[0.339568,0.003837,1.260749],""pnp_camera_quat_xyzw"":[-0.026395,-0.017248,0.617419,0.786002],""pnp_camera_rpy_deg"":[-3.600118,0.31391,76.290684],""pnp_reprojection_error_px"":0.037539}]",1,0.083749,148.008072,90.57251,,0,,0,,
2026-08-12T15:25:59.442101+00:00,21134.725759020,onboard_overhead_fish_dynamic,0,"[0.0,0.0,0.0,0.0]",0,0,0,0,,,,,,,,,,,,,,,,,,,,,,,,,,,,1,0.002181,5,1786548359.396961212,finsrov_stereo_left_optical,"[0.03422652050876979,-0.12547031374329332,0.33667400542432063]","[0.0,0.0,0.0,1.0]","[0.0025,0.0025,0.0025,1000000.0,1000000.0,1000000.0]",0.001165,8,1,"[15,16,17]","[0.247831,0.572361,0.066339]","[{""tag_id"":15,""target_match"":true,""family"":""tag25h9"",""hamming"":0,""decision_margin"":123.540924,""pixel_xy"":[819.86694,588.373285],""world_xy_yaw"":[0.251776,0.646985,0.053289],""pnp_valid"":true,""pnp_camera_xyz"":[0.335187,0.584767,1.327665],""pnp_camera_quat_xyzw"":[-0.055161,-0.02215,0.035697,0.997593],""pnp_camera_rpy_deg"":[-6.41491,-2.307038,4.228025],""pnp_reprojection_error_px"":0.095138},{""tag_id"":16,""target_match"":true,""family"":""tag25h9"",""hamming"":0,""decision_margin"":150.436798,""pixel_xy"":[817.518701,649.540508],""world_xy_yaw"":[0.247831,0.572361,0.066339],""pnp_valid"":true,""pnp_camera_xyz"":[0.32459,0.723482,1.307743],""pnp_camera_quat_xyzw"":[-0.067846,-0.01543,0.039125,0.996809],""pnp_camera_rpy_deg"":[-7.845942,-1.458446,4.595495],""pnp_reprojection_error_px"":0.06774},{""tag_id"":17,""target_match"":true,""family"":""tag25h9"",""hamming"":0,""decision_margin"":140.222778,""pixel_xy"":[829.305823,349.972767],""world_xy_yaw"":[0.267634,0.937833,1.329508],""pnp_valid"":true,""pnp_camera_xyz"":[0.341843,0.003113,1.261385],""pnp_camera_quat_xyzw"":[-0.025377,-0.014959,0.617561,0.785971],""pnp_camera_rpy_deg"":[-3.346175,0.44861,76.302487],""pnp_reprojection_error_px"":0.023842}]",1,0.06774,150.436798,91.780373,,0,,0,,
2026-08-12T15:25:59.492404+00:00,21134.776057307,onboard_overhead_fish_dynamic,0,"[0.0,0.0,0.0,0.0]",0,0,0,0,,,,,,,,,,,,,,,,,,,,,,,,,,,,1,0.002360,6,1786548359.446957350,finsrov_stereo_left_optical,"[0.03677206912208797,-0.10667066324140007,0.34324278444998985]","[0.0,0.0,0.0,1.0]","[0.0025,0.0025,0.0025,1000000.0,1000000.0,1000000.0]",0.002077,9,1,"[15,16,17]","[0.247986,0.572443,0.06137]","[{""tag_id"":15,""target_match"":true,""family"":""tag25h9"",""hamming"":0,""decision_margin"":117.43325,""pixel_xy"":[819.833365,588.420231],""world_xy_yaw"":[0.25172,0.646927,0.061245],""pnp_valid"":true,""pnp_camera_xyz"":[0.335096,0.584333,1.326785],""pnp_camera_quat_xyzw"":[-0.060788,-0.0204,0.036357,0.99728],""pnp_camera_rpy_deg"":[-7.054326,-2.07856,4.303859],""pnp_reprojection_error_px"":0.137324},{""tag_id"":16,""target_match"":true,""family"":""tag25h9"",""hamming"":0,""decision_margin"":149.790314,""pixel_xy"":[817.610858,649.472711],""world_xy_yaw"":[0.247986,0.572443,0.06137],""pnp_valid"":true,""pnp_camera_xyz"":[0.32605,0.726351,1.313173],""pnp_camera_quat_xyzw"":[-0.066042,-0.01423,0.037425,0.997013],""pnp_camera_rpy_deg"":[-7.63086,-1.342694,4.388994],""pnp_reprojection_error_px"":0.060125},{""tag_id"":17,""target_match"":true,""family"":""tag25h9"",""hamming"":0,""decision_margin"":143.96521,""pixel_xy"":[829.79844,349.831054],""world_xy_yaw"":[0.268461,0.938006,1.329236],""pnp_valid"":true,""pnp_camera_xyz"":[0.343026,0.002739,1.261505],""pnp_camera_quat_xyzw"":[-0.026639,-0.012723,0.618306,0.785383],""pnp_camera_rpy_deg"":[-3.300971,0.742397,76.402985],""pnp_reprojection_error_px"":0.021246}]",1,0.060125,149.790314,90.640424,,0,,0,,
2026-08-12T15:25:59.542054+00:00,21134.825711395,onboard_overhead_fish_dynamic,0,"[0.0,0.0,0.0,0.0]",0,0,0,0,,,,,,,,,,,,,,,,,,,,,,,,,,,,1,0.002106,7,1786548359.496974945,finsrov_stereo_left_optical,"[0.03508795042488827,-0.10352086004192129,0.3458111386415056]","[0.0,0.0,0.0,1.0]","[0.0025,0.0025,0.0025,1000000.0,1000000.0,1000000.0]",0.001174,11,1,"[16,17]","[0.248077,0.572408,0.065775]","[{""tag_id"":16,""target_match"":true,""family"":""tag25h9"",""hamming"":0,""decision_margin"":152.003433,""pixel_xy"":[817.665165,649.501578],""world_xy_yaw"":[0.248077,0.572408,0.065775],""pnp_valid"":true,""pnp_camera_xyz"":[0.327743,0.729622,1.319027],""pnp_camera_quat_xyzw"":[-0.067871,-0.003619,0.033166,0.997136],""pnp_camera_rpy_deg"":[-7.792997,-0.155611,3.820661],""pnp_reprojection_error_px"":0.064766},{""tag_id"":17,""target_match"":true,""family"":""tag25h9"",""hamming"":0,""decision_margin"":140.556046,""pixel_xy"":[830.86305,349.498595],""world_xy_yaw"":[0.27025,0.938412,1.331418],""pnp_valid"":true,""pnp_camera_xyz"":[0.345473,0.001965,1.261389],""pnp_camera_quat_xyzw"":[-0.028135,-0.010588,0.619669,0.784287],""pnp_camera_rpy_deg"":[-3.282775,1.046374,76.594836],""pnp_reprojection_error_px"":0.027658}]",1,0.064766,152.003433,91.07074,,0,,0,,
2026-08-12T15:25:59.592048+00:00,21134.875704248,onboard_overhead_fish_dynamic,0,"[0.0,0.0,0.0,0.0]",0,0,0,0,,,,,,,,,,,,,,,,,,,,,,,,,,,,1,0.002075,8,1786548359.546947718,finsrov_stereo_left_optical,"[0.029621390682322002,-0.09422028360207457,0.3492858297208596]","[0.0,0.0,0.0,1.0]","[0.0025,0.0025,0.0025,1000000.0,1000000.0,1000000.0]",0.001834,12,1,"[16,17]","[0.248207,0.572331,0.066636]","[{""tag_id"":16,""target_match"":true,""family"":""tag25h9"",""hamming"":0,""decision_margin"":148.478409,""pixel_xy"":[817.742463,649.565053],""world_xy_yaw"":[0.248207,0.572331,0.066636],""pnp_valid"":true,""pnp_camera_xyz"":[0.326848,0.727506,1.314878],""pnp_camera_quat_xyzw"":[-0.068234,0.00039,0.032208,0.997149],""pnp_camera_rpy_deg"":[-7.819665,0.296362,3.679775],""pnp_reprojection_error_px"":0.060245},{""tag_id"":17,""target_match"":true,""family"":""tag25h9"",""hamming"":0,""decision_margin"":144.893021,""pixel_xy"":[831.443805,349.411852],""world_xy_yaw"":[0.271226,0.938518,1.335025],""pnp_valid"":true,""pnp_camera_xyz"":[0.347053,0.001802,1.262285],""pnp_camera_quat_xyzw"":[-0.027507,-0.008976,0.620998,0.783278],""pnp_camera_rpy_deg"":[-3.109845,1.15191,76.784911],""pnp_reprojection_error_px"":0.027542}]",1,0.060245,148.478409,91.883916,,0,,0,,
2026-08-12T15:25:59.641757+00:00,21134.925413387,onboard_overhead_fish_dynamic,0,"[0.0,0.0,0.0,0.0]",0,0,0,0,,,,,,,,,,,,,,,,,,,,,,,,,,,,1,0.002103,9,1786548359.597027302,finsrov_stereo_left_optical,"[0.026019878641702077,-0.0989055954299819,0.3482380592737404]","[0.0,0.0,0.0,1.0]","[0.0025,0.0025,0.0025,1000000.0,1000000.0,1000000.0]",0.001171,14,1,"[16,17]","[0.24855,0.571946,0.06356]","[{""tag_id"":16,""target_match"":true,""family"":""tag25h9"",""hamming"":0,""decision_margin"":146.865448,""pixel_xy"":[817.946513,649.879985],""world_xy_yaw"":[0.24855,0.571946,0.06356],""pnp_valid"":true,""pnp_camera_xyz"":[0.322219,0.71667,1.294724],""pnp_camera_quat_xyzw"":[-0.056439,-0.003711,0.034279,0.99781],""pnp_camera_rpy_deg"":[-6.4817,-0.202579,3.94668],""pnp_reprojection_error_px"":0.121139},{""tag_id"":17,""target_match"":true,""family"":""tag25h9"",""hamming"":0,""decision_margin"":141.108475,""pixel_xy"":[832.65775,349.313578],""world_xy_yaw"":[0.273265,0.938637,1.340429],""pnp_valid"":true,""pnp_camera_xyz"":[0.349473,0.00159,1.260837],""pnp_camera_quat_xyzw"":[-0.028489,-0.012259,0.622547,0.781968],""pnp_camera_rpy_deg"":[-3.429816,0.933943,77.020606],""pnp_reprojection_error_px"":0.036131}]",1,0.121139,146.865448,91.383284,,0,,0,,
2026-08-12T15:25:59.691076+00:00,21134.974744826,onboard_overhead_fish_dynamic,0,"[0.0,0.0,0.0,0.0]",0,0,0,0,,,,,,,,,,,,,,,,,,,,,,,,,,,,1,0.001293,10,1786548359.646942139,finsrov_stereo_left_optical,"[0.02066372081975304,-0.1356230936125219,0.34002822734009547]","[0.0,0.0,0.0,1.0]","[0.0025,0.0025,0.0025,1000000.0,1000000.0,1000000.0]",0.001101,15,1,"[16,17]","[0.248575,0.572036,0.060813]","[{""tag_id"":16,""target_match"":true,""family"":""tag25h9"",""hamming"":0,""decision_margin"":148.131973,""pixel_xy"":[817.96121,649.806883],""world_xy_yaw"":[0.248575,0.572036,0.060813],""pnp_valid"":true,""pnp_camera_xyz"":[0.321029,0.713853,1.289547],""pnp_camera_quat_xyzw"":[-0.056228,-0.007673,0.03414,0.997805],""pnp_camera_rpy_deg"":[-6.473317,-0.657397,3.956459],""pnp_reprojection_error_px"":0.029942},{""tag_id"":17,""target_match"":true,""family"":""tag25h9"",""hamming"":0,""decision_margin"":140.283356,""pixel_xy"":[833.286494,349.246581],""world_xy_yaw"":[0.274321,0.938719,1.344435],""pnp_valid"":true,""pnp_camera_xyz"":[0.351133,0.00145,1.261737],""pnp_camera_quat_xyzw"":[-0.027569,-0.013643,0.623743,0.781024],""pnp_camera_rpy_deg"":[-3.444926,0.749478,77.200802],""pnp_reprojection_error_px"":0.030994}]",1,0.029942,148.131973,92.250604,,0,,0,,
2026-08-12T15:25:59.741253+00:00,21135.024917120,onboard_overhead_fish_dynamic,0,"[0.0,0.0,0.0,0.0]",0,0,0,0,,,,,,,,,,,,,,,,,,,,,,,,,,,,1,0.001522,11,1786548359.697135687,finsrov_stereo_left_optical,"[0.01676794574823337,-0.1421712392345672,0.3382603914922452]","[0.0,0.0,0.0,1.0]","[0.0025,0.0025,0.0025,1000000.0,1000000.0,1000000.0]",0.000823,17,1,"[16,17]","[0.248534,0.57209,0.059786]","[{""tag_id"":16,""target_match"":true,""family"":""tag25h9"",""hamming"":0,""decision_margin"":150.654099,""pixel_xy"":[817.937216,649.761935],""world_xy_yaw"":[0.248534,0.57209,0.059786],""pnp_valid"":true,""pnp_camera_xyz"":[0.321392,0.714564,1.291123],""pnp_camera_quat_xyzw"":[-0.06785,-0.008748,0.033604,0.997091],""pnp_camera_rpy_deg"":[-7.810957,-0.738298,3.910878],""pnp_reprojection_error_px"":0.054017},{""tag_id"":17,""target_match"":true,""family"":""tag25h9"",""hamming"":0,""decision_margin"":143.448761,""pixel_xy"":[834.435853,349.047899],""world_xy_yaw"":[0.276252,0.938962,1.353701],""pnp_valid"":true,""pnp_camera_xyz"":[0.353683,0.001039,1.261172],""pnp_camera_quat_xyzw"":[-0.026892,-0.017626,0.626118,0.779065],""pnp_camera_rpy_deg"":[-3.667942,0.355846,77.564752],""pnp_reprojection_error_px"":0.059658}]",1,0.054017,150.654099,93.592874,,0,,0,,
2026-08-12T15:25:59.791287+00:00,21135.074950370,onboard_overhead_fish_dynamic,0,"[0.0,0.0,0.0,0.0]",0,0,0,0,,,,,,,,,,,,,,,,,,,,,,,,,,,,1,0.001534,12,1786548359.746951818,finsrov_stereo_left_optical,"[0.01396221035330969,-0.1233196483492146,0.34003067041303214]","[0.0,0.0,0.0,1.0]","[0.0025,0.0025,0.0025,1000000.0,1000000.0,1000000.0]",0.001341,18,1,"[16,17]","[0.248576,0.572317,0.056947]","[{""tag_id"":16,""target_match"":true,""family"":""tag25h9"",""hamming"":0,""decision_margin"":149.523788,""pixel_xy"":[817.961911,649.576024],""world_xy_yaw"":[0.248576,0.572317,0.056947],""pnp_valid"":true,""pnp_camera_xyz"":[0.321511,0.714547,1.291694],""pnp_camera_quat_xyzw"":[-0.068587,-0.011069,0.03421,0.996997],""pnp_camera_rpy_deg"":[-7.905503,-0.99583,3.999277],""pnp_reprojection_error_px"":0.02129},{""tag_id"":17,""target_match"":true,""family"":""tag25h9"",""hamming"":0,""decision_margin"":139.501053,""pixel_xy"":[835.021369,348.91297],""world_xy_yaw"":[0.277236,0.939126,1.356766],""pnp_valid"":true,""pnp_camera_xyz"":[0.355158,0.000694,1.261734],""pnp_camera_quat_xyzw"":[-0.027716,-0.018206,0.627637,0.7778],""pnp_camera_rpy_deg"":[-3.782491,0.370683,77.790573],""pnp_reprojection_error_px"":0.040764}]",1,0.02129,149.523788,94.132399,,0,,0,,
2026-08-12T15:25:59.841595+00:00,21135.125254369,onboard_overhead_fish_dynamic,0,"[0.0,0.0,0.0,0.0]",0,0,0,0,,,,,,,,,,,,,,,,,,,,,,,,,,,,1,0.001787,13,1786548359.797059774,finsrov_stereo_left_optical,"[0.013175868973091642,-0.12214161465009288,0.3404683773948454]","[0.0,0.0,0.0,1.0]","[0.0025,0.0025,0.0025,1000000.0,1000000.0,1000000.0]",0.000972,20,1,"[15,16,17]","[0.248377,0.572476,0.06524]","[{""tag_id"":15,""target_match"":true,""family"":""tag25h9"",""hamming"":0,""decision_margin"":105.482544,""pixel_xy"":[820.003164,588.076539],""world_xy_yaw"":[0.252005,0.647347,0.055204],""pnp_valid"":true,""pnp_camera_xyz"":[0.332669,0.57893,1.315771],""pnp_camera_quat_xyzw"":[-0.050884,-0.018456,0.033517,0.997971],""pnp_camera_rpy_deg"":[-5.903632,-1.915509,3.945948],""pnp_reprojection_error_px"":0.025997},{""tag_id"":16,""target_match"":true,""family"":""tag25h9"",""hamming"":0,""decision_margin"":149.521408,""pixel_xy"":[817.843528,649.445876],""world_xy_yaw"":[0.248377,0.572476,0.06524],""pnp_valid"":true,""pnp_camera_xyz"":[0.323173,0.718171,1.298467],""pnp_camera_quat_xyzw"":[-0.065714,-0.013785,0.036648,0.99707],""pnp_camera_rpy_deg"":[-7.590278,-1.299188,4.296185],""pnp_reprojection_error_px"":0.117171},{""tag_id"":17,""target_match"":true,""family"":""tag25h9"",""hamming"":0,""decision_margin"":137.407516,""pixel_xy"":[836.156344,348.635478],""world_xy_yaw"":[0.279143,0.939465,1.365624],""pnp_valid"":true,""pnp_camera_xyz"":[0.35777,5.6e-05,1.261592],""pnp_camera_quat_xyzw"":[-0.027597,-0.023572,0.630005,0.775742],""pnp_camera_rpy_deg"":[-4.1586,-0.103014,78.166059],""pnp_reprojection_error_px"":0.04892}]",1,0.117171,149.521408,92.452164,,0,,0,,
2026-08-12T15:25:59.892057+00:00,21135.175697988,onboard_overhead_fish_dynamic,0,"[0.0,0.0,0.0,0.0]",0,0,0,0,,,,,,,,,,,,,,,,,,,,,,,,,,,,1,0.002089,14,1786548359.846956968,finsrov_stereo_left_optical,"[0.010648564479937173,-0.13692592388464042,0.3422700998922428]","[0.0,0.0,0.0,1.0]","[0.0025,0.0025,0.0025,1000000.0,1000000.0,1000000.0]",0.001842,21,1,"[15,16,17]","[0.248236,0.572402,0.066159]","[{""tag_id"":15,""target_match"":true,""family"":""tag25h9"",""hamming"":0,""decision_margin"":111.057549,""pixel_xy"":[820.026651,588.164261],""world_xy_yaw"":[0.252045,0.64724,0.054008],""pnp_valid"":true,""pnp_camera_xyz"":[0.330293,0.57462,1.305585],""pnp_camera_quat_xyzw"":[-0.040915,-0.021,0.032747,0.998405],""pnp_camera_rpy_deg"":[-4.768964,-2.249629,3.850855],""pnp_reprojection_error_px"":0.079242},{""tag_id"":16,""target_match"":true,""family"":""tag25h9"",""hamming"":0,""decision_margin"":149.696365,""pixel_xy"":[817.759647,649.506884],""world_xy_yaw"":[0.248236,0.572402,0.066159],""pnp_valid"":true,""pnp_camera_xyz"":[0.323916,0.720115,1.301558],""pnp_camera_quat_xyzw"":[-0.064012,-0.017291,0.036862,0.997118],""pnp_camera_rpy_deg"":[-7.411021,-1.705585,4.34482],""pnp_reprojection_error_px"":0.201437},{""tag_id"":17,""target_match"":true,""family"":""tag25h9"",""hamming"":0,""decision_margin"":138.717072,""pixel_xy"":[836.732925,348.51592],""world_xy_yaw"":[0.280111,0.939611,1.367081],""pnp_valid"":true,""pnp_camera_xyz"":[0.359442,-0.000221,1.262814],""pnp_camera_quat_xyzw"":[-0.026925,-0.022319,0.630728,0.775215],""pnp_camera_rpy_deg"":[-4.008198,-0.036592,78.266063],""pnp_reprojection_error_px"":0.047511}]",1,0.201437,149.696365,92.301207,,0,,0,,
2026-08-12T15:25:59.942000+00:00,21135.225657626,onboard_overhead_fish_dynamic,0,"[0.0,0.0,0.0,0.0]",0,0,0,0,,,,,,,,,,,,,,,,,,,,,,,,,,,,1,0.002086,15,1786548359.897001505,finsrov_stereo_left_optical,"[0.004398833060598406,-0.15977580377699696,0.3386462201351404]","[0.0,0.0,0.0,1.0]","[0.0025,0.0025,0.0025,1000000.0,1000000.0,1000000.0]",0.001150,23,1,"[15,16,17]","[0.248518,0.572099,0.059309]","[{""tag_id"":15,""target_match"":true,""family"":""tag25h9"",""hamming"":0,""decision_margin"":105.22821,""pixel_xy"":[820.145197,588.306146],""world_xy_yaw"":[0.252244,0.647067,0.059912],""pnp_valid"":true,""pnp_camera_xyz"":[0.331872,0.576629,1.310134],""pnp_camera_quat_xyzw"":[-0.049609,-0.022459,0.034446,0.997922],""pnp_camera_rpy_deg"":[-5.776369,-2.373098,4.073592],""pnp_reprojection_error_px"":0.215951},{""tag_id"":16,""target_match"":true,""family"":""tag25h9"",""hamming"":0,""decision_margin"":147.681305,""pixel_xy"":[817.927277,649.754824],""world_xy_yaw"":[0.248518,0.572099,0.059309],""pnp_valid"":true,""pnp_camera_xyz"":[0.325644,0.724157,1.308421],""pnp_camera_quat_xyzw"":[-0.063836,-0.008327,0.033568,0.997361],""pnp_camera_rpy_deg"":[-7.348466,-0.7062,3.900665],""pnp_reprojection_error_px"":0.036573},{""tag_id"":17,""target_match"":true,""family"":""tag25h9"",""hamming"":0,""decision_margin"":135.777298,""pixel_xy"":[837.87829,348.142795],""world_xy_yaw"":[0.282036,0.940066,1.373286],""pnp_valid"":true,""pnp_camera_xyz"":[0.36209,-0.001126,1.262719],""pnp_camera_quat_xyzw"":[-0.025894,-0.024265,0.632904,0.773416],""pnp_camera_rpy_deg"":[-4.058199,-0.272502,78.59815],""pnp_reprojection_error_px"":0.041487}]",1,0.036573,147.681305,91.73635,,0,,0,,
2026-08-12T15:25:59.992378+00:00,21135.276032366,onboard_overhead_fish_dynamic,0,"[0.0,0.0,0.0,0.0]",0,0,0,0,,,,,,,,,,,,,,,,,,,,,,,,,,,,1,0.002277,16,1786548359.946943521,finsrov_stereo_left_optical,"[0.010753848871732585,-0.11184284505068887,0.3497155063733659]","[0.0,0.0,0.0,1.0]","[0.0025,0.0025,0.0025,1000000.0,1000000.0,1000000.0]",0.002001,24,1,"[16,17]","[0.248705,0.572099,0.055141]","[{""tag_id"":16,""target_match"":true,""family"":""tag25h9"",""hamming"":0,""decision_margin"":150.813736,""pixel_xy"":[818.038945,649.755225],""world_xy_yaw"":[0.248705,0.572099,0.055141],""pnp_valid"":true,""pnp_camera_xyz"":[0.324999,0.722345,1.305099],""pnp_camera_quat_xyzw"":[-0.055699,-0.008761,0.032908,0.997867],""pnp_camera_rpy_deg"":[-6.416058,-0.791777,3.822077],""pnp_reprojection_error_px"":0.043416},{""tag_id"":17,""target_match"":true,""family"":""tag25h9"",""hamming"":0,""decision_margin"":140.443893,""pixel_xy"":[838.49225,347.914617],""world_xy_yaw"":[0.283067,0.940344,1.376712],""pnp_valid"":true,""pnp_camera_xyz"":[0.36363,-0.001626,1.263308],""pnp_camera_quat_xyzw"":[-0.023976,-0.025068,0.63367,0.772825],""pnp_camera_rpy_deg"":[-3.946806,-0.478983,78.71591],""pnp_reprojection_error_px"":0.04295}]",1,0.043416,150.813736,91.658975,,0,,0,,
2026-08-12T15:26:00.042005+00:00,21135.325660757,onboard_overhead_fish_dynamic,0,"[0.0,0.0,0.0,0.0]",0,0,0,0,,,,,,,,,,,,,,,,,,,,,,,,,,,,1,0.002087,17,1786548359.996998072,finsrov_stereo_left_optical,"[0.007299797071733838,-0.12753909640446437,0.34872039258292775]","[0.0,0.0,0.0,1.0]","[0.0025,0.0025,0.0025,1000000.0,1000000.0,1000000.0]",0.001125,26,1,"[16,17]","[0.249095,0.572081,0.066527]","[{""tag_id"":16,""target_match"":true,""family"":""tag25h9"",""hamming"":0,""decision_margin"":146.50975,""pixel_xy"":[818.270793,649.769289],""world_xy_yaw"":[0.249095,0.572081,0.066527],""pnp_valid"":true,""pnp_camera_xyz"":[0.324614,0.719979,1.300452],""pnp_camera_quat_xyzw"":[-0.058024,-0.004297,0.033685,0.997737],""pnp_camera_rpy_deg"":[-6.665657,-0.267291,3.882923],""pnp_reprojection_error_px"":0.075162},{""tag_id"":17,""target_match"":true,""family"":""tag25h9"",""hamming"":0,""decision_margin"":136.985733,""pixel_xy"":[839.817357,347.59443],""world_xy_yaw"":[0.285293,0.940735,1.378721],""pnp_valid"":true,""pnp_camera_xyz"":[0.366942,-0.002433,1.264126],""pnp_camera_quat_xyzw"":[-0.028446,-0.021657,0.636099,0.770779],""pnp_camera_rpy_deg"":[-4.094658,0.160626,79.057729],""pnp_reprojection_error_px"":0.019996}]",1,0.075162,146.50975,92.719706,,0,,0,,
2026-08-12T15:26:00.091838+00:00,21135.375496279,onboard_overhead_fish_dynamic,0,"[0.0,0.0,0.0,0.0]",0,0,0,0,,,,,,,,,,,,,,,,,,,,,,,,,,,,1,0.002072,18,1786548360.046943903,finsrov_stereo_left_optical,"[0.005221786948816587,-0.12990350941112083,0.34815265253392275]","[0.0,0.0,0.0,1.0]","[0.0025,0.0025,0.0025,1000000.0,1000000.0,1000000.0]",0.001825,27,1,"[16,17]","[0.249276,0.57185,0.070502]","[{""tag_id"":16,""target_match"":true,""family"":""tag25h9"",""hamming"":0,""decision_margin"":149.623489,""pixel_xy"":[818.378713,649.958958],""world_xy_yaw"":[0.249276,0.57185,0.070502],""pnp_valid"":true,""pnp_camera_xyz"":[0.325017,0.720428,1.300926],""pnp_camera_quat_xyzw"":[-0.06714,0.003891,0.031257,0.997246],""pnp_camera_rpy_deg"":[-7.682112,0.685193,3.544533],""pnp_reprojection_error_px"":0.098206},{""tag_id"":17,""target_match"":true,""family"":""tag25h9"",""hamming"":0,""decision_margin"":140.813904,""pixel_xy"":[840.51275,347.400166],""world_xy_yaw"":[0.286461,0.940972,1.382121],""pnp_valid"":true,""pnp_camera_xyz"":[0.368443,-0.002802,1.263722],""pnp_camera_quat_xyzw"":[-0.028403,-0.023063,0.636471,0.770433],""pnp_camera_rpy_deg"":[-4.193343,0.035448,79.120359],""pnp_reprojection_error_px"":0.054062}]",1,0.098206,149.623489,92.632879,,0,,0,,
2026-08-12T15:26:00.141085+00:00,21135.424748759,onboard_overhead_fish_dynamic,0,"[0.0,0.0,0.0,0.0]",0,0,0,0,,,,,,,,,,,,,,,,,,,,,,,,,,,,1,0.001438,19,1786548360.096959114,finsrov_stereo_left_optical,"[0.0018522329063925258,-0.11612924690031134,0.3493454648978436]","[0.0,0.0,0.0,1.0]","[0.0025,0.0025,0.0025,1000000.0,1000000.0,1000000.0]",0.000734,29,1,"[16,17]","[0.249873,0.571888,0.054754]","[{""tag_id"":16,""target_match"":true,""family"":""tag25h9"",""hamming"":0,""decision_margin"":147.878693,""pixel_xy"":[818.733679,649.927819],""world_xy_yaw"":[0.249873,0.571888,0.054754],""pnp_valid"":true,""pnp_camera_xyz"":[0.322447,0.713465,1.288392],""pnp_camera_quat_xyzw"":[-0.064549,-0.009892,0.033512,0.997303],""pnp_camera_rpy_deg"":[-7.43657,-0.882586,3.906532],""pnp_reprojection_error_px"":0.067823},{""tag_id"":17,""target_match"":true,""family"":""tag25h9"",""hamming"":0,""decision_margin"":142.596619,""pixel_xy"":[841.94628,346.918109],""world_xy_yaw"":[0.28887,0.94156,1.385253],""pnp_valid"":true,""pnp_camera_xyz"":[0.371738,-0.003926,1.263572],""pnp_camera_quat_xyzw"":[-0.03022,-0.023855,0.637743,0.769287],""pnp_camera_rpy_deg"":[-4.411627,0.105566,79.313726],""pnp_reprojection_error_px"":0.056235}]",1,0.067823,147.878693,94.17031,,0,,0,,
2026-08-12T15:26:00.191063+00:00,21135.474733514,onboard_overhead_fish_dynamic,0,"[0.0,0.0,0.0,0.0]",0,0,0,0,,,,,,,,,,,,,,,,,,,,,,,,,,,,1,0.001346,20,1786548360.146945000,finsrov_stereo_left_optical,"[-0.003165569519522571,-0.13217492535217878,0.345472286324537]","[0.0,0.0,0.0,1.0]","[0.0025,0.0025,0.0025,1000000.0,1000000.0,1000000.0]",0.001151,30,1,"[16,17]","[0.24996,0.572039,0.057766]","[{""tag_id"":16,""target_match"":true,""family"":""tag25h9"",""hamming"":0,""decision_margin"":150.067383,""pixel_xy"":[818.785584,649.804247],""world_xy_yaw"":[0.24996,0.572039,0.057766],""pnp_valid"":true,""pnp_camera_xyz"":[0.322652,0.713382,1.28846],""pnp_camera_quat_xyzw"":[-0.06409,-0.012676,0.035568,0.99723],""pnp_camera_rpy_deg"":[-7.39756,-1.187384,4.162194],""pnp_reprojection_error_px"":0.032406},{""tag_id"":17,""target_match"":true,""family"":""tag25h9"",""hamming"":0,""decision_margin"":143.110458,""pixel_xy"":[842.689798,346.673594],""world_xy_yaw"":[0.290119,0.941858,1.387195],""pnp_valid"":true,""pnp_camera_xyz"":[0.373422,-0.004516,1.263464],""pnp_camera_quat_xyzw"":[-0.030089,-0.024435,0.63854,0.768612],""pnp_camera_rpy_deg"":[-4.442512,0.049447,79.435669],""pnp_reprojection_error_px"":0.047374}]",1,0.032406,150.067383,95.295272,,0,,0,,
2026-08-12T15:26:00.240394+00:00,21135.524063877,onboard_overhead_fish_dynamic,0,"[0.0,0.0,0.0,0.0]",0,0,0,0,,,,,,,,,,,,,,,,,,,,,,,,,,,,1,0.000905,21,1786548360.197029591,finsrov_stereo_left_optical,"[-0.0021158385415092074,-0.13242582865661146,0.3460358823651861]","[0.0,0.0,0.0,1.0]","[0.0025,0.0025,0.0025,1000000.0,1000000.0,1000000.0]",0.000473,32,1,"[15,16,17]","[0.24997,0.572039,0.068965]","[{""tag_id"":15,""target_match"":true,""family"":""tag25h9"",""hamming"":0,""decision_margin"":96.951469,""pixel_xy"":[820.74516,588.335932],""world_xy_yaw"":[0.253252,0.64703,0.067014],""pnp_valid"":true,""pnp_camera_xyz"":[0.337248,0.584738,1.327012],""pnp_camera_quat_xyzw"":[-0.052556,0.005244,0.03046,0.99814],""pnp_camera_rpy_deg"":[-6.004568,0.783246,3.454751],""pnp_reprojection_error_px"":0.070844},{""tag_id"":16,""target_match"":true,""family"":""tag25h9"",""hamming"":0,""decision_margin"":150.705322,""pixel_xy"":[818.791895,649.804335],""world_xy_yaw"":[0.24997,0.572039,0.068965],""pnp_valid"":true,""pnp_camera_xyz"":[0.325742,0.719975,1.300217],""pnp_camera_quat_xyzw"":[-0.07139,-0.00755,0.036807,0.996741],""pnp_camera_rpy_deg"":[-8.214323,-0.561258,4.269987],""pnp_reprojection_error_px"":0.067994},{""tag_id"":17,""target_match"":true,""family"":""tag25h9"",""hamming"":0,""decision_margin"":145.521027,""pixel_xy"":[844.095517,346.151674],""world_xy_yaw"":[0.29248,0.942495,1.392404],""pnp_valid"":true,""pnp_camera_xyz"":[0.376675,-0.005761,1.263444],""pnp_camera_quat_xyzw"":[-0.028786,-0.024611,0.640583,0.766954],""pnp_camera_rpy_deg"":[-4.340571,-0.049938,79.741182],""pnp_reprojection_error_px"":0.037119}]",1,0.067994,150.705322,95.445131,,0,,0,,
2026-08-12T15:26:00.290767+00:00,21135.574434113,onboard_overhead_fish_dynamic,0,"[0.0,0.0,0.0,0.0]",0,0,0,0,,,,,,,,,,,,,,,,,,,,,,,,,,,,1,0.001176,22,1786548360.246924639,finsrov_stereo_left_optical,"[0.0011065604723731748,-0.10947457032635832,0.3524939143414957]","[0.0,0.0,0.0,1.0]","[0.0025,0.0025,0.0025,1000000.0,1000000.0,1000000.0]",0.001022,33,1,"[15,16,17]","[0.249959,0.571891,0.066761]","[{""tag_id"":15,""target_match"":true,""family"":""tag25h9"",""hamming"":0,""decision_margin"":105.595467,""pixel_xy"":[820.816361,588.596159],""world_xy_yaw"":[0.253371,0.646713,0.069185],""pnp_valid"":true,""pnp_camera_xyz"":[0.336808,0.583616,1.323763],""pnp_camera_quat_xyzw"":[-0.04978,-0.004768,0.033342,0.998192],""pnp_camera_rpy_deg"":[-5.721926,-0.355153,3.84394],""pnp_reprojection_error_px"":0.090629},{""tag_id"":16,""target_match"":true,""family"":""tag25h9"",""hamming"":0,""decision_margin"":150.201294,""pixel_xy"":[818.785251,649.925596],""world_xy_yaw"":[0.249959,0.571891,0.066761],""pnp_valid"":true,""pnp_camera_xyz"":[0.326275,0.721414,1.302408],""pnp_camera_quat_xyzw"":[-0.070968,-0.008006,0.035996,0.996797],""pnp_camera_rpy_deg"":[-8.167405,-0.621802,4.180708],""pnp_reprojection_error_px"":0.048265},{""tag_id"":17,""target_match"":true,""family"":""tag25h9"",""hamming"":0,""decision_margin"":148.06781,""pixel_xy"":[844.764139,345.839993],""world_xy_yaw"":[0.293604,0.942875,1.396628],""pnp_valid"":true,""pnp_camera_xyz"":[0.37818,-0.006446,1.263509],""pnp_camera_quat_xyzw"":[-0.027288,-0.024851,0.641724,0.766047],""pnp_camera_rpy_deg"":[-4.226703,-0.174907,79.91288],""pnp_reprojection_error_px"":0.050149}]",1,0.048265,150.201294,96.225819,,0,,0,,
2026-08-12T15:26:00.340781+00:00,21135.624448623,onboard_overhead_fish_dynamic,0,"[0.0,0.0,0.0,0.0]",0,0,0,0,,,,,,,,,,,,,,,,,,,,,,,,,,,,1,0.001187,23,1786548360.296978951,finsrov_stereo_left_optical,"[-0.0009155458391738036,-0.10763067939610027,0.35434977717597615]","[0.0,0.0,0.0,1.0]","[0.0025,0.0025,0.0025,1000000.0,1000000.0,1000000.0]",0.000628,35,1,"[16,17]","[0.249771,0.571385,0.067938]","[{""tag_id"":16,""target_match"":true,""family"":""tag25h9"",""hamming"":0,""decision_margin"":149.40683,""pixel_xy"":[818.673178,650.339849],""world_xy_yaw"":[0.249771,0.571385,0.067938],""pnp_valid"":true,""pnp_camera_xyz"":[0.327073,0.724459,1.306478],""pnp_camera_quat_xyzw"":[-0.06532,-0.010022,0.037261,0.997118],""pnp_camera_rpy_deg"":[-7.528853,-0.866261,4.337187],""pnp_reprojection_error_px"":0.075377},{""tag_id"":17,""target_match"":true,""family"":""tag25h9"",""hamming"":0,""decision_margin"":145.751358,""pixel_xy"":[845.884239,345.410247],""world_xy_yaw"":[0.295485,0.943399,1.403417],""pnp_valid"":true,""pnp_camera_xyz"":[0.381018,-0.00746,1.264212],""pnp_camera_quat_xyzw"":[-0.025132,-0.022072,0.644606,0.763782],""pnp_camera_rpy_deg"":[-3.832903,-0.075374,80.32898],""pnp_reprojection_error_px"":0.046183}]",1,0.075377,149.40683,95.382755,,0,,0,,
2026-08-12T15:26:00.392301+00:00,21135.675956882,onboard_overhead_fish_dynamic,0,"[0.0,0.0,0.0,0.0]",0,0,0,0,,,,,,,,,,,,,,,,,,,,,,,,,,,,1,0.002267,24,1786548360.346938848,finsrov_stereo_left_optical,"[-0.0011073280714429812,-0.11181395754196843,0.3579410804337232]","[0.0,0.0,0.0,1.0]","[0.0025,0.0025,0.0025,1000000.0,1000000.0,1000000.0]",0.001999,36,1,"[16,17]","[0.249707,0.571253,0.071587]","[{""tag_id"":16,""target_match"":true,""family"":""tag25h9"",""hamming"":0,""decision_margin"":149.839066,""pixel_xy"":[818.635277,650.448492],""world_xy_yaw"":[0.249707,0.571253,0.071587],""pnp_valid"":true,""pnp_camera_xyz"":[0.328875,0.729107,1.314143],""pnp_camera_quat_xyzw"":[-0.068076,-0.005499,0.036982,0.996979],""pnp_camera_rpy_deg"":[-7.825074,-0.339707,4.272001],""pnp_reprojection_error_px"":0.045828},{""tag_id"":17,""target_match"":true,""family"":""tag25h9"",""hamming"":0,""decision_margin"":145.835571,""pixel_xy"":[846.381065,345.299675],""world_xy_yaw"":[0.29632,0.943534,1.405819],""pnp_valid"":true,""pnp_camera_xyz"":[0.382328,-0.007723,1.264848],""pnp_camera_quat_xyzw"":[-0.025432,-0.019683,0.646065,0.762605],""pnp_camera_rpy_deg"":[-3.682206,0.162822,80.536068],""pnp_reprojection_error_px"":0.046329}]",1,0.045828,149.839066,95.923336,,0,,0,,
2026-08-12T15:26:00.440783+00:00,21135.724450265,onboard_overhead_fish_dynamic,0,"[0.0,0.0,0.0,0.0]",0,0,0,0,,,,,,,,,,,,,,,,,,,,,,,,,,,,1,0.001186,25,1786548360.396941662,finsrov_stereo_left_optical,"[-4.57985455516452e-05,-0.10043079826879997,0.3618519529397789]","[0.0,0.0,0.0,1.0]","[0.0025,0.0025,0.0025,1000000.0,1000000.0,1000000.0]",0.000622,38,1,"[16,17]","[0.24976,0.570757,0.068408]","[{""tag_id"":16,""target_match"":true,""family"":""tag25h9"",""hamming"":0,""decision_margin"":147.185318,""pixel_xy"":[818.666392,650.854557],""world_xy_yaw"":[0.24976,0.570757,0.068408],""pnp_valid"":true,""pnp_camera_xyz"":[0.329539,0.731568,1.317175],""pnp_camera_quat_xyzw"":[-0.065296,-0.002624,0.036072,0.99721],""pnp_camera_rpy_deg"":[-7.493727,-0.029958,4.145215],""pnp_reprojection_error_px"":0.083928},{""tag_id"":17,""target_match"":true,""family"":""tag25h9"",""hamming"":0,""decision_margin"":143.306381,""pixel_xy"":[847.124199,345.248936],""world_xy_yaw"":[0.297569,0.943596,1.410776],""pnp_valid"":true,""pnp_camera_xyz"":[0.384056,-0.007805,1.264767],""pnp_camera_quat_xyzw"":[-0.026927,-0.021842,0.647429,0.761337],""pnp_camera_rpy_deg"":[-3.972831,0.092197,80.751448],""pnp_reprojection_error_px"":0.060961}]",1,0.083928,147.185318,95.27404,,0,,0,,
2026-08-12T15:26:00.492000+00:00,21135.775657533,onboard_overhead_fish_dynamic,0,"[0.0,0.0,0.0,0.0]",0,0,0,0,,,,,,,,,,,,,,,,,,,,,,,,,,,,1,0.002054,26,1786548360.446896791,finsrov_stereo_left_optical,"[-0.001983958682775344,-0.10123381938433462,0.36402079115020686]","[0.0,0.0,0.0,1.0]","[0.0025,0.0025,0.0025,1000000.0,1000000.0,1000000.0]",0.001814,39,1,"[16,17]","[0.249686,0.570613,0.071251]","[{""tag_id"":16,""target_match"":true,""family"":""tag25h9"",""hamming"":0,""decision_margin"":147.969696,""pixel_xy"":[818.622913,650.973005],""world_xy_yaw"":[0.249686,0.570613,0.071251],""pnp_valid"":true,""pnp_camera_xyz"":[0.3289,0.73049,1.314704],""pnp_camera_quat_xyzw"":[-0.066648,-0.00293,0.036642,0.997099],""pnp_camera_rpy_deg"":[-7.650168,-0.054976,4.212883],""pnp_reprojection_error_px"":0.076138},{""tag_id"":17,""target_match"":true,""family"":""tag25h9"",""hamming"":0,""decision_margin"":144.641739,""pixel_xy"":[847.414069,345.289501],""world_xy_yaw"":[0.298056,0.943547,1.410626],""pnp_valid"":true,""pnp_camera_xyz"":[0.384765,-0.007744,1.26486],""pnp_camera_quat_xyzw"":[-0.028413,-0.023136,0.647574,0.761121],""pnp_camera_rpy_deg"":[-4.198698,0.090534,80.780015],""pnp_reprojection_error_px"":0.047657}]",1,0.076138,147.969696,95.607842,,0,,0,,
2026-08-12T15:26:00.542014+00:00,21135.825672156,onboard_overhead_fish_dynamic,0,"[0.0,0.0,0.0,0.0]",0,0,0,0,,,,,,,,,,,,,,,,,,,,,,,,,,,,1,0.002074,27,1786548360.496937275,finsrov_stereo_left_optical,"[-0.0025967720489527,-0.10190662070928236,0.3633373062383714]","[0.0,0.0,0.0,1.0]","[0.0025,0.0025,0.0025,1000000.0,1000000.0,1000000.0]",0.001133,41,1,"[16,17]","[0.249639,0.570322,0.069522]","[{""tag_id"":16,""target_match"":true,""family"":""tag25h9"",""hamming"":0,""decision_margin"":147.759018,""pixel_xy"":[818.594375,651.21177],""world_xy_yaw"":[0.249639,0.570322,0.069522],""pnp_valid"":true,""pnp_camera_xyz"":[0.323153,0.717625,1.290811],""pnp_camera_quat_xyzw"":[-0.058407,-0.018534,0.04057,0.997296],""pnp_camera_rpy_deg"":[-6.780298,-1.846835,4.768415],""pnp_reprojection_error_px"":0.196646},{""tag_id"":17,""target_match"":true,""family"":""tag25h9"",""hamming"":0,""decision_margin"":144.004822,""pixel_xy"":[847.937311,345.318467],""world_xy_yaw"":[0.298935,0.943511,1.41314],""pnp_valid"":true,""pnp_camera_xyz"":[0.385892,-0.007583,1.264529],""pnp_camera_quat_xyzw"":[-0.035734,-0.026276,0.648161,0.76021],""pnp_camera_rpy_deg"":[-5.071295,0.365111,80.886199],""pnp_reprojection_error_px"":0.086363}]",1,0.196646,147.759018,96.957788,,0,,0,,
2026-08-12T15:26:00.592014+00:00,21135.875671204,onboard_overhead_fish_dynamic,0,"[0.0,0.0,0.0,0.0]",0,0,0,0,,,,,,,,,,,,,,,,,,,,,,,,,,,,1,0.002072,28,1786548360.546950102,finsrov_stereo_left_optical,"[-0.0073552427827026645,-0.13773400155493598,0.35365297799476103]","[0.0,0.0,0.0,1.0]","[0.0025,0.0025,0.0025,1000000.0,1000000.0,1000000.0]",0.001827,42,1,"[16,17]","[0.249874,0.570334,0.067721]","[{""tag_id"":16,""target_match"":true,""family"":""tag25h9"",""hamming"":0,""decision_margin"":148.200073,""pixel_xy"":[818.734426,651.201256],""world_xy_yaw"":[0.249874,0.570334,0.067721],""pnp_valid"":true,""pnp_camera_xyz"":[0.322414,0.715901,1.28748],""pnp_camera_quat_xyzw"":[-0.060796,-0.015468,0.040638,0.997203],""pnp_camera_rpy_deg"":[-7.039322,-1.484556,4.758625],""pnp_reprojection_error_px"":0.085538},{""tag_id"":17,""target_match"":true,""family"":""tag25h9"",""hamming"":0,""decision_margin"":143.7789,""pixel_xy"":[848.228284,345.366856],""world_xy_yaw"":[0.299423,0.943452,1.415635],""pnp_valid"":true,""pnp_camera_xyz"":[0.386804,-0.007516,1.265337],""pnp_camera_quat_xyzw"":[-0.035739,-0.029032,0.648908,0.759472],""pnp_camera_rpy_deg"":[-5.276614,0.130943,81.016388],""pnp_reprojection_error_px"":0.068819}]",1,0.085538,148.200073,96.768836,,0,,0,,
2026-08-12T15:26:00.642122+00:00,21135.925781871,onboard_overhead_fish_dynamic,0,"[0.0,0.0,0.0,0.0]",0,0,0,0,,,,,,,,,,,,,,,,,,,,,,,,,,,,1,0.002291,29,1786548360.597019434,finsrov_stereo_left_optical,"[-0.008600715453862595,-0.13876454888020495,0.35268626209729764]","[0.0,0.0,0.0,1.0]","[0.0025,0.0025,0.0025,1000000.0,1000000.0,1000000.0]",0.000138,44,1,"[16,17]","[0.25028,0.57056,0.0662]","[{""tag_id"":16,""target_match"":true,""family"":""tag25h9"",""hamming"":0,""decision_margin"":150.415192,""pixel_xy"":[818.976,651.01646],""world_xy_yaw"":[0.25028,0.57056,0.0662],""pnp_valid"":true,""pnp_camera_xyz"":[0.324971,0.722093,1.298125],""pnp_camera_quat_xyzw"":[-0.068262,0.001205,0.038812,0.996911],""pnp_camera_rpy_deg"":[-7.817175,0.44127,4.428925],""pnp_reprojection_error_px"":0.33444},{""tag_id"":17,""target_match"":true,""family"":""tag25h9"",""hamming"":0,""decision_margin"":141.892853,""pixel_xy"":[848.892976,345.326875],""world_xy_yaw"":[0.30054,0.943501,1.420092],""pnp_valid"":true,""pnp_camera_xyz"":[0.388054,-0.00759,1.264462],""pnp_camera_quat_xyzw"":[-0.037286,-0.033748,0.649777,0.758459],""pnp_camera_rpy_deg"":[-5.763203,-0.156823,81.181698],""pnp_reprojection_error_px"":0.073851}]",1,0.33444,150.415192,96.962702,,0,,0,,
2026-08-12T15:26:00.691092+00:00,21135.974754443,onboard_overhead_fish_dynamic,0,"[0.0,0.0,0.0,0.0]",0,0,0,0,,,,,,,,,,,,,,,,,,,,,,,,,,,,1,0.001314,30,1786548360.646939039,finsrov_stereo_left_optical,"[-0.006726943463970125,-0.116940993729712,0.35765855695806514]","[0.0,0.0,0.0,1.0]","[0.0025,0.0025,0.0025,1000000.0,1000000.0,1000000.0]",0.001119,45,1,"[16,17]","[0.250129,0.570436,0.068018]","[{""tag_id"":16,""target_match"":true,""family"":""tag25h9"",""hamming"":0,""decision_margin"":150.87532,""pixel_xy"":[818.88615,651.117807],""world_xy_yaw"":[0.250129,0.570436,0.068018],""pnp_valid"":true,""pnp_camera_xyz"":[0.32418,0.720521,1.295077],""pnp_camera_quat_xyzw"":[-0.06026,-0.002375,0.039522,0.997397],""pnp_camera_rpy_deg"":[-6.914818,0.001503,4.538195],""pnp_reprojection_error_px"":0.241309},{""tag_id"":17,""target_match"":true,""family"":""tag25h9"",""hamming"":0,""decision_margin"":144.661255,""pixel_xy"":[849.246091,345.27175],""world_xy_yaw"":[0.301133,0.943568,1.423011],""pnp_valid"":true,""pnp_camera_xyz"":[0.389064,-0.007759,1.265049],""pnp_camera_quat_xyzw"":[-0.034344,-0.035148,0.650478,0.757934],""pnp_camera_rpy_deg"":[-5.611951,-0.492792,81.298208],""pnp_reprojection_error_px"":0.058915}]",1,0.241309,150.87532,95.415938,,0,,0,,
2026-08-12T15:26:00.741346+00:00,21136.025009038,onboard_overhead_fish_dynamic,0,"[0.0,0.0,0.0,0.0]",0,0,0,0,,,,,,,,,,,,,,,,,,,,,,,,,,,,1,0.001607,31,1786548360.697022438,finsrov_stereo_left_optical,"[-0.008151152982341814,-0.13210140194832964,0.3564988054239749]","[0.0,0.0,0.0,1.0]","[0.0025,0.0025,0.0025,1000000.0,1000000.0,1000000.0]",0.000843,47,1,"[16,17]","[0.249304,0.569998,0.080899]","[{""tag_id"":16,""target_match"":true,""family"":""tag25h9"",""hamming"":0,""decision_margin"":149.425217,""pixel_xy"":[818.395335,651.477075],""world_xy_yaw"":[0.249304,0.569998,0.080899],""pnp_valid"":true,""pnp_camera_xyz"":[0.32231,0.71758,1.288996],""pnp_camera_quat_xyzw"":[-0.050791,-0.00868,0.040357,0.997856],""pnp_camera_rpy_deg"":[-5.85854,-0.757686,4.670702],""pnp_reprojection_error_px"":0.176924},{""tag_id"":17,""target_match"":true,""family"":""tag25h9"",""hamming"":0,""decision_margin"":142.021378,""pixel_xy"":[850.064777,345.127453],""world_xy_yaw"":[0.302509,0.943744,1.429625],""pnp_valid"":true,""pnp_camera_xyz"":[0.390632,-0.008073,1.263966],""pnp_camera_quat_xyzw"":[-0.029824,-0.035403,0.652196,0.756636],""pnp_camera_rpy_deg"":[-5.239586,-0.840704,81.559033],""pnp_reprojection_error_px"":0.066339}]",1,0.176924,149.425217,95.741553,,0,,0,,
2026-08-12T15:26:00.791201+00:00,21136.074862389,onboard_overhead_fish_dynamic,0,"[0.0,0.0,0.0,0.0]",0,0,0,0,,,,,,,,,,,,,,,,,,,,,,,,,,,,1,0.001529,32,1786548360.746942759,finsrov_stereo_left_optical,"[-0.011779560759933194,-0.15055343258971599,0.3539688165642546]","[0.0,0.0,0.0,1.0]","[0.0025,0.0025,0.0025,1000000.0,1000000.0,1000000.0]",0.001349,48,1,"[16,17]","[0.249185,0.56975,0.083422]","[{""tag_id"":16,""target_match"":true,""family"":""tag25h9"",""hamming"":0,""decision_margin"":148.622208,""pixel_xy"":[818.324652,651.68059],""world_xy_yaw"":[0.249185,0.56975,0.083422],""pnp_valid"":true,""pnp_camera_xyz"":[0.322723,0.719349,1.291547],""pnp_camera_quat_xyzw"":[-0.054981,-0.007075,0.04137,0.997605],""pnp_camera_rpy_deg"":[-6.331954,-0.548157,4.779601],""pnp_reprojection_error_px"":0.163014},{""tag_id"":17,""target_match"":true,""family"":""tag25h9"",""hamming"":0,""decision_margin"":140.10144,""pixel_xy"":[850.489597,345.046241],""world_xy_yaw"":[0.303222,0.943844,1.433355],""pnp_valid"":true,""pnp_camera_xyz"":[0.391344,-0.008222,1.262931],""pnp_camera_quat_xyzw"":[-0.029461,-0.034254,0.653483,0.755592],""pnp_camera_rpy_deg"":[-5.123199,-0.759756,81.744551],""pnp_reprojection_error_px"":0.085207}]",1,0.163014,148.622208,96.35056,,0,,0,,
2026-08-12T15:26:00.842329+00:00,21136.125975524,onboard_overhead_fish_dynamic,0,"[0.0,0.0,0.0,0.0]",0,0,0,0,,,,,,,,,,,,,,,,,,,,,,,,,,,,1,0.002300,33,1786548360.796909809,finsrov_stereo_left_optical,"[-0.010070213557772267,-0.14084313333290654,0.3559147784727677]","[0.0,0.0,0.0,1.0]","[0.0025,0.0025,0.0025,1000000.0,1000000.0,1000000.0]",0.001244,50,1,"[16,17]","[0.249226,0.569361,0.09546]","[{""tag_id"":16,""target_match"":true,""family"":""tag25h9"",""hamming"":0,""decision_margin"":148.244308,""pixel_xy"":[818.348984,651.999517],""world_xy_yaw"":[0.249226,0.569361,0.09546],""pnp_valid"":true,""pnp_camera_xyz"":[0.32386,0.72313,1.296995],""pnp_camera_quat_xyzw"":[-0.067446,0.002452,0.045366,0.996688],""pnp_camera_rpy_deg"":[-7.714181,0.630643,5.169702],""pnp_reprojection_error_px"":0.072588},{""tag_id"":17,""target_match"":true,""family"":""tag25h9"",""hamming"":0,""decision_margin"":142.328659,""pixel_xy"":[851.261133,344.45257],""world_xy_yaw"":[0.304519,0.944568,1.441199],""pnp_valid"":true,""pnp_camera_xyz"":[0.392906,-0.009577,1.262241],""pnp_camera_quat_xyzw"":[-0.024759,-0.032795,0.65596,0.753676],""pnp_camera_rpy_deg"":[-4.60908,-0.971253,82.108266],""pnp_reprojection_error_px"":0.092656}]",1,0.072588,148.244308,95.370987,,0,,0,,
2026-08-12T15:26:00.890109+00:00,21136.173781703,onboard_overhead_fish_dynamic,0,"[0.0,0.0,0.0,0.0]",0,0,0,0,,,,,,,,,,,,,,,,,,,,,,,,,,,,1,0.000684,34,1786548360.846950293,finsrov_stereo_left_optical,"[-0.002732936451325163,-0.11666837538066932,0.36103325958106824]","[0.0,0.0,0.0,1.0]","[0.0025,0.0025,0.0025,1000000.0,1000000.0,1000000.0]",0.000578,51,1,"[16,17]","[0.249128,0.56931,0.097433]","[{""tag_id"":16,""target_match"":true,""family"":""tag25h9"",""hamming"":0,""decision_margin"":147.307877,""pixel_xy"":[818.290325,652.041008],""world_xy_yaw"":[0.249128,0.56931,0.097433],""pnp_valid"":true,""pnp_camera_xyz"":[0.323944,0.723891,1.297945],""pnp_camera_quat_xyzw"":[-0.070087,-0.000669,0.04784,0.996393],""pnp_camera_rpy_deg"":[-8.032442,0.307793,5.476095],""pnp_reprojection_error_px"":0.026097},{""tag_id"":17,""target_match"":true,""family"":""tag25h9"",""hamming"":0,""decision_margin"":142.253159,""pixel_xy"":[851.546358,344.041264],""world_xy_yaw"":[0.304998,0.94507,1.443388],""pnp_valid"":true,""pnp_camera_xyz"":[0.393523,-0.010552,1.262077],""pnp_camera_quat_xyzw"":[-0.025607,-0.029467,0.657724,0.752246],""pnp_camera_rpy_deg"":[-4.432905,-0.610136,82.353066],""pnp_reprojection_error_px"":0.085942}]",1,0.026097,147.307877,94.961394,,0,,0,,
2026-08-12T15:26:00.942026+00:00,21136.225684161,onboard_overhead_fish_dynamic,0,"[0.0,0.0,0.0,0.0]",0,0,0,0,,,,,,,,,,,,,,,,,,,,,,,,,,,,1,0.002075,35,1786548360.897161484,finsrov_stereo_left_optical,"[0.00011224730073899902,-0.11121845791034901,0.3627264726107686]","[0.0,0.0,0.0,1.0]","[0.0025,0.0025,0.0025,1000000.0,1000000.0,1000000.0]",0.001139,53,1,"[16,17]","[0.249026,0.569221,0.087885]","[{""tag_id"":16,""target_match"":true,""family"":""tag25h9"",""hamming"":0,""decision_margin"":147.700027,""pixel_xy"":[818.229589,652.113687],""world_xy_yaw"":[0.249026,0.569221,0.087885],""pnp_valid"":true,""pnp_camera_xyz"":[0.323423,0.723022,1.296444],""pnp_camera_quat_xyzw"":[-0.062583,-0.015898,0.050976,0.99661],""pnp_camera_rpy_deg"":[-7.261844,-1.450173,5.948268],""pnp_reprojection_error_px"":0.097402},{""tag_id"":17,""target_match"":true,""family"":""tag25h9"",""hamming"":0,""decision_margin"":145.885483,""pixel_xy"":[852.032259,343.629915],""world_xy_yaw"":[0.305814,0.945571,1.447701],""pnp_valid"":true,""pnp_camera_xyz"":[0.394435,-0.011514,1.261533],""pnp_camera_quat_xyzw"":[-0.023527,-0.02976,0.65913,0.751072],""pnp_camera_rpy_deg"":[-4.276977,-0.784346,82.568764],""pnp_reprojection_error_px"":0.077433}]",1,0.097402,147.700027,95.950858,,0,,0,,
2026-08-12T15:26:00.992043+00:00,21136.275700185,onboard_overhead_fish_dynamic,0,"[0.0,0.0,0.0,0.0]",0,0,0,0,,,,,,,,,,,,,,,,,,,,,,,,,,,,1,0.002085,36,1786548360.946942568,finsrov_stereo_left_optical,"[0.0011562797495018318,-0.12205704527675276,0.36285731773343016]","[0.0,0.0,0.0,1.0]","[0.0025,0.0025,0.0025,1000000.0,1000000.0,1000000.0]",0.001838,54,1,"[16,17]","[0.248986,0.569303,0.091786]","[{""tag_id"":16,""target_match"":true,""family"":""tag25h9"",""hamming"":0,""decision_margin"":146.835098,""pixel_xy"":[818.206195,652.04694],""world_xy_yaw"":[0.248986,0.569303,0.091786],""pnp_valid"":true,""pnp_camera_xyz"":[0.325312,0.727413,1.304575],""pnp_camera_quat_xyzw"":[-0.067241,-0.011076,0.051242,0.996358],""pnp_camera_rpy_deg"":[-7.766899,-0.869765,5.947242],""pnp_reprojection_error_px"":0.090598},{""tag_id"":17,""target_match"":true,""family"":""tag25h9"",""hamming"":0,""decision_margin"":145.827835,""pixel_xy"":[852.163696,343.559487],""world_xy_yaw"":[0.306035,0.945657,1.44662],""pnp_valid"":true,""pnp_camera_xyz"":[0.394876,-0.011701,1.261994],""pnp_camera_quat_xyzw"":[-0.024334,-0.029249,0.659089,0.751102],""pnp_camera_rpy_deg"":[-4.307897,-0.679642,82.559213],""pnp_reprojection_error_px"":0.069198}]",1,0.090598,146.835098,96.425996,,0,,0,,
2026-08-12T15:26:01.041995+00:00,21136.325652977,onboard_overhead_fish_dynamic,0,"[0.0,0.0,0.0,0.0]",0,0,0,0,,,,,,,,,,,,,,,,,,,,,,,,,,,,1,0.002100,37,1786548360.997007847,finsrov_stereo_left_optical,"[0.004333373255259343,-0.10741379986019373,0.36635065229281977]","[0.0,0.0,0.0,1.0]","[0.0025,0.0025,0.0025,1000000.0,1000000.0,1000000.0]",0.001138,56,1,"[16,17]","[0.24875,0.569306,0.118696]","[{""tag_id"":16,""target_match"":true,""family"":""tag25h9"",""hamming"":0,""decision_margin"":145.9814,""pixel_xy"":[818.065516,652.044118],""world_xy_yaw"":[0.24875,0.569306,0.118696],""pnp_valid"":true,""pnp_camera_xyz"":[0.327794,0.733107,1.314375],""pnp_camera_quat_xyzw"":[-0.076431,0.000891,0.05399,0.995612],""pnp_camera_rpy_deg"":[-8.748763,0.574542,6.164075],""pnp_reprojection_error_px"":0.150027},{""tag_id"":17,""target_match"":true,""family"":""tag25h9"",""hamming"":0,""decision_margin"":144.968307,""pixel_xy"":[852.270824,343.646583],""world_xy_yaw"":[0.306215,0.945551,1.445924],""pnp_valid"":true,""pnp_camera_xyz"":[0.395046,-0.011502,1.261805],""pnp_camera_quat_xyzw"":[-0.028431,-0.028442,0.65961,0.750531],""pnp_camera_rpy_deg"":[-4.600057,-0.297168,82.633692],""pnp_reprojection_error_px"":0.066747}]",1,0.150027,145.9814,95.679177,,0,,0,,
2026-08-12T15:26:01.091723+00:00,21136.375380478,onboard_overhead_fish_dynamic,0,"[0.0,0.0,0.0,0.0]",0,0,0,0,,,,,,,,,,,,,,,,,,,,,,,,,,,,1,0.002035,38,1786548361.046951294,finsrov_stereo_left_optical,"[0.012570148572702222,-0.08393574241140012,0.36994679260444935]","[0.0,0.0,0.0,1.0]","[0.0025,0.0025,0.0025,1000000.0,1000000.0,1000000.0]",0.001848,57,1,"[15,16,17]","[0.249151,0.569313,0.108881]","[{""tag_id"":15,""target_match"":true,""family"":""tag25h9"",""hamming"":0,""decision_margin"":94.78756,""pixel_xy"":[822.420974,590.659552],""world_xy_yaw"":[0.256067,0.644195,0.112411],""pnp_valid"":true,""pnp_camera_xyz"":[0.34085,0.588805,1.324339],""pnp_camera_quat_xyzw"":[-0.071805,-0.010795,0.056208,0.995775],""pnp_camera_rpy_deg"":[-8.292653,-0.769364,6.517197],""pnp_reprojection_error_px"":0.111243},{""tag_id"":16,""target_match"":true,""family"":""tag25h9"",""hamming"":0,""decision_margin"":145.372665,""pixel_xy"":[818.304001,652.03835],""world_xy_yaw"":[0.249151,0.569313,0.108881],""pnp_valid"":true,""pnp_camera_xyz"":[0.326618,0.730142,1.30855],""pnp_camera_quat_xyzw"":[-0.069827,-0.006214,0.055822,0.995977],""pnp_camera_rpy_deg"":[-8.035532,-0.262571,6.434285],""pnp_reprojection_error_px"":0.121583},{""tag_id"":17,""target_match"":true,""family"":""tag25h9"",""hamming"":0,""decision_margin"":142.653015,""pixel_xy"":[852.250312,343.898955],""world_xy_yaw"":[0.30618,0.945243,1.442905],""pnp_valid"":true,""pnp_camera_xyz"":[0.395138,-0.010946,1.262194],""pnp_camera_quat_xyzw"":[-0.029503,-0.029381,0.658634,0.75131],""pnp_camera_rpy_deg"":[-4.763077,-0.302757,82.491257],""pnp_reprojection_error_px"":0.055364}]",1,0.121583,145.372665,95.203769,,0,,0,,
2026-08-12T15:26:01.140932+00:00,21136.424602102,onboard_overhead_fish_dynamic,0,"[0.0,0.0,0.0,0.0]",0,0,0,0,,,,,,,,,,,,,,,,,,,,,,,,,,,,1,0.001150,39,1786548361.096977472,finsrov_stereo_left_optical,"[0.01138894568251253,-0.10161310817845015,0.36475319525906974]","[0.0,0.0,0.0,1.0]","[0.0025,0.0025,0.0025,1000000.0,1000000.0,1000000.0]",0.000479,59,1,"[16,17]","[0.249634,0.56905,0.094732]","[{""tag_id"":16,""target_match"":true,""family"":""tag25h9"",""hamming"":0,""decision_margin"":148.833527,""pixel_xy"":[818.591631,652.254051],""world_xy_yaw"":[0.249634,0.56905,0.094732],""pnp_valid"":true,""pnp_camera_xyz"":[0.324278,0.724946,1.298413],""pnp_camera_quat_xyzw"":[-0.066862,-0.004599,0.053873,0.996296],""pnp_camera_rpy_deg"":[-7.684836,-0.112293,6.197902],""pnp_reprojection_error_px"":0.221646},{""tag_id"":17,""target_match"":true,""family"":""tag25h9"",""hamming"":0,""decision_margin"":144.26593,""pixel_xy"":[852.211329,344.444706],""world_xy_yaw"":[0.306115,0.944577,1.437163],""pnp_valid"":true,""pnp_camera_xyz"":[0.395137,-0.00966,1.262431],""pnp_camera_quat_xyzw"":[-0.031929,-0.029587,0.656587,0.752993],""pnp_camera_rpy_deg"":[-4.987469,-0.150605,82.181485],""pnp_reprojection_error_px"":0.064434}]",1,0.221646,148.833527,96.058386,,0,,0,,
2026-08-12T15:26:01.191310+00:00,21136.474972132,onboard_overhead_fish_dynamic,0,"[0.0,0.0,0.0,0.0]",0,0,0,0,,,,,,,,,,,,,,,,,,,,,,,,,,,,1,0.001542,40,1786548361.146942616,finsrov_stereo_left_optical,"[0.007145389872553254,-0.11553014838582354,0.36287821880354987]","[0.0,0.0,0.0,1.0]","[0.0025,0.0025,0.0025,1000000.0,1000000.0,1000000.0]",0.001346,60,1,"[16,17]","[0.249602,0.568903,0.096273]","[{""tag_id"":16,""target_match"":true,""family"":""tag25h9"",""hamming"":0,""decision_margin"":148.088837,""pixel_xy"":[818.572782,652.37442],""world_xy_yaw"":[0.249602,0.568903,0.096273],""pnp_valid"":true,""pnp_camera_xyz"":[0.322136,0.720056,1.289283],""pnp_camera_quat_xyzw"":[-0.063767,-0.010009,0.055339,0.996379],""pnp_camera_rpy_deg"":[-7.365016,-0.738431,6.405469],""pnp_reprojection_error_px"":0.135458},{""tag_id"":17,""target_match"":true,""family"":""tag25h9"",""hamming"":0,""decision_margin"":144.351929,""pixel_xy"":[852.225118,344.661804],""world_xy_yaw"":[0.306138,0.944313,1.436889],""pnp_valid"":true,""pnp_camera_xyz"":[0.395373,-0.009125,1.26317],""pnp_camera_quat_xyzw"":[-0.03282,-0.029673,0.656338,0.753168],""pnp_camera_rpy_deg"":[-5.070957,-0.092581,82.144296],""pnp_reprojection_error_px"":0.077854}]",1,0.135458,148.088837,95.903016,,0,,0,,
2026-08-12T15:26:01.241663+00:00,21136.525323386,onboard_overhead_fish_dynamic,0,"[0.0,0.0,0.0,0.0]",0,0,0,0,,,,,,,,,,,,,,,,,,,,,,,,,,,,1,0.001816,41,1786548361.196932316,finsrov_stereo_left_optical,"[0.005434273179863891,-0.13013417454585696,0.3589382977660058]","[0.0,0.0,0.0,1.0]","[0.0025,0.0025,0.0025,1000000.0,1000000.0,1000000.0]",0.000974,62,1,"[16,17]","[0.248976,0.568444,0.117323]","[{""tag_id"":16,""target_match"":true,""family"":""tag25h9"",""hamming"":0,""decision_margin"":148.810547,""pixel_xy"":[818.200164,652.750798],""world_xy_yaw"":[0.248976,0.568444,0.117323],""pnp_valid"":true,""pnp_camera_xyz"":[0.320495,0.716768,1.282919],""pnp_camera_quat_xyzw"":[-0.061329,-0.009682,0.056871,0.996449],""pnp_camera_rpy_deg"":[-7.084448,-0.705836,6.576787],""pnp_reprojection_error_px"":0.308811},{""tag_id"":17,""target_match"":true,""family"":""tag25h9"",""hamming"":0,""decision_margin"":143.7948,""pixel_xy"":[852.310988,345.004837],""world_xy_yaw"":[0.306282,0.943894,1.438043],""pnp_valid"":true,""pnp_camera_xyz"":[0.39591,-0.008354,1.264114],""pnp_camera_quat_xyzw"":[-0.032027,-0.032732,0.656157,0.753233],""pnp_camera_rpy_deg"":[-5.232953,-0.417165,82.138694],""pnp_reprojection_error_px"":0.072168}]",1,0.308811,148.810547,94.727749,,0,,0,,
2026-08-12T15:26:01.292133+00:00,21136.575790619,onboard_overhead_fish_dynamic,0,"[0.0,0.0,0.0,0.0]",0,0,0,0,,,,,,,,,,,,,,,,,,,,,,,,,,,,1,0.002106,42,1786548361.246980429,finsrov_stereo_left_optical,"[0.004936329337946632,-0.14141658563003046,0.35590419217725167]","[0.0,0.0,0.0,1.0]","[0.0025,0.0025,0.0025,1000000.0,1000000.0,1000000.0]",0.001863,63,1,"[16,17]","[0.248843,0.568252,0.118648]","[{""tag_id"":16,""target_match"":true,""family"":""tag25h9"",""hamming"":0,""decision_margin"":147.471054,""pixel_xy"":[818.120551,652.908396],""world_xy_yaw"":[0.248843,0.568252,0.118648],""pnp_valid"":true,""pnp_camera_xyz"":[0.320482,0.717635,1.283831],""pnp_camera_quat_xyzw"":[-0.064969,-0.01079,0.058494,0.996113],""pnp_camera_rpy_deg"":[-7.510471,-0.796227,6.773597],""pnp_reprojection_error_px"":0.294058},{""tag_id"":17,""target_match"":true,""family"":""tag25h9"",""hamming"":0,""decision_margin"":144.624176,""pixel_xy"":[852.389394,345.036744],""world_xy_yaw"":[0.306414,0.943855,1.439255],""pnp_valid"":true,""pnp_camera_xyz"":[0.396184,-0.008274,1.264382],""pnp_camera_quat_xyzw"":[-0.031564,-0.032626,0.656515,0.752946],""pnp_camera_rpy_deg"":[-5.185095,-0.440472,82.192143],""pnp_reprojection_error_px"":0.075907}]",1,0.294058,147.471054,95.770387,,0,,0,,
2026-08-12T15:26:01.342033+00:00,21136.625687697,onboard_overhead_fish_dynamic,0,"[0.0,0.0,0.0,0.0]",0,0,0,0,,,,,,,,,,,,,,,,,,,,,,,,,,,,1,0.002137,43,1786548361.297225952,finsrov_stereo_left_optical,"[0.0070038447308229945,-0.13531547674638333,0.3568953641755126]","[0.0,0.0,0.0,1.0]","[0.0025,0.0025,0.0025,1000000.0,1000000.0,1000000.0]",0.001197,65,1,"[15,16,17]","[0.248731,0.568138,0.116304]","[{""tag_id"":15,""target_match"":true,""family"":""tag25h9"",""hamming"":0,""decision_margin"":88.37249,""pixel_xy"":[822.967771,591.310441],""world_xy_yaw"":[0.256986,0.643401,0.115598],""pnp_valid"":true,""pnp_camera_xyz"":[0.336621,0.580649,1.302568],""pnp_camera_quat_xyzw"":[-0.049117,-0.019397,0.061209,0.996727],""pnp_camera_rpy_deg"":[-5.758811,-1.871276,7.122376],""pnp_reprojection_error_px"":0.140318},{""tag_id"":16,""target_match"":true,""family"":""tag25h9"",""hamming"":0,""decision_margin"":145.610382,""pixel_xy"":[818.054386,653.001521],""world_xy_yaw"":[0.248731,0.568138,0.116304],""pnp_valid"":true,""pnp_camera_xyz"":[0.323475,0.726932,1.298993],""pnp_camera_quat_xyzw"":[-0.080136,-0.005966,0.06094,0.994901],""pnp_camera_rpy_deg"":[-9.217468,-0.120548,7.019954],""pnp_reprojection_error_px"":0.069133},{""tag_id"":17,""target_match"":true,""family"":""tag25h9"",""hamming"":0,""decision_margin"":145.378723,""pixel_xy"":[852.617482,344.796192],""world_xy_yaw"":[0.306797,0.944149,1.445464],""pnp_valid"":true,""pnp_camera_xyz"":[0.396874,-0.008831,1.265028],""pnp_camera_quat_xyzw"":[-0.028274,-0.033404,0.658226,0.751547],""pnp_camera_rpy_deg"":[-4.961189,-0.7442,82.457767],""pnp_reprojection_error_px"":0.075776}]",1,0.069133,145.610382,96.160522,,0,,0,,
2026-08-12T15:26:01.392069+00:00,21136.675724829,onboard_overhead_fish_dynamic,0,"[0.0,0.0,0.0,0.0]",0,0,0,0,,,,,,,,,,,,,,,,,,,,,,,,,,,,1,0.002112,44,1786548361.346954107,finsrov_stereo_left_optical,"[0.01513485382203561,-0.0977263410469551,0.3646184255049177]","[0.0,0.0,0.0,1.0]","[0.0025,0.0025,0.0025,1000000.0,1000000.0,1000000.0]",0.001863,66,1,"[16,17]","[0.248806,0.56816,0.10513]","[{""tag_id"":16,""target_match"":true,""family"":""tag25h9"",""hamming"":0,""decision_margin"":149.891144,""pixel_xy"":[818.098994,652.983752],""world_xy_yaw"":[0.248806,0.56816,0.10513],""pnp_valid"":true,""pnp_camera_xyz"":[0.325446,0.732351,1.308495],""pnp_camera_quat_xyzw"":[-0.07891,0.000398,0.058103,0.995187],""pnp_camera_rpy_deg"":[-9.034051,0.570819,6.637627],""pnp_reprojection_error_px"":0.29115},{""tag_id"":17,""target_match"":true,""family"":""tag25h9"",""hamming"":0,""decision_margin"":143.157364,""pixel_xy"":[852.73682,344.605945],""world_xy_yaw"":[0.306998,0.944381,1.448117],""pnp_valid"":true,""pnp_camera_xyz"":[0.396995,-0.009304,1.264551],""pnp_camera_quat_xyzw"":[-0.025116,-0.034351,0.658857,0.751063],""pnp_camera_rpy_deg"":[-4.761413,-1.060209,82.560696],""pnp_reprojection_error_px"":0.062041}]",1,0.29115,149.891144,96.573402,,0,,0,,
2026-08-12T15:26:01.440736+00:00,21136.724402058,onboard_overhead_fish_dynamic,0,"[0.0,0.0,0.0,0.0]",0,0,0,0,,,,,,,,,,,,,,,,,,,,,,,,,,,,1,0.001202,45,1786548361.397145748,finsrov_stereo_left_optical,"[0.014105033885632279,-0.08915878335405669,0.3686828169003241]","[0.0,0.0,0.0,1.0]","[0.0025,0.0025,0.0025,1000000.0,1000000.0,1000000.0]",0.000627,68,1,"[16,17]","[0.247789,0.568153,0.116211]","[{""tag_id"":16,""target_match"":true,""family"":""tag25h9"",""hamming"":0,""decision_margin"":148.133804,""pixel_xy"":[817.493483,652.989467],""world_xy_yaw"":[0.247789,0.568153,0.116211],""pnp_valid"":true,""pnp_camera_xyz"":[0.323693,0.729585,1.303828],""pnp_camera_quat_xyzw"":[-0.060449,-0.001897,0.055625,0.996618],""pnp_camera_rpy_deg"":[-6.932522,0.168721,6.378929],""pnp_reprojection_error_px"":0.111711},{""tag_id"":17,""target_match"":true,""family"":""tag25h9"",""hamming"":0,""decision_margin"":136.253784,""pixel_xy"":[853.059251,344.251729],""world_xy_yaw"":[0.30754,0.944813,1.452173],""pnp_valid"":true,""pnp_camera_xyz"":[0.397582,-0.01018,1.263954],""pnp_camera_quat_xyzw"":[-0.022643,-0.033574,0.660614,0.749633],""pnp_camera_rpy_deg"":[-4.492182,-1.170076,82.822092],""pnp_reprojection_error_px"":0.041931}]",1,0.111711,148.133804,96.778914,,0,,0,,
2026-08-12T15:26:01.492016+00:00,21136.775672315,onboard_overhead_fish_dynamic,0,"[0.0,0.0,0.0,0.0]",0,0,0,0,,,,,,,,,,,,,,,,,,,,,,,,,,,,1,0.002056,46,1786548361.446965218,finsrov_stereo_left_optical,"[0.007540923578452263,-0.12059560400698521,0.3675330421448104]","[0.0,0.0,0.0,1.0]","[0.0025,0.0025,0.0025,1000000.0,1000000.0,1000000.0]",0.001807,69,1,"[16,17]","[0.24749,0.568112,0.114553]","[{""tag_id"":16,""target_match"":true,""family"":""tag25h9"",""hamming"":0,""decision_margin"":147.417725,""pixel_xy"":[817.315629,653.023242],""world_xy_yaw"":[0.24749,0.568112,0.114553],""pnp_valid"":true,""pnp_camera_xyz"":[0.321542,0.725068,1.295899],""pnp_camera_quat_xyzw"":[-0.056199,-0.006116,0.05453,0.996911],""pnp_camera_rpy_deg"":[-6.472139,-0.347511,6.281477],""pnp_reprojection_error_px"":0.212037},{""tag_id"":17,""target_match"":true,""family"":""tag25h9"",""hamming"":0,""decision_margin"":137.764786,""pixel_xy"":[853.198205,344.045519],""world_xy_yaw"":[0.307773,0.945064,1.454632],""pnp_valid"":true,""pnp_camera_xyz"":[0.397865,-0.010613,1.263884],""pnp_camera_quat_xyzw"":[-0.023173,-0.03317,0.661343,0.748991],""pnp_camera_rpy_deg"":[-4.508115,-1.090809,82.930547],""pnp_reprojection_error_px"":0.058891}]",1,0.212037,147.417725,96.647097,,0,,0,,
2026-08-12T15:26:01.541904+00:00,21136.825561483,onboard_overhead_fish_dynamic,0,"[0.0,0.0,0.0,0.0]",0,0,0,0,,,,,,,,,,,,,,,,,,,,,,,,,,,,1,0.002069,47,1786548361.497045040,finsrov_stereo_left_optical,"[0.0023991558366887045,-0.13479531461719385,0.36447669696138124]","[0.0,0.0,0.0,1.0]","[0.0025,0.0025,0.0025,1000000.0,1000000.0,1000000.0]",0.001125,71,1,"[16,17]","[0.247039,0.568141,0.119014]","[{""tag_id"":16,""target_match"":true,""family"":""tag25h9"",""hamming"":0,""decision_margin"":147.375412,""pixel_xy"":[817.047097,652.999007],""world_xy_yaw"":[0.247039,0.568141,0.119014],""pnp_valid"":true,""pnp_camera_xyz"":[0.320924,0.725426,1.296376],""pnp_camera_quat_xyzw"":[-0.065922,-0.00347,0.056006,0.996246],""pnp_camera_rpy_deg"":[-7.570071,0.026913,6.433417],""pnp_reprojection_error_px"":0.172725},{""tag_id"":17,""target_match"":true,""family"":""tag25h9"",""hamming"":0,""decision_margin"":142.222992,""pixel_xy"":[853.298813,343.549949],""world_xy_yaw"":[0.307942,0.945669,1.455686],""pnp_valid"":true,""pnp_camera_xyz"":[0.397932,-0.011752,1.263346],""pnp_camera_quat_xyzw"":[-0.022587,-0.033036,0.6616,0.748789],""pnp_camera_rpy_deg"":[-4.448009,-1.1223,82.968653],""pnp_reprojection_error_px"":0.06322}]",1,0.172725,147.375412,94.529335,,0,,0,,
2026-08-12T15:26:01.591047+00:00,21136.874712648,onboard_overhead_fish_dynamic,0,"[0.0,0.0,0.0,0.0]",0,0,0,0,,,,,,,,,,,,,,,,,,,,,,,,,,,,1,0.001371,48,1786548361.546952486,finsrov_stereo_left_optical,"[0.004577071742940697,-0.11948494924403619,0.3664121456766076]","[0.0,0.0,0.0,1.0]","[0.0025,0.0025,0.0025,1000000.0,1000000.0,1000000.0]",0.001185,72,1,"[15,16,17]","[0.2469,0.568119,0.108256]","[{""tag_id"":15,""target_match"":true,""family"":""tag25h9"",""hamming"":0,""decision_margin"":117.490623,""pixel_xy"":[821.676932,591.444042],""world_xy_yaw"":[0.254817,0.643238,0.113874],""pnp_valid"":true,""pnp_camera_xyz"":[0.33841,0.590106,1.322505],""pnp_camera_quat_xyzw"":[-0.062756,-0.003095,0.055908,0.996457],""pnp_camera_rpy_deg"":[-7.204644,0.048645,6.419518],""pnp_reprojection_error_px"":0.005826},{""tag_id"":16,""target_match"":true,""family"":""tag25h9"",""hamming"":0,""decision_margin"":147.538086,""pixel_xy"":[816.964197,653.016857],""world_xy_yaw"":[0.2469,0.568119,0.108256],""pnp_valid"":true,""pnp_camera_xyz"":[0.320448,0.725781,1.296631],""pnp_camera_quat_xyzw"":[-0.071374,-0.008631,0.056696,0.9958],""pnp_camera_rpy_deg"":[-8.229195,-0.521173,6.554693],""pnp_reprojection_error_px"":0.100163},{""tag_id"":17,""target_match"":true,""family"":""tag25h9"",""hamming"":0,""decision_margin"":143.179794,""pixel_xy"":[853.2347,343.358347],""world_xy_yaw"":[0.307834,0.945903,1.45538],""pnp_valid"":true,""pnp_camera_xyz"":[0.397838,-0.012235,1.263616],""pnp_camera_quat_xyzw"":[-0.023524,-0.032152,0.662097,0.748358],""pnp_camera_rpy_deg"":[-4.461895,-0.972457,83.03835],""pnp_reprojection_error_px"":0.048034}]",1,0.100163,147.538086,95.379466,,0,,0,,
2026-08-12T15:26:01.641213+00:00,21136.924875518,onboard_overhead_fish_dynamic,0,"[0.0,0.0,0.0,0.0]",0,0,0,0,,,,,,,,,,,,,,,,,,,,,,,,,,,,1,0.001564,49,1786548361.596999407,finsrov_stereo_left_optical,"[0.006817094412661928,-0.11557382727569077,0.3681468369413514]","[0.0,0.0,0.0,1.0]","[0.0025,0.0025,0.0025,1000000.0,1000000.0,1000000.0]",0.001377,73,1,"[16,17]","[0.246786,0.568158,0.09802]","[{""tag_id"":16,""target_match"":true,""family"":""tag25h9"",""hamming"":0,""decision_margin"":150.064713,""pixel_xy"":[816.896194,652.985175],""world_xy_yaw"":[0.246786,0.568158,0.09802],""pnp_valid"":true,""pnp_camera_xyz"":[0.320521,0.726805,1.298596],""pnp_camera_quat_xyzw"":[-0.071966,-0.012209,0.05624,0.995745],""pnp_camera_rpy_deg"":[-8.320549,-0.92931,6.532847],""pnp_reprojection_error_px"":0.134182},{""tag_id"":17,""target_match"":true,""family"":""tag25h9"",""hamming"":0,""decision_margin"":144.240204,""pixel_xy"":[853.054679,343.25806],""world_xy_yaw"":[0.307532,0.946025,1.454058],""pnp_valid"":true,""pnp_camera_xyz"":[0.397379,-0.012474,1.263377],""pnp_camera_quat_xyzw"":[-0.024678,-0.032648,0.66169,0.74866],""pnp_camera_rpy_deg"":[-4.598166,-0.929704,82.979855],""pnp_reprojection_error_px"":0.045831}]",1,0.134182,150.064713,96.011796,,0,,0,,
2026-08-12T15:26:01.691734+00:00,21136.975405534,onboard_overhead_fish_dynamic,0,"[0.0,0.0,0.0,0.0]",0,0,0,0,,,,,,,,,,,,,,,,,,,,,,,,,,,,1,0.001667,50,1786548361.646949530,finsrov_stereo_left_optical,"[0.005693240238956621,-0.10595084357285456,0.36867778215188224]","[0.0,0.0,0.0,1.0]","[0.0025,0.0025,0.0025,1000000.0,1000000.0,1000000.0]",0.000675,75,1,"[16,17]","[0.2462,0.568085,0.096245]","[{""tag_id"":16,""target_match"":true,""family"":""tag25h9"",""hamming"":0,""decision_margin"":151.742325,""pixel_xy"":[816.547715,653.045329],""world_xy_yaw"":[0.2462,0.568085,0.096245],""pnp_valid"":true,""pnp_camera_xyz"":[0.320236,0.727237,1.300201],""pnp_camera_quat_xyzw"":[-0.07254,-0.014107,0.055009,0.995747],""pnp_camera_rpy_deg"":[-8.397824,-1.152518,6.408628],""pnp_reprojection_error_px"":0.143656},{""tag_id"":17,""target_match"":true,""family"":""tag25h9"",""hamming"":0,""decision_margin"":145.379608,""pixel_xy"":[852.441689,343.444514],""world_xy_yaw"":[0.306502,0.945798,1.446765],""pnp_valid"":true,""pnp_camera_xyz"":[0.395841,-0.011979,1.262946],""pnp_camera_quat_xyzw"":[-0.031798,-0.026823,0.660648,0.749542],""pnp_camera_rpy_deg"":[-4.767289,0.10345,82.781734],""pnp_reprojection_error_px"":0.070307}]",1,0.143656,151.742325,95.098459,,0,,0,,
2026-08-12T15:26:01.741188+00:00,21137.024850472,onboard_overhead_fish_dynamic,0,"[0.0,0.0,0.0,0.0]",0,0,0,0,,,,,,,,,,,,,,,,,,,,,,,,,,,,1,0.001532,51,1786548361.696931839,finsrov_stereo_left_optical,"[0.0035739895192313242,-0.10448769314662221,0.36786415619583834]","[0.0,0.0,0.0,1.0]","[0.0025,0.0025,0.0025,1000000.0,1000000.0,1000000.0]",0.000820,77,1,"[16,17]","[0.305158,0.945056,1.44271]","[{""tag_id"":16,""target_match"":true,""family"":""tag25h9"",""hamming"":0,""decision_margin"":148.589828,""pixel_xy"":[815.997982,652.873314],""world_xy_yaw"":[0.245277,0.568295,0.106852],""pnp_valid"":true,""pnp_camera_xyz"":[0.320268,0.729532,1.305065],""pnp_camera_quat_xyzw"":[-0.084729,0.005166,0.049015,0.995184],""pnp_camera_rpy_deg"":[-9.681177,1.065075,5.549185],""pnp_reprojection_error_px"":0.150789},{""tag_id"":17,""target_match"":true,""family"":""tag25h9"",""hamming"":0,""decision_margin"":148.938568,""pixel_xy"":[851.641592,344.052141],""world_xy_yaw"":[0.305158,0.945056,1.44271],""pnp_valid"":true,""pnp_camera_xyz"":[0.393976,-0.010492,1.262848],""pnp_camera_quat_xyzw"":[-0.034882,-0.023939,0.659522,0.750493],""pnp_camera_rpy_deg"":[-4.814965,0.577467,82.592764],""pnp_reprojection_error_px"":0.101441}]",1,0.101441,148.938568,96.35706,,0,,0,,
2026-08-12T15:26:01.792174+00:00,21137.075829776,onboard_overhead_fish_dynamic,0,"[0.0,0.0,0.0,0.0]",0,0,0,0,,,,,,,,,,,,,,,,,,,,,,,,,,,,1,0.002180,52,1786548361.746942520,finsrov_stereo_left_optical,"[-0.0011520247781490744,-0.08291033200319409,0.367553295367713]","[0.0,0.0,0.0,1.0]","[0.0025,0.0025,0.0025,1000000.0,1000000.0,1000000.0]",0.001933,78,1,"[15,16,17]","[0.244639,0.568419,0.110769]","[{""tag_id"":15,""target_match"":true,""family"":""tag25h9"",""hamming"":0,""decision_margin"":71.057098,""pixel_xy"":[818.963249,590.930289],""world_xy_yaw"":[0.250258,0.643865,0.093008],""pnp_valid"":true,""pnp_camera_xyz"":[0.330725,0.586082,1.317212],""pnp_camera_quat_xyzw"":[-0.06523,-0.02547,0.051908,0.996194],""pnp_camera_rpy_deg"":[-7.62775,-2.520356,6.133545],""pnp_reprojection_error_px"":0.200826},{""tag_id"":16,""target_match"":true,""family"":""tag25h9"",""hamming"":0,""decision_margin"":150.910294,""pixel_xy"":[815.618212,652.771326],""world_xy_yaw"":[0.244639,0.568419,0.110769],""pnp_valid"":true,""pnp_camera_xyz"":[0.319288,0.729221,1.304641],""pnp_camera_quat_xyzw"":[-0.083154,0.016487,0.045204,0.995374],""pnp_camera_rpy_deg"":[-9.449739,2.31189,5.009335],""pnp_reprojection_error_px"":0.097479},{""tag_id"":17,""target_match"":true,""family"":""tag25h9"",""hamming"":0,""decision_margin"":143.897324,""pixel_xy"":[851.2291,344.53907],""world_xy_yaw"":[0.304465,0.944462,1.439568],""pnp_valid"":true,""pnp_camera_xyz"":[0.392692,-0.009387,1.261988],""pnp_camera_quat_xyzw"":[-0.037118,-0.024256,0.65892,0.750905],""pnp_camera_rpy_deg"":[-5.032233,0.715467,82.502484],""pnp_reprojection_error_px"":0.083639}]",1,0.097479,150.910294,96.959086,,0,,0,,
2026-08-12T15:26:01.842362+00:00,21137.125999015,onboard_overhead_fish_dynamic,0,"[0.0,0.0,0.0,0.0]",0,0,0,0,,,,,,,,,,,,,,,,,,,,,,,,,,,,1,0.002323,53,1786548361.796926737,finsrov_stereo_left_optical,"[-0.005529311291227579,-0.08597211440763042,0.3661095603995774]","[0.0,0.0,0.0,1.0]","[0.0025,0.0025,0.0025,1000000.0,1000000.0,1000000.0]",0.001265,80,1,"[16,17]","[0.243705,0.568798,0.089276]","[{""tag_id"":16,""target_match"":true,""family"":""tag25h9"",""hamming"":0,""decision_margin"":149.18042,""pixel_xy"":[815.062327,652.460606],""world_xy_yaw"":[0.243705,0.568798,0.089276],""pnp_valid"":true,""pnp_camera_xyz"":[0.313301,0.717955,1.284933],""pnp_camera_quat_xyzw"":[-0.055975,-0.00919,0.045626,0.997347],""pnp_camera_rpy_deg"":[-6.459585,-0.757626,5.281372],""pnp_reprojection_error_px"":0.169905},{""tag_id"":17,""target_match"":true,""family"":""tag25h9"",""hamming"":0,""decision_margin"":142.973816,""pixel_xy"":[850.357247,345.665494],""world_xy_yaw"":[0.303,0.943088,1.439781],""pnp_valid"":true,""pnp_camera_xyz"":[0.390435,-0.00675,1.261186],""pnp_camera_quat_xyzw"":[-0.035582,-0.0269,0.658171,0.751546],""pnp_camera_rpy_deg"":[-5.100022,0.367029,82.404532],""pnp_reprojection_error_px"":0.088678}]",1,0.169905,149.18042,97.195513,,0,,0,,
2026-08-12T15:26:01.890010+00:00,21137.173682933,onboard_overhead_fish_dynamic,0,"[0.0,0.0,0.0,0.0]",0,0,0,0,,,,,,,,,,,,,,,,,,,,,,,,,,,,1,0.000697,54,1786548361.846945286,finsrov_stereo_left_optical,"[-0.013036386982755721,-0.14422122742242327,0.35453718263206785]","[0.0,0.0,0.0,1.0]","[0.0025,0.0025,0.0025,1000000.0,1000000.0,1000000.0]",0.000568,81,1,"[16,17]","[0.243573,0.569178,0.075301]","[{""tag_id"":16,""target_match"":true,""family"":""tag25h9"",""hamming"":0,""decision_margin"":147.972061,""pixel_xy"":[814.983773,652.148959],""world_xy_yaw"":[0.243573,0.569178,0.075301],""pnp_valid"":true,""pnp_camera_xyz"":[0.313353,0.718602,1.286952],""pnp_camera_quat_xyzw"":[-0.056549,-0.014675,0.044228,0.997312],""pnp_camera_rpy_deg"":[-6.553169,-1.390693,5.158103],""pnp_reprojection_error_px"":0.217946},{""tag_id"":17,""target_match"":true,""family"":""tag25h9"",""hamming"":0,""decision_margin"":141.73349,""pixel_xy"":[849.892096,346.303029],""world_xy_yaw"":[0.302219,0.94231,1.438692],""pnp_valid"":true,""pnp_camera_xyz"":[0.38937,-0.005322,1.261134],""pnp_camera_quat_xyzw"":[-0.035594,-0.026625,0.658212,0.751519],""pnp_camera_rpy_deg"":[-5.080236,0.391856,82.409079],""pnp_reprojection_error_px"":0.067501}]",1,0.217946,147.972061,97.53826,,0,,0,,
2026-08-12T15:26:01.941275+00:00,21137.224938207,onboard_overhead_fish_dynamic,0,"[0.0,0.0,0.0,0.0]",0,0,0,0,,,,,,,,,,,,,,,,,,,,,,,,,,,,1,0.001513,55,1786548361.896913052,finsrov_stereo_left_optical,"[-0.014867806974810716,-0.14092181021497718,0.3534548572848094]","[0.0,0.0,0.0,1.0]","[0.0025,0.0025,0.0025,1000000.0,1000000.0,1000000.0]",0.000811,83,1,"[16,17]","[0.243327,0.569422,0.0875]","[{""tag_id"":16,""target_match"":true,""family"":""tag25h9"",""hamming"":0,""decision_margin"":151.261612,""pixel_xy"":[814.83745,651.949578],""world_xy_yaw"":[0.243327,0.569422,0.0875],""pnp_valid"":true,""pnp_camera_xyz"":[0.319286,0.732286,1.31294],""pnp_camera_quat_xyzw"":[-0.079386,-0.000916,0.043454,0.995896],""pnp_camera_rpy_deg"":[-9.102568,0.290725,4.973707],""pnp_reprojection_error_px"":0.083517},{""tag_id"":17,""target_match"":true,""family"":""tag25h9"",""hamming"":0,""decision_margin"":140.645493,""pixel_xy"":[848.889759,347.327007],""world_xy_yaw"":[0.300535,0.941061,1.435374],""pnp_valid"":true,""pnp_camera_xyz"":[0.386883,-0.002994,1.260516],""pnp_camera_quat_xyzw"":[-0.032662,-0.027243,0.656841,0.752829],""pnp_camera_rpy_deg"":[-4.874106,0.108212,82.204563],""pnp_reprojection_error_px"":0.049084}]",1,0.083517,151.261612,97.103557,,0,,0,,
2026-08-12T15:26:01.992051+00:00,21137.275707484,onboard_overhead_fish_dynamic,0,"[0.0,0.0,0.0,0.0]",0,0,0,0,,,,,,,,,,,,,,,,,,,,,,,,,,,,1,0.002061,56,1786548361.946938515,finsrov_stereo_left_optical,"[-0.004305469178528143,-0.08110571168747271,0.3608139422858815]","[0.0,0.0,0.0,1.0]","[0.0025,0.0025,0.0025,1000000.0,1000000.0,1000000.0]",0.001817,84,1,"[16,17]","[0.242929,0.569414,0.089105]","[{""tag_id"":16,""target_match"":true,""family"":""tag25h9"",""hamming"":0,""decision_margin"":152.742523,""pixel_xy"":[814.600447,651.955693],""world_xy_yaw"":[0.242929,0.569414,0.089105],""pnp_valid"":true,""pnp_camera_xyz"":[0.319244,0.732602,1.314056],""pnp_camera_quat_xyzw"":[-0.077007,-0.002789,0.04245,0.996123],""pnp_camera_rpy_deg"":[-8.838768,0.056223,4.876049],""pnp_reprojection_error_px"":0.113273},{""tag_id"":17,""target_match"":true,""family"":""tag25h9"",""hamming"":0,""decision_margin"":139.970169,""pixel_xy"":[848.376197,347.883859],""world_xy_yaw"":[0.299672,0.940382,1.434951],""pnp_valid"":true,""pnp_camera_xyz"":[0.385941,-0.001735,1.261329],""pnp_camera_quat_xyzw"":[-0.030086,-0.026394,0.656772,0.753027],""pnp_camera_rpy_deg"":[-4.587421,-0.013261,82.188845],""pnp_reprojection_error_px"":0.036206}]",1,0.113273,152.742523,97.207304,,0,,0,,
2026-08-12T15:26:02.041272+00:00,21137.324933582,onboard_overhead_fish_dynamic,0,"[0.0,0.0,0.0,0.0]",0,0,0,0,,,,,,,,,,,,,,,,,,,,,,,,,,,,1,0.001534,57,1786548361.996900797,finsrov_stereo_left_optical,"[-0.005121262132816995,-0.08431135717869342,0.35983092739220757]","[0.0,0.0,0.0,1.0]","[0.0025,0.0025,0.0025,1000000.0,1000000.0,1000000.0]",0.001341,85,1,"[16,17]","[0.242791,0.569432,0.081414]","[{""tag_id"":16,""target_match"":true,""family"":""tag25h9"",""hamming"":0,""decision_margin"":148.412018,""pixel_xy"":[814.518196,651.940684],""world_xy_yaw"":[0.242791,0.569432,0.081414],""pnp_valid"":true,""pnp_camera_xyz"":[0.316925,0.727196,1.305234],""pnp_camera_quat_xyzw"":[-0.067957,-0.010877,0.04289,0.996707],""pnp_camera_rpy_deg"":[-7.840528,-0.908298,4.990221],""pnp_reprojection_error_px"":0.244007},{""tag_id"":17,""target_match"":true,""family"":""tag25h9"",""hamming"":0,""decision_margin"":142.891373,""pixel_xy"":[847.91037,348.641135],""world_xy_yaw"":[0.298889,0.939458,1.432799],""pnp_valid"":true,""pnp_camera_xyz"":[0.384684,-8e-06,1.260932],""pnp_camera_quat_xyzw"":[-0.028279,-0.02663,0.655999,0.753762],""pnp_camera_rpy_deg"":[-4.448903,-0.174378,82.072892],""pnp_reprojection_error_px"":0.01612}]",1,0.244007,148.412018,96.470156,,0,,0,,
2026-08-12T15:26:02.092211+00:00,21137.375866515,onboard_overhead_fish_dynamic,0,"[0.0,0.0,0.0,0.0]",0,0,0,0,,,,,,,,,,,,,,,,,,,,,,,,,,,,1,0.002260,58,1786548362.046941042,finsrov_stereo_left_optical,"[-0.011151156178692778,-0.11547157912428396,0.34962529401096876]","[0.0,0.0,0.0,1.0]","[0.0025,0.0025,0.0025,1000000.0,1000000.0,1000000.0]",0.001229,87,1,"[16,17]","[0.242708,0.570165,0.060816]","[{""tag_id"":16,""target_match"":true,""family"":""tag25h9"",""hamming"":0,""decision_margin"":148.30571,""pixel_xy"":[814.469121,651.340305],""world_xy_yaw"":[0.242708,0.570165,0.060816],""pnp_valid"":true,""pnp_camera_xyz"":[0.314417,0.722247,1.297997],""pnp_camera_quat_xyzw"":[-0.064075,-0.006385,0.03755,0.997218],""pnp_camera_rpy_deg"":[-7.369989,-0.453897,4.342115],""pnp_reprojection_error_px"":0.166794},{""tag_id"":17,""target_match"":true,""family"":""tag25h9"",""hamming"":0,""decision_margin"":142.697968,""pixel_xy"":[846.912283,350.435775],""world_xy_yaw"":[0.297213,0.937268,1.426903],""pnp_valid"":true,""pnp_camera_xyz"":[0.382234,0.004168,1.260355],""pnp_camera_quat_xyzw"":[-0.026074,-0.027102,0.653298,0.756167],""pnp_camera_rpy_deg"":[-4.292354,-0.396478,81.66627],""pnp_reprojection_error_px"":0.021235}]",1,0.166794,148.30571,96.421051,,0,,0,,
2026-08-12T15:26:02.141269+00:00,21137.424938988,onboard_overhead_fish_dynamic,0,"[0.0,0.0,0.0,0.0]",0,0,0,0,,,,,,,,,,,,,,,,,,,,,,,,,,,,1,0.001505,59,1786548362.096983910,finsrov_stereo_left_optical,"[-0.01519113803738853,-0.11994212219952771,0.34583976389364174]","[0.0,0.0,0.0,1.0]","[0.0025,0.0025,0.0025,1000000.0,1000000.0,1000000.0]",0.001310,88,1,"[16,17]","[0.24246,0.570601,0.064439]","[{""tag_id"":16,""target_match"":true,""family"":""tag25h9"",""hamming"":0,""decision_margin"":151.93364,""pixel_xy"":[814.32165,650.982623],""world_xy_yaw"":[0.24246,0.570601,0.064439],""pnp_valid"":true,""pnp_camera_xyz"":[0.313866,0.720715,1.296486],""pnp_camera_quat_xyzw"":[-0.067475,-0.003265,0.035776,0.997074],""pnp_camera_rpy_deg"":[-7.746388,-0.096475,4.116402],""pnp_reprojection_error_px"":0.105112},{""tag_id"":17,""target_match"":true,""family"":""tag25h9"",""hamming"":0,""decision_margin"":141.75708,""pixel_xy"":[846.415689,351.274181],""world_xy_yaw"":[0.296378,0.936245,1.426785],""pnp_valid"":true,""pnp_camera_xyz"":[0.380809,0.006138,1.259373],""pnp_camera_quat_xyzw"":[-0.024112,-0.028739,0.652448,0.756904],""pnp_camera_rpy_deg"":[-4.244203,-0.689922,81.547981],""pnp_reprojection_error_px"":0.035646}]",1,0.105112,151.93364,96.464791,,0,,0,,
2026-08-12T15:26:02.191287+00:00,21137.474950865,onboard_overhead_fish_dynamic,0,"[0.0,0.0,0.0,0.0]",0,0,0,0,,,,,,,,,,,,,,,,,,,,,,,,,,,,1,0.001523,60,1786548362.146944046,finsrov_stereo_left_optical,"[-0.017088883804692645,-0.11033589093131957,0.33973075022688604]","[0.0,0.0,0.0,1.0]","[0.0025,0.0025,0.0025,1000000.0,1000000.0,1000000.0]",0.000820,90,1,"[16,17]","[0.241995,0.571127,0.074124]","[{""tag_id"":16,""target_match"":true,""family"":""tag25h9"",""hamming"":0,""decision_margin"":149.020111,""pixel_xy"":[814.044423,650.551919],""world_xy_yaw"":[0.241995,0.571127,0.074124],""pnp_valid"":true,""pnp_camera_xyz"":[0.313056,0.718339,1.294576],""pnp_camera_quat_xyzw"":[-0.072517,0.00217,0.034377,0.996772],""pnp_camera_rpy_deg"":[-8.303882,0.533492,3.911797],""pnp_reprojection_error_px"":0.076289},{""tag_id"":17,""target_match"":true,""family"":""tag25h9"",""hamming"":0,""decision_margin"":139.15976,""pixel_xy"":[845.389286,352.818749],""world_xy_yaw"":[0.294654,0.934361,1.424576],""pnp_valid"":true,""pnp_camera_xyz"":[0.378283,0.00971,1.25883],""pnp_camera_quat_xyzw"":[-0.020511,-0.029434,0.651084,0.758158],""pnp_camera_rpy_deg"":[-3.981819,-1.026898,81.345768],""pnp_reprojection_error_px"":0.035099}]",1,0.076289,149.020111,96.7906,,0,,0,,
2026-08-12T15:26:02.240752+00:00,21137.524418159,onboard_overhead_fish_dynamic,0,"[0.0,0.0,0.0,0.0]",0,0,0,0,,,,,,,,,,,,,,,,,,,,,,,,,,,,1,0.001167,61,1786548362.196923733,finsrov_stereo_left_optical,"[-0.01662135462471981,-0.11182770970882705,0.3367528658954968]","[0.0,0.0,0.0,1.0]","[0.0025,0.0025,0.0025,1000000.0,1000000.0,1000000.0]",0.001012,91,1,"[16,17]","[0.241903,0.571434,0.073113]","[{""tag_id"":16,""target_match"":true,""family"":""tag25h9"",""hamming"":0,""decision_margin"":150.472122,""pixel_xy"":[813.990092,650.299683],""world_xy_yaw"":[0.241903,0.571434,0.073113],""pnp_valid"":true,""pnp_camera_xyz"":[0.312865,0.717676,1.294239],""pnp_camera_quat_xyzw"":[-0.07151,-0.002108,0.035686,0.996799],""pnp_camera_rpy_deg"":[-8.2048,0.051674,4.097031],""pnp_reprojection_error_px"":0.056727},{""tag_id"":17,""target_match"":true,""family"":""tag25h9"",""hamming"":0,""decision_margin"":140.758774,""pixel_xy"":[844.903897,353.55188],""world_xy_yaw"":[0.293839,0.933467,1.421469],""pnp_valid"":true,""pnp_camera_xyz"":[0.377401,0.011434,1.259631],""pnp_camera_quat_xyzw"":[-0.022193,-0.025629,0.650737,0.758546],""pnp_camera_rpy_deg"":[-3.843314,-0.572893,81.270123],""pnp_reprojection_error_px"":0.039897}]",1,0.056727,150.472122,97.038349,,0,,0,,
2026-08-12T15:26:02.292060+00:00,21137.575717786,onboard_overhead_fish_dynamic,0,"[0.0,0.0,0.0,0.0]",0,0,0,0,,,,,,,,,,,,,,,,,,,,,,,,,,,,1,0.002091,62,1786548362.246953249,finsrov_stereo_left_optical,"[-0.011270656274579072,-0.11527564322040329,0.33292205495497773]","[0.0,0.0,0.0,1.0]","[0.0025,0.0025,0.0025,1000000.0,1000000.0,1000000.0]",0.001127,93,1,"[16,17]","[0.241952,0.572127,0.063226]","[{""tag_id"":16,""target_match"":true,""family"":""tag25h9"",""hamming"":0,""decision_margin"":148.532089,""pixel_xy"":[814.018864,649.731989],""world_xy_yaw"":[0.241952,0.572127,0.063226],""pnp_valid"":true,""pnp_camera_xyz"":[0.314324,0.719962,1.299995],""pnp_camera_quat_xyzw"":[-0.072238,-0.021947,0.040205,0.996335],""pnp_camera_rpy_deg"":[-8.384518,-2.173413,4.780956],""pnp_reprojection_error_px"":0.176477},{""tag_id"":17,""target_match"":true,""family"":""tag25h9"",""hamming"":0,""decision_margin"":140.387604,""pixel_xy"":[843.962673,355.013282],""world_xy_yaw"":[0.292257,0.931684,1.416091],""pnp_valid"":true,""pnp_camera_xyz"":[0.375258,0.014817,1.259778],""pnp_camera_quat_xyzw"":[-0.023472,-0.02471,0.649143,0.759902],""pnp_camera_rpy_deg"":[-3.885093,-0.405763,81.024704],""pnp_reprojection_error_px"":0.033162}]",1,0.176477,148.532089,96.929475,,0,,0,,
2026-08-12T15:26:02.341934+00:00,21137.625590991,onboard_overhead_fish_dynamic,0,"[0.0,0.0,0.0,0.0]",0,0,0,0,,,,,,,,,,,,,,,,,,,,,,,,,,,,1,0.002059,63,1786548362.296916008,finsrov_stereo_left_optical,"[-0.007244788701478155,-0.10658803245839132,0.3324616402302189]","[0.0,0.0,0.0,1.0]","[0.0025,0.0025,0.0025,1000000.0,1000000.0,1000000.0]",0.001804,94,1,"[16,17]","[0.241977,0.572167,0.060501]","[{""tag_id"":16,""target_match"":true,""family"":""tag25h9"",""hamming"":0,""decision_margin"":147.251907,""pixel_xy"":[814.033684,649.699536],""world_xy_yaw"":[0.241977,0.572167,0.060501],""pnp_valid"":true,""pnp_camera_xyz"":[0.31584,0.723056,1.306274],""pnp_camera_quat_xyzw"":[-0.077327,-0.020216,0.03843,0.99606],""pnp_camera_rpy_deg"":[-8.956851,-1.967355,4.573131],""pnp_reprojection_error_px"":0.062655},{""tag_id"":17,""target_match"":true,""family"":""tag25h9"",""hamming"":0,""decision_margin"":140.028717,""pixel_xy"":[843.439188,355.662764],""world_xy_yaw"":[0.291378,0.930891,1.410161],""pnp_valid"":true,""pnp_camera_xyz"":[0.374236,0.016265,1.260346],""pnp_camera_quat_xyzw"":[-0.025234,-0.022871,0.647967,0.760906],""pnp_camera_rpy_deg"":[-3.901541,-0.120538,80.837752],""pnp_reprojection_error_px"":0.025988}]",1,0.062655,147.251907,97.084042,,0,,0,,
2026-08-12T15:26:02.391974+00:00,21137.675630959,onboard_overhead_fish_dynamic,0,"[0.0,0.0,0.0,0.0]",0,0,0,0,,,,,,,,,,,,,,,,,,,,,,,,,,,,1,0.002078,64,1786548362.346934557,finsrov_stereo_left_optical,"[-0.006403482387264181,-0.08740550327843888,0.3326637040109582]","[0.0,0.0,0.0,1.0]","[0.0025,0.0025,0.0025,1000000.0,1000000.0,1000000.0]",0.001133,96,1,"[16,17]","[0.242084,0.572338,0.056005]","[{""tag_id"":16,""target_match"":true,""family"":""tag25h9"",""hamming"":0,""decision_margin"":148.226212,""pixel_xy"":[814.097506,649.559091],""world_xy_yaw"":[0.242084,0.572338,0.056005],""pnp_valid"":true,""pnp_camera_xyz"":[0.316716,0.724158,1.309453],""pnp_camera_quat_xyzw"":[-0.075437,-0.01951,0.036626,0.996287],""pnp_camera_rpy_deg"":[-8.73285,-1.911178,4.35668],""pnp_reprojection_error_px"":0.075085},{""tag_id"":17,""target_match"":true,""family"":""tag25h9"",""hamming"":0,""decision_margin"":140.387802,""pixel_xy"":[842.413941,356.829521],""world_xy_yaw"":[0.289655,0.929468,1.404015],""pnp_valid"":true,""pnp_camera_xyz"":[0.371936,0.019049,1.260633],""pnp_camera_quat_xyzw"":[-0.026898,-0.023054,0.645264,0.763138],""pnp_camera_rpy_deg"":[-4.060214,-0.027188,80.432644],""pnp_reprojection_error_px"":0.034396}]",1,0.075085,148.226212,96.550626,,0,,0,,
2026-08-12T15:26:02.440759+00:00,21137.724425762,onboard_overhead_fish_dynamic,0,"[0.0,0.0,0.0,0.0]",0,0,0,0,,,,,,,,,,,,,,,,,,,,,,,,,,,,1,0.001169,65,1786548362.396914244,finsrov_stereo_left_optical,"[-0.005902619735688841,-0.09394670106504577,0.33068525013468014]","[0.0,0.0,0.0,1.0]","[0.0025,0.0025,0.0025,1000000.0,1000000.0,1000000.0]",0.001014,97,1,"[16,17]","[0.242208,0.572509,0.056723]","[{""tag_id"":16,""target_match"":true,""family"":""tag25h9"",""hamming"":0,""decision_margin"":149.068039,""pixel_xy"":[814.171185,649.419038],""world_xy_yaw"":[0.242208,0.572509,0.056723],""pnp_valid"":true,""pnp_camera_xyz"":[0.315239,0.720008,1.3026],""pnp_camera_quat_xyzw"":[-0.068866,-0.01927,0.037066,0.996751],""pnp_camera_rpy_deg"":[-7.977831,-1.908865,4.392432],""pnp_reprojection_error_px"":0.084382},{""tag_id"":17,""target_match"":true,""family"":""tag25h9"",""hamming"":0,""decision_margin"":139.844376,""pixel_xy"":[841.898651,357.42843],""world_xy_yaw"":[0.28879,0.928737,1.400824],""pnp_valid"":true,""pnp_camera_xyz"":[0.370945,0.02045,1.261389],""pnp_camera_quat_xyzw"":[-0.028352,-0.022027,0.644467,0.763789],""pnp_camera_rpy_deg"":[-4.111749,0.165904,80.307841],""pnp_reprojection_error_px"":0.028846}]",1,0.084382,149.068039,94.559927,,0,,0,,
2026-08-12T15:26:02.492041+00:00,21137.775698876,onboard_overhead_fish_dynamic,0,"[0.0,0.0,0.0,0.0]",0,0,0,0,,,,,,,,,,,,,,,,,,,,,,,,,,,,1,0.002061,66,1786548362.446941137,finsrov_stereo_left_optical,"[-0.006658043317630091,-0.11239174900700666,0.3230101229917721]","[0.0,0.0,0.0,1.0]","[0.0025,0.0025,0.0025,1000000.0,1000000.0,1000000.0]",0.001123,99,1,"[16,17]","[0.242457,0.573047,0.061206]","[{""tag_id"":16,""target_match"":true,""family"":""tag25h9"",""hamming"":0,""decision_margin"":147.521591,""pixel_xy"":[814.319454,648.977529],""world_xy_yaw"":[0.242457,0.573047,0.061206],""pnp_valid"":true,""pnp_camera_xyz"":[0.313746,0.714851,1.295011],""pnp_camera_quat_xyzw"":[-0.070665,-0.009351,0.034419,0.996862],""pnp_camera_rpy_deg"":[-8.137148,-0.789454,4.011123],""pnp_reprojection_error_px"":0.049259},{""tag_id"":17,""target_match"":true,""family"":""tag25h9"",""hamming"":0,""decision_margin"":145.68248,""pixel_xy"":[840.856801,358.637884],""world_xy_yaw"":[0.287039,0.927262,1.396832],""pnp_valid"":true,""pnp_camera_xyz"":[0.36827,0.023201,1.26037],""pnp_camera_quat_xyzw"":[-0.029317,-0.027318,0.642369,0.765347],""pnp_camera_rpy_deg"":[-4.586973,-0.237854,80.024158],""pnp_reprojection_error_px"":0.026462}]",1,0.049259,147.521591,95.137672,,0,,0,,
2026-08-12T15:26:02.542278+00:00,21137.825936014,onboard_overhead_fish_dynamic,0,"[0.0,0.0,0.0,0.0]",0,0,0,0,,,,,,,,,,,,,,,,,,,,,,,,,,,,1,0.002311,67,1786548362.496983290,finsrov_stereo_left_optical,"[-0.008561238970868246,-0.11721328606017523,0.3193549001338818]","[0.0,0.0,0.0,1.0]","[0.0025,0.0025,0.0025,1000000.0,1000000.0,1000000.0]",0.000138,101,1,"[16,17]","[0.242424,0.573701,0.056653]","[{""tag_id"":16,""target_match"":true,""family"":""tag25h9"",""hamming"":0,""decision_margin"":153.089584,""pixel_xy"":[814.300063,648.441821],""world_xy_yaw"":[0.242424,0.573701,0.056653],""pnp_valid"":true,""pnp_camera_xyz"":[0.312196,0.710325,1.289003],""pnp_camera_quat_xyzw"":[-0.066575,-0.000206,0.028348,0.997379],""pnp_camera_rpy_deg"":[-7.632173,0.192731,3.243194],""pnp_reprojection_error_px"":0.022544},{""tag_id"":17,""target_match"":true,""family"":""tag25h9"",""hamming"":0,""decision_margin"":144.14975,""pixel_xy"":[839.948757,359.519507],""world_xy_yaw"":[0.285514,0.926186,1.395502],""pnp_valid"":true,""pnp_camera_xyz"":[0.366402,0.025366,1.261219],""pnp_camera_quat_xyzw"":[-0.030712,-0.027773,0.641181,0.766272],""pnp_camera_rpy_deg"":[-4.742801,-0.182201,79.849664],""pnp_reprojection_error_px"":0.053492}]",1,0.022544,153.089584,94.323387,,0,,0,,
2026-08-12T15:26:02.591628+00:00,21137.875282803,onboard_overhead_fish_dynamic,0,"[0.0,0.0,0.0,0.0]",0,0,0,0,,,,,,,,,,,,,,,,,,,,,,,,,,,,1,0.001824,68,1786548362.546970129,finsrov_stereo_left_optical,"[-0.015746659770344784,-0.13115315919698123,0.31331723853647525]","[0.0,0.0,0.0,1.0]","[0.0025,0.0025,0.0025,1000000.0,1000000.0,1000000.0]",0.001580,102,1,"[16,17]","[0.242312,0.574189,0.058103]","[{""tag_id"":16,""target_match"":true,""family"":""tag25h9"",""hamming"":0,""decision_margin"":151.252762,""pixel_xy"":[814.233525,648.041708],""world_xy_yaw"":[0.242312,0.574189,0.058103],""pnp_valid"":true,""pnp_camera_xyz"":[0.312641,0.710971,1.291281],""pnp_camera_quat_xyzw"":[-0.065615,-0.001931,0.029233,0.997415],""pnp_camera_rpy_deg"":[-7.527558,-0.000861,3.357666],""pnp_reprojection_error_px"":0.116455},{""tag_id"":17,""target_match"":true,""family"":""tag25h9"",""hamming"":0,""decision_margin"":141.187592,""pixel_xy"":[839.542861,359.857501],""world_xy_yaw"":[0.284832,0.925774,1.396624],""pnp_valid"":true,""pnp_camera_xyz"":[0.36537,0.026144,1.260824],""pnp_camera_quat_xyzw"":[-0.029663,-0.031146,0.640813,0.766491],""pnp_camera_rpy_deg"":[-4.898745,-0.557436,79.817453],""pnp_reprojection_error_px"":0.057219}]",1,0.116455,151.252762,94.964099,,0,,0,,
2026-08-12T15:26:02.641016+00:00,21137.924685700,onboard_overhead_fish_dynamic,0,"[0.0,0.0,0.0,0.0]",0,0,0,0,,,,,,,,,,,,,,,,,,,,,,,,,,,,1,0.001358,69,1786548362.596970558,finsrov_stereo_left_optical,"[-0.013345320827953366,-0.12972297651645404,0.31271612699474316]","[0.0,0.0,0.0,1.0]","[0.0025,0.0025,0.0025,1000000.0,1000000.0,1000000.0]",0.001172,103,1,"[16,17]","[0.242212,0.574449,0.060855]","[{""tag_id"":16,""target_match"":true,""family"":""tag25h9"",""hamming"":0,""decision_margin"":150.974762,""pixel_xy"":[814.173869,647.82876],""world_xy_yaw"":[0.242212,0.574449,0.060855],""pnp_valid"":true,""pnp_camera_xyz"":[0.315207,0.716581,1.302347],""pnp_camera_quat_xyzw"":[-0.069608,-0.005367,0.0318,0.997053],""pnp_camera_rpy_deg"":[-7.99866,-0.359575,3.678692],""pnp_reprojection_error_px"":0.13022},{""tag_id"":17,""target_match"":true,""family"":""tag25h9"",""hamming"":0,""decision_margin"":139.789413,""pixel_xy"":[839.193092,360.170231],""world_xy_yaw"":[0.284244,0.925392,1.397076],""pnp_valid"":true,""pnp_camera_xyz"":[0.364646,0.02687,1.26109],""pnp_camera_quat_xyzw"":[-0.029861,-0.033014,0.640689,0.766509],""pnp_camera_rpy_deg"":[-5.053618,-0.707484,79.812517],""pnp_reprojection_error_px"":0.056947}]",1,0.13022,150.974762,95.701103,,0,,0,,
2026-08-12T15:26:02.691251+00:00,21137.974913295,onboard_overhead_fish_dynamic,0,"[0.0,0.0,0.0,0.0]",0,0,0,0,,,,,,,,,,,,,,,,,,,,,,,,,,,,1,0.001566,70,1786548362.646944284,finsrov_stereo_left_optical,"[-0.0016320448594180914,-0.09286790083995888,0.31940549497155724]","[0.0,0.0,0.0,1.0]","[0.0025,0.0025,0.0025,1000000.0,1000000.0,1000000.0]",0.000841,105,1,"[16,17]","[0.241901,0.574714,0.06284]","[{""tag_id"":16,""target_match"":true,""family"":""tag25h9"",""hamming"":0,""decision_margin"":152.53978,""pixel_xy"":[813.988763,647.611285],""world_xy_yaw"":[0.241901,0.574714,0.06284],""pnp_valid"":true,""pnp_camera_xyz"":[0.318329,0.723865,1.316801],""pnp_camera_quat_xyzw"":[-0.072148,-0.012015,0.035086,0.996704],""pnp_camera_rpy_deg"":[-8.319307,-1.082239,4.110927],""pnp_reprojection_error_px"":0.095464},{""tag_id"":17,""target_match"":true,""family"":""tag25h9"",""hamming"":0,""decision_margin"":139.658066,""pixel_xy"":[838.639398,360.874561],""world_xy_yaw"":[0.283314,0.924533,1.399564],""pnp_valid"":true,""pnp_camera_xyz"":[0.362987,0.028472,1.259867],""pnp_camera_quat_xyzw"":[-0.029364,-0.037624,0.640787,0.766234],""pnp_camera_rpy_deg"":[-5.349827,-1.147489,79.863823],""pnp_reprojection_error_px"":0.048433}]",1,0.095464,152.53978,95.467141,,0,,0,,
2026-08-12T15:26:02.741978+00:00,21138.025634948,onboard_overhead_fish_dynamic,0,"[0.0,0.0,0.0,0.0]",0,0,0,0,,,,,,,,,,,,,,,,,,,,,,,,,,,,1,0.002087,71,1786548362.696987629,finsrov_stereo_left_optical,"[0.0025657043283017766,-0.09269379314493753,0.3192115522515913]","[0.0,0.0,0.0,1.0]","[0.0025,0.0025,0.0025,1000000.0,1000000.0,1000000.0]",0.000509,107,1,"[16,17]","[0.241834,0.574592,0.055047]","[{""tag_id"":16,""target_match"":true,""family"":""tag25h9"",""hamming"":0,""decision_margin"":151.020645,""pixel_xy"":[813.948742,647.711804],""world_xy_yaw"":[0.241834,0.574592,0.055047],""pnp_valid"":true,""pnp_camera_xyz"":[0.315822,0.718186,1.306679],""pnp_camera_quat_xyzw"":[-0.059226,-0.026628,0.038684,0.997139],""pnp_camera_rpy_deg"":[-6.910242,-2.781121,4.611243],""pnp_reprojection_error_px"":0.100784},{""tag_id"":17,""target_match"":true,""family"":""tag25h9"",""hamming"":0,""decision_margin"":140.653717,""pixel_xy"":[838.094876,361.724442],""world_xy_yaw"":[0.282399,0.923496,1.396233],""pnp_valid"":true,""pnp_camera_xyz"":[0.361729,0.03044,1.25979],""pnp_camera_quat_xyzw"":[-0.028494,-0.038058,0.639322,0.767468],""pnp_camera_rpy_deg"":[-5.302954,-1.259633,79.648794],""pnp_reprojection_error_px"":0.052092}]",1,0.100784,151.020645,94.521136,,0,,0,,
2026-08-12T15:26:02.792060+00:00,21138.075716816,onboard_overhead_fish_dynamic,0,"[0.0,0.0,0.0,0.0]",0,0,0,0,,,,,,,,,,,,,,,,,,,,,,,,,,,,1,0.002094,72,1786548362.746940136,finsrov_stereo_left_optical,"[0.0034338093201563002,-0.12075020386280322,0.31288724295674863]","[0.0,0.0,0.0,1.0]","[0.0025,0.0025,0.0025,1000000.0,1000000.0,1000000.0]",0.001847,108,1,"[16,17]","[0.241927,0.574606,0.050375]","[{""tag_id"":16,""target_match"":true,""family"":""tag25h9"",""hamming"":0,""decision_margin"":149.606735,""pixel_xy"":[814.004118,647.700037],""world_xy_yaw"":[0.241927,0.574606,0.050375],""pnp_valid"":true,""pnp_camera_xyz"":[0.31428,0.714458,1.299874],""pnp_camera_quat_xyzw"":[-0.058282,-0.02524,0.036116,0.997327],""pnp_camera_rpy_deg"":[-6.788337,-2.644257,4.304669],""pnp_reprojection_error_px"":0.080957},{""tag_id"":17,""target_match"":true,""family"":""tag25h9"",""hamming"":0,""decision_margin"":139.550385,""pixel_xy"":[837.789066,362.110105],""world_xy_yaw"":[0.281886,0.923026,1.39376],""pnp_valid"":true,""pnp_camera_xyz"":[0.361031,0.031297,1.259813],""pnp_camera_quat_xyzw"":[-0.027607,-0.037039,0.638782,0.767999],""pnp_camera_rpy_deg"":[-5.148934,-1.2389,79.559599],""pnp_reprojection_error_px"":0.04101}]",1,0.080957,149.606735,95.877246,,0,,0,,
2026-08-12T15:26:02.841952+00:00,21138.125608039,onboard_overhead_fish_dynamic,0,"[0.0,0.0,0.0,0.0]",0,0,0,0,,,,,,,,,,,,,,,,,,,,,,,,,,,,1,0.002093,73,1786548362.796991825,finsrov_stereo_left_optical,"[-0.001430390395979808,-0.12927560446850483,0.30917919619991224]","[0.0,0.0,0.0,1.0]","[0.0025,0.0025,0.0025,1000000.0,1000000.0,1000000.0]",0.001853,109,1,[16],"[0.242077,0.574643,0.047122]","[{""tag_id"":16,""target_match"":true,""family"":""tag25h9"",""hamming"":0,""decision_margin"":150.202194,""pixel_xy"":[814.09318,647.669582],""world_xy_yaw"":[0.242077,0.574643,0.047122],""pnp_valid"":true,""pnp_camera_xyz"":[0.313028,0.711265,1.294231],""pnp_camera_quat_xyzw"":[-0.059593,-0.024578,0.03529,0.997296],""pnp_camera_rpy_deg"":[-6.933638,-2.568712,4.208869],""pnp_reprojection_error_px"":0.061261}]",1,0.061261,150.202194,95.894164,,0,,0,,
2026-08-12T15:26:02.890028+00:00,21138.173700888,onboard_overhead_fish_dynamic,0,"[0.0,0.0,0.0,0.0]",0,0,0,0,,,,,,,,,,,,,,,,,,,,,,,,,,,,1,0.000719,74,1786548362.846942663,finsrov_stereo_left_optical,"[-0.0036388921312368594,-0.1356585595962566,0.3030715817508443]","[0.0,0.0,0.0,1.0]","[0.0025,0.0025,0.0025,1000000.0,1000000.0,1000000.0]",0.000338,111,1,"[15,16,17]","[0.242494,0.574927,0.047842]","[{""tag_id"":15,""target_match"":true,""family"":""tag25h9"",""hamming"":0,""decision_margin"":44.065544,""pixel_xy"":[816.232042,585.462469],""world_xy_yaw"":[0.24567,0.650536,0.058223],""pnp_valid"":true,""pnp_camera_xyz"":[0.322157,0.569829,1.309344],""pnp_camera_quat_xyzw"":[-0.051839,-0.018582,0.033091,0.997934],""pnp_camera_rpy_deg"":[-6.012879,-1.928771,3.899682],""pnp_reprojection_error_px"":0.081086},{""tag_id"":16,""target_match"":true,""family"":""tag25h9"",""hamming"":0,""decision_margin"":148.844223,""pixel_xy"":[814.341799,647.437049],""world_xy_yaw"":[0.242494,0.574927,0.047842],""pnp_valid"":true,""pnp_camera_xyz"":[0.312317,0.708234,1.289517],""pnp_camera_quat_xyzw"":[-0.062886,-0.0179,0.033948,0.997283],""pnp_camera_rpy_deg"":[-7.279452,-1.801259,4.013809],""pnp_reprojection_error_px"":0.054452},{""tag_id"":17,""target_match"":true,""family"":""tag25h9"",""hamming"":0,""decision_margin"":141.017853,""pixel_xy"":[836.643936,363.383006],""world_xy_yaw"":[0.279962,0.921473,1.384127],""pnp_valid"":true,""pnp_camera_xyz"":[0.357999,0.034186,1.258492],""pnp_camera_quat_xyzw"":[-0.02596,-0.035192,0.635523,0.770842],""pnp_camera_rpy_deg"":[-4.862908,-1.218066,79.059718],""pnp_reprojection_error_px"":0.030704}]",1,0.054452,148.844223,97.161183,,0,,0,,
2026-08-12T15:26:02.940760+00:00,21138.224412809,onboard_overhead_fish_dynamic,0,"[0.0,0.0,0.0,0.0]",0,0,0,0,,,,,,,,,,,,,,,,,,,,,,,,,,,,1,0.001192,75,1786548362.896973133,finsrov_stereo_left_optical,"[-0.0030809137887002347,-0.13348752392210295,0.3014570242023058]","[0.0,0.0,0.0,1.0]","[0.0025,0.0025,0.0025,1000000.0,1000000.0,1000000.0]",0.001027,112,1,"[16,17]","[0.242448,0.575043,0.05577]","[{""tag_id"":16,""target_match"":true,""family"":""tag25h9"",""hamming"":0,""decision_margin"":153.749527,""pixel_xy"":[814.314311,647.341777],""world_xy_yaw"":[0.242448,0.575043,0.05577],""pnp_valid"":true,""pnp_camera_xyz"":[0.312524,0.707949,1.289642],""pnp_camera_quat_xyzw"":[-0.066726,-0.016259,0.034182,0.997053],""pnp_camera_rpy_deg"":[-7.713636,-1.596462,4.034619],""pnp_reprojection_error_px"":0.084865},{""tag_id"":17,""target_match"":true,""family"":""tag25h9"",""hamming"":0,""decision_margin"":137.931473,""pixel_xy"":[836.162064,363.67155],""world_xy_yaw"":[0.279152,0.921121,1.382673],""pnp_valid"":true,""pnp_camera_xyz"":[0.357021,0.034943,1.259048],""pnp_camera_quat_xyzw"":[-0.025485,-0.033709,0.634663,0.771633],""pnp_camera_rpy_deg"":[-4.711207,-1.127311,78.920513],""pnp_reprojection_error_px"":0.045791}]",1,0.084865,153.749527,95.535948,,0,,0,,
2026-08-12T15:26:02.990541+00:00,21138.274207906,onboard_overhead_fish_dynamic,0,"[0.0,0.0,0.0,0.0]",0,0,0,0,,,,,,,,,,,,,,,,,,,,,,,,,,,,1,0.001020,76,1786548362.946941376,finsrov_stereo_left_optical,"[0.0012223387142756281,-0.12506482782942718,0.302610556316291]","[0.0,0.0,0.0,1.0]","[0.0025,0.0025,0.0025,1000000.0,1000000.0,1000000.0]",0.000515,114,1,"[15,16,17]","[0.242507,0.57544,0.056514]","[{""tag_id"":15,""target_match"":true,""family"":""tag25h9"",""hamming"":0,""decision_margin"":78.400658,""pixel_xy"":[816.078453,585.472278],""world_xy_yaw"":[0.245412,0.650524,0.055979],""pnp_valid"":true,""pnp_camera_xyz"":[0.324434,0.574217,1.320111],""pnp_camera_quat_xyzw"":[-0.054721,-0.019568,0.032396,0.997784],""pnp_camera_rpy_deg"":[-6.346254,-2.034637,3.832001],""pnp_reprojection_error_px"":0.173726},{""tag_id"":16,""target_match"":true,""family"":""tag25h9"",""hamming"":0,""decision_margin"":152.970688,""pixel_xy"":[814.349603,647.016639],""world_xy_yaw"":[0.242507,0.57544,0.056514],""pnp_valid"":true,""pnp_camera_xyz"":[0.315284,0.713338,1.300603],""pnp_camera_quat_xyzw"":[-0.071599,-0.014752,0.033353,0.996767],""pnp_camera_rpy_deg"":[-8.265601,-1.411474,3.934976],""pnp_reprojection_error_px"":0.065199},{""tag_id"":17,""target_match"":true,""family"":""tag25h9"",""hamming"":0,""decision_margin"":139.943893,""pixel_xy"":[835.04401,364.272621],""world_xy_yaw"":[0.277274,0.920387,1.377418],""pnp_valid"":true,""pnp_camera_xyz"":[0.354383,0.036368,1.258647],""pnp_camera_quat_xyzw"":[-0.030195,-0.030946,0.633293,0.772703],""pnp_camera_rpy_deg"":[-4.925687,-0.548843,78.698437],""pnp_reprojection_error_px"":0.072846}]",1,0.065199,152.970688,96.514688,,0,,0,,
2026-08-12T15:26:03.040634+00:00,21138.324289699,onboard_overhead_fish_dynamic,0,"[0.0,0.0,0.0,0.0]",0,0,0,0,,,,,,,,,,,,,,,,,,,,,,,,,,,,1,0.001025,77,1786548362.996987343,finsrov_stereo_left_optical,"[0.0038486281067910966,-0.11092068429907564,0.30282401391540703]","[0.0,0.0,0.0,1.0]","[0.0025,0.0025,0.0025,1000000.0,1000000.0,1000000.0]",0.000868,115,1,"[16,17]","[0.242465,0.575527,0.053714]","[{""tag_id"":16,""target_match"":true,""family"":""tag25h9"",""hamming"":0,""decision_margin"":150.065567,""pixel_xy"":[814.324428,646.945092],""world_xy_yaw"":[0.242465,0.575527,0.053714],""pnp_valid"":true,""pnp_camera_xyz"":[0.316514,0.716265,1.306262],""pnp_camera_quat_xyzw"":[-0.07248,-0.010443,0.030814,0.996839],""pnp_camera_rpy_deg"":[-8.346771,-0.937013,3.609419],""pnp_reprojection_error_px"":0.029519},{""tag_id"":17,""target_match"":true,""family"":""tag25h9"",""hamming"":0,""decision_margin"":138.007523,""pixel_xy"":[834.457218,364.624095],""world_xy_yaw"":[0.276288,0.919959,1.373973],""pnp_valid"":true,""pnp_camera_xyz"":[0.353095,0.037212,1.259079],""pnp_camera_quat_xyzw"":[-0.031392,-0.03181,0.631902,0.773759],""pnp_camera_rpy_deg"":[-5.093727,-0.547375,78.499016],""pnp_reprojection_error_px"":0.067797}]",1,0.029519,150.065567,97.059548,,0,,0,,
2026-08-12T15:26:03.090568+00:00,21138.374231467,onboard_overhead_fish_dynamic,0,"[0.0,0.0,0.0,0.0]",0,0,0,0,,,,,,,,,,,,,,,,,,,,,,,,,,,,1,0.001049,78,1786548363.046949625,finsrov_stereo_left_optical,"[0.005101448574356127,-0.0954768514933767,0.305134335862422]","[0.0,0.0,0.0,1.0]","[0.0025,0.0025,0.0025,1000000.0,1000000.0,1000000.0]",0.000619,117,1,"[16,17]","[0.242049,0.575696,0.058722]","[{""tag_id"":16,""target_match"":true,""family"":""tag25h9"",""hamming"":0,""decision_margin"":149.863266,""pixel_xy"":[814.076764,646.806256],""world_xy_yaw"":[0.242049,0.575696,0.058722],""pnp_valid"":true,""pnp_camera_xyz"":[0.317045,0.718393,1.31053],""pnp_camera_quat_xyzw"":[-0.067948,-0.003835,0.029065,0.997258],""pnp_camera_rpy_deg"":[-7.801876,-0.211908,3.353291],""pnp_reprojection_error_px"":0.082055},{""tag_id"":17,""target_match"":true,""family"":""tag25h9"",""hamming"":0,""decision_margin"":137.163437,""pixel_xy"":[833.286527,365.458671],""world_xy_yaw"":[0.274321,0.91894,1.369624],""pnp_valid"":true,""pnp_camera_xyz"":[0.350746,0.039279,1.260778],""pnp_camera_quat_xyzw"":[-0.031779,-0.034766,0.629287,0.775744],""pnp_camera_rpy_deg"":[-5.340177,-0.798908,78.135539],""pnp_reprojection_error_px"":0.102642}]",1,0.082055,149.863266,96.877277,,0,,0,,
2026-08-12T15:26:03.140413+00:00,21138.424082290,onboard_overhead_fish_dynamic,0,"[0.0,0.0,0.0,0.0]",0,0,0,0,,,,,,,,,,,,,,,,,,,,,,,,,,,,1,0.000903,79,1786548363.096967697,finsrov_stereo_left_optical,"[0.004898658680569434,-0.1082819118544901,0.30347919704197596]","[0.0,0.0,0.0,1.0]","[0.0025,0.0025,0.0025,1000000.0,1000000.0,1000000.0]",0.000775,118,1,"[16,17]","[0.241956,0.575676,0.056267]","[{""tag_id"":16,""target_match"":true,""family"":""tag25h9"",""hamming"":0,""decision_margin"":150.84584,""pixel_xy"":[814.021713,646.822893],""world_xy_yaw"":[0.241956,0.575676,0.056267],""pnp_valid"":true,""pnp_camera_xyz"":[0.315116,0.714287,1.30308],""pnp_camera_quat_xyzw"":[-0.057148,-0.006211,0.029227,0.997918],""pnp_camera_rpy_deg"":[-6.570531,-0.518855,3.384923],""pnp_reprojection_error_px"":0.074078},{""tag_id"":17,""target_match"":true,""family"":""tag25h9"",""hamming"":0,""decision_margin"":134.898102,""pixel_xy"":[832.63062,366.041115],""world_xy_yaw"":[0.273219,0.91823,1.368845],""pnp_valid"":true,""pnp_camera_xyz"":[0.349131,0.040605,1.259987],""pnp_camera_quat_xyzw"":[-0.035274,-0.035774,0.629008,0.775774],""pnp_camera_rpy_deg"":[-5.724236,-0.637703,78.103086],""pnp_reprojection_error_px"":0.097324}]",1,0.074078,150.84584,97.85448,,0,,0,,
2026-08-12T15:26:03.192071+00:00,21138.475728505,onboard_overhead_fish_dynamic,0,"[0.0,0.0,0.0,0.0]",0,0,0,0,,,,,,,,,,,,,,,,,,,,,,,,,,,,1,0.002051,80,1786548363.146942139,finsrov_stereo_left_optical,"[0.0021206198759642914,-0.14767081592522113,0.2928595689431592]","[0.0,0.0,0.0,1.0]","[0.0025,0.0025,0.0025,1000000.0,1000000.0,1000000.0]",0.001116,120,1,"[16,17]","[0.241898,0.575468,0.044708]","[{""tag_id"":16,""target_match"":true,""family"":""tag25h9"",""hamming"":0,""decision_margin"":151.758194,""pixel_xy"":[813.986799,646.993416],""world_xy_yaw"":[0.241898,0.575468,0.044708],""pnp_valid"":true,""pnp_camera_xyz"":[0.310915,0.705503,1.286729],""pnp_camera_quat_xyzw"":[-0.044672,-0.011019,0.028241,0.998542],""pnp_camera_rpy_deg"":[-5.15511,-1.116313,3.290255],""pnp_reprojection_error_px"":0.073175},{""tag_id"":17,""target_match"":true,""family"":""tag25h9"",""hamming"":0,""decision_margin"":135.902313,""pixel_xy"":[831.453827,367.304395],""world_xy_yaw"":[0.271242,0.916689,1.362542],""pnp_valid"":true,""pnp_camera_xyz"":[0.345812,0.043348,1.257729],""pnp_camera_quat_xyzw"":[-0.037276,-0.039036,0.627017,0.777133],""pnp_camera_rpy_deg"":[-6.136688,-0.797974,77.838311],""pnp_reprojection_error_px"":0.056518}]",1,0.073175,151.758194,97.183931,,0,,0,,
2026-08-12T15:26:03.241597+00:00,21138.525256627,onboard_overhead_fish_dynamic,0,"[0.0,0.0,0.0,0.0]",0,0,0,0,,,,,,,,,,,,,,,,,,,,,,,,,,,,1,0.001748,81,1786548363.196969748,finsrov_stereo_left_optical,"[2.0533272152567505e-05,-0.16156007486838564,0.28745535908569636]","[0.0,0.0,0.0,1.0]","[0.0025,0.0025,0.0025,1000000.0,1000000.0,1000000.0]",0.001527,121,1,"[16,17]","[0.241732,0.575457,0.043561]","[{""tag_id"":16,""target_match"":true,""family"":""tag25h9"",""hamming"":0,""decision_margin"":150.778687,""pixel_xy"":[813.888274,647.002849],""world_xy_yaw"":[0.241732,0.575457,0.043561],""pnp_valid"":true,""pnp_camera_xyz"":[0.309624,0.703297,1.282518],""pnp_camera_quat_xyzw"":[-0.044516,-0.008829,0.026978,0.998605],""pnp_camera_rpy_deg"":[-5.128786,-0.872735,3.13408],""pnp_reprojection_error_px"":0.04572},{""tag_id"":17,""target_match"":true,""family"":""tag25h9"",""hamming"":0,""decision_margin"":134.850937,""pixel_xy"":[830.883762,367.91387],""world_xy_yaw"":[0.270285,0.915945,1.359627],""pnp_valid"":true,""pnp_camera_xyz"":[0.344665,0.044733,1.258343],""pnp_camera_quat_xyzw"":[-0.036366,-0.037018,0.626585,0.777623],""pnp_camera_rpy_deg"":[-5.909315,-0.687508,77.75713],""pnp_reprojection_error_px"":0.041332}]",1,0.04572,150.778687,96.807784,,0,,0,,
2026-08-12T15:26:03.292001+00:00,21138.575658312,onboard_overhead_fish_dynamic,0,"[0.0,0.0,0.0,0.0]",0,0,0,0,,,,,,,,,,,,,,,,,,,,,,,,,,,,1,0.002049,82,1786548363.246945858,finsrov_stereo_left_optical,"[-0.0007926037212082071,-0.1606608594181964,0.2836441455473792]","[0.0,0.0,0.0,1.0]","[0.0025,0.0025,0.0025,1000000.0,1000000.0,1000000.0]",0.001116,123,1,"[16,17]","[0.241341,0.575507,0.051042]","[{""tag_id"":16,""target_match"":true,""family"":""tag25h9"",""hamming"":0,""decision_margin"":153.300262,""pixel_xy"":[813.655208,646.961552],""world_xy_yaw"":[0.241341,0.575507,0.051042],""pnp_valid"":true,""pnp_camera_xyz"":[0.310257,0.705895,1.287388],""pnp_camera_quat_xyzw"":[-0.056459,-0.001096,0.02637,0.998056],""pnp_camera_rpy_deg"":[-6.474251,0.045251,3.024432],""pnp_reprojection_error_px"":0.034367},{""tag_id"":17,""target_match"":true,""family"":""tag25h9"",""hamming"":0,""decision_margin"":133.544418,""pixel_xy"":[829.776123,368.918514],""world_xy_yaw"":[0.268424,0.914719,1.357336],""pnp_valid"":true,""pnp_camera_xyz"":[0.342131,0.047112,1.258509],""pnp_camera_quat_xyzw"":[-0.032516,-0.038255,0.624749,0.77921],""pnp_camera_rpy_deg"":[-5.652224,-1.088006,77.4971],""pnp_reprojection_error_px"":0.048566}]",1,0.034367,153.300262,95.567541,,0,,0,,
2026-08-12T15:26:03.342009+00:00,21138.625665901,onboard_overhead_fish_dynamic,0,"[0.0,0.0,0.0,0.0]",0,0,0,0,,,,,,,,,,,,,,,,,,,,,,,,,,,,1,0.002059,83,1786548363.296975851,finsrov_stereo_left_optical,"[0.0022900297564097394,-0.14690069793730798,0.28520932258030585]","[0.0,0.0,0.0,1.0]","[0.0025,0.0025,0.0025,1000000.0,1000000.0,1000000.0]",0.001811,124,1,"[16,17]","[0.241194,0.575604,0.054615]","[{""tag_id"":16,""target_match"":true,""family"":""tag25h9"",""hamming"":0,""decision_margin"":155.029221,""pixel_xy"":[813.567662,646.882069],""world_xy_yaw"":[0.241194,0.575604,0.054615],""pnp_valid"":true,""pnp_camera_xyz"":[0.310978,0.707697,1.291036],""pnp_camera_quat_xyzw"":[-0.06105,-0.001769,0.027844,0.997745],""pnp_camera_rpy_deg"":[-7.003064,-0.007437,3.197482],""pnp_reprojection_error_px"":0.034766},{""tag_id"":17,""target_match"":true,""family"":""tag25h9"",""hamming"":0,""decision_margin"":134.898193,""pixel_xy"":[829.242789,369.381537],""world_xy_yaw"":[0.267528,0.914155,1.356635],""pnp_valid"":true,""pnp_camera_xyz"":[0.340967,0.048208,1.258853],""pnp_camera_quat_xyzw"":[-0.030622,-0.037102,0.624488,0.779551],""pnp_camera_rpy_deg"":[-5.399541,-1.123029,77.448477],""pnp_reprojection_error_px"":0.047412}]",1,0.034766,155.029221,95.573268,,0,,0,,
2026-08-12T15:26:03.392050+00:00,21138.675707637,onboard_overhead_fish_dynamic,0,"[0.0,0.0,0.0,0.0]",0,0,0,0,,,,,,,,,,,,,,,,,,,,,,,,,,,,1,0.002081,84,1786548363.346831560,finsrov_stereo_left_optical,"[0.010489380372141532,-0.11986972283972352,0.28774396460237367]","[0.0,0.0,0.0,1.0]","[0.0025,0.0025,0.0025,1000000.0,1000000.0,1000000.0]",0.001139,126,1,"[15,16,17]","[0.240941,0.575983,0.063977]","[{""tag_id"":15,""target_match"":true,""family"":""tag25h9"",""hamming"":0,""decision_margin"":94.130119,""pixel_xy"":[815.23286,585.07636],""world_xy_yaw"":[0.243991,0.651007,0.054043],""pnp_valid"":true,""pnp_camera_xyz"":[0.32062,0.570229,1.312492],""pnp_camera_quat_xyzw"":[-0.044577,-0.016103,0.029252,0.998448],""pnp_camera_rpy_deg"":[-5.163393,-1.693261,3.432612],""pnp_reprojection_error_px"":0.125204},{""tag_id"":16,""target_match"":true,""family"":""tag25h9"",""hamming"":0,""decision_margin"":149.018539,""pixel_xy"":[813.41711,646.571063],""world_xy_yaw"":[0.240941,0.575983,0.063977],""pnp_valid"":true,""pnp_camera_xyz"":[0.313955,0.714075,1.30376],""pnp_camera_quat_xyzw"":[-0.069364,-0.002847,0.029691,0.997145],""pnp_camera_rpy_deg"":[-7.96116,-0.089348,3.417237],""pnp_reprojection_error_px"":0.129797},{""tag_id"":17,""target_match"":true,""family"":""tag25h9"",""hamming"":0,""decision_margin"":131.754349,""pixel_xy"":[828.132551,370.233001],""world_xy_yaw"":[0.265663,0.913116,1.352744],""pnp_valid"":true,""pnp_camera_xyz"":[0.338578,0.050222,1.259598],""pnp_camera_quat_xyzw"":[-0.029788,-0.035179,0.623245,0.780667],""pnp_camera_rpy_deg"":[-5.185156,-1.019663,77.250392],""pnp_reprojection_error_px"":0.048671}]",1,0.129797,149.018539,95.230514,,0,,0,,
2026-08-12T15:26:03.442255+00:00,21138.725910097,onboard_overhead_fish_dynamic,0,"[0.0,0.0,0.0,0.0]",0,0,0,0,,,,,,,,,,,,,,,,,,,,,,,,,,,,1,0.002248,85,1786548363.396968126,finsrov_stereo_left_optical,"[0.009521278055283022,-0.15082880567472445,0.2830052341400352]","[0.0,0.0,0.0,1.0]","[0.0025,0.0025,0.0025,1000000.0,1000000.0,1000000.0]",0.001978,127,1,"[16,17]","[0.240998,0.576112,0.065536]","[{""tag_id"":16,""target_match"":true,""family"":""tag25h9"",""hamming"":0,""decision_margin"":149.436432,""pixel_xy"":[813.450983,646.465181],""world_xy_yaw"":[0.240998,0.576112,0.065536],""pnp_valid"":true,""pnp_camera_xyz"":[0.315662,0.717576,1.310641],""pnp_camera_quat_xyzw"":[-0.071952,0.002412,0.028238,0.997005],""pnp_camera_rpy_deg"":[-8.241271,0.508428,3.208032],""pnp_reprojection_error_px"":0.114981},{""tag_id"":17,""target_match"":true,""family"":""tag25h9"",""hamming"":0,""decision_margin"":134.540146,""pixel_xy"":[827.562464,370.610426],""world_xy_yaw"":[0.264705,0.912655,1.34763],""pnp_valid"":true,""pnp_camera_xyz"":[0.33714,0.051047,1.25926],""pnp_camera_quat_xyzw"":[-0.031245,-0.033831,0.622016,0.781649],""pnp_camera_rpy_deg"":[-5.217812,-0.803215,77.060358],""pnp_reprojection_error_px"":0.034045}]",1,0.114981,149.436432,96.06229,,0,,0,,
2026-08-12T15:26:03.491913+00:00,21138.775570548,onboard_overhead_fish_dynamic,0,"[0.0,0.0,0.0,0.0]",0,0,0,0,,,,,,,,,,,,,,,,,,,,,,,,,,,,1,0.002066,86,1786548363.446943760,finsrov_stereo_left_optical,"[0.01803525701315134,-0.10631117794510925,0.2899330640839476]","[0.0,0.0,0.0,1.0]","[0.0025,0.0025,0.0025,1000000.0,1000000.0,1000000.0]",0.001130,129,1,"[16,17]","[0.241593,0.576177,0.060119]","[{""tag_id"":16,""target_match"":true,""family"":""tag25h9"",""hamming"":0,""decision_margin"":154.896469,""pixel_xy"":[813.805625,646.412636],""world_xy_yaw"":[0.241593,0.576177,0.060119],""pnp_valid"":true,""pnp_camera_xyz"":[0.315498,0.715334,1.306777],""pnp_camera_quat_xyzw"":[-0.062802,-0.007043,0.031271,0.997511],""pnp_camera_rpy_deg"":[-7.223386,-0.579999,3.627732],""pnp_reprojection_error_px"":0.078383},{""tag_id"":17,""target_match"":true,""family"":""tag25h9"",""hamming"":0,""decision_margin"":130.89061,""pixel_xy"":[826.331257,371.088017],""world_xy_yaw"":[0.262636,0.912073,1.342523],""pnp_valid"":true,""pnp_camera_xyz"":[0.334725,0.052189,1.260779],""pnp_camera_quat_xyzw"":[-0.028373,-0.03523,0.619664,0.783563],""pnp_camera_rpy_deg"":[-5.056784,-1.148623,76.726617],""pnp_reprojection_error_px"":0.018854}]",1,0.078383,154.896469,98.184168,,0,,0,,
2026-08-12T15:26:03.541072+00:00,21138.824736212,onboard_overhead_fish_dynamic,0,"[0.0,0.0,0.0,0.0]",0,0,0,0,,,,,,,,,,,,,,,,,,,,,,,,,,,,1,0.001387,87,1786548363.496937752,finsrov_stereo_left_optical,"[0.020844076877436668,-0.12112449732424224,0.28710664060579416]","[0.0,0.0,0.0,1.0]","[0.0025,0.0025,0.0025,1000000.0,1000000.0,1000000.0]",0.001190,130,1,"[16,17]","[0.242063,0.576141,0.053645]","[{""tag_id"":16,""target_match"":true,""family"":""tag25h9"",""hamming"":0,""decision_margin"":153.695389,""pixel_xy"":[814.085267,646.442171],""world_xy_yaw"":[0.242063,0.576141,0.053645],""pnp_valid"":true,""pnp_camera_xyz"":[0.31572,0.714829,1.305709],""pnp_camera_quat_xyzw"":[-0.060461,-0.008651,0.031106,0.997648],""pnp_camera_rpy_deg"":[-6.960605,-0.7735,3.618801],""pnp_reprojection_error_px"":0.026602},{""tag_id"":17,""target_match"":true,""family"":""tag25h9"",""hamming"":0,""decision_margin"":135.156357,""pixel_xy"":[825.69854,371.120991],""world_xy_yaw"":[0.261574,0.912032,1.342478],""pnp_valid"":true,""pnp_camera_xyz"":[0.333195,0.05234,1.260729],""pnp_camera_quat_xyzw"":[-0.029159,-0.034544,0.619364,0.783802],""pnp_camera_rpy_deg"":[-5.078191,-1.033125,76.677736],""pnp_reprojection_error_px"":0.055018}]",1,0.026602,153.695389,98.193072,,0,,0,,
2026-08-12T15:26:03.591214+00:00,21138.874876293,onboard_overhead_fish_dynamic,0,"[0.0,0.0,0.0,0.0]",0,0,0,0,,,,,,,,,,,,,,,,,,,,,,,,,,,,1,0.001529,88,1786548363.546846151,finsrov_stereo_left_optical,"[0.026139545462615044,-0.12713165600813847,0.2856455931490787]","[0.0,0.0,0.0,1.0]","[0.0025,0.0025,0.0025,1000000.0,1000000.0,1000000.0]",0.000818,132,1,"[16,17]","[0.242906,0.57597,0.049602]","[{""tag_id"":16,""target_match"":true,""family"":""tag25h9"",""hamming"":0,""decision_margin"":152.185913,""pixel_xy"":[814.58683,646.582182],""world_xy_yaw"":[0.242906,0.57597,0.049602],""pnp_valid"":true,""pnp_camera_xyz"":[0.31492,0.711353,1.298567],""pnp_camera_quat_xyzw"":[-0.060162,-0.01374,0.034651,0.997492],""pnp_camera_rpy_deg"":[-6.950207,-1.33183,4.059921],""pnp_reprojection_error_px"":0.143679},{""tag_id"":17,""target_match"":true,""family"":""tag25h9"",""hamming"":0,""decision_margin"":136.378769,""pixel_xy"":[824.196756,370.92353],""world_xy_yaw"":[0.259051,0.912273,1.340586],""pnp_valid"":true,""pnp_camera_xyz"":[0.329899,0.051901,1.261239],""pnp_camera_quat_xyzw"":[-0.026623,-0.037423,0.617785,0.785005],""pnp_camera_rpy_deg"":[-5.052391,-1.481891,76.469665],""pnp_reprojection_error_px"":0.048416}]",1,0.143679,152.185913,99.285769,,0,,0,,
2026-08-12T15:26:03.642187+00:00,21138.925859127,onboard_overhead_fish_dynamic,0,"[0.0,0.0,0.0,0.0]",0,0,0,0,,,,,,,,,,,,,,,,,,,,,,,,,,,,1,0.002200,89,1786548363.596938610,finsrov_stereo_left_optical,"[0.028151359529604625,-0.1338331337769607,0.28396693498705294]","[0.0,0.0,0.0,1.0]","[0.0025,0.0025,0.0025,1000000.0,1000000.0,1000000.0]",0.001926,133,1,"[16,17]","[0.242953,0.575763,0.053825]","[{""tag_id"":16,""target_match"":true,""family"":""tag25h9"",""hamming"":0,""decision_margin"":150.286987,""pixel_xy"":[814.614703,646.75174],""world_xy_yaw"":[0.242953,0.575763,0.053825],""pnp_valid"":true,""pnp_camera_xyz"":[0.313462,0.707869,1.291707],""pnp_camera_quat_xyzw"":[-0.058869,-0.014603,0.035643,0.997522],""pnp_camera_rpy_deg"":[-6.806951,-1.428966,4.177812],""pnp_reprojection_error_px"":0.067939},{""tag_id"":17,""target_match"":true,""family"":""tag25h9"",""hamming"":0,""decision_margin"":137.453461,""pixel_xy"":[823.454908,370.838149],""world_xy_yaw"":[0.257804,0.912377,1.339792],""pnp_valid"":true,""pnp_camera_xyz"":[0.328058,0.051653,1.260792],""pnp_camera_quat_xyzw"":[-0.026159,-0.039028,0.617426,0.785225],""pnp_camera_rpy_deg"":[-5.124092,-1.661125,76.430599],""pnp_reprojection_error_px"":0.034672}]",1,0.067939,150.286987,97.427866,,0,,0,,
2026-08-12T15:26:03.690853+00:00,21138.974518537,onboard_overhead_fish_dynamic,0,"[0.0,0.0,0.0,0.0]",0,0,0,0,,,,,,,,,,,,,,,,,,,,,,,,,,,,1,0.001278,90,1786548363.646969795,finsrov_stereo_left_optical,"[0.029925066688395008,-0.1521329147086944,0.2781842491291616]","[0.0,0.0,0.0,1.0]","[0.0025,0.0025,0.0025,1000000.0,1000000.0,1000000.0]",0.000663,135,1,"[16,17]","[0.242778,0.575222,0.069364]","[{""tag_id"":16,""target_match"":true,""family"":""tag25h9"",""hamming"":0,""decision_margin"":152.846436,""pixel_xy"":[814.510533,647.19516],""world_xy_yaw"":[0.242778,0.575222,0.069364],""pnp_valid"":true,""pnp_camera_xyz"":[0.311416,0.703624,1.282865],""pnp_camera_quat_xyzw"":[-0.058443,-0.005385,0.03502,0.997662],""pnp_camera_rpy_deg"":[-6.718547,-0.381046,4.043145],""pnp_reprojection_error_px"":0.188754},{""tag_id"":17,""target_match"":true,""family"":""tag25h9"",""hamming"":0,""decision_margin"":138.819733,""pixel_xy"":[821.944194,370.67892],""world_xy_yaw"":[0.255266,0.912572,1.336707],""pnp_valid"":true,""pnp_camera_xyz"":[0.324463,0.051276,1.260298],""pnp_camera_quat_xyzw"":[-0.026259,-0.041176,0.615694,0.786471],""pnp_camera_rpy_deg"":[-5.281905,-1.858606,76.197428],""pnp_reprojection_error_px"":0.0387}]",1,0.188754,152.846436,97.223952,,0,,0,,
2026-08-12T15:26:03.742071+00:00,21139.025727757,onboard_overhead_fish_dynamic,0,"[0.0,0.0,0.0,0.0]",0,0,0,0,,,,,,,,,,,,,,,,,,,,,,,,,,,,1,0.002071,91,1786548363.696978807,finsrov_stereo_left_optical,"[0.031157881566192536,-0.15150864478713388,0.27833226858410687]","[0.0,0.0,0.0,1.0]","[0.0025,0.0025,0.0025,1000000.0,1000000.0,1000000.0]",0.001821,136,1,"[16,17]","[0.242768,0.575256,0.075362]","[{""tag_id"":16,""target_match"":true,""family"":""tag25h9"",""hamming"":0,""decision_margin"":152.181519,""pixel_xy"":[814.504629,647.167495],""world_xy_yaw"":[0.242768,0.575256,0.075362],""pnp_valid"":true,""pnp_camera_xyz"":[0.310968,0.702754,1.281016],""pnp_camera_quat_xyzw"":[-0.056664,3.5e-05,0.035063,0.997777],""pnp_camera_rpy_deg"":[-6.492584,0.231665,4.012086],""pnp_reprojection_error_px"":0.125976},{""tag_id"":17,""target_match"":true,""family"":""tag25h9"",""hamming"":0,""decision_margin"":137.582855,""pixel_xy"":[821.182086,370.5261],""world_xy_yaw"":[0.253986,0.912758,1.332498],""pnp_valid"":true,""pnp_camera_xyz"":[0.322694,0.050914,1.260223],""pnp_camera_quat_xyzw"":[-0.027268,-0.040271,0.61433,0.787549],""pnp_camera_rpy_deg"":[-5.3058,-1.71495,75.991785],""pnp_reprojection_error_px"":0.037403}]",1,0.125976,152.181519,96.987773,,0,,0,,
2026-08-12T15:26:03.790742+00:00,21139.074393848,onboard_overhead_fish_dynamic,0,"[0.0,0.0,0.0,0.0]",0,0,0,0,,,,,,,,,,,,,,,,,,,,,,,,,,,,1,0.001154,92,1786548363.747011423,finsrov_stereo_left_optical,"[0.03345770988243263,-0.15555121144304618,0.2777073971795149]","[0.0,0.0,0.0,1.0]","[0.0025,0.0025,0.0025,1000000.0,1000000.0,1000000.0]",0.000606,138,1,"[15,16,17]","[0.242879,0.575319,0.080882]","[{""tag_id"":15,""target_match"":true,""family"":""tag25h9"",""hamming"":0,""decision_margin"":62.210461,""pixel_xy"":[817.869794,585.391444],""world_xy_yaw"":[0.248421,0.650622,0.068463],""pnp_valid"":true,""pnp_camera_xyz"":[0.323128,0.564825,1.297682],""pnp_camera_quat_xyzw"":[-0.03382,-0.012822,0.036857,0.998666],""pnp_camera_rpy_deg"":[-3.92854,-1.324623,4.272683],""pnp_reprojection_error_px"":0.086274},{""tag_id"":16,""target_match"":true,""family"":""tag25h9"",""hamming"":0,""decision_margin"":152.492188,""pixel_xy"":[814.57082,647.115441],""world_xy_yaw"":[0.242879,0.575319,0.080882],""pnp_valid"":true,""pnp_camera_xyz"":[0.31168,0.704368,1.283399],""pnp_camera_quat_xyzw"":[-0.053071,0.000705,0.037515,0.997886],""pnp_camera_rpy_deg"":[-6.077031,0.30876,4.289622],""pnp_reprojection_error_px"":0.124217},{""tag_id"":17,""target_match"":true,""family"":""tag25h9"",""hamming"":0,""decision_margin"":140.438614,""pixel_xy"":[819.667486,370.208125],""world_xy_yaw"":[0.251441,0.913146,1.322979],""pnp_valid"":true,""pnp_camera_xyz"":[0.319133,0.05022,1.259962],""pnp_camera_quat_xyzw"":[-0.031331,-0.037368,0.611066,0.790076],""pnp_camera_rpy_deg"":[-5.462595,-1.189318,75.495439],""pnp_reprojection_error_px"":0.059008}]",1,0.124217,152.492188,97.639354,,0,,0,,
2026-08-12T15:26:03.840861+00:00,21139.124527777,onboard_overhead_fish_dynamic,0,"[0.0,0.0,0.0,0.0]",0,0,0,0,,,,,,,,,,,,,,,,,,,,,,,,,,,,1,0.001200,93,1786548363.796983004,finsrov_stereo_left_optical,"[0.03869631764624948,-0.17810792038013712,0.2756301491850852]","[0.0,0.0,0.0,1.0]","[0.0025,0.0025,0.0025,1000000.0,1000000.0,1000000.0]",0.001036,139,1,"[15,16,17]","[0.242912,0.575287,0.083866]","[{""tag_id"":15,""target_match"":true,""family"":""tag25h9"",""hamming"":0,""decision_margin"":75.351479,""pixel_xy"":[818.173479,585.673596],""world_xy_yaw"":[0.248931,0.650278,0.066267],""pnp_valid"":true,""pnp_camera_xyz"":[0.324762,0.567188,1.301899],""pnp_camera_quat_xyzw"":[-0.037463,-0.008722,0.035622,0.998625],""pnp_camera_rpy_deg"":[-4.327204,-0.845241,4.11782],""pnp_reprojection_error_px"":0.016564},{""tag_id"":16,""target_match"":true,""family"":""tag25h9"",""hamming"":0,""decision_margin"":149.374878,""pixel_xy"":[814.59063,647.141973],""world_xy_yaw"":[0.242912,0.575287,0.083866],""pnp_valid"":true,""pnp_camera_xyz"":[0.31262,0.706153,1.286459],""pnp_camera_quat_xyzw"":[-0.052201,-0.002688,0.038991,0.997872],""pnp_camera_rpy_deg"":[-5.991952,-0.074105,4.479168],""pnp_reprojection_error_px"":0.185786},{""tag_id"":17,""target_match"":true,""family"":""tag25h9"",""hamming"":0,""decision_margin"":138.175644,""pixel_xy"":[818.962025,370.06509],""world_xy_yaw"":[0.250256,0.913321,1.316914],""pnp_valid"":true,""pnp_camera_xyz"":[0.317512,0.049926,1.260178],""pnp_camera_quat_xyzw"":[-0.033063,-0.034334,0.60924,0.791552],""pnp_camera_rpy_deg"":[-5.404463,-0.806051,75.207375],""pnp_reprojection_error_px"":0.069481}]",1,0.185786,149.374878,97.696493,,0,,0,,
2026-08-12T15:26:03.890062+00:00,21139.173734412,onboard_overhead_fish_dynamic,0,"[0.0,0.0,0.0,0.0]",0,0,0,0,,,,,,,,,,,,,,,,,,,,,,,,,,,,1,0.000681,94,1786548363.846973896,finsrov_stereo_left_optical,"[0.041784675747689015,-0.17011204150653436,0.2783557900617736]","[0.0,0.0,0.0,1.0]","[0.0025,0.0025,0.0025,1000000.0,1000000.0,1000000.0]",0.000333,141,1,"[16,17]","[0.243616,0.575188,0.076451]","[{""tag_id"":16,""target_match"":true,""family"":""tag25h9"",""hamming"":0,""decision_margin"":153.21434,""pixel_xy"":[815.009751,647.222881],""world_xy_yaw"":[0.243616,0.575188,0.076451],""pnp_valid"":true,""pnp_camera_xyz"":[0.316343,0.712788,1.298481],""pnp_camera_quat_xyzw"":[-0.053505,-0.015939,0.044136,0.997464],""pnp_camera_rpy_deg"":[-6.210709,-1.551377,5.151388],""pnp_reprojection_error_px"":0.078227},{""tag_id"":17,""target_match"":true,""family"":""tag25h9"",""hamming"":0,""decision_margin"":139.634659,""pixel_xy"":[817.639199,369.925246],""world_xy_yaw"":[0.248034,0.913491,1.306148],""pnp_valid"":true,""pnp_camera_xyz"":[0.314414,0.049575,1.259725],""pnp_camera_quat_xyzw"":[-0.037703,-0.030062,0.606059,0.793957],""pnp_camera_rpy_deg"":[-5.526654,-0.116645,74.71752],""pnp_reprojection_error_px"":0.069741}]",1,0.078227,153.21434,97.161934,,0,,0,,
2026-08-12T15:26:03.942035+00:00,21139.225691493,onboard_overhead_fish_dynamic,0,"[0.0,0.0,0.0,0.0]",0,0,0,0,,,,,,,,,,,,,,,,,,,,,,,,,,,,1,0.002070,95,1786548363.896969318,finsrov_stereo_left_optical,"[0.05720706764667233,-0.14158515229897262,0.28493450467899045]","[0.0,0.0,0.0,1.0]","[0.0025,0.0025,0.0025,1000000.0,1000000.0,1000000.0]",0.001823,142,1,"[15,16,17]","[0.243995,0.575172,0.077469]","[{""tag_id"":15,""target_match"":true,""family"":""tag25h9"",""hamming"":0,""decision_margin"":135.981064,""pixel_xy"":[818.72205,586.498042],""world_xy_yaw"":[0.249853,0.649272,0.08408],""pnp_valid"":true,""pnp_camera_xyz"":[0.328693,0.572844,1.311411],""pnp_camera_quat_xyzw"":[-0.048318,-0.009259,0.041964,0.997907],""pnp_camera_rpy_deg"":[-5.579116,-0.826484,4.856229],""pnp_reprojection_error_px"":0.196905},{""tag_id"":16,""target_match"":true,""family"":""tag25h9"",""hamming"":0,""decision_margin"":153.866364,""pixel_xy"":[815.235047,647.236471],""world_xy_yaw"":[0.243995,0.575172,0.077469],""pnp_valid"":true,""pnp_camera_xyz"":[0.318914,0.71753,1.307157],""pnp_camera_quat_xyzw"":[-0.057532,-0.014656,0.044807,0.99723],""pnp_camera_rpy_deg"":[-6.666591,-1.379495,5.225634],""pnp_reprojection_error_px"":0.035941},{""tag_id"":17,""target_match"":true,""family"":""tag25h9"",""hamming"":0,""decision_margin"":139.97142,""pixel_xy"":[817.09312,369.93022],""world_xy_yaw"":[0.247116,0.913485,1.299485],""pnp_valid"":true,""pnp_camera_xyz"":[0.313252,0.049545,1.260203],""pnp_camera_quat_xyzw"":[-0.038279,-0.02678,0.604538,0.795205],""pnp_camera_rpy_deg"":[-5.351096,0.21147,74.476452],""pnp_reprojection_error_px"":0.043134}]",1,0.035941,153.866364,97.908756,,0,,0,,
2026-08-12T15:26:03.992341+00:00,21139.275984662,onboard_overhead_fish_dynamic,0,"[0.0,0.0,0.0,0.0]",0,0,0,0,,,,,,,,,,,,,,,,,,,,,,,,,,,,1,0.002291,96,1786548363.946958303,finsrov_stereo_left_optical,"[0.06272889867011372,-0.1276773780186541,0.2885914800346379]","[0.0,0.0,0.0,1.0]","[0.0025,0.0025,0.0025,1000000.0,1000000.0,1000000.0]",0.001262,144,1,"[15,16]","[0.244671,0.575031,0.072872]","[{""tag_id"":15,""target_match"":true,""family"":""tag25h9"",""hamming"":0,""decision_margin"":136.282333,""pixel_xy"":[818.98977,586.492949],""world_xy_yaw"":[0.250303,0.649279,0.087749],""pnp_valid"":true,""pnp_camera_xyz"":[0.329738,0.573511,1.312582],""pnp_camera_quat_xyzw"":[-0.051476,-0.011548,0.043278,0.997669],""pnp_camera_rpy_deg"":[-5.953978,-1.065003,5.023133],""pnp_reprojection_error_px"":0.174386},{""tag_id"":16,""target_match"":true,""family"":""tag25h9"",""hamming"":0,""decision_margin"":151.205811,""pixel_xy"":[815.637703,647.351252],""world_xy_yaw"":[0.244671,0.575031,0.072872],""pnp_valid"":true,""pnp_camera_xyz"":[0.320377,0.718876,1.309371],""pnp_camera_quat_xyzw"":[-0.052126,-0.016409,0.044261,0.997524],""pnp_camera_rpy_deg"":[-6.055246,-1.61152,5.166445],""pnp_reprojection_error_px"":0.033988}]",1,0.033988,151.205811,98.345203,,0,,0,,
2026-08-12T15:26:04.041591+00:00,21139.325258133,onboard_overhead_fish_dynamic,0,"[0.0,0.0,0.0,0.0]",0,0,0,0,,,,,,,,,,,,,,,,,,,,,,,,,,,,1,0.001556,97,1786548363.996964693,finsrov_stereo_left_optical,"[0.06455089457139113,-0.13228272986868594,0.2891231162620452]","[0.0,0.0,0.0,1.0]","[0.0025,0.0025,0.0025,1000000.0,1000000.0,1000000.0]",0.001293,145,1,"[16,17]","[0.244945,0.574884,0.069238]","[{""tag_id"":16,""target_match"":true,""family"":""tag25h9"",""hamming"":0,""decision_margin"":150.941177,""pixel_xy"":[815.800466,647.472159],""world_xy_yaw"":[0.244945,0.574884,0.069238],""pnp_valid"":true,""pnp_camera_xyz"":[0.31938,0.716172,1.303937],""pnp_camera_quat_xyzw"":[-0.050062,-0.020173,0.045118,0.997523],""pnp_camera_rpy_deg"":[-5.840626,-2.047582,5.283898],""pnp_reprojection_error_px"":0.042787},{""tag_id"":17,""target_match"":true,""family"":""tag25h9"",""hamming"":0,""decision_margin"":142.183502,""pixel_xy"":[815.743095,369.9267],""world_xy_yaw"":[0.244848,0.913489,1.293414],""pnp_valid"":true,""pnp_camera_xyz"":[0.310102,0.049567,1.260291],""pnp_camera_quat_xyzw"":[-0.037798,-0.024543,0.602341,0.796966],""pnp_camera_rpy_deg"":[-5.153019,0.367544,74.146909],""pnp_reprojection_error_px"":0.048173}]",1,0.042787,150.941177,98.802707,,0,,0,,
2026-08-12T15:26:04.091733+00:00,21139.375400294,onboard_overhead_fish_dynamic,0,"[0.0,0.0,0.0,0.0]",0,0,0,0,,,,,,,,,,,,,,,,,,,,,,,,,,,,1,0.001857,98,1786548364.046970606,finsrov_stereo_left_optical,"[0.06552803959880249,-0.1415054635186188,0.2867855250590794]","[0.0,0.0,0.0,1.0]","[0.0025,0.0025,0.0025,1000000.0,1000000.0,1000000.0]",0.000928,147,1,"[16,17]","[0.245218,0.574696,0.074737]","[{""tag_id"":16,""target_match"":true,""family"":""tag25h9"",""hamming"":0,""decision_margin"":149.259262,""pixel_xy"":[815.963128,647.62651],""world_xy_yaw"":[0.245218,0.574696,0.074737],""pnp_valid"":true,""pnp_camera_xyz"":[0.318005,0.712766,1.297093],""pnp_camera_quat_xyzw"":[-0.051894,-0.011503,0.044353,0.997601],""pnp_camera_rpy_deg"":[-6.002772,-1.051286,5.14642],""pnp_reprojection_error_px"":0.072492},{""tag_id"":17,""target_match"":true,""family"":""tag25h9"",""hamming"":0,""decision_margin"":138.160507,""pixel_xy"":[814.924083,369.577174],""world_xy_yaw"":[0.243472,0.913916,1.290904],""pnp_valid"":true,""pnp_camera_xyz"":[0.308042,0.048685,1.259502],""pnp_camera_quat_xyzw"":[-0.035031,-0.027079,0.600918,0.798083],""pnp_camera_rpy_deg"":[-5.07504,-0.064268,73.958811],""pnp_reprojection_error_px"":0.032426}]",1,0.072492,149.259262,97.987447,,0,,0,,
2026-08-12T15:26:04.141112+00:00,21139.424776251,onboard_overhead_fish_dynamic,0,"[0.0,0.0,0.0,0.0]",0,0,0,0,,,,,,,,,,,,,,,,,,,,,,,,,,,,1,0.001449,99,1786548364.096949339,finsrov_stereo_left_optical,"[0.06618510516727416,-0.14475033434330542,0.28501330589408946]","[0.0,0.0,0.0,1.0]","[0.0025,0.0025,0.0025,1000000.0,1000000.0,1000000.0]",0.001260,148,1,"[16,17]","[0.245328,0.57469,0.080842]","[{""tag_id"":16,""target_match"":true,""family"":""tag25h9"",""hamming"":0,""decision_margin"":152.973419,""pixel_xy"":[816.028721,647.631067],""world_xy_yaw"":[0.245328,0.57469,0.080842],""pnp_valid"":true,""pnp_camera_xyz"":[0.317133,0.710627,1.292966],""pnp_camera_quat_xyzw"":[-0.054898,-0.00292,0.043088,0.997558],""pnp_camera_rpy_deg"":[-6.302621,-0.062788,4.949936],""pnp_reprojection_error_px"":0.063164},{""tag_id"":17,""target_match"":true,""family"":""tag25h9"",""hamming"":0,""decision_margin"":140.098312,""pixel_xy"":[814.63594,369.384685],""world_xy_yaw"":[0.242988,0.914151,1.291564],""pnp_valid"":true,""pnp_camera_xyz"":[0.307245,0.048238,1.259176],""pnp_camera_quat_xyzw"":[-0.033876,-0.028064,0.600937,0.798085],""pnp_camera_rpy_deg"":[-5.037148,-0.233751,73.967825],""pnp_reprojection_error_px"":0.037873}]",1,0.063164,152.973419,97.788814,,0,,0,,
2026-08-12T15:26:04.190403+00:00,21139.474071745,onboard_overhead_fish_dynamic,0,"[0.0,0.0,0.0,0.0]",0,0,0,0,,,,,,,,,,,,,,,,,,,,,,,,,,,,1,0.000898,100,1786548364.147092342,finsrov_stereo_left_optical,"[0.06568063890115416,-0.14410456474303146,0.28408722446997536]","[0.0,0.0,0.0,1.0]","[0.0025,0.0025,0.0025,1000000.0,1000000.0,1000000.0]",0.000464,150,1,"[15,16,17]","[0.245292,0.574567,0.088545]","[{""tag_id"":15,""target_match"":true,""family"":""tag25h9"",""hamming"":0,""decision_margin"":57.148018,""pixel_xy"":[819.609869,586.260329],""world_xy_yaw"":[0.251345,0.649562,0.07905],""pnp_valid"":true,""pnp_camera_xyz"":[0.32911,0.569861,1.305042],""pnp_camera_quat_xyzw"":[-0.03986,-0.015382,0.043216,0.998152],""pnp_camera_rpy_deg"":[-4.642206,-1.56224,5.021607],""pnp_reprojection_error_px"":0.049619},{""tag_id"":16,""target_match"":true,""family"":""tag25h9"",""hamming"":0,""decision_margin"":151.452911,""pixel_xy"":[816.006859,647.732184],""world_xy_yaw"":[0.245292,0.574567,0.088545],""pnp_valid"":true,""pnp_camera_xyz"":[0.315576,0.706572,1.284988],""pnp_camera_quat_xyzw"":[-0.059267,-0.003586,0.042041,0.99735],""pnp_camera_rpy_deg"":[-6.806757,-0.124356,4.834859],""pnp_reprojection_error_px"":0.142943},{""tag_id"":17,""target_match"":true,""family"":""tag25h9"",""hamming"":0,""decision_margin"":137.561264,""pixel_xy"":[814.196493,369.251267],""world_xy_yaw"":[0.24225,0.914313,1.293329],""pnp_valid"":true,""pnp_camera_xyz"":[0.30583,0.047831,1.25739],""pnp_camera_quat_xyzw"":[-0.031221,-0.0352,0.600345,0.798356],""pnp_camera_rpy_deg"":[-5.286246,-1.072459,73.934142],""pnp_reprojection_error_px"":0.023322}]",1,0.142943,151.452911,96.665013,,0,,0,,
2026-08-12T15:26:04.240602+00:00,21139.524269649,onboard_overhead_fish_dynamic,0,"[0.0,0.0,0.0,0.0]",0,0,0,0,,,,,,,,,,,,,,,,,,,,,,,,,,,,1,0.001007,101,1786548364.196964502,finsrov_stereo_left_optical,"[0.06487159044409468,-0.16236903702754857,0.28094026494210556]","[0.0,0.0,0.0,1.0]","[0.0025,0.0025,0.0025,1000000.0,1000000.0,1000000.0]",0.000870,151,1,"[15,16,17]","[0.245228,0.574502,0.090443]","[{""tag_id"":15,""target_match"":true,""family"":""tag25h9"",""hamming"":0,""decision_margin"":63.220875,""pixel_xy"":[819.656381,586.403527],""world_xy_yaw"":[0.251423,0.649388,0.079684],""pnp_valid"":true,""pnp_camera_xyz"":[0.329128,0.569697,1.30435],""pnp_camera_quat_xyzw"":[-0.037799,-0.012078,0.0415,0.99835],""pnp_camera_rpy_deg"":[-4.38696,-1.202123,4.806724],""pnp_reprojection_error_px"":0.132567},{""tag_id"":16,""target_match"":true,""family"":""tag25h9"",""hamming"":0,""decision_margin"":152.515991,""pixel_xy"":[815.969333,647.785241],""world_xy_yaw"":[0.245228,0.574502,0.090443],""pnp_valid"":true,""pnp_camera_xyz"":[0.316511,0.708531,1.288242],""pnp_camera_quat_xyzw"":[-0.062445,-0.006184,0.041603,0.997162],""pnp_camera_rpy_deg"":[-7.183779,-0.408987,4.803835],""pnp_reprojection_error_px"":0.245401},{""tag_id"":17,""target_match"":true,""family"":""tag25h9"",""hamming"":0,""decision_margin"":137.277069,""pixel_xy"":[814.09747,369.246489],""world_xy_yaw"":[0.242084,0.914319,1.295634],""pnp_valid"":true,""pnp_camera_xyz"":[0.30529,0.04778,1.256176],""pnp_camera_quat_xyzw"":[-0.031677,-0.036844,0.601011,0.797762],""pnp_camera_rpy_deg"":[-5.442596,-1.186623,74.043079],""pnp_reprojection_error_px"":0.025907}]",1,0.245401,152.515991,96.658186,,0,,0,,
2026-08-12T15:26:04.290544+00:00,21139.574212530,onboard_overhead_fish_dynamic,0,"[0.0,0.0,0.0,0.0]",0,0,0,0,,,,,,,,,,,,,,,,,,,,,,,,,,,,1,0.000994,102,1786548364.246943712,finsrov_stereo_left_optical,"[0.06418758451328205,-0.16368052508360886,0.28067468334958434]","[0.0,0.0,0.0,1.0]","[0.0025,0.0025,0.0025,1000000.0,1000000.0,1000000.0]",0.000515,153,1,"[16,17]","[0.245553,0.574191,0.081827]","[{""tag_id"":16,""target_match"":true,""family"":""tag25h9"",""hamming"":0,""decision_margin"":153.58432,""pixel_xy"":[816.162754,648.039927],""world_xy_yaw"":[0.245553,0.574191,0.081827],""pnp_valid"":true,""pnp_camera_xyz"":[0.319234,0.714694,1.298462],""pnp_camera_quat_xyzw"":[-0.063459,-0.01745,0.04558,0.99679],""pnp_camera_rpy_deg"":[-7.363034,-1.661926,5.343225],""pnp_reprojection_error_px"":0.131705},{""tag_id"":17,""target_match"":true,""family"":""tag25h9"",""hamming"":0,""decision_margin"":137.916077,""pixel_xy"":[813.886297,369.005798],""world_xy_yaw"":[0.241729,0.914613,1.297452],""pnp_valid"":true,""pnp_camera_xyz"":[0.305158,0.04719,1.257701],""pnp_camera_quat_xyzw"":[-0.029942,-0.0394,0.6019,0.797037],""pnp_camera_rpy_deg"":[-5.462454,-1.533578,74.191318],""pnp_reprojection_error_px"":0.0161}]",1,0.131705,153.58432,96.812113,,0,,0,,
2026-08-12T15:26:04.342306+00:00,21139.625962164,onboard_overhead_fish_dynamic,0,"[0.0,0.0,0.0,0.0]",0,0,0,0,,,,,,,,,,,,,,,,,,,,,,,,,,,,1,0.002272,103,1786548364.296965122,finsrov_stereo_left_optical,"[0.07170067204096259,-0.1265724298816302,0.28836169446731896]","[0.0,0.0,0.0,1.0]","[0.0025,0.0025,0.0025,1000000.0,1000000.0,1000000.0]",0.002003,154,1,"[16,17]","[0.245912,0.573935,0.072483]","[{""tag_id"":16,""target_match"":true,""family"":""tag25h9"",""hamming"":0,""decision_margin"":153.660858,""pixel_xy"":[816.376359,648.249788],""world_xy_yaw"":[0.245912,0.573935,0.072483],""pnp_valid"":true,""pnp_camera_xyz"":[0.319627,0.715622,1.299412],""pnp_camera_quat_xyzw"":[-0.059464,-0.020172,0.046542,0.996941],""pnp_camera_rpy_deg"":[-6.921764,-1.987762,5.466042],""pnp_reprojection_error_px"":0.030043},{""tag_id"":17,""target_match"":true,""family"":""tag25h9"",""hamming"":0,""decision_margin"":139.510391,""pixel_xy"":[813.751333,368.686451],""world_xy_yaw"":[0.241502,0.915003,1.301203],""pnp_valid"":true,""pnp_camera_xyz"":[0.304839,0.046537,1.257666],""pnp_camera_quat_xyzw"":[-0.030196,-0.041753,0.602272,0.796626],""pnp_camera_rpy_deg"":[-5.649766,-1.727752,74.265885],""pnp_reprojection_error_px"":0.027106}]",1,0.030043,153.660858,96.822309,,0,,0,,
2026-08-12T15:26:04.391013+00:00,21139.674679123,onboard_overhead_fish_dynamic,0,"[0.0,0.0,0.0,0.0]",0,0,0,0,,,,,,,,,,,,,,,,,,,,,,,,,,,,1,0.001303,104,1786548364.346823215,finsrov_stereo_left_optical,"[0.07242188347620088,-0.13665512057363116,0.29100946584655024]","[0.0,0.0,0.0,1.0]","[0.0025,0.0025,0.0025,1000000.0,1000000.0,1000000.0]",0.000697,156,1,"[15,16,17]","[0.246191,0.573611,0.066184]","[{""tag_id"":15,""target_match"":true,""family"":""tag25h9"",""hamming"":0,""decision_margin"":100.463165,""pixel_xy"":[819.574769,587.444008],""world_xy_yaw"":[0.251286,0.648118,0.077285],""pnp_valid"":true,""pnp_camera_xyz"":[0.329783,0.573516,1.308197],""pnp_camera_quat_xyzw"":[-0.05348,-0.006832,0.039269,0.997773],""pnp_camera_rpy_deg"":[-6.157518,-0.540456,4.536704],""pnp_reprojection_error_px"":0.252189},{""tag_id"":16,""target_match"":true,""family"":""tag25h9"",""hamming"":0,""decision_margin"":150.723663,""pixel_xy"":[816.542166,648.515542],""world_xy_yaw"":[0.246191,0.573611,0.066184],""pnp_valid"":true,""pnp_camera_xyz"":[0.321294,0.71959,1.305037],""pnp_camera_quat_xyzw"":[-0.059271,-0.016891,0.043073,0.997169],""pnp_camera_rpy_deg"":[-6.875397,-1.637787,5.045181],""pnp_reprojection_error_px"":0.110536},{""tag_id"":17,""target_match"":true,""family"":""tag25h9"",""hamming"":0,""decision_margin"":143.496811,""pixel_xy"":[813.437855,367.847413],""world_xy_yaw"":[0.240976,0.916026,1.30017],""pnp_valid"":true,""pnp_camera_xyz"":[0.304743,0.044668,1.259993],""pnp_camera_quat_xyzw"":[-0.03096,-0.040331,0.602083,0.796813],""pnp_camera_rpy_deg"":[-5.620587,-1.546703,74.226267],""pnp_reprojection_error_px"":0.027921}]",1,0.110536,150.723663,96.666978,,0,,0,,
2026-08-12T15:26:04.440247+00:00,21139.723918701,onboard_overhead_fish_dynamic,0,"[0.0,0.0,0.0,0.0]",0,0,0,0,,,,,,,,,,,,,,,,,,,,,,,,,,,,1,0.000781,105,1786548364.397002459,finsrov_stereo_left_optical,"[0.07160760719958381,-0.1269833476695581,0.2950930006606728]","[0.0,0.0,0.0,1.0]","[0.0025,0.0025,0.0025,1000000.0,1000000.0,1000000.0]",0.000665,157,1,"[16,17]","[0.246206,0.573325,0.069536]","[{""tag_id"":16,""target_match"":true,""family"":""tag25h9"",""hamming"":0,""decision_margin"":151.01268,""pixel_xy"":[816.551435,648.750304],""world_xy_yaw"":[0.246206,0.573325,0.069536],""pnp_valid"":true,""pnp_camera_xyz"":[0.321394,0.720038,1.305207],""pnp_camera_quat_xyzw"":[-0.059933,-0.012038,0.041993,0.997246],""pnp_camera_rpy_deg"":[-6.924935,-1.087297,4.888318],""pnp_reprojection_error_px"":0.062198},{""tag_id"":17,""target_match"":true,""family"":""tag25h9"",""hamming"":0,""decision_margin"":139.708389,""pixel_xy"":[813.305017,367.380502],""world_xy_yaw"":[0.240752,0.916596,1.300517],""pnp_valid"":true,""pnp_camera_xyz"":[0.304476,0.043632,1.260063],""pnp_camera_quat_xyzw"":[-0.0323,-0.040548,0.601874,0.796907],""pnp_camera_rpy_deg"":[-5.757757,-1.475186,74.199009],""pnp_reprojection_error_px"":0.048909}]",1,0.062198,151.01268,97.470369,,0,,0,,
2026-08-12T15:26:04.491352+00:00,21139.775013934,onboard_overhead_fish_dynamic,0,"[0.0,0.0,0.0,0.0]",0,0,0,0,,,,,,,,,,,,,,,,,,,,,,,,,,,,1,0.001546,106,1786548364.446946859,finsrov_stereo_left_optical,"[0.06918433925547834,-0.14481087219115663,0.29375762971596114]","[0.0,0.0,0.0,1.0]","[0.0025,0.0025,0.0025,1000000.0,1000000.0,1000000.0]",0.000820,159,1,"[16,17]","[0.24624,0.57276,0.077258]","[{""tag_id"":16,""target_match"":true,""family"":""tag25h9"",""hamming"":0,""decision_margin"":150.818039,""pixel_xy"":[816.571524,649.213338],""world_xy_yaw"":[0.24624,0.57276,0.077258],""pnp_valid"":true,""pnp_camera_xyz"":[0.316769,0.709819,1.285119],""pnp_camera_quat_xyzw"":[-0.044477,-0.006341,0.040472,0.99817],""pnp_camera_rpy_deg"":[-5.123819,-0.519083,4.666943],""pnp_reprojection_error_px"":0.115734},{""tag_id"":17,""target_match"":true,""family"":""tag25h9"",""hamming"":0,""decision_margin"":138.145813,""pixel_xy"":[813.216706,366.500384],""world_xy_yaw"":[0.240604,0.91767,1.296999],""pnp_valid"":true,""pnp_camera_xyz"":[0.304562,0.041604,1.261288],""pnp_camera_quat_xyzw"":[-0.034933,-0.038646,0.601237,0.79737],""pnp_camera_rpy_deg"":[-5.865921,-1.124464,74.092038],""pnp_reprojection_error_px"":0.03915}]",1,0.115734,150.818039,97.469002,,0,,0,,
2026-08-12T15:26:04.541933+00:00,21139.825590746,onboard_overhead_fish_dynamic,0,"[0.0,0.0,0.0,0.0]",0,0,0,0,,,,,,,,,,,,,,,,,,,,,,,,,,,,1,0.002063,107,1786548364.496970415,finsrov_stereo_left_optical,"[0.06426572530529201,-0.1674536938217689,0.2898877274013901]","[0.0,0.0,0.0,1.0]","[0.0025,0.0025,0.0025,1000000.0,1000000.0,1000000.0]",0.001815,160,1,"[16,17]","[0.246298,0.572719,0.07883]","[{""tag_id"":16,""target_match"":true,""family"":""tag25h9"",""hamming"":0,""decision_margin"":153.317993,""pixel_xy"":[816.605868,649.246635],""world_xy_yaw"":[0.246298,0.572719,0.07883],""pnp_valid"":true,""pnp_camera_xyz"":[0.316468,0.709309,1.283622],""pnp_camera_quat_xyzw"":[-0.04542,-0.002582,0.03931,0.998191],""pnp_camera_rpy_deg"":[-5.214199,-0.090762,4.514609],""pnp_reprojection_error_px"":0.054308},{""tag_id"":17,""target_match"":true,""family"":""tag25h9"",""hamming"":0,""decision_margin"":139.323029,""pixel_xy"":[813.249782,366.091046],""world_xy_yaw"":[0.24066,0.918169,1.295723],""pnp_valid"":true,""pnp_camera_xyz"":[0.304773,0.04067,1.26161],""pnp_camera_quat_xyzw"":[-0.036076,-0.037548,0.600824,0.797684],""pnp_camera_rpy_deg"":[-5.893945,-0.948381,74.023741],""pnp_reprojection_error_px"":0.059152}]",1,0.054308,153.317993,98.075014,,0,,0,,
2026-08-12T15:26:04.591942+00:00,21139.875602964,onboard_overhead_fish_dynamic,0,"[0.0,0.0,0.0,0.0]",0,0,0,0,,,,,,,,,,,,,,,,,,,,,,,,,,,,1,0.001835,108,1786548364.547235250,finsrov_stereo_left_optical,"[0.06344671493084081,-0.16777198703858842,0.29104393065844353]","[0.0,0.0,0.0,1.0]","[0.0025,0.0025,0.0025,1000000.0,1000000.0,1000000.0]",0.000951,162,1,"[16,17]","[0.246687,0.572758,0.079375]","[{""tag_id"":16,""target_match"":true,""family"":""tag25h9"",""hamming"":0,""decision_margin"":149.836807,""pixel_xy"":[816.837439,649.214772],""world_xy_yaw"":[0.246687,0.572758,0.079375],""pnp_valid"":true,""pnp_camera_xyz"":[0.317072,0.709659,1.283949],""pnp_camera_quat_xyzw"":[-0.050219,-0.008375,0.042483,0.997799],""pnp_camera_rpy_deg"":[-5.793041,-0.713187,4.912029],""pnp_reprojection_error_px"":0.105829},{""tag_id"":17,""target_match"":true,""family"":""tag25h9"",""hamming"":0,""decision_margin"":140.945374,""pixel_xy"":[813.662684,365.473178],""world_xy_yaw"":[0.241353,0.918923,1.294641],""pnp_valid"":true,""pnp_camera_xyz"":[0.305874,0.039267,1.262486],""pnp_camera_quat_xyzw"":[-0.039508,-0.035882,0.601101,0.797389],""pnp_camera_rpy_deg"":[-6.093328,-0.557354,74.05037],""pnp_reprojection_error_px"":0.041238}]",1,0.105829,149.836807,97.40211,,0,,0,,
2026-08-12T15:26:04.640189+00:00,21139.923862207,onboard_overhead_fish_dynamic,0,"[0.0,0.0,0.0,0.0]",0,0,0,0,,,,,,,,,,,,,,,,,,,,,,,,,,,,1,0.000711,109,1786548364.596937180,finsrov_stereo_left_optical,"[0.06577386606297086,-0.1621395474227857,0.2928549062737873]","[0.0,0.0,0.0,1.0]","[0.0025,0.0025,0.0025,1000000.0,1000000.0,1000000.0]",0.000596,163,1,"[16,17]","[0.246764,0.572688,0.082199]","[{""tag_id"":16,""target_match"":true,""family"":""tag25h9"",""hamming"":0,""decision_margin"":151.505661,""pixel_xy"":[816.883154,649.272154],""world_xy_yaw"":[0.246764,0.572688,0.082199],""pnp_valid"":true,""pnp_camera_xyz"":[0.319695,0.715066,1.2937],""pnp_camera_quat_xyzw"":[-0.058401,-0.006825,0.041743,0.997397],""pnp_camera_rpy_deg"":[-6.723184,-0.500747,4.822531],""pnp_reprojection_error_px"":0.103803},{""tag_id"":17,""target_match"":true,""family"":""tag25h9"",""hamming"":0,""decision_margin"":143.906281,""pixel_xy"":[813.971794,365.216464],""world_xy_yaw"":[0.241873,0.919236,1.296101],""pnp_valid"":true,""pnp_camera_xyz"":[0.306555,0.038628,1.262325],""pnp_camera_quat_xyzw"":[-0.03988,-0.036885,0.601824,0.796779],""pnp_camera_rpy_deg"":[-6.197423,-0.617479,74.162404],""pnp_reprojection_error_px"":0.029446}]",1,0.103803,151.505661,97.394195,,0,,0,,
2026-08-12T15:26:04.690879+00:00,21139.974545990,onboard_overhead_fish_dynamic,0,"[0.0,0.0,0.0,0.0]",0,0,0,0,,,,,,,,,,,,,,,,,,,,,,,,,,,,1,0.001182,110,1786548364.647099495,finsrov_stereo_left_optical,"[0.06776087693095223,-0.14059750573346408,0.2985137544607045]","[0.0,0.0,0.0,1.0]","[0.0025,0.0025,0.0025,1000000.0,1000000.0,1000000.0]",0.000619,165,1,"[16,17]","[0.247076,0.572632,0.088104]","[{""tag_id"":16,""target_match"":true,""family"":""tag25h9"",""hamming"":0,""decision_margin"":151.120346,""pixel_xy"":[817.069352,649.318069],""world_xy_yaw"":[0.247076,0.572632,0.088104],""pnp_valid"":true,""pnp_camera_xyz"":[0.325246,0.726762,1.314659],""pnp_camera_quat_xyzw"":[-0.079012,-0.003725,0.043426,0.99592],""pnp_camera_rpy_deg"":[-9.073564,-0.031885,4.996028],""pnp_reprojection_error_px"":0.074958},{""tag_id"":17,""target_match"":true,""family"":""tag25h9"",""hamming"":0,""decision_margin"":142.452347,""pixel_xy"":[814.854203,364.79338],""world_xy_yaw"":[0.243355,0.919752,1.298807],""pnp_valid"":true,""pnp_camera_xyz"":[0.308904,0.037628,1.263766],""pnp_camera_quat_xyzw"":[-0.041782,-0.03629,0.603762,0.795242],""pnp_camera_rpy_deg"":[-6.331339,-0.416298,74.435869],""pnp_reprojection_error_px"":0.002232}]",1,0.074958,151.120346,96.217369,,0,,0,,
2026-08-12T15:26:04.741312+00:00,21140.024976089,onboard_overhead_fish_dynamic,0,"[0.0,0.0,0.0,0.0]",0,0,0,0,,,,,,,,,,,,,,,,,,,,,,,,,,,,1,0.001531,111,1786548364.697024345,finsrov_stereo_left_optical,"[0.07503009988404069,-0.09140882505754688,0.30845523425673993]","[0.0,0.0,0.0,1.0]","[0.0025,0.0025,0.0025,1000000.0,1000000.0,1000000.0]",0.001335,166,1,"[16,17]","[0.247475,0.572492,0.084605]","[{""tag_id"":16,""target_match"":true,""family"":""tag25h9"",""hamming"":0,""decision_margin"":149.44014,""pixel_xy"":[817.30663,649.432542],""world_xy_yaw"":[0.247475,0.572492,0.084605],""pnp_valid"":true,""pnp_camera_xyz"":[0.324903,0.725139,1.311495],""pnp_camera_quat_xyzw"":[-0.075,-0.012161,0.047351,0.995984],""pnp_camera_rpy_deg"":[-8.660064,-0.981018,5.518028],""pnp_reprojection_error_px"":0.011332},{""tag_id"":17,""target_match"":true,""family"":""tag25h9"",""hamming"":0,""decision_margin"":142.866058,""pixel_xy"":[815.350103,364.554969],""world_xy_yaw"":[0.244188,0.920043,1.3042],""pnp_valid"":true,""pnp_camera_xyz"":[0.309742,0.037105,1.262316],""pnp_camera_quat_xyzw"":[-0.041652,-0.040306,0.604453,0.79453],""pnp_camera_rpy_deg"":[-6.599218,-0.784705,74.57071],""pnp_reprojection_error_px"":0.034556}]",1,0.011332,149.44014,96.754945,,0,,0,,
2026-08-12T15:26:04.792233+00:00,21140.075889014,onboard_overhead_fish_dynamic,0,"[0.0,0.0,0.0,0.0]",0,0,0,0,,,,,,,,,,,,,,,,,,,,,,,,,,,,1,0.002261,112,1786548364.747085094,finsrov_stereo_left_optical,"[0.07819093929398074,-0.09955224382085714,0.30728065754563233]","[0.0,0.0,0.0,1.0]","[0.0025,0.0025,0.0025,1000000.0,1000000.0,1000000.0]",0.001244,168,1,"[16,17]","[0.248035,0.5722,0.081129]","[{""tag_id"":16,""target_match"":true,""family"":""tag25h9"",""hamming"":0,""decision_margin"":153.33168,""pixel_xy"":[817.640077,649.672456],""world_xy_yaw"":[0.248035,0.5722,0.081129],""pnp_valid"":true,""pnp_camera_xyz"":[0.322208,0.717887,1.297606],""pnp_camera_quat_xyzw"":[-0.062035,-0.020121,0.050667,0.996584],""pnp_camera_rpy_deg"":[-7.224491,-1.938007,5.943282],""pnp_reprojection_error_px"":0.072792},{""tag_id"":17,""target_match"":true,""family"":""tag25h9"",""hamming"":0,""decision_margin"":141.546082,""pixel_xy"":[816.453684,363.94404],""world_xy_yaw"":[0.246042,0.920788,1.312228],""pnp_valid"":true,""pnp_camera_xyz"":[0.312255,0.035691,1.261983],""pnp_camera_quat_xyzw"":[-0.041374,-0.042406,0.606997,0.792493],""pnp_camera_rpy_deg"":[-6.723276,-0.973275,74.956561],""pnp_reprojection_error_px"":0.050384}]",1,0.072792,153.33168,96.948744,,0,,0,,
2026-08-12T15:26:04.841997+00:00,21140.125655065,onboard_overhead_fish_dynamic,0,"[0.0,0.0,0.0,0.0]",0,0,0,0,,,,,,,,,,,,,,,,,,,,,,,,,,,,1,0.002060,113,1786548364.797060013,finsrov_stereo_left_optical,"[0.07520856851434793,-0.13195346103733818,0.30311084900477325]","[0.0,0.0,0.0,1.0]","[0.0025,0.0025,0.0025,1000000.0,1000000.0,1000000.0]",0.001809,169,1,"[16,17]","[0.248008,0.572032,0.082455]","[{""tag_id"":16,""target_match"":true,""family"":""tag25h9"",""hamming"":0,""decision_margin"":153.910019,""pixel_xy"":[817.623565,649.809683],""world_xy_yaw"":[0.248008,0.572032,0.082455],""pnp_valid"":true,""pnp_camera_xyz"":[0.321034,0.715582,1.292921],""pnp_camera_quat_xyzw"":[-0.058364,-0.013881,0.048111,0.997039],""pnp_camera_rpy_deg"":[-6.76209,-1.264291,5.599945],""pnp_reprojection_error_px"":0.086201},{""tag_id"":17,""target_match"":true,""family"":""tag25h9"",""hamming"":0,""decision_margin"":140.165253,""pixel_xy"":[817.002702,363.562943],""world_xy_yaw"":[0.246965,0.921253,1.319749],""pnp_valid"":true,""pnp_camera_xyz"":[0.313366,0.034829,1.261163],""pnp_camera_quat_xyzw"":[-0.04062,-0.046169,0.608707,0.791008],""pnp_camera_rpy_deg"":[-6.921022,-1.351628,75.240744],""pnp_reprojection_error_px"":0.07747}]",1,0.086201,153.910019,96.306191,,0,,0,,
2026-08-12T15:26:04.890250+00:00,21140.173921070,onboard_overhead_fish_dynamic,0,"[0.0,0.0,0.0,0.0]",0,0,0,0,,,,,,,,,,,,,,,,,,,,,,,,,,,,1,0.000766,114,1786548364.847047567,finsrov_stereo_left_optical,"[0.06635089116312198,-0.14440192265343021,0.3025956904558901]","[0.0,0.0,0.0,1.0]","[0.0025,0.0025,0.0025,1000000.0,1000000.0,1000000.0]",0.000382,171,1,"[16,17]","[0.247936,0.571949,0.085901]","[{""tag_id"":16,""target_match"":true,""family"":""tag25h9"",""hamming"":0,""decision_margin"":150.400177,""pixel_xy"":[817.580811,649.87766],""world_xy_yaw"":[0.247936,0.571949,0.085901],""pnp_valid"":true,""pnp_camera_xyz"":[0.319933,0.713997,1.289023],""pnp_camera_quat_xyzw"":[-0.055376,-0.005829,0.045999,0.997388],""pnp_camera_rpy_deg"":[-6.373056,-0.374279,5.301947],""pnp_reprojection_error_px"":0.081251},{""tag_id"":17,""target_match"":true,""family"":""tag25h9"",""hamming"":0,""decision_margin"":139.671661,""pixel_xy"":[818.147598,362.849644],""world_xy_yaw"":[0.248888,0.922123,1.328555],""pnp_valid"":true,""pnp_camera_xyz"":[0.316085,0.0332,1.261423],""pnp_camera_quat_xyzw"":[-0.037367,-0.047365,0.611448,0.788982],""pnp_camera_rpy_deg"":[-6.71528,-1.664399,75.647847],""pnp_reprojection_error_px"":0.086157}]",1,0.081251,150.400177,96.780105,,0,,0,,
2026-08-12T15:26:04.942205+00:00,21140.225859247,onboard_overhead_fish_dynamic,0,"[0.0,0.0,0.0,0.0]",0,0,0,0,,,,,,,,,,,,,,,,,,,,,,,,,,,,1,0.002249,115,1786548364.896955967,finsrov_stereo_left_optical,"[0.06466064975599978,-0.14775255374122453,0.3032240677020489]","[0.0,0.0,0.0,1.0]","[0.0025,0.0025,0.0025,1000000.0,1000000.0,1000000.0]",0.001982,172,1,"[16,17]","[0.247851,0.571782,0.090639]","[{""tag_id"":16,""target_match"":true,""family"":""tag25h9"",""hamming"":0,""decision_margin"":149.196854,""pixel_xy"":[817.530666,650.014453],""world_xy_yaw"":[0.247851,0.571782,0.090639],""pnp_valid"":true,""pnp_camera_xyz"":[0.320356,0.715012,1.29045],""pnp_camera_quat_xyzw"":[-0.053412,-0.008938,0.047901,0.997383],""pnp_camera_rpy_deg"":[-6.166054,-0.728415,5.53844],""pnp_reprojection_error_px"":0.070578},{""tag_id"":17,""target_match"":true,""family"":""tag25h9"",""hamming"":0,""decision_margin"":140.774933,""pixel_xy"":[818.717925,362.489812],""world_xy_yaw"":[0.249846,0.922562,1.331719],""pnp_valid"":true,""pnp_camera_xyz"":[0.317507,0.032379,1.26171],""pnp_camera_quat_xyzw"":[-0.036521,-0.047071,0.612539,0.788192],""pnp_camera_rpy_deg"":[-6.620142,-1.688256,75.802328],""pnp_reprojection_error_px"":0.096952}]",1,0.070578,149.196854,95.083702,,0,,0,,
2026-08-12T15:26:04.992337+00:00,21140.275981089,onboard_overhead_fish_dynamic,0,"[0.0,0.0,0.0,0.0]",0,0,0,0,,,,,,,,,,,,,,,,,,,,,,,,,,,,1,0.002240,116,1786548364.947013140,finsrov_stereo_left_optical,"[0.06827426365630035,-0.14568525389409015,0.30678032638090286]","[0.0,0.0,0.0,1.0]","[0.0025,0.0025,0.0025,1000000.0,1000000.0,1000000.0]",0.001235,174,1,"[16,17]","[0.247691,0.571433,0.096559]","[{""tag_id"":16,""target_match"":true,""family"":""tag25h9"",""hamming"":0,""decision_margin"":150.087646,""pixel_xy"":[817.435207,650.300786],""world_xy_yaw"":[0.247691,0.571433,0.096559],""pnp_valid"":true,""pnp_camera_xyz"":[0.321983,0.719038,1.296793],""pnp_camera_quat_xyzw"":[-0.051942,-0.015739,0.051241,0.99721],""pnp_camera_rpy_deg"":[-6.041123,-1.493673,5.961892],""pnp_reprojection_error_px"":0.18489},{""tag_id"":17,""target_match"":true,""family"":""tag25h9"",""hamming"":0,""decision_margin"":140.368347,""pixel_xy"":[819.852442,361.901841],""world_xy_yaw"":[0.251752,0.92328,1.331082],""pnp_valid"":true,""pnp_camera_xyz"":[0.319652,0.030813,1.260061],""pnp_camera_quat_xyzw"":[-0.039215,-0.048905,0.613549,0.787164],""pnp_camera_rpy_deg"":[-6.995968,-1.654473,75.969852],""pnp_reprojection_error_px"":0.037084}]",1,0.18489,150.087646,95.533036,,0,,0,,
2026-08-12T15:26:05.043352+00:00,21140.326997354,onboard_overhead_fish_dynamic,0,"[0.0,0.0,0.0,0.0]",0,0,0,0,,,,,,,,,,,,,,,,,,,,,,,,,,,,1,0.002917,117,1786548364.997055769,finsrov_stereo_left_optical,"[0.06940092671619658,-0.14327532318849034,0.3088344457753023]","[0.0,0.0,0.0,1.0]","[0.0025,0.0025,0.0025,1000000.0,1000000.0,1000000.0]",0.002538,175,1,"[16,17]","[0.247808,0.571425,0.093226]","[{""tag_id"":16,""target_match"":true,""family"":""tag25h9"",""hamming"":0,""decision_margin"":150.751099,""pixel_xy"":[817.504816,650.307593],""world_xy_yaw"":[0.247808,0.571425,0.093226],""pnp_valid"":true,""pnp_camera_xyz"":[0.323271,0.722023,1.30181],""pnp_camera_quat_xyzw"":[-0.055209,-0.021904,0.053695,0.996789],""pnp_camera_rpy_deg"":[-6.459231,-2.162778,6.288858],""pnp_reprojection_error_px"":0.136456},{""tag_id"":17,""target_match"":true,""family"":""tag25h9"",""hamming"":0,""decision_margin"":137.603622,""pixel_xy"":[820.378365,361.581382],""world_xy_yaw"":[0.252636,0.923671,1.330879],""pnp_valid"":true,""pnp_camera_xyz"":[0.321167,0.030099,1.261272],""pnp_camera_quat_xyzw"":[-0.038542,-0.047237,0.613736,0.787154],""pnp_camera_rpy_deg"":[-6.817172,-1.55042,75.978659],""pnp_reprojection_error_px"":0.032851}]",1,0.136456,150.751099,95.047256,,0,,0,,
2026-08-12T15:26:05.090490+00:00,21140.374158998,onboard_overhead_fish_dynamic,0,"[0.0,0.0,0.0,0.0]",0,0,0,0,,,,,,,,,,,,,,,,,,,,,,,,,,,,1,0.000988,118,1786548365.046995878,finsrov_stereo_left_optical,"[0.0722052722019636,-0.13512073050569928,0.3120694892524844]","[0.0,0.0,0.0,1.0]","[0.0025,0.0025,0.0025,1000000.0,1000000.0,1000000.0]",0.000516,177,1,"[16,17]","[0.248161,0.571143,0.086319]","[{""tag_id"":16,""target_match"":true,""family"":""tag25h9"",""hamming"":0,""decision_margin"":151.948212,""pixel_xy"":[817.715182,650.538825],""world_xy_yaw"":[0.248161,0.571143,0.086319],""pnp_valid"":true,""pnp_camera_xyz"":[0.325366,0.726662,1.309701],""pnp_camera_quat_xyzw"":[-0.067154,-0.019813,0.053155,0.996129],""pnp_camera_rpy_deg"":[-7.814441,-1.852875,6.235593],""pnp_reprojection_error_px"":0.081289},{""tag_id"":17,""target_match"":true,""family"":""tag25h9"",""hamming"":0,""decision_margin"":140.290131,""pixel_xy"":[821.357472,361.157562],""world_xy_yaw"":[0.254281,0.924188,1.331407],""pnp_valid"":true,""pnp_camera_xyz"":[0.323247,0.029108,1.260711],""pnp_camera_quat_xyzw"":[-0.040533,-0.048007,0.613986,0.786812],""pnp_camera_rpy_deg"":[-7.052296,-1.476767,76.024144],""pnp_reprojection_error_px"":0.017569}]",1,0.081289,151.948212,94.484081,,0,,0,,
2026-08-12T15:26:05.141022+00:00,21140.424691030,onboard_overhead_fish_dynamic,0,"[0.0,0.0,0.0,0.0]",0,0,0,0,,,,,,,,,,,,,,,,,,,,,,,,,,,,1,0.001310,119,1786548365.097084045,finsrov_stereo_left_optical,"[0.07308122477502854,-0.10945159735471,0.31712088686297263]","[0.0,0.0,0.0,1.0]","[0.0025,0.0025,0.0025,1000000.0,1000000.0,1000000.0]",0.001117,178,1,"[16,17]","[0.248304,0.571106,0.084662]","[{""tag_id"":16,""target_match"":true,""family"":""tag25h9"",""hamming"":0,""decision_margin"":149.68335,""pixel_xy"":[817.800233,650.569189],""world_xy_yaw"":[0.248304,0.571106,0.084662],""pnp_valid"":true,""pnp_camera_xyz"":[0.324335,0.724309,1.305221],""pnp_camera_quat_xyzw"":[-0.065965,-0.018283,0.052996,0.996246],""pnp_camera_rpy_deg"":[-7.66786,-1.686869,6.203067],""pnp_reprojection_error_px"":0.103108},{""tag_id"":17,""target_match"":true,""family"":""tag25h9"",""hamming"":0,""decision_margin"":142.080292,""pixel_xy"":[821.803235,360.921181],""world_xy_yaw"":[0.255029,0.924476,1.333968],""pnp_valid"":true,""pnp_camera_xyz"":[0.324014,0.028675,1.259809],""pnp_camera_quat_xyzw"":[-0.040463,-0.049799,0.613578,0.787022],""pnp_camera_rpy_deg"":[-7.172318,-1.64637,75.984579],""pnp_reprojection_error_px"":0.070455}]",1,0.103108,149.68335,95.474446,,0,,0,,
2026-08-12T15:26:05.190311+00:00,21140.473982051,onboard_overhead_fish_dynamic,0,"[0.0,0.0,0.0,0.0]",0,0,0,0,,,,,,,,,,,,,,,,,,,,,,,,,,,,1,0.000773,120,1786548365.147231817,finsrov_stereo_left_optical,"[0.0708934012209661,-0.11469649056078135,0.31587784895626025]","[0.0,0.0,0.0,1.0]","[0.0025,0.0025,0.0025,1000000.0,1000000.0,1000000.0]",0.000383,180,1,"[16,17]","[0.24842,0.571095,0.08283]","[{""tag_id"":16,""target_match"":true,""family"":""tag25h9"",""hamming"":0,""decision_margin"":147.578934,""pixel_xy"":[817.868943,650.578018],""world_xy_yaw"":[0.24842,0.571095,0.08283],""pnp_valid"":true,""pnp_camera_xyz"":[0.322284,0.719508,1.296277],""pnp_camera_quat_xyzw"":[-0.061193,-0.016265,0.051134,0.996683],""pnp_camera_rpy_deg"":[-7.10483,-1.499298,5.966915],""pnp_reprojection_error_px"":0.085352},{""tag_id"":17,""target_match"":true,""family"":""tag25h9"",""hamming"":0,""decision_margin"":139.306793,""pixel_xy"":[822.442378,360.543561],""world_xy_yaw"":[0.256103,0.924937,1.335517],""pnp_valid"":true,""pnp_camera_xyz"":[0.326093,0.027711,1.261777],""pnp_camera_quat_xyzw"":[-0.041525,-0.04921,0.615257,0.785693],""pnp_camera_rpy_deg"":[-7.229789,-1.503131,76.222251],""pnp_reprojection_error_px"":0.04165}]",1,0.085352,147.578934,93.723097,,0,,0,,
2026-08-12T15:26:05.241708+00:00,21140.525365348,onboard_overhead_fish_dynamic,0,"[0.0,0.0,0.0,0.0]",0,0,0,0,,,,,,,,,,,,,,,,,,,,,,,,,,,,1,0.001913,121,1786548365.196958065,finsrov_stereo_left_optical,"[0.06365685120550257,-0.13222173660210756,0.31393286235104323]","[0.0,0.0,0.0,1.0]","[0.0025,0.0025,0.0025,1000000.0,1000000.0,1000000.0]",0.001694,181,1,"[16,17]","[0.248244,0.570926,0.088314]","[{""tag_id"":16,""target_match"":true,""family"":""tag25h9"",""hamming"":0,""decision_margin"":146.736298,""pixel_xy"":[817.764494,650.716077],""world_xy_yaw"":[0.248244,0.570926,0.088314],""pnp_valid"":true,""pnp_camera_xyz"":[0.320914,0.716608,1.290841],""pnp_camera_quat_xyzw"":[-0.056337,-0.014037,0.050478,0.997036],""pnp_camera_rpy_deg"":[-6.533536,-1.277952,5.869518],""pnp_reprojection_error_px"":0.08051},{""tag_id"":17,""target_match"":true,""family"":""tag25h9"",""hamming"":0,""decision_margin"":141.20459,""pixel_xy"":[822.743206,360.300047],""world_xy_yaw"":[0.256609,0.925234,1.337737],""pnp_valid"":true,""pnp_camera_xyz"":[0.326716,0.027207,1.261564],""pnp_camera_quat_xyzw"":[-0.041837,-0.050108,0.615471,0.785452],""pnp_camera_rpy_deg"":[-7.322185,-1.559574,76.263516],""pnp_reprojection_error_px"":0.053174}]",1,0.08051,146.736298,94.633192,,0,,0,,
2026-08-12T15:26:05.290303+00:00,21140.573974932,onboard_overhead_fish_dynamic,0,"[0.0,0.0,0.0,0.0]",0,0,0,0,,,,,,,,,,,,,,,,,,,,,,,,,,,,1,0.000777,122,1786548365.247126102,finsrov_stereo_left_optical,"[0.060616985625196296,-0.14414315590910998,0.312081112312656]","[0.0,0.0,0.0,1.0]","[0.0025,0.0025,0.0025,1000000.0,1000000.0,1000000.0]",0.000385,183,1,"[16,17]","[0.247692,0.570924,0.090592]","[{""tag_id"":16,""target_match"":true,""family"":""tag25h9"",""hamming"":0,""decision_margin"":148.586945,""pixel_xy"":[817.435564,650.718287],""world_xy_yaw"":[0.247692,0.570924,0.090592],""pnp_valid"":true,""pnp_camera_xyz"":[0.32024,0.716884,1.290894],""pnp_camera_quat_xyzw"":[-0.054028,-0.006364,0.046659,0.997428],""pnp_camera_rpy_deg"":[-6.221686,-0.438526,5.380417],""pnp_reprojection_error_px"":0.061428},{""tag_id"":17,""target_match"":true,""family"":""tag25h9"",""hamming"":0,""decision_margin"":143.309647,""pixel_xy"":[823.233523,359.763629],""world_xy_yaw"":[0.257432,0.925888,1.342703],""pnp_valid"":true,""pnp_camera_xyz"":[0.328284,0.025994,1.263067],""pnp_camera_quat_xyzw"":[-0.044128,-0.051191,0.617317,0.783806],""pnp_camera_rpy_deg"":[-7.609492,-1.476431,76.545284],""pnp_reprojection_error_px"":0.066462}]",1,0.061428,148.586945,95.116858,,0,,0,,
2026-08-12T15:26:05.342147+00:00,21140.625802349,onboard_overhead_fish_dynamic,0,"[0.0,0.0,0.0,0.0]",0,0,0,0,,,,,,,,,,,,,,,,,,,,,,,,,,,,1,0.002233,123,1786548365.296972752,finsrov_stereo_left_optical,"[0.054541401460340144,-0.14810081688270516,0.3140791718567548]","[0.0,0.0,0.0,1.0]","[0.0025,0.0025,0.0025,1000000.0,1000000.0,1000000.0]",0.001982,184,1,"[16,17]","[0.247449,0.570795,0.089759]","[{""tag_id"":16,""target_match"":true,""family"":""tag25h9"",""hamming"":0,""decision_margin"":151.474106,""pixel_xy"":[817.290993,650.823717],""world_xy_yaw"":[0.247449,0.570795,0.089759],""pnp_valid"":true,""pnp_camera_xyz"":[0.320374,0.718196,1.292966],""pnp_camera_quat_xyzw"":[-0.054921,-0.005139,0.046071,0.997414],""pnp_camera_rpy_deg"":[-6.317194,-0.29737,5.30571],""pnp_reprojection_error_px"":0.046878},{""tag_id"":17,""target_match"":true,""family"":""tag25h9"",""hamming"":0,""decision_margin"":144.70607,""pixel_xy"":[823.474225,359.522918],""world_xy_yaw"":[0.257837,0.926182,1.342901],""pnp_valid"":true,""pnp_camera_xyz"":[0.328878,0.025432,1.263247],""pnp_camera_quat_xyzw"":[-0.046969,-0.05123,0.617737,0.783308],""pnp_camera_rpy_deg"":[-7.869077,-1.273713,76.608055],""pnp_reprojection_error_px"":0.061572}]",1,0.046878,151.474106,95.196783,,0,,0,,
2026-08-12T15:26:05.390781+00:00,21140.674447586,onboard_overhead_fish_dynamic,0,"[0.0,0.0,0.0,0.0]",0,0,0,0,,,,,,,,,,,,,,,,,,,,,,,,,,,,1,0.001167,124,1786548365.347214460,finsrov_stereo_left_optical,"[0.05368727848175009,-0.14472288372810793,0.31590331596153215]","[0.0,0.0,0.0,1.0]","[0.0025,0.0025,0.0025,1000000.0,1000000.0,1000000.0]",0.000620,186,1,"[16,17]","[0.247052,0.570788,0.08695]","[{""tag_id"":16,""target_match"":true,""family"":""tag25h9"",""hamming"":0,""decision_margin"":149.431915,""pixel_xy"":[817.055063,650.829447],""world_xy_yaw"":[0.247052,0.570788,0.08695],""pnp_valid"":true,""pnp_camera_xyz"":[0.320963,0.721137,1.297626],""pnp_camera_quat_xyzw"":[-0.060105,-0.010604,0.047045,0.997026],""pnp_camera_rpy_deg"":[-6.942006,-0.887473,5.456836],""pnp_reprojection_error_px"":0.122348},{""tag_id"":17,""target_match"":true,""family"":""tag25h9"",""hamming"":0,""decision_margin"":143.566055,""pixel_xy"":[823.948837,358.871514],""world_xy_yaw"":[0.258634,0.926977,1.340966],""pnp_valid"":true,""pnp_camera_xyz"":[0.329805,0.02387,1.262554],""pnp_camera_quat_xyzw"":[-0.053454,-0.053407,0.617395,0.783016],""pnp_camera_rpy_deg"":[-8.608416,-1.01027,76.586443],""pnp_reprojection_error_px"":0.055895}]",1,0.122348,149.431915,94.354456,,0,,0,,
2026-08-12T15:26:05.443762+00:00,21140.727417463,onboard_overhead_fish_dynamic,0,"[0.0,0.0,0.0,0.0]",0,0,0,0,,,,,,,,,,,,,,,,,,,,,,,,,,,,1,0.003469,125,1786548365.396903992,finsrov_stereo_left_optical,"[0.054408424207664396,-0.1319700160766567,0.3201088449052273]","[0.0,0.0,0.0,1.0]","[0.0025,0.0025,0.0025,1000000.0,1000000.0,1000000.0]",0.003093,187,1,"[15,16,17]","[0.24683,0.570598,0.088385]","[{""tag_id"":15,""target_match"":true,""family"":""tag25h9"",""hamming"":0,""decision_margin"":114.904083,""pixel_xy"":[820.663389,589.786044],""world_xy_yaw"":[0.253114,0.645261,0.091669],""pnp_valid"":true,""pnp_camera_xyz"":[0.334359,0.582762,1.315261],""pnp_camera_quat_xyzw"":[-0.053215,-0.017333,0.048225,0.997267],""pnp_camera_rpy_deg"":[-6.19184,-1.686943,5.628254],""pnp_reprojection_error_px"":0.118217},{""tag_id"":16,""target_match"":true,""family"":""tag25h9"",""hamming"":0,""decision_margin"":150.258636,""pixel_xy"":[816.922691,650.985029],""world_xy_yaw"":[0.24683,0.570598,0.088385],""pnp_valid"":true,""pnp_camera_xyz"":[0.32173,0.723883,1.30198],""pnp_camera_quat_xyzw"":[-0.064076,-0.013493,0.048954,0.996652],""pnp_camera_rpy_deg"":[-7.41599,-1.181621,5.700662],""pnp_reprojection_error_px"":0.106272},{""tag_id"":17,""target_match"":true,""family"":""tag25h9"",""hamming"":0,""decision_margin"":146.453491,""pixel_xy"":[824.206377,358.479984],""world_xy_yaw"":[0.259067,0.927454,1.340361],""pnp_valid"":true,""pnp_camera_xyz"":[0.33043,0.022998,1.262701],""pnp_camera_quat_xyzw"":[-0.055467,-0.052989,0.617183,0.783071],""pnp_camera_rpy_deg"":[-8.759836,-0.832043,76.551005],""pnp_reprojection_error_px"":0.06165}]",1,0.106272,150.258636,94.234465,,0,,0,,
2026-08-12T15:26:05.490412+00:00,21140.774080465,onboard_overhead_fish_dynamic,0,"[0.0,0.0,0.0,0.0]",0,0,0,0,,,,,,,,,,,,,,,,,,,,,,,,,,,,1,0.000970,126,1786548365.447105408,finsrov_stereo_left_optical,"[0.05730240845630957,-0.12200274769636921,0.3231656335895392]","[0.0,0.0,0.0,1.0]","[0.0025,0.0025,0.0025,1000000.0,1000000.0,1000000.0]",0.000497,189,1,"[16,17]","[0.246369,0.569985,0.084757]","[{""tag_id"":16,""target_match"":true,""family"":""tag25h9"",""hamming"":0,""decision_margin"":149.831329,""pixel_xy"":[816.648075,651.487857],""world_xy_yaw"":[0.246369,0.569985,0.084757],""pnp_valid"":true,""pnp_camera_xyz"":[0.321124,0.724909,1.302239],""pnp_camera_quat_xyzw"":[-0.061407,-0.017806,0.049802,0.99671],""pnp_camera_rpy_deg"":[-7.136763,-1.683479,5.825997],""pnp_reprojection_error_px"":0.049868},{""tag_id"":17,""target_match"":true,""family"":""tag25h9"",""hamming"":0,""decision_margin"":141.622986,""pixel_xy"":[824.768281,357.735177],""world_xy_yaw"":[0.260011,0.928363,1.339191],""pnp_valid"":true,""pnp_camera_xyz"":[0.331671,0.021169,1.262476],""pnp_camera_quat_xyzw"":[-0.057625,-0.054199,0.617393,0.782667],""pnp_camera_rpy_deg"":[-9.041012,-0.784101,76.597061],""pnp_reprojection_error_px"":0.041799}]",1,0.049868,149.831329,95.287911,,0,,0,,
2026-08-12T15:26:05.541786+00:00,21140.825442984,onboard_overhead_fish_dynamic,0,"[0.0,0.0,0.0,0.0]",0,0,0,0,,,,,,,,,,,,,,,,,,,,,,,,,,,,1,0.002090,127,1786548365.496964931,finsrov_stereo_left_optical,"[0.056288690845849976,-0.12503364995269317,0.3259247913771898]","[0.0,0.0,0.0,1.0]","[0.0025,0.0025,0.0025,1000000.0,1000000.0,1000000.0]",0.001844,190,1,"[16,17]","[0.24628,0.569751,0.080008]","[{""tag_id"":16,""target_match"":true,""family"":""tag25h9"",""hamming"":0,""decision_margin"":148.133286,""pixel_xy"":[816.595344,651.679504],""world_xy_yaw"":[0.24628,0.569751,0.080008],""pnp_valid"":true,""pnp_camera_xyz"":[0.32031,0.724109,1.299995],""pnp_camera_quat_xyzw"":[-0.059722,-0.017032,0.048707,0.996881],""pnp_camera_rpy_deg"":[-6.937077,-1.612532,5.692203],""pnp_reprojection_error_px"":0.042894},{""tag_id"":17,""target_match"":true,""family"":""tag25h9"",""hamming"":0,""decision_margin"":145.465988,""pixel_xy"":[825.075667,357.285701],""world_xy_yaw"":[0.260527,0.928911,1.340479],""pnp_valid"":true,""pnp_camera_xyz"":[0.332426,0.020172,1.262595],""pnp_camera_quat_xyzw"":[-0.059085,-0.053174,0.617888,0.782237],""pnp_camera_rpy_deg"":[-9.099926,-0.582853,76.656706],""pnp_reprojection_error_px"":0.053287}]",1,0.042894,148.133286,94.724926,,0,,0,,
2026-08-12T15:26:05.590343+00:00,21140.874013936,onboard_overhead_fish_dynamic,0,"[0.0,0.0,0.0,0.0]",0,0,0,0,,,,,,,,,,,,,,,,,,,,,,,,,,,,1,0.000840,128,1786548365.547053576,finsrov_stereo_left_optical,"[0.05321456495613103,-0.1295875974184616,0.32658416013861236]","[0.0,0.0,0.0,1.0]","[0.0025,0.0025,0.0025,1000000.0,1000000.0,1000000.0]",0.000422,192,1,"[15,16,17]","[0.246096,0.569457,0.082692]","[{""tag_id"":15,""target_match"":true,""family"":""tag25h9"",""hamming"":0,""decision_margin"":89.140099,""pixel_xy"":[820.465067,588.309378],""world_xy_yaw"":[0.252781,0.647063,0.09555],""pnp_valid"":true,""pnp_camera_xyz"":[0.348324,0.613134,1.380709],""pnp_camera_quat_xyzw"":[-0.252907,-0.038346,0.073456,0.963936],""pnp_camera_rpy_deg"":[-29.573436,-2.107335,9.271818],""pnp_reprojection_error_px"":1.979734},{""tag_id"":16,""target_match"":true,""family"":""tag25h9"",""hamming"":0,""decision_margin"":150.033417,""pixel_xy"":[816.485526,651.920509],""world_xy_yaw"":[0.246096,0.569457,0.082692],""pnp_valid"":true,""pnp_camera_xyz"":[0.32018,0.725309,1.300974],""pnp_camera_quat_xyzw"":[-0.063156,-0.006449,0.045846,0.996929],""pnp_camera_rpy_deg"":[-7.268499,-0.404908,5.291792],""pnp_reprojection_error_px"":0.069111},{""tag_id"":17,""target_match"":true,""family"":""tag25h9"",""hamming"":0,""decision_margin"":145.202042,""pixel_xy"":[825.873845,356.645102],""world_xy_yaw"":[0.261868,0.929693,1.3436],""pnp_valid"":true,""pnp_camera_xyz"":[0.334583,0.01876,1.263768],""pnp_camera_quat_xyzw"":[-0.057757,-0.049934,0.619198,0.781514],""pnp_camera_rpy_deg"":[-8.749586,-0.373704,76.808551],""pnp_reprojection_error_px"":0.068988}]",1,0.069111,150.033417,95.747848,,0,,0,,
2026-08-12T15:26:05.641910+00:00,21140.925566954,onboard_overhead_fish_dynamic,0,"[0.0,0.0,0.0,0.0]",0,0,0,0,,,,,,,,,,,,,,,,,,,,,,,,,,,,1,0.002033,129,1786548365.596996307,finsrov_stereo_left_optical,"[0.048748660932122045,-0.12416072821785296,0.32978026398866706]","[0.0,0.0,0.0,1.0]","[0.0025,0.0025,0.0025,1000000.0,1000000.0,1000000.0]",0.001792,193,1,"[16,17]","[0.24594,0.569291,0.088851]","[{""tag_id"":16,""target_match"":true,""family"":""tag25h9"",""hamming"":0,""decision_margin"":150.132538,""pixel_xy"":[816.392957,652.056737],""world_xy_yaw"":[0.24594,0.569291,0.088851],""pnp_valid"":true,""pnp_camera_xyz"":[0.319256,0.723419,1.297349],""pnp_camera_quat_xyzw"":[-0.061859,-0.005873,0.046624,0.996978],""pnp_camera_rpy_deg"":[-7.116841,-0.340432,5.376164],""pnp_reprojection_error_px"":0.086077},{""tag_id"":17,""target_match"":true,""family"":""tag25h9"",""hamming"":0,""decision_margin"":142.734314,""pixel_xy"":[826.297245,356.396554],""world_xy_yaw"":[0.262579,0.929996,1.344813],""pnp_valid"":true,""pnp_camera_xyz"":[0.335794,0.01817,1.264765],""pnp_camera_quat_xyzw"":[-0.05704,-0.048499,0.620179,0.780879],""pnp_camera_rpy_deg"":[-8.582936,-0.286183,76.935083],""pnp_reprojection_error_px"":0.051736}]",1,0.086077,150.132538,97.607545,,0,,0,,
2026-08-12T15:26:05.690518+00:00,21140.974185902,onboard_overhead_fish_dynamic,0,"[0.0,0.0,0.0,0.0]",0,0,0,0,,,,,,,,,,,,,,,,,,,,,,,,,,,,1,0.001033,130,1786548365.647071123,finsrov_stereo_left_optical,"[0.04761789383212478,-0.13068243000664448,0.32911979209254455]","[0.0,0.0,0.0,1.0]","[0.0025,0.0025,0.0025,1000000.0,1000000.0,1000000.0]",0.000540,195,1,"[16,17]","[0.245946,0.569413,0.096376]","[{""tag_id"":16,""target_match"":true,""family"":""tag25h9"",""hamming"":0,""decision_margin"":153.151276,""pixel_xy"":[816.396634,651.956874],""world_xy_yaw"":[0.245946,0.569413,0.096376],""pnp_valid"":true,""pnp_camera_xyz"":[0.318521,0.721003,1.29342],""pnp_camera_quat_xyzw"":[-0.060031,-0.008345,0.049089,0.996954],""pnp_camera_rpy_deg"":[-6.922241,-0.615723,5.67507],""pnp_reprojection_error_px"":0.138005},{""tag_id"":17,""target_match"":true,""family"":""tag25h9"",""hamming"":0,""decision_margin"":146.374756,""pixel_xy"":[827.043872,355.93433],""world_xy_yaw"":[0.263834,0.93056,1.350692],""pnp_valid"":true,""pnp_camera_xyz"":[0.337455,0.017081,1.264348],""pnp_camera_quat_xyzw"":[-0.054572,-0.048013,0.622309,0.779389],""pnp_camera_rpy_deg"":[-8.327266,-0.396446,77.240617],""pnp_reprojection_error_px"":0.061357}]",1,0.138005,153.151276,96.374247,,0,,0,,
2026-08-12T15:26:05.741898+00:00,21141.025555756,onboard_overhead_fish_dynamic,0,"[0.0,0.0,0.0,0.0]",0,0,0,0,,,,,,,,,,,,,,,,,,,,,,,,,,,,1,0.002044,131,1786548365.696976423,finsrov_stereo_left_optical,"[0.04809996040782699,-0.13694302867637909,0.32812914657750775]","[0.0,0.0,0.0,1.0]","[0.0025,0.0025,0.0025,1000000.0,1000000.0,1000000.0]",0.001803,196,1,"[16,17]","[0.246073,0.569496,0.094326]","[{""tag_id"":16,""target_match"":true,""family"":""tag25h9"",""hamming"":0,""decision_margin"":149.032806,""pixel_xy"":[816.471757,651.888457],""world_xy_yaw"":[0.246073,0.569496,0.094326],""pnp_valid"":true,""pnp_camera_xyz"":[0.319451,0.722567,1.29666],""pnp_camera_quat_xyzw"":[-0.062661,-0.005444,0.047145,0.996906],""pnp_camera_rpy_deg"":[-7.206741,-0.283333,5.432977],""pnp_reprojection_error_px"":0.143514},{""tag_id"":17,""target_match"":true,""family"":""tag25h9"",""hamming"":0,""decision_margin"":143.333633,""pixel_xy"":[827.410396,355.743803],""world_xy_yaw"":[0.264449,0.930793,1.354412],""pnp_valid"":true,""pnp_camera_xyz"":[0.338298,0.016652,1.264533],""pnp_camera_quat_xyzw"":[-0.052714,-0.048355,0.623502,0.778542],""pnp_camera_rpy_deg"":[-8.185899,-0.547686,77.418782],""pnp_reprojection_error_px"":0.051545}]",1,0.143514,149.032806,96.652103,,0,,0,,
2026-08-12T15:26:05.791899+00:00,21141.075555560,onboard_overhead_fish_dynamic,0,"[0.0,0.0,0.0,0.0]",0,0,0,0,,,,,,,,,,,,,,,,,,,,,,,,,,,,1,0.002040,132,1786548365.747151136,finsrov_stereo_left_optical,"[0.0461806840909435,-0.12987995313871348,0.33004508319963544]","[0.0,0.0,0.0,1.0]","[0.0025,0.0025,0.0025,1000000.0,1000000.0,1000000.0]",0.001117,198,1,"[16,17]","[0.246437,0.570136,0.088161]","[{""tag_id"":16,""target_match"":true,""family"":""tag25h9"",""hamming"":0,""decision_margin"":150.587555,""pixel_xy"":[816.68858,651.363735],""world_xy_yaw"":[0.246437,0.570136,0.088161],""pnp_valid"":true,""pnp_camera_xyz"":[0.320366,0.72315,1.298853],""pnp_camera_quat_xyzw"":[-0.061155,-0.012608,0.048834,0.996853],""pnp_camera_rpy_deg"":[-7.075667,-1.098097,5.677012],""pnp_reprojection_error_px"":0.137823},{""tag_id"":17,""target_match"":true,""family"":""tag25h9"",""hamming"":0,""decision_margin"":144.233521,""pixel_xy"":[828.015242,355.425609],""world_xy_yaw"":[0.265466,0.931181,1.358066],""pnp_valid"":true,""pnp_camera_xyz"":[0.339601,0.015856,1.263904],""pnp_camera_quat_xyzw"":[-0.052296,-0.050224,0.624727,0.777469],""pnp_camera_rpy_deg"":[-8.284082,-0.730722,77.619454],""pnp_reprojection_error_px"":0.057866}]",1,0.137823,150.587555,96.260952,,0,,0,,
2026-08-12T15:26:05.840883+00:00,21141.124549529,onboard_overhead_fish_dynamic,0,"[0.0,0.0,0.0,0.0]",0,0,0,0,,,,,,,,,,,,,,,,,,,,,,,,,,,,1,0.001211,133,1786548365.796965599,finsrov_stereo_left_optical,"[0.04725123981771451,-0.12922378690300063,0.33090840042342945]","[0.0,0.0,0.0,1.0]","[0.0025,0.0025,0.0025,1000000.0,1000000.0,1000000.0]",0.001055,199,1,"[16,17]","[0.246735,0.570205,0.085017]","[{""tag_id"":16,""target_match"":true,""family"":""tag25h9"",""hamming"":0,""decision_margin"":146.74826,""pixel_xy"":[816.865816,651.307265],""world_xy_yaw"":[0.246735,0.570205,0.085017],""pnp_valid"":true,""pnp_camera_xyz"":[0.320873,0.723339,1.299649],""pnp_camera_quat_xyzw"":[-0.061212,-0.014773,0.049704,0.996777],""pnp_camera_rpy_deg"":[-7.096006,-1.338916,5.792346],""pnp_reprojection_error_px"":0.089278},{""tag_id"":17,""target_match"":true,""family"":""tag25h9"",""hamming"":0,""decision_margin"":141.490311,""pixel_xy"":[828.287145,355.180727],""world_xy_yaw"":[0.265922,0.93148,1.360264],""pnp_valid"":true,""pnp_camera_xyz"":[0.340503,0.015342,1.264968],""pnp_camera_quat_xyzw"":[-0.053129,-0.051403,0.625105,0.777032],""pnp_camera_rpy_deg"":[-8.444079,-0.771263,77.688762],""pnp_reprojection_error_px"":0.06373}]",1,0.089278,146.74826,96.606719,,0,,0,,
2026-08-12T15:26:05.890243+00:00,21141.173913826,onboard_overhead_fish_dynamic,0,"[0.0,0.0,0.0,0.0]",0,0,0,0,,,,,,,,,,,,,,,,,,,,,,,,,,,,1,0.000765,134,1786548365.847228765,finsrov_stereo_left_optical,"[0.04783036914607103,-0.1293820540775581,0.3316131450542186]","[0.0,0.0,0.0,1.0]","[0.0025,0.0025,0.0025,1000000.0,1000000.0,1000000.0]",0.000378,201,1,"[16,17]","[0.247092,0.570304,0.087494]","[{""tag_id"":16,""target_match"":true,""family"":""tag25h9"",""hamming"":0,""decision_margin"":149.399124,""pixel_xy"":[817.07851,651.226231],""world_xy_yaw"":[0.247092,0.570304,0.087494],""pnp_valid"":true,""pnp_camera_xyz"":[0.320638,0.721395,1.296744],""pnp_camera_quat_xyzw"":[-0.062135,-0.01224,0.049996,0.99674],""pnp_camera_rpy_deg"":[-7.187119,-1.042161,5.808492],""pnp_reprojection_error_px"":0.0461},{""tag_id"":17,""target_match"":true,""family"":""tag25h9"",""hamming"":0,""decision_margin"":147.461655,""pixel_xy"":[828.70401,354.705055],""world_xy_yaw"":[0.266623,0.93206,1.362647],""pnp_valid"":true,""pnp_camera_xyz"":[0.341389,0.014199,1.264852],""pnp_camera_quat_xyzw"":[-0.055831,-0.054963,0.625898,0.77596],""pnp_camera_rpy_deg"":[-8.943821,-0.882908,77.849101],""pnp_reprojection_error_px"":0.039618}]",1,0.0461,149.399124,96.728812,,0,,0,,
2026-08-12T15:26:05.941082+00:00,21141.224743059,onboard_overhead_fish_dynamic,0,"[0.0,0.0,0.0,0.0]",0,0,0,0,,,,,,,,,,,,,,,,,,,,,,,,,,,,1,0.001482,135,1786548365.896960497,finsrov_stereo_left_optical,"[0.04737748983587958,-0.13085566315526642,0.3312822646732338]","[0.0,0.0,0.0,1.0]","[0.0025,0.0025,0.0025,1000000.0,1000000.0,1000000.0]",0.001334,202,1,"[16,17]","[0.266859,0.932423,1.364334]","[{""tag_id"":16,""target_match"":true,""family"":""tag25h9"",""hamming"":0,""decision_margin"":147.965714,""pixel_xy"":[817.118519,651.195332],""world_xy_yaw"":[0.247159,0.570342,0.088763],""pnp_valid"":true,""pnp_camera_xyz"":[0.319772,0.719139,1.292641],""pnp_camera_quat_xyzw"":[-0.06355,-0.014902,0.051184,0.996554],""pnp_camera_rpy_deg"":[-7.366865,-1.329092,5.965903],""pnp_reprojection_error_px"":0.07457},{""tag_id"":17,""target_match"":true,""family"":""tag25h9"",""hamming"":0,""decision_margin"":148.514343,""pixel_xy"":[828.844876,354.407016],""world_xy_yaw"":[0.266859,0.932423,1.364334],""pnp_valid"":true,""pnp_camera_xyz"":[0.341543,0.013482,1.26414],""pnp_camera_quat_xyzw"":[-0.055685,-0.058346,0.625846,0.775765],""pnp_camera_rpy_deg"":[-9.175647,-1.193275,77.885225],""pnp_reprojection_error_px"":0.040466}]",1,0.040466,148.514343,96.772433,,0,,0,,
2026-08-12T15:26:05.990461+00:00,21141.274130727,onboard_overhead_fish_dynamic,0,"[0.0,0.0,0.0,0.0]",0,0,0,0,,,,,,,,,,,,,,,,,,,,,,,,,,,,1,0.000899,136,1786548365.946982861,finsrov_stereo_left_optical,"[0.04743225630403736,-0.13246835668467327,0.3302920799970286]","[0.0,0.0,0.0,1.0]","[0.0025,0.0025,0.0025,1000000.0,1000000.0,1000000.0]",0.000462,204,1,"[16,17]","[0.247065,0.57033,0.09409]","[{""tag_id"":16,""target_match"":true,""family"":""tag25h9"",""hamming"":0,""decision_margin"":148.492233,""pixel_xy"":[817.062479,651.205067],""world_xy_yaw"":[0.247065,0.57033,0.09409],""pnp_valid"":true,""pnp_camera_xyz"":[0.319822,0.718872,1.292865],""pnp_camera_quat_xyzw"":[-0.05825,-0.010748,0.050816,0.99695],""pnp_camera_rpy_deg"":[-6.733449,-0.888733,5.888086],""pnp_reprojection_error_px"":0.102079},{""tag_id"":17,""target_match"":true,""family"":""tag25h9"",""hamming"":0,""decision_margin"":145.655014,""pixel_xy"":[828.80054,353.427301],""world_xy_yaw"":[0.266785,0.933619,1.366707],""pnp_valid"":true,""pnp_camera_xyz"":[0.341358,0.011206,1.263835],""pnp_camera_quat_xyzw"":[-0.056162,-0.060572,0.626237,0.775244],""pnp_camera_rpy_deg"":[-9.380438,-1.350814,77.97294],""pnp_reprojection_error_px"":0.042576}]",1,0.102079,148.492233,95.74691,,0,,0,,
2026-08-12T15:26:06.041225+00:00,21141.324887917,onboard_overhead_fish_dynamic,0,"[0.0,0.0,0.0,0.0]",0,0,0,0,,,,,,,,,,,,,,,,,,,,,,,,,,,,1,0.001555,137,1786548365.997018814,finsrov_stereo_left_optical,"[0.047879103850048066,-0.1390700388312981,0.3318113897350153]","[0.0,0.0,0.0,1.0]","[0.0025,0.0025,0.0025,1000000.0,1000000.0,1000000.0]",0.001367,205,1,"[16,17]","[0.246979,0.570307,0.09639]","[{""tag_id"":16,""target_match"":true,""family"":""tag25h9"",""hamming"":0,""decision_margin"":148.603516,""pixel_xy"":[817.011077,651.224016],""world_xy_yaw"":[0.246979,0.570307,0.09639],""pnp_valid"":true,""pnp_camera_xyz"":[0.319081,0.717218,1.29009],""pnp_camera_quat_xyzw"":[-0.053887,-0.010341,0.051279,0.997176],""pnp_camera_rpy_deg"":[-6.231315,-0.865063,5.934654],""pnp_reprojection_error_px"":0.170675},{""tag_id"":17,""target_match"":true,""family"":""tag25h9"",""hamming"":0,""decision_margin"":144.534485,""pixel_xy"":[828.659224,352.937863],""world_xy_yaw"":[0.266547,0.934216,1.36542],""pnp_valid"":true,""pnp_camera_xyz"":[0.341224,0.010103,1.264483],""pnp_camera_quat_xyzw"":[-0.057197,-0.057836,0.626193,0.775413],""pnp_camera_rpy_deg"":[-9.274378,-1.034898,77.929865],""pnp_reprojection_error_px"":0.057591}]",1,0.170675,148.603516,97.205247,,0,,0,,
2026-08-12T15:26:06.090408+00:00,21141.374076925,onboard_overhead_fish_dynamic,0,"[0.0,0.0,0.0,0.0]",0,0,0,0,,,,,,,,,,,,,,,,,,,,,,,,,,,,1,0.000895,138,1786548366.047077179,finsrov_stereo_left_optical,"[0.047779299869876835,-0.14865731300183194,0.33128900186208193]","[0.0,0.0,0.0,1.0]","[0.0025,0.0025,0.0025,1000000.0,1000000.0,1000000.0]",0.000458,207,1,"[16,17]","[0.247212,0.570723,0.089025]","[{""tag_id"":16,""target_match"":true,""family"":""tag25h9"",""hamming"":0,""decision_margin"":149.438446,""pixel_xy"":[817.150065,650.882697],""world_xy_yaw"":[0.247212,0.570723,0.089025],""pnp_valid"":true,""pnp_camera_xyz"":[0.320733,0.72043,1.296558],""pnp_camera_quat_xyzw"":[-0.054922,-0.009934,0.050177,0.99718],""pnp_camera_rpy_deg"":[-6.346536,-0.819375,5.806732],""pnp_reprojection_error_px"":0.047616},{""tag_id"":17,""target_match"":true,""family"":""tag25h9"",""hamming"":0,""decision_margin"":146.854736,""pixel_xy"":[828.361027,352.099599],""world_xy_yaw"":[0.266047,0.935238,1.363618],""pnp_valid"":true,""pnp_camera_xyz"":[0.340254,0.008151,1.263715],""pnp_camera_quat_xyzw"":[-0.055284,-0.056147,0.625729,0.77605],""pnp_camera_rpy_deg"":[-8.980462,-1.029084,77.839239],""pnp_reprojection_error_px"":0.04785}]",1,0.047616,149.438446,98.325113,,0,,0,,
2026-08-12T15:26:06.141462+00:00,21141.425120759,onboard_overhead_fish_dynamic,0,"[0.0,0.0,0.0,0.0]",0,0,0,0,,,,,,,,,,,,,,,,,,,,,,,,,,,,1,0.001735,139,1786548366.097020626,finsrov_stereo_left_optical,"[0.04956725294973713,-0.13949070296607713,0.3355356760183239]","[0.0,0.0,0.0,1.0]","[0.0025,0.0025,0.0025,1000000.0,1000000.0,1000000.0]",0.001529,208,1,"[16,17]","[0.247242,0.570883,0.092008]","[{""tag_id"":16,""target_match"":true,""family"":""tag25h9"",""hamming"":0,""decision_margin"":151.121445,""pixel_xy"":[817.16758,650.751794],""world_xy_yaw"":[0.247242,0.570883,0.092008],""pnp_valid"":true,""pnp_camera_xyz"":[0.322461,0.723892,1.303183],""pnp_camera_quat_xyzw"":[-0.059823,-0.008492,0.050165,0.996912],""pnp_camera_rpy_deg"":[-6.899906,-0.62623,5.799232],""pnp_reprojection_error_px"":0.061662},{""tag_id"":17,""target_match"":true,""family"":""tag25h9"",""hamming"":0,""decision_margin"":145.122253,""pixel_xy"":[828.169705,351.846272],""world_xy_yaw"":[0.265725,0.935548,1.36277],""pnp_valid"":true,""pnp_camera_xyz"":[0.33989,0.007556,1.263728],""pnp_camera_quat_xyzw"":[-0.054737,-0.053987,0.625723,0.776248],""pnp_camera_rpy_deg"":[-8.775224,-0.877464,77.810972],""pnp_reprojection_error_px"":0.05899}]",1,0.061662,151.121445,98.366305,,0,,0,,
2026-08-12T15:26:06.192338+00:00,21141.475975617,onboard_overhead_fish_dynamic,0,"[0.0,0.0,0.0,0.0]",0,0,0,0,,,,,,,,,,,,,,,,,,,,,,,,,,,,1,0.002257,140,1786548366.147093773,finsrov_stereo_left_optical,"[0.05243432134176035,-0.12550928677313122,0.3388757473879475]","[0.0,0.0,0.0,1.0]","[0.0025,0.0025,0.0025,1000000.0,1000000.0,1000000.0]",0.001220,210,1,"[16,17]","[0.247418,0.571067,0.092584]","[{""tag_id"":16,""target_match"":true,""family"":""tag25h9"",""hamming"":0,""decision_margin"":148.856293,""pixel_xy"":[817.272668,650.60095],""world_xy_yaw"":[0.247418,0.571067,0.092584],""pnp_valid"":true,""pnp_camera_xyz"":[0.323518,0.72496,1.305981],""pnp_camera_quat_xyzw"":[-0.061886,-0.013867,0.051822,0.99664],""pnp_camera_rpy_deg"":[-7.170439,-1.216294,6.029273],""pnp_reprojection_error_px"":0.028489},{""tag_id"":17,""target_match"":true,""family"":""tag25h9"",""hamming"":0,""decision_margin"":144.870132,""pixel_xy"":[827.815767,351.502764],""world_xy_yaw"":[0.26513,0.935967,1.360694],""pnp_valid"":true,""pnp_camera_xyz"":[0.339108,0.006765,1.263676],""pnp_camera_quat_xyzw"":[-0.053417,-0.049326,0.625619,0.776733],""pnp_camera_rpy_deg"":[-8.320367,-0.560872,77.740114],""pnp_reprojection_error_px"":0.078023}]",1,0.028489,148.856293,97.589977,,0,,0,,
2026-08-12T15:26:06.241922+00:00,21141.525579370,onboard_overhead_fish_dynamic,0,"[0.0,0.0,0.0,0.0]",0,0,0,0,,,,,,,,,,,,,,,,,,,,,,,,,,,,1,0.002052,141,1786548366.196961641,finsrov_stereo_left_optical,"[0.05619044112322691,-0.11978834406677108,0.34013552017975707]","[0.0,0.0,0.0,1.0]","[0.0025,0.0025,0.0025,1000000.0,1000000.0,1000000.0]",0.001802,211,1,"[16,17]","[0.247525,0.571121,0.089388]","[{""tag_id"":16,""target_match"":true,""family"":""tag25h9"",""hamming"":0,""decision_margin"":150.026199,""pixel_xy"":[817.336409,650.556509],""world_xy_yaw"":[0.247525,0.571121,0.089388],""pnp_valid"":true,""pnp_camera_xyz"":[0.32333,0.723952,1.304467],""pnp_camera_quat_xyzw"":[-0.058679,-0.01821,0.052191,0.996745],""pnp_camera_rpy_deg"":[-6.830467,-1.729291,6.097947],""pnp_reprojection_error_px"":0.043593},{""tag_id"":17,""target_match"":true,""family"":""tag25h9"",""hamming"":0,""decision_margin"":144.488174,""pixel_xy"":[827.650687,351.340323],""world_xy_yaw"":[0.264853,0.936165,1.360814],""pnp_valid"":true,""pnp_camera_xyz"":[0.338534,0.006419,1.26305],""pnp_camera_quat_xyzw"":[-0.050481,-0.048873,0.625188,0.777305],""pnp_camera_rpy_deg"":[-8.024637,-0.736751,77.671206],""pnp_reprojection_error_px"":0.081116}]",1,0.043593,150.026199,98.528981,,0,,0,,
2026-08-12T15:26:06.291522+00:00,21141.575181967,onboard_overhead_fish_dynamic,0,"[0.0,0.0,0.0,0.0]",0,0,0,0,,,,,,,,,,,,,,,,,,,,,,,,,,,,1,0.001754,142,1786548366.247083902,finsrov_stereo_left_optical,"[0.056346297970438775,-0.12550472865565854,0.3394103525473752]","[0.0,0.0,0.0,1.0]","[0.0025,0.0025,0.0025,1000000.0,1000000.0,1000000.0]",0.000953,213,1,"[15,16,17]","[0.2478,0.571135,0.083293]","[{""tag_id"":15,""target_match"":true,""family"":""tag25h9"",""hamming"":0,""decision_margin"":121.360527,""pixel_xy"":[821.560895,589.344259],""world_xy_yaw"":[0.254622,0.6458,0.094169],""pnp_valid"":true,""pnp_camera_xyz"":[0.339181,0.586582,1.326126],""pnp_camera_quat_xyzw"":[-0.056842,-0.013225,0.049019,0.997091],""pnp_camera_rpy_deg"":[-6.584897,-1.191898,5.697577],""pnp_reprojection_error_px"":0.055577},{""tag_id"":16,""target_match"":true,""family"":""tag25h9"",""hamming"":0,""decision_margin"":148.369049,""pixel_xy"":[817.499763,650.545343],""world_xy_yaw"":[0.2478,0.571135,0.083293],""pnp_valid"":true,""pnp_camera_xyz"":[0.322464,0.721353,1.299549],""pnp_camera_quat_xyzw"":[-0.059348,-0.026893,0.053781,0.996425],""pnp_camera_rpy_deg"":[-6.967056,-2.705988,6.34369],""pnp_reprojection_error_px"":0.053725},{""tag_id"":17,""target_match"":true,""family"":""tag25h9"",""hamming"":0,""decision_margin"":144.670609,""pixel_xy"":[827.299206,351.066636],""world_xy_yaw"":[0.264263,0.936499,1.359983],""pnp_valid"":true,""pnp_camera_xyz"":[0.337477,0.005757,1.262251],""pnp_camera_quat_xyzw"":[-0.047631,-0.047359,0.625095,0.777653],""pnp_camera_rpy_deg"":[-7.660399,-0.808431,77.640322],""pnp_reprojection_error_px"":0.066357}]",1,0.053725,148.369049,98.108617,,0,,0,,
2026-08-12T15:26:06.341979+00:00,21141.625635749,onboard_overhead_fish_dynamic,0,"[0.0,0.0,0.0,0.0]",0,0,0,0,,,,,,,,,,,,,,,,,,,,,,,,,,,,1,0.002050,143,1786548366.296961546,finsrov_stereo_left_optical,"[0.05725399567786782,-0.1292421169851249,0.33790737414338057]","[0.0,0.0,0.0,1.0]","[0.0025,0.0025,0.0025,1000000.0,1000000.0,1000000.0]",0.001802,214,1,"[16,17]","[0.247871,0.571032,0.079437]","[{""tag_id"":16,""target_match"":true,""family"":""tag25h9"",""hamming"":0,""decision_margin"":150.751129,""pixel_xy"":[817.54205,650.629249],""world_xy_yaw"":[0.247871,0.571032,0.079437],""pnp_valid"":true,""pnp_camera_xyz"":[0.321565,0.719343,1.295628],""pnp_camera_quat_xyzw"":[-0.058781,-0.027556,0.052627,0.996502],""pnp_camera_rpy_deg"":[-6.90334,-2.793288,6.214677],""pnp_reprojection_error_px"":0.036469},{""tag_id"":17,""target_match"":true,""family"":""tag25h9"",""hamming"":0,""decision_margin"":144.94812,""pixel_xy"":[827.152077,351.033026],""world_xy_yaw"":[0.264015,0.93654,1.359293],""pnp_valid"":true,""pnp_camera_xyz"":[0.337021,0.005668,1.261744],""pnp_camera_quat_xyzw"":[-0.046076,-0.046346,0.624901,0.777964],""pnp_camera_rpy_deg"":[-7.448072,-0.832319,77.600607],""pnp_reprojection_error_px"":0.068911}]",1,0.036469,150.751129,98.032273,,0,,0,,
2026-08-12T15:26:06.392744+00:00,21141.676388931,onboard_overhead_fish_dynamic,0,"[0.0,0.0,0.0,0.0]",0,0,0,0,,,,,,,,,,,,,,,,,,,,,,,,,,,,1,0.002770,144,1786548366.347051620,finsrov_stereo_left_optical,"[0.054692688960041314,-0.13360129012012723,0.3365726719443173]","[0.0,0.0,0.0,1.0]","[0.0025,0.0025,0.0025,1000000.0,1000000.0,1000000.0]",0.001824,216,1,"[16,17]","[0.247716,0.570666,0.083339]","[{""tag_id"":16,""target_match"":true,""family"":""tag25h9"",""hamming"":0,""decision_margin"":150.548264,""pixel_xy"":[817.450229,650.929479],""world_xy_yaw"":[0.247716,0.570666,0.083339],""pnp_valid"":true,""pnp_camera_xyz"":[0.321146,0.719225,1.294778],""pnp_camera_quat_xyzw"":[-0.057975,-0.015121,0.04858,0.997021],""pnp_camera_rpy_deg"":[-6.725286,-1.405017,5.661658],""pnp_reprojection_error_px"":0.111432},{""tag_id"":17,""target_match"":true,""family"":""tag25h9"",""hamming"":0,""decision_margin"":144.61795,""pixel_xy"":[826.899039,351.04577],""world_xy_yaw"":[0.26359,0.936524,1.356189],""pnp_valid"":true,""pnp_camera_xyz"":[0.336142,0.005584,1.260764],""pnp_camera_quat_xyzw"":[-0.045946,-0.049305,0.62396,0.778545],""pnp_camera_rpy_deg"":[-7.648564,-1.113595,77.494863],""pnp_reprojection_error_px"":0.033355}]",1,0.111432,150.548264,97.377911,,0,,0,,
2026-08-12T15:26:06.440184+00:00,21141.723853987,onboard_overhead_fish_dynamic,0,"[0.0,0.0,0.0,0.0]",0,0,0,0,,,,,,,,,,,,,,,,,,,,,,,,,,,,1,0.000803,145,1786548366.396916628,finsrov_stereo_left_optical,"[0.05126700519351984,-0.13410880216107057,0.3367390635829005]","[0.0,0.0,0.0,1.0]","[0.0025,0.0025,0.0025,1000000.0,1000000.0,1000000.0]",0.000690,217,1,"[16,17]","[0.247578,0.570695,0.086316]","[{""tag_id"":16,""target_match"":true,""family"":""tag25h9"",""hamming"":0,""decision_margin"":147.671539,""pixel_xy"":[817.367656,650.905447],""world_xy_yaw"":[0.247578,0.570695,0.086316],""pnp_valid"":true,""pnp_camera_xyz"":[0.321099,0.719571,1.295325],""pnp_camera_quat_xyzw"":[-0.057129,-0.010379,0.047487,0.997183],""pnp_camera_rpy_deg"":[-6.599887,-0.87514,5.503272],""pnp_reprojection_error_px"":0.074614},{""tag_id"":17,""target_match"":true,""family"":""tag25h9"",""hamming"":0,""decision_margin"":145.598404,""pixel_xy"":[826.784012,351.000156],""world_xy_yaw"":[0.263397,0.93658,1.356979],""pnp_valid"":true,""pnp_camera_xyz"":[0.335736,0.005524,1.260233],""pnp_camera_quat_xyzw"":[-0.046034,-0.050419,0.623651,0.778716],""pnp_camera_rpy_deg"":[-7.736211,-1.209385,77.46224],""pnp_reprojection_error_px"":0.042021}]",1,0.074614,147.671539,96.843856,,0,,0,,
2026-08-12T15:26:06.491193+00:00,21141.774864816,onboard_overhead_fish_dynamic,0,"[0.0,0.0,0.0,0.0]",0,0,0,0,,,,,,,,,,,,,,,,,,,,,,,,,,,,1,0.001433,146,1786548366.447112799,finsrov_stereo_left_optical,"[0.05082747145467209,-0.13402648830850927,0.33699436740341954]","[0.0,0.0,0.0,1.0]","[0.0025,0.0025,0.0025,1000000.0,1000000.0,1000000.0]",0.000709,219,1,"[16,17]","[0.247277,0.570833,0.088111]","[{""tag_id"":16,""target_match"":true,""family"":""tag25h9"",""hamming"":0,""decision_margin"":151.064468,""pixel_xy"":[817.188683,650.792885],""world_xy_yaw"":[0.247277,0.570833,0.088111],""pnp_valid"":true,""pnp_camera_xyz"":[0.321657,0.721803,1.299537],""pnp_camera_quat_xyzw"":[-0.061056,-0.003335,0.045298,0.9971],""pnp_camera_rpy_deg"":[-7.010975,-0.06418,5.206195],""pnp_reprojection_error_px"":0.007292},{""tag_id"":17,""target_match"":true,""family"":""tag25h9"",""hamming"":0,""decision_margin"":143.843674,""pixel_xy"":[826.539611,350.939587],""world_xy_yaw"":[0.262987,0.936654,1.350835],""pnp_valid"":true,""pnp_camera_xyz"":[0.335184,0.005333,1.260356],""pnp_camera_quat_xyzw"":[-0.048529,-0.049829,0.622072,0.779864],""pnp_camera_rpy_deg"":[-7.915205,-0.993708,77.225233],""pnp_reprojection_error_px"":0.02501}]",1,0.007292,151.064468,98.215808,,0,,0,,
2026-08-12T15:26:06.541562+00:00,21141.825220471,onboard_overhead_fish_dynamic,0,"[0.0,0.0,0.0,0.0]",0,0,0,0,,,,,,,,,,,,,,,,,,,,,,,,,,,,1,0.001737,147,1786548366.496958971,finsrov_stereo_left_optical,"[0.05015923943820605,-0.12385145267589337,0.33918821046342684]","[0.0,0.0,0.0,1.0]","[0.0025,0.0025,0.0025,1000000.0,1000000.0,1000000.0]",0.001523,220,1,"[16,17]","[0.247054,0.570847,0.086617]","[{""tag_id"":16,""target_match"":true,""family"":""tag25h9"",""hamming"":0,""decision_margin"":148.768082,""pixel_xy"":[817.055799,650.781336],""world_xy_yaw"":[0.247054,0.570847,0.086617],""pnp_valid"":true,""pnp_camera_xyz"":[0.321649,0.722468,1.300801],""pnp_camera_quat_xyzw"":[-0.059626,-0.001841,0.043911,0.997253],""pnp_camera_rpy_deg"":[-6.839401,0.089674,5.03704],""pnp_reprojection_error_px"":0.010995},{""tag_id"":17,""target_match"":true,""family"":""tag25h9"",""hamming"":0,""decision_margin"":141.782532,""pixel_xy"":[826.439593,350.903702],""world_xy_yaw"":[0.262818,0.936697,1.342092],""pnp_valid"":true,""pnp_camera_xyz"":[0.335001,0.005061,1.261061],""pnp_camera_quat_xyzw"":[-0.050956,-0.048198,0.621023,0.780647],""pnp_camera_rpy_deg"":[-8.014985,-0.685359,77.054147],""pnp_reprojection_error_px"":0.082018}]",1,0.010995,148.768082,98.572177,,0,,0,,
2026-08-12T15:26:06.591609+00:00,21141.875269877,onboard_overhead_fish_dynamic,0,"[0.0,0.0,0.0,0.0]",0,0,0,0,,,,,,,,,,,,,,,,,,,,,,,,,,,,1,0.001757,148,1786548366.547032356,finsrov_stereo_left_optical,"[0.04864002050527255,-0.12516267520394264,0.34008776228376136]","[0.0,0.0,0.0,1.0]","[0.0025,0.0025,0.0025,1000000.0,1000000.0,1000000.0]",0.000947,222,1,"[16,17]","[0.246676,0.571073,0.086206]","[{""tag_id"":16,""target_match"":true,""family"":""tag25h9"",""hamming"":0,""decision_margin"":154.507538,""pixel_xy"":[816.830873,650.595828],""world_xy_yaw"":[0.246676,0.571073,0.086206],""pnp_valid"":true,""pnp_camera_xyz"":[0.320588,0.720819,1.298364],""pnp_camera_quat_xyzw"":[-0.056994,-0.006466,0.045084,0.997335],""pnp_camera_rpy_deg"":[-6.561575,-0.444589,5.201987],""pnp_reprojection_error_px"":0.058562},{""tag_id"":17,""target_match"":true,""family"":""tag25h9"",""hamming"":0,""decision_margin"":143.903152,""pixel_xy"":[825.943639,350.564541],""world_xy_yaw"":[0.261985,0.937111,1.352134],""pnp_valid"":true,""pnp_camera_xyz"":[0.334332,0.00459,1.262126],""pnp_camera_quat_xyzw"":[-0.045986,-0.047265,0.621777,0.780413],""pnp_camera_rpy_deg"":[-7.502619,-0.950349,77.152927],""pnp_reprojection_error_px"":0.073698}]",1,0.058562,154.507538,99.424776,,0,,0,,
2026-08-12T15:26:06.641981+00:00,21141.925636330,onboard_overhead_fish_dynamic,0,"[0.0,0.0,0.0,0.0]",0,0,0,0,,,,,,,,,,,,,,,,,,,,,,,,,,,,1,0.002052,149,1786548366.596976280,finsrov_stereo_left_optical,"[0.04911375966190834,-0.13268870385575726,0.3391379300600281]","[0.0,0.0,0.0,1.0]","[0.0025,0.0025,0.0025,1000000.0,1000000.0,1000000.0]",0.001806,223,1,"[16,17]","[0.246686,0.57117,0.084605]","[{""tag_id"":16,""target_match"":true,""family"":""tag25h9"",""hamming"":0,""decision_margin"":151.9702,""pixel_xy"":[816.836677,650.516348],""world_xy_yaw"":[0.246686,0.57117,0.084605],""pnp_valid"":true,""pnp_camera_xyz"":[0.320772,0.72124,1.299396],""pnp_camera_quat_xyzw"":[-0.059748,-0.005276,0.044558,0.997205],""pnp_camera_rpy_deg"":[-6.871013,-0.297808,5.134765],""pnp_reprojection_error_px"":0.064131},{""tag_id"":17,""target_match"":true,""family"":""tag25h9"",""hamming"":0,""decision_margin"":145.221252,""pixel_xy"":[825.757174,350.492467],""world_xy_yaw"":[0.261672,0.937199,1.351079],""pnp_valid"":true,""pnp_camera_xyz"":[0.334071,0.004418,1.2628],""pnp_camera_quat_xyzw"":[-0.045759,-0.045516,0.62177,0.780536],""pnp_camera_rpy_deg"":[-7.356705,-0.810843,77.133282],""pnp_reprojection_error_px"":0.069488}]",1,0.064131,151.9702,98.231826,,0,,0,,
2026-08-12T15:26:06.692228+00:00,21141.975890146,onboard_overhead_fish_dynamic,0,"[0.0,0.0,0.0,0.0]",0,0,0,0,,,,,,,,,,,,,,,,,,,,,,,,,,,,1,0.002364,150,1786548366.647084951,finsrov_stereo_left_optical,"[0.049080292511601675,-0.12830226405144118,0.3398506498629609]","[0.0,0.0,0.0,1.0]","[0.0025,0.0025,0.0025,1000000.0,1000000.0,1000000.0]",0.001315,225,1,"[16,17]","[0.246742,0.571237,0.079411]","[{""tag_id"":16,""target_match"":true,""family"":""tag25h9"",""hamming"":0,""decision_margin"":150.096939,""pixel_xy"":[816.870203,650.461239],""world_xy_yaw"":[0.246742,0.571237,0.079411],""pnp_valid"":true,""pnp_camera_xyz"":[0.319869,0.719032,1.295854],""pnp_camera_quat_xyzw"":[-0.063759,-0.010521,0.045761,0.99686],""pnp_camera_rpy_deg"":[-7.35955,-0.867506,5.312403],""pnp_reprojection_error_px"":0.057021},{""tag_id"":17,""target_match"":true,""family"":""tag25h9"",""hamming"":0,""decision_margin"":144.903351,""pixel_xy"":[825.489051,350.401894],""world_xy_yaw"":[0.261222,0.93731,1.350149],""pnp_valid"":true,""pnp_camera_xyz"":[0.333748,0.004258,1.263814],""pnp_camera_quat_xyzw"":[-0.046736,-0.042742,0.621648,0.780732],""pnp_camera_rpy_deg"":[-7.245566,-0.494697,77.087483],""pnp_reprojection_error_px"":0.092883}]",1,0.057021,150.096939,98.027766,,0,,0,,
2026-08-12T15:26:06.741981+00:00,21142.025637036,onboard_overhead_fish_dynamic,0,"[0.0,0.0,0.0,0.0]",0,0,0,0,,,,,,,,,,,,,,,,,,,,,,,,,,,,1,0.002060,151,1786548366.697039843,finsrov_stereo_left_optical,"[0.049292157133889514,-0.1275407047026521,0.3385883103538562]","[0.0,0.0,0.0,1.0]","[0.0025,0.0025,0.0025,1000000.0,1000000.0,1000000.0]",0.001813,226,1,"[15,16,17]","[0.246722,0.57122,0.0786]","[{""tag_id"":15,""target_match"":true,""family"":""tag25h9"",""hamming"":0,""decision_margin"":74.164185,""pixel_xy"":[820.318008,588.939299],""world_xy_yaw"":[0.252534,0.646294,0.085032],""pnp_valid"":true,""pnp_camera_xyz"":[0.333003,0.580495,1.314068],""pnp_camera_quat_xyzw"":[-0.046684,-0.001863,0.041305,0.998054],""pnp_camera_rpy_deg"":[-5.355772,0.007887,4.739351],""pnp_reprojection_error_px"":0.070289},{""tag_id"":16,""target_match"":true,""family"":""tag25h9"",""hamming"":0,""decision_margin"":151.194855,""pixel_xy"":[816.858402,650.475506],""world_xy_yaw"":[0.246722,0.57122,0.0786],""pnp_valid"":true,""pnp_camera_xyz"":[0.318731,0.716206,1.290936],""pnp_camera_quat_xyzw"":[-0.061997,-0.01448,0.046294,0.996897],""pnp_camera_rpy_deg"":[-7.179845,-1.325314,5.40078],""pnp_reprojection_error_px"":0.033192},{""tag_id"":17,""target_match"":true,""family"":""tag25h9"",""hamming"":0,""decision_margin"":142.948883,""pixel_xy"":[825.423088,350.343802],""world_xy_yaw"":[0.261111,0.937381,1.349945],""pnp_valid"":true,""pnp_camera_xyz"":[0.333721,0.004126,1.264324],""pnp_camera_quat_xyzw"":[-0.046176,-0.042585,0.621546,0.780855],""pnp_camera_rpy_deg"":[-7.183921,-0.521639,77.070957],""pnp_reprojection_error_px"":0.090791}]",1,0.033192,151.194855,97.195493,,0,,0,,
2026-08-12T15:26:06.791847+00:00,21142.075493596,onboard_overhead_fish_dynamic,0,"[0.0,0.0,0.0,0.0]",0,0,0,0,,,,,,,,,,,,,,,,,,,,,,,,,,,,1,0.002065,152,1786548366.747081041,finsrov_stereo_left_optical,"[0.04793987824526125,-0.13585982046413847,0.3365897420229278]","[0.0,0.0,0.0,1.0]","[0.0025,0.0025,0.0025,1000000.0,1000000.0,1000000.0]",0.001116,228,1,"[16,17]","[0.246769,0.571275,0.080281]","[{""tag_id"":16,""target_match"":true,""family"":""tag25h9"",""hamming"":0,""decision_margin"":152.436874,""pixel_xy"":[816.88619,650.430571],""world_xy_yaw"":[0.246769,0.571275,0.080281],""pnp_valid"":true,""pnp_camera_xyz"":[0.319379,0.717106,1.29266],""pnp_camera_quat_xyzw"":[-0.058714,-0.01719,0.046792,0.997029],""pnp_camera_rpy_deg"":[-6.819233,-1.649387,5.472239],""pnp_reprojection_error_px"":0.062785},{""tag_id"":17,""target_match"":true,""family"":""tag25h9"",""hamming"":0,""decision_margin"":144.201187,""pixel_xy"":[825.342948,350.032445],""world_xy_yaw"":[0.260976,0.93776,1.352454],""pnp_valid"":true,""pnp_camera_xyz"":[0.333601,0.003431,1.264729],""pnp_camera_quat_xyzw"":[-0.04537,-0.042936,0.62221,0.780355],""pnp_camera_rpy_deg"":[-7.137284,-0.604512,77.171361],""pnp_reprojection_error_px"":0.092614}]",1,0.062785,152.436874,96.976566,,0,,0,,
2026-08-12T15:26:06.842157+00:00,21142.125812866,onboard_overhead_fish_dynamic,0,"[0.0,0.0,0.0,0.0]",0,0,0,0,,,,,,,,,,,,,,,,,,,,,,,,,,,,1,0.002234,153,1786548366.797033548,finsrov_stereo_left_optical,"[0.04906075401363946,-0.13914377684220636,0.3376711196326948]","[0.0,0.0,0.0,1.0]","[0.0025,0.0025,0.0025,1000000.0,1000000.0,1000000.0]",0.001971,229,1,"[16,17]","[0.24685,0.571319,0.084974]","[{""tag_id"":16,""target_match"":true,""family"":""tag25h9"",""hamming"":0,""decision_margin"":148.715317,""pixel_xy"":[816.934373,650.394213],""world_xy_yaw"":[0.24685,0.571319,0.084974],""pnp_valid"":true,""pnp_camera_xyz"":[0.320996,0.720257,1.298509],""pnp_camera_quat_xyzw"":[-0.060323,-0.014461,0.047022,0.996966],""pnp_camera_rpy_deg"":[-6.988596,-1.327127,5.481716],""pnp_reprojection_error_px"":0.088023},{""tag_id"":17,""target_match"":true,""family"":""tag25h9"",""hamming"":0,""decision_margin"":142.062164,""pixel_xy"":[825.315477,349.861791],""world_xy_yaw"":[0.26093,0.937969,1.351404],""pnp_valid"":true,""pnp_camera_xyz"":[0.333515,0.002945,1.264776],""pnp_camera_quat_xyzw"":[-0.044164,-0.04397,0.622226,0.780353],""pnp_camera_rpy_deg"":[-7.103206,-0.78289,77.183845],""pnp_reprojection_error_px"":0.053052}]",1,0.088023,148.715317,96.700062,,0,,0,,
2026-08-12T15:26:06.891212+00:00,21142.174879722,onboard_overhead_fish_dynamic,0,"[0.0,0.0,0.0,0.0]",0,0,0,0,,,,,,,,,,,,,,,,,,,,,,,,,,,,1,0.001385,154,1786548366.847203970,finsrov_stereo_left_optical,"[0.052042833465182736,-0.13064857081332404,0.34047366580019256]","[0.0,0.0,0.0,1.0]","[0.0025,0.0025,0.0025,1000000.0,1000000.0,1000000.0]",0.001196,230,1,"[16,17]","[0.246886,0.571346,0.089057]","[{""tag_id"":16,""target_match"":true,""family"":""tag25h9"",""hamming"":0,""decision_margin"":152.432724,""pixel_xy"":[816.95596,650.371726],""world_xy_yaw"":[0.246886,0.571346,0.089057],""pnp_valid"":true,""pnp_camera_xyz"":[0.3222,0.722674,1.303026],""pnp_camera_quat_xyzw"":[-0.061504,-0.009841,0.046313,0.996983],""pnp_camera_rpy_deg"":[-7.09767,-0.797919,5.368773],""pnp_reprojection_error_px"":0.106327},{""tag_id"":17,""target_match"":true,""family"":""tag25h9"",""hamming"":0,""decision_margin"":143.268906,""pixel_xy"":[825.271514,349.606893],""world_xy_yaw"":[0.260856,0.93828,1.352179],""pnp_valid"":true,""pnp_camera_xyz"":[0.333479,0.002372,1.264949],""pnp_camera_quat_xyzw"":[-0.043138,-0.044202,0.622159,0.780451],""pnp_camera_rpy_deg"":[-7.02771,-0.877678,77.176188],""pnp_reprojection_error_px"":0.064857}]",1,0.106327,152.432724,96.297886,,0,,0,,
2026-08-12T15:26:06.941590+00:00,21142.225251510,onboard_overhead_fish_dynamic,0,"[0.0,0.0,0.0,0.0]",0,0,0,0,,,,,,,,,,,,,,,,,,,,,,,,,,,,1,0.001748,155,1786548366.897102833,finsrov_stereo_left_optical,"[0.053063015051494467,-0.1256314301535899,0.34295093191646386]","[0.0,0.0,0.0,1.0]","[0.0025,0.0025,0.0025,1000000.0,1000000.0,1000000.0]",0.000939,232,1,"[16,17]","[0.247092,0.571472,0.083088]","[{""tag_id"":16,""target_match"":true,""family"":""tag25h9"",""hamming"":0,""decision_margin"":151.222824,""pixel_xy"":[817.078453,650.268963],""world_xy_yaw"":[0.247092,0.571472,0.083088],""pnp_valid"":true,""pnp_camera_xyz"":[0.321922,0.72156,1.301304],""pnp_camera_quat_xyzw"":[-0.058777,-0.013875,0.047042,0.997066],""pnp_camera_rpy_deg"":[-6.808068,-1.268516,5.477978],""pnp_reprojection_error_px"":0.039357},{""tag_id"":17,""target_match"":true,""family"":""tag25h9"",""hamming"":0,""decision_margin"":143.731522,""pixel_xy"":[825.244889,349.26569],""world_xy_yaw"":[0.260811,0.938696,1.352452],""pnp_valid"":true,""pnp_camera_xyz"":[0.33331,0.00152,1.264667],""pnp_camera_quat_xyzw"":[-0.041231,-0.047279,0.621931,0.780555],""pnp_camera_rpy_deg"":[-7.077141,-1.290557,77.174166],""pnp_reprojection_error_px"":0.037576}]",1,0.039357,151.222824,94.182669,,0,,0,,
2026-08-12T15:26:06.992072+00:00,21142.275730011,onboard_overhead_fish_dynamic,0,"[0.0,0.0,0.0,0.0]",0,0,0,0,,,,,,,,,,,,,,,,,,,,,,,,,,,,1,0.002070,156,1786548366.947258472,finsrov_stereo_left_optical,"[0.05356778634495679,-0.12967063533695466,0.3426192093516796]","[0.0,0.0,0.0,1.0]","[0.0025,0.0025,0.0025,1000000.0,1000000.0,1000000.0]",0.001117,234,1,"[16,17]","[0.247311,0.57162,0.077306]","[{""tag_id"":16,""target_match"":true,""family"":""tag25h9"",""hamming"":0,""decision_margin"":150.297119,""pixel_xy"":[817.208785,650.147914],""world_xy_yaw"":[0.247311,0.57162,0.077306],""pnp_valid"":true,""pnp_camera_xyz"":[0.321476,0.720239,1.299072],""pnp_camera_quat_xyzw"":[-0.060951,-0.017684,0.048187,0.99682],""pnp_camera_rpy_deg"":[-7.080932,-1.683669,5.639263],""pnp_reprojection_error_px"":0.101784},{""tag_id"":17,""target_match"":true,""family"":""tag25h9"",""hamming"":0,""decision_margin"":146.838364,""pixel_xy"":[825.10932,348.707282],""world_xy_yaw"":[0.260584,0.939377,1.354107],""pnp_valid"":true,""pnp_camera_xyz"":[0.332819,0.000257,1.263799],""pnp_camera_quat_xyzw"":[-0.042985,-0.048467,0.622107,0.780247],""pnp_camera_rpy_deg"":[-7.320114,-1.269182,77.213361],""pnp_reprojection_error_px"":0.063165}]",1,0.101784,150.297119,95.259834,,0,,0,,
2026-08-12T15:26:07.042255+00:00,21142.325910479,onboard_overhead_fish_dynamic,0,"[0.0,0.0,0.0,0.0]",0,0,0,0,,,,,,,,,,,,,,,,,,,,,,,,,,,,1,0.002238,157,1786548366.996977091,finsrov_stereo_left_optical,"[0.05471996601402612,-0.12809882245070192,0.34275452143780466]","[0.0,0.0,0.0,1.0]","[0.0025,0.0025,0.0025,1000000.0,1000000.0,1000000.0]",0.001971,235,1,"[16,17]","[0.247306,0.571584,0.080623]","[{""tag_id"":16,""target_match"":true,""family"":""tag25h9"",""hamming"":0,""decision_margin"":152.561127,""pixel_xy"":[817.20604,650.177193],""world_xy_yaw"":[0.247306,0.571584,0.080623],""pnp_valid"":true,""pnp_camera_xyz"":[0.321446,0.720217,1.299153],""pnp_camera_quat_xyzw"":[-0.065216,-0.015515,0.049134,0.99654],""pnp_camera_rpy_deg"":[-7.558868,-1.404659,5.738136],""pnp_reprojection_error_px"":0.07897},{""tag_id"":17,""target_match"":true,""family"":""tag25h9"",""hamming"":0,""decision_margin"":143.908279,""pixel_xy"":[825.060913,348.463951],""world_xy_yaw"":[0.260502,0.939674,1.352814],""pnp_valid"":true,""pnp_camera_xyz"":[0.332581,-0.000322,1.263424],""pnp_camera_quat_xyzw"":[-0.045165,-0.049024,0.621863,0.780284],""pnp_camera_rpy_deg"":[-7.555275,-1.165093,77.184463],""pnp_reprojection_error_px"":0.052059}]",1,0.07897,152.561127,96.74018,,0,,0,,
2026-08-12T15:26:07.091691+00:00,21142.375350809,onboard_overhead_fish_dynamic,0,"[0.0,0.0,0.0,0.0]",0,0,0,0,,,,,,,,,,,,,,,,,,,,,,,,,,,,1,0.001904,158,1786548367.047219038,finsrov_stereo_left_optical,"[0.05677164411349489,-0.12141329649918775,0.34330180737791893]","[0.0,0.0,0.0,1.0]","[0.0025,0.0025,0.0025,1000000.0,1000000.0,1000000.0]",0.001075,237,1,"[16,17]","[0.247205,0.571556,0.08709]","[{""tag_id"":16,""target_match"":true,""family"":""tag25h9"",""hamming"":0,""decision_margin"":149.508865,""pixel_xy"":[817.146131,650.200316],""world_xy_yaw"":[0.247205,0.571556,0.08709],""pnp_valid"":true,""pnp_camera_xyz"":[0.320585,0.718056,1.295613],""pnp_camera_quat_xyzw"":[-0.0634,-0.012437,0.049234,0.996695],""pnp_camera_rpy_deg"":[-7.332569,-1.062887,5.724058],""pnp_reprojection_error_px"":0.06574},{""tag_id"":17,""target_match"":true,""family"":""tag25h9"",""hamming"":0,""decision_margin"":147.057388,""pixel_xy"":[824.891252,348.033148],""world_xy_yaw"":[0.260217,0.9402,1.348964],""pnp_valid"":true,""pnp_camera_xyz"":[0.331896,-0.00133,1.262333],""pnp_camera_quat_xyzw"":[-0.049193,-0.049196,0.620786,0.780887],""pnp_camera_rpy_deg"":[-7.927792,-0.902823,77.030207],""pnp_reprojection_error_px"":0.049036}]",1,0.06574,149.508865,97.147025,,0,,0,,
2026-08-12T15:26:07.142408+00:00,21142.426061974,onboard_overhead_fish_dynamic,0,"[0.0,0.0,0.0,0.0]",0,0,0,0,,,,,,,,,,,,,,,,,,,,,,,,,,,,1,0.002500,159,1786548367.096976042,finsrov_stereo_left_optical,"[0.0569477696899689,-0.12645519658066406,0.34237338390853556]","[0.0,0.0,0.0,1.0]","[0.0025,0.0025,0.0025,1000000.0,1000000.0,1000000.0]",0.002211,238,1,"[16,17]","[0.247068,0.571658,0.091069]","[{""tag_id"":16,""target_match"":true,""family"":""tag25h9"",""hamming"":0,""decision_margin"":150.593246,""pixel_xy"":[817.064214,650.116022],""world_xy_yaw"":[0.247068,0.571658,0.091069],""pnp_valid"":true,""pnp_camera_xyz"":[0.320383,0.717493,1.294931],""pnp_camera_quat_xyzw"":[-0.060113,-0.010843,0.048703,0.996944],""pnp_camera_rpy_deg"":[-6.945816,-0.903271,5.648465],""pnp_reprojection_error_px"":0.091561},{""tag_id"":17,""target_match"":true,""family"":""tag25h9"",""hamming"":0,""decision_margin"":147.102798,""pixel_xy"":[824.796772,347.823358],""world_xy_yaw"":[0.260059,0.940455,1.347224],""pnp_valid"":true,""pnp_camera_xyz"":[0.332014,-0.001812,1.263651],""pnp_camera_quat_xyzw"":[-0.050802,-0.047689,0.620547,0.781067],""pnp_camera_rpy_deg"":[-7.964266,-0.655885,76.978959],""pnp_reprojection_error_px"":0.049966}]",1,0.091561,150.593246,97.448664,,0,,0,,
2026-08-12T15:26:07.190476+00:00,21142.474145248,onboard_overhead_fish_dynamic,0,"[0.0,0.0,0.0,0.0]",0,0,0,0,,,,,,,,,,,,,,,,,,,,,,,,,,,,1,0.000937,160,1786548367.147198677,finsrov_stereo_left_optical,"[0.05598831159609147,-0.1330673827205484,0.34242639783856027]","[0.0,0.0,0.0,1.0]","[0.0025,0.0025,0.0025,1000000.0,1000000.0,1000000.0]",0.000463,240,1,"[16,17]","[0.247,0.571858,0.091477]","[{""tag_id"":16,""target_match"":true,""family"":""tag25h9"",""hamming"":0,""decision_margin"":149.745071,""pixel_xy"":[817.023863,649.952329],""world_xy_yaw"":[0.247,0.571858,0.091477],""pnp_valid"":true,""pnp_camera_xyz"":[0.320767,0.718094,1.296553],""pnp_camera_quat_xyzw"":[-0.055168,-0.010678,0.048039,0.997264],""pnp_camera_rpy_deg"":[-6.377286,-0.916585,5.566712],""pnp_reprojection_error_px"":0.107296},{""tag_id"":17,""target_match"":true,""family"":""tag25h9"",""hamming"":0,""decision_margin"":149.681183,""pixel_xy"":[824.548124,347.475874],""world_xy_yaw"":[0.259641,0.940879,1.345259],""pnp_valid"":true,""pnp_camera_xyz"":[0.33125,-0.002609,1.262953],""pnp_camera_quat_xyzw"":[-0.052057,-0.048518,0.61965,0.781645],""pnp_camera_rpy_deg"":[-8.135637,-0.649395,76.8575],""pnp_reprojection_error_px"":0.053123}]",1,0.107296,149.745071,97.583179,,0,,0,,
2026-08-12T15:26:07.240985+00:00,21142.524650123,onboard_overhead_fish_dynamic,0,"[0.0,0.0,0.0,0.0]",0,0,0,0,,,,,,,,,,,,,,,,,,,,,,,,,,,,1,0.001222,161,1786548367.196972132,finsrov_stereo_left_optical,"[0.05627313171671533,-0.13769556647488146,0.3431617678511923]","[0.0,0.0,0.0,1.0]","[0.0025,0.0025,0.0025,1000000.0,1000000.0,1000000.0]",0.001060,241,1,"[16,17]","[0.259317,0.941123,1.343806]","[{""tag_id"":16,""target_match"":true,""family"":""tag25h9"",""hamming"":0,""decision_margin"":149.167236,""pixel_xy"":[817.013602,649.823207],""world_xy_yaw"":[0.246983,0.572016,0.089411],""pnp_valid"":true,""pnp_camera_xyz"":[0.322003,0.720963,1.301983],""pnp_camera_quat_xyzw"":[-0.0565,-0.008466,0.046683,0.997275],""pnp_camera_rpy_deg"":[-6.516597,-0.665305,5.398014],""pnp_reprojection_error_px"":0.083058},{""tag_id"":17,""target_match"":true,""family"":""tag25h9"",""hamming"":0,""decision_margin"":149.390945,""pixel_xy"":[824.355558,347.276082],""world_xy_yaw"":[0.259317,0.941123,1.343806],""pnp_valid"":true,""pnp_camera_xyz"":[0.330929,-0.003026,1.263348],""pnp_camera_quat_xyzw"":[-0.052944,-0.046435,0.61918,0.782085],""pnp_camera_rpy_deg"":[-8.066334,-0.40504,76.766153],""pnp_reprojection_error_px"":0.075082}]",1,0.075082,149.390945,97.569264,,0,,0,,
2026-08-12T15:26:07.290705+00:00,21142.574376273,onboard_overhead_fish_dynamic,0,"[0.0,0.0,0.0,0.0]",0,0,0,0,,,,,,,,,,,,,,,,,,,,,,,,,,,,1,0.001116,162,1786548367.247034550,finsrov_stereo_left_optical,"[0.05662712374458562,-0.13033722750431986,0.34592290996987585]","[0.0,0.0,0.0,1.0]","[0.0025,0.0025,0.0025,1000000.0,1000000.0,1000000.0]",0.000553,243,1,"[15,16,17]","[0.258521,0.94155,1.34031]","[{""tag_id"":15,""target_match"":true,""family"":""tag25h9"",""hamming"":0,""decision_margin"":113.693214,""pixel_xy"":[820.824618,588.812958],""world_xy_yaw"":[0.253385,0.646448,0.083962],""pnp_valid"":true,""pnp_camera_xyz"":[0.332872,0.577307,1.308587],""pnp_camera_quat_xyzw"":[-0.046945,-0.019748,0.047778,0.997559],""pnp_camera_rpy_deg"":[-5.486157,-2.000795,5.58004],""pnp_reprojection_error_px"":0.117211},{""tag_id"":16,""target_match"":true,""family"":""tag25h9"",""hamming"":0,""decision_margin"":150.731232,""pixel_xy"":[817.017373,649.848485],""world_xy_yaw"":[0.246989,0.571985,0.083897],""pnp_valid"":true,""pnp_camera_xyz"":[0.32229,0.722111,1.30382],""pnp_camera_quat_xyzw"":[-0.061352,-0.012844,0.047903,0.996883],""pnp_camera_rpy_deg"":[-7.098484,-1.130505,5.572279],""pnp_reprojection_error_px"":0.073515},{""tag_id"":17,""target_match"":true,""family"":""tag25h9"",""hamming"":0,""decision_margin"":150.814072,""pixel_xy"":[823.881685,346.926495],""world_xy_yaw"":[0.258521,0.94155,1.34031],""pnp_valid"":true,""pnp_camera_xyz"":[0.329985,-0.003902,1.264018],""pnp_camera_quat_xyzw"":[-0.052276,-0.044697,0.618595,0.782694],""pnp_camera_rpy_deg"":[-7.881962,-0.303259,76.662435],""pnp_reprojection_error_px"":0.04913}]",1,0.04913,150.814072,97.536651,,0,,0,,
2026-08-12T15:26:07.341189+00:00,21142.624849928,onboard_overhead_fish_dynamic,0,"[0.0,0.0,0.0,0.0]",0,0,0,0,,,,,,,,,,,,,,,,,,,,,,,,,,,,1,0.001531,163,1786548367.297029734,finsrov_stereo_left_optical,"[0.059317340513259265,-0.1222169785574001,0.3478175682505232]","[0.0,0.0,0.0,1.0]","[0.0025,0.0025,0.0025,1000000.0,1000000.0,1000000.0]",0.001348,244,1,"[15,16,17]","[0.246807,0.571925,0.089498]","[{""tag_id"":15,""target_match"":true,""family"":""tag25h9"",""hamming"":0,""decision_margin"":114.102951,""pixel_xy"":[820.779458,588.773064],""world_xy_yaw"":[0.253309,0.646497,0.088483],""pnp_valid"":true,""pnp_camera_xyz"":[0.332854,0.577164,1.308154],""pnp_camera_quat_xyzw"":[-0.04706,-0.021234,0.048241,0.997501],""pnp_camera_rpy_deg"":[-5.508947,-2.167488,5.641861],""pnp_reprojection_error_px"":0.127753},{""tag_id"":16,""target_match"":true,""family"":""tag25h9"",""hamming"":0,""decision_margin"":148.746948,""pixel_xy"":[816.909236,649.897633],""world_xy_yaw"":[0.246807,0.571925,0.089498],""pnp_valid"":true,""pnp_camera_xyz"":[0.322672,0.723382,1.30602],""pnp_camera_quat_xyzw"":[-0.065652,-0.01372,0.049818,0.996504],""pnp_camera_rpy_deg"":[-7.599107,-1.192025,5.803209],""pnp_reprojection_error_px"":0.058696},{""tag_id"":17,""target_match"":true,""family"":""tag25h9"",""hamming"":0,""decision_margin"":147.818268,""pixel_xy"":[823.610131,346.859017],""world_xy_yaw"":[0.258065,0.941632,1.337991],""pnp_valid"":true,""pnp_camera_xyz"":[0.328934,-0.004167,1.262336],""pnp_camera_quat_xyzw"":[-0.050589,-0.047842,0.617703,0.783323],""pnp_camera_rpy_deg"":[-7.953582,-0.713542,76.565996],""pnp_reprojection_error_px"":0.026482}]",1,0.058696,148.746948,97.524004,,0,,0,,
2026-08-12T15:26:07.391211+00:00,21142.674874095,onboard_overhead_fish_dynamic,0,"[0.0,0.0,0.0,0.0]",0,0,0,0,,,,,,,,,,,,,,,,,,,,,,,,,,,,1,0.001541,164,1786548367.347004414,finsrov_stereo_left_optical,"[0.06371933690145243,-0.11210247842477761,0.34861108602841306]","[0.0,0.0,0.0,1.0]","[0.0025,0.0025,0.0025,1000000.0,1000000.0,1000000.0]",0.000822,246,1,"[16,17]","[0.246443,0.571643,0.088661]","[{""tag_id"":16,""target_match"":true,""family"":""tag25h9"",""hamming"":0,""decision_margin"":150.349716,""pixel_xy"":[816.692492,650.128836],""world_xy_yaw"":[0.246443,0.571643,0.088661],""pnp_valid"":true,""pnp_camera_xyz"":[0.321549,0.722332,1.303457],""pnp_camera_quat_xyzw"":[-0.06464,-0.015213,0.049989,0.99654],""pnp_camera_rpy_deg"":[-7.49215,-1.367125,5.832921],""pnp_reprojection_error_px"":0.053333},{""tag_id"":17,""target_match"":true,""family"":""tag25h9"",""hamming"":0,""decision_margin"":145.805496,""pixel_xy"":[822.971619,346.703474],""world_xy_yaw"":[0.256992,0.941822,1.336478],""pnp_valid"":true,""pnp_camera_xyz"":[0.327504,-0.004474,1.262438],""pnp_camera_quat_xyzw"":[-0.049471,-0.044744,0.617148,0.784015],""pnp_camera_rpy_deg"":[-7.631728,-0.52128,76.451871],""pnp_reprojection_error_px"":0.041988}]",1,0.053333,150.349716,95.808204,,0,,0,,
2026-08-12T15:26:07.440021+00:00,21142.723693314,onboard_overhead_fish_dynamic,0,"[0.0,0.0,0.0,0.0]",0,0,0,0,,,,,,,,,,,,,,,,,,,,,,,,,,,,1,0.000679,165,1786548367.396965027,finsrov_stereo_left_optical,"[0.06392558093926665,-0.11639708687190053,0.34816483848928653]","[0.0,0.0,0.0,1.0]","[0.0025,0.0025,0.0025,1000000.0,1000000.0,1000000.0]",0.000568,247,1,"[15,16,17]","[0.246294,0.571453,0.082443]","[{""tag_id"":15,""target_match"":true,""family"":""tag25h9"",""hamming"":0,""decision_margin"":108.386658,""pixel_xy"":[820.316449,588.815703],""world_xy_yaw"":[0.252532,0.646445,0.089456],""pnp_valid"":true,""pnp_camera_xyz"":[0.334421,0.582174,1.319292],""pnp_camera_quat_xyzw"":[-0.049155,-0.010362,0.045931,0.997681],""pnp_camera_rpy_deg"":[-5.684294,-0.925988,5.317821],""pnp_reprojection_error_px"":0.079737},{""tag_id"":16,""target_match"":true,""family"":""tag25h9"",""hamming"":0,""decision_margin"":152.174561,""pixel_xy"":[816.603795,650.284684],""world_xy_yaw"":[0.246294,0.571453,0.082443],""pnp_valid"":true,""pnp_camera_xyz"":[0.31959,0.718883,1.29665],""pnp_camera_quat_xyzw"":[-0.05971,-0.018799,0.049747,0.996798],""pnp_camera_rpy_deg"":[-6.947976,-1.807194,5.823878],""pnp_reprojection_error_px"":0.048289},{""tag_id"":17,""target_match"":true,""family"":""tag25h9"",""hamming"":0,""decision_margin"":145.910416,""pixel_xy"":[822.613583,346.681072],""world_xy_yaw"":[0.256391,0.941849,1.334267],""pnp_valid"":true,""pnp_camera_xyz"":[0.326909,-0.004534,1.263312],""pnp_camera_quat_xyzw"":[-0.048808,-0.043113,0.616563,0.784608],""pnp_camera_rpy_deg"":[-7.455639,-0.427835,76.350033],""pnp_reprojection_error_px"":0.043885}]",1,0.048289,152.174561,97.150031,,0,,0,,
2026-08-12T15:26:07.490452+00:00,21142.774121014,onboard_overhead_fish_dynamic,0,"[0.0,0.0,0.0,0.0]",0,0,0,0,,,,,,,,,,,,,,,,,,,,,,,,,,,,1,0.000902,166,1786548367.447045803,finsrov_stereo_left_optical,"[0.06102609651566321,-0.13165572871677378,0.34575865956093554]","[0.0,0.0,0.0,1.0]","[0.0025,0.0025,0.0025,1000000.0,1000000.0,1000000.0]",0.000460,249,1,"[16,17]","[0.245954,0.571212,0.084718]","[{""tag_id"":16,""target_match"":true,""family"":""tag25h9"",""hamming"":0,""decision_margin"":150.935333,""pixel_xy"":[816.401013,650.482131],""world_xy_yaw"":[0.245954,0.571212,0.084718],""pnp_valid"":true,""pnp_camera_xyz"":[0.318506,0.718087,1.294191],""pnp_camera_quat_xyzw"":[-0.058861,-0.012292,0.047582,0.997056],""pnp_camera_rpy_deg"":[-6.809344,-1.083559,5.528942],""pnp_reprojection_error_px"":0.020343},{""tag_id"":17,""target_match"":true,""family"":""tag25h9"",""hamming"":0,""decision_margin"":146.929794,""pixel_xy"":[821.818981,346.593613],""world_xy_yaw"":[0.255056,0.941956,1.331534],""pnp_valid"":true,""pnp_camera_xyz"":[0.325109,-0.004677,1.263571],""pnp_camera_quat_xyzw"":[-0.047275,-0.040983,0.615297,0.785808],""pnp_camera_rpy_deg"":[-7.165423,-0.357131,76.1451],""pnp_reprojection_error_px"":0.052925}]",1,0.020343,150.935333,96.92235,,0,,0,,
2026-08-12T15:26:07.540030+00:00,21142.823702585,onboard_overhead_fish_dynamic,0,"[0.0,0.0,0.0,0.0]",0,0,0,0,,,,,,,,,,,,,,,,,,,,,,,,,,,,1,0.000706,167,1786548367.496962070,finsrov_stereo_left_optical,"[0.05947108418555952,-0.13530140697095516,0.34551018644964876]","[0.0,0.0,0.0,1.0]","[0.0025,0.0025,0.0025,1000000.0,1000000.0,1000000.0]",0.000593,250,1,"[16,17]","[0.245805,0.571106,0.083892]","[{""tag_id"":16,""target_match"":true,""family"":""tag25h9"",""hamming"":0,""decision_margin"":150.810867,""pixel_xy"":[816.312637,650.568566],""world_xy_yaw"":[0.245805,0.571106,0.083892],""pnp_valid"":true,""pnp_camera_xyz"":[0.317701,0.717127,1.291879],""pnp_camera_quat_xyzw"":[-0.058698,-0.010861,0.046704,0.997124],""pnp_camera_rpy_deg"":[-6.781811,-0.926891,5.418267],""pnp_reprojection_error_px"":0.038343},{""tag_id"":17,""target_match"":true,""family"":""tag25h9"",""hamming"":0,""decision_margin"":147.083405,""pixel_xy"":[821.399143,346.622115],""world_xy_yaw"":[0.254351,0.941921,1.329286],""pnp_valid"":true,""pnp_camera_xyz"":[0.324356,-0.004623,1.264275],""pnp_camera_quat_xyzw"":[-0.047314,-0.039224,0.614755,0.78632],""pnp_camera_rpy_deg"":[-7.044167,-0.201223,76.049904],""pnp_reprojection_error_px"":0.061215}]",1,0.038343,150.810867,98.132125,,0,,0,,
2026-08-12T15:26:07.592522+00:00,21142.876166467,onboard_overhead_fish_dynamic,0,"[0.0,0.0,0.0,0.0]",0,0,0,0,,,,,,,,,,,,,,,,,,,,,,,,,,,,1,0.002394,168,1786548367.547109127,finsrov_stereo_left_optical,"[0.05823864664221601,-0.13855839881131993,0.3449460511765518]","[0.0,0.0,0.0,1.0]","[0.0025,0.0025,0.0025,1000000.0,1000000.0,1000000.0]",0.001340,252,1,"[16,17]","[0.24559,0.5709,0.086645]","[{""tag_id"":16,""target_match"":true,""family"":""tag25h9"",""hamming"":0,""decision_margin"":152.198105,""pixel_xy"":[816.184456,650.737363],""world_xy_yaw"":[0.24559,0.5709,0.086645],""pnp_valid"":true,""pnp_camera_xyz"":[0.317026,0.716589,1.290399],""pnp_camera_quat_xyzw"":[-0.055989,-0.008074,0.046899,0.997297],""pnp_camera_rpy_deg"":[-6.455968,-0.621806,5.419954],""pnp_reprojection_error_px"":0.010275},{""tag_id"":17,""target_match"":true,""family"":""tag25h9"",""hamming"":0,""decision_margin"":143.56601,""pixel_xy"":[820.582648,346.690808],""world_xy_yaw"":[0.252979,0.941837,1.325172],""pnp_valid"":true,""pnp_camera_xyz"":[0.322509,-0.004468,1.264475],""pnp_camera_quat_xyzw"":[-0.045474,-0.039253,0.612957,0.787829],""pnp_camera_rpy_deg"":[-6.87912,-0.349607,75.789159],""pnp_reprojection_error_px"":0.059053}]",1,0.010275,152.198105,98.331159,,0,,0,,
2026-08-12T15:26:07.640877+00:00,21142.924536384,onboard_overhead_fish_dynamic,0,"[0.0,0.0,0.0,0.0]",0,0,0,0,,,,,,,,,,,,,,,,,,,,,,,,,,,,1,0.001261,169,1786548367.596971035,finsrov_stereo_left_optical,"[0.059994952216262665,-0.14408539490282113,0.34407279949926767]","[0.0,0.0,0.0,1.0]","[0.0025,0.0025,0.0025,1000000.0,1000000.0,1000000.0]",0.001100,253,1,"[16,17]","[0.245561,0.570863,0.085582]","[{""tag_id"":16,""target_match"":true,""family"":""tag25h9"",""hamming"":0,""decision_margin"":152.152618,""pixel_xy"":[816.167173,650.767986],""world_xy_yaw"":[0.245561,0.570863,0.085582],""pnp_valid"":true,""pnp_camera_xyz"":[0.316956,0.716551,1.290368],""pnp_camera_quat_xyzw"":[-0.054153,-0.008761,0.047086,0.997383],""pnp_camera_rpy_deg"":[-6.249377,-0.709092,5.444469],""pnp_reprojection_error_px"":0.046828},{""tag_id"":17,""target_match"":true,""family"":""tag25h9"",""hamming"":0,""decision_margin"":145.155869,""pixel_xy"":[820.170576,346.514606],""world_xy_yaw"":[0.252287,0.942052,1.322954],""pnp_valid"":true,""pnp_camera_xyz"":[0.321531,-0.004869,1.264598],""pnp_camera_quat_xyzw"":[-0.045659,-0.038952,0.612184,0.788434],""pnp_camera_rpy_deg"":[-6.874348,-0.316224,75.674467],""pnp_reprojection_error_px"":0.047379}]",1,0.046828,152.152618,98.480816,,0,,0,,
2026-08-12T15:26:07.690443+00:00,21142.974112523,onboard_overhead_fish_dynamic,0,"[0.0,0.0,0.0,0.0]",0,0,0,0,,,,,,,,,,,,,,,,,,,,,,,,,,,,1,0.000948,170,1786548367.647057772,finsrov_stereo_left_optical,"[0.06104386098070108,-0.1468925300358792,0.3441862089355181]","[0.0,0.0,0.0,1.0]","[0.0025,0.0025,0.0025,1000000.0,1000000.0,1000000.0]",0.000466,255,1,"[16,17]","[0.245378,0.570867,0.089708]","[{""tag_id"":16,""target_match"":true,""family"":""tag25h9"",""hamming"":0,""decision_margin"":151.52269,""pixel_xy"":[816.058236,650.764694],""world_xy_yaw"":[0.245378,0.570867,0.089708],""pnp_valid"":true,""pnp_camera_xyz"":[0.318184,0.719637,1.295901],""pnp_camera_quat_xyzw"":[-0.058152,-0.005437,0.045892,0.997238],""pnp_camera_rpy_deg"":[-6.689209,-0.315481,5.288128],""pnp_reprojection_error_px"":0.063511},{""tag_id"":17,""target_match"":true,""family"":""tag25h9"",""hamming"":0,""decision_margin"":144.888565,""pixel_xy"":[819.32699,346.033389],""world_xy_yaw"":[0.250869,0.942639,1.321199],""pnp_valid"":true,""pnp_camera_xyz"":[0.319283,-0.006005,1.263477],""pnp_camera_quat_xyzw"":[-0.044785,-0.039137,0.611528,0.788984],""pnp_camera_rpy_deg"":[-6.807745,-0.400041,75.581134],""pnp_reprojection_error_px"":0.038715}]",1,0.063511,151.52269,96.727879,,0,,0,,
2026-08-12T15:26:07.741742+00:00,21143.025402073,onboard_overhead_fish_dynamic,0,"[0.0,0.0,0.0,0.0]",0,0,0,0,,,,,,,,,,,,,,,,,,,,,,,,,,,,1,0.001739,171,1786548367.696981430,finsrov_stereo_left_optical,"[0.0638597259970965,-0.13391880789518218,0.3477266919501232]","[0.0,0.0,0.0,1.0]","[0.0025,0.0025,0.0025,1000000.0,1000000.0,1000000.0]",0.001523,256,1,"[16,17]","[0.245316,0.570933,0.0896]","[{""tag_id"":16,""target_match"":true,""family"":""tag25h9"",""hamming"":0,""decision_margin"":152.586258,""pixel_xy"":[816.021207,650.711054],""world_xy_yaw"":[0.245316,0.570933,0.0896],""pnp_valid"":true,""pnp_camera_xyz"":[0.319161,0.72207,1.300258],""pnp_camera_quat_xyzw"":[-0.062313,-0.00545,0.04567,0.996996],""pnp_camera_rpy_deg"":[-7.166403,-0.296508,5.264028],""pnp_reprojection_error_px"":0.053316},{""tag_id"":17,""target_match"":true,""family"":""tag25h9"",""hamming"":0,""decision_margin"":146.573242,""pixel_xy"":[818.945196,345.799356],""world_xy_yaw"":[0.250228,0.942925,1.319003],""pnp_valid"":true,""pnp_camera_xyz"":[0.318401,-0.006554,1.263511],""pnp_camera_quat_xyzw"":[-0.044844,-0.037246,0.611065,0.789431],""pnp_camera_rpy_deg"":[-6.679891,-0.229267,75.497226],""pnp_reprojection_error_px"":0.03625}]",1,0.053316,152.586258,96.731404,,0,,0,,
2026-08-12T15:26:07.791692+00:00,21143.075358300,onboard_overhead_fish_dynamic,0,"[0.0,0.0,0.0,0.0]",0,0,0,0,,,,,,,,,,,,,,,,,,,,,,,,,,,,1,0.001635,172,1786548367.746982098,finsrov_stereo_left_optical,"[0.0657481387961722,-0.12328687735929367,0.3502469394371852]","[0.0,0.0,0.0,1.0]","[0.0025,0.0025,0.0025,1000000.0,1000000.0,1000000.0]",0.000653,258,1,"[15,16,17]","[0.245424,0.570865,0.086883]","[{""tag_id"":15,""target_match"":true,""family"":""tag25h9"",""hamming"":0,""decision_margin"":102.699226,""pixel_xy"":[819.959016,589.379933],""world_xy_yaw"":[0.251931,0.645756,0.089926],""pnp_valid"":true,""pnp_camera_xyz"":[0.332194,0.581077,1.314034],""pnp_camera_quat_xyzw"":[-0.051724,-0.007374,0.045354,0.997604],""pnp_camera_rpy_deg"":[-5.962292,-0.574106,5.236035],""pnp_reprojection_error_px"":0.123273},{""tag_id"":16,""target_match"":true,""family"":""tag25h9"",""hamming"":0,""decision_margin"":151.101151,""pixel_xy"":[816.085582,650.766546],""world_xy_yaw"":[0.245424,0.570865,0.086883],""pnp_valid"":true,""pnp_camera_xyz"":[0.319631,0.723197,1.30196],""pnp_camera_quat_xyzw"":[-0.063236,-0.008375,0.046848,0.996863],""pnp_camera_rpy_deg"":[-7.288586,-0.617222,5.420661],""pnp_reprojection_error_px"":0.03748},{""tag_id"":17,""target_match"":true,""family"":""tag25h9"",""hamming"":0,""decision_margin"":145.347809,""pixel_xy"":[818.245133,345.40826],""world_xy_yaw"":[0.249052,0.943402,1.318671],""pnp_valid"":true,""pnp_camera_xyz"":[0.316674,-0.007445,1.262854],""pnp_camera_quat_xyzw"":[-0.043782,-0.036791,0.610648,0.789835],""pnp_camera_rpy_deg"":[-6.551466,-0.266289,75.432888],""pnp_reprojection_error_px"":0.057928}]",1,0.03748,151.101151,95.704102,,0,,0,,
2026-08-12T15:26:07.841280+00:00,21143.124942928,onboard_overhead_fish_dynamic,0,"[0.0,0.0,0.0,0.0]",0,0,0,0,,,,,,,,,,,,,,,,,,,,,,,,,,,,1,0.001526,173,1786548367.797111750,finsrov_stereo_left_optical,"[0.06946312119491677,-0.11961466234052565,0.351652063568807]","[0.0,0.0,0.0,1.0]","[0.0025,0.0025,0.0025,1000000.0,1000000.0,1000000.0]",0.001333,259,1,"[15,16,17]","[0.245541,0.570911,0.086276]","[{""tag_id"":15,""target_match"":true,""family"":""tag25h9"",""hamming"":0,""decision_margin"":88.911263,""pixel_xy"":[819.968571,589.367021],""world_xy_yaw"":[0.251947,0.645772,0.085422],""pnp_valid"":true,""pnp_camera_xyz"":[0.333334,0.58336,1.319388],""pnp_camera_quat_xyzw"":[-0.057283,0.003921,0.041195,0.9975],""pnp_camera_rpy_deg"":[-6.543959,0.71858,4.688638],""pnp_reprojection_error_px"":0.152944},{""tag_id"":16,""target_match"":true,""family"":""tag25h9"",""hamming"":0,""decision_margin"":151.593765,""pixel_xy"":[816.155102,650.728419],""world_xy_yaw"":[0.245541,0.570911,0.086276],""pnp_valid"":true,""pnp_camera_xyz"":[0.319617,0.722951,1.30157],""pnp_camera_quat_xyzw"":[-0.064124,-0.010363,0.048397,0.996714],""pnp_camera_rpy_deg"":[-7.402739,-0.828019,5.613414],""pnp_reprojection_error_px"":0.069505},{""tag_id"":17,""target_match"":true,""family"":""tag25h9"",""hamming"":0,""decision_margin"":144.910065,""pixel_xy"":[817.952917,345.272018],""world_xy_yaw"":[0.248561,0.943568,1.319065],""pnp_valid"":true,""pnp_camera_xyz"":[0.316024,-0.007751,1.263013],""pnp_camera_quat_xyzw"":[-0.043831,-0.036511,0.61079,0.789735],""pnp_camera_rpy_deg"":[-6.536282,-0.236324,75.451006],""pnp_reprojection_error_px"":0.057706}]",1,0.069505,151.593765,94.954164,,0,,0,,
2026-08-12T15:26:07.891965+00:00,21143.175622509,onboard_overhead_fish_dynamic,0,"[0.0,0.0,0.0,0.0]",0,0,0,0,,,,,,,,,,,,,,,,,,,,,,,,,,,,1,0.002063,174,1786548367.847032070,finsrov_stereo_left_optical,"[0.07208343315260618,-0.11904991327941394,0.3515567758765909]","[0.0,0.0,0.0,1.0]","[0.0025,0.0025,0.0025,1000000.0,1000000.0,1000000.0]",0.001111,261,1,"[16,17]","[0.245692,0.57096,0.083301]","[{""tag_id"":16,""target_match"":true,""family"":""tag25h9"",""hamming"":0,""decision_margin"":151.552292,""pixel_xy"":[816.245227,650.688128],""world_xy_yaw"":[0.245692,0.57096,0.083301],""pnp_valid"":true,""pnp_camera_xyz"":[0.31824,0.718851,1.294376],""pnp_camera_quat_xyzw"":[-0.056892,-0.015675,0.047867,0.997109],""pnp_camera_rpy_deg"":[-6.603336,-1.479164,5.582181],""pnp_reprojection_error_px"":0.074392},{""tag_id"":17,""target_match"":true,""family"":""tag25h9"",""hamming"":0,""decision_margin"":145.830292,""pixel_xy"":[817.468405,345.22002],""world_xy_yaw"":[0.247747,0.943632,1.316768],""pnp_valid"":true,""pnp_camera_xyz"":[0.314661,-0.007872,1.262128],""pnp_camera_quat_xyzw"":[-0.044172,-0.036191,0.610058,0.790296],""pnp_camera_rpy_deg"":[-6.54453,-0.189508,75.342533],""pnp_reprojection_error_px"":0.050496}]",1,0.074392,151.552292,93.354114,,0,,0,,
2026-08-12T15:26:07.942188+00:00,21143.225842875,onboard_overhead_fish_dynamic,0,"[0.0,0.0,0.0,0.0]",0,0,0,0,,,,,,,,,,,,,,,,,,,,,,,,,,,,1,0.002231,175,1786548367.896999836,finsrov_stereo_left_optical,"[0.06985654471234687,-0.1366166034920694,0.34814453809581425]","[0.0,0.0,0.0,1.0]","[0.0025,0.0025,0.0025,1000000.0,1000000.0,1000000.0]",0.001965,262,1,"[16,17]","[0.24583,0.57085,0.082332]","[{""tag_id"":16,""target_match"":true,""family"":""tag25h9"",""hamming"":0,""decision_margin"":151.316879,""pixel_xy"":[816.327576,650.779027],""world_xy_yaw"":[0.24583,0.57085,0.082332],""pnp_valid"":true,""pnp_camera_xyz"":[0.317626,0.716983,1.29098],""pnp_camera_quat_xyzw"":[-0.055869,-0.014755,0.046858,0.997229],""pnp_camera_rpy_deg"":[-6.479333,-1.386221,5.45894],""pnp_reprojection_error_px"":0.059497},{""tag_id"":17,""target_match"":true,""family"":""tag25h9"",""hamming"":0,""decision_margin"":148.344452,""pixel_xy"":[817.239166,345.214133],""world_xy_yaw"":[0.247362,0.943639,1.317056],""pnp_valid"":true,""pnp_camera_xyz"":[0.313972,-0.007834,1.261414],""pnp_camera_quat_xyzw"":[-0.045731,-0.036652,0.609817,0.790372],""pnp_camera_rpy_deg"":[-6.718491,-0.123877,75.311733],""pnp_reprojection_error_px"":0.071637}]",1,0.059497,151.316879,95.261897,,0,,0,,
2026-08-12T15:26:07.992240+00:00,21143.275894989,onboard_overhead_fish_dynamic,0,"[0.0,0.0,0.0,0.0]",0,0,0,0,,,,,,,,,,,,,,,,,,,,,,,,,,,,1,0.002237,176,1786548367.946971416,finsrov_stereo_left_optical,"[0.0683521666161071,-0.14087987846098848,0.3466102784861322]","[0.0,0.0,0.0,1.0]","[0.0025,0.0025,0.0025,1000000.0,1000000.0,1000000.0]",0.001226,264,1,"[16,17]","[0.246198,0.570922,0.07891]","[{""tag_id"":16,""target_match"":true,""family"":""tag25h9"",""hamming"":0,""decision_margin"":151.127777,""pixel_xy"":[816.546243,650.719702],""world_xy_yaw"":[0.246198,0.570922,0.07891],""pnp_valid"":true,""pnp_camera_xyz"":[0.318099,0.717161,1.291659],""pnp_camera_quat_xyzw"":[-0.056072,-0.007838,0.044133,0.99742],""pnp_camera_rpy_deg"":[-6.462558,-0.612288,5.101655],""pnp_reprojection_error_px"":0.058508},{""tag_id"":17,""target_match"":true,""family"":""tag25h9"",""hamming"":0,""decision_margin"":147.672409,""pixel_xy"":[816.847845,345.264411],""world_xy_yaw"":[0.246704,0.943577,1.314009],""pnp_valid"":true,""pnp_camera_xyz"":[0.313028,-0.007734,1.261424],""pnp_camera_quat_xyzw"":[-0.045335,-0.036131,0.608884,0.791138],""pnp_camera_rpy_deg"":[-6.645855,-0.112359,75.172545],""pnp_reprojection_error_px"":0.057517}]",1,0.058508,151.127777,95.084945,,0,,0,,
2026-08-12T15:26:08.042019+00:00,21143.325676349,onboard_overhead_fish_dynamic,0,"[0.0,0.0,0.0,0.0]",0,0,0,0,,,,,,,,,,,,,,,,,,,,,,,,,,,,1,0.002056,177,1786548367.997046471,finsrov_stereo_left_optical,"[0.06700016100106648,-0.13942133339315177,0.34679423237877527]","[0.0,0.0,0.0,1.0]","[0.0025,0.0025,0.0025,1000000.0,1000000.0,1000000.0]",0.001810,265,1,"[16,17]","[0.246394,0.571,0.075992]","[{""tag_id"":16,""target_match"":true,""family"":""tag25h9"",""hamming"":0,""decision_margin"":151.254517,""pixel_xy"":[816.662895,650.655479],""world_xy_yaw"":[0.246394,0.571,0.075992],""pnp_valid"":true,""pnp_camera_xyz"":[0.318343,0.717064,1.291653],""pnp_camera_quat_xyzw"":[-0.050736,-0.008425,0.043471,0.99773],""pnp_camera_rpy_deg"":[-5.853334,-0.710487,5.025957],""pnp_reprojection_error_px"":0.055882},{""tag_id"":17,""target_match"":true,""family"":""tag25h9"",""hamming"":0,""decision_margin"":145.335739,""pixel_xy"":[816.644033,345.243011],""world_xy_yaw"":[0.246362,0.943604,1.311577],""pnp_valid"":true,""pnp_camera_xyz"":[0.31277,-0.007759,1.26219],""pnp_camera_quat_xyzw"":[-0.044697,-0.034185,0.607915,0.792006],""pnp_camera_rpy_deg"":[-6.451578,0.011205,75.016481],""pnp_reprojection_error_px"":0.07307}]",1,0.055882,151.254517,95.164461,,0,,0,,
2026-08-12T15:26:08.092377+00:00,21143.376031102,onboard_overhead_fish_dynamic,0,"[0.0,0.0,0.0,0.0]",0,0,0,0,,,,,,,,,,,,,,,,,,,,,,,,,,,,1,0.002304,178,1786548368.047106028,finsrov_stereo_left_optical,"[0.06634287239583359,-0.14792016610928893,0.3463983554862481]","[0.0,0.0,0.0,1.0]","[0.0025,0.0025,0.0025,1000000.0,1000000.0,1000000.0]",0.001242,267,1,"[16,17]","[0.246709,0.571222,0.082288]","[{""tag_id"":16,""target_match"":true,""family"":""tag25h9"",""hamming"":0,""decision_margin"":150.026169,""pixel_xy"":[816.850378,650.474076],""world_xy_yaw"":[0.246709,0.571222,0.082288],""pnp_valid"":true,""pnp_camera_xyz"":[0.321047,0.721597,1.300559],""pnp_camera_quat_xyzw"":[-0.058119,-0.006699,0.044777,0.997282],""pnp_camera_rpy_deg"":[-6.691673,-0.467337,5.168934],""pnp_reprojection_error_px"":0.027178},{""tag_id"":17,""target_match"":true,""family"":""tag25h9"",""hamming"":0,""decision_margin"":144.237747,""pixel_xy"":[816.330637,345.23763],""world_xy_yaw"":[0.245835,0.94361,1.309918],""pnp_valid"":true,""pnp_camera_xyz"":[0.312251,-0.007846,1.263001],""pnp_camera_quat_xyzw"":[-0.042152,-0.032475,0.607858,0.792261],""pnp_camera_rpy_deg"":[-6.100399,-0.012184,74.994742],""pnp_reprojection_error_px"":0.050223}]",1,0.027178,150.026169,94.589711,,0,,0,,
2026-08-12T15:26:08.142219+00:00,21143.425873343,onboard_overhead_fish_dynamic,0,"[0.0,0.0,0.0,0.0]",0,0,0,0,,,,,,,,,,,,,,,,,,,,,,,,,,,,1,0.002261,179,1786548368.096994877,finsrov_stereo_left_optical,"[0.07231351180843237,-0.1286741936086394,0.35016335480709365]","[0.0,0.0,0.0,1.0]","[0.0025,0.0025,0.0025,1000000.0,1000000.0,1000000.0]",0.001994,268,1,"[16,17]","[0.246725,0.571353,0.084136]","[{""tag_id"":16,""target_match"":true,""family"":""tag25h9"",""hamming"":0,""decision_margin"":153.339188,""pixel_xy"":[816.860298,650.366445],""world_xy_yaw"":[0.246725,0.571353,0.084136],""pnp_valid"":true,""pnp_camera_xyz"":[0.322084,0.72316,1.303921],""pnp_camera_quat_xyzw"":[-0.061525,-0.007987,0.044209,0.997094],""pnp_camera_rpy_deg"":[-7.088628,-0.60093,5.114658],""pnp_reprojection_error_px"":0.061273},{""tag_id"":17,""target_match"":true,""family"":""tag25h9"",""hamming"":0,""decision_margin"":144.167877,""pixel_xy"":[816.192165,345.225011],""world_xy_yaw"":[0.245603,0.943625,1.30923],""pnp_valid"":true,""pnp_camera_xyz"":[0.311948,-0.007879,1.262988],""pnp_camera_quat_xyzw"":[-0.041131,-0.032331,0.607493,0.7926],""pnp_camera_rpy_deg"":[-5.997393,-0.073241,74.940929],""pnp_reprojection_error_px"":0.055775}]",1,0.061273,153.339188,95.071027,,0,,0,,
2026-08-12T15:26:08.190791+00:00,21143.474456204,onboard_overhead_fish_dynamic,0,"[0.0,0.0,0.0,0.0]",0,0,0,0,,,,,,,,,,,,,,,,,,,,,,,,,,,,1,0.001254,180,1786548368.147005796,finsrov_stereo_left_optical,"[0.072889137010413,-0.12032016563668568,0.3514781200473858]","[0.0,0.0,0.0,1.0]","[0.0025,0.0025,0.0025,1000000.0,1000000.0,1000000.0]",0.001123,269,1,"[16,17]","[0.24672,0.571444,0.08592]","[{""tag_id"":16,""target_match"":true,""family"":""tag25h9"",""hamming"":0,""decision_margin"":150.597977,""pixel_xy"":[816.857066,650.29178],""world_xy_yaw"":[0.24672,0.571444,0.08592],""pnp_valid"":true,""pnp_camera_xyz"":[0.322668,0.723943,1.305713],""pnp_camera_quat_xyzw"":[-0.062618,-0.010259,0.044511,0.996992],""pnp_camera_rpy_deg"":[-7.226159,-0.852719,5.166457],""pnp_reprojection_error_px"":0.126748},{""tag_id"":17,""target_match"":true,""family"":""tag25h9"",""hamming"":0,""decision_margin"":148.140656,""pixel_xy"":[816.062909,345.146407],""world_xy_yaw"":[0.245386,0.943721,1.306536],""pnp_valid"":true,""pnp_camera_xyz"":[0.31164,-0.008094,1.263053],""pnp_camera_quat_xyzw"":[-0.040371,-0.031745,0.606748,0.793234],""pnp_camera_rpy_deg"":[-5.887185,-0.078601,74.829117],""pnp_reprojection_error_px"":0.039609}]",1,0.126748,150.597977,93.993455,,0,,0,,
2026-08-12T15:26:08.241062+00:00,21143.524730368,onboard_overhead_fish_dynamic,0,"[0.0,0.0,0.0,0.0]",0,0,0,0,,,,,,,,,,,,,,,,,,,,,,,,,,,,1,0.001300,181,1786548368.196968317,finsrov_stereo_left_optical,"[0.07664286187190805,-0.11943939305402385,0.35134005021545456]","[0.0,0.0,0.0,1.0]","[0.0025,0.0025,0.0025,1000000.0,1000000.0,1000000.0]",0.000576,271,1,"[16,17]","[0.24691,0.571649,0.083132]","[{""tag_id"":16,""target_match"":true,""family"":""tag25h9"",""hamming"":0,""decision_margin"":149.071671,""pixel_xy"":[816.970251,650.123419],""world_xy_yaw"":[0.24691,0.571649,0.083132],""pnp_valid"":true,""pnp_camera_xyz"":[0.322057,0.721884,1.302466],""pnp_camera_quat_xyzw"":[-0.064607,-0.021951,0.049536,0.996439],""pnp_camera_rpy_deg"":[-7.528526,-2.1402,5.83279],""pnp_reprojection_error_px"":0.088373},{""tag_id"":17,""target_match"":true,""family"":""tag25h9"",""hamming"":0,""decision_margin"":148.996811,""pixel_xy"":[815.871503,344.973207],""world_xy_yaw"":[0.245064,0.943933,1.305321],""pnp_valid"":true,""pnp_camera_xyz"":[0.311155,-0.00854,1.263023],""pnp_camera_quat_xyzw"":[-0.04024,-0.032767,0.606481,0.793402],""pnp_camera_rpy_deg"":[-5.946455,-0.182439,74.798489],""pnp_reprojection_error_px"":0.018347}]",1,0.088373,149.071671,94.178148,,0,,0,,
2026-08-12T15:26:08.291221+00:00,21143.574883684,onboard_overhead_fish_dynamic,0,"[0.0,0.0,0.0,0.0]",0,0,0,0,,,,,,,,,,,,,,,,,,,,,,,,,,,,1,0.001544,182,1786548368.247279644,finsrov_stereo_left_optical,"[0.07950203034016762,-0.11873584357982148,0.35044655629821897]","[0.0,0.0,0.0,1.0]","[0.0025,0.0025,0.0025,1000000.0,1000000.0,1000000.0]",0.000369,273,1,"[16,17]","[0.247156,0.571736,0.077589]","[{""tag_id"":16,""target_match"":true,""family"":""tag25h9"",""hamming"":0,""decision_margin"":150.081314,""pixel_xy"":[817.11682,650.052451],""world_xy_yaw"":[0.247156,0.571736,0.077589],""pnp_valid"":true,""pnp_camera_xyz"":[0.321674,0.720629,1.300522],""pnp_camera_quat_xyzw"":[-0.067445,-0.026255,0.051644,0.99604],""pnp_camera_rpy_deg"":[-7.886392,-2.598468,6.115304],""pnp_reprojection_error_px"":0.030624},{""tag_id"":17,""target_match"":true,""family"":""tag25h9"",""hamming"":0,""decision_margin"":145.966827,""pixel_xy"":[815.723294,345.016496],""world_xy_yaw"":[0.244815,0.94388,1.303787],""pnp_valid"":true,""pnp_camera_xyz"":[0.31068,-0.00843,1.262507],""pnp_camera_quat_xyzw"":[-0.040616,-0.033799,0.605682,0.793951],""pnp_camera_rpy_deg"":[-6.052396,-0.25607,74.691409],""pnp_reprojection_error_px"":0.017339}]",1,0.030624,150.081314,93.616977,,0,,0,,
2026-08-12T15:26:08.341194+00:00,21143.624856703,onboard_overhead_fish_dynamic,0,"[0.0,0.0,0.0,0.0]",0,0,0,0,,,,,,,,,,,,,,,,,,,,,,,,,,,,1,0.001533,183,1786548368.296982765,finsrov_stereo_left_optical,"[0.08198319538400795,-0.1166745318763347,0.3490823308367548]","[0.0,0.0,0.0,1.0]","[0.0025,0.0025,0.0025,1000000.0,1000000.0,1000000.0]",0.001345,274,1,"[15,16,17]","[0.244724,0.943789,1.304914]","[{""tag_id"":15,""target_match"":true,""family"":""tag25h9"",""hamming"":0,""decision_margin"":78.40654,""pixel_xy"":[820.54665,588.376064],""world_xy_yaw"":[0.252918,0.646981,0.087105],""pnp_valid"":true,""pnp_camera_xyz"":[0.334157,0.579956,1.316008],""pnp_camera_quat_xyzw"":[-0.052655,-0.016526,0.046753,0.997381],""pnp_camera_rpy_deg"":[-6.120602,-1.60691,5.453597],""pnp_reprojection_error_px"":0.079855},{""tag_id"":16,""target_match"":true,""family"":""tag25h9"",""hamming"":0,""decision_margin"":144.874176,""pixel_xy"":[817.161388,650.072105],""world_xy_yaw"":[0.247231,0.571712,0.076481],""pnp_valid"":true,""pnp_camera_xyz"":[0.320558,0.717935,1.295636],""pnp_camera_quat_xyzw"":[-0.065193,-0.026864,0.051699,0.99617],""pnp_camera_rpy_deg"":[-7.631972,-2.681344,6.120569],""pnp_reprojection_error_px"":0.032895},{""tag_id"":17,""target_match"":true,""family"":""tag25h9"",""hamming"":0,""decision_margin"":148.950226,""pixel_xy"":[815.669285,345.090637],""world_xy_yaw"":[0.244724,0.943789,1.304914],""pnp_valid"":true,""pnp_camera_xyz"":[0.310553,-0.008228,1.262248],""pnp_camera_quat_xyzw"":[-0.041463,-0.035195,0.605588,0.793917],""pnp_camera_rpy_deg"":[-6.226892,-0.324615,74.689344],""pnp_reprojection_error_px"":0.047018}]",1,0.047018,148.950226,94.49825,,0,,0,,
2026-08-12T15:26:08.392059+00:00,21143.675714430,onboard_overhead_fish_dynamic,0,"[0.0,0.0,0.0,0.0]",0,0,0,0,,,,,,,,,,,,,,,,,,,,,,,,,,,,1,0.002103,184,1786548368.346983433,finsrov_stereo_left_optical,"[0.0803740241586332,-0.12487872775414521,0.3468655338405465]","[0.0,0.0,0.0,1.0]","[0.0025,0.0025,0.0025,1000000.0,1000000.0,1000000.0]",0.001850,275,1,"[16,17]","[0.247194,0.571605,0.077538]","[{""tag_id"":16,""target_match"":true,""family"":""tag25h9"",""hamming"":0,""decision_margin"":149.870239,""pixel_xy"":[817.139457,650.15991],""world_xy_yaw"":[0.247194,0.571605,0.077538],""pnp_valid"":true,""pnp_camera_xyz"":[0.320043,0.717049,1.293815],""pnp_camera_quat_xyzw"":[-0.065762,-0.023113,0.050567,0.996285],""pnp_camera_rpy_deg"":[-7.67053,-2.258266,5.962633],""pnp_reprojection_error_px"":0.050438},{""tag_id"":17,""target_match"":true,""family"":""tag25h9"",""hamming"":0,""decision_margin"":148.007385,""pixel_xy"":[815.709262,345.23094],""world_xy_yaw"":[0.244792,0.943618,1.305089],""pnp_valid"":true,""pnp_camera_xyz"":[0.310787,-0.007879,1.262952],""pnp_camera_quat_xyzw"":[-0.042391,-0.033167,0.605983,0.793655],""pnp_camera_rpy_deg"":[-6.170405,-0.072742,74.729861],""pnp_reprojection_error_px"":0.041676}]",1,0.050438,149.870239,95.500374,,0,,0,,
2026-08-12T15:26:08.441936+00:00,21143.725592789,onboard_overhead_fish_dynamic,0,"[0.0,0.0,0.0,0.0]",0,0,0,0,,,,,,,,,,,,,,,,,,,,,,,,,,,,1,0.002066,185,1786548368.397006750,finsrov_stereo_left_optical,"[0.07564347772798763,-0.1262696276331653,0.3455332753270581]","[0.0,0.0,0.0,1.0]","[0.0025,0.0025,0.0025,1000000.0,1000000.0,1000000.0]",0.001125,277,1,"[16,17]","[0.246885,0.57151,0.087724]","[{""tag_id"":16,""target_match"":true,""family"":""tag25h9"",""hamming"":0,""decision_margin"":147.224365,""pixel_xy"":[816.955331,650.237996],""world_xy_yaw"":[0.246885,0.57151,0.087724],""pnp_valid"":true,""pnp_camera_xyz"":[0.319398,0.716568,1.292643],""pnp_camera_quat_xyzw"":[-0.062673,-0.007164,0.046945,0.996904],""pnp_camera_rpy_deg"":[-7.217413,-0.481206,5.422544],""pnp_reprojection_error_px"":0.039119},{""tag_id"":17,""target_match"":true,""family"":""tag25h9"",""hamming"":0,""decision_margin"":145.985397,""pixel_xy"":[815.802809,345.581072],""world_xy_yaw"":[0.244949,0.943191,1.304821],""pnp_valid"":true,""pnp_camera_xyz"":[0.310964,-0.007052,1.262748],""pnp_camera_quat_xyzw"":[-0.041545,-0.035141,0.605318,0.794121],""pnp_camera_rpy_deg"":[-6.230465,-0.316043,74.650073],""pnp_reprojection_error_px"":0.047893}]",1,0.039119,147.224365,95.334584,,0,,0,,
2026-08-12T15:26:08.490125+00:00,21143.773795311,onboard_overhead_fish_dynamic,0,"[0.0,0.0,0.0,0.0]",0,0,0,0,,,,,,,,,,,,,,,,,,,,,,,,,,,,1,0.000736,186,1786548368.447018623,finsrov_stereo_left_optical,"[0.07446094956718075,-0.13046842552967286,0.34531756020409526]","[0.0,0.0,0.0,1.0]","[0.0025,0.0025,0.0025,1000000.0,1000000.0,1000000.0]",0.000625,278,1,"[16,17]","[0.24661,0.57152,0.094385]","[{""tag_id"":16,""target_match"":true,""family"":""tag25h9"",""hamming"":0,""decision_margin"":147.249557,""pixel_xy"":[816.791972,650.229836],""world_xy_yaw"":[0.24661,0.57152,0.094385],""pnp_valid"":true,""pnp_camera_xyz"":[0.31902,0.716583,1.292378],""pnp_camera_quat_xyzw"":[-0.057082,-0.00162,0.046663,0.997277],""pnp_camera_rpy_deg"":[-6.54624,0.120068,5.351068],""pnp_reprojection_error_px"":0.047189},{""tag_id"":17,""target_match"":true,""family"":""tag25h9"",""hamming"":0,""decision_margin"":146.708969,""pixel_xy"":[815.854778,345.606865],""world_xy_yaw"":[0.245036,0.94316,1.305271],""pnp_valid"":true,""pnp_camera_xyz"":[0.311085,-0.007006,1.262971],""pnp_camera_quat_xyzw"":[-0.040323,-0.035396,0.605563,0.793987],""pnp_camera_rpy_deg"":[-6.136878,-0.422328,74.687187],""pnp_reprojection_error_px"":0.030486}]",1,0.047189,147.249557,95.876348,,0,,0,,
2026-08-12T15:26:08.540096+00:00,21143.823766912,onboard_overhead_fish_dynamic,0,"[0.0,0.0,0.0,0.0]",0,0,0,0,,,,,,,,,,,,,,,,,,,,,,,,,,,,1,0.000758,187,1786548368.497085333,finsrov_stereo_left_optical,"[0.07448292877913532,-0.14424602727288305,0.3444486915688747]","[0.0,0.0,0.0,1.0]","[0.0025,0.0025,0.0025,1000000.0,1000000.0,1000000.0]",0.000386,280,1,"[16,17]","[0.246232,0.571503,0.096229]","[{""tag_id"":16,""target_match"":true,""family"":""tag25h9"",""hamming"":0,""decision_margin"":148.973465,""pixel_xy"":[816.566802,650.243067],""world_xy_yaw"":[0.246232,0.571503,0.096229],""pnp_valid"":true,""pnp_camera_xyz"":[0.318491,0.716419,1.291978],""pnp_camera_quat_xyzw"":[-0.053524,-0.004656,0.047979,0.997402],""pnp_camera_rpy_deg"":[-6.154959,-0.237929,5.520876],""pnp_reprojection_error_px"":0.090836},{""tag_id"":17,""target_match"":true,""family"":""tag25h9"",""hamming"":0,""decision_margin"":145.518127,""pixel_xy"":[815.839813,345.322937],""world_xy_yaw"":[0.245011,0.943506,1.304712],""pnp_valid"":true,""pnp_camera_xyz"":[0.311022,-0.007683,1.262534],""pnp_camera_quat_xyzw"":[-0.037995,-0.034619,0.605217,0.794399],""pnp_camera_rpy_deg"":[-5.870139,-0.516415,74.630758],""pnp_reprojection_error_px"":0.049294}]",1,0.090836,148.973465,95.880389,,0,,0,,
2026-08-12T15:26:08.590706+00:00,21143.874373298,onboard_overhead_fish_dynamic,0,"[0.0,0.0,0.0,0.0]",0,0,0,0,,,,,,,,,,,,,,,,,,,,,,,,,,,,1,0.001160,188,1786548368.546985388,finsrov_stereo_left_optical,"[0.07526541130419456,-0.14381395505618022,0.3450833041461524]","[0.0,0.0,0.0,1.0]","[0.0025,0.0025,0.0025,1000000.0,1000000.0,1000000.0]",0.001004,281,1,"[16,17]","[0.245041,0.943811,1.303471]","[{""tag_id"":16,""target_match"":true,""family"":""tag25h9"",""hamming"":0,""decision_margin"":146.748993,""pixel_xy"":[816.472634,650.329854],""world_xy_yaw"":[0.246074,0.571398,0.097804],""pnp_valid"":true,""pnp_camera_xyz"":[0.319077,0.718207,1.295107],""pnp_camera_quat_xyzw"":[-0.054301,-0.005152,0.048646,0.997326],""pnp_camera_rpy_deg"":[-6.246916,-0.286119,5.600512],""pnp_reprojection_error_px"":0.097585},{""tag_id"":17,""target_match"":true,""family"":""tag25h9"",""hamming"":0,""decision_margin"":147.212189,""pixel_xy"":[815.857692,345.072913],""world_xy_yaw"":[0.245041,0.943811,1.303471],""pnp_valid"":true,""pnp_camera_xyz"":[0.311255,-0.008278,1.263394],""pnp_camera_quat_xyzw"":[-0.036042,-0.034409,0.604666,0.794919],""pnp_camera_rpy_deg"":[-5.676882,-0.637062,74.549476],""pnp_reprojection_error_px"":0.039985}]",1,0.039985,147.212189,95.78433,,0,,0,,
2026-08-12T15:26:08.640765+00:00,21143.924425423,onboard_overhead_fish_dynamic,0,"[0.0,0.0,0.0,0.0]",0,0,0,0,,,,,,,,,,,,,,,,,,,,,,,,,,,,1,0.001231,189,1786548368.596925020,finsrov_stereo_left_optical,"[0.0796789653838515,-0.13092812004759324,0.3494514928046105]","[0.0,0.0,0.0,1.0]","[0.0025,0.0025,0.0025,1000000.0,1000000.0,1000000.0]",0.000646,283,1,"[16,17]","[0.245919,0.571452,0.097876]","[{""tag_id"":16,""target_match"":true,""family"":""tag25h9"",""hamming"":0,""decision_margin"":148.910965,""pixel_xy"":[816.380199,650.285183],""world_xy_yaw"":[0.245919,0.571452,0.097876],""pnp_valid"":true,""pnp_camera_xyz"":[0.32073,0.722465,1.302912],""pnp_camera_quat_xyzw"":[-0.063116,-0.01165,0.052042,0.99658],""pnp_camera_rpy_deg"":[-7.298079,-0.954125,6.039461],""pnp_reprojection_error_px"":0.075058},{""tag_id"":17,""target_match"":true,""family"":""tag25h9"",""hamming"":0,""decision_margin"":143.335968,""pixel_xy"":[815.908366,344.328717],""world_xy_yaw"":[0.245126,0.944719,1.300952],""pnp_valid"":true,""pnp_camera_xyz"":[0.311366,-0.01,1.263317],""pnp_camera_quat_xyzw"":[-0.037505,-0.032628,0.604008,0.795426],""pnp_camera_rpy_deg"":[-5.686337,-0.378173,74.441322],""pnp_reprojection_error_px"":0.046422}]",1,0.075058,148.910965,95.086958,,0,,0,,
2026-08-12T15:26:08.691019+00:00,21143.974681635,onboard_overhead_fish_dynamic,0,"[0.0,0.0,0.0,0.0]",0,0,0,0,,,,,,,,,,,,,,,,,,,,,,,,,,,,1,0.001423,190,1786548368.647000313,finsrov_stereo_left_optical,"[0.08307821943288896,-0.11960692656539462,0.3520069982409302]","[0.0,0.0,0.0,1.0]","[0.0025,0.0025,0.0025,1000000.0,1000000.0,1000000.0]",0.001258,284,1,"[15,16,17]","[0.245908,0.571387,0.092344]","[{""tag_id"":15,""target_match"":true,""family"":""tag25h9"",""hamming"":0,""decision_margin"":113.013275,""pixel_xy"":[820.591172,588.933512],""world_xy_yaw"":[0.252993,0.646301,0.101103],""pnp_valid"":true,""pnp_camera_xyz"":[0.334674,0.58198,1.318032],""pnp_camera_quat_xyzw"":[-0.058484,-0.0038,0.049791,0.997039],""pnp_camera_rpy_deg"":[-6.71897,-0.100493,5.723728],""pnp_reprojection_error_px"":0.032613},{""tag_id"":16,""target_match"":true,""family"":""tag25h9"",""hamming"":0,""decision_margin"":151.41333,""pixel_xy"":[816.37411,650.338652],""world_xy_yaw"":[0.245908,0.571387,0.092344],""pnp_valid"":true,""pnp_camera_xyz"":[0.320797,0.7231,1.30389],""pnp_camera_quat_xyzw"":[-0.06725,-0.016896,0.053522,0.996156],""pnp_camera_rpy_deg"":[-7.807109,-1.516382,6.254426],""pnp_reprojection_error_px"":0.017155},{""tag_id"":17,""target_match"":true,""family"":""tag25h9"",""hamming"":0,""decision_margin"":145.235977,""pixel_xy"":[815.976208,343.885511],""world_xy_yaw"":[0.24524,0.94526,1.298355],""pnp_valid"":true,""pnp_camera_xyz"":[0.311643,-0.011068,1.263982],""pnp_camera_quat_xyzw"":[-0.037331,-0.031434,0.603501,0.795868],""pnp_camera_rpy_deg"":[-5.587355,-0.285145,74.359486],""pnp_reprojection_error_px"":0.023665}]",1,0.017155,151.41333,94.885715,,0,,0,,
2026-08-12T15:26:08.740935+00:00,21144.024600923,onboard_overhead_fish_dynamic,0,"[0.0,0.0,0.0,0.0]",0,0,0,0,,,,,,,,,,,,,,,,,,,,,,,,,,,,1,0.001197,191,1786548368.697018862,finsrov_stereo_left_optical,"[0.08658532182658274,-0.10143646422364405,0.3556705545276313]","[0.0,0.0,0.0,1.0]","[0.0025,0.0025,0.0025,1000000.0,1000000.0,1000000.0]",0.000546,286,1,"[16,17]","[0.245809,0.571215,0.086852]","[{""tag_id"":16,""target_match"":true,""family"":""tag25h9"",""hamming"":0,""decision_margin"":147.08252,""pixel_xy"":[816.314803,650.479676],""world_xy_yaw"":[0.245809,0.571215,0.086852],""pnp_valid"":true,""pnp_camera_xyz"":[0.320422,0.72343,1.303871],""pnp_camera_quat_xyzw"":[-0.072463,-0.021949,0.055618,0.995577],""pnp_camera_rpy_deg"":[-8.442733,-2.042699,6.545772],""pnp_reprojection_error_px"":0.099498},{""tag_id"":17,""target_match"":true,""family"":""tag25h9"",""hamming"":0,""decision_margin"":144.612274,""pixel_xy"":[816.139962,342.996015],""world_xy_yaw"":[0.245515,0.946345,1.298844],""pnp_valid"":true,""pnp_camera_xyz"":[0.312003,-0.01305,1.263825],""pnp_camera_quat_xyzw"":[-0.039197,-0.029971,0.603369,0.795934],""pnp_camera_rpy_deg"":[-5.656445,-0.023487,74.330125],""pnp_reprojection_error_px"":0.056103}]",1,0.099498,147.08252,95.525556,,0,,0,,
2026-08-12T15:26:08.790816+00:00,21144.074482844,onboard_overhead_fish_dynamic,0,"[0.0,0.0,0.0,0.0]",0,0,0,0,,,,,,,,,,,,,,,,,,,,,,,,,,,,1,0.001170,192,1786548368.747073889,finsrov_stereo_left_optical,"[0.08678560954599207,-0.10599356210338995,0.35572879289805076]","[0.0,0.0,0.0,1.0]","[0.0025,0.0025,0.0025,1000000.0,1000000.0,1000000.0]",0.000103,288,1,"[16,17]","[0.245354,0.571101,0.090473]","[{""tag_id"":16,""target_match"":true,""family"":""tag25h9"",""hamming"":0,""decision_margin"":148.170044,""pixel_xy"":[816.043838,650.573258],""world_xy_yaw"":[0.245354,0.571101,0.090473],""pnp_valid"":true,""pnp_camera_xyz"":[0.319223,0.721875,1.300628],""pnp_camera_quat_xyzw"":[-0.070157,-0.023027,0.055205,0.995741],""pnp_camera_rpy_deg"":[-8.184617,-2.184174,6.502926],""pnp_reprojection_error_px"":0.015184},{""tag_id"":17,""target_match"":true,""family"":""tag25h9"",""hamming"":0,""decision_margin"":145.339417,""pixel_xy"":[816.349599,342.336936],""world_xy_yaw"":[0.245867,0.947149,1.29814],""pnp_valid"":true,""pnp_camera_xyz"":[0.312414,-0.014604,1.263489],""pnp_camera_quat_xyzw"":[-0.039522,-0.029327,0.603392,0.795925],""pnp_camera_rpy_deg"":[-5.641507,0.057897,74.328819],""pnp_reprojection_error_px"":0.050545}]",1,0.015184,148.170044,94.205754,,0,,0,,
2026-08-12T15:26:08.840743+00:00,21144.124408773,onboard_overhead_fish_dynamic,0,"[0.0,0.0,0.0,0.0]",0,0,0,0,,,,,,,,,,,,,,,,,,,,,,,,,,,,1,0.001171,193,1786548368.796978951,finsrov_stereo_left_optical,"[0.08426218575340821,-0.11223352486477123,0.3563736382499628]","[0.0,0.0,0.0,1.0]","[0.0025,0.0025,0.0025,1000000.0,1000000.0,1000000.0]",0.001006,289,1,"[16,17]","[0.245095,0.571,0.091451]","[{""tag_id"":16,""target_match"":true,""family"":""tag25h9"",""hamming"":0,""decision_margin"":148.50914,""pixel_xy"":[815.88971,650.655775],""world_xy_yaw"":[0.245095,0.571,0.091451],""pnp_valid"":true,""pnp_camera_xyz"":[0.318304,0.720726,1.298104],""pnp_camera_quat_xyzw"":[-0.065938,-0.020117,0.053687,0.996175],""pnp_camera_rpy_deg"":[-7.677883,-1.891062,6.296626],""pnp_reprojection_error_px"":0.04513},{""tag_id"":17,""target_match"":true,""family"":""tag25h9"",""hamming"":0,""decision_margin"":147.390289,""pixel_xy"":[816.41853,341.994989],""world_xy_yaw"":[0.245983,0.947566,1.299248],""pnp_valid"":true,""pnp_camera_xyz"":[0.312716,-0.015414,1.263974],""pnp_camera_quat_xyzw"":[-0.039206,-0.028273,0.604007,0.795512],""pnp_camera_rpy_deg"":[-5.539553,0.136245,74.40994],""pnp_reprojection_error_px"":0.054841}]",1,0.04513,148.50914,95.007277,,0,,0,,
2026-08-12T15:26:08.890680+00:00,21144.174346939,onboard_overhead_fish_dynamic,0,"[0.0,0.0,0.0,0.0]",0,0,0,0,,,,,,,,,,,,,,,,,,,,,,,,,,,,1,0.001152,194,1786548368.846999168,finsrov_stereo_left_optical,"[0.0809211103797271,-0.12106879602802922,0.35667488129737657]","[0.0,0.0,0.0,1.0]","[0.0025,0.0025,0.0025,1000000.0,1000000.0,1000000.0]",0.000997,290,1,"[16,17]","[0.244847,0.57092,0.092815]","[{""tag_id"":16,""target_match"":true,""family"":""tag25h9"",""hamming"":0,""decision_margin"":149.511795,""pixel_xy"":[815.742455,650.721532],""world_xy_yaw"":[0.244847,0.57092,0.092815],""pnp_valid"":true,""pnp_camera_xyz"":[0.317868,0.720886,1.298],""pnp_camera_quat_xyzw"":[-0.063412,-0.012752,0.051519,0.996575],""pnp_camera_rpy_deg"":[-7.338208,-1.08197,5.988055],""pnp_reprojection_error_px"":0.040062},{""tag_id"":17,""target_match"":true,""family"":""tag25h9"",""hamming"":0,""decision_margin"":144.99733,""pixel_xy"":[816.464201,341.597521],""world_xy_yaw"":[0.24606,0.948051,1.301797],""pnp_valid"":true,""pnp_camera_xyz"":[0.312881,-0.016291,1.264159],""pnp_camera_quat_xyzw"":[-0.040193,-0.027344,0.604842,0.79486],""pnp_camera_rpy_deg"":[-5.564985,0.295239,74.523722],""pnp_reprojection_error_px"":0.074281}]",1,0.040062,149.511795,96.096899,,0,,0,,
2026-08-12T15:26:08.940546+00:00,21144.224213681,onboard_overhead_fish_dynamic,0,"[0.0,0.0,0.0,0.0]",0,0,0,0,,,,,,,,,,,,,,,,,,,,,,,,,,,,1,0.001073,195,1786548368.897026300,finsrov_stereo_left_optical,"[0.07558634032395062,-0.13578382526829724,0.35760062165346573]","[0.0,0.0,0.0,1.0]","[0.0025,0.0025,0.0025,1000000.0,1000000.0,1000000.0]",0.000565,292,1,"[16,17]","[0.244396,0.570708,0.093314]","[{""tag_id"":16,""target_match"":true,""family"":""tag25h9"",""hamming"":0,""decision_margin"":149.439529,""pixel_xy"":[815.473727,650.894712],""world_xy_yaw"":[0.244396,0.570708,0.093314],""pnp_valid"":true,""pnp_camera_xyz"":[0.315858,0.717983,1.292153],""pnp_camera_quat_xyzw"":[-0.052552,-0.009231,0.049806,0.997333],""pnp_camera_rpy_deg"":[-6.070574,-0.755113,5.757899],""pnp_reprojection_error_px"":0.044625},{""tag_id"":17,""target_match"":true,""family"":""tag25h9"",""hamming"":0,""decision_margin"":147.879089,""pixel_xy"":[816.582302,340.906764],""world_xy_yaw"":[0.246258,0.948894,1.302556],""pnp_valid"":true,""pnp_camera_xyz"":[0.313031,-0.017918,1.263749],""pnp_camera_quat_xyzw"":[-0.039297,-0.026517,0.605434,0.794483],""pnp_camera_rpy_deg"":[-5.425476,0.312238,74.603455],""pnp_reprojection_error_px"":0.060756}]",1,0.044625,149.439529,95.894596,,0,,0,,
2026-08-12T15:26:08.990041+00:00,21144.273712959,onboard_overhead_fish_dynamic,0,"[0.0,0.0,0.0,0.0]",0,0,0,0,,,,,,,,,,,,,,,,,,,,,,,,,,,,1,0.000725,196,1786548368.947017431,finsrov_stereo_left_optical,"[0.07364999789686116,-0.14530819256245098,0.35701857172826235]","[0.0,0.0,0.0,1.0]","[0.0025,0.0025,0.0025,1000000.0,1000000.0,1000000.0]",0.000589,293,1,"[16,17]","[0.244252,0.570634,0.092354]","[{""tag_id"":16,""target_match"":true,""family"":""tag25h9"",""hamming"":0,""decision_margin"":150.544769,""pixel_xy"":[815.388017,650.955938],""world_xy_yaw"":[0.244252,0.570634,0.092354],""pnp_valid"":true,""pnp_camera_xyz"":[0.315868,0.718562,1.293063],""pnp_camera_quat_xyzw"":[-0.052327,-0.007979,0.048868,0.997402],""pnp_camera_rpy_deg"":[-6.036816,-0.618979,5.642592],""pnp_reprojection_error_px"":0.044366},{""tag_id"":17,""target_match"":true,""family"":""tag25h9"",""hamming"":0,""decision_margin"":148.378281,""pixel_xy"":[816.59087,340.579331],""world_xy_yaw"":[0.246273,0.949293,1.303467],""pnp_valid"":true,""pnp_camera_xyz"":[0.313042,-0.018666,1.26366],""pnp_camera_quat_xyzw"":[-0.039721,-0.028529,0.605343,0.794461],""pnp_camera_rpy_deg"":[-5.604021,0.158093,74.603767],""pnp_reprojection_error_px"":0.068522}]",1,0.044366,150.544769,96.336667,,0,,0,,
2026-08-12T15:26:09.039997+00:00,21144.323670466,onboard_overhead_fish_dynamic,0,"[0.0,0.0,0.0,0.0]",0,0,0,0,,,,,,,,,,,,,,,,,,,,,,,,,,,,1,0.000682,197,1786548368.997012854,finsrov_stereo_left_optical,"[0.07158400034542622,-0.14381486645170727,0.35964987448332364]","[0.0,0.0,0.0,1.0]","[0.0025,0.0025,0.0025,1000000.0,1000000.0,1000000.0]",0.000328,295,1,"[16,17]","[0.244082,0.570715,0.092582]","[{""tag_id"":16,""target_match"":true,""family"":""tag25h9"",""hamming"":0,""decision_margin"":147.65979,""pixel_xy"":[815.287173,650.889188],""world_xy_yaw"":[0.244082,0.570715,0.092582],""pnp_valid"":true,""pnp_camera_xyz"":[0.316471,0.720229,1.29628],""pnp_camera_quat_xyzw"":[-0.055593,-0.007145,0.0478,0.997283],""pnp_camera_rpy_deg"":[-6.405903,-0.512028,5.516873],""pnp_reprojection_error_px"":0.065033},{""tag_id"":17,""target_match"":true,""family"":""tag25h9"",""hamming"":0,""decision_margin"":147.3992,""pixel_xy"":[816.692734,340.038043],""world_xy_yaw"":[0.246444,0.949954,1.302093],""pnp_valid"":true,""pnp_camera_xyz"":[0.313436,-0.019968,1.26437],""pnp_camera_quat_xyzw"":[-0.042973,-0.026915,0.605686,0.794087],""pnp_camera_rpy_deg"":[-5.788557,0.533479,74.64182],""pnp_reprojection_error_px"":0.054304}]",1,0.065033,147.65979,94.676375,,0,,0,,
2026-08-12T15:26:09.090039+00:00,21144.373711307,onboard_overhead_fish_dynamic,0,"[0.0,0.0,0.0,0.0]",0,0,0,0,,,,,,,,,,,,,,,,,,,,,,,,,,,,1,0.000727,198,1786548369.046995878,finsrov_stereo_left_optical,"[0.07179556661181452,-0.13672601323393097,0.3613793518253806]","[0.0,0.0,0.0,1.0]","[0.0025,0.0025,0.0025,1000000.0,1000000.0,1000000.0]",0.000592,296,1,"[16,17]","[0.24655,0.950295,1.300998]","[{""tag_id"":16,""target_match"":true,""family"":""tag25h9"",""hamming"":0,""decision_margin"":148.482162,""pixel_xy"":[815.234085,650.824304],""world_xy_yaw"":[0.243993,0.570794,0.094619],""pnp_valid"":true,""pnp_camera_xyz"":[0.317307,0.722245,1.300188],""pnp_camera_quat_xyzw"":[-0.062021,-0.006416,0.04812,0.996894],""pnp_camera_rpy_deg"":[-7.138997,-0.39097,5.551371],""pnp_reprojection_error_px"":0.069425},{""tag_id"":17,""target_match"":true,""family"":""tag25h9"",""hamming"":0,""decision_margin"":150.460861,""pixel_xy"":[816.756251,339.758172],""world_xy_yaw"":[0.24655,0.950295,1.300998],""pnp_valid"":true,""pnp_camera_xyz"":[0.313414,-0.020602,1.263844],""pnp_camera_quat_xyzw"":[-0.0456,-0.028006,0.60533,0.794174],""pnp_camera_rpy_deg"":[-6.104464,0.614379,74.597524],""pnp_reprojection_error_px"":0.049055}]",1,0.049055,150.460861,95.143685,,0,,0,,
2026-08-12T15:26:09.140104+00:00,21144.423769921,onboard_overhead_fish_dynamic,0,"[0.0,0.0,0.0,0.0]",0,0,0,0,,,,,,,,,,,,,,,,,,,,,,,,,,,,1,0.000734,199,1786548369.097061634,finsrov_stereo_left_optical,"[0.07429400240610456,-0.11542650977928282,0.3647457801418133]","[0.0,0.0,0.0,1.0]","[0.0025,0.0025,0.0025,1000000.0,1000000.0,1000000.0]",0.000366,298,1,"[16,17]","[0.244068,0.570898,0.089716]","[{""tag_id"":16,""target_match"":true,""family"":""tag25h9"",""hamming"":0,""decision_margin"":150.115021,""pixel_xy"":[815.278819,650.739114],""world_xy_yaw"":[0.244068,0.570898,0.089716],""pnp_valid"":true,""pnp_camera_xyz"":[0.316888,0.721321,1.298996],""pnp_camera_quat_xyzw"":[-0.066971,-0.0123,0.051076,0.996371],""pnp_camera_rpy_deg"":[-7.743244,-1.01242,5.937612],""pnp_reprojection_error_px"":0.045007},{""tag_id"":17,""target_match"":true,""family"":""tag25h9"",""hamming"":0,""decision_margin"":148.385971,""pixel_xy"":[816.919352,339.318244],""world_xy_yaw"":[0.246824,0.950832,1.302257],""pnp_valid"":true,""pnp_camera_xyz"":[0.313743,-0.021625,1.263449],""pnp_camera_quat_xyzw"":[-0.048648,-0.02972,0.605768,0.793596],""pnp_camera_rpy_deg"":[-6.501433,0.674259,74.672143],""pnp_reprojection_error_px"":0.058283}]",1,0.045007,150.115021,94.699118,,0,,0,,
2026-08-12T15:26:09.190004+00:00,21144.473676815,onboard_overhead_fish_dynamic,0,"[0.0,0.0,0.0,0.0]",0,0,0,0,,,,,,,,,,,,,,,,,,,,,,,,,,,,1,0.000702,200,1786548369.146972895,finsrov_stereo_left_optical,"[0.07652426290758607,-0.11646695157937315,0.36379366430594196]","[0.0,0.0,0.0,1.0]","[0.0025,0.0025,0.0025,1000000.0,1000000.0,1000000.0]",0.000567,299,1,"[16,17]","[0.246929,0.951092,1.301828]","[{""tag_id"":16,""target_match"":true,""family"":""tag25h9"",""hamming"":0,""decision_margin"":148.52121,""pixel_xy"":[815.315899,650.645575],""world_xy_yaw"":[0.244131,0.571012,0.085873],""pnp_valid"":true,""pnp_camera_xyz"":[0.316051,0.719443,1.295729],""pnp_camera_quat_xyzw"":[-0.065928,-0.01489,0.051827,0.996366],""pnp_camera_rpy_deg"":[-7.64041,-1.308676,6.042615],""pnp_reprojection_error_px"":0.098759},{""tag_id"":17,""target_match"":true,""family"":""tag25h9"",""hamming"":0,""decision_margin"":148.983398,""pixel_xy"":[816.981562,339.104928],""world_xy_yaw"":[0.246929,0.951092,1.301828],""pnp_valid"":true,""pnp_camera_xyz"":[0.313739,-0.022125,1.262836],""pnp_camera_quat_xyzw"":[-0.047586,-0.031502,0.605258,0.793981],""pnp_camera_rpy_deg"":[-6.528772,0.434255,74.612295],""pnp_reprojection_error_px"":0.055385}]",1,0.055385,148.983398,94.384644,,0,,0,,
2026-08-12T15:26:09.242119+00:00,21144.525773767,onboard_overhead_fish_dynamic,0,"[0.0,0.0,0.0,0.0]",0,0,0,0,,,,,,,,,,,,,,,,,,,,,,,,,,,,1,0.002223,201,1786548369.196979761,finsrov_stereo_left_optical,"[0.07562541715395044,-0.11305948202117866,0.36420328319973727]","[0.0,0.0,0.0,1.0]","[0.0025,0.0025,0.0025,1000000.0,1000000.0,1000000.0]",0.001222,301,1,"[16,17]","[0.247015,0.951896,1.301287]","[{""tag_id"":16,""target_match"":true,""family"":""tag25h9"",""hamming"":0,""decision_margin"":147.07431,""pixel_xy"":[815.20507,650.465212],""world_xy_yaw"":[0.243944,0.571232,0.088487],""pnp_valid"":true,""pnp_camera_xyz"":[0.316255,0.720115,1.297609],""pnp_camera_quat_xyzw"":[-0.071698,-0.006557,0.048742,0.996213],""pnp_camera_rpy_deg"":[-8.250164,-0.348101,5.627307],""pnp_reprojection_error_px"":0.105041},{""tag_id"":17,""target_match"":true,""family"":""tag25h9"",""hamming"":0,""decision_margin"":149.797974,""pixel_xy"":[817.032894,338.445591],""world_xy_yaw"":[0.247015,0.951896,1.301287],""pnp_valid"":true,""pnp_camera_xyz"":[0.314007,-0.023692,1.263609],""pnp_camera_quat_xyzw"":[-0.044386,-0.031091,0.605017,0.794366],""pnp_camera_rpy_deg"":[-6.208047,0.24717,74.574898],""pnp_reprojection_error_px"":0.037723}]",1,0.037723,149.797974,95.683234,,0,,0,,
2026-08-12T15:26:09.291272+00:00,21144.574933937,onboard_overhead_fish_dynamic,0,"[0.0,0.0,0.0,0.0]",0,0,0,0,,,,,,,,,,,,,,,,,,,,,,,,,,,,1,0.001565,202,1786548369.247059822,finsrov_stereo_left_optical,"[0.07311022120564115,-0.11039670081450592,0.3653469412244523]","[0.0,0.0,0.0,1.0]","[0.0025,0.0025,0.0025,1000000.0,1000000.0,1000000.0]",0.000378,303,1,"[16,17]","[0.247067,0.952785,1.302295]","[{""tag_id"":16,""target_match"":true,""family"":""tag25h9"",""hamming"":0,""decision_margin"":146.588394,""pixel_xy"":[814.91228,650.419744],""world_xy_yaw"":[0.243453,0.571288,0.08888],""pnp_valid"":true,""pnp_camera_xyz"":[0.314446,0.716609,1.292017],""pnp_camera_quat_xyzw"":[-0.065998,-0.010828,0.048561,0.996579],""pnp_camera_rpy_deg"":[-7.620467,-0.869281,5.637317],""pnp_reprojection_error_px"":0.061095},{""tag_id"":17,""target_match"":true,""family"":""tag25h9"",""hamming"":0,""decision_margin"":148.221176,""pixel_xy"":[817.06372,337.717519],""world_xy_yaw"":[0.247067,0.952785,1.302295],""pnp_valid"":true,""pnp_camera_xyz"":[0.313703,-0.025326,1.262176],""pnp_camera_quat_xyzw"":[-0.040952,-0.03153,0.604753,0.794734],""pnp_camera_rpy_deg"":[-5.92506,-0.033473,74.540418],""pnp_reprojection_error_px"":0.047008}]",1,0.047008,148.221176,94.94927,,0,,0,,
2026-08-12T15:26:09.340765+00:00,21144.624431356,onboard_overhead_fish_dynamic,0,"[0.0,0.0,0.0,0.0]",0,0,0,0,,,,,,,,,,,,,,,,,,,,,,,,,,,,1,0.001163,203,1786548369.297009706,finsrov_stereo_left_optical,"[0.07043662170456733,-0.1234594139152867,0.3641112429206337]","[0.0,0.0,0.0,1.0]","[0.0025,0.0025,0.0025,1000000.0,1000000.0,1000000.0]",0.001004,304,1,"[16,17]","[0.243245,0.571377,0.089627]","[{""tag_id"":16,""target_match"":true,""family"":""tag25h9"",""hamming"":0,""decision_margin"":147.071014,""pixel_xy"":[814.788629,650.347074],""world_xy_yaw"":[0.243245,0.571377,0.089627],""pnp_valid"":true,""pnp_camera_xyz"":[0.314484,0.717145,1.29322],""pnp_camera_quat_xyzw"":[-0.064678,-0.012228,0.049179,0.996619],""pnp_camera_rpy_deg"":[-7.477839,-1.032036,5.717505],""pnp_reprojection_error_px"":0.056939},{""tag_id"":17,""target_match"":true,""family"":""tag25h9"",""hamming"":0,""decision_margin"":147.017914,""pixel_xy"":[817.094656,337.489095],""world_xy_yaw"":[0.247119,0.953063,1.301407],""pnp_valid"":true,""pnp_camera_xyz"":[0.313959,-0.025929,1.262727],""pnp_camera_quat_xyzw"":[-0.040857,-0.029807,0.605079,0.794557],""pnp_camera_rpy_deg"":[-5.796632,0.118933,74.5747],""pnp_reprojection_error_px"":0.039408}]",1,0.056939,147.071014,95.688991,,0,,0,,
2026-08-12T15:26:09.392364+00:00,21144.676018255,onboard_overhead_fish_dynamic,0,"[0.0,0.0,0.0,0.0]",0,0,0,0,,,,,,,,,,,,,,,,,,,,,,,,,,,,1,0.002275,204,1786548369.346966505,finsrov_stereo_left_optical,"[0.0710147023369867,-0.12471802752671923,0.3650371832872197]","[0.0,0.0,0.0,1.0]","[0.0025,0.0025,0.0025,1000000.0,1000000.0,1000000.0]",0.000895,306,1,"[16,17]","[0.242933,0.571584,0.094033]","[{""tag_id"":16,""target_match"":true,""family"":""tag25h9"",""hamming"":0,""decision_margin"":148.048584,""pixel_xy"":[814.603098,650.177116],""world_xy_yaw"":[0.242933,0.571584,0.094033],""pnp_valid"":true,""pnp_camera_xyz"":[0.315948,0.721045,1.300789],""pnp_camera_quat_xyzw"":[-0.065567,-0.012402,0.050517,0.996491],""pnp_camera_rpy_deg"":[-7.582222,-1.036676,5.872917],""pnp_reprojection_error_px"":0.070793},{""tag_id"":17,""target_match"":true,""family"":""tag25h9"",""hamming"":0,""decision_margin"":147.067444,""pixel_xy"":[817.24223,337.140319],""world_xy_yaw"":[0.247367,0.953489,1.302549],""pnp_valid"":true,""pnp_camera_xyz"":[0.314422,-0.026677,1.26309],""pnp_camera_quat_xyzw"":[-0.041874,-0.027535,0.605404,0.794339],""pnp_camera_rpy_deg"":[-5.731473,0.398679,74.605616],""pnp_reprojection_error_px"":0.068518}]",1,0.070793,148.048584,95.437655,,0,,0,,
2026-08-12T15:26:09.441307+00:00,21144.724970047,onboard_overhead_fish_dynamic,0,"[0.0,0.0,0.0,0.0]",0,0,0,0,,,,,,,,,,,,,,,,,,,,,,,,,,,,1,0.001524,205,1786548369.397024155,finsrov_stereo_left_optical,"[0.07457462231443196,-0.1157334565064192,0.36842123119667936]","[0.0,0.0,0.0,1.0]","[0.0025,0.0025,0.0025,1000000.0,1000000.0,1000000.0]",0.001325,307,1,"[16,17]","[0.242845,0.571701,0.093559]","[{""tag_id"":16,""target_match"":true,""family"":""tag25h9"",""hamming"":0,""decision_margin"":151.255661,""pixel_xy"":[814.550755,650.081213],""world_xy_yaw"":[0.242845,0.571701,0.093559],""pnp_valid"":true,""pnp_camera_xyz"":[0.316729,0.722908,1.3045],""pnp_camera_quat_xyzw"":[-0.064993,-0.010517,0.049303,0.996612],""pnp_camera_rpy_deg"":[-7.504075,-0.833908,5.71894],""pnp_reprojection_error_px"":0.075622},{""tag_id"":17,""target_match"":true,""family"":""tag25h9"",""hamming"":0,""decision_margin"":147.99263,""pixel_xy"":[817.333415,337.040772],""world_xy_yaw"":[0.24752,0.95361,1.302284],""pnp_valid"":true,""pnp_camera_xyz"":[0.314719,-0.026985,1.263485],""pnp_camera_quat_xyzw"":[-0.040997,-0.026961,0.60589,0.794034],""pnp_camera_rpy_deg"":[-5.611316,0.393252,74.671792],""pnp_reprojection_error_px"":0.046836}]",1,0.075622,151.255661,95.881813,,0,,0,,
2026-08-12T15:26:09.491196+00:00,21144.774858822,onboard_overhead_fish_dynamic,0,"[0.0,0.0,0.0,0.0]",0,0,0,0,,,,,,,,,,,,,,,,,,,,,,,,,,,,1,0.001514,206,1786548369.446974039,finsrov_stereo_left_optical,"[0.07375883772170377,-0.11287105109826734,0.3702249319154792]","[0.0,0.0,0.0,1.0]","[0.0025,0.0025,0.0025,1000000.0,1000000.0,1000000.0]",0.001321,308,1,"[16,17]","[0.242824,0.571785,0.092979]","[{""tag_id"":16,""target_match"":true,""family"":""tag25h9"",""hamming"":0,""decision_margin"":149.175278,""pixel_xy"":[814.538335,650.012359],""world_xy_yaw"":[0.242824,0.571785,0.092979],""pnp_valid"":true,""pnp_camera_xyz"":[0.317207,0.723791,1.306393],""pnp_camera_quat_xyzw"":[-0.064721,-0.010238,0.048358,0.996678],""pnp_camera_rpy_deg"":[-7.470457,-0.810694,5.608463],""pnp_reprojection_error_px"":0.096313},{""tag_id"":17,""target_match"":true,""family"":""tag25h9"",""hamming"":0,""decision_margin"":148.207962,""pixel_xy"":[817.38107,336.889632],""world_xy_yaw"":[0.2476,0.953795,1.302281],""pnp_valid"":true,""pnp_camera_xyz"":[0.315105,-0.027348,1.264515],""pnp_camera_quat_xyzw"":[-0.042275,-0.024956,0.606241,0.793764],""pnp_camera_rpy_deg"":[-5.588192,0.666948,74.709354],""pnp_reprojection_error_px"":0.056388}]",1,0.096313,149.175278,95.326244,,0,,0,,
2026-08-12T15:26:09.540066+00:00,21144.823738614,onboard_overhead_fish_dynamic,0,"[0.0,0.0,0.0,0.0]",0,0,0,0,,,,,,,,,,,,,,,,,,,,,,,,,,,,1,0.000728,207,1786548369.497009754,finsrov_stereo_left_optical,"[0.07156552380025005,-0.11743258977118132,0.3705934739833215]","[0.0,0.0,0.0,1.0]","[0.0025,0.0025,0.0025,1000000.0,1000000.0,1000000.0]",0.000360,310,1,"[16,17]","[0.247565,0.954231,1.301886]","[{""tag_id"":16,""target_match"":true,""family"":""tag25h9"",""hamming"":0,""decision_margin"":148.11702,""pixel_xy"":[814.70372,649.886726],""world_xy_yaw"":[0.243102,0.571938,0.084649],""pnp_valid"":true,""pnp_camera_xyz"":[0.315982,0.71993,1.300277],""pnp_camera_quat_xyzw"":[-0.061905,-0.01349,0.047633,0.996853],""pnp_camera_rpy_deg"":[-7.16539,-1.203108,5.54676],""pnp_reprojection_error_px"":0.059254},{""tag_id"":17,""target_match"":true,""family"":""tag25h9"",""hamming"":0,""decision_margin"":150.956711,""pixel_xy"":[817.359842,336.532325],""world_xy_yaw"":[0.247565,0.954231,1.301886],""pnp_valid"":true,""pnp_camera_xyz"":[0.315021,-0.02811,1.264541],""pnp_camera_quat_xyzw"":[-0.042402,-0.025084,0.605582,0.794256],""pnp_camera_rpy_deg"":[-5.60924,0.659531,74.615285],""pnp_reprojection_error_px"":0.064789}]",1,0.064789,150.956711,95.109918,,0,,0,,
2026-08-12T15:26:09.591719+00:00,21144.875372144,onboard_overhead_fish_dynamic,0,"[0.0,0.0,0.0,0.0]",0,0,0,0,,,,,,,,,,,,,,,,,,,,,,,,,,,,1,0.001781,208,1786548369.547014713,finsrov_stereo_left_optical,"[0.06951745494087991,-0.1230703285275595,0.3693363568829785]","[0.0,0.0,0.0,1.0]","[0.0025,0.0025,0.0025,1000000.0,1000000.0,1000000.0]",0.001522,311,1,"[16,17]","[0.247434,0.954445,1.30156]","[{""tag_id"":16,""target_match"":true,""family"":""tag25h9"",""hamming"":0,""decision_margin"":149.056992,""pixel_xy"":[814.828447,649.819773],""world_xy_yaw"":[0.243312,0.57202,0.080334],""pnp_valid"":true,""pnp_camera_xyz"":[0.315395,0.717992,1.297123],""pnp_camera_quat_xyzw"":[-0.061911,-0.015055,0.047633,0.996831],""pnp_camera_rpy_deg"":[-7.174937,-1.38187,5.558208],""pnp_reprojection_error_px"":0.064532},{""tag_id"":17,""target_match"":true,""family"":""tag25h9"",""hamming"":0,""decision_margin"":154.584061,""pixel_xy"":[817.281887,336.356195],""world_xy_yaw"":[0.247434,0.954445,1.30156],""pnp_valid"":true,""pnp_camera_xyz"":[0.315108,-0.028521,1.265504],""pnp_camera_quat_xyzw"":[-0.041102,-0.021119,0.605768,0.794298],""pnp_camera_rpy_deg"":[-5.214948,0.930899,74.619196],""pnp_reprojection_error_px"":0.07875}]",1,0.07875,154.584061,95.557662,,0,,0,,
2026-08-12T15:26:09.642179+00:00,21144.925831170,onboard_overhead_fish_dynamic,0,"[0.0,0.0,0.0,0.0]",0,0,0,0,,,,,,,,,,,,,,,,,,,,,,,,,,,,1,0.002412,209,1786548369.596968412,finsrov_stereo_left_optical,"[0.0683371253471095,-0.1296102867278468,0.36721686992215197]","[0.0,0.0,0.0,1.0]","[0.0025,0.0025,0.0025,1000000.0,1000000.0,1000000.0]",0.001383,313,1,"[16,17]","[0.247117,0.954824,1.299031]","[{""tag_id"":16,""target_match"":true,""family"":""tag25h9"",""hamming"":0,""decision_margin"":147.847549,""pixel_xy"":[814.981258,649.612418],""world_xy_yaw"":[0.243568,0.572273,0.077074],""pnp_valid"":true,""pnp_camera_xyz"":[0.314671,0.715425,1.292916],""pnp_camera_quat_xyzw"":[-0.06273,-0.015941,0.047016,0.996795],""pnp_camera_rpy_deg"":[-7.273094,-1.48304,5.495266],""pnp_reprojection_error_px"":0.060977},{""tag_id"":17,""target_match"":true,""family"":""tag25h9"",""hamming"":0,""decision_margin"":153.067047,""pixel_xy"":[817.093531,336.045548],""world_xy_yaw"":[0.247117,0.954824,1.299031],""pnp_valid"":true,""pnp_camera_xyz"":[0.314631,-0.0293,1.265246],""pnp_camera_quat_xyzw"":[-0.039366,-0.018769,0.605402,0.794724],""pnp_camera_rpy_deg"":[-4.893779,1.0218,74.554876],""pnp_reprojection_error_px"":0.067787}]",1,0.067787,153.067047,96.300354,,0,,0,,
2026-08-12T15:26:09.692343+00:00,21144.975982688,onboard_overhead_fish_dynamic,0,"[0.0,0.0,0.0,0.0]",0,0,0,0,,,,,,,,,,,,,,,,,,,,,,,,,,,,1,0.002256,210,1786548369.646975994,finsrov_stereo_left_optical,"[0.06685564853284842,-0.13036425024671816,0.36731459591760623]","[0.0,0.0,0.0,1.0]","[0.0025,0.0025,0.0025,1000000.0,1000000.0,1000000.0]",0.000878,315,1,"[16,17]","[0.2468,0.955279,1.302621]","[{""tag_id"":16,""target_match"":true,""family"":""tag25h9"",""hamming"":0,""decision_margin"":147.720993,""pixel_xy"":[814.907282,649.464571],""world_xy_yaw"":[0.243444,0.572453,0.078058],""pnp_valid"":true,""pnp_camera_xyz"":[0.31555,0.717157,1.296806],""pnp_camera_quat_xyzw"":[-0.066467,-0.010836,0.043717,0.996772],""pnp_camera_rpy_deg"":[-7.670074,-0.904794,5.083248],""pnp_reprojection_error_px"":0.013038},{""tag_id"":17,""target_match"":true,""family"":""tag25h9"",""hamming"":0,""decision_margin"":152.192902,""pixel_xy"":[816.904613,335.673024],""world_xy_yaw"":[0.2468,0.955279,1.302621],""pnp_valid"":true,""pnp_camera_xyz"":[0.31402,-0.030162,1.264654],""pnp_camera_quat_xyzw"":[-0.036362,-0.01998,0.606427,0.794056],""pnp_camera_rpy_deg"":[-4.702723,0.708841,74.709482],""pnp_reprojection_error_px"":0.057516}]",1,0.057516,152.192902,96.666803,,0,,0,,
2026-08-12T15:26:09.740916+00:00,21145.024581000,onboard_overhead_fish_dynamic,0,"[0.0,0.0,0.0,0.0]",0,0,0,0,,,,,,,,,,,,,,,,,,,,,,,,,,,,1,0.001271,211,1786548369.696977615,finsrov_stereo_left_optical,"[0.06464952666159185,-0.11969155056239678,0.36972057151328275]","[0.0,0.0,0.0,1.0]","[0.0025,0.0025,0.0025,1000000.0,1000000.0,1000000.0]",0.001106,316,1,"[16,17]","[0.246653,0.955475,1.304786]","[{""tag_id"":16,""target_match"":true,""family"":""tag25h9"",""hamming"":0,""decision_margin"":147.764938,""pixel_xy"":[814.808784,649.439016],""world_xy_yaw"":[0.243279,0.572484,0.077916],""pnp_valid"":true,""pnp_camera_xyz"":[0.315346,0.716787,1.29656],""pnp_camera_quat_xyzw"":[-0.064035,-0.012988,0.043851,0.996899],""pnp_camera_rpy_deg"":[-7.402429,-1.162049,5.112528],""pnp_reprojection_error_px"":0.06859},{""tag_id"":17,""target_match"":true,""family"":""tag25h9"",""hamming"":0,""decision_margin"":150.811584,""pixel_xy"":[816.817023,335.512496],""world_xy_yaw"":[0.246653,0.955475,1.304786],""pnp_valid"":true,""pnp_camera_xyz"":[0.313714,-0.03053,1.264102],""pnp_camera_quat_xyzw"":[-0.03648,-0.021586,0.607011,0.793562],""pnp_camera_rpy_deg"":[-4.824754,0.574563,74.801925],""pnp_reprojection_error_px"":0.06793}]",1,0.06793,150.811584,97.707302,,0,,0,,
2026-08-12T15:26:09.791683+00:00,21145.075344272,onboard_overhead_fish_dynamic,0,"[0.0,0.0,0.0,0.0]",0,0,0,0,,,,,,,,,,,,,,,,,,,,,,,,,,,,1,0.001820,212,1786548369.746943235,finsrov_stereo_left_optical,"[0.064599716835742,-0.12314554924893928,0.3695741758834976]","[0.0,0.0,0.0,1.0]","[0.0025,0.0025,0.0025,1000000.0,1000000.0,1000000.0]",0.000451,318,1,"[16,17]","[0.246438,0.955968,1.308672]","[{""tag_id"":16,""target_match"":true,""family"":""tag25h9"",""hamming"":0,""decision_margin"":146.965683,""pixel_xy"":[814.509256,649.227711],""world_xy_yaw"":[0.242776,0.572742,0.076181],""pnp_valid"":true,""pnp_camera_xyz"":[0.315358,0.717779,1.299006],""pnp_camera_quat_xyzw"":[-0.060591,-0.01356,0.041845,0.997193],""pnp_camera_rpy_deg"":[-7.007853,-1.259108,4.882915],""pnp_reprojection_error_px"":0.100276},{""tag_id"":17,""target_match"":true,""family"":""tag25h9"",""hamming"":0,""decision_margin"":151.75528,""pixel_xy"":[816.689533,335.107992],""world_xy_yaw"":[0.246438,0.955968,1.308672],""pnp_valid"":true,""pnp_camera_xyz"":[0.313127,-0.031446,1.262919],""pnp_camera_quat_xyzw"":[-0.036963,-0.02393,0.608227,0.792541],""pnp_camera_rpy_deg"":[-5.031445,0.402948,74.99038],""pnp_reprojection_error_px"":0.068395}]",1,0.068395,151.75528,97.443305,,0,,0,,
2026-08-12T15:26:09.842221+00:00,21145.125874419,onboard_overhead_fish_dynamic,0,"[0.0,0.0,0.0,0.0]",0,0,0,0,,,,,,,,,,,,,,,,,,,,,,,,,,,,1,0.002218,213,1786548369.797040224,finsrov_stereo_left_optical,"[0.0623098166036129,-0.1244409636028263,0.3710592431938903]","[0.0,0.0,0.0,1.0]","[0.0025,0.0025,0.0025,1000000.0,1000000.0,1000000.0]",0.001952,319,1,"[16,17]","[0.246402,0.95616,1.309541]","[{""tag_id"":16,""target_match"":true,""family"":""tag25h9"",""hamming"":0,""decision_margin"":148.635406,""pixel_xy"":[814.34816,649.133708],""world_xy_yaw"":[0.242505,0.572857,0.076742],""pnp_valid"":true,""pnp_camera_xyz"":[0.315602,0.719161,1.301648],""pnp_camera_quat_xyzw"":[-0.062584,-0.011827,0.041235,0.997117],""pnp_camera_rpy_deg"":[-7.227226,-1.055695,4.802824],""pnp_reprojection_error_px"":0.11362},{""tag_id"":17,""target_match"":true,""family"":""tag25h9"",""hamming"":0,""decision_margin"":149.638733,""pixel_xy"":[816.667889,334.950444],""world_xy_yaw"":[0.246402,0.95616,1.309541],""pnp_valid"":true,""pnp_camera_xyz"":[0.312868,-0.031824,1.262006],""pnp_camera_quat_xyzw"":[-0.038165,-0.025994,0.608579,0.792148],""pnp_camera_rpy_deg"":[-5.284733,0.302018,75.053612],""pnp_reprojection_error_px"":0.070088}]",1,0.070088,149.638733,97.667049,,0,,0,,
2026-08-12T15:26:09.892367+00:00,21145.176020226,onboard_overhead_fish_dynamic,0,"[0.0,0.0,0.0,0.0]",0,0,0,0,,,,,,,,,,,,,,,,,,,,,,,,,,,,1,0.002237,214,1786548369.846955538,finsrov_stereo_left_optical,"[0.06240725388147189,-0.11762334505445604,0.3724596423222145]","[0.0,0.0,0.0,1.0]","[0.0025,0.0025,0.0025,1000000.0,1000000.0,1000000.0]",0.001957,320,1,"[16,17]","[0.242277,0.572926,0.073272]","[{""tag_id"":16,""target_match"":true,""family"":""tag25h9"",""hamming"":0,""decision_margin"":149.968109,""pixel_xy"":[814.212587,649.077031],""world_xy_yaw"":[0.242277,0.572926,0.073272],""pnp_valid"":true,""pnp_camera_xyz"":[0.31536,0.71943,1.302365],""pnp_camera_quat_xyzw"":[-0.062581,-0.01143,0.040376,0.997157],""pnp_camera_rpy_deg"":[-7.223988,-1.016603,4.701612],""pnp_reprojection_error_px"":0.084815},{""tag_id"":17,""target_match"":true,""family"":""tag25h9"",""hamming"":0,""decision_margin"":149.84935,""pixel_xy"":[816.707354,334.844591],""world_xy_yaw"":[0.246468,0.95629,1.310522],""pnp_valid"":true,""pnp_camera_xyz"":[0.312861,-0.032033,1.261664],""pnp_camera_quat_xyzw"":[-0.040011,-0.025982,0.608961,0.791764],""pnp_camera_rpy_deg"":[-5.451655,0.434671,75.10841],""pnp_reprojection_error_px"":0.068671}]",1,0.084815,149.968109,97.508247,,0,,0,,
2026-08-12T15:26:09.940996+00:00,21145.224667838,onboard_overhead_fish_dynamic,0,"[0.0,0.0,0.0,0.0]",0,0,0,0,,,,,,,,,,,,,,,,,,,,,,,,,,,,1,0.001294,215,1786548369.896926880,finsrov_stereo_left_optical,"[0.05834984257639392,-0.11847656077663415,0.37268004163774154]","[0.0,0.0,0.0,1.0]","[0.0025,0.0025,0.0025,1000000.0,1000000.0,1000000.0]",0.000581,322,1,"[16,17]","[0.246833,0.956365,1.311688]","[{""tag_id"":16,""target_match"":true,""family"":""tag25h9"",""hamming"":0,""decision_margin"":148.179367,""pixel_xy"":[814.015593,648.962156],""world_xy_yaw"":[0.241946,0.573066,0.065873],""pnp_valid"":true,""pnp_camera_xyz"":[0.31406,0.717511,1.299745],""pnp_camera_quat_xyzw"":[-0.062057,-0.01014,0.038426,0.997281],""pnp_camera_rpy_deg"":[-7.155917,-0.885605,4.468477],""pnp_reprojection_error_px"":0.034401},{""tag_id"":17,""target_match"":true,""family"":""tag25h9"",""hamming"":0,""decision_margin"":150.087616,""pixel_xy"":[816.924309,334.783066],""world_xy_yaw"":[0.246833,0.956365,1.311688],""pnp_valid"":true,""pnp_camera_xyz"":[0.313412,-0.032201,1.261821],""pnp_camera_quat_xyzw"":[-0.041698,-0.026803,0.60961,0.79115],""pnp_camera_rpy_deg"":[-5.66209,0.482964,75.207243],""pnp_reprojection_error_px"":0.069147}]",1,0.069147,150.087616,97.3776,,0,,0,,
2026-08-12T15:26:09.992860+00:00,21145.276516429,onboard_overhead_fish_dynamic,0,"[0.0,0.0,0.0,0.0]",0,0,0,0,,,,,,,,,,,,,,,,,,,,,,,,,,,,1,0.001967,216,1786548369.947040319,finsrov_stereo_left_optical,"[0.05624611499584381,-0.12006042461435995,0.37187756302525266]","[0.0,0.0,0.0,1.0]","[0.0025,0.0025,0.0025,1000000.0,1000000.0,1000000.0]",0.001702,323,1,"[16,17]","[0.241687,0.573076,0.067899]","[{""tag_id"":16,""target_match"":true,""family"":""tag25h9"",""hamming"":0,""decision_margin"":149.957504,""pixel_xy"":[813.861198,648.954003],""world_xy_yaw"":[0.241687,0.573076,0.067899],""pnp_valid"":true,""pnp_camera_xyz"":[0.312861,0.715244,1.2958],""pnp_camera_quat_xyzw"":[-0.062395,-0.012666,0.039316,0.997196],""pnp_camera_rpy_deg"":[-7.207448,-1.166306,4.589102],""pnp_reprojection_error_px"":0.046152},{""tag_id"":17,""target_match"":true,""family"":""tag25h9"",""hamming"":0,""decision_margin"":149.229858,""pixel_xy"":[817.071851,334.71494],""world_xy_yaw"":[0.247081,0.956448,1.3144],""pnp_valid"":true,""pnp_camera_xyz"":[0.313627,-0.0323,1.261356],""pnp_camera_quat_xyzw"":[-0.040854,-0.027798,0.610062,0.790811],""pnp_camera_rpy_deg"":[-5.654839,0.336966,75.279293],""pnp_reprojection_error_px"":0.073801}]",1,0.046152,149.957504,96.747615,,0,,0,,
2026-08-12T15:26:10.041193+00:00,21145.324856439,onboard_overhead_fish_dynamic,0,"[0.0,0.0,0.0,0.0]",0,0,0,0,,,,,,,,,,,,,,,,,,,,,,,,,,,,1,0.001527,217,1786548369.996973753,finsrov_stereo_left_optical,"[0.055585354506199725,-0.12338888023263994,0.3702114281961905]","[0.0,0.0,0.0,1.0]","[0.0025,0.0025,0.0025,1000000.0,1000000.0,1000000.0]",0.000818,325,1,"[16,17]","[0.241285,0.57321,0.066401]","[{""tag_id"":16,""target_match"":true,""family"":""tag25h9"",""hamming"":0,""decision_margin"":149.822281,""pixel_xy"":[813.621952,648.843917],""world_xy_yaw"":[0.241285,0.57321,0.066401],""pnp_valid"":true,""pnp_camera_xyz"":[0.31151,0.712945,1.292217],""pnp_camera_quat_xyzw"":[-0.062406,-0.017527,0.040091,0.997091],""pnp_camera_rpy_deg"":[-7.23336,-1.716215,4.713503],""pnp_reprojection_error_px"":0.086191},{""tag_id"":17,""target_match"":true,""family"":""tag25h9"",""hamming"":0,""decision_margin"":146.684723,""pixel_xy"":[817.447131,334.642874],""world_xy_yaw"":[0.247711,0.956536,1.316604],""pnp_valid"":true,""pnp_camera_xyz"":[0.314641,-0.032451,1.261906],""pnp_camera_quat_xyzw"":[-0.036394,-0.026475,0.610449,0.790776],""pnp_camera_rpy_deg"":[-5.156894,0.146748,75.3269],""pnp_reprojection_error_px"":0.084512}]",1,0.086191,149.822281,96.113079,,0,,0,,
2026-08-12T15:26:10.092020+00:00,21145.375676286,onboard_overhead_fish_dynamic,0,"[0.0,0.0,0.0,0.0]",0,0,0,0,,,,,,,,,,,,,,,,,,,,,,,,,,,,1,0.002053,218,1786548370.047005653,finsrov_stereo_left_optical,"[0.05339895763399216,-0.1279093405501449,0.36874832711420935]","[0.0,0.0,0.0,1.0]","[0.0025,0.0025,0.0025,1000000.0,1000000.0,1000000.0]",0.001803,326,1,"[16,17]","[0.24117,0.573423,0.065241]","[{""tag_id"":16,""target_match"":true,""family"":""tag25h9"",""hamming"":0,""decision_margin"":149.964615,""pixel_xy"":[813.55356,648.669969],""world_xy_yaw"":[0.24117,0.573423,0.065241],""pnp_valid"":true,""pnp_camera_xyz"":[0.312209,0.714738,1.296057],""pnp_camera_quat_xyzw"":[-0.065982,-0.014038,0.038346,0.996985],""pnp_camera_rpy_deg"":[-7.624299,-1.313915,4.492779],""pnp_reprojection_error_px"":0.041668},{""tag_id"":17,""target_match"":true,""family"":""tag25h9"",""hamming"":0,""decision_margin"":147.065018,""pixel_xy"":[817.658007,334.583298],""world_xy_yaw"":[0.248065,0.956608,1.316342],""pnp_valid"":true,""pnp_camera_xyz"":[0.315053,-0.032583,1.261729],""pnp_camera_quat_xyzw"":[-0.035207,-0.024912,0.610547,0.790805],""pnp_camera_rpy_deg"":[-4.939494,0.205666,75.331598],""pnp_reprojection_error_px"":0.075163}]",1,0.041668,149.964615,96.543518,,0,,0,,
2026-08-12T15:26:10.142312+00:00,21145.425966551,onboard_overhead_fish_dynamic,0,"[0.0,0.0,0.0,0.0]",0,0,0,0,,,,,,,,,,,,,,,,,,,,,,,,,,,,1,0.002256,219,1786548370.097099781,finsrov_stereo_left_optical,"[0.051965291806692404,-0.1181792321476891,0.37042237259040645]","[0.0,0.0,0.0,1.0]","[0.0025,0.0025,0.0025,1000000.0,1000000.0,1000000.0]",0.001215,328,1,"[16,17]","[0.241087,0.573767,0.060563]","[{""tag_id"":16,""target_match"":true,""family"":""tag25h9"",""hamming"":0,""decision_margin"":150.627457,""pixel_xy"":[813.504444,648.387523],""world_xy_yaw"":[0.241087,0.573767,0.060563],""pnp_valid"":true,""pnp_camera_xyz"":[0.313457,0.717687,1.302312],""pnp_camera_quat_xyzw"":[-0.069432,-0.010216,0.035625,0.996898],""pnp_camera_rpy_deg"":[-8.000239,-0.883657,4.155025],""pnp_reprojection_error_px"":0.051934},{""tag_id"":17,""target_match"":true,""family"":""tag25h9"",""hamming"":0,""decision_margin"":146.639557,""pixel_xy"":[818.086095,334.450325],""world_xy_yaw"":[0.248785,0.956771,1.317811],""pnp_valid"":true,""pnp_camera_xyz"":[0.316356,-0.032928,1.262905],""pnp_camera_quat_xyzw"":[-0.030465,-0.022524,0.611053,0.790683],""pnp_camera_rpy_deg"":[-4.34167,0.092429,75.391383],""pnp_reprojection_error_px"":0.078979}]",1,0.051934,150.627457,95.348025,,0,,0,,
2026-08-12T15:26:10.190559+00:00,21145.474227626,onboard_overhead_fish_dynamic,0,"[0.0,0.0,0.0,0.0]",0,0,0,0,,,,,,,,,,,,,,,,,,,,,,,,,,,,1,0.000957,220,1786548370.147019625,finsrov_stereo_left_optical,"[0.04878582277883753,-0.10733812877642634,0.3733187288492911]","[0.0,0.0,0.0,1.0]","[0.0025,0.0025,0.0025,1000000.0,1000000.0,1000000.0]",0.000819,329,1,"[16,17]","[0.241016,0.573836,0.060778]","[{""tag_id"":16,""target_match"":true,""family"":""tag25h9"",""hamming"":0,""decision_margin"":152.163696,""pixel_xy"":[813.461871,648.330961],""world_xy_yaw"":[0.241016,0.573836,0.060778],""pnp_valid"":true,""pnp_camera_xyz"":[0.313643,0.718098,1.30341],""pnp_camera_quat_xyzw"":[-0.069131,-0.010759,0.035743,0.996909],""pnp_camera_rpy_deg"":[-7.968158,-0.945987,4.172649],""pnp_reprojection_error_px"":0.028271},{""tag_id"":17,""target_match"":true,""family"":""tag25h9"",""hamming"":0,""decision_margin"":150.719833,""pixel_xy"":[818.337888,334.445368],""world_xy_yaw"":[0.249208,0.956777,1.316278],""pnp_valid"":true,""pnp_camera_xyz"":[0.316992,-0.033001,1.263219],""pnp_camera_quat_xyzw"":[-0.032364,-0.020096,0.611549,0.790289],""pnp_camera_rpy_deg"":[-4.343431,0.448117,75.450553],""pnp_reprojection_error_px"":0.055586}]",1,0.028271,152.163696,95.713846,,0,,0,,
2026-08-12T15:26:10.242277+00:00,21145.525931794,onboard_overhead_fish_dynamic,0,"[0.0,0.0,0.0,0.0]",0,0,0,0,,,,,,,,,,,,,,,,,,,,,,,,,,,,1,0.002264,221,1786548370.197195292,finsrov_stereo_left_optical,"[0.048491972868771493,-0.10695816036707606,0.3737085592675582]","[0.0,0.0,0.0,1.0]","[0.0025,0.0025,0.0025,1000000.0,1000000.0,1000000.0]",0.001234,331,1,"[16,17]","[0.240666,0.573942,0.065567]","[{""tag_id"":16,""target_match"":true,""family"":""tag25h9"",""hamming"":0,""decision_margin"":150.1875,""pixel_xy"":[813.253317,648.244234],""world_xy_yaw"":[0.240666,0.573942,0.065567],""pnp_valid"":true,""pnp_camera_xyz"":[0.314205,0.719471,1.306581],""pnp_camera_quat_xyzw"":[-0.06655,-0.009261,0.034124,0.997156],""pnp_camera_rpy_deg"":[-7.664154,-0.798044,3.973353],""pnp_reprojection_error_px"":0.119819},{""tag_id"":17,""target_match"":true,""family"":""tag25h9"",""hamming"":0,""decision_margin"":148.695297,""pixel_xy"":[818.772684,334.524356],""world_xy_yaw"":[0.249938,0.95668,1.317691],""pnp_valid"":true,""pnp_camera_xyz"":[0.31825,-0.032836,1.264104],""pnp_camera_quat_xyzw"":[-0.032964,-0.021169,0.611907,0.789959],""pnp_camera_rpy_deg"":[-4.472946,0.395141,75.507665],""pnp_reprojection_error_px"":0.066371}]",1,0.119819,150.1875,93.866741,,0,,0,,
2026-08-12T15:26:10.292200+00:00,21145.575854061,onboard_overhead_fish_dynamic,0,"[0.0,0.0,0.0,0.0]",0,0,0,0,,,,,,,,,,,,,,,,,,,,,,,,,,,,1,0.002225,222,1786548370.246956110,finsrov_stereo_left_optical,"[0.04563862405036323,-0.10828082148148777,0.3747442475743051]","[0.0,0.0,0.0,1.0]","[0.0025,0.0025,0.0025,1000000.0,1000000.0,1000000.0]",0.001957,332,1,"[16,17]","[0.250293,0.956722,1.319623]","[{""tag_id"":16,""target_match"":true,""family"":""tag25h9"",""hamming"":0,""decision_margin"":149.100677,""pixel_xy"":[813.154398,648.238316],""world_xy_yaw"":[0.240499,0.573949,0.063975],""pnp_valid"":true,""pnp_camera_xyz"":[0.313329,0.717916,1.303825],""pnp_camera_quat_xyzw"":[-0.062577,-0.009905,0.033528,0.997428],""pnp_camera_rpy_deg"":[-7.210336,-0.891692,3.906611],""pnp_reprojection_error_px"":0.132809},{""tag_id"":17,""target_match"":true,""family"":""tag25h9"",""hamming"":0,""decision_margin"":153.745728,""pixel_xy"":[818.983918,334.490046],""world_xy_yaw"":[0.250293,0.956722,1.319623],""pnp_valid"":true,""pnp_camera_xyz"":[0.318852,-0.03287,1.264491],""pnp_camera_quat_xyzw"":[-0.035371,-0.02106,0.612475,0.789418],""pnp_camera_rpy_deg"":[-4.683158,0.57739,75.589017],""pnp_reprojection_error_px"":0.085148}]",1,0.085148,153.745728,93.798287,,0,,0,,
2026-08-12T15:26:10.342249+00:00,21145.625904073,onboard_overhead_fish_dynamic,0,"[0.0,0.0,0.0,0.0]",0,0,0,0,,,,,,,,,,,,,,,,,,,,,,,,,,,,1,0.002239,223,1786548370.296922922,finsrov_stereo_left_optical,"[0.04062650510711968,-0.13004259117841266,0.37140361645790754]","[0.0,0.0,0.0,1.0]","[0.0025,0.0025,0.0025,1000000.0,1000000.0,1000000.0]",0.001222,334,1,"[16,17]","[0.251028,0.956902,1.322883]","[{""tag_id"":16,""target_match"":true,""family"":""tag25h9"",""hamming"":0,""decision_margin"":150.829727,""pixel_xy"":[813.104737,648.171809],""world_xy_yaw"":[0.240416,0.57403,0.053875],""pnp_valid"":true,""pnp_camera_xyz"":[0.310417,0.711841,1.292828],""pnp_camera_quat_xyzw"":[-0.056256,-0.014219,0.032601,0.997783],""pnp_camera_rpy_deg"":[-6.501223,-1.415704,3.823144],""pnp_reprojection_error_px"":0.053922},{""tag_id"":17,""target_match"":true,""family"":""tag25h9"",""hamming"":0,""decision_margin"":151.593857,""pixel_xy"":[819.421198,334.342853],""world_xy_yaw"":[0.251028,0.956902,1.322883],""pnp_valid"":true,""pnp_camera_xyz"":[0.31986,-0.033251,1.2646],""pnp_camera_quat_xyzw"":[-0.039345,-0.023553,0.614126,0.787875],""pnp_camera_rpy_deg"":[-5.217225,0.642375,75.841505],""pnp_reprojection_error_px"":0.06418}]",1,0.06418,151.593857,95.010332,,0,,0,,
2026-08-12T15:26:10.390409+00:00,21145.674077521,onboard_overhead_fish_dynamic,0,"[0.0,0.0,0.0,0.0]",0,0,0,0,,,,,,,,,,,,,,,,,,,,,,,,,,,,1,0.000879,224,1786548370.346973181,finsrov_stereo_left_optical,"[0.03632768868188174,-0.13859971559540496,0.3693946960098661]","[0.0,0.0,0.0,1.0]","[0.0025,0.0025,0.0025,1000000.0,1000000.0,1000000.0]",0.000754,335,1,"[16,17]","[0.251414,0.957017,1.325145]","[{""tag_id"":16,""target_match"":true,""family"":""tag25h9"",""hamming"":0,""decision_margin"":150.191071,""pixel_xy"":[813.046936,648.155148],""world_xy_yaw"":[0.240319,0.574051,0.053664],""pnp_valid"":true,""pnp_camera_xyz"":[0.309917,0.710974,1.291416],""pnp_camera_quat_xyzw"":[-0.05803,-0.013891,0.032568,0.997687],""pnp_camera_rpy_deg"":[-6.703416,-1.371718,3.819696],""pnp_reprojection_error_px"":0.047438},{""tag_id"":17,""target_match"":true,""family"":""tag25h9"",""hamming"":0,""decision_margin"":150.547989,""pixel_xy"":[819.651109,334.248522],""world_xy_yaw"":[0.251414,0.957017,1.325145],""pnp_valid"":true,""pnp_camera_xyz"":[0.320323,-0.033448,1.264321],""pnp_camera_quat_xyzw"":[-0.040518,-0.023039,0.615114,0.787059],""pnp_camera_rpy_deg"":[-5.286287,0.778176,75.981758],""pnp_reprojection_error_px"":0.06899}]",1,0.06899,150.547989,93.840752,,0,,0,,
2026-08-12T15:26:10.440161+00:00,21145.723833404,onboard_overhead_fish_dynamic,0,"[0.0,0.0,0.0,0.0]",0,0,0,0,,,,,,,,,,,,,,,,,,,,,,,,,,,,1,0.000678,225,1786548370.396852970,finsrov_stereo_left_optical,"[0.03426310151725259,-0.1385169947174394,0.36830148914158356]","[0.0,0.0,0.0,1.0]","[0.0025,0.0025,0.0025,1000000.0,1000000.0,1000000.0]",0.000331,337,1,"[15,16,17]","[0.25216,0.957366,1.328058]","[{""tag_id"":15,""target_match"":true,""family"":""tag25h9"",""hamming"":0,""decision_margin"":71.189072,""pixel_xy"":[814.858347,586.146019],""world_xy_yaw"":[0.243362,0.649702,0.063349],""pnp_valid"":true,""pnp_camera_xyz"":[0.317384,0.569167,1.303764],""pnp_camera_quat_xyzw"":[-0.042656,-0.00321,0.030832,0.998609],""pnp_camera_rpy_deg"":[-4.8986,-0.216626,3.546182],""pnp_reprojection_error_px"":0.033348},{""tag_id"":16,""target_match"":true,""family"":""tag25h9"",""hamming"":0,""decision_margin"":148.827591,""pixel_xy"":[812.928094,647.925505],""world_xy_yaw"":[0.240119,0.574331,0.053671],""pnp_valid"":true,""pnp_camera_xyz"":[0.308898,0.709169,1.288928],""pnp_camera_quat_xyzw"":[-0.060113,-0.013098,0.033627,0.997539],""pnp_camera_rpy_deg"":[-6.94058,-1.265716,3.938135],""pnp_reprojection_error_px"":0.030774},{""tag_id"":17,""target_match"":true,""family"":""tag25h9"",""hamming"":0,""decision_margin"":155.320724,""pixel_xy"":[820.095244,333.962648],""world_xy_yaw"":[0.25216,0.957366,1.328058],""pnp_valid"":true,""pnp_camera_xyz"":[0.321528,-0.034202,1.26504],""pnp_camera_quat_xyzw"":[-0.038775,-0.02547,0.616224,0.786203],""pnp_camera_rpy_deg"":[-5.299635,0.443406,76.157978],""pnp_reprojection_error_px"":0.049261}]",1,0.049261,155.320724,95.189312,,0,,0,,
2026-08-12T15:26:10.490851+00:00,21145.774517677,onboard_overhead_fish_dynamic,0,"[0.0,0.0,0.0,0.0]",0,0,0,0,,,,,,,,,,,,,,,,,,,,,,,,,,,,1,0.001168,226,1786548370.446990252,finsrov_stereo_left_optical,"[0.034718864498458735,-0.13729084120615231,0.3686092998399807]","[0.0,0.0,0.0,1.0]","[0.0025,0.0025,0.0025,1000000.0,1000000.0,1000000.0]",0.001008,338,1,"[16,17]","[0.252506,0.957669,1.330819]","[{""tag_id"":16,""target_match"":true,""family"":""tag25h9"",""hamming"":0,""decision_margin"":149.212036,""pixel_xy"":[812.864825,647.796876],""world_xy_yaw"":[0.240013,0.574488,0.053409],""pnp_valid"":true,""pnp_camera_xyz"":[0.309107,0.709847,1.290555],""pnp_camera_quat_xyzw"":[-0.061088,-0.013632,0.034039,0.997459],""pnp_camera_rpy_deg"":[-7.055262,-1.319984,3.990381],""pnp_reprojection_error_px"":0.06768},{""tag_id"":17,""target_match"":true,""family"":""tag25h9"",""hamming"":0,""decision_margin"":153.963242,""pixel_xy"":[820.300992,333.714251],""world_xy_yaw"":[0.252506,0.957669,1.330819],""pnp_valid"":true,""pnp_camera_xyz"":[0.322031,-0.034758,1.265026],""pnp_camera_quat_xyzw"":[-0.036966,-0.025631,0.616852,0.785793],""pnp_camera_rpy_deg"":[-5.147316,0.304997,76.250534],""pnp_reprojection_error_px"":0.064729}]",1,0.064729,153.963242,94.045223,,0,,0,,
2026-08-12T15:26:10.542464+00:00,21145.826117963,onboard_overhead_fish_dynamic,0,"[0.0,0.0,0.0,0.0]",0,0,0,0,,,,,,,,,,,,,,,,,,,,,,,,,,,,1,0.002274,227,1786548370.497025013,finsrov_stereo_left_optical,"[0.03359040298635613,-0.12963353108061482,0.37069618064990584]","[0.0,0.0,0.0,1.0]","[0.0025,0.0025,0.0025,1000000.0,1000000.0,1000000.0]",0.001244,340,1,"[16,17]","[0.25325,0.958283,1.332235]","[{""tag_id"":16,""target_match"":true,""family"":""tag25h9"",""hamming"":0,""decision_margin"":150.859573,""pixel_xy"":[812.677279,647.562154],""world_xy_yaw"":[0.239698,0.574774,0.053018],""pnp_valid"":true,""pnp_camera_xyz"":[0.310164,0.712554,1.29667],""pnp_camera_quat_xyzw"":[-0.068502,-0.009552,0.031242,0.997116],""pnp_camera_rpy_deg"":[-7.887091,-0.846199,3.647571],""pnp_reprojection_error_px"":0.026642},{""tag_id"":17,""target_match"":true,""family"":""tag25h9"",""hamming"":0,""decision_margin"":150.903503,""pixel_xy"":[820.74403,333.210937],""world_xy_yaw"":[0.25325,0.958283,1.332235],""pnp_valid"":true,""pnp_camera_xyz"":[0.32279,-0.035869,1.264003],""pnp_camera_quat_xyzw"":[-0.036529,-0.025393,0.617152,0.785585],""pnp_camera_rpy_deg"":[-5.090961,0.297454,76.292842],""pnp_reprojection_error_px"":0.069391}]",1,0.069391,150.903503,94.794593,,0,,0,,
2026-08-12T15:26:10.590763+00:00,21145.874428434,onboard_overhead_fish_dynamic,0,"[0.0,0.0,0.0,0.0]",0,0,0,0,,,,,,,,,,,,,,,,,,,,,,,,,,,,1,0.001153,228,1786548370.546949625,finsrov_stereo_left_optical,"[0.03240292461281524,-0.11536893323551134,0.37305105992366067]","[0.0,0.0,0.0,1.0]","[0.0025,0.0025,0.0025,1000000.0,1000000.0,1000000.0]",0.001002,341,1,"[16,17]","[0.253648,0.958527,1.332619]","[{""tag_id"":16,""target_match"":true,""family"":""tag25h9"",""hamming"":0,""decision_margin"":148.547562,""pixel_xy"":[812.578305,647.39264],""world_xy_yaw"":[0.239532,0.574981,0.056422],""pnp_valid"":true,""pnp_camera_xyz"":[0.310656,0.713614,1.29932],""pnp_camera_quat_xyzw"":[-0.069811,-0.0086,0.031341,0.997031],""pnp_camera_rpy_deg"":[-8.033885,-0.731902,3.652285],""pnp_reprojection_error_px"":0.036567},{""tag_id"":17,""target_match"":true,""family"":""tag25h9"",""hamming"":0,""decision_margin"":153.352112,""pixel_xy"":[820.980883,333.01032],""world_xy_yaw"":[0.253648,0.958527,1.332619],""pnp_valid"":true,""pnp_camera_xyz"":[0.323423,-0.036379,1.264501],""pnp_camera_quat_xyzw"":[-0.033537,-0.025821,0.617215,0.785655],""pnp_camera_rpy_deg"":[-4.851368,0.047301,76.304735],""pnp_reprojection_error_px"":0.047664}]",1,0.047664,153.352112,95.317325,,0,,0,,
2026-08-12T15:26:10.640390+00:00,21145.924059859,onboard_overhead_fish_dynamic,0,"[0.0,0.0,0.0,0.0]",0,0,0,0,,,,,,,,,,,,,,,,,,,,,,,,,,,,1,0.000900,229,1786548370.597054243,finsrov_stereo_left_optical,"[0.032682283447730553,-0.1110497963860907,0.37433589924717176]","[0.0,0.0,0.0,1.0]","[0.0025,0.0025,0.0025,1000000.0,1000000.0,1000000.0]",0.000461,343,1,"[16,17]","[0.254377,0.95882,1.331327]","[{""tag_id"":16,""target_match"":true,""family"":""tag25h9"",""hamming"":0,""decision_margin"":148.564362,""pixel_xy"":[812.420718,647.096116],""world_xy_yaw"":[0.239267,0.575343,0.06018],""pnp_valid"":true,""pnp_camera_xyz"":[0.312318,0.716962,1.306899],""pnp_camera_quat_xyzw"":[-0.069358,-0.008755,0.030712,0.997081],""pnp_camera_rpy_deg"":[-7.981906,-0.756253,3.581341],""pnp_reprojection_error_px"":0.127419},{""tag_id"":17,""target_match"":true,""family"":""tag25h9"",""hamming"":0,""decision_margin"":153.099426,""pixel_xy"":[821.414868,332.770665],""world_xy_yaw"":[0.254377,0.95882,1.331327],""pnp_valid"":true,""pnp_camera_xyz"":[0.324343,-0.036932,1.264193],""pnp_camera_quat_xyzw"":[-0.035454,-0.023716,0.617332,0.785545],""pnp_camera_rpy_deg"":[-4.875143,0.37318,76.309193],""pnp_reprojection_error_px"":0.043922}]",1,0.043922,153.099426,94.224363,,0,,0,,
2026-08-12T15:26:10.690418+00:00,21145.974086785,onboard_overhead_fish_dynamic,0,"[0.0,0.0,0.0,0.0]",0,0,0,0,,,,,,,,,,,,,,,,,,,,,,,,,,,,1,0.000886,230,1786548370.647031784,finsrov_stereo_left_optical,"[0.032811771262832856,-0.10338981372617395,0.377083563009353]","[0.0,0.0,0.0,1.0]","[0.0025,0.0025,0.0025,1000000.0,1000000.0,1000000.0]",0.000760,344,1,"[16,17]","[0.254703,0.958896,1.331284]","[{""tag_id"":16,""target_match"":true,""family"":""tag25h9"",""hamming"":0,""decision_margin"":147.878677,""pixel_xy"":[812.37759,646.965175],""world_xy_yaw"":[0.239194,0.575502,0.058508],""pnp_valid"":true,""pnp_camera_xyz"":[0.312716,0.717846,1.30915],""pnp_camera_quat_xyzw"":[-0.067412,-0.009025,0.030475,0.997219],""pnp_camera_rpy_deg"":[-7.759362,-0.795978,3.554817],""pnp_reprojection_error_px"":0.113829},{""tag_id"":17,""target_match"":true,""family"":""tag25h9"",""hamming"":0,""decision_margin"":154.159363,""pixel_xy"":[821.609098,332.708474],""world_xy_yaw"":[0.254703,0.958896,1.331284],""pnp_valid"":true,""pnp_camera_xyz"":[0.3247,-0.037102,1.263791],""pnp_camera_quat_xyzw"":[-0.036279,-0.024104,0.617616,0.785273],""pnp_camera_rpy_deg"":[-4.976837,0.398584,76.352642],""pnp_reprojection_error_px"":0.03839}]",1,0.03839,154.159363,93.998582,,0,,0,,
2026-08-12T15:26:10.742196+00:00,21146.025850827,onboard_overhead_fish_dynamic,0,"[0.0,0.0,0.0,0.0]",0,0,0,0,,,,,,,,,,,,,,,,,,,,,,,,,,,,1,0.002247,231,1786548370.697103977,finsrov_stereo_left_optical,"[0.032538694493342346,-0.10353926747070463,0.37776487404279674]","[0.0,0.0,0.0,1.0]","[0.0025,0.0025,0.0025,1000000.0,1000000.0,1000000.0]",0.001220,346,1,"[16,17]","[0.255268,0.959008,1.331272]","[{""tag_id"":16,""target_match"":true,""family"":""tag25h9"",""hamming"":0,""decision_margin"":149.67099,""pixel_xy"":[812.45829,646.719645],""world_xy_yaw"":[0.23933,0.575802,0.04715],""pnp_valid"":true,""pnp_camera_xyz"":[0.312314,0.716659,1.308074],""pnp_camera_quat_xyzw"":[-0.062972,-0.014854,0.031711,0.997401],""pnp_camera_rpy_deg"":[-7.273164,-1.469006,3.735472],""pnp_reprojection_error_px"":0.048372},{""tag_id"":17,""target_match"":true,""family"":""tag25h9"",""hamming"":0,""decision_margin"":152.381927,""pixel_xy"":[821.945441,332.616488],""world_xy_yaw"":[0.255268,0.959008,1.331272],""pnp_valid"":true,""pnp_camera_xyz"":[0.325357,-0.037287,1.263255],""pnp_camera_quat_xyzw"":[-0.039738,-0.021697,0.618287,0.784647],""pnp_camera_rpy_deg"":[-5.117611,0.864605,76.43622],""pnp_reprojection_error_px"":0.046513}]",1,0.046513,152.381927,92.013579,,0,,0,,
2026-08-12T15:26:10.791397+00:00,21146.075056481,onboard_overhead_fish_dynamic,0,"[0.0,0.0,0.0,0.0]",0,0,0,0,,,,,,,,,,,,,,,,,,,,,,,,,,,,1,0.001699,232,1786548370.747008562,finsrov_stereo_left_optical,"[0.03250770736072156,-0.1109544706604072,0.3767937727969004]","[0.0,0.0,0.0,1.0]","[0.0025,0.0025,0.0025,1000000.0,1000000.0,1000000.0]",0.001505,347,1,"[16,17]","[0.239276,0.5759,0.047455]","[{""tag_id"":16,""target_match"":true,""family"":""tag25h9"",""hamming"":0,""decision_margin"":150.862213,""pixel_xy"":[812.425974,646.639299],""world_xy_yaw"":[0.239276,0.5759,0.047455],""pnp_valid"":true,""pnp_camera_xyz"":[0.311762,0.715318,1.305866],""pnp_camera_quat_xyzw"":[-0.0623,-0.01479,0.031235,0.997459],""pnp_camera_rpy_deg"":[-7.195075,-1.467656,3.679486],""pnp_reprojection_error_px"":0.016106},{""tag_id"":17,""target_match"":true,""family"":""tag25h9"",""hamming"":0,""decision_margin"":150.521515,""pixel_xy"":[822.073814,332.634533],""world_xy_yaw"":[0.255484,0.958986,1.331969],""pnp_valid"":true,""pnp_camera_xyz"":[0.325799,-0.037237,1.263711],""pnp_camera_quat_xyzw"":[-0.039549,-0.021505,0.618352,0.784611],""pnp_camera_rpy_deg"":[-5.086871,0.868873,76.444697],""pnp_reprojection_error_px"":0.061196}]",1,0.016106,150.862213,94.029605,,0,,0,,
2026-08-12T15:26:10.841254+00:00,21146.124918418,onboard_overhead_fish_dynamic,0,"[0.0,0.0,0.0,0.0]",0,0,0,0,,,,,,,,,,,,,,,,,,,,,,,,,,,,1,0.001521,233,1786548370.796939611,finsrov_stereo_left_optical,"[0.027765023197399152,-0.12087383883451586,0.3736485219459813]","[0.0,0.0,0.0,1.0]","[0.0025,0.0025,0.0025,1000000.0,1000000.0,1000000.0]",0.000810,349,1,"[16,17]","[0.25596,0.958786,1.332755]","[{""tag_id"":16,""target_match"":true,""family"":""tag25h9"",""hamming"":0,""decision_margin"":148.294434,""pixel_xy"":[812.320041,646.595193],""world_xy_yaw"":[0.239098,0.575954,0.04794],""pnp_valid"":true,""pnp_camera_xyz"":[0.309236,0.709574,1.295744],""pnp_camera_quat_xyzw"":[-0.060773,-0.013391,0.029262,0.997633],""pnp_camera_rpy_deg"":[-7.011844,-1.327256,3.441451],""pnp_reprojection_error_px"":0.063011},{""tag_id"":17,""target_match"":true,""family"":""tag25h9"",""hamming"":0,""decision_margin"":151.351349,""pixel_xy"":[822.35697,332.798468],""world_xy_yaw"":[0.25596,0.958786,1.332755],""pnp_valid"":true,""pnp_camera_xyz"":[0.326473,-0.036862,1.263836],""pnp_camera_quat_xyzw"":[-0.04101,-0.020215,0.619114,0.783969],""pnp_camera_rpy_deg"":[-5.126189,1.093482,76.548589],""pnp_reprojection_error_px"":0.054804}]",1,0.054804,151.351349,94.544659,,0,,0,,
2026-08-12T15:26:10.891297+00:00,21146.174959394,onboard_overhead_fish_dynamic,0,"[0.0,0.0,0.0,0.0]",0,0,0,0,,,,,,,,,,,,,,,,,,,,,,,,,,,,1,0.001516,234,1786548370.847011089,finsrov_stereo_left_optical,"[0.02403971601215832,-0.1277608257354801,0.37125743210942175]","[0.0,0.0,0.0,1.0]","[0.0025,0.0025,0.0025,1000000.0,1000000.0,1000000.0]",0.001321,350,1,"[16,17]","[0.256154,0.958759,1.334158]","[{""tag_id"":16,""target_match"":true,""family"":""tag25h9"",""hamming"":0,""decision_margin"":148.708603,""pixel_xy"":[812.329069,646.536084],""world_xy_yaw"":[0.239113,0.576026,0.04598],""pnp_valid"":true,""pnp_camera_xyz"":[0.308101,0.70709,1.291254],""pnp_camera_quat_xyzw"":[-0.060605,-0.012528,0.028807,0.997667],""pnp_camera_rpy_deg"":[-6.988884,-1.23228,3.383104],""pnp_reprojection_error_px"":0.011177},{""tag_id"":17,""target_match"":true,""family"":""tag25h9"",""hamming"":0,""decision_margin"":154.180069,""pixel_xy"":[822.472373,332.820201],""world_xy_yaw"":[0.256154,0.958759,1.334158],""pnp_valid"":true,""pnp_camera_xyz"":[0.326782,-0.036814,1.264069],""pnp_camera_quat_xyzw"":[-0.040437,-0.020469,0.619569,0.783633],""pnp_camera_rpy_deg"":[-5.091891,1.032853,76.616472],""pnp_reprojection_error_px"":0.049035}]",1,0.049035,154.180069,94.796581,,0,,0,,
2026-08-12T15:26:10.941911+00:00,21146.225568853,onboard_overhead_fish_dynamic,0,"[0.0,0.0,0.0,0.0]",0,0,0,0,,,,,,,,,,,,,,,,,,,,,,,,,,,,1,0.002050,235,1786548370.897032499,finsrov_stereo_left_optical,"[0.02045712944430289,-0.13563465848466583,0.3684292637986037]","[0.0,0.0,0.0,1.0]","[0.0025,0.0025,0.0025,1000000.0,1000000.0,1000000.0]",0.001110,352,1,"[16,17]","[0.238896,0.57599,0.044401]","[{""tag_id"":16,""target_match"":true,""family"":""tag25h9"",""hamming"":0,""decision_margin"":149.599319,""pixel_xy"":[812.199908,646.56568],""world_xy_yaw"":[0.238896,0.57599,0.044401],""pnp_valid"":true,""pnp_camera_xyz"":[0.306579,0.704439,1.286157],""pnp_camera_quat_xyzw"":[-0.060666,-0.015316,0.029417,0.997607],""pnp_camera_rpy_deg"":[-7.006841,-1.546608,3.472788],""pnp_reprojection_error_px"":0.033528},{""tag_id"":17,""target_match"":true,""family"":""tag25h9"",""hamming"":0,""decision_margin"":149.544708,""pixel_xy"":[822.628587,332.684756],""world_xy_yaw"":[0.256416,0.958925,1.338486],""pnp_valid"":true,""pnp_camera_xyz"":[0.32703,-0.037102,1.263367],""pnp_camera_quat_xyzw"":[-0.040054,-0.023193,0.620575,0.78278],""pnp_camera_rpy_deg"":[-5.249989,0.767918,76.77834],""pnp_reprojection_error_px"":0.075769}]",1,0.033528,149.599319,94.649756,,0,,0,,
2026-08-12T15:26:10.992218+00:00,21146.275871892,onboard_overhead_fish_dynamic,0,"[0.0,0.0,0.0,0.0]",0,0,0,0,,,,,,,,,,,,,,,,,,,,,,,,,,,,1,0.002216,236,1786548370.947000265,finsrov_stereo_left_optical,"[0.020237410816766443,-0.13745332831796153,0.36769717607267544]","[0.0,0.0,0.0,1.0]","[0.0025,0.0025,0.0025,1000000.0,1000000.0,1000000.0]",0.001961,353,1,"[16,17]","[0.256624,0.958971,1.340618]","[{""tag_id"":16,""target_match"":true,""family"":""tag25h9"",""hamming"":0,""decision_margin"":148.314453,""pixel_xy"":[812.077085,646.652529],""world_xy_yaw"":[0.238689,0.575884,0.043036],""pnp_valid"":true,""pnp_camera_xyz"":[0.306696,0.7056,1.288082],""pnp_camera_quat_xyzw"":[-0.061442,-0.015807,0.029574,0.997547],""pnp_camera_rpy_deg"":[-7.097876,-1.598852,3.495434],""pnp_reprojection_error_px"":0.015273},{""tag_id"":17,""target_match"":true,""family"":""tag25h9"",""hamming"":0,""decision_margin"":150.234406,""pixel_xy"":[822.75227,332.646836],""world_xy_yaw"":[0.256624,0.958971,1.340618],""pnp_valid"":true,""pnp_camera_xyz"":[0.327306,-0.037226,1.26337],""pnp_camera_quat_xyzw"":[-0.038881,-0.023726,0.621501,0.782088],""pnp_camera_rpy_deg"":[-5.181639,0.642746,76.917103],""pnp_reprojection_error_px"":0.065537}]",1,0.065537,150.234406,95.425701,,0,,0,,
2026-08-12T15:26:11.042211+00:00,21146.325865438,onboard_overhead_fish_dynamic,0,"[0.0,0.0,0.0,0.0]",0,0,0,0,,,,,,,,,,,,,,,,,,,,,,,,,,,,1,0.002257,237,1786548370.996977568,finsrov_stereo_left_optical,"[0.020836650845726,-0.12330579426858235,0.3714747431827208]","[0.0,0.0,0.0,1.0]","[0.0025,0.0025,0.0025,1000000.0,1000000.0,1000000.0]",0.001218,355,1,"[16,17]","[0.238176,0.575809,0.046681]","[{""tag_id"":16,""target_match"":true,""family"":""tag25h9"",""hamming"":0,""decision_margin"":150.312866,""pixel_xy"":[811.771599,646.714131],""world_xy_yaw"":[0.238176,0.575809,0.046681],""pnp_valid"":true,""pnp_camera_xyz"":[0.309296,0.713626,1.302252],""pnp_camera_quat_xyzw"":[-0.069698,-0.005936,0.026751,0.997192],""pnp_camera_rpy_deg"":[-8.008925,-0.464676,3.105863],""pnp_reprojection_error_px"":0.04935},{""tag_id"":17,""target_match"":true,""family"":""tag25h9"",""hamming"":0,""decision_margin"":149.665192,""pixel_xy"":[823.034453,332.667917],""world_xy_yaw"":[0.257098,0.958945,1.341448],""pnp_valid"":true,""pnp_camera_xyz"":[0.327889,-0.03721,1.263146],""pnp_camera_quat_xyzw"":[-0.038939,-0.023744,0.622179,0.781546],""pnp_camera_rpy_deg"":[-5.187633,0.649749,77.016277],""pnp_reprojection_error_px"":0.057064}]",1,0.04935,150.312866,95.068784,,0,,0,,
2026-08-12T15:26:11.092274+00:00,21146.375928783,onboard_overhead_fish_dynamic,0,"[0.0,0.0,0.0,0.0]",0,0,0,0,,,,,,,,,,,,,,,,,,,,,,,,,,,,1,0.002230,238,1786548371.047004223,finsrov_stereo_left_optical,"[0.02046708207243675,-0.10667235711442324,0.37513317243951394]","[0.0,0.0,0.0,1.0]","[0.0025,0.0025,0.0025,1000000.0,1000000.0,1000000.0]",0.001960,356,1,"[16,17]","[0.257357,0.958922,1.342497]","[{""tag_id"":16,""target_match"":true,""family"":""tag25h9"",""hamming"":0,""decision_margin"":146.808395,""pixel_xy"":[811.603647,646.825589],""world_xy_yaw"":[0.237894,0.575673,0.050203],""pnp_valid"":true,""pnp_camera_xyz"":[0.309816,0.715693,1.305664],""pnp_camera_quat_xyzw"":[-0.071575,-0.001789,0.025193,0.997115],""pnp_camera_rpy_deg"":[-8.211456,0.002184,2.894442],""pnp_reprojection_error_px"":0.02041},{""tag_id"":17,""target_match"":true,""family"":""tag25h9"",""hamming"":0,""decision_margin"":149.602036,""pixel_xy"":[823.18873,332.68662],""world_xy_yaw"":[0.257357,0.958922,1.342497],""pnp_valid"":true,""pnp_camera_xyz"":[0.328249,-0.037161,1.263171],""pnp_camera_quat_xyzw"":[-0.038584,-0.024069,0.622457,0.781331],""pnp_camera_rpy_deg"":[-5.178694,0.597192,77.059031],""pnp_reprojection_error_px"":0.055513}]",1,0.055513,149.602036,94.445157,,0,,0,,
2026-08-12T15:26:11.142308+00:00,21146.425963569,onboard_overhead_fish_dynamic,0,"[0.0,0.0,0.0,0.0]",0,0,0,0,,,,,,,,,,,,,,,,,,,,,,,,,,,,1,0.002251,239,1786548371.096948147,finsrov_stereo_left_optical,"[0.015705717378157236,-0.10730402395763439,0.3759673886737919]","[0.0,0.0,0.0,1.0]","[0.0025,0.0025,0.0025,1000000.0,1000000.0,1000000.0]",0.001222,358,1,"[16,17]","[0.258022,0.959174,1.34329]","[{""tag_id"":16,""target_match"":true,""family"":""tag25h9"",""hamming"":0,""decision_margin"":148.460464,""pixel_xy"":[811.349973,647.063691],""world_xy_yaw"":[0.237468,0.575382,0.047157],""pnp_valid"":true,""pnp_camera_xyz"":[0.30779,0.712308,1.298871],""pnp_camera_quat_xyzw"":[-0.067751,-0.00824,0.024828,0.997359],""pnp_camera_rpy_deg"":[-7.791234,-0.749009,2.903001],""pnp_reprojection_error_px"":0.131032},{""tag_id"":17,""target_match"":true,""family"":""tag25h9"",""hamming"":0,""decision_margin"":148.824188,""pixel_xy"":[823.584348,332.480603],""world_xy_yaw"":[0.258022,0.959174,1.34329],""pnp_valid"":true,""pnp_camera_xyz"":[0.329055,-0.03761,1.262959],""pnp_camera_quat_xyzw"":[-0.038377,-0.023886,0.622688,0.781164],""pnp_camera_rpy_deg"":[-5.146873,0.600277,77.091715],""pnp_reprojection_error_px"":0.034308}]",1,0.034308,148.824188,92.91021,,0,,0,,
2026-08-12T15:26:11.192200+00:00,21146.475854259,onboard_overhead_fish_dynamic,0,"[0.0,0.0,0.0,0.0]",0,0,0,0,,,,,,,,,,,,,,,,,,,,,,,,,,,,1,0.002243,240,1786548371.146985531,finsrov_stereo_left_optical,"[0.014553162891749849,-0.11279471252437423,0.3748357497965214]","[0.0,0.0,0.0,1.0]","[0.0025,0.0025,0.0025,1000000.0,1000000.0,1000000.0]",0.001974,359,1,"[16,17]","[0.237286,0.575341,0.046362]","[{""tag_id"":16,""target_match"":true,""family"":""tag25h9"",""hamming"":0,""decision_margin"":150.193115,""pixel_xy"":[811.24151,647.097516],""world_xy_yaw"":[0.237286,0.575341,0.046362],""pnp_valid"":true,""pnp_camera_xyz"":[0.307113,0.711237,1.296789],""pnp_camera_quat_xyzw"":[-0.066215,-0.012746,0.025857,0.997389],""pnp_camera_rpy_deg"":[-7.630035,-1.260624,3.054172],""pnp_reprojection_error_px"":0.160724},{""tag_id"":17,""target_match"":true,""family"":""tag25h9"",""hamming"":0,""decision_margin"":148.6315,""pixel_xy"":[823.73608,332.289026],""world_xy_yaw"":[0.258277,0.959407,1.342546],""pnp_valid"":true,""pnp_camera_xyz"":[0.329488,-0.038097,1.263022],""pnp_camera_quat_xyzw"":[-0.040104,-0.02309,0.622924,0.780912],""pnp_camera_rpy_deg"":[-5.244778,0.796481,77.121363],""pnp_reprojection_error_px"":0.05945}]",1,0.160724,150.193115,94.024281,,0,,0,,
2026-08-12T15:26:11.241063+00:00,21146.524732739,onboard_overhead_fish_dynamic,0,"[0.0,0.0,0.0,0.0]",0,0,0,0,,,,,,,,,,,,,,,,,,,,,,,,,,,,1,0.001279,241,1786548371.197219133,finsrov_stereo_left_optical,"[0.01429291925736359,-0.11723312490793736,0.37453589883770894]","[0.0,0.0,0.0,1.0]","[0.0025,0.0025,0.0025,1000000.0,1000000.0,1000000.0]",0.000538,361,1,"[16,17]","[0.258999,0.959746,1.343384]","[{""tag_id"":16,""target_match"":true,""family"":""tag25h9"",""hamming"":0,""decision_margin"":150.29805,""pixel_xy"":[811.233369,647.17459],""world_xy_yaw"":[0.237272,0.575247,0.04397],""pnp_valid"":true,""pnp_camera_xyz"":[0.307781,0.713451,1.300587],""pnp_camera_quat_xyzw"":[-0.065014,-0.010756,0.026116,0.997485],""pnp_camera_rpy_deg"":[-7.485953,-1.034944,3.067261],""pnp_reprojection_error_px"":0.114087},{""tag_id"":17,""target_match"":true,""family"":""tag25h9"",""hamming"":0,""decision_margin"":151.914108,""pixel_xy"":[824.166068,332.011539],""world_xy_yaw"":[0.258999,0.959746,1.343384],""pnp_valid"":true,""pnp_camera_xyz"":[0.330321,-0.038707,1.262594],""pnp_camera_quat_xyzw"":[-0.039018,-0.02301,0.62306,0.780861],""pnp_camera_rpy_deg"":[-5.141466,0.726869,77.141084],""pnp_reprojection_error_px"":0.037335}]",1,0.037335,151.914108,92.09419,,0,,0,,
2026-08-12T15:26:11.291262+00:00,21146.574925438,onboard_overhead_fish_dynamic,0,"[0.0,0.0,0.0,0.0]",0,0,0,0,,,,,,,,,,,,,,,,,,,,,,,,,,,,1,0.001512,242,1786548371.247026920,finsrov_stereo_left_optical,"[0.0149804544987166,-0.11449389068817017,0.3767342129999858]","[0.0,0.0,0.0,1.0]","[0.0025,0.0025,0.0025,1000000.0,1000000.0,1000000.0]",0.001318,362,1,"[16,17]","[0.259279,0.959887,1.343443]","[{""tag_id"":16,""target_match"":true,""family"":""tag25h9"",""hamming"":0,""decision_margin"":147.995392,""pixel_xy"":[811.311978,647.179534],""world_xy_yaw"":[0.237404,0.575241,0.037793],""pnp_valid"":true,""pnp_camera_xyz"":[0.308186,0.7144,1.30236],""pnp_camera_quat_xyzw"":[-0.064378,-0.011959,0.025986,0.997516],""pnp_camera_rpy_deg"":[-7.416665,-1.175323,3.060718],""pnp_reprojection_error_px"":0.129872},{""tag_id"":17,""target_match"":true,""family"":""tag25h9"",""hamming"":0,""decision_margin"":148.853867,""pixel_xy"":[824.332669,331.89553],""world_xy_yaw"":[0.259279,0.959887,1.343443],""pnp_valid"":true,""pnp_camera_xyz"":[0.331054,-0.038971,1.263911],""pnp_camera_quat_xyzw"":[-0.038736,-0.021927,0.622868,0.78106],""pnp_camera_rpy_deg"":[-5.038987,0.802337,77.107014],""pnp_reprojection_error_px"":0.046766}]",1,0.046766,148.853867,92.778985,,0,,0,,
2026-08-12T15:26:11.341739+00:00,21146.625398514,onboard_overhead_fish_dynamic,0,"[0.0,0.0,0.0,0.0]",0,0,0,0,,,,,,,,,,,,,,,,,,,,,,,,,,,,1,0.001883,243,1786548371.297463179,finsrov_stereo_left_optical,"[0.013100491403050418,-0.11832206502693021,0.37767741679833383]","[0.0,0.0,0.0,1.0]","[0.0025,0.0025,0.0025,1000000.0,1000000.0,1000000.0]",0.001018,364,1,"[16,17]","[0.259826,0.960243,1.345388]","[{""tag_id"":16,""target_match"":true,""family"":""tag25h9"",""hamming"":0,""decision_margin"":148.407242,""pixel_xy"":[811.282264,647.031342],""world_xy_yaw"":[0.237354,0.575422,0.030904],""pnp_valid"":true,""pnp_camera_xyz"":[0.307619,0.712656,1.299814],""pnp_camera_quat_xyzw"":[-0.064049,-0.019961,0.025441,0.997423],""pnp_camera_rpy_deg"":[-7.404263,-2.095214,3.057836],""pnp_reprojection_error_px"":0.116994},{""tag_id"":17,""target_match"":true,""family"":""tag25h9"",""hamming"":0,""decision_margin"":150.585327,""pixel_xy"":[824.658095,331.60386],""world_xy_yaw"":[0.259826,0.960243,1.345388],""pnp_valid"":true,""pnp_camera_xyz"":[0.33164,-0.039606,1.263141],""pnp_camera_quat_xyzw"":[-0.040106,-0.021136,0.623711,0.78034],""pnp_camera_rpy_deg"":[-5.104391,0.976559,77.225827],""pnp_reprojection_error_px"":0.063544}]",1,0.063544,150.585327,93.341108,,0,,0,,
2026-08-12T15:26:11.392023+00:00,21146.675679837,onboard_overhead_fish_dynamic,0,"[0.0,0.0,0.0,0.0]",0,0,0,0,,,,,,,,,,,,,,,,,,,,,,,,,,,,1,0.002056,244,1786548371.346971512,finsrov_stereo_left_optical,"[0.011269078600999682,-0.11704029370342262,0.3770932027593696]","[0.0,0.0,0.0,1.0]","[0.0025,0.0025,0.0025,1000000.0,1000000.0,1000000.0]",0.001802,365,1,"[16,17]","[0.260096,0.96027,1.348126]","[{""tag_id"":16,""target_match"":true,""family"":""tag25h9"",""hamming"":0,""decision_margin"":149.873978,""pixel_xy"":[811.230212,646.97936],""world_xy_yaw"":[0.237267,0.575485,0.033363],""pnp_valid"":true,""pnp_camera_xyz"":[0.307248,0.71179,1.298463],""pnp_camera_quat_xyzw"":[-0.065407,-0.020891,0.026223,0.997295],""pnp_camera_rpy_deg"":[-7.565097,-2.191444,3.157306],""pnp_reprojection_error_px"":0.121227},{""tag_id"":17,""target_match"":true,""family"":""tag25h9"",""hamming"":0,""decision_margin"":152.880798,""pixel_xy"":[824.818931,331.581633],""world_xy_yaw"":[0.260096,0.96027,1.348126],""pnp_valid"":true,""pnp_camera_xyz"":[0.331878,-0.039575,1.262563],""pnp_camera_quat_xyzw"":[-0.039484,-0.022127,0.623991,0.78012],""pnp_camera_rpy_deg"":[-5.119239,0.845293,77.272425],""pnp_reprojection_error_px"":0.087018}]",1,0.087018,152.880798,93.503538,,0,,0,,
2026-08-12T15:26:11.441971+00:00,21146.725627483,onboard_overhead_fish_dynamic,0,"[0.0,0.0,0.0,0.0]",0,0,0,0,,,,,,,,,,,,,,,,,,,,,,,,,,,,1,0.002036,245,1786548371.396931410,finsrov_stereo_left_optical,"[0.010608521365578827,-0.1173961423411316,0.37605924030091104]","[0.0,0.0,0.0,1.0]","[0.0025,0.0025,0.0025,1000000.0,1000000.0,1000000.0]",0.001106,367,1,"[16,17]","[0.260868,0.959832,1.349618]","[{""tag_id"":16,""target_match"":true,""family"":""tag25h9"",""hamming"":0,""decision_margin"":150.179962,""pixel_xy"":[811.087939,646.924376],""world_xy_yaw"":[0.237028,0.575552,0.037758],""pnp_valid"":true,""pnp_camera_xyz"":[0.306469,0.710996,1.297024],""pnp_camera_quat_xyzw"":[-0.066726,-0.015376,0.026666,0.997296],""pnp_camera_rpy_deg"":[-7.698503,-1.553513,3.167836],""pnp_reprojection_error_px"":0.068966},{""tag_id"":17,""target_match"":true,""family"":""tag25h9"",""hamming"":0,""decision_margin"":151.604248,""pixel_xy"":[825.278509,331.941137],""world_xy_yaw"":[0.260868,0.959832,1.349618],""pnp_valid"":true,""pnp_camera_xyz"":[0.333028,-0.038787,1.262977],""pnp_camera_quat_xyzw"":[-0.042419,-0.023803,0.624959,0.77914],""pnp_camera_rpy_deg"":[-5.501095,0.912729,77.423333],""pnp_reprojection_error_px"":0.068851}]",1,0.068851,151.604248,94.908105,,0,,0,,
2026-08-12T15:26:11.491773+00:00,21146.775433003,onboard_overhead_fish_dynamic,0,"[0.0,0.0,0.0,0.0]",0,0,0,0,,,,,,,,,,,,,,,,,,,,,,,,,,,,1,0.001880,246,1786548371.446987629,finsrov_stereo_left_optical,"[0.011015557725086167,-0.11597787872191034,0.375158050835039]","[0.0,0.0,0.0,1.0]","[0.0025,0.0025,0.0025,1000000.0,1000000.0,1000000.0]",0.001654,368,1,"[16,17]","[0.261182,0.959783,1.348858]","[{""tag_id"":16,""target_match"":true,""family"":""tag25h9"",""hamming"":0,""decision_margin"":150.852188,""pixel_xy"":[810.968092,646.824227],""world_xy_yaw"":[0.236826,0.575674,0.037723],""pnp_valid"":true,""pnp_camera_xyz"":[0.305495,0.709137,1.293723],""pnp_camera_quat_xyzw"":[-0.063977,-0.017157,0.026553,0.997451],""pnp_camera_rpy_deg"":[-7.388689,-1.766626,3.163852],""pnp_reprojection_error_px"":0.028757},{""tag_id"":17,""target_match"":true,""family"":""tag25h9"",""hamming"":0,""decision_margin"":151.330658,""pixel_xy"":[825.465449,331.980871],""world_xy_yaw"":[0.261182,0.959783,1.348858],""pnp_valid"":true,""pnp_camera_xyz"":[0.333497,-0.038768,1.263241],""pnp_camera_quat_xyzw"":[-0.042382,-0.025116,0.625007,0.779063],""pnp_camera_rpy_deg"":[-5.591814,0.793263,77.438203],""pnp_reprojection_error_px"":0.040302}]",1,0.040302,151.330658,94.629844,,0,,0,,
2026-08-12T15:26:11.542284+00:00,21146.825939311,onboard_overhead_fish_dynamic,0,"[0.0,0.0,0.0,0.0]",0,0,0,0,,,,,,,,,,,,,,,,,,,,,,,,,,,,1,0.002263,247,1786548371.496919394,finsrov_stereo_left_optical,"[0.003327746334210846,-0.11852261209185244,0.3758241649226163]","[0.0,0.0,0.0,1.0]","[0.0025,0.0025,0.0025,1000000.0,1000000.0,1000000.0]",0.001212,370,1,"[16,17]","[0.261449,0.960445,1.356003]","[{""tag_id"":16,""target_match"":true,""family"":""tag25h9"",""hamming"":0,""decision_margin"":151.02597,""pixel_xy"":[810.816169,646.693141],""world_xy_yaw"":[0.236571,0.575834,0.039418],""pnp_valid"":true,""pnp_camera_xyz"":[0.305826,0.710087,1.295708],""pnp_camera_quat_xyzw"":[-0.060381,-0.01649,0.024601,0.997736],""pnp_camera_rpy_deg"":[-6.970278,-1.715388,2.929374],""pnp_reprojection_error_px"":0.148752},{""tag_id"":17,""target_match"":true,""family"":""tag25h9"",""hamming"":0,""decision_margin"":153.149719,""pixel_xy"":[825.624499,331.438487],""world_xy_yaw"":[0.261449,0.960445,1.356003],""pnp_valid"":true,""pnp_camera_xyz"":[0.33367,-0.039996,1.262389],""pnp_camera_quat_xyzw"":[-0.040471,-0.027671,0.627013,0.777465],""pnp_camera_rpy_deg"":[-5.602839,0.442618,77.749569],""pnp_reprojection_error_px"":0.053028}]",1,0.053028,153.149719,95.095604,,0,,0,,
2026-08-12T15:26:11.591993+00:00,21146.875649174,onboard_overhead_fish_dynamic,0,"[0.0,0.0,0.0,0.0]",0,0,0,0,,,,,,,,,,,,,,,,,,,,,,,,,,,,1,0.002045,248,1786548371.547002554,finsrov_stereo_left_optical,"[0.00633601596905603,-0.12602000797545243,0.37538589754672586]","[0.0,0.0,0.0,1.0]","[0.0025,0.0025,0.0025,1000000.0,1000000.0,1000000.0]",0.001800,371,1,"[16,17]","[0.261588,0.960613,1.356867]","[{""tag_id"":16,""target_match"":true,""family"":""tag25h9"",""hamming"":0,""decision_margin"":150.383987,""pixel_xy"":[810.818013,646.687424],""world_xy_yaw"":[0.236574,0.575841,0.039409],""pnp_valid"":true,""pnp_camera_xyz"":[0.306787,0.712418,1.300078],""pnp_camera_quat_xyzw"":[-0.062358,-0.012545,0.02343,0.9977],""pnp_camera_rpy_deg"":[-7.183447,-1.266902,2.770128],""pnp_reprojection_error_px"":0.110121},{""tag_id"":17,""target_match"":true,""family"":""tag25h9"",""hamming"":0,""decision_margin"":152.942657,""pixel_xy"":[825.707057,331.300774],""world_xy_yaw"":[0.261588,0.960613,1.356867],""pnp_valid"":true,""pnp_camera_xyz"":[0.333858,-0.040315,1.262556],""pnp_camera_quat_xyzw"":[-0.040301,-0.026362,0.627597,0.777047],""pnp_camera_rpy_deg"":[-5.49305,0.551008,77.827069],""pnp_reprojection_error_px"":0.038161}]",1,0.038161,152.942657,95.277469,,0,,0,,
2026-08-12T15:26:11.642038+00:00,21146.925695458,onboard_overhead_fish_dynamic,0,"[0.0,0.0,0.0,0.0]",0,0,0,0,,,,,,,,,,,,,,,,,,,,,,,,,,,,1,0.002037,249,1786548371.597065210,finsrov_stereo_left_optical,"[0.006191334061428966,-0.11867097853525643,0.37755576783883793]","[0.0,0.0,0.0,1.0]","[0.0025,0.0025,0.0025,1000000.0,1000000.0,1000000.0]",0.001102,373,1,"[16,17]","[0.261616,0.960769,1.355374]","[{""tag_id"":16,""target_match"":true,""family"":""tag25h9"",""hamming"":0,""decision_margin"":151.071762,""pixel_xy"":[810.909514,646.672389],""world_xy_yaw"":[0.236728,0.57586,0.037487],""pnp_valid"":true,""pnp_camera_xyz"":[0.308258,0.715926,1.306501],""pnp_camera_quat_xyzw"":[-0.071328,-0.0085,0.023259,0.997145],""pnp_camera_rpy_deg"":[-8.201686,-0.78119,2.728417],""pnp_reprojection_error_px"":0.068659},{""tag_id"":17,""target_match"":true,""family"":""tag25h9"",""hamming"":0,""decision_margin"":153.017288,""pixel_xy"":[825.723686,331.173308],""world_xy_yaw"":[0.261616,0.960769,1.355374],""pnp_valid"":true,""pnp_camera_xyz"":[0.334114,-0.040648,1.263408],""pnp_camera_quat_xyzw"":[-0.040904,-0.02493,0.627426,0.777201],""pnp_camera_rpy_deg"":[-5.443972,0.72064,77.792819],""pnp_reprojection_error_px"":0.033073}]",1,0.033073,153.017288,94.848524,,0,,0,,
2026-08-12T15:26:11.691298+00:00,21146.974963839,onboard_overhead_fish_dynamic,0,"[0.0,0.0,0.0,0.0]",0,0,0,0,,,,,,,,,,,,,,,,,,,,,,,,,,,,1,0.001391,250,1786548371.647029400,finsrov_stereo_left_optical,"[0.008075671986135347,-0.09928575857735433,0.38071374408649855]","[0.0,0.0,0.0,1.0]","[0.0025,0.0025,0.0025,1000000.0,1000000.0,1000000.0]",0.001194,374,1,"[16,17]","[0.261569,0.960843,1.354928]","[{""tag_id"":16,""target_match"":true,""family"":""tag25h9"",""hamming"":0,""decision_margin"":148.364014,""pixel_xy"":[810.90863,646.675844],""world_xy_yaw"":[0.236726,0.575855,0.038228],""pnp_valid"":true,""pnp_camera_xyz"":[0.307895,0.715225,1.305112],""pnp_camera_quat_xyzw"":[-0.073357,-0.009009,0.024196,0.996971],""pnp_camera_rpy_deg"":[-8.436963,-0.825837,2.841499],""pnp_reprojection_error_px"":0.092909},{""tag_id"":17,""target_match"":true,""family"":""tag25h9"",""hamming"":0,""decision_margin"":153.30748,""pixel_xy"":[825.6958,331.112314],""world_xy_yaw"":[0.261569,0.960843,1.354928],""pnp_valid"":true,""pnp_camera_xyz"":[0.334167,-0.040792,1.263852],""pnp_camera_quat_xyzw"":[-0.040776,-0.024143,0.627279,0.777352],""pnp_camera_rpy_deg"":[-5.376103,0.780413,77.76646],""pnp_reprojection_error_px"":0.037007}]",1,0.037007,153.30748,95.47517,,0,,0,,
2026-08-12T15:26:11.741959+00:00,21147.025630075,onboard_overhead_fish_dynamic,0,"[0.0,0.0,0.0,0.0]",0,0,0,0,,,,,,,,,,,,,,,,,,,,,,,,,,,,1,0.002061,251,1786548371.697107315,finsrov_stereo_left_optical,"[0.00898916826618662,-0.09811895164056428,0.3804273076920394]","[0.0,0.0,0.0,1.0]","[0.0025,0.0025,0.0025,1000000.0,1000000.0,1000000.0]",0.001053,376,1,"[16,17]","[0.261333,0.960917,1.352749]","[{""tag_id"":16,""target_match"":true,""family"":""tag25h9"",""hamming"":0,""decision_margin"":150.094025,""pixel_xy"":[810.796154,646.623586],""world_xy_yaw"":[0.236538,0.575919,0.038659],""pnp_valid"":true,""pnp_camera_xyz"":[0.305332,0.709094,1.294376],""pnp_camera_quat_xyzw"":[-0.070923,-0.018163,0.026229,0.996971],""pnp_camera_rpy_deg"":[-8.189284,-1.862202,3.14739],""pnp_reprojection_error_px"":0.078765},{""tag_id"":17,""target_match"":true,""family"":""tag25h9"",""hamming"":0,""decision_margin"":156.914566,""pixel_xy"":[825.555592,331.05197],""world_xy_yaw"":[0.261333,0.960917,1.352749],""pnp_valid"":true,""pnp_camera_xyz"":[0.33406,-0.04092,1.264593],""pnp_camera_quat_xyzw"":[-0.042377,-0.021572,0.626735,0.77778],""pnp_camera_rpy_deg"":[-5.334943,1.120944,77.671515],""pnp_reprojection_error_px"":0.054986}]",1,0.054986,156.914566,94.026849,,0,,0,,
2026-08-12T15:26:11.790311+00:00,21147.073979189,onboard_overhead_fish_dynamic,0,"[0.0,0.0,0.0,0.0]",0,0,0,0,,,,,,,,,,,,,,,,,,,,,,,,,,,,1,0.000892,252,1786548371.746962547,finsrov_stereo_left_optical,"[0.007839176842370343,-0.11374194701802309,0.3762227350765382]","[0.0,0.0,0.0,1.0]","[0.0025,0.0025,0.0025,1000000.0,1000000.0,1000000.0]",0.000764,377,1,"[16,17]","[0.261116,0.960989,1.352074]","[{""tag_id"":16,""target_match"":true,""family"":""tag25h9"",""hamming"":0,""decision_margin"":150.588257,""pixel_xy"":[810.822472,646.632509],""world_xy_yaw"":[0.236582,0.575908,0.035143],""pnp_valid"":true,""pnp_camera_xyz"":[0.304411,0.706703,1.290163],""pnp_camera_quat_xyzw"":[-0.06918,-0.020326,0.02556,0.99707],""pnp_camera_rpy_deg"":[-7.995071,-2.120201,3.085147],""pnp_reprojection_error_px"":0.074175},{""tag_id"":17,""target_match"":true,""family"":""tag25h9"",""hamming"":0,""decision_margin"":152.659348,""pixel_xy"":[825.426227,330.992776],""world_xy_yaw"":[0.261116,0.960989,1.352074],""pnp_valid"":true,""pnp_camera_xyz"":[0.333766,-0.041067,1.264519],""pnp_camera_quat_xyzw"":[-0.042901,-0.022072,0.626486,0.777938],""pnp_camera_rpy_deg"":[-5.418078,1.112355,77.637451],""pnp_reprojection_error_px"":0.058898}]",1,0.058898,152.659348,93.80813,,0,,0,,
2026-08-12T15:26:11.841913+00:00,21147.125570006,onboard_overhead_fish_dynamic,0,"[0.0,0.0,0.0,0.0]",0,0,0,0,,,,,,,,,,,,,,,,,,,,,,,,,,,,1,0.002098,253,1786548371.797060490,finsrov_stereo_left_optical,"[0.005600003883311333,-0.12064996897937974,0.3745707423579624]","[0.0,0.0,0.0,1.0]","[0.0025,0.0025,0.0025,1000000.0,1000000.0,1000000.0]",0.001160,379,1,"[16,17]","[0.236668,0.576193,0.034371]","[{""tag_id"":16,""target_match"":true,""family"":""tag25h9"",""hamming"":0,""decision_margin"":152.971725,""pixel_xy"":[810.873567,646.3992],""world_xy_yaw"":[0.236668,0.576193,0.034371],""pnp_valid"":true,""pnp_camera_xyz"":[0.30559,0.709322,1.295461],""pnp_camera_quat_xyzw"":[-0.074942,-0.011496,0.022881,0.996859],""pnp_camera_rpy_deg"":[-8.625051,-1.116736,2.714029],""pnp_reprojection_error_px"":0.103383},{""tag_id"":17,""target_match"":true,""family"":""tag25h9"",""hamming"":0,""decision_margin"":151.737808,""pixel_xy"":[825.129927,330.980426],""world_xy_yaw"":[0.260618,0.961004,1.35161],""pnp_valid"":true,""pnp_camera_xyz"":[0.333091,-0.041085,1.264374],""pnp_camera_quat_xyzw"":[-0.043947,-0.02127,0.626423,0.777953],""pnp_camera_rpy_deg"":[-5.454141,1.258595,77.623422],""pnp_reprojection_error_px"":0.078329}]",1,0.103383,152.971725,93.254483,,0,,0,,
2026-08-12T15:26:11.891917+00:00,21147.175574376,onboard_overhead_fish_dynamic,0,"[0.0,0.0,0.0,0.0]",0,0,0,0,,,,,,,,,,,,,,,,,,,,,,,,,,,,1,0.002088,254,1786548371.846982241,finsrov_stereo_left_optical,"[0.0050959443539780325,-0.106522512793218,0.3764780968975627]","[0.0,0.0,0.0,1.0]","[0.0025,0.0025,0.0025,1000000.0,1000000.0,1000000.0]",0.001852,380,1,"[16,17]","[0.236792,0.576236,0.03459]","[{""tag_id"":16,""target_match"":true,""family"":""tag25h9"",""hamming"":0,""decision_margin"":152.128281,""pixel_xy"":[810.947778,646.363757],""world_xy_yaw"":[0.236792,0.576236,0.03459],""pnp_valid"":true,""pnp_camera_xyz"":[0.306641,0.711412,1.299441],""pnp_camera_quat_xyzw"":[-0.076481,-0.011224,0.023547,0.99673],""pnp_camera_rpy_deg"":[-8.801826,-1.075657,2.789428],""pnp_reprojection_error_px"":0.109125},{""tag_id"":17,""target_match"":true,""family"":""tag25h9"",""hamming"":0,""decision_margin"":150.223969,""pixel_xy"":[825.034561,331.142548],""world_xy_yaw"":[0.260458,0.960806,1.351244],""pnp_valid"":true,""pnp_camera_xyz"":[0.332704,-0.040692,1.263959],""pnp_camera_quat_xyzw"":[-0.044285,-0.020661,0.626511,0.777879],""pnp_camera_rpy_deg"":[-5.4405,1.337792,77.633004],""pnp_reprojection_error_px"":0.059342}]",1,0.109125,152.128281,93.050975,,0,,0,,
2026-08-12T15:26:11.941926+00:00,21147.225583381,onboard_overhead_fish_dynamic,0,"[0.0,0.0,0.0,0.0]",0,0,0,0,,,,,,,,,,,,,,,,,,,,,,,,,,,,1,0.002062,255,1786548371.897045135,finsrov_stereo_left_optical,"[0.007752748995499714,-0.0996718699944602,0.37742440708564173]","[0.0,0.0,0.0,1.0]","[0.0025,0.0025,0.0025,1000000.0,1000000.0,1000000.0]",0.001117,382,1,"[16,17]","[0.260058,0.960222,1.352988]","[{""tag_id"":16,""target_match"":true,""family"":""tag25h9"",""hamming"":0,""decision_margin"":150.84964,""pixel_xy"":[811.131506,646.377498],""world_xy_yaw"":[0.237101,0.576219,0.032865],""pnp_valid"":true,""pnp_camera_xyz"":[0.309399,0.716476,1.309031],""pnp_camera_quat_xyzw"":[-0.076291,-0.013454,0.023215,0.996725],""pnp_camera_rpy_deg"":[-8.78619,-1.333883,2.771],""pnp_reprojection_error_px"":0.024831},{""tag_id"":17,""target_match"":true,""family"":""tag25h9"",""hamming"":0,""decision_margin"":151.22612,""pixel_xy"":[824.796408,331.621566],""world_xy_yaw"":[0.260058,0.960222,1.352988],""pnp_valid"":true,""pnp_camera_xyz"":[0.332043,-0.039562,1.263492],""pnp_camera_quat_xyzw"":[-0.040614,-0.024815,0.626009,0.778362],""pnp_camera_rpy_deg"":[-5.411014,0.700162,77.583918],""pnp_reprojection_error_px"":0.063752}]",1,0.063752,151.22612,93.926081,,0,,0,,
2026-08-12T15:26:11.992305+00:00,21147.275959651,onboard_overhead_fish_dynamic,0,"[0.0,0.0,0.0,0.0]",0,0,0,0,,,,,,,,,,,,,,,,,,,,,,,,,,,,1,0.002235,256,1786548371.946977615,finsrov_stereo_left_optical,"[0.010839311081153102,-0.08947594484550403,0.37962919245925986]","[0.0,0.0,0.0,1.0]","[0.0025,0.0025,0.0025,1000000.0,1000000.0,1000000.0]",0.001969,383,1,"[16,17]","[0.25977,0.960108,1.353924]","[{""tag_id"":16,""target_match"":true,""family"":""tag25h9"",""hamming"":0,""decision_margin"":148.401093,""pixel_xy"":[811.192315,646.43411],""world_xy_yaw"":[0.237203,0.57615,0.037232],""pnp_valid"":true,""pnp_camera_xyz"":[0.310748,0.718717,1.313502],""pnp_camera_quat_xyzw"":[-0.07759,-0.011241,0.022636,0.996665],""pnp_camera_rpy_deg"":[-8.928349,-1.082623,2.686621],""pnp_reprojection_error_px"":0.123697},{""tag_id"":17,""target_match"":true,""family"":""tag25h9"",""hamming"":0,""decision_margin"":152.21608,""pixel_xy"":[824.624723,331.714752],""world_xy_yaw"":[0.25977,0.960108,1.353924],""pnp_valid"":true,""pnp_camera_xyz"":[0.331717,-0.039379,1.263708],""pnp_camera_quat_xyzw"":[-0.039569,-0.02544,0.626339,0.77813],""pnp_camera_rpy_deg"":[-5.362211,0.571562,77.636404],""pnp_reprojection_error_px"":0.062581}]",1,0.062581,152.21608,92.218037,,0,,0,,
2026-08-12T15:26:12.042004+00:00,21147.325661072,onboard_overhead_fish_dynamic,0,"[0.0,0.0,0.0,0.0]",0,0,0,0,,,,,,,,,,,,,,,,,,,,,,,,,,,,1,0.002052,257,1786548371.997198343,finsrov_stereo_left_optical,"[0.012051300622359151,-0.08306787068247723,0.38090706885167147]","[0.0,0.0,0.0,1.0]","[0.0025,0.0025,0.0025,1000000.0,1000000.0,1000000.0]",0.001111,385,1,"[16,17]","[0.259146,0.960025,1.354491]","[{""tag_id"":16,""target_match"":true,""family"":""tag25h9"",""hamming"":0,""decision_margin"":148.538467,""pixel_xy"":[811.38436,646.275208],""world_xy_yaw"":[0.237526,0.576344,0.04512],""pnp_valid"":true,""pnp_camera_xyz"":[0.31009,0.715217,1.307781],""pnp_camera_quat_xyzw"":[-0.072241,-0.000756,0.018929,0.997207],""pnp_camera_rpy_deg"":[-8.285608,0.070294,2.169772],""pnp_reprojection_error_px"":0.185956},{""tag_id"":17,""target_match"":true,""family"":""tag25h9"",""hamming"":0,""decision_margin"":150.590637,""pixel_xy"":[824.253684,331.782735],""world_xy_yaw"":[0.259146,0.960025,1.354491],""pnp_valid"":true,""pnp_camera_xyz"":[0.33085,-0.039262,1.263746],""pnp_camera_quat_xyzw"":[-0.03558,-0.026608,0.626248,0.778357],""pnp_camera_rpy_deg"":[-5.089721,0.180092,77.630669],""pnp_reprojection_error_px"":0.049296}]",1,0.049296,150.590637,93.81864,,0,,0,,
2026-08-12T15:26:12.091818+00:00,21147.375473612,onboard_overhead_fish_dynamic,0,"[0.0,0.0,0.0,0.0]",0,0,0,0,,,,,,,,,,,,,,,,,,,,,,,,,,,,1,0.002044,258,1786548372.047041178,finsrov_stereo_left_optical,"[0.007420847303958533,-0.09744706627585209,0.37835285732559065]","[0.0,0.0,0.0,1.0]","[0.0025,0.0025,0.0025,1000000.0,1000000.0,1000000.0]",0.001796,386,1,"[16,17]","[0.258836,0.959782,1.351764]","[{""tag_id"":16,""target_match"":true,""family"":""tag25h9"",""hamming"":0,""decision_margin"":147.322037,""pixel_xy"":[811.579391,646.203503],""world_xy_yaw"":[0.237853,0.576432,0.034443],""pnp_valid"":true,""pnp_camera_xyz"":[0.308457,0.710645,1.299566],""pnp_camera_quat_xyzw"":[-0.065439,-0.010787,0.020441,0.997589],""pnp_camera_rpy_deg"":[-7.528923,-1.079927,2.418766],""pnp_reprojection_error_px"":0.110854},{""tag_id"":17,""target_match"":true,""family"":""tag25h9"",""hamming"":0,""decision_margin"":149.166489,""pixel_xy"":[824.069053,331.982295],""world_xy_yaw"":[0.258836,0.959782,1.351764],""pnp_valid"":true,""pnp_camera_xyz"":[0.330302,-0.0388,1.263165],""pnp_camera_quat_xyzw"":[-0.034953,-0.026914,0.625155,0.779253],""pnp_camera_rpy_deg"":[-5.055814,0.100636,77.472168],""pnp_reprojection_error_px"":0.061392}]",1,0.061392,149.166489,93.684776,,0,,0,,
2026-08-12T15:26:12.141008+00:00,21147.424674062,onboard_overhead_fish_dynamic,0,"[0.0,0.0,0.0,0.0]",0,0,0,0,,,,,,,,,,,,,,,,,,,,,,,,,,,,1,0.001354,259,1786548372.097095966,finsrov_stereo_left_optical,"[0.007084954341538663,-0.11571768883371247,0.3743628819290519]","[0.0,0.0,0.0,1.0]","[0.0025,0.0025,0.0025,1000000.0,1000000.0,1000000.0]",0.000635,388,1,"[16,17]","[0.238637,0.576844,0.01627]","[{""tag_id"":16,""target_match"":true,""family"":""tag25h9"",""hamming"":0,""decision_margin"":148.38504,""pixel_xy"":[812.045856,645.86519],""world_xy_yaw"":[0.238637,0.576844,0.01627],""pnp_valid"":true,""pnp_camera_xyz"":[0.306688,0.704743,1.288934],""pnp_camera_quat_xyzw"":[-0.062441,-0.029743,0.02504,0.997291],""pnp_camera_rpy_deg"":[-7.251892,-3.221612,3.080749],""pnp_reprojection_error_px"":0.220261},{""tag_id"":17,""target_match"":true,""family"":""tag25h9"",""hamming"":0,""decision_margin"":147.663544,""pixel_xy"":[823.744602,332.376057],""world_xy_yaw"":[0.258291,0.959301,1.346474],""pnp_valid"":true,""pnp_camera_xyz"":[0.329398,-0.037836,1.262533],""pnp_camera_quat_xyzw"":[-0.033472,-0.028108,0.622438,0.781448],""pnp_camera_rpy_deg"":[-5.0085,-0.12955,77.081623],""pnp_reprojection_error_px"":0.069241}]",1,0.220261,148.38504,93.040895,,0,,0,,
2026-08-12T15:26:12.191239+00:00,21147.474910806,onboard_overhead_fish_dynamic,0,"[0.0,0.0,0.0,0.0]",0,0,0,0,,,,,,,,,,,,,,,,,,,,,,,,,,,,1,0.001536,260,1786548372.146966696,finsrov_stereo_left_optical,"[0.009547514587753825,-0.1306902664338182,0.36870503291798135]","[0.0,0.0,0.0,1.0]","[0.0025,0.0025,0.0025,1000000.0,1000000.0,1000000.0]",0.001339,389,1,"[16,17]","[0.238862,0.576733,0.019498]","[{""tag_id"":16,""target_match"":true,""family"":""tag25h9"",""hamming"":0,""decision_margin"":150.065689,""pixel_xy"":[812.179609,645.956436],""world_xy_yaw"":[0.238862,0.576733,0.019498],""pnp_valid"":true,""pnp_camera_xyz"":[0.308833,0.709006,1.296612],""pnp_camera_quat_xyzw"":[-0.073351,-0.027286,0.025018,0.996619],""pnp_camera_rpy_deg"":[-8.497239,-2.907168,3.09202],""pnp_reprojection_error_px"":0.164995},{""tag_id"":17,""target_match"":true,""family"":""tag25h9"",""hamming"":0,""decision_margin"":148.531982,""pixel_xy"":[823.557617,332.484688],""world_xy_yaw"":[0.257977,0.959169,1.343797],""pnp_valid"":true,""pnp_camera_xyz"":[0.32892,-0.037611,1.262518],""pnp_camera_quat_xyzw"":[-0.034381,-0.02706,0.62198,0.78181],""pnp_camera_rpy_deg"":[-5.015225,0.026169,77.007855],""pnp_reprojection_error_px"":0.049443}]",1,0.164995,150.065689,94.229542,,0,,0,,
2026-08-12T15:26:12.242283+00:00,21147.525937161,onboard_overhead_fish_dynamic,0,"[0.0,0.0,0.0,0.0]",0,0,0,0,,,,,,,,,,,,,,,,,,,,,,,,,,,,1,0.002262,261,1786548372.197113276,finsrov_stereo_left_optical,"[0.013592744357407427,-0.10655080338254197,0.3719213877369925]","[0.0,0.0,0.0,1.0]","[0.0025,0.0025,0.0025,1000000.0,1000000.0,1000000.0]",0.001230,391,1,"[16,17]","[0.257129,0.959126,1.341286]","[{""tag_id"":16,""target_match"":true,""family"":""tag25h9"",""hamming"":0,""decision_margin"":147.088226,""pixel_xy"":[812.417216,646.326215],""world_xy_yaw"":[0.239261,0.576282,0.033695],""pnp_valid"":true,""pnp_camera_xyz"":[0.310806,0.712333,1.302044],""pnp_camera_quat_xyzw"":[-0.085513,-0.014402,0.024077,0.995942],""pnp_camera_rpy_deg"":[-9.850445,-1.407846,2.890999],""pnp_reprojection_error_px"":0.064526},{""tag_id"":17,""target_match"":true,""family"":""tag25h9"",""hamming"":0,""decision_margin"":150.795029,""pixel_xy"":[823.053213,332.519751],""world_xy_yaw"":[0.257129,0.959126,1.341286],""pnp_valid"":true,""pnp_camera_xyz"":[0.327574,-0.037487,1.261843],""pnp_camera_quat_xyzw"":[-0.035559,-0.027548,0.620852,0.782636],""pnp_camera_rpy_deg"":[-5.155871,0.059239,76.846047],""pnp_reprojection_error_px"":0.050245}]",1,0.050245,150.795029,93.227785,,0,,0,,
2026-08-12T15:26:12.290516+00:00,21147.574184205,onboard_overhead_fish_dynamic,0,"[0.0,0.0,0.0,0.0]",0,0,0,0,,,,,,,,,,,,,,,,,,,,,,,,,,,,1,0.000971,262,1786548372.246978045,finsrov_stereo_left_optical,"[0.017681643663968627,-0.08211514225744276,0.37381051740258636]","[0.0,0.0,0.0,1.0]","[0.0025,0.0025,0.0025,1000000.0,1000000.0,1000000.0]",0.000838,392,1,"[16,17]","[0.256605,0.959119,1.338545]","[{""tag_id"":16,""target_match"":true,""family"":""tag25h9"",""hamming"":0,""decision_margin"":147.17485,""pixel_xy"":[812.465233,646.558892],""world_xy_yaw"":[0.239342,0.575998,0.040636],""pnp_valid"":true,""pnp_camera_xyz"":[0.31114,0.712922,1.302299],""pnp_camera_quat_xyzw"":[-0.085074,-0.010208,0.023698,0.996041],""pnp_camera_rpy_deg"":[-9.786647,-0.934087,2.805864],""pnp_reprojection_error_px"":0.110624},{""tag_id"":17,""target_match"":true,""family"":""tag25h9"",""hamming"":0,""decision_margin"":151.582306,""pixel_xy"":[822.740824,332.525788],""world_xy_yaw"":[0.256605,0.959119,1.338545],""pnp_valid"":true,""pnp_camera_xyz"":[0.326866,-0.037471,1.261849],""pnp_camera_quat_xyzw"":[-0.038476,-0.025091,0.620491,0.782867],""pnp_camera_rpy_deg"":[-5.243203,0.484841,76.777667],""pnp_reprojection_error_px"":0.056356}]",1,0.056356,151.582306,93.457597,,0,,0,,
2026-08-12T15:26:12.341974+00:00,21147.625632170,onboard_overhead_fish_dynamic,0,"[0.0,0.0,0.0,0.0]",0,0,0,0,,,,,,,,,,,,,,,,,,,,,,,,,,,,1,0.002043,263,1786548372.297146797,finsrov_stereo_left_optical,"[0.018566568773697834,-0.0824569814660282,0.3743039384252461]","[0.0,0.0,0.0,1.0]","[0.0025,0.0025,0.0025,1000000.0,1000000.0,1000000.0]",0.001100,394,1,"[16,17]","[0.255381,0.959289,1.337768]","[{""tag_id"":16,""target_match"":true,""family"":""tag25h9"",""hamming"":0,""decision_margin"":147.62561,""pixel_xy"":[812.594643,646.922654],""world_xy_yaw"":[0.239559,0.575554,0.042545],""pnp_valid"":true,""pnp_camera_xyz"":[0.310783,0.71202,1.298705],""pnp_camera_quat_xyzw"":[-0.073586,-0.015205,0.025133,0.996856],""pnp_camera_rpy_deg"":[-8.48363,-1.525188,3.001671],""pnp_reprojection_error_px"":0.133517},{""tag_id"":17,""target_match"":true,""family"":""tag25h9"",""hamming"":0,""decision_margin"":155.253403,""pixel_xy"":[822.012801,332.38576],""world_xy_yaw"":[0.255381,0.959289,1.337768],""pnp_valid"":true,""pnp_camera_xyz"":[0.325218,-0.037711,1.261921],""pnp_camera_quat_xyzw"":[-0.04106,-0.020762,0.620479,0.782872],""pnp_camera_rpy_deg"":[-5.167578,1.056873,76.750764],""pnp_reprojection_error_px"":0.081635}]",1,0.081635,155.253403,93.169776,,0,,0,,
2026-08-12T15:26:12.392005+00:00,21147.675662379,onboard_overhead_fish_dynamic,0,"[0.0,0.0,0.0,0.0]",0,0,0,0,,,,,,,,,,,,,,,,,,,,,,,,,,,,1,0.002036,264,1786548372.346942186,finsrov_stereo_left_optical,"[0.021110408066218722,-0.103413154581532,0.3742999603068643]","[0.0,0.0,0.0,1.0]","[0.0025,0.0025,0.0025,1000000.0,1000000.0,1000000.0]",0.001790,395,1,"[16,17]","[0.254771,0.959332,1.336534]","[{""tag_id"":16,""target_match"":true,""family"":""tag25h9"",""hamming"":0,""decision_margin"":149.42337,""pixel_xy"":[812.753704,647.112295],""world_xy_yaw"":[0.239826,0.575323,0.040075],""pnp_valid"":true,""pnp_camera_xyz"":[0.311477,0.713529,1.300583],""pnp_camera_quat_xyzw"":[-0.074146,-0.01213,0.023967,0.996886],""pnp_camera_rpy_deg"":[-8.536665,-1.182172,2.842645],""pnp_reprojection_error_px"":0.072351},{""tag_id"":17,""target_match"":true,""family"":""tag25h9"",""hamming"":0,""decision_margin"":153.872574,""pixel_xy"":[821.649653,332.35065],""world_xy_yaw"":[0.254771,0.959332,1.336534],""pnp_valid"":true,""pnp_camera_xyz"":[0.324541,-0.037835,1.262769],""pnp_camera_quat_xyzw"":[-0.04045,-0.020506,0.620199,0.783132],""pnp_camera_rpy_deg"":[-5.094914,1.034622,76.708673],""pnp_reprojection_error_px"":0.060019}]",1,0.060019,153.872574,93.310094,,0,,0,,
2026-08-12T15:26:12.441978+00:00,21147.725634486,onboard_overhead_fish_dynamic,0,"[0.0,0.0,0.0,0.0]",0,0,0,0,,,,,,,,,,,,,,,,,,,,,,,,,,,,1,0.002124,265,1786548372.396937847,finsrov_stereo_left_optical,"[0.02121769401975887,-0.1013243261173501,0.37573808387552876]","[0.0,0.0,0.0,1.0]","[0.0025,0.0025,0.0025,1000000.0,1000000.0,1000000.0]",0.001161,397,1,"[16,17]","[0.253492,0.959212,1.337185]","[{""tag_id"":16,""target_match"":true,""family"":""tag25h9"",""hamming"":0,""decision_margin"":149.81868,""pixel_xy"":[813.249115,647.385238],""world_xy_yaw"":[0.240658,0.57499,0.037901],""pnp_valid"":true,""pnp_camera_xyz"":[0.311729,0.712878,1.297572],""pnp_camera_quat_xyzw"":[-0.070842,-0.003392,0.021074,0.997259],""pnp_camera_rpy_deg"":[-8.131107,-0.216509,2.436526],""pnp_reprojection_error_px"":0.121547},{""tag_id"":17,""target_match"":true,""family"":""tag25h9"",""hamming"":0,""decision_margin"":152.384903,""pixel_xy"":[820.888076,332.449499],""world_xy_yaw"":[0.253492,0.959212,1.337185],""pnp_valid"":true,""pnp_camera_xyz"":[0.322688,-0.037607,1.262328],""pnp_camera_quat_xyzw"":[-0.037975,-0.023035,0.619812,0.783492],""pnp_camera_rpy_deg"":[-5.052361,0.629114,76.666508],""pnp_reprojection_error_px"":0.063224}]",1,0.063224,152.384903,94.432173,,0,,0,,
2026-08-12T15:26:12.490759+00:00,21147.774425643,onboard_overhead_fish_dynamic,0,"[0.0,0.0,0.0,0.0]",0,0,0,0,,,,,,,,,,,,,,,,,,,,,,,,,,,,1,0.001153,266,1786548372.446873426,finsrov_stereo_left_optical,"[0.01993199649286692,-0.1088823135389767,0.37520810069470084]","[0.0,0.0,0.0,1.0]","[0.0025,0.0025,0.0025,1000000.0,1000000.0,1000000.0]",0.000998,398,1,"[16,17]","[0.252894,0.959119,1.336069]","[{""tag_id"":16,""target_match"":true,""family"":""tag25h9"",""hamming"":0,""decision_margin"":149.992676,""pixel_xy"":[813.483431,647.573675],""world_xy_yaw"":[0.241052,0.57476,0.034281],""pnp_valid"":true,""pnp_camera_xyz"":[0.312394,0.714114,1.298743],""pnp_camera_quat_xyzw"":[-0.069719,-0.006002,0.02257,0.997293],""pnp_camera_rpy_deg"":[-8.009433,-0.505652,2.628316],""pnp_reprojection_error_px"":0.201286},{""tag_id"":17,""target_match"":true,""family"":""tag25h9"",""hamming"":0,""decision_margin"":152.957626,""pixel_xy"":[820.532059,332.525297],""world_xy_yaw"":[0.252894,0.959119,1.336069],""pnp_valid"":true,""pnp_camera_xyz"":[0.322118,-0.037428,1.263363],""pnp_camera_quat_xyzw"":[-0.03914,-0.02033,0.619713,0.783588],""pnp_camera_rpy_deg"":[-4.965102,0.954009,76.6372],""pnp_reprojection_error_px"":0.069887}]",1,0.069887,152.957626,93.50566,,0,,0,,
2026-08-12T15:26:12.541869+00:00,21147.825526776,onboard_overhead_fish_dynamic,0,"[0.0,0.0,0.0,0.0]",0,0,0,0,,,,,,,,,,,,,,,,,,,,,,,,,,,,1,0.002049,267,1786548372.496991158,finsrov_stereo_left_optical,"[0.02310397393817637,-0.11033127791404806,0.376104950323233]","[0.0,0.0,0.0,1.0]","[0.0025,0.0025,0.0025,1000000.0,1000000.0,1000000.0]",0.001118,400,1,"[16,17]","[0.25179,0.958846,1.335424]","[{""tag_id"":16,""target_match"":true,""family"":""tag25h9"",""hamming"":0,""decision_margin"":148.389511,""pixel_xy"":[813.713355,648.238767],""world_xy_yaw"":[0.241438,0.573949,0.040917],""pnp_valid"":true,""pnp_camera_xyz"":[0.313577,0.716077,1.300108],""pnp_camera_quat_xyzw"":[-0.070311,-0.018393,0.028446,0.99695],""pnp_camera_rpy_deg"":[-8.123937,-1.872432,3.401759],""pnp_reprojection_error_px"":0.043328},{""tag_id"":17,""target_match"":true,""family"":""tag25h9"",""hamming"":0,""decision_margin"":154.138245,""pixel_xy"":[819.875177,332.749342],""world_xy_yaw"":[0.25179,0.958846,1.335424],""pnp_valid"":true,""pnp_camera_xyz"":[0.320649,-0.036936,1.263572],""pnp_camera_quat_xyzw"":[-0.038586,-0.023128,0.619097,0.784025],""pnp_camera_rpy_deg"":[-5.114591,0.659584,76.562515],""pnp_reprojection_error_px"":0.063007}]",1,0.063007,154.138245,95.4183,,0,,0,,
2026-08-12T15:26:12.591048+00:00,21147.874716299,onboard_overhead_fish_dynamic,0,"[0.0,0.0,0.0,0.0]",0,0,0,0,,,,,,,,,,,,,,,,,,,,,,,,,,,,1,0.001293,268,1786548372.547035694,finsrov_stereo_left_optical,"[0.03309121016371569,-0.1084905356018554,0.37700196256942503]","[0.0,0.0,0.0,1.0]","[0.0025,0.0025,0.0025,1000000.0,1000000.0,1000000.0]",0.001098,401,1,"[16,17]","[0.241621,0.573397,0.046639]","[{""tag_id"":16,""target_match"":true,""family"":""tag25h9"",""hamming"":0,""decision_margin"":151.51474,""pixel_xy"":[813.822009,648.691365],""world_xy_yaw"":[0.241621,0.573397,0.046639],""pnp_valid"":true,""pnp_camera_xyz"":[0.313316,0.714828,1.296741],""pnp_camera_quat_xyzw"":[-0.066974,-0.024222,0.031059,0.996977],""pnp_camera_rpy_deg"":[-7.768943,-2.529754,3.740482],""pnp_reprojection_error_px"":0.230728},{""tag_id"":17,""target_match"":true,""family"":""tag25h9"",""hamming"":0,""decision_margin"":151.098236,""pixel_xy"":[819.585702,332.880532],""world_xy_yaw"":[0.251304,0.958686,1.334851],""pnp_valid"":true,""pnp_camera_xyz"":[0.320152,-0.03664,1.264165],""pnp_camera_quat_xyzw"":[-0.03815,-0.02359,0.618627,0.784403],""pnp_camera_rpy_deg"":[-5.10847,0.584086,76.496746],""pnp_reprojection_error_px"":0.073186}]",1,0.230728,151.51474,94.754879,,0,,0,,
2026-08-12T15:26:12.641255+00:00,21147.924918700,onboard_overhead_fish_dynamic,0,"[0.0,0.0,0.0,0.0]",0,0,0,0,,,,,,,,,,,,,,,,,,,,,,,,,,,,1,0.001539,269,1786548372.596994400,finsrov_stereo_left_optical,"[0.03610127322257395,-0.11784588835880705,0.3757750693049017]","[0.0,0.0,0.0,1.0]","[0.0025,0.0025,0.0025,1000000.0,1000000.0,1000000.0]",0.000811,403,1,"[16,17]","[0.25056,0.958251,1.334989]","[{""tag_id"":16,""target_match"":true,""family"":""tag25h9"",""hamming"":0,""decision_margin"":147.410782,""pixel_xy"":[814.148175,649.155574],""world_xy_yaw"":[0.242169,0.57283,0.053837],""pnp_valid"":true,""pnp_camera_xyz"":[0.316655,0.722038,1.307829],""pnp_camera_quat_xyzw"":[-0.074787,-0.009086,0.028305,0.996756],""pnp_camera_rpy_deg"":[-8.604751,-0.795228,3.313039],""pnp_reprojection_error_px"":0.202504},{""tag_id"":17,""target_match"":true,""family"":""tag25h9"",""hamming"":0,""decision_margin"":151.034195,""pixel_xy"":[819.142732,333.237179],""world_xy_yaw"":[0.25056,0.958251,1.334989],""pnp_valid"":true,""pnp_camera_xyz"":[0.319064,-0.035808,1.263916],""pnp_camera_quat_xyzw"":[-0.037215,-0.025831,0.618232,0.784689],""pnp_camera_rpy_deg"":[-5.18344,0.313725,76.452679],""pnp_reprojection_error_px"":0.072393}]",1,0.072393,151.034195,95.542666,,0,,0,,
2026-08-12T15:26:12.691597+00:00,21147.975257014,onboard_overhead_fish_dynamic,0,"[0.0,0.0,0.0,0.0]",0,0,0,0,,,,,,,,,,,,,,,,,,,,,,,,,,,,1,0.001744,270,1786548372.646978617,finsrov_stereo_left_optical,"[0.039120971981331465,-0.09365513869890396,0.3804146423786495]","[0.0,0.0,0.0,1.0]","[0.0025,0.0025,0.0025,1000000.0,1000000.0,1000000.0]",0.001524,404,1,"[16,17]","[0.250307,0.957954,1.333897]","[{""tag_id"":16,""target_match"":true,""family"":""tag25h9"",""hamming"":0,""decision_margin"":148.760529,""pixel_xy"":[814.408699,649.132141],""world_xy_yaw"":[0.242607,0.572859,0.049883],""pnp_valid"":true,""pnp_camera_xyz"":[0.316749,0.721779,1.306473],""pnp_camera_quat_xyzw"":[-0.072732,-0.009786,0.028926,0.996884],""pnp_camera_rpy_deg"":[-8.37173,-0.876842,3.38827],""pnp_reprojection_error_px"":0.046662},{""tag_id"":17,""target_match"":true,""family"":""tag25h9"",""hamming"":0,""decision_margin"":150.399445,""pixel_xy"":[818.99215,333.479954],""world_xy_yaw"":[0.250307,0.957954,1.333897],""pnp_valid"":true,""pnp_camera_xyz"":[0.318773,-0.035281,1.264195],""pnp_camera_quat_xyzw"":[-0.035375,-0.026284,0.617797,0.785102],""pnp_camera_rpy_deg"":[-5.04987,0.139654,76.392268],""pnp_reprojection_error_px"":0.061102}]",1,0.061102,150.399445,96.428582,,0,,0,,
2026-08-12T15:26:12.741963+00:00,21148.025620025,onboard_overhead_fish_dynamic,0,"[0.0,0.0,0.0,0.0]",0,0,0,0,,,,,,,,,,,,,,,,,,,,,,,,,,,,1,0.002042,271,1786548372.697006702,finsrov_stereo_left_optical,"[0.04025815383928294,-0.09852467342683713,0.3798312832086807]","[0.0,0.0,0.0,1.0]","[0.0025,0.0025,0.0025,1000000.0,1000000.0,1000000.0]",0.001104,406,1,"[16,17]","[0.243235,0.572435,0.040885]","[{""tag_id"":16,""target_match"":true,""family"":""tag25h9"",""hamming"":0,""decision_margin"":149.833054,""pixel_xy"":[814.782718,649.479279],""world_xy_yaw"":[0.243235,0.572435,0.040885],""pnp_valid"":true,""pnp_camera_xyz"":[0.315965,0.719609,1.300723],""pnp_camera_quat_xyzw"":[-0.069175,-0.018125,0.031925,0.996929],""pnp_camera_rpy_deg"":[-7.998764,-1.817814,3.795509],""pnp_reprojection_error_px"":0.151646},{""tag_id"":17,""target_match"":true,""family"":""tag25h9"",""hamming"":0,""decision_margin"":149.045624,""pixel_xy"":[818.750659,333.794162],""world_xy_yaw"":[0.249901,0.957571,1.332721],""pnp_valid"":true,""pnp_camera_xyz"":[0.318231,-0.034545,1.264109],""pnp_camera_quat_xyzw"":[-0.035316,-0.02683,0.617135,0.785607],""pnp_camera_rpy_deg"":[-5.083302,0.082132,76.299273],""pnp_reprojection_error_px"":0.077066}]",1,0.151646,149.833054,96.033269,,0,,0,,
2026-08-12T15:26:12.792011+00:00,21148.075668387,onboard_overhead_fish_dynamic,0,"[0.0,0.0,0.0,0.0]",0,0,0,0,,,,,,,,,,,,,,,,,,,,,,,,,,,,1,0.002053,272,1786548372.746980667,finsrov_stereo_left_optical,"[0.04314128618114782,-0.11024909203762634,0.3775544717612629]","[0.0,0.0,0.0,1.0]","[0.0025,0.0025,0.0025,1000000.0,1000000.0,1000000.0]",0.001803,407,1,"[16,17]","[0.243231,0.572138,0.048794]","[{""tag_id"":16,""target_match"":true,""family"":""tag25h9"",""hamming"":0,""decision_margin"":150.181885,""pixel_xy"":[814.780632,649.723091],""world_xy_yaw"":[0.243231,0.572138,0.048794],""pnp_valid"":true,""pnp_camera_xyz"":[0.316073,0.71977,1.300218],""pnp_camera_quat_xyzw"":[-0.072354,-0.017735,0.032839,0.996681],""pnp_camera_rpy_deg"":[-8.363891,-1.753486,3.902416],""pnp_reprojection_error_px"":0.052463},{""tag_id"":17,""target_match"":true,""family"":""tag25h9"",""hamming"":0,""decision_margin"":148.22197,""pixel_xy"":[818.637583,333.861209],""world_xy_yaw"":[0.249711,0.957489,1.335228],""pnp_valid"":true,""pnp_camera_xyz"":[0.317808,-0.034309,1.263319],""pnp_camera_quat_xyzw"":[-0.035261,-0.027795,0.617409,0.78536],""pnp_camera_rpy_deg"":[-5.146795,-0.006726,76.345415],""pnp_reprojection_error_px"":0.10317}]",1,0.052463,150.181885,95.782552,,0,,0,,
2026-08-12T15:26:12.841988+00:00,21148.125645874,onboard_overhead_fish_dynamic,0,"[0.0,0.0,0.0,0.0]",0,0,0,0,,,,,,,,,,,,,,,,,,,,,,,,,,,,1,0.002055,273,1786548372.797041416,finsrov_stereo_left_optical,"[0.0451793182949603,-0.10524248461056362,0.3773679914385691]","[0.0,0.0,0.0,1.0]","[0.0025,0.0025,0.0025,1000000.0,1000000.0,1000000.0]",0.001107,409,1,"[16,17]","[0.243433,0.571539,0.064284]","[{""tag_id"":16,""target_match"":true,""family"":""tag25h9"",""hamming"":0,""decision_margin"":150.919891,""pixel_xy"":[814.900402,650.213834],""world_xy_yaw"":[0.243433,0.571539,0.064284],""pnp_valid"":true,""pnp_camera_xyz"":[0.31601,0.719166,1.297214],""pnp_camera_quat_xyzw"":[-0.075714,-0.012856,0.03362,0.99648],""pnp_camera_rpy_deg"":[-8.73078,-1.176354,3.954538],""pnp_reprojection_error_px"":0.170931},{""tag_id"":17,""target_match"":true,""family"":""tag25h9"",""hamming"":0,""decision_margin"":147.527084,""pixel_xy"":[818.545934,334.234525],""world_xy_yaw"":[0.249557,0.957034,1.33431],""pnp_valid"":true,""pnp_camera_xyz"":[0.31732,-0.033429,1.262267],""pnp_camera_quat_xyzw"":[-0.035096,-0.029039,0.61697,0.785667],""pnp_camera_rpy_deg"":[-5.219981,-0.133095,76.289822],""pnp_reprojection_error_px"":0.095297}]",1,0.170931,150.919891,94.201541,,0,,0,,
2026-08-12T15:26:12.891921+00:00,21148.175576920,onboard_overhead_fish_dynamic,0,"[0.0,0.0,0.0,0.0]",0,0,0,0,,,,,,,,,,,,,,,,,,,,,,,,,,,,1,0.002034,274,1786548372.846969604,finsrov_stereo_left_optical,"[0.04727806374258964,-0.10218620346260843,0.3760790264828722]","[0.0,0.0,0.0,1.0]","[0.0025,0.0025,0.0025,1000000.0,1000000.0,1000000.0]",0.001787,410,1,"[16,17]","[0.24388,0.571223,0.062757]","[{""tag_id"":16,""target_match"":true,""family"":""tag25h9"",""hamming"":0,""decision_margin"":150.173737,""pixel_xy"":[815.166561,650.472974],""world_xy_yaw"":[0.24388,0.571223,0.062757],""pnp_valid"":true,""pnp_camera_xyz"":[0.316727,0.72044,1.298452],""pnp_camera_quat_xyzw"":[-0.077805,-0.006687,0.032368,0.996421],""pnp_camera_rpy_deg"":[-8.945275,-0.474975,3.758244],""pnp_reprojection_error_px"":0.072315},{""tag_id"":17,""target_match"":true,""family"":""tag25h9"",""hamming"":0,""decision_margin"":149.872757,""pixel_xy"":[818.5619,334.535699],""world_xy_yaw"":[0.249584,0.956666,1.334349],""pnp_valid"":true,""pnp_camera_xyz"":[0.317558,-0.032794,1.263061],""pnp_camera_quat_xyzw"":[-0.034534,-0.027302,0.617603,0.785257],""pnp_camera_rpy_deg"":[-5.046261,-0.012629,76.37057],""pnp_reprojection_error_px"":0.088022}]",1,0.072315,150.173737,94.958558,,0,,0,,
2026-08-12T15:26:12.941920+00:00,21148.225577204,onboard_overhead_fish_dynamic,0,"[0.0,0.0,0.0,0.0]",0,0,0,0,,,,,,,,,,,,,,,,,,,,,,,,,,,,1,0.002057,275,1786548372.897171974,finsrov_stereo_left_optical,"[0.04668585816868215,-0.09823744133917267,0.37668136458126095]","[0.0,0.0,0.0,1.0]","[0.0025,0.0025,0.0025,1000000.0,1000000.0,1000000.0]",0.001120,412,1,"[16,17]","[0.24478,0.570587,0.048739]","[{""tag_id"":16,""target_match"":true,""family"":""tag25h9"",""hamming"":0,""decision_margin"":150.360977,""pixel_xy"":[815.702482,650.994143],""world_xy_yaw"":[0.24478,0.570587,0.048739],""pnp_valid"":true,""pnp_camera_xyz"":[0.316915,0.71966,1.295084],""pnp_camera_quat_xyzw"":[-0.068469,-0.016295,0.033578,0.996955],""pnp_camera_rpy_deg"":[-7.913012,-1.59834,3.968659],""pnp_reprojection_error_px"":0.083322},{""tag_id"":17,""target_match"":true,""family"":""tag25h9"",""hamming"":0,""decision_margin"":149.697006,""pixel_xy"":[818.648167,334.956481],""world_xy_yaw"":[0.249729,0.956153,1.34011],""pnp_valid"":true,""pnp_camera_xyz"":[0.317571,-0.031725,1.262492],""pnp_camera_quat_xyzw"":[-0.035903,-0.027587,0.619471,0.783713],""pnp_camera_rpy_deg"":[-5.189736,0.071068,76.644696],""pnp_reprojection_error_px"":0.087623}]",1,0.083322,150.360977,93.014308,,0,,0,,
2026-08-12T15:26:12.992281+00:00,21148.275935993,onboard_overhead_fish_dynamic,0,"[0.0,0.0,0.0,0.0]",0,0,0,0,,,,,,,,,,,,,,,,,,,,,,,,,,,,1,0.002232,276,1786548372.946954012,finsrov_stereo_left_optical,"[0.047110966258239184,-0.11570262719996582,0.3750941570142703]","[0.0,0.0,0.0,1.0]","[0.0025,0.0025,0.0025,1000000.0,1000000.0,1000000.0]",0.001966,413,1,"[16,17]","[0.249736,0.9561,1.344872]","[{""tag_id"":16,""target_match"":true,""family"":""tag25h9"",""hamming"":0,""decision_margin"":148.631012,""pixel_xy"":[815.950998,651.179804],""world_xy_yaw"":[0.245198,0.570361,0.046982],""pnp_valid"":true,""pnp_camera_xyz"":[0.316957,0.718785,1.292632],""pnp_camera_quat_xyzw"":[-0.061637,-0.02047,0.034469,0.997293],""pnp_camera_rpy_deg"":[-7.148101,-2.096304,4.089967],""pnp_reprojection_error_px"":0.056424},{""tag_id"":17,""target_match"":true,""family"":""tag25h9"",""hamming"":0,""decision_margin"":149.105576,""pixel_xy"":[818.652381,335.000397],""world_xy_yaw"":[0.249736,0.9561,1.344872],""pnp_valid"":true,""pnp_camera_xyz"":[0.317592,-0.031588,1.262564],""pnp_camera_quat_xyzw"":[-0.036173,-0.028699,0.620902,0.782527],""pnp_camera_rpy_deg"":[-5.29317,0.000257,76.860973],""pnp_reprojection_error_px"":0.096789}]",1,0.096789,149.105576,93.58515,,0,,0,,
2026-08-12T15:26:13.042227+00:00,21148.325881387,onboard_overhead_fish_dynamic,0,"[0.0,0.0,0.0,0.0]",0,0,0,0,,,,,,,,,,,,,,,,,,,,,,,,,,,,1,0.002297,277,1786548372.997104168,finsrov_stereo_left_optical,"[0.04749585561109382,-0.12874709963150577,0.3740779688742909]","[0.0,0.0,0.0,1.0]","[0.0025,0.0025,0.0025,1000000.0,1000000.0,1000000.0]",0.001247,415,1,"[16,17]","[0.245902,0.570014,0.061111]","[{""tag_id"":16,""target_match"":true,""family"":""tag25h9"",""hamming"":0,""decision_margin"":150.242447,""pixel_xy"":[816.369998,651.464227],""world_xy_yaw"":[0.245902,0.570014,0.061111],""pnp_valid"":true,""pnp_camera_xyz"":[0.320825,0.725726,1.303776],""pnp_camera_quat_xyzw"":[-0.069903,-0.003065,0.031005,0.997067],""pnp_camera_rpy_deg"":[-8.023855,-0.101852,3.569384],""pnp_reprojection_error_px"":0.043702},{""tag_id"":17,""target_match"":true,""family"":""tag25h9"",""hamming"":0,""decision_margin"":148.403473,""pixel_xy"":[818.55398,334.867719],""world_xy_yaw"":[0.249571,0.956261,1.35079],""pnp_valid"":true,""pnp_camera_xyz"":[0.317166,-0.031946,1.261905],""pnp_camera_quat_xyzw"":[-0.037137,-0.032578,0.623224,0.780481],""pnp_camera_rpy_deg"":[-5.657295,-0.261461,77.228534],""pnp_reprojection_error_px"":0.066793}]",1,0.043702,150.242447,95.116633,,0,,0,,
2026-08-12T15:26:13.091771+00:00,21148.375439858,onboard_overhead_fish_dynamic,0,"[0.0,0.0,0.0,0.0]",0,0,0,0,,,,,,,,,,,,,,,,,,,,,,,,,,,,1,0.001644,278,1786548373.046986580,finsrov_stereo_left_optical,"[0.049766348598077215,-0.10292940716569332,0.3799261833379818]","[0.0,0.0,0.0,1.0]","[0.0025,0.0025,0.0025,1000000.0,1000000.0,1000000.0]",0.001363,416,1,"[16,17]","[0.249375,0.956421,1.353298]","[{""tag_id"":16,""target_match"":true,""family"":""tag25h9"",""hamming"":0,""decision_margin"":149.503296,""pixel_xy"":[816.570412,651.513725],""world_xy_yaw"":[0.246238,0.569953,0.063923],""pnp_valid"":true,""pnp_camera_xyz"":[0.322198,0.728219,1.307835],""pnp_camera_quat_xyzw"":[-0.075142,0.007249,0.028472,0.99674],""pnp_camera_rpy_deg"":[-8.592624,1.073221,3.191784],""pnp_reprojection_error_px"":0.021137},{""tag_id"":17,""target_match"":true,""family"":""tag25h9"",""hamming"":0,""decision_margin"":151.453461,""pixel_xy"":[818.43754,334.736883],""world_xy_yaw"":[0.249375,0.956421,1.353298],""pnp_valid"":true,""pnp_camera_xyz"":[0.316759,-0.032255,1.261359],""pnp_camera_quat_xyzw"":[-0.038343,-0.03534,0.623978,0.7797],""pnp_camera_rpy_deg"":[-5.963638,-0.415912,77.360754],""pnp_reprojection_error_px"":0.061418}]",1,0.061418,151.453461,94.98692,,0,,0,,
2026-08-12T15:26:13.141261+00:00,21148.424923920,onboard_overhead_fish_dynamic,0,"[0.0,0.0,0.0,0.0]",0,0,0,0,,,,,,,,,,,,,,,,,,,,,,,,,,,,1,0.001517,279,1786548373.097074032,finsrov_stereo_left_optical,"[0.048917071020348535,-0.08950458797671124,0.38206115210521]","[0.0,0.0,0.0,1.0]","[0.0025,0.0025,0.0025,1000000.0,1000000.0,1000000.0]",0.000808,418,1,"[16,17]","[0.24876,0.956626,1.351832]","[{""tag_id"":16,""target_match"":true,""family"":""tag25h9"",""hamming"":0,""decision_margin"":147.770615,""pixel_xy"":[816.829532,651.579472],""world_xy_yaw"":[0.246674,0.569873,0.053048],""pnp_valid"":true,""pnp_camera_xyz"":[0.320498,0.723754,1.299131],""pnp_camera_quat_xyzw"":[-0.063519,-0.006206,0.031819,0.997454],""pnp_camera_rpy_deg"":[-7.302844,-0.477783,3.684783],""pnp_reprojection_error_px"":0.138379},{""tag_id"":17,""target_match"":true,""family"":""tag25h9"",""hamming"":0,""decision_margin"":151.346695,""pixel_xy"":[818.07152,334.568557],""world_xy_yaw"":[0.24876,0.956626,1.351832],""pnp_valid"":true,""pnp_camera_xyz"":[0.315816,-0.032605,1.26087],""pnp_camera_quat_xyzw"":[-0.042484,-0.034973,0.623632,0.779779],""pnp_camera_rpy_deg"":[-6.3082,-0.089009,77.307363],""pnp_reprojection_error_px"":0.077892}]",1,0.077892,151.346695,96.226596,,0,,0,,
2026-08-12T15:26:13.192316+00:00,21148.475970167,onboard_overhead_fish_dynamic,0,"[0.0,0.0,0.0,0.0]",0,0,0,0,,,,,,,,,,,,,,,,,,,,,,,,,,,,1,0.002278,280,1786548373.146979094,finsrov_stereo_left_optical,"[0.051460120831481215,-0.11647545023226291,0.378867982537003]","[0.0,0.0,0.0,1.0]","[0.0025,0.0025,0.0025,1000000.0,1000000.0,1000000.0]",0.001979,419,1,"[16,17]","[0.248437,0.956479,1.350258]","[{""tag_id"":16,""target_match"":true,""family"":""tag25h9"",""hamming"":0,""decision_margin"":149.905502,""pixel_xy"":[816.879121,651.734667],""world_xy_yaw"":[0.246757,0.569684,0.053902],""pnp_valid"":true,""pnp_camera_xyz"":[0.320168,0.722713,1.296767],""pnp_camera_quat_xyzw"":[-0.059146,-0.010912,0.033215,0.997637],""pnp_camera_rpy_deg"":[-6.820278,-1.022425,3.874694],""pnp_reprojection_error_px"":0.073887},{""tag_id"":17,""target_match"":true,""family"":""tag25h9"",""hamming"":0,""decision_margin"":150.302551,""pixel_xy"":[817.87939,334.689702],""world_xy_yaw"":[0.248437,0.956479,1.350258],""pnp_valid"":true,""pnp_camera_xyz"":[0.315437,-0.032333,1.26103],""pnp_camera_quat_xyzw"":[-0.042408,-0.03537,0.622924,0.780331],""pnp_camera_rpy_deg"":[-6.329733,-0.135614,77.206948],""pnp_reprojection_error_px"":0.085337}]",1,0.085337,150.302551,95.041202,,0,,0,,
2026-08-12T15:26:13.242291+00:00,21148.525944614,onboard_overhead_fish_dynamic,0,"[0.0,0.0,0.0,0.0]",0,0,0,0,,,,,,,,,,,,,,,,,,,,,,,,,,,,1,0.002281,281,1786548373.197062731,finsrov_stereo_left_optical,"[0.05276713049537718,-0.12598850014285745,0.37758362061479334]","[0.0,0.0,0.0,1.0]","[0.0025,0.0025,0.0025,1000000.0,1000000.0,1000000.0]",0.001230,421,1,"[16,17]","[0.247008,0.569263,0.061242]","[{""tag_id"":16,""target_match"":true,""family"":""tag25h9"",""hamming"":0,""decision_margin"":151.26181,""pixel_xy"":[817.028753,652.079403],""world_xy_yaw"":[0.247008,0.569263,0.061242],""pnp_valid"":true,""pnp_camera_xyz"":[0.321493,0.724753,1.299479],""pnp_camera_quat_xyzw"":[-0.064198,-0.010077,0.03304,0.997339],""pnp_camera_rpy_deg"":[-7.396542,-0.9087,3.853593],""pnp_reprojection_error_px"":0.11238},{""tag_id"":17,""target_match"":true,""family"":""tag25h9"",""hamming"":0,""decision_margin"":148.759857,""pixel_xy"":[817.63139,335.399959],""world_xy_yaw"":[0.248021,0.955612,1.341932],""pnp_valid"":true,""pnp_camera_xyz"":[0.315138,-0.030691,1.261894],""pnp_camera_quat_xyzw"":[-0.042073,-0.035834,0.619298,0.783209],""pnp_camera_rpy_deg"":[-6.331943,-0.230247,76.680861],""pnp_reprojection_error_px"":0.110265}]",1,0.11238,151.26181,95.078832,,0,,0,,
2026-08-12T15:26:13.291272+00:00,21148.574934888,onboard_overhead_fish_dynamic,0,"[0.0,0.0,0.0,0.0]",0,0,0,0,,,,,,,,,,,,,,,,,,,,,,,,,,,,1,0.001518,282,1786548373.246968985,finsrov_stereo_left_optical,"[0.054398042230603905,-0.11651331041082114,0.37786428199765526]","[0.0,0.0,0.0,1.0]","[0.0025,0.0025,0.0025,1000000.0,1000000.0,1000000.0]",0.001321,422,1,"[16,17]","[0.247262,0.569061,0.068664]","[{""tag_id"":16,""target_match"":true,""family"":""tag25h9"",""hamming"":0,""decision_margin"":148.910904,""pixel_xy"":[817.179951,652.245475],""world_xy_yaw"":[0.247262,0.569061,0.068664],""pnp_valid"":true,""pnp_camera_xyz"":[0.323434,0.728373,1.305424],""pnp_camera_quat_xyzw"":[-0.073775,-0.005738,0.033102,0.996709],""pnp_camera_rpy_deg"":[-8.479013,-0.375485,3.83216],""pnp_reprojection_error_px"":0.172296},{""tag_id"":17,""target_match"":true,""family"":""tag25h9"",""hamming"":0,""decision_margin"":148.572708,""pixel_xy"":[817.57228,335.815604],""world_xy_yaw"":[0.247921,0.955105,1.337157],""pnp_valid"":true,""pnp_camera_xyz"":[0.314918,-0.029728,1.261664],""pnp_camera_quat_xyzw"":[-0.043232,-0.035213,0.617774,0.784376],""pnp_camera_rpy_deg"":[-6.391866,-0.10452,76.453679],""pnp_reprojection_error_px"":0.098226}]",1,0.172296,148.910904,95.4839,,0,,0,,
2026-08-12T15:26:13.342303+00:00,21148.625955587,onboard_overhead_fish_dynamic,0,"[0.0,0.0,0.0,0.0]",0,0,0,0,,,,,,,,,,,,,,,,,,,,,,,,,,,,1,0.002297,283,1786548373.296967030,finsrov_stereo_left_optical,"[0.05754251463720761,-0.09541065879728139,0.3795595750727983]","[0.0,0.0,0.0,1.0]","[0.0025,0.0025,0.0025,1000000.0,1000000.0,1000000.0]",0.001255,424,1,"[16,17]","[0.247937,0.568759,0.068683]","[{""tag_id"":16,""target_match"":true,""family"":""tag25h9"",""hamming"":0,""decision_margin"":149.267258,""pixel_xy"":[817.581301,652.492239],""world_xy_yaw"":[0.247937,0.568759,0.068683],""pnp_valid"":true,""pnp_camera_xyz"":[0.32452,0.729536,1.306201],""pnp_camera_quat_xyzw"":[-0.079744,-0.013447,0.037374,0.996024],""pnp_camera_rpy_deg"":[-9.200701,-1.19334,4.393793],""pnp_reprojection_error_px"":0.123473},{""tag_id"":17,""target_match"":true,""family"":""tag25h9"",""hamming"":0,""decision_margin"":148.514893,""pixel_xy"":[817.437562,336.289582],""world_xy_yaw"":[0.247695,0.954527,1.332707],""pnp_valid"":true,""pnp_camera_xyz"":[0.314821,-0.028663,1.262606],""pnp_camera_quat_xyzw"":[-0.038971,-0.035423,0.615685,0.786231],""pnp_camera_rpy_deg"":[-6.02151,-0.44199,76.151134],""pnp_reprojection_error_px"":0.087604}]",1,0.123473,149.267258,94.642713,,0,,0,,
2026-08-12T15:26:13.392347+00:00,21148.675983408,onboard_overhead_fish_dynamic,0,"[0.0,0.0,0.0,0.0]",0,0,0,0,,,,,,,,,,,,,,,,,,,,,,,,,,,,1,0.002277,284,1786548373.346959114,finsrov_stereo_left_optical,"[0.06447615281804236,-0.08720234492442658,0.37903465496791017]","[0.0,0.0,0.0,1.0]","[0.0025,0.0025,0.0025,1000000.0,1000000.0,1000000.0]",0.002000,425,1,"[16,17]","[0.248356,0.568661,0.062359]","[{""tag_id"":16,""target_match"":true,""family"":""tag25h9"",""hamming"":0,""decision_margin"":148.851196,""pixel_xy"":[817.830989,652.572842],""world_xy_yaw"":[0.248356,0.568661,0.062359],""pnp_valid"":true,""pnp_camera_xyz"":[0.324803,0.729568,1.305632],""pnp_camera_quat_xyzw"":[-0.078567,-0.014745,0.036914,0.996116],""pnp_camera_rpy_deg"":[-9.07085,-1.350855,4.35173],""pnp_reprojection_error_px"":0.047471},{""tag_id"":17,""target_match"":true,""family"":""tag25h9"",""hamming"":0,""decision_margin"":147.430786,""pixel_xy"":[817.388111,336.434388],""world_xy_yaw"":[0.247612,0.95435,1.331093],""pnp_valid"":true,""pnp_camera_xyz"":[0.31475,-0.028377,1.262816],""pnp_camera_quat_xyzw"":[-0.037411,-0.036638,0.615039,0.786756],""pnp_camera_rpy_deg"":[-5.966189,-0.666466,76.067128],""pnp_reprojection_error_px"":0.076595}]",1,0.047471,148.851196,95.38445,,0,,0,,
2026-08-12T15:26:13.440088+00:00,21148.723759110,onboard_overhead_fish_dynamic,0,"[0.0,0.0,0.0,0.0]",0,0,0,0,,,,,,,,,,,,,,,,,,,,,,,,,,,,1,0.000722,285,1786548373.397083998,finsrov_stereo_left_optical,"[0.06395176992724083,-0.08987542756149336,0.3789826030359279]","[0.0,0.0,0.0,1.0]","[0.0025,0.0025,0.0025,1000000.0,1000000.0,1000000.0]",0.000359,427,1,"[16,17]","[0.247418,0.954289,1.332964]","[{""tag_id"":16,""target_match"":true,""family"":""tag25h9"",""hamming"":0,""decision_margin"":146.36293,""pixel_xy"":[818.197214,652.856066],""world_xy_yaw"":[0.248971,0.568316,0.059689],""pnp_valid"":true,""pnp_camera_xyz"":[0.326746,0.733516,1.311455],""pnp_camera_quat_xyzw"":[-0.079912,-0.006381,0.035949,0.996133],""pnp_camera_rpy_deg"":[-9.187681,-0.399141,4.16575],""pnp_reprojection_error_px"":0.134824},{""tag_id"":17,""target_match"":true,""family"":""tag25h9"",""hamming"":0,""decision_margin"":146.826477,""pixel_xy"":[817.272762,336.484472],""world_xy_yaw"":[0.247418,0.954289,1.332964],""pnp_valid"":true,""pnp_camera_xyz"":[0.31463,-0.028229,1.263402],""pnp_camera_quat_xyzw"":[-0.035473,-0.036788,0.615196,0.786716],""pnp_camera_rpy_deg"":[-5.80185,-0.815848,76.090728],""pnp_reprojection_error_px"":0.084538}]",1,0.084538,146.826477,94.866802,,0,,0,,
2026-08-12T15:26:13.491275+00:00,21148.774937110,onboard_overhead_fish_dynamic,0,"[0.0,0.0,0.0,0.0]",0,0,0,0,,,,,,,,,,,,,,,,,,,,,,,,,,,,1,0.001505,286,1786548373.446974754,finsrov_stereo_left_optical,"[0.0657021332923225,-0.08149948979305677,0.3817548729538908]","[0.0,0.0,0.0,1.0]","[0.0025,0.0025,0.0025,1000000.0,1000000.0,1000000.0]",0.001312,428,1,"[16,17]","[0.247268,0.954375,1.334645]","[{""tag_id"":16,""target_match"":true,""family"":""tag25h9"",""hamming"":0,""decision_margin"":145.040405,""pixel_xy"":[818.307093,653.020681],""world_xy_yaw"":[0.249156,0.568115,0.062335],""pnp_valid"":true,""pnp_camera_xyz"":[0.32636,0.732646,1.309222],""pnp_camera_quat_xyzw"":[-0.078463,0.000439,0.03502,0.996302],""pnp_camera_rpy_deg"":[-8.993282,0.365023,3.997556],""pnp_reprojection_error_px"":0.173916},{""tag_id"":17,""target_match"":true,""family"":""tag25h9"",""hamming"":0,""decision_margin"":146.338547,""pixel_xy"":[817.183574,336.413717],""world_xy_yaw"":[0.247268,0.954375,1.334645],""pnp_valid"":true,""pnp_camera_xyz"":[0.31441,-0.028378,1.263317],""pnp_camera_quat_xyzw"":[-0.035931,-0.036308,0.615878,0.786184],""pnp_camera_rpy_deg"":[-5.809867,-0.735182,76.185873],""pnp_reprojection_error_px"":0.090308}]",1,0.090308,146.338547,95.195296,,0,,0,,
2026-08-12T15:26:13.540676+00:00,21148.824343403,onboard_overhead_fish_dynamic,0,"[0.0,0.0,0.0,0.0]",0,0,0,0,,,,,,,,,,,,,,,,,,,,,,,,,,,,1,0.001166,287,1786548373.497128963,finsrov_stereo_left_optical,"[0.06466456997899717,-0.08539345716944913,0.3815043143623984]","[0.0,0.0,0.0,1.0]","[0.0025,0.0025,0.0025,1000000.0,1000000.0,1000000.0]",0.000614,430,1,"[16,17]","[0.246927,0.954543,1.337084]","[{""tag_id"":16,""target_match"":true,""family"":""tag25h9"",""hamming"":0,""decision_margin"":146.533524,""pixel_xy"":[818.054105,653.334014],""world_xy_yaw"":[0.248731,0.567733,0.067217],""pnp_valid"":true,""pnp_camera_xyz"":[0.321079,0.72151,1.288129],""pnp_camera_quat_xyzw"":[-0.064423,-0.007441,0.035085,0.997278],""pnp_camera_rpy_deg"":[-7.413244,-0.591396,4.068078],""pnp_reprojection_error_px"":0.086009},{""tag_id"":17,""target_match"":true,""family"":""tag25h9"",""hamming"":0,""decision_margin"":150.504807,""pixel_xy"":[816.980474,336.276167],""world_xy_yaw"":[0.246927,0.954543,1.337084],""pnp_valid"":true,""pnp_camera_xyz"":[0.313647,-0.028667,1.262223],""pnp_camera_quat_xyzw"":[-0.040666,-0.037766,0.617049,0.784965],""pnp_camera_rpy_deg"":[-6.341537,-0.521677,76.369554],""pnp_reprojection_error_px"":0.084498}]",1,0.084498,150.504807,94.706572,,0,,0,,
2026-08-12T15:26:13.591574+00:00,21148.875233028,onboard_overhead_fish_dynamic,0,"[0.0,0.0,0.0,0.0]",0,0,0,0,,,,,,,,,,,,,,,,,,,,,,,,,,,,1,0.001736,288,1786548373.546978235,finsrov_stereo_left_optical,"[0.058368957745890016,-0.12832784611557224,0.3738422450865062]","[0.0,0.0,0.0,1.0]","[0.0025,0.0025,0.0025,1000000.0,1000000.0,1000000.0]",0.001518,431,1,"[16,17]","[0.248456,0.567562,0.072039]","[{""tag_id"":16,""target_match"":true,""family"":""tag25h9"",""hamming"":0,""decision_margin"":147.655228,""pixel_xy"":[817.89064,653.47365],""world_xy_yaw"":[0.248456,0.567562,0.072039],""pnp_valid"":true,""pnp_camera_xyz"":[0.319345,0.717897,1.281463],""pnp_camera_quat_xyzw"":[-0.061792,-0.009911,0.03538,0.997413],""pnp_camera_rpy_deg"":[-7.121888,-0.882292,4.117948],""pnp_reprojection_error_px"":0.243865},{""tag_id"":17,""target_match"":true,""family"":""tag25h9"",""hamming"":0,""decision_margin"":146.874695,""pixel_xy"":[816.83716,336.256491],""world_xy_yaw"":[0.246686,0.954567,1.337936],""pnp_valid"":true,""pnp_camera_xyz"":[0.313432,-0.0287,1.262574],""pnp_camera_quat_xyzw"":[-0.044018,-0.037584,0.61754,0.784407],""pnp_camera_rpy_deg"":[-6.631111,-0.263371,76.439849],""pnp_reprojection_error_px"":0.100318}]",1,0.243865,147.655228,94.862574,,0,,0,,
2026-08-12T15:26:13.641257+00:00,21148.924920435,onboard_overhead_fish_dynamic,0,"[0.0,0.0,0.0,0.0]",0,0,0,0,,,,,,,,,,,,,,,,,,,,,,,,,,,,1,0.001532,289,1786548373.597187996,finsrov_stereo_left_optical,"[0.05649701652239014,-0.13978204225187363,0.37110543585485867]","[0.0,0.0,0.0,1.0]","[0.0025,0.0025,0.0025,1000000.0,1000000.0,1000000.0]",0.000804,433,1,"[16,17]","[0.248285,0.567519,0.081297]","[{""tag_id"":16,""target_match"":true,""family"":""tag25h9"",""hamming"":0,""decision_margin"":149.02002,""pixel_xy"":[817.788694,653.508977],""world_xy_yaw"":[0.248285,0.567519,0.081297],""pnp_valid"":true,""pnp_camera_xyz"":[0.321711,0.723746,1.291801],""pnp_camera_quat_xyzw"":[-0.071152,-0.004014,0.036329,0.996796],""pnp_camera_rpy_deg"":[-8.171747,-0.162317,4.186085],""pnp_reprojection_error_px"":0.261573},{""tag_id"":17,""target_match"":true,""family"":""tag25h9"",""hamming"":0,""decision_margin"":145.827667,""pixel_xy"":[816.568565,336.247241],""world_xy_yaw"":[0.246235,0.954578,1.339847],""pnp_valid"":true,""pnp_camera_xyz"":[0.312876,-0.028714,1.263084],""pnp_camera_quat_xyzw"":[-0.043648,-0.041554,0.617454,0.784295],""pnp_camera_rpy_deg"":[-6.879864,-0.646309,76.463565],""pnp_reprojection_error_px"":0.086469}]",1,0.261573,149.02002,93.99655,,0,,0,,
2026-08-12T15:26:13.692011+00:00,21148.975667576,onboard_overhead_fish_dynamic,0,"[0.0,0.0,0.0,0.0]",0,0,0,0,,,,,,,,,,,,,,,,,,,,,,,,,,,,1,0.002037,290,1786548373.646956921,finsrov_stereo_left_optical,"[0.06238209273067297,-0.1149762849160062,0.3757202859300476]","[0.0,0.0,0.0,1.0]","[0.0025,0.0025,0.0025,1000000.0,1000000.0,1000000.0]",0.001788,434,1,"[16,17]","[0.248411,0.567585,0.078323]","[{""tag_id"":16,""target_match"":true,""family"":""tag25h9"",""hamming"":0,""decision_margin"":149.095215,""pixel_xy"":[817.863709,653.454594],""world_xy_yaw"":[0.248411,0.567585,0.078323],""pnp_valid"":true,""pnp_camera_xyz"":[0.32378,0.728411,1.300183],""pnp_camera_quat_xyzw"":[-0.076741,-0.00398,0.036821,0.996363],""pnp_camera_rpy_deg"":[-8.813409,-0.130606,4.2429],""pnp_reprojection_error_px"":0.166252},{""tag_id"":17,""target_match"":true,""family"":""tag25h9"",""hamming"":0,""decision_margin"":147.251785,""pixel_xy"":[816.449322,336.306091],""world_xy_yaw"":[0.246035,0.954507,1.339914],""pnp_valid"":true,""pnp_camera_xyz"":[0.312552,-0.028614,1.262896],""pnp_camera_quat_xyzw"":[-0.045045,-0.041223,0.61803,0.78378],""pnp_camera_rpy_deg"":[-6.982657,-0.512314,76.544559],""pnp_reprojection_error_px"":0.073564}]",1,0.166252,149.095215,93.972108,,0,,0,,
2026-08-12T15:26:13.742686+00:00,21149.026326964,onboard_overhead_fish_dynamic,0,"[0.0,0.0,0.0,0.0]",0,0,0,0,,,,,,,,,,,,,,,,,,,,,,,,,,,,1,0.002716,291,1786548373.697041273,finsrov_stereo_left_optical,"[0.06592322052614469,-0.09746849886762354,0.3787867939986018]","[0.0,0.0,0.0,1.0]","[0.0025,0.0025,0.0025,1000000.0,1000000.0,1000000.0]",0.001694,436,1,"[16,17]","[0.248797,0.567841,0.066909]","[{""tag_id"":16,""target_match"":true,""family"":""tag25h9"",""hamming"":0,""decision_margin"":149.211929,""pixel_xy"":[818.093566,653.245351],""world_xy_yaw"":[0.248797,0.567841,0.066909],""pnp_valid"":true,""pnp_camera_xyz"":[0.327506,0.736864,1.315087],""pnp_camera_quat_xyzw"":[-0.08027,-0.006266,0.038094,0.996025],""pnp_camera_rpy_deg"":[-9.229145,-0.364743,4.409978],""pnp_reprojection_error_px"":0.189945},{""tag_id"":17,""target_match"":true,""family"":""tag25h9"",""hamming"":0,""decision_margin"":146.306976,""pixel_xy"":[816.252607,336.550248],""world_xy_yaw"":[0.245704,0.954209,1.335758],""pnp_valid"":true,""pnp_camera_xyz"":[0.312395,-0.028102,1.264112],""pnp_camera_quat_xyzw"":[-0.043409,-0.038328,0.617016,0.784817],""pnp_camera_rpy_deg"":[-6.628814,-0.377732,76.370083],""pnp_reprojection_error_px"":0.065509}]",1,0.189945,149.211929,94.172851,,0,,0,,
2026-08-12T15:26:13.791576+00:00,21149.075234901,onboard_overhead_fish_dynamic,0,"[0.0,0.0,0.0,0.0]",0,0,0,0,,,,,,,,,,,,,,,,,,,,,,,,,,,,1,0.001729,292,1786548373.746972322,finsrov_stereo_left_optical,"[0.07219087090810472,-0.07764069037583987,0.3839295596813831]","[0.0,0.0,0.0,1.0]","[0.0025,0.0025,0.0025,1000000.0,1000000.0,1000000.0]",0.001513,437,1,"[16,17]","[0.248909,0.567735,0.065141]","[{""tag_id"":16,""target_match"":true,""family"":""tag25h9"",""hamming"":0,""decision_margin"":147.228928,""pixel_xy"":[818.16036,653.331858],""world_xy_yaw"":[0.248909,0.567735,0.065141],""pnp_valid"":true,""pnp_camera_xyz"":[0.326837,0.735186,1.311886],""pnp_camera_quat_xyzw"":[-0.073915,-0.010658,0.039881,0.99641],""pnp_camera_rpy_deg"":[-8.520718,-0.8792,4.649551],""pnp_reprojection_error_px"":0.166796},{""tag_id"":17,""target_match"":true,""family"":""tag25h9"",""hamming"":0,""decision_margin"":145.224792,""pixel_xy"":[816.159539,336.653259],""world_xy_yaw"":[0.245548,0.954083,1.334564],""pnp_valid"":true,""pnp_camera_xyz"":[0.312177,-0.027841,1.264057],""pnp_camera_quat_xyzw"":[-0.041037,-0.038167,0.616141,0.78564],""pnp_camera_rpy_deg"":[-6.402832,-0.53876,76.241008],""pnp_reprojection_error_px"":0.074712}]",1,0.166796,147.228928,92.939603,,0,,0,,
2026-08-12T15:26:13.841971+00:00,21149.125628628,onboard_overhead_fish_dynamic,0,"[0.0,0.0,0.0,0.0]",0,0,0,0,,,,,,,,,,,,,,,,,,,,,,,,,,,,1,0.002038,293,1786548373.797081470,finsrov_stereo_left_optical,"[0.0737713388868631,-0.09107812381103897,0.3825322864301276]","[0.0,0.0,0.0,1.0]","[0.0025,0.0025,0.0025,1000000.0,1000000.0,1000000.0]",0.001105,439,1,"[16,17]","[0.248844,0.567274,0.075262]","[{""tag_id"":16,""target_match"":true,""family"":""tag25h9"",""hamming"":0,""decision_margin"":146.373703,""pixel_xy"":[818.121356,653.70982],""world_xy_yaw"":[0.248844,0.567274,0.075262],""pnp_valid"":true,""pnp_camera_xyz"":[0.326645,0.734599,1.310076],""pnp_camera_quat_xyzw"":[-0.079309,-0.006876,0.039076,0.99606],""pnp_camera_rpy_deg"":[-9.121925,-0.42974,4.527519],""pnp_reprojection_error_px"":0.077387},{""tag_id"":17,""target_match"":true,""family"":""tag25h9"",""hamming"":0,""decision_margin"":142.201721,""pixel_xy"":[816.055769,336.883401],""world_xy_yaw"":[0.245374,0.953802,1.331342],""pnp_valid"":true,""pnp_camera_xyz"":[0.311863,-0.027368,1.263641],""pnp_camera_quat_xyzw"":[-0.037443,-0.039692,0.614721,0.786855],""pnp_camera_rpy_deg"":[-6.184985,-0.941395,76.047461],""pnp_reprojection_error_px"":0.073659}]",1,0.077387,146.373703,93.659972,,0,,0,,
2026-08-12T15:26:13.891930+00:00,21149.175586664,onboard_overhead_fish_dynamic,0,"[0.0,0.0,0.0,0.0]",0,0,0,0,,,,,,,,,,,,,,,,,,,,,,,,,,,,1,0.002053,294,1786548373.846964836,finsrov_stereo_left_optical,"[0.07301379765223615,-0.08411617081990164,0.3816276396993344]","[0.0,0.0,0.0,1.0]","[0.0025,0.0025,0.0025,1000000.0,1000000.0,1000000.0]",0.001814,440,1,"[16,17]","[0.248749,0.567032,0.078211]","[{""tag_id"":16,""target_match"":true,""family"":""tag25h9"",""hamming"":0,""decision_margin"":146.983688,""pixel_xy"":[818.064598,653.907878],""world_xy_yaw"":[0.248749,0.567032,0.078211],""pnp_valid"":true,""pnp_camera_xyz"":[0.324836,0.730836,1.302771],""pnp_camera_quat_xyzw"":[-0.079517,-0.008331,0.039611,0.996011],""pnp_camera_rpy_deg"":[-9.152798,-0.58993,4.602075],""pnp_reprojection_error_px"":0.163428},{""tag_id"":17,""target_match"":true,""family"":""tag25h9"",""hamming"":0,""decision_margin"":146.101471,""pixel_xy"":[816.089303,337.017614],""world_xy_yaw"":[0.24543,0.953639,1.328654],""pnp_valid"":true,""pnp_camera_xyz"":[0.311994,-0.027066,1.264155],""pnp_camera_quat_xyzw"":[-0.037676,-0.036841,0.614378,0.787251],""pnp_camera_rpy_deg"":[-6.003967,-0.671023,75.972804],""pnp_reprojection_error_px"":0.04282}]",1,0.163428,146.983688,93.908893,,0,,0,,
2026-08-12T15:26:13.942211+00:00,21149.225866319,onboard_overhead_fish_dynamic,0,"[0.0,0.0,0.0,0.0]",0,0,0,0,,,,,,,,,,,,,,,,,,,,,,,,,,,,1,0.002227,295,1786548373.897129059,finsrov_stereo_left_optical,"[0.07135285497241606,-0.09225257477845672,0.37895239996229924]","[0.0,0.0,0.0,1.0]","[0.0025,0.0025,0.0025,1000000.0,1000000.0,1000000.0]",0.001224,442,1,"[16,17]","[0.248367,0.566654,0.075391]","[{""tag_id"":16,""target_match"":true,""family"":""tag25h9"",""hamming"":0,""decision_margin"":147.564865,""pixel_xy"":[817.837703,654.218397],""world_xy_yaw"":[0.248367,0.566654,0.075391],""pnp_valid"":true,""pnp_camera_xyz"":[0.321779,0.72596,1.292513],""pnp_camera_quat_xyzw"":[-0.078247,-0.01639,0.041671,0.995928],""pnp_camera_rpy_deg"":[-9.048814,-1.497043,4.910381],""pnp_reprojection_error_px"":0.150907},{""tag_id"":17,""target_match"":true,""family"":""tag25h9"",""hamming"":0,""decision_margin"":143.939285,""pixel_xy"":[816.033089,336.929694],""world_xy_yaw"":[0.245336,0.953746,1.327311],""pnp_valid"":true,""pnp_camera_xyz"":[0.311989,-0.027296,1.264584],""pnp_camera_quat_xyzw"":[-0.03903,-0.035454,0.614324,0.78729],""pnp_camera_rpy_deg"":[-6.02825,-0.450976,75.953663],""pnp_reprojection_error_px"":0.049334}]",1,0.150907,147.564865,93.993882,,0,,0,,
2026-08-12T15:26:13.992004+00:00,21149.275659049,onboard_overhead_fish_dynamic,0,"[0.0,0.0,0.0,0.0]",0,0,0,0,,,,,,,,,,,,,,,,,,,,,,,,,,,,1,0.002062,296,1786548373.946963549,finsrov_stereo_left_optical,"[0.06984495278451974,-0.1060283371822186,0.3761123740232633]","[0.0,0.0,0.0,1.0]","[0.0025,0.0025,0.0025,1000000.0,1000000.0,1000000.0]",0.001820,443,1,"[16,17]","[0.248143,0.56649,0.069062]","[{""tag_id"":16,""target_match"":true,""family"":""tag25h9"",""hamming"":0,""decision_margin"":147.775391,""pixel_xy"":[817.704226,654.352719],""world_xy_yaw"":[0.248143,0.56649,0.069062],""pnp_valid"":true,""pnp_camera_xyz"":[0.32116,0.725929,1.291649],""pnp_camera_quat_xyzw"":[-0.073086,-0.023047,0.042961,0.996133],""pnp_camera_rpy_deg"":[-8.493894,-2.271592,5.107761],""pnp_reprojection_error_px"":0.101399},{""tag_id"":17,""target_match"":true,""family"":""tag25h9"",""hamming"":0,""decision_margin"":145.369324,""pixel_xy"":[815.961603,336.645094],""world_xy_yaw"":[0.245215,0.954093,1.329343],""pnp_valid"":true,""pnp_camera_xyz"":[0.311758,-0.027939,1.264483],""pnp_camera_quat_xyzw"":[-0.039189,-0.034904,0.615185,0.786634],""pnp_camera_rpy_deg"":[-6.004232,-0.38361,76.074313],""pnp_reprojection_error_px"":0.035177}]",1,0.101399,147.775391,95.160732,,0,,0,,
2026-08-12T15:26:14.042215+00:00,21149.325870287,onboard_overhead_fish_dynamic,0,"[0.0,0.0,0.0,0.0]",0,0,0,0,,,,,,,,,,,,,,,,,,,,,,,,,,,,1,0.002218,297,1786548373.997137547,finsrov_stereo_left_optical,"[0.07034281473425297,-0.11496012861724103,0.3766667711291214]","[0.0,0.0,0.0,1.0]","[0.0025,0.0025,0.0025,1000000.0,1000000.0,1000000.0]",0.001216,445,1,"[16,17]","[0.248013,0.566214,0.06106]","[{""tag_id"":16,""target_match"":true,""family"":""tag25h9"",""hamming"":0,""decision_margin"":146.845047,""pixel_xy"":[817.626998,654.578765],""world_xy_yaw"":[0.248013,0.566214,0.06106],""pnp_valid"":true,""pnp_camera_xyz"":[0.323697,0.734295,1.305205],""pnp_camera_quat_xyzw"":[-0.077935,-0.014189,0.041831,0.995979],""pnp_camera_rpy_deg"":[-9.001861,-1.24589,4.908109],""pnp_reprojection_error_px"":0.202076},{""tag_id"":17,""target_match"":true,""family"":""tag25h9"",""hamming"":0,""decision_margin"":144.464539,""pixel_xy"":[815.747183,336.241305],""world_xy_yaw"":[0.244855,0.954586,1.330043],""pnp_valid"":true,""pnp_camera_xyz"":[0.311265,-0.028831,1.264492],""pnp_camera_quat_xyzw"":[-0.042387,-0.033438,0.615657,0.786162],""pnp_camera_rpy_deg"":[-6.189605,-0.021994,76.131428],""pnp_reprojection_error_px"":0.049207}]",1,0.202076,146.845047,95.088472,,0,,0,,
2026-08-12T15:26:14.090780+00:00,21149.374444023,onboard_overhead_fish_dynamic,0,"[0.0,0.0,0.0,0.0]",0,0,0,0,,,,,,,,,,,,,,,,,,,,,,,,,,,,1,0.001174,298,1786548374.046956062,finsrov_stereo_left_optical,"[0.07411054029157549,-0.09228283806493054,0.3835642032667767]","[0.0,0.0,0.0,1.0]","[0.0025,0.0025,0.0025,1000000.0,1000000.0,1000000.0]",0.001020,446,1,"[16,17]","[0.247747,0.565936,0.066511]","[{""tag_id"":16,""target_match"":true,""family"":""tag25h9"",""hamming"":0,""decision_margin"":147.074814,""pixel_xy"":[817.468375,654.806513],""world_xy_yaw"":[0.247747,0.565936,0.066511],""pnp_valid"":true,""pnp_camera_xyz"":[0.323833,0.735636,1.306838],""pnp_camera_quat_xyzw"":[-0.076272,-0.008587,0.040581,0.996224],""pnp_camera_rpy_deg"":[-8.781871,-0.625571,4.713304],""pnp_reprojection_error_px"":0.140194},{""tag_id"":17,""target_match"":true,""family"":""tag25h9"",""hamming"":0,""decision_margin"":146.067398,""pixel_xy"":[815.636355,336.214117],""world_xy_yaw"":[0.244669,0.954619,1.328903],""pnp_valid"":true,""pnp_camera_xyz"":[0.311116,-0.02888,1.265014],""pnp_camera_quat_xyzw"":[-0.044189,-0.031588,0.615553,0.786222],""pnp_camera_rpy_deg"":[-6.221665,0.271054,76.101823],""pnp_reprojection_error_px"":0.054228}]",1,0.140194,147.074814,95.864106,,0,,0,,
2026-08-12T15:26:14.142398+00:00,21149.426052408,onboard_overhead_fish_dynamic,0,"[0.0,0.0,0.0,0.0]",0,0,0,0,,,,,,,,,,,,,,,,,,,,,,,,,,,,1,0.002375,299,1786548374.097030878,finsrov_stereo_left_optical,"[0.07317451574172107,-0.09300963056830303,0.38489030100150307]","[0.0,0.0,0.0,1.0]","[0.0025,0.0025,0.0025,1000000.0,1000000.0,1000000.0]",0.001300,448,1,"[16,17]","[0.246819,0.565286,0.084988]","[{""tag_id"":16,""target_match"":true,""family"":""tag25h9"",""hamming"":0,""decision_margin"":148.60643,""pixel_xy"":[816.915872,655.33897],""world_xy_yaw"":[0.246819,0.565286,0.084988],""pnp_valid"":true,""pnp_camera_xyz"":[0.323148,0.736685,1.306831],""pnp_camera_quat_xyzw"":[-0.072932,0.002881,0.036996,0.996646],""pnp_camera_rpy_deg"":[-8.347115,0.638221,4.205145],""pnp_reprojection_error_px"":0.160626},{""tag_id"":17,""target_match"":true,""family"":""tag25h9"",""hamming"":0,""decision_margin"":146.601685,""pixel_xy"":[815.392535,336.436173],""world_xy_yaw"":[0.244259,0.954348,1.326811],""pnp_valid"":true,""pnp_camera_xyz"":[0.310332,-0.02835,1.264053],""pnp_camera_quat_xyzw"":[-0.047199,-0.030051,0.615357,0.78626],""pnp_camera_rpy_deg"":[-6.385215,0.620666,76.061554],""pnp_reprojection_error_px"":0.054467}]",1,0.160626,148.60643,95.34694,,0,,0,,
2026-08-12T15:26:14.191221+00:00,21149.474882933,onboard_overhead_fish_dynamic,0,"[0.0,0.0,0.0,0.0]",0,0,0,0,,,,,,,,,,,,,,,,,,,,,,,,,,,,1,0.001554,300,1786548374.146949768,finsrov_stereo_left_optical,"[0.06904404856959945,-0.09607644759208378,0.3856838347365821]","[0.0,0.0,0.0,1.0]","[0.0025,0.0025,0.0025,1000000.0,1000000.0,1000000.0]",0.001360,449,1,"[16,17]","[0.246458,0.565016,0.082625]","[{""tag_id"":16,""target_match"":true,""family"":""tag25h9"",""hamming"":0,""decision_margin"":148.688522,""pixel_xy"":[816.701449,655.561029],""world_xy_yaw"":[0.246458,0.565016,0.082625],""pnp_valid"":true,""pnp_camera_xyz"":[0.321152,0.733446,1.300386],""pnp_camera_quat_xyzw"":[-0.068637,-0.006299,0.039293,0.996848],""pnp_camera_rpy_deg"":[-7.893931,-0.410518,4.542863],""pnp_reprojection_error_px"":0.228749},{""tag_id"":17,""target_match"":true,""family"":""tag25h9"",""hamming"":0,""decision_margin"":147.021759,""pixel_xy"":[815.272603,336.645654],""world_xy_yaw"":[0.244058,0.954092,1.325147],""pnp_valid"":true,""pnp_camera_xyz"":[0.310102,-0.027914,1.264301],""pnp_camera_quat_xyzw"":[-0.047227,-0.030913,0.614944,0.786548],""pnp_camera_rpy_deg"":[-6.448896,0.541723,76.007878],""pnp_reprojection_error_px"":0.035959}]",1,0.228749,148.688522,95.633082,,0,,0,,
2026-08-12T15:26:14.242013+00:00,21149.525670057,onboard_overhead_fish_dynamic,0,"[0.0,0.0,0.0,0.0]",0,0,0,0,,,,,,,,,,,,,,,,,,,,,,,,,,,,1,0.002154,301,1786548374.196999550,finsrov_stereo_left_optical,"[0.06940586358151968,-0.11047480535291299,0.3828847229361083]","[0.0,0.0,0.0,1.0]","[0.0025,0.0025,0.0025,1000000.0,1000000.0,1000000.0]",0.001188,451,1,"[16,17]","[0.246234,0.56481,0.073727]","[{""tag_id"":16,""target_match"":true,""family"":""tag25h9"",""hamming"":0,""decision_margin"":147.23111,""pixel_xy"":[816.567717,655.729823],""world_xy_yaw"":[0.246234,0.56481,0.073727],""pnp_valid"":true,""pnp_camera_xyz"":[0.319671,0.731785,1.296563],""pnp_camera_quat_xyzw"":[-0.067247,-0.0163,0.042348,0.996704],""pnp_camera_rpy_deg"":[-7.786391,-1.535583,4.970379],""pnp_reprojection_error_px"":0.128701},{""tag_id"":17,""target_match"":true,""family"":""tag25h9"",""hamming"":0,""decision_margin"":146.404358,""pixel_xy"":[815.053702,337.156719],""world_xy_yaw"":[0.24369,0.953469,1.323071],""pnp_valid"":true,""pnp_camera_xyz"":[0.30947,-0.026655,1.263825],""pnp_camera_quat_xyzw"":[-0.045754,-0.032729,0.613188,0.787931],""pnp_camera_rpy_deg"":[-6.444553,0.259888,75.767306],""pnp_reprojection_error_px"":0.053969}]",1,0.128701,147.23111,95.608703,,0,,0,,
2026-08-12T15:26:14.291898+00:00,21149.575554273,onboard_overhead_fish_dynamic,0,"[0.0,0.0,0.0,0.0]",0,0,0,0,,,,,,,,,,,,,,,,,,,,,,,,,,,,1,0.002017,302,1786548374.247008801,finsrov_stereo_left_optical,"[0.07151889204950157,-0.1171082388435638,0.38016589421380975]","[0.0,0.0,0.0,1.0]","[0.0025,0.0025,0.0025,1000000.0,1000000.0,1000000.0]",0.001779,452,1,"[16,17]","[0.246183,0.564899,0.066565]","[{""tag_id"":16,""target_match"":true,""family"":""tag25h9"",""hamming"":0,""decision_margin"":151.355545,""pixel_xy"":[816.53755,655.656775],""world_xy_yaw"":[0.246183,0.564899,0.066565],""pnp_valid"":true,""pnp_camera_xyz"":[0.320691,0.73502,1.302196],""pnp_camera_quat_xyzw"":[-0.069399,-0.011886,0.039808,0.996724],""pnp_camera_rpy_deg"":[-8.008078,-1.041083,4.647126],""pnp_reprojection_error_px"":0.033331},{""tag_id"":17,""target_match"":true,""family"":""tag25h9"",""hamming"":0,""decision_margin"":148.040802,""pixel_xy"":[814.943801,337.425746],""world_xy_yaw"":[0.243506,0.953141,1.319415],""pnp_valid"":true,""pnp_camera_xyz"":[0.309313,-0.026128,1.264268],""pnp_camera_quat_xyzw"":[-0.045806,-0.029707,0.613042,0.788162],""pnp_camera_rpy_deg"":[-6.236515,0.534858,75.723241],""pnp_reprojection_error_px"":0.021013}]",1,0.033331,151.355545,96.757572,,0,,0,,
2026-08-12T15:26:14.342312+00:00,21149.625965105,onboard_overhead_fish_dynamic,0,"[0.0,0.0,0.0,0.0]",0,0,0,0,,,,,,,,,,,,,,,,,,,,,,,,,,,,1,0.002348,303,1786548374.297054052,finsrov_stereo_left_optical,"[0.06984708380634086,-0.1079811222900876,0.38239344783391055]","[0.0,0.0,0.0,1.0]","[0.0025,0.0025,0.0025,1000000.0,1000000.0,1000000.0]",0.001307,454,1,"[16,17]","[0.245549,0.565169,0.071125]","[{""tag_id"":16,""target_match"":true,""family"":""tag25h9"",""hamming"":0,""decision_margin"":149.912018,""pixel_xy"":[816.160193,655.435501],""world_xy_yaw"":[0.245549,0.565169,0.071125],""pnp_valid"":true,""pnp_camera_xyz"":[0.320722,0.736179,1.304954],""pnp_camera_quat_xyzw"":[-0.065131,-0.012111,0.039303,0.997029],""pnp_camera_rpy_deg"":[-7.51872,-1.090398,4.586565],""pnp_reprojection_error_px"":0.101584},{""tag_id"":17,""target_match"":true,""family"":""tag25h9"",""hamming"":0,""decision_margin"":144.339249,""pixel_xy"":[814.727817,337.88766],""world_xy_yaw"":[0.243143,0.952577,1.312914],""pnp_valid"":true,""pnp_camera_xyz"":[0.30863,-0.025068,1.263401],""pnp_camera_quat_xyzw"":[-0.042755,-0.030305,0.610237,0.790484],""pnp_camera_rpy_deg"":[-6.003039,0.244683,75.321992],""pnp_reprojection_error_px"":0.031688}]",1,0.101584,149.912018,96.455473,,0,,0,,
2026-08-12T15:26:14.391907+00:00,21149.675562219,onboard_overhead_fish_dynamic,0,"[0.0,0.0,0.0,0.0]",0,0,0,0,,,,,,,,,,,,,,,,,,,,,,,,,,,,1,0.002087,304,1786548374.347154856,finsrov_stereo_left_optical,"[0.0697513169722237,-0.11085582775789904,0.3819476784197744]","[0.0,0.0,0.0,1.0]","[0.0025,0.0025,0.0025,1000000.0,1000000.0,1000000.0]",0.001841,455,1,"[16,17]","[0.245497,0.565251,0.067788]","[{""tag_id"":16,""target_match"":true,""family"":""tag25h9"",""hamming"":0,""decision_margin"":151.721176,""pixel_xy"":[816.129192,655.367781],""world_xy_yaw"":[0.245497,0.565251,0.067788],""pnp_valid"":true,""pnp_camera_xyz"":[0.321384,0.73835,1.309246],""pnp_camera_quat_xyzw"":[-0.068216,-0.007961,0.039114,0.996872],""pnp_camera_rpy_deg"":[-7.853252,-0.603677,4.535321],""pnp_reprojection_error_px"":0.064547},{""tag_id"":17,""target_match"":true,""family"":""tag25h9"",""hamming"":0,""decision_margin"":146.117538,""pixel_xy"":[814.689502,338.095311],""world_xy_yaw"":[0.243078,0.952324,1.310296],""pnp_valid"":true,""pnp_camera_xyz"":[0.308319,-0.024538,1.262658],""pnp_camera_quat_xyzw"":[-0.041288,-0.032777,0.608419,0.791863],""pnp_camera_rpy_deg"":[-6.042915,-0.095682,75.078031],""pnp_reprojection_error_px"":0.017255}]",1,0.064547,151.721176,95.233059,,0,,0,,
2026-08-12T15:26:14.440222+00:00,21149.723893482,onboard_overhead_fish_dynamic,0,"[0.0,0.0,0.0,0.0]",0,0,0,0,,,,,,,,,,,,,,,,,,,,,,,,,,,,1,0.000718,305,1786548374.397011042,finsrov_stereo_left_optical,"[0.07116306224618957,-0.10067086010957604,0.38283693315753264]","[0.0,0.0,0.0,1.0]","[0.0025,0.0025,0.0025,1000000.0,1000000.0,1000000.0]",0.000613,456,1,"[16,17]","[0.245482,0.565351,0.063921]","[{""tag_id"":16,""target_match"":true,""family"":""tag25h9"",""hamming"":0,""decision_margin"":151.965286,""pixel_xy"":[816.120214,655.28631],""world_xy_yaw"":[0.245482,0.565351,0.063921],""pnp_valid"":true,""pnp_camera_xyz"":[0.321613,0.739401,1.311224],""pnp_camera_quat_xyzw"":[-0.066486,-0.006156,0.03894,0.997008],""pnp_camera_rpy_deg"":[-7.646305,-0.40664,4.500535],""pnp_reprojection_error_px"":0.1792},{""tag_id"":17,""target_match"":true,""family"":""tag25h9"",""hamming"":0,""decision_margin"":148.491608,""pixel_xy"":[814.665056,338.314135],""world_xy_yaw"":[0.243037,0.952057,1.306906],""pnp_valid"":true,""pnp_camera_xyz"":[0.308326,-0.024056,1.262868],""pnp_camera_quat_xyzw"":[-0.040512,-0.032103,0.60728,0.792805],""pnp_camera_rpy_deg"":[-5.925044,-0.097352,74.908532],""pnp_reprojection_error_px"":0.01885}]",1,0.1792,151.965286,95.525307,,0,,0,,
2026-08-12T15:26:14.491219+00:00,21149.774876090,onboard_overhead_fish_dynamic,0,"[0.0,0.0,0.0,0.0]",0,0,0,0,,,,,,,,,,,,,,,,,,,,,,,,,,,,1,0.001518,306,1786548374.447026491,finsrov_stereo_left_optical,"[0.06909913728493833,-0.11816352384772855,0.38003854738439363]","[0.0,0.0,0.0,1.0]","[0.0025,0.0025,0.0025,1000000.0,1000000.0,1000000.0]",0.000766,458,1,"[16,17]","[0.245098,0.565173,0.064703]","[{""tag_id"":16,""target_match"":true,""family"":""tag25h9"",""hamming"":0,""decision_margin"":152.7771,""pixel_xy"":[815.891645,655.431703],""world_xy_yaw"":[0.245098,0.565173,0.064703],""pnp_valid"":true,""pnp_camera_xyz"":[0.319008,0.733407,1.30053],""pnp_camera_quat_xyzw"":[-0.060908,-0.015143,0.037822,0.997312],""pnp_camera_rpy_deg"":[-7.046444,-1.466823,4.433947],""pnp_reprojection_error_px"":0.098119},{""tag_id"":17,""target_match"":true,""family"":""tag25h9"",""hamming"":0,""decision_margin"":145.874435,""pixel_xy"":[814.611045,338.696989],""world_xy_yaw"":[0.242947,0.95159,1.30141],""pnp_valid"":true,""pnp_camera_xyz"":[0.307942,-0.023102,1.261871],""pnp_camera_quat_xyzw"":[-0.042768,-0.034239,0.604579,0.794659],""pnp_camera_rpy_deg"":[-6.279163,-0.154847,74.536431],""pnp_reprojection_error_px"":0.022738}]",1,0.098119,152.7771,96.227409,,0,,0,,
2026-08-12T15:26:14.541285+00:00,21149.824957524,onboard_overhead_fish_dynamic,0,"[0.0,0.0,0.0,0.0]",0,0,0,0,,,,,,,,,,,,,,,,,,,,,,,,,,,,1,0.001506,307,1786548374.497022867,finsrov_stereo_left_optical,"[0.06558869995178873,-0.12083882039258853,0.3778098192163109]","[0.0,0.0,0.0,1.0]","[0.0025,0.0025,0.0025,1000000.0,1000000.0,1000000.0]",0.000773,460,1,"[16,17]","[0.245312,0.565126,0.074278]","[{""tag_id"":16,""target_match"":true,""family"":""tag25h9"",""hamming"":0,""decision_margin"":150.763565,""pixel_xy"":[816.019136,655.470198],""world_xy_yaw"":[0.245312,0.565126,0.074278],""pnp_valid"":true,""pnp_camera_xyz"":[0.319518,0.73277,1.299846],""pnp_camera_quat_xyzw"":[-0.072411,-0.013101,0.037051,0.9966],""pnp_camera_rpy_deg"":[-8.356531,-1.188816,4.345114],""pnp_reprojection_error_px"":0.31016},{""tag_id"":17,""target_match"":true,""family"":""tag25h9"",""hamming"":0,""decision_margin"":148.800354,""pixel_xy"":[814.555091,339.015173],""world_xy_yaw"":[0.242853,0.951201,1.297464],""pnp_valid"":true,""pnp_camera_xyz"":[0.307901,-0.022299,1.262052],""pnp_camera_quat_xyzw"":[-0.043307,-0.034419,0.602383,0.796288],""pnp_camera_rpy_deg"":[-6.340482,-0.151311,74.22256],""pnp_reprojection_error_px"":0.055983}]",1,0.31016,150.763565,96.120842,,0,,0,,
2026-08-12T15:26:14.591299+00:00,21149.874962034,onboard_overhead_fish_dynamic,0,"[0.0,0.0,0.0,0.0]",0,0,0,0,,,,,,,,,,,,,,,,,,,,,,,,,,,,1,0.001525,308,1786548374.546976328,finsrov_stereo_left_optical,"[0.0654087180885296,-0.10446064667295407,0.3768110304882261]","[0.0,0.0,0.0,1.0]","[0.0025,0.0025,0.0025,1000000.0,1000000.0,1000000.0]",0.001328,461,1,"[16,17]","[0.245941,0.565214,0.0632]","[{""tag_id"":16,""target_match"":true,""family"":""tag25h9"",""hamming"":0,""decision_margin"":150.779861,""pixel_xy"":[816.39329,655.39825],""world_xy_yaw"":[0.245941,0.565214,0.0632],""pnp_valid"":true,""pnp_camera_xyz"":[0.320241,0.733427,1.300879],""pnp_camera_quat_xyzw"":[-0.074679,-0.013371,0.036378,0.996454],""pnp_camera_rpy_deg"":[-8.617319,-1.21559,4.273184],""pnp_reprojection_error_px"":0.10457},{""tag_id"":17,""target_match"":true,""family"":""tag25h9"",""hamming"":0,""decision_margin"":146.986679,""pixel_xy"":[814.540855,339.171854],""world_xy_yaw"":[0.242829,0.95101,1.29519],""pnp_valid"":true,""pnp_camera_xyz"":[0.307736,-0.021937,1.261465],""pnp_camera_quat_xyzw"":[-0.045365,-0.034839,0.60167,0.796694],""pnp_camera_rpy_deg"":[-6.557892,-0.052873,74.123909],""pnp_reprojection_error_px"":0.054823}]",1,0.10457,150.779861,96.395876,,0,,0,,
2026-08-12T15:26:14.641991+00:00,21149.925647098,onboard_overhead_fish_dynamic,0,"[0.0,0.0,0.0,0.0]",0,0,0,0,,,,,,,,,,,,,,,,,,,,,,,,,,,,1,0.002119,309,1786548374.597042322,finsrov_stereo_left_optical,"[0.06537120925945422,-0.09944268841003556,0.37689479677749116]","[0.0,0.0,0.0,1.0]","[0.0025,0.0025,0.0025,1000000.0,1000000.0,1000000.0]",0.001157,463,1,"[16,17]","[0.246967,0.56531,0.038609]","[{""tag_id"":16,""target_match"":true,""family"":""tag25h9"",""hamming"":0,""decision_margin"":151.265228,""pixel_xy"":[817.004092,655.320074],""world_xy_yaw"":[0.246967,0.56531,0.038609],""pnp_valid"":true,""pnp_camera_xyz"":[0.321055,0.733691,1.300488],""pnp_camera_quat_xyzw"":[-0.074505,-0.020683,0.034213,0.996419],""pnp_camera_rpy_deg"":[-8.62629,-2.069942,4.089169],""pnp_reprojection_error_px"":0.253137},{""tag_id"":17,""target_match"":true,""family"":""tag25h9"",""hamming"":0,""decision_margin"":149.382843,""pixel_xy"":[814.517734,339.409131],""world_xy_yaw"":[0.24279,0.950721,1.294871],""pnp_valid"":true,""pnp_camera_xyz"":[0.307803,-0.021348,1.26209],""pnp_camera_quat_xyzw"":[-0.044856,-0.033639,0.601405,0.796975],""pnp_camera_rpy_deg"":[-6.428234,0.01915,74.076075],""pnp_reprojection_error_px"":0.065046}]",1,0.253137,151.265228,94.773617,,0,,0,,
2026-08-12T15:26:14.692021+00:00,21149.975676844,onboard_overhead_fish_dynamic,0,"[0.0,0.0,0.0,0.0]",0,0,0,0,,,,,,,,,,,,,,,,,,,,,,,,,,,,1,0.002054,310,1786548374.646970987,finsrov_stereo_left_optical,"[0.06201762666671812,-0.10124639728871365,0.37702006891068574]","[0.0,0.0,0.0,1.0]","[0.0025,0.0025,0.0025,1000000.0,1000000.0,1000000.0]",0.001798,464,1,"[16,17]","[0.247102,0.565137,0.038331]","[{""tag_id"":16,""target_match"":true,""family"":""tag25h9"",""hamming"":0,""decision_margin"":152.037094,""pixel_xy"":[817.084529,655.461423],""world_xy_yaw"":[0.247102,0.565137,0.038331],""pnp_valid"":true,""pnp_camera_xyz"":[0.321798,0.735105,1.302519],""pnp_camera_quat_xyzw"":[-0.074849,-0.015403,0.030939,0.996596],""pnp_camera_rpy_deg"":[-8.638074,-1.493829,3.669098],""pnp_reprojection_error_px"":0.217714},{""tag_id"":17,""target_match"":true,""family"":""tag25h9"",""hamming"":0,""decision_margin"":148.05484,""pixel_xy"":[814.494586,339.505757],""world_xy_yaw"":[0.242751,0.950603,1.295928],""pnp_valid"":true,""pnp_camera_xyz"":[0.307904,-0.021133,1.262643],""pnp_camera_quat_xyzw"":[-0.044096,-0.033991,0.601647,0.796819],""pnp_camera_rpy_deg"":[-6.383031,-0.063466,74.113571],""pnp_reprojection_error_px"":0.068233}]",1,0.217714,152.037094,95.791189,,0,,0,,
2026-08-12T15:26:14.740785+00:00,21150.024451312,onboard_overhead_fish_dynamic,0,"[0.0,0.0,0.0,0.0]",0,0,0,0,,,,,,,,,,,,,,,,,,,,,,,,,,,,1,0.001175,311,1786548374.697070122,finsrov_stereo_left_optical,"[0.05849633319682346,-0.09864632823192343,0.37828668319551756]","[0.0,0.0,0.0,1.0]","[0.0025,0.0025,0.0025,1000000.0,1000000.0,1000000.0]",0.000613,466,1,"[16,17]","[0.246722,0.564363,0.052329]","[{""tag_id"":16,""target_match"":true,""family"":""tag25h9"",""hamming"":0,""decision_margin"":151.255249,""pixel_xy"":[816.858247,656.096241],""world_xy_yaw"":[0.246722,0.564363,0.052329],""pnp_valid"":true,""pnp_camera_xyz"":[0.32059,0.733129,1.297195],""pnp_camera_quat_xyzw"":[-0.073034,-0.012559,0.029187,0.996823],""pnp_camera_rpy_deg"":[-8.416515,-1.19037,3.441903],""pnp_reprojection_error_px"":0.137189},{""tag_id"":17,""target_match"":true,""family"":""tag25h9"",""hamming"":0,""decision_margin"":150.003922,""pixel_xy"":[814.531059,339.682807],""world_xy_yaw"":[0.242812,0.950387,1.296393],""pnp_valid"":true,""pnp_camera_xyz"":[0.30831,-0.020748,1.264164],""pnp_camera_quat_xyzw"":[-0.041521,-0.033625,0.601785,0.796869],""pnp_camera_rpy_deg"":[-6.121918,-0.207137,74.130342],""pnp_reprojection_error_px"":0.06081}]",1,0.137189,151.255249,94.023758,,0,,0,,
2026-08-12T15:26:14.792247+00:00,21150.075901429,onboard_overhead_fish_dynamic,0,"[0.0,0.0,0.0,0.0]",0,0,0,0,,,,,,,,,,,,,,,,,,,,,,,,,,,,1,0.002245,312,1786548374.746958256,finsrov_stereo_left_optical,"[0.054254259206345634,-0.10820161443427645,0.3772285585430055]","[0.0,0.0,0.0,1.0]","[0.0025,0.0025,0.0025,1000000.0,1000000.0,1000000.0]",0.001971,467,1,"[16,17]","[0.246547,0.564016,0.04851]","[{""tag_id"":16,""target_match"":true,""family"":""tag25h9"",""hamming"":0,""decision_margin"":151.504868,""pixel_xy"":[816.754127,656.380183],""world_xy_yaw"":[0.246547,0.564016,0.04851],""pnp_valid"":true,""pnp_camera_xyz"":[0.318449,0.72924,1.28932],""pnp_camera_quat_xyzw"":[-0.069397,-0.016124,0.02872,0.997045],""pnp_camera_rpy_deg"":[-8.011164,-1.613997,3.412924],""pnp_reprojection_error_px"":0.176877},{""tag_id"":17,""target_match"":true,""family"":""tag25h9"",""hamming"":0,""decision_margin"":146.255157,""pixel_xy"":[814.580905,339.793322],""world_xy_yaw"":[0.242896,0.950252,1.297708],""pnp_valid"":true,""pnp_camera_xyz"":[0.308457,-0.020524,1.264327],""pnp_camera_quat_xyzw"":[-0.039177,-0.035506,0.601998,0.796745],""pnp_camera_rpy_deg"":[-6.037669,-0.539074,74.175719],""pnp_reprojection_error_px"":0.047774}]",1,0.176877,151.504868,94.994874,,0,,0,,
2026-08-12T15:26:14.842385+00:00,21150.126039044,onboard_overhead_fish_dynamic,0,"[0.0,0.0,0.0,0.0]",0,0,0,0,,,,,,,,,,,,,,,,,,,,,,,,,,,,1,0.002386,313,1786548374.797036886,finsrov_stereo_left_optical,"[0.05025618904740692,-0.12230627345350908,0.3744120901318368]","[0.0,0.0,0.0,1.0]","[0.0025,0.0025,0.0025,1000000.0,1000000.0,1000000.0]",0.001307,469,1,"[16,17]","[0.246312,0.563585,0.039506]","[{""tag_id"":16,""target_match"":true,""family"":""tag25h9"",""hamming"":0,""decision_margin"":149.355743,""pixel_xy"":[816.614107,656.733787],""world_xy_yaw"":[0.246312,0.563585,0.039506],""pnp_valid"":true,""pnp_camera_xyz"":[0.319978,0.73506,1.297868],""pnp_camera_quat_xyzw"":[-0.067867,-0.008794,0.023448,0.99738],""pnp_camera_rpy_deg"":[-7.805126,-0.822762,2.749649],""pnp_reprojection_error_px"":0.054903},{""tag_id"":17,""target_match"":true,""family"":""tag25h9"",""hamming"":0,""decision_margin"":148.737961,""pixel_xy"":[814.72266,340.007759],""world_xy_yaw"":[0.243134,0.949991,1.297741],""pnp_valid"":true,""pnp_camera_xyz"":[0.30898,-0.02009,1.264955],""pnp_camera_quat_xyzw"":[-0.039746,-0.037305,0.602086,0.796568],""pnp_camera_rpy_deg"":[-6.214464,-0.662966,74.203557],""pnp_reprojection_error_px"":0.033649}]",1,0.054903,149.355743,95.814449,,0,,0,,
2026-08-12T15:26:14.892205+00:00,21150.175859448,onboard_overhead_fish_dynamic,0,"[0.0,0.0,0.0,0.0]",0,0,0,0,,,,,,,,,,,,,,,,,,,,,,,,,,,,1,0.002331,314,1786548374.846973419,finsrov_stereo_left_optical,"[0.04486634285058816,-0.11553297677268282,0.37899275718557734]","[0.0,0.0,0.0,1.0]","[0.0025,0.0025,0.0025,1000000.0,1000000.0,1000000.0]",0.002045,470,1,"[16,17]","[0.246091,0.563347,0.042701]","[{""tag_id"":16,""target_match"":true,""family"":""tag25h9"",""hamming"":0,""decision_margin"":148.457474,""pixel_xy"":[816.482723,656.928433],""world_xy_yaw"":[0.246091,0.563347,0.042701],""pnp_valid"":true,""pnp_camera_xyz"":[0.321644,0.740124,1.30592],""pnp_camera_quat_xyzw"":[-0.06918,-0.001893,0.021536,0.99737],""pnp_camera_rpy_deg"":[-7.9366,-0.045656,2.47717],""pnp_reprojection_error_px"":0.046061},{""tag_id"":17,""target_match"":true,""family"":""tag25h9"",""hamming"":0,""decision_margin"":146.192841,""pixel_xy"":[814.847558,340.130609],""world_xy_yaw"":[0.243344,0.949841,1.297471],""pnp_valid"":true,""pnp_camera_xyz"":[0.309289,-0.01984,1.265119],""pnp_camera_quat_xyzw"":[-0.041034,-0.037722,0.602352,0.796282],""pnp_camera_rpy_deg"":[-6.361381,-0.609641,74.245638],""pnp_reprojection_error_px"":0.0175}]",1,0.046061,148.457474,95.831054,,0,,0,,
2026-08-12T15:26:14.941387+00:00,21150.225057934,onboard_overhead_fish_dynamic,0,"[0.0,0.0,0.0,0.0]",0,0,0,0,,,,,,,,,,,,,,,,,,,,,,,,,,,,1,0.001604,315,1786548374.896982193,finsrov_stereo_left_optical,"[0.04450081341688866,-0.10470060225537692,0.38276757192958116]","[0.0,0.0,0.0,1.0]","[0.0025,0.0025,0.0025,1000000.0,1000000.0,1000000.0]",0.000419,472,1,"[16,17]","[0.245694,0.562864,0.028387]","[{""tag_id"":16,""target_match"":true,""family"":""tag25h9"",""hamming"":0,""decision_margin"":148.757446,""pixel_xy"":[816.246349,657.324774],""world_xy_yaw"":[0.245694,0.562864,0.028387],""pnp_valid"":true,""pnp_camera_xyz"":[0.320133,0.739429,1.303062],""pnp_camera_quat_xyzw"":[-0.063776,-0.01645,0.024832,0.99752],""pnp_camera_rpy_deg"":[-7.360312,-1.699107,2.961297],""pnp_reprojection_error_px"":0.074914},{""tag_id"":17,""target_match"":true,""family"":""tag25h9"",""hamming"":0,""decision_margin"":146.812973,""pixel_xy"":[815.141584,340.345773],""world_xy_yaw"":[0.243838,0.949578,1.296406],""pnp_valid"":true,""pnp_camera_xyz"":[0.30979,-0.019307,1.264391],""pnp_camera_quat_xyzw"":[-0.045672,-0.039113,0.601958,0.796261],""pnp_camera_rpy_deg"":[-6.882079,-0.418457,74.202322],""pnp_reprojection_error_px"":0.0221}]",1,0.074914,148.757446,96.716707,,0,,0,,
2026-08-12T15:26:14.991707+00:00,21150.275378286,onboard_overhead_fish_dynamic,0,"[0.0,0.0,0.0,0.0]",0,0,0,0,,,,,,,,,,,,,,,,,,,,,,,,,,,,1,0.001681,316,1786548374.947027922,finsrov_stereo_left_optical,"[0.04550384712890404,-0.11593172761319792,0.3816166166035423]","[0.0,0.0,0.0,1.0]","[0.0025,0.0025,0.0025,1000000.0,1000000.0,1000000.0]",0.001407,473,1,"[16,17]","[0.244119,0.949492,1.298981]","[{""tag_id"":16,""target_match"":true,""family"":""tag25h9"",""hamming"":0,""decision_margin"":148.04631,""pixel_xy"":[816.133078,657.414801],""world_xy_yaw"":[0.245504,0.562754,0.028221],""pnp_valid"":true,""pnp_camera_xyz"":[0.319794,0.739801,1.303133],""pnp_camera_quat_xyzw"":[-0.065201,-0.014292,0.024543,0.997468],""pnp_camera_rpy_deg"":[-7.516725,-1.450434,2.914223],""pnp_reprojection_error_px"":0.105252},{""tag_id"":17,""target_match"":true,""family"":""tag25h9"",""hamming"":0,""decision_margin"":150.588882,""pixel_xy"":[815.309191,340.416539],""world_xy_yaw"":[0.244119,0.949492,1.298981],""pnp_valid"":true,""pnp_camera_xyz"":[0.310091,-0.01906,1.263759],""pnp_camera_quat_xyzw"":[-0.047227,-0.040926,0.602055,0.796005],""pnp_camera_rpy_deg"":[-7.15008,-0.474841,74.233469],""pnp_reprojection_error_px"":0.063441}]",1,0.063441,150.588882,96.013198,,0,,0,,
2026-08-12T15:26:15.040782+00:00,21150.324448426,onboard_overhead_fish_dynamic,0,"[0.0,0.0,0.0,0.0]",0,0,0,0,,,,,,,,,,,,,,,,,,,,,,,,,,,,1,0.001160,317,1786548374.996926785,finsrov_stereo_left_optical,"[0.0447648269621268,-0.11292956264224263,0.3817309107231712]","[0.0,0.0,0.0,1.0]","[0.0025,0.0025,0.0025,1000000.0,1000000.0,1000000.0]",0.001002,474,1,"[16,17]","[0.245014,0.562611,0.033167]","[{""tag_id"":16,""target_match"":true,""family"":""tag25h9"",""hamming"":0,""decision_margin"":151.021774,""pixel_xy"":[815.841687,657.532096],""world_xy_yaw"":[0.245014,0.562611,0.033167],""pnp_valid"":true,""pnp_camera_xyz"":[0.317694,0.736444,1.296574],""pnp_camera_quat_xyzw"":[-0.063719,-0.012103,0.023547,0.997617],""pnp_camera_rpy_deg"":[-7.338583,-1.211734,2.781889],""pnp_reprojection_error_px"":0.046858},{""tag_id"":17,""target_match"":true,""family"":""tag25h9"",""hamming"":0,""decision_margin"":149.574661,""pixel_xy"":[815.535123,340.518471],""world_xy_yaw"":[0.244499,0.949367,1.297022],""pnp_valid"":true,""pnp_camera_xyz"":[0.310543,-0.01883,1.263625],""pnp_camera_quat_xyzw"":[-0.049691,-0.040465,0.601773,0.796092],""pnp_camera_rpy_deg"":[-7.343596,-0.264873,74.188876],""pnp_reprojection_error_px"":0.050158}]",1,0.046858,151.021774,96.594692,,0,,0,,
2026-08-12T15:26:15.092025+00:00,21150.375681497,onboard_overhead_fish_dynamic,0,"[0.0,0.0,0.0,0.0]",0,0,0,0,,,,,,,,,,,,,,,,,,,,,,,,,,,,1,0.002048,318,1786548375.046992064,finsrov_stereo_left_optical,"[0.0350623098387392,-0.12061782285054479,0.37861894516025046]","[0.0,0.0,0.0,1.0]","[0.0025,0.0025,0.0025,1000000.0,1000000.0,1000000.0]",0.001102,476,1,"[16,17]","[0.243922,0.562142,0.044465]","[{""tag_id"":16,""target_match"":true,""family"":""tag25h9"",""hamming"":0,""decision_margin"":150.26445,""pixel_xy"":[815.191699,657.916017],""world_xy_yaw"":[0.243922,0.562142,0.044465],""pnp_valid"":true,""pnp_camera_xyz"":[0.31522,0.734533,1.291656],""pnp_camera_quat_xyzw"":[-0.067949,0.000263,0.019616,0.997496],""pnp_camera_rpy_deg"":[-7.790303,0.182855,2.240718],""pnp_reprojection_error_px"":0.113875},{""tag_id"":17,""target_match"":true,""family"":""tag25h9"",""hamming"":0,""decision_margin"":146.216446,""pixel_xy"":[815.998768,340.636803],""world_xy_yaw"":[0.245278,0.949223,1.298608],""pnp_valid"":true,""pnp_camera_xyz"":[0.311402,-0.018513,1.262665],""pnp_camera_quat_xyzw"":[-0.049903,-0.043637,0.601523,0.7961],""pnp_camera_rpy_deg"":[-7.582838,-0.541103,74.184262],""pnp_reprojection_error_px"":0.064484}]",1,0.113875,150.26445,95.760767,,0,,0,,
2026-08-12T15:26:15.140762+00:00,21150.424428636,onboard_overhead_fish_dynamic,0,"[0.0,0.0,0.0,0.0]",0,0,0,0,,,,,,,,,,,,,,,,,,,,,,,,,,,,1,0.001169,319,1786548375.097043276,finsrov_stereo_left_optical,"[0.03309659800159681,-0.11905189804431193,0.3779917901247565]","[0.0,0.0,0.0,1.0]","[0.0025,0.0025,0.0025,1000000.0,1000000.0,1000000.0]",0.000614,478,1,"[16,17]","[0.243053,0.561616,0.045245]","[{""tag_id"":16,""target_match"":true,""family"":""tag25h9"",""hamming"":0,""decision_margin"":150.660004,""pixel_xy"":[814.674268,658.347603],""world_xy_yaw"":[0.243053,0.561616,0.045245],""pnp_valid"":true,""pnp_camera_xyz"":[0.311556,0.730212,1.28285],""pnp_camera_quat_xyzw"":[-0.069553,-0.004509,0.025724,0.997236],""pnp_camera_rpy_deg"":[-7.987443,-0.310266,2.976929],""pnp_reprojection_error_px"":0.104986},{""tag_id"":17,""target_match"":true,""family"":""tag25h9"",""hamming"":0,""decision_margin"":149.395935,""pixel_xy"":[816.522775,340.711082],""world_xy_yaw"":[0.246158,0.949132,1.295868],""pnp_valid"":true,""pnp_camera_xyz"":[0.312848,-0.018381,1.263627],""pnp_camera_quat_xyzw"":[-0.050491,-0.044211,0.600587,0.796738],""pnp_camera_rpy_deg"":[-7.675809,-0.561547,74.056174],""pnp_reprojection_error_px"":0.053701}]",1,0.104986,150.660004,96.007111,,0,,0,,
2026-08-12T15:26:15.190377+00:00,21150.474045122,onboard_overhead_fish_dynamic,0,"[0.0,0.0,0.0,0.0]",0,0,0,0,,,,,,,,,,,,,,,,,,,,,,,,,,,,1,0.000913,320,1786548375.146983862,finsrov_stereo_left_optical,"[0.036158441176465606,-0.12709975677515217,0.37483483212420327]","[0.0,0.0,0.0,1.0]","[0.0025,0.0025,0.0025,1000000.0,1000000.0,1000000.0]",0.000778,479,1,"[16,17]","[0.242491,0.561685,0.046177]","[{""tag_id"":16,""target_match"":true,""family"":""tag25h9"",""hamming"":0,""decision_margin"":150.893051,""pixel_xy"":[814.340114,658.290944],""world_xy_yaw"":[0.242491,0.561685,0.046177],""pnp_valid"":true,""pnp_camera_xyz"":[0.310597,0.729921,1.281982],""pnp_camera_quat_xyzw"":[-0.068458,-0.006588,0.026738,0.997274],""pnp_camera_rpy_deg"":[-7.86853,-0.543165,3.108983],""pnp_reprojection_error_px"":0.032235},{""tag_id"":17,""target_match"":true,""family"":""tag25h9"",""hamming"":0,""decision_margin"":146.994446,""pixel_xy"":[816.788767,340.716711],""world_xy_yaw"":[0.246605,0.949126,1.296412],""pnp_valid"":true,""pnp_camera_xyz"":[0.313385,-0.018328,1.26328],""pnp_camera_quat_xyzw"":[-0.051177,-0.044264,0.600575,0.7967],""pnp_camera_rpy_deg"":[-7.742342,-0.519014,74.055107],""pnp_reprojection_error_px"":0.066912}]",1,0.032235,150.893051,96.367114,,0,,0,,
2026-08-12T15:26:15.240410+00:00,21150.524078542,onboard_overhead_fish_dynamic,0,"[0.0,0.0,0.0,0.0]",0,0,0,0,,,,,,,,,,,,,,,,,,,,,,,,,,,,1,0.000891,321,1786548375.197180986,finsrov_stereo_left_optical,"[0.035803142128937926,-0.12935560331999685,0.3745232207217864]","[0.0,0.0,0.0,1.0]","[0.0025,0.0025,0.0025,1000000.0,1000000.0,1000000.0]",0.000456,481,1,"[16,17]","[0.241187,0.561276,0.053492]","[{""tag_id"":16,""target_match"":true,""family"":""tag25h9"",""hamming"":0,""decision_margin"":150.309952,""pixel_xy"":[813.563823,658.62646],""world_xy_yaw"":[0.241187,0.561276,0.053492],""pnp_valid"":true,""pnp_camera_xyz"":[0.311854,0.73675,1.293626],""pnp_camera_quat_xyzw"":[-0.070145,0.002667,0.02256,0.997278],""pnp_camera_rpy_deg"":[-8.035833,0.486182,2.557661],""pnp_reprojection_error_px"":0.237518},{""tag_id"":17,""target_match"":true,""family"":""tag25h9"",""hamming"":0,""decision_margin"":145.763611,""pixel_xy"":[817.321033,340.714375],""world_xy_yaw"":[0.247499,0.949128,1.294275],""pnp_valid"":true,""pnp_camera_xyz"":[0.314834,-0.018345,1.264141],""pnp_camera_quat_xyzw"":[-0.048654,-0.045785,0.599121,0.797866],""pnp_camera_rpy_deg"":[-7.614879,-0.845774,73.862348],""pnp_reprojection_error_px"":0.067704}]",1,0.237518,150.309952,95.092953,,0,,0,,
2026-08-12T15:26:15.290790+00:00,21150.574455166,onboard_overhead_fish_dynamic,0,"[0.0,0.0,0.0,0.0]",0,0,0,0,,,,,,,,,,,,,,,,,,,,,,,,,,,,1,0.001168,322,1786548375.246967793,finsrov_stereo_left_optical,"[0.031113680525912235,-0.11490325008823277,0.3801133128433438]","[0.0,0.0,0.0,1.0]","[0.0025,0.0025,0.0025,1000000.0,1000000.0,1000000.0]",0.001008,482,1,"[16,17]","[0.24062,0.561361,0.057666]","[{""tag_id"":16,""target_match"":true,""family"":""tag25h9"",""hamming"":0,""decision_margin"":147.910172,""pixel_xy"":[813.226463,658.556485],""world_xy_yaw"":[0.24062,0.561361,0.057666],""pnp_valid"":true,""pnp_camera_xyz"":[0.312126,0.739566,1.298404],""pnp_camera_quat_xyzw"":[-0.070845,0.008645,0.022347,0.997199],""pnp_camera_rpy_deg"":[-8.102068,1.169388,2.484715],""pnp_reprojection_error_px"":0.133812},{""tag_id"":17,""target_match"":true,""family"":""tag25h9"",""hamming"":0,""decision_margin"":147.47049,""pixel_xy"":[817.574034,340.726231],""world_xy_yaw"":[0.247924,0.949114,1.293597],""pnp_valid"":true,""pnp_camera_xyz"":[0.315481,-0.018334,1.264462],""pnp_camera_quat_xyzw"":[-0.048512,-0.045563,0.599023,0.797962],""pnp_camera_rpy_deg"":[-7.58639,-0.836287,73.845903],""pnp_reprojection_error_px"":0.059397}]",1,0.133812,147.910172,95.438394,,0,,0,,
2026-08-12T15:26:15.341263+00:00,21150.624926480,onboard_overhead_fish_dynamic,0,"[0.0,0.0,0.0,0.0]",0,0,0,0,,,,,,,,,,,,,,,,,,,,,,,,,,,,1,0.001517,323,1786548375.297115803,finsrov_stereo_left_optical,"[0.03125061683937347,-0.10887034526310024,0.3822800297818485]","[0.0,0.0,0.0,1.0]","[0.0025,0.0025,0.0025,1000000.0,1000000.0,1000000.0]",0.000804,484,1,"[16,17]","[0.239319,0.561658,0.058343]","[{""tag_id"":16,""target_match"":true,""family"":""tag25h9"",""hamming"":0,""decision_margin"":148.044632,""pixel_xy"":[812.451684,658.312937],""world_xy_yaw"":[0.239319,0.561658,0.058343],""pnp_valid"":true,""pnp_camera_xyz"":[0.310772,0.74202,1.302565],""pnp_camera_quat_xyzw"":[-0.072135,0.015247,0.024745,0.996971],""pnp_camera_rpy_deg"":[-8.230757,1.946842,2.703554],""pnp_reprojection_error_px"":0.208618},{""tag_id"":17,""target_match"":true,""family"":""tag25h9"",""hamming"":0,""decision_margin"":144.869431,""pixel_xy"":[818.000593,340.730373],""world_xy_yaw"":[0.248641,0.949109,1.291927],""pnp_valid"":true,""pnp_camera_xyz"":[0.31664,-0.018331,1.265118],""pnp_camera_quat_xyzw"":[-0.048694,-0.046465,0.598132,0.798566],""pnp_camera_rpy_deg"":[-7.664524,-0.914496,73.728217],""pnp_reprojection_error_px"":0.061572}]",1,0.208618,148.044632,96.095455,,0,,0,,
2026-08-12T15:26:15.392297+00:00,21150.675951758,onboard_overhead_fish_dynamic,0,"[0.0,0.0,0.0,0.0]",0,0,0,0,,,,,,,,,,,,,,,,,,,,,,,,,,,,1,0.002242,324,1786548375.347007751,finsrov_stereo_left_optical,"[0.033130398952920526,-0.10291796784543183,0.3841572082591822]","[0.0,0.0,0.0,1.0]","[0.0025,0.0025,0.0025,1000000.0,1000000.0,1000000.0]",0.001970,485,1,"[16,17]","[0.23849,0.561622,0.058243]","[{""tag_id"":16,""target_match"":true,""family"":""tag25h9"",""hamming"":0,""decision_margin"":152.522461,""pixel_xy"":[811.958075,658.342824],""world_xy_yaw"":[0.23849,0.561622,0.058243],""pnp_valid"":true,""pnp_camera_xyz"":[0.307989,0.738287,1.295899],""pnp_camera_quat_xyzw"":[-0.067469,0.001429,0.031763,0.997215],""pnp_camera_rpy_deg"":[-7.728205,0.408862,3.621135],""pnp_reprojection_error_px"":0.211659},{""tag_id"":17,""target_match"":true,""family"":""tag25h9"",""hamming"":0,""decision_margin"":145.669998,""pixel_xy"":[818.174462,340.750744],""world_xy_yaw"":[0.248933,0.949084,1.291718],""pnp_valid"":true,""pnp_camera_xyz"":[0.317055,-0.01829,1.265104],""pnp_camera_quat_xyzw"":[-0.049694,-0.047037,0.598048,0.798534],""pnp_camera_rpy_deg"":[-7.795752,-0.898622,73.722699],""pnp_reprojection_error_px"":0.061949}]",1,0.211659,152.522461,96.325502,,0,,0,,
2026-08-12T15:26:15.440747+00:00,21150.724399952,onboard_overhead_fish_dynamic,0,"[0.0,0.0,0.0,0.0]",0,0,0,0,,,,,,,,,,,,,,,,,,,,,,,,,,,,1,0.001206,325,1786548375.397027016,finsrov_stereo_left_optical,"[0.03870364047804903,-0.11746031401170398,0.3810117642923526]","[0.0,0.0,0.0,1.0]","[0.0025,0.0025,0.0025,1000000.0,1000000.0,1000000.0]",0.000621,487,1,"[16,17]","[0.236855,0.561338,0.065247]","[{""tag_id"":16,""target_match"":true,""family"":""tag25h9"",""hamming"":0,""decision_margin"":151.226212,""pixel_xy"":[810.985036,658.575151],""world_xy_yaw"":[0.236855,0.561338,0.065247],""pnp_valid"":true,""pnp_camera_xyz"":[0.303261,0.731735,1.284477],""pnp_camera_quat_xyzw"":[-0.060804,-0.004416,0.035236,0.997518],""pnp_camera_rpy_deg"":[-6.985487,-0.259281,4.061913],""pnp_reprojection_error_px"":0.078392},{""tag_id"":17,""target_match"":true,""family"":""tag25h9"",""hamming"":0,""decision_margin"":144.260956,""pixel_xy"":[818.402735,340.774314],""world_xy_yaw"":[0.249317,0.949055,1.294201],""pnp_valid"":true,""pnp_camera_xyz"":[0.317594,-0.018153,1.26489],""pnp_camera_quat_xyzw"":[-0.052209,-0.049271,0.598045,0.798241],""pnp_camera_rpy_deg"":[-8.181118,-0.929019,73.747747],""pnp_reprojection_error_px"":0.103561}]",1,0.078392,151.226212,95.994976,,0,,0,,
2026-08-12T15:26:15.490682+00:00,21150.774348428,onboard_overhead_fish_dynamic,0,"[0.0,0.0,0.0,0.0]",0,0,0,0,,,,,,,,,,,,,,,,,,,,,,,,,,,,1,0.001137,326,1786548375.447068453,finsrov_stereo_left_optical,"[0.03724948659967159,-0.1395626407287478,0.37557567077890525]","[0.0,0.0,0.0,1.0]","[0.0025,0.0025,0.0025,1000000.0,1000000.0,1000000.0]",0.000978,488,1,"[16,17]","[0.235956,0.56125,0.075605]","[{""tag_id"":16,""target_match"":true,""family"":""tag25h9"",""hamming"":0,""decision_margin"":150.369751,""pixel_xy"":[810.450043,658.64743],""world_xy_yaw"":[0.235956,0.56125,0.075605],""pnp_valid"":true,""pnp_camera_xyz"":[0.301276,0.729251,1.279805],""pnp_camera_quat_xyzw"":[-0.059074,-0.00107,0.034453,0.997658],""pnp_camera_rpy_deg"":[-6.773541,0.110924,3.949184],""pnp_reprojection_error_px"":0.172364},{""tag_id"":17,""target_match"":true,""family"":""tag25h9"",""hamming"":0,""decision_margin"":145.835648,""pixel_xy"":[818.496736,340.827826],""world_xy_yaw"":[0.249474,0.94899,1.293405],""pnp_valid"":true,""pnp_camera_xyz"":[0.317599,-0.018047,1.263935],""pnp_camera_quat_xyzw"":[-0.054815,-0.051572,0.59768,0.798195],""pnp_camera_rpy_deg"":[-8.579071,-0.962913,73.72319],""pnp_reprojection_error_px"":0.100946}]",1,0.172364,150.369751,95.798749,,0,,0,,
2026-08-12T15:26:15.541470+00:00,21150.825141068,onboard_overhead_fish_dynamic,0,"[0.0,0.0,0.0,0.0]",0,0,0,0,,,,,,,,,,,,,,,,,,,,,,,,,,,,1,0.001496,327,1786548375.497062445,finsrov_stereo_left_optical,"[0.034485381415577,-0.1460563994936882,0.37347712383393306]","[0.0,0.0,0.0,1.0]","[0.0025,0.0025,0.0025,1000000.0,1000000.0,1000000.0]",0.001253,489,1,"[16,17]","[0.235024,0.561382,0.085895]","[{""tag_id"":16,""target_match"":true,""family"":""tag25h9"",""hamming"":0,""decision_margin"":148.151718,""pixel_xy"":[809.895059,658.538963],""world_xy_yaw"":[0.235024,0.561382,0.085895],""pnp_valid"":true,""pnp_camera_xyz"":[0.300905,0.730963,1.282703],""pnp_camera_quat_xyzw"":[-0.063783,0.003454,0.034101,0.997375],""pnp_camera_rpy_deg"":[-7.296443,0.643985,3.875433],""pnp_reprojection_error_px"":0.275819},{""tag_id"":17,""target_match"":true,""family"":""tag25h9"",""hamming"":0,""decision_margin"":146.79213,""pixel_xy"":[818.553905,340.85738],""world_xy_yaw"":[0.249571,0.948954,1.292692],""pnp_valid"":true,""pnp_camera_xyz"":[0.317991,-0.01803,1.264953],""pnp_camera_quat_xyzw"":[-0.057032,-0.052777,0.597641,0.79799],""pnp_camera_rpy_deg"":[-8.866109,-0.920318,73.732836],""pnp_reprojection_error_px"":0.092274}]",1,0.275819,148.151718,95.766883,,0,,0,,
2026-08-12T15:26:15.590105+00:00,21150.873776957,onboard_overhead_fish_dynamic,0,"[0.0,0.0,0.0,0.0]",0,0,0,0,,,,,,,,,,,,,,,,,,,,,,,,,,,,1,0.000780,328,1786548375.547162533,finsrov_stereo_left_optical,"[0.03364172153110345,-0.13581043135652182,0.3752865130161612]","[0.0,0.0,0.0,1.0]","[0.0025,0.0025,0.0025,1000000.0,1000000.0,1000000.0]",0.000329,491,1,"[16,17]","[0.234268,0.561348,0.081042]","[{""tag_id"":16,""target_match"":true,""family"":""tag25h9"",""hamming"":0,""decision_margin"":150.966354,""pixel_xy"":[809.445225,658.567393],""world_xy_yaw"":[0.234268,0.561348,0.081042],""pnp_valid"":true,""pnp_camera_xyz"":[0.30032,0.733475,1.287428],""pnp_camera_quat_xyzw"":[-0.06048,0.011764,0.034548,0.997502],""pnp_camera_rpy_deg"":[-6.885746,1.584331,3.871878],""pnp_reprojection_error_px"":0.04687},{""tag_id"":17,""target_match"":true,""family"":""tag25h9"",""hamming"":0,""decision_margin"":146.725769,""pixel_xy"":[818.648741,340.847841],""world_xy_yaw"":[0.24973,0.948966,1.293175],""pnp_valid"":true,""pnp_camera_xyz"":[0.318258,-0.018002,1.265303],""pnp_camera_quat_xyzw"":[-0.060652,-0.058108,0.596645,0.798097],""pnp_camera_rpy_deg"":[-9.566165,-1.167546,73.660114],""pnp_reprojection_error_px"":0.095306}]",1,0.04687,150.966354,94.898315,,0,,0,,
2026-08-12T15:26:15.640218+00:00,21150.923890851,onboard_overhead_fish_dynamic,0,"[0.0,0.0,0.0,0.0]",0,0,0,0,,,,,,,,,,,,,,,,,,,,,,,,,,,,1,0.000834,329,1786548375.597035408,finsrov_stereo_left_optical,"[0.03541449483958814,-0.13701494283127014,0.3770051089410594]","[0.0,0.0,0.0,1.0]","[0.0025,0.0025,0.0025,1000000.0,1000000.0,1000000.0]",0.000346,493,1,"[16,17]","[0.234065,0.561477,0.081601]","[{""tag_id"":16,""target_match"":true,""family"":""tag25h9"",""hamming"":0,""decision_margin"":153.314484,""pixel_xy"":[809.324623,658.461085],""world_xy_yaw"":[0.234065,0.561477,0.081601],""pnp_valid"":true,""pnp_camera_xyz"":[0.30063,0.735479,1.291567],""pnp_camera_quat_xyzw"":[-0.061007,0.011029,0.039272,0.997303],""pnp_camera_rpy_deg"":[-6.941892,1.535197,4.416987],""pnp_reprojection_error_px"":0.192394},{""tag_id"":17,""target_match"":true,""family"":""tag25h9"",""hamming"":0,""decision_margin"":147.797256,""pixel_xy"":[818.750127,340.875714],""world_xy_yaw"":[0.2499,0.948932,1.289199],""pnp_valid"":true,""pnp_camera_xyz"":[0.318442,-0.018018,1.265156],""pnp_camera_quat_xyzw"":[-0.064218,-0.0612,0.595358,0.798549],""pnp_camera_rpy_deg"":[-10.106249,-1.219119,73.520509],""pnp_reprojection_error_px"":0.066136}]",1,0.192394,153.314484,95.956477,,0,,0,,
2026-08-12T15:26:15.690079+00:00,21150.973749728,onboard_overhead_fish_dynamic,0,"[0.0,0.0,0.0,0.0]",0,0,0,0,,,,,,,,,,,,,,,,,,,,,,,,,,,,1,0.000720,330,1786548375.646960020,finsrov_stereo_left_optical,"[0.042481830181702485,-0.13166384728477676,0.37815809522161015]","[0.0,0.0,0.0,1.0]","[0.0025,0.0025,0.0025,1000000.0,1000000.0,1000000.0]",0.000610,494,1,"[16,17]","[0.233857,0.561742,0.083303]","[{""tag_id"":16,""target_match"":true,""family"":""tag25h9"",""hamming"":0,""decision_margin"":149.974274,""pixel_xy"":[809.200486,658.244526],""world_xy_yaw"":[0.233857,0.561742,0.083303],""pnp_valid"":true,""pnp_camera_xyz"":[0.300907,0.736523,1.293821],""pnp_camera_quat_xyzw"":[-0.064198,0.014774,0.037561,0.997121],""pnp_camera_rpy_deg"":[-7.295792,1.964825,4.189293],""pnp_reprojection_error_px"":0.152584},{""tag_id"":17,""target_match"":true,""family"":""tag25h9"",""hamming"":0,""decision_margin"":146.429474,""pixel_xy"":[818.817596,340.813705],""world_xy_yaw"":[0.250014,0.949007,1.28806],""pnp_valid"":true,""pnp_camera_xyz"":[0.318811,-0.018096,1.266086],""pnp_camera_quat_xyzw"":[-0.064845,-0.059246,0.594832,0.799037],""pnp_camera_rpy_deg"":[-10.028351,-1.004769,73.418798],""pnp_reprojection_error_px"":0.085913}]",1,0.152584,149.974274,97.371256,,0,,0,,
2026-08-12T15:26:15.740501+00:00,21151.024169667,onboard_overhead_fish_dynamic,0,"[0.0,0.0,0.0,0.0]",0,0,0,0,,,,,,,,,,,,,,,,,,,,,,,,,,,,1,0.000958,331,1786548375.696972370,finsrov_stereo_left_optical,"[0.040403747698010084,-0.12534844585474236,0.3794095117640659]","[0.0,0.0,0.0,1.0]","[0.0025,0.0025,0.0025,1000000.0,1000000.0,1000000.0]",0.000492,496,1,"[16,17]","[0.232967,0.562154,0.101169]","[{""tag_id"":16,""target_match"":true,""family"":""tag25h9"",""hamming"":0,""decision_margin"":149.63327,""pixel_xy"":[808.671065,657.906966],""world_xy_yaw"":[0.232967,0.562154,0.101169],""pnp_valid"":true,""pnp_camera_xyz"":[0.298482,0.731125,1.285745],""pnp_camera_quat_xyzw"":[-0.06896,0.012579,0.039604,0.996754],""pnp_camera_rpy_deg"":[-7.847691,1.750021,4.430598],""pnp_reprojection_error_px"":0.164497},{""tag_id"":17,""target_match"":true,""family"":""tag25h9"",""hamming"":0,""decision_margin"":145.781067,""pixel_xy"":[818.987052,340.784748],""world_xy_yaw"":[0.250298,0.949043,1.284617],""pnp_valid"":true,""pnp_camera_xyz"":[0.319555,-0.018229,1.267377],""pnp_camera_quat_xyzw"":[-0.06332,-0.061835,0.592959,0.800354],""pnp_camera_rpy_deg"":[-10.063406,-1.368825,73.187821],""pnp_reprojection_error_px"":0.076406}]",1,0.164497,149.63327,96.323665,,0,,0,,
2026-08-12T15:26:15.791249+00:00,21151.074912689,onboard_overhead_fish_dynamic,0,"[0.0,0.0,0.0,0.0]",0,0,0,0,,,,,,,,,,,,,,,,,,,,,,,,,,,,1,0.001512,332,1786548375.746965170,finsrov_stereo_left_optical,"[0.0397888309160932,-0.12827096477663213,0.3758039294790629]","[0.0,0.0,0.0,1.0]","[0.0025,0.0025,0.0025,1000000.0,1000000.0,1000000.0]",0.001317,497,1,"[16,17]","[0.232737,0.562402,0.100709]","[{""tag_id"":16,""target_match"":true,""family"":""tag25h9"",""hamming"":0,""decision_margin"":151.374344,""pixel_xy"":[808.533845,657.703027],""world_xy_yaw"":[0.232737,0.562402,0.100709],""pnp_valid"":true,""pnp_camera_xyz"":[0.29617,0.725982,1.277638],""pnp_camera_quat_xyzw"":[-0.069128,0.008214,0.042746,0.996658],""pnp_camera_rpy_deg"":[-7.881578,1.276786,4.823838],""pnp_reprojection_error_px"":0.11447},{""tag_id"":17,""target_match"":true,""family"":""tag25h9"",""hamming"":0,""decision_margin"":144.72789,""pixel_xy"":[819.147103,340.759162],""world_xy_yaw"":[0.250567,0.949074,1.28189],""pnp_valid"":true,""pnp_camera_xyz"":[0.319806,-0.018313,1.267101],""pnp_camera_quat_xyzw"":[-0.063413,-0.064582,0.59154,0.801179],""pnp_camera_rpy_deg"":[-10.258354,-1.630895,73.026051],""pnp_reprojection_error_px"":0.054004}]",1,0.11447,151.374344,97.000904,,0,,0,,
2026-08-12T15:26:15.840098+00:00,21151.123770251,onboard_overhead_fish_dynamic,0,"[0.0,0.0,0.0,0.0]",0,0,0,0,,,,,,,,,,,,,,,,,,,,,,,,,,,,1,0.000738,333,1786548375.796947718,finsrov_stereo_left_optical,"[0.04095358842908753,-0.1365588374961686,0.3718918124261621]","[0.0,0.0,0.0,1.0]","[0.0025,0.0025,0.0025,1000000.0,1000000.0,1000000.0]",0.000370,499,1,"[16,17]","[0.232552,0.562968,0.101598]","[{""tag_id"":16,""target_match"":true,""family"":""tag25h9"",""hamming"":0,""decision_margin"":148.417084,""pixel_xy"":[808.424064,657.239072],""world_xy_yaw"":[0.232552,0.562968,0.101598],""pnp_valid"":true,""pnp_camera_xyz"":[0.296377,0.726793,1.280973],""pnp_camera_quat_xyzw"":[-0.070984,0.002134,0.049465,0.996248],""pnp_camera_rpy_deg"":[-8.119261,0.646044,5.639125],""pnp_reprojection_error_px"":0.026007},{""tag_id"":17,""target_match"":true,""family"":""tag25h9"",""hamming"":0,""decision_margin"":142.431488,""pixel_xy"":[819.534074,340.719526],""world_xy_yaw"":[0.251217,0.949122,1.27786],""pnp_valid"":true,""pnp_camera_xyz"":[0.320816,-0.018404,1.267474],""pnp_camera_quat_xyzw"":[-0.065458,-0.06552,0.589756,0.802253],""pnp_camera_rpy_deg"":[-10.508459,-1.599807,72.788135],""pnp_reprojection_error_px"":0.060057}]",1,0.026007,148.417084,97.753535,,0,,0,,
2026-08-12T15:26:15.890053+00:00,21151.173724392,onboard_overhead_fish_dynamic,0,"[0.0,0.0,0.0,0.0]",0,0,0,0,,,,,,,,,,,,,,,,,,,,,,,,,,,,1,0.000687,334,1786548375.847006798,finsrov_stereo_left_optical,"[0.04906963665559089,-0.13082741164361433,0.3720254853792975]","[0.0,0.0,0.0,1.0]","[0.0025,0.0025,0.0025,1000000.0,1000000.0,1000000.0]",0.000576,500,1,"[16,17]","[0.232368,0.563319,0.106441]","[{""tag_id"":16,""target_match"":true,""family"":""tag25h9"",""hamming"":0,""decision_margin"":151.279999,""pixel_xy"":[808.314461,656.952031],""world_xy_yaw"":[0.232368,0.563319,0.106441],""pnp_valid"":true,""pnp_camera_xyz"":[0.297491,0.729159,1.286449],""pnp_camera_quat_xyzw"":[-0.07497,0.006588,0.048442,0.995987],""pnp_camera_rpy_deg"":[-8.553398,1.168134,5.481613],""pnp_reprojection_error_px"":0.026687},{""tag_id"":17,""target_match"":true,""family"":""tag25h9"",""hamming"":0,""decision_margin"":146.334641,""pixel_xy"":[819.75975,340.696176],""world_xy_yaw"":[0.251596,0.949151,1.277387],""pnp_valid"":true,""pnp_camera_xyz"":[0.321496,-0.018386,1.267935],""pnp_camera_quat_xyzw"":[-0.067393,-0.065735,0.588973,0.802651],""pnp_camera_rpy_deg"":[-10.700842,-1.49787,72.681586],""pnp_reprojection_error_px"":0.09504}]",1,0.026687,151.279999,97.569117,,0,,0,,
2026-08-12T15:26:15.940315+00:00,21151.223988532,onboard_overhead_fish_dynamic,0,"[0.0,0.0,0.0,0.0]",0,0,0,0,,,,,,,,,,,,,,,,,,,,,,,,,,,,1,0.000804,335,1786548375.897037506,finsrov_stereo_left_optical,"[0.048848047989471455,-0.11946557381141942,0.37382623563418305]","[0.0,0.0,0.0,1.0]","[0.0025,0.0025,0.0025,1000000.0,1000000.0,1000000.0]",0.000652,501,1,"[16,17]","[0.232333,0.56365,0.106233]","[{""tag_id"":16,""target_match"":true,""family"":""tag25h9"",""hamming"":0,""decision_margin"":152.85257,""pixel_xy"":[808.29324,656.679988],""world_xy_yaw"":[0.232333,0.56365,0.106233],""pnp_valid"":true,""pnp_camera_xyz"":[0.297153,0.72778,1.285178],""pnp_camera_quat_xyzw"":[-0.072056,0.007574,0.047845,0.996224],""pnp_camera_rpy_deg"":[-8.214354,1.259813,5.408712],""pnp_reprojection_error_px"":0.031413},{""tag_id"":17,""target_match"":true,""family"":""tag25h9"",""hamming"":0,""decision_margin"":149.620697,""pixel_xy"":[820.036154,340.735316],""world_xy_yaw"":[0.252061,0.949103,1.273528],""pnp_valid"":true,""pnp_camera_xyz"":[0.322078,-0.018349,1.267705],""pnp_camera_quat_xyzw"":[-0.069232,-0.066852,0.587755,0.803294],""pnp_camera_rpy_deg"":[-10.945539,-1.491063,72.527279],""pnp_reprojection_error_px"":0.07592}]",1,0.031413,152.85257,97.859681,,0,,0,,
2026-08-12T15:26:15.990450+00:00,21151.274120445,onboard_overhead_fish_dynamic,0,"[0.0,0.0,0.0,0.0]",0,0,0,0,,,,,,,,,,,,,,,,,,,,,,,,,,,,1,0.000911,336,1786548375.947141647,finsrov_stereo_left_optical,"[0.0449609060442413,-0.13864852941055972,0.3703236719029973]","[0.0,0.0,0.0,1.0]","[0.0025,0.0025,0.0025,1000000.0,1000000.0,1000000.0]",0.000459,503,1,"[16,17]","[0.23227,0.564219,0.1008]","[{""tag_id"":16,""target_match"":true,""family"":""tag25h9"",""hamming"":0,""decision_margin"":150.985062,""pixel_xy"":[808.256028,656.214117],""world_xy_yaw"":[0.23227,0.564219,0.1008],""pnp_valid"":true,""pnp_camera_xyz"":[0.296093,0.724404,1.281322],""pnp_camera_quat_xyzw"":[-0.061318,0.001425,0.049369,0.996896],""pnp_camera_rpy_deg"":[-7.01439,0.5097,5.638964],""pnp_reprojection_error_px"":0.052745},{""tag_id"":17,""target_match"":true,""family"":""tag25h9"",""hamming"":0,""decision_margin"":150.012344,""pixel_xy"":[820.595681,340.844861],""world_xy_yaw"":[0.253001,0.948969,1.266776],""pnp_valid"":true,""pnp_camera_xyz"":[0.323523,-0.018096,1.268254],""pnp_camera_quat_xyzw"":[-0.075496,-0.068713,0.585077,0.804527],""pnp_camera_rpy_deg"":[-11.649975,-1.273287,72.181569],""pnp_reprojection_error_px"":0.077778}]",1,0.052745,150.985062,95.906507,,0,,0,,
2026-08-12T15:26:16.040385+00:00,21151.324053869,onboard_overhead_fish_dynamic,0,"[0.0,0.0,0.0,0.0]",0,0,0,0,,,,,,,,,,,,,,,,,,,,,,,,,,,,1,0.000888,337,1786548375.996985912,finsrov_stereo_left_optical,"[0.04550826069381003,-0.14599400181242217,0.36899225995962565]","[0.0,0.0,0.0,1.0]","[0.0025,0.0025,0.0025,1000000.0,1000000.0,1000000.0]",0.000759,504,1,"[16,17]","[0.232271,0.564737,0.10496]","[{""tag_id"":16,""target_match"":true,""family"":""tag25h9"",""hamming"":0,""decision_margin"":151.427216,""pixel_xy"":[808.256624,655.789044],""world_xy_yaw"":[0.232271,0.564737,0.10496],""pnp_valid"":true,""pnp_camera_xyz"":[0.295574,0.722097,1.27856],""pnp_camera_quat_xyzw"":[-0.060908,-0.004412,0.052792,0.996737],""pnp_camera_rpy_deg"":[-7.00088,-0.13551,6.071953],""pnp_reprojection_error_px"":0.068631},{""tag_id"":17,""target_match"":true,""family"":""tag25h9"",""hamming"":0,""decision_margin"":146.321518,""pixel_xy"":[820.869534,340.929466],""world_xy_yaw"":[0.253461,0.948866,1.262955],""pnp_valid"":true,""pnp_camera_xyz"":[0.324203,-0.017908,1.268418],""pnp_camera_quat_xyzw"":[-0.077004,-0.07177,0.582909,0.80569],""pnp_camera_rpy_deg"":[-11.994779,-1.48276,71.926551],""pnp_reprojection_error_px"":0.075775}]",1,0.068631,151.427216,96.599951,,0,,0,,
2026-08-12T15:26:16.090779+00:00,21151.374445040,onboard_overhead_fish_dynamic,0,"[0.0,0.0,0.0,0.0]",0,0,0,0,,,,,,,,,,,,,,,,,,,,,,,,,,,,1,0.001195,338,1786548376.047035217,finsrov_stereo_left_optical,"[0.05295139905620394,-0.12589817597098052,0.36840686468169687]","[0.0,0.0,0.0,1.0]","[0.0025,0.0025,0.0025,1000000.0,1000000.0,1000000.0]",0.000648,506,1,"[16,17]","[0.254316,0.948655,1.256093]","[{""tag_id"":16,""target_match"":true,""family"":""tag25h9"",""hamming"":0,""decision_margin"":148.113037,""pixel_xy"":[808.631758,655.06958],""world_xy_yaw"":[0.232901,0.565615,0.11959],""pnp_valid"":true,""pnp_camera_xyz"":[0.299653,0.728475,1.293074],""pnp_camera_quat_xyzw"":[-0.086069,0.01093,0.053908,0.99477],""pnp_camera_rpy_deg"":[-9.796028,1.777899,6.051434],""pnp_reprojection_error_px"":0.032985},{""tag_id"":17,""target_match"":true,""family"":""tag25h9"",""hamming"":0,""decision_margin"":151.178558,""pixel_xy"":[821.378419,341.102298],""world_xy_yaw"":[0.254316,0.948655,1.256093],""pnp_valid"":true,""pnp_camera_xyz"":[0.325203,-0.017519,1.26766],""pnp_camera_quat_xyzw"":[-0.080932,-0.076241,0.579424,0.807406],""pnp_camera_rpy_deg"":[-12.658285,-1.680616,71.515586],""pnp_reprojection_error_px"":0.071991}]",1,0.071991,151.178558,97.066859,,0,,0,,
2026-08-12T15:26:16.142311+00:00,21151.425961915,onboard_overhead_fish_dynamic,0,"[0.0,0.0,0.0,0.0]",0,0,0,0,,,,,,,,,,,,,,,,,,,,,,,,,,,,1,0.002500,339,1786548376.096980333,finsrov_stereo_left_optical,"[0.05559503902959945,-0.09616234165363591,0.37093304579177916]","[0.0,0.0,0.0,1.0]","[0.0025,0.0025,0.0025,1000000.0,1000000.0,1000000.0]",0.002218,507,1,"[15,16,17]","[0.233204,0.5659,0.120209]","[{""tag_id"":15,""target_match"":true,""family"":""tag25h9"",""hamming"":0,""decision_margin"":137.542313,""pixel_xy"":[813.030536,592.605811],""world_xy_yaw"":[0.240291,0.641821,0.111879],""pnp_valid"":true,""pnp_camera_xyz"":[0.31225,0.582814,1.299692],""pnp_camera_quat_xyzw"":[-0.052083,-0.004544,0.05226,0.997264],""pnp_camera_rpy_deg"":[-5.990077,-0.207377,6.010302],""pnp_reprojection_error_px"":0.139759},{""tag_id"":16,""target_match"":true,""family"":""tag25h9"",""hamming"":0,""decision_margin"":148.463821,""pixel_xy"":[808.811995,654.836098],""world_xy_yaw"":[0.233204,0.5659,0.120209],""pnp_valid"":true,""pnp_camera_xyz"":[0.300583,0.728817,1.294957],""pnp_camera_quat_xyzw"":[-0.084146,0.011224,0.053505,0.994953],""pnp_camera_rpy_deg"":[-9.574117,1.795846,6.005945],""pnp_reprojection_error_px"":0.050814},{""tag_id"":17,""target_match"":true,""family"":""tag25h9"",""hamming"":0,""decision_margin"":145.766052,""pixel_xy"":[821.619298,341.181106],""world_xy_yaw"":[0.25472,0.948559,1.250813],""pnp_valid"":true,""pnp_camera_xyz"":[0.325659,-0.017314,1.267379],""pnp_camera_quat_xyzw"":[-0.084004,-0.076263,0.577484,0.808479],""pnp_camera_rpy_deg"":[-12.943479,-1.506644,71.246181],""pnp_reprojection_error_px"":0.066436}]",1,0.050814,148.463821,97.308562,,0,,0,,
2026-08-12T15:26:16.191558+00:00,21151.475223106,onboard_overhead_fish_dynamic,0,"[0.0,0.0,0.0,0.0]",0,0,0,0,,,,,,,,,,,,,,,,,,,,,,,,,,,,1,0.001747,340,1786548376.146936178,finsrov_stereo_left_optical,"[0.053321921601774624,-0.11940788781122924,0.3675000886986665]","[0.0,0.0,0.0,1.0]","[0.0025,0.0025,0.0025,1000000.0,1000000.0,1000000.0]",0.000877,509,1,"[15,16]","[0.233739,0.566793,0.114776]","[{""tag_id"":15,""target_match"":true,""family"":""tag25h9"",""hamming"":0,""decision_margin"":140.210617,""pixel_xy"":[813.571799,591.867432],""world_xy_yaw"":[0.241201,0.642722,0.123347],""pnp_valid"":true,""pnp_camera_xyz"":[0.315243,0.583876,1.306016],""pnp_camera_quat_xyzw"":[-0.058249,-0.000351,0.054186,0.99683],""pnp_camera_rpy_deg"":[-6.671016,0.321629,6.204095],""pnp_reprojection_error_px"":0.213864},{""tag_id"":16,""target_match"":true,""family"":""tag25h9"",""hamming"":0,""decision_margin"":149.074844,""pixel_xy"":[809.130345,654.103765],""world_xy_yaw"":[0.233739,0.566793,0.114776],""pnp_valid"":true,""pnp_camera_xyz"":[0.299334,0.721389,1.28465],""pnp_camera_quat_xyzw"":[-0.066934,-0.005593,0.054823,0.996234],""pnp_camera_rpy_deg"":[-7.699541,-0.217997,6.314305],""pnp_reprojection_error_px"":0.172906}]",1,0.172906,149.074844,96.596245,,0,,0,,
2026-08-12T15:26:16.240791+00:00,21151.524456688,onboard_overhead_fish_dynamic,0,"[0.0,0.0,0.0,0.0]",0,0,0,0,,,,,,,,,,,,,,,,,,,,,,,,,,,,1,0.001184,341,1786548376.196978569,finsrov_stereo_left_optical,"[0.05254099362178177,-0.1342589043646053,0.3644496470960846]","[0.0,0.0,0.0,1.0]","[0.0025,0.0025,0.0025,1000000.0,1000000.0,1000000.0]",0.001011,510,1,"[16,17]","[0.255593,0.948311,1.240513]","[{""tag_id"":16,""target_match"":true,""family"":""tag25h9"",""hamming"":0,""decision_margin"":147.381699,""pixel_xy"":[809.460506,653.774585],""world_xy_yaw"":[0.234294,0.567195,0.108837],""pnp_valid"":true,""pnp_camera_xyz"":[0.300156,0.721331,1.286001],""pnp_camera_quat_xyzw"":[-0.066886,-0.00566,0.055005,0.996227],""pnp_camera_rpy_deg"":[-7.694511,-0.22455,6.335681],""pnp_reprojection_error_px"":0.054246},{""tag_id"":17,""target_match"":true,""family"":""tag25h9"",""hamming"":0,""decision_margin"":152.133072,""pixel_xy"":[822.138995,341.384693],""world_xy_yaw"":[0.255593,0.948311,1.240513],""pnp_valid"":true,""pnp_camera_xyz"":[0.327022,-0.016778,1.267791],""pnp_camera_quat_xyzw"":[-0.085882,-0.077672,0.572301,0.811827],""pnp_camera_rpy_deg"":[-13.204984,-1.593711,70.548625],""pnp_reprojection_error_px"":0.099292}]",1,0.099292,152.133072,95.212932,,0,,0,,
2026-08-12T15:26:16.290103+00:00,21151.573774182,onboard_overhead_fish_dynamic,0,"[0.0,0.0,0.0,0.0]",0,0,0,0,,,,,,,,,,,,,,,,,,,,,,,,,,,,1,0.000719,342,1786548376.246892929,finsrov_stereo_left_optical,"[0.055406191685956174,-0.11957444243696103,0.3646882655719476]","[0.0,0.0,0.0,1.0]","[0.0025,0.0025,0.0025,1000000.0,1000000.0,1000000.0]",0.000330,512,1,"[16,17]","[0.256123,0.948118,1.23273]","[{""tag_id"":16,""target_match"":true,""family"":""tag25h9"",""hamming"":0,""decision_margin"":147.18602,""pixel_xy"":[810.112319,653.132649],""world_xy_yaw"":[0.235389,0.567978,0.108263],""pnp_valid"":true,""pnp_camera_xyz"":[0.301793,0.72114,1.288228],""pnp_camera_quat_xyzw"":[-0.076502,-0.003259,0.057924,0.99538],""pnp_camera_rpy_deg"":[-8.782014,0.136054,6.65043],""pnp_reprojection_error_px"":0.140893},{""tag_id"":17,""target_match"":true,""family"":""tag25h9"",""hamming"":0,""decision_margin"":148.071442,""pixel_xy"":[822.454287,341.542862],""world_xy_yaw"":[0.256123,0.948118,1.23273],""pnp_valid"":true,""pnp_camera_xyz"":[0.327823,-0.016469,1.268182],""pnp_camera_quat_xyzw"":[-0.085902,-0.082011,0.568336,0.81418],""pnp_camera_rpy_deg"":[-13.488468,-2.057406,70.07702],""pnp_reprojection_error_px"":0.073596}]",1,0.073596,148.071442,95.811975,,0,,0,,
2026-08-12T15:26:16.340142+00:00,21151.623813185,onboard_overhead_fish_dynamic,0,"[0.0,0.0,0.0,0.0]",0,0,0,0,,,,,,,,,,,,,,,,,,,,,,,,,,,,1,0.000757,343,1786548376.296913862,finsrov_stereo_left_optical,"[0.05826921297726534,-0.1174417741933802,0.3631869716527574]","[0.0,0.0,0.0,1.0]","[0.0025,0.0025,0.0025,1000000.0,1000000.0,1000000.0]",0.000648,513,1,"[16,17]","[0.256344,0.948089,1.229353]","[{""tag_id"":16,""target_match"":true,""family"":""tag25h9"",""hamming"":0,""decision_margin"":145.168488,""pixel_xy"":[810.312857,652.777339],""world_xy_yaw"":[0.235726,0.568412,0.112857],""pnp_valid"":true,""pnp_camera_xyz"":[0.302412,0.720262,1.287909],""pnp_camera_quat_xyzw"":[-0.082565,-0.0058,0.058595,0.994845],""pnp_camera_rpy_deg"":[-9.494831,-0.1068,6.750343],""pnp_reprojection_error_px"":0.082113},{""tag_id"":17,""target_match"":true,""family"":""tag25h9"",""hamming"":0,""decision_margin"":150.536041,""pixel_xy"":[822.585895,341.566499],""world_xy_yaw"":[0.256344,0.948089,1.229353],""pnp_valid"":true,""pnp_camera_xyz"":[0.328195,-0.0164,1.26836],""pnp_camera_quat_xyzw"":[-0.087007,-0.083403,0.566431,0.815248],""pnp_camera_rpy_deg"":[-13.680938,-2.144627,69.8401],""pnp_reprojection_error_px"":0.083659}]",1,0.083659,150.536041,94.425442,,0,,0,,
2026-08-12T15:26:16.390279+00:00,21151.673949725,onboard_overhead_fish_dynamic,0,"[0.0,0.0,0.0,0.0]",0,0,0,0,,,,,,,,,,,,,,,,,,,,,,,,,,,,1,0.000690,344,1786548376.346951723,finsrov_stereo_left_optical,"[0.05654413331091224,-0.13905376080930365,0.35718280561305665]","[0.0,0.0,0.0,1.0]","[0.0025,0.0025,0.0025,1000000.0,1000000.0,1000000.0]",0.000331,515,1,"[16,17]","[0.256788,0.948033,1.219419]","[{""tag_id"":16,""target_match"":true,""family"":""tag25h9"",""hamming"":0,""decision_margin"":146.283768,""pixel_xy"":[810.719229,652.310645],""world_xy_yaw"":[0.236408,0.568981,0.117446],""pnp_valid"":true,""pnp_camera_xyz"":[0.302751,0.716323,1.283518],""pnp_camera_quat_xyzw"":[-0.08711,-0.01227,0.059307,0.994356],""pnp_camera_rpy_deg"":[-10.06172,-0.80618,6.897532],""pnp_reprojection_error_px"":0.162346},{""tag_id"":17,""target_match"":true,""family"":""tag25h9"",""hamming"":0,""decision_margin"":149.434845,""pixel_xy"":[822.84994,341.612565],""world_xy_yaw"":[0.256788,0.948033,1.219419],""pnp_valid"":true,""pnp_camera_xyz"":[0.329269,-0.016396,1.270061],""pnp_camera_quat_xyzw"":[-0.090786,-0.085107,0.562679,0.817256],""pnp_camera_rpy_deg"":[-14.142456,-2.117033,69.357283],""pnp_reprojection_error_px"":0.072579}]",1,0.072579,149.434845,94.647724,,0,,0,,
2026-08-12T15:26:16.440391+00:00,21151.724060354,onboard_overhead_fish_dynamic,0,"[0.0,0.0,0.0,0.0]",0,0,0,0,,,,,,,,,,,,,,,,,,,,,,,,,,,,1,0.000888,345,1786548376.397037983,finsrov_stereo_left_optical,"[0.05808561424518527,-0.1093874104529926,0.3597399205554011]","[0.0,0.0,0.0,1.0]","[0.0025,0.0025,0.0025,1000000.0,1000000.0,1000000.0]",0.000760,516,1,"[16,17]","[0.256993,0.94808,1.215613]","[{""tag_id"":16,""target_match"":true,""family"":""tag25h9"",""hamming"":0,""decision_margin"":144.954849,""pixel_xy"":[810.941224,652.177289],""world_xy_yaw"":[0.236781,0.569144,0.116856],""pnp_valid"":true,""pnp_camera_xyz"":[0.302422,0.713689,1.279566],""pnp_camera_quat_xyzw"":[-0.083518,-0.018603,0.061257,0.994448],""pnp_camera_rpy_deg"":[-9.697606,-1.533802,7.179936],""pnp_reprojection_error_px"":0.21622},{""tag_id"":17,""target_match"":true,""family"":""tag25h9"",""hamming"":0,""decision_margin"":147.803864,""pixel_xy"":[822.971994,341.574078],""world_xy_yaw"":[0.256993,0.94808,1.215613],""pnp_valid"":true,""pnp_camera_xyz"":[0.329951,-0.016461,1.271562],""pnp_camera_quat_xyzw"":[-0.092681,-0.084435,0.561065,0.818222],""pnp_camera_rpy_deg"":[-14.273972,-1.958388,69.123024],""pnp_reprojection_error_px"":0.083179}]",1,0.083179,147.803864,94.627343,,0,,0,,
2026-08-12T15:26:16.490405+00:00,21151.774073926,onboard_overhead_fish_dynamic,0,"[0.0,0.0,0.0,0.0]",0,0,0,0,,,,,,,,,,,,,,,,,,,,,,,,,,,,1,0.000894,346,1786548376.446995974,finsrov_stereo_left_optical,"[0.057162078063948685,-0.12896989110429424,0.3567337668759315]","[0.0,0.0,0.0,1.0]","[0.0025,0.0025,0.0025,1000000.0,1000000.0,1000000.0]",0.000457,518,1,"[16,17]","[0.257443,0.948071,1.21004]","[{""tag_id"":16,""target_match"":true,""family"":""tag25h9"",""hamming"":0,""decision_margin"":145.633102,""pixel_xy"":[811.658079,651.7644],""world_xy_yaw"":[0.237986,0.569647,0.098203],""pnp_valid"":true,""pnp_camera_xyz"":[0.304294,0.714751,1.282401],""pnp_camera_quat_xyzw"":[-0.079985,-0.024238,0.06018,0.994682],""pnp_camera_rpy_deg"":[-9.332189,-2.211705,7.105139],""pnp_reprojection_error_px"":0.070632},{""tag_id"":17,""target_match"":true,""family"":""tag25h9"",""hamming"":0,""decision_margin"":149.502991,""pixel_xy"":[823.240071,341.581316],""world_xy_yaw"":[0.257443,0.948071,1.21004],""pnp_valid"":true,""pnp_camera_xyz"":[0.330205,-0.016419,1.270421],""pnp_camera_quat_xyzw"":[-0.092657,-0.09197,0.556586,0.820468],""pnp_camera_rpy_deg"":[-14.756613,-2.73833,68.658688],""pnp_reprojection_error_px"":0.062282}]",1,0.062282,149.502991,94.160125,,0,,0,,
2026-08-12T15:26:16.540294+00:00,21151.823964444,onboard_overhead_fish_dynamic,0,"[0.0,0.0,0.0,0.0]",0,0,0,0,,,,,,,,,,,,,,,,,,,,,,,,,,,,1,0.000881,347,1786548376.497012854,finsrov_stereo_left_optical,"[0.05766349808951465,-0.12191149903504395,0.35823355783894684]","[0.0,0.0,0.0,1.0]","[0.0025,0.0025,0.0025,1000000.0,1000000.0,1000000.0]",0.000755,519,1,"[16,17]","[0.257587,0.94807,1.203802]","[{""tag_id"":16,""target_match"":true,""family"":""tag25h9"",""hamming"":0,""decision_margin"":146.069046,""pixel_xy"":[811.964363,651.714176],""world_xy_yaw"":[0.2385,0.569709,0.100326],""pnp_valid"":true,""pnp_camera_xyz"":[0.306797,0.719108,1.290336],""pnp_camera_quat_xyzw"":[-0.085473,-0.017272,0.058884,0.994449],""pnp_camera_rpy_deg"":[-9.90889,-1.391678,6.897968],""pnp_reprojection_error_px"":0.117893},{""tag_id"":17,""target_match"":true,""family"":""tag25h9"",""hamming"":0,""decision_margin"":153.177261,""pixel_xy"":[823.325485,341.582243],""world_xy_yaw"":[0.257587,0.94807,1.203802],""pnp_valid"":true,""pnp_camera_xyz"":[0.330783,-0.016455,1.271809],""pnp_camera_quat_xyzw"":[-0.093961,-0.091135,0.5544,0.821892],""pnp_camera_rpy_deg"":[-14.819139,-2.614887,68.34268],""pnp_reprojection_error_px"":0.061082}]",1,0.061082,153.177261,94.711965,,0,,0,,
2026-08-12T15:26:16.591351+00:00,21151.875009843,onboard_overhead_fish_dynamic,0,"[0.0,0.0,0.0,0.0]",0,0,0,0,,,,,,,,,,,,,,,,,,,,,,,,,,,,1,0.001670,348,1786548376.546974182,finsrov_stereo_left_optical,"[0.05942147454268243,-0.08859519868508792,0.3638237663638991]","[0.0,0.0,0.0,1.0]","[0.0025,0.0025,0.0025,1000000.0,1000000.0,1000000.0]",0.000793,521,1,"[16,17]","[0.257992,0.948064,1.193384]","[{""tag_id"":16,""target_match"":true,""family"":""tag25h9"",""hamming"":0,""decision_margin"":146.320068,""pixel_xy"":[812.340739,651.963315],""world_xy_yaw"":[0.239132,0.569405,0.102507],""pnp_valid"":true,""pnp_camera_xyz"":[0.309207,0.722763,1.296278],""pnp_camera_quat_xyzw"":[-0.089675,-0.012735,0.056779,0.99427],""pnp_camera_rpy_deg"":[-10.357465,-0.867566,6.615469],""pnp_reprojection_error_px"":0.048172},{""tag_id"":17,""target_match"":true,""family"":""tag25h9"",""hamming"":0,""decision_margin"":152.225006,""pixel_xy"":[823.566899,341.587206],""world_xy_yaw"":[0.257992,0.948064,1.193384],""pnp_valid"":true,""pnp_camera_xyz"":[0.331466,-0.016473,1.272213],""pnp_camera_quat_xyzw"":[-0.094157,-0.095074,0.548863,0.825133],""pnp_camera_rpy_deg"":[-15.077318,-3.068986,67.66849],""pnp_reprojection_error_px"":0.060426}]",1,0.060426,152.225006,95.665083,,0,,0,,
2026-08-12T15:26:16.642658+00:00,21151.926307274,onboard_overhead_fish_dynamic,0,"[0.0,0.0,0.0,0.0]",0,0,0,0,,,,,,,,,,,,,,,,,,,,,,,,,,,,1,0.002775,349,1786548376.597024441,finsrov_stereo_left_optical,"[0.059550745762913304,-0.09414224381144864,0.364054639535122]","[0.0,0.0,0.0,1.0]","[0.0025,0.0025,0.0025,1000000.0,1000000.0,1000000.0]",0.002521,522,1,"[16,17]","[0.258272,0.948037,1.185759]","[{""tag_id"":16,""target_match"":true,""family"":""tag25h9"",""hamming"":0,""decision_margin"":144.192413,""pixel_xy"":[812.509979,652.153251],""world_xy_yaw"":[0.239417,0.569173,0.1007],""pnp_valid"":true,""pnp_camera_xyz"":[0.309801,0.723351,1.296752],""pnp_camera_quat_xyzw"":[-0.087173,-0.013724,0.055687,0.994541],""pnp_camera_rpy_deg"":[-10.075743,-1.007877,6.498435],""pnp_reprojection_error_px"":0.070354},{""tag_id"":17,""target_match"":true,""family"":""tag25h9"",""hamming"":0,""decision_margin"":152.566101,""pixel_xy"":[823.733163,341.608606],""world_xy_yaw"":[0.258272,0.948037,1.185759],""pnp_valid"":true,""pnp_camera_xyz"":[0.33195,-0.016439,1.27262],""pnp_camera_quat_xyzw"":[-0.096043,-0.095421,0.545768,0.826927],""pnp_camera_rpy_deg"":[-15.26989,-3.036879,67.256413],""pnp_reprojection_error_px"":0.054421}]",1,0.054421,152.566101,96.110198,,0,,0,,
2026-08-12T15:26:16.694030+00:00,21151.977672064,onboard_overhead_fish_dynamic,0,"[0.0,0.0,0.0,0.0]",0,0,0,0,,,,,,,,,,,,,,,,,,,,,,,,,,,,1,0.003606,350,1786548376.646911383,finsrov_stereo_left_optical,"[0.059794908917860934,-0.09165149733591271,0.3659995434660563]","[0.0,0.0,0.0,1.0]","[0.0025,0.0025,0.0025,1000000.0,1000000.0,1000000.0]",0.002074,524,1,"[16,17]","[0.258805,0.947967,1.172639]","[{""tag_id"":16,""target_match"":true,""family"":""tag25h9"",""hamming"":0,""decision_margin"":146.074005,""pixel_xy"":[812.804982,652.489769],""world_xy_yaw"":[0.239912,0.568762,0.10595],""pnp_valid"":true,""pnp_camera_xyz"":[0.312714,0.728636,1.304718],""pnp_camera_quat_xyzw"":[-0.089331,-0.017859,0.056608,0.994232],""pnp_camera_rpy_deg"":[-10.352891,-1.455403,6.649309],""pnp_reprojection_error_px"":0.138684},{""tag_id"":17,""target_match"":true,""family"":""tag25h9"",""hamming"":0,""decision_margin"":152.004364,""pixel_xy"":[824.050724,341.6665],""world_xy_yaw"":[0.258805,0.947967,1.172639],""pnp_valid"":true,""pnp_camera_xyz"":[0.333013,-0.016285,1.27362],""pnp_camera_quat_xyzw"":[-0.099374,-0.097811,0.539174,0.830572],""pnp_camera_rpy_deg"":[-15.72163,-3.171135,66.417932],""pnp_reprojection_error_px"":0.082358}]",1,0.082358,152.004364,94.828614,,0,,0,,
2026-08-12T15:26:16.740716+00:00,21152.024383029,onboard_overhead_fish_dynamic,0,"[0.0,0.0,0.0,0.0]",0,0,0,0,,,,,,,,,,,,,,,,,,,,,,,,,,,,1,0.001098,351,1786548376.697118998,finsrov_stereo_left_optical,"[0.061463775169338264,-0.08698833109768367,0.3682088980584002]","[0.0,0.0,0.0,1.0]","[0.0025,0.0025,0.0025,1000000.0,1000000.0,1000000.0]",0.000958,525,1,"[16,17]","[0.259142,0.947914,1.166179]","[{""tag_id"":16,""target_match"":true,""family"":""tag25h9"",""hamming"":0,""decision_margin"":144.950821,""pixel_xy"":[813.028421,652.74396],""world_xy_yaw"":[0.240288,0.568452,0.100804],""pnp_valid"":true,""pnp_camera_xyz"":[0.312922,0.728371,1.303092],""pnp_camera_quat_xyzw"":[-0.087283,-0.025825,0.05717,0.994206],""pnp_camera_rpy_deg"":[-10.175194,-2.37106,6.79329],""pnp_reprojection_error_px"":0.161304},{""tag_id"":17,""target_match"":true,""family"":""tag25h9"",""hamming"":0,""decision_margin"":154.174347,""pixel_xy"":[824.251145,341.709956],""world_xy_yaw"":[0.259142,0.947914,1.166179],""pnp_valid"":true,""pnp_camera_xyz"":[0.333577,-0.016181,1.274041],""pnp_camera_quat_xyzw"":[-0.100635,-0.100153,0.535714,0.832377],""pnp_camera_rpy_deg"":[-15.980972,-3.37705,66.004484],""pnp_reprojection_error_px"":0.078261}]",1,0.078261,154.174347,94.775363,,0,,0,,
2026-08-12T15:26:16.790273+00:00,21152.073943733,onboard_overhead_fish_dynamic,0,"[0.0,0.0,0.0,0.0]",0,0,0,0,,,,,,,,,,,,,,,,,,,,,,,,,,,,1,0.000832,352,1786548376.746973038,finsrov_stereo_left_optical,"[0.058626852002865826,-0.09535447528875396,0.368269821951215]","[0.0,0.0,0.0,1.0]","[0.0025,0.0025,0.0025,1000000.0,1000000.0,1000000.0]",0.000452,527,1,"[15,16,17]","[0.259927,0.947648,1.152271]","[{""tag_id"":15,""target_match"":true,""family"":""tag25h9"",""hamming"":0,""decision_margin"":99.073532,""pixel_xy"":[817.563971,590.9307],""world_xy_yaw"":[0.247907,0.643865,0.087658],""pnp_valid"":true,""pnp_camera_xyz"":[0.3281,0.588365,1.321331],""pnp_camera_quat_xyzw"":[-0.072155,-0.028044,0.052608,0.99561],""pnp_camera_rpy_deg"":[-8.441463,-2.765568,6.253559],""pnp_reprojection_error_px"":0.014596},{""tag_id"":16,""target_match"":true,""family"":""tag25h9"",""hamming"":0,""decision_margin"":147.113968,""pixel_xy"":[813.802552,653.326951],""world_xy_yaw"":[0.241588,0.567741,0.076517],""pnp_valid"":true,""pnp_camera_xyz"":[0.31276,0.726551,1.297006],""pnp_camera_quat_xyzw"":[-0.082606,-0.034427,0.056031,0.99441],""pnp_camera_rpy_deg"":[-9.69719,-3.39456,6.73794],""pnp_reprojection_error_px"":0.096568},{""tag_id"":17,""target_match"":true,""family"":""tag25h9"",""hamming"":0,""decision_margin"":152.343185,""pixel_xy"":[824.718194,341.927552],""world_xy_yaw"":[0.259927,0.947648,1.152271],""pnp_valid"":true,""pnp_camera_xyz"":[0.334011,-0.015661,1.271583],""pnp_camera_quat_xyzw"":[-0.107326,-0.105864,0.528538,0.835417],""pnp_camera_rpy_deg"":[-16.966824,-3.636713,65.182686],""pnp_reprojection_error_px"":0.069596}]",1,0.069596,152.343185,96.336586,,0,,0,,
2026-08-12T15:26:16.840407+00:00,21152.124075948,onboard_overhead_fish_dynamic,0,"[0.0,0.0,0.0,0.0]",0,0,0,0,,,,,,,,,,,,,,,,,,,,,,,,,,,,1,0.000887,353,1786548376.797192812,finsrov_stereo_left_optical,"[0.05353459751262735,-0.11498697422672721,0.36599003839190136]","[0.0,0.0,0.0,1.0]","[0.0025,0.0025,0.0025,1000000.0,1000000.0,1000000.0]",0.000763,528,1,"[15,16,17]","[0.260363,0.947521,1.14605]","[{""tag_id"":15,""target_match"":true,""family"":""tag25h9"",""hamming"":0,""decision_margin"":103.960228,""pixel_xy"":[817.738219,591.351812],""world_xy_yaw"":[0.2482,0.643351,0.091437],""pnp_valid"":true,""pnp_camera_xyz"":[0.330765,0.593537,1.330825],""pnp_camera_quat_xyzw"":[-0.080839,-0.017178,0.051435,0.995251],""pnp_camera_rpy_deg"":[-9.365528,-1.482852,6.038386],""pnp_reprojection_error_px"":0.073976},{""tag_id"":16,""target_match"":true,""family"":""tag25h9"",""hamming"":0,""decision_margin"":146.060501,""pixel_xy"":[814.111422,653.624093],""world_xy_yaw"":[0.242107,0.567379,0.070985],""pnp_valid"":true,""pnp_camera_xyz"":[0.313052,0.726542,1.29558],""pnp_camera_quat_xyzw"":[-0.085516,-0.036428,0.055316,0.994133],""pnp_camera_rpy_deg"":[-10.044072,-3.610217,6.686947],""pnp_reprojection_error_px"":0.149078},{""tag_id"":17,""target_match"":true,""family"":""tag25h9"",""hamming"":0,""decision_margin"":151.196259,""pixel_xy"":[824.977824,342.031686],""world_xy_yaw"":[0.260363,0.947521,1.14605],""pnp_valid"":true,""pnp_camera_xyz"":[0.334919,-0.015417,1.272592],""pnp_camera_quat_xyzw"":[-0.108744,-0.107985,0.524963,0.837214],""pnp_camera_rpy_deg"":[-17.224657,-3.820975,64.757296],""pnp_reprojection_error_px"":0.085672}]",1,0.085672,151.196259,94.756681,,0,,0,,
2026-08-12T15:26:16.890718+00:00,21152.174384384,onboard_overhead_fish_dynamic,0,"[0.0,0.0,0.0,0.0]",0,0,0,0,,,,,,,,,,,,,,,,,,,,,,,,,,,,1,0.001178,354,1786548376.846985817,finsrov_stereo_left_optical,"[0.05812268000431109,-0.08940752996618129,0.3699316237085437]","[0.0,0.0,0.0,1.0]","[0.0025,0.0025,0.0025,1000000.0,1000000.0,1000000.0]",0.000616,530,1,"[16,17]","[0.261224,0.947289,1.135132]","[{""tag_id"":16,""target_match"":true,""family"":""tag25h9"",""hamming"":0,""decision_margin"":144.962814,""pixel_xy"":[814.524387,654.344887],""world_xy_yaw"":[0.242801,0.566499,0.075718],""pnp_valid"":true,""pnp_camera_xyz"":[0.311215,0.720982,1.282816],""pnp_camera_quat_xyzw"":[-0.079447,-0.036293,0.054865,0.994666],""pnp_camera_rpy_deg"":[-9.343717,-3.639671,6.611954],""pnp_reprojection_error_px"":0.017375},{""tag_id"":17,""target_match"":true,""family"":""tag25h9"",""hamming"":0,""decision_margin"":154.999603,""pixel_xy"":[825.490209,342.222181],""world_xy_yaw"":[0.261224,0.947289,1.135132],""pnp_valid"":true,""pnp_camera_xyz"":[0.336096,-0.01483,1.272404],""pnp_camera_quat_xyzw"":[-0.113423,-0.111401,0.518189,0.84036],""pnp_camera_rpy_deg"":[-17.868393,-3.995854,63.946672],""pnp_reprojection_error_px"":0.124519}]",1,0.124519,154.999603,96.065865,,0,,0,,
2026-08-12T15:26:16.941180+00:00,21152.224842229,onboard_overhead_fish_dynamic,0,"[0.0,0.0,0.0,0.0]",0,0,0,0,,,,,,,,,,,,,,,,,,,,,,,,,,,,1,0.001516,355,1786548376.897047043,finsrov_stereo_left_optical,"[0.04947490123303161,-0.12358261935634507,0.3636129148609952]","[0.0,0.0,0.0,1.0]","[0.0025,0.0025,0.0025,1000000.0,1000000.0,1000000.0]",0.001319,531,1,"[16,17]","[0.261663,0.947125,1.128723]","[{""tag_id"":16,""target_match"":true,""family"":""tag25h9"",""hamming"":0,""decision_margin"":148.848145,""pixel_xy"":[814.555136,654.650934],""world_xy_yaw"":[0.242853,0.566126,0.080111],""pnp_valid"":true,""pnp_camera_xyz"":[0.311712,0.722146,1.283496],""pnp_camera_quat_xyzw"":[-0.076838,-0.036881,0.054431,0.994873],""pnp_camera_rpy_deg"":[-9.046492,-3.727935,6.558241],""pnp_reprojection_error_px"":0.112468},{""tag_id"":17,""target_match"":true,""family"":""tag25h9"",""hamming"":0,""decision_margin"":157.655853,""pixel_xy"":[825.751633,342.356487],""world_xy_yaw"":[0.261663,0.947125,1.128723],""pnp_valid"":true,""pnp_camera_xyz"":[0.336605,-0.014529,1.271952],""pnp_camera_quat_xyzw"":[-0.11657,-0.112388,0.515332,0.841554],""pnp_camera_rpy_deg"":[-18.226883,-3.957499,63.598133],""pnp_reprojection_error_px"":0.125069}]",1,0.125069,157.655853,96.559707,,0,,0,,
2026-08-12T15:26:16.990023+00:00,21152.273694716,onboard_overhead_fish_dynamic,0,"[0.0,0.0,0.0,0.0]",0,0,0,0,,,,,,,,,,,,,,,,,,,,,,,,,,,,1,0.000712,356,1786548376.946982384,finsrov_stereo_left_optical,"[0.04801355582981459,-0.1253203232933574,0.36609939585454765]","[0.0,0.0,0.0,1.0]","[0.0025,0.0025,0.0025,1000000.0,1000000.0,1000000.0]",0.000329,533,1,"[16,17]","[0.262545,0.946791,1.118517]","[{""tag_id"":16,""target_match"":true,""family"":""tag25h9"",""hamming"":0,""decision_margin"":145.336166,""pixel_xy"":[814.816054,655.241528],""world_xy_yaw"":[0.243291,0.565405,0.077016],""pnp_valid"":true,""pnp_camera_xyz"":[0.314281,0.727752,1.291611],""pnp_camera_quat_xyzw"":[-0.069551,-0.032522,0.051853,0.995699],""pnp_camera_rpy_deg"":[-8.170062,-3.299319,6.197904],""pnp_reprojection_error_px"":0.143733},{""tag_id"":17,""target_match"":true,""family"":""tag25h9"",""hamming"":0,""decision_margin"":152.563553,""pixel_xy"":[826.277008,342.630099],""world_xy_yaw"":[0.262545,0.946791,1.118517],""pnp_valid"":true,""pnp_camera_xyz"":[0.338364,-0.013983,1.273849],""pnp_camera_quat_xyzw"":[-0.117962,-0.118826,0.508979,0.844338],""pnp_camera_rpy_deg"":[-18.735683,-4.621778,62.927245],""pnp_reprojection_error_px"":0.12159}]",1,0.12159,152.563553,96.411465,,0,,0,,
2026-08-12T15:26:17.040014+00:00,21152.323686129,onboard_overhead_fish_dynamic,0,"[0.0,0.0,0.0,0.0]",0,0,0,0,,,,,,,,,,,,,,,,,,,,,,,,,,,,1,0.000675,357,1786548376.997119427,finsrov_stereo_left_optical,"[0.046976320522022774,-0.12995178869225688,0.36800251827643293]","[0.0,0.0,0.0,1.0]","[0.0025,0.0025,0.0025,1000000.0,1000000.0,1000000.0]",0.000569,534,1,"[16,17]","[0.262953,0.946764,1.113301]","[{""tag_id"":16,""target_match"":true,""family"":""tag25h9"",""hamming"":0,""decision_margin"":146.781708,""pixel_xy"":[814.985752,655.417209],""world_xy_yaw"":[0.243576,0.565191,0.07552],""pnp_valid"":true,""pnp_camera_xyz"":[0.317377,0.734916,1.303402],""pnp_camera_quat_xyzw"":[-0.073301,-0.024733,0.049096,0.995794],""pnp_camera_rpy_deg"":[-8.542655,-2.410627,5.825197],""pnp_reprojection_error_px"":0.073366},{""tag_id"":17,""target_match"":true,""family"":""tag25h9"",""hamming"":0,""decision_margin"":152.015564,""pixel_xy"":[826.519581,342.652726],""world_xy_yaw"":[0.262953,0.946764,1.113301],""pnp_valid"":true,""pnp_camera_xyz"":[0.339132,-0.013813,1.274523],""pnp_camera_quat_xyzw"":[-0.118512,-0.118356,0.505841,0.84621],""pnp_camera_rpy_deg"":[-18.744685,-4.612231,62.501308],""pnp_reprojection_error_px"":0.152026}]",1,0.152026,152.015564,97.209516,,0,,0,,
2026-08-12T15:26:17.090067+00:00,21152.373739105,onboard_overhead_fish_dynamic,0,"[0.0,0.0,0.0,0.0]",0,0,0,0,,,,,,,,,,,,,,,,,,,,,,,,,,,,1,0.000707,358,1786548377.046996832,finsrov_stereo_left_optical,"[0.04892749659126838,-0.09447918041014813,0.37639085021969476]","[0.0,0.0,0.0,1.0]","[0.0025,0.0025,0.0025,1000000.0,1000000.0,1000000.0]",0.000331,536,1,"[16,17]","[0.26381,0.946572,1.097766]","[{""tag_id"":16,""target_match"":true,""family"":""tag25h9"",""hamming"":0,""decision_margin"":147.870865,""pixel_xy"":[815.284023,655.626619],""world_xy_yaw"":[0.244077,0.564936,0.078735],""pnp_valid"":true,""pnp_camera_xyz"":[0.318237,0.736142,1.303903],""pnp_camera_quat_xyzw"":[-0.076001,-0.02222,0.048797,0.995665],""pnp_camera_rpy_deg"":[-8.836578,-2.110691,5.774694],""pnp_reprojection_error_px"":0.100123},{""tag_id"":17,""target_match"":true,""family"":""tag25h9"",""hamming"":0,""decision_margin"":152.989471,""pixel_xy"":[827.029792,342.809937],""world_xy_yaw"":[0.26381,0.946572,1.097766],""pnp_valid"":true,""pnp_camera_xyz"":[0.339892,-0.01355,1.273178],""pnp_camera_quat_xyzw"":[-0.121003,-0.122765,0.498654,0.849489],""pnp_camera_rpy_deg"":[-19.225684,-5.04265,61.680859],""pnp_reprojection_error_px"":0.1016}]",1,0.1016,152.989471,96.195257,,0,,0,,
2026-08-12T15:26:17.140368+00:00,21152.424029818,onboard_overhead_fish_dynamic,0,"[0.0,0.0,0.0,0.0]",0,0,0,0,,,,,,,,,,,,,,,,,,,,,,,,,,,,1,0.000957,359,1786548377.097186565,finsrov_stereo_left_optical,"[0.04808653194724127,-0.10625661868823044,0.3741053931528793]","[0.0,0.0,0.0,1.0]","[0.0025,0.0025,0.0025,1000000.0,1000000.0,1000000.0]",0.000810,537,1,"[16,17]","[0.264196,0.946576,1.090716]","[{""tag_id"":16,""target_match"":true,""family"":""tag25h9"",""hamming"":0,""decision_margin"":147.167236,""pixel_xy"":[815.51214,655.680894],""world_xy_yaw"":[0.24446,0.564869,0.073534],""pnp_valid"":true,""pnp_camera_xyz"":[0.317962,0.734767,1.30116],""pnp_camera_quat_xyzw"":[-0.074487,-0.025595,0.049703,0.995654],""pnp_camera_rpy_deg"":[-8.685715,-2.496755,5.905251],""pnp_reprojection_error_px"":0.120105},{""tag_id"":17,""target_match"":true,""family"":""tag25h9"",""hamming"":0,""decision_margin"":157.043991,""pixel_xy"":[827.259727,342.806878],""world_xy_yaw"":[0.264196,0.946576,1.090716],""pnp_valid"":true,""pnp_camera_xyz"":[0.340531,-0.013531,1.273568],""pnp_camera_quat_xyzw"":[-0.121815,-0.1237,0.494969,0.85139],""pnp_camera_rpy_deg"":[-19.34316,-5.166222,61.225492],""pnp_reprojection_error_px"":0.106778}]",1,0.106778,157.043991,96.769849,,0,,0,,
2026-08-12T15:26:17.190350+00:00,21152.474018606,onboard_overhead_fish_dynamic,0,"[0.0,0.0,0.0,0.0]",0,0,0,0,,,,,,,,,,,,,,,,,,,,,,,,,,,,1,0.000906,360,1786548377.147089481,finsrov_stereo_left_optical,"[0.05009869574603337,-0.10977262924382991,0.3731323865757548]","[0.0,0.0,0.0,1.0]","[0.0025,0.0025,0.0025,1000000.0,1000000.0,1000000.0]",0.000468,539,1,"[15,16,17]","[0.264948,0.9466,1.074354]","[{""tag_id"":15,""target_match"":true,""family"":""tag25h9"",""hamming"":0,""decision_margin"":134.517761,""pixel_xy"":[819.246487,594.00384],""world_xy_yaw"":[0.250734,0.640115,0.091742],""pnp_valid"":true,""pnp_camera_xyz"":[0.331686,0.59367,1.317138],""pnp_camera_quat_xyzw"":[-0.063475,-0.030641,0.049946,0.996262],""pnp_camera_rpy_deg"":[-7.45397,-3.136329,5.944431],""pnp_reprojection_error_px"":0.257771},{""tag_id"":16,""target_match"":true,""family"":""tag25h9"",""hamming"":0,""decision_margin"":148.393723,""pixel_xy"":[815.85509,655.815845],""world_xy_yaw"":[0.245037,0.564705,0.079732],""pnp_valid"":true,""pnp_camera_xyz"":[0.318827,0.734412,1.300649],""pnp_camera_quat_xyzw"":[-0.077531,-0.02893,0.05244,0.995189],""pnp_camera_rpy_deg"":[-9.064361,-2.834472,6.257347],""pnp_reprojection_error_px"":0.049613},{""tag_id"":17,""target_match"":true,""family"":""tag25h9"",""hamming"":0,""decision_margin"":154.315521,""pixel_xy"":[827.707127,342.787114],""world_xy_yaw"":[0.264948,0.9466,1.074354],""pnp_valid"":true,""pnp_camera_xyz"":[0.341973,-0.013645,1.274993],""pnp_camera_quat_xyzw"":[-0.123494,-0.124814,0.487578,0.855242],""pnp_camera_rpy_deg"":[-19.536012,-5.340008,60.29538],""pnp_reprojection_error_px"":0.102471}]",1,0.102471,154.315521,95.498419,,0,,0,,
2026-08-12T15:26:17.240757+00:00,21152.524421584,onboard_overhead_fish_dynamic,0,"[0.0,0.0,0.0,0.0]",0,0,0,0,,,,,,,,,,,,,,,,,,,,,,,,,,,,1,0.001160,361,1786548377.196968079,finsrov_stereo_left_optical,"[0.050827224843702334,-0.10941357940620244,0.3731441969590081]","[0.0,0.0,0.0,1.0]","[0.0025,0.0025,0.0025,1000000.0,1000000.0,1000000.0]",0.000997,540,1,"[15,16,17]","[0.265318,0.94671,1.069465]","[{""tag_id"":15,""target_match"":true,""family"":""tag25h9"",""hamming"":0,""decision_margin"":135.504349,""pixel_xy"":[819.419539,593.944624],""world_xy_yaw"":[0.251025,0.640188,0.08882],""pnp_valid"":true,""pnp_camera_xyz"":[0.332423,0.594338,1.31899],""pnp_camera_quat_xyzw"":[-0.062392,-0.032312,0.050902,0.996229],""pnp_camera_rpy_deg"":[-7.343583,-3.326714,6.063454],""pnp_reprojection_error_px"":0.203327},{""tag_id"":16,""target_match"":true,""family"":""tag25h9"",""hamming"":0,""decision_margin"":146.305817,""pixel_xy"":[815.932962,655.879444],""world_xy_yaw"":[0.245167,0.564627,0.084347],""pnp_valid"":true,""pnp_camera_xyz"":[0.319539,0.735114,1.302099],""pnp_camera_quat_xyzw"":[-0.082164,-0.030189,0.053236,0.994738],""pnp_camera_rpy_deg"":[-9.607532,-2.941204,6.374102],""pnp_reprojection_error_px"":0.176843},{""tag_id"":17,""target_match"":true,""family"":""tag25h9"",""hamming"":0,""decision_margin"":154.828262,""pixel_xy"":[827.927516,342.696899],""world_xy_yaw"":[0.265318,0.94671,1.069465],""pnp_valid"":true,""pnp_camera_xyz"":[0.342899,-0.013782,1.276386],""pnp_camera_quat_xyzw"":[-0.1239,-0.125566,0.48426,0.856957],""pnp_camera_rpy_deg"":[-19.602445,-5.463403,59.885419],""pnp_reprojection_error_px"":0.131007}]",1,0.131007,154.828262,94.195697,,0,,0,,
2026-08-12T15:26:17.290188+00:00,21152.573860814,onboard_overhead_fish_dynamic,0,"[0.0,0.0,0.0,0.0]",0,0,0,0,,,,,,,,,,,,,,,,,,,,,,,,,,,,1,0.000692,362,1786548377.247180462,finsrov_stereo_left_optical,"[0.04808559353464953,-0.1196354978605082,0.37318420502333155]","[0.0,0.0,0.0,1.0]","[0.0025,0.0025,0.0025,1000000.0,1000000.0,1000000.0]",0.000334,542,1,"[15,16,17]","[0.266119,0.94676,1.054723]","[{""tag_id"":15,""target_match"":true,""family"":""tag25h9"",""hamming"":0,""decision_margin"":129.125656,""pixel_xy"":[819.807655,593.531717],""world_xy_yaw"":[0.251677,0.640691,0.094782],""pnp_valid"":true,""pnp_camera_xyz"":[0.335599,0.598105,1.328839],""pnp_camera_quat_xyzw"":[-0.076741,-0.020879,0.051325,0.99551],""pnp_camera_rpy_deg"":[-8.918152,-1.930843,6.053334],""pnp_reprojection_error_px"":0.067249},{""tag_id"":16,""target_match"":true,""family"":""tag25h9"",""hamming"":0,""decision_margin"":147.557861,""pixel_xy"":[816.278016,655.629409],""world_xy_yaw"":[0.245747,0.564932,0.068659],""pnp_valid"":true,""pnp_camera_xyz"":[0.318546,0.731159,1.295595],""pnp_camera_quat_xyzw"":[-0.072022,-0.041579,0.054147,0.995064],""pnp_camera_rpy_deg"":[-8.525656,-4.298278,6.54997],""pnp_reprojection_error_px"":0.02194},{""tag_id"":17,""target_match"":true,""family"":""tag25h9"",""hamming"":0,""decision_margin"":153.90152,""pixel_xy"":[828.404283,342.65571],""world_xy_yaw"":[0.266119,0.94676,1.054723],""pnp_valid"":true,""pnp_camera_xyz"":[0.344406,-0.013977,1.277848],""pnp_camera_quat_xyzw"":[-0.125701,-0.128115,0.477277,0.860229],""pnp_camera_rpy_deg"":[-19.893647,-5.763807,59.056866],""pnp_reprojection_error_px"":0.115857}]",1,0.115857,153.90152,94.663036,,0,,0,,
2026-08-12T15:26:17.340403+00:00,21152.624072364,onboard_overhead_fish_dynamic,0,"[0.0,0.0,0.0,0.0]",0,0,0,0,,,,,,,,,,,,,,,,,,,,,,,,,,,,1,0.000887,363,1786548377.296987772,finsrov_stereo_left_optical,"[0.047697756615604936,-0.1259245784540255,0.3715250229708545]","[0.0,0.0,0.0,1.0]","[0.0025,0.0025,0.0025,1000000.0,1000000.0,1000000.0]",0.000763,543,1,"[15,16,17]","[0.266543,0.946809,1.046385]","[{""tag_id"":15,""target_match"":true,""family"":""tag25h9"",""hamming"":0,""decision_margin"":116.073563,""pixel_xy"":[819.987246,593.333397],""world_xy_yaw"":[0.251979,0.640933,0.094385],""pnp_valid"":true,""pnp_camera_xyz"":[0.335195,0.596179,1.325614],""pnp_camera_quat_xyzw"":[-0.077808,-0.024932,0.052871,0.995253],""pnp_camera_rpy_deg"":[-9.07045,-2.372712,6.270038],""pnp_reprojection_error_px"":0.057594},{""tag_id"":16,""target_match"":true,""family"":""tag25h9"",""hamming"":0,""decision_margin"":148.843109,""pixel_xy"":[816.437678,655.489569],""world_xy_yaw"":[0.246015,0.565103,0.068504],""pnp_valid"":true,""pnp_camera_xyz"":[0.319809,0.733302,1.299983],""pnp_camera_quat_xyzw"":[-0.074626,-0.03739,0.054094,0.995041],""pnp_camera_rpy_deg"":[-8.794648,-3.803497,6.516064],""pnp_reprojection_error_px"":0.081735},{""tag_id"":17,""target_match"":true,""family"":""tag25h9"",""hamming"":0,""decision_margin"":155.038773,""pixel_xy"":[828.656772,342.615953],""world_xy_yaw"":[0.266543,0.946809,1.046385],""pnp_valid"":true,""pnp_camera_xyz"":[0.345721,-0.014083,1.280418],""pnp_camera_quat_xyzw"":[-0.126018,-0.127602,0.473418,0.862388],""pnp_camera_rpy_deg"":[-19.87083,-5.783327,58.544044],""pnp_reprojection_error_px"":0.128961}]",1,0.128961,155.038773,95.26343,,0,,0,,
2026-08-12T15:26:17.392454+00:00,21152.676118051,onboard_overhead_fish_dynamic,0,"[0.0,0.0,0.0,0.0]",0,0,0,0,,,,,,,,,,,,,,,,,,,,,,,,,,,,1,0.002411,364,1786548377.346969843,finsrov_stereo_left_optical,"[0.05415375292982694,-0.10054721857112625,0.37612677370300573]","[0.0,0.0,0.0,1.0]","[0.0025,0.0025,0.0025,1000000.0,1000000.0,1000000.0]",0.001262,545,1,"[16,17]","[0.267407,0.946818,1.036017]","[{""tag_id"":16,""target_match"":true,""family"":""tag25h9"",""hamming"":0,""decision_margin"":147.915421,""pixel_xy"":[816.507723,655.151024],""world_xy_yaw"":[0.246133,0.565516,0.08977],""pnp_valid"":true,""pnp_camera_xyz"":[0.322825,0.738774,1.311086],""pnp_camera_quat_xyzw"":[-0.087869,-0.023137,0.055357,0.994324],""pnp_camera_rpy_deg"":[-10.219424,-2.079319,6.558974],""pnp_reprojection_error_px"":0.027216},{""tag_id"":17,""target_match"":true,""family"":""tag25h9"",""hamming"":0,""decision_margin"":154.655045,""pixel_xy"":[829.170576,342.608257],""world_xy_yaw"":[0.267407,0.946818,1.036017],""pnp_valid"":true,""pnp_camera_xyz"":[0.346897,-0.014124,1.280266],""pnp_camera_quat_xyzw"":[-0.127496,-0.134275,0.466186,0.865093],""pnp_camera_rpy_deg"":[-20.367006,-6.514065,57.81056],""pnp_reprojection_error_px"":0.130545}]",1,0.130545,154.655045,97.230803,,0,,0,,
2026-08-12T15:26:17.440751+00:00,21152.724417710,onboard_overhead_fish_dynamic,0,"[0.0,0.0,0.0,0.0]",0,0,0,0,,,,,,,,,,,,,,,,,,,,,,,,,,,,1,0.001169,365,1786548377.396973372,finsrov_stereo_left_optical,"[0.056160907004346394,-0.0879891232029748,0.37670139908961353]","[0.0,0.0,0.0,1.0]","[0.0025,0.0025,0.0025,1000000.0,1000000.0,1000000.0]",0.001006,546,1,"[15,16,17]","[0.26784,0.946767,1.026628]","[{""tag_id"":15,""target_match"":true,""family"":""tag25h9"",""hamming"":0,""decision_margin"":92.777611,""pixel_xy"":[820.358806,592.9328],""world_xy_yaw"":[0.252603,0.641422,0.088789],""pnp_valid"":true,""pnp_camera_xyz"":[0.333287,0.590042,1.314737],""pnp_camera_quat_xyzw"":[-0.070989,-0.033514,0.054516,0.995422],""pnp_camera_rpy_deg"":[-8.350877,-3.38131,6.516451],""pnp_reprojection_error_px"":0.085614},{""tag_id"":16,""target_match"":true,""family"":""tag25h9"",""hamming"":0,""decision_margin"":148.208649,""pixel_xy"":[816.540844,654.987684],""world_xy_yaw"":[0.246189,0.565715,0.089262],""pnp_valid"":true,""pnp_camera_xyz"":[0.32158,0.735581,1.305883],""pnp_camera_quat_xyzw"":[-0.087982,-0.022812,0.055362,0.994321],""pnp_camera_rpy_deg"":[-10.230208,-2.041527,6.556386],""pnp_reprojection_error_px"":0.062735},{""tag_id"":17,""target_match"":true,""family"":""tag25h9"",""hamming"":0,""decision_margin"":158.201233,""pixel_xy"":[829.428444,342.650188],""world_xy_yaw"":[0.26784,0.946767,1.026628],""pnp_valid"":true,""pnp_camera_xyz"":[0.348005,-0.014064,1.282128],""pnp_camera_quat_xyzw"":[-0.129625,-0.134505,0.462055,0.866955],""pnp_camera_rpy_deg"":[-20.568325,-6.513206,57.294936],""pnp_reprojection_error_px"":0.127536}]",1,0.127536,158.201233,96.032523,,0,,0,,
2026-08-12T15:26:17.490050+00:00,21152.773721572,onboard_overhead_fish_dynamic,0,"[0.0,0.0,0.0,0.0]",0,0,0,0,,,,,,,,,,,,,,,,,,,,,,,,,,,,1,0.000729,366,1786548377.447022200,finsrov_stereo_left_optical,"[0.05098872153816475,-0.10246817040151557,0.3724774633170078]","[0.0,0.0,0.0,1.0]","[0.0025,0.0025,0.0025,1000000.0,1000000.0,1000000.0]",0.000336,548,1,"[15,16,17]","[0.268768,0.946707,1.012298]","[{""tag_id"":15,""target_match"":true,""family"":""tag25h9"",""hamming"":0,""decision_margin"":77.778793,""pixel_xy"":[820.44523,592.742684],""world_xy_yaw"":[0.252748,0.641654,0.096376],""pnp_valid"":true,""pnp_camera_xyz"":[0.334014,0.59037,1.316616],""pnp_camera_quat_xyzw"":[-0.075966,-0.032694,0.057134,0.994935],""pnp_camera_rpy_deg"":[-8.925255,-3.23187,6.825457],""pnp_reprojection_error_px"":0.111206},{""tag_id"":16,""target_match"":true,""family"":""tag25h9"",""hamming"":0,""decision_margin"":147.958939,""pixel_xy"":[816.503792,654.865661],""world_xy_yaw"":[0.246126,0.565864,0.088039],""pnp_valid"":true,""pnp_camera_xyz"":[0.318119,0.726931,1.290959],""pnp_camera_quat_xyzw"":[-0.081595,-0.032564,0.056179,0.994548],""pnp_camera_rpy_deg"":[-9.567914,-3.187547,6.732852],""pnp_reprojection_error_px"":0.112699},{""tag_id"":17,""target_match"":true,""family"":""tag25h9"",""hamming"":0,""decision_margin"":153.026993,""pixel_xy"":[829.980872,342.698895],""world_xy_yaw"":[0.268768,0.946707,1.012298],""pnp_valid"":true,""pnp_camera_xyz"":[0.349056,-0.013839,1.281245],""pnp_camera_quat_xyzw"":[-0.134675,-0.139794,0.452893,0.870177],""pnp_camera_rpy_deg"":[-21.3271,-6.967407,56.303861],""pnp_reprojection_error_px"":0.135975}]",1,0.135975,153.026993,97.273922,,0,,0,,
2026-08-12T15:26:17.540046+00:00,21152.823716885,onboard_overhead_fish_dynamic,0,"[0.0,0.0,0.0,0.0]",0,0,0,0,,,,,,,,,,,,,,,,,,,,,,,,,,,,1,0.000689,367,1786548377.496966362,finsrov_stereo_left_optical,"[0.048709830063776105,-0.12428363052751923,0.3690079761556835]","[0.0,0.0,0.0,1.0]","[0.0025,0.0025,0.0025,1000000.0,1000000.0,1000000.0]",0.000580,549,1,"[16,17]","[0.269225,0.946584,1.003647]","[{""tag_id"":16,""target_match"":true,""family"":""tag25h9"",""hamming"":0,""decision_margin"":147.491928,""pixel_xy"":[816.495628,654.926711],""world_xy_yaw"":[0.246113,0.565789,0.087045],""pnp_valid"":true,""pnp_camera_xyz"":[0.31699,0.724178,1.286017],""pnp_camera_quat_xyzw"":[-0.077952,-0.035695,0.056279,0.994727],""pnp_camera_rpy_deg"":[-9.172624,-3.568328,6.76276],""pnp_reprojection_error_px"":0.143865},{""tag_id"":17,""target_match"":true,""family"":""tag25h9"",""hamming"":0,""decision_margin"":156.274689,""pixel_xy"":[830.253012,342.799737],""world_xy_yaw"":[0.269225,0.946584,1.003647],""pnp_valid"":true,""pnp_camera_xyz"":[0.349459,-0.013674,1.280341],""pnp_camera_quat_xyzw"":[-0.137155,-0.142399,0.44843,0.871677],""pnp_camera_rpy_deg"":[-21.699113,-7.19483,55.82736],""pnp_reprojection_error_px"":0.128936}]",1,0.128936,156.274689,95.880943,,0,,0,,
2026-08-12T15:26:17.590771+00:00,21152.874438767,onboard_overhead_fish_dynamic,0,"[0.0,0.0,0.0,0.0]",0,0,0,0,,,,,,,,,,,,,,,,,,,,,,,,,,,,1,0.001168,368,1786548377.547011137,finsrov_stereo_left_optical,"[0.04442043899864634,-0.13107722456355408,0.3667469152972008]","[0.0,0.0,0.0,1.0]","[0.0025,0.0025,0.0025,1000000.0,1000000.0,1000000.0]",0.000615,551,1,"[16,17]","[0.270095,0.946476,0.986831]","[{""tag_id"":16,""target_match"":true,""family"":""tag25h9"",""hamming"":0,""decision_margin"":149.919113,""pixel_xy"":[816.621345,655.120565],""world_xy_yaw"":[0.246324,0.565553,0.092403],""pnp_valid"":true,""pnp_camera_xyz"":[0.318271,0.727036,1.290409],""pnp_camera_quat_xyzw"":[-0.08017,-0.030239,0.057321,0.994672],""pnp_camera_rpy_deg"":[-9.390603,-2.921388,6.836426],""pnp_reprojection_error_px"":0.096628},{""tag_id"":17,""target_match"":true,""family"":""tag25h9"",""hamming"":0,""decision_margin"":159.270172,""pixel_xy"":[830.770799,342.888627],""world_xy_yaw"":[0.270095,0.946476,0.986831],""pnp_valid"":true,""pnp_camera_xyz"":[0.350273,-0.013394,1.278667],""pnp_camera_quat_xyzw"":[-0.143111,-0.146645,0.438405,0.875109],""pnp_camera_rpy_deg"":[-22.479867,-7.53774,54.719243],""pnp_reprojection_error_px"":0.154964}]",1,0.154964,159.270172,96.770033,,0,,0,,
2026-08-12T15:26:17.640908+00:00,21152.924572078,onboard_overhead_fish_dynamic,0,"[0.0,0.0,0.0,0.0]",0,0,0,0,,,,,,,,,,,,,,,,,,,,,,,,,,,,1,0.001285,369,1786548377.597049475,finsrov_stereo_left_optical,"[0.04762723466123425,-0.12001477048206644,0.36841002546200735]","[0.0,0.0,0.0,1.0]","[0.0025,0.0025,0.0025,1000000.0,1000000.0,1000000.0]",0.001119,552,1,"[16,17]","[0.270687,0.946352,0.972303]","[{""tag_id"":16,""target_match"":true,""family"":""tag25h9"",""hamming"":0,""decision_margin"":144.738998,""pixel_xy"":[816.783173,655.250717],""world_xy_yaw"":[0.246596,0.565394,0.095109],""pnp_valid"":true,""pnp_camera_xyz"":[0.320858,0.7327,1.300042],""pnp_camera_quat_xyzw"":[-0.08845,-0.021334,0.056058,0.994273],""pnp_camera_rpy_deg"":[-10.275043,-1.86286,6.621422],""pnp_reprojection_error_px"":0.044454},{""tag_id"":17,""target_match"":true,""family"":""tag25h9"",""hamming"":0,""decision_margin"":160.960831,""pixel_xy"":[831.123467,342.989878],""world_xy_yaw"":[0.270687,0.946352,0.972303],""pnp_valid"":true,""pnp_camera_xyz"":[0.351165,-0.013342,1.27938],""pnp_camera_quat_xyzw"":[-0.14652,-0.146574,0.433803,0.876848],""pnp_camera_rpy_deg"":[-22.793046,-7.465209,54.152758],""pnp_reprojection_error_px"":0.095892}]",1,0.095892,160.960831,96.9004,,0,,0,,
2026-08-12T15:26:17.692273+00:00,21152.975925101,onboard_overhead_fish_dynamic,0,"[0.0,0.0,0.0,0.0]",0,0,0,0,,,,,,,,,,,,,,,,,,,,,,,,,,,,1,0.002433,370,1786548377.647118568,finsrov_stereo_left_optical,"[0.04823896285671431,-0.09970721592200027,0.3725150372195781]","[0.0,0.0,0.0,1.0]","[0.0025,0.0025,0.0025,1000000.0,1000000.0,1000000.0]",0.001368,554,1,"[16,17]","[0.271435,0.946278,0.959913]","[{""tag_id"":16,""target_match"":true,""family"":""tag25h9"",""hamming"":0,""decision_margin"":147.143295,""pixel_xy"":[816.953011,655.464127],""world_xy_yaw"":[0.246881,0.565134,0.083059],""pnp_valid"":true,""pnp_camera_xyz"":[0.320988,0.732997,1.299563],""pnp_camera_quat_xyzw"":[-0.077087,-0.02085,0.052355,0.99543],""pnp_camera_rpy_deg"":[-8.95975,-1.91616,6.171552],""pnp_reprojection_error_px"":0.059026},{""tag_id"":17,""target_match"":true,""family"":""tag25h9"",""hamming"":0,""decision_margin"":153.623627,""pixel_xy"":[831.568235,343.050884],""world_xy_yaw"":[0.271435,0.946278,0.959913],""pnp_valid"":true,""pnp_camera_xyz"":[0.351745,-0.01306,1.277328],""pnp_camera_quat_xyzw"":[-0.147985,-0.150771,0.424786,0.880299],""pnp_camera_rpy_deg"":[-23.109061,-8.031844,53.163652],""pnp_reprojection_error_px"":0.137346}]",1,0.137346,153.623627,95.119525,,0,,0,,
2026-08-12T15:26:17.740777+00:00,21153.024447084,onboard_overhead_fish_dynamic,0,"[0.0,0.0,0.0,0.0]",0,0,0,0,,,,,,,,,,,,,,,,,,,,,,,,,,,,1,0.001100,371,1786548377.696974039,finsrov_stereo_left_optical,"[0.04385800755895669,-0.11320276642308247,0.37241012138443313]","[0.0,0.0,0.0,1.0]","[0.0025,0.0025,0.0025,1000000.0,1000000.0,1000000.0]",0.000901,555,1,"[15,16,17]","[0.271704,0.946167,0.952638]","[{""tag_id"":15,""target_match"":true,""family"":""tag25h9"",""hamming"":0,""decision_margin"":118.016533,""pixel_xy"":[820.353435,593.510025],""world_xy_yaw"":[0.252594,0.640718,0.106069],""pnp_valid"":true,""pnp_camera_xyz"":[0.333768,0.59186,1.315021],""pnp_camera_quat_xyzw"":[-0.069585,-0.019623,0.052787,0.995985],""pnp_camera_rpy_deg"":[-8.091523,-1.819035,6.196341],""pnp_reprojection_error_px"":0.216272},{""tag_id"":16,""target_match"":true,""family"":""tag25h9"",""hamming"":0,""decision_margin"":147.119965,""pixel_xy"":[816.902865,655.64622],""world_xy_yaw"":[0.246797,0.564912,0.082057],""pnp_valid"":true,""pnp_camera_xyz"":[0.321069,0.733635,1.300209],""pnp_camera_quat_xyzw"":[-0.072752,-0.022778,0.05265,0.995699],""pnp_camera_rpy_deg"":[-8.475219,-2.160494,6.213821],""pnp_reprojection_error_px"":0.092548},{""tag_id"":17,""target_match"":true,""family"":""tag25h9"",""hamming"":0,""decision_margin"":156.941879,""pixel_xy"":[831.728382,343.141691],""world_xy_yaw"":[0.271704,0.946167,0.952638],""pnp_valid"":true,""pnp_camera_xyz"":[0.353089,-0.012922,1.280551],""pnp_camera_quat_xyzw"":[-0.14699,-0.150891,0.421023,0.88225],""pnp_camera_rpy_deg"":[-22.979648,-8.191093,52.690055],""pnp_reprojection_error_px"":0.171358}]",1,0.171358,156.941879,93.864532,,0,,0,,
2026-08-12T15:26:17.790301+00:00,21153.073970277,onboard_overhead_fish_dynamic,0,"[0.0,0.0,0.0,0.0]",0,0,0,0,,,,,,,,,,,,,,,,,,,,,,,,,,,,1,0.000883,372,1786548377.747042179,finsrov_stereo_left_optical,"[0.042550026033801314,-0.12209873160692897,0.37326742621729575]","[0.0,0.0,0.0,1.0]","[0.0025,0.0025,0.0025,1000000.0,1000000.0,1000000.0]",0.000451,557,1,"[15,16,17]","[0.272606,0.946001,0.931538]","[{""tag_id"":15,""target_match"":true,""family"":""tag25h9"",""hamming"":0,""decision_margin"":129.561295,""pixel_xy"":[820.217126,593.987491],""world_xy_yaw"":[0.252365,0.640135,0.101098],""pnp_valid"":true,""pnp_camera_xyz"":[0.333922,0.593659,1.316992],""pnp_camera_quat_xyzw"":[-0.064929,-0.024846,0.052922,0.996176],""pnp_camera_rpy_deg"":[-7.591668,-2.443257,6.244093],""pnp_reprojection_error_px"":0.214458},{""tag_id"":16,""target_match"":true,""family"":""tag25h9"",""hamming"":0,""decision_margin"":148.168427,""pixel_xy"":[816.630634,655.797021],""world_xy_yaw"":[0.246339,0.564728,0.089355],""pnp_valid"":true,""pnp_camera_xyz"":[0.322355,0.738555,1.308078],""pnp_camera_quat_xyzw"":[-0.078438,-0.017146,0.053154,0.995353],""pnp_camera_rpy_deg"":[-9.092134,-1.478039,6.231148],""pnp_reprojection_error_px"":0.055117},{""tag_id"":17,""target_match"":true,""family"":""tag25h9"",""hamming"":0,""decision_margin"":157.663025,""pixel_xy"":[832.265231,343.277649],""world_xy_yaw"":[0.272606,0.946001,0.931538],""pnp_valid"":true,""pnp_camera_xyz"":[0.354907,-0.012676,1.282854],""pnp_camera_quat_xyzw"":[-0.146832,-0.153046,0.410953,0.886643],""pnp_camera_rpy_deg"":[-22.993411,-8.668175,51.501038],""pnp_reprojection_error_px"":0.137704}]",1,0.137704,157.663025,95.444661,,0,,0,,
2026-08-12T15:26:17.840386+00:00,21153.124053746,onboard_overhead_fish_dynamic,0,"[0.0,0.0,0.0,0.0]",0,0,0,0,,,,,,,,,,,,,,,,,,,,,,,,,,,,1,0.000888,373,1786548377.797143698,finsrov_stereo_left_optical,"[0.044455734183236895,-0.10735444145755912,0.3771328676480763]","[0.0,0.0,0.0,1.0]","[0.0025,0.0025,0.0025,1000000.0,1000000.0,1000000.0]",0.000758,558,1,"[16,17]","[0.273205,0.94592,0.920382]","[{""tag_id"":16,""target_match"":true,""family"":""tag25h9"",""hamming"":0,""decision_margin"":147.35405,""pixel_xy"":[816.474861,655.815899],""world_xy_yaw"":[0.246078,0.564705,0.093778],""pnp_valid"":true,""pnp_camera_xyz"":[0.323175,0.741384,1.312689],""pnp_camera_quat_xyzw"":[-0.0821,-0.011621,0.051738,0.995212],""pnp_camera_rpy_deg"":[-9.47597,-0.838626,6.021389],""pnp_reprojection_error_px"":0.030453},{""tag_id"":17,""target_match"":true,""family"":""tag25h9"",""hamming"":0,""decision_margin"":156.409042,""pixel_xy"":[832.622008,343.343991],""world_xy_yaw"":[0.273205,0.94592,0.920382],""pnp_valid"":true,""pnp_camera_xyz"":[0.356121,-0.012556,1.284614],""pnp_camera_quat_xyzw"":[-0.14907,-0.153374,0.406489,0.888269],""pnp_camera_rpy_deg"":[-23.206925,-8.701356,50.969462],""pnp_reprojection_error_px"":0.089525}]",1,0.089525,156.409042,95.71384,,0,,0,,
2026-08-12T15:26:17.890432+00:00,21153.174102189,onboard_overhead_fish_dynamic,0,"[0.0,0.0,0.0,0.0]",0,0,0,0,,,,,,,,,,,,,,,,,,,,,,,,,,,,1,0.000908,374,1786548377.847074032,finsrov_stereo_left_optical,"[0.043088987290149816,-0.09852120678445087,0.3794711640077064]","[0.0,0.0,0.0,1.0]","[0.0025,0.0025,0.0025,1000000.0,1000000.0,1000000.0]",0.000459,560,1,"[15,16,17]","[0.274533,0.945714,0.903246]","[{""tag_id"":15,""target_match"":true,""family"":""tag25h9"",""hamming"":0,""decision_margin"":126.969826,""pixel_xy"":[820.317609,594.448011],""world_xy_yaw"":[0.252534,0.639573,0.091921],""pnp_valid"":true,""pnp_camera_xyz"":[0.335358,0.598049,1.323723],""pnp_camera_quat_xyzw"":[-0.06055,-0.017683,0.051435,0.996682],""pnp_camera_rpy_deg"":[-7.040427,-1.662912,6.010646],""pnp_reprojection_error_px"":0.034888},{""tag_id"":16,""target_match"":true,""family"":""tag25h9"",""hamming"":0,""decision_margin"":149.023712,""pixel_xy"":[816.145762,656.136639],""world_xy_yaw"":[0.245525,0.564313,0.090213],""pnp_valid"":true,""pnp_camera_xyz"":[0.320395,0.736944,1.303922],""pnp_camera_quat_xyzw"":[-0.073211,-0.02418,0.054712,0.995521],""pnp_camera_rpy_deg"":[-8.541881,-2.300066,6.463196],""pnp_reprojection_error_px"":0.095151},{""tag_id"":17,""target_match"":true,""family"":""tag25h9"",""hamming"":0,""decision_margin"":156.486801,""pixel_xy"":[833.412487,343.513131],""world_xy_yaw"":[0.274533,0.945714,0.903246],""pnp_valid"":true,""pnp_camera_xyz"":[0.358203,-0.012261,1.285523],""pnp_camera_quat_xyzw"":[-0.152667,-0.156059,0.398067,0.891],""pnp_camera_rpy_deg"":[-23.655943,-9.006952,50.036702],""pnp_reprojection_error_px"":0.091675}]",1,0.091675,156.486801,95.314306,,0,,0,,
2026-08-12T15:26:17.940438+00:00,21153.224106408,onboard_overhead_fish_dynamic,0,"[0.0,0.0,0.0,0.0]",0,0,0,0,,,,,,,,,,,,,,,,,,,,,,,,,,,,1,0.000895,375,1786548377.896961451,finsrov_stereo_left_optical,"[0.03649319189474365,-0.13841962202571978,0.37486809083241013]","[0.0,0.0,0.0,1.0]","[0.0025,0.0025,0.0025,1000000.0,1000000.0,1000000.0]",0.000765,561,1,"[15,16,17]","[0.275221,0.945697,0.896086]","[{""tag_id"":15,""target_match"":true,""family"":""tag25h9"",""hamming"":0,""decision_margin"":117.045746,""pixel_xy"":[820.318666,594.457722],""world_xy_yaw"":[0.252535,0.639562,0.09563],""pnp_valid"":true,""pnp_camera_xyz"":[0.335211,0.597681,1.322855],""pnp_camera_quat_xyzw"":[-0.064538,-0.015963,0.051639,0.99645],""pnp_camera_rpy_deg"":[-7.487417,-1.440932,6.027434],""pnp_reprojection_error_px"":0.034279},{""tag_id"":16,""target_match"":true,""family"":""tag25h9"",""hamming"":0,""decision_margin"":150.934845,""pixel_xy"":[816.078059,656.266023],""world_xy_yaw"":[0.245411,0.564155,0.08856],""pnp_valid"":true,""pnp_camera_xyz"":[0.31881,0.73392,1.297982],""pnp_camera_quat_xyzw"":[-0.07014,-0.028964,0.055994,0.995543],""pnp_camera_rpy_deg"":[-8.225856,-2.855393,6.643723],""pnp_reprojection_error_px"":0.100833},{""tag_id"":17,""target_match"":true,""family"":""tag25h9"",""hamming"":0,""decision_margin"":158.75946,""pixel_xy"":[833.8223,343.526833],""world_xy_yaw"":[0.275221,0.945697,0.896086],""pnp_valid"":true,""pnp_camera_xyz"":[0.35974,-0.012105,1.286999],""pnp_camera_quat_xyzw"":[-0.154435,-0.154224,0.393579,0.893007],""pnp_camera_rpy_deg"":[-23.703873,-8.851948,49.430643],""pnp_reprojection_error_px"":0.139866}]",1,0.139866,158.75946,95.282353,,0,,0,,
2026-08-12T15:26:17.990709+00:00,21153.274376253,onboard_overhead_fish_dynamic,0,"[0.0,0.0,0.0,0.0]",0,0,0,0,,,,,,,,,,,,,,,,,,,,,,,,,,,,1,0.001162,376,1786548377.947171688,finsrov_stereo_left_optical,"[0.035314614042043724,-0.1358885559559604,0.37507877063841516]","[0.0,0.0,0.0,1.0]","[0.0025,0.0025,0.0025,1000000.0,1000000.0,1000000.0]",0.000612,563,1,"[16,17]","[0.276808,0.945502,0.880042]","[{""tag_id"":16,""target_match"":true,""family"":""tag25h9"",""hamming"":0,""decision_margin"":152.858429,""pixel_xy"":[816.18575,656.453873],""world_xy_yaw"":[0.245592,0.563926,0.090454],""pnp_valid"":true,""pnp_camera_xyz"":[0.317507,0.731145,1.291741],""pnp_camera_quat_xyzw"":[-0.06936,-0.022904,0.054097,0.995861],""pnp_camera_rpy_deg"":[-8.089881,-2.184259,6.37314],""pnp_reprojection_error_px"":0.089396},{""tag_id"":17,""target_match"":true,""family"":""tag25h9"",""hamming"":0,""decision_margin"":154.688324,""pixel_xy"":[834.766635,343.687261],""world_xy_yaw"":[0.276808,0.945502,0.880042],""pnp_valid"":true,""pnp_camera_xyz"":[0.361736,-0.011715,1.286359],""pnp_camera_quat_xyzw"":[-0.161619,-0.157913,0.384709,0.894953],""pnp_camera_rpy_deg"":[-24.584191,-9.108086,48.510894],""pnp_reprojection_error_px"":0.116529}]",1,0.116529,154.688324,93.911585,,0,,0,,
2026-08-12T15:26:18.041911+00:00,21153.325566292,onboard_overhead_fish_dynamic,0,"[0.0,0.0,0.0,0.0]",0,0,0,0,,,,,,,,,,,,,,,,,,,,,,,,,,,,1,0.002041,377,1786548377.997025967,finsrov_stereo_left_optical,"[0.031450801694510255,-0.1411860523963342,0.37262540271746036]","[0.0,0.0,0.0,1.0]","[0.0025,0.0025,0.0025,1000000.0,1000000.0,1000000.0]",0.001790,564,1,"[16,17]","[0.277709,0.945384,0.869254]","[{""tag_id"":16,""target_match"":true,""family"":""tag25h9"",""hamming"":0,""decision_margin"":151.233551,""pixel_xy"":[816.258925,656.57417],""world_xy_yaw"":[0.245715,0.56378,0.08945],""pnp_valid"":true,""pnp_camera_xyz"":[0.31648,0.728904,1.287144],""pnp_camera_quat_xyzw"":[-0.066198,-0.020846,0.053517,0.996152],""pnp_camera_rpy_deg"":[-7.712238,-1.974068,6.28339],""pnp_reprojection_error_px"":0.093503},{""tag_id"":17,""target_match"":true,""family"":""tag25h9"",""hamming"":0,""decision_margin"":157.36412,""pixel_xy"":[835.302767,343.783563],""world_xy_yaw"":[0.277709,0.945384,0.869254],""pnp_valid"":true,""pnp_camera_xyz"":[0.363129,-0.011598,1.286894],""pnp_camera_quat_xyzw"":[-0.162873,-0.159037,0.379812,0.896617],""pnp_camera_rpy_deg"":[-24.731566,-9.292085,47.956981],""pnp_reprojection_error_px"":0.118332}]",1,0.118332,157.36412,94.465122,,0,,0,,
2026-08-12T15:26:18.091995+00:00,21153.375652148,onboard_overhead_fish_dynamic,0,"[0.0,0.0,0.0,0.0]",0,0,0,0,,,,,,,,,,,,,,,,,,,,,,,,,,,,1,0.002046,378,1786548378.047078609,finsrov_stereo_left_optical,"[0.02800298259936479,-0.15118917666789367,0.3709896396008008]","[0.0,0.0,0.0,1.0]","[0.0025,0.0025,0.0025,1000000.0,1000000.0,1000000.0]",0.001107,566,1,"[16,17]","[0.279506,0.945433,0.848366]","[{""tag_id"":16,""target_match"":true,""family"":""tag25h9"",""hamming"":0,""decision_margin"":152.480576,""pixel_xy"":[816.4928,656.893788],""world_xy_yaw"":[0.246108,0.56339,0.085155],""pnp_valid"":true,""pnp_camera_xyz"":[0.316282,0.728111,1.285037],""pnp_camera_quat_xyzw"":[-0.064045,-0.016394,0.052233,0.996444],""pnp_camera_rpy_deg"":[-7.434338,-1.488777,6.098101],""pnp_reprojection_error_px"":0.089599},{""tag_id"":17,""target_match"":true,""family"":""tag25h9"",""hamming"":0,""decision_margin"":155.279144,""pixel_xy"":[836.372867,343.743831],""world_xy_yaw"":[0.279506,0.945433,0.848366],""pnp_valid"":true,""pnp_camera_xyz"":[0.366777,-0.01159,1.290718],""pnp_camera_quat_xyzw"":[-0.164484,-0.154742,0.370706,0.900876],""pnp_camera_rpy_deg"":[-24.597348,-9.024441,46.705229],""pnp_reprojection_error_px"":0.121032}]",1,0.121032,155.279144,95.309165,,0,,0,,
2026-08-12T15:26:18.140375+00:00,21153.424044161,onboard_overhead_fish_dynamic,0,"[0.0,0.0,0.0,0.0]",0,0,0,0,,,,,,,,,,,,,,,,,,,,,,,,,,,,1,0.000880,379,1786548378.097117424,finsrov_stereo_left_optical,"[0.022858417969679856,-0.16029674703981212,0.3711651536653336]","[0.0,0.0,0.0,1.0]","[0.0025,0.0025,0.0025,1000000.0,1000000.0,1000000.0]",0.000754,567,1,"[16,17]","[0.280387,0.945377,0.840276]","[{""tag_id"":16,""target_match"":true,""family"":""tag25h9"",""hamming"":0,""decision_margin"":148.618484,""pixel_xy"":[816.498569,656.854552],""world_xy_yaw"":[0.246118,0.563437,0.086688],""pnp_valid"":true,""pnp_camera_xyz"":[0.317135,0.72971,1.288061],""pnp_camera_quat_xyzw"":[-0.063751,-0.013735,0.05061,0.996587],""pnp_camera_rpy_deg"":[-7.382031,-1.19891,5.891742],""pnp_reprojection_error_px"":0.070137},{""tag_id"":17,""target_match"":true,""family"":""tag25h9"",""hamming"":0,""decision_margin"":161.138046,""pixel_xy"":[836.896884,343.789246],""world_xy_yaw"":[0.280387,0.945377,0.840276],""pnp_valid"":true,""pnp_camera_xyz"":[0.367783,-0.011514,1.290152],""pnp_camera_quat_xyzw"":[-0.164104,-0.156619,0.366677,0.902269],""pnp_camera_rpy_deg"":[-24.614421,-9.339154,46.274858],""pnp_reprojection_error_px"":0.090989}]",1,0.090989,161.138046,95.010387,,0,,0,,
2026-08-12T15:26:18.190716+00:00,21153.474383052,onboard_overhead_fish_dynamic,0,"[0.0,0.0,0.0,0.0]",0,0,0,0,,,,,,,,,,,,,,,,,,,,,,,,,,,,1,0.001130,380,1786548378.147078276,finsrov_stereo_left_optical,"[0.021642326285252977,-0.15016102949339494,0.3734118408002341]","[0.0,0.0,0.0,1.0]","[0.0025,0.0025,0.0025,1000000.0,1000000.0,1000000.0]",0.000613,569,1,"[16,17]","[0.282068,0.945241,0.821395]","[{""tag_id"":16,""target_match"":true,""family"":""tag25h9"",""hamming"":0,""decision_margin"":150.737839,""pixel_xy"":[816.511856,656.549221],""world_xy_yaw"":[0.24614,0.56381,0.094809],""pnp_valid"":true,""pnp_camera_xyz"":[0.319817,0.734689,1.298262],""pnp_camera_quat_xyzw"":[-0.067342,-0.009136,0.050632,0.996403],""pnp_camera_rpy_deg"":[-7.766286,-0.652491,5.862287],""pnp_reprojection_error_px"":0.097503},{""tag_id"":17,""target_match"":true,""family"":""tag25h9"",""hamming"":0,""decision_margin"":153.996765,""pixel_xy"":[837.897355,343.900878],""world_xy_yaw"":[0.282068,0.945241,0.821395],""pnp_valid"":true,""pnp_camera_xyz"":[0.370506,-0.011493,1.291951],""pnp_camera_quat_xyzw"":[-0.165419,-0.158194,0.359332,0.904705],""pnp_camera_rpy_deg"":[-24.76558,-9.634225,45.444057],""pnp_reprojection_error_px"":0.087029}]",1,0.087029,153.996765,94.229055,,0,,0,,
2026-08-12T15:26:18.240712+00:00,21153.524377429,onboard_overhead_fish_dynamic,0,"[0.0,0.0,0.0,0.0]",0,0,0,0,,,,,,,,,,,,,,,,,,,,,,,,,,,,1,0.001148,381,1786548378.197213888,finsrov_stereo_left_optical,"[0.022741843272129303,-0.14285737868622006,0.3763419779435031]","[0.0,0.0,0.0,1.0]","[0.0025,0.0025,0.0025,1000000.0,1000000.0,1000000.0]",0.000967,570,1,"[16,17]","[0.28283,0.945281,0.814928]","[{""tag_id"":16,""target_match"":true,""family"":""tag25h9"",""hamming"":0,""decision_margin"":149.60759,""pixel_xy"":[816.573021,656.298144],""world_xy_yaw"":[0.246243,0.564116,0.095307],""pnp_valid"":true,""pnp_camera_xyz"":[0.320381,0.735282,1.300305],""pnp_camera_quat_xyzw"":[-0.067309,-0.008474,0.051448,0.996369],""pnp_camera_rpy_deg"":[-7.759095,-0.570732,5.950479],""pnp_reprojection_error_px"":0.074911},{""tag_id"":17,""target_match"":true,""family"":""tag25h9"",""hamming"":0,""decision_margin"":160.842041,""pixel_xy"":[838.351141,343.868155],""world_xy_yaw"":[0.28283,0.945281,0.814928],""pnp_valid"":true,""pnp_camera_xyz"":[0.372233,-0.011576,1.29413],""pnp_camera_quat_xyzw"":[-0.162896,-0.158878,0.35558,0.906524],""pnp_camera_rpy_deg"":[-24.489046,-9.916237,44.99187],""pnp_reprojection_error_px"":0.086999}]",1,0.086999,160.842041,94.989176,,0,,0,,
2026-08-12T15:26:18.290825+00:00,21153.574491425,onboard_overhead_fish_dynamic,0,"[0.0,0.0,0.0,0.0]",0,0,0,0,,,,,,,,,,,,,,,,,,,,,,,,,,,,1,0.001174,382,1786548378.247027159,finsrov_stereo_left_optical,"[0.022988083732742248,-0.1429515961243526,0.37709829438408465]","[0.0,0.0,0.0,1.0]","[0.0025,0.0025,0.0025,1000000.0,1000000.0,1000000.0]",0.000616,572,1,"[16,17]","[0.284411,0.945455,0.795383]","[{""tag_id"":16,""target_match"":true,""family"":""tag25h9"",""hamming"":0,""decision_margin"":148.808334,""pixel_xy"":[816.674446,655.57522],""world_xy_yaw"":[0.246413,0.564998,0.094061],""pnp_valid"":true,""pnp_camera_xyz"":[0.319882,0.732414,1.297795],""pnp_camera_quat_xyzw"":[-0.06643,-0.011804,0.053622,0.996279],""pnp_camera_rpy_deg"":[-7.680541,-0.939406,6.224739],""pnp_reprojection_error_px"":0.066011},{""tag_id"":17,""target_match"":true,""family"":""tag25h9"",""hamming"":0,""decision_margin"":161.316757,""pixel_xy"":[839.292432,343.725405],""world_xy_yaw"":[0.284411,0.945455,0.795383],""pnp_valid"":true,""pnp_camera_xyz"":[0.375597,-0.011957,1.298129],""pnp_camera_quat_xyzw"":[-0.160956,-0.156923,0.347269,0.910424],""pnp_camera_rpy_deg"":[-24.097432,-10.017191,43.900657],""pnp_reprojection_error_px"":0.081318}]",1,0.081318,161.316757,95.613594,,0,,0,,
2026-08-12T15:26:18.341278+00:00,21153.624941841,onboard_overhead_fish_dynamic,0,"[0.0,0.0,0.0,0.0]",0,0,0,0,,,,,,,,,,,,,,,,,,,,,,,,,,,,1,0.001514,383,1786548378.297021627,finsrov_stereo_left_optical,"[0.02136360301444795,-0.15085098293232024,0.3757665780857978]","[0.0,0.0,0.0,1.0]","[0.0025,0.0025,0.0025,1000000.0,1000000.0,1000000.0]",0.001319,573,1,"[16,17]","[0.285229,0.945543,0.791129]","[{""tag_id"":16,""target_match"":true,""family"":""tag25h9"",""hamming"":0,""decision_margin"":149.400482,""pixel_xy"":[816.650583,655.201001],""world_xy_yaw"":[0.246373,0.565455,0.095044],""pnp_valid"":true,""pnp_camera_xyz"":[0.318914,0.729188,1.293592],""pnp_camera_quat_xyzw"":[-0.065261,-0.015414,0.054463,0.996262],""pnp_camera_rpy_deg"":[-7.570746,-1.352556,6.347711],""pnp_reprojection_error_px"":0.053327},{""tag_id"":17,""target_match"":true,""family"":""tag25h9"",""hamming"":0,""decision_margin"":159.43454,""pixel_xy"":[839.778965,343.653057],""world_xy_yaw"":[0.285229,0.945543,0.791129],""pnp_valid"":true,""pnp_camera_xyz"":[0.376711,-0.012125,1.297872],""pnp_camera_quat_xyzw"":[-0.16172,-0.159532,0.343704,0.911188],""pnp_camera_rpy_deg"":[-24.27139,-10.344097,43.563437],""pnp_reprojection_error_px"":0.087508}]",1,0.087508,159.43454,96.015158,,0,,0,,
2026-08-12T15:26:18.391964+00:00,21153.675621266,onboard_overhead_fish_dynamic,0,"[0.0,0.0,0.0,0.0]",0,0,0,0,,,,,,,,,,,,,,,,,,,,,,,,,,,,1,0.002068,384,1786548378.347161770,finsrov_stereo_left_optical,"[0.019352513508285984,-0.15669698309474278,0.3733688745796975]","[0.0,0.0,0.0,1.0]","[0.0025,0.0025,0.0025,1000000.0,1000000.0,1000000.0]",0.001132,575,1,"[16,17]","[0.287039,0.945722,0.775518]","[{""tag_id"":16,""target_match"":true,""family"":""tag25h9"",""hamming"":0,""decision_margin"":148.775391,""pixel_xy"":[816.676504,654.411597],""world_xy_yaw"":[0.246417,0.566418,0.101546],""pnp_valid"":true,""pnp_camera_xyz"":[0.318382,0.725367,1.290206],""pnp_camera_quat_xyzw"":[-0.067157,-0.019351,0.056695,0.995942],""pnp_camera_rpy_deg"":[-7.818057,-1.772408,6.637311],""pnp_reprojection_error_px"":0.117443},{""tag_id"":17,""target_match"":true,""family"":""tag25h9"",""hamming"":0,""decision_margin"":159.784592,""pixel_xy"":[840.856847,343.506527],""world_xy_yaw"":[0.287039,0.945722,0.775518],""pnp_valid"":true,""pnp_camera_xyz"":[0.379186,-0.012436,1.297526],""pnp_camera_quat_xyzw"":[-0.162813,-0.161344,0.334966,0.913925],""pnp_camera_rpy_deg"":[-24.385827,-10.710048,42.577777],""pnp_reprojection_error_px"":0.076777}]",1,0.076777,159.784592,94.429098,,0,,0,,
2026-08-12T15:26:18.440763+00:00,21153.724428797,onboard_overhead_fish_dynamic,0,"[0.0,0.0,0.0,0.0]",0,0,0,0,,,,,,,,,,,,,,,,,,,,,,,,,,,,1,0.001165,385,1786548378.396898508,finsrov_stereo_left_optical,"[0.01842149561663181,-0.15708680997833302,0.3708060062541131]","[0.0,0.0,0.0,1.0]","[0.0025,0.0025,0.0025,1000000.0,1000000.0,1000000.0]",0.001006,576,1,"[16,17]","[0.287886,0.945775,0.771384]","[{""tag_id"":16,""target_match"":true,""family"":""tag25h9"",""hamming"":0,""decision_margin"":146.187347,""pixel_xy"":[816.768894,654.042916],""world_xy_yaw"":[0.246572,0.566868,0.099283],""pnp_valid"":true,""pnp_camera_xyz"":[0.318355,0.724038,1.289439],""pnp_camera_quat_xyzw"":[-0.067075,-0.021176,0.057106,0.995887],""pnp_camera_rpy_deg"":[-7.822138,-1.978057,6.698994],""pnp_reprojection_error_px"":0.091129},{""tag_id"":17,""target_match"":true,""family"":""tag25h9"",""hamming"":0,""decision_margin"":157.20163,""pixel_xy"":[841.360972,343.462902],""world_xy_yaw"":[0.287886,0.945775,0.771384],""pnp_valid"":true,""pnp_camera_xyz"":[0.38145,-0.012629,1.300905],""pnp_camera_quat_xyzw"":[-0.164703,-0.160706,0.332853,0.91447],""pnp_camera_rpy_deg"":[-24.539995,-10.619017,42.317317],""pnp_reprojection_error_px"":0.11946}]",1,0.11946,157.20163,94.448256,,0,,0,,
2026-08-12T15:26:18.492290+00:00,21153.775945174,onboard_overhead_fish_dynamic,0,"[0.0,0.0,0.0,0.0]",0,0,0,0,,,,,,,,,,,,,,,,,,,,,,,,,,,,1,0.002260,386,1786548378.447185755,finsrov_stereo_left_optical,"[0.01608896012250932,-0.16126940834698766,0.3704957173616553]","[0.0,0.0,0.0,1.0]","[0.0025,0.0025,0.0025,1000000.0,1000000.0,1000000.0]",0.001224,578,1,"[16,17]","[0.289884,0.946003,0.757926]","[{""tag_id"":16,""target_match"":true,""family"":""tag25h9"",""hamming"":0,""decision_margin"":148.860336,""pixel_xy"":[816.944581,653.428741],""world_xy_yaw"":[0.246867,0.567617,0.100692],""pnp_valid"":true,""pnp_camera_xyz"":[0.319003,0.723192,1.290769],""pnp_camera_quat_xyzw"":[-0.070916,-0.022549,0.059393,0.995457],""pnp_camera_rpy_deg"":[-8.277216,-2.090043,6.980093],""pnp_reprojection_error_px"":0.043107},{""tag_id"":17,""target_match"":true,""family"":""tag25h9"",""hamming"":0,""decision_margin"":156.161163,""pixel_xy"":[842.550286,343.276475],""world_xy_yaw"":[0.289884,0.946003,0.757926],""pnp_valid"":true,""pnp_camera_xyz"":[0.384551,-0.012922,1.302037],""pnp_camera_quat_xyzw"":[-0.168479,-0.160103,0.326257,0.916263],""pnp_camera_rpy_deg"":[-24.856427,-10.571202,41.53488],""pnp_reprojection_error_px"":0.046564}]",1,0.046564,156.161163,93.254679,,0,,0,,
2026-08-12T15:26:18.542235+00:00,21153.825889967,onboard_overhead_fish_dynamic,0,"[0.0,0.0,0.0,0.0]",0,0,0,0,,,,,,,,,,,,,,,,,,,,,,,,,,,,1,0.002227,387,1786548378.496976614,finsrov_stereo_left_optical,"[0.0168360321369872,-0.155310638517012,0.37057941849658166]","[0.0,0.0,0.0,1.0]","[0.0025,0.0025,0.0025,1000000.0,1000000.0,1000000.0]",0.001953,579,1,"[16,17]","[0.290856,0.945786,0.748701]","[{""tag_id"":16,""target_match"":true,""family"":""tag25h9"",""hamming"":0,""decision_margin"":148.285065,""pixel_xy"":[817.002785,653.16151],""world_xy_yaw"":[0.246965,0.567943,0.103749],""pnp_valid"":true,""pnp_camera_xyz"":[0.319747,0.72393,1.293345],""pnp_camera_quat_xyzw"":[-0.073067,-0.021953,0.060846,0.995227],""pnp_camera_rpy_deg"":[-8.522447,-1.994571,7.145798],""pnp_reprojection_error_px"":0.049124},{""tag_id"":17,""target_match"":true,""family"":""tag25h9"",""hamming"":0,""decision_margin"":155.571304,""pixel_xy"":[843.128839,343.454211],""world_xy_yaw"":[0.290856,0.945786,0.748701],""pnp_valid"":true,""pnp_camera_xyz"":[0.387228,-0.012901,1.30582],""pnp_camera_quat_xyzw"":[-0.16647,-0.164781,0.319853,0.918057],""pnp_camera_rpy_deg"":[-24.784504,-11.306947,40.908921],""pnp_reprojection_error_px"":0.222811}]",1,0.222811,155.571304,93.468461,,0,,0,,
2026-08-12T15:26:18.590796+00:00,21153.874462292,onboard_overhead_fish_dynamic,0,"[0.0,0.0,0.0,0.0]",0,0,0,0,,,,,,,,,,,,,,,,,,,,,,,,,,,,1,0.001158,388,1786548378.547001600,finsrov_stereo_left_optical,"[0.01732951201529742,-0.15318421046778885,0.3718583627142883]","[0.0,0.0,0.0,1.0]","[0.0025,0.0025,0.0025,1000000.0,1000000.0,1000000.0]",0.000609,581,1,"[16,17]","[0.293026,0.946335,0.734058]","[{""tag_id"":16,""target_match"":true,""family"":""tag25h9"",""hamming"":0,""decision_margin"":149.195587,""pixel_xy"":[817.110062,652.697306],""world_xy_yaw"":[0.247145,0.568509,0.106744],""pnp_valid"":true,""pnp_camera_xyz"":[0.320684,0.724442,1.296181],""pnp_camera_quat_xyzw"":[-0.07545,-0.017119,0.060044,0.995193],""pnp_camera_rpy_deg"":[-8.758931,-1.433278,7.015168],""pnp_reprojection_error_px"":0.032974},{""tag_id"":17,""target_match"":true,""family"":""tag25h9"",""hamming"":0,""decision_margin"":154.771103,""pixel_xy"":[844.42009,343.004382],""world_xy_yaw"":[0.293026,0.946335,0.734058],""pnp_valid"":true,""pnp_camera_xyz"":[0.389565,-0.013554,1.303989],""pnp_camera_quat_xyzw"":[-0.164858,-0.161146,0.314227,0.920932],""pnp_camera_rpy_deg"":[-24.374206,-11.139807,40.093013],""pnp_reprojection_error_px"":0.031285}]",1,0.031285,154.771103,94.398572,,0,,0,,
2026-08-12T15:26:18.640455+00:00,21153.924124679,onboard_overhead_fish_dynamic,0,"[0.0,0.0,0.0,0.0]",0,0,0,0,,,,,,,,,,,,,,,,,,,,,,,,,,,,1,0.000943,389,1786548378.596964836,finsrov_stereo_left_optical,"[0.016136970778185267,-0.14505367889742593,0.3726849774530381]","[0.0,0.0,0.0,1.0]","[0.0025,0.0025,0.0025,1000000.0,1000000.0,1000000.0]",0.000811,582,1,"[16,17]","[0.29388,0.946315,0.727512]","[{""tag_id"":16,""target_match"":true,""family"":""tag25h9"",""hamming"":0,""decision_margin"":146.176163,""pixel_xy"":[817.136389,652.485227],""world_xy_yaw"":[0.247189,0.568768,0.108025],""pnp_valid"":true,""pnp_camera_xyz"":[0.320623,0.723648,1.295643],""pnp_camera_quat_xyzw"":[-0.074974,-0.014515,0.059342,0.995312],""pnp_camera_rpy_deg"":[-8.68476,-1.145788,6.911007],""pnp_reprojection_error_px"":0.031104},{""tag_id"":17,""target_match"":true,""family"":""tag25h9"",""hamming"":0,""decision_margin"":156.631561,""pixel_xy"":[844.928355,343.020347],""world_xy_yaw"":[0.29388,0.946315,0.727512],""pnp_valid"":true,""pnp_camera_xyz"":[0.391317,-0.013581,1.305177],""pnp_camera_quat_xyzw"":[-0.166578,-0.163416,0.308582,0.92213],""pnp_camera_rpy_deg"":[-24.604889,-11.453638,39.51046],""pnp_reprojection_error_px"":0.10794}]",1,0.10794,156.631561,93.237233,,0,,0,,
2026-08-12T15:26:18.691578+00:00,21153.975248902,onboard_overhead_fish_dynamic,0,"[0.0,0.0,0.0,0.0]",0,0,0,0,,,,,,,,,,,,,,,,,,,,,,,,,,,,1,0.001660,390,1786548378.647058964,finsrov_stereo_left_optical,"[0.013679565253902404,-0.1476520190535594,0.37236178110883567]","[0.0,0.0,0.0,1.0]","[0.0025,0.0025,0.0025,1000000.0,1000000.0,1000000.0]",0.000801,584,1,"[16,17]","[0.295915,0.946511,0.712399]","[{""tag_id"":16,""target_match"":true,""family"":""tag25h9"",""hamming"":0,""decision_margin"":143.342331,""pixel_xy"":[817.264663,652.198397],""world_xy_yaw"":[0.247405,0.569118,0.105128],""pnp_valid"":true,""pnp_camera_xyz"":[0.319635,0.720121,1.290623],""pnp_camera_quat_xyzw"":[-0.071164,-0.013978,0.058428,0.995654],""pnp_camera_rpy_deg"":[-8.24294,-1.118373,6.797508],""pnp_reprojection_error_px"":0.038388},{""tag_id"":17,""target_match"":true,""family"":""tag25h9"",""hamming"":0,""decision_margin"":162.354691,""pixel_xy"":[846.14003,342.860145],""world_xy_yaw"":[0.295915,0.946511,0.712399],""pnp_valid"":true,""pnp_camera_xyz"":[0.394504,-0.013914,1.306247],""pnp_camera_quat_xyzw"":[-0.166537,-0.163501,0.30115,0.924576],""pnp_camera_rpy_deg"":[-24.518489,-11.65584,38.623644],""pnp_reprojection_error_px"":0.089436}]",1,0.089436,162.354691,93.644647,,0,,0,,
2026-08-12T15:26:18.740944+00:00,21154.024608333,onboard_overhead_fish_dynamic,0,"[0.0,0.0,0.0,0.0]",0,0,0,0,,,,,,,,,,,,,,,,,,,,,,,,,,,,1,0.001283,391,1786548378.697023153,finsrov_stereo_left_optical,"[0.0076742066725879465,-0.15965926481935944,0.37020982659692714]","[0.0,0.0,0.0,1.0]","[0.0025,0.0025,0.0025,1000000.0,1000000.0,1000000.0]",0.001110,585,1,"[16,17]","[0.296779,0.946608,0.704249]","[{""tag_id"":16,""target_match"":true,""family"":""tag25h9"",""hamming"":0,""decision_margin"":146.532593,""pixel_xy"":[817.232487,652.142538],""world_xy_yaw"":[0.247351,0.569186,0.105648],""pnp_valid"":true,""pnp_camera_xyz"":[0.31919,0.718767,1.288599],""pnp_camera_quat_xyzw"":[-0.068367,-0.014992,0.057881,0.995867],""pnp_camera_rpy_deg"":[-7.928572,-1.257468,6.73985],""pnp_reprojection_error_px"":0.094253},{""tag_id"":17,""target_match"":true,""family"":""tag25h9"",""hamming"":0,""decision_margin"":156.94046,""pixel_xy"":[846.654331,342.780393],""world_xy_yaw"":[0.296779,0.946608,0.704249],""pnp_valid"":true,""pnp_camera_xyz"":[0.396994,-0.014153,1.310184],""pnp_camera_quat_xyzw"":[-0.16483,-0.162784,0.296963,0.926361],""pnp_camera_rpy_deg"":[-24.247292,-11.753167,38.081743],""pnp_reprojection_error_px"":0.115962}]",1,0.115962,156.94046,94.815218,,0,,0,,
2026-08-12T15:26:18.791595+00:00,21154.075255886,onboard_overhead_fish_dynamic,0,"[0.0,0.0,0.0,0.0]",0,0,0,0,,,,,,,,,,,,,,,,,,,,,,,,,,,,1,0.001758,392,1786548378.747017860,finsrov_stereo_left_optical,"[0.003369221495067576,-0.169661682518774,0.3699389870298585]","[0.0,0.0,0.0,1.0]","[0.0025,0.0025,0.0025,1000000.0,1000000.0,1000000.0]",0.000942,587,1,"[16,17]","[0.298747,0.946789,0.687617]","[{""tag_id"":16,""target_match"":true,""family"":""tag25h9"",""hamming"":0,""decision_margin"":147.05928,""pixel_xy"":[817.104231,651.982385],""world_xy_yaw"":[0.247135,0.569381,0.096376],""pnp_valid"":true,""pnp_camera_xyz"":[0.317231,0.715081,1.282235],""pnp_camera_quat_xyzw"":[-0.061752,-0.021519,0.057541,0.996199],""pnp_camera_rpy_deg"":[-7.214934,-2.049742,6.740734],""pnp_reprojection_error_px"":0.031973},{""tag_id"":17,""target_match"":true,""family"":""tag25h9"",""hamming"":0,""decision_margin"":153.696686,""pixel_xy"":[847.825414,342.63161],""world_xy_yaw"":[0.298747,0.946789,0.687617],""pnp_valid"":true,""pnp_camera_xyz"":[0.400088,-0.014665,1.311595],""pnp_camera_quat_xyzw"":[-0.165457,-0.165563,0.289487,0.928122],""pnp_camera_rpy_deg"":[-24.350394,-12.211986,37.290429],""pnp_reprojection_error_px"":0.078279}]",1,0.078279,153.696686,93.974196,,0,,0,,
2026-08-12T15:26:18.840973+00:00,21154.124638134,onboard_overhead_fish_dynamic,0,"[0.0,0.0,0.0,0.0]",0,0,0,0,,,,,,,,,,,,,,,,,,,,,,,,,,,,1,0.001293,393,1786548378.796974659,finsrov_stereo_left_optical,"[-0.004649919164385452,-0.18674110268403254,0.3674313797556268]","[0.0,0.0,0.0,1.0]","[0.0025,0.0025,0.0025,1000000.0,1000000.0,1000000.0]",0.001115,588,1,"[15,16,17]","[0.299852,0.946952,0.679083]","[{""tag_id"":15,""target_match"":true,""family"":""tag25h9"",""hamming"":0,""decision_margin"":116.045837,""pixel_xy"":[821.418034,589.717462],""world_xy_yaw"":[0.254382,0.645345,0.108482],""pnp_valid"":true,""pnp_camera_xyz"":[0.336219,0.583164,1.316439],""pnp_camera_quat_xyzw"":[-0.072387,0.002116,0.051402,0.996049],""pnp_camera_rpy_deg"":[-8.279002,0.667915,5.860018],""pnp_reprojection_error_px"":0.031812},{""tag_id"":16,""target_match"":true,""family"":""tag25h9"",""hamming"":0,""decision_margin"":146.934433,""pixel_xy"":[816.985096,651.928539],""world_xy_yaw"":[0.246935,0.569447,0.096276],""pnp_valid"":true,""pnp_camera_xyz"":[0.317517,0.716391,1.284788],""pnp_camera_quat_xyzw"":[-0.063929,-0.018937,0.056845,0.996154],""pnp_camera_rpy_deg"":[-7.445266,-1.745562,6.645563],""pnp_reprojection_error_px"":0.027674},{""tag_id"":17,""target_match"":true,""family"":""tag25h9"",""hamming"":0,""decision_margin"":152.441193,""pixel_xy"":[848.483065,342.498361],""world_xy_yaw"":[0.299852,0.946952,0.679083],""pnp_valid"":true,""pnp_camera_xyz"":[0.40114,-0.015047,1.310721],""pnp_camera_quat_xyzw"":[-0.165615,-0.166745,0.287513,0.928495],""pnp_camera_rpy_deg"":[-24.395621,-12.380947,37.097109],""pnp_reprojection_error_px"":0.081951}]",1,0.081951,152.441193,94.422858,,0,,0,,
2026-08-12T15:26:18.892286+00:00,21154.175940983,onboard_overhead_fish_dynamic,0,"[0.0,0.0,0.0,0.0]",0,0,0,0,,,,,,,,,,,,,,,,,,,,,,,,,,,,1,0.002242,394,1786548378.847029448,finsrov_stereo_left_optical,"[-0.0053585003584812885,-0.18011791634752683,0.3690821392298098]","[0.0,0.0,0.0,1.0]","[0.0025,0.0025,0.0025,1000000.0,1000000.0,1000000.0]",0.001218,590,1,"[16,17]","[0.30155,0.947364,0.664948]","[{""tag_id"":16,""target_match"":true,""family"":""tag25h9"",""hamming"":0,""decision_margin"":148.423187,""pixel_xy"":[816.614136,651.92494],""world_xy_yaw"":[0.246312,0.569452,0.09131],""pnp_valid"":true,""pnp_camera_xyz"":[0.316825,0.716989,1.286127],""pnp_camera_quat_xyzw"":[-0.067818,-0.018424,0.055762,0.995968],""pnp_camera_rpy_deg"":[-7.885995,-1.669588,6.524087],""pnp_reprojection_error_px"":0.077951},{""tag_id"":17,""target_match"":true,""family"":""tag25h9"",""hamming"":0,""decision_margin"":153.565979,""pixel_xy"":[849.493823,342.160535],""world_xy_yaw"":[0.30155,0.947364,0.664948],""pnp_valid"":true,""pnp_camera_xyz"":[0.405494,-0.015769,1.316505],""pnp_camera_quat_xyzw"":[-0.165493,-0.164943,0.279393,0.931314],""pnp_camera_rpy_deg"":[-24.203956,-12.401027,36.067349],""pnp_reprojection_error_px"":0.011431}]",1,0.011431,153.565979,92.347088,,0,,0,,
2026-08-12T15:26:18.942206+00:00,21154.225859820,onboard_overhead_fish_dynamic,0,"[0.0,0.0,0.0,0.0]",0,0,0,0,,,,,,,,,,,,,,,,,,,,,,,,,,,,1,0.002222,395,1786548378.897043467,finsrov_stereo_left_optical,"[-0.011647941197550193,-0.17839565616167274,0.37212725416673187]","[0.0,0.0,0.0,1.0]","[0.0025,0.0025,0.0025,1000000.0,1000000.0,1000000.0]",0.001960,591,1,"[16,17]","[0.302575,0.947491,0.657311]","[{""tag_id"":16,""target_match"":true,""family"":""tag25h9"",""hamming"":0,""decision_margin"":147.309952,""pixel_xy"":[816.350901,651.94112],""world_xy_yaw"":[0.245869,0.569432,0.089159],""pnp_valid"":true,""pnp_camera_xyz"":[0.31629,0.717064,1.28618],""pnp_camera_quat_xyzw"":[-0.068232,-0.019531,0.054407,0.995993],""pnp_camera_rpy_deg"":[-7.938491,-1.803981,6.37862],""pnp_reprojection_error_px"":0.046652},{""tag_id"":17,""target_match"":true,""family"":""tag25h9"",""hamming"":0,""decision_margin"":160.807053,""pixel_xy"":[850.104163,342.056394],""world_xy_yaw"":[0.302575,0.947491,0.657311],""pnp_valid"":true,""pnp_camera_xyz"":[0.407099,-0.016096,1.316657],""pnp_camera_quat_xyzw"":[-0.16606,-0.162014,0.276463,0.932601],""pnp_camera_rpy_deg"":[-24.107974,-12.143969,35.62675],""pnp_reprojection_error_px"":0.060733}]",1,0.060733,160.807053,91.486052,,0,,0,,
2026-08-12T15:26:18.991279+00:00,21154.274941819,onboard_overhead_fish_dynamic,0,"[0.0,0.0,0.0,0.0]",0,0,0,0,,,,,,,,,,,,,,,,,,,,,,,,,,,,1,0.001528,396,1786548378.947072029,finsrov_stereo_left_optical,"[-0.01599172170714852,-0.17757880260350034,0.3728044946336097]","[0.0,0.0,0.0,1.0]","[0.0025,0.0025,0.0025,1000000.0,1000000.0,1000000.0]",0.000806,593,1,"[16,17]","[0.304414,0.947976,0.64131]","[{""tag_id"":16,""target_match"":true,""family"":""tag25h9"",""hamming"":0,""decision_margin"":149.022919,""pixel_xy"":[815.847789,651.948324],""world_xy_yaw"":[0.245024,0.569423,0.092249],""pnp_valid"":true,""pnp_camera_xyz"":[0.317047,0.721296,1.293562],""pnp_camera_quat_xyzw"":[-0.071033,-0.013772,0.051397,0.996054],""pnp_camera_rpy_deg"":[-8.218597,-1.15364,5.990686],""pnp_reprojection_error_px"":0.027501},{""tag_id"":17,""target_match"":true,""family"":""tag25h9"",""hamming"":0,""decision_margin"":155.732605,""pixel_xy"":[851.199077,341.65895],""world_xy_yaw"":[0.304414,0.947976,0.64131],""pnp_valid"":true,""pnp_camera_xyz"":[0.410913,-0.017092,1.320098],""pnp_camera_quat_xyzw"":[-0.164684,-0.160716,0.26825,0.935463],""pnp_camera_rpy_deg"":[-23.799486,-12.259215,34.593964],""pnp_reprojection_error_px"":0.093518}]",1,0.093518,155.732605,93.188705,,0,,0,,
2026-08-12T15:26:19.041859+00:00,21154.325515540,onboard_overhead_fish_dynamic,0,"[0.0,0.0,0.0,0.0]",0,0,0,0,,,,,,,,,,,,,,,,,,,,,,,,,,,,1,0.002047,397,1786548378.996965170,finsrov_stereo_left_optical,"[-0.02127525731008889,-0.16929126043009668,0.3779907629932806]","[0.0,0.0,0.0,1.0]","[0.0025,0.0025,0.0025,1000000.0,1000000.0,1000000.0]",0.001793,594,1,"[16,17]","[0.305575,0.94819,0.634529]","[{""tag_id"":16,""target_match"":true,""family"":""tag25h9"",""hamming"":0,""decision_margin"":149.629135,""pixel_xy"":[815.720728,651.998253],""world_xy_yaw"":[0.244811,0.569362,0.091264],""pnp_valid"":true,""pnp_camera_xyz"":[0.317497,0.723256,1.29693],""pnp_camera_quat_xyzw"":[-0.070339,-0.010722,0.050325,0.996195],""pnp_camera_rpy_deg"":[-8.119386,-0.81835,5.842035],""pnp_reprojection_error_px"":0.009071},{""tag_id"":17,""target_match"":true,""family"":""tag25h9"",""hamming"":0,""decision_margin"":155.601166,""pixel_xy"":[851.889927,341.483545],""world_xy_yaw"":[0.305575,0.94819,0.634529],""pnp_valid"":true,""pnp_camera_xyz"":[0.41073,-0.017329,1.314358],""pnp_camera_quat_xyzw"":[-0.168246,-0.160971,0.264783,0.935773],""pnp_camera_rpy_deg"":[-24.170028,-12.24936,34.230689],""pnp_reprojection_error_px"":0.0615}]",1,0.0615,155.601166,94.482545,,0,,0,,
2026-08-12T15:26:19.091107+00:00,21154.374777404,onboard_overhead_fish_dynamic,0,"[0.0,0.0,0.0,0.0]",0,0,0,0,,,,,,,,,,,,,,,,,,,,,,,,,,,,1,0.001370,398,1786548379.047334194,finsrov_stereo_left_optical,"[-0.024622017015978548,-0.16006024238535754,0.38148666516350443]","[0.0,0.0,0.0,1.0]","[0.0025,0.0025,0.0025,1000000.0,1000000.0,1000000.0]",0.000631,596,1,"[16,17]","[0.30743,0.948569,0.616087]","[{""tag_id"":16,""target_match"":true,""family"":""tag25h9"",""hamming"":0,""decision_margin"":149.053391,""pixel_xy"":[815.522415,652.0087],""world_xy_yaw"":[0.244478,0.569349,0.086779],""pnp_valid"":true,""pnp_camera_xyz"":[0.317568,0.724334,1.298958],""pnp_camera_quat_xyzw"":[-0.068613,-0.01062,0.047678,0.996447],""pnp_camera_rpy_deg"":[-7.918569,-0.837759,5.536754],""pnp_reprojection_error_px"":0.034445},{""tag_id"":17,""target_match"":true,""family"":""tag25h9"",""hamming"":0,""decision_margin"":156.873047,""pixel_xy"":[852.994235,341.173012],""world_xy_yaw"":[0.30743,0.948569,0.616087],""pnp_valid"":true,""pnp_camera_xyz"":[0.417256,-0.01856,1.326545],""pnp_camera_quat_xyzw"":[-0.164476,-0.158695,0.257799,0.938778],""pnp_camera_rpy_deg"":[-23.567159,-12.307372,33.288044],""pnp_reprojection_error_px"":0.142096}]",1,0.142096,156.873047,96.444754,,0,,0,,
2026-08-12T15:26:19.141186+00:00,21154.424847609,onboard_overhead_fish_dynamic,0,"[0.0,0.0,0.0,0.0]",0,0,0,0,,,,,,,,,,,,,,,,,,,,,,,,,,,,1,0.001528,399,1786548379.096962452,finsrov_stereo_left_optical,"[-0.03146810271108175,-0.17352702172084356,0.3825914812029205]","[0.0,0.0,0.0,1.0]","[0.0025,0.0025,0.0025,1000000.0,1000000.0,1000000.0]",0.001345,597,1,"[16,17]","[0.308787,0.94876,0.607222]","[{""tag_id"":16,""target_match"":true,""family"":""tag25h9"",""hamming"":0,""decision_margin"":147.943268,""pixel_xy"":[815.461764,651.92622],""world_xy_yaw"":[0.244376,0.56945,0.083239],""pnp_valid"":true,""pnp_camera_xyz"":[0.316938,0.72302,1.296858],""pnp_camera_quat_xyzw"":[-0.067362,-0.013923,0.047259,0.996511],""pnp_camera_rpy_deg"":[-7.793423,-1.225191,5.513853],""pnp_reprojection_error_px"":0.02707},{""tag_id"":17,""target_match"":true,""family"":""tag25h9"",""hamming"":0,""decision_margin"":155.873505,""pixel_xy"":[853.801688,341.016327],""world_xy_yaw"":[0.308787,0.94876,0.607222],""pnp_valid"":true,""pnp_camera_xyz"":[0.417108,-0.01879,1.320111],""pnp_camera_quat_xyzw"":[-0.170111,-0.156822,0.254531,0.93898],""pnp_camera_rpy_deg"":[-24.092667,-11.999837,32.903333],""pnp_reprojection_error_px"":0.101878}]",1,0.101878,155.873505,95.650096,,0,,0,,
2026-08-12T15:26:19.192030+00:00,21154.475686146,onboard_overhead_fish_dynamic,0,"[0.0,0.0,0.0,0.0]",0,0,0,0,,,,,,,,,,,,,,,,,,,,,,,,,,,,1,0.002079,400,1786548379.147100687,finsrov_stereo_left_optical,"[-0.033445709988250805,-0.17078582250654184,0.3807758574924242]","[0.0,0.0,0.0,1.0]","[0.0025,0.0025,0.0025,1000000.0,1000000.0,1000000.0]",0.001150,599,1,"[16,17]","[0.310829,0.949286,0.591051]","[{""tag_id"":16,""target_match"":true,""family"":""tag25h9"",""hamming"":0,""decision_margin"":147.097061,""pixel_xy"":[815.379969,651.570214],""world_xy_yaw"":[0.244238,0.569884,0.076368],""pnp_valid"":true,""pnp_camera_xyz"":[0.314811,0.717932,1.288942],""pnp_camera_quat_xyzw"":[-0.066019,-0.01941,0.046534,0.996544],""pnp_camera_rpy_deg"":[-7.669523,-1.864773,5.472019],""pnp_reprojection_error_px"":0.062938},{""tag_id"":17,""target_match"":true,""family"":""tag25h9"",""hamming"":0,""decision_margin"":155.696411,""pixel_xy"":[855.017158,340.585291],""world_xy_yaw"":[0.310829,0.949286,0.591051],""pnp_valid"":true,""pnp_camera_xyz"":[0.422171,-0.01995,1.326996],""pnp_camera_quat_xyzw"":[-0.16718,-0.158867,0.246502,0.941302],""pnp_camera_rpy_deg"":[-23.742029,-12.513151,31.989824],""pnp_reprojection_error_px"":0.092671}]",1,0.092671,155.696411,96.222861,,0,,0,,
2026-08-12T15:26:19.241275+00:00,21154.524938007,onboard_overhead_fish_dynamic,0,"[0.0,0.0,0.0,0.0]",0,0,0,0,,,,,,,,,,,,,,,,,,,,,,,,,,,,1,0.001526,401,1786548379.196963310,finsrov_stereo_left_optical,"[-0.04390766028736598,-0.1868625594876776,0.37929162769650504]","[0.0,0.0,0.0,1.0]","[0.0025,0.0025,0.0025,1000000.0,1000000.0,1000000.0]",0.001331,600,1,"[16,17]","[0.312085,0.949391,0.58537]","[{""tag_id"":16,""target_match"":true,""family"":""tag25h9"",""hamming"":0,""decision_margin"":146.744995,""pixel_xy"":[815.392843,651.405287],""world_xy_yaw"":[0.24426,0.570086,0.068733],""pnp_valid"":true,""pnp_camera_xyz"":[0.313299,0.714195,1.283156],""pnp_camera_quat_xyzw"":[-0.065227,-0.02453,0.04693,0.996464],""pnp_camera_rpy_deg"":[-7.609296,-2.450915,5.555862],""pnp_reprojection_error_px"":0.034047},{""tag_id"":17,""target_match"":true,""family"":""tag25h9"",""hamming"":0,""decision_margin"":155.60318,""pixel_xy"":[855.764905,340.498841],""world_xy_yaw"":[0.312085,0.949391,0.58537],""pnp_valid"":true,""pnp_camera_xyz"":[0.422948,-0.019983,1.323272],""pnp_camera_quat_xyzw"":[-0.171432,-0.154425,0.243524,0.942051],""pnp_camera_rpy_deg"":[-24.020562,-11.973358,31.543928],""pnp_reprojection_error_px"":0.088279}]",1,0.088279,155.60318,95.13702,,0,,0,,
2026-08-12T15:26:19.292043+00:00,21154.575699974,onboard_overhead_fish_dynamic,0,"[0.0,0.0,0.0,0.0]",0,0,0,0,,,,,,,,,,,,,,,,,,,,,,,,,,,,1,0.002065,402,1786548379.247090340,finsrov_stereo_left_optical,"[-0.04746382244427988,-0.18962244420880014,0.37602197384258823]","[0.0,0.0,0.0,1.0]","[0.0025,0.0025,0.0025,1000000.0,1000000.0,1000000.0]",0.001108,602,1,"[16,17]","[0.314175,0.949843,0.570827]","[{""tag_id"":16,""target_match"":true,""family"":""tag25h9"",""hamming"":0,""decision_margin"":148.746872,""pixel_xy"":[815.375619,650.916858],""world_xy_yaw"":[0.244231,0.570681,0.068369],""pnp_valid"":true,""pnp_camera_xyz"":[0.312536,0.711322,1.280363],""pnp_camera_quat_xyzw"":[-0.073733,-0.024408,0.046813,0.99588],""pnp_camera_rpy_deg"":[-8.584853,-2.390635,5.562018],""pnp_reprojection_error_px"":0.077519},{""tag_id"":17,""target_match"":true,""family"":""tag25h9"",""hamming"":0,""decision_margin"":152.237488,""pixel_xy"":[857.008892,340.128382],""world_xy_yaw"":[0.314175,0.949843,0.570827],""pnp_valid"":true,""pnp_camera_xyz"":[0.428818,-0.021162,1.332565],""pnp_camera_quat_xyzw"":[-0.165379,-0.158489,0.236685,0.944199],""pnp_camera_rpy_deg"":[-23.399887,-12.768083,30.799751],""pnp_reprojection_error_px"":0.095842}]",1,0.095842,152.237488,95.565639,,0,,0,,
2026-08-12T15:26:19.342248+00:00,21154.625903204,onboard_overhead_fish_dynamic,0,"[0.0,0.0,0.0,0.0]",0,0,0,0,,,,,,,,,,,,,,,,,,,,,,,,,,,,1,0.002227,403,1786548379.296973228,finsrov_stereo_left_optical,"[-0.05445247581972806,-0.1887762475927911,0.37818100032288693]","[0.0,0.0,0.0,1.0]","[0.0025,0.0025,0.0025,1000000.0,1000000.0,1000000.0]",0.001958,603,1,"[16,17]","[0.315245,0.950043,0.565015]","[{""tag_id"":16,""target_match"":true,""family"":""tag25h9"",""hamming"":0,""decision_margin"":146.796539,""pixel_xy"":[815.376491,650.579756],""world_xy_yaw"":[0.244232,0.571093,0.073854],""pnp_valid"":true,""pnp_camera_xyz"":[0.312955,0.711328,1.281785],""pnp_camera_quat_xyzw"":[-0.079339,-0.020352,0.046445,0.995557],""pnp_camera_rpy_deg"":[-9.204087,-1.899904,5.494983],""pnp_reprojection_error_px"":0.055195},{""tag_id"":17,""target_match"":true,""family"":""tag25h9"",""hamming"":0,""decision_margin"":155.343552,""pixel_xy"":[857.64565,339.964995],""world_xy_yaw"":[0.315245,0.950043,0.565015],""pnp_valid"":true,""pnp_camera_xyz"":[0.430785,-0.021566,1.333532],""pnp_camera_quat_xyzw"":[-0.165536,-0.156418,0.233647,0.945273],""pnp_camera_rpy_deg"":[-23.302992,-12.612831,30.378486],""pnp_reprojection_error_px"":0.109972}]",1,0.109972,155.343552,94.622646,,0,,0,,
2026-08-12T15:26:19.391275+00:00,21154.674937018,onboard_overhead_fish_dynamic,0,"[0.0,0.0,0.0,0.0]",0,0,0,0,,,,,,,,,,,,,,,,,,,,,,,,,,,,1,0.001519,404,1786548379.347064734,finsrov_stereo_left_optical,"[-0.055076519773060884,-0.18053227110880954,0.3795805763260591]","[0.0,0.0,0.0,1.0]","[0.0025,0.0025,0.0025,1000000.0,1000000.0,1000000.0]",0.000803,605,1,"[16,17]","[0.317811,0.950449,0.548936]","[{""tag_id"":16,""target_match"":true,""family"":""tag25h9"",""hamming"":0,""decision_margin"":147.083817,""pixel_xy"":[815.419186,649.808611],""world_xy_yaw"":[0.244304,0.572034,0.079394],""pnp_valid"":true,""pnp_camera_xyz"":[0.314615,0.712711,1.287476],""pnp_camera_quat_xyzw"":[-0.080204,-0.01651,0.045289,0.995612],""pnp_camera_rpy_deg"":[-9.279618,-1.467491,5.328118],""pnp_reprojection_error_px"":0.063987},{""tag_id"":17,""target_match"":true,""family"":""tag25h9"",""hamming"":0,""decision_margin"":155.537369,""pixel_xy"":[859.173208,339.631861],""world_xy_yaw"":[0.317811,0.950449,0.548936],""pnp_valid"":true,""pnp_camera_xyz"":[0.433143,-0.022206,1.329781],""pnp_camera_quat_xyzw"":[-0.168682,-0.15739,0.226314,0.946339],""pnp_camera_rpy_deg"":[-23.606323,-12.799432,29.584381],""pnp_reprojection_error_px"":0.036453}]",1,0.036453,155.537369,94.654713,,0,,0,,
2026-08-12T15:26:19.441297+00:00,21154.724960233,onboard_overhead_fish_dynamic,0,"[0.0,0.0,0.0,0.0]",0,0,0,0,,,,,,,,,,,,,,,,,,,,,,,,,,,,1,0.001520,405,1786548379.396964073,finsrov_stereo_left_optical,"[-0.05595262704844839,-0.17025450215053084,0.3801279552319055]","[0.0,0.0,0.0,1.0]","[0.0025,0.0025,0.0025,1000000.0,1000000.0,1000000.0]",0.001322,606,1,"[16,17]","[0.318874,0.950703,0.541939]","[{""tag_id"":16,""target_match"":true,""family"":""tag25h9"",""hamming"":0,""decision_margin"":143.496063,""pixel_xy"":[815.515494,649.4685],""world_xy_yaw"":[0.244466,0.572448,0.081111],""pnp_valid"":true,""pnp_camera_xyz"":[0.315776,0.713941,1.291109],""pnp_camera_quat_xyzw"":[-0.079768,-0.012985,0.043949,0.995759],""pnp_camera_rpy_deg"":[-9.208567,-1.079956,5.141355],""pnp_reprojection_error_px"":0.079379},{""tag_id"":17,""target_match"":true,""family"":""tag25h9"",""hamming"":0,""decision_margin"":153.777985,""pixel_xy"":[859.806094,339.42367],""world_xy_yaw"":[0.318874,0.950703,0.541939],""pnp_valid"":true,""pnp_camera_xyz"":[0.436349,-0.022723,1.334591],""pnp_camera_quat_xyzw"":[-0.167366,-0.153429,0.223491,0.947892],""pnp_camera_rpy_deg"":[-23.278696,-12.477629,29.113459],""pnp_reprojection_error_px"":0.039092}]",1,0.039092,153.777985,93.728516,,0,,0,,
2026-08-12T15:26:19.492193+00:00,21154.775848715,onboard_overhead_fish_dynamic,0,"[0.0,0.0,0.0,0.0]",0,0,0,0,,,,,,,,,,,,,,,,,,,,,,,,,,,,1,0.002241,406,1786548379.447340250,finsrov_stereo_left_optical,"[-0.05894219734794187,-0.17235642130350493,0.3820063521109805]","[0.0,0.0,0.0,1.0]","[0.0025,0.0025,0.0025,1000000.0,1000000.0,1000000.0]",0.001220,608,1,"[16,17]","[0.320941,0.950991,0.532631]","[{""tag_id"":16,""target_match"":true,""family"":""tag25h9"",""hamming"":0,""decision_margin"":144.33049,""pixel_xy"":[815.857582,648.767648],""world_xy_yaw"":[0.245041,0.573303,0.073493],""pnp_valid"":true,""pnp_camera_xyz"":[0.31837,0.717317,1.299892],""pnp_camera_quat_xyzw"":[-0.087918,-0.006135,0.040916,0.995268],""pnp_camera_rpy_deg"":[-10.108185,-0.287432,4.733668],""pnp_reprojection_error_px"":0.106919},{""tag_id"":17,""target_match"":true,""family"":""tag25h9"",""hamming"":0,""decision_margin"":151.047745,""pixel_xy"":[861.036616,339.188017],""world_xy_yaw"":[0.320941,0.950991,0.532631],""pnp_valid"":true,""pnp_camera_xyz"":[0.442188,-0.023697,1.342642],""pnp_camera_quat_xyzw"":[-0.166096,-0.149517,0.219489,0.949674],""pnp_camera_rpy_deg"":[-22.947851,-12.185181,28.509757],""pnp_reprojection_error_px"":0.161899}]",1,0.161899,151.047745,93.913997,,0,,0,,
2026-08-12T15:26:19.541111+00:00,21154.824781527,onboard_overhead_fish_dynamic,0,"[0.0,0.0,0.0,0.0]",0,0,0,0,,,,,,,,,,,,,,,,,,,,,,,,,,,,1,0.001133,407,1786548379.496964455,finsrov_stereo_left_optical,"[-0.06435265638004206,-0.15982925333856313,0.38718077288406055]","[0.0,0.0,0.0,1.0]","[0.0025,0.0025,0.0025,1000000.0,1000000.0,1000000.0]",0.000964,609,1,"[16,17]","[0.322199,0.951245,0.521399]","[{""tag_id"":16,""target_match"":true,""family"":""tag25h9"",""hamming"":0,""decision_margin"":145.94986,""pixel_xy"":[815.941926,648.542135],""world_xy_yaw"":[0.245182,0.573579,0.071058],""pnp_valid"":true,""pnp_camera_xyz"":[0.318433,0.716487,1.299452],""pnp_camera_quat_xyzw"":[-0.092411,-0.009145,0.04138,0.994819],""pnp_camera_rpy_deg"":[-10.639672,-0.604383,4.81997],""pnp_reprojection_error_px"":0.111252},{""tag_id"":17,""target_match"":true,""family"":""tag25h9"",""hamming"":0,""decision_margin"":153.444611,""pixel_xy"":[861.785147,338.979285],""world_xy_yaw"":[0.322199,0.951245,0.521399],""pnp_valid"":true,""pnp_camera_xyz"":[0.443971,-0.024087,1.342911],""pnp_camera_quat_xyzw"":[-0.168663,-0.148834,0.215257,0.950298],""pnp_camera_rpy_deg"":[-23.168123,-12.137653,28.022938],""pnp_reprojection_error_px"":0.078932}]",1,0.078932,153.444611,95.155103,,0,,0,,
2026-08-12T15:26:19.590341+00:00,21154.874010167,onboard_overhead_fish_dynamic,0,"[0.0,0.0,0.0,0.0]",0,0,0,0,,,,,,,,,,,,,,,,,,,,,,,,,,,,1,0.000900,408,1786548379.547091246,finsrov_stereo_left_optical,"[-0.066063880098716,-0.15317710250810357,0.3875706387911703]","[0.0,0.0,0.0,1.0]","[0.0025,0.0025,0.0025,1000000.0,1000000.0,1000000.0]",0.000456,611,1,"[16,17]","[0.32462,0.95177,0.506084]","[{""tag_id"":16,""target_match"":true,""family"":""tag25h9"",""hamming"":0,""decision_margin"":144.30014,""pixel_xy"":[815.81366,648.242311],""world_xy_yaw"":[0.244967,0.573944,0.074803],""pnp_valid"":true,""pnp_camera_xyz"":[0.317348,0.71285,1.294544],""pnp_camera_quat_xyzw"":[-0.091194,-0.019925,0.043388,0.994688],""pnp_camera_rpy_deg"":[-10.558561,-1.818021,5.163244],""pnp_reprojection_error_px"":0.097023},{""tag_id"":17,""target_match"":true,""family"":""tag25h9"",""hamming"":0,""decision_margin"":153.896469,""pixel_xy"":[863.226291,338.54898],""world_xy_yaw"":[0.32462,0.95177,0.506084],""pnp_valid"":true,""pnp_camera_xyz"":[0.448096,-0.025197,1.344797],""pnp_camera_quat_xyzw"":[-0.168232,-0.147007,0.209022,0.952049],""pnp_camera_rpy_deg"":[-22.982951,-12.098165,27.233971],""pnp_reprojection_error_px"":0.070161}]",1,0.070161,153.896469,95.594475,,0,,0,,
2026-08-12T15:26:19.641674+00:00,21154.925342583,onboard_overhead_fish_dynamic,0,"[0.0,0.0,0.0,0.0]",0,0,0,0,,,,,,,,,,,,,,,,,,,,,,,,,,,,1,0.001632,409,1786548379.596900225,finsrov_stereo_left_optical,"[-0.071346557581557,-0.1597829738880907,0.3868188983496697]","[0.0,0.0,0.0,1.0]","[0.0025,0.0025,0.0025,1000000.0,1000000.0,1000000.0]",0.001360,612,1,"[16,17]","[0.325825,0.952031,0.501326]","[{""tag_id"":16,""target_match"":true,""family"":""tag25h9"",""hamming"":0,""decision_margin"":148.64624,""pixel_xy"":[815.783031,648.181335],""world_xy_yaw"":[0.244915,0.574019,0.073954],""pnp_valid"":true,""pnp_camera_xyz"":[0.317343,0.712608,1.294702],""pnp_camera_quat_xyzw"":[-0.093144,-0.02568,0.045236,0.994293],""pnp_camera_rpy_deg"":[-10.819729,-2.443821,5.441331],""pnp_reprojection_error_px"":0.148912},{""tag_id"":17,""target_match"":true,""family"":""tag25h9"",""hamming"":0,""decision_margin"":157.194824,""pixel_xy"":[863.943339,338.335452],""world_xy_yaw"":[0.325825,0.952031,0.501326],""pnp_valid"":true,""pnp_camera_xyz"":[0.450206,-0.025685,1.345991],""pnp_camera_quat_xyzw"":[-0.16804,-0.145891,0.207523,0.952582],""pnp_camera_rpy_deg"":[-22.906254,-12.017009,27.023359],""pnp_reprojection_error_px"":0.035231}]",1,0.035231,157.194824,95.953246,,0,,0,,
2026-08-12T15:26:19.691776+00:00,21154.975444069,onboard_overhead_fish_dynamic,0,"[0.0,0.0,0.0,0.0]",0,0,0,0,,,,,,,,,,,,,,,,,,,,,,,,,,,,1,0.002043,410,1786548379.647193432,finsrov_stereo_left_optical,"[-0.07206867287439778,-0.15649297280408792,0.3878809255064274]","[0.0,0.0,0.0,1.0]","[0.0025,0.0025,0.0025,1000000.0,1000000.0,1000000.0]",0.001136,614,1,"[16,17]","[0.328425,0.952538,0.488205]","[{""tag_id"":16,""target_match"":true,""family"":""tag25h9"",""hamming"":0,""decision_margin"":144.747528,""pixel_xy"":[816.048851,647.962488],""world_xy_yaw"":[0.245362,0.574286,0.063504],""pnp_valid"":true,""pnp_camera_xyz"":[0.318361,0.713551,1.297118],""pnp_camera_quat_xyzw"":[-0.09324,-0.031518,0.045184,0.994118],""pnp_camera_rpy_deg"":[-10.865824,-3.109225,5.500584],""pnp_reprojection_error_px"":0.057944},{""tag_id"":17,""target_match"":true,""family"":""tag25h9"",""hamming"":0,""decision_margin"":154.73439,""pixel_xy"":[865.491349,337.919635],""world_xy_yaw"":[0.328425,0.952538,0.488205],""pnp_valid"":true,""pnp_camera_xyz"":[0.454757,-0.026856,1.348374],""pnp_camera_quat_xyzw"":[-0.162823,-0.148004,0.201502,0.954453],""pnp_camera_rpy_deg"":[-22.302391,-12.527464,26.321079],""pnp_reprojection_error_px"":0.071208}]",1,0.071208,154.73439,95.590477,,0,,0,,
2026-08-12T15:26:19.740426+00:00,21155.024095157,onboard_overhead_fish_dynamic,0,"[0.0,0.0,0.0,0.0]",0,0,0,0,,,,,,,,,,,,,,,,,,,,,,,,,,,,1,0.000966,411,1786548379.696930408,finsrov_stereo_left_optical,"[-0.07690989595747538,-0.15440634656202123,0.39019649496616443]","[0.0,0.0,0.0,1.0]","[0.0025,0.0025,0.0025,1000000.0,1000000.0,1000000.0]",0.000786,615,1,"[15,16,17]","[0.329715,0.952788,0.485163]","[{""tag_id"":15,""target_match"":true,""family"":""tag25h9"",""hamming"":0,""decision_margin"":103.11557,""pixel_xy"":[818.259634,585.451789],""world_xy_yaw"":[0.249076,0.650549,0.067284],""pnp_valid"":true,""pnp_camera_xyz"":[0.331132,0.577133,1.325822],""pnp_camera_quat_xyzw"":[-0.082682,-0.029189,0.04028,0.995334],""pnp_camera_rpy_deg"":[-9.622985,-2.948868,4.883142],""pnp_reprojection_error_px"":0.080365},{""tag_id"":16,""target_match"":true,""family"":""tag25h9"",""hamming"":0,""decision_margin"":145.560623,""pixel_xy"":[816.292976,648.027539],""world_xy_yaw"":[0.245772,0.574206,0.056856],""pnp_valid"":true,""pnp_camera_xyz"":[0.319048,0.714159,1.297865],""pnp_camera_quat_xyzw"":[-0.093718,-0.036281,0.045068,0.993916],""pnp_camera_rpy_deg"":[-10.949992,-3.650625,5.542477],""pnp_reprojection_error_px"":0.051754},{""tag_id"":17,""target_match"":true,""family"":""tag25h9"",""hamming"":0,""decision_margin"":155.284485,""pixel_xy"":[866.258658,337.714357],""world_xy_yaw"":[0.329715,0.952788,0.485163],""pnp_valid"":true,""pnp_camera_xyz"":[0.455839,-0.027327,1.345905],""pnp_camera_quat_xyzw"":[-0.16071,-0.153147,0.19778,0.954778],""pnp_camera_rpy_deg"":[-22.177885,-13.23068,26.010522],""pnp_reprojection_error_px"":0.074145}]",1,0.074145,155.284485,95.423316,,0,,0,,
2026-08-12T15:26:19.790283+00:00,21155.073952039,onboard_overhead_fish_dynamic,0,"[0.0,0.0,0.0,0.0]",0,0,0,0,,,,,,,,,,,,,,,,,,,,,,,,,,,,1,0.000874,412,1786548379.747032166,finsrov_stereo_left_optical,"[-0.0783117436566137,-0.14921220884545128,0.390667735307192]","[0.0,0.0,0.0,1.0]","[0.0025,0.0025,0.0025,1000000.0,1000000.0,1000000.0]",0.000449,617,1,"[16,17]","[0.332181,0.953509,0.477528]","[{""tag_id"":16,""target_match"":true,""family"":""tag25h9"",""hamming"":0,""decision_margin"":145.771469,""pixel_xy"":[816.871058,648.130674],""world_xy_yaw"":[0.246743,0.574081,0.055486],""pnp_valid"":true,""pnp_camera_xyz"":[0.322429,0.719209,1.305774],""pnp_camera_quat_xyzw"":[-0.096562,-0.028604,0.040159,0.994105],""pnp_camera_rpy_deg"":[-11.21653,-2.815216,4.903183],""pnp_reprojection_error_px"":0.127618},{""tag_id"":17,""target_match"":true,""family"":""tag25h9"",""hamming"":0,""decision_margin"":156.370758,""pixel_xy"":[867.726698,337.12343],""world_xy_yaw"":[0.332181,0.953509,0.477528],""pnp_valid"":true,""pnp_camera_xyz"":[0.461655,-0.02869,1.351859],""pnp_camera_quat_xyzw"":[-0.15591,-0.150696,0.192928,0.956954],""pnp_camera_rpy_deg"":[-21.482144,-13.194602,25.310435],""pnp_reprojection_error_px"":0.063213}]",1,0.063213,156.370758,94.725123,,0,,0,,
2026-08-12T15:26:19.840270+00:00,21155.123940471,onboard_overhead_fish_dynamic,0,"[0.0,0.0,0.0,0.0]",0,0,0,0,,,,,,,,,,,,,,,,,,,,,,,,,,,,1,0.000863,413,1786548379.796954393,finsrov_stereo_left_optical,"[-0.08548611722841365,-0.1432383910109688,0.39633670966371976]","[0.0,0.0,0.0,1.0]","[0.0025,0.0025,0.0025,1000000.0,1000000.0,1000000.0]",0.000747,618,1,"[16,17]","[0.333475,0.953742,0.47233]","[{""tag_id"":16,""target_match"":true,""family"":""tag25h9"",""hamming"":0,""decision_margin"":146.993256,""pixel_xy"":[817.049182,648.241291],""world_xy_yaw"":[0.247043,0.573946,0.055567],""pnp_valid"":true,""pnp_camera_xyz"":[0.323731,0.721241,1.309183],""pnp_camera_quat_xyzw"":[-0.099478,-0.029218,0.040025,0.993805],""pnp_camera_rpy_deg"":[-11.555379,-2.872283,4.903364],""pnp_reprojection_error_px"":0.085279},{""tag_id"":17,""target_match"":true,""family"":""tag25h9"",""hamming"":0,""decision_margin"":154.533722,""pixel_xy"":[868.496851,336.933122],""world_xy_yaw"":[0.333475,0.953742,0.47233],""pnp_valid"":true,""pnp_camera_xyz"":[0.46361,-0.029277,1.352032],""pnp_camera_quat_xyzw"":[-0.155585,-0.151361,0.190503,0.957388],""pnp_camera_rpy_deg"":[-21.433607,-13.329069,25.041317],""pnp_reprojection_error_px"":0.061902}]",1,0.061902,154.533722,94.691327,,0,,0,,
2026-08-12T15:26:19.890062+00:00,21155.173734065,onboard_overhead_fish_dynamic,0,"[0.0,0.0,0.0,0.0]",0,0,0,0,,,,,,,,,,,,,,,,,,,,,,,,,,,,1,0.000724,414,1786548379.847015858,finsrov_stereo_left_optical,"[-0.08593854465727413,-0.13490078745988932,0.39852163476167946]","[0.0,0.0,0.0,1.0]","[0.0025,0.0025,0.0025,1000000.0,1000000.0,1000000.0]",0.000330,620,1,"[16,17]","[0.33605,0.954193,0.464398]","[{""tag_id"":16,""target_match"":true,""family"":""tag25h9"",""hamming"":0,""decision_margin"":145.960831,""pixel_xy"":[816.71744,648.392806],""world_xy_yaw"":[0.246485,0.573761,0.052496],""pnp_valid"":true,""pnp_camera_xyz"":[0.320825,0.7164,1.300296],""pnp_camera_quat_xyzw"":[-0.090585,-0.039311,0.042739,0.994194],""pnp_camera_rpy_deg"":[-10.599016,-4.038243,5.297829],""pnp_reprojection_error_px"":0.055627},{""tag_id"":17,""target_match"":true,""family"":""tag25h9"",""hamming"":0,""decision_margin"":156.107452,""pixel_xy"":[870.029718,336.563409],""world_xy_yaw"":[0.33605,0.954193,0.464398],""pnp_valid"":true,""pnp_camera_xyz"":[0.467558,-0.030414,1.352441],""pnp_camera_quat_xyzw"":[-0.154869,-0.153531,0.186064,0.958031],""pnp_camera_rpy_deg"":[-21.358831,-13.682682,24.573908],""pnp_reprojection_error_px"":0.12511}]",1,0.12511,156.107452,96.165723,,0,,0,,
2026-08-12T15:26:19.940095+00:00,21155.223767469,onboard_overhead_fish_dynamic,0,"[0.0,0.0,0.0,0.0]",0,0,0,0,,,,,,,,,,,,,,,,,,,,,,,,,,,,1,0.000722,415,1786548379.896967411,finsrov_stereo_left_optical,"[-0.09242788186196077,-0.15540932615313108,0.39667894553386124]","[0.0,0.0,0.0,1.0]","[0.0025,0.0025,0.0025,1000000.0,1000000.0,1000000.0]",0.000609,621,1,"[16,17]","[0.337334,0.95442,0.457939]","[{""tag_id"":16,""target_match"":true,""family"":""tag25h9"",""hamming"":0,""decision_margin"":142.65152,""pixel_xy"":[816.295259,648.428995],""world_xy_yaw"":[0.245776,0.573717,0.057736],""pnp_valid"":true,""pnp_camera_xyz"":[0.319765,0.716096,1.299601],""pnp_camera_quat_xyzw"":[-0.088795,-0.040489,0.044469,0.994233],""pnp_camera_rpy_deg"":[-10.407226,-4.164168,5.501311],""pnp_reprojection_error_px"":0.106839},{""tag_id"":17,""target_match"":true,""family"":""tag25h9"",""hamming"":0,""decision_margin"":156.508087,""pixel_xy"":[870.794192,336.376949],""world_xy_yaw"":[0.337334,0.95442,0.457939],""pnp_valid"":true,""pnp_camera_xyz"":[0.469806,-0.030883,1.353625],""pnp_camera_quat_xyzw"":[-0.154589,-0.15386,0.183345,0.958548],""pnp_camera_rpy_deg"":[-21.299474,-13.784935,24.26109],""pnp_reprojection_error_px"":0.106446}]",1,0.106446,156.508087,95.798149,,0,,0,,
2026-08-12T15:26:19.990069+00:00,21155.273741927,onboard_overhead_fish_dynamic,0,"[0.0,0.0,0.0,0.0]",0,0,0,0,,,,,,,,,,,,,,,,,,,,,,,,,,,,1,0.000719,416,1786548379.947024345,finsrov_stereo_left_optical,"[-0.09362845306779966,-0.15943700413451123,0.39752467661142626]","[0.0,0.0,0.0,1.0]","[0.0025,0.0025,0.0025,1000000.0,1000000.0,1000000.0]",0.000351,623,1,"[16,17]","[0.339963,0.954916,0.445938]","[{""tag_id"":16,""target_match"":true,""family"":""tag25h9"",""hamming"":0,""decision_margin"":146.678696,""pixel_xy"":[815.35289,648.579844],""world_xy_yaw"":[0.244193,0.573533,0.062271],""pnp_valid"":true,""pnp_camera_xyz"":[0.317964,0.717682,1.30191],""pnp_camera_quat_xyzw"":[-0.089387,-0.036555,0.046088,0.994258],""pnp_camera_rpy_deg"":[-10.456853,-3.695292,5.646209],""pnp_reprojection_error_px"":0.071356},{""tag_id"":17,""target_match"":true,""family"":""tag25h9"",""hamming"":0,""decision_margin"":157.148819,""pixel_xy"":[872.358845,335.970556],""world_xy_yaw"":[0.339963,0.954916,0.445938],""pnp_valid"":true,""pnp_camera_xyz"":[0.474799,-0.031961,1.357043],""pnp_camera_quat_xyzw"":[-0.157289,-0.153724,0.178105,0.959118],""pnp_camera_rpy_deg"":[-21.53691,-13.818788,23.68017],""pnp_reprojection_error_px"":0.09205}]",1,0.09205,157.148819,94.551669,,0,,0,,
2026-08-12T15:26:20.040431+00:00,21155.324102182,onboard_overhead_fish_dynamic,0,"[0.0,0.0,0.0,0.0]",0,0,0,0,,,,,,,,,,,,,,,,,,,,,,,,,,,,1,0.000774,417,1786548379.996955395,finsrov_stereo_left_optical,"[-0.09669147090943214,-0.1596757449149312,0.4013196996268801]","[0.0,0.0,0.0,1.0]","[0.0025,0.0025,0.0025,1000000.0,1000000.0,1000000.0]",0.000635,624,1,"[16,17]","[0.341215,0.955149,0.438645]","[{""tag_id"":16,""target_match"":true,""family"":""tag25h9"",""hamming"":0,""decision_margin"":145.572784,""pixel_xy"":[814.843394,648.649227],""world_xy_yaw"":[0.243337,0.573448,0.061334],""pnp_valid"":true,""pnp_camera_xyz"":[0.316341,0.717223,1.30068],""pnp_camera_quat_xyzw"":[-0.086733,-0.033417,0.045512,0.99463],""pnp_camera_rpy_deg"":[-10.129749,-3.358373,5.537501],""pnp_reprojection_error_px"":0.033278},{""tag_id"":17,""target_match"":true,""family"":""tag25h9"",""hamming"":0,""decision_margin"":153.958237,""pixel_xy"":[873.10397,335.779737],""world_xy_yaw"":[0.341215,0.955149,0.438645],""pnp_valid"":true,""pnp_camera_xyz"":[0.478869,-0.032679,1.363355],""pnp_camera_quat_xyzw"":[-0.155227,-0.151314,0.175867,0.96025],""pnp_camera_rpy_deg"":[-21.195345,-13.650507,23.322811],""pnp_reprojection_error_px"":0.127746}]",1,0.127746,153.958237,95.337037,,0,,0,,
2026-08-12T15:26:20.089986+00:00,21155.373656913,onboard_overhead_fish_dynamic,0,"[0.0,0.0,0.0,0.0]",0,0,0,0,,,,,,,,,,,,,,,,,,,,,,,,,,,,1,0.000678,418,1786548380.047006369,finsrov_stereo_left_optical,"[-0.1030100897398854,-0.17152642687661535,0.40295383800596807]","[0.0,0.0,0.0,1.0]","[0.0025,0.0025,0.0025,1000000.0,1000000.0,1000000.0]",0.000328,626,1,"[16,17]","[0.343852,0.955911,0.430228]","[{""tag_id"":16,""target_match"":true,""family"":""tag25h9"",""hamming"":0,""decision_margin"":145.316956,""pixel_xy"":[813.820393,648.780073],""world_xy_yaw"":[0.241618,0.573288,0.067068],""pnp_valid"":true,""pnp_camera_xyz"":[0.31371,0.717198,1.300164],""pnp_camera_quat_xyzw"":[-0.086913,-0.026259,0.045624,0.994824],""pnp_camera_rpy_deg"":[-10.10742,-2.539869,5.476309],""pnp_reprojection_error_px"":0.060741},{""tag_id"":17,""target_match"":true,""family"":""tag25h9"",""hamming"":0,""decision_margin"":154.392166,""pixel_xy"":[874.6739,335.154612],""world_xy_yaw"":[0.343852,0.955911,0.430228],""pnp_valid"":true,""pnp_camera_xyz"":[0.482695,-0.034024,1.362669],""pnp_camera_quat_xyzw"":[-0.151552,-0.15152,0.169789,0.961897],""pnp_camera_rpy_deg"":[-20.691593,-13.888232,22.568368],""pnp_reprojection_error_px"":0.081975}]",1,0.081975,154.392166,95.630133,,0,,0,,
2026-08-12T15:26:20.140042+00:00,21155.423713598,onboard_overhead_fish_dynamic,0,"[0.0,0.0,0.0,0.0]",0,0,0,0,,,,,,,,,,,,,,,,,,,,,,,,,,,,1,0.000731,419,1786548380.096956015,finsrov_stereo_left_optical,"[-0.10713814708698616,-0.17245637202106134,0.40490025797980894]","[0.0,0.0,0.0,1.0]","[0.0025,0.0025,0.0025,1000000.0,1000000.0,1000000.0]",0.000592,627,1,"[16,17]","[0.345348,0.956277,0.421454]","[{""tag_id"":16,""target_match"":true,""family"":""tag25h9"",""hamming"":0,""decision_margin"":146.532501,""pixel_xy"":[813.291628,648.725356],""world_xy_yaw"":[0.24073,0.573355,0.071045],""pnp_valid"":true,""pnp_camera_xyz"":[0.312123,0.716217,1.298358],""pnp_camera_quat_xyzw"":[-0.085493,-0.023789,0.045126,0.995032],""pnp_camera_rpy_deg"":[-9.928547,-2.27099,5.390589],""pnp_reprojection_error_px"":0.023901},{""tag_id"":17,""target_match"":true,""family"":""tag25h9"",""hamming"":0,""decision_margin"":153.89386,""pixel_xy"":[875.564153,334.85496],""world_xy_yaw"":[0.345348,0.956277,0.421454],""pnp_valid"":true,""pnp_camera_xyz"":[0.484857,-0.034674,1.36275],""pnp_camera_quat_xyzw"":[-0.149763,-0.150921,0.166721,0.962807],""pnp_camera_rpy_deg"":[-20.424139,-13.926603,22.168784],""pnp_reprojection_error_px"":0.034617}]",1,0.034617,153.89386,95.698782,,0,,0,,
2026-08-12T15:26:20.190721+00:00,21155.474386843,onboard_overhead_fish_dynamic,0,"[0.0,0.0,0.0,0.0]",0,0,0,0,,,,,,,,,,,,,,,,,,,,,,,,,,,,1,0.001197,420,1786548380.146974325,finsrov_stereo_left_optical,"[-0.11112132734688779,-0.17705589862052273,0.4049263858381188]","[0.0,0.0,0.0,1.0]","[0.0025,0.0025,0.0025,1000000.0,1000000.0,1000000.0]",0.000644,629,1,"[16,17]","[0.348041,0.956866,0.405875]","[{""tag_id"":16,""target_match"":true,""family"":""tag25h9"",""hamming"":0,""decision_margin"":146.525589,""pixel_xy"":[812.290946,648.818426],""world_xy_yaw"":[0.239049,0.573242,0.072304],""pnp_valid"":true,""pnp_camera_xyz"":[0.308974,0.714837,1.295038],""pnp_camera_quat_xyzw"":[-0.078972,-0.020875,0.044185,0.995678],""pnp_camera_rpy_deg"":[-9.160552,-1.982307,5.240726],""pnp_reprojection_error_px"":0.098834},{""tag_id"":17,""target_match"":true,""family"":""tag25h9"",""hamming"":0,""decision_margin"":155.486954,""pixel_xy"":[877.167516,334.371773],""world_xy_yaw"":[0.348041,0.956866,0.405875],""pnp_valid"":true,""pnp_camera_xyz"":[0.490286,-0.036003,1.36673],""pnp_camera_quat_xyzw"":[-0.146384,-0.149285,0.160138,0.964698],""pnp_camera_rpy_deg"":[-19.894427,-13.9542,21.309192],""pnp_reprojection_error_px"":0.036306}]",1,0.036306,155.486954,96.185649,,0,,0,,
2026-08-12T15:26:20.240947+00:00,21155.524610367,onboard_overhead_fish_dynamic,0,"[0.0,0.0,0.0,0.0]",0,0,0,0,,,,,,,,,,,,,,,,,,,,,,,,,,,,1,0.001296,421,1786548380.196971655,finsrov_stereo_left_optical,"[-0.12081899651300287,-0.19475585447150368,0.40547132774797284]","[0.0,0.0,0.0,1.0]","[0.0025,0.0025,0.0025,1000000.0,1000000.0,1000000.0]",0.001111,630,1,"[16,17]","[0.349405,0.957104,0.399539]","[{""tag_id"":16,""target_match"":true,""family"":""tag25h9"",""hamming"":0,""decision_margin"":147.428848,""pixel_xy"":[811.860317,649.01812],""world_xy_yaw"":[0.238325,0.572998,0.073696],""pnp_valid"":true,""pnp_camera_xyz"":[0.308695,0.717028,1.298383],""pnp_camera_quat_xyzw"":[-0.082518,-0.014734,0.04247,0.995575],""pnp_camera_rpy_deg"":[-9.532016,-1.27942,4.99202],""pnp_reprojection_error_px"":0.042113},{""tag_id"":17,""target_match"":true,""family"":""tag25h9"",""hamming"":0,""decision_margin"":157.237991,""pixel_xy"":[877.979258,334.176999],""world_xy_yaw"":[0.349405,0.957104,0.399539],""pnp_valid"":true,""pnp_camera_xyz"":[0.49217,-0.036559,1.366427],""pnp_camera_quat_xyzw"":[-0.148096,-0.14993,0.157226,0.964815],""pnp_camera_rpy_deg"":[-20.070742,-14.048388,21.009261],""pnp_reprojection_error_px"":0.040803}]",1,0.040803,157.237991,94.882557,,0,,0,,
2026-08-12T15:26:20.291895+00:00,21155.575559384,onboard_overhead_fish_dynamic,0,"[0.0,0.0,0.0,0.0]",0,0,0,0,,,,,,,,,,,,,,,,,,,,,,,,,,,,1,0.002051,422,1786548380.247072935,finsrov_stereo_left_optical,"[-0.12323656686119511,-0.18705978589225725,0.4080823113344617]","[0.0,0.0,0.0,1.0]","[0.0025,0.0025,0.0025,1000000.0,1000000.0,1000000.0]",0.001084,632,1,"[16,17]","[0.351916,0.957556,0.388102]","[{""tag_id"":16,""target_match"":true,""family"":""tag25h9"",""hamming"":0,""decision_margin"":145.286514,""pixel_xy"":[811.065963,649.270029],""world_xy_yaw"":[0.236991,0.572691,0.077005],""pnp_valid"":true,""pnp_camera_xyz"":[0.307417,0.719115,1.301096],""pnp_camera_quat_xyzw"":[-0.088752,-0.012279,0.042982,0.99505],""pnp_camera_rpy_deg"":[-10.23619,-0.963029,5.033078],""pnp_reprojection_error_px"":0.032799},{""tag_id"":17,""target_match"":true,""family"":""tag25h9"",""hamming"":0,""decision_margin"":158.941864,""pixel_xy"":[879.473575,333.806548],""world_xy_yaw"":[0.351916,0.957556,0.388102],""pnp_valid"":true,""pnp_camera_xyz"":[0.497473,-0.037786,1.370654],""pnp_camera_quat_xyzw"":[-0.147137,-0.150203,0.15159,0.965821],""pnp_camera_rpy_deg"":[-19.887102,-14.213082,20.344283],""pnp_reprojection_error_px"":0.109392}]",1,0.109392,158.941864,94.170063,,0,,0,,
2026-08-12T15:26:20.341662+00:00,21155.625321764,onboard_overhead_fish_dynamic,0,"[0.0,0.0,0.0,0.0]",0,0,0,0,,,,,,,,,,,,,,,,,,,,,,,,,,,,1,0.001662,423,1786548380.297046185,finsrov_stereo_left_optical,"[-0.12779907878631658,-0.17884852472133717,0.4133657361495331]","[0.0,0.0,0.0,1.0]","[0.0025,0.0025,0.0025,1000000.0,1000000.0,1000000.0]",0.001461,633,1,"[16,17]","[0.353172,0.957821,0.385073]","[{""tag_id"":16,""target_match"":true,""family"":""tag25h9"",""hamming"":0,""decision_margin"":146.853104,""pixel_xy"":[810.772367,649.48053],""world_xy_yaw"":[0.236498,0.572434,0.077484],""pnp_valid"":true,""pnp_camera_xyz"":[0.306967,0.719924,1.301677],""pnp_camera_quat_xyzw"":[-0.086965,-0.010572,0.041216,0.995302],""pnp_camera_rpy_deg"":[-10.020485,-0.795015,4.812311],""pnp_reprojection_error_px"":0.062521},{""tag_id"":17,""target_match"":true,""family"":""tag25h9"",""hamming"":0,""decision_margin"":157.389252,""pixel_xy"":[880.221571,333.589504],""world_xy_yaw"":[0.353172,0.957821,0.385073],""pnp_valid"":true,""pnp_camera_xyz"":[0.498748,-0.038238,1.369108],""pnp_camera_quat_xyzw"":[-0.147901,-0.151835,0.14973,0.965739],""pnp_camera_rpy_deg"":[-19.992807,-14.416941,20.180424],""pnp_reprojection_error_px"":0.085266}]",1,0.085266,157.389252,94.679887,,0,,0,,
2026-08-12T15:26:20.390090+00:00,21155.673760981,onboard_overhead_fish_dynamic,0,"[0.0,0.0,0.0,0.0]",0,0,0,0,,,,,,,,,,,,,,,,,,,,,,,,,,,,1,0.000723,424,1786548380.347063065,finsrov_stereo_left_optical,"[-0.13166230444882798,-0.1798490610201695,0.4136495877756637]","[0.0,0.0,0.0,1.0]","[0.0025,0.0025,0.0025,1000000.0,1000000.0,1000000.0]",0.000357,635,1,"[16,17]","[0.355579,0.958303,0.377864]","[{""tag_id"":16,""target_match"":true,""family"":""tag25h9"",""hamming"":0,""decision_margin"":144.359848,""pixel_xy"":[810.624263,649.929838],""world_xy_yaw"":[0.236249,0.571886,0.08099],""pnp_valid"":true,""pnp_camera_xyz"":[0.309615,0.727767,1.314444],""pnp_camera_quat_xyzw"":[-0.093789,-0.001744,0.038867,0.994832],""pnp_camera_rpy_deg"":[-10.762858,0.218918,4.45411],""pnp_reprojection_error_px"":0.106957},{""tag_id"":17,""target_match"":true,""family"":""tag25h9"",""hamming"":0,""decision_margin"":156.208344,""pixel_xy"":[881.654126,333.194561],""world_xy_yaw"":[0.355579,0.958303,0.377864],""pnp_valid"":true,""pnp_camera_xyz"":[0.50438,-0.039342,1.374612],""pnp_camera_quat_xyzw"":[-0.147883,-0.153448,0.145211,0.966177],""pnp_camera_rpy_deg"":[-19.967588,-14.688738,19.694097],""pnp_reprojection_error_px"":0.06929}]",1,0.06929,156.208344,94.383069,,0,,0,,
2026-08-12T15:26:20.440095+00:00,21155.723766284,onboard_overhead_fish_dynamic,0,"[0.0,0.0,0.0,0.0]",0,0,0,0,,,,,,,,,,,,,,,,,,,,,,,,,,,,1,0.000769,425,1786548380.396960974,finsrov_stereo_left_optical,"[-0.13487963440268752,-0.16327939605992647,0.4218827889560151]","[0.0,0.0,0.0,1.0]","[0.0025,0.0025,0.0025,1000000.0,1000000.0,1000000.0]",0.000609,636,1,"[16,17]","[0.356854,0.958585,0.375268]","[{""tag_id"":16,""target_match"":true,""family"":""tag25h9"",""hamming"":0,""decision_margin"":142.491867,""pixel_xy"":[810.786586,650.065697],""world_xy_yaw"":[0.236521,0.57172,0.075021],""pnp_valid"":true,""pnp_camera_xyz"":[0.310003,0.728222,1.314544],""pnp_camera_quat_xyzw"":[-0.090853,-0.002945,0.03689,0.995176],""pnp_camera_rpy_deg"":[-10.430773,0.048204,4.241377],""pnp_reprojection_error_px"":0.078299},{""tag_id"":17,""target_match"":true,""family"":""tag25h9"",""hamming"":0,""decision_margin"":157.250565,""pixel_xy"":[882.412835,332.962795],""world_xy_yaw"":[0.356854,0.958585,0.375268],""pnp_valid"":true,""pnp_camera_xyz"":[0.506321,-0.039876,1.374646],""pnp_camera_quat_xyzw"":[-0.148582,-0.155258,0.142833,0.966135],""pnp_camera_rpy_deg"":[-20.061284,-14.925108,19.473785],""pnp_reprojection_error_px"":0.055478}]",1,0.055478,157.250565,94.659917,,0,,0,,
2026-08-12T15:26:20.491017+00:00,21155.774683109,onboard_overhead_fish_dynamic,0,"[0.0,0.0,0.0,0.0]",0,0,0,0,,,,,,,,,,,,,,,,,,,,,,,,,,,,1,0.001309,426,1786548380.447036266,finsrov_stereo_left_optical,"[-0.139823741910388,-0.16730434713269338,0.4219997520481983]","[0.0,0.0,0.0,1.0]","[0.0025,0.0025,0.0025,1000000.0,1000000.0,1000000.0]",0.000610,638,1,"[16,17]","[0.359603,0.959213,0.36286]","[{""tag_id"":16,""target_match"":true,""family"":""tag25h9"",""hamming"":0,""decision_margin"":144.581589,""pixel_xy"":[811.381615,650.431439],""world_xy_yaw"":[0.237521,0.571274,0.051914],""pnp_valid"":true,""pnp_camera_xyz"":[0.30817,0.722335,1.302106],""pnp_camera_quat_xyzw"":[-0.077531,-0.013518,0.0347,0.996294],""pnp_camera_rpy_deg"":[-8.943542,-1.235072,4.086087],""pnp_reprojection_error_px"":0.105223},{""tag_id"":17,""target_match"":true,""family"":""tag25h9"",""hamming"":0,""decision_margin"":154.535172,""pixel_xy"":[884.049545,332.448703],""world_xy_yaw"":[0.359603,0.959213,0.36286],""pnp_valid"":true,""pnp_camera_xyz"":[0.511556,-0.041309,1.377827],""pnp_camera_quat_xyzw"":[-0.145902,-0.155558,0.13782,0.967223],""pnp_camera_rpy_deg"":[-19.679751,-15.111719,18.854917],""pnp_reprojection_error_px"":0.056794}]",1,0.056794,154.535172,95.206999,,0,,0,,
2026-08-12T15:26:20.541172+00:00,21155.824828319,onboard_overhead_fish_dynamic,0,"[0.0,0.0,0.0,0.0]",0,0,0,0,,,,,,,,,,,,,,,,,,,,,,,,,,,,1,0.001416,427,1786548380.496956825,finsrov_stereo_left_optical,"[-0.15426236013967948,-0.2005877728475869,0.4176183213487918]","[0.0,0.0,0.0,1.0]","[0.0025,0.0025,0.0025,1000000.0,1000000.0,1000000.0]",0.001231,639,1,"[16,17]","[0.360995,0.959594,0.359598]","[{""tag_id"":16,""target_match"":true,""family"":""tag25h9"",""hamming"":0,""decision_margin"":143.442307,""pixel_xy"":[811.67242,650.427174],""world_xy_yaw"":[0.23801,0.571279,0.049087],""pnp_valid"":true,""pnp_camera_xyz"":[0.308979,0.723041,1.30297],""pnp_camera_quat_xyzw"":[-0.081621,-0.007955,0.03157,0.996132],""pnp_camera_rpy_deg"":[-9.388188,-0.612749,3.680854],""pnp_reprojection_error_px"":0.160639},{""tag_id"":17,""target_match"":true,""family"":""tag25h9"",""hamming"":0,""decision_margin"":157.903122,""pixel_xy"":[884.877715,332.135693],""world_xy_yaw"":[0.360995,0.959594,0.359598],""pnp_valid"":true,""pnp_camera_xyz"":[0.513753,-0.042071,1.378043],""pnp_camera_quat_xyzw"":[-0.145373,-0.15595,0.135703,0.967539],""pnp_camera_rpy_deg"":[-19.59553,-15.207767,18.609291],""pnp_reprojection_error_px"":0.046669}]",1,0.046669,157.903122,95.460633,,0,,0,,
2026-08-12T15:26:20.591259+00:00,21155.874921214,onboard_overhead_fish_dynamic,0,"[0.0,0.0,0.0,0.0]",0,0,0,0,,,,,,,,,,,,,,,,,,,,,,,,,,,,1,0.001582,428,1786548380.546980619,finsrov_stereo_left_optical,"[-0.15851587060580707,-0.19532530797577163,0.4190014605161733]","[0.0,0.0,0.0,1.0]","[0.0025,0.0025,0.0025,1000000.0,1000000.0,1000000.0]",0.000819,641,1,"[16,17]","[0.363823,0.960298,0.345918]","[{""tag_id"":16,""target_match"":true,""family"":""tag25h9"",""hamming"":0,""decision_margin"":144.793228,""pixel_xy"":[811.764693,650.319409],""world_xy_yaw"":[0.238165,0.57141,0.055546],""pnp_valid"":true,""pnp_camera_xyz"":[0.308803,0.721157,1.300023],""pnp_camera_quat_xyzw"":[-0.085852,-0.009857,0.032079,0.995743],""pnp_camera_rpy_deg"":[-9.882175,-0.809168,3.760336],""pnp_reprojection_error_px"":0.076463},{""tag_id"":17,""target_match"":true,""family"":""tag25h9"",""hamming"":0,""decision_margin"":155.717667,""pixel_xy"":[886.56154,331.559244],""world_xy_yaw"":[0.363823,0.960298,0.345918],""pnp_valid"":true,""pnp_camera_xyz"":[0.519365,-0.043667,1.381738],""pnp_camera_quat_xyzw"":[-0.144048,-0.154708,0.130021,0.968716],""pnp_camera_rpy_deg"":[-19.323266,-15.205298,17.892532],""pnp_reprojection_error_px"":0.048538}]",1,0.048538,155.717667,95.100135,,0,,0,,
2026-08-12T15:26:20.642024+00:00,21155.925681941,onboard_overhead_fish_dynamic,0,"[0.0,0.0,0.0,0.0]",0,0,0,0,,,,,,,,,,,,,,,,,,,,,,,,,,,,1,0.002022,429,1786548380.596963406,finsrov_stereo_left_optical,"[-0.16410787975883995,-0.19440582824897823,0.42113187185073164]","[0.0,0.0,0.0,1.0]","[0.0025,0.0025,0.0025,1000000.0,1000000.0,1000000.0]",0.001782,642,1,"[16,17]","[0.36518,0.96062,0.338793]","[{""tag_id"":16,""target_match"":true,""family"":""tag25h9"",""hamming"":0,""decision_margin"":145.236725,""pixel_xy"":[811.780043,650.131168],""world_xy_yaw"":[0.23819,0.57164,0.056761],""pnp_valid"":true,""pnp_camera_xyz"":[0.308093,0.718931,1.296771],""pnp_camera_quat_xyzw"":[-0.085971,-0.015232,0.034863,0.995571],""pnp_camera_rpy_deg"":[-9.921256,-1.394431,4.132162],""pnp_reprojection_error_px"":0.087145},{""tag_id"":17,""target_match"":true,""family"":""tag25h9"",""hamming"":0,""decision_margin"":155.723328,""pixel_xy"":[887.368863,331.294938],""world_xy_yaw"":[0.36518,0.96062,0.338793],""pnp_valid"":true,""pnp_camera_xyz"":[0.522384,-0.044454,1.384311],""pnp_camera_quat_xyzw"":[-0.142816,-0.153818,0.127038,0.969435],""pnp_camera_rpy_deg"":[-19.11205,-15.185626,17.502452],""pnp_reprojection_error_px"":0.060501}]",1,0.060501,155.723328,95.85946,,0,,0,,
2026-08-12T15:26:20.691982+00:00,21155.975638692,onboard_overhead_fish_dynamic,0,"[0.0,0.0,0.0,0.0]",0,0,0,0,,,,,,,,,,,,,,,,,,,,,,,,,,,,1,0.002033,430,1786548380.647015810,finsrov_stereo_left_optical,"[-0.165445275453239,-0.19799136291494723,0.42177657710451505]","[0.0,0.0,0.0,1.0]","[0.0025,0.0025,0.0025,1000000.0,1000000.0,1000000.0]",0.001108,644,1,"[16,17]","[0.367767,0.961303,0.330433]","[{""tag_id"":16,""target_match"":true,""family"":""tag25h9"",""hamming"":0,""decision_margin"":145.122284,""pixel_xy"":[811.830272,649.852669],""world_xy_yaw"":[0.238275,0.57198,0.065469],""pnp_valid"":true,""pnp_camera_xyz"":[0.308662,0.718694,1.297955],""pnp_camera_quat_xyzw"":[-0.089044,-0.017732,0.038228,0.995136],""pnp_camera_rpy_deg"":[-10.291092,-1.632267,4.54683],""pnp_reprojection_error_px"":0.079291},{""tag_id"":17,""target_match"":true,""family"":""tag25h9"",""hamming"":0,""decision_margin"":156.551605,""pixel_xy"":[888.90904,330.735276],""world_xy_yaw"":[0.367767,0.961303,0.330433],""pnp_valid"":true,""pnp_camera_xyz"":[0.527152,-0.04585,1.386334],""pnp_camera_quat_xyzw"":[-0.140043,-0.153459,0.122138,0.970526],""pnp_camera_rpy_deg"":[-18.70311,-15.28749,16.877788],""pnp_reprojection_error_px"":0.060914}]",1,0.060914,156.551605,93.948686,,0,,0,,
2026-08-12T15:26:20.742225+00:00,21156.025879772,onboard_overhead_fish_dynamic,0,"[0.0,0.0,0.0,0.0]",0,0,0,0,,,,,,,,,,,,,,,,,,,,,,,,,,,,1,0.002269,431,1786548380.696962357,finsrov_stereo_left_optical,"[-0.16500276353703497,-0.19259735449503357,0.42500901158718346]","[0.0,0.0,0.0,1.0]","[0.0025,0.0025,0.0025,1000000.0,1000000.0,1000000.0]",0.001996,645,1,"[15,16,17]","[0.369054,0.961693,0.325417]","[{""tag_id"":15,""target_match"":true,""family"":""tag25h9"",""hamming"":0,""decision_margin"":68.492218,""pixel_xy"":[813.825034,587.422623],""world_xy_yaw"":[0.241626,0.648144,0.067903],""pnp_valid"":true,""pnp_camera_xyz"":[0.321959,0.584645,1.333035],""pnp_camera_quat_xyzw"":[-0.08812,-0.006127,0.033665,0.995522],""pnp_camera_rpy_deg"":[-10.129102,-0.359026,3.905476],""pnp_reprojection_error_px"":0.148778},{""tag_id"":16,""target_match"":true,""family"":""tag25h9"",""hamming"":0,""decision_margin"":144.809799,""pixel_xy"":[811.927974,649.851698],""world_xy_yaw"":[0.238439,0.571981,0.074891],""pnp_valid"":true,""pnp_camera_xyz"":[0.311536,0.724082,1.308411],""pnp_camera_quat_xyzw"":[-0.100511,-0.012362,0.038297,0.994122],""pnp_camera_rpy_deg"":[-11.58469,-0.967161,4.510427],""pnp_reprojection_error_px"":0.210782},{""tag_id"":17,""target_match"":true,""family"":""tag25h9"",""hamming"":0,""decision_margin"":155.888855,""pixel_xy"":[889.675138,330.415299],""world_xy_yaw"":[0.369054,0.961693,0.325417],""pnp_valid"":true,""pnp_camera_xyz"":[0.528983,-0.046614,1.386011],""pnp_camera_quat_xyzw"":[-0.139224,-0.153695,0.119556,0.970928],""pnp_camera_rpy_deg"":[-18.57251,-15.376703,16.568636],""pnp_reprojection_error_px"":0.062841}]",1,0.062841,155.888855,94.718801,,0,,0,,
2026-08-12T15:26:20.792189+00:00,21156.075843094,onboard_overhead_fish_dynamic,0,"[0.0,0.0,0.0,0.0]",0,0,0,0,,,,,,,,,,,,,,,,,,,,,,,,,,,,1,0.002232,432,1786548380.747072458,finsrov_stereo_left_optical,"[-0.16575837023064605,-0.18735089263794147,0.42568207295112886]","[0.0,0.0,0.0,1.0]","[0.0025,0.0025,0.0025,1000000.0,1000000.0,1000000.0]",0.001217,647,1,"[16,17]","[0.371561,0.962287,0.317297]","[{""tag_id"":16,""target_match"":true,""family"":""tag25h9"",""hamming"":0,""decision_margin"":145.825546,""pixel_xy"":[812.460381,649.494371],""world_xy_yaw"":[0.239333,0.572417,0.088023],""pnp_valid"":true,""pnp_camera_xyz"":[0.315585,0.7298,1.320167],""pnp_camera_quat_xyzw"":[-0.110659,-0.00616,0.041968,0.992953],""pnp_camera_rpy_deg"":[-12.725266,-0.168777,4.859201],""pnp_reprojection_error_px"":0.175358},{""tag_id"":17,""target_match"":true,""family"":""tag25h9"",""hamming"":0,""decision_margin"":157.656464,""pixel_xy"":[891.167549,329.929021],""world_xy_yaw"":[0.371561,0.962287,0.317297],""pnp_valid"":true,""pnp_camera_xyz"":[0.533254,-0.048091,1.387273],""pnp_camera_quat_xyzw"":[-0.139096,-0.154849,0.115355,0.971271],""pnp_camera_rpy_deg"":[-18.518204,-15.587559,16.102798],""pnp_reprojection_error_px"":0.098143}]",1,0.098143,157.656464,95.082176,,0,,0,,
2026-08-12T15:26:20.841612+00:00,21156.125272658,onboard_overhead_fish_dynamic,0,"[0.0,0.0,0.0,0.0]",0,0,0,0,,,,,,,,,,,,,,,,,,,,,,,,,,,,1,0.001744,433,1786548380.796966553,finsrov_stereo_left_optical,"[-0.1528068619698395,-0.13894977441199563,0.4381892016706774]","[0.0,0.0,0.0,1.0]","[0.0025,0.0025,0.0025,1000000.0,1000000.0,1000000.0]",0.001536,648,1,"[16,17]","[0.372849,0.962637,0.314574]","[{""tag_id"":16,""target_match"":true,""family"":""tag25h9"",""hamming"":0,""decision_margin"":141.715652,""pixel_xy"":[812.886903,649.1251],""world_xy_yaw"":[0.24005,0.572867,0.086196],""pnp_valid"":true,""pnp_camera_xyz"":[0.316474,0.729953,1.320999],""pnp_camera_quat_xyzw"":[-0.114221,0.000623,0.041805,0.992575],""pnp_camera_rpy_deg"":[-13.103328,0.618038,4.752554],""pnp_reprojection_error_px"":0.1063},{""tag_id"":17,""target_match"":true,""family"":""tag25h9"",""hamming"":0,""decision_margin"":159.254791,""pixel_xy"":[891.933946,329.641722],""world_xy_yaw"":[0.372849,0.962637,0.314574],""pnp_valid"":true,""pnp_camera_xyz"":[0.535368,-0.048779,1.387654],""pnp_camera_quat_xyzw"":[-0.140879,-0.155971,0.113057,0.971105],""pnp_camera_rpy_deg"":[-18.717209,-15.728132,15.889105],""pnp_reprojection_error_px"":0.089779}]",1,0.089779,159.254791,94.758863,,0,,0,,
2026-08-12T15:26:20.891972+00:00,21156.175627834,onboard_overhead_fish_dynamic,0,"[0.0,0.0,0.0,0.0]",0,0,0,0,,,,,,,,,,,,,,,,,,,,,,,,,,,,1,0.002057,434,1786548380.847025871,finsrov_stereo_left_optical,"[-0.15243347811410812,-0.1350800557859445,0.4394412442903876]","[0.0,0.0,0.0,1.0]","[0.0025,0.0025,0.0025,1000000.0,1000000.0,1000000.0]",0.001110,650,1,"[16,17]","[0.375501,0.963266,0.301683]","[{""tag_id"":16,""target_match"":true,""family"":""tag25h9"",""hamming"":0,""decision_margin"":146.897705,""pixel_xy"":[813.647901,648.946627],""world_xy_yaw"":[0.241328,0.573085,0.082227],""pnp_valid"":true,""pnp_camera_xyz"":[0.314032,0.720691,1.304623],""pnp_camera_quat_xyzw"":[-0.100953,-0.003945,0.045888,0.993825],""pnp_camera_rpy_deg"":[-11.596659,0.081579,5.278973],""pnp_reprojection_error_px"":0.257106},{""tag_id"":17,""target_match"":true,""family"":""tag25h9"",""hamming"":0,""decision_margin"":156.796402,""pixel_xy"":[893.512423,329.126347],""world_xy_yaw"":[0.375501,0.963266,0.301683],""pnp_valid"":true,""pnp_camera_xyz"":[0.541237,-0.050295,1.39271],""pnp_camera_quat_xyzw"":[-0.142739,-0.15612,0.1079,0.971396],""pnp_camera_rpy_deg"":[-18.858727,-15.813451,15.319061],""pnp_reprojection_error_px"":0.066756}]",1,0.066756,156.796402,95.498061,,0,,0,,
2026-08-12T15:26:20.941181+00:00,21156.224850264,onboard_overhead_fish_dynamic,0,"[0.0,0.0,0.0,0.0]",0,0,0,0,,,,,,,,,,,,,,,,,,,,,,,,,,,,1,0.001399,435,1786548380.896846294,finsrov_stereo_left_optical,"[-0.15624503264435263,-0.17705741981478995,0.4368131112129248]","[0.0,0.0,0.0,1.0]","[0.0025,0.0025,0.0025,1000000.0,1000000.0,1000000.0]",0.001206,651,1,"[16,17]","[0.376807,0.963636,0.295591]","[{""tag_id"":16,""target_match"":true,""family"":""tag25h9"",""hamming"":0,""decision_margin"":145.346893,""pixel_xy"":[813.87981,649.094482],""world_xy_yaw"":[0.241718,0.572905,0.0861],""pnp_valid"":true,""pnp_camera_xyz"":[0.313504,0.717999,1.299585],""pnp_camera_quat_xyzw"":[-0.095439,-0.001758,0.045491,0.994394],""pnp_camera_rpy_deg"":[-10.951009,0.297199,5.210159],""pnp_reprojection_error_px"":0.146325},{""tag_id"":17,""target_match"":true,""family"":""tag25h9"",""hamming"":0,""decision_margin"":155.135742,""pixel_xy"":[894.289734,328.822926],""world_xy_yaw"":[0.376807,0.963636,0.295591],""pnp_valid"":true,""pnp_camera_xyz"":[0.54399,-0.051026,1.394668],""pnp_camera_quat_xyzw"":[-0.142765,-0.1565,0.104706,0.97168],""pnp_camera_rpy_deg"":[-18.819259,-15.916711,14.955044],""pnp_reprojection_error_px"":0.037819}]",1,0.037819,155.135742,95.66376,,0,,0,,
2026-08-12T15:26:20.991309+00:00,21156.274969499,onboard_overhead_fish_dynamic,0,"[0.0,0.0,0.0,0.0]",0,0,0,0,,,,,,,,,,,,,,,,,,,,,,,,,,,,1,0.001550,436,1786548380.946900129,finsrov_stereo_left_optical,"[-0.1596891846712914,-0.19396089277999196,0.4355292937392227]","[0.0,0.0,0.0,1.0]","[0.0025,0.0025,0.0025,1000000.0,1000000.0,1000000.0]",0.001357,652,1,"[16,17]","[0.378084,0.963976,0.287147]","[{""tag_id"":16,""target_match"":true,""family"":""tag25h9"",""hamming"":0,""decision_margin"":145.75769,""pixel_xy"":[814.117004,649.352712],""world_xy_yaw"":[0.242117,0.57259,0.092872],""pnp_valid"":true,""pnp_camera_xyz"":[0.314093,0.717931,1.298898],""pnp_camera_quat_xyzw"":[-0.093172,-0.001053,0.046502,0.994563],""pnp_camera_rpy_deg"":[-10.68639,0.3765,5.318775],""pnp_reprojection_error_px"":0.046859},{""tag_id"":17,""target_match"":true,""family"":""tag25h9"",""hamming"":0,""decision_margin"":156.735062,""pixel_xy"":[895.049885,328.544063],""world_xy_yaw"":[0.378084,0.963976,0.287147],""pnp_valid"":true,""pnp_camera_xyz"":[0.545749,-0.051795,1.394386],""pnp_camera_quat_xyzw"":[-0.143207,-0.157623,0.101216,0.971803],""pnp_camera_rpy_deg"":[-18.839345,-16.103182,14.580966],""pnp_reprojection_error_px"":0.0401}]",1,0.0401,156.735062,95.682332,,0,,0,,
2026-08-12T15:26:21.041983+00:00,21156.325637972,onboard_overhead_fish_dynamic,0,"[0.0,0.0,0.0,0.0]",0,0,0,0,,,,,,,,,,,,,,,,,,,,,,,,,,,,1,0.002081,437,1786548380.996853352,finsrov_stereo_left_optical,"[-0.15712467471661473,-0.20005250839852207,0.4414445432253453]","[0.0,0.0,0.0,1.0]","[0.0025,0.0025,0.0025,1000000.0,1000000.0,1000000.0]",0.001142,654,1,"[16,17]","[0.380555,0.964791,0.275669]","[{""tag_id"":16,""target_match"":true,""family"":""tag25h9"",""hamming"":0,""decision_margin"":144.734833,""pixel_xy"":[814.621214,649.748265],""world_xy_yaw"":[0.242964,0.572107,0.118233],""pnp_valid"":true,""pnp_camera_xyz"":[0.318913,0.726009,1.312481],""pnp_camera_quat_xyzw"":[-0.102023,0.012568,0.049301,0.99348],""pnp_camera_rpy_deg"":[-11.630494,2.007628,5.477352],""pnp_reprojection_error_px"":0.208763},{""tag_id"":17,""target_match"":true,""family"":""tag25h9"",""hamming"":0,""decision_margin"":157.570786,""pixel_xy"":[896.520558,327.876026],""world_xy_yaw"":[0.380555,0.964791,0.275669],""pnp_valid"":true,""pnp_camera_xyz"":[0.552375,-0.053852,1.401636],""pnp_camera_quat_xyzw"":[-0.136959,-0.155467,0.097082,0.973472],""pnp_camera_rpy_deg"":[-17.989441,-16.02715,13.943414],""pnp_reprojection_error_px"":0.06312}]",1,0.06312,157.570786,94.977715,,0,,0,,
2026-08-12T15:26:21.091557+00:00,21156.375215949,onboard_overhead_fish_dynamic,0,"[0.0,0.0,0.0,0.0]",0,0,0,0,,,,,,,,,,,,,,,,,,,,,,,,,,,,1,0.001750,438,1786548381.047168493,finsrov_stereo_left_optical,"[-0.15082807613694033,-0.1807214857665843,0.44788878155684875]","[0.0,0.0,0.0,1.0]","[0.0025,0.0025,0.0025,1000000.0,1000000.0,1000000.0]",0.001530,655,1,"[16,17]","[0.381686,0.965325,0.268479]","[{""tag_id"":16,""target_match"":true,""family"":""tag25h9"",""hamming"":0,""decision_margin"":145.701431,""pixel_xy"":[815.009491,649.803475],""world_xy_yaw"":[0.243616,0.57204,0.121689],""pnp_valid"":true,""pnp_camera_xyz"":[0.320821,0.728429,1.316111],""pnp_camera_quat_xyzw"":[-0.100144,0.009327,0.051288,0.993606],""pnp_camera_rpy_deg"":[-11.427847,1.650737,5.744538],""pnp_reprojection_error_px"":0.162732},{""tag_id"":17,""target_match"":true,""family"":""tag25h9"",""hamming"":0,""decision_margin"":157.293854,""pixel_xy"":[897.193837,327.438155],""world_xy_yaw"":[0.381686,0.965325,0.268479],""pnp_valid"":true,""pnp_camera_xyz"":[0.552795,-0.054695,1.398162],""pnp_camera_quat_xyzw"":[-0.137233,-0.157459,0.092167,0.973591],""pnp_camera_rpy_deg"":[-17.981444,-16.33808,13.41802],""pnp_reprojection_error_px"":0.042012}]",1,0.042012,157.293854,94.362352,,0,,0,,
2026-08-12T15:26:21.142260+00:00,21156.425914198,onboard_overhead_fish_dynamic,0,"[0.0,0.0,0.0,0.0]",0,0,0,0,,,,,,,,,,,,,,,,,,,,,,,,,,,,1,0.002242,439,1786548381.097005606,finsrov_stereo_left_optical,"[-0.14657533095344744,-0.19247620869429882,0.45069225953482084]","[0.0,0.0,0.0,1.0]","[0.0025,0.0025,0.0025,1000000.0,1000000.0,1000000.0]",0.001237,657,1,"[15,16,17]","[0.384007,0.966209,0.256527]","[{""tag_id"":15,""target_match"":true,""family"":""tag25h9"",""hamming"":0,""decision_margin"":94.973419,""pixel_xy"":[820.190145,588.136721],""world_xy_yaw"":[0.252319,0.647273,0.109057],""pnp_valid"":true,""pnp_camera_xyz"":[0.336063,0.584104,1.327806],""pnp_camera_quat_xyzw"":[-0.088095,-0.003339,0.054277,0.994627],""pnp_camera_rpy_deg"":[-10.113931,0.167359,6.23229],""pnp_reprojection_error_px"":0.134719},{""tag_id"":16,""target_match"":true,""family"":""tag25h9"",""hamming"":0,""decision_margin"":145.732437,""pixel_xy"":[816.08884,650.005516],""world_xy_yaw"":[0.245429,0.571793,0.117236],""pnp_valid"":true,""pnp_camera_xyz"":[0.32168,0.725586,1.309496],""pnp_camera_quat_xyzw"":[-0.087598,-0.011223,0.059729,0.9943],""pnp_camera_rpy_deg"":[-10.110704,-0.679236,6.935555],""pnp_reprojection_error_px"":0.106314},{""tag_id"":17,""target_match"":true,""family"":""tag25h9"",""hamming"":0,""decision_margin"":157.457321,""pixel_xy"":[898.575856,326.714241],""world_xy_yaw"":[0.384007,0.966209,0.256527],""pnp_valid"":true,""pnp_camera_xyz"":[0.559001,-0.056864,1.40477],""pnp_camera_quat_xyzw"":[-0.130228,-0.152452,0.088514,0.975687],""pnp_camera_rpy_deg"":[-16.997896,-15.928499,12.762638],""pnp_reprojection_error_px"":0.062699}]",1,0.062699,157.457321,91.570015,,0,,0,,
2026-08-12T15:26:21.192007+00:00,21156.475665188,onboard_overhead_fish_dynamic,0,"[0.0,0.0,0.0,0.0]",0,0,0,0,,,,,,,,,,,,,,,,,,,,,,,,,,,,1,0.002070,440,1786548381.147032022,finsrov_stereo_left_optical,"[-0.14566578103398486,-0.20017724328051867,0.45201033379866085]","[0.0,0.0,0.0,1.0]","[0.0025,0.0025,0.0025,1000000.0,1000000.0,1000000.0]",0.001113,659,1,"[16,17]","[0.386311,0.96704,0.24805]","[{""tag_id"":16,""target_match"":true,""family"":""tag25h9"",""hamming"":0,""decision_margin"":146.619308,""pixel_xy"":[817.700659,650.412139],""world_xy_yaw"":[0.248137,0.571297,0.110411],""pnp_valid"":true,""pnp_camera_xyz"":[0.324657,0.726032,1.308564],""pnp_camera_quat_xyzw"":[-0.095498,-0.015169,0.065487,0.993157],""pnp_camera_rpy_deg"":[-11.052386,-1.009716,7.642776],""pnp_reprojection_error_px"":0.215263},{""tag_id"":17,""target_match"":true,""family"":""tag25h9"",""hamming"":0,""decision_margin"":155.81752,""pixel_xy"":[899.946854,326.032465],""world_xy_yaw"":[0.386311,0.96704,0.24805],""pnp_valid"":true,""pnp_camera_xyz"":[0.560989,-0.058501,1.400987],""pnp_camera_quat_xyzw"":[-0.133306,-0.155309,0.083422,0.975269],""pnp_camera_rpy_deg"":[-17.331946,-16.30165,12.279142],""pnp_reprojection_error_px"":0.059817}]",1,0.059817,155.81752,93.094387,,0,,0,,
2026-08-12T15:26:21.241305+00:00,21156.524967854,onboard_overhead_fish_dynamic,0,"[0.0,0.0,0.0,0.0]",0,0,0,0,,,,,,,,,,,,,,,,,,,,,,,,,,,,1,0.001538,441,1786548381.196996927,finsrov_stereo_left_optical,"[-0.13597646976121402,-0.18252216203661675,0.45644202148045043]","[0.0,0.0,0.0,1.0]","[0.0025,0.0025,0.0025,1000000.0,1000000.0,1000000.0]",0.001342,660,1,"[15,16,17]","[0.38737,0.967478,0.24399]","[{""tag_id"":15,""target_match"":true,""family"":""tag25h9"",""hamming"":0,""decision_margin"":101.106087,""pixel_xy"":[822.561,588.968465],""world_xy_yaw"":[0.256302,0.646258,0.128023],""pnp_valid"":true,""pnp_camera_xyz"":[0.343767,0.588911,1.334223],""pnp_camera_quat_xyzw"":[-0.086419,-0.010576,0.063032,0.994207],""pnp_camera_rpy_deg"":[-9.972692,-0.580758,7.305971],""pnp_reprojection_error_px"":0.161611},{""tag_id"":16,""target_match"":true,""family"":""tag25h9"",""hamming"":0,""decision_margin"":145.578781,""pixel_xy"":[818.499725,650.627216],""world_xy_yaw"":[0.24948,0.571035,0.113518],""pnp_valid"":true,""pnp_camera_xyz"":[0.328292,0.73045,1.315576],""pnp_camera_quat_xyzw"":[-0.110752,-0.007875,0.063747,0.99177],""pnp_camera_rpy_deg"":[-12.749317,-0.086,7.365019],""pnp_reprojection_error_px"":0.232286},{""tag_id"":17,""target_match"":true,""family"":""tag25h9"",""hamming"":0,""decision_margin"":156.179123,""pixel_xy"":[900.57749,325.674167],""world_xy_yaw"":[0.38737,0.967478,0.24399],""pnp_valid"":true,""pnp_camera_xyz"":[0.561537,-0.059339,1.398381],""pnp_camera_quat_xyzw"":[-0.137707,-0.156556,0.080748,0.974683],""pnp_camera_rpy_deg"":[-17.83269,-16.436114,12.067735],""pnp_reprojection_error_px"":0.058019}]",1,0.058019,156.179123,93.715791,,0,,0,,
2026-08-12T15:26:21.290558+00:00,21156.574223687,onboard_overhead_fish_dynamic,0,"[0.0,0.0,0.0,0.0]",0,0,0,0,,,,,,,,,,,,,,,,,,,,,,,,,,,,1,0.001015,442,1786548381.247242928,finsrov_stereo_left_optical,"[-0.13748591834075197,-0.19515828125787904,0.4537797155768754]","[0.0,0.0,0.0,1.0]","[0.0025,0.0025,0.0025,1000000.0,1000000.0,1000000.0]",0.000558,662,1,"[15,16,17]","[0.38971,0.96825,0.236998]","[{""tag_id"":15,""target_match"":true,""family"":""tag25h9"",""hamming"":0,""decision_margin"":104.225517,""pixel_xy"":[824.223705,589.509341],""world_xy_yaw"":[0.259096,0.645599,0.135139],""pnp_valid"":true,""pnp_camera_xyz"":[0.349433,0.592855,1.33999],""pnp_camera_quat_xyzw"":[-0.086546,-0.008948,0.064848,0.994095],""pnp_camera_rpy_deg"":[-9.975954,-0.376205,7.497379],""pnp_reprojection_error_px"":0.163291},{""tag_id"":16,""target_match"":true,""family"":""tag25h9"",""hamming"":0,""decision_margin"":143.456863,""pixel_xy"":[819.875095,651.221965],""world_xy_yaw"":[0.25179,0.570309,0.133267],""pnp_valid"":true,""pnp_camera_xyz"":[0.332688,0.732715,1.31743],""pnp_camera_quat_xyzw"":[-0.119062,-0.001399,0.063676,0.990842],""pnp_camera_rpy_deg"":[-13.658768,0.70994,7.268983],""pnp_reprojection_error_px"":0.052346},{""tag_id"":17,""target_match"":true,""family"":""tag25h9"",""hamming"":0,""decision_margin"":155.688477,""pixel_xy"":[901.970396,325.041141],""world_xy_yaw"":[0.38971,0.96825,0.236998],""pnp_valid"":true,""pnp_camera_xyz"":[0.566033,-0.06122,1.400718],""pnp_camera_quat_xyzw"":[-0.138517,-0.161704,0.075726,0.974131],""pnp_camera_rpy_deg"":[-17.937165,-17.10135,11.60878],""pnp_reprojection_error_px"":0.099038}]",1,0.099038,155.688477,93.012765,,0,,0,,
2026-08-12T15:26:21.340397+00:00,21156.624066253,onboard_overhead_fish_dynamic,0,"[0.0,0.0,0.0,0.0]",0,0,0,0,,,,,,,,,,,,,,,,,,,,,,,,,,,,1,0.000877,443,1786548381.296972275,finsrov_stereo_left_optical,"[-0.12987540321398106,-0.13794528856146127,0.4659680357204671]","[0.0,0.0,0.0,1.0]","[0.0025,0.0025,0.0025,1000000.0,1000000.0,1000000.0]",0.000753,663,1,"[16,17]","[0.39061,0.968923,0.235003]","[{""tag_id"":16,""target_match"":true,""family"":""tag25h9"",""hamming"":0,""decision_margin"":147.553192,""pixel_xy"":[820.479924,651.585613],""world_xy_yaw"":[0.252806,0.569866,0.139469],""pnp_valid"":true,""pnp_camera_xyz"":[0.332736,0.729745,1.310817],""pnp_camera_quat_xyzw"":[-0.108677,-0.012168,0.068712,0.991625],""pnp_camera_rpy_deg"":[-12.545521,-0.526936,7.985551],""pnp_reprojection_error_px"":0.184029},{""tag_id"":17,""target_match"":true,""family"":""tag25h9"",""hamming"":0,""decision_margin"":158.921814,""pixel_xy"":[902.505784,324.489721],""world_xy_yaw"":[0.39061,0.968923,0.235003],""pnp_valid"":true,""pnp_camera_xyz"":[0.570517,-0.062392,1.408292],""pnp_camera_quat_xyzw"":[-0.136034,-0.156105,0.076323,0.975347],""pnp_camera_rpy_deg"":[-17.552806,-16.483981,11.511035],""pnp_reprojection_error_px"":0.128583}]",1,0.128583,158.921814,92.349371,,0,,0,,
2026-08-12T15:26:21.390800+00:00,21156.674467155,onboard_overhead_fish_dynamic,0,"[0.0,0.0,0.0,0.0]",0,0,0,0,,,,,,,,,,,,,,,,,,,,,,,,,,,,1,0.001178,444,1786548381.347092867,finsrov_stereo_left_optical,"[-0.12961866705427355,-0.16519303443373323,0.46796663689810847]","[0.0,0.0,0.0,1.0]","[0.0025,0.0025,0.0025,1000000.0,1000000.0,1000000.0]",0.001017,664,1,"[16,17]","[0.39188,0.968989,0.231286]","[{""tag_id"":16,""target_match"":true,""family"":""tag25h9"",""hamming"":0,""decision_margin"":147.377945,""pixel_xy"":[821.053435,651.918884],""world_xy_yaw"":[0.25377,0.569459,0.141615],""pnp_valid"":true,""pnp_camera_xyz"":[0.332545,0.726847,1.304227],""pnp_camera_quat_xyzw"":[-0.095249,-0.022748,0.073781,0.992455],""pnp_camera_rpy_deg"":[-11.099377,-1.782084,8.676428],""pnp_reprojection_error_px"":0.230696},{""tag_id"":17,""target_match"":true,""family"":""tag25h9"",""hamming"":0,""decision_margin"":157.334854,""pixel_xy"":[903.262123,324.434968],""world_xy_yaw"":[0.39188,0.968989,0.231286],""pnp_valid"":true,""pnp_camera_xyz"":[0.570154,-0.062853,1.402592],""pnp_camera_quat_xyzw"":[-0.139139,-0.160664,0.072527,0.974457],""pnp_camera_rpy_deg"":[-17.937944,-17.033856,11.221098],""pnp_reprojection_error_px"":0.10465}]",1,0.10465,157.334854,91.993937,,0,,0,,
2026-08-12T15:26:21.440864+00:00,21156.724532478,onboard_overhead_fish_dynamic,0,"[0.0,0.0,0.0,0.0]",0,0,0,0,,,,,,,,,,,,,,,,,,,,,,,,,,,,1,0.001188,445,1786548381.397035837,finsrov_stereo_left_optical,"[-0.12705561556348505,-0.20759743608692094,0.46510279579507224]","[0.0,0.0,0.0,1.0]","[0.0025,0.0025,0.0025,1000000.0,1000000.0,1000000.0]",0.000514,666,1,"[16,17]","[0.394356,0.969906,0.220621]","[{""tag_id"":16,""target_match"":true,""family"":""tag25h9"",""hamming"":0,""decision_margin"":144.620987,""pixel_xy"":[822.44304,652.28172],""world_xy_yaw"":[0.256104,0.569016,0.13595],""pnp_valid"":true,""pnp_camera_xyz"":[0.336225,0.730264,1.308047],""pnp_camera_quat_xyzw"":[-0.089225,-0.022499,0.078059,0.992693],""pnp_camera_rpy_deg"":[-10.413119,-1.761484,9.152774],""pnp_reprojection_error_px"":0.092016},{""tag_id"":17,""target_match"":true,""family"":""tag25h9"",""hamming"":0,""decision_margin"":156.853012,""pixel_xy"":[904.735858,323.683282],""world_xy_yaw"":[0.394356,0.969906,0.220621],""pnp_valid"":true,""pnp_camera_xyz"":[0.577214,-0.06469,1.410496],""pnp_camera_quat_xyzw"":[-0.134556,-0.157013,0.068884,0.975959],""pnp_camera_rpy_deg"":[-17.26827,-16.734629,10.633438],""pnp_reprojection_error_px"":0.111485}]",1,0.111485,156.853012,89.183775,,0,,0,,
2026-08-12T15:26:21.490977+00:00,21156.774641130,onboard_overhead_fish_dynamic,0,"[0.0,0.0,0.0,0.0]",0,0,0,0,,,,,,,,,,,,,,,,,,,,,,,,,,,,1,0.001361,446,1786548381.447418928,finsrov_stereo_left_optical,"[-0.1213599911581072,-0.19779336886055043,0.471045271992071]","[0.0,0.0,0.0,1.0]","[0.0025,0.0025,0.0025,1000000.0,1000000.0,1000000.0]",0.001190,667,1,"[16,17]","[0.395725,0.970172,0.210636]","[{""tag_id"":16,""target_match"":true,""family"":""tag25h9"",""hamming"":0,""decision_margin"":148.250015,""pixel_xy"":[823.134473,652.41528],""world_xy_yaw"":[0.257266,0.568853,0.140435],""pnp_valid"":true,""pnp_camera_xyz"":[0.340544,0.736811,1.319084],""pnp_camera_quat_xyzw"":[-0.097707,-0.010027,0.076518,0.992219],""pnp_camera_rpy_deg"":[-11.269907,-0.283345,8.847579],""pnp_reprojection_error_px"":0.178451},{""tag_id"":17,""target_match"":true,""family"":""tag25h9"",""hamming"":0,""decision_margin"":156.188919,""pixel_xy"":[905.550343,323.465855],""world_xy_yaw"":[0.395725,0.970172,0.210636],""pnp_valid"":true,""pnp_camera_xyz"":[0.581683,-0.065884,1.416489],""pnp_camera_quat_xyzw"":[-0.13097,-0.155315,0.066403,0.97689],""pnp_camera_rpy_deg"":[-16.772477,-16.622099,10.244734],""pnp_reprojection_error_px"":0.060029}]",1,0.060029,156.188919,88.086296,,0,,0,,
2026-08-12T15:26:21.542275+00:00,21156.825930694,onboard_overhead_fish_dynamic,0,"[0.0,0.0,0.0,0.0]",0,0,0,0,,,,,,,,,,,,,,,,,,,,,,,,,,,,1,0.002234,447,1786548381.497105122,finsrov_stereo_left_optical,"[-0.11357894241605015,-0.16480776063867886,0.4836945363744821]","[0.0,0.0,0.0,1.0]","[0.0025,0.0025,0.0025,1000000.0,1000000.0,1000000.0]",0.001219,669,1,"[16,17]","[0.398398,0.971222,0.193766]","[{""tag_id"":16,""target_match"":true,""family"":""tag25h9"",""hamming"":0,""decision_margin"":148.718704,""pixel_xy"":[824.5381,652.794007],""world_xy_yaw"":[0.259624,0.568391,0.158379],""pnp_valid"":true,""pnp_camera_xyz"":[0.34599,0.741233,1.325568],""pnp_camera_quat_xyzw"":[-0.102915,0.003983,0.075276,0.99183],""pnp_camera_rpy_deg"":[-11.747859,1.340582,8.542468],""pnp_reprojection_error_px"":0.023197},{""tag_id"":17,""target_match"":true,""family"":""tag25h9"",""hamming"":0,""decision_margin"":153.18779,""pixel_xy"":[907.141547,322.604862],""world_xy_yaw"":[0.398398,0.971222,0.193766],""pnp_valid"":true,""pnp_camera_xyz"":[0.588868,-0.068433,1.424043],""pnp_camera_quat_xyzw"":[-0.126103,-0.152692,0.060854,0.978305],""pnp_camera_rpy_deg"":[-16.061061,-16.463873,9.45736],""pnp_reprojection_error_px"":0.029021}]",1,0.029021,153.18779,86.222278,,0,,0,,
2026-08-12T15:26:21.591145+00:00,21156.874807572,onboard_overhead_fish_dynamic,0,"[0.0,0.0,0.0,0.0]",0,0,0,0,,,,,,,,,,,,,,,,,,,,,,,,,,,,1,0.001508,448,1786548381.547373533,finsrov_stereo_left_optical,"[-0.11614099743981998,-0.17778726934110323,0.4868774223303064]","[0.0,0.0,0.0,1.0]","[0.0025,0.0025,0.0025,1000000.0,1000000.0,1000000.0]",0.000822,671,1,"[16,17]","[0.400719,0.972245,0.18158]","[{""tag_id"":16,""target_match"":true,""family"":""tag25h9"",""hamming"":0,""decision_margin"":144.784424,""pixel_xy"":[825.89915,653.369746],""world_xy_yaw"":[0.261911,0.567689,0.170665],""pnp_valid"":true,""pnp_camera_xyz"":[0.346548,0.73551,1.313269],""pnp_camera_quat_xyzw"":[-0.089029,-0.013297,0.084089,0.992384],""pnp_camera_rpy_deg"":[-10.308607,-0.654222,9.745703],""pnp_reprojection_error_px"":0.211909},{""tag_id"":17,""target_match"":true,""family"":""tag25h9"",""hamming"":0,""decision_margin"":155.488434,""pixel_xy"":[908.523483,321.766316],""world_xy_yaw"":[0.400719,0.972245,0.18158],""pnp_valid"":true,""pnp_camera_xyz"":[0.59195,-0.070619,1.42302],""pnp_camera_quat_xyzw"":[-0.128687,-0.152482,0.056009,0.97829],""pnp_camera_rpy_deg"":[-16.284458,-16.494751,8.929526],""pnp_reprojection_error_px"":0.047069}]",1,0.047069,155.488434,85.818294,,0,,0,,
2026-08-12T15:26:21.642003+00:00,21156.925660168,onboard_overhead_fish_dynamic,0,"[0.0,0.0,0.0,0.0]",0,0,0,0,,,,,,,,,,,,,,,,,,,,,,,,,,,,1,0.002026,449,1786548381.597235918,finsrov_stereo_left_optical,"[-0.11069937768070448,-0.2065324990213242,0.48528126777270825]","[0.0,0.0,0.0,1.0]","[0.0025,0.0025,0.0025,1000000.0,1000000.0,1000000.0]",0.001793,672,1,"[16,17]","[0.401646,0.972644,0.179407]","[{""tag_id"":16,""target_match"":true,""family"":""tag25h9"",""hamming"":0,""decision_margin"":145.321487,""pixel_xy"":[826.587887,653.711809],""world_xy_yaw"":[0.263068,0.567272,0.170997],""pnp_valid"":true,""pnp_camera_xyz"":[0.347056,0.733885,1.309163],""pnp_camera_quat_xyzw"":[-0.08225,-0.02506,0.090726,0.992157],""pnp_camera_rpy_deg"":[-9.663305,-1.994439,10.618215],""pnp_reprojection_error_px"":0.211818},{""tag_id"":17,""target_match"":true,""family"":""tag25h9"",""hamming"":0,""decision_margin"":155.865585,""pixel_xy"":[909.074776,321.439468],""world_xy_yaw"":[0.401646,0.972644,0.179407],""pnp_valid"":true,""pnp_camera_xyz"":[0.592742,-0.071523,1.421255],""pnp_camera_quat_xyzw"":[-0.129507,-0.15405,0.053111,0.978098],""pnp_camera_rpy_deg"":[-16.35582,-16.714047,8.634978],""pnp_reprojection_error_px"":0.086223}]",1,0.086223,155.865585,88.276616,,0,,0,,
2026-08-12T15:26:21.691647+00:00,21156.975306825,onboard_overhead_fish_dynamic,0,"[0.0,0.0,0.0,0.0]",0,0,0,0,,,,,,,,,,,,,,,,,,,,,,,,,,,,1,0.001735,450,1786548381.647466660,finsrov_stereo_left_optical,"[-0.10466545044401676,-0.2161091593288701,0.4849204005735833]","[0.0,0.0,0.0,1.0]","[0.0025,0.0025,0.0025,1000000.0,1000000.0,1000000.0]",0.000941,674,1,"[16,17]","[0.403211,0.973598,0.174401]","[{""tag_id"":16,""target_match"":true,""family"":""tag25h9"",""hamming"":0,""decision_margin"":143.509491,""pixel_xy"":[828.057726,653.994512],""world_xy_yaw"":[0.265537,0.566927,0.177215],""pnp_valid"":true,""pnp_camera_xyz"":[0.352033,0.738898,1.316332],""pnp_camera_quat_xyzw"":[-0.096014,-0.025487,0.097902,0.990226],""pnp_camera_rpy_deg"":[-11.258759,-1.815178,11.471728],""pnp_reprojection_error_px"":0.046232},{""tag_id"":17,""target_match"":true,""family"":""tag25h9"",""hamming"":0,""decision_margin"":157.784821,""pixel_xy"":[910.006282,320.65701],""world_xy_yaw"":[0.403211,0.973598,0.174401],""pnp_valid"":true,""pnp_camera_xyz"":[0.596004,-0.073515,1.422883],""pnp_camera_quat_xyzw"":[-0.12833,-0.154095,0.048904,0.978465],""pnp_camera_rpy_deg"":[-16.145052,-16.798214,8.121892],""pnp_reprojection_error_px"":0.090789}]",1,0.090789,157.784821,90.156406,,0,,0,,
2026-08-12T15:26:21.741411+00:00,21157.025071173,onboard_overhead_fish_dynamic,0,"[0.0,0.0,0.0,0.0]",0,0,0,0,,,,,,,,,,,,,,,,,,,,,,,,,,,,1,0.001547,451,1786548381.697298050,finsrov_stereo_left_optical,"[-0.08834098107911725,-0.18609306990043284,0.49460481739369033]","[0.0,0.0,0.0,1.0]","[0.0025,0.0025,0.0025,1000000.0,1000000.0,1000000.0]",0.001346,675,1,"[16,17]","[0.404046,0.974222,0.17347]","[{""tag_id"":16,""target_match"":true,""family"":""tag25h9"",""hamming"":0,""decision_margin"":146.652786,""pixel_xy"":[828.823833,654.156495],""world_xy_yaw"":[0.266824,0.566729,0.182846],""pnp_valid"":true,""pnp_camera_xyz"":[0.354858,0.741991,1.320938],""pnp_camera_quat_xyzw"":[-0.110243,-0.017568,0.099355,0.98877],""pnp_camera_rpy_deg"":[-12.798268,-0.735428,11.5585],""pnp_reprojection_error_px"":0.16381},{""tag_id"":17,""target_match"":true,""family"":""tag25h9"",""hamming"":0,""decision_margin"":157.013931,""pixel_xy"":[910.503554,320.146209],""world_xy_yaw"":[0.404046,0.974222,0.17347],""pnp_valid"":true,""pnp_camera_xyz"":[0.593681,-0.074039,1.414072],""pnp_camera_quat_xyzw"":[-0.134558,-0.155713,0.046282,0.9775],""pnp_camera_rpy_deg"":[-16.864805,-16.975513,7.956284],""pnp_reprojection_error_px"":0.14566}]",1,0.14566,157.013931,91.656624,,0,,0,,
2026-08-12T15:26:21.792258+00:00,21157.075912846,onboard_overhead_fish_dynamic,0,"[0.0,0.0,0.0,0.0]",0,0,0,0,,,,,,,,,,,,,,,,,,,,,,,,,,,,1,0.002277,452,1786548381.747311354,finsrov_stereo_left_optical,"[-0.07635466064600394,-0.15083378221052934,0.4965798023830733]","[0.0,0.0,0.0,1.0]","[0.0025,0.0025,0.0025,1000000.0,1000000.0,1000000.0]",0.001257,677,1,"[16,17]","[0.405913,0.97511,0.164535]","[{""tag_id"":16,""target_match"":true,""family"":""tag25h9"",""hamming"":0,""decision_margin"":147.280884,""pixel_xy"":[830.10191,654.52444],""world_xy_yaw"":[0.268971,0.56628,0.198183],""pnp_valid"":true,""pnp_camera_xyz"":[0.356609,0.739998,1.315444],""pnp_camera_quat_xyzw"":[-0.116434,-0.005721,0.09992,0.988143],""pnp_camera_rpy_deg"":[-13.371638,0.685332,11.467817],""pnp_reprojection_error_px"":0.140471},{""tag_id"":17,""target_match"":true,""family"":""tag25h9"",""hamming"":0,""decision_margin"":157.207092,""pixel_xy"":[911.614654,319.418234],""world_xy_yaw"":[0.405913,0.97511,0.164535],""pnp_valid"":true,""pnp_camera_xyz"":[0.596762,-0.07605,1.414604],""pnp_camera_quat_xyzw"":[-0.1352,-0.157554,0.04166,0.977324],""pnp_camera_rpy_deg"":[-16.886453,-17.259386,7.462763],""pnp_reprojection_error_px"":0.124223}]",1,0.124223,157.207092,91.467686,,0,,0,,
2026-08-12T15:26:21.840674+00:00,21157.124339086,onboard_overhead_fish_dynamic,0,"[0.0,0.0,0.0,0.0]",0,0,0,0,,,,,,,,,,,,,,,,,,,,,,,,,,,,1,0.001115,453,1786548381.797158241,finsrov_stereo_left_optical,"[-0.07288952572820284,-0.14978378261922454,0.4990276221750859]","[0.0,0.0,0.0,1.0]","[0.0025,0.0025,0.0025,1000000.0,1000000.0,1000000.0]",0.000950,678,1,"[16,17]","[0.407014,0.975376,0.15567]","[{""tag_id"":16,""target_match"":true,""family"":""tag25h9"",""hamming"":0,""decision_margin"":144.646011,""pixel_xy"":[830.617447,654.811607],""world_xy_yaw"":[0.269837,0.56593,0.205184],""pnp_valid"":true,""pnp_camera_xyz"":[0.356292,0.736817,1.308686],""pnp_camera_quat_xyzw"":[-0.103262,-0.006363,0.101184,0.989474],""pnp_camera_rpy_deg"":[-11.867222,0.475834,11.628098],""pnp_reprojection_error_px"":0.077418},{""tag_id"":17,""target_match"":true,""family"":""tag25h9"",""hamming"":0,""decision_margin"":159.074585,""pixel_xy"":[912.270316,319.19965],""world_xy_yaw"":[0.407014,0.975376,0.15567],""pnp_valid"":true,""pnp_camera_xyz"":[0.602069,-0.0775,1.42331],""pnp_camera_quat_xyzw"":[-0.129282,-0.155359,0.03965,0.978559],""pnp_camera_rpy_deg"":[-16.11646,-17.085832,7.077216],""pnp_reprojection_error_px"":0.117481}]",1,0.117481,159.074585,92.457639,,0,,0,,
2026-08-12T15:26:21.890768+00:00,21157.174434671,onboard_overhead_fish_dynamic,0,"[0.0,0.0,0.0,0.0]",0,0,0,0,,,,,,,,,,,,,,,,,,,,,,,,,,,,1,0.001121,454,1786548381.847271919,finsrov_stereo_left_optical,"[-0.07719626627145537,-0.18755386248462014,0.5002067279853958]","[0.0,0.0,0.0,1.0]","[0.0025,0.0025,0.0025,1000000.0,1000000.0,1000000.0]",0.000569,680,1,"[16,17]","[0.409628,0.976374,0.142068]","[{""tag_id"":16,""target_match"":true,""family"":""tag25h9"",""hamming"":0,""decision_margin"":145.031631,""pixel_xy"":[831.466833,655.398626],""world_xy_yaw"":[0.271264,0.565214,0.218186],""pnp_valid"":true,""pnp_camera_xyz"":[0.35753,0.735196,1.304384],""pnp_camera_quat_xyzw"":[-0.085779,-0.015788,0.109237,0.990182],""pnp_camera_rpy_deg"":[-9.981818,-0.71765,12.653528],""pnp_reprojection_error_px"":0.241573},{""tag_id"":17,""target_match"":true,""family"":""tag25h9"",""hamming"":0,""decision_margin"":158.53688,""pixel_xy"":[913.826443,318.381551],""world_xy_yaw"":[0.409628,0.976374,0.142068],""pnp_valid"":true,""pnp_camera_xyz"":[0.609701,-0.079896,1.431932],""pnp_camera_quat_xyzw"":[-0.130704,-0.155796,0.034463,0.978497],""pnp_camera_rpy_deg"":[-16.201639,-17.210523,6.502163],""pnp_reprojection_error_px"":0.043036}]",1,0.043036,158.53688,92.341719,,0,,0,,
2026-08-12T15:26:21.940884+00:00,21157.224549158,onboard_overhead_fish_dynamic,0,"[0.0,0.0,0.0,0.0]",0,0,0,0,,,,,,,,,,,,,,,,,,,,,,,,,,,,1,0.001193,455,1786548381.897146225,finsrov_stereo_left_optical,"[-0.07399240791242023,-0.22673601591513415,0.5022171379260688]","[0.0,0.0,0.0,1.0]","[0.0025,0.0025,0.0025,1000000.0,1000000.0,1000000.0]",0.001000,681,1,"[16,17]","[0.411012,0.976794,0.135874]","[{""tag_id"":16,""target_match"":true,""family"":""tag25h9"",""hamming"":0,""decision_margin"":146.986359,""pixel_xy"":[831.937404,655.436356],""world_xy_yaw"":[0.272055,0.565168,0.225992],""pnp_valid"":true,""pnp_camera_xyz"":[0.360771,0.739817,1.31248],""pnp_camera_quat_xyzw"":[-0.094275,-0.014932,0.113384,0.988956],""pnp_camera_rpy_deg"":[-10.944618,-0.467256,13.125542],""pnp_reprojection_error_px"":0.216812},{""tag_id"":17,""target_match"":true,""family"":""tag25h9"",""hamming"":0,""decision_margin"":156.39122,""pixel_xy"":[914.649998,318.038034],""world_xy_yaw"":[0.411012,0.976794,0.135874],""pnp_valid"":true,""pnp_camera_xyz"":[0.615745,-0.081448,1.441164],""pnp_camera_quat_xyzw"":[-0.127719,-0.153736,0.033182,0.979261],""pnp_camera_rpy_deg"":[-15.798826,-17.014871,6.259465],""pnp_reprojection_error_px"":0.053397}]",1,0.053397,156.39122,92.03823,,0,,0,,
2026-08-12T15:26:21.990816+00:00,21157.274477734,onboard_overhead_fish_dynamic,0,"[0.0,0.0,0.0,0.0]",0,0,0,0,,,,,,,,,,,,,,,,,,,,,,,,,,,,1,0.001230,456,1786548381.947220564,finsrov_stereo_left_optical,"[-0.06722495226248615,-0.2121703206576251,0.5115786012996248]","[0.0,0.0,0.0,1.0]","[0.0025,0.0025,0.0025,1000000.0,1000000.0,1000000.0]",0.001063,682,1,"[16,17]","[0.412373,0.977253,0.130655]","[{""tag_id"":16,""target_match"":true,""family"":""tag25h9"",""hamming"":0,""decision_margin"":146.972519,""pixel_xy"":[832.504099,655.273984],""world_xy_yaw"":[0.273007,0.565366,0.235117],""pnp_valid"":true,""pnp_camera_xyz"":[0.365174,0.74642,1.324387],""pnp_camera_quat_xyzw"":[-0.111028,-0.008638,0.116507,0.986927],""pnp_camera_rpy_deg"":[-12.777978,0.505373,13.408715],""pnp_reprojection_error_px"":0.070404},{""tag_id"":17,""target_match"":true,""family"":""tag25h9"",""hamming"":0,""decision_margin"":156.198273,""pixel_xy"":[915.460185,317.661241],""world_xy_yaw"":[0.412373,0.977253,0.130655],""pnp_valid"":true,""pnp_camera_xyz"":[0.619385,-0.082771,1.444956],""pnp_camera_quat_xyzw"":[-0.126602,-0.15636,0.031696,0.97904],""pnp_camera_rpy_deg"":[-15.669714,-17.345861,6.113393],""pnp_reprojection_error_px"":0.09261}]",1,0.09261,156.198273,92.939197,,0,,0,,
2026-08-12T15:26:22.040717+00:00,21157.324380816,onboard_overhead_fish_dynamic,0,"[0.0,0.0,0.0,0.0]",0,0,0,0,,,,,,,,,,,,,,,,,,,,,,,,,,,,1,0.001117,457,1786548381.997169733,finsrov_stereo_left_optical,"[-0.047845724386827215,-0.14799152473813915,0.5260658867859948]","[0.0,0.0,0.0,1.0]","[0.0025,0.0025,0.0025,1000000.0,1000000.0,1000000.0]",0.000583,684,1,"[16,17]","[0.41496,0.978449,0.121266]","[{""tag_id"":16,""target_match"":true,""family"":""tag25h9"",""hamming"":0,""decision_margin"":147.43074,""pixel_xy"":[833.590366,655.158434],""world_xy_yaw"":[0.274832,0.565507,0.24092],""pnp_valid"":true,""pnp_camera_xyz"":[0.369424,0.750079,1.330502],""pnp_camera_quat_xyzw"":[-0.112372,-0.003899,0.117616,0.986673],""pnp_camera_rpy_deg"":[-12.867972,1.073784,13.474576],""pnp_reprojection_error_px"":0.121489},{""tag_id"":17,""target_match"":true,""family"":""tag25h9"",""hamming"":0,""decision_margin"":154.827545,""pixel_xy"":[916.99991,316.681537],""world_xy_yaw"":[0.41496,0.978449,0.121266],""pnp_valid"":true,""pnp_camera_xyz"":[0.622886,-0.085021,1.443471],""pnp_camera_quat_xyzw"":[-0.128619,-0.156017,0.0265,0.978986],""pnp_camera_rpy_deg"":[-15.815493,-17.37712,5.53309],""pnp_reprojection_error_px"":0.004031}]",1,0.004031,154.827545,92.99767,,0,,0,,
2026-08-12T15:26:22.090698+00:00,21157.374363799,onboard_overhead_fish_dynamic,0,"[0.0,0.0,0.0,0.0]",0,0,0,0,,,,,,,,,,,,,,,,,,,,,,,,,,,,1,0.001159,458,1786548382.047213554,finsrov_stereo_left_optical,"[-0.05019595646239361,-0.16568371188637399,0.5248313806503218]","[0.0,0.0,0.0,1.0]","[0.0025,0.0025,0.0025,1000000.0,1000000.0,1000000.0]",0.000567,686,1,"[16,17]","[0.417116,0.979414,0.111506]","[{""tag_id"":16,""target_match"":true,""family"":""tag25h9"",""hamming"":0,""decision_margin"":149.559113,""pixel_xy"":[834.734025,655.59202],""world_xy_yaw"":[0.276753,0.564978,0.227779],""pnp_valid"":true,""pnp_camera_xyz"":[0.365983,0.738619,1.308504],""pnp_camera_quat_xyzw"":[-0.079892,-0.020019,0.120804,0.989254],""pnp_camera_rpy_deg"":[-9.377366,-1.163441,14.019975],""pnp_reprojection_error_px"":0.094027},{""tag_id"":17,""target_match"":true,""family"":""tag25h9"",""hamming"":0,""decision_margin"":155.246735,""pixel_xy"":[918.283607,315.889922],""world_xy_yaw"":[0.417116,0.979414,0.111506],""pnp_valid"":true,""pnp_camera_xyz"":[0.62399,-0.086938,1.438106],""pnp_camera_quat_xyzw"":[-0.124086,-0.155079,0.02224,0.979826],""pnp_camera_rpy_deg"":[-15.188631,-17.36042,4.932662],""pnp_reprojection_error_px"":0.045552}]",1,0.045552,155.246735,95.409853,,0,,0,,
2026-08-12T15:26:22.140197+00:00,21157.423869655,onboard_overhead_fish_dynamic,0,"[0.0,0.0,0.0,0.0]",0,0,0,0,,,,,,,,,,,,,,,,,,,,,,,,,,,,1,0.000682,459,1786548382.097191811,finsrov_stereo_left_optical,"[-0.05932875768082513,-0.23559839453777587,0.5139650973328602]","[0.0,0.0,0.0,1.0]","[0.0025,0.0025,0.0025,1000000.0,1000000.0,1000000.0]",0.000575,687,1,"[16,17]","[0.41808,0.979969,0.109299]","[{""tag_id"":16,""target_match"":true,""family"":""tag25h9"",""hamming"":0,""decision_margin"":148.358902,""pixel_xy"":[835.251137,655.889048],""world_xy_yaw"":[0.277622,0.564615,0.233916],""pnp_valid"":true,""pnp_camera_xyz"":[0.366793,0.738128,1.306637],""pnp_camera_quat_xyzw"":[-0.079005,-0.022649,0.124232,0.988844],""pnp_camera_rpy_deg"":[-9.318746,-1.441921,14.439058],""pnp_reprojection_error_px"":0.023715},{""tag_id"":17,""target_match"":true,""family"":""tag25h9"",""hamming"":0,""decision_margin"":156.517181,""pixel_xy"":[918.85723,315.434854],""world_xy_yaw"":[0.41808,0.979969,0.109299],""pnp_valid"":true,""pnp_camera_xyz"":[0.622079,-0.087506,1.429985],""pnp_camera_quat_xyzw"":[-0.124532,-0.155182,0.019823,0.979805],""pnp_camera_rpy_deg"":[-15.200336,-17.407048,4.658411],""pnp_reprojection_error_px"":0.065422}]",1,0.065422,156.517181,97.209742,,0,,0,,
2026-08-12T15:26:22.192187+00:00,21157.475841519,onboard_overhead_fish_dynamic,0,"[0.0,0.0,0.0,0.0]",0,0,0,0,,,,,,,,,,,,,,,,,,,,,,,,,,,,1,0.002239,460,1786548382.147298813,finsrov_stereo_left_optical,"[-0.0516507938166717,-0.23030360442737308,0.5125702458108533]","[0.0,0.0,0.0,1.0]","[0.0025,0.0025,0.0025,1000000.0,1000000.0,1000000.0]",0.001222,689,1,"[16,17]","[0.420067,0.980883,0.101243]","[{""tag_id"":16,""target_match"":true,""family"":""tag25h9"",""hamming"":0,""decision_margin"":152.64711,""pixel_xy"":[836.288804,656.426413],""world_xy_yaw"":[0.279365,0.56396,0.254903],""pnp_valid"":true,""pnp_camera_xyz"":[0.37418,0.748623,1.323217],""pnp_camera_quat_xyzw"":[-0.099172,-0.015418,0.12814,0.986665],""pnp_camera_rpy_deg"":[-11.516652,-0.286957,14.828374],""pnp_reprojection_error_px"":0.088715},{""tag_id"":17,""target_match"":true,""family"":""tag25h9"",""hamming"":0,""decision_margin"":155.698212,""pixel_xy"":[920.040146,314.686038],""world_xy_yaw"":[0.420067,0.980883,0.101243],""pnp_valid"":true,""pnp_camera_xyz"":[0.623311,-0.089361,1.425658],""pnp_camera_quat_xyzw"":[-0.124422,-0.152127,0.01625,0.980363],""pnp_camera_rpy_deg"":[-15.095597,-17.111722,4.18329],""pnp_reprojection_error_px"":0.092484}]",1,0.092484,155.698212,96.965223,,0,,0,,
2026-08-12T15:26:22.241091+00:00,21157.524758357,onboard_overhead_fish_dynamic,0,"[0.0,0.0,0.0,0.0]",0,0,0,0,,,,,,,,,,,,,,,,,,,,,,,,,,,,1,0.001348,461,1786548382.197061062,finsrov_stereo_left_optical,"[-0.03117749701630146,-0.17478764734191077,0.5233893543640824]","[0.0,0.0,0.0,1.0]","[0.0025,0.0025,0.0025,1000000.0,1000000.0,1000000.0]",0.001161,690,1,"[16,17]","[0.420998,0.981365,0.096227]","[{""tag_id"":16,""target_match"":true,""family"":""tag25h9"",""hamming"":0,""decision_margin"":147.759186,""pixel_xy"":[836.828232,656.709349],""world_xy_yaw"":[0.280271,0.563615,0.252073],""pnp_valid"":true,""pnp_camera_xyz"":[0.375878,0.750113,1.324691],""pnp_camera_quat_xyzw"":[-0.097104,-0.017378,0.128169,0.986834],""pnp_camera_rpy_deg"":[-11.309881,-0.539023,14.853596],""pnp_reprojection_error_px"":0.087858},{""tag_id"":17,""target_match"":true,""family"":""tag25h9"",""hamming"":0,""decision_margin"":157.980865,""pixel_xy"":[920.594159,314.290976],""world_xy_yaw"":[0.420998,0.981365,0.096227],""pnp_valid"":true,""pnp_camera_xyz"":[0.625072,-0.090563,1.426537],""pnp_camera_quat_xyzw"":[-0.124754,-0.153756,0.014218,0.980099],""pnp_camera_rpy_deg"":[-15.114482,-17.328208,3.978514],""pnp_reprojection_error_px"":0.097782}]",1,0.097782,157.980865,97.165061,,0,,0,,
2026-08-12T15:26:22.290430+00:00,21157.574098373,onboard_overhead_fish_dynamic,0,"[0.0,0.0,0.0,0.0]",0,0,0,0,,,,,,,,,,,,,,,,,,,,,,,,,,,,1,0.000897,462,1786548382.247289419,finsrov_stereo_left_optical,"[-0.03127064939602375,-0.17678337988857917,0.5255528060542064]","[0.0,0.0,0.0,1.0]","[0.0025,0.0025,0.0025,1000000.0,1000000.0,1000000.0]",0.000768,691,1,"[16,17]","[0.421878,0.981969,0.091532]","[{""tag_id"":16,""target_match"":true,""family"":""tag25h9"",""hamming"":0,""decision_margin"":149.06929,""pixel_xy"":[837.239358,657.05267],""world_xy_yaw"":[0.280962,0.563196,0.248198],""pnp_valid"":true,""pnp_camera_xyz"":[0.375965,0.748884,1.321189],""pnp_camera_quat_xyzw"":[-0.090602,-0.021769,0.127828,0.987409],""pnp_camera_rpy_deg"":[-10.633386,-1.136107,14.858524],""pnp_reprojection_error_px"":0.134606},{""tag_id"":17,""target_match"":true,""family"":""tag25h9"",""hamming"":0,""decision_margin"":155.65567,""pixel_xy"":[921.117594,313.796021],""world_xy_yaw"":[0.421878,0.981969,0.091532],""pnp_valid"":true,""pnp_camera_xyz"":[0.628943,-0.092088,1.432038],""pnp_camera_quat_xyzw"":[-0.124214,-0.154985,0.010886,0.980016],""pnp_camera_rpy_deg"":[-15.001759,-17.521957,3.597777],""pnp_reprojection_error_px"":0.098174}]",1,0.098174,155.65567,97.114546,,0,,0,,
2026-08-12T15:26:22.340773+00:00,21157.624439683,onboard_overhead_fish_dynamic,0,"[0.0,0.0,0.0,0.0]",0,0,0,0,,,,,,,,,,,,,,,,,,,,,,,,,,,,1,0.001160,463,1786548382.296918869,finsrov_stereo_left_optical,"[-0.04351648080299697,-0.21059254801154748,0.5309089697837664]","[0.0,0.0,0.0,1.0]","[0.0025,0.0025,0.0025,1000000.0,1000000.0,1000000.0]",0.000614,693,1,"[16,17]","[0.4239,0.982995,0.080558]","[{""tag_id"":16,""target_match"":true,""family"":""tag25h9"",""hamming"":0,""decision_margin"":147.581573,""pixel_xy"":[837.933951,657.505795],""world_xy_yaw"":[0.282129,0.562643,0.237871],""pnp_valid"":true,""pnp_camera_xyz"":[0.376079,0.747465,1.316448],""pnp_camera_quat_xyzw"":[-0.083292,-0.023238,0.126203,0.988228],""pnp_camera_rpy_deg"":[-9.819323,-1.427088,14.677881],""pnp_reprojection_error_px"":0.041803},{""tag_id"":17,""target_match"":true,""family"":""tag25h9"",""hamming"":0,""decision_margin"":159.326218,""pixel_xy"":[922.321375,312.954771],""world_xy_yaw"":[0.4239,0.982995,0.080558],""pnp_valid"":true,""pnp_camera_xyz"":[0.639767,-0.095488,1.449571],""pnp_camera_quat_xyzw"":[-0.125336,-0.155712,0.006294,0.979798],""pnp_camera_rpy_deg"":[-15.059897,-17.671252,3.090375],""pnp_reprojection_error_px"":0.078585}]",1,0.078585,159.326218,96.505999,,0,,0,,
2026-08-12T15:26:22.391989+00:00,21157.675645168,onboard_overhead_fish_dynamic,0,"[0.0,0.0,0.0,0.0]",0,0,0,0,,,,,,,,,,,,,,,,,,,,,,,,,,,,1,0.002040,464,1786548382.347342253,finsrov_stereo_left_optical,"[-0.05202044629932501,-0.22897434487532975,0.5341252590898945]","[0.0,0.0,0.0,1.0]","[0.0025,0.0025,0.0025,1000000.0,1000000.0,1000000.0]",0.001112,695,1,"[16,17]","[0.42603,0.984066,0.072167]","[{""tag_id"":16,""target_match"":true,""family"":""tag25h9"",""hamming"":0,""decision_margin"":145.878937,""pixel_xy"":[838.345833,657.620684],""world_xy_yaw"":[0.282821,0.562503,0.239691],""pnp_valid"":true,""pnp_camera_xyz"":[0.378641,0.75169,1.322706],""pnp_camera_quat_xyzw"":[-0.090031,-0.010105,0.123061,0.988255],""pnp_camera_rpy_deg"":[-10.395036,0.125191,14.184846],""pnp_reprojection_error_px"":0.145911},{""tag_id"":17,""target_match"":true,""family"":""tag25h9"",""hamming"":0,""decision_margin"":158.099335,""pixel_xy"":[923.589427,312.077235],""world_xy_yaw"":[0.42603,0.984066,0.072167],""pnp_valid"":true,""pnp_camera_xyz"":[0.648638,-0.098552,1.462147],""pnp_camera_quat_xyzw"":[-0.126462,-0.155401,0.003426,0.979717],""pnp_camera_rpy_deg"":[-15.140639,-17.675875,2.768352],""pnp_reprojection_error_px"":0.030289}]",1,0.030289,158.099335,96.133147,,0,,0,,
2026-08-12T15:26:22.442186+00:00,21157.725840417,onboard_overhead_fish_dynamic,0,"[0.0,0.0,0.0,0.0]",0,0,0,0,,,,,,,,,,,,,,,,,,,,,,,,,,,,1,0.002226,465,1786548382.397091150,finsrov_stereo_left_optical,"[-0.05617332645259243,-0.22592852532635765,0.5448153618720404]","[0.0,0.0,0.0,1.0]","[0.0025,0.0025,0.0025,1000000.0,1000000.0,1000000.0]",0.001978,696,1,"[16,17]","[0.427171,0.984614,0.064624]","[{""tag_id"":16,""target_match"":true,""family"":""tag25h9"",""hamming"":0,""decision_margin"":147.921234,""pixel_xy"":[838.40854,657.663569],""world_xy_yaw"":[0.282926,0.56245,0.241387],""pnp_valid"":true,""pnp_camera_xyz"":[0.378472,0.751108,1.321459],""pnp_camera_quat_xyzw"":[-0.091119,-0.006568,0.121976,0.98832],""pnp_camera_rpy_deg"":[-10.469923,0.529788,14.0229],""pnp_reprojection_error_px"":0.142454},{""tag_id"":17,""target_match"":true,""family"":""tag25h9"",""hamming"":0,""decision_margin"":157.683548,""pixel_xy"":[924.268263,311.627487],""world_xy_yaw"":[0.427171,0.984614,0.064624],""pnp_valid"":true,""pnp_camera_xyz"":[0.649811,-0.099627,1.460825],""pnp_camera_quat_xyzw"":[-0.126728,-0.154934,0.000948,0.979762],""pnp_camera_rpy_deg"":[-15.124381,-17.65936,2.473682],""pnp_reprojection_error_px"":0.005243}]",1,0.005243,157.683548,96.766049,,0,,0,,
2026-08-12T15:26:22.490947+00:00,21157.774614890,onboard_overhead_fish_dynamic,0,"[0.0,0.0,0.0,0.0]",0,0,0,0,,,,,,,,,,,,,,,,,,,,,,,,,,,,1,0.001304,466,1786548382.447241783,finsrov_stereo_left_optical,"[-0.057794042294263104,-0.2249587452594909,0.5456711032888916]","[0.0,0.0,0.0,1.0]","[0.0025,0.0025,0.0025,1000000.0,1000000.0,1000000.0]",0.000076,698,1,"[16,17]","[0.429418,0.985665,0.056673]","[{""tag_id"":16,""target_match"":true,""family"":""tag25h9"",""hamming"":0,""decision_margin"":150.424911,""pixel_xy"":[838.398953,657.994138],""world_xy_yaw"":[0.28291,0.562047,0.228352],""pnp_valid"":true,""pnp_camera_xyz"":[0.375146,0.744378,1.308949],""pnp_camera_quat_xyzw"":[-0.077704,-0.015986,0.118188,0.989817],""pnp_camera_rpy_deg"":[-9.068708,-0.760845,13.678533],""pnp_reprojection_error_px"":0.057836},{""tag_id"":17,""target_match"":true,""family"":""tag25h9"",""hamming"":0,""decision_margin"":158.05072,""pixel_xy"":[925.60597,310.766034],""world_xy_yaw"":[0.429418,0.985665,0.056673],""pnp_valid"":true,""pnp_camera_xyz"":[0.650251,-0.101584,1.45374],""pnp_camera_quat_xyzw"":[-0.124858,-0.152314,-0.002563,0.98041],""pnp_camera_rpy_deg"":[-14.819157,-17.415538,1.98257],""pnp_reprojection_error_px"":0.044969}]",1,0.044969,158.05072,95.989321,,0,,0,,
2026-08-12T15:26:22.541165+00:00,21157.824827411,onboard_overhead_fish_dynamic,0,"[0.0,0.0,0.0,0.0]",0,0,0,0,,,,,,,,,,,,,,,,,,,,,,,,,,,,1,0.001292,467,1786548382.497031450,finsrov_stereo_left_optical,"[-0.0744287841222927,-0.2518299533311201,0.5388843026058471]","[0.0,0.0,0.0,1.0]","[0.0025,0.0025,0.0025,1000000.0,1000000.0,1000000.0]",0.001109,699,1,"[16,17]","[0.430573,0.986234,0.052248]","[{""tag_id"":16,""target_match"":true,""family"":""tag25h9"",""hamming"":0,""decision_margin"":149.386353,""pixel_xy"":[838.340104,658.146614],""world_xy_yaw"":[0.282811,0.561861,0.228512],""pnp_valid"":true,""pnp_camera_xyz"":[0.375353,0.744733,1.309157],""pnp_camera_quat_xyzw"":[-0.073495,-0.019805,0.11728,0.990178],""pnp_camera_rpy_deg"":[-8.64013,-1.259609,13.604797],""pnp_reprojection_error_px"":0.186344},{""tag_id"":17,""target_match"":true,""family"":""tag25h9"",""hamming"":0,""decision_margin"":157.608276,""pixel_xy"":[926.293583,310.299617],""world_xy_yaw"":[0.430573,0.986234,0.052248],""pnp_valid"":true,""pnp_camera_xyz"":[0.648971,-0.102346,1.446804],""pnp_camera_quat_xyzw"":[-0.12375,-0.151759,-0.004316,0.980631],""pnp_camera_rpy_deg"":[-14.651816,-17.379943,1.747071],""pnp_reprojection_error_px"":0.046993}]",1,0.046993,157.608276,96.651627,,0,,0,,
2026-08-12T15:26:22.591993+00:00,21157.875650772,onboard_overhead_fish_dynamic,0,"[0.0,0.0,0.0,0.0]",0,0,0,0,,,,,,,,,,,,,,,,,,,,,,,,,,,,1,0.002042,468,1786548382.547335863,finsrov_stereo_left_optical,"[-0.07623675792659768,-0.2508282155615644,0.5371903719072553]","[0.0,0.0,0.0,1.0]","[0.0025,0.0025,0.0025,1000000.0,1000000.0,1000000.0]",0.000186,701,1,"[16,17]","[0.432754,0.98738,0.042637]","[{""tag_id"":16,""target_match"":true,""family"":""tag25h9"",""hamming"":0,""decision_margin"":151.73204,""pixel_xy"":[838.593549,658.115868],""world_xy_yaw"":[0.283237,0.561899,0.219802],""pnp_valid"":true,""pnp_camera_xyz"":[0.376673,0.746579,1.312064],""pnp_camera_quat_xyzw"":[-0.070791,-0.022665,0.11537,0.990538],""pnp_camera_rpy_deg"":[-8.36808,-1.636966,13.406606],""pnp_reprojection_error_px"":0.107457},{""tag_id"":17,""target_match"":true,""family"":""tag25h9"",""hamming"":0,""decision_margin"":156.425751,""pixel_xy"":[927.591492,309.360406],""world_xy_yaw"":[0.432754,0.98738,0.042637],""pnp_valid"":true,""pnp_camera_xyz"":[0.649002,-0.104303,1.439186],""pnp_camera_quat_xyzw"":[-0.121625,-0.149244,-0.008225,0.981257],""pnp_camera_rpy_deg"":[-14.313671,-17.151225,1.209089],""pnp_reprojection_error_px"":0.05705}]",1,0.05705,156.425751,95.529744,,0,,0,,
2026-08-12T15:26:22.642297+00:00,21157.925952446,onboard_overhead_fish_dynamic,0,"[0.0,0.0,0.0,0.0]",0,0,0,0,,,,,,,,,,,,,,,,,,,,,,,,,,,,1,0.002253,469,1786548382.597049475,finsrov_stereo_left_optical,"[-0.07870206099674659,-0.24373909046733722,0.5379751687971468]","[0.0,0.0,0.0,1.0]","[0.0025,0.0025,0.0025,1000000.0,1000000.0,1000000.0]",0.001998,702,1,"[16,17]","[0.433767,0.987992,0.037257]","[{""tag_id"":16,""target_match"":true,""family"":""tag25h9"",""hamming"":0,""decision_margin"":151.358429,""pixel_xy"":[838.863613,657.972181],""world_xy_yaw"":[0.283691,0.562074,0.21559],""pnp_valid"":true,""pnp_camera_xyz"":[0.377933,0.748025,1.314962],""pnp_camera_quat_xyzw"":[-0.074456,-0.019332,0.11385,0.990515],""pnp_camera_rpy_deg"":[-8.739198,-1.222959,13.207109],""pnp_reprojection_error_px"":0.060806},{""tag_id"":17,""target_match"":true,""family"":""tag25h9"",""hamming"":0,""decision_margin"":153.737198,""pixel_xy"":[928.194396,308.858842],""world_xy_yaw"":[0.433767,0.987992,0.037257],""pnp_valid"":true,""pnp_camera_xyz"":[0.651288,-0.105683,1.440738],""pnp_camera_quat_xyzw"":[-0.121106,-0.147841,-0.01014,0.981516],""pnp_camera_rpy_deg"":[-14.210496,-17.018001,0.952984],""pnp_reprojection_error_px"":0.041805}]",1,0.041805,153.737198,95.932249,,0,,0,,
2026-08-12T15:26:22.690594+00:00,21157.974261356,onboard_overhead_fish_dynamic,0,"[0.0,0.0,0.0,0.0]",0,0,0,0,,,,,,,,,,,,,,,,,,,,,,,,,,,,1,0.001071,470,1786548382.647306442,finsrov_stereo_left_optical,"[-0.08009531721305518,-0.23659173650718623,0.541459471917207]","[0.0,0.0,0.0,1.0]","[0.0025,0.0025,0.0025,1000000.0,1000000.0,1000000.0]",0.000947,703,1,"[16,17]","[0.434713,0.988588,0.034022]","[{""tag_id"":16,""target_match"":true,""family"":""tag25h9"",""hamming"":0,""decision_margin"":150.521286,""pixel_xy"":[839.130781,657.791496],""world_xy_yaw"":[0.28414,0.562294,0.205952],""pnp_valid"":true,""pnp_camera_xyz"":[0.377617,0.746002,1.311961],""pnp_camera_quat_xyzw"":[-0.070204,-0.017676,0.109671,0.991328],""pnp_camera_rpy_deg"":[-8.226954,-1.125777,12.706961],""pnp_reprojection_error_px"":0.110673},{""tag_id"":17,""target_match"":true,""family"":""tag25h9"",""hamming"":0,""decision_margin"":159.968613,""pixel_xy"":[928.757818,308.370361],""world_xy_yaw"":[0.434713,0.988588,0.034022],""pnp_valid"":true,""pnp_camera_xyz"":[0.653827,-0.107169,1.443058],""pnp_camera_quat_xyzw"":[-0.12199,-0.148169,-0.011961,0.981337],""pnp_camera_rpy_deg"":[-14.286278,-17.081071,0.759764],""pnp_reprojection_error_px"":0.047044}]",1,0.047044,159.968613,96.250436,,0,,0,,
2026-08-12T15:26:22.741482+00:00,21158.025149624,onboard_overhead_fish_dynamic,0,"[0.0,0.0,0.0,0.0]",0,0,0,0,,,,,,,,,,,,,,,,,,,,,,,,,,,,1,0.001569,471,1786548382.697016478,finsrov_stereo_left_optical,"[-0.09882505108677597,-0.25609756832467845,0.5427380643705828]","[0.0,0.0,0.0,1.0]","[0.0025,0.0025,0.0025,1000000.0,1000000.0,1000000.0]",0.000664,705,1,"[16,17]","[0.43647,0.98976,0.020137]","[{""tag_id"":16,""target_match"":true,""family"":""tag25h9"",""hamming"":0,""decision_margin"":151.26059,""pixel_xy"":[839.68409,657.521983],""world_xy_yaw"":[0.285069,0.562623,0.193345],""pnp_valid"":true,""pnp_camera_xyz"":[0.379079,0.745349,1.312378],""pnp_camera_quat_xyzw"":[-0.067317,-0.010041,0.100757,0.99258],""pnp_camera_rpy_deg"":[-7.79681,-0.364827,11.617373],""pnp_reprojection_error_px"":0.03276},{""tag_id"":17,""target_match"":true,""family"":""tag25h9"",""hamming"":0,""decision_margin"":156.486725,""pixel_xy"":[929.803757,307.4097],""world_xy_yaw"":[0.43647,0.98976,0.020137],""pnp_valid"":true,""pnp_camera_xyz"":[0.663844,-0.110946,1.459189],""pnp_camera_quat_xyzw"":[-0.119983,-0.149703,-0.017092,0.981275],""pnp_camera_rpy_deg"":[-13.96396,-17.331586,0.142842],""pnp_reprojection_error_px"":0.02973}]",1,0.02973,156.486725,96.151566,,0,,0,,
2026-08-12T15:26:22.791713+00:00,21158.075382420,onboard_overhead_fish_dynamic,0,"[0.0,0.0,0.0,0.0]",0,0,0,0,,,,,,,,,,,,,,,,,,,,,,,,,,,,1,0.001756,472,1786548382.747300386,finsrov_stereo_left_optical,"[-0.11116777345949869,-0.2730106394406101,0.5444816239967217]","[0.0,0.0,0.0,1.0]","[0.0025,0.0025,0.0025,1000000.0,1000000.0,1000000.0]",0.001506,706,1,"[16,17]","[0.437224,0.990251,0.031482]","[{""tag_id"":16,""target_match"":true,""family"":""tag25h9"",""hamming"":0,""decision_margin"":151.928986,""pixel_xy"":[839.901722,657.411428],""world_xy_yaw"":[0.285435,0.562758,0.190683],""pnp_valid"":true,""pnp_camera_xyz"":[0.38031,0.745963,1.314357],""pnp_camera_quat_xyzw"":[-0.067971,-0.008219,0.097548,0.992873],""pnp_camera_rpy_deg"":[-7.849883,-0.175282,11.234417],""pnp_reprojection_error_px"":0.084561},{""tag_id"":17,""target_match"":true,""family"":""tag25h9"",""hamming"":0,""decision_margin"":155.997757,""pixel_xy"":[930.252364,307.007714],""world_xy_yaw"":[0.437224,0.990251,0.031482],""pnp_valid"":true,""pnp_camera_xyz"":[0.666633,-0.112393,1.462312],""pnp_camera_quat_xyzw"":[-0.123374,-0.153632,-0.016252,0.980261],""pnp_camera_rpy_deg"":[-14.403734,-17.770712,0.363792],""pnp_reprojection_error_px"":0.103745}]",1,0.103745,155.997757,96.490422,,0,,0,,
2026-08-12T15:26:22.841234+00:00,21158.124898059,onboard_overhead_fish_dynamic,0,"[0.0,0.0,0.0,0.0]",0,0,0,0,,,,,,,,,,,,,,,,,,,,,,,,,,,,1,0.001517,473,1786548382.797029734,finsrov_stereo_left_optical,"[-0.12322086864286308,-0.27092731075360077,0.5539144999067153]","[0.0,0.0,0.0,1.0]","[0.0025,0.0025,0.0025,1000000.0,1000000.0,1000000.0]",0.000813,708,1,"[16,17]","[0.438953,0.991382,0.026532]","[{""tag_id"":16,""target_match"":true,""family"":""tag25h9"",""hamming"":0,""decision_margin"":147.522705,""pixel_xy"":[840.437455,656.825084],""world_xy_yaw"":[0.286335,0.563473,0.188819],""pnp_valid"":true,""pnp_camera_xyz"":[0.383803,0.748934,1.322209],""pnp_camera_quat_xyzw"":[-0.080534,-0.004933,0.09548,0.992156],""pnp_camera_rpy_deg"":[-9.250331,0.320319,10.967989],""pnp_reprojection_error_px"":0.101038},{""tag_id"":17,""target_match"":true,""family"":""tag25h9"",""hamming"":0,""decision_margin"":158.103455,""pixel_xy"":[931.281813,306.080079],""world_xy_yaw"":[0.438953,0.991382,0.026532],""pnp_valid"":true,""pnp_camera_xyz"":[0.67673,-0.115988,1.478106],""pnp_camera_quat_xyzw"":[-0.121801,-0.156635,-0.020174,0.97991],""pnp_camera_rpy_deg"":[-14.157567,-18.173258,-0.0832],""pnp_reprojection_error_px"":0.127135}]",1,0.127135,158.103455,95.700856,,0,,0,,
2026-08-12T15:26:22.892024+00:00,21158.175680536,onboard_overhead_fish_dynamic,0,"[0.0,0.0,0.0,0.0]",0,0,0,0,,,,,,,,,,,,,,,,,,,,,,,,,,,,1,0.002056,474,1786548382.847359419,finsrov_stereo_left_optical,"[-0.12394147845205794,-0.2587054599372146,0.5588746595038986]","[0.0,0.0,0.0,1.0]","[0.0025,0.0025,0.0025,1000000.0,1000000.0,1000000.0]",0.001809,709,1,"[16,17]","[0.440187,0.991906,0.011349]","[{""tag_id"":16,""target_match"":true,""family"":""tag25h9"",""hamming"":0,""decision_margin"":149.234863,""pixel_xy"":[840.60096,656.361032],""world_xy_yaw"":[0.28661,0.56404,0.189246],""pnp_valid"":true,""pnp_camera_xyz"":[0.384145,0.747754,1.321736],""pnp_camera_quat_xyzw"":[-0.082562,-0.007617,0.095503,0.99197],""pnp_camera_rpy_deg"":[-9.511886,0.037714,10.995392],""pnp_reprojection_error_px"":0.033286},{""tag_id"":17,""target_match"":true,""family"":""tag25h9"",""hamming"":0,""decision_margin"":161.401398,""pixel_xy"":[932.015877,305.650732],""world_xy_yaw"":[0.440187,0.991906,0.011349],""pnp_valid"":true,""pnp_camera_xyz"":[0.680936,-0.117631,1.483525],""pnp_camera_quat_xyzw"":[-0.119392,-0.156372,-0.02285,0.980189],""pnp_camera_rpy_deg"":[-13.817459,-18.180113,-0.449641],""pnp_reprojection_error_px"":0.040284}]",1,0.040284,161.401398,95.296567,,0,,0,,
2026-08-12T15:26:22.941245+00:00,21158.224907582,onboard_overhead_fish_dynamic,0,"[0.0,0.0,0.0,0.0]",0,0,0,0,,,,,,,,,,,,,,,,,,,,,,,,,,,,1,0.001491,475,1786548382.896981716,finsrov_stereo_left_optical,"[-0.13097689390712886,-0.253239296523428,0.5620822394884606]","[0.0,0.0,0.0,1.0]","[0.0025,0.0025,0.0025,1000000.0,1000000.0,1000000.0]",0.000806,711,1,"[16,17]","[0.442486,0.99316,0.001159]","[{""tag_id"":16,""target_match"":true,""family"":""tag25h9"",""hamming"":0,""decision_margin"":146.796387,""pixel_xy"":[840.971549,655.494625],""world_xy_yaw"":[0.287232,0.565097,0.179053],""pnp_valid"":true,""pnp_camera_xyz"":[0.383256,0.742519,1.316144],""pnp_camera_quat_xyzw"":[-0.083363,-0.012164,0.09418,0.991984],""pnp_camera_rpy_deg"":[-9.653358,-0.48308,10.887728],""pnp_reprojection_error_px"":0.03891},{""tag_id"":17,""target_match"":true,""family"":""tag25h9"",""hamming"":0,""decision_margin"":157.918976,""pixel_xy"":[933.384265,304.622637],""world_xy_yaw"":[0.442486,0.99316,0.001159],""pnp_valid"":true,""pnp_camera_xyz"":[0.682621,-0.119889,1.479032],""pnp_camera_quat_xyzw"":[-0.118954,-0.154222,-0.027014,0.980477],""pnp_camera_rpy_deg"":[-13.67961,-17.989941,-0.98091],""pnp_reprojection_error_px"":0.029083}]",1,0.029083,157.918976,96.092513,,0,,0,,
2026-08-12T15:26:22.992028+00:00,21158.275684889,onboard_overhead_fish_dynamic,0,"[0.0,0.0,0.0,0.0]",0,0,0,0,,,,,,,,,,,,,,,,,,,,,,,,,,,,1,0.002043,476,1786548382.947380781,finsrov_stereo_left_optical,"[-0.13632410508125148,-0.257488203487798,0.5594237466352079]","[0.0,0.0,0.0,1.0]","[0.0025,0.0025,0.0025,1000000.0,1000000.0,1000000.0]",0.001108,713,1,"[16,17]","[0.445008,0.994229,-0.001782]","[{""tag_id"":16,""target_match"":true,""family"":""tag25h9"",""hamming"":0,""decision_margin"":146.280228,""pixel_xy"":[840.977573,654.597534],""world_xy_yaw"":[0.287242,0.566191,0.169316],""pnp_valid"":true,""pnp_camera_xyz"":[0.381178,0.736288,1.308566],""pnp_camera_quat_xyzw"":[-0.082834,-0.015605,0.089402,0.992422],""pnp_camera_rpy_deg"":[-9.626548,-0.926112,10.373109],""pnp_reprojection_error_px"":0.084369},{""tag_id"":17,""target_match"":true,""family"":""tag25h9"",""hamming"":0,""decision_margin"":155.723755,""pixel_xy"":[934.886006,303.747019],""world_xy_yaw"":[0.445008,0.994229,-0.001782],""pnp_valid"":true,""pnp_camera_xyz"":[0.684178,-0.121972,1.473464],""pnp_camera_quat_xyzw"":[-0.121046,-0.14651,-0.028873,0.981351],""pnp_camera_rpy_deg"":[-13.871966,-17.13028,-1.271154],""pnp_reprojection_error_px"":0.0694}]",1,0.0694,155.723755,96.127851,,0,,0,,
2026-08-12T15:26:23.042198+00:00,21158.325852813,onboard_overhead_fish_dynamic,0,"[0.0,0.0,0.0,0.0]",0,0,0,0,,,,,,,,,,,,,,,,,,,,,,,,,,,,1,0.002188,477,1786548382.997006655,finsrov_stereo_left_optical,"[-0.15106590444353307,-0.2594407810165027,0.554878130495418]","[0.0,0.0,0.0,1.0]","[0.0025,0.0025,0.0025,1000000.0,1000000.0,1000000.0]",0.001938,714,1,"[16,17]","[0.44629,0.994674,-0.006036]","[{""tag_id"":16,""target_match"":true,""family"":""tag25h9"",""hamming"":0,""decision_margin"":147.861435,""pixel_xy"":[840.926471,654.223402],""world_xy_yaw"":[0.287156,0.566647,0.167247],""pnp_valid"":true,""pnp_camera_xyz"":[0.380531,0.734271,1.306573],""pnp_camera_quat_xyzw"":[-0.082532,-0.016167,0.088002,0.992564],""pnp_camera_rpy_deg"":[-9.596422,-1.006569,10.217854],""pnp_reprojection_error_px"":0.095846},{""tag_id"":17,""target_match"":true,""family"":""tag25h9"",""hamming"":0,""decision_margin"":157.021515,""pixel_xy"":[935.648673,303.381698],""world_xy_yaw"":[0.44629,0.994674,-0.006036],""pnp_valid"":true,""pnp_camera_xyz"":[0.681634,-0.122242,1.463476],""pnp_camera_quat_xyzw"":[-0.118203,-0.146536,-0.03126,0.98162],""pnp_camera_rpy_deg"":[-13.490722,-17.162067,-1.602972],""pnp_reprojection_error_px"":0.110606}]",1,0.110606,157.021515,96.832581,,0,,0,,
2026-08-12T15:26:23.090542+00:00,21158.374211435,onboard_overhead_fish_dynamic,0,"[0.0,0.0,0.0,0.0]",0,0,0,0,,,,,,,,,,,,,,,,,,,,,,,,,,,,1,0.000901,478,1786548383.047249794,finsrov_stereo_left_optical,"[-0.15220388812946706,-0.2522298807437757,0.5510027590258622]","[0.0,0.0,0.0,1.0]","[0.0025,0.0025,0.0025,1000000.0,1000000.0,1000000.0]",0.000768,715,1,"[16,17]","[0.447622,0.99525,-0.022147]","[{""tag_id"":16,""target_match"":true,""family"":""tag25h9"",""hamming"":0,""decision_margin"":147.987213,""pixel_xy"":[840.868341,653.93795],""world_xy_yaw"":[0.287059,0.566996,0.164539],""pnp_valid"":true,""pnp_camera_xyz"":[0.379932,0.732457,1.304946],""pnp_camera_quat_xyzw"":[-0.083255,-0.019521,0.088203,0.992425],""pnp_camera_rpy_deg"":[-9.714655,-1.378678,10.274995],""pnp_reprojection_error_px"":0.04668},{""tag_id"":17,""target_match"":true,""family"":""tag25h9"",""hamming"":0,""decision_margin"":151.0121,""pixel_xy"":[936.441428,302.909779],""world_xy_yaw"":[0.447622,0.99525,-0.022147],""pnp_valid"":true,""pnp_camera_xyz"":[0.684284,-0.12369,1.465093],""pnp_camera_quat_xyzw"":[-0.11735,-0.144296,-0.034857,0.981933],""pnp_camera_rpy_deg"":[-13.321289,-16.951281,-2.072256],""pnp_reprojection_error_px"":0.081731}]",1,0.081731,151.0121,96.619326,,0,,0,,
2026-08-12T15:26:23.141171+00:00,21158.424834861,onboard_overhead_fish_dynamic,0,"[0.0,0.0,0.0,0.0]",0,0,0,0,,,,,,,,,,,,,,,,,,,,,,,,,,,,1,0.001520,479,1786548383.096985817,finsrov_stereo_left_optical,"[-0.15311991240098843,-0.2369738833869165,0.5535159838540675]","[0.0,0.0,0.0,1.0]","[0.0025,0.0025,0.0025,1000000.0,1000000.0,1000000.0]",0.000811,717,1,"[16,17]","[0.449798,0.996434,-0.030354]","[{""tag_id"":16,""target_match"":true,""family"":""tag25h9"",""hamming"":0,""decision_margin"":146.831345,""pixel_xy"":[840.627731,653.376276],""world_xy_yaw"":[0.286655,0.567681,0.167235],""pnp_valid"":true,""pnp_camera_xyz"":[0.380651,0.733038,1.308911],""pnp_camera_quat_xyzw"":[-0.08707,-0.025408,0.090454,0.991762],""pnp_camera_rpy_deg"":[-10.21886,-1.985448,10.600109],""pnp_reprojection_error_px"":0.149224},{""tag_id"":17,""target_match"":true,""family"":""tag25h9"",""hamming"":0,""decision_margin"":157.245636,""pixel_xy"":[937.73675,301.939082],""world_xy_yaw"":[0.449798,0.996434,-0.030354],""pnp_valid"":true,""pnp_camera_xyz"":[0.688177,-0.126406,1.466159],""pnp_camera_quat_xyzw"":[-0.116392,-0.145981,-0.037703,0.981693],""pnp_camera_rpy_deg"":[-13.160245,-17.181107,-2.402136],""pnp_reprojection_error_px"":0.095222}]",1,0.095222,157.245636,97.184891,,0,,0,,
2026-08-12T15:26:23.190851+00:00,21158.474515166,onboard_overhead_fish_dynamic,0,"[0.0,0.0,0.0,0.0]",0,0,0,0,,,,,,,,,,,,,,,,,,,,,,,,,,,,1,0.001211,480,1786548383.147399902,finsrov_stereo_left_optical,"[-0.15726277693114998,-0.2390650081091975,0.5571383497170371]","[0.0,0.0,0.0,1.0]","[0.0025,0.0025,0.0025,1000000.0,1000000.0,1000000.0]",0.001049,718,1,"[16,17]","[0.450624,0.997158,-0.025454]","[{""tag_id"":16,""target_match"":true,""family"":""tag25h9"",""hamming"":0,""decision_margin"":145.871124,""pixel_xy"":[840.566394,653.02486],""world_xy_yaw"":[0.286552,0.56811,0.163521],""pnp_valid"":true,""pnp_camera_xyz"":[0.381073,0.733662,1.311338],""pnp_camera_quat_xyzw"":[-0.088937,-0.027857,0.090919,0.991488],""pnp_camera_rpy_deg"":[-10.460872,-2.239013,10.683654],""pnp_reprojection_error_px"":0.076169},{""tag_id"":17,""target_match"":true,""family"":""tag25h9"",""hamming"":0,""decision_margin"":158.87941,""pixel_xy"":[938.228463,301.345543],""world_xy_yaw"":[0.450624,0.997158,-0.025454],""pnp_valid"":true,""pnp_camera_xyz"":[0.68911,-0.127792,1.465106],""pnp_camera_quat_xyzw"":[-0.119226,-0.148319,-0.037689,0.981003],""pnp_camera_rpy_deg"":[-13.503021,-17.45699,-2.317719],""pnp_reprojection_error_px"":0.044101}]",1,0.044101,158.87941,98.609839,,0,,0,,
2026-08-12T15:26:23.241500+00:00,21158.525171241,onboard_overhead_fish_dynamic,0,"[0.0,0.0,0.0,0.0]",0,0,0,0,,,,,,,,,,,,,,,,,,,,,,,,,,,,1,0.001616,481,1786548383.197232485,finsrov_stereo_left_optical,"[-0.15778146741888233,-0.214882679167254,0.5672898168380126]","[0.0,0.0,0.0,1.0]","[0.0025,0.0025,0.0025,1000000.0,1000000.0,1000000.0]",0.000811,720,1,"[16,17]","[0.452276,0.998524,-0.03734]","[{""tag_id"":16,""target_match"":true,""family"":""tag25h9"",""hamming"":0,""decision_margin"":146.192978,""pixel_xy"":[840.461219,652.506322],""world_xy_yaw"":[0.286375,0.568742,0.161451],""pnp_valid"":true,""pnp_camera_xyz"":[0.383694,0.738449,1.321958],""pnp_camera_quat_xyzw"":[-0.101022,-0.021527,0.088678,0.99069],""pnp_camera_rpy_deg"":[-11.773534,-1.417396,10.376111],""pnp_reprojection_error_px"":0.044469},{""tag_id"":17,""target_match"":true,""family"":""tag25h9"",""hamming"":0,""decision_margin"":156.724213,""pixel_xy"":[939.211793,300.226238],""world_xy_yaw"":[0.452276,0.998524,-0.03734],""pnp_valid"":true,""pnp_camera_xyz"":[0.696278,-0.131527,1.474825],""pnp_camera_quat_xyzw"":[-0.120691,-0.148228,-0.042005,0.980662],""pnp_camera_rpy_deg"":[-13.600839,-17.509429,-2.801144],""pnp_reprojection_error_px"":0.032206}]",1,0.032206,156.724213,97.674954,,0,,0,,
2026-08-12T15:26:23.290544+00:00,21158.574212764,onboard_overhead_fish_dynamic,0,"[0.0,0.0,0.0,0.0]",0,0,0,0,,,,,,,,,,,,,,,,,,,,,,,,,,,,1,0.000991,482,1786548383.247354984,finsrov_stereo_left_optical,"[-0.16070586589376668,-0.2087448970004654,0.5704241675015974]","[0.0,0.0,0.0,1.0]","[0.0025,0.0025,0.0025,1000000.0,1000000.0,1000000.0]",0.000853,721,1,"[16,17]","[0.452962,0.999079,-0.02944]","[{""tag_id"":16,""target_match"":true,""family"":""tag25h9"",""hamming"":0,""decision_margin"":148.645493,""pixel_xy"":[840.329318,652.359608],""world_xy_yaw"":[0.286153,0.568921,0.16061],""pnp_valid"":true,""pnp_camera_xyz"":[0.384472,0.740204,1.325722],""pnp_camera_quat_xyzw"":[-0.104096,-0.015234,0.085419,0.990775],""pnp_camera_rpy_deg"":[-12.057331,-0.710646,9.930153],""pnp_reprojection_error_px"":0.038967},{""tag_id"":17,""target_match"":true,""family"":""tag25h9"",""hamming"":0,""decision_margin"":156.567368,""pixel_xy"":[939.620168,299.771589],""world_xy_yaw"":[0.452962,0.999079,-0.02944],""pnp_valid"":true,""pnp_camera_xyz"":[0.701423,-0.133514,1.482821],""pnp_camera_quat_xyzw"":[-0.123339,-0.14649,-0.042479,0.980573],""pnp_camera_rpy_deg"":[-13.906804,-17.32359,-2.83236],""pnp_reprojection_error_px"":0.083927}]",1,0.083927,156.567368,97.888799,,0,,0,,
2026-08-12T15:26:23.342195+00:00,21158.625849551,onboard_overhead_fish_dynamic,0,"[0.0,0.0,0.0,0.0]",0,0,0,0,,,,,,,,,,,,,,,,,,,,,,,,,,,,1,0.002233,483,1786548383.297119617,finsrov_stereo_left_optical,"[-0.17511356412413215,-0.22181273327885498,0.5782130075394095]","[0.0,0.0,0.0,1.0]","[0.0025,0.0025,0.0025,1000000.0,1000000.0,1000000.0]",0.001218,723,1,"[16,17]","[0.454837,1.000412,-0.04387]","[{""tag_id"":16,""target_match"":true,""family"":""tag25h9"",""hamming"":0,""decision_margin"":142.53273,""pixel_xy"":[839.875067,652.22749],""world_xy_yaw"":[0.28539,0.569082,0.158323],""pnp_valid"":true,""pnp_camera_xyz"":[0.382394,0.738123,1.322341],""pnp_camera_quat_xyzw"":[-0.10028,-0.009692,0.081983,0.991528],""pnp_camera_rpy_deg"":[-11.563329,-0.159084,9.469459],""pnp_reprojection_error_px"":0.049601},{""tag_id"":17,""target_match"":true,""family"":""tag25h9"",""hamming"":0,""decision_margin"":156.844162,""pixel_xy"":[940.736333,298.67849],""world_xy_yaw"":[0.454837,1.000412,-0.04387],""pnp_valid"":true,""pnp_camera_xyz"":[0.708692,-0.137257,1.491955],""pnp_camera_quat_xyzw"":[-0.121672,-0.143678,-0.046576,0.981011],""pnp_camera_rpy_deg"":[-13.632958,-17.051623,-3.383183],""pnp_reprojection_error_px"":0.040672}]",1,0.040672,156.844162,95.667533,,0,,0,,
2026-08-12T15:26:23.390407+00:00,21158.674075516,onboard_overhead_fish_dynamic,0,"[0.0,0.0,0.0,0.0]",0,0,0,0,,,,,,,,,,,,,,,,,,,,,,,,,,,,1,0.000891,484,1786548383.347079992,finsrov_stereo_left_optical,"[-0.18099645478947113,-0.23090375350567505,0.5789998520050647]","[0.0,0.0,0.0,1.0]","[0.0025,0.0025,0.0025,1000000.0,1000000.0,1000000.0]",0.000762,724,1,"[16,17]","[0.455864,1.001087,-0.05127]","[{""tag_id"":16,""target_match"":true,""family"":""tag25h9"",""hamming"":0,""decision_margin"":143.872116,""pixel_xy"":[839.528388,652.302711],""world_xy_yaw"":[0.284808,0.568991,0.158641],""pnp_valid"":true,""pnp_camera_xyz"":[0.380503,0.735969,1.318433],""pnp_camera_quat_xyzw"":[-0.096355,-0.010657,0.081982,0.991908],""pnp_camera_rpy_deg"":[-11.122153,-0.306112,9.479453],""pnp_reprojection_error_px"":0.020812},{""tag_id"":17,""target_match"":true,""family"":""tag25h9"",""hamming"":0,""decision_margin"":156.13559,""pixel_xy"":[941.347432,298.125052],""world_xy_yaw"":[0.455864,1.001087,-0.05127],""pnp_valid"":true,""pnp_camera_xyz"":[0.709844,-0.138731,1.490921],""pnp_camera_quat_xyzw"":[-0.118398,-0.144404,-0.049267,0.981174],""pnp_camera_rpy_deg"":[-13.195245,-17.15981,-3.749573],""pnp_reprojection_error_px"":0.028508}]",1,0.028508,156.13559,95.394654,,0,,0,,
2026-08-12T15:26:23.440172+00:00,21158.723842317,onboard_overhead_fish_dynamic,0,"[0.0,0.0,0.0,0.0]",0,0,0,0,,,,,,,,,,,,,,,,,,,,,,,,,,,,1,0.000787,485,1786548383.397041559,finsrov_stereo_left_optical,"[-0.18995342358991818,-0.24740945748804533,0.5791129072021787]","[0.0,0.0,0.0,1.0]","[0.0025,0.0025,0.0025,1000000.0,1000000.0,1000000.0]",0.000391,726,1,"[16,17]","[0.458055,1.002459,-0.0589]","[{""tag_id"":16,""target_match"":true,""family"":""tag25h9"",""hamming"":0,""decision_margin"":145.836884,""pixel_xy"":[838.910172,652.51571],""world_xy_yaw"":[0.283769,0.568731,0.150761],""pnp_valid"":true,""pnp_camera_xyz"":[0.377491,0.733815,1.313548],""pnp_camera_quat_xyzw"":[-0.091494,-0.010758,0.079615,0.99256],""pnp_camera_rpy_deg"":[-10.564585,-0.388949,9.207873],""pnp_reprojection_error_px"":0.045996},{""tag_id"":17,""target_match"":true,""family"":""tag25h9"",""hamming"":0,""decision_margin"":155.311768,""pixel_xy"":[942.651782,297.000681],""world_xy_yaw"":[0.458055,1.002459,-0.0589],""pnp_valid"":true,""pnp_camera_xyz"":[0.712224,-0.141611,1.488301],""pnp_camera_quat_xyzw"":[-0.114294,-0.146961,-0.053566,0.981056],""pnp_camera_rpy_deg"":[-12.628236,-17.493552,-4.299889],""pnp_reprojection_error_px"":0.064294}]",1,0.064294,155.311768,95.812978,,0,,0,,
2026-08-12T15:26:23.492176+00:00,21158.775828352,onboard_overhead_fish_dynamic,0,"[0.0,0.0,0.0,0.0]",0,0,0,0,,,,,,,,,,,,,,,,,,,,,,,,,,,,1,0.002234,486,1786548383.446960688,finsrov_stereo_left_optical,"[-0.19474918278217368,-0.25157381129471623,0.5779210239293747]","[0.0,0.0,0.0,1.0]","[0.0025,0.0025,0.0025,1000000.0,1000000.0,1000000.0]",0.001967,727,1,"[16,17]","[0.459203,1.003174,-0.062482]","[{""tag_id"":16,""target_match"":true,""family"":""tag25h9"",""hamming"":0,""decision_margin"":144.713654,""pixel_xy"":[838.557481,652.78701],""world_xy_yaw"":[0.283177,0.5684,0.15128],""pnp_valid"":true,""pnp_camera_xyz"":[0.376823,0.734635,1.314095],""pnp_camera_quat_xyzw"":[-0.094535,-0.009288,0.078957,0.992342],""pnp_camera_rpy_deg"":[-10.899711,-0.200863,9.117589],""pnp_reprojection_error_px"":0.06526},{""tag_id"":17,""target_match"":true,""family"":""tag25h9"",""hamming"":0,""decision_margin"":155.852417,""pixel_xy"":[943.335365,296.41453],""world_xy_yaw"":[0.459203,1.003174,-0.062482],""pnp_valid"":true,""pnp_camera_xyz"":[0.713781,-0.143032,1.487528],""pnp_camera_quat_xyzw"":[-0.11229,-0.147938,-0.055507,0.981032],""pnp_camera_rpy_deg"":[-12.35312,-17.62165,-4.554645],""pnp_reprojection_error_px"":0.090285}]",1,0.090285,155.852417,95.486967,,0,,0,,
2026-08-12T15:26:23.542209+00:00,21158.825863374,onboard_overhead_fish_dynamic,0,"[0.0,0.0,0.0,0.0]",0,0,0,0,,,,,,,,,,,,,,,,,,,,,,,,,,,,1,0.002238,487,1786548383.496988058,finsrov_stereo_left_optical,"[-0.20258165488096302,-0.24850908217785017,0.5809789275361765]","[0.0,0.0,0.0,1.0]","[0.0025,0.0025,0.0025,1000000.0,1000000.0,1000000.0]",0.001228,729,1,"[16,17]","[0.461684,1.004278,-0.070172]","[{""tag_id"":16,""target_match"":true,""family"":""tag25h9"",""hamming"":0,""decision_margin"":151.363052,""pixel_xy"":[837.864465,653.243147],""world_xy_yaw"":[0.282012,0.567843,0.15326],""pnp_valid"":true,""pnp_camera_xyz"":[0.374168,0.733642,1.30987],""pnp_camera_quat_xyzw"":[-0.094268,-0.012583,0.078563,0.992362],""pnp_camera_rpy_deg"":[-10.899233,-0.582196,9.108646],""pnp_reprojection_error_px"":0.08239},{""tag_id"":17,""target_match"":true,""family"":""tag25h9"",""hamming"":0,""decision_margin"":157.31073,""pixel_xy"":[944.812141,295.509889],""world_xy_yaw"":[0.461684,1.004278,-0.070172],""pnp_valid"":true,""pnp_camera_xyz"":[0.716606,-0.145332,1.485161],""pnp_camera_quat_xyzw"":[-0.112794,-0.147894,-0.058453,0.98081],""pnp_camera_rpy_deg"":[-12.35994,-17.655743,-4.894294],""pnp_reprojection_error_px"":0.06625}]",1,0.06625,157.31073,96.606189,,0,,0,,
2026-08-12T15:26:23.592246+00:00,21158.875899652,onboard_overhead_fish_dynamic,0,"[0.0,0.0,0.0,0.0]",0,0,0,0,,,,,,,,,,,,,,,,,,,,,,,,,,,,1,0.002232,488,1786548383.547045231,finsrov_stereo_left_optical,"[-0.20445379561861154,-0.24500024368386608,0.5830593159547017]","[0.0,0.0,0.0,1.0]","[0.0025,0.0025,0.0025,1000000.0,1000000.0,1000000.0]",0.001968,730,1,"[16,17]","[0.462944,1.00483,-0.072155]","[{""tag_id"":16,""target_match"":true,""family"":""tag25h9"",""hamming"":0,""decision_margin"":144.738342,""pixel_xy"":[837.531926,653.481494],""world_xy_yaw"":[0.281454,0.567553,0.153883],""pnp_valid"":true,""pnp_camera_xyz"":[0.372994,0.733242,1.308193],""pnp_camera_quat_xyzw"":[-0.090676,-0.016641,0.079637,0.992552],""pnp_camera_rpy_deg"":[-10.526116,-1.065246,9.272737],""pnp_reprojection_error_px"":0.118921},{""tag_id"":17,""target_match"":true,""family"":""tag25h9"",""hamming"":0,""decision_margin"":154.918396,""pixel_xy"":[945.561751,295.0577],""world_xy_yaw"":[0.462944,1.00483,-0.072155],""pnp_valid"":true,""pnp_camera_xyz"":[0.719212,-0.146672,1.486536],""pnp_camera_quat_xyzw"":[-0.115893,-0.147335,-0.058433,0.980534],""pnp_camera_rpy_deg"":[-12.731334,-17.606517,-4.841194],""pnp_reprojection_error_px"":0.025657}]",1,0.025657,154.918396,96.125912,,0,,0,,
2026-08-12T15:26:23.642271+00:00,21158.925926513,onboard_overhead_fish_dynamic,0,"[0.0,0.0,0.0,0.0]",0,0,0,0,,,,,,,,,,,,,,,,,,,,,,,,,,,,1,0.002229,489,1786548383.596910477,finsrov_stereo_left_optical,"[-0.21099413159068037,-0.2544107318489789,0.5864278556157302]","[0.0,0.0,0.0,1.0]","[0.0025,0.0025,0.0025,1000000.0,1000000.0,1000000.0]",0.001213,732,1,"[16,17]","[0.46522,1.005777,-0.076083]","[{""tag_id"":16,""target_match"":true,""family"":""tag25h9"",""hamming"":0,""decision_margin"":142.259232,""pixel_xy"":[837.094957,653.825979],""world_xy_yaw"":[0.28072,0.567132,0.144132],""pnp_valid"":true,""pnp_camera_xyz"":[0.372062,0.735013,1.309882],""pnp_camera_quat_xyzw"":[-0.09209,-0.020064,0.080459,0.992292],""pnp_camera_rpy_deg"":[-10.722225,-1.432472,9.405744],""pnp_reprojection_error_px"":0.056959},{""tag_id"":17,""target_match"":true,""family"":""tag25h9"",""hamming"":0,""decision_margin"":159.420731,""pixel_xy"":[946.916621,294.281161],""world_xy_yaw"":[0.46522,1.005777,-0.076083],""pnp_valid"":true,""pnp_camera_xyz"":[0.727042,-0.150064,1.495277],""pnp_camera_quat_xyzw"":[-0.118279,-0.146307,-0.060531,0.980276],""pnp_camera_rpy_deg"":[-12.979781,-17.52738,-5.057603],""pnp_reprojection_error_px"":0.105238}]",1,0.105238,159.420731,97.851598,,0,,0,,
2026-08-12T15:26:23.692168+00:00,21158.975822850,onboard_overhead_fish_dynamic,0,"[0.0,0.0,0.0,0.0]",0,0,0,0,,,,,,,,,,,,,,,,,,,,,,,,,,,,1,0.002226,490,1786548383.646913052,finsrov_stereo_left_optical,"[-0.21613175719474753,-0.25299559030191043,0.5928272747444968]","[0.0,0.0,0.0,1.0]","[0.0025,0.0025,0.0025,1000000.0,1000000.0,1000000.0]",0.001217,734,1,"[16,17]","[0.467193,1.006937,-0.083494]","[{""tag_id"":16,""target_match"":true,""family"":""tag25h9"",""hamming"":0,""decision_margin"":146.768143,""pixel_xy"":[836.556668,653.951665],""world_xy_yaw"":[0.279815,0.566979,0.153651],""pnp_valid"":true,""pnp_camera_xyz"":[0.37413,0.741549,1.321072],""pnp_camera_quat_xyzw"":[-0.103386,-0.014006,0.079689,0.991345],""pnp_camera_rpy_deg"":[-11.959991,-0.64696,9.259457],""pnp_reprojection_error_px"":0.04057},{""tag_id"":17,""target_match"":true,""family"":""tag25h9"",""hamming"":0,""decision_margin"":155.929382,""pixel_xy"":[948.091168,293.33004],""world_xy_yaw"":[0.467193,1.006937,-0.083494],""pnp_valid"":true,""pnp_camera_xyz"":[0.732847,-0.153285,1.500685],""pnp_camera_quat_xyzw"":[-0.120686,-0.148806,-0.064155,0.979375],""pnp_camera_rpy_deg"":[-13.198412,-17.876112,-5.410933],""pnp_reprojection_error_px"":0.122697}]",1,0.122697,155.929382,97.174503,,0,,0,,
2026-08-12T15:26:23.741392+00:00,21159.025052430,onboard_overhead_fish_dynamic,0,"[0.0,0.0,0.0,0.0]",0,0,0,0,,,,,,,,,,,,,,,,,,,,,,,,,,,,1,0.001613,491,1786548383.697077990,finsrov_stereo_left_optical,"[-0.21598974695457462,-0.22731545693619948,0.604793079612896]","[0.0,0.0,0.0,1.0]","[0.0025,0.0025,0.0025,1000000.0,1000000.0,1000000.0]",0.001412,735,1,"[16,17]","[0.467959,1.007652,-0.083427]","[{""tag_id"":16,""target_match"":true,""family"":""tag25h9"",""hamming"":0,""decision_margin"":145.519135,""pixel_xy"":[836.312353,653.950459],""world_xy_yaw"":[0.279405,0.56698,0.156649],""pnp_valid"":true,""pnp_camera_xyz"":[0.374607,0.743278,1.324341],""pnp_camera_quat_xyzw"":[-0.103761,-0.013374,0.07929,0.991347],""pnp_camera_rpy_deg"":[-11.996805,-0.576483,9.206358],""pnp_reprojection_error_px"":0.106422},{""tag_id"":17,""target_match"":true,""family"":""tag25h9"",""hamming"":0,""decision_margin"":157.62175,""pixel_xy"":[948.547016,292.744615],""world_xy_yaw"":[0.467959,1.007652,-0.083427],""pnp_valid"":true,""pnp_camera_xyz"":[0.735828,-0.155139,1.503868],""pnp_camera_quat_xyzw"":[-0.119931,-0.148724,-0.066042,0.979355],""pnp_camera_rpy_deg"":[-13.073478,-17.887462,-5.649439],""pnp_reprojection_error_px"":0.101839}]",1,0.101839,157.62175,98.317386,,0,,0,,
2026-08-12T15:26:23.790400+00:00,21159.074068888,onboard_overhead_fish_dynamic,0,"[0.0,0.0,0.0,0.0]",0,0,0,0,,,,,,,,,,,,,,,,,,,,,,,,,,,,1,0.000894,492,1786548383.746981382,finsrov_stereo_left_optical,"[-0.21834381525381608,-0.22605990502928952,0.6085651350476108]","[0.0,0.0,0.0,1.0]","[0.0025,0.0025,0.0025,1000000.0,1000000.0,1000000.0]",0.000765,736,1,"[15,16,17]","[0.468841,1.008514,-0.088986]","[{""tag_id"":15,""target_match"":true,""family"":""tag25h9"",""hamming"":0,""decision_margin"":103.366753,""pixel_xy"":[842.026089,592.462668],""world_xy_yaw"":[0.289004,0.641996,0.161125],""pnp_valid"":true,""pnp_camera_xyz"":[0.393216,0.600204,1.340192],""pnp_camera_quat_xyzw"":[-0.095064,-0.022784,0.082221,0.991808],""pnp_camera_rpy_deg"":[-11.092937,-1.69408,9.642464],""pnp_reprojection_error_px"":0.130635},{""tag_id"":16,""target_match"":true,""family"":""tag25h9"",""hamming"":0,""decision_margin"":147.002853,""pixel_xy"":[836.157063,653.906703],""world_xy_yaw"":[0.279144,0.567034,0.157358],""pnp_valid"":true,""pnp_camera_xyz"":[0.374804,0.744096,1.32636],""pnp_camera_quat_xyzw"":[-0.101481,-0.013521,0.079953,0.991527],""pnp_camera_rpy_deg"":[-11.736833,-0.606559,9.282607],""pnp_reprojection_error_px"":0.146353},{""tag_id"":17,""target_match"":true,""family"":""tag25h9"",""hamming"":0,""decision_margin"":158.175186,""pixel_xy"":[949.072131,292.037859],""world_xy_yaw"":[0.468841,1.008514,-0.088986],""pnp_valid"":true,""pnp_camera_xyz"":[0.736561,-0.156669,1.50242],""pnp_camera_quat_xyzw"":[-0.12043,-0.147131,-0.067268,0.979451],""pnp_camera_rpy_deg"":[-13.113762,-17.723161,-5.804443],""pnp_reprojection_error_px"":0.029731}]",1,0.029731,158.175186,97.323742,,0,,0,,
2026-08-12T15:26:23.842350+00:00,21159.125990313,onboard_overhead_fish_dynamic,0,"[0.0,0.0,0.0,0.0]",0,0,0,0,,,,,,,,,,,,,,,,,,,,,,,,,,,,1,0.002275,493,1786548383.797074318,finsrov_stereo_left_optical,"[-0.2141516967213909,-0.21578891092165098,0.6125548104015759]","[0.0,0.0,0.0,1.0]","[0.0025,0.0025,0.0025,1000000.0,1000000.0,1000000.0]",0.001262,738,1,"[16,17]","[0.470468,1.010165,-0.09924]","[{""tag_id"":16,""target_match"":true,""family"":""tag25h9"",""hamming"":0,""decision_margin"":147.478134,""pixel_xy"":[835.994531,653.446593],""world_xy_yaw"":[0.278871,0.567595,0.151598],""pnp_valid"":true,""pnp_camera_xyz"":[0.37391,0.74263,1.325546],""pnp_camera_quat_xyzw"":[-0.104492,-0.017134,0.081381,0.991042],""pnp_camera_rpy_deg"":[-12.118276,-0.97138,9.491936],""pnp_reprojection_error_px"":0.061918},{""tag_id"":17,""target_match"":true,""family"":""tag25h9"",""hamming"":0,""decision_margin"":155.802353,""pixel_xy"":[950.040559,290.684305],""world_xy_yaw"":[0.470468,1.010165,-0.09924],""pnp_valid"":true,""pnp_camera_xyz"":[0.73711,-0.159732,1.497895],""pnp_camera_quat_xyzw"":[-0.120111,-0.140765,-0.071567,0.980121],""pnp_camera_rpy_deg"":[-13.014049,-17.045188,-6.39405],""pnp_reprojection_error_px"":0.082364}]",1,0.082364,155.802353,97.280699,,0,,0,,
2026-08-12T15:26:23.890514+00:00,21159.174182944,onboard_overhead_fish_dynamic,0,"[0.0,0.0,0.0,0.0]",0,0,0,0,,,,,,,,,,,,,,,,,,,,,,,,,,,,1,0.000969,494,1786548383.846997976,finsrov_stereo_left_optical,"[-0.21712851297014246,-0.21443618385513352,0.612177044633188]","[0.0,0.0,0.0,1.0]","[0.0025,0.0025,0.0025,1000000.0,1000000.0,1000000.0]",0.000832,739,1,"[16,17]","[0.471409,1.010941,-0.101528]","[{""tag_id"":16,""target_match"":true,""family"":""tag25h9"",""hamming"":0,""decision_margin"":144.256882,""pixel_xy"":[835.959298,653.156092],""world_xy_yaw"":[0.278812,0.56795,0.146101],""pnp_valid"":true,""pnp_camera_xyz"":[0.371627,0.737985,1.318163],""pnp_camera_quat_xyzw"":[-0.101975,-0.022266,0.082104,0.991143],""pnp_camera_rpy_deg"":[-11.880847,-1.569622,9.634179],""pnp_reprojection_error_px"":0.065252},{""tag_id"":17,""target_match"":true,""family"":""tag25h9"",""hamming"":0,""decision_margin"":157.149017,""pixel_xy"":[950.600382,290.04865],""world_xy_yaw"":[0.471409,1.010941,-0.101528],""pnp_valid"":true,""pnp_camera_xyz"":[0.738356,-0.161401,1.497357],""pnp_camera_quat_xyzw"":[-0.12123,-0.136684,-0.071875,0.980538],""pnp_camera_rpy_deg"":[-13.153668,-16.587189,-6.459096],""pnp_reprojection_error_px"":0.078299}]",1,0.078299,157.149017,96.665223,,0,,0,,
2026-08-12T15:26:23.942054+00:00,21159.225708474,onboard_overhead_fish_dynamic,0,"[0.0,0.0,0.0,0.0]",0,0,0,0,,,,,,,,,,,,,,,,,,,,,,,,,,,,1,0.002195,495,1786548383.896884203,finsrov_stereo_left_optical,"[-0.22619515650308064,-0.23057231543311685,0.6110213941843755]","[0.0,0.0,0.0,1.0]","[0.0025,0.0025,0.0025,1000000.0,1000000.0,1000000.0]",0.001211,741,1,"[16,17]","[0.473446,1.012273,-0.111348]","[{""tag_id"":16,""target_match"":true,""family"":""tag25h9"",""hamming"":0,""decision_margin"":144.200333,""pixel_xy"":[835.801749,652.663791],""world_xy_yaw"":[0.278547,0.56855,0.150416],""pnp_valid"":true,""pnp_camera_xyz"":[0.370824,0.73592,1.31632],""pnp_camera_quat_xyzw"":[-0.104099,-0.019463,0.081556,0.991026],""pnp_camera_rpy_deg"":[-12.096167,-1.237543,9.540137],""pnp_reprojection_error_px"":0.079528},{""tag_id"":17,""target_match"":true,""family"":""tag25h9"",""hamming"":0,""decision_margin"":154.505295,""pixel_xy"":[951.813312,288.956945],""world_xy_yaw"":[0.473446,1.012273,-0.111348],""pnp_valid"":true,""pnp_camera_xyz"":[0.742151,-0.164792,1.498515],""pnp_camera_quat_xyzw"":[-0.120027,-0.134739,-0.075455,0.980686],""pnp_camera_rpy_deg"":[-12.956403,-16.402692,-6.924287],""pnp_reprojection_error_px"":0.028897}]",1,0.028897,154.505295,96.199633,,0,,0,,
2026-08-12T15:26:23.992234+00:00,21159.275889079,onboard_overhead_fish_dynamic,0,"[0.0,0.0,0.0,0.0]",0,0,0,0,,,,,,,,,,,,,,,,,,,,,,,,,,,,1,0.002214,496,1786548383.947124243,finsrov_stereo_left_optical,"[-0.22631519168212144,-0.22331453669543788,0.6138500198860708]","[0.0,0.0,0.0,1.0]","[0.0025,0.0025,0.0025,1000000.0,1000000.0,1000000.0]",0.001951,742,1,"[16,17]","[0.4744,1.012838,-0.110789]","[{""tag_id"":16,""target_match"":true,""family"":""tag25h9"",""hamming"":0,""decision_margin"":143.803543,""pixel_xy"":[835.712321,652.540665],""world_xy_yaw"":[0.278397,0.5687,0.152936],""pnp_valid"":true,""pnp_camera_xyz"":[0.371813,0.737699,1.320508],""pnp_camera_quat_xyzw"":[-0.108537,-0.016447,0.081229,0.990632],""pnp_camera_rpy_deg"":[-12.576097,-0.856811,9.469622],""pnp_reprojection_error_px"":0.021959},{""tag_id"":17,""target_match"":true,""family"":""tag25h9"",""hamming"":0,""decision_margin"":158.207108,""pixel_xy"":[952.38097,288.493766],""world_xy_yaw"":[0.4744,1.012838,-0.110789],""pnp_valid"":true,""pnp_camera_xyz"":[0.745884,-0.16669,1.502787],""pnp_camera_quat_xyzw"":[-0.120138,-0.13629,-0.07683,0.980351],""pnp_camera_rpy_deg"":[-12.940954,-16.599782,-7.066458],""pnp_reprojection_error_px"":0.083063}]",1,0.083063,158.207108,95.819485,,0,,0,,
2026-08-12T15:26:24.042294+00:00,21159.325947784,onboard_overhead_fish_dynamic,0,"[0.0,0.0,0.0,0.0]",0,0,0,0,,,,,,,,,,,,,,,,,,,,,,,,,,,,1,0.002238,497,1786548383.997001886,finsrov_stereo_left_optical,"[-0.2318066856753812,-0.2213298373929934,0.621367695087639]","[0.0,0.0,0.0,1.0]","[0.0025,0.0025,0.0025,1000000.0,1000000.0,1000000.0]",0.001219,744,1,"[16,17]","[0.476508,1.014007,-0.115361]","[{""tag_id"":16,""target_match"":true,""family"":""tag25h9"",""hamming"":0,""decision_margin"":145.323318,""pixel_xy"":[835.34186,652.3275],""world_xy_yaw"":[0.277774,0.56896,0.148928],""pnp_valid"":true,""pnp_camera_xyz"":[0.370246,0.735586,1.317939],""pnp_camera_quat_xyzw"":[-0.103879,-0.024524,0.082417,0.990866],""pnp_camera_rpy_deg"":[-12.122716,-1.803766,9.701068],""pnp_reprojection_error_px"":0.080764},{""tag_id"":17,""target_match"":true,""family"":""tag25h9"",""hamming"":0,""decision_margin"":156.657532,""pixel_xy"":[953.635903,287.53504],""world_xy_yaw"":[0.476508,1.014007,-0.115361],""pnp_valid"":true,""pnp_camera_xyz"":[0.75326,-0.170307,1.510639],""pnp_camera_quat_xyzw"":[-0.119138,-0.142453,-0.08004,0.97934],""pnp_camera_rpy_deg"":[-12.742933,-17.343041,-7.39329],""pnp_reprojection_error_px"":0.106949}]",1,0.106949,156.657532,95.161608,,0,,0,,
2026-08-12T15:26:24.090624+00:00,21159.374291773,onboard_overhead_fish_dynamic,0,"[0.0,0.0,0.0,0.0]",0,0,0,0,,,,,,,,,,,,,,,,,,,,,,,,,,,,1,0.001097,498,1786548384.047041178,finsrov_stereo_left_optical,"[-0.2378753752045205,-0.22905979728500858,0.6231022264445925]","[0.0,0.0,0.0,1.0]","[0.0025,0.0025,0.0025,1000000.0,1000000.0,1000000.0]",0.000937,745,1,"[16,17]","[0.477567,1.014654,-0.121282]","[{""tag_id"":16,""target_match"":true,""family"":""tag25h9"",""hamming"":0,""decision_margin"":147.070679,""pixel_xy"":[835.126852,652.192434],""world_xy_yaw"":[0.277413,0.569125,0.145335],""pnp_valid"":true,""pnp_camera_xyz"":[0.36974,0.735477,1.318123],""pnp_camera_quat_xyzw"":[-0.101078,-0.027486,0.082398,0.991079],""pnp_camera_rpy_deg"":[-11.831234,-2.16773,9.729921],""pnp_reprojection_error_px"":0.035077},{""tag_id"":17,""target_match"":true,""family"":""tag25h9"",""hamming"":0,""decision_margin"":155.212448,""pixel_xy"":[954.265908,287.005092],""world_xy_yaw"":[0.477567,1.014654,-0.121282],""pnp_valid"":true,""pnp_camera_xyz"":[0.756323,-0.17193,1.513215],""pnp_camera_quat_xyzw"":[-0.118021,-0.144747,-0.082546,0.978931],""pnp_camera_rpy_deg"":[-12.555352,-17.630587,-7.685076],""pnp_reprojection_error_px"":0.080975}]",1,0.080975,155.212448,95.82686,,0,,0,,
2026-08-12T15:26:24.140658+00:00,21159.424326245,onboard_overhead_fish_dynamic,0,"[0.0,0.0,0.0,0.0]",0,0,0,0,,,,,,,,,,,,,,,,,,,,,,,,,,,,1,0.001008,499,1786548384.097274303,finsrov_stereo_left_optical,"[-0.24287261773713964,-0.23440753734106734,0.6247538995920406]","[0.0,0.0,0.0,1.0]","[0.0025,0.0025,0.0025,1000000.0,1000000.0,1000000.0]",0.000544,747,1,"[16,17]","[0.479732,1.015916,-0.127148]","[{""tag_id"":16,""target_match"":true,""family"":""tag25h9"",""hamming"":0,""decision_margin"":144.601044,""pixel_xy"":[834.692782,652.110961],""world_xy_yaw"":[0.276684,0.569225,0.153418],""pnp_valid"":true,""pnp_camera_xyz"":[0.371804,0.741705,1.329318],""pnp_camera_quat_xyzw"":[-0.115399,-0.021093,0.082732,0.989643],""pnp_camera_rpy_deg"":[-13.412302,-1.298153,9.710031],""pnp_reprojection_error_px"":0.033348},{""tag_id"":17,""target_match"":true,""family"":""tag25h9"",""hamming"":0,""decision_margin"":158.221863,""pixel_xy"":[955.554496,285.970835],""world_xy_yaw"":[0.479732,1.015916,-0.127148],""pnp_valid"":true,""pnp_camera_xyz"":[0.75951,-0.174684,1.512443],""pnp_camera_quat_xyzw"":[-0.11829,-0.145743,-0.085201,0.978523],""pnp_camera_rpy_deg"":[-12.534763,-17.781183,-7.984104],""pnp_reprojection_error_px"":0.073892}]",1,0.073892,158.221863,96.450196,,0,,0,,
2026-08-12T15:26:24.190757+00:00,21159.474423014,onboard_overhead_fish_dynamic,0,"[0.0,0.0,0.0,0.0]",0,0,0,0,,,,,,,,,,,,,,,,,,,,,,,,,,,,1,0.001152,500,1786548384.146919012,finsrov_stereo_left_optical,"[-0.23740108874793586,-0.19674345628468848,0.6348725822477322]","[0.0,0.0,0.0,1.0]","[0.0025,0.0025,0.0025,1000000.0,1000000.0,1000000.0]",0.000999,748,1,"[16,17]","[0.480891,1.016587,-0.133236]","[{""tag_id"":16,""target_match"":true,""family"":""tag25h9"",""hamming"":0,""decision_margin"":148.680573,""pixel_xy"":[834.554186,652.12586],""world_xy_yaw"":[0.276451,0.569206,0.15717],""pnp_valid"":true,""pnp_camera_xyz"":[0.373423,0.745476,1.336383],""pnp_camera_quat_xyzw"":[-0.126824,-0.015418,0.08207,0.988404],""pnp_camera_rpy_deg"":[-14.669911,-0.553564,9.564389],""pnp_reprojection_error_px"":0.046068},{""tag_id"":17,""target_match"":true,""family"":""tag25h9"",""hamming"":0,""decision_margin"":154.257965,""pixel_xy"":[956.244948,285.420224],""world_xy_yaw"":[0.480891,1.016587,-0.133236],""pnp_valid"":true,""pnp_camera_xyz"":[0.760586,-0.175995,1.511016],""pnp_camera_quat_xyzw"":[-0.119094,-0.145836,-0.08616,0.978328],""pnp_camera_rpy_deg"":[-12.612751,-17.810673,-8.081766],""pnp_reprojection_error_px"":0.020603}]",1,0.020603,154.257965,96.604827,,0,,0,,
2026-08-12T15:26:24.242039+00:00,21159.525695768,onboard_overhead_fish_dynamic,0,"[0.0,0.0,0.0,0.0]",0,0,0,0,,,,,,,,,,,,,,,,,,,,,,,,,,,,1,0.002039,501,1786548384.197124720,finsrov_stereo_left_optical,"[-0.2340938427803636,-0.16830060410956915,0.6395681150672395]","[0.0,0.0,0.0,1.0]","[0.0025,0.0025,0.0025,1000000.0,1000000.0,1000000.0]",0.001105,750,1,"[16,17]","[0.483021,1.017886,-0.144177]","[{""tag_id"":16,""target_match"":true,""family"":""tag25h9"",""hamming"":0,""decision_margin"":145.999252,""pixel_xy"":[834.216874,652.272125],""world_xy_yaw"":[0.275884,0.569028,0.149988],""pnp_valid"":true,""pnp_camera_xyz"":[0.37,0.740119,1.326346],""pnp_camera_quat_xyzw"":[-0.118287,-0.024982,0.080697,0.98938],""pnp_camera_rpy_deg"":[-13.780549,-1.738711,9.535949],""pnp_reprojection_error_px"":0.114872},{""tag_id"":17,""target_match"":true,""family"":""tag25h9"",""hamming"":0,""decision_margin"":154.337677,""pixel_xy"":[957.512545,284.355389],""world_xy_yaw"":[0.483021,1.017886,-0.144177],""pnp_valid"":true,""pnp_camera_xyz"":[0.765081,-0.179337,1.513186],""pnp_camera_quat_xyzw"":[-0.118305,-0.144855,-0.089722,0.978249],""pnp_camera_rpy_deg"":[-12.457947,-17.736324,-8.52942],""pnp_reprojection_error_px"":0.063185}]",1,0.063185,154.337677,96.200636,,0,,0,,
2026-08-12T15:26:24.292230+00:00,21159.575885281,onboard_overhead_fish_dynamic,0,"[0.0,0.0,0.0,0.0]",0,0,0,0,,,,,,,,,,,,,,,,,,,,,,,,,,,,1,0.002226,502,1786548384.246970415,finsrov_stereo_left_optical,"[-0.2496850300953879,-0.19097842877056115,0.6392933879031759]","[0.0,0.0,0.0,1.0]","[0.0025,0.0025,0.0025,1000000.0,1000000.0,1000000.0]",0.001962,751,1,"[16,17]","[0.483929,1.018635,-0.145852]","[{""tag_id"":16,""target_match"":true,""family"":""tag25h9"",""hamming"":0,""decision_margin"":146.313156,""pixel_xy"":[834.186217,652.324424],""world_xy_yaw"":[0.275833,0.568964,0.133317],""pnp_valid"":true,""pnp_camera_xyz"":[0.366513,0.733926,1.314716],""pnp_camera_quat_xyzw"":[-0.102951,-0.035578,0.079941,0.99083],""pnp_camera_rpy_deg"":[-12.122838,-3.097938,9.554434],""pnp_reprojection_error_px"":0.023611},{""tag_id"":17,""target_match"":true,""family"":""tag25h9"",""hamming"":0,""decision_margin"":153.535553,""pixel_xy"":[958.053216,283.741672],""world_xy_yaw"":[0.483929,1.018635,-0.145852],""pnp_valid"":true,""pnp_camera_xyz"":[0.767696,-0.181157,1.515231],""pnp_camera_quat_xyzw"":[-0.119325,-0.14439,-0.091092,0.978067],""pnp_camera_rpy_deg"":[-12.557124,-17.709103,-8.677843],""pnp_reprojection_error_px"":0.015828}]",1,0.015828,153.535553,96.184441,,0,,0,,
2026-08-12T15:26:24.342326+00:00,21159.625974161,onboard_overhead_fish_dynamic,0,"[0.0,0.0,0.0,0.0]",0,0,0,0,,,,,,,,,,,,,,,,,,,,,,,,,,,,1,0.002219,503,1786548384.297004938,finsrov_stereo_left_optical,"[-0.26458253449355684,-0.22432685249760465,0.637232689689377]","[0.0,0.0,0.0,1.0]","[0.0025,0.0025,0.0025,1000000.0,1000000.0,1000000.0]",0.001214,753,1,"[16,17]","[0.485554,1.020076,-0.145884]","[{""tag_id"":16,""target_match"":true,""family"":""tag25h9"",""hamming"":0,""decision_margin"":148.271149,""pixel_xy"":[834.098086,652.182202],""world_xy_yaw"":[0.275685,0.569138,0.144327],""pnp_valid"":true,""pnp_camera_xyz"":[0.370497,0.741936,1.329525],""pnp_camera_quat_xyzw"":[-0.115375,-0.019509,0.07688,0.99015],""pnp_camera_rpy_deg"":[-13.38703,-1.197225,9.020135],""pnp_reprojection_error_px"":0.036202},{""tag_id"":17,""target_match"":true,""family"":""tag25h9"",""hamming"":0,""decision_margin"":154.542221,""pixel_xy"":[959.020072,282.56061],""world_xy_yaw"":[0.485554,1.020076,-0.145884],""pnp_valid"":true,""pnp_camera_xyz"":[0.771056,-0.184629,1.516449],""pnp_camera_quat_xyzw"":[-0.126098,-0.144452,-0.093354,0.976994],""pnp_camera_rpy_deg"":[-13.324353,-17.806397,-8.819822],""pnp_reprojection_error_px"":0.031422}]",1,0.031422,154.542221,97.407752,,0,,0,,
2026-08-12T15:26:24.392223+00:00,21159.675877877,onboard_overhead_fish_dynamic,0,"[0.0,0.0,0.0,0.0]",0,0,0,0,,,,,,,,,,,,,,,,,,,,,,,,,,,,1,0.002216,504,1786548384.346985340,finsrov_stereo_left_optical,"[-0.25948112780971766,-0.19869236616328412,0.6446741329748392]","[0.0,0.0,0.0,1.0]","[0.0025,0.0025,0.0025,1000000.0,1000000.0,1000000.0]",0.001952,754,1,"[16,17]","[0.486261,1.020787,-0.138614]","[{""tag_id"":16,""target_match"":true,""family"":""tag25h9"",""hamming"":0,""decision_margin"":144.76796,""pixel_xy"":[834.262638,652.019069],""world_xy_yaw"":[0.275961,0.569337,0.136162],""pnp_valid"":true,""pnp_camera_xyz"":[0.37117,0.7428,1.331786],""pnp_camera_quat_xyzw"":[-0.121194,-0.016397,0.075546,0.989614],""pnp_camera_rpy_deg"":[-14.026599,-0.810315,8.83054],""pnp_reprojection_error_px"":0.126754},{""tag_id"":17,""target_match"":true,""family"":""tag25h9"",""hamming"":0,""decision_margin"":153.361649,""pixel_xy"":[959.441272,281.977697],""world_xy_yaw"":[0.486261,1.020787,-0.138614],""pnp_valid"":true,""pnp_camera_xyz"":[0.772885,-0.186439,1.517493],""pnp_camera_quat_xyzw"":[-0.130745,-0.142522,-0.09293,0.976707],""pnp_camera_rpy_deg"":[-13.897083,-17.620151,-8.706022],""pnp_reprojection_error_px"":0.087883}]",1,0.087883,153.361649,96.080612,,0,,0,,
2026-08-12T15:26:24.442274+00:00,21159.725929247,onboard_overhead_fish_dynamic,0,"[0.0,0.0,0.0,0.0]",0,0,0,0,,,,,,,,,,,,,,,,,,,,,,,,,,,,1,0.002229,505,1786548384.397020102,finsrov_stereo_left_optical,"[-0.2710521325796058,-0.1949762359939472,0.6478728874911203]","[0.0,0.0,0.0,1.0]","[0.0025,0.0025,0.0025,1000000.0,1000000.0,1000000.0]",0.001212,756,1,"[16,17]","[0.487891,1.022308,-0.144289]","[{""tag_id"":16,""target_match"":true,""family"":""tag25h9"",""hamming"":0,""decision_margin"":148.070267,""pixel_xy"":[834.167002,651.878614],""world_xy_yaw"":[0.275801,0.569508,0.126447],""pnp_valid"":true,""pnp_camera_xyz"":[0.369219,0.738419,1.325035],""pnp_camera_quat_xyzw"":[-0.115548,-0.025387,0.073211,0.990275],""pnp_camera_rpy_deg"":[-13.455838,-1.911775,8.68192],""pnp_reprojection_error_px"":0.105393},{""tag_id"":17,""target_match"":true,""family"":""tag25h9"",""hamming"":0,""decision_margin"":155.441544,""pixel_xy"":[960.411108,280.73154],""world_xy_yaw"":[0.487891,1.022308,-0.144289],""pnp_valid"":true,""pnp_camera_xyz"":[0.778249,-0.190436,1.522544],""pnp_camera_quat_xyzw"":[-0.135833,-0.137095,-0.09617,0.976476],""pnp_camera_rpy_deg"":[-14.474057,-17.089529,-9.063399],""pnp_reprojection_error_px"":0.106224}]",1,0.106224,155.441544,96.807069,,0,,0,,
2026-08-12T15:26:24.491169+00:00,21159.774831450,onboard_overhead_fish_dynamic,0,"[0.0,0.0,0.0,0.0]",0,0,0,0,,,,,,,,,,,,,,,,,,,,,,,,,,,,1,0.001509,506,1786548384.446975946,finsrov_stereo_left_optical,"[-0.2776485944829655,-0.20367226012480433,0.6483676501149402]","[0.0,0.0,0.0,1.0]","[0.0025,0.0025,0.0025,1000000.0,1000000.0,1000000.0]",0.001321,757,1,"[16,17]","[0.488875,1.023032,-0.150486]","[{""tag_id"":16,""target_match"":true,""family"":""tag25h9"",""hamming"":0,""decision_margin"":143.657547,""pixel_xy"":[833.976168,651.815786],""world_xy_yaw"":[0.27548,0.569585,0.127575],""pnp_valid"":true,""pnp_camera_xyz"":[0.36852,0.737125,1.323199],""pnp_camera_quat_xyzw"":[-0.108433,-0.031089,0.073463,0.990898],""pnp_camera_rpy_deg"":[-12.6908,-2.618158,8.771268],""pnp_reprojection_error_px"":0.148433},{""tag_id"":17,""target_match"":true,""family"":""tag25h9"",""hamming"":0,""decision_margin"":156.638565,""pixel_xy"":[960.997,280.138071],""world_xy_yaw"":[0.488875,1.023032,-0.150486],""pnp_valid"":true,""pnp_camera_xyz"":[0.781744,-0.192533,1.526222],""pnp_camera_quat_xyzw"":[-0.13462,-0.133383,-0.097724,0.977004],""pnp_camera_rpy_deg"":[-14.322695,-16.674992,-9.314195],""pnp_reprojection_error_px"":0.092756}]",1,0.092756,156.638565,97.925968,,0,,0,,
2026-08-12T15:26:24.542262+00:00,21159.825916848,onboard_overhead_fish_dynamic,0,"[0.0,0.0,0.0,0.0]",0,0,0,0,,,,,,,,,,,,,,,,,,,,,,,,,,,,1,0.002229,507,1786548384.497257471,finsrov_stereo_left_optical,"[-0.28455693750433214,-0.2187511489525189,0.6491217938174279]","[0.0,0.0,0.0,1.0]","[0.0025,0.0025,0.0025,1000000.0,1000000.0,1000000.0]",0.001215,759,1,"[16,17]","[0.491091,1.024495,-0.176141]","[{""tag_id"":16,""target_match"":true,""family"":""tag25h9"",""hamming"":0,""decision_margin"":146.222137,""pixel_xy"":[833.841483,651.445414],""world_xy_yaw"":[0.275254,0.570037,0.126805],""pnp_valid"":true,""pnp_camera_xyz"":[0.370258,0.74097,1.331293],""pnp_camera_quat_xyzw"":[-0.112317,-0.030365,0.074417,0.990417],""pnp_camera_rpy_deg"":[-13.13319,-2.489189,8.880494],""pnp_reprojection_error_px"":0.042616},{""tag_id"":17,""target_match"":true,""family"":""tag25h9"",""hamming"":0,""decision_margin"":156.777359,""pixel_xy"":[962.316221,278.938481],""world_xy_yaw"":[0.491091,1.024495,-0.176141],""pnp_valid"":true,""pnp_camera_xyz"":[0.786557,-0.196217,1.52893],""pnp_camera_quat_xyzw"":[-0.1267,-0.12955,-0.103356,0.977999],""pnp_camera_rpy_deg"":[-13.310421,-16.235788,-10.158433],""pnp_reprojection_error_px"":0.029222}]",1,0.029222,156.777359,97.967621,,0,,0,,
2026-08-12T15:26:24.590893+00:00,21159.874564759,onboard_overhead_fish_dynamic,0,"[0.0,0.0,0.0,0.0]",0,0,0,0,,,,,,,,,,,,,,,,,,,,,,,,,,,,1,0.001259,508,1786548384.547112465,finsrov_stereo_left_optical,"[-0.2835870528887766,-0.2043470543893977,0.6571342435393472]","[0.0,0.0,0.0,1.0]","[0.0025,0.0025,0.0025,1000000.0,1000000.0,1000000.0]",0.001094,760,1,"[16,17]","[0.492158,1.025176,-0.183521]","[{""tag_id"":16,""target_match"":true,""family"":""tag25h9"",""hamming"":0,""decision_margin"":143.231216,""pixel_xy"":[833.803276,651.137526],""world_xy_yaw"":[0.275189,0.570412,0.129301],""pnp_valid"":true,""pnp_camera_xyz"":[0.371966,0.744286,1.338274],""pnp_camera_quat_xyzw"":[-0.125557,-0.023443,0.073479,0.989084],""pnp_camera_rpy_deg"":[-14.590937,-1.60003,8.702265],""pnp_reprojection_error_px"":0.078425},{""tag_id"":17,""target_match"":true,""family"":""tag25h9"",""hamming"":0,""decision_margin"":156.494492,""pixel_xy"":[962.95098,278.379922],""world_xy_yaw"":[0.492158,1.025176,-0.183521],""pnp_valid"":true,""pnp_camera_xyz"":[0.789011,-0.197992,1.530259],""pnp_camera_quat_xyzw"":[-0.120146,-0.12955,-0.105567,0.978589],""pnp_camera_rpy_deg"":[-12.496672,-16.195742,-10.529095],""pnp_reprojection_error_px"":0.029209}]",1,0.029209,156.494492,98.290491,,0,,0,,
2026-08-12T15:26:24.640570+00:00,21159.924238537,onboard_overhead_fish_dynamic,0,"[0.0,0.0,0.0,0.0]",0,0,0,0,,,,,,,,,,,,,,,,,,,,,,,,,,,,1,0.000974,509,1786548384.597044945,finsrov_stereo_left_optical,"[-0.28119887769487084,-0.1757692401396841,0.6632754954814648]","[0.0,0.0,0.0,1.0]","[0.0025,0.0025,0.0025,1000000.0,1000000.0,1000000.0]",0.000512,762,1,"[16,17]","[0.494078,1.026451,-0.195156]","[{""tag_id"":16,""target_match"":true,""family"":""tag25h9"",""hamming"":0,""decision_margin"":143.847275,""pixel_xy"":[833.715252,650.828122],""world_xy_yaw"":[0.275042,0.57079,0.130604],""pnp_valid"":true,""pnp_camera_xyz"":[0.371813,0.743357,1.338227],""pnp_camera_quat_xyzw"":[-0.134737,-0.024216,0.073109,0.987884],""pnp_camera_rpy_deg"":[-15.655785,-1.612709,8.686685],""pnp_reprojection_error_px"":0.045118},{""tag_id"":17,""target_match"":true,""family"":""tag25h9"",""hamming"":0,""decision_margin"":156.241302,""pixel_xy"":[964.094253,277.334902],""world_xy_yaw"":[0.494078,1.026451,-0.195156],""pnp_valid"":true,""pnp_camera_xyz"":[0.791206,-0.200766,1.528309],""pnp_camera_quat_xyzw"":[-0.113652,-0.135823,-0.11043,0.977978],""pnp_camera_rpy_deg"":[-11.594458,-16.903796,-11.15609],""pnp_reprojection_error_px"":0.032988}]",1,0.032988,156.241302,96.807891,,0,,0,,
2026-08-12T15:26:24.690357+00:00,21159.974026339,onboard_overhead_fish_dynamic,0,"[0.0,0.0,0.0,0.0]",0,0,0,0,,,,,,,,,,,,,,,,,,,,,,,,,,,,1,0.000879,510,1786548384.646984816,finsrov_stereo_left_optical,"[-0.28352812750423295,-0.15403198562653797,0.6659840197871828]","[0.0,0.0,0.0,1.0]","[0.0025,0.0025,0.0025,1000000.0,1000000.0,1000000.0]",0.000753,763,1,"[16,17]","[0.494876,1.027026,-0.195526]","[{""tag_id"":16,""target_match"":true,""family"":""tag25h9"",""hamming"":0,""decision_margin"":145.563095,""pixel_xy"":[833.498313,650.774492],""world_xy_yaw"":[0.274677,0.570855,0.128142],""pnp_valid"":true,""pnp_camera_xyz"":[0.369387,0.7387,1.330223],""pnp_camera_quat_xyzw"":[-0.121426,-0.031706,0.071945,0.989482],""pnp_camera_rpy_deg"":[-14.188452,-2.594813,8.6403],""pnp_reprojection_error_px"":0.118965},{""tag_id"":17,""target_match"":true,""family"":""tag25h9"",""hamming"":0,""decision_margin"":154.593643,""pixel_xy"":[964.569038,276.864105],""world_xy_yaw"":[0.494876,1.027026,-0.195526],""pnp_valid"":true,""pnp_camera_xyz"":[0.793199,-0.202372,1.529444],""pnp_camera_quat_xyzw"":[-0.11296,-0.138555,-0.11234,0.977457],""pnp_camera_rpy_deg"":[-11.455842,-17.232086,-11.37111],""pnp_reprojection_error_px"":0.061849}]",1,0.061849,154.593643,96.968478,,0,,0,,
2026-08-12T15:26:24.741272+00:00,21160.024935800,onboard_overhead_fish_dynamic,0,"[0.0,0.0,0.0,0.0]",0,0,0,0,,,,,,,,,,,,,,,,,,,,,,,,,,,,1,0.001518,511,1786548384.697227240,finsrov_stereo_left_optical,"[-0.2952005562502068,-0.18501970021996417,0.6627368102806542]","[0.0,0.0,0.0,1.0]","[0.0025,0.0025,0.0025,1000000.0,1000000.0,1000000.0]",0.000805,765,1,"[16,17]","[0.496355,1.028231,-0.191781]","[{""tag_id"":16,""target_match"":true,""family"":""tag25h9"",""hamming"":0,""decision_margin"":145.628372,""pixel_xy"":[833.251696,650.706893],""world_xy_yaw"":[0.274263,0.570938,0.115834],""pnp_valid"":true,""pnp_camera_xyz"":[0.36692,0.735558,1.324367],""pnp_camera_quat_xyzw"":[-0.10648,-0.033132,0.070238,0.991277],""pnp_camera_rpy_deg"":[-12.476228,-2.90776,8.42387],""pnp_reprojection_error_px"":0.052219},{""tag_id"":17,""target_match"":true,""family"":""tag25h9"",""hamming"":0,""decision_margin"":152.013062,""pixel_xy"":[965.449151,275.876321],""world_xy_yaw"":[0.496355,1.028231,-0.191781],""pnp_valid"":true,""pnp_camera_xyz"":[0.794574,-0.20476,1.527189],""pnp_camera_quat_xyzw"":[-0.123431,-0.141239,-0.113449,0.975677],""pnp_camera_rpy_deg"":[-12.659422,-17.674718,-11.288724],""pnp_reprojection_error_px"":0.054392}]",1,0.054392,152.013062,97.397895,,0,,0,,
2026-08-12T15:26:24.792133+00:00,21160.075788792,onboard_overhead_fish_dynamic,0,"[0.0,0.0,0.0,0.0]",0,0,0,0,,,,,,,,,,,,,,,,,,,,,,,,,,,,1,0.002210,512,1786548384.746989489,finsrov_stereo_left_optical,"[-0.3048139245219279,-0.21766399447028162,0.658862786263841]","[0.0,0.0,0.0,1.0]","[0.0025,0.0025,0.0025,1000000.0,1000000.0,1000000.0]",0.001955,766,1,"[16,17]","[0.497039,1.028804,-0.187122]","[{""tag_id"":16,""target_match"":true,""family"":""tag25h9"",""hamming"":0,""decision_margin"":144.294769,""pixel_xy"":[833.114141,650.708538],""world_xy_yaw"":[0.274032,0.570936,0.112576],""pnp_valid"":true,""pnp_camera_xyz"":[0.3669,0.73675,1.326574],""pnp_camera_quat_xyzw"":[-0.11102,-0.028732,0.070002,0.990933],""pnp_camera_rpy_deg"":[-12.958306,-2.372729,8.351158],""pnp_reprojection_error_px"":0.137437},{""tag_id"":17,""target_match"":true,""family"":""tag25h9"",""hamming"":0,""decision_margin"":156.599731,""pixel_xy"":[965.85665,275.40656],""world_xy_yaw"":[0.497039,1.028804,-0.187122],""pnp_valid"":true,""pnp_camera_xyz"":[0.794829,-0.205826,1.525394],""pnp_camera_quat_xyzw"":[-0.130749,-0.140727,-0.113358,0.974808],""pnp_camera_rpy_deg"":[-13.537694,-17.698441,-11.1487],""pnp_reprojection_error_px"":0.070236}]",1,0.070236,156.599731,96.956478,,0,,0,,
2026-08-12T15:26:24.840809+00:00,21160.124476168,onboard_overhead_fish_dynamic,0,"[0.0,0.0,0.0,0.0]",0,0,0,0,,,,,,,,,,,,,,,,,,,,,,,,,,,,1,0.001165,513,1786548384.797221661,finsrov_stereo_left_optical,"[-0.30267268394272717,-0.2073893031175481,0.661403456700038]","[0.0,0.0,0.0,1.0]","[0.0025,0.0025,0.0025,1000000.0,1000000.0,1000000.0]",0.000617,768,1,"[16,17]","[0.498477,1.030019,-0.182483]","[{""tag_id"":16,""target_match"":true,""family"":""tag25h9"",""hamming"":0,""decision_margin"":142.005859,""pixel_xy"":[832.404654,650.654324],""world_xy_yaw"":[0.27284,0.571002,0.120994],""pnp_valid"":true,""pnp_camera_xyz"":[0.365409,0.736397,1.326549],""pnp_camera_quat_xyzw"":[-0.11736,-0.02316,0.068638,0.990444],""pnp_camera_rpy_deg"":[-13.636434,-1.705793,8.132495],""pnp_reprojection_error_px"":0.044044},{""tag_id"":17,""target_match"":true,""family"":""tag25h9"",""hamming"":0,""decision_margin"":152.975327,""pixel_xy"":[966.712469,274.411028],""world_xy_yaw"":[0.498477,1.030019,-0.182483],""pnp_valid"":true,""pnp_camera_xyz"":[0.7996,-0.209288,1.529934],""pnp_camera_quat_xyzw"":[-0.13964,-0.137907,-0.113112,0.974006],""pnp_camera_rpy_deg"":[-14.623691,-17.471619,-10.989125],""pnp_reprojection_error_px"":0.079802}]",1,0.079802,152.975327,98.504064,,0,,0,,
2026-08-12T15:26:24.891843+00:00,21160.175499165,onboard_overhead_fish_dynamic,0,"[0.0,0.0,0.0,0.0]",0,0,0,0,,,,,,,,,,,,,,,,,,,,,,,,,,,,1,0.002019,514,1786548384.846972466,finsrov_stereo_left_optical,"[-0.3083746348049121,-0.20206318256635836,0.6672115099711444]","[0.0,0.0,0.0,1.0]","[0.0025,0.0025,0.0025,1000000.0,1000000.0,1000000.0]",0.001787,769,1,"[16,17]","[0.499186,1.030604,-0.184951]","[{""tag_id"":16,""target_match"":true,""family"":""tag25h9"",""hamming"":0,""decision_margin"":143.440933,""pixel_xy"":[831.894807,650.664479],""world_xy_yaw"":[0.271983,0.570989,0.123278],""pnp_valid"":true,""pnp_camera_xyz"":[0.363571,0.734716,1.323741],""pnp_camera_quat_xyzw"":[-0.113627,-0.022565,0.067761,0.990953],""pnp_camera_rpy_deg"":[-13.200238,-1.680294,8.018018],""pnp_reprojection_error_px"":0.107349},{""tag_id"":17,""target_match"":true,""family"":""tag25h9"",""hamming"":0,""decision_margin"":156.254837,""pixel_xy"":[967.134338,273.931134],""world_xy_yaw"":[0.499186,1.030604,-0.184951],""pnp_valid"":true,""pnp_camera_xyz"":[0.802577,-0.211373,1.533425],""pnp_camera_quat_xyzw"":[-0.140236,-0.137229,-0.115185,0.973773],""pnp_camera_rpy_deg"":[-14.662605,-17.431586,-11.232101],""pnp_reprojection_error_px"":0.137162}]",1,0.137162,156.254837,97.031317,,0,,0,,
2026-08-12T15:26:24.942247+00:00,21160.225902620,onboard_overhead_fish_dynamic,0,"[0.0,0.0,0.0,0.0]",0,0,0,0,,,,,,,,,,,,,,,,,,,,,,,,,,,,1,0.002270,515,1786548384.897063732,finsrov_stereo_left_optical,"[-0.3207526121848312,-0.23611579280062545,0.6707679145626717]","[0.0,0.0,0.0,1.0]","[0.0025,0.0025,0.0025,1000000.0,1000000.0,1000000.0]",0.001228,771,1,"[16,17]","[0.500649,1.032193,-0.201401]","[{""tag_id"":16,""target_match"":true,""family"":""tag25h9"",""hamming"":0,""decision_margin"":142.825272,""pixel_xy"":[830.873625,650.592867],""world_xy_yaw"":[0.270268,0.571077,0.125828],""pnp_valid"":true,""pnp_camera_xyz"":[0.362158,0.736808,1.32788],""pnp_camera_quat_xyzw"":[-0.107678,-0.018913,0.068377,0.991651],""pnp_camera_rpy_deg"":[-12.485951,-1.305589,8.031707],""pnp_reprojection_error_px"":0.106723},{""tag_id"":17,""target_match"":true,""family"":""tag25h9"",""hamming"":0,""decision_margin"":152.191772,""pixel_xy"":[968.005195,272.628944],""world_xy_yaw"":[0.500649,1.032193,-0.201401],""pnp_valid"":true,""pnp_camera_xyz"":[0.812244,-0.216791,1.547262],""pnp_camera_quat_xyzw"":[-0.135708,-0.134425,-0.119492,0.974287],""pnp_camera_rpy_deg"":[-14.068572,-17.119679,-11.856252],""pnp_reprojection_error_px"":0.068861}]",1,0.068861,152.191772,97.889379,,0,,0,,
2026-08-12T15:26:24.992216+00:00,21160.275871529,onboard_overhead_fish_dynamic,0,"[0.0,0.0,0.0,0.0]",0,0,0,0,,,,,,,,,,,,,,,,,,,,,,,,,,,,1,0.002220,516,1786548384.947010279,finsrov_stereo_left_optical,"[-0.32268940582051087,-0.23815245168599475,0.6781002370173691]","[0.0,0.0,0.0,1.0]","[0.0025,0.0025,0.0025,1000000.0,1000000.0,1000000.0]",0.001960,772,1,"[16,17]","[0.501358,1.033088,-0.206424]","[{""tag_id"":16,""target_match"":true,""family"":""tag25h9"",""hamming"":0,""decision_margin"":138.035172,""pixel_xy"":[830.410051,650.44691],""world_xy_yaw"":[0.269489,0.571255,0.121803],""pnp_valid"":true,""pnp_camera_xyz"":[0.360306,0.735511,1.325811],""pnp_camera_quat_xyzw"":[-0.107731,-0.019484,0.068304,0.99164],""pnp_camera_rpy_deg"":[-12.496725,-1.370954,8.030705],""pnp_reprojection_error_px"":0.045643},{""tag_id"":17,""target_match"":true,""family"":""tag25h9"",""hamming"":0,""decision_margin"":156.217728,""pixel_xy"":[968.427656,271.894955],""world_xy_yaw"":[0.501358,1.033088,-0.206424],""pnp_valid"":true,""pnp_camera_xyz"":[0.816204,-0.219362,1.552243],""pnp_camera_quat_xyzw"":[-0.133702,-0.132287,-0.121724,0.97458],""pnp_camera_rpy_deg"":[-13.809149,-16.881848,-12.179592],""pnp_reprojection_error_px"":0.077894}]",1,0.077894,156.217728,98.49264,,0,,0,,
2026-08-12T15:26:25.042297+00:00,21160.325951740,onboard_overhead_fish_dynamic,0,"[0.0,0.0,0.0,0.0]",0,0,0,0,,,,,,,,,,,,,,,,,,,,,,,,,,,,1,0.002220,517,1786548384.997107267,finsrov_stereo_left_optical,"[-0.3362885601367718,-0.24922494443265786,0.6832203916001439]","[0.0,0.0,0.0,1.0]","[0.0025,0.0025,0.0025,1000000.0,1000000.0,1000000.0]",0.001212,774,1,"[16,17]","[0.503169,1.034816,-0.223061]","[{""tag_id"":16,""target_match"":true,""family"":""tag25h9"",""hamming"":0,""decision_margin"":144.789078,""pixel_xy"":[829.478102,650.023561],""world_xy_yaw"":[0.267923,0.571771,0.116208],""pnp_valid"":true,""pnp_camera_xyz"":[0.356769,0.733142,1.322614],""pnp_camera_quat_xyzw"":[-0.115027,-0.006584,0.064204,0.991264],""pnp_camera_rpy_deg"":[-13.231676,0.098419,7.400325],""pnp_reprojection_error_px"":0.25494},{""tag_id"":17,""target_match"":true,""family"":""tag25h9"",""hamming"":0,""decision_margin"":152.531525,""pixel_xy"":[969.505508,270.478996],""world_xy_yaw"":[0.503169,1.034816,-0.223061],""pnp_valid"":true,""pnp_camera_xyz"":[0.821731,-0.22379,1.556984],""pnp_camera_quat_xyzw"":[-0.132927,-0.128231,-0.126023,0.974682],""pnp_camera_rpy_deg"":[-13.680271,-16.467614,-12.745649],""pnp_reprojection_error_px"":0.100802}]",1,0.100802,152.531525,98.962439,,0,,0,,
2026-08-12T15:26:25.090360+00:00,21160.374029102,onboard_overhead_fish_dynamic,0,"[0.0,0.0,0.0,0.0]",0,0,0,0,,,,,,,,,,,,,,,,,,,,,,,,,,,,1,0.000878,518,1786548385.047024250,finsrov_stereo_left_optical,"[-0.338961223906173,-0.2463354367992996,0.6866861369769135]","[0.0,0.0,0.0,1.0]","[0.0025,0.0025,0.0025,1000000.0,1000000.0,1000000.0]",0.000756,775,1,"[16,17]","[0.504223,1.035534,-0.227263]","[{""tag_id"":16,""target_match"":true,""family"":""tag25h9"",""hamming"":0,""decision_margin"":143.080048,""pixel_xy"":[828.862348,649.943736],""world_xy_yaw"":[0.266889,0.571869,0.123541],""pnp_valid"":true,""pnp_camera_xyz"":[0.355179,0.732466,1.321957],""pnp_camera_quat_xyzw"":[-0.117502,-0.000524,0.064211,0.990994],""pnp_camera_rpy_deg"":[-13.472427,0.805089,7.319388],""pnp_reprojection_error_px"":0.200518},{""tag_id"":17,""target_match"":true,""family"":""tag25h9"",""hamming"":0,""decision_margin"":149.66922,""pixel_xy"":[970.13269,269.890344],""world_xy_yaw"":[0.504223,1.035534,-0.227263],""pnp_valid"":true,""pnp_camera_xyz"":[0.823491,-0.225609,1.5571],""pnp_camera_quat_xyzw"":[-0.133559,-0.125715,-0.127183,0.974773],""pnp_camera_rpy_deg"":[-13.759734,-16.204103,-12.899227],""pnp_reprojection_error_px"":0.061965}]",1,0.061965,149.66922,99.370924,,0,,0,,
2026-08-12T15:26:25.140417+00:00,21160.424086676,onboard_overhead_fish_dynamic,0,"[0.0,0.0,0.0,0.0]",0,0,0,0,,,,,,,,,,,,,,,,,,,,,,,,,,,,1,0.000887,519,1786548385.098196507,finsrov_stereo_left_optical,"[-0.3428777832837573,-0.2642108615565786,0.6863611744867237]","[0.0,0.0,0.0,1.0]","[0.0025,0.0025,0.0025,1000000.0,1000000.0,1000000.0]",0.000455,777,1,"[16,17]","[0.50624,1.036819,-0.233707]","[{""tag_id"":16,""target_match"":true,""family"":""tag25h9"",""hamming"":0,""decision_margin"":142.445404,""pixel_xy"":[827.299144,650.025369],""world_xy_yaw"":[0.264263,0.571769,0.139151],""pnp_valid"":true,""pnp_camera_xyz"":[0.351645,0.730826,1.319813],""pnp_camera_quat_xyzw"":[-0.103615,-0.001075,0.063413,0.992593],""pnp_camera_rpy_deg"":[-11.878955,0.630648,7.245247],""pnp_reprojection_error_px"":0.240737},{""tag_id"":17,""target_match"":true,""family"":""tag25h9"",""hamming"":0,""decision_margin"":152.387817,""pixel_xy"":[971.333562,268.837208],""world_xy_yaw"":[0.50624,1.036819,-0.233707],""pnp_valid"":true,""pnp_camera_xyz"":[0.824158,-0.228088,1.552085],""pnp_camera_quat_xyzw"":[-0.134691,-0.126889,-0.130056,0.974086],""pnp_camera_rpy_deg"":[-13.834387,-16.39367,-13.20754],""pnp_reprojection_error_px"":0.026173}]",1,0.026173,152.387817,97.705972,,0,,0,,
2026-08-12T15:26:25.191947+00:00,21160.475604610,onboard_overhead_fish_dynamic,0,"[0.0,0.0,0.0,0.0]",0,0,0,0,,,,,,,,,,,,,,,,,,,,,,,,,,,,1,0.002022,520,1786548385.147184610,finsrov_stereo_left_optical,"[-0.34533200698016864,-0.2719481913221199,0.6851259112557907]","[0.0,0.0,0.0,1.0]","[0.0025,0.0025,0.0025,1000000.0,1000000.0,1000000.0]",0.001778,778,1,"[16,17]","[0.507203,1.03736,-0.238543]","[{""tag_id"":16,""target_match"":true,""family"":""tag25h9"",""hamming"":0,""decision_margin"":141.381866,""pixel_xy"":[826.711385,649.936494],""world_xy_yaw"":[0.263275,0.571877,0.141701],""pnp_valid"":true,""pnp_camera_xyz"":[0.351794,0.73408,1.325885],""pnp_camera_quat_xyzw"":[-0.104528,0.005417,0.062166,0.992562],""pnp_camera_rpy_deg"":[-11.939919,1.360928,7.025376],""pnp_reprojection_error_px"":0.204785},{""tag_id"":17,""target_match"":true,""family"":""tag25h9"",""hamming"":0,""decision_margin"":155.854797,""pixel_xy"":[971.906359,268.393483],""world_xy_yaw"":[0.507203,1.03736,-0.238543],""pnp_valid"":true,""pnp_camera_xyz"":[0.823684,-0.228923,1.548242],""pnp_camera_quat_xyzw"":[-0.133503,-0.129471,-0.132113,0.973633],""pnp_camera_rpy_deg"":[-13.632855,-16.701712,-13.444163],""pnp_reprojection_error_px"":0.053903}]",1,0.053903,155.854797,98.129764,,0,,0,,
2026-08-12T15:26:25.241286+00:00,21160.524949416,onboard_overhead_fish_dynamic,0,"[0.0,0.0,0.0,0.0]",0,0,0,0,,,,,,,,,,,,,,,,,,,,,,,,,,,,1,0.001525,521,1786548385.197288036,finsrov_stereo_left_optical,"[-0.3433309708429354,-0.2649207443785032,0.6867513770940761]","[0.0,0.0,0.0,1.0]","[0.0025,0.0025,0.0025,1000000.0,1000000.0,1000000.0]",0.000802,780,1,"[16,17]","[0.508768,1.038486,-0.238126]","[{""tag_id"":16,""target_match"":true,""family"":""tag25h9"",""hamming"":0,""decision_margin"":144.358185,""pixel_xy"":[825.931527,649.831092],""world_xy_yaw"":[0.261965,0.572006,0.133135],""pnp_valid"":true,""pnp_camera_xyz"":[0.351013,0.737813,1.332639],""pnp_camera_quat_xyzw"":[-0.109096,0.016678,0.060286,0.992061],""pnp_camera_rpy_deg"":[-12.396724,2.650643,6.667064],""pnp_reprojection_error_px"":0.112642},{""tag_id"":17,""target_match"":true,""family"":""tag25h9"",""hamming"":0,""decision_margin"":157.471313,""pixel_xy"":[972.838066,267.470872],""world_xy_yaw"":[0.508768,1.038486,-0.238126],""pnp_valid"":true,""pnp_camera_xyz"":[0.820801,-0.230019,1.537532],""pnp_camera_quat_xyzw"":[-0.133209,-0.135814,-0.135184,0.972386],""pnp_camera_rpy_deg"":[-13.478945,-17.466182,-13.749427],""pnp_reprojection_error_px"":0.069396}]",1,0.069396,157.471313,97.943457,,0,,0,,
2026-08-12T15:26:25.291545+00:00,21160.575203392,onboard_overhead_fish_dynamic,0,"[0.0,0.0,0.0,0.0]",0,0,0,0,,,,,,,,,,,,,,,,,,,,,,,,,,,,1,0.001738,522,1786548385.246922970,finsrov_stereo_left_optical,"[-0.33909199063656115,-0.24656741914728308,0.6882368754664272]","[0.0,0.0,0.0,1.0]","[0.0025,0.0025,0.0025,1000000.0,1000000.0,1000000.0]",0.001524,781,1,"[16,17]","[0.509463,1.039066,-0.238565]","[{""tag_id"":16,""target_match"":true,""family"":""tag25h9"",""hamming"":0,""decision_margin"":147.051895,""pixel_xy"":[825.548817,649.898481],""world_xy_yaw"":[0.261322,0.571924,0.12433],""pnp_valid"":true,""pnp_camera_xyz"":[0.347964,0.733815,1.324871],""pnp_camera_quat_xyzw"":[-0.098465,0.012404,0.058616,0.993335],""pnp_camera_rpy_deg"":[-11.20333,2.073751,6.550703],""pnp_reprojection_error_px"":0.147594},{""tag_id"":17,""target_match"":true,""family"":""tag25h9"",""hamming"":0,""decision_margin"":152.705688,""pixel_xy"":[973.251896,266.994951],""world_xy_yaw"":[0.509463,1.039066,-0.238565],""pnp_valid"":true,""pnp_camera_xyz"":[0.821413,-0.231222,1.536285],""pnp_camera_quat_xyzw"":[-0.133994,-0.136412,-0.137226,0.971909],""pnp_camera_rpy_deg"":[-13.529169,-17.57383,-13.972414],""pnp_reprojection_error_px"":0.115737}]",1,0.115737,152.705688,98.396092,,0,,0,,
2026-08-12T15:26:25.342252+00:00,21160.625907291,onboard_overhead_fish_dynamic,0,"[0.0,0.0,0.0,0.0]",0,0,0,0,,,,,,,,,,,,,,,,,,,,,,,,,,,,1,0.002259,523,1786548385.297081709,finsrov_stereo_left_optical,"[-0.34855349641536415,-0.27241346044186676,0.6825704845736199]","[0.0,0.0,0.0,1.0]","[0.0025,0.0025,0.0025,1000000.0,1000000.0,1000000.0]",0.001225,783,1,"[16,17]","[0.510853,1.040425,-0.239481]","[{""tag_id"":16,""target_match"":true,""family"":""tag25h9"",""hamming"":0,""decision_margin"":146.165085,""pixel_xy"":[824.752288,650.287795],""world_xy_yaw"":[0.259984,0.571449,0.126198],""pnp_valid"":true,""pnp_camera_xyz"":[0.342825,0.727661,1.312031],""pnp_camera_quat_xyzw"":[-0.087022,0.011488,0.058288,0.994433],""pnp_camera_rpy_deg"":[-9.894235,1.89072,6.545356],""pnp_reprojection_error_px"":0.087068},{""tag_id"":17,""target_match"":true,""family"":""tag25h9"",""hamming"":0,""decision_margin"":150.850616,""pixel_xy"":[974.079445,265.881426],""world_xy_yaw"":[0.510853,1.040425,-0.239481],""pnp_valid"":true,""pnp_camera_xyz"":[0.828363,-0.235825,1.544809],""pnp_camera_quat_xyzw"":[-0.136842,-0.132959,-0.139458,0.971673],""pnp_camera_rpy_deg"":[-13.864434,-17.250673,-14.221835],""pnp_reprojection_error_px"":0.168095}]",1,0.168095,150.850616,97.053424,,0,,0,,
2026-08-12T15:26:25.392247+00:00,21160.675901488,onboard_overhead_fish_dynamic,0,"[0.0,0.0,0.0,0.0]",0,0,0,0,,,,,,,,,,,,,,,,,,,,,,,,,,,,1,0.002239,524,1786548385.346983671,finsrov_stereo_left_optical,"[-0.3613141485922925,-0.31678413258415383,0.6817101716612914]","[0.0,0.0,0.0,1.0]","[0.0025,0.0025,0.0025,1000000.0,1000000.0,1000000.0]",0.001972,784,1,"[16,17]","[0.511604,1.04119,-0.244561]","[{""tag_id"":16,""target_match"":true,""family"":""tag25h9"",""hamming"":0,""decision_margin"":143.340897,""pixel_xy"":[824.432119,650.548851],""world_xy_yaw"":[0.259446,0.57113,0.121794],""pnp_valid"":true,""pnp_camera_xyz"":[0.340877,0.725789,1.307651],""pnp_camera_quat_xyzw"":[-0.0802,0.012188,0.056326,0.995111],""pnp_camera_rpy_deg"":[-9.109975,1.907835,6.327276],""pnp_reprojection_error_px"":0.090152},{""tag_id"":17,""target_match"":true,""family"":""tag25h9"",""hamming"":0,""decision_margin"":153.812897,""pixel_xy"":[974.52624,265.253987],""world_xy_yaw"":[0.511604,1.04119,-0.244561],""pnp_valid"":true,""pnp_camera_xyz"":[0.834824,-0.239173,1.554718],""pnp_camera_quat_xyzw"":[-0.13752,-0.128636,-0.140065,0.972071],""pnp_camera_rpy_deg"":[-13.981314,-16.774749,-14.327076],""pnp_reprojection_error_px"":0.143417}]",1,0.143417,153.812897,97.380594,,0,,0,,
2026-08-12T15:26:25.440239+00:00,21160.723911336,onboard_overhead_fish_dynamic,0,"[0.0,0.0,0.0,0.0]",0,0,0,0,,,,,,,,,,,,,,,,,,,,,,,,,,,,1,0.000782,525,1786548385.397053957,finsrov_stereo_left_optical,"[-0.3806399635866544,-0.36236854499833293,0.6865365027034065]","[0.0,0.0,0.0,1.0]","[0.0025,0.0025,0.0025,1000000.0,1000000.0,1000000.0]",0.000417,786,1,"[16,17]","[0.512958,1.042977,-0.259781]","[{""tag_id"":16,""target_match"":true,""family"":""tag25h9"",""hamming"":0,""decision_margin"":147.171982,""pixel_xy"":[823.68648,651.162307],""world_xy_yaw"":[0.258193,0.570382,0.130463],""pnp_valid"":true,""pnp_camera_xyz"":[0.339241,0.726387,1.306428],""pnp_camera_quat_xyzw"":[-0.074183,0.012934,0.055263,0.995628],""pnp_camera_rpy_deg"":[-8.41674,1.945827,6.210756],""pnp_reprojection_error_px"":0.132337},{""tag_id"":17,""target_match"":true,""family"":""tag25h9"",""hamming"":0,""decision_margin"":152.780273,""pixel_xy"":[975.331927,263.789336],""world_xy_yaw"":[0.512958,1.042977,-0.259781],""pnp_valid"":true,""pnp_camera_xyz"":[0.846972,-0.24585,1.573121],""pnp_camera_quat_xyzw"":[-0.141467,-0.121032,-0.14343,0.971991],""pnp_camera_rpy_deg"":[-14.476899,-16.013624,-14.741315],""pnp_reprojection_error_px"":0.014144}]",1,0.014144,152.780273,99.366208,,0,,0,,
2026-08-12T15:26:25.490532+00:00,21160.774198724,onboard_overhead_fish_dynamic,0,"[0.0,0.0,0.0,0.0]",0,0,0,0,,,,,,,,,,,,,,,,,,,,,,,,,,,,1,0.001042,526,1786548385.446989775,finsrov_stereo_left_optical,"[-0.3867109316081162,-0.3773060209244672,0.6897196766017072]","[0.0,0.0,0.0,1.0]","[0.0025,0.0025,0.0025,1000000.0,1000000.0,1000000.0]",0.000919,787,1,"[16,17]","[0.513591,1.043903,-0.266738]","[{""tag_id"":16,""target_match"":true,""family"":""tag25h9"",""hamming"":0,""decision_margin"":146.884781,""pixel_xy"":[823.471517,651.43656],""world_xy_yaw"":[0.257832,0.570047,0.131732],""pnp_valid"":true,""pnp_camera_xyz"":[0.340039,0.729538,1.311069],""pnp_camera_quat_xyzw"":[-0.073154,0.017853,0.052467,0.99578],""pnp_camera_rpy_deg"":[-8.276627,2.477807,5.852871],""pnp_reprojection_error_px"":0.191838},{""tag_id"":17,""target_match"":true,""family"":""tag25h9"",""hamming"":0,""decision_margin"":152.338806,""pixel_xy"":[975.708838,263.030222],""world_xy_yaw"":[0.513591,1.043903,-0.266738],""pnp_valid"":true,""pnp_camera_xyz"":[0.850948,-0.248561,1.578414],""pnp_camera_quat_xyzw"":[-0.143699,-0.119171,-0.144983,0.971663],""pnp_camera_rpy_deg"":[-14.736805,-15.858151,-14.909389],""pnp_reprojection_error_px"":0.086086}]",1,0.086086,152.338806,99.166475,,0,,0,,
2026-08-12T15:26:25.540773+00:00,21160.824439342,onboard_overhead_fish_dynamic,0,"[0.0,0.0,0.0,0.0]",0,0,0,0,,,,,,,,,,,,,,,,,,,,,,,,,,,,1,0.001165,527,1786548385.496978283,finsrov_stereo_left_optical,"[-0.38800859063551096,-0.3623611881988506,0.7030526707101448]","[0.0,0.0,0.0,1.0]","[0.0025,0.0025,0.0025,1000000.0,1000000.0,1000000.0]",0.000615,789,1,"[16,17]","[0.514838,1.045345,-0.274156]","[{""tag_id"":16,""target_match"":true,""family"":""tag25h9"",""hamming"":0,""decision_margin"":147.936798,""pixel_xy"":[823.588524,652.12574],""world_xy_yaw"":[0.258029,0.569207,0.135305],""pnp_valid"":true,""pnp_camera_xyz"":[0.349892,0.751196,1.348709],""pnp_camera_quat_xyzw"":[-0.107053,0.050643,0.042358,0.992059],""pnp_camera_rpy_deg"":[-12.08572,6.289411,4.223301],""pnp_reprojection_error_px"":0.485794},{""tag_id"":17,""target_match"":true,""family"":""tag25h9"",""hamming"":0,""decision_margin"":154.61972,""pixel_xy"":[976.451384,261.848537],""world_xy_yaw"":[0.514838,1.045345,-0.274156],""pnp_valid"":true,""pnp_camera_xyz"":[0.852218,-0.251817,1.576903],""pnp_camera_quat_xyzw"":[-0.147067,-0.117981,-0.148104,0.970833],""pnp_camera_rpy_deg"":[-15.098341,-15.82155,-15.23761],""pnp_reprojection_error_px"":0.073449}]",1,0.073449,154.61972,99.85056,,0,,0,,
2026-08-12T15:26:25.591964+00:00,21160.875634697,onboard_overhead_fish_dynamic,0,"[0.0,0.0,0.0,0.0]",0,0,0,0,,,,,,,,,,,,,,,,,,,,,,,,,,,,1,0.001919,528,1786548385.546981335,finsrov_stereo_left_optical,"[-0.3841809834166433,-0.29853267541268624,0.7192044711273577]","[0.0,0.0,0.0,1.0]","[0.0025,0.0025,0.0025,1000000.0,1000000.0,1000000.0]",0.001643,790,1,"[16,17]","[0.259564,0.567407,0.123938]","[{""tag_id"":16,""target_match"":true,""family"":""tag25h9"",""hamming"":0,""decision_margin"":156.195969,""pixel_xy"":[824.502273,653.600739],""world_xy_yaw"":[0.259564,0.567407,0.123938],""pnp_valid"":true,""pnp_camera_xyz"":[0.362594,0.775567,1.392015],""pnp_camera_quat_xyzw"":[-0.209441,0.203707,-0.001906,0.956365],""pnp_camera_rpy_deg"":[-25.827625,22.88222,-5.541948],""pnp_reprojection_error_px"":1.74134},{""tag_id"":17,""target_match"":true,""family"":""tag25h9"",""hamming"":0,""decision_margin"":151.084442,""pixel_xy"":[976.83156,261.345288],""world_xy_yaw"":[0.515477,1.045959,-0.274588],""pnp_valid"":true,""pnp_camera_xyz"":[0.850016,-0.25247,1.570857],""pnp_camera_quat_xyzw"":[-0.147956,-0.119825,-0.149246,0.970297],""pnp_camera_rpy_deg"":[-15.163073,-16.063105,-15.336956],""pnp_reprojection_error_px"":0.033663}]",1,1.74134,156.195969,98.26738,,0,,0,,
2026-08-12T15:26:25.640906+00:00,21160.924571043,onboard_overhead_fish_dynamic,0,"[0.0,0.0,0.0,0.0]",0,0,0,0,,,,,,,,,,,,,,,,,,,,,,,,,,,,1,0.001260,529,1786548385.596921206,finsrov_stereo_left_optical,"[-0.410140454815592,-0.15254212871655132,0.7256977181992761]","[0.0,0.0,0.0,1.0]","[0.0025,0.0025,0.0025,1000000.0,1000000.0,1000000.0]",0.000671,792,1,[17],"[0.516679,1.0471,-0.277086]","[{""tag_id"":17,""target_match"":true,""family"":""tag25h9"",""hamming"":0,""decision_margin"":150.587433,""pixel_xy"":[977.547197,260.409568],""world_xy_yaw"":[0.516679,1.0471,-0.277086],""pnp_valid"":true,""pnp_camera_xyz"":[0.846675,-0.253865,1.560725],""pnp_camera_quat_xyzw"":[-0.144165,-0.123583,-0.153309,0.969763],""pnp_camera_rpy_deg"":[-14.60126,-16.492925,-15.839601],""pnp_reprojection_error_px"":0.087294}]",1,0.087294,150.587433,98.674373,,0,,0,,
2026-08-12T15:26:25.690382+00:00,21160.974051152,onboard_overhead_fish_dynamic,0,"[0.0,0.0,0.0,0.0]",0,0,0,0,,,,,,,,,,,,,,,,,,,,,,,,,,,,1,0.000880,530,1786548385.647058725,finsrov_stereo_left_optical,"[-0.41059144526536007,-0.14670475250613085,0.723708580405816]","[0.0,0.0,0.0,1.0]","[0.0025,0.0025,0.0025,1000000.0,1000000.0,1000000.0]",0.000755,793,1,[17],"[0.5174,1.047691,-0.279927]","[{""tag_id"":17,""target_match"":true,""family"":""tag25h9"",""hamming"":0,""decision_margin"":154.04892,""pixel_xy"":[977.976412,259.925601],""world_xy_yaw"":[0.5174,1.047691,-0.279927],""pnp_valid"":true,""pnp_camera_xyz"":[0.84697,-0.255137,1.559134],""pnp_camera_quat_xyzw"":[-0.143598,-0.124599,-0.154563,0.969518],""pnp_camera_rpy_deg"":[-14.500202,-16.618158,-15.987203],""pnp_reprojection_error_px"":0.120825}]",1,0.120825,154.04892,99.017252,,0,,0,,
2026-08-12T15:26:25.742116+00:00,21161.025770207,onboard_overhead_fish_dynamic,0,"[0.0,0.0,0.0,0.0]",0,0,0,0,,,,,,,,,,,,,,,,,,,,,,,,,,,,1,0.002168,531,1786548385.697071075,finsrov_stereo_left_optical,"[-0.41159395098266005,-0.1449915374015397,0.7242544468732595]","[0.0,0.0,0.0,1.0]","[0.0025,0.0025,0.0025,1000000.0,1000000.0,1000000.0]",0.001197,795,1,[17],"[0.518849,1.049196,-0.291845]","[{""tag_id"":17,""target_match"":true,""family"":""tag25h9"",""hamming"":0,""decision_margin"":151.021179,""pixel_xy"":[978.838707,258.691635],""world_xy_yaw"":[0.518849,1.049196,-0.291845],""pnp_valid"":true,""pnp_camera_xyz"":[0.85521,-0.260101,1.569379],""pnp_camera_quat_xyzw"":[-0.136922,-0.125622,-0.159105,0.969617],""pnp_camera_rpy_deg"":[-13.61925,-16.689247,-16.630372],""pnp_reprojection_error_px"":0.081869}]",1,0.081869,151.021179,97.735797,,0,,0,,
2026-08-12T15:26:25.790765+00:00,21161.074431996,onboard_overhead_fish_dynamic,0,"[0.0,0.0,0.0,0.0]",0,0,0,0,,,,,,,,,,,,,,,,,,,,,,,,,,,,1,0.001152,532,1786548385.746989489,finsrov_stereo_left_optical,"[-0.41560726619405997,-0.15472051682853377,0.7335680862797984]","[0.0,0.0,0.0,1.0]","[0.0025,0.0025,0.0025,1000000.0,1000000.0,1000000.0]",0.000995,796,1,[17],"[0.519616,1.049943,-0.297562]","[{""tag_id"":17,""target_match"":true,""family"":""tag25h9"",""hamming"":0,""decision_margin"":151.381577,""pixel_xy"":[979.295072,258.079728],""world_xy_yaw"":[0.519616,1.049943,-0.297562],""pnp_valid"":true,""pnp_camera_xyz"":[0.858312,-0.262454,1.572771],""pnp_camera_quat_xyzw"":[-0.137314,-0.126197,-0.160912,0.969189],""pnp_camera_rpy_deg"":[-13.626578,-16.786604,-16.833529],""pnp_reprojection_error_px"":0.063265}]",1,0.063265,151.381577,98.384402,,0,,0,,
2026-08-12T15:26:25.841852+00:00,21161.125508917,onboard_overhead_fish_dynamic,0,"[0.0,0.0,0.0,0.0]",0,0,0,0,,,,,,,,,,,,,,,,,,,,,,,,,,,,1,0.001990,533,1786548385.797172308,finsrov_stereo_left_optical,"[-0.41734239421497155,-0.15780326252561605,0.7373293447549366]","[0.0,0.0,0.0,1.0]","[0.0025,0.0025,0.0025,1000000.0,1000000.0,1000000.0]",0.001092,798,1,[17],"[0.52101,1.051464,-0.305153]","[{""tag_id"":17,""target_match"":true,""family"":""tag25h9"",""hamming"":0,""decision_margin"":150.633575,""pixel_xy"":[980.124928,256.832501],""world_xy_yaw"":[0.52101,1.051464,-0.305153],""pnp_valid"":true,""pnp_camera_xyz"":[0.865992,-0.267511,1.582186],""pnp_camera_quat_xyzw"":[-0.136781,-0.125452,-0.164603,0.968741],""pnp_camera_rpy_deg"":[-13.510079,-16.743667,-17.289324],""pnp_reprojection_error_px"":0.083407}]",1,0.083407,150.633575,97.904843,,0,,0,,
2026-08-12T15:26:25.890573+00:00,21161.174237750,onboard_overhead_fish_dynamic,0,"[0.0,0.0,0.0,0.0]",0,0,0,0,,,,,,,,,,,,,,,,,,,,,,,,,,,,1,0.050719,533,1786548385.797172308,finsrov_stereo_left_optical,"[-0.41734239421497155,-0.15780326252561605,0.7373293447549366]","[0.0,0.0,0.0,1.0]","[0.0025,0.0025,0.0025,1000000.0,1000000.0,1000000.0]",0.001159,799,1,[17],"[0.521805,1.052149,-0.307353]","[{""tag_id"":17,""target_match"":true,""family"":""tag25h9"",""hamming"":0,""decision_margin"":152.286301,""pixel_xy"":[980.598052,256.271217],""world_xy_yaw"":[0.521805,1.052149,-0.307353],""pnp_valid"":true,""pnp_camera_xyz"":[0.869045,-0.269765,1.58538],""pnp_camera_quat_xyzw"":[-0.140112,-0.123458,-0.165536,0.968362],""pnp_camera_rpy_deg"":[-13.915687,-16.58823,-17.362861],""pnp_reprojection_error_px"":0.062943}]",1,0.062943,152.286301,98.306762,,0,,0,,
2026-08-12T15:26:25.941556+00:00,21161.225211529,onboard_overhead_fish_dynamic,0,"[0.0,0.0,0.0,0.0]",0,0,0,0,,,,,,,,,,,,,,,,,,,,,,,,,,,,1,0.101692,533,1786548385.797172308,finsrov_stereo_left_optical,"[-0.41734239421497155,-0.15780326252561605,0.7373293447549366]","[0.0,0.0,0.0,1.0]","[0.0025,0.0025,0.0025,1000000.0,1000000.0,1000000.0]",0.001386,801,1,[17],"[0.523124,1.053566,-0.310566]","[{""tag_id"":17,""target_match"":true,""family"":""tag25h9"",""hamming"":0,""decision_margin"":147.866516,""pixel_xy"":[981.383366,255.109718],""world_xy_yaw"":[0.523124,1.053566,-0.310566],""pnp_valid"":true,""pnp_camera_xyz"":[0.872104,-0.273497,1.586805],""pnp_camera_quat_xyzw"":[-0.144935,-0.121878,-0.168037,0.967421],""pnp_camera_rpy_deg"":[-14.465073,-16.530354,-17.595246],""pnp_reprojection_error_px"":0.077499}]",1,0.077499,147.866516,98.630859,,0,,0,,
2026-08-12T15:26:25.990218+00:00,21161.273887250,onboard_overhead_fish_dynamic,0,"[0.0,0.0,0.0,0.0]",0,0,0,0,,,,,,,,,,,,,,,,,,,,,,,,,,,,1,0.150368,533,1786548385.797172308,finsrov_stereo_left_optical,"[-0.41734239421497155,-0.15780326252561605,0.7373293447549366]","[0.0,0.0,0.0,1.0]","[0.0025,0.0025,0.0025,1000000.0,1000000.0,1000000.0]",0.000890,802,1,[17],"[0.523882,1.054225,-0.315206]","[{""tag_id"":17,""target_match"":true,""family"":""tag25h9"",""hamming"":0,""decision_margin"":145.910172,""pixel_xy"":[981.834618,254.569762],""world_xy_yaw"":[0.523882,1.054225,-0.315206],""pnp_valid"":true,""pnp_camera_xyz"":[0.872538,-0.275092,1.585671],""pnp_camera_quat_xyzw"":[-0.149026,-0.120385,-0.168887,0.966838],""pnp_camera_rpy_deg"":[-14.955167,-16.446686,-17.643536],""pnp_reprojection_error_px"":0.110544}]",1,0.110544,145.910172,98.569591,,0,,0,,
2026-08-12T15:26:26.041071+00:00,21161.324732726,onboard_overhead_fish_dynamic,0,"[0.0,0.0,0.0,0.0]",0,0,0,0,,,,,,,,,,,,,,,,,,,,,,,,,,,,1,0.201214,533,1786548385.797172308,finsrov_stereo_left_optical,"[-0.41734239421497155,-0.15780326252561605,0.7373293447549366]","[0.0,0.0,0.0,1.0]","[0.0025,0.0025,0.0025,1000000.0,1000000.0,1000000.0]",0.001014,804,1,[17],"[0.52504,1.055806,-0.322205]","[{""tag_id"":17,""target_match"":true,""family"":""tag25h9"",""hamming"":0,""decision_margin"":148.361237,""pixel_xy"":[982.52402,253.273419],""world_xy_yaw"":[0.52504,1.055806,-0.322205],""pnp_valid"":true,""pnp_camera_xyz"":[0.874358,-0.278557,1.585241],""pnp_camera_quat_xyzw"":[-0.150794,-0.116314,-0.170743,0.966736],""pnp_camera_rpy_deg"":[-15.191314,-16.044459,-17.878966],""pnp_reprojection_error_px"":0.048081}]",1,0.048081,148.361237,93.227361,,0,,0,,
2026-08-12T15:26:26.090201+00:00,21161.373870233,onboard_overhead_fish_dynamic,0,"[0.0,0.0,0.0,0.0]",0,0,0,0,,,,,,,,,,,,,,,,,,,,,,,,,,,,0,0.250351,533,1786548385.797172308,finsrov_stereo_left_optical,"[-0.41734239421497155,-0.15780326252561605,0.7373293447549366]","[0.0,0.0,0.0,1.0]","[0.0025,0.0025,0.0025,1000000.0,1000000.0,1000000.0]",0.000880,805,1,[17],"[0.52564,1.056459,-0.325581]","[{""tag_id"":17,""target_match"":true,""family"":""tag25h9"",""hamming"":0,""decision_margin"":154.28566,""pixel_xy"":[982.88109,252.738181],""world_xy_yaw"":[0.52564,1.056459,-0.325581],""pnp_valid"":true,""pnp_camera_xyz"":[0.874295,-0.279796,1.583202],""pnp_camera_quat_xyzw"":[-0.15081,-0.114227,-0.172556,0.966661],""pnp_camera_rpy_deg"":[-15.194064,-15.835956,-18.116819],""pnp_reprojection_error_px"":0.051263}]",1,0.051263,154.28566,91.171596,,0,,0,,
2026-08-12T15:26:26.141793+00:00,21161.425450490,onboard_overhead_fish_dynamic,0,"[0.0,0.0,0.0,0.0]",0,0,0,0,,,,,,,,,,,,,,,,,,,,,,,,,,,,0,0.301931,533,1786548385.797172308,finsrov_stereo_left_optical,"[-0.41734239421497155,-0.15780326252561605,0.7373293447549366]","[0.0,0.0,0.0,1.0]","[0.0025,0.0025,0.0025,1000000.0,1000000.0,1000000.0]",0.001388,807,1,[17],"[0.526756,1.057894,-0.333171]","[{""tag_id"":17,""target_match"":true,""family"":""tag25h9"",""hamming"":0,""decision_margin"":151.227692,""pixel_xy"":[983.545364,251.561985],""world_xy_yaw"":[0.526756,1.057894,-0.333171],""pnp_valid"":true,""pnp_camera_xyz"":[0.873981,-0.282145,1.578675],""pnp_camera_quat_xyzw"":[-0.151003,-0.110707,-0.176618,0.966306],""pnp_camera_rpy_deg"":[-15.204686,-15.503268,-18.6342],""pnp_reprojection_error_px"":0.063203}]",1,0.063203,151.227692,87.455003,,0,,0,,
2026-08-12T15:26:26.190500+00:00,21161.474166277,onboard_overhead_fish_dynamic,0,"[0.0,0.0,0.0,0.0]",0,0,0,0,,,,,,,,,,,,,,,,,,,,,,,,,,,,0,0.350647,533,1786548385.797172308,finsrov_stereo_left_optical,"[-0.41734239421497155,-0.15780326252561605,0.7373293447549366]","[0.0,0.0,0.0,1.0]","[0.0025,0.0025,0.0025,1000000.0,1000000.0,1000000.0]",0.001104,808,1,[17],"[0.527441,1.058423,-0.337283]","[{""tag_id"":17,""target_match"":true,""family"":""tag25h9"",""hamming"":0,""decision_margin"":149.263611,""pixel_xy"":[983.953286,251.128372],""world_xy_yaw"":[0.527441,1.058423,-0.337283],""pnp_valid"":true,""pnp_camera_xyz"":[0.876804,-0.284296,1.581908],""pnp_camera_quat_xyzw"":[-0.149095,-0.109003,-0.178405,0.966468],""pnp_camera_rpy_deg"":[-14.978691,-15.301326,-18.894135],""pnp_reprojection_error_px"":0.062069}]",1,0.062069,149.263611,91.355384,,0,,0,,
2026-08-12T15:26:26.241055+00:00,21161.524717823,onboard_overhead_fish_dynamic,0,"[0.0,0.0,0.0,0.0]",0,0,0,0,,,,,,,,,,,,,,,,,,,,,,,,,,,,0,0.401199,533,1786548385.797172308,finsrov_stereo_left_optical,"[-0.41734239421497155,-0.15780326252561605,0.7373293447549366]","[0.0,0.0,0.0,1.0]","[0.0025,0.0025,0.0025,1000000.0,1000000.0,1000000.0]",0.001017,810,1,[17],"[0.528701,1.059765,-0.342771]","[{""tag_id"":17,""target_match"":true,""family"":""tag25h9"",""hamming"":0,""decision_margin"":153.675949,""pixel_xy"":[984.703289,250.028741],""world_xy_yaw"":[0.528701,1.059765,-0.342771],""pnp_valid"":true,""pnp_camera_xyz"":[0.884017,-0.289235,1.590999],""pnp_camera_quat_xyzw"":[-0.14897,-0.113477,-0.181301,0.965433],""pnp_camera_rpy_deg"":[-14.846915,-15.850381,-19.193456],""pnp_reprojection_error_px"":0.083683}]",1,0.083683,153.675949,88.004554,,0,,0,,
2026-08-12T15:26:26.290221+00:00,21161.573890180,onboard_overhead_fish_dynamic,0,"[0.0,0.0,0.0,0.0]",0,0,0,0,,,,,,,,,,,,,,,,,,,,,,,,,,,,0,0.450371,533,1786548385.797172308,finsrov_stereo_left_optical,"[-0.41734239421497155,-0.15780326252561605,0.7373293447549366]","[0.0,0.0,0.0,1.0]","[0.0025,0.0025,0.0025,1000000.0,1000000.0,1000000.0]",0.000868,811,1,[17],"[0.529288,1.060514,-0.347677]","[{""tag_id"":17,""target_match"":true,""family"":""tag25h9"",""hamming"":0,""decision_margin"":152.583633,""pixel_xy"":[985.052641,249.414684],""world_xy_yaw"":[0.529288,1.060514,-0.347677],""pnp_valid"":true,""pnp_camera_xyz"":[0.89136,-0.293076,1.602302],""pnp_camera_quat_xyzw"":[-0.145262,-0.115537,-0.18317,0.965401],""pnp_camera_rpy_deg"":[-14.346857,-16.03916,-19.454797],""pnp_reprojection_error_px"":0.079565}]",1,0.079565,152.583633,89.148756,,0,,0,,
2026-08-12T15:26:26.340970+00:00,21161.624632938,onboard_overhead_fish_dynamic,0,"[0.0,0.0,0.0,0.0]",0,0,0,0,,,,,,,,,,,,,,,,,,,,,,,,,,,,0,0.501114,533,1786548385.797172308,finsrov_stereo_left_optical,"[-0.41734239421497155,-0.15780326252561605,0.7373293447549366]","[0.0,0.0,0.0,1.0]","[0.0025,0.0025,0.0025,1000000.0,1000000.0,1000000.0]",0.001013,813,1,[17],"[0.530409,1.06235,-0.359017]","[{""tag_id"":17,""target_match"":true,""family"":""tag25h9"",""hamming"":0,""decision_margin"":152.154922,""pixel_xy"":[985.719564,247.909877],""world_xy_yaw"":[0.530409,1.06235,-0.359017],""pnp_valid"":true,""pnp_camera_xyz"":[0.900615,-0.299543,1.615128],""pnp_camera_quat_xyzw"":[-0.146512,-0.115296,-0.187097,0.964487],""pnp_camera_rpy_deg"":[-14.432734,-16.094811,-19.905211],""pnp_reprojection_error_px"":0.05363}]",1,0.05363,152.154922,89.662011,,0,,0,,
2026-08-12T15:26:26.391974+00:00,21161.675628999,onboard_overhead_fish_dynamic,0,"[0.0,0.0,0.0,0.0]",0,0,0,0,,,,,,,,,,,,,,,,,,,,,,,,,,,,0,0.552110,533,1786548385.797172308,finsrov_stereo_left_optical,"[-0.41734239421497155,-0.15780326252561605,0.7373293447549366]","[0.0,0.0,0.0,1.0]","[0.0025,0.0025,0.0025,1000000.0,1000000.0,1000000.0]",0.002261,814,1,[17],"[0.53092,1.06329,-0.365261]","[{""tag_id"":17,""target_match"":true,""family"":""tag25h9"",""hamming"":0,""decision_margin"":148.598373,""pixel_xy"":[986.024091,247.13907],""world_xy_yaw"":[0.53092,1.06329,-0.365261],""pnp_valid"":true,""pnp_camera_xyz"":[0.90123,-0.301703,1.614555],""pnp_camera_quat_xyzw"":[-0.145326,-0.116063,-0.189678,0.964071],""pnp_camera_rpy_deg"":[-14.237353,-16.195494,-20.225264],""pnp_reprojection_error_px"":0.063688}]",1,0.063688,148.598373,88.450265,,0,,0,,
2026-08-12T15:26:26.440183+00:00,21161.723855596,onboard_overhead_fish_dynamic,0,"[0.0,0.0,0.0,0.0]",0,0,0,0,,,,,,,,,,,,,,,,,,,,,,,,,,,,0,0.600336,533,1786548385.797172308,finsrov_stereo_left_optical,"[-0.41734239421497155,-0.15780326252561605,0.7373293447549366]","[0.0,0.0,0.0,1.0]","[0.0025,0.0025,0.0025,1000000.0,1000000.0,1000000.0]",0.000456,816,1,[17],"[0.532125,1.06507,-0.375123]","[{""tag_id"":17,""target_match"":true,""family"":""tag25h9"",""hamming"":0,""decision_margin"":151.726288,""pixel_xy"":[986.741116,245.680368],""world_xy_yaw"":[0.532125,1.06507,-0.375123],""pnp_valid"":true,""pnp_camera_xyz"":[0.896973,-0.304162,1.603414],""pnp_camera_quat_xyzw"":[-0.146602,-0.111009,-0.193663,0.96368],""pnp_camera_rpy_deg"":[-14.409597,-15.708157,-20.727737],""pnp_reprojection_error_px"":0.031321}]",1,0.031321,151.726288,87.411625,,0,,0,,
2026-08-12T15:26:26.491461+00:00,21161.775123147,onboard_overhead_fish_dynamic,0,"[0.0,0.0,0.0,0.0]",0,0,0,0,,,,,,,,,,,,,,,,,,,,,,,,,,,,0,0.651604,533,1786548385.797172308,finsrov_stereo_left_optical,"[-0.41734239421497155,-0.15780326252561605,0.7373293447549366]","[0.0,0.0,0.0,1.0]","[0.0025,0.0025,0.0025,1000000.0,1000000.0,1000000.0]",0.001767,817,1,[17],"[0.532684,1.06594,-0.377026]","[{""tag_id"":17,""target_match"":true,""family"":""tag25h9"",""hamming"":0,""decision_margin"":149.624405,""pixel_xy"":[987.073945,244.967399],""world_xy_yaw"":[0.532684,1.06594,-0.377026],""pnp_valid"":true,""pnp_camera_xyz"":[0.895336,-0.305443,1.598758],""pnp_camera_quat_xyzw"":[-0.148981,-0.111944,-0.19515,0.962907],""pnp_camera_rpy_deg"":[-14.647799,-15.886341,-20.858811],""pnp_reprojection_error_px"":0.049074}]",1,0.049074,149.624405,85.989718,,0,,0,,
2026-08-12T15:26:26.540627+00:00,21161.824294463,onboard_overhead_fish_dynamic,0,"[0.0,0.0,0.0,0.0]",0,0,0,0,,,,,,,,,,,,,,,,,,,,,,,,,,,,0,0.700775,533,1786548385.797172308,finsrov_stereo_left_optical,"[-0.41734239421497155,-0.15780326252561605,0.7373293447549366]","[0.0,0.0,0.0,1.0]","[0.0025,0.0025,0.0025,1000000.0,1000000.0,1000000.0]",0.000770,819,1,[17],"[0.533764,1.067391,-0.375397]","[{""tag_id"":17,""target_match"":true,""family"":""tag25h9"",""hamming"":0,""decision_margin"":148.507492,""pixel_xy"":[987.716474,243.77749],""world_xy_yaw"":[0.533764,1.067391,-0.375397],""pnp_valid"":true,""pnp_camera_xyz"":[0.896058,-0.308782,1.596792],""pnp_camera_quat_xyzw"":[-0.154003,-0.112488,-0.196151,0.961849],""pnp_camera_rpy_deg"":[-15.211297,-16.06982,-20.892988],""pnp_reprojection_error_px"":0.108964}]",1,0.108964,148.507492,85.781659,,0,,0,,
2026-08-12T15:26:26.590568+00:00,21161.874232394,onboard_overhead_fish_dynamic,0,"[0.0,0.0,0.0,0.0]",0,0,0,0,,,,,,,,,,,,,,,,,,,,,,,,,,,,0,0.750713,533,1786548385.797172308,finsrov_stereo_left_optical,"[-0.41734239421497155,-0.15780326252561605,0.7373293447549366]","[0.0,0.0,0.0,1.0]","[0.0025,0.0025,0.0025,1000000.0,1000000.0,1000000.0]",0.001163,820,1,[17],"[0.53425,1.068066,-0.380304]","[{""tag_id"":17,""target_match"":true,""family"":""tag25h9"",""hamming"":0,""decision_margin"":150.239609,""pixel_xy"":[988.005731,243.224921],""world_xy_yaw"":[0.53425,1.068066,-0.380304],""pnp_valid"":true,""pnp_camera_xyz"":[0.899619,-0.311278,1.601647],""pnp_camera_quat_xyzw"":[-0.155622,-0.114175,-0.197714,0.96107],""pnp_camera_rpy_deg"":[-15.345635,-16.319781,-21.036416],""pnp_reprojection_error_px"":0.086815}]",1,0.086815,150.239609,85.105487,,0,,0,,
2026-08-12T15:26:26.640659+00:00,21161.924324549,onboard_overhead_fish_dynamic,0,"[0.0,0.0,0.0,0.0]",0,0,0,0,,,,,,,,,,,,,,,,,,,,,,,,,,,,0,0.800805,533,1786548385.797172308,finsrov_stereo_left_optical,"[-0.41734239421497155,-0.15780326252561605,0.7373293447549366]","[0.0,0.0,0.0,1.0]","[0.0025,0.0025,0.0025,1000000.0,1000000.0,1000000.0]",0.000773,822,1,"[16,17]","[0.281089,0.562793,-0.078696]","[{""tag_id"":16,""target_match"":true,""family"":""tag25h9"",""hamming"":0,""decision_margin"":156.315613,""pixel_xy"":[837.314602,657.382773],""world_xy_yaw"":[0.281089,0.562793,-0.078696],""pnp_valid"":true,""pnp_camera_xyz"":[0.376261,0.751241,1.323688],""pnp_camera_quat_xyzw"":[-0.455855,0.216097,-0.042419,0.86238],""pnp_camera_rpy_deg"":[-58.606107,19.514253,-16.657187],""pnp_reprojection_error_px"":0.177406},{""tag_id"":17,""target_match"":true,""family"":""tag25h9"",""hamming"":0,""decision_margin"":147.379684,""pixel_xy"":[988.484463,242.223981],""world_xy_yaw"":[0.535054,1.069287,-0.388838],""pnp_valid"":true,""pnp_camera_xyz"":[0.903897,-0.314863,1.606458],""pnp_camera_quat_xyzw"":[-0.157441,-0.116262,-0.200852,0.959872],""pnp_camera_rpy_deg"":[-15.469137,-16.644815,-21.360645],""pnp_reprojection_error_px"":0.018738}]",1,0.177406,156.315613,87.723777,,0,,0,,
2026-08-12T15:26:26.691933+00:00,21161.975589317,onboard_overhead_fish_dynamic,0,"[0.0,0.0,0.0,0.0]",0,0,0,0,,,,,,,,,,,,,,,,,,,,,,,,,,,,1,0.002025,534,1786548386.647119284,finsrov_stereo_left_optical,"[-0.616417212094613,0.2788131871988943,0.6541886163570529]","[0.0,0.0,0.0,1.0]","[0.0025,0.0025,0.0025,1000000.0,1000000.0,1000000.0]",0.001779,823,1,[17],"[0.535508,1.069823,-0.392774]","[{""tag_id"":17,""target_match"":true,""family"":""tag25h9"",""hamming"":0,""decision_margin"":152.342087,""pixel_xy"":[988.75497,241.784727],""world_xy_yaw"":[0.535508,1.069823,-0.392774],""pnp_valid"":true,""pnp_camera_xyz"":[0.905293,-0.316311,1.60736],""pnp_camera_quat_xyzw"":[-0.155473,-0.114934,-0.202877,0.959926],""pnp_camera_rpy_deg"":[-15.227082,-16.483618,-21.648944],""pnp_reprojection_error_px"":0.049431}]",1,0.049431,152.342087,87.709991,,0,,0,,
2026-08-12T15:26:26.741048+00:00,21162.024712162,onboard_overhead_fish_dynamic,0,"[0.0,0.0,0.0,0.0]",0,0,0,0,,,,,,,,,,,,,,,,,,,,,,,,,,,,1,0.001304,535,1786548386.697396994,finsrov_stereo_left_optical,"[-0.6177671461107429,0.27890729131781933,0.655928677106076]","[0.0,0.0,0.0,1.0]","[0.0025,0.0025,0.0025,1000000.0,1000000.0,1000000.0]",0.000677,825,1,"[16,17]","[0.283529,0.560957,-0.076998]","[{""tag_id"":16,""target_match"":true,""family"":""tag25h9"",""hamming"":0,""decision_margin"":161.621124,""pixel_xy"":[838.767366,658.887742],""world_xy_yaw"":[0.283529,0.560957,-0.076998],""pnp_valid"":true,""pnp_camera_xyz"":[0.361614,0.71598,1.258413],""pnp_camera_quat_xyzw"":[-0.005636,-0.02442,-0.02489,0.999376],""pnp_camera_rpy_deg"":[-0.576542,-2.813789,-2.839222],""pnp_reprojection_error_px"":0.810473},{""tag_id"":17,""target_match"":true,""family"":""tag25h9"",""hamming"":0,""decision_margin"":148.445969,""pixel_xy"":[989.429318,240.855732],""world_xy_yaw"":[0.536641,1.070956,-0.404054],""pnp_valid"":true,""pnp_camera_xyz"":[0.909099,-0.319686,1.610508],""pnp_camera_quat_xyzw"":[-0.148918,-0.108063,-0.20681,0.960924],""pnp_camera_rpy_deg"":[-14.522736,-15.621185,-22.289221],""pnp_reprojection_error_px"":0.05867}]",1,0.810473,161.621124,88.646648,,0,,0,,
2026-08-12T15:26:26.790001+00:00,21162.073673432,onboard_overhead_fish_dynamic,0,"[0.0,0.0,0.0,0.0]",0,0,0,0,,,,,,,,,,,,,,,,,,,,,,,,,,,,1,0.000679,536,1786548386.747082233,finsrov_stereo_left_optical,"[-0.6213292195545707,-0.5615037410742959,0.6281625173084067]","[0.0,0.0,0.0,1.0]","[0.0025,0.0025,0.0025,1000000.0,1000000.0,1000000.0]",0.000571,826,1,"[16,17]","[0.284152,0.561312,-0.094999]","[{""tag_id"":16,""target_match"":true,""family"":""tag25h9"",""hamming"":0,""decision_margin"":158.481171,""pixel_xy"":[839.138275,658.596508],""world_xy_yaw"":[0.284152,0.561312,-0.094999],""pnp_valid"":true,""pnp_camera_xyz"":[0.368976,0.730083,1.283572],""pnp_camera_quat_xyzw"":[-0.007742,0.005403,-0.045033,0.998941],""pnp_camera_rpy_deg"":[-0.914241,0.578555,-5.166978],""pnp_reprojection_error_px"":0.659578},{""tag_id"":17,""target_match"":true,""family"":""tag25h9"",""hamming"":0,""decision_margin"":148.324692,""pixel_xy"":[989.850463,240.373979],""world_xy_yaw"":[0.537349,1.071544,-0.413243],""pnp_valid"":true,""pnp_camera_xyz"":[0.912556,-0.32212,1.614586],""pnp_camera_quat_xyzw"":[-0.143742,-0.104229,-0.210234,0.961393],""pnp_camera_rpy_deg"":[-13.939704,-15.120408,-22.810961],""pnp_reprojection_error_px"":0.056349}]",1,0.659578,158.481171,88.943009,,0,,0,,
2026-08-12T15:26:26.840855+00:00,21162.124521614,onboard_overhead_fish_dynamic,0,"[0.0,0.0,0.0,0.0]",0,0,0,0,,,,,,,,,,,,,,,,,,,,,,,,,,,,1,0.001188,537,1786548386.797082663,finsrov_stereo_left_optical,"[-0.6300073060571256,-0.5709799993638012,0.6228450144977064]","[0.0,0.0,0.0,1.0]","[0.0025,0.0025,0.0025,1000000.0,1000000.0,1000000.0]",0.000617,828,1,"[16,17]","[0.283885,0.562873,-0.096455]","[{""tag_id"":16,""target_match"":true,""family"":""tag25h9"",""hamming"":0,""decision_margin"":157.018677,""pixel_xy"":[838.978966,657.316892],""world_xy_yaw"":[0.283885,0.562873,-0.096455],""pnp_valid"":true,""pnp_camera_xyz"":[0.370617,0.733086,1.291154],""pnp_camera_quat_xyzw"":[-0.465749,0.23003,-0.044054,0.85336],""pnp_camera_rpy_deg"":[-60.546558,20.582764,-18.010903],""pnp_reprojection_error_px"":0.333886},{""tag_id"":17,""target_match"":true,""family"":""tag25h9"",""hamming"":0,""decision_margin"":147.56752,""pixel_xy"":[990.625487,239.071951],""world_xy_yaw"":[0.538651,1.073132,-0.423779],""pnp_valid"":true,""pnp_camera_xyz"":[0.919515,-0.327633,1.623078],""pnp_camera_quat_xyzw"":[-0.147192,-0.095925,-0.212661,0.961201],""pnp_camera_rpy_deg"":[-14.471998,-14.300678,-23.125847],""pnp_reprojection_error_px"":0.038222}]",1,0.333886,157.018677,92.319399,,0,,0,,
2026-08-12T15:26:26.890398+00:00,21162.174066150,onboard_overhead_fish_dynamic,0,"[0.0,0.0,0.0,0.0]",0,0,0,0,,,,,,,,,,,,,,,,,,,,,,,,,,,,1,0.000888,538,1786548386.847069263,finsrov_stereo_left_optical,"[-0.622517054964155,0.2513904143771889,0.6873147067726953]","[0.0,0.0,0.0,1.0]","[0.0025,0.0025,0.0025,1000000.0,1000000.0,1000000.0]",0.000762,829,1,"[16,17]","[0.284762,0.561862,-0.112056]","[{""tag_id"":16,""target_match"":true,""family"":""tag25h9"",""hamming"":0,""decision_margin"":154.333145,""pixel_xy"":[839.501155,658.145879],""world_xy_yaw"":[0.284762,0.561862,-0.112056],""pnp_valid"":true,""pnp_camera_xyz"":[0.370413,0.730412,1.283947],""pnp_camera_quat_xyzw"":[-0.031587,-0.017172,-0.042986,0.998429],""pnp_camera_rpy_deg"":[-3.534045,-2.120733,-4.86509],""pnp_reprojection_error_px"":0.120947},{""tag_id"":17,""target_match"":true,""family"":""tag25h9"",""hamming"":0,""decision_margin"":150.349167,""pixel_xy"":[990.961629,238.346542],""world_xy_yaw"":[0.539216,1.074017,-0.421982],""pnp_valid"":true,""pnp_camera_xyz"":[0.921619,-0.330202,1.62492],""pnp_camera_quat_xyzw"":[-0.152362,-0.096426,-0.213291,0.960206],""pnp_camera_rpy_deg"":[-15.053656,-14.487726,-23.123254],""pnp_reprojection_error_px"":0.027386}]",1,0.120947,154.333145,92.449195,,0,,0,,
2026-08-12T15:26:26.942178+00:00,21162.225832091,onboard_overhead_fish_dynamic,0,"[0.0,0.0,0.0,0.0]",0,0,0,0,,,,,,,,,,,,,,,,,,,,,,,,,,,,1,0.002229,539,1786548386.897067785,finsrov_stereo_left_optical,"[-0.6557104834877459,-0.5040914412609989,0.653123206391174]","[0.0,0.0,0.0,1.0]","[0.0025,0.0025,0.0025,1000000.0,1000000.0,1000000.0]",0.001219,831,1,"[16,17]","[0.284095,0.562016,-0.097238]","[{""tag_id"":16,""target_match"":true,""family"":""tag25h9"",""hamming"":0,""decision_margin"":155.626999,""pixel_xy"":[839.103894,658.019523],""world_xy_yaw"":[0.284095,0.562016,-0.097238],""pnp_valid"":true,""pnp_camera_xyz"":[0.372838,0.736204,1.294087],""pnp_camera_quat_xyzw"":[-0.023946,0.002601,-0.052063,0.998353],""pnp_camera_rpy_deg"":[-2.756027,0.154694,-5.97409],""pnp_reprojection_error_px"":0.152559},{""tag_id"":17,""target_match"":true,""family"":""tag25h9"",""hamming"":0,""decision_margin"":148.848557,""pixel_xy"":[991.591794,236.85877],""world_xy_yaw"":[0.540274,1.075832,-0.415498],""pnp_valid"":true,""pnp_camera_xyz"":[0.923385,-0.334776,1.624683],""pnp_camera_quat_xyzw"":[-0.16269,-0.1033,-0.213581,0.957729],""pnp_camera_rpy_deg"":[-16.117388,-15.507316,-22.93457],""pnp_reprojection_error_px"":0.072441}]",1,0.152559,155.626999,93.014558,,0,,0,,
2026-08-12T15:26:26.990462+00:00,21162.274130781,onboard_overhead_fish_dynamic,0,"[0.0,0.0,0.0,0.0]",0,0,0,0,,,,,,,,,,,,,,,,,,,,,,,,,,,,1,0.000948,540,1786548386.946955442,finsrov_stereo_left_optical,"[-0.65629122207964,-0.5333742482698383,0.646125589799675]","[0.0,0.0,0.0,1.0]","[0.0025,0.0025,0.0025,1000000.0,1000000.0,1000000.0]",0.000817,832,1,"[16,17]","[0.284852,0.562087,-0.110437]","[{""tag_id"":16,""target_match"":true,""family"":""tag25h9"",""hamming"":0,""decision_margin"":154.869995,""pixel_xy"":[839.55448,657.961536],""world_xy_yaw"":[0.284852,0.562087,-0.110437],""pnp_valid"":true,""pnp_camera_xyz"":[0.3783,0.746308,1.312173],""pnp_camera_quat_xyzw"":[-0.036333,0.005951,-0.051175,0.998011],""pnp_camera_rpy_deg"":[-4.193958,0.46754,-5.887887],""pnp_reprojection_error_px"":0.203858},{""tag_id"":17,""target_match"":true,""family"":""tag25h9"",""hamming"":0,""decision_margin"":148.950256,""pixel_xy"":[991.847972,236.103684],""world_xy_yaw"":[0.540705,1.076753,-0.415278],""pnp_valid"":true,""pnp_camera_xyz"":[0.923578,-0.336772,1.623544],""pnp_camera_quat_xyzw"":[-0.162952,-0.108267,-0.214283,0.956978],""pnp_camera_rpy_deg"":[-16.039515,-16.084445,-22.961675],""pnp_reprojection_error_px"":0.071334}]",1,0.203858,154.869995,94.668227,,0,,0,,
2026-08-12T15:26:27.042029+00:00,21162.325686277,onboard_overhead_fish_dynamic,0,"[0.0,0.0,0.0,0.0]",0,0,0,0,,,,,,,,,,,,,,,,,,,,,,,,,,,,1,0.002056,541,1786548386.997064829,finsrov_stereo_left_optical,"[-0.6483114885309518,-0.4910958469033347,0.6690615693510357]","[0.0,0.0,0.0,1.0]","[0.0025,0.0025,0.0025,1000000.0,1000000.0,1000000.0]",0.001103,834,1,"[16,17]","[0.285465,0.562111,-0.084633]","[{""tag_id"":16,""target_match"":true,""family"":""tag25h9"",""hamming"":0,""decision_margin"":154.738663,""pixel_xy"":[839.919864,657.942032],""world_xy_yaw"":[0.285465,0.562111,-0.084633],""pnp_valid"":true,""pnp_camera_xyz"":[0.372862,0.730814,1.286496],""pnp_camera_quat_xyzw"":[-0.012747,0.013277,-0.056512,0.998232],""pnp_camera_rpy_deg"":[-1.5448,1.436382,-6.499747],""pnp_reprojection_error_px"":0.446066},{""tag_id"":17,""target_match"":true,""family"":""tag25h9"",""hamming"":0,""decision_margin"":149.152939,""pixel_xy"":[992.433694,234.573469],""world_xy_yaw"":[0.541689,1.07862,-0.427542],""pnp_valid"":true,""pnp_camera_xyz"":[0.921739,-0.339902,1.617253],""pnp_camera_quat_xyzw"":[-0.161903,-0.115738,-0.218052,0.955429],""pnp_camera_rpy_deg"":[-15.704571,-16.963741,-23.355764],""pnp_reprojection_error_px"":0.027972}]",1,0.446066,154.738663,94.11042,,0,,0,,
2026-08-12T15:26:27.090806+00:00,21162.374472249,onboard_overhead_fish_dynamic,0,"[0.0,0.0,0.0,0.0]",0,0,0,0,,,,,,,,,,,,,,,,,,,,,,,,,,,,1,0.001144,542,1786548387.046978712,finsrov_stereo_left_optical,"[-0.6527489664266055,-0.5698226482293085,0.6309945876606846]","[0.0,0.0,0.0,1.0]","[0.0025,0.0025,0.0025,1000000.0,1000000.0,1000000.0]",0.000994,835,1,"[16,17]","[0.285788,0.56304,-0.103731]","[{""tag_id"":16,""target_match"":true,""family"":""tag25h9"",""hamming"":0,""decision_margin"":157.014542,""pixel_xy"":[840.112064,657.17995],""world_xy_yaw"":[0.285788,0.56304,-0.103731],""pnp_valid"":true,""pnp_camera_xyz"":[0.375979,0.73664,1.299406],""pnp_camera_quat_xyzw"":[-0.477794,0.185209,-0.047718,0.857399],""pnp_camera_rpy_deg"":[-60.434152,15.783149,-15.601838],""pnp_reprojection_error_px"":0.286712},{""tag_id"":17,""target_match"":true,""family"":""tag25h9"",""hamming"":0,""decision_margin"":149.840973,""pixel_xy"":[992.686481,233.791789],""world_xy_yaw"":[0.542113,1.079574,-0.43747],""pnp_valid"":true,""pnp_camera_xyz"":[0.924423,-0.342682,1.620369],""pnp_camera_quat_xyzw"":[-0.155789,-0.11581,-0.221116,0.955733],""pnp_camera_rpy_deg"":[-14.931459,-16.873614,-23.826191],""pnp_reprojection_error_px"":0.053699}]",1,0.286712,157.014542,95.345168,,0,,0,,
2026-08-12T15:26:27.142095+00:00,21162.425752144,onboard_overhead_fish_dynamic,0,"[0.0,0.0,0.0,0.0]",0,0,0,0,,,,,,,,,,,,,,,,,,,,,,,,,,,,1,0.002050,543,1786548387.097149849,finsrov_stereo_left_optical,"[-0.65615961112367,0.33163728056856934,0.6500142933723719]","[0.0,0.0,0.0,1.0]","[0.0025,0.0025,0.0025,1000000.0,1000000.0,1000000.0]",0.001102,837,1,"[16,17]","[0.543075,1.081269,-0.461409]","[{""tag_id"":16,""target_match"":true,""family"":""tag25h9"",""hamming"":0,""decision_margin"":150.017471,""pixel_xy"":[840.655064,657.16781],""world_xy_yaw"":[0.2867,0.563055,-0.111291],""pnp_valid"":true,""pnp_camera_xyz"":[0.376726,0.735614,1.296624],""pnp_camera_quat_xyzw"":[-0.023113,0.023254,-0.065548,0.997311],""pnp_camera_rpy_deg"":[-2.81984,2.484704,-7.5818],""pnp_reprojection_error_px"":0.08019},{""tag_id"":17,""target_match"":true,""family"":""tag25h9"",""hamming"":0,""decision_margin"":152.814499,""pixel_xy"":[993.259064,232.402203],""world_xy_yaw"":[0.543075,1.081269,-0.461409],""pnp_valid"":true,""pnp_camera_xyz"":[0.930135,-0.348051,1.627213],""pnp_camera_quat_xyzw"":[-0.145242,-0.109956,-0.228282,0.9564],""pnp_camera_rpy_deg"":[-13.701317,-16.059592,-24.90746],""pnp_reprojection_error_px"":0.113754}]",1,0.113754,152.814499,97.542105,,0,,0,,
2026-08-12T15:26:27.191545+00:00,21162.475205040,onboard_overhead_fish_dynamic,0,"[0.0,0.0,0.0,0.0]",0,0,0,0,,,,,,,,,,,,,,,,,,,,,,,,,,,,1,0.001739,544,1786548387.146987915,finsrov_stereo_left_optical,"[-0.6682758365622028,-0.5602046223208907,0.6413343128650505]","[0.0,0.0,0.0,1.0]","[0.0025,0.0025,0.0025,1000000.0,1000000.0,1000000.0]",0.001525,838,1,"[16,17]","[0.287398,0.563002,-0.129185]","[{""tag_id"":16,""target_match"":true,""family"":""tag25h9"",""hamming"":0,""decision_margin"":152.4198,""pixel_xy"":[841.070133,657.211487],""world_xy_yaw"":[0.287398,0.563002,-0.129185],""pnp_valid"":true,""pnp_camera_xyz"":[0.373226,0.726444,1.280661],""pnp_camera_quat_xyzw"":[-0.022235,0.004218,-0.065166,0.997618],""pnp_camera_rpy_deg"":[-2.57433,0.316157,-7.481764],""pnp_reprojection_error_px"":0.073195},{""tag_id"":17,""target_match"":true,""family"":""tag25h9"",""hamming"":0,""decision_margin"":150.506256,""pixel_xy"":[993.588761,231.857353],""world_xy_yaw"":[0.543629,1.081934,-0.469294],""pnp_valid"":true,""pnp_camera_xyz"":[0.933102,-0.350521,1.630737],""pnp_camera_quat_xyzw"":[-0.140638,-0.104533,-0.231282,0.956976],""pnp_camera_rpy_deg"":[-13.239136,-15.374397,-25.378615],""pnp_reprojection_error_px"":0.092085}]",1,0.073195,152.4198,97.720653,,0,,0,,
2026-08-12T15:26:27.242330+00:00,21162.525975377,onboard_overhead_fish_dynamic,0,"[0.0,0.0,0.0,0.0]",0,0,0,0,,,,,,,,,,,,,,,,,,,,,,,,,,,,1,0.002256,545,1786548387.197013140,finsrov_stereo_left_optical,"[-0.6907800992334787,-0.5586780371958072,0.6327998563705984]","[0.0,0.0,0.0,1.0]","[0.0025,0.0025,0.0025,1000000.0,1000000.0,1000000.0]",0.001216,840,1,"[16,17]","[0.288218,0.563123,-0.143659]","[{""tag_id"":16,""target_match"":true,""family"":""tag25h9"",""hamming"":0,""decision_margin"":151.765289,""pixel_xy"":[841.558384,657.111987],""world_xy_yaw"":[0.288218,0.563123,-0.143659],""pnp_valid"":true,""pnp_camera_xyz"":[0.368995,0.716449,1.262222],""pnp_camera_quat_xyzw"":[-0.024617,0.003412,-0.070703,0.997188],""pnp_camera_rpy_deg"":[-2.841758,0.190491,-8.115999],""pnp_reprojection_error_px"":0.217464},{""tag_id"":17,""target_match"":true,""family"":""tag25h9"",""hamming"":0,""decision_margin"":147.20433,""pixel_xy"":[994.234624,230.986573],""world_xy_yaw"":[0.544714,1.082996,-0.472517],""pnp_valid"":true,""pnp_camera_xyz"":[0.940642,-0.35599,1.640984],""pnp_camera_quat_xyzw"":[-0.142329,-0.097331,-0.235077,0.95656],""pnp_camera_rpy_deg"":[-13.542017,-14.662367,-25.863628],""pnp_reprojection_error_px"":0.096407}]",1,0.217464,151.765289,98.502726,,0,,0,,
2026-08-12T15:26:27.290829+00:00,21162.574494482,onboard_overhead_fish_dynamic,0,"[0.0,0.0,0.0,0.0]",0,0,0,0,,,,,,,,,,,,,,,,,,,,,,,,,,,,1,0.001277,546,1786548387.246976137,finsrov_stereo_left_optical,"[-0.7136185951657779,-0.5818890497844725,0.6224185501517847]","[0.0,0.0,0.0,1.0]","[0.0025,0.0025,0.0025,1000000.0,1000000.0,1000000.0]",0.001106,841,1,"[16,17]","[0.288733,0.562823,-0.157838]","[{""tag_id"":16,""target_match"":true,""family"":""tag25h9"",""hamming"":0,""decision_margin"":151.874542,""pixel_xy"":[841.864701,657.35818],""world_xy_yaw"":[0.288733,0.562823,-0.157838],""pnp_valid"":true,""pnp_camera_xyz"":[0.367978,0.713961,1.257195],""pnp_camera_quat_xyzw"":[-0.033514,-0.014144,-0.064335,0.997265],""pnp_camera_rpy_deg"":[-3.730243,-1.86372,-7.321492],""pnp_reprojection_error_px"":0.17894},{""tag_id"":17,""target_match"":true,""family"":""tag25h9"",""hamming"":0,""decision_margin"":145.840729,""pixel_xy"":[994.482715,230.534167],""world_xy_yaw"":[0.545131,1.083548,-0.467136],""pnp_valid"":true,""pnp_camera_xyz"":[0.943251,-0.358297,1.644396],""pnp_camera_quat_xyzw"":[-0.146681,-0.097256,-0.233953,0.956186],""pnp_camera_rpy_deg"":[-14.064347,-14.751193,-25.667609],""pnp_reprojection_error_px"":0.153212}]",1,0.17894,151.874542,98.016611,,0,,0,,
2026-08-12T15:26:27.341433+00:00,21162.625093275,onboard_overhead_fish_dynamic,0,"[0.0,0.0,0.0,0.0]",0,0,0,0,,,,,,,,,,,,,,,,,,,,,,,,,,,,1,0.001763,547,1786548387.296936989,finsrov_stereo_left_optical,"[-0.722547106344799,-0.5487182228236129,0.637820095322825]","[0.0,0.0,0.0,1.0]","[0.0025,0.0025,0.0025,1000000.0,1000000.0,1000000.0]",0.000935,843,1,"[16,17]","[0.289119,0.562188,-0.142202]","[{""tag_id"":16,""target_match"":true,""family"":""tag25h9"",""hamming"":0,""decision_margin"":149.10231,""pixel_xy"":[842.094509,657.87856],""world_xy_yaw"":[0.289119,0.562188,-0.142202],""pnp_valid"":true,""pnp_camera_xyz"":[0.366234,0.708668,1.247238],""pnp_camera_quat_xyzw"":[-0.029229,-0.008152,-0.068646,0.99718],""pnp_camera_rpy_deg"":[-3.278251,-1.161465,-7.842812],""pnp_reprojection_error_px"":0.283618},{""tag_id"":17,""target_match"":true,""family"":""tag25h9"",""hamming"":0,""decision_margin"":147.995453,""pixel_xy"":[994.798127,229.339403],""world_xy_yaw"":[0.545661,1.085006,-0.466633],""pnp_valid"":true,""pnp_camera_xyz"":[0.947745,-0.362981,1.650338],""pnp_camera_quat_xyzw"":[-0.156771,-0.098211,-0.234289,0.954403],""pnp_camera_rpy_deg"":[-15.207321,-15.124948,-25.554089],""pnp_reprojection_error_px"":0.080444}]",1,0.283618,149.10231,96.062798,,0,,0,,
2026-08-12T15:26:27.390720+00:00,21162.674390401,onboard_overhead_fish_dynamic,0,"[0.0,0.0,0.0,0.0]",0,0,0,0,,,,,,,,,,,,,,,,,,,,,,,,,,,,1,0.001143,548,1786548387.346913099,finsrov_stereo_left_optical,"[-0.7314736976381496,-0.5814763995847476,0.6277434144371549]","[0.0,0.0,0.0,1.0]","[0.0025,0.0025,0.0025,1000000.0,1000000.0,1000000.0]",0.000983,844,1,"[16,17]","[0.289119,0.562402,-0.128518]","[{""tag_id"":16,""target_match"":true,""family"":""tag25h9"",""hamming"":0,""decision_margin"":154.244827,""pixel_xy"":[842.094717,657.70324],""world_xy_yaw"":[0.289119,0.562402,-0.128518],""pnp_valid"":true,""pnp_camera_xyz"":[0.370204,0.715508,1.259642],""pnp_camera_quat_xyzw"":[-0.024867,0.009821,-0.076085,0.996743],""pnp_camera_rpy_deg"":[-2.927526,0.905024,-8.75336],""pnp_reprojection_error_px"":0.342451},{""tag_id"":17,""target_match"":true,""family"":""tag25h9"",""hamming"":0,""decision_margin"":148.375519,""pixel_xy"":[994.908446,228.658282],""world_xy_yaw"":[0.545846,1.085837,-0.470182],""pnp_valid"":true,""pnp_camera_xyz"":[0.947711,-0.364678,1.649536],""pnp_camera_quat_xyzw"":[-0.159355,-0.099532,-0.235301,0.953589],""pnp_camera_rpy_deg"":[-15.461844,-15.356188,-25.62496],""pnp_reprojection_error_px"":0.024682}]",1,0.342451,154.244827,97.610164,,0,,0,,
2026-08-12T15:26:27.440198+00:00,21162.723869287,onboard_overhead_fish_dynamic,0,"[0.0,0.0,0.0,0.0]",0,0,0,0,,,,,,,,,,,,,,,,,,,,,,,,,,,,1,0.000720,549,1786548387.397052526,finsrov_stereo_left_optical,"[-0.7244561199219175,-0.600708704009029,0.6229230792311706]","[0.0,0.0,0.0,1.0]","[0.0025,0.0025,0.0025,1000000.0,1000000.0,1000000.0]",0.000357,846,1,"[16,17]","[0.546265,1.08749,-0.482242]","[{""tag_id"":16,""target_match"":true,""family"":""tag25h9"",""hamming"":0,""decision_margin"":148.440475,""pixel_xy"":[842.685216,657.259996],""world_xy_yaw"":[0.290111,0.562943,-0.137401],""pnp_valid"":true,""pnp_camera_xyz"":[0.375043,0.721958,1.272618],""pnp_camera_quat_xyzw"":[-0.020272,0.023698,-0.085221,0.995874],""pnp_camera_rpy_deg"":[-2.548108,2.507252,-9.838046],""pnp_reprojection_error_px"":0.180463},{""tag_id"":17,""target_match"":true,""family"":""tag25h9"",""hamming"":0,""decision_margin"":151.386566,""pixel_xy"":[995.15805,227.303427],""world_xy_yaw"":[0.546265,1.08749,-0.482242],""pnp_valid"":true,""pnp_camera_xyz"":[0.944516,-0.366808,1.642156],""pnp_camera_quat_xyzw"":[-0.159826,-0.100656,-0.240186,0.952174],""pnp_camera_rpy_deg"":[-15.412637,-15.57268,-26.194993],""pnp_reprojection_error_px"":0.10226}]",1,0.10226,151.386566,96.896332,,0,,0,,
2026-08-12T15:26:27.491236+00:00,21162.774899298,onboard_overhead_fish_dynamic,0,"[0.0,0.0,0.0,0.0]",0,0,0,0,,,,,,,,,,,,,,,,,,,,,,,,,,,,1,0.001514,550,1786548387.447144270,finsrov_stereo_left_optical,"[-0.721358812508264,-0.6076775772693963,0.6153752144826186]","[0.0,0.0,0.0,1.0]","[0.0025,0.0025,0.0025,1000000.0,1000000.0,1000000.0]",0.001322,847,1,"[16,17]","[0.290801,0.563195,-0.150604]","[{""tag_id"":16,""target_match"":true,""family"":""tag25h9"",""hamming"":0,""decision_margin"":149.84288,""pixel_xy"":[843.096076,657.053024],""world_xy_yaw"":[0.290801,0.563195,-0.150604],""pnp_valid"":true,""pnp_camera_xyz"":[0.376195,0.722355,1.274103],""pnp_camera_quat_xyzw"":[-0.020531,0.021674,-0.087887,0.995683],""pnp_camera_rpy_deg"":[-2.563636,2.266753,-10.139374],""pnp_reprojection_error_px"":0.089913},{""tag_id"":17,""target_match"":true,""family"":""tag25h9"",""hamming"":0,""decision_margin"":143.836746,""pixel_xy"":[995.410798,226.726851],""world_xy_yaw"":[0.54669,1.088193,-0.484416],""pnp_valid"":true,""pnp_camera_xyz"":[0.94183,-0.367332,1.636085],""pnp_camera_quat_xyzw"":[-0.158038,-0.100884,-0.242496,0.951862],""pnp_camera_rpy_deg"":[-15.162124,-15.587118,-26.498094],""pnp_reprojection_error_px"":0.106741}]",1,0.089913,149.84288,96.496971,,0,,0,,
2026-08-12T15:26:27.542413+00:00,21162.826066568,onboard_overhead_fish_dynamic,0,"[0.0,0.0,0.0,0.0]",0,0,0,0,,,,,,,,,,,,,,,,,,,,,,,,,,,,1,0.002370,551,1786548387.497049570,finsrov_stereo_left_optical,"[-0.7253961431844318,-0.5970002500382892,0.612697186027648]","[0.0,0.0,0.0,1.0]","[0.0025,0.0025,0.0025,1000000.0,1000000.0,1000000.0]",0.001331,849,1,"[16,17]","[0.292312,0.56376,-0.17659]","[{""tag_id"":16,""target_match"":true,""family"":""tag25h9"",""hamming"":0,""decision_margin"":150.930984,""pixel_xy"":[843.995162,656.590246],""world_xy_yaw"":[0.292312,0.56376,-0.17659],""pnp_valid"":true,""pnp_camera_xyz"":[0.374255,0.71483,1.261735],""pnp_camera_quat_xyzw"":[-0.025945,0.005841,-0.085742,0.995962],""pnp_camera_rpy_deg"":[-3.019894,0.411709,-9.851692],""pnp_reprojection_error_px"":0.200573},{""tag_id"":17,""target_match"":true,""family"":""tag25h9"",""hamming"":0,""decision_margin"":144.849747,""pixel_xy"":[996.038883,225.655552],""world_xy_yaw"":[0.547745,1.0895,-0.492312],""pnp_valid"":true,""pnp_camera_xyz"":[0.937923,-0.368589,1.626257],""pnp_camera_quat_xyzw"":[-0.153528,-0.103809,-0.245729,0.951457],""pnp_camera_rpy_deg"":[-14.516168,-15.842345,-26.931843],""pnp_reprojection_error_px"":0.087746}]",1,0.200573,150.930984,96.583724,,0,,0,,
2026-08-12T15:26:27.591928+00:00,21162.875577695,onboard_overhead_fish_dynamic,0,"[0.0,0.0,0.0,0.0]",0,0,0,0,,,,,,,,,,,,,,,,,,,,,,,,,,,,1,0.002155,552,1786548387.546973705,finsrov_stereo_left_optical,"[-0.7346546931806587,-0.5680176458595746,0.6133994473916051]","[0.0,0.0,0.0,1.0]","[0.0025,0.0025,0.0025,1000000.0,1000000.0,1000000.0]",0.001951,850,1,"[16,17]","[0.292875,0.563978,-0.184243]","[{""tag_id"":16,""target_match"":true,""family"":""tag25h9"",""hamming"":0,""decision_margin"":151.07695,""pixel_xy"":[844.330222,656.411745],""world_xy_yaw"":[0.292875,0.563978,-0.184243],""pnp_valid"":true,""pnp_camera_xyz"":[0.373304,0.711386,1.255855],""pnp_camera_quat_xyzw"":[-0.033738,0.003205,-0.087005,0.995631],""pnp_camera_rpy_deg"":[-3.884114,0.029258,-9.989385],""pnp_reprojection_error_px"":0.306584},{""tag_id"":17,""target_match"":true,""family"":""tag25h9"",""hamming"":0,""decision_margin"":149.574326,""pixel_xy"":[996.381567,225.070876],""world_xy_yaw"":[0.548321,1.090214,-0.49663],""pnp_valid"":true,""pnp_camera_xyz"":[0.937702,-0.369877,1.62412],""pnp_camera_quat_xyzw"":[-0.152631,-0.103856,-0.2473,0.951189],""pnp_camera_rpy_deg"":[-14.385055,-15.846695,-27.134914],""pnp_reprojection_error_px"":0.085145}]",1,0.306584,151.07695,97.102394,,0,,0,,
2026-08-12T15:26:27.642393+00:00,21162.926047137,onboard_overhead_fish_dynamic,0,"[0.0,0.0,0.0,0.0]",0,0,0,0,,,,,,,,,,,,,,,,,,,,,,,,,,,,1,0.002321,553,1786548387.597021580,finsrov_stereo_left_optical,"[-0.7407450027740767,-0.552236398262409,0.6162495909965732]","[0.0,0.0,0.0,1.0]","[0.0025,0.0025,0.0025,1000000.0,1000000.0,1000000.0]",0.001262,852,1,"[15,16,17]","[0.293639,0.563545,-0.185395]","[{""tag_id"":15,""target_match"":true,""family"":""tag25h9"",""hamming"":0,""decision_margin"":138.585312,""pixel_xy"":[832.661767,594.862137],""world_xy_yaw"":[0.273272,0.639068,-0.174393],""pnp_valid"":true,""pnp_camera_xyz"":[0.352055,0.577529,1.275706],""pnp_camera_quat_xyzw"":[-0.023693,0.012841,-0.091517,0.995439],""pnp_camera_rpy_deg"":[-2.839064,1.21639,-10.535762],""pnp_reprojection_error_px"":0.134214},{""tag_id"":16,""target_match"":true,""family"":""tag25h9"",""hamming"":0,""decision_margin"":151.004898,""pixel_xy"":[844.784872,656.76674],""world_xy_yaw"":[0.293639,0.563545,-0.185395],""pnp_valid"":true,""pnp_camera_xyz"":[0.37169,0.705869,1.24621],""pnp_camera_quat_xyzw"":[-0.040848,-0.004982,-0.086399,0.99541],""pnp_camera_rpy_deg"":[-4.615689,-0.97276,-9.88219],""pnp_reprojection_error_px"":0.087292},{""tag_id"":17,""target_match"":true,""family"":""tag25h9"",""hamming"":0,""decision_margin"":148.677902,""pixel_xy"":[997.107579,223.855941],""world_xy_yaw"":[0.549541,1.091696,-0.508819],""pnp_valid"":true,""pnp_camera_xyz"":[0.946576,-0.376319,1.636096],""pnp_camera_quat_xyzw"":[-0.153713,-0.100418,-0.250327,0.950592],""pnp_camera_rpy_deg"":[-14.545009,-15.537525,-27.511508],""pnp_reprojection_error_px"":0.055524}]",1,0.087292,151.004898,95.566942,,0,,0,,
2026-08-12T15:26:27.692158+00:00,21162.975812884,onboard_overhead_fish_dynamic,0,"[0.0,0.0,0.0,0.0]",0,0,0,0,,,,,,,,,,,,,,,,,,,,,,,,,,,,1,0.002237,554,1786548387.646972656,finsrov_stereo_left_optical,"[-0.7587627465770602,-0.5479766601052718,0.6231173107397592]","[0.0,0.0,0.0,1.0]","[0.0025,0.0025,0.0025,1000000.0,1000000.0,1000000.0]",0.001979,853,1,"[16,17]","[0.293882,0.56341,-0.179352]","[{""tag_id"":16,""target_match"":true,""family"":""tag25h9"",""hamming"":0,""decision_margin"":152.651962,""pixel_xy"":[844.929566,656.876683],""world_xy_yaw"":[0.293882,0.56341,-0.179352],""pnp_valid"":true,""pnp_camera_xyz"":[0.373104,0.707148,1.248608],""pnp_camera_quat_xyzw"":[-0.042797,-0.003373,-0.088908,0.995114],""pnp_camera_rpy_deg"":[-4.852186,-0.820624,-10.176208],""pnp_reprojection_error_px"":0.272662},{""tag_id"":17,""target_match"":true,""family"":""tag25h9"",""hamming"":0,""decision_margin"":147.127106,""pixel_xy"":[997.434513,223.166018],""world_xy_yaw"":[0.55009,1.092537,-0.512377],""pnp_valid"":true,""pnp_camera_xyz"":[0.952378,-0.380337,1.644446],""pnp_camera_quat_xyzw"":[-0.15453,-0.096941,-0.251791,0.950434],""pnp_camera_rpy_deg"":[-14.702241,-15.194139,-27.70458],""pnp_reprojection_error_px"":0.059632}]",1,0.272662,152.651962,96.369731,,0,,0,,
2026-08-12T15:26:27.742309+00:00,21163.025963873,onboard_overhead_fish_dynamic,0,"[0.0,0.0,0.0,0.0]",0,0,0,0,,,,,,,,,,,,,,,,,,,,,,,,,,,,1,0.002256,555,1786548387.697022438,finsrov_stereo_left_optical,"[-0.7675861619923158,-0.5516155208831639,0.626196319116118]","[0.0,0.0,0.0,1.0]","[0.0025,0.0025,0.0025,1000000.0,1000000.0,1000000.0]",0.001240,855,1,"[15,16,17]","[0.294903,0.563502,-0.186625]","[{""tag_id"":15,""target_match"":true,""family"":""tag25h9"",""hamming"":0,""decision_margin"":50.895561,""pixel_xy"":[833.0158,594.299824],""world_xy_yaw"":[0.273867,0.639754,-0.199857],""pnp_valid"":true,""pnp_camera_xyz"":[0.352551,0.575303,1.274208],""pnp_camera_quat_xyzw"":[-0.041586,-0.005261,-0.095561,0.994541],""pnp_camera_rpy_deg"":[-4.687855,-1.054985,-10.933726],""pnp_reprojection_error_px"":0.031954},{""tag_id"":16,""target_match"":true,""family"":""tag25h9"",""hamming"":0,""decision_margin"":151.57666,""pixel_xy"":[845.537686,656.80147],""world_xy_yaw"":[0.294903,0.563502,-0.186625],""pnp_valid"":true,""pnp_camera_xyz"":[0.376123,0.709908,1.253775],""pnp_camera_quat_xyzw"":[-0.04261,0.000425,-0.095512,0.994516],""pnp_camera_rpy_deg"":[-4.866651,-0.417886,-10.953804],""pnp_reprojection_error_px"":0.290814},{""tag_id"":17,""target_match"":true,""family"":""tag25h9"",""hamming"":0,""decision_margin"":147.158142,""pixel_xy"":[997.967137,221.704149],""world_xy_yaw"":[0.550985,1.094321,-0.525495],""pnp_valid"":true,""pnp_camera_xyz"":[0.967381,-0.390138,1.667508],""pnp_camera_quat_xyzw"":[-0.152075,-0.092658,-0.256795,0.949918],""pnp_camera_rpy_deg"":[-14.449265,-14.722607,-28.378295],""pnp_reprojection_error_px"":0.054807}]",1,0.290814,151.57666,96.259047,,0,,0,,
2026-08-12T15:26:27.790846+00:00,21163.074511107,onboard_overhead_fish_dynamic,0,"[0.0,0.0,0.0,0.0]",0,0,0,0,,,,,,,,,,,,,,,,,,,,,,,,,,,,1,0.001271,556,1786548387.747010469,finsrov_stereo_left_optical,"[-0.794028893597517,-0.5595349533563767,0.6281506929912362]","[0.0,0.0,0.0,1.0]","[0.0025,0.0025,0.0025,1000000.0,1000000.0,1000000.0]",0.001106,856,1,"[16,17]","[0.551259,1.095241,-0.526465]","[{""tag_id"":16,""target_match"":true,""family"":""tag25h9"",""hamming"":0,""decision_margin"":149.128189,""pixel_xy"":[845.905003,656.632793],""world_xy_yaw"":[0.29552,0.563708,-0.195959],""pnp_valid"":true,""pnp_camera_xyz"":[0.376518,0.709199,1.252738],""pnp_camera_quat_xyzw"":[-0.03888,0.000438,-0.098215,0.994405],""pnp_camera_rpy_deg"":[-4.439886,-0.387721,-11.266272],""pnp_reprojection_error_px"":0.163277},{""tag_id"":17,""target_match"":true,""family"":""tag25h9"",""hamming"":0,""decision_margin"":149.85202,""pixel_xy"":[998.130662,220.94975],""world_xy_yaw"":[0.551259,1.095241,-0.526465],""pnp_valid"":true,""pnp_camera_xyz"":[0.972515,-0.394292,1.675278],""pnp_camera_quat_xyzw"":[-0.151461,-0.092527,-0.25843,0.949585],""pnp_camera_rpy_deg"":[-14.356829,-14.714861,-28.585262],""pnp_reprojection_error_px"":0.049627}]",1,0.049627,149.85202,95.142953,,0,,0,,
2026-08-12T15:26:27.840009+00:00,21163.123681757,onboard_overhead_fish_dynamic,0,"[0.0,0.0,0.0,0.0]",0,0,0,0,,,,,,,,,,,,,,,,,,,,,,,,,,,,1,0.000712,557,1786548387.796957254,finsrov_stereo_left_optical,"[-0.8012557202487174,-0.5910774773359525,0.6232237241333193]","[0.0,0.0,0.0,1.0]","[0.0025,0.0025,0.0025,1000000.0,1000000.0,1000000.0]",0.000332,858,1,"[16,17]","[0.296991,0.563981,-0.216534]","[{""tag_id"":16,""target_match"":true,""family"":""tag25h9"",""hamming"":0,""decision_margin"":147.51236,""pixel_xy"":[846.780078,656.408928],""world_xy_yaw"":[0.296991,0.563981,-0.216534],""pnp_valid"":true,""pnp_camera_xyz"":[0.376511,0.7061,1.247457],""pnp_camera_quat_xyzw"":[-0.038007,0.001152,-0.103241,0.993929],""pnp_camera_rpy_deg"":[-4.346751,-0.318435,-11.848161],""pnp_reprojection_error_px"":0.098075},{""tag_id"":17,""target_match"":true,""family"":""tag25h9"",""hamming"":0,""decision_margin"":145.002014,""pixel_xy"":[998.452171,219.425998],""world_xy_yaw"":[0.5518,1.0971,-0.532143],""pnp_valid"":true,""pnp_camera_xyz"":[0.975023,-0.399518,1.677755],""pnp_camera_quat_xyzw"":[-0.150813,-0.096459,-0.260589,0.948707],""pnp_camera_rpy_deg"":[-14.146049,-15.16641,-28.825519],""pnp_reprojection_error_px"":0.035988}]",1,0.098075,147.51236,94.936115,,0,,0,,
2026-08-12T15:26:27.891214+00:00,21163.174876790,onboard_overhead_fish_dynamic,0,"[0.0,0.0,0.0,0.0]",0,0,0,0,,,,,,,,,,,,,,,,,,,,,,,,,,,,1,0.001504,558,1786548387.846975803,finsrov_stereo_left_optical,"[-0.8131403230296816,-0.601821851329964,0.6165169209066863]","[0.0,0.0,0.0,1.0]","[0.0025,0.0025,0.0025,1000000.0,1000000.0,1000000.0]",0.001313,859,1,"[16,17]","[0.297684,0.564008,-0.223579]","[{""tag_id"":16,""target_match"":true,""family"":""tag25h9"",""hamming"":0,""decision_margin"":148.626785,""pixel_xy"":[847.192668,656.386583],""world_xy_yaw"":[0.297684,0.564008,-0.223579],""pnp_valid"":true,""pnp_camera_xyz"":[0.376556,0.704609,1.244822],""pnp_camera_quat_xyzw"":[-0.040875,0.001449,-0.105419,0.993586],""pnp_camera_rpy_deg"":[-4.676667,-0.328782,-12.099315],""pnp_reprojection_error_px"":0.150091},{""tag_id"":17,""target_match"":true,""family"":""tag25h9"",""hamming"":0,""decision_margin"":144.848862,""pixel_xy"":[998.570674,218.692367],""world_xy_yaw"":[0.551999,1.097995,-0.53404],""pnp_valid"":true,""pnp_camera_xyz"":[0.97319,-0.400749,1.673715],""pnp_camera_quat_xyzw"":[-0.15297,-0.097918,-0.262321,0.947734],""pnp_camera_rpy_deg"":[-14.328748,-15.417719,-28.993281],""pnp_reprojection_error_px"":0.066104}]",1,0.150091,148.626785,96.549226,,0,,0,,
2026-08-12T15:26:27.941274+00:00,21163.224938070,onboard_overhead_fish_dynamic,0,"[0.0,0.0,0.0,0.0]",0,0,0,0,,,,,,,,,,,,,,,,,,,,,,,,,,,,1,0.001516,559,1786548387.897147894,finsrov_stereo_left_optical,"[-0.8154822639269308,-0.5948525737442064,0.6158549184139905]","[0.0,0.0,0.0,1.0]","[0.0025,0.0025,0.0025,1000000.0,1000000.0,1000000.0]",0.000800,861,1,"[16,17]","[0.298832,0.5639,-0.237573]","[{""tag_id"":16,""target_match"":true,""family"":""tag25h9"",""hamming"":0,""decision_margin"":146.782196,""pixel_xy"":[847.876297,656.475073],""world_xy_yaw"":[0.298832,0.5639,-0.237573],""pnp_valid"":true,""pnp_camera_xyz"":[0.373578,0.696157,1.229388],""pnp_camera_quat_xyzw"":[-0.04348,-0.01308,-0.104726,0.993464],""pnp_camera_rpy_deg"":[-4.801487,-2.011252,-11.950848],""pnp_reprojection_error_px"":0.127173},{""tag_id"":17,""target_match"":true,""family"":""tag25h9"",""hamming"":0,""decision_margin"":145.43454,""pixel_xy"":[998.875925,217.384203],""world_xy_yaw"":[0.552512,1.099591,-0.544111],""pnp_valid"":true,""pnp_camera_xyz"":[0.964965,-0.400751,1.657756],""pnp_camera_quat_xyzw"":[-0.153385,-0.099772,-0.265707,0.94653],""pnp_camera_rpy_deg"":[-14.272206,-15.687143,-29.384485],""pnp_reprojection_error_px"":0.091739}]",1,0.127173,146.782196,97.294096,,0,,0,,
2026-08-12T15:26:27.990905+00:00,21163.274570668,onboard_overhead_fish_dynamic,0,"[0.0,0.0,0.0,0.0]",0,0,0,0,,,,,,,,,,,,,,,,,,,,,,,,,,,,1,0.001281,560,1786548387.946985722,finsrov_stereo_left_optical,"[-0.8226319993583815,-0.5688277152285224,0.6098281789966591]","[0.0,0.0,0.0,1.0]","[0.0025,0.0025,0.0025,1000000.0,1000000.0,1000000.0]",0.001115,862,1,"[16,17]","[0.299227,0.563759,-0.232443]","[{""tag_id"":16,""target_match"":true,""family"":""tag25h9"",""hamming"":0,""decision_margin"":147.837631,""pixel_xy"":[848.111597,656.591179],""world_xy_yaw"":[0.299227,0.563759,-0.232443],""pnp_valid"":true,""pnp_camera_xyz"":[0.373573,0.694855,1.226864],""pnp_camera_quat_xyzw"":[-0.043458,-0.012658,-0.105292,0.993411],""pnp_camera_rpy_deg"":[-4.802834,-1.965693,-12.017992],""pnp_reprojection_error_px"":0.064174},{""tag_id"":17,""target_match"":true,""family"":""tag25h9"",""hamming"":0,""decision_margin"":146.98114,""pixel_xy"":[999.096402,216.917053],""world_xy_yaw"":[0.552882,1.100161,-0.550501],""pnp_valid"":true,""pnp_camera_xyz"":[0.963105,-0.401293,1.653668],""pnp_camera_quat_xyzw"":[-0.152137,-0.09919,-0.26744,0.946304],""pnp_camera_rpy_deg"":[-14.11552,-15.610907,-29.617639],""pnp_reprojection_error_px"":0.03906}]",1,0.064174,147.837631,97.325144,,0,,0,,
2026-08-12T15:26:28.041581+00:00,21163.325242913,onboard_overhead_fish_dynamic,0,"[0.0,0.0,0.0,0.0]",0,0,0,0,,,,,,,,,,,,,,,,,,,,,,,,,,,,1,0.001753,561,1786548387.997066498,finsrov_stereo_left_optical,"[-0.821266362800797,-0.5680362303090412,0.6084708512234653]","[0.0,0.0,0.0,1.0]","[0.0025,0.0025,0.0025,1000000.0,1000000.0,1000000.0]",0.000939,864,1,"[16,17]","[0.300022,0.563513,-0.222791]","[{""tag_id"":16,""target_match"":true,""family"":""tag25h9"",""hamming"":0,""decision_margin"":148.21608,""pixel_xy"":[848.584591,656.792848],""world_xy_yaw"":[0.300022,0.563513,-0.222791],""pnp_valid"":true,""pnp_camera_xyz"":[0.376707,0.698136,1.232697],""pnp_camera_quat_xyzw"":[-0.042251,-0.001435,-0.111567,0.992857],""pnp_camera_rpy_deg"":[-4.794689,-0.703397,-12.793428],""pnp_reprojection_error_px"":0.23782},{""tag_id"":17,""target_match"":true,""family"":""tag25h9"",""hamming"":0,""decision_margin"":147.466782,""pixel_xy"":[999.456177,216.127878],""world_xy_yaw"":[0.553486,1.101124,-0.555857],""pnp_valid"":true,""pnp_camera_xyz"":[0.962507,-0.403182,1.651022],""pnp_camera_quat_xyzw"":[-0.152603,-0.095706,-0.269336,0.94605],""pnp_camera_rpy_deg"":[-14.232754,-15.265279,-29.865788],""pnp_reprojection_error_px"":0.020067}]",1,0.23782,148.21608,97.430486,,0,,0,,
2026-08-12T15:26:28.091007+00:00,21163.374672054,onboard_overhead_fish_dynamic,0,"[0.0,0.0,0.0,0.0]",0,0,0,0,,,,,,,,,,,,,,,,,,,,,,,,,,,,1,0.001283,562,1786548388.046947241,finsrov_stereo_left_optical,"[-0.8189807670694238,-0.5779237405294845,0.6041332145023715]","[0.0,0.0,0.0,1.0]","[0.0025,0.0025,0.0025,1000000.0,1000000.0,1000000.0]",0.001115,865,1,"[15,16,17]","[0.300701,0.563513,-0.229455]","[{""tag_id"":15,""target_match"":true,""family"":""tag25h9"",""hamming"":0,""decision_margin"":57.831684,""pixel_xy"":[833.799964,593.93136],""world_xy_yaw"":[0.275184,0.640204,-0.239378],""pnp_valid"":true,""pnp_camera_xyz"":[0.344772,0.558995,1.239896],""pnp_camera_quat_xyzw"":[-0.032262,-0.002058,-0.115967,0.992727],""pnp_camera_rpy_deg"":[-3.64546,-0.662872,-13.304765],""pnp_reprojection_error_px"":0.052974},{""tag_id"":16,""target_match"":true,""family"":""tag25h9"",""hamming"":0,""decision_margin"":150.234604,""pixel_xy"":[848.98899,656.792683],""world_xy_yaw"":[0.300701,0.563513,-0.229455],""pnp_valid"":true,""pnp_camera_xyz"":[0.378473,0.700087,1.236333],""pnp_camera_quat_xyzw"":[-0.040886,0.003033,-0.115077,0.99251],""pnp_camera_rpy_deg"":[-4.695357,-0.194223,-13.219327],""pnp_reprojection_error_px"":0.211066},{""tag_id"":17,""target_match"":true,""family"":""tag25h9"",""hamming"":0,""decision_margin"":147.563675,""pixel_xy"":[999.612241,215.787829],""world_xy_yaw"":[0.553749,1.101539,-0.559497],""pnp_valid"":true,""pnp_camera_xyz"":[0.965993,-0.405596,1.656238],""pnp_camera_quat_xyzw"":[-0.152155,-0.093193,-0.271458,0.945767],""pnp_camera_rpy_deg"":[-14.216212,-15.003942,-30.147917],""pnp_reprojection_error_px"":0.048547}]",1,0.211066,150.234604,98.515154,,0,,0,,
2026-08-12T15:26:28.140726+00:00,21163.424391417,onboard_overhead_fish_dynamic,0,"[0.0,0.0,0.0,0.0]",0,0,0,0,,,,,,,,,,,,,,,,,,,,,,,,,,,,1,0.001170,563,1786548388.097013235,finsrov_stereo_left_optical,"[-0.829841487962091,-0.6052758158365799,0.5860618261237704]","[0.0,0.0,0.0,1.0]","[0.0025,0.0025,0.0025,1000000.0,1000000.0,1000000.0]",0.000620,867,1,"[16,17]","[0.301963,0.563808,-0.257181]","[{""tag_id"":16,""target_match"":true,""family"":""tag25h9"",""hamming"":0,""decision_margin"":150.901566,""pixel_xy"":[849.739741,656.551004],""world_xy_yaw"":[0.301963,0.563808,-0.257181],""pnp_valid"":true,""pnp_camera_xyz"":[0.37793,0.696542,1.230179],""pnp_camera_quat_xyzw"":[-0.037502,-0.006993,-0.117736,0.992312],""pnp_camera_rpy_deg"":[-4.174842,-1.30126,-13.485371],""pnp_reprojection_error_px"":0.112197},{""tag_id"":17,""target_match"":true,""family"":""tag25h9"",""hamming"":0,""decision_margin"":146.59848,""pixel_xy"":[999.9582,214.894152],""world_xy_yaw"":[0.55433,1.102629,-0.568298],""pnp_valid"":true,""pnp_camera_xyz"":[0.977048,-0.412694,1.673394],""pnp_camera_quat_xyzw"":[-0.148393,-0.087174,-0.276016,0.945619],""pnp_camera_rpy_deg"":[-13.883298,-14.287316,-30.7955],""pnp_reprojection_error_px"":0.088418}]",1,0.112197,150.901566,96.465343,,0,,0,,
2026-08-12T15:26:28.190915+00:00,21163.474581001,onboard_overhead_fish_dynamic,0,"[0.0,0.0,0.0,0.0]",0,0,0,0,,,,,,,,,,,,,,,,,,,,,,,,,,,,1,0.001286,564,1786548388.146969557,finsrov_stereo_left_optical,"[-0.8512917445171316,-0.604494832582834,0.5947830389805284]","[0.0,0.0,0.0,1.0]","[0.0025,0.0025,0.0025,1000000.0,1000000.0,1000000.0]",0.001118,868,1,"[16,17]","[0.554675,1.103383,-0.572483]","[{""tag_id"":16,""target_match"":true,""family"":""tag25h9"",""hamming"":0,""decision_margin"":148.138351,""pixel_xy"":[850.063986,656.482856],""world_xy_yaw"":[0.302507,0.563891,-0.265306],""pnp_valid"":true,""pnp_camera_xyz"":[0.377481,0.694513,1.226595],""pnp_camera_quat_xyzw"":[-0.038804,-0.010494,-0.118203,0.992176],""pnp_camera_rpy_deg"":[-4.275526,-1.718979,-13.523634],""pnp_reprojection_error_px"":0.166983},{""tag_id"":17,""target_match"":true,""family"":""tag25h9"",""hamming"":0,""decision_margin"":148.281616,""pixel_xy"":[1000.163932,214.276604],""world_xy_yaw"":[0.554675,1.103383,-0.572483],""pnp_valid"":true,""pnp_camera_xyz"":[0.98195,-0.416364,1.680452],""pnp_camera_quat_xyzw"":[-0.145279,-0.084498,-0.279094,0.945442],""pnp_camera_rpy_deg"":[-13.558795,-13.937886,-31.228168],""pnp_reprojection_error_px"":0.104499}]",1,0.104499,148.281616,96.981155,,0,,0,,
2026-08-12T15:26:28.242267+00:00,21163.525921986,onboard_overhead_fish_dynamic,0,"[0.0,0.0,0.0,0.0]",0,0,0,0,,,,,,,,,,,,,,,,,,,,,,,,,,,,1,0.002241,565,1786548388.196991205,finsrov_stereo_left_optical,"[-0.8619705279044803,-0.6070318359476978,0.5957688764167614]","[0.0,0.0,0.0,1.0]","[0.0025,0.0025,0.0025,1000000.0,1000000.0,1000000.0]",0.001213,870,1,"[16,17]","[0.303124,0.563788,-0.259772]","[{""tag_id"":16,""target_match"":true,""family"":""tag25h9"",""hamming"":0,""decision_margin"":145.956879,""pixel_xy"":[850.431232,656.567218],""world_xy_yaw"":[0.303124,0.563788,-0.259772],""pnp_valid"":true,""pnp_camera_xyz"":[0.377759,0.693103,1.223936],""pnp_camera_quat_xyzw"":[-0.042992,-0.007311,-0.120249,0.991785],""pnp_camera_rpy_deg"":[-4.792394,-1.423476,-13.766645],""pnp_reprojection_error_px"":0.038118},{""tag_id"":17,""target_match"":true,""family"":""tag25h9"",""hamming"":0,""decision_margin"":145.072693,""pixel_xy"":[1000.748589,212.617304],""world_xy_yaw"":[0.555658,1.105407,-0.581803],""pnp_valid"":true,""pnp_camera_xyz"":[0.983995,-0.42152,1.680758],""pnp_camera_quat_xyzw"":[-0.144991,-0.086576,-0.282435,0.944305],""pnp_camera_rpy_deg"":[-13.416205,-14.206001,-31.623747],""pnp_reprojection_error_px"":0.087471}]",1,0.038118,145.956879,97.240428,,0,,0,,
2026-08-12T15:26:28.291282+00:00,21163.574943722,onboard_overhead_fish_dynamic,0,"[0.0,0.0,0.0,0.0]",0,0,0,0,,,,,,,,,,,,,,,,,,,,,,,,,,,,1,0.001562,566,1786548388.246980429,finsrov_stereo_left_optical,"[-0.8655762304108732,-0.6055453656189115,0.6005385742911215]","[0.0,0.0,0.0,1.0]","[0.0025,0.0025,0.0025,1000000.0,1000000.0,1000000.0]",0.001367,871,1,"[16,17]","[0.303437,0.563739,-0.258306]","[{""tag_id"":16,""target_match"":true,""family"":""tag25h9"",""hamming"":0,""decision_margin"":149.005447,""pixel_xy"":[850.617194,656.607152],""world_xy_yaw"":[0.303437,0.563739,-0.258306],""pnp_valid"":true,""pnp_camera_xyz"":[0.378102,0.692888,1.223536],""pnp_camera_quat_xyzw"":[-0.044038,-0.004929,-0.121622,0.991587],""pnp_camera_rpy_deg"":[-4.942374,-1.173907,-13.934541],""pnp_reprojection_error_px"":0.008719},{""tag_id"":17,""target_match"":true,""family"":""tag25h9"",""hamming"":0,""decision_margin"":146.35762,""pixel_xy"":[1001.157171,211.687691],""world_xy_yaw"":[0.556344,1.106541,-0.583358],""pnp_valid"":true,""pnp_camera_xyz"":[0.982458,-0.423193,1.676032],""pnp_camera_quat_xyzw"":[-0.14922,-0.090982,-0.282487,0.943216],""pnp_camera_rpy_deg"":[-13.76956,-14.8291,-31.544828],""pnp_reprojection_error_px"":0.072412}]",1,0.008719,149.005447,97.301813,,0,,0,,
2026-08-12T15:26:28.341417+00:00,21163.625082631,onboard_overhead_fish_dynamic,0,"[0.0,0.0,0.0,0.0]",0,0,0,0,,,,,,,,,,,,,,,,,,,,,,,,,,,,1,0.001361,567,1786548388.296989918,finsrov_stereo_left_optical,"[-0.8641639904341027,-0.6024738106958951,0.6011805773719627]","[0.0,0.0,0.0,1.0]","[0.0025,0.0025,0.0025,1000000.0,1000000.0,1000000.0]",0.000642,873,1,"[16,17]","[0.304084,0.56358,-0.267284]","[{""tag_id"":16,""target_match"":true,""family"":""tag25h9"",""hamming"":0,""decision_margin"":151.098999,""pixel_xy"":[851.002188,656.737638],""world_xy_yaw"":[0.304084,0.56358,-0.267284],""pnp_valid"":true,""pnp_camera_xyz"":[0.37766,0.690619,1.219165],""pnp_camera_quat_xyzw"":[-0.040443,-0.006804,-0.125811,0.991206],""pnp_camera_rpy_deg"":[-4.501466,-1.355993,-14.414111],""pnp_reprojection_error_px"":0.050048},{""tag_id"":17,""target_match"":true,""family"":""tag25h9"",""hamming"":0,""decision_margin"":147.290924,""pixel_xy"":[1001.902145,209.812186],""world_xy_yaw"":[0.557596,1.108829,-0.58248],""pnp_valid"":true,""pnp_camera_xyz"":[0.98296,-0.42807,1.672746],""pnp_camera_quat_xyzw"":[-0.159527,-0.099633,-0.282761,0.940569],""pnp_camera_rpy_deg"":[-14.697891,-16.119307,-31.371896],""pnp_reprojection_error_px"":0.069819}]",1,0.050048,151.098999,96.961821,,0,,0,,
2026-08-12T15:26:28.390774+00:00,21163.674439898,onboard_overhead_fish_dynamic,0,"[0.0,0.0,0.0,0.0]",0,0,0,0,,,,,,,,,,,,,,,,,,,,,,,,,,,,1,0.001163,568,1786548388.346980095,finsrov_stereo_left_optical,"[-0.8753101325892974,-0.6084357420018005,0.5922801479451143]","[0.0,0.0,0.0,1.0]","[0.0025,0.0025,0.0025,1000000.0,1000000.0,1000000.0]",0.001007,874,1,"[16,17]","[0.304416,0.563481,-0.273337]","[{""tag_id"":16,""target_match"":true,""family"":""tag25h9"",""hamming"":0,""decision_margin"":152.143295,""pixel_xy"":[851.200091,656.819075],""world_xy_yaw"":[0.304416,0.563481,-0.273337],""pnp_valid"":true,""pnp_camera_xyz"":[0.377414,0.689569,1.21695],""pnp_camera_quat_xyzw"":[-0.039752,-0.010256,-0.126605,0.991103],""pnp_camera_rpy_deg"":[-4.372195,-1.741747,-14.492766],""pnp_reprojection_error_px"":0.041503},{""tag_id"":17,""target_match"":true,""family"":""tag25h9"",""hamming"":0,""decision_margin"":147.220734,""pixel_xy"":[1002.30326,209.018519],""world_xy_yaw"":[0.558269,1.109797,-0.582469],""pnp_valid"":true,""pnp_camera_xyz"":[0.983085,-0.430142,1.671072],""pnp_camera_quat_xyzw"":[-0.165799,-0.102089,-0.282336,0.939348],""pnp_camera_rpy_deg"":[-15.358394,-16.58373,-31.206381],""pnp_reprojection_error_px"":0.053288}]",1,0.041503,152.143295,96.188436,,0,,0,,
2026-08-12T15:26:28.440196+00:00,21163.723866260,onboard_overhead_fish_dynamic,0,"[0.0,0.0,0.0,0.0]",0,0,0,0,,,,,,,,,,,,,,,,,,,,,,,,,,,,1,0.000725,569,1786548388.397024393,finsrov_stereo_left_optical,"[-0.8811021324952439,-0.6052210441306409,0.5904313494363569]","[0.0,0.0,0.0,1.0]","[0.0025,0.0025,0.0025,1000000.0,1000000.0,1000000.0]",0.000610,875,1,"[16,17]","[0.304779,0.563332,-0.277308]","[{""tag_id"":16,""target_match"":true,""family"":""tag25h9"",""hamming"":0,""decision_margin"":149.062088,""pixel_xy"":[851.416292,656.940706],""world_xy_yaw"":[0.304779,0.563332,-0.277308],""pnp_valid"":true,""pnp_camera_xyz"":[0.3778,0.689685,1.216738],""pnp_camera_quat_xyzw"":[-0.039785,-0.009119,-0.128977,0.990807],""pnp_camera_rpy_deg"":[-4.388377,-1.623541,-14.771216],""pnp_reprojection_error_px"":0.055737},{""tag_id"":17,""target_match"":true,""family"":""tag25h9"",""hamming"":0,""decision_margin"":144.607483,""pixel_xy"":[1002.609774,208.322303],""world_xy_yaw"":[0.558784,1.110647,-0.584386],""pnp_valid"":true,""pnp_camera_xyz"":[0.983836,-0.43224,1.670879],""pnp_camera_quat_xyzw"":[-0.169822,-0.102916,-0.282556,0.938473],""pnp_camera_rpy_deg"":[-15.796039,-16.80625,-31.164087],""pnp_reprojection_error_px"":0.051895}]",1,0.055737,149.062088,97.197278,,0,,0,,
2026-08-12T15:26:28.490434+00:00,21163.774103542,onboard_overhead_fish_dynamic,0,"[0.0,0.0,0.0,0.0]",0,0,0,0,,,,,,,,,,,,,,,,,,,,,,,,,,,,1,0.000898,570,1786548388.447054148,finsrov_stereo_left_optical,"[-0.8907104931380617,-0.6137443925060202,0.5883028064445062]","[0.0,0.0,0.0,1.0]","[0.0025,0.0025,0.0025,1000000.0,1000000.0,1000000.0]",0.000457,877,1,"[16,17]","[0.305452,0.563055,-0.283646]","[{""tag_id"":16,""target_match"":true,""family"":""tag25h9"",""hamming"":0,""decision_margin"":153.277863,""pixel_xy"":[851.816875,657.168151],""world_xy_yaw"":[0.305452,0.563055,-0.283646],""pnp_valid"":true,""pnp_camera_xyz"":[0.378035,0.689212,1.214796],""pnp_camera_quat_xyzw"":[-0.038685,-0.008194,-0.131727,0.990497],""pnp_camera_rpy_deg"":[-4.272569,-1.514212,-15.094277],""pnp_reprojection_error_px"":0.030314},{""tag_id"":17,""target_match"":true,""family"":""tag25h9"",""hamming"":0,""decision_margin"":146.574463,""pixel_xy"":[1002.894994,207.16621],""world_xy_yaw"":[0.559264,1.112057,-0.594744],""pnp_valid"":true,""pnp_camera_xyz"":[0.989319,-0.437521,1.678484],""pnp_camera_quat_xyzw"":[-0.167282,-0.093702,-0.285418,0.939028],""pnp_camera_rpy_deg"":[-15.714729,-15.751679,-31.626048],""pnp_reprojection_error_px"":0.037383}]",1,0.030314,153.277863,95.317674,,0,,0,,
2026-08-12T15:26:28.542263+00:00,21163.825921882,onboard_overhead_fish_dynamic,0,"[0.0,0.0,0.0,0.0]",0,0,0,0,,,,,,,,,,,,,,,,,,,,,,,,,,,,1,0.002271,571,1786548388.497042418,finsrov_stereo_left_optical,"[-0.8959019213761156,-0.6197496219410412,0.5867070468641619]","[0.0,0.0,0.0,1.0]","[0.0025,0.0025,0.0025,1000000.0,1000000.0,1000000.0]",0.000136,879,1,"[16,17]","[0.306116,0.562641,-0.289536]","[{""tag_id"":16,""target_match"":true,""family"":""tag25h9"",""hamming"":0,""decision_margin"":150.721527,""pixel_xy"":[852.21187,657.507109],""world_xy_yaw"":[0.306116,0.562641,-0.289536],""pnp_valid"":true,""pnp_camera_xyz"":[0.378515,0.689253,1.213543],""pnp_camera_quat_xyzw"":[-0.039273,-0.008815,-0.134032,0.990159],""pnp_camera_rpy_deg"":[-4.326441,-1.603586,-15.357234],""pnp_reprojection_error_px"":0.03853},{""tag_id"":17,""target_match"":true,""family"":""tag25h9"",""hamming"":0,""decision_margin"":140.669586,""pixel_xy"":[1002.849205,206.32742],""world_xy_yaw"":[0.559187,1.113081,-0.620411],""pnp_valid"":true,""pnp_camera_xyz"":[0.992809,-0.441521,1.684334],""pnp_camera_quat_xyzw"":[-0.147918,-0.075275,-0.295977,0.940666],""pnp_camera_rpy_deg"":[-13.893265,-13.248636,-33.310666],""pnp_reprojection_error_px"":0.072427}]",1,0.03853,150.721527,96.617435,,0,,0,,
2026-08-12T15:26:28.590832+00:00,21163.874495955,onboard_overhead_fish_dynamic,0,"[0.0,0.0,0.0,0.0]",0,0,0,0,,,,,,,,,,,,,,,,,,,,,,,,,,,,1,0.001088,572,1786548388.547140598,finsrov_stereo_left_optical,"[-0.9051801079061642,-0.6243787409575903,0.5866626869469032]","[0.0,0.0,0.0,1.0]","[0.0025,0.0025,0.0025,1000000.0,1000000.0,1000000.0]",0.000932,880,1,"[16,17]","[0.306467,0.56241,-0.293666]","[{""tag_id"":16,""target_match"":true,""family"":""tag25h9"",""hamming"":0,""decision_margin"":151.365097,""pixel_xy"":[852.420561,657.696657],""world_xy_yaw"":[0.306467,0.56241,-0.293666],""pnp_valid"":true,""pnp_camera_xyz"":[0.378836,0.689446,1.213162],""pnp_camera_quat_xyzw"":[-0.039838,-0.008644,-0.135861,0.989889],""pnp_camera_rpy_deg"":[-4.390377,-1.600966,-15.568497],""pnp_reprojection_error_px"":0.052839},{""tag_id"":17,""target_match"":true,""family"":""tag25h9"",""hamming"":0,""decision_margin"":148.211685,""pixel_xy"":[1002.754708,206.007791],""world_xy_yaw"":[0.559028,1.11347,-0.633309],""pnp_valid"":true,""pnp_camera_xyz"":[0.993438,-0.443011,1.685751],""pnp_camera_quat_xyzw"":[-0.136839,-0.070325,-0.302891,0.940524],""pnp_camera_rpy_deg"":[-12.706221,-12.426018,-34.312919],""pnp_reprojection_error_px"":0.073126}]",1,0.052839,151.365097,95.731385,,0,,0,,
2026-08-12T15:26:28.641592+00:00,21163.925251263,onboard_overhead_fish_dynamic,0,"[0.0,0.0,0.0,0.0]",0,0,0,0,,,,,,,,,,,,,,,,,,,,,,,,,,,,1,0.001744,573,1786548388.597048998,finsrov_stereo_left_optical,"[-0.9093146781706967,-0.6251644590738208,0.5856418986328047]","[0.0,0.0,0.0,1.0]","[0.0025,0.0025,0.0025,1000000.0,1000000.0,1000000.0]",0.001531,881,1,"[16,17]","[0.306724,0.562169,-0.293942]","[{""tag_id"":16,""target_match"":true,""family"":""tag25h9"",""hamming"":0,""decision_margin"":150.777313,""pixel_xy"":[852.574108,657.89407],""world_xy_yaw"":[0.306724,0.562169,-0.293942],""pnp_valid"":true,""pnp_camera_xyz"":[0.378905,0.689266,1.212078],""pnp_camera_quat_xyzw"":[-0.039965,-0.007992,-0.137063,0.989724],""pnp_camera_rpy_deg"":[-4.412959,-1.534288,-15.709955],""pnp_reprojection_error_px"":0.031256},{""tag_id"":17,""target_match"":true,""family"":""tag25h9"",""hamming"":0,""decision_margin"":144.512421,""pixel_xy"":[1002.837942,205.632275],""world_xy_yaw"":[0.559168,1.113929,-0.643238],""pnp_valid"":true,""pnp_camera_xyz"":[0.994798,-0.445041,1.688067],""pnp_camera_quat_xyzw"":[-0.129524,-0.070246,-0.306387,0.940434],""pnp_camera_rpy_deg"":[-11.842066,-12.209866,-34.819418],""pnp_reprojection_error_px"":0.04396}]",1,0.031256,150.777313,95.707568,,0,,0,,
2026-08-12T15:26:28.691235+00:00,21163.974898135,onboard_overhead_fish_dynamic,0,"[0.0,0.0,0.0,0.0]",0,0,0,0,,,,,,,,,,,,,,,,,,,,,,,,,,,,1,0.001525,574,1786548388.647037268,finsrov_stereo_left_optical,"[-0.9183669899286678,-0.6304564098965646,0.585337451952979]","[0.0,0.0,0.0,1.0]","[0.0025,0.0025,0.0025,1000000.0,1000000.0,1000000.0]",0.000802,883,1,"[16,17]","[0.307389,0.561692,-0.301288]","[{""tag_id"":16,""target_match"":true,""family"":""tag25h9"",""hamming"":0,""decision_margin"":150.881546,""pixel_xy"":[852.969486,658.285532],""world_xy_yaw"":[0.307389,0.561692,-0.301288],""pnp_valid"":true,""pnp_camera_xyz"":[0.37928,0.689204,1.210392],""pnp_camera_quat_xyzw"":[-0.040509,-0.009241,-0.139942,0.989288],""pnp_camera_rpy_deg"":[-4.450481,-1.697446,-16.037058],""pnp_reprojection_error_px"":0.021435},{""tag_id"":17,""target_match"":true,""family"":""tag25h9"",""hamming"":0,""decision_margin"":141.318253,""pixel_xy"":[1002.981465,204.503724],""world_xy_yaw"":[0.559409,1.115305,-0.646773],""pnp_valid"":true,""pnp_camera_xyz"":[0.999932,-0.451002,1.696136],""pnp_camera_quat_xyzw"":[-0.129266,-0.083872,-0.308193,0.938761],""pnp_camera_rpy_deg"":[-11.338868,-13.718408,-34.981437],""pnp_reprojection_error_px"":0.133357}]",1,0.021435,150.881546,94.639742,,0,,0,,
2026-08-12T15:26:28.740525+00:00,21164.024192569,onboard_overhead_fish_dynamic,0,"[0.0,0.0,0.0,0.0]",0,0,0,0,,,,,,,,,,,,,,,,,,,,,,,,,,,,1,0.000983,575,1786548388.697063923,finsrov_stereo_left_optical,"[-0.926090718677055,-0.6354099317923295,0.585510531237606]","[0.0,0.0,0.0,1.0]","[0.0025,0.0025,0.0025,1000000.0,1000000.0,1000000.0]",0.000854,884,1,"[16,17]","[0.307736,0.561487,-0.302772]","[{""tag_id"":16,""target_match"":true,""family"":""tag25h9"",""hamming"":0,""decision_margin"":151.033066,""pixel_xy"":[853.17629,658.452932],""world_xy_yaw"":[0.307736,0.561487,-0.302772],""pnp_valid"":true,""pnp_camera_xyz"":[0.379456,0.68912,1.209533],""pnp_camera_quat_xyzw"":[-0.04021,-0.007782,-0.141307,0.989118],""pnp_camera_rpy_deg"":[-4.437595,-1.53339,-16.201319],""pnp_reprojection_error_px"":0.020522},{""tag_id"":17,""target_match"":true,""family"":""tag25h9"",""hamming"":0,""decision_margin"":140.76297,""pixel_xy"":[1003.142813,203.699212],""world_xy_yaw"":[0.55968,1.116287,-0.64522],""pnp_valid"":true,""pnp_camera_xyz"":[1.001223,-0.453797,1.697422],""pnp_camera_quat_xyzw"":[-0.137565,-0.09298,-0.306627,0.937235],""pnp_camera_rpy_deg"":[-12.000289,-14.990024,-34.647722],""pnp_reprojection_error_px"":0.111789}]",1,0.020522,151.033066,94.703481,,0,,0,,
2026-08-12T15:26:28.790699+00:00,21164.074370986,onboard_overhead_fish_dynamic,0,"[0.0,0.0,0.0,0.0]",0,0,0,0,,,,,,,,,,,,,,,,,,,,,,,,,,,,1,0.001122,576,1786548388.746889830,finsrov_stereo_left_optical,"[-0.9329290279095512,-0.6395703010982996,0.5868458145221771]","[0.0,0.0,0.0,1.0]","[0.0025,0.0025,0.0025,1000000.0,1000000.0,1000000.0]",0.000571,886,1,"[16,17]","[0.308352,0.561091,-0.307183]","[{""tag_id"":16,""target_match"":true,""family"":""tag25h9"",""hamming"":0,""decision_margin"":149.930557,""pixel_xy"":[853.542984,658.777497],""world_xy_yaw"":[0.308352,0.561091,-0.307183],""pnp_valid"":true,""pnp_camera_xyz"":[0.379566,0.688531,1.207237],""pnp_camera_quat_xyzw"":[-0.039979,-0.008417,-0.143223,0.988847],""pnp_camera_rpy_deg"":[-4.398059,-1.610156,-16.420757],""pnp_reprojection_error_px"":0.017146},{""tag_id"":17,""target_match"":true,""family"":""tag25h9"",""hamming"":0,""decision_margin"":148.865875,""pixel_xy"":[1003.786111,201.88024],""world_xy_yaw"":[0.560761,1.118506,-0.642821],""pnp_valid"":true,""pnp_camera_xyz"":[1.001501,-0.458435,1.694363],""pnp_camera_quat_xyzw"":[-0.154918,-0.104329,-0.303915,0.934212],""pnp_camera_rpy_deg"":[-13.657622,-16.803797,-34.014592],""pnp_reprojection_error_px"":0.037596}]",1,0.017146,149.930557,95.11503,,0,,0,,
2026-08-12T15:26:28.840780+00:00,21164.124446771,onboard_overhead_fish_dynamic,0,"[0.0,0.0,0.0,0.0]",0,0,0,0,,,,,,,,,,,,,,,,,,,,,,,,,,,,1,0.001155,577,1786548388.797164679,finsrov_stereo_left_optical,"[-0.9344207327331013,-0.6388061937774558,0.5852372223728038]","[0.0,0.0,0.0,1.0]","[0.0025,0.0025,0.0025,1000000.0,1000000.0,1000000.0]",0.000614,888,1,"[16,17]","[0.30896,0.560823,-0.31192]","[{""tag_id"":16,""target_match"":true,""family"":""tag25h9"",""hamming"":0,""decision_margin"":153.401031,""pixel_xy"":[853.90465,658.997655],""world_xy_yaw"":[0.30896,0.560823,-0.31192],""pnp_valid"":true,""pnp_camera_xyz"":[0.379793,0.687967,1.20546],""pnp_camera_quat_xyzw"":[-0.039746,-0.007567,-0.146011,0.988455],""pnp_camera_rpy_deg"":[-4.381168,-1.522282,-16.747331],""pnp_reprojection_error_px"":0.036846},{""tag_id"":17,""target_match"":true,""family"":""tag25h9"",""hamming"":0,""decision_margin"":145.491119,""pixel_xy"":[1004.574183,200.216956],""world_xy_yaw"":[0.562085,1.120535,-0.635746],""pnp_valid"":true,""pnp_camera_xyz"":[0.99852,-0.460926,1.684699],""pnp_camera_quat_xyzw"":[-0.168233,-0.105318,-0.304001,0.931767],""pnp_camera_rpy_deg"":[-15.152843,-17.370529,-33.811131],""pnp_reprojection_error_px"":0.075654}]",1,0.036846,153.401031,93.979457,,0,,0,,
2026-08-12T15:26:28.892235+00:00,21164.175891881,onboard_overhead_fish_dynamic,0,"[0.0,0.0,0.0,0.0]",0,0,0,0,,,,,,,,,,,,,,,,,,,,,,,,,,,,1,0.002229,578,1786548388.847005129,finsrov_stereo_left_optical,"[-0.9359337706464438,-0.6327729655170737,0.5821170524319411]","[0.0,0.0,0.0,1.0]","[0.0025,0.0025,0.0025,1000000.0,1000000.0,1000000.0]",0.001962,889,1,"[16,17]","[0.309207,0.560776,-0.314245]","[{""tag_id"":16,""target_match"":true,""family"":""tag25h9"",""hamming"":0,""decision_margin"":154.227478,""pixel_xy"":[854.05205,659.035895],""world_xy_yaw"":[0.309207,0.560776,-0.314245],""pnp_valid"":true,""pnp_camera_xyz"":[0.379834,0.687632,1.204653],""pnp_camera_quat_xyzw"":[-0.038517,-0.005969,-0.147763,0.988254],""pnp_camera_rpy_deg"":[-4.265905,-1.328239,-16.958183],""pnp_reprojection_error_px"":0.039353},{""tag_id"":17,""target_match"":true,""family"":""tag25h9"",""hamming"":0,""decision_margin"":145.49942,""pixel_xy"":[1005.056165,199.532547],""world_xy_yaw"":[0.562894,1.12137,-0.638276],""pnp_valid"":true,""pnp_camera_xyz"":[1.000661,-0.463428,1.686054],""pnp_camera_quat_xyzw"":[-0.171083,-0.099921,-0.304006,0.931841],""pnp_camera_rpy_deg"":[-15.64641,-16.8724,-33.802252],""pnp_reprojection_error_px"":0.015063}]",1,0.039353,154.227478,94.312701,,0,,0,,
2026-08-12T15:26:28.940796+00:00,21164.224463347,onboard_overhead_fish_dynamic,0,"[0.0,0.0,0.0,0.0]",0,0,0,0,,,,,,,,,,,,,,,,,,,,,,,,,,,,1,0.001162,579,1786548388.897037029,finsrov_stereo_left_optical,"[-0.9399110338743505,-0.640005826683203,0.579504273542109]","[0.0,0.0,0.0,1.0]","[0.0025,0.0025,0.0025,1000000.0,1000000.0,1000000.0]",0.001006,890,1,"[16,17]","[0.309355,0.56076,-0.312368]","[{""tag_id"":16,""target_match"":true,""family"":""tag25h9"",""hamming"":0,""decision_margin"":154.025803,""pixel_xy"":[854.140119,659.04958],""world_xy_yaw"":[0.309355,0.56076,-0.312368],""pnp_valid"":true,""pnp_camera_xyz"":[0.380214,0.687774,1.204949],""pnp_camera_quat_xyzw"":[-0.037588,-0.004164,-0.149178,0.988087],""pnp_camera_rpy_deg"":[-4.189339,-1.114156,-17.130267],""pnp_reprojection_error_px"":0.039023},{""tag_id"":17,""target_match"":true,""family"":""tag25h9"",""hamming"":0,""decision_margin"":144.749435,""pixel_xy"":[1005.462345,198.924462],""world_xy_yaw"":[0.563577,1.122112,-0.643611],""pnp_valid"":true,""pnp_camera_xyz"":[1.002555,-0.465602,1.687189],""pnp_camera_quat_xyzw"":[-0.170425,-0.092053,-0.305785,0.932189],""pnp_camera_rpy_deg"":[-15.782943,-16.01259,-34.088187],""pnp_reprojection_error_px"":0.017867}]",1,0.039023,154.025803,94.959514,,0,,0,,
2026-08-12T15:26:28.990762+00:00,21164.274428284,onboard_overhead_fish_dynamic,0,"[0.0,0.0,0.0,0.0]",0,0,0,0,,,,,,,,,,,,,,,,,,,,,,,,,,,,1,0.001164,580,1786548388.947146416,finsrov_stereo_left_optical,"[-0.9403855641550365,-0.6676605481686407,0.5792335654299376]","[0.0,0.0,0.0,1.0]","[0.0025,0.0025,0.0025,1000000.0,1000000.0,1000000.0]",0.000616,892,1,"[16,17]","[0.309426,0.561048,-0.306657]","[{""tag_id"":16,""target_match"":true,""family"":""tag25h9"",""hamming"":0,""decision_margin"":154.683868,""pixel_xy"":[854.181993,658.813248],""world_xy_yaw"":[0.309426,0.561048,-0.306657],""pnp_valid"":true,""pnp_camera_xyz"":[0.381053,0.688171,1.206714],""pnp_camera_quat_xyzw"":[-0.029173,0.000689,-0.152413,0.987886],""pnp_camera_rpy_deg"":[-3.316422,-0.431541,-17.528582],""pnp_reprojection_error_px"":0.120814},{""tag_id"":17,""target_match"":true,""family"":""tag25h9"",""hamming"":0,""decision_margin"":144.026474,""pixel_xy"":[1005.738519,198.054522],""world_xy_yaw"":[0.564041,1.123173,-0.661848],""pnp_valid"":true,""pnp_camera_xyz"":[1.011222,-0.471771,1.700077],""pnp_camera_quat_xyzw"":[-0.158426,-0.069676,-0.314122,0.933474],""pnp_camera_rpy_deg"":[-15.005798,-13.27417,-35.441068],""pnp_reprojection_error_px"":0.037856}]",1,0.120814,154.683868,94.795106,,0,,0,,
2026-08-12T15:26:29.041342+00:00,21164.324994883,onboard_overhead_fish_dynamic,0,"[0.0,0.0,0.0,0.0]",0,0,0,0,,,,,,,,,,,,,,,,,,,,,,,,,,,,1,0.001548,581,1786548388.997017145,finsrov_stereo_left_optical,"[-0.9509160871975878,-0.6822713213071177,0.5683593597400816]","[0.0,0.0,0.0,1.0]","[0.0025,0.0025,0.0025,1000000.0,1000000.0,1000000.0]",0.000820,894,1,"[15,16,17]","[0.309373,0.560527,-0.249768]","[{""tag_id"":15,""target_match"":true,""family"":""tag25h9"",""hamming"":0,""decision_margin"":130.791824,""pixel_xy"":[834.023085,597.087484],""world_xy_yaw"":[0.275559,0.636353,-0.320029],""pnp_valid"":true,""pnp_camera_xyz"":[0.338333,0.554107,1.213694],""pnp_camera_quat_xyzw"":[0.002756,-0.004103,-0.160838,0.986968],""pnp_camera_rpy_deg"":[0.38732,-0.413216,-18.512689],""pnp_reprojection_error_px"":0.128667},{""tag_id"":16,""target_match"":true,""family"":""tag25h9"",""hamming"":0,""decision_margin"":148.232773,""pixel_xy"":[854.150487,659.239942],""world_xy_yaw"":[0.309373,0.560527,-0.249768],""pnp_valid"":true,""pnp_camera_xyz"":[0.389744,0.702053,1.232478],""pnp_camera_quat_xyzw"":[-0.034849,0.059956,-0.17194,0.982664],""pnp_camera_rpy_deg"":[-5.141211,6.076115,-20.122544],""pnp_reprojection_error_px"":0.934887},{""tag_id"":17,""target_match"":true,""family"":""tag25h9"",""hamming"":0,""decision_margin"":146.691315,""pixel_xy"":[1005.654398,197.405434],""world_xy_yaw"":[0.563899,1.123965,-0.680362],""pnp_valid"":true,""pnp_camera_xyz"":[1.015364,-0.476039,1.707532],""pnp_camera_quat_xyzw"":[-0.143784,-0.058665,-0.323186,0.933507],""pnp_camera_rpy_deg"":[-13.615337,-11.681173,-36.793067],""pnp_reprojection_error_px"":0.016604}]",1,0.934887,148.232773,93.860415,,0,,0,,
2026-08-12T15:26:29.092249+00:00,21164.375905371,onboard_overhead_fish_dynamic,0,"[0.0,0.0,0.0,0.0]",0,0,0,0,,,,,,,,,,,,,,,,,,,,,,,,,,,,1,0.002250,582,1786548389.047053099,finsrov_stereo_left_optical,"[-0.9693117393080305,-0.7412720737191976,0.5144430712109602]","[0.0,0.0,0.0,1.0]","[0.0025,0.0025,0.0025,1000000.0,1000000.0,1000000.0]",0.001988,895,1,"[15,16,17]","[0.310035,0.561371,-0.338007]","[{""tag_id"":15,""target_match"":true,""family"":""tag25h9"",""hamming"":0,""decision_margin"":145.181168,""pixel_xy"":[833.996547,596.392516],""world_xy_yaw"":[0.275514,0.637201,-0.322634],""pnp_valid"":true,""pnp_camera_xyz"":[0.339183,0.55505,1.217848],""pnp_camera_quat_xyzw"":[-0.016392,-0.006113,-0.154947,0.987768],""pnp_camera_rpy_deg"":[-1.747375,-0.983059,-17.815234],""pnp_reprojection_error_px"":0.25583},{""tag_id"":16,""target_match"":true,""family"":""tag25h9"",""hamming"":0,""decision_margin"":153.079453,""pixel_xy"":[854.544863,658.548344],""world_xy_yaw"":[0.310035,0.561371,-0.338007],""pnp_valid"":true,""pnp_camera_xyz"":[0.379767,0.684795,1.2014],""pnp_camera_quat_xyzw"":[-0.03382,-0.010718,-0.155117,0.987259],""pnp_camera_rpy_deg"":[-3.639915,-1.81395,-17.80083],""pnp_reprojection_error_px"":0.105286},{""tag_id"":17,""target_match"":true,""family"":""tag25h9"",""hamming"":0,""decision_margin"":143.574631,""pixel_xy"":[1005.626508,196.954317],""world_xy_yaw"":[0.563852,1.124516,-0.677631],""pnp_valid"":true,""pnp_camera_xyz"":[1.014324,-0.477232,1.706046],""pnp_camera_quat_xyzw"":[-0.14383,-0.062764,-0.322808,0.933364],""pnp_camera_rpy_deg"":[-13.483839,-12.12366,-36.717808],""pnp_reprojection_error_px"":0.06648}]",1,0.105286,153.079453,94.369222,,0,,0,,
2026-08-12T15:26:29.140490+00:00,21164.424160168,onboard_overhead_fish_dynamic,0,"[0.0,0.0,0.0,0.0]",0,0,0,0,,,,,,,,,,,,,,,,,,,,,,,,,,,,1,0.000889,583,1786548389.097004175,finsrov_stereo_left_optical,"[-0.9754216252550769,-0.6650971139239983,0.5670059834181382]","[0.0,0.0,0.0,1.0]","[0.0025,0.0025,0.0025,1000000.0,1000000.0,1000000.0]",0.000761,896,1,"[15,16,17]","[0.309907,0.56145,-0.325745]","[{""tag_id"":15,""target_match"":true,""family"":""tag25h9"",""hamming"":0,""decision_margin"":129.1194,""pixel_xy"":[833.700039,596.205353],""world_xy_yaw"":[0.275016,0.637429,-0.325766],""pnp_valid"":true,""pnp_camera_xyz"":[0.337509,0.552567,1.214228],""pnp_camera_quat_xyzw"":[-0.027589,-0.002934,-0.158582,0.986956],""pnp_camera_rpy_deg"":[-3.068686,-0.833174,-18.233982],""pnp_reprojection_error_px"":0.071224},{""tag_id"":16,""target_match"":true,""family"":""tag25h9"",""hamming"":0,""decision_margin"":154.978119,""pixel_xy"":[854.46852,658.483505],""world_xy_yaw"":[0.309907,0.56145,-0.325745],""pnp_valid"":true,""pnp_camera_xyz"":[0.380423,0.68556,1.203198],""pnp_camera_quat_xyzw"":[-0.035667,-0.004717,-0.155759,0.98714],""pnp_camera_rpy_deg"":[-3.954396,-1.170223,-17.892962],""pnp_reprojection_error_px"":0.028697},{""tag_id"":17,""target_match"":true,""family"":""tag25h9"",""hamming"":0,""decision_margin"":143.563248,""pixel_xy"":[1005.664888,196.412373],""world_xy_yaw"":[0.563917,1.125177,-0.678871],""pnp_valid"":true,""pnp_camera_xyz"":[1.01256,-0.478436,1.703171],""pnp_camera_quat_xyzw"":[-0.147016,-0.073936,-0.323526,0.9318],""pnp_camera_rpy_deg"":[-13.446296,-13.468658,-36.699584],""pnp_reprojection_error_px"":0.156298}]",1,0.028697,154.978119,94.831713,,0,,0,,
