host_time_utc,host_monotonic_s,phase,requested_forward,requested_right,requested_down,requested_yaw,requested_motor_index,requested_motor_throttle,requested_armed,sent,transport_open,session_confirmed,armed_confirmation_fresh,telemetry_fresh,telemetry_age_s,telemetry_sequence,mcu_tick_ms,state,telemetry_armed,telemetry_mpc_direct,telemetry_yaw_direct,telemetry_failsafe,command_status,reject_flags,last_command_session,last_command_sequence,last_command_crc,last_command_sender_time_ms,command_count,rejected_command_count,yaw_rad,yaw_rate_rad_s,imu_quat_wxyz,imu_angular_velocity_xyz_rad_s,imu_linear_acceleration_xyz_m_s2,depth_m,pressure_pa,received_channels,applied_motor_throttle_m1_m8,motor_rpm_m1_m8,rpm_valid_mask,execution_feedback_valid,rpm_available
2026-08-13T10:22:04.756047+00:00,89300.039302,disarmed_link,0.0000000,0.0000000,0.0000000,0.0000000,,,0,1,1,0,0,0,nan,,,,,,,,,,,,,,,,,,,,,,,,,,,,
2026-08-13T10:22:04.806301+00:00,89300.089119,disarmed_link,0.0000000,0.0000000,0.0000000,0.0000000,,,0,1,1,1,0,1,0.000000,234,11751,1,0,1,1,0,1,0,3091951228,0,25326,89300039,1,0,-0.7098576,0.0012147,"[0.9370607733726501,-0.03358898311853409,-0.007513995748013258,0.34746578335762024]","[-0.004438407253473997,0.0021382379345595837,0.0012147317174822092]","[-0.07169699668884277,-0.6869869828224182,9.709845542907715]",0.0000000,0.000,"[0.0,0.0,0.0,0.0]","[0.0,0.0,0.0,0.0,0.0,0.0,0.0,0.0]","[0.0,0.0,0.0,0.0,0.0,0.0,0.0,0.0]",255,1,1
2026-08-13T10:22:04.856155+00:00,89300.139110,disarmed_link,0.0000000,0.0000000,0.0000000,0.0000000,,,0,1,1,1,0,1,0.000000,235,11801,1,0,1,1,0,1,0,3091951228,1,39319,89300089,2,0,-0.7098868,0.0012811,"[0.937055230140686,-0.033601969480514526,-0.007509992457926273,0.3474796414375305]","[-0.002629809780046344,-0.0009927434148266912,0.001281106611713767]","[-0.09082499891519547,-0.684237003326416,9.7263765335083]",0.0000462,0.453,"[0.0,0.0,0.0,0.0]","[0.0,0.0,0.0,0.0,0.0,0.0,0.0,0.0]","[0.0,0.0,0.0,0.0,0.0,0.0,0.0,0.0]",255,1,1
2026-08-13T10:22:04.906286+00:00,89300.189124,disarmed_link,0.0000000,0.0000000,0.0000000,0.0000000,,,0,1,1,1,0,1,0.000000,236,11851,1,0,1,1,0,1,0,3091951228,2,44981,89300139,3,0,-0.7098945,0.0012639,"[0.9370535612106323,-0.033610984683036804,-0.007522996515035629,0.3474828600883484]","[-0.002420562319457531,4.5657812734134495e-05,0.0012639150954782963]","[-0.08848900347948074,-0.683214008808136,9.741580963134766]",0.0000151,0.148,"[0.0,0.0,0.0,0.0]","[0.0,0.0,0.0,0.0,0.0,0.0,0.0,0.0]","[0.0,0.0,0.0,0.0,0.0,0.0,0.0,0.0]",255,1,1
2026-08-13T10:22:04.956229+00:00,89300.239111,disarmed_link,0.0000000,0.0000000,0.0000000,0.0000000,,,0,1,1,1,0,1,0.000000,237,11901,1,0,1,1,0,1,0,3091951228,3,26905,89300189,4,0,-0.7099156,0.0006328,"[0.9370487332344055,-0.033642981201410294,-0.007525995839387178,0.3474927842617035]","[-0.0032267821952700615,0.0008749859407544136,0.0006327865994535387]","[-0.10274600237607956,-0.6768190264701843,9.735726356506348]",0.0000151,0.148,"[0.0,0.0,0.0,0.0]","[0.0,0.0,0.0,0.0,0.0,0.0,0.0,0.0]","[0.0,0.0,0.0,0.0,0.0,0.0,0.0,0.0]",255,1,1
2026-08-13T10:22:05.006977+00:00,89300.289124,disarmed_link,0.0000000,0.0000000,0.0000000,0.0000000,,,0,1,1,1,0,1,0.000000,238,11951,1,0,1,1,0,1,0,3091951228,4,50161,89300239,5,0,-0.7099626,0.0018668,"[0.9370392560958862,-0.03367698937654495,-0.007527998182922602,0.34751489758491516]","[-0.003232332179322839,0.0002665641368366778,0.0018667516997084022]","[-0.10522899776697159,-0.6788470149040222,9.75971508026123]",0.0000702,0.688,"[0.0,0.0,0.0,0.0]","[0.0,0.0,0.0,0.0,0.0,0.0,0.0,0.0]","[0.0,0.0,0.0,0.0,0.0,0.0,0.0,0.0]",255,1,1
2026-08-13T10:22:05.056890+00:00,89300.339144,disarmed_link,0.0000000,0.0000000,0.0000000,0.0000000,,,0,1,1,1,0,1,0.000000,239,12001,1,0,1,1,0,1,0,3091951228,5,60938,89300290,6,0,-0.7099496,0.0024745,"[0.9370412826538086,-0.03368399664759636,-0.0075229983776807785,0.3475089371204376]","[-0.0020113347563892603,0.0008902400732040405,0.0024745280388742685]","[-0.11716300249099731,-0.6639930009841919,9.78334903717041]",0.0000702,0.688,"[0.0,0.0,0.0,0.0]","[0.0,0.0,0.0,0.0,0.0,0.0,0.0,0.0]","[0.0,0.0,0.0,0.0,0.0,0.0,0.0,0.0]",255,1,1
2026-08-13T10:22:05.106869+00:00,89300.389116,disarmed_link,0.0000000,0.0000000,0.0000000,0.0000000,,,0,1,1,1,0,1,0.000000,240,12051,1,0,1,1,0,1,0,3091951228,6,24470,89300340,7,0,-0.7099548,0.0012811,"[0.9370394945144653,-0.033706989139318466,-0.007509997580200434,0.347511887550354]","[-0.0007988197612576187,-0.0003807086613960564,0.0012811415363103151]","[-0.12191200256347656,-0.651760995388031,9.795108795166016]",0.0000901,0.883,"[0.0,0.0,0.0,0.0]","[0.0,0.0,0.0,0.0,0.0,0.0,0.0,0.0]","[0.0,0.0,0.0,0.0,0.0,0.0,0.0,0.0]",255,1,1
2026-08-13T10:22:05.156465+00:00,89300.439031,disarmed_link,0.0000000,0.0000000,0.0000000,0.0000000,,,0,1,1,1,0,1,0.000000,241,12101,1,0,1,1,0,1,0,3091951228,7,51638,89300390,8,0,-0.7099611,0.0012774,"[0.9370381832122803,-0.03371099755167961,-0.007507997564971447,0.34751492738723755]","[-0.0014079046668484807,-0.0003767642192542553,0.0012774413917213678]","[-0.1100199967622757,-0.6565899848937988,9.797715187072754]",0.0000901,0.883,"[0.0,0.0,0.0,0.0]","[0.0,0.0,0.0,0.0,0.0,0.0,0.0,0.0]","[0.0,0.0,0.0,0.0,0.0,0.0,0.0,0.0]",255,1,1
2026-08-13T10:22:05.207096+00:00,89300.489121,disarmed_link,0.0000000,0.0000000,0.0000000,0.0000000,,,0,1,1,1,0,1,0.000000,242,12151,1,0,1,1,0,1,0,3091951228,8,34183,89300439,9,0,-0.7099589,0.0024671,"[0.9370385408401489,-0.033711988478899,-0.007508996874094009,0.3475138545036316]","[-0.0032295051496475935,0.0008981116116046906,0.002467145211994648]","[-0.0917539969086647,-0.6631489992141724,9.794025421142578]",0.0001602,1.570,"[0.0,0.0,0.0,0.0]","[0.0,0.0,0.0,0.0,0.0,0.0,0.0,0.0]","[0.0,0.0,0.0,0.0,0.0,0.0,0.0,0.0]",255,1,1
2026-08-13T10:22:05.256425+00:00,89300.539109,disarmed_link,0.0000000,0.0000000,0.0000000,0.0000000,,,0,1,1,1,0,1,0.000000,243,12201,1,0,1,1,0,1,0,3091951228,9,13954,89300490,10,0,-0.7099717,0.0012258,"[0.9370362758636475,-0.03371496871113777,-0.0075149936601519585,0.3475196659564972]","[-0.004442125093191862,0.0015144047793000937,0.001225797226652503]","[-0.09807299822568893,-0.6542760133743286,9.79542064666748]",0.0001602,1.570,"[0.0,0.0,0.0,0.0]","[0.0,0.0,0.0,0.0,0.0,0.0,0.0,0.0]","[0.0,0.0,0.0,0.0,0.0,0.0,0.0,0.0]",255,1,1
2026-08-13T10:22:05.306460+00:00,89300.589131,disarmed_link,0.0000000,0.0000000,0.0000000,0.0000000,,,0,1,1,1,0,1,0.000000,244,12251,1,0,1,1,0,1,0,3091951228,10,44424,89300539,11,0,-0.7099915,0.0024745,"[0.9370325207710266,-0.03372298553586006,-0.007520995568484068,0.3475288450717926]","[-0.0020113347563892603,0.0008902400732040405,0.0024745280388742685]","[-0.08611399680376053,-0.6593980193138123,9.778839111328125]",0.0001650,1.617,"[0.0,0.0,0.0,0.0]","[0.0,0.0,0.0,0.0,0.0,0.0,0.0,0.0]","[0.0,0.0,0.0,0.0,0.0,0.0,0.0,0.0]",255,1,1
2026-08-13T10:22:05.356949+00:00,89300.639187,disarmed_link,0.0000000,0.0000000,0.0000000,0.0000000,,,0,1,1,1,0,1,0.000000,245,12301,1,0,1,1,0,1,0,3091951228,11,189,89300589,12,0,-0.7100185,0.0012516,"[0.9370278716087341,-0.03372097760438919,-0.007513994816690683,0.3475417196750641]","[-0.0020095198415219784,0.0008748288964852691,0.0012516280403360724]","[-0.0765179991722107,-0.667061984539032,9.752676010131836]",0.0001650,1.617,"[0.0,0.0,0.0,0.0]","[0.0,0.0,0.0,0.0,0.0,0.0,0.0,0.0]","[0.0,0.0,0.0,0.0,0.0,0.0,0.0,0.0]",255,1,1
2026-08-13T10:22:05.406553+00:00,89300.689034,disarmed_link,0.0000000,0.0000000,0.0000000,0.0000000,,,0,1,1,1,0,1,0.000000,246,12351,1,0,1,1,0,1,0,3091951228,12,25380,89300640,13,0,-0.7100281,0.0012848,"[0.9370265007019043,-0.033714987337589264,-0.007521997671574354,0.34754589200019836]","[-0.0001897347392514348,-0.0003846356412395835,0.0012848241021856666]","[-0.05979200080037117,-0.6746479868888855,9.733789443969727]",0.0001969,1.930,"[0.0,0.0,0.0,0.0]","[0.0,0.0,0.0,0.0,0.0,0.0,0.0,0.0]","[0.0,0.0,0.0,0.0,0.0,0.0,0.0,0.0]",255,1,1
2026-08-13T10:22:05.456560+00:00,89300.739124,disarmed_link,0.0000000,0.0000000,0.0000000,0.0000000,,,0,1,1,1,0,1,0.000000,247,12401,1,0,1,1,0,1,0,3091951228,13,36638,89300689,14,0,-0.7100427,0.0012787,"[0.9370247721672058,-0.03369197994470596,-0.007519995793700218,0.34755274653434753]","[-0.0012048707576468587,-0.0003780907136388123,0.0012786631705239415]","[-0.06774099916219711,-0.6754379868507385,9.732110977172852]",0.0002447,2.398,"[0.0,0.0,0.0,0.0]","[0.0,0.0,0.0,0.0,0.0,0.0,0.0,0.0]","[0.0,0.0,0.0,0.0,0.0,0.0,0.0,0.0]",255,1,1
2026-08-13T10:22:05.506726+00:00,89300.789115,disarmed_link,0.0000000,0.0000000,0.0000000,0.0000000,,,0,1,1,1,0,1,0.000000,248,12451,1,0,1,1,0,1,0,3091951228,14,9713,89300739,15,0,-0.7100599,0.0012590,"[0.9370216727256775,-0.03369398042559624,-0.007520995102822781,0.3475608229637146]","[-0.0007913497393019497,0.000866957358084619,0.0012590107508003712]","[-0.059728000313043594,-0.6724629998207092,9.719365119934082]",0.0002447,2.398,"[0.0,0.0,0.0,0.0]","[0.0,0.0,0.0,0.0,0.0,0.0,0.0,0.0]","[0.0,0.0,0.0,0.0,0.0,0.0,0.0,0.0]",255,1,1
2026-08-13T10:22:05.556670+00:00,89300.839063,disarmed_link,0.0000000,0.0000000,0.0000000,0.0000000,,,0,1,1,1,0,1,0.000000,249,12501,1,0,1,1,0,1,0,3091951228,15,52107,89300790,16,0,-0.7100586,0.0013033,"[0.9370228052139282,-0.03367197886109352,-0.007532995659857988,0.34755975008010864]","[-0.0008062897832132876,-0.0016283922595903277,0.001303254859521985]","[-0.059801001101732254,-0.684453010559082,9.721939086914062]",0.0002296,2.250,"[0.0,0.0,0.0,0.0]","[0.0,0.0,0.0,0.0,0.0,0.0,0.0,0.0]","[0.0,0.0,0.0,0.0,0.0,0.0,0.0,0.0]",255,1,1
2026-08-13T10:22:05.606670+00:00,89300.889069,disarmed_link,0.0000000,0.0000000,0.0000000,0.0000000,,,0,1,1,1,0,1,0.000000,250,12551,1,0,1,1,0,1,0,3091951228,16,60479,89300839,17,0,-0.7100853,0.0012443,"[0.9370188117027283,-0.03365497663617134,-0.007546995300799608,0.3475717604160309]","[-0.00139669980853796,0.0014947348972782493,0.001244262675754726]","[-0.07890699803829193,-0.6891760230064392,9.72178840637207]",0.0002296,2.250,"[0.0,0.0,0.0,0.0]","[0.0,0.0,0.0,0.0,0.0,0.0,0.0,0.0]","[0.0,0.0,0.0,0.0,0.0,0.0,0.0,0.0]",255,1,1
2026-08-13T10:22:05.656633+00:00,89300.939142,disarmed_link,0.0000000,0.0000000,0.0000000,0.0000000,,,0,1,1,1,0,1,0.000000,251,12601,1,0,1,1,0,1,0,3091951228,17,11795,89300889,18,0,-0.7100968,0.0018705,"[0.9370165467262268,-0.033662986010313034,-0.007557996548712254,0.34757688641548157]","[-0.0007922573713585734,0.0008746717940084636,0.0018704694230109453]","[-0.09094300121068954,-0.6886439919471741,9.752827644348145]",0.0002663,2.609,"[0.0,0.0,0.0,0.0]","[0.0,0.0,0.0,0.0,0.0,0.0,0.0,0.0]","[0.0,0.0,0.0,0.0,0.0,0.0,0.0,0.0]",255,1,1
2026-08-13T10:22:05.706297+00:00,89300.989032,disarmed_link,0.0000000,0.0000000,0.0000000,0.0000000,,,0,1,1,1,0,1,0.000000,252,12651,1,0,1,1,0,1,0,3091951228,18,63062,89300939,19,0,-0.7101356,0.0025188,"[0.9370096325874329,-0.03366798162460327,-0.007566995453089476,0.3475947976112366]","[-0.0020262575708329678,-0.0016050919657573104,0.0025187721475958824]","[-0.10281000286340714,-0.6691629886627197,9.764399528503418]",0.0002663,2.609,"[0.0,0.0,0.0,0.0]","[0.0,0.0,0.0,0.0,0.0,0.0,0.0,0.0]","[0.0,0.0,0.0,0.0,0.0,0.0,0.0,0.0]",255,1,1
2026-08-13T10:22:05.757028+00:00,89301.039130,disarmed_link,0.0000000,0.0000000,0.0000000,0.0000000,,,0,1,1,1,0,1,0.000000,253,12701,1,0,1,1,0,1,0,3091951228,19,59336,89300989,20,0,-0.7101694,0.0021112,"[0.9370055794715881,-0.033620983362197876,-0.007587996311485767,0.34760981798171997]","[-0.0008049983298406005,-0.0012022001901641488,0.0021111504174768925]","[-0.10914000123739243,-0.6651610136032104,9.76186752319336]",0.0001738,1.703,"[0.0,0.0,0.0,0.0]","[0.0,0.0,0.0,0.0,0.0,0.0,0.0,0.0]","[0.0,0.0,0.0,0.0,0.0,0.0,0.0,0.0]",255,1,1
2026-08-13T10:22:05.807131+00:00,89301.089152,disarmed_link,0.0000000,0.0000000,0.0000000,0.0000000,,,0,1,1,1,0,1,0.000000,254,12751,1,0,1,1,0,1,0,3091951228,20,8455,89301040,21,0,-0.7102026,0.0018852,"[0.937000036239624,-0.03361797705292702,-0.0076079946011304855,0.3476247489452362]","[-0.0020178973209112883,-0.00036512286169454455,0.0018852000357583165]","[-0.11239299923181534,-0.664014995098114,9.783403396606445]",0.0001738,1.703,"[0.0,0.0,0.0,0.0]","[0.0,0.0,0.0,0.0,0.0,0.0,0.0,0.0]","[0.0,0.0,0.0,0.0,0.0,0.0,0.0,0.0]",255,1,1
2026-08-13T10:22:05.856905+00:00,89301.139133,disarmed_link,0.0000000,0.0000000,0.0000000,0.0000000,,,0,1,1,1,0,1,0.000000,255,12801,1,0,1,1,0,1,0,3091951228,21,22848,89301090,22,0,-0.7101749,0.0024967,"[0.9370052218437195,-0.03361000120639801,-0.007630998734384775,0.3476109802722931]","[-0.002018804894760251,-0.0003574085421860218,0.002496658591553569]","[-0.11479000002145767,-0.6565679907798767,9.797660827636719]",0.0001228,1.203,"[0.0,0.0,0.0,0.0]","[0.0,0.0,0.0,0.0,0.0,0.0,0.0,0.0]","[0.0,0.0,0.0,0.0,0.0,0.0,0.0,0.0]",255,1,1
2026-08-13T10:22:05.906789+00:00,89301.189114,disarmed_link,0.0000000,0.0000000,0.0000000,0.0000000,,,0,1,1,1,0,1,0.000000,256,12851,1,0,1,1,0,1,0,3091951228,22,53641,89301140,23,0,-0.7101671,0.0000545,"[0.9370070695877075,-0.03359897807240486,-0.0076499939896166325,0.34760668873786926]","[-0.0014060897519811988,-0.00039219294558279216,5.454154234030284e-05]","[-0.10285600274801254,-0.6517379879951477,9.80252456665039]",0.0001228,1.203,"[0.0,0.0,0.0,0.0]","[0.0,0.0,0.0,0.0,0.0,0.0,0.0,0.0]","[0.0,0.0,0.0,0.0,0.0,0.0,0.0,0.0]",255,1,1
2026-08-13T10:22:05.956451+00:00,89301.239058,disarmed_link,0.0000000,0.0000000,0.0000000,0.0000000,,,0,1,1,1,0,1,0.000000,257,12901,1,0,1,1,0,1,0,3091951228,23,43470,89301190,24,0,-0.7101834,0.0012774,"[0.9370045065879822,-0.03359198942780495,-0.00766599690541625,0.3476138412952423]","[-0.0014079046668484807,-0.0003767642192542553,0.0012774413917213678]","[-0.10520699620246887,-0.6518740057945251,9.792902946472168]",0.0001092,1.070,"[0.0,0.0,0.0,0.0]","[0.0,0.0,0.0,0.0,0.0,0.0,0.0,0.0]","[0.0,0.0,0.0,0.0,0.0,0.0,0.0,0.0]",255,1,1
2026-08-13T10:22:06.007143+00:00,89301.289048,disarmed_link,0.0000000,0.0000000,0.0000000,0.0000000,,,0,1,1,1,0,1,0.000000,258,12951,1,0,1,1,0,1,0,3091951228,24,13005,89301239,25,0,-0.7101972,0.0025040,"[0.9370028972625732,-0.03357197344303131,-0.007682994473725557,0.3476197421550751]","[-0.0008006173884496093,-0.00036527996417135,0.0025040414184331894]","[-0.08850300312042236,-0.6569079756736755,9.783574104309082]",0.0000725,0.711,"[0.0,0.0,0.0,0.0]","[0.0,0.0,0.0,0.0,0.0,0.0,0.0,0.0]","[0.0,0.0,0.0,0.0,0.0,0.0,0.0,0.0]",255,1,1
2026-08-13T10:22:06.056409+00:00,89301.339149,disarmed_link,0.0000000,0.0000000,0.0000000,0.0000000,,,0,1,1,1,0,1,0.000000,259,13001,1,0,1,1,0,1,0,3091951228,25,63569,89301290,26,0,-0.7102283,0.0008587,"[0.9369978904724121,-0.033562976866960526,-0.007699994370341301,0.3476337194442749]","[-0.0032345489598810673,-0.0003701145469676703,0.0008587195188738406]","[-0.08688700199127197,-0.6603059768676758,9.771649360656738]",0.0000725,0.711,"[0.0,0.0,0.0,0.0]","[0.0,0.0,0.0,0.0,0.0,0.0,0.0,0.0]","[0.0,0.0,0.0,0.0,0.0,0.0,0.0,0.0]",255,1,1
2026-08-13T10:22:06.106481+00:00,89301.389124,disarmed_link,0.0000000,0.0000000,0.0000000,0.0000000,,,0,1,1,1,0,1,0.000000,260,13051,1,0,1,1,0,1,0,3091951228,26,46185,89301339,27,0,-0.7102399,0.0012516,"[0.9369955062866211,-0.03357398509979248,-0.00771299609914422,0.3476388454437256]","[-0.0020095198415219784,0.0008748288964852691,0.0012516280403360724]","[-0.08606699854135513,-0.662060022354126,9.762088775634766]",0.0000215,0.211,"[0.0,0.0,0.0,0.0]","[0.0,0.0,0.0,0.0,0.0,0.0,0.0,0.0]","[0.0,0.0,0.0,0.0,0.0,0.0,0.0,0.0]",255,1,1
2026-08-13T10:22:06.157205+00:00,89301.439053,disarmed_link,0.0000000,0.0000000,0.0000000,0.0000000,,,0,1,1,1,0,1,0.000000,261,13101,1,0,1,1,0,1,0,3091951228,27,63291,89301389,28,0,-0.7102928,0.0030713,"[0.9369862079620361,-0.03357599675655365,-0.007701999507844448,0.3476639688014984]","[-0.0007866024971008301,0.0021377664525061846,0.0030712562147527933]","[-0.06694799661636353,-0.6696940064430237,9.740830421447754]",0.0000215,0.211,"[0.0,0.0,0.0,0.0]","[0.0,0.0,0.0,0.0,0.0,0.0,0.0,0.0]","[0.0,0.0,0.0,0.0,0.0,0.0,0.0,0.0]",255,1,1
2026-08-13T10:22:06.207231+00:00,89301.489128,disarmed_link,0.0000000,0.0000000,0.0000000,0.0000000,,,0,1,1,1,0,1,0.000000,262,13151,1,0,1,1,0,1,0,3091951228,28,31429,89301440,29,0,-0.7102971,0.0012590,"[0.9369854927062988,-0.03357395902276039,-0.0076819900423288345,0.34766659140586853]","[-0.0007913497393019497,0.000866957358084619,0.0012590107508003712]","[-0.06218999996781349,-0.6819630265235901,9.726672172546387]",0.0000040,0.039,"[0.0,0.0,0.0,0.0]","[0.0,0.0,0.0,0.0,0.0,0.0,0.0,0.0]","[0.0,0.0,0.0,0.0,0.0,0.0,0.0,0.0]",255,1,1
2026-08-13T10:22:06.257293+00:00,89301.539144,disarmed_link,0.0000000,0.0000000,0.0000000,0.0000000,,,0,1,1,1,0,1,0.000000,263,13201,1,0,1,1,0,1,0,3091951228,29,48681,89301490,30,0,-0.7103034,0.0018852,"[0.936984658241272,-0.03356398269534111,-0.007673996035009623,0.3476698100566864]","[-0.0020178973209112883,-0.00036512286169454455,0.0018852000357583165]","[-0.06216900050640106,-0.6845149993896484,9.71711540222168]",0.0000040,0.039,"[0.0,0.0,0.0,0.0]","[0.0,0.0,0.0,0.0,0.0,0.0,0.0,0.0]","[0.0,0.0,0.0,0.0,0.0,0.0,0.0,0.0]",255,1,1
2026-08-13T10:22:06.307127+00:00,89301.589046,disarmed_link,0.0000000,0.0000000,0.0000000,0.0000000,,,0,1,1,1,0,1,0.000000,264,13251,1,0,1,1,0,1,0,3091951228,30,47149,89301540,31,0,-0.7103008,0.0012516,"[0.9369849562644958,-0.03356897458434105,-0.007668993901461363,0.34766873717308044]","[-0.0020095198415219784,0.0008748288964852691,0.0012516280403360724]","[-0.07892899960279465,-0.696465015411377,9.717098236083984]",0.0000000,0.000,"[0.0,0.0,0.0,0.0]","[0.0,0.0,0.0,0.0,0.0,0.0,0.0,0.0]","[0.0,0.0,0.0,0.0,0.0,0.0,0.0,0.0]",255,1,1
2026-08-13T10:22:06.356013+00:00,89301.639022,disarmed_link,0.0000000,0.0000000,0.0000000,0.0000000,,,0,1,1,1,0,1,0.000000,265,13301,1,0,1,1,0,1,0,3091951228,31,44019,89301590,32,0,-0.7103300,0.0024868,"[0.936979353427887,-0.033581990748643875,-0.007652997970581055,0.3476829528808594]","[-0.0024223600048571825,6.108652451075613e-05,0.0024868149776011705]","[-0.09156099706888199,-0.6771029829978943,9.720667839050293]",0.0000000,0.000,"[0.0,0.0,0.0,0.0]","[0.0,0.0,0.0,0.0,0.0,0.0,0.0,0.0]","[0.0,0.0,0.0,0.0,0.0,0.0,0.0,0.0]",255,1,1
2026-08-13T10:22:06.406004+00:00,89301.689025,disarmed_link,0.0000000,0.0000000,0.0000000,0.0000000,,,0,1,1,1,0,1,0.000000,266,13351,1,0,1,1,0,1,0,3091951228,32,25112,89301639,33,0,-0.7103628,0.0024672,"[0.9369741678237915,-0.03356797248125076,-0.007639993913471699,0.3476986885070801]","[-0.0013985148398205638,0.0015101636527106166,0.002467162674292922]","[-0.09320499747991562,-0.6817839741706848,9.728713035583496]",0.0000000,0.000,"[0.0,0.0,0.0,0.0]","[0.0,0.0,0.0,0.0,0.0,0.0,0.0,0.0]","[0.0,0.0,0.0,0.0,0.0,0.0,0.0,0.0]",255,1,1
2026-08-13T10:22:06.456160+00:00,89301.739048,disarmed_link,0.0000000,0.0000000,0.0000000,0.0000000,,,0,1,1,1,0,1,0.000000,267,13401,1,0,1,1,0,1,0,3091951228,33,39265,89301689,34,0,-0.7104028,0.0024893,"[0.9369673132896423,-0.03356296569108963,-0.007633992005139589,0.34771764278411865]","[-0.003236974822357297,-0.00034955458249896765,0.002489258535206318]","[-0.10994800180196762,-0.669202983379364,9.759519577026367]",0.0000000,0.000,"[0.0,0.0,0.0,0.0]","[0.0,0.0,0.0,0.0,0.0,0.0,0.0,0.0]","[0.0,0.0,0.0,0.0,0.0,0.0,0.0,0.0]",255,1,1
2026-08-13T10:22:06.507167+00:00,89301.789043,disarmed_link,0.0000000,0.0000000,0.0000000,0.0000000,,,0,1,1,1,0,1,0.000000,268,13451,1,0,1,1,0,1,0,3091951228,34,16676,89301739,35,0,-0.7104062,0.0018631,"[0.9369664192199707,-0.03357096388936043,-0.007622991222888231,0.34771957993507385]","[-0.0020104271825402975,0.0008825432159937918,0.0018630867125466466]","[-0.11237599700689316,-0.6640880107879639,9.778607368469238]",0.0000000,0.000,"[0.0,0.0,0.0,0.0]","[0.0,0.0,0.0,0.0,0.0,0.0,0.0,0.0]","[0.0,0.0,0.0,0.0,0.0,0.0,0.0,0.0]",255,1,1
2026-08-13T10:22:06.557098+00:00,89301.839047,disarmed_link,0.0000000,0.0000000,0.0000000,0.0000000,,,0,1,1,1,0,1,0.000000,269,13501,1,0,1,1,0,1,0,3091951228,35,2758,89301790,36,0,-0.7104169,0.0012258,"[0.9369642734527588,-0.03357599675655365,-0.007613998372107744,0.34772494435310364]","[-0.0026111348997801542,0.0021264394745230675,0.0012258145725354552]","[-0.12201400101184845,-0.6611620187759399,9.809638977050781]",0.0000000,0.000,"[0.0,0.0,0.0,0.0]","[0.0,0.0,0.0,0.0,0.0,0.0,0.0,0.0]","[0.0,0.0,0.0,0.0,0.0,0.0,0.0,0.0]",255,1,1
2026-08-13T10:22:06.606773+00:00,89301.889146,disarmed_link,0.0000000,0.0000000,0.0000000,0.0000000,,,0,1,1,1,0,1,0.000000,270,13551,1,0,1,1,0,1,0,3091951228,36,30940,89301840,37,0,-0.7104278,0.0024524,"[0.9369615316390991,-0.03359895944595337,-0.007599990349262953,0.3477305471897125]","[-0.002003865083679557,0.002137923613190651,0.002452414482831955]","[-0.1123799979686737,-0.6468470096588135,9.804741859436035]",0.0001028,1.008,"[0.0,0.0,0.0,0.0]","[0.0,0.0,0.0,0.0,0.0,0.0,0.0,0.0]","[0.0,0.0,0.0,0.0,0.0,0.0,0.0,0.0]",255,1,1
2026-08-13T10:22:06.657192+00:00,89301.939052,disarmed_link,0.0000000,0.0000000,0.0000000,0.0000000,,,0,1,1,1,0,1,0.000000,271,13601,1,0,1,1,0,1,0,3091951228,37,61180,89301890,38,0,-0.7104423,0.0012590,"[0.9369593858718872,-0.03358796238899231,-0.007588991429656744,0.3477376401424408]","[-0.0007913497393019497,0.000866957358084619,0.0012590107508003712]","[-0.11475200206041336,-0.6444309949874878,9.804677963256836]",0.0001363,1.336,"[0.0,0.0,0.0,0.0]","[0.0,0.0,0.0,0.0,0.0,0.0,0.0,0.0]","[0.0,0.0,0.0,0.0,0.0,0.0,0.0,0.0]",255,1,1
2026-08-13T10:22:06.707175+00:00,89301.989072,disarmed_link,0.0000000,0.0000000,0.0000000,0.0000000,,,0,1,1,1,0,1,0.000000,272,13651,1,0,1,1,0,1,0,3091951228,38,24416,89301940,39,0,-0.7104542,0.0012295,"[0.9369570016860962,-0.03359296917915344,-0.00757599389180541,0.3477436900138855]","[-0.0020020497031509876,0.0021225123200565577,0.0012295146007090807]","[-0.10049200057983398,-0.649196982383728,9.812108039855957]",0.0001363,1.336,"[0.0,0.0,0.0,0.0]","[0.0,0.0,0.0,0.0,0.0,0.0,0.0,0.0]","[0.0,0.0,0.0,0.0,0.0,0.0,0.0,0.0]",255,1,1
2026-08-13T10:22:06.757343+00:00,89302.039129,disarmed_link,0.0000000,0.0000000,0.0000000,0.0000000,,,0,1,1,1,0,1,0.000000,273,13701,1,0,1,1,0,1,0,3091951228,39,10023,89301990,40,0,-0.7104758,0.0012221,"[0.9369526505470276,-0.033610984683036804,-0.007576996460556984,0.3477538228034973]","[-0.003220220096409321,0.0021303663961589336,0.001222131890244782]","[-0.09083300083875656,-0.6497550010681152,9.778642654418945]",0.0001738,1.703,"[0.0,0.0,0.0,0.0]","[0.0,0.0,0.0,0.0,0.0,0.0,0.0,0.0]","[0.0,0.0,0.0,0.0,0.0,0.0,0.0,0.0]",255,1,1
2026-08-13T10:22:06.806502+00:00,89302.089038,disarmed_link,0.0000000,0.0000000,0.0000000,0.0000000,,,0,1,1,1,0,1,0.000000,274,13751,1,0,1,1,0,1,0,3091951228,40,21350,89302040,41,0,-0.7104697,0.0006549,"[0.9369531869888306,-0.03362399339675903,-0.007578998804092407,0.3477509319782257]","[-0.0032342523336410522,-0.0003726801660377532,0.0006548999226652086]","[-0.07653100043535233,-0.664546012878418,9.759836196899414]",0.0001738,1.703,"[0.0,0.0,0.0,0.0]","[0.0,0.0,0.0,0.0,0.0,0.0,0.0,0.0]","[0.0,0.0,0.0,0.0,0.0,0.0,0.0,0.0]",255,1,1
2026-08-13T10:22:06.856009+00:00,89302.139022,disarmed_link,0.0000000,0.0000000,0.0000000,0.0000000,,,0,1,1,1,0,1,0.000000,275,13801,1,0,1,1,0,1,0,3091951228,41,54469,89302089,42,0,-0.7104797,0.0012295,"[0.9369509220123291,-0.03363897278904915,-0.007577993907034397,0.3477557301521301]","[-0.0020020497031509876,0.0021225123200565577,0.0012295146007090807]","[-0.06694299727678299,-0.672173023223877,9.73607063293457]",0.0002392,2.344,"[0.0,0.0,0.0,0.0]","[0.0,0.0,0.0,0.0,0.0,0.0,0.0,0.0]","[0.0,0.0,0.0,0.0,0.0,0.0,0.0,0.0]",255,1,1
2026-08-13T10:22:06.907179+00:00,89302.189043,disarmed_link,0.0000000,0.0000000,0.0000000,0.0000000,,,0,1,1,1,0,1,0.000000,276,13851,1,0,1,1,0,1,0,3091951228,42,45099,89302139,43,0,-0.7104585,0.0024721,"[0.9369540810585022,-0.033653974533081055,-0.007581994403153658,0.34774571657180786]","[-0.0024173858109861612,0.0008928755414672196,0.0024720667861402035]","[-0.06615699827671051,-0.6721400022506714,9.738476753234863]",0.0002392,2.344,"[0.0,0.0,0.0,0.0]","[0.0,0.0,0.0,0.0,0.0,0.0,0.0,0.0]","[0.0,0.0,0.0,0.0,0.0,0.0,0.0,0.0]",255,1,1
2026-08-13T10:22:06.956137+00:00,89302.239018,disarmed_link,0.0000000,0.0000000,0.0000000,0.0000000,,,0,1,1,1,0,1,0.000000,277,13901,1,0,1,1,0,1,0,3091951228,43,3229,89302190,44,0,-0.7104602,0.0018484,"[0.9369531869888306,-0.03366796672344208,-0.007579991593956947,0.3477466106414795]","[-0.0007847872911952436,0.002122355392202735,0.0018483560997992754]","[-0.0717260017991066,-0.6794769763946533,9.728926658630371]",0.0002065,2.023,"[0.0,0.0,0.0,0.0]","[0.0,0.0,0.0,0.0,0.0,0.0,0.0,0.0]","[0.0,0.0,0.0,0.0,0.0,0.0,0.0,0.0]",255,1,1
2026-08-13T10:22:07.006724+00:00,89302.289123,disarmed_link,0.0000000,0.0000000,0.0000000,0.0000000,,,0,1,1,1,0,1,0.000000,278,13951,1,0,1,1,0,1,0,3091951228,44,16546,89302239,45,0,-0.7104774,0.0018741,"[0.9369497299194336,-0.033680982887744904,-0.007577996235340834,0.3477548062801361]","[-0.002014162251725793,0.0002586927148513496,0.0018741347594186664]","[-0.07412400096654892,-0.6917129755020142,9.714685440063477]",0.0002065,2.023,"[0.0,0.0,0.0,0.0]","[0.0,0.0,0.0,0.0,0.0,0.0,0.0,0.0]","[0.0,0.0,0.0,0.0,0.0,0.0,0.0,0.0]",255,1,1
2026-08-13T10:22:07.056949+00:00,89302.339126,disarmed_link,0.0000000,0.0000000,0.0000000,0.0000000,,,0,1,1,1,0,1,0.000000,279,14001,1,0,1,1,0,1,0,3091951228,45,8179,89302290,46,0,-0.7104913,0.0012590,"[0.9369474649429321,-0.03367498889565468,-0.007559997495263815,0.347761869430542]","[-0.0007913497393019497,0.000866957358084619,0.0012590107508003712]","[-0.06695999950170517,-0.6917830109596252,9.712368965148926]",0.0001913,1.875,"[0.0,0.0,0.0,0.0]","[0.0,0.0,0.0,0.0,0.0,0.0,0.0,0.0]","[0.0,0.0,0.0,0.0,0.0,0.0,0.0,0.0]",255,1,1
2026-08-13T10:22:07.107287+00:00,89302.389137,disarmed_link,0.0000000,0.0000000,0.0000000,0.0000000,,,0,1,1,1,0,1,0.000000,280,14051,1,0,1,1,0,1,0,3091951228,46,4804,89302340,47,0,-0.7105209,0.0025003,"[0.9369419813156128,-0.033684972673654556,-0.007561993319541216,0.3477756977081299]","[-0.001409702468663454,-0.00036135295522399247,0.002500341273844242]","[-0.09561199694871902,-0.6841409802436829,9.731119155883789]",0.0001913,1.875,"[0.0,0.0,0.0,0.0]","[0.0,0.0,0.0,0.0,0.0,0.0,0.0,0.0]","[0.0,0.0,0.0,0.0,0.0,0.0,0.0,0.0]",255,1,1
2026-08-13T10:22:07.157242+00:00,89302.439141,disarmed_link,0.0000000,0.0000000,0.0000000,0.0000000,,,0,1,1,1,0,1,0.000000,281,14101,1,0,1,1,0,1,0,3091951228,47,54824,89302390,48,0,-0.7105420,0.0012480,"[0.9369385242462158,-0.03367798402905464,-0.007553996052592993,0.3477858603000641]","[-0.0007876147283241153,0.001490807975642383,0.0012479628203436732]","[-0.1052199974656105,-0.6739630103111267,9.764440536499023]",0.0002176,2.133,"[0.0,0.0,0.0,0.0]","[0.0,0.0,0.0,0.0,0.0,0.0,0.0,0.0]","[0.0,0.0,0.0,0.0,0.0,0.0,0.0,0.0]",255,1,1
2026-08-13T10:22:07.207141+00:00,89302.489039,disarmed_link,0.0000000,0.0000000,0.0000000,0.0000000,,,0,1,1,1,0,1,0.000000,282,14151,1,0,1,1,0,1,0,3091951228,48,57226,89302440,49,0,-0.7105387,0.0008661,"[0.9369395971298218,-0.033665981143713,-0.007566995918750763,0.3477838337421417]","[-0.0020163790322840214,-0.00037798593984916806,0.0008661196916364133]","[-0.11234600096940994,-0.6732379794120789,9.757152557373047]",0.0001778,1.742,"[0.0,0.0,0.0,0.0]","[0.0,0.0,0.0,0.0,0.0,0.0,0.0,0.0]","[0.0,0.0,0.0,0.0,0.0,0.0,0.0,0.0]",255,1,1
2026-08-13T10:22:07.257163+00:00,89302.539062,disarmed_link,0.0000000,0.0000000,0.0000000,0.0000000,,,0,1,1,1,0,1,0.000000,283,14201,1,0,1,1,0,1,0,3091951228,49,52308,89302490,50,0,-0.7105386,0.0012701,"[0.9369399547576904,-0.03365597501397133,-0.007567994296550751,0.3477837145328522]","[-0.0007950847502797842,0.00024312437744811177,0.0012700761435553432]","[-0.12430600076913834,-0.671396017074585,9.76898193359375]",0.0001778,1.742,"[0.0,0.0,0.0,0.0]","[0.0,0.0,0.0,0.0,0.0,0.0,0.0,0.0]","[0.0,0.0,0.0,0.0,0.0,0.0,0.0,0.0]",255,1,1
2026-08-13T10:22:07.307228+00:00,89302.589071,disarmed_link,0.0000000,0.0000000,0.0000000,0.0000000,,,0,1,1,1,0,1,0.000000,284,14251,1,0,1,1,0,1,0,3091951228,50,51792,89302540,51,0,-0.7105666,0.0024893,"[0.9369359016418457,-0.0336349755525589,-0.007569995243102312,0.3477967381477356]","[0.0004250051570124924,0.0008745146915316582,0.0024893106892704964]","[-0.12195000052452087,-0.6540560126304626,9.802339553833008]",0.0001331,1.305,"[0.0,0.0,0.0,0.0]","[0.0,0.0,0.0,0.0,0.0,0.0,0.0,0.0]","[0.0,0.0,0.0,0.0,0.0,0.0,0.0,0.0]",255,1,1
2026-08-13T10:22:07.357134+00:00,89302.639127,disarmed_link,0.0000000,0.0000000,0.0000000,0.0000000,,,0,1,1,1,0,1,0.000000,285,14301,1,0,1,1,0,1,0,3091951228,51,3772,89302590,52,0,-0.7105942,0.0024487,"[0.9369317889213562,-0.033614981919527054,-0.007563995663076639,0.3478097915649414]","[-0.002612949814647436,0.002141867997124791,0.0024487320333719254]","[-0.11244799941778183,-0.6613159775733948,9.802556037902832]",0.0001331,1.305,"[0.0,0.0,0.0,0.0]","[0.0,0.0,0.0,0.0,0.0,0.0,0.0,0.0]","[0.0,0.0,0.0,0.0,0.0,0.0,0.0,0.0]",255,1,1
2026-08-13T10:22:07.407165+00:00,89302.689039,disarmed_link,0.0000000,0.0000000,0.0000000,0.0000000,,,0,1,1,1,0,1,0.000000,286,14351,1,0,1,1,0,1,0,3091951228,52,31910,89302640,53,0,-0.7106119,0.0025151,"[0.9369289875030518,-0.03360497206449509,-0.007543993182480335,0.3478187024593353]","[0.0010266201570630074,-0.00037707839510403574,0.0025151241570711136]","[-0.10286899656057358,-0.6541439890861511,9.802560806274414]",0.0001052,1.031,"[0.0,0.0,0.0,0.0]","[0.0,0.0,0.0,0.0,0.0,0.0,0.0,0.0]","[0.0,0.0,0.0,0.0,0.0,0.0,0.0,0.0]",255,1,1
2026-08-13T10:22:07.457026+00:00,89302.739064,disarmed_link,0.0000000,0.0000000,0.0000000,0.0000000,,,0,1,1,1,0,1,0.000000,287,14401,1,0,1,1,0,1,0,3091951228,53,60038,89302690,54,0,-0.7106141,0.0024819,"[0.9369299411773682,-0.03357097879052162,-0.0075369952246546745,0.3478197753429413]","[-0.0007931648287922144,0.0008823861135169864,0.0024819280952215195]","[-0.09801799803972244,-0.6569749712944031,9.776268005371094]",0.0001052,1.031,"[0.0,0.0,0.0,0.0]","[0.0,0.0,0.0,0.0,0.0,0.0,0.0,0.0]","[0.0,0.0,0.0,0.0,0.0,0.0,0.0,0.0]",255,1,1
2026-08-13T10:22:07.507204+00:00,89302.789043,disarmed_link,0.0000000,0.0000000,0.0000000,0.0000000,,,0,1,1,1,0,1,0.000000,288,14451,1,0,1,1,0,1,0,3091951228,54,35880,89302740,55,0,-0.7106145,0.0012516,"[0.9369304776191711,-0.033551979809999466,-0.007539996411651373,0.34781983494758606]","[-0.0020095198415219784,0.0008748288964852691,0.0012516280403360724]","[-0.08848000317811966,-0.6586459875106812,9.77480411529541]",0.0000167,0.164,"[0.0,0.0,0.0,0.0]","[0.0,0.0,0.0,0.0,0.0,0.0,0.0,0.0]","[0.0,0.0,0.0,0.0,0.0,0.0,0.0,0.0]",255,1,1
2026-08-13T10:22:07.557138+00:00,89302.839053,disarmed_link,0.0000000,0.0000000,0.0000000,0.0000000,,,0,1,1,1,0,1,0.000000,289,14501,1,0,1,1,0,1,0,3091951228,55,34501,89302790,56,0,-0.7106403,0.0024967,"[0.936926543712616,-0.033537983894348145,-0.007541995961219072,0.3478318452835083]","[-0.002018804894760251,-0.0003574085421860218,0.002496658591553569]","[-0.07412400096654892,-0.6523469686508179,9.771676063537598]",0.0000167,0.164,"[0.0,0.0,0.0,0.0]","[0.0,0.0,0.0,0.0,0.0,0.0,0.0,0.0]","[0.0,0.0,0.0,0.0,0.0,0.0,0.0,0.0]",255,1,1
2026-08-13T10:22:07.607112+00:00,89302.889051,disarmed_link,0.0000000,0.0000000,0.0000000,0.0000000,,,0,1,1,1,0,1,0.000000,290,14551,1,0,1,1,0,1,0,3091951228,56,56759,89302840,57,0,-0.7106575,0.0024819,"[0.9369240403175354,-0.03352497145533562,-0.007547993212938309,0.34783968329429626]","[-0.0007931648287922144,0.0008823861135169864,0.0024819280952215195]","[-0.06932000070810318,-0.662356972694397,9.747891426086426]",0.0000000,0.000,"[0.0,0.0,0.0,0.0]","[0.0,0.0,0.0,0.0,0.0,0.0,0.0,0.0]","[0.0,0.0,0.0,0.0,0.0,0.0,0.0,0.0]",255,1,1
2026-08-13T10:22:07.657271+00:00,89302.939170,disarmed_link,0.0000000,0.0000000,0.0000000,0.0000000,,,0,1,1,1,0,1,0.000000,291,14601,1,0,1,1,0,1,0,3091951228,57,42480,89302890,58,0,-0.7106732,0.0012442,"[0.9369221925735474,-0.033500995486974716,-0.007547998335212469,0.3478469252586365]","[-0.003227690001949668,0.0008827003184705973,0.0012442453298717737]","[-0.06216000020503998,-0.6697899699211121,9.736090660095215]",0.0000000,0.000,"[0.0,0.0,0.0,0.0]","[0.0,0.0,0.0,0.0,0.0,0.0,0.0,0.0]","[0.0,0.0,0.0,0.0,0.0,0.0,0.0,0.0]",255,1,1
2026-08-13T10:22:07.707311+00:00,89302.989150,disarmed_link,0.0000000,0.0000000,0.0000000,0.0000000,,,0,1,1,1,0,1,0.000000,292,14651,1,0,1,1,0,1,0,3091951228,58,11577,89302940,59,0,-0.7106842,0.0000582,"[0.9369205832481384,-0.0334949865937233,-0.00755499629303813,0.34785184264183044]","[-0.000797004671767354,-0.00039611992542631924,5.8224188251188025e-05]","[-0.062105000019073486,-0.6724879741668701,9.716939926147461]",0.0000064,0.062,"[0.0,0.0,0.0,0.0]","[0.0,0.0,0.0,0.0,0.0,0.0,0.0,0.0]","[0.0,0.0,0.0,0.0,0.0,0.0,0.0,0.0]",255,1,1
2026-08-13T10:22:07.757165+00:00,89303.039045,disarmed_link,0.0000000,0.0000000,0.0000000,0.0000000,,,0,1,1,1,0,1,0.000000,293,14701,1,0,1,1,0,1,0,3091951228,59,21886,89302990,60,0,-0.7106984,0.0012627,"[0.9369181990623474,-0.033493995666503906,-0.007569999434053898,0.3478580117225647]","[-0.00201325467787683,0.00025097833713516593,0.0012626933166757226]","[-0.06926000118255615,-0.6773759722709656,9.709733009338379]",0.0000000,0.000,"[0.0,0.0,0.0,0.0]","[0.0,0.0,0.0,0.0,0.0,0.0,0.0,0.0]","[0.0,0.0,0.0,0.0,0.0,0.0,0.0,0.0]",255,1,1
2026-08-13T10:22:07.807181+00:00,89303.089070,disarmed_link,0.0000000,0.0000000,0.0000000,0.0000000,,,0,1,1,1,0,1,0.000000,294,14751,1,0,1,1,0,1,0,3091951228,60,30978,89303040,61,0,-0.7106984,0.0016593,"[0.9369182586669922,-0.03349199518561363,-0.007571998983621597,0.3478579819202423]","[-0.000789464742410928,0.0012880007270723581,0.0016592845786362886]","[-0.07249200344085693,-0.6837019920349121,9.71458625793457]",0.0000000,0.000,"[0.0,0.0,0.0,0.0]","[0.0,0.0,0.0,0.0,0.0,0.0,0.0,0.0]","[0.0,0.0,0.0,0.0,0.0,0.0,0.0,0.0]",255,1,1
2026-08-13T10:22:07.856027+00:00,89303.139024,disarmed_link,0.0000000,0.0000000,0.0000000,0.0000000,,,0,1,1,1,0,1,0.000000,295,14801,1,0,1,1,0,1,0,3091951228,61,48622,89303090,62,0,-0.7106959,0.0006549,"[0.9369185566902161,-0.033496957272291183,-0.007579991593956947,0.3478565812110901]","[-0.0032342523336410522,-0.0003726801660377532,0.0006548999226652086]","[-0.0812240019440651,-0.6796169877052307,9.716824531555176]",0.0000000,0.000,"[0.0,0.0,0.0,0.0]","[0.0,0.0,0.0,0.0,0.0,0.0,0.0,0.0]","[0.0,0.0,0.0,0.0,0.0,0.0,0.0,0.0]",255,1,1
2026-08-13T10:22:07.907279+00:00,89303.189122,disarmed_link,0.0000000,0.0000000,0.0000000,0.0000000,,,0,1,1,1,0,1,0.000000,296,14851,1,0,1,1,0,1,0,3091951228,62,39503,89303139,63,0,-0.7107065,0.0012737,"[0.9369162321090698,-0.033511996269226074,-0.007598998490720987,0.3478609621524811]","[-0.0020169897470623255,-0.0003728372394107282,0.0012737413635477424]","[-0.08840099722146988,-0.6721109747886658,9.733423233032227]",0.0000000,0.000,"[0.0,0.0,0.0,0.0]","[0.0,0.0,0.0,0.0,0.0,0.0,0.0,0.0]","[0.0,0.0,0.0,0.0,0.0,0.0,0.0,0.0]",255,1,1
2026-08-13T10:22:07.957114+00:00,89303.239037,disarmed_link,0.0000000,0.0000000,0.0000000,0.0000000,,,0,1,1,1,0,1,0.000000,297,14901,1,0,1,1,0,1,0,3091951228,63,19808,89303190,64,0,-0.7107121,0.0024967,"[0.9369141459465027,-0.03354096785187721,-0.007600993383675814,0.34786367416381836]","[-0.002018804894760251,-0.0003574085421860218,0.002496658591553569]","[-0.11000800132751465,-0.6738669872283936,9.769182205200195]",0.0000167,0.164,"[0.0,0.0,0.0,0.0]","[0.0,0.0,0.0,0.0,0.0,0.0,0.0,0.0]","[0.0,0.0,0.0,0.0,0.0,0.0,0.0,0.0]",255,1,1
2026-08-13T10:22:08.007196+00:00,89303.289061,disarmed_link,0.0000000,0.0000000,0.0000000,0.0000000,,,0,1,1,1,0,1,0.000000,298,14951,1,0,1,1,0,1,0,3091951228,64,43757,89303240,65,0,-0.7107073,0.0012369,"[0.9369142651557922,-0.03356199711561203,-0.007617998402565718,0.3478609621524811]","[-0.0044458601623773575,0.0008905542199499905,0.0012368625029921532]","[-0.11716699600219727,-0.6664350032806396,9.780985832214355]",0.0000167,0.164,"[0.0,0.0,0.0,0.0]","[0.0,0.0,0.0,0.0,0.0,0.0,0.0,0.0]","[0.0,0.0,0.0,0.0,0.0,0.0,0.0,0.0]",255,1,1
2026-08-13T10:22:08.057098+00:00,89303.339033,disarmed_link,0.0000000,0.0000000,0.0000000,0.0000000,,,0,1,1,1,0,1,0.000000,299,15001,1,0,1,1,0,1,0,3091951228,65,28161,89303290,66,0,-0.7107158,0.0028625,"[0.9369122982025146,-0.03357599675655365,-0.007619998883455992,0.34786492586135864]","[-0.00403973925858736,0.0013243908761069179,0.0028624797705560923]","[-0.1203249990940094,-0.663237988948822,9.779302597045898]",0.0000582,0.570,"[0.0,0.0,0.0,0.0]","[0.0,0.0,0.0,0.0,0.0,0.0,0.0,0.0]","[0.0,0.0,0.0,0.0,0.0,0.0,0.0,0.0]",255,1,1
2026-08-13T10:22:08.106639+00:00,89303.389030,disarmed_link,0.0000000,0.0000000,0.0000000,0.0000000,,,0,1,1,1,0,1,0.000000,300,15051,1,0,1,1,0,1,0,3091951228,66,4508,89303340,67,0,-0.7106796,0.0000250,"[0.9369173049926758,-0.033611997961997986,-0.007623998448252678,0.34784793853759766]","[-0.0026167896576225758,0.0008633271208964288,2.5028020900208503e-05]","[-0.12193699926137924,-0.6565709710121155,9.79517936706543]",0.0000582,0.570,"[0.0,0.0,0.0,0.0]","[0.0,0.0,0.0,0.0,0.0,0.0,0.0,0.0]","[0.0,0.0,0.0,0.0,0.0,0.0,0.0,0.0]",255,1,1
2026-08-13T10:22:08.156806+00:00,89303.439057,disarmed_link,0.0000000,0.0000000,0.0000000,0.0000000,,,0,1,1,1,0,1,0.000000,301,15101,1,0,1,1,0,1,0,3091951228,67,64934,89303389,68,0,-0.7106750,0.0018704,"[0.9369171857833862,-0.033636972308158875,-0.007628993131220341,0.3478457033634186]","[-0.004454237408936024,-0.0003493974800221622,0.0018704344984143972]","[-0.11000300198793411,-0.6468210220336914,9.80716609954834]",0.0001762,1.727,"[0.0,0.0,0.0,0.0]","[0.0,0.0,0.0,0.0,0.0,0.0,0.0,0.0]","[0.0,0.0,0.0,0.0,0.0,0.0,0.0,0.0]",255,1,1
2026-08-13T10:22:08.207134+00:00,89303.489041,disarmed_link,0.0000000,0.0000000,0.0000000,0.0000000,,,0,1,1,1,0,1,0.000000,302,15151,1,0,1,1,0,1,0,3091951228,68,40511,89303440,69,0,-0.7106815,0.0025003,"[0.93691486120224,-0.03366897627711296,-0.007631994318217039,0.3478487730026245]","[-0.0032407098915427923,-0.0009733875631354749,0.0025003240443766117]","[-0.09807699918746948,-0.6517969965934753,9.800180435180664]",0.0001762,1.727,"[0.0,0.0,0.0,0.0]","[0.0,0.0,0.0,0.0,0.0,0.0,0.0,0.0]","[0.0,0.0,0.0,0.0,0.0,0.0,0.0,0.0]",255,1,1
2026-08-13T10:22:08.257148+00:00,89303.539038,disarmed_link,0.0000000,0.0000000,0.0000000,0.0000000,,,0,1,1,1,0,1,0.000000,303,15201,1,0,1,1,0,1,0,3091951228,69,59000,89303490,70,0,-0.7106964,0.0024413,"[0.9369108080863953,-0.03370797634124756,-0.007636995054781437,0.34785574674606323]","[-0.0038311199750751257,0.002149722073227167,0.0024413317441940308]","[-0.09088800102472305,-0.6568970084190369,9.783546447753906]",0.0002479,2.430,"[0.0,0.0,0.0,0.0]","[0.0,0.0,0.0,0.0,0.0,0.0,0.0,0.0]","[0.0,0.0,0.0,0.0,0.0,0.0,0.0,0.0]",255,1,1
2026-08-13T10:22:08.307175+00:00,89303.589045,disarmed_link,0.0000000,0.0000000,0.0000000,0.0000000,,,0,1,1,1,0,1,0.000000,304,15251,1,0,1,1,0,1,0,3091951228,70,22500,89303540,71,0,-0.7107318,0.0024708,"[0.9369032979011536,-0.03374296426773071,-0.007633991073817015,0.3478725850582123]","[-0.0026204201858490705,0.0008941845735535026,0.0024708453565835953]","[-0.08133099973201752,-0.6717770099639893,9.757489204406738]",0.0002647,2.594,"[0.0,0.0,0.0,0.0]","[0.0,0.0,0.0,0.0,0.0,0.0,0.0,0.0]","[0.0,0.0,0.0,0.0,0.0,0.0,0.0,0.0]",255,1,1
2026-08-13T10:22:08.357008+00:00,89303.639038,disarmed_link,0.0000000,0.0000000,0.0000000,0.0000000,,,0,1,1,1,0,1,0.000000,305,15301,1,0,1,1,0,1,0,3091951228,71,9360,89303590,72,0,-0.7107648,0.0020866,"[0.9368969202041626,-0.03376298025250435,-0.007643995340913534,0.34788778424263]","[-0.0024242450017482042,-0.0003599392657633871,0.002086558612063527]","[-0.08209200203418732,-0.6686400175094604,9.75263500213623]",0.0002647,2.594,"[0.0,0.0,0.0,0.0]","[0.0,0.0,0.0,0.0,0.0,0.0,0.0,0.0]","[0.0,0.0,0.0,0.0,0.0,0.0,0.0,0.0]",255,1,1
2026-08-13T10:22:08.406062+00:00,89303.689025,disarmed_link,0.0000000,0.0000000,0.0000000,0.0000000,,,0,1,1,1,0,1,0.000000,306,15351,1,0,1,1,0,1,0,3091951228,72,43216,89303640,73,0,-0.7107674,0.0024745,"[0.9368959665298462,-0.0337749719619751,-0.007654994260519743,0.3478887379169464]","[-0.0020113347563892603,0.0008902400732040405,0.0024745280388742685]","[-0.07173500210046768,-0.6695989966392517,9.745572090148926]",0.0003332,3.266,"[0.0,0.0,0.0,0.0]","[0.0,0.0,0.0,0.0,0.0,0.0,0.0,0.0]","[0.0,0.0,0.0,0.0,0.0,0.0,0.0,0.0]",255,1,1
2026-08-13T10:22:08.457119+00:00,89303.739128,disarmed_link,0.0000000,0.0000000,0.0000000,0.0000000,,,0,1,1,1,0,1,0.000000,307,15401,1,0,1,1,0,1,0,3091951228,73,49428,89303689,74,0,-0.7107874,0.0024819,"[0.9368911385536194,-0.03380996733903885,-0.0076409922912716866,0.3478986322879791]","[-0.0007931648287922144,0.0008823861135169864,0.0024819280952215195]","[-0.06937099993228912,-0.6818199753761292,9.733784675598145]",0.0003332,3.266,"[0.0,0.0,0.0,0.0]","[0.0,0.0,0.0,0.0,0.0,0.0,0.0,0.0]","[0.0,0.0,0.0,0.0,0.0,0.0,0.0,0.0]",255,1,1
2026-08-13T10:22:08.506096+00:00,89303.789032,disarmed_link,0.0000000,0.0000000,0.0000000,0.0000000,,,0,1,1,1,0,1,0.000000,308,15451,1,0,1,1,0,1,0,3091951228,74,36716,89303740,75,0,-0.7108045,0.0036900,"[0.9368882775306702,-0.03380599617958069,-0.007631998043507338,0.3479069769382477]","[-0.003231320297345519,0.000913540250621736,0.0036900448612868786]","[-0.07171399891376495,-0.6819930076599121,9.721765518188477]",0.0003755,3.680,"[0.0,0.0,0.0,0.0]","[0.0,0.0,0.0,0.0,0.0,0.0,0.0,0.0]","[0.0,0.0,0.0,0.0,0.0,0.0,0.0,0.0]",255,1,1
2026-08-13T10:22:08.556880+00:00,89303.839127,disarmed_link,0.0000000,0.0000000,0.0000000,0.0000000,,,0,1,1,1,0,1,0.000000,309,15501,1,0,1,1,0,1,0,3091951228,75,2255,89303789,76,0,-0.7108442,0.0024819,"[0.9368810057640076,-0.03381597250699997,-0.007628993596881628,0.34792569279670715]","[-0.0007931648287922144,0.0008823861135169864,0.0024819280952215195]","[-0.06693500280380249,-0.6869720220565796,9.712298393249512]",0.0003755,3.680,"[0.0,0.0,0.0,0.0]","[0.0,0.0,0.0,0.0,0.0,0.0,0.0,0.0]","[0.0,0.0,0.0,0.0,0.0,0.0,0.0,0.0]",255,1,1
2026-08-13T10:22:08.606568+00:00,89303.889036,disarmed_link,0.0000000,0.0000000,0.0000000,0.0000000,,,0,1,1,1,0,1,0.000000,310,15551,1,0,1,1,0,1,0,3091951228,76,63387,89303840,77,0,-0.7108748,0.0024930,"[0.9368763566017151,-0.03379899263381958,-0.0076299975626170635,0.34793993830680847]","[-0.0007968823774717748,0.0002585356414783746,0.0024929761420935392]","[-0.08848199993371964,-0.6840639710426331,9.738395690917969]",0.0003460,3.391,"[0.0,0.0,0.0,0.0]","[0.0,0.0,0.0,0.0,0.0,0.0,0.0,0.0]","[0.0,0.0,0.0,0.0,0.0,0.0,0.0,0.0]",255,1,1
2026-08-13T10:22:08.656955+00:00,89303.939065,disarmed_link,0.0000000,0.0000000,0.0000000,0.0000000,,,0,1,1,1,0,1,0.000000,311,15601,1,0,1,1,0,1,0,3091951228,77,7073,89303889,78,0,-0.7108927,0.0012590,"[0.9368736147880554,-0.033786989748477936,-0.007611996494233608,0.3479488492012024]","[-0.0007913497393019497,0.000866957358084619,0.0012590107508003712]","[-0.08687300235033035,-0.6751300096511841,9.746278762817383]",0.0003460,3.391,"[0.0,0.0,0.0,0.0]","[0.0,0.0,0.0,0.0,0.0,0.0,0.0,0.0]","[0.0,0.0,0.0,0.0,0.0,0.0,0.0,0.0]",255,1,1
2026-08-13T10:22:08.706311+00:00,89303.989058,disarmed_link,0.0000000,0.0000000,0.0000000,0.0000000,,,0,1,1,1,0,1,0.000000,312,15651,1,0,1,1,0,1,0,3091951228,78,1813,89303940,79,0,-0.7109174,0.0012442,"[0.936869204044342,-0.03378897160291672,-0.007604993414133787,0.3479606807231903]","[-0.003227690001949668,0.0008827003184705973,0.0012442453298717737]","[-0.10039100050926208,-0.6742410063743591,9.747709274291992]",0.0003659,3.586,"[0.0,0.0,0.0,0.0]","[0.0,0.0,0.0,0.0,0.0,0.0,0.0,0.0]","[0.0,0.0,0.0,0.0,0.0,0.0,0.0,0.0]",255,1,1
2026-08-13T10:22:08.757111+00:00,89304.039080,disarmed_link,0.0000000,0.0000000,0.0000000,0.0000000,,,0,1,1,1,0,1,0.000000,313,15701,1,0,1,1,0,1,0,3091951228,79,15389,89303989,80,0,-0.7109417,0.0025040,"[0.9368653893470764,-0.03377896547317505,-0.007618992123752832,0.3479716181755066]","[-0.0008006173884496093,-0.00036527996417135,0.0025040414184331894]","[-0.102852001786232,-0.6788210272789001,9.762141227722168]",0.0003659,3.586,"[0.0,0.0,0.0,0.0]","[0.0,0.0,0.0,0.0,0.0,0.0,0.0,0.0]","[0.0,0.0,0.0,0.0,0.0,0.0,0.0,0.0]",255,1,1
2026-08-13T10:22:08.806272+00:00,89304.089050,disarmed_link,0.0000000,0.0000000,0.0000000,0.0000000,,,0,1,1,1,0,1,0.000000,314,15751,1,0,1,1,0,1,0,3091951228,80,9276,89304040,81,0,-0.7109330,0.0024893,"[0.9368674159049988,-0.03376396372914314,-0.007613991387188435,0.34796762466430664]","[-0.003236974822357297,-0.00034955458249896765,0.002489258535206318]","[-0.11241800338029861,-0.6589840054512024,9.797723770141602]",0.0003548,3.477,"[0.0,0.0,0.0,0.0]","[0.0,0.0,0.0,0.0,0.0,0.0,0.0,0.0]","[0.0,0.0,0.0,0.0,0.0,0.0,0.0,0.0]",255,1,1
2026-08-13T10:22:08.856831+00:00,89304.139037,disarmed_link,0.0000000,0.0000000,0.0000000,0.0000000,,,0,1,1,1,0,1,0.000000,315,15801,1,0,1,1,0,1,0,3091951228,81,12295,89304089,82,0,-0.7109336,0.0024635,"[0.93686842918396,-0.03373399004340172,-0.00761199789121747,0.34796789288520813]","[-0.00017660985758993775,0.0021261253859847784,0.002463497454300523]","[-0.11239299923181534,-0.6541730165481567,9.797652244567871]",0.0003548,3.477,"[0.0,0.0,0.0,0.0]","[0.0,0.0,0.0,0.0,0.0,0.0,0.0,0.0]","[0.0,0.0,0.0,0.0,0.0,0.0,0.0,0.0]",255,1,1
2026-08-13T10:22:08.906427+00:00,89304.189034,disarmed_link,0.0000000,0.0000000,0.0000000,0.0000000,,,0,1,1,1,0,1,0.000000,316,15851,1,0,1,1,0,1,0,3091951228,82,49876,89304140,83,0,-0.7109202,0.0012295,"[0.9368715882301331,-0.03371398150920868,-0.007632995955646038,0.34796085953712463]","[-0.0020020497031509876,0.0021225123200565577,0.0012295146007090807]","[-0.10045400261878967,-0.6518229842185974,9.797755241394043]",0.0002750,2.695,"[0.0,0.0,0.0,0.0]","[0.0,0.0,0.0,0.0,0.0,0.0,0.0,0.0]","[0.0,0.0,0.0,0.0,0.0,0.0,0.0,0.0]",255,1,1
2026-08-13T10:22:08.956583+00:00,89304.239118,disarmed_link,0.0000000,0.0000000,0.0000000,0.0000000,,,0,1,1,1,0,1,0.000000,317,15901,1,0,1,1,0,1,0,3091951228,83,63964,89304189,84,0,-0.7109427,0.0020915,"[0.9368683099746704,-0.03369899466633797,-0.007645998615771532,0.3479709327220917]","[-0.0003914773988071829,4.283038288122043e-05,0.0020914978813380003]","[-0.09964799880981445,-0.6535159945487976,9.792191505432129]",0.0002089,2.047,"[0.0,0.0,0.0,0.0]","[0.0,0.0,0.0,0.0,0.0,0.0,0.0,0.0]","[0.0,0.0,0.0,0.0,0.0,0.0,0.0,0.0]",255,1,1
2026-08-13T10:22:09.006417+00:00,89304.289101,disarmed_link,0.0000000,0.0000000,0.0000000,0.0000000,,,0,1,1,1,0,1,0.000000,318,15951,1,0,1,1,0,1,0,3091951228,84,53241,89304239,85,0,-0.7109612,0.0012590,"[0.9368658065795898,-0.033677972853183746,-0.007639993913471699,0.34797972440719604]","[-0.0007913497393019497,0.000866957358084619,0.0012590107508003712]","[-0.09803900122642517,-0.6495019793510437,9.792950630187988]",0.0002089,2.047,"[0.0,0.0,0.0,0.0]","[0.0,0.0,0.0,0.0,0.0,0.0,0.0,0.0]","[0.0,0.0,0.0,0.0,0.0,0.0,0.0,0.0]",255,1,1
2026-08-13T10:22:09.056996+00:00,89304.339129,disarmed_link,0.0000000,0.0000000,0.0000000,0.0000000,,,0,1,1,1,0,1,0.000000,319,16001,1,0,1,1,0,1,0,3091951228,85,7654,89304289,86,0,-0.7109708,0.0012885,"[0.9368648529052734,-0.033659979701042175,-0.0076539949513971806,0.3479837477207184]","[-0.001411639852449298,-0.0010006147203966975,0.0012885067844763398]","[-0.0813089981675148,-0.6546459794044495,9.7764253616333]",0.0002113,2.070,"[0.0,0.0,0.0,0.0]","[0.0,0.0,0.0,0.0,0.0,0.0,0.0,0.0]","[0.0,0.0,0.0,0.0,0.0,0.0,0.0,0.0]",255,1,1
2026-08-13T10:22:09.106509+00:00,89304.389108,disarmed_link,0.0000000,0.0000000,0.0000000,0.0000000,,,0,1,1,1,0,1,0.000000,320,16051,1,0,1,1,0,1,0,3091951228,86,62982,89304340,87,0,-0.7110226,0.0006439,"[0.9368564486503601,-0.03364398702979088,-0.007655997294932604,0.3480078876018524]","[-0.0013995271874591708,0.0008631875389255583,0.0006438693962991238]","[-0.08133500069379807,-0.674219012260437,9.755125045776367]",0.0002113,2.070,"[0.0,0.0,0.0,0.0]","[0.0,0.0,0.0,0.0,0.0,0.0,0.0,0.0]","[0.0,0.0,0.0,0.0,0.0,0.0,0.0,0.0]",255,1,1
2026-08-13T10:22:09.156469+00:00,89304.439110,disarmed_link,0.0000000,0.0000000,0.0000000,0.0000000,,,0,1,1,1,0,1,0.000000,321,16101,1,0,1,1,0,1,0,3091951228,87,29093,89304389,88,0,-0.7110550,0.0024635,"[0.936851441860199,-0.033626988530159,-0.007662997581064701,0.3480228781700134]","[-0.0020075999200344086,0.0015140905743464828,0.0024634799920022488]","[-0.06219799816608429,-0.6770060062408447,9.736196517944336]",0.0001778,1.742,"[0.0,0.0,0.0,0.0]","[0.0,0.0,0.0,0.0,0.0,0.0,0.0,0.0]","[0.0,0.0,0.0,0.0,0.0,0.0,0.0,0.0]",255,1,1
2026-08-13T10:22:09.206245+00:00,89304.489051,disarmed_link,0.0000000,0.0000000,0.0000000,0.0000000,,,0,1,1,1,0,1,0.000000,322,16151,1,0,1,1,0,1,0,3091951228,88,5442,89304439,89,0,-0.7110810,0.0025372,"[0.9368465542793274,-0.033637989312410355,-0.007670998107641935,0.3480348587036133]","[-0.0008118224795907736,-0.0022367967758327723,0.0025372200179845095]","[-0.06460099667310715,-0.6867629885673523,9.726715087890625]",0.0001778,1.742,"[0.0,0.0,0.0,0.0]","[0.0,0.0,0.0,0.0,0.0,0.0,0.0,0.0]","[0.0,0.0,0.0,0.0,0.0,0.0,0.0,0.0]",255,1,1
2026-08-13T10:22:09.256599+00:00,89304.539108,disarmed_link,0.0000000,0.0000000,0.0000000,0.0000000,,,0,1,1,1,0,1,0.000000,323,16201,1,0,1,1,0,1,0,3091951228,89,48375,89304489,90,0,-0.7111419,0.0012774,"[0.9368364810943604,-0.03362499177455902,-0.007685997523367405,0.3480628728866577]","[-0.0014079046668484807,-0.0003767642192542553,0.0012774413917213678]","[-0.06456200033426285,-0.6795470118522644,9.726609230041504]",0.0002049,2.008,"[0.0,0.0,0.0,0.0]","[0.0,0.0,0.0,0.0,0.0,0.0,0.0,0.0]","[0.0,0.0,0.0,0.0,0.0,0.0,0.0,0.0]",255,1,1
2026-08-13T10:22:09.306759+00:00,89304.589172,disarmed_link,0.0000000,0.0000000,0.0000000,0.0000000,,,0,1,1,1,0,1,0.000000,324,16251,1,0,1,1,0,1,0,3091951228,90,3883,89304539,91,0,-0.7111486,0.0012774,"[0.9368353486061096,-0.03362496569752693,-0.007698991801589727,0.3480656147003174]","[-0.0014079046668484807,-0.0003767642192542553,0.0012774413917213678]","[-0.062105000019073486,-0.6774089932441711,9.709815979003906]",0.0002049,2.008,"[0.0,0.0,0.0,0.0]","[0.0,0.0,0.0,0.0,0.0,0.0,0.0,0.0]","[0.0,0.0,0.0,0.0,0.0,0.0,0.0,0.0]",255,1,1
2026-08-13T10:22:09.356574+00:00,89304.639061,disarmed_link,0.0000000,0.0000000,0.0000000,0.0000000,,,0,1,1,1,0,1,0.000000,325,16301,1,0,1,1,0,1,0,3091951228,91,22217,89304590,92,0,-0.7111895,0.0024819,"[0.9368287920951843,-0.03360998257994652,-0.007697995286434889,0.34808477759361267]","[-0.0007931648287922144,0.0008823861135169864,0.0024819280952215195]","[-0.06936199963092804,-0.6916980147361755,9.717138290405273]",0.0001666,1.633,"[0.0,0.0,0.0,0.0]","[0.0,0.0,0.0,0.0,0.0,0.0,0.0,0.0]","[0.0,0.0,0.0,0.0,0.0,0.0,0.0,0.0]",255,1,1
2026-08-13T10:22:09.406283+00:00,89304.689107,disarmed_link,0.0000000,0.0000000,0.0000000,0.0000000,,,0,1,1,1,0,1,0.000000,326,16351,1,0,1,1,0,1,0,3091951228,92,52676,89304639,93,0,-0.7112365,0.0024782,"[0.9368213415145874,-0.033588994294404984,-0.007692997343838215,0.34810692071914673]","[-0.0014022499090060592,0.0008863131515681744,0.002478228183463216]","[-0.09082499891519547,-0.684237003326416,9.7263765335083]",0.0001666,1.633,"[0.0,0.0,0.0,0.0]","[0.0,0.0,0.0,0.0,0.0,0.0,0.0,0.0]","[0.0,0.0,0.0,0.0,0.0,0.0,0.0,0.0]",255,1,1
2026-08-13T10:22:09.456680+00:00,89304.739061,disarmed_link,0.0000000,0.0000000,0.0000000,0.0000000,,,0,1,1,1,0,1,0.000000,327,16401,1,0,1,1,0,1,0,3091951228,93,8155,89304689,94,0,-0.7112611,0.0024671,"[0.9368167519569397,-0.033596981316804886,-0.007681995164602995,0.34811878204345703]","[-0.0032295051496475935,0.0008981116116046906,0.002467145211994648]","[-0.10522499680519104,-0.6813250184059143,9.75495433807373]",0.0001570,1.539,"[0.0,0.0,0.0,0.0]","[0.0,0.0,0.0,0.0,0.0,0.0,0.0,0.0]","[0.0,0.0,0.0,0.0,0.0,0.0,0.0,0.0]",255,1,1
2026-08-13T10:22:09.506765+00:00,89304.789061,disarmed_link,0.0000000,0.0000000,0.0000000,0.0000000,,,0,1,1,1,0,1,0.000000,328,16451,1,0,1,1,0,1,0,3091951228,94,10745,89304739,95,0,-0.7113174,0.0033168,"[0.9368070363998413,-0.033594001084566116,-0.007687999401241541,0.3481449782848358]","[-0.0024285560939460993,-0.0007604050915688276,0.003316823858767748]","[-0.10601700097322464,-0.6780530214309692,9.758895874023438]",0.0001602,1.570,"[0.0,0.0,0.0,0.0]","[0.0,0.0,0.0,0.0,0.0,0.0,0.0,0.0]","[0.0,0.0,0.0,0.0,0.0,0.0,0.0,0.0]",255,1,1
2026-08-13T10:22:09.556112+00:00,89304.839112,disarmed_link,0.0000000,0.0000000,0.0000000,0.0000000,,,0,1,1,1,0,1,0.000000,329,16501,1,0,1,1,0,1,0,3091951228,95,4273,89304790,96,0,-0.7113573,0.0024635,"[0.9367998838424683,-0.03359997645020485,-0.007686994504183531,0.34816375374794006]","[-0.0020075999200344086,0.0015140905743464828,0.0024634799920022488]","[-0.1123420000076294,-0.66423499584198,9.769014358520508]",0.0001602,1.570,"[0.0,0.0,0.0,0.0]","[0.0,0.0,0.0,0.0,0.0,0.0,0.0,0.0]","[0.0,0.0,0.0,0.0,0.0,0.0,0.0,0.0]",255,1,1
2026-08-13T10:22:09.606416+00:00,89304.889051,disarmed_link,0.0000000,0.0000000,0.0000000,0.0000000,,,0,1,1,1,0,1,0.000000,330,16551,1,0,1,1,0,1,0,3091951228,96,17815,89304839,97,0,-0.7113777,0.0024598,"[0.936795175075531,-0.03362799435853958,-0.007669998798519373,0.34817394614219666]","[-0.0007856949232518673,0.0021300697699189186,0.0024597973097115755]","[-0.11717099696397781,-0.6639559864997864,9.785746574401855]",0.0001682,1.648,"[0.0,0.0,0.0,0.0]","[0.0,0.0,0.0,0.0,0.0,0.0,0.0,0.0]","[0.0,0.0,0.0,0.0,0.0,0.0,0.0,0.0]",255,1,1
2026-08-13T10:22:09.656105+00:00,89304.939027,disarmed_link,0.0000000,0.0000000,0.0000000,0.0000000,,,0,1,1,1,0,1,0.000000,331,16601,1,0,1,1,0,1,0,3091951228,97,48878,89304889,98,0,-0.7113786,0.0024672,"[0.9367946982383728,-0.033635981380939484,-0.007657995447516441,0.3481747806072235]","[-0.0013985148398205638,0.0015101636527106166,0.002467162674292922]","[-0.10529199987649918,-0.6613489985466003,9.80263900756836]",0.0001682,1.648,"[0.0,0.0,0.0,0.0]","[0.0,0.0,0.0,0.0,0.0,0.0,0.0,0.0]","[0.0,0.0,0.0,0.0,0.0,0.0,0.0,0.0]",255,1,1
2026-08-13T10:22:09.721772+00:00,89305.003650,disarmed_link,0.0000000,0.0000000,0.0000000,0.0000000,,,0,1,1,1,0,1,0.000000,332,16651,1,0,1,1,0,1,0,3091951228,98,26283,89304939,99,0,-0.7113948,0.0012516,"[0.936791718006134,-0.03363798186182976,-0.007645995356142521,0.3481827974319458]","[-0.0020095198415219784,0.0008748288964852691,0.0012516280403360724]","[-0.10519000142812729,-0.6519479751586914,9.788106918334961]",0.0002113,2.070,"[0.0,0.0,0.0,0.0]","[0.0,0.0,0.0,0.0,0.0,0.0,0.0,0.0]","[0.0,0.0,0.0,0.0,0.0,0.0,0.0,0.0]",255,1,1
2026-08-13T10:22:09.757175+00:00,89305.039063,disarmed_link,0.0000000,0.0000000,0.0000000,0.0000000,,,0,1,1,1,0,1,0.000000,333,16701,1,0,1,1,0,1,0,3091951228,99,9577,89305004,100,0,-0.7113938,0.0018410,"[0.9367915391921997,-0.03364798426628113,-0.007627996616065502,0.3481828570365906]","[-0.002002957509830594,0.002130209468305111,0.0018409732729196548]","[-0.09320499747991562,-0.6522589921951294,9.77145767211914]",0.0002113,2.070,"[0.0,0.0,0.0,0.0]","[0.0,0.0,0.0,0.0,0.0,0.0,0.0,0.0]","[0.0,0.0,0.0,0.0,0.0,0.0,0.0,0.0]",255,1,1
2026-08-13T10:22:09.806378+00:00,89305.089051,disarmed_link,0.0000000,0.0000000,0.0000000,0.0000000,,,0,1,1,1,0,1,0.000000,334,16751,1,0,1,1,0,1,0,3091951228,100,50078,89305040,101,0,-0.7113957,0.0024795,"[0.9367906451225281,-0.033658985048532486,-0.00759599544107914,0.34818482398986816]","[-0.0011992157669737935,0.0008850041194818914,0.0024794673081487417]","[-0.08524099737405777,-0.653997004032135,9.765176773071289]",0.0002240,2.195,"[0.0,0.0,0.0,0.0]","[0.0,0.0,0.0,0.0,0.0,0.0,0.0,0.0]","[0.0,0.0,0.0,0.0,0.0,0.0,0.0,0.0]",255,1,1
2026-08-13T10:22:09.857154+00:00,89305.139056,disarmed_link,0.0000000,0.0000000,0.0000000,0.0000000,,,0,1,1,1,0,1,0.000000,335,16801,1,0,1,1,0,1,0,3091951228,101,5782,89305089,102,0,-0.7113935,0.0012295,"[0.9367899298667908,-0.03368597477674484,-0.0075699943117797375,0.3481847047805786]","[-0.0020020497031509876,0.0021225123200565577,0.0012295146007090807]","[-0.06940899789333344,-0.6644319891929626,9.769510269165039]",0.0002240,2.195,"[0.0,0.0,0.0,0.0]","[0.0,0.0,0.0,0.0,0.0,0.0,0.0,0.0]","[0.0,0.0,0.0,0.0,0.0,0.0,0.0,0.0]",255,1,1
2026-08-13T10:22:09.925745+00:00,89305.207764,disarmed_link,0.0000000,0.0000000,0.0000000,0.0000000,,,0,1,1,1,0,1,0.000000,336,16851,1,0,1,1,0,1,0,3091951228,102,22766,89305140,103,0,-0.7113860,0.0012590,"[0.9367906451225281,-0.03370198607444763,-0.007549996953457594,0.348181813955307]","[-0.0007913497393019497,0.000866957358084619,0.0012590107508003712]","[-0.06699399650096893,-0.671953022480011,9.750458717346191]",0.0001921,1.883,"[0.0,0.0,0.0,0.0]","[0.0,0.0,0.0,0.0,0.0,0.0,0.0,0.0]","[0.0,0.0,0.0,0.0,0.0,0.0,0.0,0.0]",255,1,1
2026-08-13T10:22:09.956291+00:00,89305.239021,disarmed_link,0.0000000,0.0000000,0.0000000,0.0000000,,,0,1,1,1,0,1,0.000000,337,16901,1,0,1,1,0,1,0,3091951228,103,57416,89305208,104,0,-0.7114044,0.0024635,"[0.9367868304252625,-0.03371697664260864,-0.007541995961219072,0.3481907844543457]","[-0.003838589880615473,0.0009020559955388308,0.0024634625297039747]","[-0.06454499810934067,-0.6746990084648132,9.728938102722168]",0.0001921,1.883,"[0.0,0.0,0.0,0.0]","[0.0,0.0,0.0,0.0,0.0,0.0,0.0,0.0]","[0.0,0.0,0.0,0.0,0.0,0.0,0.0,0.0]",255,1,1
2026-08-13T10:22:10.006239+00:00,89305.289032,disarmed_link,0.0000000,0.0000000,0.0000000,0.0000000,,,0,1,1,1,0,1,0.000000,338,16951,1,0,1,1,0,1,0,3091951228,104,33535,89305239,105,0,-0.7114254,0.0012442,"[0.9367827773094177,-0.03372497856616974,-0.007538993842899799,0.3482007682323456]","[-0.003227690001949668,0.0008827003184705973,0.0012442453298717737]","[-0.06690499931573868,-0.6846399903297424,9.707468032836914]",0.0001682,1.648,"[0.0,0.0,0.0,0.0]","[0.0,0.0,0.0,0.0,0.0,0.0,0.0,0.0]","[0.0,0.0,0.0,0.0,0.0,0.0,0.0,0.0]",255,1,1
2026-08-13T10:22:10.057188+00:00,89305.339053,disarmed_link,0.0000000,0.0000000,0.0000000,0.0000000,,,0,1,1,1,0,1,0.000000,339,17001,1,0,1,1,0,1,0,3091951228,105,50477,89305289,106,0,-0.7114574,0.0036937,"[0.9367764592170715,-0.033745985478162766,-0.007536996155977249,0.34821587800979614]","[-0.0026222176384180784,0.000909595750272274,0.003693745471537113]","[-0.08360499888658524,-0.6820840239524841,9.712035179138184]",0.0002567,2.516,"[0.0,0.0,0.0,0.0]","[0.0,0.0,0.0,0.0,0.0,0.0,0.0,0.0]","[0.0,0.0,0.0,0.0,0.0,0.0,0.0,0.0]",255,1,1
2026-08-13T10:22:10.107236+00:00,89305.389067,disarmed_link,0.0000000,0.0000000,0.0000000,0.0000000,,,0,1,1,1,0,1,0.000000,340,17051,1,0,1,1,0,1,0,3091951228,106,35669,89305340,107,0,-0.7114879,0.0024942,"[0.9367713928222656,-0.03373699262738228,-0.007514998782426119,0.34823089838027954]","[-0.002424855949357152,-0.0003547905362211168,0.0024941975716501474]","[-0.07892300188541412,-0.6882879734039307,9.727372169494629]",0.0002567,2.516,"[0.0,0.0,0.0,0.0]","[0.0,0.0,0.0,0.0,0.0,0.0,0.0,0.0]","[0.0,0.0,0.0,0.0,0.0,0.0,0.0,0.0]",255,1,1
2026-08-13T10:22:10.156553+00:00,89305.439054,disarmed_link,0.0000000,0.0000000,0.0000000,0.0000000,,,0,1,1,1,0,1,0.000000,341,17101,1,0,1,1,0,1,0,3091951228,107,33208,89305390,108,0,-0.7114967,0.0024671,"[0.9367693662643433,-0.0337509922683239,-0.007516998331993818,0.34823495149612427]","[-0.0032295051496475935,0.0008981116116046906,0.002467145211994648]","[-0.08608400076627731,-0.6915119886398315,9.724140167236328]",0.0002814,2.758,"[0.0,0.0,0.0,0.0]","[0.0,0.0,0.0,0.0,0.0,0.0,0.0,0.0]","[0.0,0.0,0.0,0.0,0.0,0.0,0.0,0.0]",255,1,1
2026-08-13T10:22:10.206350+00:00,89305.489049,disarmed_link,0.0000000,0.0000000,0.0000000,0.0000000,,,0,1,1,1,0,1,0.000000,342,17151,1,0,1,1,0,1,0,3091951228,108,52615,89305439,109,0,-0.7114956,0.0012258,"[0.9367696642875671,-0.03374598175287247,-0.007504995912313461,0.3482348322868347]","[-0.0026111348997801542,0.0021264394745230675,0.0012258145725354552]","[-0.09798400104045868,-0.6718829870223999,9.745304107666016]",0.0002814,2.758,"[0.0,0.0,0.0,0.0]","[0.0,0.0,0.0,0.0,0.0,0.0,0.0,0.0]","[0.0,0.0,0.0,0.0,0.0,0.0,0.0,0.0]",255,1,1
2026-08-13T10:22:10.256733+00:00,89305.539052,disarmed_link,0.0000000,0.0000000,0.0000000,0.0000000,,,0,1,1,1,0,1,0.000000,343,17201,1,0,1,1,0,1,0,3091951228,109,61951,89305489,110,0,-0.7115088,0.0018631,"[0.9367672801017761,-0.03374798968434334,-0.00750799709931016,0.3482408821582794]","[-0.0020104271825402975,0.0008825432159937918,0.0018630867125466466]","[-0.11711200326681137,-0.6592919826507568,9.776082038879395]",0.0002527,2.477,"[0.0,0.0,0.0,0.0]","[0.0,0.0,0.0,0.0,0.0,0.0,0.0,0.0]","[0.0,0.0,0.0,0.0,0.0,0.0,0.0,0.0]",255,1,1
2026-08-13T10:22:10.306420+00:00,89305.589113,disarmed_link,0.0000000,0.0000000,0.0000000,0.0000000,,,0,1,1,1,0,1,0.000000,344,17251,1,0,1,1,0,1,0,3091951228,110,812,89305540,111,0,-0.7115350,0.0024708,"[0.9367622137069702,-0.033761970698833466,-0.007493993267416954,0.34825366735458374]","[-0.004451409913599491,0.00028214993653818965,0.0024708278942853212]","[-0.11956100165843964,-0.6614660024642944,9.790481567382812]",0.0002527,2.477,"[0.0,0.0,0.0,0.0]","[0.0,0.0,0.0,0.0,0.0,0.0,0.0,0.0]","[0.0,0.0,0.0,0.0,0.0,0.0,0.0,0.0]",255,1,1
2026-08-13T10:22:10.356735+00:00,89305.639121,disarmed_link,0.0000000,0.0000000,0.0000000,0.0000000,,,0,1,1,1,0,1,0.000000,345,17301,1,0,1,1,0,1,0,3091951228,111,14372,89305589,112,0,-0.7115594,0.0024893,"[0.9367578029632568,-0.0337669774889946,-0.007506994996219873,0.34826475381851196]","[-0.0014059848617762327,0.00026248005451634526,0.002489293459802866]","[-0.10762199759483337,-0.6541950106620789,9.797707557678223]",0.0002081,2.039,"[0.0,0.0,0.0,0.0]","[0.0,0.0,0.0,0.0,0.0,0.0,0.0,0.0]","[0.0,0.0,0.0,0.0,0.0,0.0,0.0,0.0]",255,1,1
2026-08-13T10:22:10.406415+00:00,89305.689109,disarmed_link,0.0000000,0.0000000,0.0000000,0.0000000,,,0,1,1,1,0,1,0.000000,346,17351,1,0,1,1,0,1,0,3091951228,112,11062,89305640,113,0,-0.7116032,0.0033070,"[0.936750590801239,-0.033752985298633575,-0.007486996706575155,0.34828582406044006]","[-0.0016114626778289676,6.611307617276907e-05,0.003307014936581254]","[-0.11077799648046494,-0.6534640192985535,9.792062759399414]",0.0002081,2.039,"[0.0,0.0,0.0,0.0]","[0.0,0.0,0.0,0.0,0.0,0.0,0.0,0.0]","[0.0,0.0,0.0,0.0,0.0,0.0,0.0,0.0]",255,1,1
2026-08-13T10:22:10.456351+00:00,89305.739051,disarmed_link,0.0000000,0.0000000,0.0000000,0.0000000,,,0,1,1,1,0,1,0.000000,347,17401,1,0,1,1,0,1,0,3091951228,113,50956,89305689,114,0,-0.7116357,0.0012664,"[0.936745285987854,-0.03374597057700157,-0.007499991916120052,0.34830063581466675]","[-0.0032351596746593714,-0.0003649658174254,0.0012663586530834436]","[-0.1123420000076294,-0.6445519924163818,9.797511100769043]",0.0002288,2.242,"[0.0,0.0,0.0,0.0]","[0.0,0.0,0.0,0.0,0.0,0.0,0.0,0.0]","[0.0,0.0,0.0,0.0,0.0,0.0,0.0,0.0]",255,1,1
2026-08-13T10:22:10.506457+00:00,89305.789060,disarmed_link,0.0000000,0.0000000,0.0000000,0.0000000,,,0,1,1,1,0,1,0.000000,348,17451,1,0,1,1,0,1,0,3091951228,114,61742,89305739,115,0,-0.7116415,0.0025151,"[0.936744213104248,-0.03374796733260155,-0.007523993030190468,0.3483026325702667]","[-0.0008043524576351047,-0.0009891304653137922,0.002515089465305209]","[-0.09083300083875656,-0.6497550010681152,9.778642654418945]",0.0002288,2.242,"[0.0,0.0,0.0,0.0]","[0.0,0.0,0.0,0.0,0.0,0.0,0.0,0.0]","[0.0,0.0,0.0,0.0,0.0,0.0,0.0,0.0]",255,1,1
2026-08-13T10:22:10.556210+00:00,89305.839118,disarmed_link,0.0000000,0.0000000,0.0000000,0.0000000,,,0,1,1,1,0,1,0.000000,349,17501,1,0,1,1,0,1,0,3091951228,115,57520,89305789,116,0,-0.7116578,0.0024635,"[0.9367415904998779,-0.03374498710036278,-0.0075379968620836735,0.34830984473228455]","[-0.0020075999200344086,0.0015140905743464828,0.0024634799920022488]","[-0.09082899987697601,-0.6571540236473083,9.766758918762207]",0.0002304,2.258,"[0.0,0.0,0.0,0.0]","[0.0,0.0,0.0,0.0,0.0,0.0,0.0,0.0]","[0.0,0.0,0.0,0.0,0.0,0.0,0.0,0.0]",255,1,1
2026-08-13T10:22:10.606102+00:00,89305.889051,disarmed_link,0.0000000,0.0000000,0.0000000,0.0000000,,,0,1,1,1,0,1,0.000000,350,17551,1,0,1,1,0,1,0,3091951228,116,14578,89305839,117,0,-0.7116824,0.0024930,"[0.9367380738258362,-0.03372497111558914,-0.0075589935295283794,0.3483206629753113]","[-0.0007968823774717748,0.0002585356414783746,0.0024929761420935392]","[-0.07173900306224823,-0.6621990203857422,9.757457733154297]",0.0002408,2.359,"[0.0,0.0,0.0,0.0]","[0.0,0.0,0.0,0.0,0.0,0.0,0.0,0.0]","[0.0,0.0,0.0,0.0,0.0,0.0,0.0,0.0]",255,1,1
2026-08-13T10:22:10.656347+00:00,89305.939144,disarmed_link,0.0000000,0.0000000,0.0000000,0.0000000,,,0,1,1,1,0,1,0.000000,351,17601,1,0,1,1,0,1,0,3091951228,117,38983,89305889,118,0,-0.7117112,0.0024819,"[0.9367341995239258,-0.03369596228003502,-0.007571992464363575,0.3483336269855499]","[-0.0007931648287922144,0.0008823861135169864,0.0024819280952215195]","[-0.0741019994020462,-0.6688470244407654,9.741535186767578]",0.0002408,2.359,"[0.0,0.0,0.0,0.0]","[0.0,0.0,0.0,0.0,0.0,0.0,0.0,0.0]","[0.0,0.0,0.0,0.0,0.0,0.0,0.0,0.0]",255,1,1
2026-08-13T10:22:10.706101+00:00,89305.989053,disarmed_link,0.0000000,0.0000000,0.0000000,0.0000000,,,0,1,1,1,0,1,0.000000,352,17651,1,0,1,1,0,1,0,3091951228,118,11163,89305939,119,0,-0.7117426,0.0019036,"[0.9367294311523438,-0.033678993582725525,-0.0075849974527955055,0.34834790229797363]","[-0.0008034448837861419,-0.0009968273807317019,0.0019036481389775872]","[-0.07411599904298782,-0.6720669865608215,9.740782737731934]",0.0002304,2.258,"[0.0,0.0,0.0,0.0]","[0.0,0.0,0.0,0.0,0.0,0.0,0.0,0.0]","[0.0,0.0,0.0,0.0,0.0,0.0,0.0,0.0]",255,1,1
2026-08-13T10:22:10.756482+00:00,89306.039057,disarmed_link,0.0000000,0.0000000,0.0000000,0.0000000,,,0,1,1,1,0,1,0.000000,353,17701,1,0,1,1,0,1,0,3091951228,119,26825,89305989,120,0,-0.7117640,0.0037269,"[0.9367260932922363,-0.03366696834564209,-0.007590992376208305,0.3483577072620392]","[-0.0008024325361475348,-0.00034985123784281313,0.0037269415333867073]","[-0.06456200033426285,-0.6795470118522644,9.726609230041504]",0.0002304,2.258,"[0.0,0.0,0.0,0.0]","[0.0,0.0,0.0,0.0,0.0,0.0,0.0,0.0]","[0.0,0.0,0.0,0.0,0.0,0.0,0.0,0.0]",255,1,1
2026-08-13T10:22:10.807126+00:00,89306.089056,disarmed_link,0.0000000,0.0000000,0.0000000,0.0000000,,,0,1,1,1,0,1,0.000000,354,17751,1,0,1,1,0,1,0,3091951228,120,3118,89306039,121,0,-0.7118026,0.0024819,"[0.936720073223114,-0.03364997357130051,-0.007590994238853455,0.34837573766708374]","[-0.0007931648287922144,0.0008823861135169864,0.0024819280952215195]","[-0.06692200154066086,-0.6894869804382324,9.705141067504883]",0.0002240,2.195,"[0.0,0.0,0.0,0.0]","[0.0,0.0,0.0,0.0,0.0,0.0,0.0,0.0]","[0.0,0.0,0.0,0.0,0.0,0.0,0.0,0.0]",255,1,1
2026-08-13T10:22:10.857258+00:00,89306.139075,disarmed_link,0.0000000,0.0000000,0.0000000,0.0000000,,,0,1,1,1,0,1,0.000000,355,17801,1,0,1,1,0,1,0,3091951228,121,46104,89306090,122,0,-0.7118034,0.0024930,"[0.936720609664917,-0.033630985766649246,-0.007597996387630701,0.3483758270740509]","[-0.002627889858558774,-0.0003534815623424947,0.002492958679795265]","[-0.08124099671840668,-0.6844639778137207,9.714496612548828]",0.0002240,2.195,"[0.0,0.0,0.0,0.0]","[0.0,0.0,0.0,0.0,0.0,0.0,0.0,0.0]","[0.0,0.0,0.0,0.0,0.0,0.0,0.0,0.0]",255,1,1
2026-08-13T10:22:10.907116+00:00,89306.189054,disarmed_link,0.0000000,0.0000000,0.0000000,0.0000000,,,0,1,1,1,0,1,0.000000,356,17851,1,0,1,1,0,1,0,3091951228,122,10935,89306140,123,0,-0.7118002,0.0012922,"[0.9367212653160095,-0.03362899273633957,-0.007610998582094908,0.3483739197254181]","[-0.002633545082062483,-0.0016165937995538116,0.0012921721208840609]","[-0.10035199671983719,-0.6719459891319275,9.740480422973633]",0.0002702,2.648,"[0.0,0.0,0.0,0.0]","[0.0,0.0,0.0,0.0,0.0,0.0,0.0,0.0]","[0.0,0.0,0.0,0.0,0.0,0.0,0.0,0.0]",255,1,1
2026-08-13T10:22:10.957296+00:00,89306.239167,disarmed_link,0.0000000,0.0000000,0.0000000,0.0000000,,,0,1,1,1,0,1,0.000000,357,17901,1,0,1,1,0,1,0,3091951228,123,21232,89306190,124,0,-0.7118088,0.0020841,"[0.9367203116416931,-0.03361697122454643,-0.007618992123752832,0.34837764501571655]","[-0.0028303132858127356,-0.000357303797500208,0.0020840975921601057]","[-0.08688200265169144,-0.6734529733657837,9.751052856445312]",0.0002702,2.648,"[0.0,0.0,0.0,0.0]","[0.0,0.0,0.0,0.0,0.0,0.0,0.0,0.0]","[0.0,0.0,0.0,0.0,0.0,0.0,0.0,0.0]",255,1,1
2026-08-13T10:22:11.007034+00:00,89306.289170,disarmed_link,0.0000000,0.0000000,0.0000000,0.0000000,,,0,1,1,1,0,1,0.000000,358,17951,1,0,1,1,0,1,0,3091951228,124,52877,89306240,125,0,-0.7118274,0.0024856,"[0.9367169737815857,-0.03361997380852699,-0.007640993222594261,0.34838569164276123]","[-0.0038460600189864635,-0.00034561011125333607,0.0024855758529156446]","[-0.10281399637460709,-0.6765260100364685,9.754911422729492]",0.0002160,2.117,"[0.0,0.0,0.0,0.0]","[0.0,0.0,0.0,0.0,0.0,0.0,0.0,0.0]","[0.0,0.0,0.0,0.0,0.0,0.0,0.0,0.0]",255,1,1
2026-08-13T10:22:11.057243+00:00,89306.339126,disarmed_link,0.0000000,0.0000000,0.0000000,0.0000000,,,0,1,1,1,0,1,0.000000,359,18001,1,0,1,1,0,1,0,3091951228,125,2657,89306290,126,0,-0.7118552,0.0024819,"[0.936711847782135,-0.03362797573208809,-0.007640996016561985,0.34839877486228943]","[-0.0026241550222039223,0.0002703340433072299,0.0024818931706249714]","[-0.11714600026607513,-0.6640660166740417,9.778552055358887]",0.0002160,2.117,"[0.0,0.0,0.0,0.0]","[0.0,0.0,0.0,0.0,0.0,0.0,0.0,0.0]","[0.0,0.0,0.0,0.0,0.0,0.0,0.0,0.0]",255,1,1
2026-08-13T10:22:11.107237+00:00,89306.389135,disarmed_link,0.0000000,0.0000000,0.0000000,0.0000000,,,0,1,1,1,0,1,0.000000,360,18051,1,0,1,1,0,1,0,3091951228,126,1878,89306340,127,0,-0.7118171,0.0018778,"[0.9367185831069946,-0.03362598642706871,-0.007641995325684547,0.3483808636665344]","[-0.003236067481338978,-0.0003572514688130468,0.001877817208878696]","[-0.11717099696397781,-0.6541150212287903,9.799993515014648]",0.0002726,2.672,"[0.0,0.0,0.0,0.0]","[0.0,0.0,0.0,0.0,0.0,0.0,0.0,0.0]","[0.0,0.0,0.0,0.0,0.0,0.0,0.0,0.0]",255,1,1
2026-08-13T10:22:11.157192+00:00,89306.439067,disarmed_link,0.0000000,0.0000000,0.0000000,0.0000000,,,0,1,1,1,0,1,0.000000,361,18101,1,0,1,1,0,1,0,3091951228,127,26146,89306390,128,0,-0.7118431,0.0037196,"[0.9367138743400574,-0.03363197296857834,-0.0076519944705069065,0.3483927547931671]","[-0.0020206025801599026,-0.0003419972490519285,0.003719558473676443]","[-0.10524599999189377,-0.6541699767112732,9.80013370513916]",0.0002726,2.672,"[0.0,0.0,0.0,0.0]","[0.0,0.0,0.0,0.0,0.0,0.0,0.0,0.0]","[0.0,0.0,0.0,0.0,0.0,0.0,0.0,0.0]",255,1,1
2026-08-13T10:22:11.207158+00:00,89306.489044,disarmed_link,0.0000000,0.0000000,0.0000000,0.0000000,,,0,1,1,1,0,1,0.000000,362,18151,1,0,1,1,0,1,0,3091951228,128,33103,89306440,129,0,-0.7118500,0.0012516,"[0.9367125630378723,-0.033633988350629807,-0.007656996604055166,0.34839585423469543]","[-0.0020095198415219784,0.0008748288964852691,0.0012516280403360724]","[-0.10280100256204605,-0.6495159864425659,9.790497779846191]",0.0002479,2.430,"[0.0,0.0,0.0,0.0]","[0.0,0.0,0.0,0.0,0.0,0.0,0.0,0.0]","[0.0,0.0,0.0,0.0,0.0,0.0,0.0,0.0]",255,1,1
2026-08-13T10:22:11.257176+00:00,89306.539056,disarmed_link,0.0000000,0.0000000,0.0000000,0.0000000,,,0,1,1,1,0,1,0.000000,363,18201,1,0,1,1,0,1,0,3091951228,129,17827,89306490,130,0,-0.7118546,0.0029043,"[0.9367122054100037,-0.033623967319726944,-0.007666992489248514,0.3483976423740387]","[-0.0007987324497662485,5.5728367442497984e-05,0.002904297783970833]","[-0.0932449996471405,-0.6520879864692688,9.782649993896484]",0.0002256,2.211,"[0.0,0.0,0.0,0.0]","[0.0,0.0,0.0,0.0,0.0,0.0,0.0,0.0]","[0.0,0.0,0.0,0.0,0.0,0.0,0.0,0.0]",255,1,1
2026-08-13T10:22:11.307242+00:00,89306.589133,disarmed_link,0.0000000,0.0000000,0.0000000,0.0000000,,,0,1,1,1,0,1,0.000000,364,18251,1,0,1,1,0,1,0,3091951228,130,42739,89306540,131,0,-0.7118431,0.0024745,"[0.9367143511772156,-0.03362099081277847,-0.0076759979128837585,0.34839195013046265]","[-0.0020113347563892603,0.0008902400732040405,0.0024745280388742685]","[-0.08849000185728073,-0.6545029878616333,9.783537864685059]",0.0002256,2.211,"[0.0,0.0,0.0,0.0]","[0.0,0.0,0.0,0.0,0.0,0.0,0.0,0.0]","[0.0,0.0,0.0,0.0,0.0,0.0,0.0,0.0]",255,1,1
2026-08-13T10:22:11.357148+00:00,89306.639066,disarmed_link,0.0000000,0.0000000,0.0000000,0.0000000,,,0,1,1,1,0,1,0.000000,365,18301,1,0,1,1,0,1,0,3091951228,131,46381,89306590,132,0,-0.7118424,0.0024598,"[0.9367133975028992,-0.033649992197752,-0.007669997401535511,0.34839192032814026]","[-0.0026166848838329315,0.0015180176123976707,0.002459780080243945]","[-0.08133500069379807,-0.6643779873847961,9.769372940063477]",0.0002033,1.992,"[0.0,0.0,0.0,0.0]","[0.0,0.0,0.0,0.0,0.0,0.0,0.0,0.0]","[0.0,0.0,0.0,0.0,0.0,0.0,0.0,0.0]",255,1,1
2026-08-13T10:22:11.407252+00:00,89306.689146,disarmed_link,0.0000000,0.0000000,0.0000000,0.0000000,,,0,1,1,1,0,1,0.000000,366,18351,1,0,1,1,0,1,0,3091951228,132,52228,89306640,133,0,-0.7118422,0.0024745,"[0.9367130994796753,-0.033657968044281006,-0.0076759918592870235,0.34839168190956116]","[-0.0020113347563892603,0.0008902400732040405,0.0024745280388742685]","[-0.07173500210046768,-0.6646779775619507,9.752695083618164]",0.0002033,1.992,"[0.0,0.0,0.0,0.0]","[0.0,0.0,0.0,0.0,0.0,0.0,0.0,0.0]","[0.0,0.0,0.0,0.0,0.0,0.0,0.0,0.0]",255,1,1
2026-08-13T10:22:11.457308+00:00,89306.739130,disarmed_link,0.0000000,0.0000000,0.0000000,0.0000000,,,0,1,1,1,0,1,0.000000,367,18401,1,0,1,1,0,1,0,3091951228,133,46147,89306690,134,0,-0.7118336,0.0024819,"[0.9367148280143738,-0.03365297615528107,-0.007671996019780636,0.348387748003006]","[-0.0007931648287922144,0.0008823861135169864,0.0024819280952215195]","[-0.06699900329113007,-0.684237003326416,9.733847618103027]",0.0002049,2.008,"[0.0,0.0,0.0,0.0]","[0.0,0.0,0.0,0.0,0.0,0.0,0.0,0.0]","[0.0,0.0,0.0,0.0,0.0,0.0,0.0,0.0]",255,1,1
2026-08-13T10:22:11.507304+00:00,89306.789186,disarmed_link,0.0000000,0.0000000,0.0000000,0.0000000,,,0,1,1,1,0,1,0.000000,368,18451,1,0,1,1,0,1,0,3091951228,134,1503,89306740,135,0,-0.7118400,0.0012516,"[0.9367135167121887,-0.033658988773822784,-0.007667997851967812,0.3483908772468567]","[-0.0020095198415219784,0.0008748288964852691,0.0012516280403360724]","[-0.06695999950170517,-0.6917830109596252,9.712368965148926]",0.0002049,2.008,"[0.0,0.0,0.0,0.0]","[0.0,0.0,0.0,0.0,0.0,0.0,0.0,0.0]","[0.0,0.0,0.0,0.0,0.0,0.0,0.0,0.0]",255,1,1
2026-08-13T10:22:11.557269+00:00,89306.839129,disarmed_link,0.0000000,0.0000000,0.0000000,0.0000000,,,0,1,1,1,0,1,0.000000,369,18501,1,0,1,1,0,1,0,3091951228,135,37887,89306790,136,0,-0.7118329,0.0024967,"[0.9367138743400574,-0.03367997705936432,-0.007664994336664677,0.3483877182006836]","[-0.0007981390226632357,5.0597096560522914e-05,0.002496658591553569]","[-0.07411599904298782,-0.6835489869117737,9.724159240722656]",0.0002304,2.258,"[0.0,0.0,0.0,0.0]","[0.0,0.0,0.0,0.0,0.0,0.0,0.0,0.0]","[0.0,0.0,0.0,0.0,0.0,0.0,0.0,0.0]",255,1,1
2026-08-13T10:22:11.607242+00:00,89306.889142,disarmed_link,0.0000000,0.0000000,0.0000000,0.0000000,,,0,1,1,1,0,1,0.000000,370,18551,1,0,1,1,0,1,0,3091951228,136,8127,89306840,137,0,-0.7118510,0.0024819,"[0.9367104172706604,-0.03368796408176422,-0.0076549905352294445,0.34839656949043274]","[-0.0007931648287922144,0.0008823861135169864,0.0024819280952215195]","[-0.06691399961709976,-0.6796829700469971,9.716989517211914]",0.0002304,2.258,"[0.0,0.0,0.0,0.0]","[0.0,0.0,0.0,0.0,0.0,0.0,0.0,0.0]","[0.0,0.0,0.0,0.0,0.0,0.0,0.0,0.0]",255,1,1
2026-08-13T10:22:11.657237+00:00,89306.939137,disarmed_link,0.0000000,0.0000000,0.0000000,0.0000000,,,0,1,1,1,0,1,0.000000,371,18601,1,0,1,1,0,1,0,3091951228,137,5458,89306890,138,0,-0.7118478,0.0024967,"[0.9367104768753052,-0.03369995951652527,-0.007639991585165262,0.34839555621147156]","[-0.002018804894760251,-0.0003574085421860218,0.002496658591553569]","[-0.08361800014972687,-0.6795690059661865,9.719194412231445]",0.0001953,1.914,"[0.0,0.0,0.0,0.0]","[0.0,0.0,0.0,0.0,0.0,0.0,0.0,0.0]","[0.0,0.0,0.0,0.0,0.0,0.0,0.0,0.0]",255,1,1
2026-08-13T10:22:11.707280+00:00,89306.989142,disarmed_link,0.0000000,0.0000000,0.0000000,0.0000000,,,0,1,1,1,0,1,0.000000,372,18651,1,0,1,1,0,1,0,3091951228,138,42190,89306940,139,0,-0.7118660,0.0012184,"[0.9367071986198425,-0.033702995628118515,-0.007643999997526407,0.3484039902687073]","[-0.001998314866796136,0.002746345242485404,0.0012184493243694305]","[-0.09320499747991562,-0.6817839741706848,9.728713035583496]",0.0001953,1.914,"[0.0,0.0,0.0,0.0]","[0.0,0.0,0.0,0.0,0.0,0.0,0.0,0.0]","[0.0,0.0,0.0,0.0,0.0,0.0,0.0,0.0]",255,1,1
2026-08-13T10:22:11.756243+00:00,89307.039118,disarmed_link,0.0000000,0.0000000,0.0000000,0.0000000,,,0,1,1,1,0,1,0.000000,373,18701,1,0,1,1,0,1,0,3091951228,139,56457,89306990,140,0,-0.7118711,0.0012590,"[0.9367057085037231,-0.03371798247098923,-0.007633996661752462,0.3484067916870117]","[-0.0007913497393019497,0.000866957358084619,0.0012590107508003712]","[-0.10761400312185287,-0.6788359880447388,9.759687423706055]",0.0002822,2.766,"[0.0,0.0,0.0,0.0]","[0.0,0.0,0.0,0.0,0.0,0.0,0.0,0.0]","[0.0,0.0,0.0,0.0,0.0,0.0,0.0,0.0]",255,1,1
2026-08-13T10:22:11.806728+00:00,89307.089120,disarmed_link,0.0000000,0.0000000,0.0000000,0.0000000,,,0,1,1,1,0,1,0.000000,374,18751,1,0,1,1,0,1,0,3091951228,140,32465,89307039,141,0,-0.7118872,0.0024266,"[0.9367019534111023,-0.03374297544360161,-0.007622994482517242,0.34841471910476685]","[-0.004436470568180084,0.0027774993795901537,0.0024265837855637074]","[-0.11716300249099731,-0.6639930009841919,9.78334903717041]",0.0003125,3.062,"[0.0,0.0,0.0,0.0]","[0.0,0.0,0.0,0.0,0.0,0.0,0.0,0.0]","[0.0,0.0,0.0,0.0,0.0,0.0,0.0,0.0]",255,1,1
2026-08-13T10:22:11.856741+00:00,89307.139057,disarmed_link,0.0000000,0.0000000,0.0000000,0.0000000,,,0,1,1,1,0,1,0.000000,375,18801,1,0,1,1,0,1,0,3091951228,141,21290,89307090,142,0,-0.7118902,0.0024266,"[0.9367004632949829,-0.03376498818397522,-0.0076019964180886745,0.34841689467430115]","[-0.0026054801419377327,0.003389551769942045,0.0024266012478619814]","[-0.11479099839925766,-0.6713299751281738,9.776287078857422]",0.0003125,3.062,"[0.0,0.0,0.0,0.0]","[0.0,0.0,0.0,0.0,0.0,0.0,0.0,0.0]","[0.0,0.0,0.0,0.0,0.0,0.0,0.0,0.0]",255,1,1
2026-08-13T10:22:11.907199+00:00,89307.189064,disarmed_link,0.0000000,0.0000000,0.0000000,0.0000000,,,0,1,1,1,0,1,0.000000,376,18851,1,0,1,1,0,1,0,3091951228,142,123,89307140,143,0,-0.7119053,0.0024671,"[0.9366974234580994,-0.03377596288919449,-0.0075829909183084965,0.3484245836734772]","[-0.0032295051496475935,0.0008981116116046906,0.002467145211994648]","[-0.11953099817037582,-0.6492930054664612,9.799896240234375]",0.0003332,3.266,"[0.0,0.0,0.0,0.0]","[0.0,0.0,0.0,0.0,0.0,0.0,0.0,0.0]","[0.0,0.0,0.0,0.0,0.0,0.0,0.0,0.0]",255,1,1
2026-08-13T10:22:11.957229+00:00,89307.239063,disarmed_link,0.0000000,0.0000000,0.0000000,0.0000000,,,0,1,1,1,0,1,0.000000,377,18901,1,0,1,1,0,1,0,3091951228,143,50327,89307190,144,0,-0.7119095,0.0018668,"[0.9366970658302307,-0.03376597538590431,-0.007575994823127985,0.3484267294406891]","[-0.0014013424515724182,0.0008785988320596516,0.001866769278421998]","[-0.11005400121212006,-0.6564429998397827,9.807307243347168]",0.0003332,3.266,"[0.0,0.0,0.0,0.0]","[0.0,0.0,0.0,0.0,0.0,0.0,0.0,0.0]","[0.0,0.0,0.0,0.0,0.0,0.0,0.0,0.0]",255,1,1
2026-08-13T10:22:12.007283+00:00,89307.289151,disarmed_link,0.0000000,0.0000000,0.0000000,0.0000000,,,0,1,1,1,0,1,0.000000,378,18951,1,0,1,1,0,1,0,3091951228,144,9042,89307240,145,0,-0.7119213,0.0024819,"[0.9366950392723083,-0.03376296907663345,-0.007561993319541216,0.3484326899051666]","[-0.0007931648287922144,0.0008823861135169864,0.0024819280952215195]","[-0.10528799891471863,-0.6589069962501526,9.804999351501465]",0.0003707,3.633,"[0.0,0.0,0.0,0.0]","[0.0,0.0,0.0,0.0,0.0,0.0,0.0,0.0]","[0.0,0.0,0.0,0.0,0.0,0.0,0.0,0.0]",255,1,1
2026-08-13T10:22:12.057307+00:00,89307.339189,disarmed_link,0.0000000,0.0000000,0.0000000,0.0000000,,,0,1,1,1,0,1,0.000000,379,19001,1,0,1,1,0,1,0,3091951228,145,57067,89307290,146,0,-0.7119225,0.0037011,"[0.9366955757141113,-0.03374398872256279,-0.007572997827082872,0.34843283891677856]","[-0.003235037438571453,0.00028970721177756786,0.0037011103704571724]","[-0.0861010029911995,-0.652072012424469,9.785928726196289]",0.0003707,3.633,"[0.0,0.0,0.0,0.0]","[0.0,0.0,0.0,0.0,0.0,0.0,0.0,0.0]","[0.0,0.0,0.0,0.0,0.0,0.0,0.0,0.0]",255,1,1
2026-08-13T10:22:12.107330+00:00,89307.389173,disarmed_link,0.0000000,0.0000000,0.0000000,0.0000000,,,0,1,1,1,0,1,0.000000,380,19051,1,0,1,1,0,1,0,3091951228,146,54236,89307340,147,0,-0.7119575,0.0029067,"[0.936689555644989,-0.0337429903447628,-0.007584996521472931,0.34844887256622314]","[-0.0016133474418893456,-0.0003548952518031001,0.00290674134157598]","[-0.08690699934959412,-0.661861002445221,9.774869918823242]",0.0004225,4.141,"[0.0,0.0,0.0,0.0]","[0.0,0.0,0.0,0.0,0.0,0.0,0.0,0.0]","[0.0,0.0,0.0,0.0,0.0,0.0,0.0,0.0]",255,1,1
2026-08-13T10:22:12.157263+00:00,89307.439135,disarmed_link,0.0000000,0.0000000,0.0000000,0.0000000,,,0,1,1,1,0,1,0.000000,381,19101,1,0,1,1,0,1,0,3091951228,147,5936,89307390,148,0,-0.7119642,0.0025040,"[0.9366888403892517,-0.033729974180459976,-0.007593994028866291,0.34845173358917236]","[-0.0008006173884496093,-0.00036527996417135,0.0025040414184331894]","[-0.07653500139713287,-0.6571469902992249,9.771721839904785]",0.0004225,4.141,"[0.0,0.0,0.0,0.0]","[0.0,0.0,0.0,0.0,0.0,0.0,0.0,0.0]","[0.0,0.0,0.0,0.0,0.0,0.0,0.0,0.0]",255,1,1
2026-08-13T10:22:12.207142+00:00,89307.489115,disarmed_link,0.0000000,0.0000000,0.0000000,0.0000000,,,0,1,1,1,0,1,0.000000,382,19151,1,0,1,1,0,1,0,3091951228,148,6016,89307440,149,0,-0.7119826,0.0024635,"[0.9366854429244995,-0.0337359644472599,-0.007586990483105183,0.3484605848789215]","[-0.0020075999200344086,0.0015140905743464828,0.0024634799920022488]","[-0.05977899953722954,-0.662401020526886,9.748001098632812]",0.0004927,4.828,"[0.0,0.0,0.0,0.0]","[0.0,0.0,0.0,0.0,0.0,0.0,0.0,0.0]","[0.0,0.0,0.0,0.0,0.0,0.0,0.0,0.0]",255,1,1
2026-08-13T10:22:12.256908+00:00,89307.539065,disarmed_link,0.0000000,0.0000000,0.0000000,0.0000000,,,0,1,1,1,0,1,0.000000,383,19201,1,0,1,1,0,1,0,3091951228,149,28615,89307490,150,0,-0.7119885,0.0024967,"[0.9366846084594727,-0.03373098000884056,-0.007602996192872524,0.3484628200531006]","[-0.002018804894760251,-0.0003574085421860218,0.002496658591553569]","[-0.06456699967384338,-0.6770679950714111,9.73137092590332]",0.0004927,4.828,"[0.0,0.0,0.0,0.0]","[0.0,0.0,0.0,0.0,0.0,0.0,0.0,0.0]","[0.0,0.0,0.0,0.0,0.0,0.0,0.0,0.0]",255,1,1
2026-08-13T10:22:12.307181+00:00,89307.589065,disarmed_link,0.0000000,0.0000000,0.0000000,0.0000000,,,0,1,1,1,0,1,0.000000,384,19251,1,0,1,1,0,1,0,3091951228,150,59150,89307540,151,0,-0.7120112,0.0024819,"[0.9366816282272339,-0.033707983791828156,-0.007620996795594692,0.34847283363342285]","[-0.0007931648287922144,0.0008823861135169864,0.0024819280952215195]","[-0.062134999781847,-0.6797410249710083,9.71464729309082]",0.0005198,5.094,"[0.0,0.0,0.0,0.0]","[0.0,0.0,0.0,0.0,0.0,0.0,0.0,0.0]","[0.0,0.0,0.0,0.0,0.0,0.0,0.0,0.0]",255,1,1
2026-08-13T10:22:12.357143+00:00,89307.639046,disarmed_link,0.0000000,0.0000000,0.0000000,0.0000000,,,0,1,1,1,0,1,0.000000,385,19301,1,0,1,1,0,1,0,3091951228,151,40777,89307590,152,0,-0.7120314,0.0006476,"[0.9366782903671265,-0.033703964203596115,-0.007641991600394249,0.3484816253185272]","[-0.000790442165452987,0.0008592430385760963,0.0006475695408880711]","[-0.06931599974632263,-0.6795979738235474,9.721757888793945]",0.0004791,4.695,"[0.0,0.0,0.0,0.0]","[0.0,0.0,0.0,0.0,0.0,0.0,0.0,0.0]","[0.0,0.0,0.0,0.0,0.0,0.0,0.0,0.0]",255,1,1
2026-08-13T10:22:12.407357+00:00,89307.689139,disarmed_link,0.0000000,0.0000000,0.0000000,0.0000000,,,0,1,1,1,0,1,0.000000,386,19351,1,0,1,1,0,1,0,3091951228,152,50235,89307640,153,0,-0.7120500,0.0012860,"[0.936676025390625,-0.03367997333407402,-0.007658993359655142,0.3484897017478943]","[-0.0012073664693161845,-0.0007939677452668548,0.0012860458809882402]","[-0.09159500151872635,-0.6835169792175293,9.7207612991333]",0.0004791,4.695,"[0.0,0.0,0.0,0.0]","[0.0,0.0,0.0,0.0,0.0,0.0,0.0,0.0]","[0.0,0.0,0.0,0.0,0.0,0.0,0.0,0.0]",255,1,1
2026-08-13T10:22:12.457298+00:00,89307.739075,disarmed_link,0.0000000,0.0000000,0.0000000,0.0000000,,,0,1,1,1,0,1,0.000000,387,19401,1,0,1,1,0,1,0,3091951228,153,46927,89307690,154,0,-0.7120745,0.0024782,"[0.9366722702980042,-0.03366599231958389,-0.007665997836738825,0.34850093722343445]","[-0.0014022499090060592,0.0008863131515681744,0.002478228183463216]","[-0.08604100346565247,-0.6818529963493347,9.726396560668945]",0.0004887,4.789,"[0.0,0.0,0.0,0.0]","[0.0,0.0,0.0,0.0,0.0,0.0,0.0,0.0]","[0.0,0.0,0.0,0.0,0.0,0.0,0.0,0.0]",255,1,1
2026-08-13T10:22:12.507195+00:00,89307.789056,disarmed_link,0.0000000,0.0000000,0.0000000,0.0000000,,,0,1,1,1,0,1,0.000000,388,19451,1,0,1,1,0,1,0,3091951228,154,53729,89307740,155,0,-0.7120776,0.0024967,"[0.9366722702980042,-0.033651988953351974,-0.00767999654635787,0.34850192070007324]","[-0.002018804894760251,-0.0003574085421860218,0.002496658591553569]","[-0.10516499727964401,-0.686502993106842,9.731042861938477]",0.0004887,4.789,"[0.0,0.0,0.0,0.0]","[0.0,0.0,0.0,0.0,0.0,0.0,0.0,0.0]","[0.0,0.0,0.0,0.0,0.0,0.0,0.0,0.0]",255,1,1
2026-08-13T10:22:12.557202+00:00,89307.839057,disarmed_link,0.0000000,0.0000000,0.0000000,0.0000000,,,0,1,1,1,0,1,0.000000,389,19501,1,0,1,1,0,1,0,3091951228,155,18369,89307790,156,0,-0.7121168,0.0025077,"[0.9366660714149475,-0.03363797068595886,-0.007696992717683315,0.3485196828842163]","[-0.00019153243920300156,-0.0003692069440148771,0.0025077241007238626]","[-0.10523699969053268,-0.6689689755439758,9.776360511779785]",0.0003962,3.883,"[0.0,0.0,0.0,0.0]","[0.0,0.0,0.0,0.0,0.0,0.0,0.0,0.0]","[0.0,0.0,0.0,0.0,0.0,0.0,0.0,0.0]",255,1,1
2026-08-13T10:22:12.606291+00:00,89307.889021,disarmed_link,0.0000000,0.0000000,0.0000000,0.0000000,,,0,1,1,1,0,1,0.000000,390,19551,1,0,1,1,0,1,0,3091951228,156,13787,89307840,157,0,-0.7121413,0.0037269,"[0.9366623759269714,-0.03362299129366875,-0.007702998351305723,0.34853094816207886]","[-0.0008024325361475348,-0.00034985123784281313,0.0037269415333867073]","[-0.11960799992084503,-0.668645977973938,9.792983055114746]",0.0003962,3.883,"[0.0,0.0,0.0,0.0]","[0.0,0.0,0.0,0.0,0.0,0.0,0.0,0.0]","[0.0,0.0,0.0,0.0,0.0,0.0,0.0,0.0]",255,1,1
2026-08-13T10:22:12.656842+00:00,89307.939159,disarmed_link,0.0000000,0.0000000,0.0000000,0.0000000,,,0,1,1,1,0,1,0.000000,391,19601,1,0,1,1,0,1,0,3091951228,157,3795,89307889,158,0,-0.7122036,0.0031339,"[0.9366524815559387,-0.033595990389585495,-0.0077099972404539585,0.3485598862171173]","[-0.0014180800644680858,-0.0016013220883905888,0.003133913269266486]","[-0.11239700019359589,-0.6566150188446045,9.795289039611816]",0.0003635,3.562,"[0.0,0.0,0.0,0.0]","[0.0,0.0,0.0,0.0,0.0,0.0,0.0,0.0]","[0.0,0.0,0.0,0.0,0.0,0.0,0.0,0.0]",255,1,1
2026-08-13T10:22:12.706897+00:00,89307.989130,disarmed_link,0.0000000,0.0000000,0.0000000,0.0000000,,,0,1,1,1,0,1,0.000000,392,19651,1,0,1,1,0,1,0,3091951228,158,36522,89307940,159,0,-0.7122252,0.0024622,"[0.936648964881897,-0.03359097242355347,-0.007717994041740894,0.34856972098350525]","[-0.0028209583833813667,0.001311388099566102,0.002462240867316723]","[-0.11399000138044357,-0.658236026763916,9.793697357177734]",0.0003635,3.562,"[0.0,0.0,0.0,0.0]","[0.0,0.0,0.0,0.0,0.0,0.0,0.0,0.0]","[0.0,0.0,0.0,0.0,0.0,0.0,0.0,0.0]",255,1,1
2026-08-13T10:22:12.756816+00:00,89308.039060,disarmed_link,0.0000000,0.0000000,0.0000000,0.0000000,,,0,1,1,1,0,1,0.000000,393,19701,1,0,1,1,0,1,0,3091951228,159,40308,89307990,160,0,-0.7122561,0.0030823,"[0.9366440773010254,-0.033574968576431274,-0.007700993213802576,0.34858468174934387]","[-0.0007903200457803905,0.0015139335300773382,0.0030823212582618]","[-0.10522899776697159,-0.654242992401123,9.795337677001953]",0.0003579,3.508,"[0.0,0.0,0.0,0.0]","[0.0,0.0,0.0,0.0,0.0,0.0,0.0,0.0]","[0.0,0.0,0.0,0.0,0.0,0.0,0.0,0.0]",255,1,1
2026-08-13T10:22:12.806103+00:00,89308.089036,disarmed_link,0.0000000,0.0000000,0.0000000,0.0000000,,,0,1,1,1,0,1,0.000000,394,19751,1,0,1,1,0,1,0,3091951228,160,38126,89308040,161,0,-0.7122723,0.0024819,"[0.9366421699523926,-0.033549971878528595,-0.007684993091970682,0.34859269857406616]","[-0.0007931648287922144,0.0008823861135169864,0.0024819280952215195]","[-0.0932689979672432,-0.6495239734649658,9.793004989624023]",0.0003579,3.508,"[0.0,0.0,0.0,0.0]","[0.0,0.0,0.0,0.0,0.0,0.0,0.0,0.0]","[0.0,0.0,0.0,0.0,0.0,0.0,0.0,0.0]",255,1,1
2026-08-13T10:22:12.856390+00:00,89308.139137,disarmed_link,0.0000000,0.0000000,0.0000000,0.0000000,,,0,1,1,1,0,1,0.000000,395,19801,1,0,1,1,0,1,0,3091951228,161,45030,89308089,162,0,-0.7122990,0.0037011,"[0.9366381764411926,-0.03352997079491615,-0.0076679931953549385,0.3486056625843048]","[-0.0014040475944057107,0.0009017417905852199,0.00370112806558609]","[-0.0908069983124733,-0.6498649716377258,9.77145004272461]",0.0002695,2.641,"[0.0,0.0,0.0,0.0]","[0.0,0.0,0.0,0.0,0.0,0.0,0.0,0.0]","[0.0,0.0,0.0,0.0,0.0,0.0,0.0,0.0]",255,1,1
2026-08-13T10:22:12.906178+00:00,89308.189110,disarmed_link,0.0000000,0.0000000,0.0000000,0.0000000,,,0,1,1,1,0,1,0.000000,396,19851,1,0,1,1,0,1,0,3091951228,162,30627,89308139,163,0,-0.7123125,0.0024524,"[0.9366360306739807,-0.033521972596645355,-0.007645993493497372,0.3486126661300659]","[-0.002003865083679557,0.002137923613190651,0.002452414482831955]","[-0.07653100043535233,-0.664546012878418,9.759836196899414]",0.0002081,2.039,"[0.0,0.0,0.0,0.0]","[0.0,0.0,0.0,0.0,0.0,0.0,0.0,0.0]","[0.0,0.0,0.0,0.0,0.0,0.0,0.0,0.0]",255,1,1
2026-08-13T10:22:12.956183+00:00,89308.239060,disarmed_link,0.0000000,0.0000000,0.0000000,0.0000000,,,0,1,1,1,0,1,0.000000,397,19901,1,0,1,1,0,1,0,3091951228,163,18702,89308189,164,0,-0.7123254,0.0025040,"[0.9366335272789001,-0.03352898359298706,-0.007642996031790972,0.34861883521080017]","[-0.0008006173884496093,-0.00036527996417135,0.0025040414184331894]","[-0.07639499753713608,-0.6552910208702087,9.735713958740234]",0.0002081,2.039,"[0.0,0.0,0.0,0.0]","[0.0,0.0,0.0,0.0,0.0,0.0,0.0,0.0]","[0.0,0.0,0.0,0.0,0.0,0.0,0.0,0.0]",255,1,1
2026-08-13T10:22:13.006069+00:00,89308.289030,disarmed_link,0.0000000,0.0000000,0.0000000,0.0000000,,,0,1,1,1,0,1,0.000000,398,19951,1,0,1,1,0,1,0,3091951228,164,37196,89308239,165,0,-0.7123838,0.0028846,"[0.9366233944892883,-0.03352499008178711,-0.007621996570378542,0.348646879196167]","[-0.0003852116351481527,0.0013007938396185637,0.0028846454806625843]","[-0.06454399973154068,-0.6722450256347656,9.732099533081055]",0.0001618,1.586,"[0.0,0.0,0.0,0.0]","[0.0,0.0,0.0,0.0,0.0,0.0,0.0,0.0]","[0.0,0.0,0.0,0.0,0.0,0.0,0.0,0.0]",255,1,1
2026-08-13T10:22:13.056624+00:00,89308.339157,disarmed_link,0.0000000,0.0000000,0.0000000,0.0000000,,,0,1,1,1,0,1,0.000000,399,20001,1,0,1,1,0,1,0,3091951228,165,44340,89308289,166,0,-0.7124083,0.0018299,"[0.9366190433502197,-0.03352399542927742,-0.007601999677717686,0.3486589789390564]","[-0.001999222207814455,0.0027540596202015877,0.0018299079965800047]","[-0.0645499974489212,-0.677141010761261,9.726573944091797]",0.0001618,1.586,"[0.0,0.0,0.0,0.0]","[0.0,0.0,0.0,0.0,0.0,0.0,0.0,0.0]","[0.0,0.0,0.0,0.0,0.0,0.0,0.0,0.0]",255,1,1
2026-08-13T10:22:13.106225+00:00,89308.389111,disarmed_link,0.0000000,0.0000000,0.0000000,0.0000000,,,0,1,1,1,0,1,0.000000,400,20051,1,0,1,1,0,1,0,3091951228,166,51674,89308339,167,0,-0.7124040,0.0024524,"[0.9366194009780884,-0.03353298828005791,-0.007572997827082872,0.34865787625312805]","[-0.002003865083679557,0.002137923613190651,0.002452414482831955]","[-0.0668879970908165,-0.6748719811439514,9.7169189453125]",0.0001276,1.250,"[0.0,0.0,0.0,0.0]","[0.0,0.0,0.0,0.0,0.0,0.0,0.0,0.0]","[0.0,0.0,0.0,0.0,0.0,0.0,0.0,0.0]",255,1,1
2026-08-13T10:22:13.157278+00:00,89308.439141,disarmed_link,0.0000000,0.0000000,0.0000000,0.0000000,,,0,1,1,1,0,1,0.000000,401,20101,1,0,1,1,0,1,0,3091951228,167,25839,89308389,168,0,-0.7124397,0.0036606,"[0.9366125464439392,-0.0335489846765995,-0.0075659966096282005,0.34867486357688904]","[-0.000780039990786463,0.0033931646030396223,0.00366058386862278]","[-0.07414600253105164,-0.6990029811859131,9.709994316101074]",0.0001276,1.250,"[0.0,0.0,0.0,0.0]","[0.0,0.0,0.0,0.0,0.0,0.0,0.0,0.0]","[0.0,0.0,0.0,0.0,0.0,0.0,0.0,0.0]",255,1,1
2026-08-13T10:22:13.206134+00:00,89308.489119,disarmed_link,0.0000000,0.0000000,0.0000000,0.0000000,,,0,1,1,1,0,1,0.000000,402,20151,1,0,1,1,0,1,0,3091951228,168,26081,89308440,169,0,-0.7124358,0.0024561,"[0.936612069606781,-0.03357896953821182,-0.007548992987722158,0.34867367148399353]","[-0.0032257698476314545,0.001521961996331811,0.002456097165122628]","[-0.08366499841213226,-0.6867480278015137,9.721698760986328]",0.0000853,0.836,"[0.0,0.0,0.0,0.0]","[0.0,0.0,0.0,0.0,0.0,0.0,0.0,0.0]","[0.0,0.0,0.0,0.0,0.0,0.0,0.0,0.0]",255,1,1
2026-08-13T10:22:13.256205+00:00,89308.539138,disarmed_link,0.0000000,0.0000000,0.0000000,0.0000000,,,0,1,1,1,0,1,0.000000,403,20201,1,0,1,1,0,1,0,3091951228,169,57922,89308489,170,0,-0.7124120,0.0008317,"[0.9366152882575989,-0.03360399231314659,-0.007537998259067535,0.34866294264793396]","[-0.0028185497503727674,0.001290828105993569,0.0008317017927765846]","[-0.08368200063705444,-0.6784740090370178,9.738368034362793]",0.0000853,0.836,"[0.0,0.0,0.0,0.0]","[0.0,0.0,0.0,0.0,0.0,0.0,0.0,0.0]","[0.0,0.0,0.0,0.0,0.0,0.0,0.0,0.0]",255,1,1
2026-08-13T10:22:13.306025+00:00,89308.589048,disarmed_link,0.0000000,0.0000000,0.0000000,0.0000000,,,0,1,1,1,0,1,0.000000,404,20251,1,0,1,1,0,1,0,3091951228,170,34476,89308539,171,0,-0.7124410,0.0024745,"[0.9366090297698975,-0.0336349755525589,-0.00753799406811595,0.3486766815185547]","[-0.0020113347563892603,0.0008902400732040405,0.0024745280388742685]","[-0.09803900122642517,-0.6839470267295837,9.743082046508789]",0.0001299,1.273,"[0.0,0.0,0.0,0.0]","[0.0,0.0,0.0,0.0,0.0,0.0,0.0,0.0]","[0.0,0.0,0.0,0.0,0.0,0.0,0.0,0.0]",255,1,1
2026-08-13T10:22:13.356164+00:00,89308.639129,disarmed_link,0.0000000,0.0000000,0.0000000,0.0000000,,,0,1,1,1,0,1,0.000000,405,20301,1,0,1,1,0,1,0,3091951228,171,50686,89308589,172,0,-0.7124553,0.0012442,"[0.9366053342819214,-0.03366499021649361,-0.007523996755480766,0.3486838936805725]","[-0.003227690001949668,0.0008827003184705973,0.0012442453298717737]","[-0.10519500076770782,-0.669152021408081,9.764371871948242]",0.0001299,1.273,"[0.0,0.0,0.0,0.0]","[0.0,0.0,0.0,0.0,0.0,0.0,0.0,0.0]","[0.0,0.0,0.0,0.0,0.0,0.0,0.0,0.0]",255,1,1
2026-08-13T10:22:13.406168+00:00,89308.689060,disarmed_link,0.0000000,0.0000000,0.0000000,0.0000000,,,0,1,1,1,0,1,0.000000,406,20351,1,0,1,1,0,1,0,3091951228,172,30245,89308639,173,0,-0.7124415,0.0018926,"[0.9366071224212646,-0.033681970089673996,-0.00751899229362607,0.3486776649951935]","[-0.0007997273351065814,-0.0003729943127837032,0.001892582862637937]","[-0.12200099974870682,-0.6735190153121948,9.788229942321777]",0.0002216,2.172,"[0.0,0.0,0.0,0.0]","[0.0,0.0,0.0,0.0,0.0,0.0,0.0,0.0]","[0.0,0.0,0.0,0.0,0.0,0.0,0.0,0.0]",255,1,1
2026-08-13T10:22:13.456109+00:00,89308.739122,disarmed_link,0.0000000,0.0000000,0.0000000,0.0000000,,,0,1,1,1,0,1,0.000000,407,20401,1,0,1,1,0,1,0,3091951228,173,44809,89308689,174,0,-0.7124342,0.0012221,"[0.9366073608398438,-0.0337119922041893,-0.0075319986790418625,0.34867390990257263]","[-0.003220220096409321,0.0021303663961589336,0.001222131890244782]","[-0.10528399795293808,-0.6613860130310059,9.800238609313965]",0.0002216,2.172,"[0.0,0.0,0.0,0.0]","[0.0,0.0,0.0,0.0,0.0,0.0,0.0,0.0]","[0.0,0.0,0.0,0.0,0.0,0.0,0.0,0.0]",255,1,1
2026-08-13T10:22:13.506645+00:00,89308.789166,disarmed_link,0.0000000,0.0000000,0.0000000,0.0000000,,,0,1,1,1,0,1,0.000000,408,20451,1,0,1,1,0,1,0,3091951228,174,30540,89308739,175,0,-0.7124478,0.0018557,"[0.9366044998168945,-0.03372598811984062,-0.007547996938228607,0.3486798405647278]","[-0.003228597342967987,0.000890397175680846,0.0018557040020823479]","[-0.11241400241851807,-0.6565420031547546,9.800084114074707]",0.0002017,1.977,"[0.0,0.0,0.0,0.0]","[0.0,0.0,0.0,0.0,0.0,0.0,0.0,0.0]","[0.0,0.0,0.0,0.0,0.0,0.0,0.0,0.0]",255,1,1
2026-08-13T10:22:13.556105+00:00,89308.839112,disarmed_link,0.0000000,0.0000000,0.0000000,0.0000000,,,0,1,1,1,0,1,0.000000,409,20501,1,0,1,1,0,1,0,3091951228,175,26322,89308789,176,0,-0.7124467,0.0036802,"[0.9366036057472229,-0.03375598043203354,-0.00756699638441205,0.348678857088089]","[-0.003634874941781163,0.0013320527505129576,0.003680218942463398]","[-0.11559399962425232,-0.6565269827842712,9.800048828125]",0.0002679,2.625,"[0.0,0.0,0.0,0.0]","[0.0,0.0,0.0,0.0,0.0,0.0,0.0,0.0]","[0.0,0.0,0.0,0.0,0.0,0.0,0.0,0.0]",255,1,1
2026-08-13T10:22:13.606269+00:00,89308.889114,disarmed_link,0.0000000,0.0000000,0.0000000,0.0000000,,,0,1,1,1,0,1,0.000000,410,20551,1,0,1,1,0,1,0,3091951228,176,20709,89308839,177,0,-0.7124338,0.0018815,"[0.9366061091423035,-0.03375300019979477,-0.007592999842017889,0.3486720025539398]","[-0.002626982517540455,-0.0003611958818510175,0.0018814997747540474]","[-0.10762199759483337,-0.6541950106620789,9.797707557678223]",0.0002679,2.625,"[0.0,0.0,0.0,0.0]","[0.0,0.0,0.0,0.0,0.0,0.0,0.0,0.0]","[0.0,0.0,0.0,0.0,0.0,0.0,0.0,0.0]",255,1,1
2026-08-13T10:22:13.656284+00:00,89308.939161,disarmed_link,0.0000000,0.0000000,0.0000000,0.0000000,,,0,1,1,1,0,1,0.000000,411,20601,1,0,1,1,0,1,0,3091951228,177,31918,89308889,178,0,-0.7124383,0.0037343,"[0.9366049766540527,-0.033761970698833466,-0.007607994135469198,0.3486737012863159]","[-0.0032462426461279392,-0.0015818094834685326,0.0037342889700084925]","[-0.0908920019865036,-0.6593400239944458,9.781183242797852]",0.0003404,3.336,"[0.0,0.0,0.0,0.0]","[0.0,0.0,0.0,0.0,0.0,0.0,0.0,0.0]","[0.0,0.0,0.0,0.0,0.0,0.0,0.0,0.0]",255,1,1
2026-08-13T10:22:13.706264+00:00,89308.989056,disarmed_link,0.0000000,0.0000000,0.0000000,0.0000000,,,0,1,1,1,0,1,0.000000,412,20651,1,0,1,1,0,1,0,3091951228,178,54849,89308939,179,0,-0.7124540,0.0024893,"[0.9366025924682617,-0.03375598415732384,-0.007644996512681246,0.3486798405647278]","[-0.003236974822357297,-0.00034955458249896765,0.002489258535206318]","[-0.0837239995598793,-0.6668090224266052,9.766983032226562]",0.0003404,3.336,"[0.0,0.0,0.0,0.0]","[0.0,0.0,0.0,0.0,0.0,0.0,0.0,0.0]","[0.0,0.0,0.0,0.0,0.0,0.0,0.0,0.0]",255,1,1
2026-08-13T10:22:13.756060+00:00,89309.039053,disarmed_link,0.0000000,0.0000000,0.0000000,0.0000000,,,0,1,1,1,0,1,0.000000,413,20701,1,0,1,1,0,1,0,3091951228,179,51167,89308989,180,0,-0.7124906,0.0024819,"[0.9365966320037842,-0.033745985478162766,-0.007649997249245644,0.34869682788848877]","[-0.0007931648287922144,0.0008823861135169864,0.0024819280952215195]","[-0.07178200036287308,-0.6767780184745789,9.748074531555176]",0.0003627,3.555,"[0.0,0.0,0.0,0.0]","[0.0,0.0,0.0,0.0,0.0,0.0,0.0,0.0]","[0.0,0.0,0.0,0.0,0.0,0.0,0.0,0.0]",255,1,1
2026-08-13T10:22:13.806289+00:00,89309.089057,disarmed_link,0.0000000,0.0000000,0.0000000,0.0000000,,,0,1,1,1,0,1,0.000000,414,20751,1,0,1,1,0,1,0,3091951228,180,8093,89309039,181,0,-0.7125071,0.0025077,"[0.9365938305854797,-0.033743977546691895,-0.007643995340913534,0.3487047553062439]","[-0.00019153243920300156,-0.0003692069440148771,0.0025077241007238626]","[-0.059804998338222504,-0.6868950128555298,9.719575881958008]",0.0003627,3.555,"[0.0,0.0,0.0,0.0]","[0.0,0.0,0.0,0.0,0.0,0.0,0.0,0.0]","[0.0,0.0,0.0,0.0,0.0,0.0,0.0,0.0]",255,1,1
2026-08-13T10:22:13.856736+00:00,89309.139170,disarmed_link,0.0000000,0.0000000,0.0000000,0.0000000,,,0,1,1,1,0,1,0.000000,415,20801,1,0,1,1,0,1,0,3091951228,181,9189,89309089,182,0,-0.7125109,0.0024819,"[0.9365932941436768,-0.033740997314453125,-0.007661999203264713,0.3487059473991394]","[-0.0007931648287922144,0.0008823861135169864,0.0024819280952215195]","[-0.06930000334978104,-0.6804850101470947,9.716175079345703]",0.0004233,4.148,"[0.0,0.0,0.0,0.0]","[0.0,0.0,0.0,0.0,0.0,0.0,0.0,0.0]","[0.0,0.0,0.0,0.0,0.0,0.0,0.0,0.0]",255,1,1
2026-08-13T10:22:13.906697+00:00,89309.189124,disarmed_link,0.0000000,0.0000000,0.0000000,0.0000000,,,0,1,1,1,0,1,0.000000,416,20851,1,0,1,1,0,1,0,3091951228,182,47791,89309140,183,0,-0.7125230,0.0025040,"[0.9365919828414917,-0.03371896967291832,-0.007656992878764868,0.34871169924736023]","[-0.0008006173884496093,-0.00036527996417135,0.0025040414184331894]","[-0.07406099885702133,-0.6796860098838806,9.714509010314941]",0.0004233,4.148,"[0.0,0.0,0.0,0.0]","[0.0,0.0,0.0,0.0,0.0,0.0,0.0,0.0]","[0.0,0.0,0.0,0.0,0.0,0.0,0.0,0.0]",255,1,1
2026-08-13T10:22:13.956104+00:00,89309.239112,disarmed_link,0.0000000,0.0000000,0.0000000,0.0000000,,,0,1,1,1,0,1,0.000000,417,20901,1,0,1,1,0,1,0,3091951228,183,47853,89309190,184,0,-0.7125435,0.0024930,"[0.9365894794464111,-0.03369198739528656,-0.00766799645498395,0.34872084856033325]","[-0.0007968823774717748,0.0002585356414783746,0.0024929761420935392]","[-0.07889500260353088,-0.691690981388092,9.714630126953125]",0.0004687,4.594,"[0.0,0.0,0.0,0.0]","[0.0,0.0,0.0,0.0,0.0,0.0,0.0,0.0]","[0.0,0.0,0.0,0.0,0.0,0.0,0.0,0.0]",255,1,1
2026-08-13T10:22:14.006220+00:00,89309.289124,disarmed_link,0.0000000,0.0000000,0.0000000,0.0000000,,,0,1,1,1,0,1,0.000000,418,20951,1,0,1,1,0,1,0,3091951228,184,8686,89309239,185,0,-0.7125872,0.0024967,"[0.9365822076797485,-0.03368398919701576,-0.007678998168557882,0.34874093532562256]","[-0.002018804894760251,-0.0003574085421860218,0.002496658591553569]","[-0.08605799823999405,-0.6817799806594849,9.731193542480469]",0.0004687,4.594,"[0.0,0.0,0.0,0.0]","[0.0,0.0,0.0,0.0,0.0,0.0,0.0,0.0]","[0.0,0.0,0.0,0.0,0.0,0.0,0.0,0.0]",255,1,1
2026-08-13T10:22:14.056799+00:00,89309.339165,disarmed_link,0.0000000,0.0000000,0.0000000,0.0000000,,,0,1,1,1,0,1,0.000000,419,21001,1,0,1,1,0,1,0,3091951228,185,26172,89309289,186,0,-0.7126236,0.0024782,"[0.9365759491920471,-0.03368097171187401,-0.007687993347644806,0.3487577438354492]","[-0.0014022499090060592,0.0008863131515681744,0.002478228183463216]","[-0.10521599650382996,-0.681361973285675,9.752556800842285]",0.0005285,5.180,"[0.0,0.0,0.0,0.0]","[0.0,0.0,0.0,0.0,0.0,0.0,0.0,0.0]","[0.0,0.0,0.0,0.0,0.0,0.0,0.0,0.0]",255,1,1
2026-08-13T10:22:14.106635+00:00,89309.389138,disarmed_link,0.0000000,0.0000000,0.0000000,0.0000000,,,0,1,1,1,0,1,0.000000,420,21051,1,0,1,1,0,1,0,3091951228,186,4369,89309340,187,0,-0.7126501,0.0024745,"[0.9365723729133606,-0.03365496173501015,-0.007702991366386414,0.3487696051597595]","[-0.0020113347563892603,0.0008902400732040405,0.0024745280388742685]","[-0.11237099766731262,-0.6665670275688171,9.773846626281738]",0.0004807,4.711,"[0.0,0.0,0.0,0.0]","[0.0,0.0,0.0,0.0,0.0,0.0,0.0,0.0]","[0.0,0.0,0.0,0.0,0.0,0.0,0.0,0.0]",255,1,1
2026-08-13T10:22:14.156135+00:00,89309.439113,disarmed_link,0.0000000,0.0000000,0.0000000,0.0000000,,,0,1,1,1,0,1,0.000000,421,21101,1,0,1,1,0,1,0,3091951228,187,38578,89309389,188,0,-0.7126778,0.0016666,"[0.9365683197975159,-0.033633969724178314,-0.007699992042034864,0.34878262877464294]","[-0.002012609038501978,0.0004640656115952879,0.0016666323645040393]","[-0.1171870008111,-0.66798996925354,9.784207344055176]",0.0004807,4.711,"[0.0,0.0,0.0,0.0]","[0.0,0.0,0.0,0.0,0.0,0.0,0.0,0.0]","[0.0,0.0,0.0,0.0,0.0,0.0,0.0,0.0]",255,1,1
2026-08-13T10:22:14.206176+00:00,89309.489053,disarmed_link,0.0000000,0.0000000,0.0000000,0.0000000,,,0,1,1,1,0,1,0.000000,422,21151,1,0,1,1,0,1,0,3091951228,188,62043,89309439,189,0,-0.7127164,0.0030860,"[0.9365619421005249,-0.033622972667217255,-0.007700994145125151,0.3488006889820099]","[-0.002012242330238223,0.0008979545091278851,0.0030859867110848427]","[-0.11715900152921677,-0.6615509986877441,9.785710334777832]",0.0005349,5.242,"[0.0,0.0,0.0,0.0]","[0.0,0.0,0.0,0.0,0.0,0.0,0.0,0.0]","[0.0,0.0,0.0,0.0,0.0,0.0,0.0,0.0]",255,1,1
2026-08-13T10:22:14.256053+00:00,89309.539052,disarmed_link,0.0000000,0.0000000,0.0000000,0.0000000,,,0,1,1,1,0,1,0.000000,423,21201,1,0,1,1,0,1,0,3091951228,189,21230,89309489,190,0,-0.7127011,0.0037085,"[0.9365648627281189,-0.03361597657203674,-0.007692994549870491,0.34879374504089355]","[-0.002016867510974407,0.0002818357606884092,0.0037084929645061493]","[-0.11475200206041336,-0.6542720198631287,9.790431022644043]",0.0005349,5.242,"[0.0,0.0,0.0,0.0]","[0.0,0.0,0.0,0.0,0.0,0.0,0.0,0.0]","[0.0,0.0,0.0,0.0,0.0,0.0,0.0,0.0]",255,1,1
2026-08-13T10:22:14.306305+00:00,89309.589155,disarmed_link,0.0000000,0.0000000,0.0000000,0.0000000,,,0,1,1,1,0,1,0.000000,424,21251,1,0,1,1,0,1,0,3091951228,190,35499,89309539,191,0,-0.7127199,0.0037048,"[0.9365617036819458,-0.03361198306083679,-0.007683994714170694,0.3488028049468994]","[-0.0007949625723995268,0.0008977974066510797,0.0037048279773443937]","[-0.10044600069522858,-0.6469389796257019,9.802482604980469]",0.0005134,5.031,"[0.0,0.0,0.0,0.0]","[0.0,0.0,0.0,0.0,0.0,0.0,0.0,0.0]","[0.0,0.0,0.0,0.0,0.0,0.0,0.0,0.0]",255,1,1
2026-08-13T10:22:14.356072+00:00,89309.639052,disarmed_link,0.0000000,0.0000000,0.0000000,0.0000000,,,0,1,1,1,0,1,0.000000,425,21301,1,0,1,1,0,1,0,3091951228,191,41568,89309589,192,0,-0.7127314,0.0024708,"[0.9365594387054443,-0.03361896425485611,-0.007670990657061338,0.3488085865974426]","[-0.0026204201858490705,0.0008941845735535026,0.0024708453565835953]","[-0.09802199900150299,-0.6495749950408936,9.788154602050781]",0.0005134,5.031,"[0.0,0.0,0.0,0.0]","[0.0,0.0,0.0,0.0,0.0,0.0,0.0,0.0]","[0.0,0.0,0.0,0.0,0.0,0.0,0.0,0.0]",255,1,1
2026-08-13T10:22:14.406223+00:00,89309.689123,disarmed_link,0.0000000,0.0000000,0.0000000,0.0000000,,,0,1,1,1,0,1,0.000000,426,21351,1,0,1,1,0,1,0,3091951228,192,31352,89309639,193,0,-0.7127462,0.0037011,"[0.9365562796592712,-0.033632997423410416,-0.007659998256713152,0.3488159477710724]","[-0.0014040475944057107,0.0009017417905852199,0.00370112806558609]","[-0.09085000306367874,-0.6546019911766052,9.776315689086914]",0.0004568,4.477,"[0.0,0.0,0.0,0.0]","[0.0,0.0,0.0,0.0,0.0,0.0,0.0,0.0]","[0.0,0.0,0.0,0.0,0.0,0.0,0.0,0.0]",255,1,1
2026-08-13T10:22:14.456148+00:00,89309.739137,disarmed_link,0.0000000,0.0000000,0.0000000,0.0000000,,,0,1,1,1,0,1,0.000000,427,21401,1,0,1,1,0,1,0,3091951228,193,33025,89309689,194,0,-0.7127665,0.0024745,"[0.9365528225898743,-0.03362997621297836,-0.007649995386600494,0.34882575273513794]","[-0.0020113347563892603,0.0008902400732040405,0.0024745280388742685]","[-0.08127100020647049,-0.6474300026893616,9.77631950378418]",0.0004568,4.477,"[0.0,0.0,0.0,0.0]","[0.0,0.0,0.0,0.0,0.0,0.0,0.0,0.0]","[0.0,0.0,0.0,0.0,0.0,0.0,0.0,0.0]",255,1,1
2026-08-13T10:22:14.506243+00:00,89309.789030,disarmed_link,0.0000000,0.0000000,0.0000000,0.0000000,,,0,1,1,1,0,1,0.000000,428,21451,1,0,1,1,0,1,0,3091951228,194,21111,89309739,195,0,-0.7127795,0.0043310,"[0.936550498008728,-0.03362998738884926,-0.007648996543139219,0.3488318920135498]","[-0.0020215101540088654,-0.00033428292954340577,0.004330999683588743]","[-0.0669730007648468,-0.6646639704704285,9.755149841308594]",0.0003994,3.914,"[0.0,0.0,0.0,0.0]","[0.0,0.0,0.0,0.0,0.0,0.0,0.0,0.0]","[0.0,0.0,0.0,0.0,0.0,0.0,0.0,0.0]",255,1,1
2026-08-13T10:22:14.556023+00:00,89309.839043,disarmed_link,0.0000000,0.0000000,0.0000000,0.0000000,,,0,1,1,1,0,1,0.000000,429,21501,1,0,1,1,0,1,0,3091951228,195,38107,89309789,196,0,-0.7128098,0.0012737,"[0.9365450143814087,-0.03363597393035889,-0.007662993390113115,0.3488456904888153]","[-0.0020169897470623255,-0.0003728372394107282,0.0012737413635477424]","[-0.07173900306224823,-0.6720409989356995,9.743209838867188]",0.0003994,3.914,"[0.0,0.0,0.0,0.0]","[0.0,0.0,0.0,0.0,0.0,0.0,0.0,0.0]","[0.0,0.0,0.0,0.0,0.0,0.0,0.0,0.0]",255,1,1
2026-08-13T10:22:14.606182+00:00,89309.889030,disarmed_link,0.0000000,0.0000000,0.0000000,0.0000000,,,0,1,1,1,0,1,0.000000,430,21551,1,0,1,1,0,1,0,3091951228,196,41726,89309839,197,0,-0.7128369,0.0025114,"[0.9365404844284058,-0.03363298997282982,-0.00767899677157402,0.3488578498363495]","[-0.0014134374214336276,-0.000985186081379652,0.002511406783014536]","[-0.05975800007581711,-0.6747949719429016,9.724194526672363]",0.0003914,3.836,"[0.0,0.0,0.0,0.0]","[0.0,0.0,0.0,0.0,0.0,0.0,0.0,0.0]","[0.0,0.0,0.0,0.0,0.0,0.0,0.0,0.0]",255,1,1
2026-08-13T10:22:14.656136+00:00,89309.939055,disarmed_link,0.0000000,0.0000000,0.0000000,0.0000000,,,0,1,1,1,0,1,0.000000,431,21601,1,0,1,1,0,1,0,3091951228,197,28897,89309889,198,0,-0.7128565,0.0006623,"[0.9365366101264954,-0.03364698588848114,-0.00768699636682868,0.34886685013771057]","[-0.0020160821732133627,-0.0003805515880230814,0.0006623000954277813]","[-0.07403100281953812,-0.6773539781570435,9.709677696228027]",0.0003500,3.430,"[0.0,0.0,0.0,0.0]","[0.0,0.0,0.0,0.0,0.0,0.0,0.0,0.0]","[0.0,0.0,0.0,0.0,0.0,0.0,0.0,0.0]",255,1,1
2026-08-13T10:22:14.706244+00:00,89309.989146,disarmed_link,0.0000000,0.0000000,0.0000000,0.0000000,,,0,1,1,1,0,1,0.000000,432,21651,1,0,1,1,0,1,0,3091951228,198,5135,89309939,199,0,-0.7128858,0.0036900,"[0.9365313053131104,-0.0336499959230423,-0.007675998378545046,0.34888094663619995]","[-0.003231320297345519,0.000913540250621736,0.0036900448612868786]","[-0.07729300111532211,-0.685185968875885,9.72095012664795]",0.0003500,3.430,"[0.0,0.0,0.0,0.0]","[0.0,0.0,0.0,0.0,0.0,0.0,0.0,0.0]","[0.0,0.0,0.0,0.0,0.0,0.0,0.0,0.0]",255,1,1
2026-08-13T10:22:14.756365+00:00,89310.039056,disarmed_link,0.0000000,0.0000000,0.0000000,0.0000000,,,0,1,1,1,0,1,0.000000,433,21701,1,0,1,1,0,1,0,3091951228,199,52112,89309989,200,0,-0.7129000,0.0018705,"[0.9365281462669373,-0.03366897255182266,-0.007674993947148323,0.34888771176338196]","[-0.0007922573713585734,0.0008746717940084636,0.0018704694230109453]","[-0.07168400287628174,-0.6845809817314148,9.709811210632324]",0.0002527,2.477,"[0.0,0.0,0.0,0.0]","[0.0,0.0,0.0,0.0,0.0,0.0,0.0,0.0]","[0.0,0.0,0.0,0.0,0.0,0.0,0.0,0.0]",255,1,1
2026-08-13T10:22:14.806191+00:00,89310.089164,disarmed_link,0.0000000,0.0000000,0.0000000,0.0000000,,,0,1,1,1,0,1,0.000000,434,21751,1,0,1,1,0,1,0,3091951228,200,30789,89310039,201,0,-0.7129087,0.0024745,"[0.9365261197090149,-0.03368096798658371,-0.007680993061512709,0.34889164566993713]","[-0.0020113347563892603,0.0008902400732040405,0.0024745280388742685]","[-0.08841399848461151,-0.679436981678009,9.726333618164062]",0.0002527,2.477,"[0.0,0.0,0.0,0.0]","[0.0,0.0,0.0,0.0,0.0,0.0,0.0,0.0]","[0.0,0.0,0.0,0.0,0.0,0.0,0.0,0.0]",255,1,1
2026-08-13T10:22:14.856627+00:00,89310.139062,disarmed_link,0.0000000,0.0000000,0.0000000,0.0000000,,,0,1,1,1,0,1,0.000000,435,21801,1,0,1,1,0,1,0,3091951228,201,53744,89310089,202,0,-0.7129381,0.0031118,"[0.9365205764770508,-0.033692989498376846,-0.007666997145861387,0.34890586137771606]","[-0.0014106100425124168,-0.00035363860661163926,0.00311180017888546]","[-0.1027589961886406,-0.6743040084838867,9.742886543273926]",0.0002575,2.523,"[0.0,0.0,0.0,0.0]","[0.0,0.0,0.0,0.0,0.0,0.0,0.0,0.0]","[0.0,0.0,0.0,0.0,0.0,0.0,0.0,0.0]",255,1,1
2026-08-13T10:22:14.906200+00:00,89310.189134,disarmed_link,0.0000000,0.0000000,0.0000000,0.0000000,,,0,1,1,1,0,1,0.000000,436,21851,1,0,1,1,0,1,0,3091951228,202,40840,89310140,203,0,-0.7129657,0.0024598,"[0.936515748500824,-0.03369297832250595,-0.007668995764106512,0.34891876578330994]","[-0.0026166848838329315,0.0015180176123976707,0.002459780080243945]","[-0.11233700066804886,-0.6617929935455322,9.771376609802246]",0.0002575,2.523,"[0.0,0.0,0.0,0.0]","[0.0,0.0,0.0,0.0,0.0,0.0,0.0,0.0]","[0.0,0.0,0.0,0.0,0.0,0.0,0.0,0.0]",255,1,1
2026-08-13T10:22:14.956027+00:00,89310.239051,disarmed_link,0.0000000,0.0000000,0.0000000,0.0000000,,,0,1,1,1,0,1,0.000000,437,21901,1,0,1,1,0,1,0,3091951228,203,6187,89310189,204,0,-0.7129903,0.0018520,"[0.9365109801292419,-0.03370397537946701,-0.007656993810087442,0.3489307165145874]","[-0.002006692346185446,0.001506376313045621,0.0018520212033763528]","[-0.1195949986577034,-0.6711609959602356,9.7858247756958]",0.0002113,2.070,"[0.0,0.0,0.0,0.0]","[0.0,0.0,0.0,0.0,0.0,0.0,0.0,0.0]","[0.0,0.0,0.0,0.0,0.0,0.0,0.0,0.0]",255,1,1
2026-08-13T10:22:15.006282+00:00,89310.289113,disarmed_link,0.0000000,0.0000000,0.0000000,0.0000000,,,0,1,1,1,0,1,0.000000,438,21951,1,0,1,1,0,1,0,3091951228,204,21489,89310239,205,0,-0.7130256,0.0041001,"[0.936504065990448,-0.03372397646307945,-0.00764299463480711,0.3489477336406708]","[-0.002825862495228648,0.0009160535410046577,0.00410014484077692]","[-0.11078999936580658,-0.6566960215568542,9.790510177612305]",0.0002113,2.070,"[0.0,0.0,0.0,0.0]","[0.0,0.0,0.0,0.0,0.0,0.0,0.0,0.0]","[0.0,0.0,0.0,0.0,0.0,0.0,0.0,0.0]",255,1,1
2026-08-13T10:22:15.072927+00:00,89310.355937,disarmed_link,0.0000000,0.0000000,0.0000000,0.0000000,,,0,1,1,1,0,1,0.000000,439,22001,1,0,1,1,0,1,0,3091951228,205,33262,89310289,206,0,-0.7130724,0.0037122,"[0.9364954233169556,-0.033734992146492004,-0.007636997848749161,0.3489699065685272]","[-0.003238772740587592,-0.0003341258561704308,0.0037121756467968225]","[-0.11951400339603424,-0.6542869806289673,9.787975311279297]",0.0002687,2.633,"[0.0,0.0,0.0,0.0]","[0.0,0.0,0.0,0.0,0.0,0.0,0.0,0.0]","[0.0,0.0,0.0,0.0,0.0,0.0,0.0,0.0]",255,1,1
2026-08-13T10:22:15.107293+00:00,89310.389123,disarmed_link,0.0000000,0.0000000,0.0000000,0.0000000,,,0,1,1,1,0,1,0.000000,440,22051,1,0,1,1,0,1,0,3091951228,206,2199,89310356,207,0,-0.7131097,0.0024524,"[0.9364887475967407,-0.033738985657691956,-0.007624995894730091,0.3489878177642822]","[-0.002003865083679557,0.002137923613190651,0.002452414482831955]","[-0.1148030012845993,-0.658972978591919,9.79769515991211]",0.0002687,2.633,"[0.0,0.0,0.0,0.0]","[0.0,0.0,0.0,0.0,0.0,0.0,0.0,0.0]","[0.0,0.0,0.0,0.0,0.0,0.0,0.0,0.0]",255,1,1
2026-08-13T10:22:15.156283+00:00,89310.439129,disarmed_link,0.0000000,0.0000000,0.0000000,0.0000000,,,0,1,1,1,0,1,0.000000,441,22101,1,0,1,1,0,1,0,3091951228,207,22966,89310390,208,0,-0.7131191,0.0037048,"[0.9364876747131348,-0.03372098505496979,-0.007603996433317661,0.34899282455444336]","[-0.0007949625723995268,0.0008977974066510797,0.0037048279773443937]","[-0.10759299993515015,-0.6518629789352417,9.792874336242676]",0.0002742,2.688,"[0.0,0.0,0.0,0.0]","[0.0,0.0,0.0,0.0,0.0,0.0,0.0,0.0]","[0.0,0.0,0.0,0.0,0.0,0.0,0.0,0.0]",255,1,1
2026-08-13T10:22:15.206694+00:00,89310.489058,disarmed_link,0.0000000,0.0000000,0.0000000,0.0000000,,,0,1,1,1,0,1,0.000000,442,22151,1,0,1,1,0,1,0,3091951228,208,32258,89310439,209,0,-0.7131441,0.0025040,"[0.9364836812019348,-0.03370998427271843,-0.007591996341943741,0.3490048348903656]","[-0.0008006173884496093,-0.00036527996417135,0.0025040414184331894]","[-0.07891999930143356,-0.6522150039672852,9.778817176818848]",0.0003133,3.070,"[0.0,0.0,0.0,0.0]","[0.0,0.0,0.0,0.0,0.0,0.0,0.0,0.0]","[0.0,0.0,0.0,0.0,0.0,0.0,0.0,0.0]",255,1,1
2026-08-13T10:22:15.256278+00:00,89310.539100,disarmed_link,0.0000000,0.0000000,0.0000000,0.0000000,,,0,1,1,1,0,1,0.000000,443,22201,1,0,1,1,0,1,0,3091951228,209,57095,89310490,210,0,-0.7131515,0.0024819,"[0.9364829659461975,-0.033691972494125366,-0.007577993907034397,0.3490087389945984]","[-0.0007931648287922144,0.0008823861135169864,0.0024819280952215195]","[-0.07888200134038925,-0.6646819710731506,9.750215530395508]",0.0003133,3.070,"[0.0,0.0,0.0,0.0]","[0.0,0.0,0.0,0.0,0.0,0.0,0.0,0.0]","[0.0,0.0,0.0,0.0,0.0,0.0,0.0,0.0]",255,1,1
2026-08-13T10:22:15.306865+00:00,89310.589112,disarmed_link,0.0000000,0.0000000,0.0000000,0.0000000,,,0,1,1,1,0,1,0.000000,444,22251,1,0,1,1,0,1,0,3091951228,210,63654,89310539,211,0,-0.7131826,0.0036753,"[0.9364774227142334,-0.033692993223667145,-0.007559997495263815,0.34902387857437134]","[-0.0020056802313774824,0.0021533523686230183,0.003675314364954829]","[-0.07092099636793137,-0.6655809879302979,9.746320724487305]",0.0003691,3.617,"[0.0,0.0,0.0,0.0]","[0.0,0.0,0.0,0.0,0.0,0.0,0.0,0.0]","[0.0,0.0,0.0,0.0,0.0,0.0,0.0,0.0]",255,1,1
2026-08-13T10:22:15.356391+00:00,89310.639130,disarmed_link,0.0000000,0.0000000,0.0000000,0.0000000,,,0,1,1,1,0,1,0.000000,445,22301,1,0,1,1,0,1,0,3091951228,211,5852,89310590,212,0,-0.7131860,0.0024598,"[0.936476469039917,-0.03370198979973793,-0.00754799647256732,0.3490258753299713]","[-0.0007856949232518673,0.0021300697699189186,0.0024597973097115755]","[-0.06696899980306625,-0.6720629930496216,9.743264198303223]",0.0003691,3.617,"[0.0,0.0,0.0,0.0]","[0.0,0.0,0.0,0.0,0.0,0.0,0.0,0.0]","[0.0,0.0,0.0,0.0,0.0,0.0,0.0,0.0]",255,1,1
2026-08-13T10:22:15.406983+00:00,89310.689117,disarmed_link,0.0000000,0.0000000,0.0000000,0.0000000,,,0,1,1,1,0,1,0.000000,446,22351,1,0,1,1,0,1,0,3091951228,212,57117,89310639,213,0,-0.7131893,0.0025151,"[0.9364762306213379,-0.03369196131825447,-0.007540992461144924,0.3490276038646698]","[-0.0008043524576351047,-0.0009891304653137922,0.002515089465305209]","[-0.0645110011100769,-0.6699249744415283,9.726469039916992]",0.0003898,3.820,"[0.0,0.0,0.0,0.0]","[0.0,0.0,0.0,0.0,0.0,0.0,0.0,0.0]","[0.0,0.0,0.0,0.0,0.0,0.0,0.0,0.0]",255,1,1
2026-08-13T10:22:15.456150+00:00,89310.739112,disarmed_link,0.0000000,0.0000000,0.0000000,0.0000000,,,0,1,1,1,0,1,0.000000,447,22401,1,0,1,1,0,1,0,3091951228,213,62182,89310690,214,0,-0.7132253,0.0025040,"[0.9364708065986633,-0.033670976758003235,-0.007560995407402515,0.34904375672340393]","[-0.0008006173884496093,-0.00036527996417135,0.0025040414184331894]","[-0.06217300146818161,-0.6869570016860962,9.714753150939941]",0.0003898,3.820,"[0.0,0.0,0.0,0.0]","[0.0,0.0,0.0,0.0,0.0,0.0,0.0,0.0]","[0.0,0.0,0.0,0.0,0.0,0.0,0.0,0.0]",255,1,1
2026-08-13T10:22:15.506535+00:00,89310.789060,disarmed_link,0.0000000,0.0000000,0.0000000,0.0000000,,,0,1,1,1,0,1,0.000000,448,22451,1,0,1,1,0,1,0,3091951228,214,46573,89310739,215,0,-0.7132135,0.0012811,"[0.9364734888076782,-0.033654987812042236,-0.007570997811853886,0.34903785586357117]","[-0.0007988197612576187,-0.0003807086613960564,0.0012811415363103151]","[-0.07408600300550461,-0.6844969987869263,9.714579582214355]",0.0004895,4.797,"[0.0,0.0,0.0,0.0]","[0.0,0.0,0.0,0.0,0.0,0.0,0.0,0.0]","[0.0,0.0,0.0,0.0,0.0,0.0,0.0,0.0]",255,1,1
2026-08-13T10:22:15.556183+00:00,89310.839109,disarmed_link,0.0000000,0.0000000,0.0000000,0.0000000,,,0,1,1,1,0,1,0.000000,449,22501,1,0,1,1,0,1,0,3091951228,215,6360,89310789,216,0,-0.7132156,0.0024672,"[0.9364738464355469,-0.03363697603344917,-0.007572995498776436,0.3490387499332428]","[0.0004324576584622264,0.0021221982315182686,0.00246719759888947]","[-0.0932609960436821,-0.6938470005989075,9.726490020751953]",0.0004895,4.797,"[0.0,0.0,0.0,0.0]","[0.0,0.0,0.0,0.0,0.0,0.0,0.0,0.0]","[0.0,0.0,0.0,0.0,0.0,0.0,0.0,0.0]",255,1,1
2026-08-13T10:22:15.606453+00:00,89310.889072,disarmed_link,0.0000000,0.0000000,0.0000000,0.0000000,,,0,1,1,1,0,1,0.000000,450,22551,1,0,1,1,0,1,0,3091951228,216,31807,89310839,217,0,-0.7132342,0.0012639,"[0.9364710450172424,-0.03362499549984932,-0.0075869993306696415,0.3490469753742218]","[-0.0011998964473605156,0.000453680899227038,0.0012639325577765703]","[-0.09162399917840958,-0.6833949685096741,9.728754997253418]",0.0004672,4.578,"[0.0,0.0,0.0,0.0]","[0.0,0.0,0.0,0.0,0.0,0.0,0.0,0.0]","[0.0,0.0,0.0,0.0,0.0,0.0,0.0,0.0]",255,1,1
2026-08-13T10:22:15.656619+00:00,89310.939140,disarmed_link,0.0000000,0.0000000,0.0000000,0.0000000,,,0,1,1,1,0,1,0.000000,451,22601,1,0,1,1,0,1,0,3091951228,217,54666,89310889,218,0,-0.7132430,0.0024819,"[0.9364705681800842,-0.033596981316804886,-0.007592995651066303,0.3490508198738098]","[-0.0007931648287922144,0.0008823861135169864,0.0024819280952215195]","[-0.0955910012125969,-0.6817730069160461,9.728686332702637]",0.0004672,4.578,"[0.0,0.0,0.0,0.0]","[0.0,0.0,0.0,0.0,0.0,0.0,0.0,0.0]","[0.0,0.0,0.0,0.0,0.0,0.0,0.0,0.0]",255,1,1
2026-08-13T10:22:15.706638+00:00,89310.989060,disarmed_link,0.0000000,0.0000000,0.0000000,0.0000000,,,0,1,1,1,0,1,0.000000,452,22651,1,0,1,1,0,1,0,3091951228,218,19648,89310940,219,0,-0.7132659,0.0012922,"[0.9364673495292664,-0.03357996419072151,-0.0076199909672141075,0.34906062483787537]","[-0.0008025547722354531,-0.0010045417584478855,0.001292189466767013]","[-0.10043299943208694,-0.6740580201148987,9.759700775146484]",0.0004887,4.789,"[0.0,0.0,0.0,0.0]","[0.0,0.0,0.0,0.0,0.0,0.0,0.0,0.0]","[0.0,0.0,0.0,0.0,0.0,0.0,0.0,0.0]",255,1,1
2026-08-13T10:22:15.756113+00:00,89311.039148,disarmed_link,0.0000000,0.0000000,0.0000000,0.0000000,,,0,1,1,1,0,1,0.000000,453,22701,1,0,1,1,0,1,0,3091951228,219,47561,89310989,220,0,-0.7132702,0.0024967,"[0.9364666938781738,-0.03357898071408272,-0.007646996062248945,0.3490618169307709]","[-0.002018804894760251,-0.0003574085421860218,0.002496658591553569]","[-0.11713699996471405,-0.6641029715538025,9.776153564453125]",0.0004887,4.789,"[0.0,0.0,0.0,0.0]","[0.0,0.0,0.0,0.0,0.0,0.0,0.0,0.0]","[0.0,0.0,0.0,0.0,0.0,0.0,0.0,0.0]",255,1,1
2026-08-13T10:22:15.806229+00:00,89311.089111,disarmed_link,0.0000000,0.0000000,0.0000000,0.0000000,,,0,1,1,1,0,1,0.000000,454,22751,1,0,1,1,0,1,0,3091951228,220,56608,89311039,221,0,-0.7132866,0.0012664,"[0.9364643692970276,-0.03356699272990227,-0.007663997821509838,0.34906890988349915]","[-0.0032351596746593714,-0.0003649658174254,0.0012663586530834436]","[-0.12189900130033493,-0.6493549942970276,9.795073509216309]",0.0004385,4.297,"[0.0,0.0,0.0,0.0]","[0.0,0.0,0.0,0.0,0.0,0.0,0.0,0.0]","[0.0,0.0,0.0,0.0,0.0,0.0,0.0,0.0]",255,1,1
2026-08-13T10:22:15.856236+00:00,89311.139057,disarmed_link,0.0000000,0.0000000,0.0000000,0.0000000,,,0,1,1,1,0,1,0.000000,455,22801,1,0,1,1,0,1,0,3091951228,221,3903,89311089,222,0,-0.7133124,0.0025016,"[0.9364599585533142,-0.03356296941637993,-0.007672993931919336,0.34908074140548706]","[-0.0012066856725141406,-0.00036266198731027544,0.002501580398529768]","[-0.115557000041008,-0.651764988899231,9.796780586242676]",0.0004480,4.391,"[0.0,0.0,0.0,0.0]","[0.0,0.0,0.0,0.0,0.0,0.0,0.0,0.0]","[0.0,0.0,0.0,0.0,0.0,0.0,0.0,0.0]",255,1,1
2026-08-13T10:22:15.906099+00:00,89311.189118,disarmed_link,0.0000000,0.0000000,0.0000000,0.0000000,,,0,1,1,1,0,1,0.000000,456,22851,1,0,1,1,0,1,0,3091951228,222,14621,89311139,223,0,-0.7133223,0.0043236,"[0.9364586472511292,-0.033554986119270325,-0.007688996382057667,0.3490848243236542]","[-0.0032396800816059113,-0.0003264115075580776,0.004323616623878479]","[-0.11241000145673752,-0.6541000008583069,9.802449226379395]",0.0004480,4.391,"[0.0,0.0,0.0,0.0]","[0.0,0.0,0.0,0.0,0.0,0.0,0.0,0.0]","[0.0,0.0,0.0,0.0,0.0,0.0,0.0,0.0]",255,1,1
2026-08-13T10:22:15.956372+00:00,89311.239064,disarmed_link,0.0000000,0.0000000,0.0000000,0.0000000,,,0,1,1,1,0,1,0.000000,457,22901,1,0,1,1,0,1,0,3091951228,223,65457,89311189,224,0,-0.7133485,0.0043273,"[0.9364532232284546,-0.033578965812921524,-0.007706992328166962,0.3490966558456421]","[-0.0026305951178073883,-0.00033033848740160465,0.004327316768467426]","[-0.10763099789619446,-0.6541590094566345,9.800104141235352]",0.0004520,4.430,"[0.0,0.0,0.0,0.0]","[0.0,0.0,0.0,0.0,0.0,0.0,0.0,0.0]","[0.0,0.0,0.0,0.0,0.0,0.0,0.0,0.0]",255,1,1
2026-08-13T10:22:16.006241+00:00,89311.289122,disarmed_link,0.0000000,0.0000000,0.0000000,0.0000000,,,0,1,1,1,0,1,0.000000,458,22951,1,0,1,1,0,1,0,3091951228,224,31167,89311239,225,0,-0.7133704,0.0024967,"[0.9364496469497681,-0.033571984618902206,-0.007708995137363672,0.3491068184375763]","[-0.002018804894760251,-0.0003574085421860218,0.002496658591553569]","[-0.09089700132608414,-0.6568610072135925,9.785943984985352]",0.0004520,4.430,"[0.0,0.0,0.0,0.0]","[0.0,0.0,0.0,0.0,0.0,0.0,0.0,0.0]","[0.0,0.0,0.0,0.0,0.0,0.0,0.0,0.0]",255,1,1
2026-08-13T10:22:16.056133+00:00,89311.339143,disarmed_link,0.0000000,0.0000000,0.0000000,0.0000000,,,0,1,1,1,0,1,0.000000,459,23001,1,0,1,1,0,1,0,3091951228,225,33478,89311289,226,0,-0.7133868,0.0024782,"[0.9364460706710815,-0.03358997032046318,-0.007706993259489536,0.34911465644836426]","[-0.0032332399860024452,0.000274278485449031,0.002478210488334298]","[-0.08365599811077118,-0.657260000705719,9.762045860290527]",0.0003707,3.633,"[0.0,0.0,0.0,0.0]","[0.0,0.0,0.0,0.0,0.0,0.0,0.0,0.0]","[0.0,0.0,0.0,0.0,0.0,0.0,0.0,0.0]",255,1,1
2026-08-13T10:22:16.106016+00:00,89311.389053,disarmed_link,0.0000000,0.0000000,0.0000000,0.0000000,,,0,1,1,1,0,1,0.000000,460,23051,1,0,1,1,0,1,0,3091951228,226,23171,89311339,227,0,-0.7134092,0.0037232,"[0.9364416599273682,-0.03360498324036598,-0.007718995213508606,0.34912481904029846]","[-0.003242507576942444,-0.0009579589241184294,0.0037232234608381987]","[-0.07403899729251862,-0.6625549793243408,9.733448028564453]",0.0003707,3.633,"[0.0,0.0,0.0,0.0]","[0.0,0.0,0.0,0.0,0.0,0.0,0.0,0.0]","[0.0,0.0,0.0,0.0,0.0,0.0,0.0,0.0]",255,1,1
2026-08-13T10:22:16.156281+00:00,89311.439126,disarmed_link,0.0000000,0.0000000,0.0000000,0.0000000,,,0,1,1,1,0,1,0.000000,461,23101,1,0,1,1,0,1,0,3091951228,227,29256,89311389,228,0,-0.7134037,0.0016838,"[0.9364422559738159,-0.03361699730157852,-0.007729998789727688,0.34912192821502686]","[-0.00161153229419142,-0.0003703239490278065,0.001683841459453106]","[-0.06617099791765213,-0.6671580076217651,9.749598503112793]",0.0002942,2.883,"[0.0,0.0,0.0,0.0]","[0.0,0.0,0.0,0.0,0.0,0.0,0.0,0.0]","[0.0,0.0,0.0,0.0,0.0,0.0,0.0,0.0]",255,1,1
2026-08-13T10:22:16.206407+00:00,89311.489054,disarmed_link,0.0000000,0.0000000,0.0000000,0.0000000,,,0,1,1,1,0,1,0.000000,462,23151,1,0,1,1,0,1,0,3091951228,228,43530,89311439,229,0,-0.7134395,0.0037048,"[0.9364363551139832,-0.03360699117183685,-0.007721997331827879,0.34913891553878784]","[-0.0007949625723995268,0.0008977974066510797,0.0037048279773443937]","[-0.06460899859666824,-0.6818050146102905,9.736239433288574]",0.0002942,2.883,"[0.0,0.0,0.0,0.0]","[0.0,0.0,0.0,0.0,0.0,0.0,0.0,0.0]","[0.0,0.0,0.0,0.0,0.0,0.0,0.0,0.0]",255,1,1
2026-08-13T10:22:16.256172+00:00,89311.539110,disarmed_link,0.0000000,0.0000000,0.0000000,0.0000000,,,0,1,1,1,0,1,0.000000,463,23201,1,0,1,1,0,1,0,3091951228,229,2751,89311489,230,0,-0.7134508,0.0024745,"[0.9364340901374817,-0.033615969121456146,-0.007739993277937174,0.3491436839103699]","[-0.0020113347563892603,0.0008902400732040405,0.0024745280388742685]","[-0.07166299968957901,-0.6871330142021179,9.700252532958984]",0.0002527,2.477,"[0.0,0.0,0.0,0.0]","[0.0,0.0,0.0,0.0,0.0,0.0,0.0,0.0]","[0.0,0.0,0.0,0.0,0.0,0.0,0.0,0.0]",255,1,1
2026-08-13T10:22:16.306432+00:00,89311.589056,disarmed_link,0.0000000,0.0000000,0.0000000,0.0000000,,,0,1,1,1,0,1,0.000000,464,23251,1,0,1,1,0,1,0,3091951228,230,28241,89311539,231,0,-0.7134681,0.0031081,"[0.9364301562309265,-0.033640969544649124,-0.007745993323624134,0.34915170073509216]","[-0.00201969500631094,-0.0003496941935736686,0.0031081000342965126]","[-0.07170899957418442,-0.6893919706344604,9.709880828857422]",0.0002527,2.477,"[0.0,0.0,0.0,0.0]","[0.0,0.0,0.0,0.0,0.0,0.0,0.0,0.0]","[0.0,0.0,0.0,0.0,0.0,0.0,0.0,0.0]",255,1,1
2026-08-13T10:22:16.356055+00:00,89311.639047,disarmed_link,0.0000000,0.0000000,0.0000000,0.0000000,,,0,1,1,1,0,1,0.000000,465,23301,1,0,1,1,0,1,0,3091951228,231,50020,89311589,232,0,-0.7134851,0.0037011,"[0.936427116394043,-0.0336420051753521,-0.007735999766737223,0.34915998578071594]","[-0.0014040475944057107,0.0009017417905852199,0.00370112806558609]","[-0.0836390033364296,-0.6819379925727844,9.721628189086914]",0.0001722,1.688,"[0.0,0.0,0.0,0.0]","[0.0,0.0,0.0,0.0,0.0,0.0,0.0,0.0]","[0.0,0.0,0.0,0.0,0.0,0.0,0.0,0.0]",255,1,1
2026-08-13T10:22:16.406630+00:00,89311.689055,disarmed_link,0.0000000,0.0000000,0.0000000,0.0000000,,,0,1,1,1,0,1,0.000000,466,23351,1,0,1,1,0,1,0,3091951228,232,40662,89311639,233,0,-0.7135172,0.0037269,"[0.9364210963249207,-0.033653970807790756,-0.007746993098407984,0.34917470812797546]","[-0.002633422613143921,-0.0009619033080525696,0.003726923605427146]","[-0.10036499798297882,-0.6792719960212708,9.733390808105469]",0.0001706,1.672,"[0.0,0.0,0.0,0.0]","[0.0,0.0,0.0,0.0,0.0,0.0,0.0,0.0]","[0.0,0.0,0.0,0.0,0.0,0.0,0.0,0.0]",255,1,1
2026-08-13T10:22:16.456055+00:00,89311.739025,disarmed_link,0.0000000,0.0000000,0.0000000,0.0000000,,,0,1,1,1,0,1,0.000000,467,23401,1,0,1,1,0,1,0,3091951228,233,55556,89311689,234,0,-0.7135323,0.0024524,"[0.936417818069458,-0.03367098048329353,-0.0077499947510659695,0.34918177127838135]","[-0.002003865083679557,0.002137923613190651,0.002452414482831955]","[-0.09965900331735611,-0.6829910278320312,9.752643585205078]",0.0001706,1.672,"[0.0,0.0,0.0,0.0]","[0.0,0.0,0.0,0.0,0.0,0.0,0.0,0.0]","[0.0,0.0,0.0,0.0,0.0,0.0,0.0,0.0]",255,1,1
2026-08-13T10:22:16.506255+00:00,89311.789057,disarmed_link,0.0000000,0.0000000,0.0000000,0.0000000,,,0,1,1,1,0,1,0.000000,468,23451,1,0,1,1,0,1,0,3091951228,234,48618,89311739,235,0,-0.7135355,0.0024745,"[0.9364165663719177,-0.033688984811306,-0.007732997182756662,0.3491838574409485]","[-0.0020113347563892603,0.0008902400732040405,0.0024745280388742685]","[-0.10755900293588638,-0.6716930270195007,9.754785537719727]",0.0001746,1.711,"[0.0,0.0,0.0,0.0]","[0.0,0.0,0.0,0.0,0.0,0.0,0.0,0.0]","[0.0,0.0,0.0,0.0,0.0,0.0,0.0,0.0]",255,1,1
2026-08-13T10:22:16.556006+00:00,89311.839046,disarmed_link,0.0000000,0.0000000,0.0000000,0.0000000,,,0,1,1,1,0,1,0.000000,469,23501,1,0,1,1,0,1,0,3091951228,235,7148,89311789,236,0,-0.7135554,0.0024450,"[0.9364132285118103,-0.0336819663643837,-0.0077189914882183075,0.34919360280036926]","[-0.003222034778445959,0.002145795151591301,0.002445031888782978]","[-0.11240100115537643,-0.6688989996910095,9.778676986694336]",0.0001746,1.711,"[0.0,0.0,0.0,0.0]","[0.0,0.0,0.0,0.0,0.0,0.0,0.0,0.0]","[0.0,0.0,0.0,0.0,0.0,0.0,0.0,0.0]",255,1,1
2026-08-13T10:22:16.606291+00:00,89311.889058,disarmed_link,0.0000000,0.0000000,0.0000000,0.0000000,,,0,1,1,1,0,1,0.000000,470,23551,1,0,1,1,0,1,0,3091951228,236,43063,89311839,237,0,-0.7135755,0.0024671,"[0.9364096522331238,-0.03368298336863518,-0.007693996652960777,0.34920382499694824]","[-0.0032295051496475935,0.0008981116116046906,0.002467145211994648]","[-0.12673300504684448,-0.6564390063285828,9.802319526672363]",0.0001451,1.422,"[0.0,0.0,0.0,0.0]","[0.0,0.0,0.0,0.0,0.0,0.0,0.0,0.0]","[0.0,0.0,0.0,0.0,0.0,0.0,0.0,0.0]",255,1,1
2026-08-13T10:22:16.656100+00:00,89311.939051,disarmed_link,0.0000000,0.0000000,0.0000000,0.0000000,,,0,1,1,1,0,1,0.000000,471,23601,1,0,1,1,0,1,0,3091951228,237,37967,89311889,238,0,-0.7136132,0.0036864,"[0.9364020824432373,-0.03370797261595726,-0.00768999382853508,0.34922170639038086]","[-0.00200939760543406,0.00152951932977885,0.003686379874125123]","[-0.11241000145673752,-0.6541000008583069,9.802449226379395]",0.0001451,1.422,"[0.0,0.0,0.0,0.0]","[0.0,0.0,0.0,0.0,0.0,0.0,0.0,0.0]","[0.0,0.0,0.0,0.0,0.0,0.0,0.0,0.0]",255,1,1
2026-08-13T10:22:16.706242+00:00,89311.989051,disarmed_link,0.0000000,0.0000000,0.0000000,0.0000000,,,0,1,1,1,0,1,0.000000,472,23651,1,0,1,1,0,1,0,3091951228,238,19466,89311939,239,0,-0.7136213,0.0024782,"[0.9364001154899597,-0.033722974359989166,-0.00768399378284812,0.3492256999015808]","[0.0004287401679903269,0.0014983651926741004,0.002478245412930846]","[-0.10046300292015076,-0.6567069888114929,9.793027877807617]",0.0001865,1.828,"[0.0,0.0,0.0,0.0]","[0.0,0.0,0.0,0.0,0.0,0.0,0.0,0.0]","[0.0,0.0,0.0,0.0,0.0,0.0,0.0,0.0]",255,1,1
2026-08-13T10:22:16.756072+00:00,89312.039034,disarmed_link,0.0000000,0.0000000,0.0000000,0.0000000,,,0,1,1,1,0,1,0.000000,473,23701,1,0,1,1,0,1,0,3091951228,239,23956,89311989,240,0,-0.7136019,0.0024893,"[0.936403751373291,-0.03371598199009895,-0.007677995599806309,0.3492167890071869]","[-0.003236974822357297,-0.00034955458249896765,0.002489258535206318]","[-0.09966199845075607,-0.6550949811935425,9.793814659118652]",0.0001865,1.828,"[0.0,0.0,0.0,0.0]","[0.0,0.0,0.0,0.0,0.0,0.0,0.0,0.0]","[0.0,0.0,0.0,0.0,0.0,0.0,0.0,0.0]",255,1,1
2026-08-13T10:22:16.806143+00:00,89312.089050,disarmed_link,0.0000000,0.0000000,0.0000000,0.0000000,,,0,1,1,1,0,1,0.000000,474,23751,1,0,1,1,0,1,0,3091951228,240,63342,89312039,241,0,-0.7136276,0.0025003,"[0.9363988637924194,-0.03372597694396973,-0.007682994939386845,0.34922873973846436]","[-0.001409702468663454,-0.00036135295522399247,0.002500341273844242]","[-0.09561199694871902,-0.6496959924697876,9.780986785888672]",0.0002679,2.625,"[0.0,0.0,0.0,0.0]","[0.0,0.0,0.0,0.0,0.0,0.0,0.0,0.0]","[0.0,0.0,0.0,0.0,0.0,0.0,0.0,0.0]",255,1,1
2026-08-13T10:22:16.856407+00:00,89312.139158,disarmed_link,0.0000000,0.0000000,0.0000000,0.0000000,,,0,1,1,1,0,1,0.000000,475,23801,1,0,1,1,0,1,0,3091951228,241,56101,89312089,242,0,-0.7136304,0.0030639,"[0.9363988041877747,-0.033715978264808655,-0.007690995465964079,0.34922975301742554]","[-0.002004772424697876,0.0021456379909068346,0.0030638733878731728]","[-0.07891999930143356,-0.6620569825172424,9.764568328857422]",0.0002679,2.625,"[0.0,0.0,0.0,0.0]","[0.0,0.0,0.0,0.0,0.0,0.0,0.0,0.0]","[0.0,0.0,0.0,0.0,0.0,0.0,0.0,0.0]",255,1,1
2026-08-13T10:22:16.906708+00:00,89312.189061,disarmed_link,0.0000000,0.0000000,0.0000000,0.0000000,,,0,1,1,1,0,1,0.000000,476,23851,1,0,1,1,0,1,0,3091951228,242,60679,89312139,243,0,-0.7136486,0.0025003,"[0.9363953471183777,-0.033723991364240646,-0.007701997645199299,0.34923794865608215]","[-0.001409702468663454,-0.00036135295522399247,0.002500341273844242]","[-0.06936199963092804,-0.6670939922332764,9.752758026123047]",0.0003651,3.578,"[0.0,0.0,0.0,0.0]","[0.0,0.0,0.0,0.0,0.0,0.0,0.0,0.0]","[0.0,0.0,0.0,0.0,0.0,0.0,0.0,0.0]",255,1,1
2026-08-13T10:22:16.956343+00:00,89312.239106,disarmed_link,0.0000000,0.0000000,0.0000000,0.0000000,,,0,1,1,1,0,1,0.000000,477,23901,1,0,1,1,0,1,0,3091951228,243,893,89312190,244,0,-0.7136715,0.0025372,"[0.9363919496536255,-0.03370697423815727,-0.007699994370341301,0.3492487072944641]","[-0.002642812440171838,-0.0028488487005233765,0.002537185326218605]","[-0.07644999772310257,-0.6722760200500488,9.72636604309082]",0.0003460,3.391,"[0.0,0.0,0.0,0.0]","[0.0,0.0,0.0,0.0,0.0,0.0,0.0,0.0]","[0.0,0.0,0.0,0.0,0.0,0.0,0.0,0.0]",255,1,1
2026-08-13T10:22:17.006423+00:00,89312.289054,disarmed_link,0.0000000,0.0000000,0.0000000,0.0000000,,,0,1,1,1,0,1,0.000000,478,23951,1,0,1,1,0,1,0,3091951228,244,9435,89312239,245,0,-0.7136641,0.0037048,"[0.9363940358161926,-0.03368697315454483,-0.0077149937860667706,0.34924471378326416]","[-0.0007949625723995268,0.0008977974066510797,0.0037048279773443937]","[-0.062203001230955124,-0.6892889738082886,9.719583511352539]",0.0003460,3.391,"[0.0,0.0,0.0,0.0]","[0.0,0.0,0.0,0.0,0.0,0.0,0.0,0.0]","[0.0,0.0,0.0,0.0,0.0,0.0,0.0,0.0]",255,1,1
2026-08-13T10:22:17.056667+00:00,89312.339062,disarmed_link,0.0000000,0.0000000,0.0000000,0.0000000,,,0,1,1,1,0,1,0.000000,479,24001,1,0,1,1,0,1,0,3091951228,245,3781,89312289,246,0,-0.7136687,0.0024794,"[0.9363930225372314,-0.033694978803396225,-0.007717994507402182,0.3492467701435089]","[-0.002419881522655487,0.00047698101843707263,0.002479449613019824]","[-0.07569699734449387,-0.6786569952964783,9.728867530822754]",0.0004353,4.266,"[0.0,0.0,0.0,0.0]","[0.0,0.0,0.0,0.0,0.0,0.0,0.0,0.0]","[0.0,0.0,0.0,0.0,0.0,0.0,0.0,0.0]",255,1,1
2026-08-13T10:22:17.106507+00:00,89312.389107,disarmed_link,0.0000000,0.0000000,0.0000000,0.0000000,,,0,1,1,1,0,1,0.000000,480,24051,1,0,1,1,0,1,0,3091951228,246,48409,89312339,247,0,-0.7136672,0.0037269,"[0.9363930821418762,-0.03370097652077675,-0.007729994133114815,0.34924572706222534]","[-0.0008024325361475348,-0.00034985123784281313,0.0037269415333867073]","[-0.07652200013399124,-0.6842659711837769,9.728941917419434]",0.0004353,4.266,"[0.0,0.0,0.0,0.0]","[0.0,0.0,0.0,0.0,0.0,0.0,0.0,0.0]","[0.0,0.0,0.0,0.0,0.0,0.0,0.0,0.0]",255,1,1
2026-08-13T10:22:17.156736+00:00,89312.439118,disarmed_link,0.0000000,0.0000000,0.0000000,0.0000000,,,0,1,1,1,0,1,0.000000,481,24101,1,0,1,1,0,1,0,3091951228,247,65099,89312389,248,0,-0.7136531,0.0018705,"[0.9363961219787598,-0.03368600457906723,-0.007731000427156687,0.3492390215396881]","[-0.0007922573713585734,0.0008746717940084636,0.0018704694230109453]","[-0.08850300312042236,-0.691353976726532,9.733704566955566]",0.0004353,4.266,"[0.0,0.0,0.0,0.0]","[0.0,0.0,0.0,0.0,0.0,0.0,0.0,0.0]","[0.0,0.0,0.0,0.0,0.0,0.0,0.0,0.0]",255,1,1
2026-08-13T10:22:17.206851+00:00,89312.489115,disarmed_link,0.0000000,0.0000000,0.0000000,0.0000000,,,0,1,1,1,0,1,0.000000,482,24151,1,0,1,1,0,1,0,3091951228,248,23261,89312440,249,0,-0.7136359,0.0025040,"[0.9363992214202881,-0.03368397057056427,-0.0077399928122758865,0.34923067688941956]","[-0.0008006173884496093,-0.00036527996417135,0.0025040414184331894]","[-0.10276699811220169,-0.6742669939994812,9.745284080505371]",0.0004353,4.266,"[0.0,0.0,0.0,0.0]","[0.0,0.0,0.0,0.0,0.0,0.0,0.0,0.0]","[0.0,0.0,0.0,0.0,0.0,0.0,0.0,0.0]",255,1,1
2026-08-13T10:22:17.256818+00:00,89312.539064,disarmed_link,0.0000000,0.0000000,0.0000000,0.0000000,,,0,1,1,1,0,1,0.000000,483,24201,1,0,1,1,0,1,0,3091951228,249,8858,89312490,250,0,-0.7136512,0.0037048,"[0.9363967180252075,-0.03367898240685463,-0.007740996312350035,0.3492378294467926]","[-0.0007949625723995268,0.0008977974066510797,0.0037048279773443937]","[-0.11476899683475494,-0.6689609885215759,9.773855209350586]",0.0003994,3.914,"[0.0,0.0,0.0,0.0]","[0.0,0.0,0.0,0.0,0.0,0.0,0.0,0.0]","[0.0,0.0,0.0,0.0,0.0,0.0,0.0,0.0]",255,1,1
2026-08-13T10:22:17.306752+00:00,89312.589049,disarmed_link,0.0000000,0.0000000,0.0000000,0.0000000,,,0,1,1,1,0,1,0.000000,484,24251,1,0,1,1,0,1,0,3091951228,250,13982,89312540,251,0,-0.7136338,0.0025040,"[0.9364000558853149,-0.033670976758003235,-0.007737993262708187,0.34922972321510315]","[-0.0008006173884496093,-0.00036527996417135,0.0025040414184331894]","[-0.11081499606370926,-0.6647869944572449,9.785831451416016]",0.0003994,3.914,"[0.0,0.0,0.0,0.0]","[0.0,0.0,0.0,0.0,0.0,0.0,0.0,0.0]","[0.0,0.0,0.0,0.0,0.0,0.0,0.0,0.0]",255,1,1
2026-08-13T10:22:17.356251+00:00,89312.639051,disarmed_link,0.0000000,0.0000000,0.0000000,0.0000000,,,0,1,1,1,0,1,0.000000,485,24301,1,0,1,1,0,1,0,3091951228,251,20185,89312590,252,0,-0.7136337,0.0030934,"[0.9363999366760254,-0.0336739756166935,-0.007736994419246912,0.34922972321510315]","[-0.0007940549403429031,0.0008901004330255091,0.0030933693051338196]","[-0.11480800062417984,-0.6663359999656677,9.788207054138184]",0.0004153,4.070,"[0.0,0.0,0.0,0.0]","[0.0,0.0,0.0,0.0,0.0,0.0,0.0,0.0]","[0.0,0.0,0.0,0.0,0.0,0.0,0.0,0.0]",255,1,1
2026-08-13T10:22:17.407002+00:00,89312.689133,disarmed_link,0.0000000,0.0000000,0.0000000,0.0000000,,,0,1,1,1,0,1,0.000000,486,24351,1,0,1,1,0,1,0,3091951228,252,54740,89312639,253,0,-0.7136537,0.0024782,"[0.9363969564437866,-0.0336579754948616,-0.007714993320405483,0.349239706993103]","[-0.0014022499090060592,0.0008863131515681744,0.002478228183463216]","[-0.11713699996471405,-0.6493409872055054,9.797527313232422]",0.0004153,4.070,"[0.0,0.0,0.0,0.0]","[0.0,0.0,0.0,0.0,0.0,0.0,0.0,0.0]","[0.0,0.0,0.0,0.0,0.0,0.0,0.0,0.0]",255,1,1
2026-08-13T10:22:17.456281+00:00,89312.739052,disarmed_link,0.0000000,0.0000000,0.0000000,0.0000000,,,0,1,1,1,0,1,0.000000,487,24401,1,0,1,1,0,1,0,3091951228,253,5704,89312690,254,0,-0.7136623,0.0036974,"[0.9363951683044434,-0.033665966242551804,-0.007719992659986019,0.3492436110973358]","[-0.0020131326746195555,0.0009056688286364079,0.003697445383295417]","[-0.11243099719285965,-0.6564689874649048,9.80488109588623]",0.0003484,3.414,"[0.0,0.0,0.0,0.0]","[0.0,0.0,0.0,0.0,0.0,0.0,0.0,0.0]","[0.0,0.0,0.0,0.0,0.0,0.0,0.0,0.0]",255,1,1
2026-08-13T10:22:17.506589+00:00,89312.789059,disarmed_link,0.0000000,0.0000000,0.0000000,0.0000000,,,0,1,1,1,0,1,0.000000,488,24451,1,0,1,1,0,1,0,3091951228,254,12777,89312739,255,0,-0.7136889,0.0036900,"[0.9363902807235718,-0.033671967685222626,-0.007702992297708988,0.34925663471221924]","[-0.003231320297345519,0.000913540250621736,0.0036900448612868786]","[-0.09323500096797943,-0.6447499990463257,9.790536880493164]",0.0003324,3.258,"[0.0,0.0,0.0,0.0]","[0.0,0.0,0.0,0.0,0.0,0.0,0.0,0.0]","[0.0,0.0,0.0,0.0,0.0,0.0,0.0,0.0]",255,1,1
2026-08-13T10:22:17.556415+00:00,89312.839058,disarmed_link,0.0000000,0.0000000,0.0000000,0.0000000,,,0,1,1,1,0,1,0.000000,489,24501,1,0,1,1,0,1,0,3091951228,255,64630,89312789,256,0,-0.7137428,0.0036679,"[0.9363816380500793,-0.0336499847471714,-0.007703995797783136,0.34928181767463684]","[-0.0032238501589745283,0.0021612239070236683,0.0036679315380752087]","[-0.0765639990568161,-0.659479022026062,9.776552200317383]",0.0003324,3.258,"[0.0,0.0,0.0,0.0]","[0.0,0.0,0.0,0.0,0.0,0.0,0.0,0.0]","[0.0,0.0,0.0,0.0,0.0,0.0,0.0,0.0]",255,1,1
2026-08-13T10:22:17.606760+00:00,89312.889113,disarmed_link,0.0000000,0.0000000,0.0000000,0.0000000,,,0,1,1,1,0,1,0.000000,490,24551,1,0,1,1,0,1,0,3091951228,256,9550,89312839,257,0,-0.7137314,0.0028895,"[0.936383843421936,-0.03364697843790054,-0.007725995033979416,0.34927576780319214]","[-0.0007937583141028881,0.0008875174098648131,0.0028895495925098658]","[-0.07415500283241272,-0.6636940240859985,9.763848304748535]",0.0003197,3.133,"[0.0,0.0,0.0,0.0]","[0.0,0.0,0.0,0.0,0.0,0.0,0.0,0.0]","[0.0,0.0,0.0,0.0,0.0,0.0,0.0,0.0]",255,1,1
2026-08-13T10:22:17.656862+00:00,89312.939116,disarmed_link,0.0000000,0.0000000,0.0000000,0.0000000,,,0,1,1,1,0,1,0.000000,491,24601,1,0,1,1,0,1,0,3091951228,257,8659,89312890,258,0,-0.7137583,0.0030639,"[0.9363790154457092,-0.033647969365119934,-0.00771699333563447,0.3492887020111084]","[-0.002004772424697876,0.0021456379909068346,0.0030638733878731728]","[-0.07176899909973145,-0.6694520115852356,9.75516414642334]",0.0003197,3.133,"[0.0,0.0,0.0,0.0]","[0.0,0.0,0.0,0.0,0.0,0.0,0.0,0.0]","[0.0,0.0,0.0,0.0,0.0,0.0,0.0,0.0]",255,1,1
2026-08-13T10:22:17.706094+00:00,89312.989034,disarmed_link,0.0000000,0.0000000,0.0000000,0.0000000,,,0,1,1,1,0,1,0.000000,492,24651,1,0,1,1,0,1,0,3091951228,258,49795,89312940,259,0,-0.7137510,0.0043421,"[0.9363808035850525,-0.03363697603344917,-0.007730995304882526,0.3492847681045532]","[-0.00019425513164605945,-0.00034608133137226105,0.004342082422226667]","[-0.06450700014829636,-0.6674829721450806,9.728833198547363]",0.0003245,3.180,"[0.0,0.0,0.0,0.0]","[0.0,0.0,0.0,0.0,0.0,0.0,0.0,0.0]","[0.0,0.0,0.0,0.0,0.0,0.0,0.0,0.0]",255,1,1
2026-08-13T10:22:17.756219+00:00,89313.039048,disarmed_link,0.0000000,0.0000000,0.0000000,0.0000000,,,0,1,1,1,0,1,0.000000,493,24701,1,0,1,1,0,1,0,3091951228,259,11961,89312989,260,0,-0.7137545,0.0037159,"[0.9363811016082764,-0.03361096978187561,-0.007720992900431156,0.34928664565086365]","[-0.0007986975833773613,0.00027396436780691147,0.0037158760242164135]","[-0.05498800054192543,-0.6748170256614685,9.724251747131348]",0.0003245,3.180,"[0.0,0.0,0.0,0.0]","[0.0,0.0,0.0,0.0,0.0,0.0,0.0,0.0]","[0.0,0.0,0.0,0.0,0.0,0.0,0.0,0.0]",255,1,1
2026-08-13T10:22:17.806032+00:00,89313.089026,disarmed_link,0.0000000,0.0000000,0.0000000,0.0000000,,,0,1,1,1,0,1,0.000000,494,24751,1,0,1,1,0,1,0,3091951228,260,33873,89313039,261,0,-0.7137573,0.0024967,"[0.9363813400268555,-0.033591993153095245,-0.0077209980227053165,0.34928789734840393]","[-0.002018804894760251,-0.0003574085421860218,0.002496658591553569]","[-0.07169199734926224,-0.6845449805259705,9.712207794189453]",0.0003268,3.203,"[0.0,0.0,0.0,0.0]","[0.0,0.0,0.0,0.0,0.0,0.0,0.0,0.0]","[0.0,0.0,0.0,0.0,0.0,0.0,0.0,0.0]",255,1,1
2026-08-13T10:22:17.856193+00:00,89313.139122,disarmed_link,0.0000000,0.0000000,0.0000000,0.0000000,,,0,1,1,1,0,1,0.000000,495,24801,1,0,1,1,0,1,0,3091951228,261,22094,89313089,262,0,-0.7137584,0.0037122,"[0.9363808631896973,-0.03359697386622429,-0.00771099328994751,0.3492887318134308]","[-0.003238772740587592,-0.0003341258561704308,0.0037121756467968225]","[-0.08352900296449661,-0.6725729703903198,9.70470142364502]",0.0003268,3.203,"[0.0,0.0,0.0,0.0]","[0.0,0.0,0.0,0.0,0.0,0.0,0.0,0.0]","[0.0,0.0,0.0,0.0,0.0,0.0,0.0,0.0]",255,1,1
2026-08-13T10:22:17.906349+00:00,89313.189062,disarmed_link,0.0000000,0.0000000,0.0000000,0.0000000,,,0,1,1,1,0,1,0.000000,496,24851,1,0,1,1,0,1,0,3091951228,262,12960,89313139,263,0,-0.7137517,0.0012762,"[0.9363821148872375,-0.0335959754884243,-0.007707993499934673,0.34928569197654724]","[-0.001610921579413116,-0.00037545524537563324,0.0012762021506205201]","[-0.0804930031299591,-0.6867259740829468,9.724132537841797]",0.0003149,3.086,"[0.0,0.0,0.0,0.0]","[0.0,0.0,0.0,0.0,0.0,0.0,0.0,0.0]","[0.0,0.0,0.0,0.0,0.0,0.0,0.0,0.0]",255,1,1
2026-08-13T10:22:17.956085+00:00,89313.239053,disarmed_link,0.0000000,0.0000000,0.0000000,0.0000000,,,0,1,1,1,0,1,0.000000,497,24901,1,0,1,1,0,1,0,3091951228,263,29170,89313189,264,0,-0.7137653,0.0024635,"[0.9363803267478943,-0.03358099237084389,-0.007708998396992683,0.34929192066192627]","[-0.0020075999200344086,0.0015140905743464828,0.0024634799920022488]","[-0.09083300083875656,-0.6841999888420105,9.728775978088379]",0.0003149,3.086,"[0.0,0.0,0.0,0.0]","[0.0,0.0,0.0,0.0,0.0,0.0,0.0,0.0]","[0.0,0.0,0.0,0.0,0.0,0.0,0.0,0.0]",255,1,1
2026-08-13T10:22:18.006028+00:00,89313.289050,disarmed_link,0.0000000,0.0000000,0.0000000,0.0000000,,,0,1,1,1,0,1,0.000000,498,24951,1,0,1,1,0,1,0,3091951228,264,49703,89313239,265,0,-0.7137491,0.0024967,"[0.9363829493522644,-0.03358497470617294,-0.00769799342378974,0.34928470849990845]","[-0.002018804894760251,-0.0003574085421860218,0.002496658591553569]","[-0.10045000165700912,-0.6739850044250488,9.764497756958008]",0.0003253,3.188,"[0.0,0.0,0.0,0.0]","[0.0,0.0,0.0,0.0,0.0,0.0,0.0,0.0]","[0.0,0.0,0.0,0.0,0.0,0.0,0.0,0.0]",255,1,1
2026-08-13T10:22:18.056156+00:00,89313.339114,disarmed_link,0.0000000,0.0000000,0.0000000,0.0000000,,,0,1,1,1,0,1,0.000000,499,25001,1,0,1,1,0,1,0,3091951228,265,55134,89313289,266,0,-0.7137613,0.0037122,"[0.9363810420036316,-0.03357696533203125,-0.007688993122428656,0.349290668964386]","[0.0004231899802107364,0.0008899433887563646,0.0037122105713933706]","[-0.10525400191545486,-0.6738160252571106,9.77403450012207]",0.0003253,3.188,"[0.0,0.0,0.0,0.0]","[0.0,0.0,0.0,0.0,0.0,0.0,0.0,0.0]","[0.0,0.0,0.0,0.0,0.0,0.0,0.0,0.0]",255,1,1
2026-08-13T10:22:18.106517+00:00,89313.389071,disarmed_link,0.0000000,0.0000000,0.0000000,0.0000000,,,0,1,1,1,0,1,0.000000,500,25051,1,0,1,1,0,1,0,3091951228,266,46000,89313339,267,0,-0.7137817,0.0031155,"[0.9363779425621033,-0.03356397524476051,-0.007672993466258049,0.34930071234703064]","[-0.0008015250787138939,-0.0003575656155589968,0.0031154826283454895]","[-0.12670299410820007,-0.6590279936790466,9.790363311767578]",0.0003005,2.945,"[0.0,0.0,0.0,0.0]","[0.0,0.0,0.0,0.0,0.0,0.0,0.0,0.0]","[0.0,0.0,0.0,0.0,0.0,0.0,0.0,0.0]",255,1,1
2026-08-13T10:22:18.156072+00:00,89313.439031,disarmed_link,0.0000000,0.0000000,0.0000000,0.0000000,,,0,1,1,1,0,1,0.000000,501,25101,1,0,1,1,0,1,0,3091951228,267,7813,89313389,268,0,-0.7137886,0.0037269,"[0.9363767504692078,-0.0335649773478508,-0.007677996065467596,0.3493037819862366]","[-0.0008024325361475348,-0.00034985123784281313,0.0037269415333867073]","[-0.1052199974656105,-0.6493589878082275,9.80006217956543]",0.0003157,3.094,"[0.0,0.0,0.0,0.0]","[0.0,0.0,0.0,0.0,0.0,0.0,0.0,0.0]","[0.0,0.0,0.0,0.0,0.0,0.0,0.0,0.0]",255,1,1
2026-08-13T10:22:18.206472+00:00,89313.489054,disarmed_link,0.0000000,0.0000000,0.0000000,0.0000000,,,0,1,1,1,0,1,0.000000,502,25151,1,0,1,1,0,1,0,3091951228,268,17209,89313439,269,0,-0.7138025,0.0037024,"[0.9363745450973511,-0.03355998918414116,-0.007689997553825378,0.34930989146232605]","[-0.001201030914671719,0.0009004328749142587,0.003702367190271616]","[-0.11079800128936768,-0.6550189852714539,9.79528522491455]",0.0003157,3.094,"[0.0,0.0,0.0,0.0]","[0.0,0.0,0.0,0.0,0.0,0.0,0.0,0.0]","[0.0,0.0,0.0,0.0,0.0,0.0,0.0,0.0]",255,1,1
2026-08-13T10:22:18.256363+00:00,89313.539066,disarmed_link,0.0000000,0.0000000,0.0000000,0.0000000,,,0,1,1,1,0,1,0.000000,503,25201,1,0,1,1,0,1,0,3091951228,269,37158,89313489,270,0,-0.7138106,0.0024745,"[0.9363722801208496,-0.03357996791601181,-0.007662992458790541,0.3493146300315857]","[-0.0020113347563892603,0.0008902400732040405,0.0024745280388742685]","[-0.11241400241851807,-0.6614630222320557,9.792961120605469]",0.0002742,2.688,"[0.0,0.0,0.0,0.0]","[0.0,0.0,0.0,0.0,0.0,0.0,0.0,0.0]","[0.0,0.0,0.0,0.0,0.0,0.0,0.0,0.0]",255,1,1
2026-08-13T10:22:18.306679+00:00,89313.589064,disarmed_link,0.0000000,0.0000000,0.0000000,0.0000000,,,0,1,1,1,0,1,0.000000,504,25251,1,0,1,1,0,1,0,3091951228,270,15305,89313539,271,0,-0.7137751,0.0024524,"[0.9363780617713928,-0.033587969839572906,-0.007640993222594261,0.34929871559143066]","[-0.002003865083679557,0.002137923613190651,0.002452414482831955]","[-0.09568800032138824,-0.6641280055046082,9.781198501586914]",0.0002742,2.688,"[0.0,0.0,0.0,0.0]","[0.0,0.0,0.0,0.0,0.0,0.0,0.0,0.0]","[0.0,0.0,0.0,0.0,0.0,0.0,0.0,0.0]",255,1,1
2026-08-13T10:22:18.356361+00:00,89313.639033,disarmed_link,0.0000000,0.0000000,0.0000000,0.0000000,,,0,1,1,1,0,1,0.000000,505,25301,1,0,1,1,0,1,0,3091951228,271,10839,89313589,272,0,-0.7137679,0.0024561,"[0.9363781809806824,-0.03361796215176582,-0.007634991779923439,0.34929564595222473]","[-0.0032257698476314545,0.001521961996331811,0.002456097165122628]","[-0.07416199892759323,-0.6595630049705505,9.771783828735352]",0.0002527,2.477,"[0.0,0.0,0.0,0.0]","[0.0,0.0,0.0,0.0,0.0,0.0,0.0,0.0]","[0.0,0.0,0.0,0.0,0.0,0.0,0.0,0.0]",255,1,1
2026-08-13T10:22:18.406573+00:00,89313.689105,disarmed_link,0.0000000,0.0000000,0.0000000,0.0000000,,,0,1,1,1,0,1,0.000000,506,25351,1,0,1,1,0,1,0,3091951228,272,61959,89313639,273,0,-0.7137734,0.0024782,"[0.9363772869110107,-0.03361495956778526,-0.007621990516781807,0.3492985963821411]","[-0.0014022499090060592,0.0008863131515681744,0.002478228183463216]","[-0.07648800313472748,-0.6647300124168396,9.747843742370605]",0.0002527,2.477,"[0.0,0.0,0.0,0.0]","[0.0,0.0,0.0,0.0,0.0,0.0,0.0,0.0]","[0.0,0.0,0.0,0.0,0.0,0.0,0.0,0.0]",255,1,1
2026-08-13T10:22:18.456354+00:00,89313.739057,disarmed_link,0.0000000,0.0000000,0.0000000,0.0000000,,,0,1,1,1,0,1,0.000000,507,25401,1,0,1,1,0,1,0,3091951228,273,12331,89313689,274,0,-0.7137861,0.0030860,"[0.9363747835159302,-0.03362298011779785,-0.00761399557814002,0.34930479526519775]","[-0.002012242330238223,0.0008979545091278851,0.0030859867110848427]","[-0.0669730007648468,-0.6745049953460693,9.740900039672852]",0.0002687,2.633,"[0.0,0.0,0.0,0.0]","[0.0,0.0,0.0,0.0,0.0,0.0,0.0,0.0]","[0.0,0.0,0.0,0.0,0.0,0.0,0.0,0.0]",255,1,1
2026-08-13T10:22:18.506210+00:00,89313.789053,disarmed_link,0.0000000,0.0000000,0.0000000,0.0000000,,,0,1,1,1,0,1,0.000000,508,25451,1,0,1,1,0,1,0,3091951228,274,59502,89313739,275,0,-0.7137899,0.0024598,"[0.9363736510276794,-0.033634986728429794,-0.0076079959981143475,0.3493068516254425]","[-0.0007856949232518673,0.0021300697699189186,0.0024597973097115755]","[-0.0716710016131401,-0.6674140095710754,9.731147766113281]",0.0002687,2.633,"[0.0,0.0,0.0,0.0]","[0.0,0.0,0.0,0.0,0.0,0.0,0.0,0.0]","[0.0,0.0,0.0,0.0,0.0,0.0,0.0,0.0]",255,1,1
2026-08-13T10:22:18.556325+00:00,89313.839040,disarmed_link,0.0000000,0.0000000,0.0000000,0.0000000,,,0,1,1,1,0,1,0.000000,509,25501,1,0,1,1,0,1,0,3091951228,275,63984,89313789,276,0,-0.7137997,0.0018779,"[0.9363718628883362,-0.0336349755525589,-0.0075979954563081264,0.3493117392063141]","[0.0004258952394593507,0.0008668003138154745,0.001877852133475244]","[-0.06695199757814407,-0.6819779872894287,9.72421932220459]",0.0002543,2.492,"[0.0,0.0,0.0,0.0]","[0.0,0.0,0.0,0.0,0.0,0.0,0.0,0.0]","[0.0,0.0,0.0,0.0,0.0,0.0,0.0,0.0]",255,1,1
2026-08-13T10:22:18.606725+00:00,89313.889032,disarmed_link,0.0000000,0.0000000,0.0000000,0.0000000,,,0,1,1,1,0,1,0.000000,510,25551,1,0,1,1,0,1,0,3091951228,276,10881,89313839,277,0,-0.7137890,0.0030786,"[0.936373770236969,-0.03363398090004921,-0.00759599544107914,0.34930679202079773]","[-0.0032304124906659126,0.0009058259311132133,0.003078604117035866]","[-0.06936699897050858,-0.6892200112342834,9.721899032592773]",0.0002543,2.492,"[0.0,0.0,0.0,0.0]","[0.0,0.0,0.0,0.0,0.0,0.0,0.0,0.0]","[0.0,0.0,0.0,0.0,0.0,0.0,0.0,0.0]",255,1,1
2026-08-13T10:22:18.656434+00:00,89313.939076,disarmed_link,0.0000000,0.0000000,0.0000000,0.0000000,,,0,1,1,1,0,1,0.000000,511,25601,1,0,1,1,0,1,0,3091951228,277,63646,89313889,278,0,-0.7138107,0.0025040,"[0.9363697171211243,-0.033641982823610306,-0.007601995021104813,0.3493167757987976]","[-0.0008006173884496093,-0.00036527996417135,0.0025040414184331894]","[-0.07650099694728851,-0.681896984577179,9.726506233215332]",0.0003117,3.055,"[0.0,0.0,0.0,0.0]","[0.0,0.0,0.0,0.0,0.0,0.0,0.0,0.0]","[0.0,0.0,0.0,0.0,0.0,0.0,0.0,0.0]",255,1,1
2026-08-13T10:22:18.706587+00:00,89313.989054,disarmed_link,0.0000000,0.0000000,0.0000000,0.0000000,,,0,1,1,1,0,1,0.000000,512,25651,1,0,1,1,0,1,0,3091951228,278,42277,89313939,279,0,-0.7138329,0.0024893,"[0.93636554479599,-0.03365098685026169,-0.007613996509462595,0.34932684898376465]","[-0.003236974822357297,-0.00034955458249896765,0.002489258535206318]","[-0.10040800273418427,-0.6790890097618103,9.745382308959961]",0.0003787,3.711,"[0.0,0.0,0.0,0.0]","[0.0,0.0,0.0,0.0,0.0,0.0,0.0,0.0]","[0.0,0.0,0.0,0.0,0.0,0.0,0.0,0.0]",255,1,1
2026-08-13T10:22:18.756413+00:00,89314.039102,disarmed_link,0.0000000,0.0000000,0.0000000,0.0000000,,,0,1,1,1,0,1,0.000000,513,25701,1,0,1,1,0,1,0,3091951228,279,2064,89313989,280,0,-0.7138460,0.0037048,"[0.9363632798194885,-0.0336509644985199,-0.007627991493791342,0.3493325710296631]","[-0.002015628619119525,0.0004897742765024304,0.0037048105150461197]","[-0.10442399978637695,-0.68299400806427,9.750990867614746]",0.0003787,3.711,"[0.0,0.0,0.0,0.0]","[0.0,0.0,0.0,0.0,0.0,0.0,0.0,0.0]","[0.0,0.0,0.0,0.0,0.0,0.0,0.0,0.0]",255,1,1
2026-08-13T10:22:18.806490+00:00,89314.089058,disarmed_link,0.0000000,0.0000000,0.0000000,0.0000000,,,0,1,1,1,0,1,0.000000,514,25751,1,0,1,1,0,1,0,3091951228,280,27895,89314039,281,0,-0.7138712,0.0030860,"[0.936359167098999,-0.03364196792244911,-0.00761899258941412,0.3493446409702301]","[-0.002012242330238223,0.0008979545091278851,0.0030859867110848427]","[-0.10039500147104263,-0.666841983795166,9.759593963623047]",0.0004345,4.258,"[0.0,0.0,0.0,0.0]","[0.0,0.0,0.0,0.0,0.0,0.0,0.0,0.0]","[0.0,0.0,0.0,0.0,0.0,0.0,0.0,0.0]",255,1,1
2026-08-13T10:22:18.856773+00:00,89314.139038,disarmed_link,0.0000000,0.0000000,0.0000000,0.0000000,,,0,1,1,1,0,1,0.000000,515,25801,1,0,1,1,0,1,0,3091951228,281,22927,89314089,282,0,-0.7139307,0.0037232,"[0.9363483786582947,-0.03365296497941017,-0.007616991642862558,0.34937262535095215]","[-0.0014115176163613796,-0.00034592425799928606,0.0037232411559671164]","[-0.12192899733781815,-0.666450023651123,9.778532981872559]",0.0004345,4.258,"[0.0,0.0,0.0,0.0]","[0.0,0.0,0.0,0.0,0.0,0.0,0.0,0.0]","[0.0,0.0,0.0,0.0,0.0,0.0,0.0,0.0]",255,1,1
2026-08-13T10:22:18.906301+00:00,89314.189031,disarmed_link,0.0000000,0.0000000,0.0000000,0.0000000,,,0,1,1,1,0,1,0.000000,516,25851,1,0,1,1,0,1,0,3091951228,282,49349,89314140,283,0,-0.7139256,0.0037380,"[0.9363495111465454,-0.03364698961377144,-0.007627996616065502,0.3493698537349701]","[-0.0026371576823294163,-0.001585736288689077,0.0037379891145974398]","[-0.11714600026607513,-0.6542249917984009,9.792799949645996]",0.0004201,4.117,"[0.0,0.0,0.0,0.0]","[0.0,0.0,0.0,0.0,0.0,0.0,0.0,0.0]","[0.0,0.0,0.0,0.0,0.0,0.0,0.0,0.0]",255,1,1
2026-08-13T10:22:18.956171+00:00,89314.239048,disarmed_link,0.0000000,0.0000000,0.0000000,0.0000000,,,0,1,1,1,0,1,0.000000,517,25901,1,0,1,1,0,1,0,3091951228,283,43265,89314189,284,0,-0.7139282,0.0043310,"[0.9363493919372559,-0.03363999351859093,-0.0076309992000460625,0.34937092661857605]","[-0.0020215101540088654,-0.00033428292954340577,0.004330999683588743]","[-0.11239700019359589,-0.6516950130462646,9.802414894104004]",0.0004201,4.117,"[0.0,0.0,0.0,0.0]","[0.0,0.0,0.0,0.0,0.0,0.0,0.0,0.0]","[0.0,0.0,0.0,0.0,0.0,0.0,0.0,0.0]",255,1,1
2026-08-13T10:22:19.006160+00:00,89314.289043,disarmed_link,0.0000000,0.0000000,0.0000000,0.0000000,,,0,1,1,1,0,1,0.000000,518,25951,1,0,1,1,0,1,0,3091951228,284,52712,89314239,285,0,-0.7139784,0.0030860,"[0.9363406300544739,-0.03363998234272003,-0.007651996333152056,0.3493938148021698]","[-0.002012242330238223,0.0008979545091278851,0.0030859867110848427]","[-0.0932689979672432,-0.6495239734649658,9.793004989624023]",0.0004608,4.516,"[0.0,0.0,0.0,0.0]","[0.0,0.0,0.0,0.0,0.0,0.0,0.0,0.0]","[0.0,0.0,0.0,0.0,0.0,0.0,0.0,0.0]",255,1,1
2026-08-13T10:22:19.056204+00:00,89314.339054,disarmed_link,0.0000000,0.0000000,0.0000000,0.0000000,,,0,1,1,1,0,1,0.000000,519,26001,1,0,1,1,0,1,0,3091951228,285,8183,89314289,286,0,-0.7139668,0.0024795,"[0.9363420605659485,-0.03365699574351311,-0.007666999474167824,0.3493879735469818]","[-0.0011992157669737935,0.0008850041194818914,0.0024794673081487417]","[-0.09488900005817413,-0.6567689776420593,9.790695190429688]",0.0004608,4.516,"[0.0,0.0,0.0,0.0]","[0.0,0.0,0.0,0.0,0.0,0.0,0.0,0.0]","[0.0,0.0,0.0,0.0,0.0,0.0,0.0,0.0]",255,1,1
2026-08-13T10:22:19.106526+00:00,89314.389163,disarmed_link,0.0000000,0.0000000,0.0000000,0.0000000,,,0,1,1,1,0,1,0.000000,520,26051,1,0,1,1,0,1,0,3091951228,286,16307,89314339,287,0,-0.7139493,0.0025003,"[0.9363457560539246,-0.03363997861742973,-0.007665995508432388,0.3493797481060028]","[-0.001409702468663454,-0.00036135295522399247,0.002500341273844242]","[-0.08369900286197662,-0.6570770144462585,9.77403736114502]",0.0004871,4.773,"[0.0,0.0,0.0,0.0]","[0.0,0.0,0.0,0.0,0.0,0.0,0.0,0.0]","[0.0,0.0,0.0,0.0,0.0,0.0,0.0,0.0]",255,1,1
2026-08-13T10:22:19.156271+00:00,89314.439123,disarmed_link,0.0000000,0.0000000,0.0000000,0.0000000,,,0,1,1,1,0,1,0.000000,521,26101,1,0,1,1,0,1,0,3091951228,287,63775,89314389,288,0,-0.7139381,0.0043568,"[0.9363487958908081,-0.03361397981643677,-0.007685995660722256,0.34937378764152527]","[0.00041107743163593113,-0.0009738588123582304,0.0043568480759859085]","[-0.07407700270414352,-0.6500880122184753,9.76205062866211]",0.0004871,4.773,"[0.0,0.0,0.0,0.0]","[0.0,0.0,0.0,0.0,0.0,0.0,0.0,0.0]","[0.0,0.0,0.0,0.0,0.0,0.0,0.0,0.0]",255,1,1
2026-08-13T10:22:19.207216+00:00,89314.489066,disarmed_link,0.0000000,0.0000000,0.0000000,0.0000000,,,0,1,1,1,0,1,0.000000,522,26151,1,0,1,1,0,1,0,3091951228,288,53008,89314439,289,0,-0.7139392,0.0037269,"[0.9363493919372559,-0.03359399363398552,-0.007695998065173626,0.3493739068508148]","[-0.0008024325361475348,-0.00034985123784281313,0.0037269415333867073]","[-0.06932800263166428,-0.6672409772872925,9.743165969848633]",0.0005086,4.984,"[0.0,0.0,0.0,0.0]","[0.0,0.0,0.0,0.0,0.0,0.0,0.0,0.0]","[0.0,0.0,0.0,0.0,0.0,0.0,0.0,0.0]",255,1,1
2026-08-13T10:22:19.256846+00:00,89314.539067,disarmed_link,0.0000000,0.0000000,0.0000000,0.0000000,,,0,1,1,1,0,1,0.000000,523,26201,1,0,1,1,0,1,0,3091951228,289,52109,89314490,290,0,-0.7139465,0.0025040,"[0.9363486170768738,-0.0335799865424633,-0.007710995618253946,0.3493768274784088]","[-0.0008006173884496093,-0.00036527996417135,0.0025040414184331894]","[-0.06692200154066086,-0.6747249960899353,9.726511001586914]",0.0004632,4.539,"[0.0,0.0,0.0,0.0]","[0.0,0.0,0.0,0.0,0.0,0.0,0.0,0.0]","[0.0,0.0,0.0,0.0,0.0,0.0,0.0,0.0]",255,1,1
2026-08-13T10:22:19.306820+00:00,89314.589067,disarmed_link,0.0000000,0.0000000,0.0000000,0.0000000,,,0,1,1,1,0,1,0.000000,524,26251,1,0,1,1,0,1,0,3091951228,290,50874,89314540,291,0,-0.7139721,0.0012811,"[0.9363445043563843,-0.033571962267160416,-0.007718990556895733,0.3493885397911072]","[-0.0007988197612576187,-0.0003807086613960564,0.0012811415363103151]","[-0.06933700293302536,-0.6868879795074463,9.717068672180176]",0.0004632,4.539,"[0.0,0.0,0.0,0.0]","[0.0,0.0,0.0,0.0,0.0,0.0,0.0,0.0]","[0.0,0.0,0.0,0.0,0.0,0.0,0.0,0.0]",255,1,1
2026-08-13T10:22:19.356796+00:00,89314.639038,disarmed_link,0.0000000,0.0000000,0.0000000,0.0000000,,,0,1,1,1,0,1,0.000000,525,26301,1,0,1,1,0,1,0,3091951228,291,42958,89314590,292,0,-0.7139648,0.0025040,"[0.9363464117050171,-0.03355596214532852,-0.00773399043828249,0.349384605884552]","[-0.002021283144131303,-0.0007733030943199992,0.002504024188965559]","[-0.07408999651670456,-0.682017982006073,9.719340324401855]",0.0003787,3.711,"[0.0,0.0,0.0,0.0]","[0.0,0.0,0.0,0.0,0.0,0.0,0.0,0.0]","[0.0,0.0,0.0,0.0,0.0,0.0,0.0,0.0]",240,1,1
2026-08-13T10:22:19.407255+00:00,89314.689078,disarmed_link,0.0000000,0.0000000,0.0000000,0.0000000,,,0,1,1,1,0,1,0.000000,526,26351,1,0,1,1,0,1,0,3091951228,292,54740,89314640,293,0,-0.7139493,0.0037159,"[0.9363490343093872,-0.033556971698999405,-0.00772299338132143,0.34937766194343567]","[-0.0007986975833773613,0.00027396436780691147,0.0037158760242164135]","[-0.07174299657344818,-0.6941660046577454,9.712348937988281]",0.0003787,3.711,"[0.0,0.0,0.0,0.0]","[0.0,0.0,0.0,0.0,0.0,0.0,0.0,0.0]","[0.0,0.0,0.0,0.0,0.0,0.0,0.0,0.0]",255,1,1
2026-08-13T10:22:19.456428+00:00,89314.739156,disarmed_link,0.0000000,0.0000000,0.0000000,0.0000000,,,0,1,1,1,0,1,0.000000,527,26401,1,0,1,1,0,1,0,3091951228,293,17396,89314690,294,0,-0.7139553,0.0037122,"[0.9363479018211365,-0.03355897590517998,-0.007714994717389345,0.3493807315826416]","[-0.003238772740587592,-0.0003341258561704308,0.0037121756467968225]","[-0.08133099973201752,-0.6914600133895874,9.728991508483887]",0.0003563,3.492,"[0.0,0.0,0.0,0.0]","[0.0,0.0,0.0,0.0,0.0,0.0,0.0,0.0]","[0.0,0.0,0.0,0.0,0.0,0.0,0.0,0.0]",255,1,1
2026-08-13T10:22:19.506668+00:00,89314.789069,disarmed_link,0.0000000,0.0000000,0.0000000,0.0000000,,,0,1,1,1,0,1,0.000000,528,26451,1,0,1,1,0,1,0,3091951228,294,55550,89314739,295,0,-0.7139472,0.0024561,"[0.9363495111465454,-0.03355498984456062,-0.007715997751802206,0.3493768870830536]","[-0.0032257698476314545,0.001521961996331811,0.002456097165122628]","[-0.09798400104045868,-0.6768040060997009,9.738180160522461]",0.0003563,3.492,"[0.0,0.0,0.0,0.0]","[0.0,0.0,0.0,0.0,0.0,0.0,0.0,0.0]","[0.0,0.0,0.0,0.0,0.0,0.0,0.0,0.0]",255,1,1
2026-08-13T10:22:19.557143+00:00,89314.839133,disarmed_link,0.0000000,0.0000000,0.0000000,0.0000000,,,0,1,1,1,0,1,0.000000,529,26501,1,0,1,1,0,1,0,3091951228,295,30155,89314789,296,0,-0.7139684,0.0012737,"[0.9363452792167664,-0.03356899693608284,-0.00771299796178937,0.34938696026802063]","[-0.0020169897470623255,-0.0003728372394107282,0.0012737413635477424]","[-0.10999900102615356,-0.6739040017127991,9.766785621643066]",0.0003197,3.133,"[0.0,0.0,0.0,0.0]","[0.0,0.0,0.0,0.0,0.0,0.0,0.0,0.0]","[0.0,0.0,0.0,0.0,0.0,0.0,0.0,0.0]",255,1,1
2026-08-13T10:22:19.606637+00:00,89314.889063,disarmed_link,0.0000000,0.0000000,0.0000000,0.0000000,,,0,1,1,1,0,1,0.000000,530,26551,1,0,1,1,0,1,0,3091951228,296,3420,89314840,297,0,-0.7139573,0.0024819,"[0.9363470673561096,-0.03357196971774101,-0.00771599356085062,0.349381685256958]","[-0.0007931648287922144,0.0008823861135169864,0.0024819280952215195]","[-0.11237599700689316,-0.654246985912323,9.792854309082031]",0.0003197,3.133,"[0.0,0.0,0.0,0.0]","[0.0,0.0,0.0,0.0,0.0,0.0,0.0,0.0]","[0.0,0.0,0.0,0.0,0.0,0.0,0.0,0.0]",255,1,1
2026-08-13T10:22:19.656831+00:00,89314.939115,disarmed_link,0.0000000,0.0000000,0.0000000,0.0000000,,,0,1,1,1,0,1,0.000000,531,26601,1,0,1,1,0,1,0,3091951228,297,35583,89314889,298,0,-0.7139875,0.0024450,"[0.9363417625427246,-0.033572979271411896,-0.007718995679169893,0.349395751953125]","[-0.003222034778445959,0.002145795151591301,0.002445031888782978]","[-0.11080999672412872,-0.6615309715270996,9.788982391357422]",0.0003149,3.086,"[0.0,0.0,0.0,0.0]","[0.0,0.0,0.0,0.0,0.0,0.0,0.0,0.0]","[0.0,0.0,0.0,0.0,0.0,0.0,0.0,0.0]",240,1,1
2026-08-13T10:22:19.706751+00:00,89314.989122,disarmed_link,0.0000000,0.0000000,0.0000000,0.0000000,,,0,1,1,1,0,1,0.000000,532,26651,1,0,1,1,0,1,0,3091951228,298,50311,89314940,299,0,-0.7139764,0.0024487,"[0.9363434314727783,-0.0335799939930439,-0.007706997450441122,0.3493909239768982]","[-0.002612949814647436,0.002141867997124791,0.0024487320333719254]","[-0.11476899683475494,-0.6541990041732788,9.795228004455566]",0.0003149,3.086,"[0.0,0.0,0.0,0.0]","[0.0,0.0,0.0,0.0,0.0,0.0,0.0,0.0]","[0.0,0.0,0.0,0.0,0.0,0.0,0.0,0.0]",255,1,1
