host_time_utc,host_monotonic_s,phase,requested_forward,requested_right,requested_down,requested_yaw,requested_motor_index,requested_motor_throttle,requested_armed,sent,transport_open,session_confirmed,armed_confirmation_fresh,telemetry_fresh,telemetry_age_s,telemetry_sequence,mcu_tick_ms,state,telemetry_armed,telemetry_mpc_direct,telemetry_yaw_direct,telemetry_failsafe,command_status,reject_flags,last_command_session,last_command_sequence,last_command_crc,last_command_sender_time_ms,command_count,rejected_command_count,yaw_rad,yaw_rate_rad_s,imu_quat_wxyz,imu_angular_velocity_xyz_rad_s,imu_linear_acceleration_xyz_m_s2,depth_m,pressure_pa,received_channels,applied_motor_throttle_m1_m8,motor_rpm_m1_m8,rpm_valid_mask,execution_feedback_valid,rpm_available
2026-08-11T14:21:49.746942+00:00,1245505.214601,disarmed_link,0.0000000,0.0000000,0.0000000,0.0000000,,,0,1,1,0,0,0,nan,,,,,,,,,,,,,,,,,,,,,,,,,,,,
2026-08-11T14:21:49.797481+00:00,1245505.264514,disarmed_link,0.0000000,0.0000000,0.0000000,0.0000000,,,0,1,1,1,0,1,0.000000,293,14701,1,0,1,1,0,1,0,2606736603,0,18555,1245505214,1,0,-2.4748459,0.0012480,"[-0.3271200954914093,0.008936001919209957,-0.03439400717616081,0.9443144202232361]","[-0.0007876147283241153,0.001490807975642383,0.0012479628203436732]","[-0.08854600042104721,-0.6862499713897705,9.752820014953613]",0.0505102,495.000,"[0.0,0.0,0.0,0.0]","[0.0,0.0,0.0,0.0,0.0,0.0,0.0,0.0]","[0.0,0.0,0.0,0.0,0.0,0.0,0.0,0.0]",255,1,1
2026-08-11T14:21:49.848340+00:00,1245505.314538,disarmed_link,0.0000000,0.0000000,0.0000000,0.0000000,,,0,1,1,1,0,1,0.000000,294,14751,1,0,1,1,0,1,0,2606736603,1,3897,1245505265,2,0,-2.4748204,0.0012442,"[-0.32713231444358826,0.008928009308874607,-0.03437303379178047,0.9443109631538391]","[-0.003227690001949668,0.0008827003184705973,0.0012442453298717737]","[-0.102852001786232,-0.6788210272789001,9.762141227722168]",0.0521429,511.000,"[0.0,0.0,0.0,0.0]","[0.0,0.0,0.0,0.0,0.0,0.0,0.0,0.0]","[0.0,0.0,0.0,0.0,0.0,0.0,0.0,0.0]",255,1,1
2026-08-11T14:21:49.898137+00:00,1245505.364531,disarmed_link,0.0000000,0.0000000,0.0000000,0.0000000,,,0,1,1,1,0,1,0.000000,295,14801,1,0,1,1,0,1,0,2606736603,2,42454,1245505315,3,0,-2.4747868,0.0006550,"[-0.32714807987213135,0.008930002339184284,-0.03434900566935539,0.9443064332008362]","[0.00042771038715727627,0.0008513716165907681,0.0006549523095600307]","[-0.11246500164270401,-0.6760050058364868,9.785978317260742]",0.0521429,511.000,"[0.0,0.0,0.0,0.0]","[0.0,0.0,0.0,0.0,0.0,0.0,0.0,0.0]","[0.0,0.0,0.0,0.0,0.0,0.0,0.0,0.0]",255,1,1
2026-08-11T14:21:49.948139+00:00,1245505.414526,disarmed_link,0.0000000,0.0000000,0.0000000,0.0000000,,,0,1,1,1,0,1,0.000000,296,14851,1,0,1,1,0,1,0,2606736603,3,25466,1245505365,4,0,-2.4747782,0.0016814,"[-0.3271522521972656,0.00892600603401661,-0.03433002531528473,0.9443056583404541]","[-0.002017583232372999,-0.0003676885098684579,0.0016813804395496845]","[-0.07738099992275238,-0.6766059994697571,9.757604598999023]",0.0554082,543.000,"[0.0,0.0,0.0,0.0]","[0.0,0.0,0.0,0.0,0.0,0.0,0.0,0.0]","[0.0,0.0,0.0,0.0,0.0,0.0,0.0,0.0]",255,1,1
2026-08-11T14:21:49.998113+00:00,1245505.464526,disarmed_link,0.0000000,0.0000000,0.0000000,0.0000000,,,0,1,1,1,0,1,0.000000,297,14901,1,0,1,1,0,1,0,2606736603,4,21855,1245505415,5,0,-2.4747639,0.0024967,"[-0.3271591365337372,0.008920004591345787,-0.03430001437664032,0.9443044662475586]","[-0.0001877974282251671,0.00025460863253101707,0.0024966762866824865]","[-0.07172200083732605,-0.6819559931755066,9.724165916442871]",0.0554082,543.000,"[0.0,0.0,0.0,0.0]","[0.0,0.0,0.0,0.0,0.0,0.0,0.0,0.0]","[0.0,0.0,0.0,0.0,0.0,0.0,0.0,0.0]",255,1,1
2026-08-11T14:21:50.048185+00:00,1245505.514560,disarmed_link,0.0000000,0.0000000,0.0000000,0.0000000,,,0,1,1,1,0,1,0.000000,298,14951,1,0,1,1,0,1,0,2606736603,5,44582,1245505465,6,0,-2.4747572,0.0012664,"[-0.32716214656829834,0.008923003450036049,-0.034271009266376495,0.9443044662475586]","[-0.001404169830493629,0.00024705135729163885,0.0012663761153817177]","[-0.06940499693155289,-0.681672990322113,9.743377685546875]",0.0554082,543.000,"[0.0,0.0,0.0,0.0]","[0.0,0.0,0.0,0.0,0.0,0.0,0.0,0.0]","[0.0,0.0,0.0,0.0,0.0,0.0,0.0,0.0]",255,1,1
2026-08-11T14:21:50.098115+00:00,1245505.564526,disarmed_link,0.0000000,0.0000000,0.0000000,0.0000000,,,0,1,1,1,0,1,0.000000,299,15001,1,0,1,1,0,1,0,2606736603,6,30307,1245505515,7,0,-2.4747553,0.0006328,"[-0.3271631896495819,0.008916004560887814,-0.03426101803779602,0.9443044662475586]","[-0.0032267821952700615,0.0008749859407544136,0.0006327865994535387]","[-0.09092599898576736,-0.6788759827613831,9.762279510498047]",0.0456122,447.000,"[0.0,0.0,0.0,0.0]","[0.0,0.0,0.0,0.0,0.0,0.0,0.0,0.0]","[0.0,0.0,0.0,0.0,0.0,0.0,0.0,0.0]",255,1,1
2026-08-11T14:21:50.148133+00:00,1245505.614525,disarmed_link,0.0000000,0.0000000,0.0000000,0.0000000,,,0,1,1,1,0,1,0.000000,300,15051,1,0,1,1,0,1,0,2606736603,7,61097,1245505565,8,0,-2.4747519,0.0012184,"[-0.32716527581214905,0.008905007503926754,-0.03426402807235718,0.9443037509918213]","[-0.001998314866796136,0.002746345242485404,0.0012184493243694305]","[-0.10769499838352203,-0.68094801902771,9.778907775878906]",0.0456122,447.000,"[0.0,0.0,0.0,0.0]","[0.0,0.0,0.0,0.0,0.0,0.0,0.0,0.0]","[0.0,0.0,0.0,0.0,0.0,0.0,0.0,0.0]",255,1,1
2026-08-11T14:21:50.198122+00:00,1245505.664529,disarmed_link,0.0000000,0.0000000,0.0000000,0.0000000,,,0,1,1,1,0,1,0.000000,301,15101,1,0,1,1,0,1,0,2606736603,8,14053,1245505615,9,0,-2.4747393,0.0000705,"[-0.32717129588127136,0.008899008855223656,-0.03426003083586693,0.9443018436431885]","[-0.0012080470332875848,-0.0012252909364178777,7.051130523905158e-05]","[-0.08375000208616257,-0.6748999953269958,9.76230239868164]",0.0452041,443.000,"[0.0,0.0,0.0,0.0]","[0.0,0.0,0.0,0.0,0.0,0.0,0.0,0.0]","[0.0,0.0,0.0,0.0,0.0,0.0,0.0,0.0]",255,1,1
2026-08-11T14:21:50.247886+00:00,1245505.714529,disarmed_link,0.0000000,0.0000000,0.0000000,0.0000000,,,0,1,1,1,0,1,0.000000,302,15151,1,0,1,1,0,1,0,2606736603,9,2717,1245505665,10,0,-2.4747264,0.0020939,"[-0.3271771967411041,0.008903004229068756,-0.0342390201985836,0.9443005323410034]","[-0.0012060749577358365,-0.0003677932545542717,0.0020939414389431477]","[-0.09176500141620636,-0.676222026348114,9.778223991394043]",0.0452041,443.000,"[0.0,0.0,0.0,0.0]","[0.0,0.0,0.0,0.0,0.0,0.0,0.0,0.0]","[0.0,0.0,0.0,0.0,0.0,0.0,0.0,0.0]",255,1,1
2026-08-11T14:21:50.298112+00:00,1245505.764527,disarmed_link,0.0000000,0.0000000,0.0000000,0.0000000,,,0,1,1,1,0,1,0.000000,303,15201,1,0,1,1,0,1,0,2606736603,10,28275,1245505715,11,0,-2.4747231,0.0024856,"[-0.32717812061309814,0.00892600230872631,-0.03423101082444191,0.9443003535270691]","[-0.0020150700584053993,0.0002664070634637028,0.0024855933152139187]","[-0.07894500344991684,-0.6717879772186279,9.757515907287598]",0.0460204,451.000,"[0.0,0.0,0.0,0.0]","[0.0,0.0,0.0,0.0,0.0,0.0,0.0,0.0]","[0.0,0.0,0.0,0.0,0.0,0.0,0.0,0.0]",255,1,1
2026-08-11T14:21:50.348203+00:00,1245505.814521,disarmed_link,0.0000000,0.0000000,0.0000000,0.0000000,,,0,1,1,1,0,1,0.000000,304,15251,1,0,1,1,0,1,0,2606736603,11,49990,1245505765,12,0,-2.4746761,0.0006291,"[-0.3272000849246979,0.008933003060519695,-0.03421301022171974,0.9442933201789856]","[-0.002004877431318164,0.0014909475576132536,0.0006291213794611394]","[-0.093299001455307,-0.676459014415741,9.76221752166748]",0.0460204,451.000,"[0.0,0.0,0.0,0.0]","[0.0,0.0,0.0,0.0,0.0,0.0,0.0,0.0]","[0.0,0.0,0.0,0.0,0.0,0.0,0.0,0.0]",255,1,1
2026-08-11T14:21:50.398156+00:00,1245505.864483,disarmed_link,0.0000000,0.0000000,0.0000000,0.0000000,,,0,1,1,1,0,1,0.000000,305,15301,1,0,1,1,0,1,0,2606736603,12,567,1245505815,13,0,-2.4746633,0.0012590,"[-0.32720616459846497,0.008932004682719707,-0.034208014607429504,0.9442914128303528]","[-0.0026223398745059967,0.00025492277927696705,0.0012589932885020971]","[-0.10057300329208374,-0.6759129762649536,9.795709609985352]",0.0469388,460.000,"[0.0,0.0,0.0,0.0]","[0.0,0.0,0.0,0.0,0.0,0.0,0.0,0.0]","[0.0,0.0,0.0,0.0,0.0,0.0,0.0,0.0]",255,1,1
2026-08-11T14:21:50.447375+00:00,1245505.914524,disarmed_link,0.0000000,0.0000000,0.0000000,0.0000000,,,0,1,1,1,0,1,0.000000,306,15351,1,0,1,1,0,1,0,2606736603,13,17893,1245505865,14,0,-2.4746444,0.0012553,"[-0.3272152841091156,0.00892200879752636,-0.03422003239393234,0.9442878365516663]","[-0.0032314248383045197,0.0002588497882243246,0.0012552932603284717]","[-0.11736699938774109,-0.6827960014343262,9.812409400939941]",0.0469388,460.000,"[0.0,0.0,0.0,0.0]","[0.0,0.0,0.0,0.0,0.0,0.0,0.0,0.0]","[0.0,0.0,0.0,0.0,0.0,0.0,0.0,0.0]",255,1,1
2026-08-11T14:21:50.497809+00:00,1245505.964534,disarmed_link,0.0000000,0.0000000,0.0000000,0.0000000,,,0,1,1,1,0,1,0.000000,307,15401,1,0,1,1,0,1,0,2606736603,14,8459,1245505915,15,0,-2.4746478,0.0020669,"[-0.3272132873535156,0.008937007747590542,-0.0342390350997448,0.9442877173423767]","[-0.002010724041610956,0.0008851087768562138,0.002066906075924635]","[-0.0949229970574379,-0.6828669905662537,9.76229190826416]",0.0403061,395.000,"[0.0,0.0,0.0,0.0]","[0.0,0.0,0.0,0.0,0.0,0.0,0.0,0.0]","[0.0,0.0,0.0,0.0,0.0,0.0,0.0,0.0]",255,1,1
2026-08-11T14:21:50.548145+00:00,1245506.014526,disarmed_link,0.0000000,0.0000000,0.0000000,0.0000000,,,0,1,1,1,0,1,0.000000,308,15451,1,0,1,1,0,1,0,2606736603,15,25177,1245505965,16,0,-2.4746158,0.0012479,"[-0.32722800970077515,0.008949000388383865,-0.034247998148202896,0.9442821741104126]","[-0.0026186048053205013,0.0008787558763287961,0.0012479278957471251]","[-0.07891599833965302,-0.6743770241737366,9.745559692382812]",0.0403061,395.000,"[0.0,0.0,0.0,0.0]","[0.0,0.0,0.0,0.0,0.0,0.0,0.0,0.0]","[0.0,0.0,0.0,0.0,0.0,0.0,0.0,0.0]",255,1,1
2026-08-11T14:21:50.598112+00:00,1245506.064528,disarmed_link,0.0000000,0.0000000,0.0000000,0.0000000,,,0,1,1,1,0,1,0.000000,309,15501,1,0,1,1,0,1,0,2606736603,16,53648,1245506015,17,0,-2.4745665,0.0012479,"[-0.32725125551223755,0.008952006697654724,-0.034258026629686356,0.9442737102508545]","[-0.0044495947659015656,0.0002667212102096528,0.0012479104334488511]","[-0.09567999839782715,-0.6789270043373108,9.757428169250488]",0.0347959,341.000,"[0.0,0.0,0.0,0.0]","[0.0,0.0,0.0,0.0,0.0,0.0,0.0,0.0]","[0.0,0.0,0.0,0.0,0.0,0.0,0.0,0.0]",255,1,1
2026-08-11T14:21:50.648161+00:00,1245506.114533,disarmed_link,0.0000000,0.0000000,0.0000000,0.0000000,,,0,1,1,1,0,1,0.000000,310,15551,1,0,1,1,0,1,0,2606736603,17,2236,1245506065,18,0,-2.4745436,0.0024561,"[-0.3272622525691986,0.008953007869422436,-0.03429202735424042,0.9442687034606934]","[-0.0032257698476314545,0.001521961996331811,0.002456097165122628]","[-0.1077290028333664,-0.6857219934463501,9.781377792358398]",0.0347959,341.000,"[0.0,0.0,0.0,0.0]","[0.0,0.0,0.0,0.0,0.0,0.0,0.0,0.0]","[0.0,0.0,0.0,0.0,0.0,0.0,0.0,0.0]",255,1,1
2026-08-11T14:21:50.698163+00:00,1245506.164527,disarmed_link,0.0000000,0.0000000,0.0000000,0.0000000,,,0,1,1,1,0,1,0.000000,311,15601,1,0,1,1,0,1,0,2606736603,18,53497,1245506115,19,0,-2.4745302,0.0018151,"[-0.3272682726383209,0.008961006999015808,-0.034342020750045776,0.9442647099494934]","[-0.004435562528669834,0.0027697852347046137,0.0018151249969378114]","[-0.11256299912929535,-0.6878849864006042,9.795748710632324]",0.0372449,365.000,"[0.0,0.0,0.0,0.0]","[0.0,0.0,0.0,0.0,0.0,0.0,0.0,0.0]","[0.0,0.0,0.0,0.0,0.0,0.0,0.0,0.0]",255,1,1
2026-08-11T14:21:50.748140+00:00,1245506.214528,disarmed_link,0.0000000,0.0000000,0.0000000,0.0000000,,,0,1,1,1,0,1,0.000000,312,15651,1,0,1,1,0,1,0,2606736603,19,49511,1245506165,20,0,-2.4744978,0.0024782,"[-0.32728326320648193,0.008973006159067154,-0.0343630276620388,0.9442586302757263]","[-0.0032332399860024452,0.000274278485449031,0.002478210488334298]","[-0.1244800016283989,-0.6780250072479248,9.807458877563477]",0.0372449,365.000,"[0.0,0.0,0.0,0.0]","[0.0,0.0,0.0,0.0,0.0,0.0,0.0,0.0]","[0.0,0.0,0.0,0.0,0.0,0.0,0.0,0.0]",255,1,1
2026-08-11T14:21:50.798114+00:00,1245506.264527,disarmed_link,0.0000000,0.0000000,0.0000000,0.0000000,,,0,1,1,1,0,1,0.000000,313,15701,1,0,1,1,0,1,0,2606736603,20,63298,1245506215,21,0,-2.4744637,0.0012663,"[-0.3272991478443146,0.008983004838228226,-0.03440301865339279,0.944251537322998]","[-0.004455825313925743,-0.0007730062934570014,0.0012663410743698478]","[-0.09182199835777283,-0.6891000270843506,9.775212287902832]",0.0372449,365.000,"[0.0,0.0,0.0,0.0]","[0.0,0.0,0.0,0.0,0.0,0.0,0.0,0.0]","[0.0,0.0,0.0,0.0,0.0,0.0,0.0,0.0]",255,1,1
2026-08-11T14:21:50.848146+00:00,1245506.314534,disarmed_link,0.0000000,0.0000000,0.0000000,0.0000000,,,0,1,1,1,0,1,0.000000,314,15751,1,0,1,1,0,1,0,2606736603,21,56073,1245506265,22,0,-2.4744415,0.0018446,"[-0.3273093104362488,0.008994009345769882,-0.03443102911114693,0.9442468881607056]","[-0.0032248625066131353,0.0015142477350309491,0.0018446386093273759]","[-0.08377499878406525,-0.6862720251083374,9.752875328063965]",0.0334694,328.000,"[0.0,0.0,0.0,0.0]","[0.0,0.0,0.0,0.0,0.0,0.0,0.0,0.0]","[0.0,0.0,0.0,0.0,0.0,0.0,0.0,0.0]",255,1,1
2026-08-11T14:21:50.898075+00:00,1245506.364556,disarmed_link,0.0000000,0.0000000,0.0000000,0.0000000,,,0,1,1,1,0,1,0.000000,315,15801,1,0,1,1,0,1,0,2606736603,22,29158,1245506315,23,0,-2.4744236,0.0012332,"[-0.32731735706329346,0.009006008505821228,-0.034458041191101074,0.9442430138587952]","[-0.003223954699933529,0.0015065333573147655,0.0012331799371168017]","[-0.08615600317716599,-0.6788979768753052,9.762335777282715]",0.0334694,328.000,"[0.0,0.0,0.0,0.0]","[0.0,0.0,0.0,0.0,0.0,0.0,0.0,0.0]","[0.0,0.0,0.0,0.0,0.0,0.0,0.0,0.0]",255,1,1
2026-08-11T14:21:50.947834+00:00,1245506.414531,disarmed_link,0.0000000,0.0000000,0.0000000,0.0000000,,,0,1,1,1,0,1,0.000000,316,15851,1,0,1,1,0,1,0,2606736603,23,24696,1245506365,24,0,-2.4743838,0.0012590,"[-0.3273363411426544,0.009003009647130966,-0.03446803241968155,0.9442360997200012]","[-0.0007913497393019497,0.000866957358084619,0.0012590107508003712]","[-0.10051800310611725,-0.6835330128669739,9.769433975219727]",0.0373469,366.000,"[0.0,0.0,0.0,0.0]","[0.0,0.0,0.0,0.0,0.0,0.0,0.0,0.0]","[0.0,0.0,0.0,0.0,0.0,0.0,0.0,0.0]",255,1,1
2026-08-11T14:21:50.998062+00:00,1245506.464529,disarmed_link,0.0000000,0.0000000,0.0000000,0.0000000,,,0,1,1,1,0,1,0.000000,317,15901,1,0,1,1,0,1,0,2606736603,24,47156,1245506415,25,0,-2.4743545,0.0012369,"[-0.3273501396179199,0.00900600478053093,-0.03449001535773277,0.9442304968833923]","[-0.0044458601623773575,0.0008905542199499905,0.0012368625029921532]","[-0.10295800119638443,-0.6808229684829712,9.788557052612305]",0.0373469,366.000,"[0.0,0.0,0.0,0.0]","[0.0,0.0,0.0,0.0,0.0,0.0,0.0,0.0]","[0.0,0.0,0.0,0.0,0.0,0.0,0.0,0.0]",255,1,1
2026-08-11T14:21:51.048128+00:00,1245506.514525,disarmed_link,0.0000000,0.0000000,0.0000000,0.0000000,,,0,1,1,1,0,1,0.000000,318,15951,1,0,1,1,0,1,0,2606736603,25,33868,1245506465,26,0,-2.4743376,0.0016519,"[-0.3273582458496094,0.009006006643176079,-0.03451802581548691,0.9442266821861267]","[-0.003228300716727972,0.0008878315566107631,0.0016518844058737159]","[-0.09013599902391434,-0.6796810030937195,9.762301445007324]",0.0353061,346.000,"[0.0,0.0,0.0,0.0]","[0.0,0.0,0.0,0.0,0.0,0.0,0.0,0.0]","[0.0,0.0,0.0,0.0,0.0,0.0,0.0,0.0]",255,1,1
2026-08-11T14:21:51.098124+00:00,1245506.564530,disarmed_link,0.0000000,0.0000000,0.0000000,0.0000000,,,0,1,1,1,0,1,0.000000,319,16001,1,0,1,1,0,1,0,2606736603,26,14224,1245506515,27,0,-2.4743085,0.0024967,"[-0.3273720443248749,0.009005002677440643,-0.034532010555267334,0.9442213773727417]","[-0.002018804894760251,-0.0003574085421860218,0.002496658591553569]","[-0.023930000141263008,-0.6899420022964478,9.688849449157715]",0.0353061,346.000,"[0.0,0.0,0.0,0.0]","[0.0,0.0,0.0,0.0,0.0,0.0,0.0,0.0]","[0.0,0.0,0.0,0.0,0.0,0.0,0.0,0.0]",255,1,1
2026-08-11T14:21:51.148151+00:00,1245506.614534,disarmed_link,0.0000000,0.0000000,0.0000000,0.0000000,,,0,1,1,1,0,1,0.000000,320,16051,1,0,1,1,0,1,0,2606736603,27,25252,1245506565,28,0,-2.4742644,0.0012332,"[-0.3273930549621582,0.009002002887427807,-0.034532006829977036,0.9442141652107239]","[-0.003223954699933529,0.0015065333573147655,0.0012331799371168017]","[-0.07423499971628189,-0.6912360191345215,9.745862007141113]",0.0410204,402.000,"[0.0,0.0,0.0,0.0]","[0.0,0.0,0.0,0.0,0.0,0.0,0.0,0.0]","[0.0,0.0,0.0,0.0,0.0,0.0,0.0,0.0]",255,1,1
2026-08-11T14:21:51.198123+00:00,1245506.664528,disarmed_link,0.0000000,0.0000000,0.0000000,0.0000000,,,0,1,1,1,0,1,0.000000,321,16101,1,0,1,1,0,1,0,2606736603,28,1613,1245506615,29,0,-2.4742179,0.0024819,"[-0.32741519808769226,0.008994004689157009,-0.03452801704406738,0.9442066550254822]","[-0.0007931648287922144,0.0008823861135169864,0.0024819280952215195]","[-0.09094800055027008,-0.6861649751663208,9.757589340209961]",0.0410204,402.000,"[0.0,0.0,0.0,0.0]","[0.0,0.0,0.0,0.0,0.0,0.0,0.0,0.0]","[0.0,0.0,0.0,0.0,0.0,0.0,0.0,0.0]",255,1,1
2026-08-11T14:21:51.248137+00:00,1245506.714527,disarmed_link,0.0000000,0.0000000,0.0000000,0.0000000,,,0,1,1,1,0,1,0.000000,322,16151,1,0,1,1,0,1,0,2606736603,29,16799,1245506665,30,0,-2.4741766,0.0024782,"[-0.32743507623672485,0.008983002975583076,-0.0345190055668354,0.9442002177238464]","[-0.0032332399860024452,0.000274278485449031,0.002478210488334298]","[-0.09817100316286087,-0.6858389973640442,9.776689529418945]",0.0386735,379.000,"[0.0,0.0,0.0,0.0]","[0.0,0.0,0.0,0.0,0.0,0.0,0.0,0.0]","[0.0,0.0,0.0,0.0,0.0,0.0,0.0,0.0]",255,1,1
2026-08-11T14:21:51.298150+00:00,1245506.764552,disarmed_link,0.0000000,0.0000000,0.0000000,0.0000000,,,0,1,1,1,0,1,0.000000,323,16201,1,0,1,1,0,1,0,2606736603,30,7204,1245506715,31,0,-2.4741759,0.0018705,"[-0.32743534445762634,0.008985009975731373,-0.034521035850048065,0.9442000389099121]","[-0.0007922573713585734,0.0008746717940084636,0.0018704694230109453]","[-0.009537999518215656,-0.6928160190582275,9.66266918182373]",0.0386735,379.000,"[0.0,0.0,0.0,0.0]","[0.0,0.0,0.0,0.0,0.0,0.0,0.0,0.0]","[0.0,0.0,0.0,0.0,0.0,0.0,0.0,0.0]",255,1,1
2026-08-11T14:21:51.348153+00:00,1245506.814526,disarmed_link,0.0000000,0.0000000,0.0000000,0.0000000,,,0,1,1,1,0,1,0.000000,324,16251,1,0,1,1,0,1,0,2606736603,31,45329,1245506765,32,0,-2.4741759,0.0018705,"[-0.32743534445762634,0.008985009975731373,-0.034521035850048065,0.9442000389099121]","[-0.0007922573713585734,0.0008746717940084636,0.0018704694230109453]","[-0.009537999518215656,-0.6928160190582275,9.66266918182373]",0.0386735,379.000,"[0.0,0.0,0.0,0.0]","[0.0,0.0,0.0,0.0,0.0,0.0,0.0,0.0]","[0.0,0.0,0.0,0.0,0.0,0.0,0.0,0.0]",255,1,1
2026-08-11T14:21:51.398114+00:00,1245506.864528,disarmed_link,0.0000000,0.0000000,0.0000000,0.0000000,,,0,1,1,1,0,1,0.000000,325,16301,1,0,1,1,0,1,0,2606736603,32,54738,1245506815,33,0,-2.4741759,0.0018705,"[-0.32743534445762634,0.008985009975731373,-0.034521035850048065,0.9442000389099121]","[-0.0007922573713585734,0.0008746717940084636,0.0018704694230109453]","[-0.009537999518215656,-0.6928160190582275,9.66266918182373]",0.0386735,379.000,"[0.0,0.0,0.0,0.0]","[0.0,0.0,0.0,0.0,0.0,0.0,0.0,0.0]","[0.0,0.0,0.0,0.0,0.0,0.0,0.0,0.0]",255,1,1
2026-08-11T14:21:51.448130+00:00,1245506.914525,disarmed_link,0.0000000,0.0000000,0.0000000,0.0000000,,,0,1,1,1,0,1,0.000000,326,16351,1,0,1,1,0,1,0,2606736603,33,30055,1245506865,34,0,-2.4741561,0.0018705,"[-0.32744503021240234,0.008972002193331718,-0.0344570018351078,0.9441991448402405]","[-0.0007922573713585734,0.0008746717940084636,0.0018704694230109453]","[-0.07416699826717377,-0.6816880106925964,9.740923881530762]",0.0441837,433.000,"[0.0,0.0,0.0,0.0]","[0.0,0.0,0.0,0.0,0.0,0.0,0.0,0.0]","[0.0,0.0,0.0,0.0,0.0,0.0,0.0,0.0]",255,1,1
2026-08-11T14:21:51.497845+00:00,1245506.964527,disarmed_link,0.0000000,0.0000000,0.0000000,0.0000000,,,0,1,1,1,0,1,0.000000,327,16401,1,0,1,1,0,1,0,2606736603,34,44322,1245506915,35,0,-2.4741256,0.0012590,"[-0.32746005058288574,0.008953003212809563,-0.03442900627851486,0.9441951513290405]","[-0.0007913497393019497,0.000866957358084619,0.0012590107508003712]","[-0.08369000256061554,-0.6767969727516174,9.743142127990723]",0.0441837,433.000,"[0.0,0.0,0.0,0.0]","[0.0,0.0,0.0,0.0,0.0,0.0,0.0,0.0]","[0.0,0.0,0.0,0.0,0.0,0.0,0.0,0.0]",255,1,1
2026-08-11T14:21:51.548128+00:00,1245507.014529,disarmed_link,0.0000000,0.0000000,0.0000000,0.0000000,,,0,1,1,1,0,1,0.000000,328,16451,1,0,1,1,0,1,0,2606736603,35,34281,1245506965,36,0,-2.4741178,0.0024745,"[-0.32746413350105286,0.008939004503190517,-0.03441101312637329,0.944194495677948]","[-0.0020113347563892603,0.0008902400732040405,0.0024745280388742685]","[-0.09097699820995331,-0.6835770010948181,9.76954460144043]",0.0489796,480.000,"[0.0,0.0,0.0,0.0]","[0.0,0.0,0.0,0.0,0.0,0.0,0.0,0.0]","[0.0,0.0,0.0,0.0,0.0,0.0,0.0,0.0]",255,1,1
2026-08-11T14:21:51.598130+00:00,1245507.064527,disarmed_link,0.0000000,0.0000000,0.0000000,0.0000000,,,0,1,1,1,0,1,0.000000,329,16501,1,0,1,1,0,1,0,2606736603,36,23979,1245507015,37,0,-2.4740930,0.0024967,"[-0.3274761438369751,0.00893100444227457,-0.034385014325380325,0.9441913962364197]","[-0.0001877974282251671,0.00025460863253101707,0.0024966762866824865]","[-0.10295800119638443,-0.6906639933586121,9.774309158325195]",0.0489796,480.000,"[0.0,0.0,0.0,0.0]","[0.0,0.0,0.0,0.0,0.0,0.0,0.0,0.0]","[0.0,0.0,0.0,0.0,0.0,0.0,0.0,0.0]",255,1,1
2026-08-11T14:21:51.648167+00:00,1245507.114533,disarmed_link,0.0000000,0.0000000,0.0000000,0.0000000,,,0,1,1,1,0,1,0.000000,330,16551,1,0,1,1,0,1,0,2606736603,37,42706,1245507065,38,0,-2.4740930,0.0024967,"[-0.3274761438369751,0.00893100444227457,-0.034385014325380325,0.9441913962364197]","[-0.0001877974282251671,0.00025460863253101707,0.0024966762866824865]","[-0.10295800119638443,-0.6906639933586121,9.774309158325195]",0.0489796,480.000,"[0.0,0.0,0.0,0.0]","[0.0,0.0,0.0,0.0,0.0,0.0,0.0,0.0]","[0.0,0.0,0.0,0.0,0.0,0.0,0.0,0.0]",255,1,1
2026-08-11T14:21:51.698117+00:00,1245507.164530,disarmed_link,0.0000000,0.0000000,0.0000000,0.0000000,,,0,1,1,1,0,1,0.000000,331,16601,1,0,1,1,0,1,0,2606736603,38,30116,1245507115,39,0,-2.4740655,0.0018852,"[-0.3274891674518585,0.00892100390046835,-0.03431401774287224,0.9441894888877869]","[0.0016440828330814838,0.0008589288918301463,0.0018852349603548646]","[0.009393000043928623,-0.6947230100631714,9.70129680633545]",0.0489796,480.000,"[0.0,0.0,0.0,0.0]","[0.0,0.0,0.0,0.0,0.0,0.0,0.0,0.0]","[0.0,0.0,0.0,0.0,0.0,0.0,0.0,0.0]",255,1,1
2026-08-11T14:21:51.748196+00:00,1245507.214553,disarmed_link,0.0000000,0.0000000,0.0000000,0.0000000,,,0,1,1,1,0,1,0.000000,332,16651,1,0,1,1,0,1,0,2606736603,39,45832,1245507165,40,0,-2.4740388,0.0012738,"[-0.32750213146209717,0.008910002186894417,-0.034254010766744614,0.944187343120575]","[-0.0001859997573774308,0.00023917993530631065,0.0012737761717289686]","[-0.05261499807238579,-0.6821539998054504,9.717190742492676]",0.0502041,492.000,"[0.0,0.0,0.0,0.0]","[0.0,0.0,0.0,0.0,0.0,0.0,0.0,0.0]","[0.0,0.0,0.0,0.0,0.0,0.0,0.0,0.0]",255,1,1
2026-08-11T14:21:51.798119+00:00,1245507.264537,disarmed_link,0.0000000,0.0000000,0.0000000,0.0000000,,,0,1,1,1,0,1,0.000000,333,16701,1,0,1,1,0,1,0,2606736603,40,34083,1245507215,41,0,-2.4740436,-0.0000008,"[-0.3275000751018524,0.008902001194655895,-0.034248001873493195,0.9441882967948914]","[-0.003218421945348382,0.0021149551030248404,-7.679448685848911e-07]","[-0.06734699755907059,-0.7024160027503967,9.803678512573242]",0.0502041,492.000,"[0.0,0.0,0.0,0.0]","[0.0,0.0,0.0,0.0,0.0,0.0,0.0,0.0]","[0.0,0.0,0.0,0.0,0.0,0.0,0.0,0.0]",255,1,1
2026-08-11T14:21:51.848134+00:00,1245507.314526,disarmed_link,0.0000000,0.0000000,0.0000000,0.0000000,,,0,1,1,1,0,1,0.000000,334,16751,1,0,1,1,0,1,0,2606736603,41,22332,1245507265,42,0,-2.4740436,-0.0000008,"[-0.3275000751018524,0.008902001194655895,-0.034248001873493195,0.9441882967948914]","[-0.003218421945348382,0.0021149551030248404,-7.679448685848911e-07]","[-0.06734699755907059,-0.7024160027503967,9.803678512573242]",0.0502041,492.000,"[0.0,0.0,0.0,0.0]","[0.0,0.0,0.0,0.0,0.0,0.0,0.0,0.0]","[0.0,0.0,0.0,0.0,0.0,0.0,0.0,0.0]",240,1,1
2026-08-11T14:21:51.898127+00:00,1245507.364532,disarmed_link,0.0000000,0.0000000,0.0000000,0.0000000,,,0,1,1,1,0,1,0.000000,335,16801,1,0,1,1,0,1,0,2606736603,42,13266,1245507315,43,0,-2.4740436,-0.0000008,"[-0.3275000751018524,0.008902001194655895,-0.034248001873493195,0.9441882967948914]","[-0.003218421945348382,0.0021149551030248404,-7.679448685848911e-07]","[-0.06734699755907059,-0.7024160027503967,9.803678512573242]",0.0481633,472.000,"[0.0,0.0,0.0,0.0]","[0.0,0.0,0.0,0.0,0.0,0.0,0.0,0.0]","[0.0,0.0,0.0,0.0,0.0,0.0,0.0,0.0]",255,1,1
2026-08-11T14:21:51.947835+00:00,1245507.414546,disarmed_link,0.0000000,0.0000000,0.0000000,0.0000000,,,0,1,1,1,0,1,0.000000,336,16851,1,0,1,1,0,1,0,2606736603,43,60493,1245507365,44,0,-2.4740117,0.0025040,"[-0.32751402258872986,0.008932001888751984,-0.03416900336742401,0.9441860318183899]","[-0.0008006173884496093,-0.00036527996417135,0.0025040414184331894]","[0.007232999894768,-0.683381974697113,9.65552806854248]",0.0481633,472.000,"[0.0,0.0,0.0,0.0]","[0.0,0.0,0.0,0.0,0.0,0.0,0.0,0.0]","[0.0,0.0,0.0,0.0,0.0,0.0,0.0,0.0]",255,1,1
2026-08-11T14:21:51.997805+00:00,1245507.464525,disarmed_link,0.0000000,0.0000000,0.0000000,0.0000000,,,0,1,1,1,0,1,0.000000,337,16901,1,0,1,1,0,1,0,2606736603,44,24470,1245507415,45,0,-2.4739821,0.0024967,"[-0.3275281488895416,0.00892800372093916,-0.0341620147228241,0.9441814422607422]","[-0.002018804894760251,-0.0003574085421860218,0.002496658591553569]","[-0.0166849996894598,-0.6731370091438293,9.688685417175293]",0.0481633,472.000,"[0.0,0.0,0.0,0.0]","[0.0,0.0,0.0,0.0,0.0,0.0,0.0,0.0]","[0.0,0.0,0.0,0.0,0.0,0.0,0.0,0.0]",255,1,1
2026-08-11T14:21:52.048130+00:00,1245507.514526,disarmed_link,0.0000000,0.0000000,0.0000000,0.0000000,,,0,1,1,1,0,1,0.000000,338,16951,1,0,1,1,0,1,0,2606736603,45,63011,1245507465,46,0,-2.4739752,0.0012442,"[-0.32753127813339233,0.008929007686674595,-0.034150030463933945,0.9441807866096497]","[-0.003227690001949668,0.0008827003184705973,0.0012442453298717737]","[-0.09602399915456772,-0.6946650147438049,9.829620361328125]",0.0481633,472.000,"[0.0,0.0,0.0,0.0]","[0.0,0.0,0.0,0.0,0.0,0.0,0.0,0.0]","[0.0,0.0,0.0,0.0,0.0,0.0,0.0,0.0]",255,1,1
2026-08-11T14:21:52.098041+00:00,1245507.564474,disarmed_link,0.0000000,0.0000000,0.0000000,0.0000000,,,0,1,1,1,0,1,0.000000,339,17001,1,0,1,1,0,1,0,2606736603,46,37581,1245507515,47,0,-2.4739890,0.0012774,"[-0.32752421498298645,0.008946005254983902,-0.03413701802492142,0.9441835284233093]","[-0.0032388949766755104,-0.0009888163767755032,0.0012774240458384156]","[-0.04774300009012222,-0.6678529977798462,9.7098388671875]",0.0477551,468.000,"[0.0,0.0,0.0,0.0]","[0.0,0.0,0.0,0.0,0.0,0.0,0.0,0.0]","[0.0,0.0,0.0,0.0,0.0,0.0,0.0,0.0]",255,1,1
2026-08-11T14:21:52.148126+00:00,1245507.614525,disarmed_link,0.0000000,0.0000000,0.0000000,0.0000000,,,0,1,1,1,0,1,0.000000,340,17051,1,0,1,1,0,1,0,2606736603,47,16376,1245507565,48,0,-2.4739830,0.0024635,"[-0.32752716541290283,0.008941004984080791,-0.03414001688361168,0.9441824555397034]","[-0.0020075999200344086,0.0015140905743464828,0.0024634799920022488]","[-0.13172000646591187,-0.6727049946784973,9.838483810424805]",0.0477551,468.000,"[0.0,0.0,0.0,0.0]","[0.0,0.0,0.0,0.0,0.0,0.0,0.0,0.0]","[0.0,0.0,0.0,0.0,0.0,0.0,0.0,0.0]",240,1,1
2026-08-11T14:21:52.198131+00:00,1245507.664527,disarmed_link,0.0000000,0.0000000,0.0000000,0.0000000,,,0,1,1,1,0,1,0.000000,341,17101,1,0,1,1,0,1,0,2606736603,48,56986,1245507615,49,0,-2.4739830,0.0024635,"[-0.32752716541290283,0.008941004984080791,-0.03414001688361168,0.9441824555397034]","[-0.0020075999200344086,0.0015140905743464828,0.0024634799920022488]","[-0.13172000646591187,-0.6727049946784973,9.838483810424805]",0.0477551,468.000,"[0.0,0.0,0.0,0.0]","[0.0,0.0,0.0,0.0,0.0,0.0,0.0,0.0]","[0.0,0.0,0.0,0.0,0.0,0.0,0.0,0.0]",255,1,1
2026-08-11T14:21:52.248163+00:00,1245507.714528,disarmed_link,0.0000000,0.0000000,0.0000000,0.0000000,,,0,1,1,1,0,1,0.000000,342,17151,1,0,1,1,0,1,0,2606736603,49,3205,1245507665,50,0,-2.4740136,0.0024967,"[-0.3275112211704254,0.008987005800008774,-0.03413902223110199,0.944187581539154]","[-0.002018804894760251,-0.0003574085421860218,0.002496658591553569]","[0.021459000185132027,-0.6978430151939392,9.658302307128906]",0.0484694,475.000,"[0.0,0.0,0.0,0.0]","[0.0,0.0,0.0,0.0,0.0,0.0,0.0,0.0]","[0.0,0.0,0.0,0.0,0.0,0.0,0.0,0.0]",255,1,1
2026-08-11T14:21:52.298112+00:00,1245507.764524,disarmed_link,0.0000000,0.0000000,0.0000000,0.0000000,,,0,1,1,1,0,1,0.000000,343,17201,1,0,1,1,0,1,0,2606736603,50,15015,1245507715,51,0,-2.4739983,0.0012442,"[-0.32751819491386414,0.008994005620479584,-0.03415301814675331,0.9441845417022705]","[-0.003227690001949668,0.0008827003184705973,0.0012442453298717737]","[-0.009789000265300274,-0.6991159915924072,9.722729682922363]",0.0484694,475.000,"[0.0,0.0,0.0,0.0]","[0.0,0.0,0.0,0.0,0.0,0.0,0.0,0.0]","[0.0,0.0,0.0,0.0,0.0,0.0,0.0,0.0]",255,1,1
2026-08-11T14:21:52.348160+00:00,1245507.814528,disarmed_link,0.0000000,0.0000000,0.0000000,0.0000000,,,0,1,1,1,0,1,0.000000,344,17251,1,0,1,1,0,1,0,2606736603,51,11065,1245507765,52,0,-2.4739873,0.0024671,"[-0.32752326130867004,0.008999007754027843,-0.03417902812361717,0.9441817998886108]","[-0.0032295051496475935,0.0008981116116046906,0.002467145211994648]","[0.016604000702500343,-0.7023749947547913,9.675105094909668]",0.0484694,475.000,"[0.0,0.0,0.0,0.0]","[0.0,0.0,0.0,0.0,0.0,0.0,0.0,0.0]","[0.0,0.0,0.0,0.0,0.0,0.0,0.0,0.0]",255,1,1
2026-08-11T14:21:52.398109+00:00,1245507.864529,disarmed_link,0.0000000,0.0000000,0.0000000,0.0000000,,,0,1,1,1,0,1,0.000000,345,17301,1,0,1,1,0,1,0,2606736603,52,62331,1245507815,53,0,-2.4739861,0.0018446,"[-0.3275241553783417,0.008992002345621586,-0.0341850146651268,0.9441814422607422]","[-0.0032248625066131353,0.0015142477350309491,0.0018446386093273759]","[-0.12932199239730835,-0.6850730180740356,9.817102432250977]",0.0484694,475.000,"[0.0,0.0,0.0,0.0]","[0.0,0.0,0.0,0.0,0.0,0.0,0.0,0.0]","[0.0,0.0,0.0,0.0,0.0,0.0,0.0,0.0]",240,1,1
2026-08-11T14:21:52.448158+00:00,1245507.914530,disarmed_link,0.0000000,0.0000000,0.0000000,0.0000000,,,0,1,1,1,0,1,0.000000,346,17351,1,0,1,1,0,1,0,2606736603,53,44442,1245507865,54,0,-2.4739861,0.0018446,"[-0.3275241553783417,0.008992002345621586,-0.0341850146651268,0.9441814422607422]","[-0.0032248625066131353,0.0015142477350309491,0.0018446386093273759]","[-0.12932199239730835,-0.6850730180740356,9.817102432250977]",0.0478571,469.000,"[0.0,0.0,0.0,0.0]","[0.0,0.0,0.0,0.0,0.0,0.0,0.0,0.0]","[0.0,0.0,0.0,0.0,0.0,0.0,0.0,0.0]",255,1,1
2026-08-11T14:21:52.498237+00:00,1245507.964565,disarmed_link,0.0000000,0.0000000,0.0000000,0.0000000,,,0,1,1,1,0,1,0.000000,347,17401,1,0,1,1,0,1,0,2606736603,54,30175,1245507915,55,0,-2.4739861,0.0018446,"[-0.3275241553783417,0.008992002345621586,-0.0341850146651268,0.9441814422607422]","[-0.0032248625066131353,0.0015142477350309491,0.0018446386093273759]","[-0.12932199239730835,-0.6850730180740356,9.817102432250977]",0.0478571,469.000,"[0.0,0.0,0.0,0.0]","[0.0,0.0,0.0,0.0,0.0,0.0,0.0,0.0]","[0.0,0.0,0.0,0.0,0.0,0.0,0.0,0.0]",255,1,1
2026-08-11T14:21:52.548167+00:00,1245508.014525,disarmed_link,0.0000000,0.0000000,0.0000000,0.0000000,,,0,1,1,1,0,1,0.000000,348,17451,1,0,1,1,0,1,0,2606736603,55,25665,1245507965,56,0,-2.4739861,0.0018446,"[-0.3275241553783417,0.008992002345621586,-0.0341850146651268,0.9441814422607422]","[-0.0032248625066131353,0.0015142477350309491,0.0018446386093273759]","[-0.12932199239730835,-0.6850730180740356,9.817102432250977]",0.0478571,469.000,"[0.0,0.0,0.0,0.0]","[0.0,0.0,0.0,0.0,0.0,0.0,0.0,0.0]","[0.0,0.0,0.0,0.0,0.0,0.0,0.0,0.0]",255,1,1
2026-08-11T14:21:52.597448+00:00,1245508.064526,disarmed_link,0.0000000,0.0000000,0.0000000,0.0000000,,,0,1,1,1,0,1,0.000000,349,17501,1,0,1,1,0,1,0,2606736603,56,21098,1245508015,57,0,-2.4739861,0.0018446,"[-0.3275241553783417,0.008992002345621586,-0.0341850146651268,0.9441814422607422]","[-0.0032248625066131353,0.0015142477350309491,0.0018446386093273759]","[-0.12932199239730835,-0.6850730180740356,9.817102432250977]",0.0478571,469.000,"[0.0,0.0,0.0,0.0]","[0.0,0.0,0.0,0.0,0.0,0.0,0.0,0.0]","[0.0,0.0,0.0,0.0,0.0,0.0,0.0,0.0]",255,1,1
2026-08-11T14:21:52.647443+00:00,1245508.114528,disarmed_link,0.0000000,0.0000000,0.0000000,0.0000000,,,0,1,1,1,0,1,0.000000,350,17551,1,0,1,1,0,1,0,2606736603,57,32885,1245508065,58,0,-2.4739861,0.0018446,"[-0.3275241553783417,0.008992002345621586,-0.0341850146651268,0.9441814422607422]","[-0.0032248625066131353,0.0015142477350309491,0.0018446386093273759]","[-0.12932199239730835,-0.6850730180740356,9.817102432250977]",0.0497959,488.000,"[0.0,0.0,0.0,0.0]","[0.0,0.0,0.0,0.0,0.0,0.0,0.0,0.0]","[0.0,0.0,0.0,0.0,0.0,0.0,0.0,0.0]",255,1,1
2026-08-11T14:21:52.698144+00:00,1245508.164550,disarmed_link,0.0000000,0.0000000,0.0000000,0.0000000,,,0,1,1,1,0,1,0.000000,351,17601,1,0,1,1,0,1,0,2606736603,58,14490,1245508115,59,0,-2.4739861,0.0018446,"[-0.3275241553783417,0.008992002345621586,-0.0341850146651268,0.9441814422607422]","[-0.0032248625066131353,0.0015142477350309491,0.0018446386093273759]","[-0.12932199239730835,-0.6850730180740356,9.817102432250977]",0.0497959,488.000,"[0.0,0.0,0.0,0.0]","[0.0,0.0,0.0,0.0,0.0,0.0,0.0,0.0]","[0.0,0.0,0.0,0.0,0.0,0.0,0.0,0.0]",240,1,1
2026-08-11T14:21:52.748156+00:00,1245508.214526,disarmed_link,0.0000000,0.0000000,0.0000000,0.0000000,,,0,1,1,1,0,1,0.000000,352,17651,1,0,1,1,0,1,0,2606736603,59,38319,1245508165,60,0,-2.4739861,0.0018446,"[-0.3275241553783417,0.008992002345621586,-0.0341850146651268,0.9441814422607422]","[-0.0032248625066131353,0.0015142477350309491,0.0018446386093273759]","[-0.12932199239730835,-0.6850730180740356,9.817102432250977]",0.0497959,488.000,"[0.0,0.0,0.0,0.0]","[0.0,0.0,0.0,0.0,0.0,0.0,0.0,0.0]","[0.0,0.0,0.0,0.0,0.0,0.0,0.0,0.0]",255,1,1
2026-08-11T14:21:52.798111+00:00,1245508.264526,disarmed_link,0.0000000,0.0000000,0.0000000,0.0000000,,,0,1,1,1,0,1,0.000000,353,17701,1,0,1,1,0,1,0,2606736603,60,61766,1245508215,61,0,-2.4739861,0.0018446,"[-0.3275241553783417,0.008992002345621586,-0.0341850146651268,0.9441814422607422]","[-0.0032248625066131353,0.0015142477350309491,0.0018446386093273759]","[-0.12932199239730835,-0.6850730180740356,9.817102432250977]",0.0497959,488.000,"[0.0,0.0,0.0,0.0]","[0.0,0.0,0.0,0.0,0.0,0.0,0.0,0.0]","[0.0,0.0,0.0,0.0,0.0,0.0,0.0,0.0]",255,1,1
2026-08-11T14:21:52.848135+00:00,1245508.314526,disarmed_link,0.0000000,0.0000000,0.0000000,0.0000000,,,0,1,1,1,0,1,0.000000,354,17751,1,0,1,1,0,1,0,2606736603,61,22771,1245508265,62,0,-2.4739861,0.0018446,"[-0.3275241553783417,0.008992002345621586,-0.0341850146651268,0.9441814422607422]","[-0.0032248625066131353,0.0015142477350309491,0.0018446386093273759]","[-0.12932199239730835,-0.6850730180740356,9.817102432250977]",0.0418367,410.000,"[0.0,0.0,0.0,0.0]","[0.0,0.0,0.0,0.0,0.0,0.0,0.0,0.0]","[0.0,0.0,0.0,0.0,0.0,0.0,0.0,0.0]",240,1,1
2026-08-11T14:21:52.898143+00:00,1245508.364537,disarmed_link,0.0000000,0.0000000,0.0000000,0.0000000,,,0,1,1,1,0,1,0.000000,355,17801,1,0,1,1,0,1,0,2606736603,62,60207,1245508315,63,0,-2.4739861,0.0018446,"[-0.3275241553783417,0.008992002345621586,-0.0341850146651268,0.9441814422607422]","[-0.0032248625066131353,0.0015142477350309491,0.0018446386093273759]","[-0.12932199239730835,-0.6850730180740356,9.817102432250977]",0.0418367,410.000,"[0.0,0.0,0.0,0.0]","[0.0,0.0,0.0,0.0,0.0,0.0,0.0,0.0]","[0.0,0.0,0.0,0.0,0.0,0.0,0.0,0.0]",255,1,1
2026-08-11T14:21:52.948238+00:00,1245508.414537,disarmed_link,0.0000000,0.0000000,0.0000000,0.0000000,,,0,1,1,1,0,1,0.000000,356,17851,1,0,1,1,0,1,0,2606736603,63,13488,1245508365,64,0,-2.4739861,0.0018446,"[-0.3275241553783417,0.008992002345621586,-0.0341850146651268,0.9441814422607422]","[-0.0032248625066131353,0.0015142477350309491,0.0018446386093273759]","[-0.12932199239730835,-0.6850730180740356,9.817102432250977]",0.0418367,410.000,"[0.0,0.0,0.0,0.0]","[0.0,0.0,0.0,0.0,0.0,0.0,0.0,0.0]","[0.0,0.0,0.0,0.0,0.0,0.0,0.0,0.0]",255,1,1
2026-08-11T14:21:52.998129+00:00,1245508.464525,disarmed_link,0.0000000,0.0000000,0.0000000,0.0000000,,,0,1,1,1,0,1,0.000000,357,17901,1,0,1,1,0,1,0,2606736603,64,20483,1245508415,65,0,-2.4739861,0.0018446,"[-0.3275241553783417,0.008992002345621586,-0.0341850146651268,0.9441814422607422]","[-0.0032248625066131353,0.0015142477350309491,0.0018446386093273759]","[-0.12932199239730835,-0.6850730180740356,9.817102432250977]",0.0418367,410.000,"[0.0,0.0,0.0,0.0]","[0.0,0.0,0.0,0.0,0.0,0.0,0.0,0.0]","[0.0,0.0,0.0,0.0,0.0,0.0,0.0,0.0]",255,1,1
2026-08-11T14:21:53.048147+00:00,1245508.514537,disarmed_link,0.0000000,0.0000000,0.0000000,0.0000000,,,0,1,1,1,0,1,0.000000,358,17951,1,0,1,1,0,1,0,2606736603,65,33308,1245508465,66,0,-2.4739861,0.0018446,"[-0.3275241553783417,0.008992002345621586,-0.0341850146651268,0.9441814422607422]","[-0.0032248625066131353,0.0015142477350309491,0.0018446386093273759]","[-0.12932199239730835,-0.6850730180740356,9.817102432250977]",0.0418367,410.000,"[0.0,0.0,0.0,0.0]","[0.0,0.0,0.0,0.0,0.0,0.0,0.0,0.0]","[0.0,0.0,0.0,0.0,0.0,0.0,0.0,0.0]",255,1,1
2026-08-11T14:21:53.098113+00:00,1245508.564526,disarmed_link,0.0000000,0.0000000,0.0000000,0.0000000,,,0,1,1,1,0,1,0.000000,359,18001,1,0,1,1,0,1,0,2606736603,66,46142,1245508515,67,0,-2.4739861,0.0018446,"[-0.3275241553783417,0.008992002345621586,-0.0341850146651268,0.9441814422607422]","[-0.0032248625066131353,0.0015142477350309491,0.0018446386093273759]","[-0.12932199239730835,-0.6850730180740356,9.817102432250977]",0.0418367,410.000,"[0.0,0.0,0.0,0.0]","[0.0,0.0,0.0,0.0,0.0,0.0,0.0,0.0]","[0.0,0.0,0.0,0.0,0.0,0.0,0.0,0.0]",255,1,1
2026-08-11T14:21:53.147740+00:00,1245508.614527,disarmed_link,0.0000000,0.0000000,0.0000000,0.0000000,,,0,1,1,1,0,1,0.000000,360,18051,1,0,1,1,0,1,0,2606736603,67,29330,1245508565,68,0,-2.4739861,0.0018446,"[-0.3275241553783417,0.008992002345621586,-0.0341850146651268,0.9441814422607422]","[-0.0032248625066131353,0.0015142477350309491,0.0018446386093273759]","[-0.12932199239730835,-0.6850730180740356,9.817102432250977]",0.0440816,432.000,"[0.0,0.0,0.0,0.0]","[0.0,0.0,0.0,0.0,0.0,0.0,0.0,0.0]","[0.0,0.0,0.0,0.0,0.0,0.0,0.0,0.0]",255,1,1
2026-08-11T14:21:53.197998+00:00,1245508.664525,disarmed_link,0.0000000,0.0000000,0.0000000,0.0000000,,,0,1,1,1,0,1,0.000000,361,18101,1,0,1,1,0,1,0,2606736603,68,21201,1245508615,69,0,-2.4739861,0.0018446,"[-0.3275241553783417,0.008992002345621586,-0.0341850146651268,0.9441814422607422]","[-0.0032248625066131353,0.0015142477350309491,0.0018446386093273759]","[-0.12932199239730835,-0.6850730180740356,9.817102432250977]",0.0440816,432.000,"[0.0,0.0,0.0,0.0]","[0.0,0.0,0.0,0.0,0.0,0.0,0.0,0.0]","[0.0,0.0,0.0,0.0,0.0,0.0,0.0,0.0]",255,1,1
2026-08-11T14:21:53.248138+00:00,1245508.714528,disarmed_link,0.0000000,0.0000000,0.0000000,0.0000000,,,0,1,1,1,0,1,0.000000,362,18151,1,0,1,1,0,1,0,2606736603,69,43432,1245508665,70,0,-2.4739861,0.0018446,"[-0.3275241553783417,0.008992002345621586,-0.0341850146651268,0.9441814422607422]","[-0.0032248625066131353,0.0015142477350309491,0.0018446386093273759]","[-0.12932199239730835,-0.6850730180740356,9.817102432250977]",0.0440816,432.000,"[0.0,0.0,0.0,0.0]","[0.0,0.0,0.0,0.0,0.0,0.0,0.0,0.0]","[0.0,0.0,0.0,0.0,0.0,0.0,0.0,0.0]",255,1,1
2026-08-11T14:21:53.298114+00:00,1245508.764526,disarmed_link,0.0000000,0.0000000,0.0000000,0.0000000,,,0,1,1,1,0,1,0.000000,363,18201,1,0,1,1,0,1,0,2606736603,70,29165,1245508715,71,0,-2.4739861,0.0018446,"[-0.3275241553783417,0.008992002345621586,-0.0341850146651268,0.9441814422607422]","[-0.0032248625066131353,0.0015142477350309491,0.0018446386093273759]","[-0.12932199239730835,-0.6850730180740356,9.817102432250977]",0.0440816,432.000,"[0.0,0.0,0.0,0.0]","[0.0,0.0,0.0,0.0,0.0,0.0,0.0,0.0]","[0.0,0.0,0.0,0.0,0.0,0.0,0.0,0.0]",255,1,1
2026-08-11T14:21:53.348124+00:00,1245508.814524,disarmed_link,0.0000000,0.0000000,0.0000000,0.0000000,,,0,1,1,1,0,1,0.000000,364,18251,1,0,1,1,0,1,0,2606736603,71,22822,1245508765,72,0,-2.4739861,0.0018446,"[-0.3275241553783417,0.008992002345621586,-0.0341850146651268,0.9441814422607422]","[-0.0032248625066131353,0.0015142477350309491,0.0018446386093273759]","[-0.12932199239730835,-0.6850730180740356,9.817102432250977]",0.0440816,432.000,"[0.0,0.0,0.0,0.0]","[0.0,0.0,0.0,0.0,0.0,0.0,0.0,0.0]","[0.0,0.0,0.0,0.0,0.0,0.0,0.0,0.0]",255,1,1
2026-08-11T14:21:53.398114+00:00,1245508.864526,disarmed_link,0.0000000,0.0000000,0.0000000,0.0000000,,,0,1,1,1,0,1,0.000000,365,18301,1,0,1,1,0,1,0,2606736603,72,33130,1245508815,73,0,-2.4739861,0.0018446,"[-0.3275241553783417,0.008992002345621586,-0.0341850146651268,0.9441814422607422]","[-0.0032248625066131353,0.0015142477350309491,0.0018446386093273759]","[-0.12932199239730835,-0.6850730180740356,9.817102432250977]",0.0440816,432.000,"[0.0,0.0,0.0,0.0]","[0.0,0.0,0.0,0.0,0.0,0.0,0.0,0.0]","[0.0,0.0,0.0,0.0,0.0,0.0,0.0,0.0]",255,1,1
2026-08-11T14:21:53.448144+00:00,1245508.914538,disarmed_link,0.0000000,0.0000000,0.0000000,0.0000000,,,0,1,1,1,0,1,0.000000,366,18351,1,0,1,1,0,1,0,2606736603,73,8671,1245508865,74,0,-2.4739861,0.0018446,"[-0.3275241553783417,0.008992002345621586,-0.0341850146651268,0.9441814422607422]","[-0.0032248625066131353,0.0015142477350309491,0.0018446386093273759]","[-0.12932199239730835,-0.6850730180740356,9.817102432250977]",0.0440816,432.000,"[0.0,0.0,0.0,0.0]","[0.0,0.0,0.0,0.0,0.0,0.0,0.0,0.0]","[0.0,0.0,0.0,0.0,0.0,0.0,0.0,0.0]",255,1,1
2026-08-11T14:21:53.498128+00:00,1245508.964526,disarmed_link,0.0000000,0.0000000,0.0000000,0.0000000,,,0,1,1,1,0,1,0.000000,367,18401,1,0,1,1,0,1,0,2606736603,74,17713,1245508915,75,0,-2.4739861,0.0018446,"[-0.3275241553783417,0.008992002345621586,-0.0341850146651268,0.9441814422607422]","[-0.0032248625066131353,0.0015142477350309491,0.0018446386093273759]","[-0.12932199239730835,-0.6850730180740356,9.817102432250977]",0.0440816,432.000,"[0.0,0.0,0.0,0.0]","[0.0,0.0,0.0,0.0,0.0,0.0,0.0,0.0]","[0.0,0.0,0.0,0.0,0.0,0.0,0.0,0.0]",255,1,1
2026-08-11T14:21:53.548137+00:00,1245509.014532,disarmed_link,0.0000000,0.0000000,0.0000000,0.0000000,,,0,1,1,1,0,1,0.000000,368,18451,1,0,1,1,0,1,0,2606736603,75,59396,1245508965,76,0,-2.4739861,0.0018446,"[-0.3275241553783417,0.008992002345621586,-0.0341850146651268,0.9441814422607422]","[-0.0032248625066131353,0.0015142477350309491,0.0018446386093273759]","[-0.12932199239730835,-0.6850730180740356,9.817102432250977]",0.0439796,431.000,"[0.0,0.0,0.0,0.0]","[0.0,0.0,0.0,0.0,0.0,0.0,0.0,0.0]","[0.0,0.0,0.0,0.0,0.0,0.0,0.0,0.0]",255,1,1
2026-08-11T14:21:53.598146+00:00,1245509.064565,disarmed_link,0.0000000,0.0000000,0.0000000,0.0000000,,,0,1,1,1,0,1,0.000000,369,18501,1,0,1,1,0,1,0,2606736603,76,46520,1245509015,77,0,-2.4739861,0.0018446,"[-0.3275241553783417,0.008992002345621586,-0.0341850146651268,0.9441814422607422]","[-0.0032248625066131353,0.0015142477350309491,0.0018446386093273759]","[-0.12932199239730835,-0.6850730180740356,9.817102432250977]",0.0439796,431.000,"[0.0,0.0,0.0,0.0]","[0.0,0.0,0.0,0.0,0.0,0.0,0.0,0.0]","[0.0,0.0,0.0,0.0,0.0,0.0,0.0,0.0]",255,1,1
2026-08-11T14:21:53.648128+00:00,1245509.114525,disarmed_link,0.0000000,0.0000000,0.0000000,0.0000000,,,0,1,1,1,0,1,0.000000,370,18551,1,0,1,1,0,1,0,2606736603,77,62058,1245509065,78,0,-2.4739861,0.0018446,"[-0.3275241553783417,0.008992002345621586,-0.0341850146651268,0.9441814422607422]","[-0.0032248625066131353,0.0015142477350309491,0.0018446386093273759]","[-0.12932199239730835,-0.6850730180740356,9.817102432250977]",0.0439796,431.000,"[0.0,0.0,0.0,0.0]","[0.0,0.0,0.0,0.0,0.0,0.0,0.0,0.0]","[0.0,0.0,0.0,0.0,0.0,0.0,0.0,0.0]",240,1,1
2026-08-11T14:21:53.697454+00:00,1245509.164509,disarmed_link,0.0000000,0.0000000,0.0000000,0.0000000,,,0,1,1,1,0,1,0.000000,371,18601,1,0,1,1,0,1,0,2606736603,78,38532,1245509115,79,0,-2.4739861,0.0018446,"[-0.3275241553783417,0.008992002345621586,-0.0341850146651268,0.9441814422607422]","[-0.0032248625066131353,0.0015142477350309491,0.0018446386093273759]","[-0.12932199239730835,-0.6850730180740356,9.817102432250977]",0.0439796,431.000,"[0.0,0.0,0.0,0.0]","[0.0,0.0,0.0,0.0,0.0,0.0,0.0,0.0]","[0.0,0.0,0.0,0.0,0.0,0.0,0.0,0.0]",255,1,1
2026-08-11T14:21:53.748024+00:00,1245509.214527,disarmed_link,0.0000000,0.0000000,0.0000000,0.0000000,,,0,1,1,1,0,1,0.000000,372,18651,1,0,1,1,0,1,0,2606736603,79,12418,1245509165,80,0,-2.4739861,0.0018446,"[-0.3275241553783417,0.008992002345621586,-0.0341850146651268,0.9441814422607422]","[-0.0032248625066131353,0.0015142477350309491,0.0018446386093273759]","[-0.12932199239730835,-0.6850730180740356,9.817102432250977]",0.0439796,431.000,"[0.0,0.0,0.0,0.0]","[0.0,0.0,0.0,0.0,0.0,0.0,0.0,0.0]","[0.0,0.0,0.0,0.0,0.0,0.0,0.0,0.0]",240,1,1
2026-08-11T14:21:53.798092+00:00,1245509.264526,disarmed_link,0.0000000,0.0000000,0.0000000,0.0000000,,,0,1,1,1,0,1,0.000000,373,18701,1,0,1,1,0,1,0,2606736603,80,33611,1245509215,81,0,-2.4739861,0.0018446,"[-0.3275241553783417,0.008992002345621586,-0.0341850146651268,0.9441814422607422]","[-0.0032248625066131353,0.0015142477350309491,0.0018446386093273759]","[-0.12932199239730835,-0.6850730180740356,9.817102432250977]",0.0401020,393.000,"[0.0,0.0,0.0,0.0]","[0.0,0.0,0.0,0.0,0.0,0.0,0.0,0.0]","[0.0,0.0,0.0,0.0,0.0,0.0,0.0,0.0]",255,1,1
2026-08-11T14:21:53.848168+00:00,1245509.314527,disarmed_link,0.0000000,0.0000000,0.0000000,0.0000000,,,0,1,1,1,0,1,0.000000,374,18751,1,0,1,1,0,1,0,2606736603,81,48947,1245509265,82,0,-2.4739861,0.0018446,"[-0.3275241553783417,0.008992002345621586,-0.0341850146651268,0.9441814422607422]","[-0.0032248625066131353,0.0015142477350309491,0.0018446386093273759]","[-0.12932199239730835,-0.6850730180740356,9.817102432250977]",0.0401020,393.000,"[0.0,0.0,0.0,0.0]","[0.0,0.0,0.0,0.0,0.0,0.0,0.0,0.0]","[0.0,0.0,0.0,0.0,0.0,0.0,0.0,0.0]",255,1,1
2026-08-11T14:21:53.898092+00:00,1245509.364525,disarmed_link,0.0000000,0.0000000,0.0000000,0.0000000,,,0,1,1,1,0,1,0.000000,375,18801,1,0,1,1,0,1,0,2606736603,82,26486,1245509315,83,0,-2.4739861,0.0018446,"[-0.3275241553783417,0.008992002345621586,-0.0341850146651268,0.9441814422607422]","[-0.0032248625066131353,0.0015142477350309491,0.0018446386093273759]","[-0.12932199239730835,-0.6850730180740356,9.817102432250977]",0.0401020,393.000,"[0.0,0.0,0.0,0.0]","[0.0,0.0,0.0,0.0,0.0,0.0,0.0,0.0]","[0.0,0.0,0.0,0.0,0.0,0.0,0.0,0.0]",255,1,1
2026-08-11T14:21:53.948135+00:00,1245509.414527,disarmed_link,0.0000000,0.0000000,0.0000000,0.0000000,,,0,1,1,1,0,1,0.000000,376,18851,1,0,1,1,0,1,0,2606736603,83,30440,1245509365,84,0,-2.4739861,0.0018446,"[-0.3275241553783417,0.008992002345621586,-0.0341850146651268,0.9441814422607422]","[-0.0032248625066131353,0.0015142477350309491,0.0018446386093273759]","[-0.12932199239730835,-0.6850730180740356,9.817102432250977]",0.0401020,393.000,"[0.0,0.0,0.0,0.0]","[0.0,0.0,0.0,0.0,0.0,0.0,0.0,0.0]","[0.0,0.0,0.0,0.0,0.0,0.0,0.0,0.0]",255,1,1
2026-08-11T14:21:53.998128+00:00,1245509.464545,disarmed_link,0.0000000,0.0000000,0.0000000,0.0000000,,,0,1,1,1,0,1,0.000000,377,18901,1,0,1,1,0,1,0,2606736603,84,56320,1245509415,85,0,-2.4739861,0.0018446,"[-0.3275241553783417,0.008992002345621586,-0.0341850146651268,0.9441814422607422]","[-0.0032248625066131353,0.0015142477350309491,0.0018446386093273759]","[-0.12932199239730835,-0.6850730180740356,9.817102432250977]",0.0372449,365.000,"[0.0,0.0,0.0,0.0]","[0.0,0.0,0.0,0.0,0.0,0.0,0.0,0.0]","[0.0,0.0,0.0,0.0,0.0,0.0,0.0,0.0]",240,1,1
2026-08-11T14:21:54.048143+00:00,1245509.514538,disarmed_link,0.0000000,0.0000000,0.0000000,0.0000000,,,0,1,1,1,0,1,0.000000,378,18951,1,0,1,1,0,1,0,2606736603,85,61515,1245509465,86,0,-2.4739861,0.0018446,"[-0.3275241553783417,0.008992002345621586,-0.0341850146651268,0.9441814422607422]","[-0.0032248625066131353,0.0015142477350309491,0.0018446386093273759]","[-0.12932199239730835,-0.6850730180740356,9.817102432250977]",0.0372449,365.000,"[0.0,0.0,0.0,0.0]","[0.0,0.0,0.0,0.0,0.0,0.0,0.0,0.0]","[0.0,0.0,0.0,0.0,0.0,0.0,0.0,0.0]",255,1,1
2026-08-11T14:21:54.098112+00:00,1245509.564526,disarmed_link,0.0000000,0.0000000,0.0000000,0.0000000,,,0,1,1,1,0,1,0.000000,379,19001,1,0,1,1,0,1,0,2606736603,86,50793,1245509515,87,0,-2.4739861,0.0018446,"[-0.3275241553783417,0.008992002345621586,-0.0341850146651268,0.9441814422607422]","[-0.0032248625066131353,0.0015142477350309491,0.0018446386093273759]","[-0.12932199239730835,-0.6850730180740356,9.817102432250977]",0.0372449,365.000,"[0.0,0.0,0.0,0.0]","[0.0,0.0,0.0,0.0,0.0,0.0,0.0,0.0]","[0.0,0.0,0.0,0.0,0.0,0.0,0.0,0.0]",255,1,1
2026-08-11T14:21:54.148147+00:00,1245509.614527,disarmed_link,0.0000000,0.0000000,0.0000000,0.0000000,,,0,1,1,1,0,1,0.000000,380,19051,1,0,1,1,0,1,0,2606736603,87,55287,1245509565,88,0,-2.4739861,0.0018446,"[-0.3275241553783417,0.008992002345621586,-0.0341850146651268,0.9441814422607422]","[-0.0032248625066131353,0.0015142477350309491,0.0018446386093273759]","[-0.12932199239730835,-0.6850730180740356,9.817102432250977]",0.0372449,365.000,"[0.0,0.0,0.0,0.0]","[0.0,0.0,0.0,0.0,0.0,0.0,0.0,0.0]","[0.0,0.0,0.0,0.0,0.0,0.0,0.0,0.0]",255,1,1
2026-08-11T14:21:54.198122+00:00,1245509.664529,disarmed_link,0.0000000,0.0000000,0.0000000,0.0000000,,,0,1,1,1,0,1,0.000000,381,19101,1,0,1,1,0,1,0,2606736603,88,4027,1245509615,89,0,-2.4739861,0.0018446,"[-0.3275241553783417,0.008992002345621586,-0.0341850146651268,0.9441814422607422]","[-0.0032248625066131353,0.0015142477350309491,0.0018446386093273759]","[-0.12932199239730835,-0.6850730180740356,9.817102432250977]",0.0372449,365.000,"[0.0,0.0,0.0,0.0]","[0.0,0.0,0.0,0.0,0.0,0.0,0.0,0.0]","[0.0,0.0,0.0,0.0,0.0,0.0,0.0,0.0]",255,1,1
2026-08-11T14:21:54.248153+00:00,1245509.714538,disarmed_link,0.0000000,0.0000000,0.0000000,0.0000000,,,0,1,1,1,0,1,0.000000,382,19151,1,0,1,1,0,1,0,2606736603,89,33730,1245509665,90,0,-2.4739861,0.0018446,"[-0.3275241553783417,0.008992002345621586,-0.0341850146651268,0.9441814422607422]","[-0.0032248625066131353,0.0015142477350309491,0.0018446386093273759]","[-0.12932199239730835,-0.6850730180740356,9.817102432250977]",0.0257143,252.000,"[0.0,0.0,0.0,0.0]","[0.0,0.0,0.0,0.0,0.0,0.0,0.0,0.0]","[0.0,0.0,0.0,0.0,0.0,0.0,0.0,0.0]",255,1,1
2026-08-11T14:21:54.298109+00:00,1245509.764528,disarmed_link,0.0000000,0.0000000,0.0000000,0.0000000,,,0,1,1,1,0,1,0.000000,383,19201,1,0,1,1,0,1,0,2606736603,90,12318,1245509715,91,0,-2.4739861,0.0018446,"[-0.3275241553783417,0.008992002345621586,-0.0341850146651268,0.9441814422607422]","[-0.0032248625066131353,0.0015142477350309491,0.0018446386093273759]","[-0.12932199239730835,-0.6850730180740356,9.817102432250977]",0.0257143,252.000,"[0.0,0.0,0.0,0.0]","[0.0,0.0,0.0,0.0,0.0,0.0,0.0,0.0]","[0.0,0.0,0.0,0.0,0.0,0.0,0.0,0.0]",240,1,1
2026-08-11T14:21:54.347823+00:00,1245509.814531,disarmed_link,0.0000000,0.0000000,0.0000000,0.0000000,,,0,1,1,1,0,1,0.000000,384,19251,1,0,1,1,0,1,0,2606736603,91,29516,1245509765,92,0,-2.4739861,0.0018446,"[-0.3275241553783417,0.008992002345621586,-0.0341850146651268,0.9441814422607422]","[-0.0032248625066131353,0.0015142477350309491,0.0018446386093273759]","[-0.12932199239730835,-0.6850730180740356,9.817102432250977]",0.0257143,252.000,"[0.0,0.0,0.0,0.0]","[0.0,0.0,0.0,0.0,0.0,0.0,0.0,0.0]","[0.0,0.0,0.0,0.0,0.0,0.0,0.0,0.0]",255,1,1
2026-08-11T14:21:54.398111+00:00,1245509.864528,disarmed_link,0.0000000,0.0000000,0.0000000,0.0000000,,,0,1,1,1,0,1,0.000000,385,19301,1,0,1,1,0,1,0,2606736603,92,6053,1245509815,93,0,-2.4739861,0.0018446,"[-0.3275241553783417,0.008992002345621586,-0.0341850146651268,0.9441814422607422]","[-0.0032248625066131353,0.0015142477350309491,0.0018446386093273759]","[-0.12932199239730835,-0.6850730180740356,9.817102432250977]",0.0223469,219.000,"[0.0,0.0,0.0,0.0]","[0.0,0.0,0.0,0.0,0.0,0.0,0.0,0.0]","[0.0,0.0,0.0,0.0,0.0,0.0,0.0,0.0]",255,1,1
2026-08-11T14:21:54.448152+00:00,1245509.914555,disarmed_link,0.0000000,0.0000000,0.0000000,0.0000000,,,0,1,1,1,0,1,0.000000,386,19351,1,0,1,1,0,1,0,2606736603,93,20599,1245509865,94,0,-2.4739861,0.0018446,"[-0.3275241553783417,0.008992002345621586,-0.0341850146651268,0.9441814422607422]","[-0.0032248625066131353,0.0015142477350309491,0.0018446386093273759]","[-0.12932199239730835,-0.6850730180740356,9.817102432250977]",0.0223469,219.000,"[0.0,0.0,0.0,0.0]","[0.0,0.0,0.0,0.0,0.0,0.0,0.0,0.0]","[0.0,0.0,0.0,0.0,0.0,0.0,0.0,0.0]",255,1,1
2026-08-11T14:21:54.498184+00:00,1245509.964530,disarmed_link,0.0000000,0.0000000,0.0000000,0.0000000,,,0,1,1,1,0,1,0.000000,387,19401,1,0,1,1,0,1,0,2606736603,94,37121,1245509915,95,0,-2.4739861,0.0018446,"[-0.3275241553783417,0.008992002345621586,-0.0341850146651268,0.9441814422607422]","[-0.0032248625066131353,0.0015142477350309491,0.0018446386093273759]","[-0.12932199239730835,-0.6850730180740356,9.817102432250977]",0.0223469,219.000,"[0.0,0.0,0.0,0.0]","[0.0,0.0,0.0,0.0,0.0,0.0,0.0,0.0]","[0.0,0.0,0.0,0.0,0.0,0.0,0.0,0.0]",240,1,1
2026-08-11T14:21:54.548290+00:00,1245510.014580,disarmed_link,0.0000000,0.0000000,0.0000000,0.0000000,,,0,1,1,1,0,1,0.000000,388,19451,1,0,1,1,0,1,0,2606736603,95,15412,1245509965,96,0,-2.4739861,0.0018446,"[-0.3275241553783417,0.008992002345621586,-0.0341850146651268,0.9441814422607422]","[-0.0032248625066131353,0.0015142477350309491,0.0018446386093273759]","[-0.12932199239730835,-0.6850730180740356,9.817102432250977]",0.0223469,219.000,"[0.0,0.0,0.0,0.0]","[0.0,0.0,0.0,0.0,0.0,0.0,0.0,0.0]","[0.0,0.0,0.0,0.0,0.0,0.0,0.0,0.0]",255,1,1
2026-08-11T14:21:54.598119+00:00,1245510.064528,disarmed_link,0.0000000,0.0000000,0.0000000,0.0000000,,,0,1,1,1,0,1,0.000000,389,19501,1,0,1,1,0,1,0,2606736603,96,22775,1245510015,97,0,-2.4739861,0.0018446,"[-0.3275241553783417,0.008992002345621586,-0.0341850146651268,0.9441814422607422]","[-0.0032248625066131353,0.0015142477350309491,0.0018446386093273759]","[-0.12932199239730835,-0.6850730180740356,9.817102432250977]",0.0223469,219.000,"[0.0,0.0,0.0,0.0]","[0.0,0.0,0.0,0.0,0.0,0.0,0.0,0.0]","[0.0,0.0,0.0,0.0,0.0,0.0,0.0,0.0]",240,1,1
2026-08-11T14:21:54.648149+00:00,1245510.114533,disarmed_link,0.0000000,0.0000000,0.0000000,0.0000000,,,0,1,1,1,0,1,0.000000,390,19551,1,0,1,1,0,1,0,2606736603,97,25743,1245510065,98,0,-2.4739861,0.0018446,"[-0.3275241553783417,0.008992002345621586,-0.0341850146651268,0.9441814422607422]","[-0.0032248625066131353,0.0015142477350309491,0.0018446386093273759]","[-0.12932199239730835,-0.6850730180740356,9.817102432250977]",0.0181633,178.000,"[0.0,0.0,0.0,0.0]","[0.0,0.0,0.0,0.0,0.0,0.0,0.0,0.0]","[0.0,0.0,0.0,0.0,0.0,0.0,0.0,0.0]",255,1,1
2026-08-11T14:21:54.698084+00:00,1245510.164525,disarmed_link,0.0000000,0.0000000,0.0000000,0.0000000,,,0,1,1,1,0,1,0.000000,391,19601,1,0,1,1,0,1,0,2606736603,98,48330,1245510115,99,0,-2.4739861,0.0018446,"[-0.3275241553783417,0.008992002345621586,-0.0341850146651268,0.9441814422607422]","[-0.0032248625066131353,0.0015142477350309491,0.0018446386093273759]","[-0.12932199239730835,-0.6850730180740356,9.817102432250977]",0.0181633,178.000,"[0.0,0.0,0.0,0.0]","[0.0,0.0,0.0,0.0,0.0,0.0,0.0,0.0]","[0.0,0.0,0.0,0.0,0.0,0.0,0.0,0.0]",255,1,1
2026-08-11T14:21:54.748205+00:00,1245510.214543,disarmed_link,0.0000000,0.0000000,0.0000000,0.0000000,,,0,1,1,1,0,1,0.000000,392,19651,1,0,1,1,0,1,0,2606736603,99,29013,1245510165,100,0,-2.4739861,0.0018446,"[-0.3275241553783417,0.008992002345621586,-0.0341850146651268,0.9441814422607422]","[-0.0032248625066131353,0.0015142477350309491,0.0018446386093273759]","[-0.12932199239730835,-0.6850730180740356,9.817102432250977]",0.0181633,178.000,"[0.0,0.0,0.0,0.0]","[0.0,0.0,0.0,0.0,0.0,0.0,0.0,0.0]","[0.0,0.0,0.0,0.0,0.0,0.0,0.0,0.0]",240,1,1
2026-08-11T14:21:54.798146+00:00,1245510.264550,disarmed_link,0.0000000,0.0000000,0.0000000,0.0000000,,,0,1,1,1,0,1,0.000000,393,19701,1,0,1,1,0,1,0,2606736603,100,43287,1245510215,101,0,-2.4739861,0.0018446,"[-0.3275241553783417,0.008992002345621586,-0.0341850146651268,0.9441814422607422]","[-0.0032248625066131353,0.0015142477350309491,0.0018446386093273759]","[-0.12932199239730835,-0.6850730180740356,9.817102432250977]",0.0181633,178.000,"[0.0,0.0,0.0,0.0]","[0.0,0.0,0.0,0.0,0.0,0.0,0.0,0.0]","[0.0,0.0,0.0,0.0,0.0,0.0,0.0,0.0]",255,1,1
2026-08-11T14:21:54.848139+00:00,1245510.314528,disarmed_link,0.0000000,0.0000000,0.0000000,0.0000000,,,0,1,1,1,0,1,0.000000,394,19751,1,0,1,1,0,1,0,2606736603,101,21102,1245510265,102,0,-2.4739861,0.0018446,"[-0.3275241553783417,0.008992002345621586,-0.0341850146651268,0.9441814422607422]","[-0.0032248625066131353,0.0015142477350309491,0.0018446386093273759]","[-0.12932199239730835,-0.6850730180740356,9.817102432250977]",0.0204082,200.000,"[0.0,0.0,0.0,0.0]","[0.0,0.0,0.0,0.0,0.0,0.0,0.0,0.0]","[0.0,0.0,0.0,0.0,0.0,0.0,0.0,0.0]",240,1,1
2026-08-11T14:21:54.898114+00:00,1245510.364526,disarmed_link,0.0000000,0.0000000,0.0000000,0.0000000,,,0,1,1,1,0,1,0.000000,395,19801,1,0,1,1,0,1,0,2606736603,102,25676,1245510315,103,0,-2.4739861,0.0018446,"[-0.3275241553783417,0.008992002345621586,-0.0341850146651268,0.9441814422607422]","[-0.0032248625066131353,0.0015142477350309491,0.0018446386093273759]","[-0.12932199239730835,-0.6850730180740356,9.817102432250977]",0.0204082,200.000,"[0.0,0.0,0.0,0.0]","[0.0,0.0,0.0,0.0,0.0,0.0,0.0,0.0]","[0.0,0.0,0.0,0.0,0.0,0.0,0.0,0.0]",240,1,1
2026-08-11T14:21:54.948138+00:00,1245510.414532,disarmed_link,0.0000000,0.0000000,0.0000000,0.0000000,,,0,1,1,1,0,1,0.000000,396,19851,1,0,1,1,0,1,0,2606736603,103,41696,1245510365,104,0,-2.4739861,0.0018446,"[-0.3275241553783417,0.008992002345621586,-0.0341850146651268,0.9441814422607422]","[-0.0032248625066131353,0.0015142477350309491,0.0018446386093273759]","[-0.12932199239730835,-0.6850730180740356,9.817102432250977]",0.0204082,200.000,"[0.0,0.0,0.0,0.0]","[0.0,0.0,0.0,0.0,0.0,0.0,0.0,0.0]","[0.0,0.0,0.0,0.0,0.0,0.0,0.0,0.0]",240,1,1
2026-08-11T14:21:54.998004+00:00,1245510.464468,disarmed_link,0.0000000,0.0000000,0.0000000,0.0000000,,,0,1,1,1,0,1,0.000000,397,19901,1,0,1,1,0,1,0,2606736603,104,2054,1245510415,105,0,-2.4739861,0.0018446,"[-0.3275241553783417,0.008992002345621586,-0.0341850146651268,0.9441814422607422]","[-0.0032248625066131353,0.0015142477350309491,0.0018446386093273759]","[-0.12932199239730835,-0.6850730180740356,9.817102432250977]",0.0188776,185.000,"[0.0,0.0,0.0,0.0]","[0.0,0.0,0.0,0.0,0.0,0.0,0.0,0.0]","[0.0,0.0,0.0,0.0,0.0,0.0,0.0,0.0]",255,1,1
2026-08-11T14:21:55.048149+00:00,1245510.514532,disarmed_link,0.0000000,0.0000000,0.0000000,0.0000000,,,0,1,1,1,0,1,0.000000,398,19951,1,0,1,1,0,1,0,2606736603,105,55833,1245510465,106,0,-2.4739861,0.0018446,"[-0.3275241553783417,0.008992002345621586,-0.0341850146651268,0.9441814422607422]","[-0.0032248625066131353,0.0015142477350309491,0.0018446386093273759]","[-0.12932199239730835,-0.6850730180740356,9.817102432250977]",0.0188776,185.000,"[0.0,0.0,0.0,0.0]","[0.0,0.0,0.0,0.0,0.0,0.0,0.0,0.0]","[0.0,0.0,0.0,0.0,0.0,0.0,0.0,0.0]",255,1,1
2026-08-11T14:21:55.098133+00:00,1245510.564527,disarmed_link,0.0000000,0.0000000,0.0000000,0.0000000,,,0,1,1,1,0,1,0.000000,399,20001,1,0,1,1,0,1,0,2606736603,106,48887,1245510515,107,0,-2.4739861,0.0018446,"[-0.3275241553783417,0.008992002345621586,-0.0341850146651268,0.9441814422607422]","[-0.0032248625066131353,0.0015142477350309491,0.0018446386093273759]","[-0.12932199239730835,-0.6850730180740356,9.817102432250977]",0.0185714,182.000,"[0.0,0.0,0.0,0.0]","[0.0,0.0,0.0,0.0,0.0,0.0,0.0,0.0]","[0.0,0.0,0.0,0.0,0.0,0.0,0.0,0.0]",240,1,1
2026-08-11T14:21:55.148138+00:00,1245510.614525,disarmed_link,0.0000000,0.0000000,0.0000000,0.0000000,,,0,1,1,1,0,1,0.000000,400,20051,1,0,1,1,0,1,0,2606736603,107,64933,1245510565,108,0,-2.4739861,0.0018446,"[-0.3275241553783417,0.008992002345621586,-0.0341850146651268,0.9441814422607422]","[-0.0032248625066131353,0.0015142477350309491,0.0018446386093273759]","[-0.12932199239730835,-0.6850730180740356,9.817102432250977]",0.0185714,182.000,"[0.0,0.0,0.0,0.0]","[0.0,0.0,0.0,0.0,0.0,0.0,0.0,0.0]","[0.0,0.0,0.0,0.0,0.0,0.0,0.0,0.0]",255,1,1
2026-08-11T14:21:55.198113+00:00,1245510.664527,disarmed_link,0.0000000,0.0000000,0.0000000,0.0000000,,,0,1,1,1,0,1,0.000000,401,20101,1,0,1,1,0,1,0,2606736603,108,20094,1245510615,109,0,-2.4739861,0.0018446,"[-0.3275241553783417,0.008992002345621586,-0.0341850146651268,0.9441814422607422]","[-0.0032248625066131353,0.0015142477350309491,0.0018446386093273759]","[-0.12932199239730835,-0.6850730180740356,9.817102432250977]",0.0214286,210.000,"[0.0,0.0,0.0,0.0]","[0.0,0.0,0.0,0.0,0.0,0.0,0.0,0.0]","[0.0,0.0,0.0,0.0,0.0,0.0,0.0,0.0]",240,1,1
2026-08-11T14:21:55.248122+00:00,1245510.714530,disarmed_link,0.0000000,0.0000000,0.0000000,0.0000000,,,0,1,1,1,0,1,0.000000,402,20151,1,0,1,1,0,1,0,2606736603,109,61869,1245510665,110,0,-2.4739861,0.0018446,"[-0.3275241553783417,0.008992002345621586,-0.0341850146651268,0.9441814422607422]","[-0.0032248625066131353,0.0015142477350309491,0.0018446386093273759]","[-0.12932199239730835,-0.6850730180740356,9.817102432250977]",0.0214286,210.000,"[0.0,0.0,0.0,0.0]","[0.0,0.0,0.0,0.0,0.0,0.0,0.0,0.0]","[0.0,0.0,0.0,0.0,0.0,0.0,0.0,0.0]",240,1,1
2026-08-11T14:21:55.298121+00:00,1245510.764532,disarmed_link,0.0000000,0.0000000,0.0000000,0.0000000,,,0,1,1,1,0,1,0.000000,403,20201,1,0,1,1,0,1,0,2606736603,110,38211,1245510715,111,0,-2.4739861,0.0018446,"[-0.3275241553783417,0.008992002345621586,-0.0341850146651268,0.9441814422607422]","[-0.0032248625066131353,0.0015142477350309491,0.0018446386093273759]","[-0.12932199239730835,-0.6850730180740356,9.817102432250977]",0.0214286,210.000,"[0.0,0.0,0.0,0.0]","[0.0,0.0,0.0,0.0,0.0,0.0,0.0,0.0]","[0.0,0.0,0.0,0.0,0.0,0.0,0.0,0.0]",255,1,1
2026-08-11T14:21:55.348142+00:00,1245510.814527,disarmed_link,0.0000000,0.0000000,0.0000000,0.0000000,,,0,1,1,1,0,1,0.000000,404,20251,1,0,1,1,0,1,0,2606736603,111,14454,1245510765,112,0,-2.4739861,0.0018446,"[-0.3275241553783417,0.008992002345621586,-0.0341850146651268,0.9441814422607422]","[-0.0032248625066131353,0.0015142477350309491,0.0018446386093273759]","[-0.12932199239730835,-0.6850730180740356,9.817102432250977]",0.0220408,216.000,"[0.0,0.0,0.0,0.0]","[0.0,0.0,0.0,0.0,0.0,0.0,0.0,0.0]","[0.0,0.0,0.0,0.0,0.0,0.0,0.0,0.0]",240,1,1
2026-08-11T14:21:55.398116+00:00,1245510.864528,disarmed_link,0.0000000,0.0000000,0.0000000,0.0000000,,,0,1,1,1,0,1,0.000000,405,20301,1,0,1,1,0,1,0,2606736603,112,26072,1245510815,113,0,-2.4739861,0.0018446,"[-0.3275241553783417,0.008992002345621586,-0.0341850146651268,0.9441814422607422]","[-0.0032248625066131353,0.0015142477350309491,0.0018446386093273759]","[-0.12932199239730835,-0.6850730180740356,9.817102432250977]",0.0220408,216.000,"[0.0,0.0,0.0,0.0]","[0.0,0.0,0.0,0.0,0.0,0.0,0.0,0.0]","[0.0,0.0,0.0,0.0,0.0,0.0,0.0,0.0]",240,1,1
2026-08-11T14:21:55.448159+00:00,1245510.914532,disarmed_link,0.0000000,0.0000000,0.0000000,0.0000000,,,0,1,1,1,0,1,0.000000,406,20351,1,0,1,1,0,1,0,2606736603,113,47047,1245510865,114,0,-2.4739861,0.0018446,"[-0.3275241553783417,0.008992002345621586,-0.0341850146651268,0.9441814422607422]","[-0.0032248625066131353,0.0015142477350309491,0.0018446386093273759]","[-0.12932199239730835,-0.6850730180740356,9.817102432250977]",0.0360204,353.000,"[0.0,0.0,0.0,0.0]","[0.0,0.0,0.0,0.0,0.0,0.0,0.0,0.0]","[0.0,0.0,0.0,0.0,0.0,0.0,0.0,0.0]",255,1,1
2026-08-11T14:21:55.498136+00:00,1245510.964549,disarmed_link,0.0000000,0.0000000,0.0000000,0.0000000,,,0,1,1,1,0,1,0.000000,407,20401,1,0,1,1,0,1,0,2606736603,114,7464,1245510915,115,0,-2.4739861,0.0018446,"[-0.3275241553783417,0.008992002345621586,-0.0341850146651268,0.9441814422607422]","[-0.0032248625066131353,0.0015142477350309491,0.0018446386093273759]","[-0.12932199239730835,-0.6850730180740356,9.817102432250977]",0.0360204,353.000,"[0.0,0.0,0.0,0.0]","[0.0,0.0,0.0,0.0,0.0,0.0,0.0,0.0]","[0.0,0.0,0.0,0.0,0.0,0.0,0.0,0.0]",240,1,1
2026-08-11T14:21:55.548134+00:00,1245511.014528,disarmed_link,0.0000000,0.0000000,0.0000000,0.0000000,,,0,1,1,1,0,1,0.000000,408,20451,1,0,1,1,0,1,0,2606736603,115,3254,1245510965,116,0,-2.4739861,0.0018446,"[-0.3275241553783417,0.008992002345621586,-0.0341850146651268,0.9441814422607422]","[-0.0032248625066131353,0.0015142477350309491,0.0018446386093273759]","[-0.12932199239730835,-0.6850730180740356,9.817102432250977]",0.0360204,353.000,"[0.0,0.0,0.0,0.0]","[0.0,0.0,0.0,0.0,0.0,0.0,0.0,0.0]","[0.0,0.0,0.0,0.0,0.0,0.0,0.0,0.0]",240,1,1
2026-08-11T14:21:55.598119+00:00,1245511.064543,disarmed_link,0.0000000,0.0000000,0.0000000,0.0000000,,,0,1,1,1,0,1,0.000000,409,20501,1,0,1,1,0,1,0,2606736603,116,54516,1245511015,117,0,-2.4739861,0.0018446,"[-0.3275241553783417,0.008992002345621586,-0.0341850146651268,0.9441814422607422]","[-0.0032248625066131353,0.0015142477350309491,0.0018446386093273759]","[-0.12932199239730835,-0.6850730180740356,9.817102432250977]",0.0392857,385.000,"[0.0,0.0,0.0,0.0]","[0.0,0.0,0.0,0.0,0.0,0.0,0.0,0.0]","[0.0,0.0,0.0,0.0,0.0,0.0,0.0,0.0]",255,1,1
2026-08-11T14:21:55.648204+00:00,1245511.114533,disarmed_link,0.0000000,0.0000000,0.0000000,0.0000000,,,0,1,1,1,0,1,0.000000,410,20551,1,0,1,1,0,1,0,2606736603,117,5848,1245511065,118,0,-2.4739861,0.0018446,"[-0.3275241553783417,0.008992002345621586,-0.0341850146651268,0.9441814422607422]","[-0.0032248625066131353,0.0015142477350309491,0.0018446386093273759]","[-0.12932199239730835,-0.6850730180740356,9.817102432250977]",0.0392857,385.000,"[0.0,0.0,0.0,0.0]","[0.0,0.0,0.0,0.0,0.0,0.0,0.0,0.0]","[0.0,0.0,0.0,0.0,0.0,0.0,0.0,0.0]",240,1,1
2026-08-11T14:21:55.698146+00:00,1245511.164538,disarmed_link,0.0000000,0.0000000,0.0000000,0.0000000,,,0,1,1,1,0,1,0.000000,411,20601,1,0,1,1,0,1,0,2606736603,118,52893,1245511115,119,0,-2.4739861,0.0018446,"[-0.3275241553783417,0.008992002345621586,-0.0341850146651268,0.9441814422607422]","[-0.0032248625066131353,0.0015142477350309491,0.0018446386093273759]","[-0.12932199239730835,-0.6850730180740356,9.817102432250977]",0.0473469,464.000,"[0.0,0.0,0.0,0.0]","[0.0,0.0,0.0,0.0,0.0,0.0,0.0,0.0]","[0.0,0.0,0.0,0.0,0.0,0.0,0.0,0.0]",240,1,1
2026-08-11T14:21:55.747758+00:00,1245511.214520,disarmed_link,0.0000000,0.0000000,0.0000000,0.0000000,,,0,1,1,1,0,1,0.000000,412,20651,1,0,1,1,0,1,0,2606736603,119,57091,1245511165,120,0,-2.4739861,0.0018446,"[-0.3275241553783417,0.008992002345621586,-0.0341850146651268,0.9441814422607422]","[-0.0032248625066131353,0.0015142477350309491,0.0018446386093273759]","[-0.12932199239730835,-0.6850730180740356,9.817102432250977]",0.0473469,464.000,"[0.0,0.0,0.0,0.0]","[0.0,0.0,0.0,0.0,0.0,0.0,0.0,0.0]","[0.0,0.0,0.0,0.0,0.0,0.0,0.0,0.0]",255,1,1
2026-08-11T14:21:55.797895+00:00,1245511.264525,disarmed_link,0.0000000,0.0000000,0.0000000,0.0000000,,,0,1,1,1,0,1,0.000000,413,20701,1,0,1,1,0,1,0,2606736603,120,3196,1245511215,121,0,-2.4739861,0.0018446,"[-0.3275241553783417,0.008992002345621586,-0.0341850146651268,0.9441814422607422]","[-0.0032248625066131353,0.0015142477350309491,0.0018446386093273759]","[-0.12932199239730835,-0.6850730180740356,9.817102432250977]",0.0488775,479.000,"[0.0,0.0,0.0,0.0]","[0.0,0.0,0.0,0.0,0.0,0.0,0.0,0.0]","[0.0,0.0,0.0,0.0,0.0,0.0,0.0,0.0]",240,1,1
2026-08-11T14:21:55.848152+00:00,1245511.314528,disarmed_link,0.0000000,0.0000000,0.0000000,0.0000000,,,0,1,1,1,0,1,0.000000,414,20751,1,0,1,1,0,1,0,2606736603,121,56931,1245511265,122,0,-2.4739861,0.0018446,"[-0.3275241553783417,0.008992002345621586,-0.0341850146651268,0.9441814422607422]","[-0.0032248625066131353,0.0015142477350309491,0.0018446386093273759]","[-0.12932199239730835,-0.6850730180740356,9.817102432250977]",0.0488775,479.000,"[0.0,0.0,0.0,0.0]","[0.0,0.0,0.0,0.0,0.0,0.0,0.0,0.0]","[0.0,0.0,0.0,0.0,0.0,0.0,0.0,0.0]",240,1,1
2026-08-11T14:21:55.898113+00:00,1245511.364527,disarmed_link,0.0000000,0.0000000,0.0000000,0.0000000,,,0,1,1,1,0,1,0.000000,415,20801,1,0,1,1,0,1,0,2606736603,122,33752,1245511315,123,0,-2.4739861,0.0018446,"[-0.3275241553783417,0.008992002345621586,-0.0341850146651268,0.9441814422607422]","[-0.0032248625066131353,0.0015142477350309491,0.0018446386093273759]","[-0.12932199239730835,-0.6850730180740356,9.817102432250977]",0.0488775,479.000,"[0.0,0.0,0.0,0.0]","[0.0,0.0,0.0,0.0,0.0,0.0,0.0,0.0]","[0.0,0.0,0.0,0.0,0.0,0.0,0.0,0.0]",255,1,1
2026-08-11T14:21:55.948142+00:00,1245511.414537,disarmed_link,0.0000000,0.0000000,0.0000000,0.0000000,,,0,1,1,1,0,1,0.000000,416,20851,1,0,1,1,0,1,0,2606736603,123,12013,1245511365,124,0,-2.4739861,0.0018446,"[-0.3275241553783417,0.008992002345621586,-0.0341850146651268,0.9441814422607422]","[-0.0032248625066131353,0.0015142477350309491,0.0018446386093273759]","[-0.12932199239730835,-0.6850730180740356,9.817102432250977]",0.0473469,464.000,"[0.0,0.0,0.0,0.0]","[0.0,0.0,0.0,0.0,0.0,0.0,0.0,0.0]","[0.0,0.0,0.0,0.0,0.0,0.0,0.0,0.0]",240,1,1
2026-08-11T14:21:55.998118+00:00,1245511.464528,disarmed_link,0.0000000,0.0000000,0.0000000,0.0000000,,,0,1,1,1,0,1,0.000000,417,20901,1,0,1,1,0,1,0,2606736603,124,18948,1245511415,125,0,-2.4739861,0.0018446,"[-0.3275241553783417,0.008992002345621586,-0.0341850146651268,0.9441814422607422]","[-0.0032248625066131353,0.0015142477350309491,0.0018446386093273759]","[-0.12932199239730835,-0.6850730180740356,9.817102432250977]",0.0473469,464.000,"[0.0,0.0,0.0,0.0]","[0.0,0.0,0.0,0.0,0.0,0.0,0.0,0.0]","[0.0,0.0,0.0,0.0,0.0,0.0,0.0,0.0]",240,1,1
2026-08-11T14:21:56.048143+00:00,1245511.514526,disarmed_link,0.0000000,0.0000000,0.0000000,0.0000000,,,0,1,1,1,0,1,0.000000,418,20951,1,0,1,1,0,1,0,2606736603,125,32636,1245511465,126,0,-2.4739861,0.0018446,"[-0.3275241553783417,0.008992002345621586,-0.0341850146651268,0.9441814422607422]","[-0.0032248625066131353,0.0015142477350309491,0.0018446386093273759]","[-0.12932199239730835,-0.6850730180740356,9.817102432250977]",0.0461224,452.000,"[0.0,0.0,0.0,0.0]","[0.0,0.0,0.0,0.0,0.0,0.0,0.0,0.0]","[0.0,0.0,0.0,0.0,0.0,0.0,0.0,0.0]",255,1,1
2026-08-11T14:21:56.098120+00:00,1245511.564525,disarmed_link,0.0000000,0.0000000,0.0000000,0.0000000,,,0,1,1,1,0,1,0.000000,419,21001,1,0,1,1,0,1,0,2606736603,126,52384,1245511515,127,0,-2.4739861,0.0018446,"[-0.3275241553783417,0.008992002345621586,-0.0341850146651268,0.9441814422607422]","[-0.0032248625066131353,0.0015142477350309491,0.0018446386093273759]","[-0.12932199239730835,-0.6850730180740356,9.817102432250977]",0.0461224,452.000,"[0.0,0.0,0.0,0.0]","[0.0,0.0,0.0,0.0,0.0,0.0,0.0,0.0]","[0.0,0.0,0.0,0.0,0.0,0.0,0.0,0.0]",240,1,1
2026-08-11T14:21:56.148137+00:00,1245511.614526,disarmed_link,0.0000000,0.0000000,0.0000000,0.0000000,,,0,1,1,1,0,1,0.000000,420,21051,1,0,1,1,0,1,0,2606736603,127,36850,1245511565,128,0,-2.4739861,0.0018446,"[-0.3275241553783417,0.008992002345621586,-0.0341850146651268,0.9441814422607422]","[-0.0032248625066131353,0.0015142477350309491,0.0018446386093273759]","[-0.12932199239730835,-0.6850730180740356,9.817102432250977]",0.0461224,452.000,"[0.0,0.0,0.0,0.0]","[0.0,0.0,0.0,0.0,0.0,0.0,0.0,0.0]","[0.0,0.0,0.0,0.0,0.0,0.0,0.0,0.0]",240,1,1
2026-08-11T14:21:56.198093+00:00,1245511.664526,disarmed_link,0.0000000,0.0000000,0.0000000,0.0000000,,,0,1,1,1,0,1,0.000000,421,21101,1,0,1,1,0,1,0,2606736603,128,60321,1245511615,129,0,-2.4739861,0.0018446,"[-0.3275241553783417,0.008992002345621586,-0.0341850146651268,0.9441814422607422]","[-0.0032248625066131353,0.0015142477350309491,0.0018446386093273759]","[-0.12932199239730835,-0.6850730180740356,9.817102432250977]",0.0447959,439.000,"[0.0,0.0,0.0,0.0]","[0.0,0.0,0.0,0.0,0.0,0.0,0.0,0.0]","[0.0,0.0,0.0,0.0,0.0,0.0,0.0,0.0]",255,1,1
2026-08-11T14:21:56.248135+00:00,1245511.714529,disarmed_link,0.0000000,0.0000000,0.0000000,0.0000000,,,0,1,1,1,0,1,0.000000,422,21151,1,0,1,1,0,1,0,2606736603,129,14782,1245511665,130,0,-2.4739861,0.0018446,"[-0.3275241553783417,0.008992002345621586,-0.0341850146651268,0.9441814422607422]","[-0.0032248625066131353,0.0015142477350309491,0.0018446386093273759]","[-0.12932199239730835,-0.6850730180740356,9.817102432250977]",0.0447959,439.000,"[0.0,0.0,0.0,0.0]","[0.0,0.0,0.0,0.0,0.0,0.0,0.0,0.0]","[0.0,0.0,0.0,0.0,0.0,0.0,0.0,0.0]",240,1,1
2026-08-11T14:21:56.298115+00:00,1245511.764528,disarmed_link,0.0000000,0.0000000,0.0000000,0.0000000,,,0,1,1,1,0,1,0.000000,423,21201,1,0,1,1,0,1,0,2606736603,130,13126,1245511715,131,0,-2.4739861,0.0018446,"[-0.3275241553783417,0.008992002345621586,-0.0341850146651268,0.9441814422607422]","[-0.0032248625066131353,0.0015142477350309491,0.0018446386093273759]","[-0.12932199239730835,-0.6850730180740356,9.817102432250977]",0.0401020,393.000,"[0.0,0.0,0.0,0.0]","[0.0,0.0,0.0,0.0,0.0,0.0,0.0,0.0]","[0.0,0.0,0.0,0.0,0.0,0.0,0.0,0.0]",240,1,1
2026-08-11T14:21:56.348137+00:00,1245511.814527,disarmed_link,0.0000000,0.0000000,0.0000000,0.0000000,,,0,1,1,1,0,1,0.000000,424,21251,1,0,1,1,0,1,0,2606736603,131,62954,1245511765,132,0,-2.4739861,0.0018446,"[-0.3275241553783417,0.008992002345621586,-0.0341850146651268,0.9441814422607422]","[-0.0032248625066131353,0.0015142477350309491,0.0018446386093273759]","[-0.12932199239730835,-0.6850730180740356,9.817102432250977]",0.0401020,393.000,"[0.0,0.0,0.0,0.0]","[0.0,0.0,0.0,0.0,0.0,0.0,0.0,0.0]","[0.0,0.0,0.0,0.0,0.0,0.0,0.0,0.0]",255,1,1
2026-08-11T14:21:56.398135+00:00,1245511.864528,disarmed_link,0.0000000,0.0000000,0.0000000,0.0000000,,,0,1,1,1,0,1,0.000000,425,21301,1,0,1,1,0,1,0,2606736603,132,50127,1245511815,133,0,-2.4739861,0.0018446,"[-0.3275241553783417,0.008992002345621586,-0.0341850146651268,0.9441814422607422]","[-0.0032248625066131353,0.0015142477350309491,0.0018446386093273759]","[-0.12932199239730835,-0.6850730180740356,9.817102432250977]",0.0339796,333.000,"[0.0,0.0,0.0,0.0]","[0.0,0.0,0.0,0.0,0.0,0.0,0.0,0.0]","[0.0,0.0,0.0,0.0,0.0,0.0,0.0,0.0]",240,1,1
2026-08-11T14:21:56.448138+00:00,1245511.914527,disarmed_link,0.0000000,0.0000000,0.0000000,0.0000000,,,0,1,1,1,0,1,0.000000,426,21351,1,0,1,1,0,1,0,2606736603,133,14518,1245511865,134,0,-2.4739861,0.0018446,"[-0.3275241553783417,0.008992002345621586,-0.0341850146651268,0.9441814422607422]","[-0.0032248625066131353,0.0015142477350309491,0.0018446386093273759]","[-0.12932199239730835,-0.6850730180740356,9.817102432250977]",0.0339796,333.000,"[0.0,0.0,0.0,0.0]","[0.0,0.0,0.0,0.0,0.0,0.0,0.0,0.0]","[0.0,0.0,0.0,0.0,0.0,0.0,0.0,0.0]",240,1,1
2026-08-11T14:21:56.498115+00:00,1245511.964528,disarmed_link,0.0000000,0.0000000,0.0000000,0.0000000,,,0,1,1,1,0,1,0.000000,427,21401,1,0,1,1,0,1,0,2606736603,134,57587,1245511915,135,0,-2.4739861,0.0018446,"[-0.3275241553783417,0.008992002345621586,-0.0341850146651268,0.9441814422607422]","[-0.0032248625066131353,0.0015142477350309491,0.0018446386093273759]","[-0.12932199239730835,-0.6850730180740356,9.817102432250977]",0.0339796,333.000,"[0.0,0.0,0.0,0.0]","[0.0,0.0,0.0,0.0,0.0,0.0,0.0,0.0]","[0.0,0.0,0.0,0.0,0.0,0.0,0.0,0.0]",255,1,1
2026-08-11T14:21:56.548171+00:00,1245512.014541,disarmed_link,0.0000000,0.0000000,0.0000000,0.0000000,,,0,1,1,1,0,1,0.000000,428,21451,1,0,1,1,0,1,0,2606736603,135,21749,1245511965,136,0,-2.4739861,0.0018446,"[-0.3275241553783417,0.008992002345621586,-0.0341850146651268,0.9441814422607422]","[-0.0032248625066131353,0.0015142477350309491,0.0018446386093273759]","[-0.12932199239730835,-0.6850730180740356,9.817102432250977]",0.0329592,323.000,"[0.0,0.0,0.0,0.0]","[0.0,0.0,0.0,0.0,0.0,0.0,0.0,0.0]","[0.0,0.0,0.0,0.0,0.0,0.0,0.0,0.0]",240,1,1
2026-08-11T14:21:56.598222+00:00,1245512.064534,disarmed_link,0.0000000,0.0000000,0.0000000,0.0000000,,,0,1,1,1,0,1,0.000000,429,21501,1,0,1,1,0,1,0,2606736603,136,36025,1245512015,137,0,-2.4739861,0.0018446,"[-0.3275241553783417,0.008992002345621586,-0.0341850146651268,0.9441814422607422]","[-0.0032248625066131353,0.0015142477350309491,0.0018446386093273759]","[-0.12932199239730835,-0.6850730180740356,9.817102432250977]",0.0329592,323.000,"[0.0,0.0,0.0,0.0]","[0.0,0.0,0.0,0.0,0.0,0.0,0.0,0.0]","[0.0,0.0,0.0,0.0,0.0,0.0,0.0,0.0]",240,1,1
2026-08-11T14:21:56.648143+00:00,1245512.114530,disarmed_link,0.0000000,0.0000000,0.0000000,0.0000000,,,0,1,1,1,0,1,0.000000,430,21551,1,0,1,1,0,1,0,2606736603,137,45249,1245512065,138,0,-2.4739861,0.0018446,"[-0.3275241553783417,0.008992002345621586,-0.0341850146651268,0.9441814422607422]","[-0.0032248625066131353,0.0015142477350309491,0.0018446386093273759]","[-0.12932199239730835,-0.6850730180740356,9.817102432250977]",0.0323469,317.000,"[0.0,0.0,0.0,0.0]","[0.0,0.0,0.0,0.0,0.0,0.0,0.0,0.0]","[0.0,0.0,0.0,0.0,0.0,0.0,0.0,0.0]",255,1,1
2026-08-11T14:21:56.698126+00:00,1245512.164528,disarmed_link,0.0000000,0.0000000,0.0000000,0.0000000,,,0,1,1,1,0,1,0.000000,431,21601,1,0,1,1,0,1,0,2606736603,138,54319,1245512115,139,0,-2.4739861,0.0018446,"[-0.3275241553783417,0.008992002345621586,-0.0341850146651268,0.9441814422607422]","[-0.0032248625066131353,0.0015142477350309491,0.0018446386093273759]","[-0.12932199239730835,-0.6850730180740356,9.817102432250977]",0.0323469,317.000,"[0.0,0.0,0.0,0.0]","[0.0,0.0,0.0,0.0,0.0,0.0,0.0,0.0]","[0.0,0.0,0.0,0.0,0.0,0.0,0.0,0.0]",240,1,1
2026-08-11T14:21:56.748177+00:00,1245512.214529,disarmed_link,0.0000000,0.0000000,0.0000000,0.0000000,,,0,1,1,1,0,1,0.000000,432,21651,1,0,1,1,0,1,0,2606736603,139,31002,1245512165,140,0,-2.4739861,0.0018446,"[-0.3275241553783417,0.008992002345621586,-0.0341850146651268,0.9441814422607422]","[-0.0032248625066131353,0.0015142477350309491,0.0018446386093273759]","[-0.12932199239730835,-0.6850730180740356,9.817102432250977]",0.0323469,317.000,"[0.0,0.0,0.0,0.0]","[0.0,0.0,0.0,0.0,0.0,0.0,0.0,0.0]","[0.0,0.0,0.0,0.0,0.0,0.0,0.0,0.0]",240,1,1
2026-08-11T14:21:56.798091+00:00,1245512.264525,disarmed_link,0.0000000,0.0000000,0.0000000,0.0000000,,,0,1,1,1,0,1,0.000000,433,21701,1,0,1,1,0,1,0,2606736603,140,49650,1245512215,141,0,-2.4739861,0.0018446,"[-0.3275241553783417,0.008992002345621586,-0.0341850146651268,0.9441814422607422]","[-0.0032248625066131353,0.0015142477350309491,0.0018446386093273759]","[-0.12932199239730835,-0.6850730180740356,9.817102432250977]",0.0321429,315.000,"[0.0,0.0,0.0,0.0]","[0.0,0.0,0.0,0.0,0.0,0.0,0.0,0.0]","[0.0,0.0,0.0,0.0,0.0,0.0,0.0,0.0]",255,1,1
2026-08-11T14:21:56.848129+00:00,1245512.314525,disarmed_link,0.0000000,0.0000000,0.0000000,0.0000000,,,0,1,1,1,0,1,0.000000,434,21751,1,0,1,1,0,1,0,2606736603,141,34336,1245512265,142,0,-2.4739861,0.0018446,"[-0.3275241553783417,0.008992002345621586,-0.0341850146651268,0.9441814422607422]","[-0.0032248625066131353,0.0015142477350309491,0.0018446386093273759]","[-0.12932199239730835,-0.6850730180740356,9.817102432250977]",0.0321429,315.000,"[0.0,0.0,0.0,0.0]","[0.0,0.0,0.0,0.0,0.0,0.0,0.0,0.0]","[0.0,0.0,0.0,0.0,0.0,0.0,0.0,0.0]",240,1,1
2026-08-11T14:21:56.898093+00:00,1245512.364525,disarmed_link,0.0000000,0.0000000,0.0000000,0.0000000,,,0,1,1,1,0,1,0.000000,435,21801,1,0,1,1,0,1,0,2606736603,142,58062,1245512315,143,0,-2.4739861,0.0018446,"[-0.3275241553783417,0.008992002345621586,-0.0341850146651268,0.9441814422607422]","[-0.0032248625066131353,0.0015142477350309491,0.0018446386093273759]","[-0.12932199239730835,-0.6850730180740356,9.817102432250977]",0.0297959,292.000,"[0.0,0.0,0.0,0.0]","[0.0,0.0,0.0,0.0,0.0,0.0,0.0,0.0]","[0.0,0.0,0.0,0.0,0.0,0.0,0.0,0.0]",240,1,1
2026-08-11T14:21:56.948135+00:00,1245512.414530,disarmed_link,0.0000000,0.0000000,0.0000000,0.0000000,,,0,1,1,1,0,1,0.000000,436,21851,1,0,1,1,0,1,0,2606736603,143,41372,1245512365,144,0,-2.4739861,0.0018446,"[-0.3275241553783417,0.008992002345621586,-0.0341850146651268,0.9441814422607422]","[-0.0032248625066131353,0.0015142477350309491,0.0018446386093273759]","[-0.12932199239730835,-0.6850730180740356,9.817102432250977]",0.0297959,292.000,"[0.0,0.0,0.0,0.0]","[0.0,0.0,0.0,0.0,0.0,0.0,0.0,0.0]","[0.0,0.0,0.0,0.0,0.0,0.0,0.0,0.0]",255,1,1
2026-08-11T14:21:56.998092+00:00,1245512.464529,disarmed_link,0.0000000,0.0000000,0.0000000,0.0000000,,,0,1,1,1,0,1,0.000000,437,21901,1,0,1,1,0,1,0,2606736603,144,4693,1245512415,145,0,-2.4739861,0.0018446,"[-0.3275241553783417,0.008992002345621586,-0.0341850146651268,0.9441814422607422]","[-0.0032248625066131353,0.0015142477350309491,0.0018446386093273759]","[-0.12932199239730835,-0.6850730180740356,9.817102432250977]",0.0285714,280.000,"[0.0,0.0,0.0,0.0]","[0.0,0.0,0.0,0.0,0.0,0.0,0.0,0.0]","[0.0,0.0,0.0,0.0,0.0,0.0,0.0,0.0]",240,1,1
2026-08-11T14:21:57.048161+00:00,1245512.514532,disarmed_link,0.0000000,0.0000000,0.0000000,0.0000000,,,0,1,1,1,0,1,0.000000,438,21951,1,0,1,1,0,1,0,2606736603,145,45792,1245512465,146,0,-2.4739861,0.0018446,"[-0.3275241553783417,0.008992002345621586,-0.0341850146651268,0.9441814422607422]","[-0.0032248625066131353,0.0015142477350309491,0.0018446386093273759]","[-0.12932199239730835,-0.6850730180740356,9.817102432250977]",0.0285714,280.000,"[0.0,0.0,0.0,0.0]","[0.0,0.0,0.0,0.0,0.0,0.0,0.0,0.0]","[0.0,0.0,0.0,0.0,0.0,0.0,0.0,0.0]",240,1,1
2026-08-11T14:21:57.098117+00:00,1245512.564527,disarmed_link,0.0000000,0.0000000,0.0000000,0.0000000,,,0,1,1,1,0,1,0.000000,439,22001,1,0,1,1,0,1,0,2606736603,146,27301,1245512515,147,0,-2.4739861,0.0018446,"[-0.3275241553783417,0.008992002345621586,-0.0341850146651268,0.9441814422607422]","[-0.0032248625066131353,0.0015142477350309491,0.0018446386093273759]","[-0.12932199239730835,-0.6850730180740356,9.817102432250977]",0.0285714,280.000,"[0.0,0.0,0.0,0.0]","[0.0,0.0,0.0,0.0,0.0,0.0,0.0,0.0]","[0.0,0.0,0.0,0.0,0.0,0.0,0.0,0.0]",255,1,1
2026-08-11T14:21:57.148129+00:00,1245512.614527,disarmed_link,0.0000000,0.0000000,0.0000000,0.0000000,,,0,1,1,1,0,1,0.000000,440,22051,1,0,1,1,0,1,0,2606736603,147,31547,1245512565,148,0,-2.4739861,0.0018446,"[-0.3275241553783417,0.008992002345621586,-0.0341850146651268,0.9441814422607422]","[-0.0032248625066131353,0.0015142477350309491,0.0018446386093273759]","[-0.12932199239730835,-0.6850730180740356,9.817102432250977]",0.0304082,298.000,"[0.0,0.0,0.0,0.0]","[0.0,0.0,0.0,0.0,0.0,0.0,0.0,0.0]","[0.0,0.0,0.0,0.0,0.0,0.0,0.0,0.0]",240,1,1
2026-08-11T14:21:57.198093+00:00,1245512.664526,disarmed_link,0.0000000,0.0000000,0.0000000,0.0000000,,,0,1,1,1,0,1,0.000000,441,22101,1,0,1,1,0,1,0,2606736603,148,19742,1245512615,149,0,-2.4739861,0.0018446,"[-0.3275241553783417,0.008992002345621586,-0.0341850146651268,0.9441814422607422]","[-0.0032248625066131353,0.0015142477350309491,0.0018446386093273759]","[-0.12932199239730835,-0.6850730180740356,9.817102432250977]",0.0304082,298.000,"[0.0,0.0,0.0,0.0]","[0.0,0.0,0.0,0.0,0.0,0.0,0.0,0.0]","[0.0,0.0,0.0,0.0,0.0,0.0,0.0,0.0]",240,1,1
2026-08-11T14:21:57.248125+00:00,1245512.714525,disarmed_link,0.0000000,0.0000000,0.0000000,0.0000000,,,0,1,1,1,0,1,0.000000,442,22151,1,0,1,1,0,1,0,2606736603,149,24917,1245512665,150,0,-2.4739861,0.0018446,"[-0.3275241553783417,0.008992002345621586,-0.0341850146651268,0.9441814422607422]","[-0.0032248625066131353,0.0015142477350309491,0.0018446386093273759]","[-0.12932199239730835,-0.6850730180740356,9.817102432250977]",0.0347959,341.000,"[0.0,0.0,0.0,0.0]","[0.0,0.0,0.0,0.0,0.0,0.0,0.0,0.0]","[0.0,0.0,0.0,0.0,0.0,0.0,0.0,0.0]",255,1,1
2026-08-11T14:21:57.298136+00:00,1245512.764553,disarmed_link,0.0000000,0.0000000,0.0000000,0.0000000,,,0,1,1,1,0,1,0.000000,443,22201,1,0,1,1,0,1,0,2606736603,150,16657,1245512715,151,0,-2.4739861,0.0018446,"[-0.3275241553783417,0.008992002345621586,-0.0341850146651268,0.9441814422607422]","[-0.0032248625066131353,0.0015142477350309491,0.0018446386093273759]","[-0.12932199239730835,-0.6850730180740356,9.817102432250977]",0.0347959,341.000,"[0.0,0.0,0.0,0.0]","[0.0,0.0,0.0,0.0,0.0,0.0,0.0,0.0]","[0.0,0.0,0.0,0.0,0.0,0.0,0.0,0.0]",240,1,1
2026-08-11T14:21:57.348153+00:00,1245512.814528,disarmed_link,0.0000000,0.0000000,0.0000000,0.0000000,,,0,1,1,1,0,1,0.000000,444,22251,1,0,1,1,0,1,0,2606736603,151,20623,1245512765,152,0,-2.4739861,0.0018446,"[-0.3275241553783417,0.008992002345621586,-0.0341850146651268,0.9441814422607422]","[-0.0032248625066131353,0.0015142477350309491,0.0018446386093273759]","[-0.12932199239730835,-0.6850730180740356,9.817102432250977]",0.0347959,341.000,"[0.0,0.0,0.0,0.0]","[0.0,0.0,0.0,0.0,0.0,0.0,0.0,0.0]","[0.0,0.0,0.0,0.0,0.0,0.0,0.0,0.0]",240,1,1
2026-08-11T14:21:57.398028+00:00,1245512.864529,disarmed_link,0.0000000,0.0000000,0.0000000,0.0000000,,,0,1,1,1,0,1,0.000000,445,22301,1,0,1,1,0,1,0,2606736603,152,35011,1245512815,153,0,-2.4739861,0.0018446,"[-0.3275241553783417,0.008992002345621586,-0.0341850146651268,0.9441814422607422]","[-0.0032248625066131353,0.0015142477350309491,0.0018446386093273759]","[-0.12932199239730835,-0.6850730180740356,9.817102432250977]",0.0277551,272.000,"[0.0,0.0,0.0,0.0]","[0.0,0.0,0.0,0.0,0.0,0.0,0.0,0.0]","[0.0,0.0,0.0,0.0,0.0,0.0,0.0,0.0]",255,1,1
2026-08-11T14:21:57.448136+00:00,1245512.914527,disarmed_link,0.0000000,0.0000000,0.0000000,0.0000000,,,0,1,1,1,0,1,0.000000,446,22351,1,0,1,1,0,1,0,2606736603,153,46267,1245512865,154,0,-2.4739861,0.0018446,"[-0.3275241553783417,0.008992002345621586,-0.0341850146651268,0.9441814422607422]","[-0.0032248625066131353,0.0015142477350309491,0.0018446386093273759]","[-0.12932199239730835,-0.6850730180740356,9.817102432250977]",0.0277551,272.000,"[0.0,0.0,0.0,0.0]","[0.0,0.0,0.0,0.0,0.0,0.0,0.0,0.0]","[0.0,0.0,0.0,0.0,0.0,0.0,0.0,0.0]",240,1,1
2026-08-11T14:21:57.498111+00:00,1245512.964529,disarmed_link,0.0000000,0.0000000,0.0000000,0.0000000,,,0,1,1,1,0,1,0.000000,447,22401,1,0,1,1,0,1,0,2606736603,154,1895,1245512915,155,0,-2.4739861,0.0018446,"[-0.3275241553783417,0.008992002345621586,-0.0341850146651268,0.9441814422607422]","[-0.0032248625066131353,0.0015142477350309491,0.0018446386093273759]","[-0.12932199239730835,-0.6850730180740356,9.817102432250977]",0.0263265,258.000,"[0.0,0.0,0.0,0.0]","[0.0,0.0,0.0,0.0,0.0,0.0,0.0,0.0]","[0.0,0.0,0.0,0.0,0.0,0.0,0.0,0.0]",240,1,1
2026-08-11T14:21:57.548134+00:00,1245513.014529,disarmed_link,0.0000000,0.0000000,0.0000000,0.0000000,,,0,1,1,1,0,1,0.000000,448,22451,1,0,1,1,0,1,0,2606736603,155,55544,1245512965,156,0,-2.4739861,0.0018446,"[-0.3275241553783417,0.008992002345621586,-0.0341850146651268,0.9441814422607422]","[-0.0032248625066131353,0.0015142477350309491,0.0018446386093273759]","[-0.12932199239730835,-0.6850730180740356,9.817102432250977]",0.0263265,258.000,"[0.0,0.0,0.0,0.0]","[0.0,0.0,0.0,0.0,0.0,0.0,0.0,0.0]","[0.0,0.0,0.0,0.0,0.0,0.0,0.0,0.0]",255,1,1
2026-08-11T14:21:57.598111+00:00,1245513.064525,disarmed_link,0.0000000,0.0000000,0.0000000,0.0000000,,,0,1,1,1,0,1,0.000000,449,22501,1,0,1,1,0,1,0,2606736603,156,48145,1245513015,157,0,-2.4739861,0.0018446,"[-0.3275241553783417,0.008992002345621586,-0.0341850146651268,0.9441814422607422]","[-0.0032248625066131353,0.0015142477350309491,0.0018446386093273759]","[-0.12932199239730835,-0.6850730180740356,9.817102432250977]",0.0231633,227.000,"[0.0,0.0,0.0,0.0]","[0.0,0.0,0.0,0.0,0.0,0.0,0.0,0.0]","[0.0,0.0,0.0,0.0,0.0,0.0,0.0,0.0]",240,1,1
2026-08-11T14:21:57.647801+00:00,1245513.114556,disarmed_link,0.0000000,0.0000000,0.0000000,0.0000000,,,0,1,1,1,0,1,0.000000,450,22551,1,0,1,1,0,1,0,2606736603,157,64451,1245513065,158,0,-2.4739861,0.0018446,"[-0.3275241553783417,0.008992002345621586,-0.0341850146651268,0.9441814422607422]","[-0.0032248625066131353,0.0015142477350309491,0.0018446386093273759]","[-0.12932199239730835,-0.6850730180740356,9.817102432250977]",0.0231633,227.000,"[0.0,0.0,0.0,0.0]","[0.0,0.0,0.0,0.0,0.0,0.0,0.0,0.0]","[0.0,0.0,0.0,0.0,0.0,0.0,0.0,0.0]",240,1,1
2026-08-11T14:21:57.698088+00:00,1245513.164526,disarmed_link,0.0000000,0.0000000,0.0000000,0.0000000,,,0,1,1,1,0,1,0.000000,451,22601,1,0,1,1,0,1,0,2606736603,158,42616,1245513115,159,0,-2.4739861,0.0018446,"[-0.3275241553783417,0.008992002345621586,-0.0341850146651268,0.9441814422607422]","[-0.0032248625066131353,0.0015142477350309491,0.0018446386093273759]","[-0.12932199239730835,-0.6850730180740356,9.817102432250977]",0.0231633,227.000,"[0.0,0.0,0.0,0.0]","[0.0,0.0,0.0,0.0,0.0,0.0,0.0,0.0]","[0.0,0.0,0.0,0.0,0.0,0.0,0.0,0.0]",255,1,1
2026-08-11T14:21:57.748150+00:00,1245513.214540,disarmed_link,0.0000000,0.0000000,0.0000000,0.0000000,,,0,1,1,1,0,1,0.000000,452,22651,1,0,1,1,0,1,0,2606736603,159,2893,1245513165,160,0,-2.4739861,0.0018446,"[-0.3275241553783417,0.008992002345621586,-0.0341850146651268,0.9441814422607422]","[-0.0032248625066131353,0.0015142477350309491,0.0018446386093273759]","[-0.12932199239730835,-0.6850730180740356,9.817102432250977]",0.0254082,249.000,"[0.0,0.0,0.0,0.0]","[0.0,0.0,0.0,0.0,0.0,0.0,0.0,0.0]","[0.0,0.0,0.0,0.0,0.0,0.0,0.0,0.0]",240,1,1
2026-08-11T14:21:57.798112+00:00,1245513.264528,disarmed_link,0.0000000,0.0000000,0.0000000,0.0000000,,,0,1,1,1,0,1,0.000000,453,22701,1,0,1,1,0,1,0,2606736603,160,28558,1245513215,161,0,-2.4739861,0.0018446,"[-0.3275241553783417,0.008992002345621586,-0.0341850146651268,0.9441814422607422]","[-0.0032248625066131353,0.0015142477350309491,0.0018446386093273759]","[-0.12932199239730835,-0.6850730180740356,9.817102432250977]",0.0254082,249.000,"[0.0,0.0,0.0,0.0]","[0.0,0.0,0.0,0.0,0.0,0.0,0.0,0.0]","[0.0,0.0,0.0,0.0,0.0,0.0,0.0,0.0]",240,1,1
2026-08-11T14:21:57.848126+00:00,1245513.314527,disarmed_link,0.0000000,0.0000000,0.0000000,0.0000000,,,0,1,1,1,0,1,0.000000,454,22751,1,0,1,1,0,1,0,2606736603,161,46754,1245513265,162,0,-2.4739861,0.0018446,"[-0.3275241553783417,0.008992002345621586,-0.0341850146651268,0.9441814422607422]","[-0.0032248625066131353,0.0015142477350309491,0.0018446386093273759]","[-0.12932199239730835,-0.6850730180740356,9.817102432250977]",0.0340816,334.000,"[0.0,0.0,0.0,0.0]","[0.0,0.0,0.0,0.0,0.0,0.0,0.0,0.0]","[0.0,0.0,0.0,0.0,0.0,0.0,0.0,0.0]",255,1,1
2026-08-11T14:21:57.898139+00:00,1245513.364549,disarmed_link,0.0000000,0.0000000,0.0000000,0.0000000,,,0,1,1,1,0,1,0.000000,455,22801,1,0,1,1,0,1,0,2606736603,162,28391,1245513315,163,0,-2.4739861,0.0018446,"[-0.3275241553783417,0.008992002345621586,-0.0341850146651268,0.9441814422607422]","[-0.0032248625066131353,0.0015142477350309491,0.0018446386093273759]","[-0.12932199239730835,-0.6850730180740356,9.817102432250977]",0.0340816,334.000,"[0.0,0.0,0.0,0.0]","[0.0,0.0,0.0,0.0,0.0,0.0,0.0,0.0]","[0.0,0.0,0.0,0.0,0.0,0.0,0.0,0.0]",240,1,1
2026-08-11T14:21:57.948142+00:00,1245513.414526,disarmed_link,0.0000000,0.0000000,0.0000000,0.0000000,,,0,1,1,1,0,1,0.000000,456,22851,1,0,1,1,0,1,0,2606736603,163,17964,1245513365,164,0,-2.4739861,0.0018446,"[-0.3275241553783417,0.008992002345621586,-0.0341850146651268,0.9441814422607422]","[-0.0032248625066131353,0.0015142477350309491,0.0018446386093273759]","[-0.12932199239730835,-0.6850730180740356,9.817102432250977]",0.0340816,334.000,"[0.0,0.0,0.0,0.0]","[0.0,0.0,0.0,0.0,0.0,0.0,0.0,0.0]","[0.0,0.0,0.0,0.0,0.0,0.0,0.0,0.0]",240,1,1
2026-08-11T14:21:57.998132+00:00,1245513.464551,disarmed_link,0.0000000,0.0000000,0.0000000,0.0000000,,,0,1,1,1,0,1,0.000000,457,22901,1,0,1,1,0,1,0,2606736603,164,40558,1245513415,165,0,-2.4739861,0.0018446,"[-0.3275241553783417,0.008992002345621586,-0.0341850146651268,0.9441814422607422]","[-0.0032248625066131353,0.0015142477350309491,0.0018446386093273759]","[-0.12932199239730835,-0.6850730180740356,9.817102432250977]",0.0439796,431.000,"[0.0,0.0,0.0,0.0]","[0.0,0.0,0.0,0.0,0.0,0.0,0.0,0.0]","[0.0,0.0,0.0,0.0,0.0,0.0,0.0,0.0]",255,1,1
2026-08-11T14:21:58.048158+00:00,1245513.514532,disarmed_link,0.0000000,0.0000000,0.0000000,0.0000000,,,0,1,1,1,0,1,0.000000,458,22951,1,0,1,1,0,1,0,2606736603,165,25879,1245513465,166,0,-2.4739861,0.0018446,"[-0.3275241553783417,0.008992002345621586,-0.0341850146651268,0.9441814422607422]","[-0.0032248625066131353,0.0015142477350309491,0.0018446386093273759]","[-0.12932199239730835,-0.6850730180740356,9.817102432250977]",0.0439796,431.000,"[0.0,0.0,0.0,0.0]","[0.0,0.0,0.0,0.0,0.0,0.0,0.0,0.0]","[0.0,0.0,0.0,0.0,0.0,0.0,0.0,0.0]",255,1,1
2026-08-11T14:21:58.098136+00:00,1245513.564552,disarmed_link,0.0000000,0.0000000,0.0000000,0.0000000,,,0,1,1,1,0,1,0.000000,459,23001,1,0,1,1,0,1,0,2606736603,166,53240,1245513515,167,0,-2.4739861,0.0018446,"[-0.3275241553783417,0.008992002345621586,-0.0341850146651268,0.9441814422607422]","[-0.0032248625066131353,0.0015142477350309491,0.0018446386093273759]","[-0.12932199239730835,-0.6850730180740356,9.817102432250977]",0.0519388,509.000,"[0.0,0.0,0.0,0.0]","[0.0,0.0,0.0,0.0,0.0,0.0,0.0,0.0]","[0.0,0.0,0.0,0.0,0.0,0.0,0.0,0.0]",240,1,1
2026-08-11T14:21:58.148139+00:00,1245513.614527,disarmed_link,0.0000000,0.0000000,0.0000000,0.0000000,,,0,1,1,1,0,1,0.000000,460,23051,1,0,1,1,0,1,0,2606736603,167,2388,1245513565,168,0,-2.4739861,0.0018446,"[-0.3275241553783417,0.008992002345621586,-0.0341850146651268,0.9441814422607422]","[-0.0032248625066131353,0.0015142477350309491,0.0018446386093273759]","[-0.12932199239730835,-0.6850730180740356,9.817102432250977]",0.0519388,509.000,"[0.0,0.0,0.0,0.0]","[0.0,0.0,0.0,0.0,0.0,0.0,0.0,0.0]","[0.0,0.0,0.0,0.0,0.0,0.0,0.0,0.0]",255,1,1
2026-08-11T14:21:58.198110+00:00,1245513.664525,disarmed_link,0.0000000,0.0000000,0.0000000,0.0000000,,,0,1,1,1,0,1,0.000000,461,23101,1,0,1,1,0,1,0,2606736603,168,16255,1245513615,169,0,-2.4739861,0.0018446,"[-0.3275241553783417,0.008992002345621586,-0.0341850146651268,0.9441814422607422]","[-0.0032248625066131353,0.0015142477350309491,0.0018446386093273759]","[-0.12932199239730835,-0.6850730180740356,9.817102432250977]",0.0538775,528.000,"[0.0,0.0,0.0,0.0]","[0.0,0.0,0.0,0.0,0.0,0.0,0.0,0.0]","[0.0,0.0,0.0,0.0,0.0,0.0,0.0,0.0]",240,1,1
2026-08-11T14:21:58.248133+00:00,1245513.714527,disarmed_link,0.0000000,0.0000000,0.0000000,0.0000000,,,0,1,1,1,0,1,0.000000,462,23151,1,0,1,1,0,1,0,2606736603,169,60768,1245513665,170,0,-2.4739861,0.0018446,"[-0.3275241553783417,0.008992002345621586,-0.0341850146651268,0.9441814422607422]","[-0.0032248625066131353,0.0015142477350309491,0.0018446386093273759]","[-0.12932199239730835,-0.6850730180740356,9.817102432250977]",0.0538775,528.000,"[0.0,0.0,0.0,0.0]","[0.0,0.0,0.0,0.0,0.0,0.0,0.0,0.0]","[0.0,0.0,0.0,0.0,0.0,0.0,0.0,0.0]",240,1,1
2026-08-11T14:21:58.298139+00:00,1245513.764529,disarmed_link,0.0000000,0.0000000,0.0000000,0.0000000,,,0,1,1,1,0,1,0.000000,463,23201,1,0,1,1,0,1,0,2606736603,170,35214,1245513715,171,0,-2.4739861,0.0018446,"[-0.3275241553783417,0.008992002345621586,-0.0341850146651268,0.9441814422607422]","[-0.0032248625066131353,0.0015142477350309491,0.0018446386093273759]","[-0.12932199239730835,-0.6850730180740356,9.817102432250977]",0.0538775,528.000,"[0.0,0.0,0.0,0.0]","[0.0,0.0,0.0,0.0,0.0,0.0,0.0,0.0]","[0.0,0.0,0.0,0.0,0.0,0.0,0.0,0.0]",255,1,1
2026-08-11T14:21:58.348145+00:00,1245513.814530,disarmed_link,0.0000000,0.0000000,0.0000000,0.0000000,,,0,1,1,1,0,1,0.000000,464,23251,1,0,1,1,0,1,0,2606736603,171,31453,1245513765,172,0,-2.4739861,0.0018446,"[-0.3275241553783417,0.008992002345621586,-0.0341850146651268,0.9441814422607422]","[-0.0032248625066131353,0.0015142477350309491,0.0018446386093273759]","[-0.12932199239730835,-0.6850730180740356,9.817102432250977]",0.0596939,585.000,"[0.0,0.0,0.0,0.0]","[0.0,0.0,0.0,0.0,0.0,0.0,0.0,0.0]","[0.0,0.0,0.0,0.0,0.0,0.0,0.0,0.0]",240,1,1
2026-08-11T14:21:58.398117+00:00,1245513.864527,disarmed_link,0.0000000,0.0000000,0.0000000,0.0000000,,,0,1,1,1,0,1,0.000000,465,23301,1,0,1,1,0,1,0,2606736603,172,51462,1245513815,173,0,-2.4739861,0.0018446,"[-0.3275241553783417,0.008992002345621586,-0.0341850146651268,0.9441814422607422]","[-0.0032248625066131353,0.0015142477350309491,0.0018446386093273759]","[-0.12932199239730835,-0.6850730180740356,9.817102432250977]",0.0596939,585.000,"[0.0,0.0,0.0,0.0]","[0.0,0.0,0.0,0.0,0.0,0.0,0.0,0.0]","[0.0,0.0,0.0,0.0,0.0,0.0,0.0,0.0]",240,1,1
2026-08-11T14:21:58.448128+00:00,1245513.914533,disarmed_link,0.0000000,0.0000000,0.0000000,0.0000000,,,0,1,1,1,0,1,0.000000,466,23351,1,0,1,1,0,1,0,2606736603,173,24755,1245513865,174,0,-2.4739861,0.0018446,"[-0.3275241553783417,0.008992002345621586,-0.0341850146651268,0.9441814422607422]","[-0.0032248625066131353,0.0015142477350309491,0.0018446386093273759]","[-0.12932199239730835,-0.6850730180740356,9.817102432250977]",0.0623469,611.000,"[0.0,0.0,0.0,0.0]","[0.0,0.0,0.0,0.0,0.0,0.0,0.0,0.0]","[0.0,0.0,0.0,0.0,0.0,0.0,0.0,0.0]",255,1,1
2026-08-11T14:21:58.498117+00:00,1245513.964530,disarmed_link,0.0000000,0.0000000,0.0000000,0.0000000,,,0,1,1,1,0,1,0.000000,467,23401,1,0,1,1,0,1,0,2606736603,174,1117,1245513915,175,0,-2.4739861,0.0018446,"[-0.3275241553783417,0.008992002345621586,-0.0341850146651268,0.9441814422607422]","[-0.0032248625066131353,0.0015142477350309491,0.0018446386093273759]","[-0.12932199239730835,-0.6850730180740356,9.817102432250977]",0.0623469,611.000,"[0.0,0.0,0.0,0.0]","[0.0,0.0,0.0,0.0,0.0,0.0,0.0,0.0]","[0.0,0.0,0.0,0.0,0.0,0.0,0.0,0.0]",240,1,1
2026-08-11T14:21:58.548127+00:00,1245514.014526,disarmed_link,0.0000000,0.0000000,0.0000000,0.0000000,,,0,1,1,1,0,1,0.000000,468,23451,1,0,1,1,0,1,0,2606736603,175,43368,1245513965,176,0,-2.4739861,0.0018446,"[-0.3275241553783417,0.008992002345621586,-0.0341850146651268,0.9441814422607422]","[-0.0032248625066131353,0.0015142477350309491,0.0018446386093273759]","[-0.12932199239730835,-0.6850730180740356,9.817102432250977]",0.0623469,611.000,"[0.0,0.0,0.0,0.0]","[0.0,0.0,0.0,0.0,0.0,0.0,0.0,0.0]","[0.0,0.0,0.0,0.0,0.0,0.0,0.0,0.0]",240,1,1
2026-08-11T14:21:58.598169+00:00,1245514.064480,disarmed_link,0.0000000,0.0000000,0.0000000,0.0000000,,,0,1,1,1,0,1,0.000000,469,23501,1,0,1,1,0,1,0,2606736603,176,26635,1245514015,177,0,-2.4739861,0.0018446,"[-0.3275241553783417,0.008992002345621586,-0.0341850146651268,0.9441814422607422]","[-0.0032248625066131353,0.0015142477350309491,0.0018446386093273759]","[-0.12932199239730835,-0.6850730180740356,9.817102432250977]",0.0679592,666.000,"[0.0,0.0,0.0,0.0]","[0.0,0.0,0.0,0.0,0.0,0.0,0.0,0.0]","[0.0,0.0,0.0,0.0,0.0,0.0,0.0,0.0]",255,1,1
2026-08-11T14:21:58.647915+00:00,1245514.114472,disarmed_link,0.0000000,0.0000000,0.0000000,0.0000000,,,0,1,1,1,0,1,0.000000,470,23551,1,0,1,1,0,1,0,2606736603,177,47636,1245514065,178,0,-2.4739861,0.0018446,"[-0.3275241553783417,0.008992002345621586,-0.0341850146651268,0.9441814422607422]","[-0.0032248625066131353,0.0015142477350309491,0.0018446386093273759]","[-0.12932199239730835,-0.6850730180740356,9.817102432250977]",0.0679592,666.000,"[0.0,0.0,0.0,0.0]","[0.0,0.0,0.0,0.0,0.0,0.0,0.0,0.0]","[0.0,0.0,0.0,0.0,0.0,0.0,0.0,0.0]",240,1,1
2026-08-11T14:21:58.698079+00:00,1245514.164475,disarmed_link,0.0000000,0.0000000,0.0000000,0.0000000,,,0,1,1,1,0,1,0.000000,471,23601,1,0,1,1,0,1,0,2606736603,178,35894,1245514115,179,0,-2.4739861,0.0018446,"[-0.3275241553783417,0.008992002345621586,-0.0341850146651268,0.9441814422607422]","[-0.0032248625066131353,0.0015142477350309491,0.0018446386093273759]","[-0.12932199239730835,-0.6850730180740356,9.817102432250977]",0.0664286,651.000,"[0.0,0.0,0.0,0.0]","[0.0,0.0,0.0,0.0,0.0,0.0,0.0,0.0]","[0.0,0.0,0.0,0.0,0.0,0.0,0.0,0.0]",240,1,1
2026-08-11T14:21:58.748181+00:00,1245514.214535,disarmed_link,0.0000000,0.0000000,0.0000000,0.0000000,,,0,1,1,1,0,1,0.000000,472,23651,1,0,1,1,0,1,0,2606736603,179,40360,1245514165,180,0,-2.4739861,0.0018446,"[-0.3275241553783417,0.008992002345621586,-0.0341850146651268,0.9441814422607422]","[-0.0032248625066131353,0.0015142477350309491,0.0018446386093273759]","[-0.12932199239730835,-0.6850730180740356,9.817102432250977]",0.0664286,651.000,"[0.0,0.0,0.0,0.0]","[0.0,0.0,0.0,0.0,0.0,0.0,0.0,0.0]","[0.0,0.0,0.0,0.0,0.0,0.0,0.0,0.0]",255,1,1
2026-08-11T14:21:58.797718+00:00,1245514.264533,disarmed_link,0.0000000,0.0000000,0.0000000,0.0000000,,,0,1,1,1,0,1,0.000000,473,23701,1,0,1,1,0,1,0,2606736603,180,17898,1245514215,181,0,-2.4739861,0.0018446,"[-0.3275241553783417,0.008992002345621586,-0.0341850146651268,0.9441814422607422]","[-0.0032248625066131353,0.0015142477350309491,0.0018446386093273759]","[-0.12932199239730835,-0.6850730180740356,9.817102432250977]",0.0635714,623.000,"[0.0,0.0,0.0,0.0]","[0.0,0.0,0.0,0.0,0.0,0.0,0.0,0.0]","[0.0,0.0,0.0,0.0,0.0,0.0,0.0,0.0]",240,1,1
2026-08-11T14:21:58.848160+00:00,1245514.314526,disarmed_link,0.0000000,0.0000000,0.0000000,0.0000000,,,0,1,1,1,0,1,0.000000,474,23751,1,0,1,1,0,1,0,2606736603,181,25234,1245514265,182,0,-2.4739861,0.0018446,"[-0.3275241553783417,0.008992002345621586,-0.0341850146651268,0.9441814422607422]","[-0.0032248625066131353,0.0015142477350309491,0.0018446386093273759]","[-0.12932199239730835,-0.6850730180740356,9.817102432250977]",0.0635714,623.000,"[0.0,0.0,0.0,0.0]","[0.0,0.0,0.0,0.0,0.0,0.0,0.0,0.0]","[0.0,0.0,0.0,0.0,0.0,0.0,0.0,0.0]",240,1,1
2026-08-11T14:21:58.898131+00:00,1245514.364527,disarmed_link,0.0000000,0.0000000,0.0000000,0.0000000,,,0,1,1,1,0,1,0.000000,475,23801,1,0,1,1,0,1,0,2606736603,182,47831,1245514315,183,0,-2.4739861,0.0018446,"[-0.3275241553783417,0.008992002345621586,-0.0341850146651268,0.9441814422607422]","[-0.0032248625066131353,0.0015142477350309491,0.0018446386093273759]","[-0.12932199239730835,-0.6850730180740356,9.817102432250977]",0.0635714,623.000,"[0.0,0.0,0.0,0.0]","[0.0,0.0,0.0,0.0,0.0,0.0,0.0,0.0]","[0.0,0.0,0.0,0.0,0.0,0.0,0.0,0.0]",255,1,1
2026-08-11T14:21:58.948082+00:00,1245514.414553,disarmed_link,0.0000000,0.0000000,0.0000000,0.0000000,,,0,1,1,1,0,1,0.000000,476,23851,1,0,1,1,0,1,0,2606736603,183,43849,1245514365,184,0,-2.4739861,0.0018446,"[-0.3275241553783417,0.008992002345621586,-0.0341850146651268,0.9441814422607422]","[-0.0032248625066131353,0.0015142477350309491,0.0018446386093273759]","[-0.12932199239730835,-0.6850730180740356,9.817102432250977]",0.0511224,501.000,"[0.0,0.0,0.0,0.0]","[0.0,0.0,0.0,0.0,0.0,0.0,0.0,0.0]","[0.0,0.0,0.0,0.0,0.0,0.0,0.0,0.0]",240,1,1
2026-08-11T14:21:58.998156+00:00,1245514.464530,disarmed_link,0.0000000,0.0000000,0.0000000,0.0000000,,,0,1,1,1,0,1,0.000000,477,23901,1,0,1,1,0,1,0,2606736603,184,40290,1245514415,185,0,-2.4739861,0.0018446,"[-0.3275241553783417,0.008992002345621586,-0.0341850146651268,0.9441814422607422]","[-0.0032248625066131353,0.0015142477350309491,0.0018446386093273759]","[-0.12932199239730835,-0.6850730180740356,9.817102432250977]",0.0511224,501.000,"[0.0,0.0,0.0,0.0]","[0.0,0.0,0.0,0.0,0.0,0.0,0.0,0.0]","[0.0,0.0,0.0,0.0,0.0,0.0,0.0,0.0]",240,1,1
2026-08-11T14:21:59.048092+00:00,1245514.514531,disarmed_link,0.0000000,0.0000000,0.0000000,0.0000000,,,0,1,1,1,0,1,0.000000,478,23951,1,0,1,1,0,1,0,2606736603,185,20349,1245514465,186,0,-2.4739861,0.0018446,"[-0.3275241553783417,0.008992002345621586,-0.0341850146651268,0.9441814422607422]","[-0.0032248625066131353,0.0015142477350309491,0.0018446386093273759]","[-0.12932199239730835,-0.6850730180740356,9.817102432250977]",0.0424490,416.000,"[0.0,0.0,0.0,0.0]","[0.0,0.0,0.0,0.0,0.0,0.0,0.0,0.0]","[0.0,0.0,0.0,0.0,0.0,0.0,0.0,0.0]",255,1,1
2026-08-11T14:21:59.098017+00:00,1245514.564468,disarmed_link,0.0000000,0.0000000,0.0000000,0.0000000,,,0,1,1,1,0,1,0.000000,479,24001,1,0,1,1,0,1,0,2606736603,186,36363,1245514515,187,0,-2.4739861,0.0018446,"[-0.3275241553783417,0.008992002345621586,-0.0341850146651268,0.9441814422607422]","[-0.0032248625066131353,0.0015142477350309491,0.0018446386093273759]","[-0.12932199239730835,-0.6850730180740356,9.817102432250977]",0.0424490,416.000,"[0.0,0.0,0.0,0.0]","[0.0,0.0,0.0,0.0,0.0,0.0,0.0,0.0]","[0.0,0.0,0.0,0.0,0.0,0.0,0.0,0.0]",240,1,1
2026-08-11T14:21:59.148176+00:00,1245514.614542,disarmed_link,0.0000000,0.0000000,0.0000000,0.0000000,,,0,1,1,1,0,1,0.000000,480,24051,1,0,1,1,0,1,0,2606736603,187,9022,1245514565,188,0,-2.4739861,0.0018446,"[-0.3275241553783417,0.008992002345621586,-0.0341850146651268,0.9441814422607422]","[-0.0032248625066131353,0.0015142477350309491,0.0018446386093273759]","[-0.12932199239730835,-0.6850730180740356,9.817102432250977]",0.0424490,416.000,"[0.0,0.0,0.0,0.0]","[0.0,0.0,0.0,0.0,0.0,0.0,0.0,0.0]","[0.0,0.0,0.0,0.0,0.0,0.0,0.0,0.0]",240,1,1
2026-08-11T14:21:59.198028+00:00,1245514.664463,disarmed_link,0.0000000,0.0000000,0.0000000,0.0000000,,,0,1,1,1,0,1,0.000000,481,24101,1,0,1,1,0,1,0,2606736603,188,18391,1245514615,189,0,-2.4739861,0.0018446,"[-0.3275241553783417,0.008992002345621586,-0.0341850146651268,0.9441814422607422]","[-0.0032248625066131353,0.0015142477350309491,0.0018446386093273759]","[-0.12932199239730835,-0.6850730180740356,9.817102432250977]",0.0394898,387.000,"[0.0,0.0,0.0,0.0]","[0.0,0.0,0.0,0.0,0.0,0.0,0.0,0.0]","[0.0,0.0,0.0,0.0,0.0,0.0,0.0,0.0]",255,1,1
2026-08-11T14:21:59.248073+00:00,1245514.714463,disarmed_link,0.0000000,0.0000000,0.0000000,0.0000000,,,0,1,1,1,0,1,0.000000,482,24151,1,0,1,1,0,1,0,2606736603,189,61026,1245514665,190,0,-2.4739861,0.0018446,"[-0.3275241553783417,0.008992002345621586,-0.0341850146651268,0.9441814422607422]","[-0.0032248625066131353,0.0015142477350309491,0.0018446386093273759]","[-0.12932199239730835,-0.6850730180740356,9.817102432250977]",0.0394898,387.000,"[0.0,0.0,0.0,0.0]","[0.0,0.0,0.0,0.0,0.0,0.0,0.0,0.0]","[0.0,0.0,0.0,0.0,0.0,0.0,0.0,0.0]",240,1,1
2026-08-11T14:21:59.298130+00:00,1245514.764533,disarmed_link,0.0000000,0.0000000,0.0000000,0.0000000,,,0,1,1,1,0,1,0.000000,483,24201,1,0,1,1,0,1,0,2606736603,190,23998,1245514715,191,0,-2.4739861,0.0018446,"[-0.3275241553783417,0.008992002345621586,-0.0341850146651268,0.9441814422607422]","[-0.0032248625066131353,0.0015142477350309491,0.0018446386093273759]","[-0.12932199239730835,-0.6850730180740356,9.817102432250977]",0.0382653,375.000,"[0.0,0.0,0.0,0.0]","[0.0,0.0,0.0,0.0,0.0,0.0,0.0,0.0]","[0.0,0.0,0.0,0.0,0.0,0.0,0.0,0.0]",240,1,1
2026-08-11T14:21:59.348137+00:00,1245514.814525,disarmed_link,0.0000000,0.0000000,0.0000000,0.0000000,,,0,1,1,1,0,1,0.000000,484,24251,1,0,1,1,0,1,0,2606736603,191,2186,1245514765,192,0,-2.4739861,0.0018446,"[-0.3275241553783417,0.008992002345621586,-0.0341850146651268,0.9441814422607422]","[-0.0032248625066131353,0.0015142477350309491,0.0018446386093273759]","[-0.12932199239730835,-0.6850730180740356,9.817102432250977]",0.0382653,375.000,"[0.0,0.0,0.0,0.0]","[0.0,0.0,0.0,0.0,0.0,0.0,0.0,0.0]","[0.0,0.0,0.0,0.0,0.0,0.0,0.0,0.0]",255,1,1
2026-08-11T14:21:59.397760+00:00,1245514.864527,disarmed_link,0.0000000,0.0000000,0.0000000,0.0000000,,,0,1,1,1,0,1,0.000000,485,24301,1,0,1,1,0,1,0,2606736603,192,27705,1245514815,193,0,-2.4739861,0.0018446,"[-0.3275241553783417,0.008992002345621586,-0.0341850146651268,0.9441814422607422]","[-0.0032248625066131353,0.0015142477350309491,0.0018446386093273759]","[-0.12932199239730835,-0.6850730180740356,9.817102432250977]",0.0365306,358.000,"[0.0,0.0,0.0,0.0]","[0.0,0.0,0.0,0.0,0.0,0.0,0.0,0.0]","[0.0,0.0,0.0,0.0,0.0,0.0,0.0,0.0]",240,1,1
2026-08-11T14:21:59.448135+00:00,1245514.914525,disarmed_link,0.0000000,0.0000000,0.0000000,0.0000000,,,0,1,1,1,0,1,0.000000,486,24351,1,0,1,1,0,1,0,2606736603,193,48678,1245514865,194,0,-2.4739861,0.0018446,"[-0.3275241553783417,0.008992002345621586,-0.0341850146651268,0.9441814422607422]","[-0.0032248625066131353,0.0015142477350309491,0.0018446386093273759]","[-0.12932199239730835,-0.6850730180740356,9.817102432250977]",0.0365306,358.000,"[0.0,0.0,0.0,0.0]","[0.0,0.0,0.0,0.0,0.0,0.0,0.0,0.0]","[0.0,0.0,0.0,0.0,0.0,0.0,0.0,0.0]",240,1,1
2026-08-11T14:21:59.498112+00:00,1245514.964529,disarmed_link,0.0000000,0.0000000,0.0000000,0.0000000,,,0,1,1,1,0,1,0.000000,487,24401,1,0,1,1,0,1,0,2606736603,194,34820,1245514915,195,0,-2.4739861,0.0018446,"[-0.3275241553783417,0.008992002345621586,-0.0341850146651268,0.9441814422607422]","[-0.0032248625066131353,0.0015142477350309491,0.0018446386093273759]","[-0.12932199239730835,-0.6850730180740356,9.817102432250977]",0.0365306,358.000,"[0.0,0.0,0.0,0.0]","[0.0,0.0,0.0,0.0,0.0,0.0,0.0,0.0]","[0.0,0.0,0.0,0.0,0.0,0.0,0.0,0.0]",255,1,1
2026-08-11T14:21:59.548142+00:00,1245515.014525,disarmed_link,0.0000000,0.0000000,0.0000000,0.0000000,,,0,1,1,1,0,1,0.000000,488,24451,1,0,1,1,0,1,0,2606736603,195,20136,1245514965,196,0,-2.4739861,0.0018446,"[-0.3275241553783417,0.008992002345621586,-0.0341850146651268,0.9441814422607422]","[-0.0032248625066131353,0.0015142477350309491,0.0018446386093273759]","[-0.12932199239730835,-0.6850730180740356,9.817102432250977]",0.0316327,310.000,"[0.0,0.0,0.0,0.0]","[0.0,0.0,0.0,0.0,0.0,0.0,0.0,0.0]","[0.0,0.0,0.0,0.0,0.0,0.0,0.0,0.0]",240,1,1
2026-08-11T14:21:59.598107+00:00,1245515.064527,disarmed_link,0.0000000,0.0000000,0.0000000,0.0000000,,,0,1,1,1,0,1,0.000000,489,24501,1,0,1,1,0,1,0,2606736603,196,58432,1245515015,197,0,-2.4739861,0.0018446,"[-0.3275241553783417,0.008992002345621586,-0.0341850146651268,0.9441814422607422]","[-0.0032248625066131353,0.0015142477350309491,0.0018446386093273759]","[-0.12932199239730835,-0.6850730180740356,9.817102432250977]",0.0316327,310.000,"[0.0,0.0,0.0,0.0]","[0.0,0.0,0.0,0.0,0.0,0.0,0.0,0.0]","[0.0,0.0,0.0,0.0,0.0,0.0,0.0,0.0]",240,1,1
2026-08-11T14:21:59.648126+00:00,1245515.114525,disarmed_link,0.0000000,0.0000000,0.0000000,0.0000000,,,0,1,1,1,0,1,0.000000,490,24551,1,0,1,1,0,1,0,2606736603,197,7993,1245515065,198,0,-2.4739861,0.0018446,"[-0.3275241553783417,0.008992002345621586,-0.0341850146651268,0.9441814422607422]","[-0.0032248625066131353,0.0015142477350309491,0.0018446386093273759]","[-0.12932199239730835,-0.6850730180740356,9.817102432250977]",0.0305102,299.000,"[0.0,0.0,0.0,0.0]","[0.0,0.0,0.0,0.0,0.0,0.0,0.0,0.0]","[0.0,0.0,0.0,0.0,0.0,0.0,0.0,0.0]",255,1,1
2026-08-11T14:21:59.697654+00:00,1245515.164520,disarmed_link,0.0000000,0.0000000,0.0000000,0.0000000,,,0,1,1,1,0,1,0.000000,491,24601,1,0,1,1,0,1,0,2606736603,198,51068,1245515115,199,0,-2.4739861,0.0018446,"[-0.3275241553783417,0.008992002345621586,-0.0341850146651268,0.9441814422607422]","[-0.0032248625066131353,0.0015142477350309491,0.0018446386093273759]","[-0.12932199239730835,-0.6850730180740356,9.817102432250977]",0.0305102,299.000,"[0.0,0.0,0.0,0.0]","[0.0,0.0,0.0,0.0,0.0,0.0,0.0,0.0]","[0.0,0.0,0.0,0.0,0.0,0.0,0.0,0.0]",240,1,1
