host_time_utc,host_monotonic_s,phase,requested_armed,requested_channels_forward_right_down_yaw,sent,transport_open,session_confirmed,telemetry_fresh,telemetry_age_s,telemetry_sequence,mcu_tick_ms,state,telemetry_armed,telemetry_failsafe,command_status,reject_flags,last_command_session,last_command_sequence,last_command_crc,command_count,rejected_command_count,round_trip_ms,imu_quat_wxyz,imu_angular_velocity_xyz_rad_s,imu_linear_acceleration_xyz_m_s2,yaw_rad,yaw_rate_rad_s,depth_m,pressure_pa,received_channels_forward_right_down_yaw,applied_motor_throttle_m1_m8,motor_rpm_m1_m8,rpm_valid_mask,execution_feedback_valid,rpm_available,vision_fresh,vision_age_s,vision_count,vision_stamp_s,vision_frame_id,vision_position_xyz_m,vision_quat_xyzw,vision_covariance_diag,vision_status_age_s,vision_status_count,vision_detected,vision_detected_ids,vision_world_xy_yaw,vision_detections_detail,vision_pnp_valid,vision_pnp_reprojection_error_px,vision_decision_margin,vision_detection_fps,refracted_status_age_s,refracted_status_count,refracted_mode,refracted_valid,refracted_residual_m,refracted_reject_reason
2026-08-12T10:57:13.266555+00:00,5008.550222386,sway_decay_positive_0075_run03,0,"[0.0,0.0,0.0,0.0]",0,0,0,0,,,,,,,,,,,,,,,,,,,,,,,,,,,,0,,0,,,"[NaN,NaN,NaN]","[NaN,NaN,NaN,NaN]","[NaN,NaN,NaN,NaN,NaN,NaN]",,0,0,[],[],[],0,,,,,0,,0,,
2026-08-12T10:57:13.318644+00:00,5008.602299670,sway_decay_positive_0075_run03,0,"[0.0,0.0,0.0,0.0]",0,0,0,0,,,,,,,,,,,,,,,,,,,,,,,,,,,,0,,0,,,"[NaN,NaN,NaN]","[NaN,NaN,NaN,NaN]","[NaN,NaN,NaN,NaN,NaN,NaN]",,0,0,[],[],[],0,,,,,0,,0,,
2026-08-12T10:57:13.368512+00:00,5008.652168297,sway_decay_positive_0075_run03,0,"[0.0,0.0,0.0,0.0]",0,0,0,0,,,,,,,,,,,,,,,,,,,,,,,,,,,,0,,0,,,"[NaN,NaN,NaN]","[NaN,NaN,NaN,NaN]","[NaN,NaN,NaN,NaN,NaN,NaN]",,0,0,[],[],[],0,,,,,0,,0,,
2026-08-12T10:57:13.418693+00:00,5008.702352976,sway_decay_positive_0075_run03,0,"[0.0,0.0,0.0,0.0]",0,0,0,0,,,,,,,,,,,,,,,,,,,,,,,,,,,,0,,0,,,"[NaN,NaN,NaN]","[NaN,NaN,NaN,NaN]","[NaN,NaN,NaN,NaN,NaN,NaN]",0.000193,4,1,"[15,16]","[0.197443,1.038549,-0.022848]","[{""tag_id"":15,""target_match"":true,""family"":""tag25h9"",""hamming"":0,""decision_margin"":158.875381,""pixel_xy"":[785.548013,208.402271],""world_xy_yaw"":[0.194121,1.110549,-0.020321],""pnp_valid"":true,""pnp_camera_xyz"":[0.244067,-0.331806,1.282982],""pnp_camera_quat_xyzw"":[-0.034807,-0.01069,-0.011166,0.999274],""pnp_camera_rpy_deg"":[-3.976196,-1.26871,-1.236397],""pnp_reprojection_error_px"":0.031866},{""tag_id"":16,""target_match"":true,""family"":""tag25h9"",""hamming"":0,""decision_margin"":160.439377,""pixel_xy"":[787.525803,267.418486],""world_xy_yaw"":[0.197443,1.038549,-0.022848],""pnp_valid"":true,""pnp_camera_xyz"":[0.246969,-0.190733,1.272761],""pnp_camera_quat_xyzw"":[-0.036873,-0.010832,-0.011212,0.999198],""pnp_camera_rpy_deg"":[-4.212919,-1.28775,-1.238427],""pnp_reprojection_error_px"":0.053062}]",1,0.053062,160.439377,84.789387,,0,,0,,
2026-08-12T10:57:13.468597+00:00,5008.752254207,sway_decay_positive_0075_run03,0,"[0.0,0.0,0.0,0.0]",0,0,0,0,,,,,,,,,,,,,,,,,,,,,,,,,,,,0,,0,,,"[NaN,NaN,NaN]","[NaN,NaN,NaN,NaN]","[NaN,NaN,NaN,NaN,NaN,NaN]",0.001587,6,1,"[15,16]","[0.197609,1.038592,-0.021327]","[{""tag_id"":15,""target_match"":true,""family"":""tag25h9"",""hamming"":0,""decision_margin"":160.109543,""pixel_xy"":[785.684546,208.341684],""world_xy_yaw"":[0.19435,1.110623,-0.020137],""pnp_valid"":true,""pnp_camera_xyz"":[0.244708,-0.332263,1.284526],""pnp_camera_quat_xyzw"":[-0.033703,-0.007423,-0.010466,0.99935],""pnp_camera_rpy_deg"":[-3.854032,-0.890526,-1.170079],""pnp_reprojection_error_px"":0.034006},{""tag_id"":16,""target_match"":true,""family"":""tag25h9"",""hamming"":0,""decision_margin"":160.820557,""pixel_xy"":[787.624336,267.383781],""world_xy_yaw"":[0.197609,1.038592,-0.021327],""pnp_valid"":true,""pnp_camera_xyz"":[0.24725,-0.190824,1.272804],""pnp_camera_quat_xyzw"":[-0.036128,-0.009983,-0.010772,0.999239],""pnp_camera_rpy_deg"":[-4.128937,-1.18781,-1.192413],""pnp_reprojection_error_px"":0.035408}]",1,0.035408,160.820557,83.104659,,0,,0,,
2026-08-12T10:57:13.518732+00:00,5008.802386798,sway_decay_positive_0075_run03,0,"[0.0,0.0,0.0,0.0]",0,0,0,0,,,,,,,,,,,,,,,,,,,,,,,,,,,,0,,0,,,"[NaN,NaN,NaN]","[NaN,NaN,NaN,NaN]","[NaN,NaN,NaN,NaN,NaN,NaN]",0.001577,8,1,"[15,16]","[0.197746,1.038644,-0.020392]","[{""tag_id"":15,""target_match"":true,""family"":""tag25h9"",""hamming"":0,""decision_margin"":160.404358,""pixel_xy"":[785.851627,208.316776],""world_xy_yaw"":[0.194631,1.110654,-0.019997],""pnp_valid"":true,""pnp_camera_xyz"":[0.245133,-0.332425,1.284933],""pnp_camera_quat_xyzw"":[-0.032577,-0.008406,-0.010121,0.999383],""pnp_camera_rpy_deg"":[-3.724163,-1.000438,-1.127945],""pnp_reprojection_error_px"":0.048732},{""tag_id"":16,""target_match"":true,""family"":""tag25h9"",""hamming"":0,""decision_margin"":160.751221,""pixel_xy"":[787.70623,267.341251],""world_xy_yaw"":[0.197746,1.038644,-0.020392],""pnp_valid"":true,""pnp_camera_xyz"":[0.247864,-0.191153,1.274673],""pnp_camera_quat_xyzw"":[-0.033293,-0.006959,-0.010441,0.999367],""pnp_camera_rpy_deg"":[-3.807526,-0.836778,-1.16937],""pnp_reprojection_error_px"":0.019456}]",1,0.019456,160.751221,83.112678,,0,,0,,
2026-08-12T10:57:13.567066+00:00,5008.850733220,sway_decay_positive_0075_run03,0,"[0.0,0.0,0.0,0.0]",0,0,0,0,,,,,,,,,,,,,,,,,,,,,,,,,,,,0,,0,,,"[NaN,NaN,NaN]","[NaN,NaN,NaN,NaN]","[NaN,NaN,NaN,NaN,NaN,NaN]",0.000993,9,1,"[15,16]","[0.197848,1.038674,-0.021385]","[{""tag_id"":15,""target_match"":true,""family"":""tag25h9"",""hamming"":0,""decision_margin"":158.763611,""pixel_xy"":[785.937317,208.308444],""world_xy_yaw"":[0.194775,1.110664,-0.020838],""pnp_valid"":true,""pnp_camera_xyz"":[0.245472,-0.332699,1.285789],""pnp_camera_quat_xyzw"":[-0.032617,-0.007876,-0.010144,0.999385],""pnp_camera_rpy_deg"":[-3.729306,-0.939907,-1.132523],""pnp_reprojection_error_px"":0.052427},{""tag_id"":16,""target_match"":true,""family"":""tag25h9"",""hamming"":0,""decision_margin"":159.932709,""pixel_xy"":[787.766755,267.316225],""world_xy_yaw"":[0.197848,1.038674,-0.021385],""pnp_valid"":true,""pnp_camera_xyz"":[0.248306,-0.191427,1.276253],""pnp_camera_quat_xyzw"":[-0.030315,-0.005035,-0.010565,0.999472],""pnp_camera_rpy_deg"":[-3.468204,-0.613342,-1.192639],""pnp_reprojection_error_px"":0.028863}]",1,0.028863,159.932709,83.425567,,0,,0,,
2026-08-12T10:57:13.617945+00:00,5008.901605420,sway_decay_positive_0075_run03,0,"[0.0,0.0,0.0,0.0]",0,0,0,0,,,,,,,,,,,,,,,,,,,,,,,,,,,,0,,0,,,"[NaN,NaN,NaN]","[NaN,NaN,NaN,NaN]","[NaN,NaN,NaN,NaN,NaN,NaN]",0.001210,11,1,"[15,16]","[0.198015,1.038747,-0.018631]","[{""tag_id"":15,""target_match"":true,""family"":""tag25h9"",""hamming"":0,""decision_margin"":158.593582,""pixel_xy"":[786.057758,208.31612],""world_xy_yaw"":[0.194977,1.110654,-0.021008],""pnp_valid"":true,""pnp_camera_xyz"":[0.245619,-0.332529,1.284989],""pnp_camera_quat_xyzw"":[-0.03281,-0.008916,-0.010675,0.999365],""pnp_camera_rpy_deg"":[-3.749757,-1.061234,-1.189277],""pnp_reprojection_error_px"":0.045694},{""tag_id"":16,""target_match"":true,""family"":""tag25h9"",""hamming"":0,""decision_margin"":161.828018,""pixel_xy"":[787.866302,267.256273],""world_xy_yaw"":[0.198015,1.038747,-0.018631],""pnp_valid"":true,""pnp_camera_xyz"":[0.248575,-0.191467,1.27598],""pnp_camera_quat_xyzw"":[-0.030855,-0.00674,-0.010356,0.999447],""pnp_camera_rpy_deg"":[-3.52834,-0.808541,-1.162454],""pnp_reprojection_error_px"":0.056445}]",1,0.056445,161.828018,84.320238,,0,,0,,
2026-08-12T10:57:13.667187+00:00,5008.950855113,sway_decay_positive_0075_run03,0,"[0.0,0.0,0.0,0.0]",0,0,0,0,,,,,,,,,,,,,,,,,,,,,,,,,,,,0,,0,,,"[NaN,NaN,NaN]","[NaN,NaN,NaN,NaN]","[NaN,NaN,NaN,NaN,NaN,NaN]",0.001204,12,1,"[15,16]","[0.198154,1.038748,-0.019052]","[{""tag_id"":15,""target_match"":true,""family"":""tag25h9"",""hamming"":0,""decision_margin"":158.885132,""pixel_xy"":[786.146366,208.289104],""world_xy_yaw"":[0.195126,1.110687,-0.020958],""pnp_valid"":true,""pnp_camera_xyz"":[0.245684,-0.332405,1.284312],""pnp_camera_quat_xyzw"":[-0.034125,-0.009169,-0.010564,0.99932],""pnp_camera_rpy_deg"":[-3.900452,-1.091344,-1.174174],""pnp_reprojection_error_px"":0.051057},{""tag_id"":16,""target_match"":true,""family"":""tag25h9"",""hamming"":0,""decision_margin"":159.742508,""pixel_xy"":[787.949062,267.255423],""world_xy_yaw"":[0.198154,1.038748,-0.019052],""pnp_valid"":true,""pnp_camera_xyz"":[0.248639,-0.191424,1.27546],""pnp_camera_quat_xyzw"":[-0.031536,-0.007182,-0.010331,0.999423],""pnp_camera_rpy_deg"":[-3.605945,-0.859893,-1.157379],""pnp_reprojection_error_px"":0.038676}]",1,0.038676,159.742508,85.843849,,0,,0,,
2026-08-12T10:57:13.717643+00:00,5009.001311555,sway_decay_positive_0075_run03,0,"[0.0,0.0,0.0,0.0]",0,0,0,0,,,,,,,,,,,,,,,,,,,,,,,,,,,,0,,0,,,"[NaN,NaN,NaN]","[NaN,NaN,NaN,NaN]","[NaN,NaN,NaN,NaN,NaN,NaN]",0.000942,14,1,"[15,16]","[0.195363,1.110699,-0.020612]","[{""tag_id"":15,""target_match"":true,""family"":""tag25h9"",""hamming"":0,""decision_margin"":159.002457,""pixel_xy"":[786.287635,208.279477],""world_xy_yaw"":[0.195363,1.110699,-0.020612],""pnp_valid"":true,""pnp_camera_xyz"":[0.246031,-0.332483,1.284326],""pnp_camera_quat_xyzw"":[-0.034303,-0.008692,-0.01041,0.999319],""pnp_camera_rpy_deg"":[-3.92148,-1.036306,-1.158227],""pnp_reprojection_error_px"":0.05384},{""tag_id"":16,""target_match"":true,""family"":""tag25h9"",""hamming"":0,""decision_margin"":158.477066,""pixel_xy"":[788.015591,267.235332],""world_xy_yaw"":[0.198266,1.038773,-0.017022],""pnp_valid"":true,""pnp_camera_xyz"":[0.248931,-0.191546,1.275697],""pnp_camera_quat_xyzw"":[-0.030772,-0.005561,-0.010057,0.99946],""pnp_camera_rpy_deg"":[-3.520408,-0.672391,-1.132335],""pnp_reprojection_error_px"":0.053508}]",1,0.05384,159.002457,87.042312,,0,,0,,
2026-08-12T10:57:13.768623+00:00,5009.052278902,sway_decay_positive_0075_run03,0,"[0.0,0.0,0.0,0.0]",0,0,0,0,,,,,,,,,,,,,,,,,,,,,,,,,,,,0,,0,,,"[NaN,NaN,NaN]","[NaN,NaN,NaN,NaN]","[NaN,NaN,NaN,NaN,NaN,NaN]",0.002351,15,1,"[15,16]","[0.198367,1.03876,-0.016939]","[{""tag_id"":15,""target_match"":true,""family"":""tag25h9"",""hamming"":0,""decision_margin"":156.445404,""pixel_xy"":[786.364724,208.281113],""world_xy_yaw"":[0.195493,1.110697,-0.021461],""pnp_valid"":true,""pnp_camera_xyz"":[0.246246,-0.33259,1.284631],""pnp_camera_quat_xyzw"":[-0.034497,-0.008401,-0.010502,0.999314],""pnp_camera_rpy_deg"":[-3.943992,-1.003628,-1.169644],""pnp_reprojection_error_px"":0.070485},{""tag_id"":16,""target_match"":true,""family"":""tag25h9"",""hamming"":0,""decision_margin"":160.300537,""pixel_xy"":[788.075792,267.245702],""world_xy_yaw"":[0.198367,1.03876,-0.016939],""pnp_valid"":true,""pnp_camera_xyz"":[0.249119,-0.191617,1.275849],""pnp_camera_quat_xyzw"":[-0.030412,-0.006125,-0.010298,0.999466],""pnp_camera_rpy_deg"":[-3.478305,-0.73742,-1.158254],""pnp_reprojection_error_px"":0.057994}]",1,0.057994,160.300537,88.371027,,0,,0,,
2026-08-12T10:57:13.817286+00:00,5009.100955945,sway_decay_positive_0075_run03,0,"[0.0,0.0,0.0,0.0]",0,0,0,0,,,,,,,,,,,,,,,,,,,,,,,,,,,,0,,0,,,"[NaN,NaN,NaN]","[NaN,NaN,NaN,NaN]","[NaN,NaN,NaN,NaN,NaN,NaN]",0.000708,17,1,"[15,16]","[0.198572,1.03878,-0.018076]","[{""tag_id"":15,""target_match"":true,""family"":""tag25h9"",""hamming"":0,""decision_margin"":158.485306,""pixel_xy"":[786.492205,208.234482],""world_xy_yaw"":[0.195707,1.110754,-0.02052],""pnp_valid"":true,""pnp_camera_xyz"":[0.246707,-0.332849,1.285341],""pnp_camera_quat_xyzw"":[-0.033636,-0.008544,-0.010298,0.999345],""pnp_camera_rpy_deg"":[-3.845332,-1.018222,-1.146576],""pnp_reprojection_error_px"":0.053959},{""tag_id"":16,""target_match"":true,""family"":""tag25h9"",""hamming"":0,""decision_margin"":160.373795,""pixel_xy"":[788.197758,267.229846],""world_xy_yaw"":[0.198572,1.03878,-0.018076],""pnp_valid"":true,""pnp_camera_xyz"":[0.249412,-0.19173,1.276005],""pnp_camera_quat_xyzw"":[-0.030538,-0.005469,-0.010548,0.999463],""pnp_camera_rpy_deg"":[-3.493361,-0.663264,-1.189058],""pnp_reprojection_error_px"":0.058227}]",1,0.058227,160.373795,89.637952,,0,,0,,
2026-08-12T10:57:13.867517+00:00,5009.151182286,sway_decay_positive_0075_run03,0,"[0.0,0.0,0.0,0.0]",0,0,0,0,,,,,,,,,,,,,,,,,,,,,,,,,,,,0,,0,,,"[NaN,NaN,NaN]","[NaN,NaN,NaN,NaN]","[NaN,NaN,NaN,NaN,NaN,NaN]",0.001470,18,1,"[15,16]","[0.198656,1.038798,-0.017755]","[{""tag_id"":15,""target_match"":true,""family"":""tag25h9"",""hamming"":0,""decision_margin"":158.815445,""pixel_xy"":[786.583549,208.198422],""world_xy_yaw"":[0.19586,1.110798,-0.021242],""pnp_valid"":true,""pnp_camera_xyz"":[0.246786,-0.332779,1.284843],""pnp_camera_quat_xyzw"":[-0.035053,-0.007683,-0.010009,0.999306],""pnp_camera_rpy_deg"":[-4.008983,-0.920077,-1.115474],""pnp_reprojection_error_px"":0.065776},{""tag_id"":16,""target_match"":true,""family"":""tag25h9"",""hamming"":0,""decision_margin"":160.330231,""pixel_xy"":[788.247791,267.214672],""world_xy_yaw"":[0.198656,1.038798,-0.017755],""pnp_valid"":true,""pnp_camera_xyz"":[0.249461,-0.19171,1.275552],""pnp_camera_quat_xyzw"":[-0.030353,-0.007413,-0.010876,0.999453],""pnp_camera_rpy_deg"":[-3.469586,-0.886837,-1.2201],""pnp_reprojection_error_px"":0.067952}]",1,0.067952,160.330231,90.53231,,0,,0,,
2026-08-12T10:57:13.918213+00:00,5009.201874567,sway_decay_positive_0075_run03,0,"[0.0,0.0,0.0,0.0]",0,0,0,0,,,,,,,,,,,,,,,,,,,,,,,,,,,,0,,0,,,"[NaN,NaN,NaN]","[NaN,NaN,NaN,NaN]","[NaN,NaN,NaN,NaN,NaN,NaN]",0.001307,20,1,"[15,16]","[0.196105,1.110906,-0.021516]","[{""tag_id"":15,""target_match"":true,""family"":""tag25h9"",""hamming"":0,""decision_margin"":160.51709,""pixel_xy"":[786.729425,208.109787],""world_xy_yaw"":[0.196105,1.110906,-0.021516],""pnp_valid"":true,""pnp_camera_xyz"":[0.247466,-0.333302,1.286581],""pnp_camera_quat_xyzw"":[-0.033364,-0.004144,-0.009188,0.999392],""pnp_camera_rpy_deg"":[-3.819517,-0.509665,-1.036478],""pnp_reprojection_error_px"":0.076767},{""tag_id"":16,""target_match"":true,""family"":""tag25h9"",""hamming"":0,""decision_margin"":159.36087,""pixel_xy"":[788.354695,267.178103],""world_xy_yaw"":[0.198836,1.038843,-0.016968],""pnp_valid"":true,""pnp_camera_xyz"":[0.249541,-0.191634,1.274432],""pnp_camera_quat_xyzw"":[-0.031746,-0.007712,-0.01106,0.999405],""pnp_camera_rpy_deg"":[-3.628748,-0.923441,-1.238808],""pnp_reprojection_error_px"":0.087073}]",1,0.076767,160.51709,91.76138,,0,,0,,
2026-08-12T10:57:13.968580+00:00,5009.252237981,sway_decay_positive_0075_run03,0,"[0.0,0.0,0.0,0.0]",0,0,0,0,,,,,,,,,,,,,,,,,,,,,,,,,,,,0,,0,,,"[NaN,NaN,NaN]","[NaN,NaN,NaN,NaN]","[NaN,NaN,NaN,NaN,NaN,NaN]",0.002351,21,1,"[15,16]","[0.196195,1.110949,-0.020285]","[{""tag_id"":15,""target_match"":true,""family"":""tag25h9"",""hamming"":0,""decision_margin"":158.97496,""pixel_xy"":[786.78281,208.074607],""world_xy_yaw"":[0.196195,1.110949,-0.020285],""pnp_valid"":true,""pnp_camera_xyz"":[0.247667,-0.333416,1.286797],""pnp_camera_quat_xyzw"":[-0.033879,-0.004812,-0.009092,0.999373],""pnp_camera_rpy_deg"":[-3.877998,-0.586355,-1.022641],""pnp_reprojection_error_px"":0.073116},{""tag_id"":16,""target_match"":true,""family"":""tag25h9"",""hamming"":0,""decision_margin"":158.713608,""pixel_xy"":[788.437735,267.158298],""world_xy_yaw"":[0.198975,1.038867,-0.018494],""pnp_valid"":true,""pnp_camera_xyz"":[0.24967,-0.191669,1.27433],""pnp_camera_quat_xyzw"":[-0.031573,-0.007779,-0.011345,0.999407],""pnp_camera_rpy_deg"":[-3.6086,-0.931963,-1.271447],""pnp_reprojection_error_px"":0.071896}]",1,0.073116,158.97496,91.449271,,0,,0,,
2026-08-12T10:57:14.018616+00:00,5009.302271155,sway_decay_positive_0075_run03,0,"[0.0,0.0,0.0,0.0]",0,0,0,0,,,,,,,,,,,,,,,,,,,,,,,,,,,,0,,0,,,"[NaN,NaN,NaN]","[NaN,NaN,NaN,NaN]","[NaN,NaN,NaN,NaN,NaN,NaN]",0.001576,23,1,"[15,16]","[0.196467,1.110981,-0.021437]","[{""tag_id"":15,""target_match"":true,""family"":""tag25h9"",""hamming"":0,""decision_margin"":161.002365,""pixel_xy"":[786.944895,208.048051],""world_xy_yaw"":[0.196467,1.110981,-0.021437],""pnp_valid"":true,""pnp_camera_xyz"":[0.247881,-0.333357,1.286136],""pnp_camera_quat_xyzw"":[-0.034457,-0.005967,-0.00954,0.999343],""pnp_camera_rpy_deg"":[-3.942776,-0.721019,-1.069106],""pnp_reprojection_error_px"":0.074204},{""tag_id"":16,""target_match"":true,""family"":""tag25h9"",""hamming"":0,""decision_margin"":157.839584,""pixel_xy"":[788.539382,267.096944],""world_xy_yaw"":[0.199146,1.038942,-0.016577],""pnp_valid"":true,""pnp_camera_xyz"":[0.249911,-0.191754,1.274189],""pnp_camera_quat_xyzw"":[-0.032668,-0.008679,-0.010841,0.99937],""pnp_camera_rpy_deg"":[-3.733637,-1.034581,-1.209282],""pnp_reprojection_error_px"":0.07508}]",1,0.074204,161.002365,92.575618,,0,,0,,
2026-08-12T10:57:14.068776+00:00,5009.352430330,sway_decay_positive_0075_run03,0,"[0.0,0.0,0.0,0.0]",0,0,0,0,,,,,,,,,,,,,,,,,,,,,,,,,,,,0,,0,,,"[NaN,NaN,NaN]","[NaN,NaN,NaN,NaN]","[NaN,NaN,NaN,NaN,NaN,NaN]",0.002333,24,1,"[15,16]","[0.196563,1.110988,-0.020556]","[{""tag_id"":15,""target_match"":true,""family"":""tag25h9"",""hamming"":0,""decision_margin"":158.942551,""pixel_xy"":[787.001674,208.042262],""world_xy_yaw"":[0.196563,1.110988,-0.020556],""pnp_valid"":true,""pnp_camera_xyz"":[0.248143,-0.333534,1.286605],""pnp_camera_quat_xyzw"":[-0.03466,-0.006344,-0.009606,0.999333],""pnp_camera_rpy_deg"":[-3.965669,-0.764699,-1.07496],""pnp_reprojection_error_px"":0.053495},{""tag_id"":16,""target_match"":true,""family"":""tag25h9"",""hamming"":0,""decision_margin"":157.277176,""pixel_xy"":[788.597406,267.061872],""world_xy_yaw"":[0.199244,1.038985,-0.017106],""pnp_valid"":true,""pnp_camera_xyz"":[0.250199,-0.191898,1.275014],""pnp_camera_quat_xyzw"":[-0.030087,-0.007095,-0.01073,0.999465],""pnp_camera_rpy_deg"":[-3.439554,-0.849618,-1.204612],""pnp_reprojection_error_px"":0.065598}]",1,0.053495,158.942551,91.883463,,0,,0,,
2026-08-12T10:57:14.118585+00:00,5009.402241719,sway_decay_positive_0075_run03,0,"[0.0,0.0,0.0,0.0]",0,0,0,0,,,,,,,,,,,,,,,,,,,,,,,,,,,,0,,0,,,"[NaN,NaN,NaN]","[NaN,NaN,NaN,NaN]","[NaN,NaN,NaN,NaN,NaN,NaN]",0.000219,26,1,"[15,16]","[0.199496,1.039111,-0.016594]","[{""tag_id"":15,""target_match"":true,""family"":""tag25h9"",""hamming"":0,""decision_margin"":159.254639,""pixel_xy"":[787.132669,208.002213],""world_xy_yaw"":[0.196783,1.111037,-0.019685],""pnp_valid"":true,""pnp_camera_xyz"":[0.248528,-0.333706,1.286757],""pnp_camera_quat_xyzw"":[-0.034034,-0.005111,-0.009359,0.999364],""pnp_camera_rpy_deg"":[-3.895218,-0.62187,-1.052023],""pnp_reprojection_error_px"":0.032266},{""tag_id"":16,""target_match"":true,""family"":""tag25h9"",""hamming"":0,""decision_margin"":160.347855,""pixel_xy"":[788.747679,266.958485],""world_xy_yaw"":[0.199496,1.039111,-0.016594],""pnp_valid"":true,""pnp_camera_xyz"":[0.250519,-0.192008,1.275004],""pnp_camera_quat_xyzw"":[-0.029044,-0.007941,-0.010218,0.999494],""pnp_camera_rpy_deg"":[-3.319518,-0.943519,-1.144139],""pnp_reprojection_error_px"":0.076514}]",1,0.076514,160.347855,91.893974,,0,,0,,
2026-08-12T10:57:14.168634+00:00,5009.452289293,sway_decay_positive_0075_run03,0,"[0.0,0.0,0.0,0.0]",0,0,0,0,,,,,,,,,,,,,,,,,,,,,,,,,,,,0,,0,,,"[NaN,NaN,NaN]","[NaN,NaN,NaN,NaN]","[NaN,NaN,NaN,NaN,NaN,NaN]",0.002338,27,1,"[15,16]","[0.199636,1.039131,-0.016265]","[{""tag_id"":15,""target_match"":true,""family"":""tag25h9"",""hamming"":0,""decision_margin"":157.813354,""pixel_xy"":[787.211099,207.983271],""world_xy_yaw"":[0.196915,1.11106,-0.018574],""pnp_valid"":true,""pnp_camera_xyz"":[0.248594,-0.333595,1.286056],""pnp_camera_quat_xyzw"":[-0.035327,-0.005807,-0.00916,0.999317],""pnp_camera_rpy_deg"":[-4.042926,-0.70205,-1.025582],""pnp_reprojection_error_px"":0.029368},{""tag_id"":16,""target_match"":true,""family"":""tag25h9"",""hamming"":0,""decision_margin"":158.745834,""pixel_xy"":[788.831019,266.94193],""world_xy_yaw"":[0.199636,1.039131,-0.016265],""pnp_valid"":true,""pnp_camera_xyz"":[0.250633,-0.192029,1.274638],""pnp_camera_quat_xyzw"":[-0.029668,-0.009135,-0.010138,0.999467],""pnp_camera_rpy_deg"":[-3.389806,-1.080811,-1.13035],""pnp_reprojection_error_px"":0.062675}]",1,0.062675,158.745834,91.246303,,0,,0,,
2026-08-12T10:57:14.218530+00:00,5009.502186936,sway_decay_positive_0075_run03,0,"[0.0,0.0,0.0,0.0]",0,0,0,0,,,,,,,,,,,,,,,,,,,,,,,,,,,,0,,0,,,"[NaN,NaN,NaN]","[NaN,NaN,NaN,NaN]","[NaN,NaN,NaN,NaN,NaN,NaN]",0.002300,28,1,"[15,16]","[0.197001,1.111088,-0.017948]","[{""tag_id"":15,""target_match"":true,""family"":""tag25h9"",""hamming"":0,""decision_margin"":159.009216,""pixel_xy"":[787.262292,207.960334],""world_xy_yaw"":[0.197001,1.111088,-0.017948],""pnp_valid"":true,""pnp_camera_xyz"":[0.248801,-0.333716,1.286295],""pnp_camera_quat_xyzw"":[-0.034699,-0.005179,-0.00911,0.999343],""pnp_camera_rpy_deg"":[-3.97166,-0.629362,-1.022807],""pnp_reprojection_error_px"":0.018437},{""tag_id"":16,""target_match"":true,""family"":""tag25h9"",""hamming"":0,""decision_margin"":158.555878,""pixel_xy"":[788.894266,266.925013],""world_xy_yaw"":[0.199742,1.039151,-0.015271],""pnp_valid"":true,""pnp_camera_xyz"":[0.250653,-0.191967,1.273914],""pnp_camera_quat_xyzw"":[-0.030038,-0.010335,-0.009972,0.999446],""pnp_camera_rpy_deg"":[-3.431201,-1.218027,-1.106791],""pnp_reprojection_error_px"":0.065744}]",1,0.018437,159.009216,91.53337,,0,,0,,
2026-08-12T10:57:14.268730+00:00,5009.552385118,sway_decay_positive_0075_run03,0,"[0.0,0.0,0.0,0.0]",0,0,0,0,,,,,,,,,,,,,,,,,,,,,,,,,,,,0,,0,,,"[NaN,NaN,NaN]","[NaN,NaN,NaN,NaN]","[NaN,NaN,NaN,NaN,NaN,NaN]",0.001577,30,1,"[15,16]","[0.197208,1.111137,-0.017483]","[{""tag_id"":15,""target_match"":true,""family"":""tag25h9"",""hamming"":0,""decision_margin"":160.013123,""pixel_xy"":[787.385609,207.920868],""world_xy_yaw"":[0.197208,1.111137,-0.017483],""pnp_valid"":true,""pnp_camera_xyz"":[0.249323,-0.334041,1.287079],""pnp_camera_quat_xyzw"":[-0.033458,-0.004588,-0.00956,0.999384],""pnp_camera_rpy_deg"":[-3.829602,-0.56209,-1.07729],""pnp_reprojection_error_px"":0.036785},{""tag_id"":16,""target_match"":true,""family"":""tag25h9"",""hamming"":0,""decision_margin"":157.432831,""pixel_xy"":[789.06559,266.909565],""world_xy_yaw"":[0.20003,1.03917,-0.014684],""pnp_valid"":true,""pnp_camera_xyz"":[0.250635,-0.191857,1.272133],""pnp_camera_quat_xyzw"":[-0.033558,-0.01406,-0.009568,0.999292],""pnp_camera_rpy_deg"":[-3.831802,-1.647086,-1.042059],""pnp_reprojection_error_px"":0.031225}]",1,0.036785,160.013123,89.922924,,0,,0,,
2026-08-12T10:57:14.318549+00:00,5009.602205699,sway_decay_positive_0075_run03,0,"[0.0,0.0,0.0,0.0]",0,0,0,0,,,,,,,,,,,,,,,,,,,,,,,,,,,,0,,0,,,"[NaN,NaN,NaN]","[NaN,NaN,NaN,NaN]","[NaN,NaN,NaN,NaN,NaN,NaN]",0.002300,31,1,"[15,16]","[0.197344,1.111188,-0.017183]","[{""tag_id"":15,""target_match"":true,""family"":""tag25h9"",""hamming"":0,""decision_margin"":160.189133,""pixel_xy"":[787.466386,207.878727],""world_xy_yaw"":[0.197344,1.111188,-0.017183],""pnp_valid"":true,""pnp_camera_xyz"":[0.249684,-0.334325,1.287942],""pnp_camera_quat_xyzw"":[-0.032867,-0.002487,-0.008884,0.999417],""pnp_camera_rpy_deg"":[-3.76433,-0.318245,-1.008114],""pnp_reprojection_error_px"":0.027036},{""tag_id"":16,""target_match"":true,""family"":""tag25h9"",""hamming"":0,""decision_margin"":157.772339,""pixel_xy"":[789.171978,266.887418],""world_xy_yaw"":[0.200209,1.039197,-0.014435],""pnp_valid"":true,""pnp_camera_xyz"":[0.250585,-0.191744,1.270979],""pnp_camera_quat_xyzw"":[-0.034317,-0.016171,-0.009002,0.99924],""pnp_camera_rpy_deg"":[-3.917925,-1.887402,-0.96772],""pnp_reprojection_error_px"":0.02153}]",1,0.027036,160.189133,91.817747,,0,,0,,
2026-08-12T10:57:14.368085+00:00,5009.651757032,sway_decay_positive_0075_run03,0,"[0.0,0.0,0.0,0.0]",0,0,0,0,,,,,,,,,,,,,,,,,,,,,,,,,,,,0,,0,,,"[NaN,NaN,NaN]","[NaN,NaN,NaN,NaN]","[NaN,NaN,NaN,NaN,NaN,NaN]",0.000633,33,1,"[15,16]","[0.200504,1.039242,-0.014499]","[{""tag_id"":15,""target_match"":true,""family"":""tag25h9"",""hamming"":0,""decision_margin"":158.305069,""pixel_xy"":[787.598932,207.764367],""world_xy_yaw"":[0.197566,1.111327,-0.015885],""pnp_valid"":true,""pnp_camera_xyz"":[0.250203,-0.334626,1.288712],""pnp_camera_quat_xyzw"":[-0.031354,0.00013,-0.008111,0.999475],""pnp_camera_rpy_deg"":[-3.593524,-0.014214,-0.929462],""pnp_reprojection_error_px"":0.077652},{""tag_id"":16,""target_match"":true,""family"":""tag25h9"",""hamming"":0,""decision_margin"":159.359741,""pixel_xy"":[789.347572,266.85042],""world_xy_yaw"":[0.200504,1.039242,-0.014499],""pnp_valid"":true,""pnp_camera_xyz"":[0.250805,-0.191798,1.270267],""pnp_camera_quat_xyzw"":[-0.036256,-0.015786,-0.008506,0.999182],""pnp_camera_rpy_deg"":[-4.141565,-1.843095,-0.908796],""pnp_reprojection_error_px"":0.059251}]",1,0.059251,159.359741,90.654205,,0,,0,,
2026-08-12T10:57:14.418440+00:00,5009.702108840,sway_decay_positive_0075_run03,0,"[0.0,0.0,0.0,0.0]",0,0,0,0,,,,,,,,,,,,,,,,,,,,,,,,,,,,0,,0,,,"[NaN,NaN,NaN]","[NaN,NaN,NaN,NaN]","[NaN,NaN,NaN,NaN,NaN,NaN]",0.001010,35,1,"[15,16]","[0.200785,1.039282,-0.016218]","[{""tag_id"":15,""target_match"":true,""family"":""tag25h9"",""hamming"":0,""decision_margin"":159.670532,""pixel_xy"":[787.73148,207.718772],""world_xy_yaw"":[0.197789,1.111383,-0.014199],""pnp_valid"":true,""pnp_camera_xyz"":[0.250303,-0.334369,1.287266],""pnp_camera_quat_xyzw"":[-0.033033,-0.001222,-0.008322,0.999419],""pnp_camera_rpy_deg"":[-3.784695,-0.171459,-0.948482],""pnp_reprojection_error_px"":0.094219},{""tag_id"":16,""target_match"":true,""family"":""tag25h9"",""hamming"":0,""decision_margin"":162.081131,""pixel_xy"":[789.51482,266.818066],""world_xy_yaw"":[0.200785,1.039282,-0.016218],""pnp_valid"":true,""pnp_camera_xyz"":[0.250994,-0.191804,1.269518],""pnp_camera_quat_xyzw"":[-0.037323,-0.015753,-0.008823,0.99914],""pnp_camera_rpy_deg"":[-4.263443,-1.841603,-0.943284],""pnp_reprojection_error_px"":0.086665}]",1,0.086665,162.081131,93.240117,,0,,0,,
2026-08-12T10:57:14.467168+00:00,5009.750835191,sway_decay_positive_0075_run03,0,"[0.0,0.0,0.0,0.0]",0,0,0,0,,,,,,,,,,,,,,,,,,,,,,,,,,,,0,,0,,,"[NaN,NaN,NaN]","[NaN,NaN,NaN,NaN]","[NaN,NaN,NaN,NaN,NaN,NaN]",0.001151,36,1,"[15,16]","[0.200925,1.039321,-0.016752]","[{""tag_id"":15,""target_match"":true,""family"":""tag25h9"",""hamming"":0,""decision_margin"":157.125229,""pixel_xy"":[787.799866,207.703884],""world_xy_yaw"":[0.197904,1.111401,-0.013602],""pnp_valid"":true,""pnp_camera_xyz"":[0.250349,-0.334258,1.286572],""pnp_camera_quat_xyzw"":[-0.032884,-0.001842,-0.008394,0.999422],""pnp_camera_rpy_deg"":[-3.767036,-0.242601,-0.954437],""pnp_reprojection_error_px"":0.093331},{""tag_id"":16,""target_match"":true,""family"":""tag25h9"",""hamming"":0,""decision_margin"":161.094315,""pixel_xy"":[789.598274,266.785691],""world_xy_yaw"":[0.200925,1.039321,-0.016752],""pnp_valid"":true,""pnp_camera_xyz"":[0.251159,-0.191826,1.269435],""pnp_camera_quat_xyzw"":[-0.037987,-0.01643,-0.009046,0.999102],""pnp_camera_rpy_deg"":[-4.338606,-1.920795,-0.964681],""pnp_reprojection_error_px"":0.076535}]",1,0.076535,161.094315,91.925439,,0,,0,,
2026-08-12T10:57:14.517289+00:00,5009.800958135,sway_decay_positive_0075_run03,0,"[0.0,0.0,0.0,0.0]",0,0,0,0,,,,,,,,,,,,,,,,,,,,,,,,,,,,0,,0,,,"[NaN,NaN,NaN]","[NaN,NaN,NaN,NaN]","[NaN,NaN,NaN,NaN,NaN,NaN]",0.000675,38,1,"[15,16]","[0.198178,1.111372,-0.0123]","[{""tag_id"":15,""target_match"":true,""family"":""tag25h9"",""hamming"":0,""decision_margin"":159.077179,""pixel_xy"":[787.963155,207.727568],""world_xy_yaw"":[0.198178,1.111372,-0.0123],""pnp_valid"":true,""pnp_camera_xyz"":[0.250729,-0.334338,1.286448],""pnp_camera_quat_xyzw"":[-0.0325,-0.002232,-0.00808,0.999437],""pnp_camera_rpy_deg"":[-3.722768,-0.285765,-0.917138],""pnp_reprojection_error_px"":0.096511},{""tag_id"":16,""target_match"":true,""family"":""tag25h9"",""hamming"":0,""decision_margin"":159.033432,""pixel_xy"":[789.754972,266.713195],""world_xy_yaw"":[0.201188,1.03941,-0.017931],""pnp_valid"":true,""pnp_camera_xyz"":[0.251916,-0.192219,1.271614],""pnp_camera_quat_xyzw"":[-0.035181,-0.013221,-0.008639,0.999256],""pnp_camera_rpy_deg"":[-4.020173,-1.548875,-0.936298],""pnp_reprojection_error_px"":0.071091}]",1,0.096511,159.077179,91.235467,,0,,0,,
2026-08-12T10:57:14.566842+00:00,5009.850512019,sway_decay_positive_0075_run03,0,"[0.0,0.0,0.0,0.0]",0,0,0,0,,,,,,,,,,,,,,,,,,,,,,,,,,,,0,,0,,,"[NaN,NaN,NaN]","[NaN,NaN,NaN,NaN]","[NaN,NaN,NaN,NaN,NaN,NaN]",0.000986,39,1,"[15,16]","[0.201286,1.039481,-0.017475]","[{""tag_id"":15,""target_match"":true,""family"":""tag25h9"",""hamming"":0,""decision_margin"":156.779099,""pixel_xy"":[788.026078,207.703565],""world_xy_yaw"":[0.198284,1.111402,-0.010579],""pnp_valid"":true,""pnp_camera_xyz"":[0.250657,-0.334055,1.28511],""pnp_camera_quat_xyzw"":[-0.033946,-0.00434,-0.008194,0.999381],""pnp_camera_rpy_deg"":[-3.886576,-0.528944,-0.921602],""pnp_reprojection_error_px"":0.113545},{""tag_id"":16,""target_match"":true,""family"":""tag25h9"",""hamming"":0,""decision_margin"":158.948456,""pixel_xy"":[789.81296,266.654586],""world_xy_yaw"":[0.201286,1.039481,-0.017475],""pnp_valid"":true,""pnp_camera_xyz"":[0.252486,-0.192563,1.273609],""pnp_camera_quat_xyzw"":[-0.031633,-0.01148,-0.008488,0.999398],""pnp_camera_rpy_deg"":[-3.61492,-1.345621,-0.930794],""pnp_reprojection_error_px"":0.062746}]",1,0.062746,158.948456,90.788348,,0,,0,,
2026-08-12T10:57:14.616733+00:00,5009.900405785,sway_decay_positive_0075_run03,0,"[0.0,0.0,0.0,0.0]",0,0,0,0,,,,,,,,,,,,,,,,,,,,,,,,,,,,0,,0,,,"[NaN,NaN,NaN]","[NaN,NaN,NaN,NaN]","[NaN,NaN,NaN,NaN,NaN,NaN]",0.000438,41,1,"[15,16]","[0.198561,1.111416,-0.008998]","[{""tag_id"":15,""target_match"":true,""family"":""tag25h9"",""hamming"":0,""decision_margin"":159.565475,""pixel_xy"":[788.191157,207.692164],""world_xy_yaw"":[0.198561,1.111416,-0.008998],""pnp_valid"":true,""pnp_camera_xyz"":[0.250841,-0.333883,1.284053],""pnp_camera_quat_xyzw"":[-0.03464,-0.007589,-0.008264,0.999337],""pnp_camera_rpy_deg"":[-3.963243,-0.901843,-0.916391],""pnp_reprojection_error_px"":0.127569},{""tag_id"":16,""target_match"":true,""family"":""tag25h9"",""hamming"":0,""decision_margin"":159.166885,""pixel_xy"":[789.974007,266.621894],""world_xy_yaw"":[0.201556,1.039521,-0.017104],""pnp_valid"":true,""pnp_camera_xyz"":[0.252895,-0.192714,1.273888],""pnp_camera_quat_xyzw"":[-0.032624,-0.009239,-0.007759,0.999395],""pnp_camera_rpy_deg"":[-3.7313,-1.087143,-0.854177],""pnp_reprojection_error_px"":0.066196}]",1,0.127569,159.565475,89.197221,,0,,0,,
2026-08-12T10:57:14.666512+00:00,5009.950184269,sway_decay_positive_0075_run03,0,"[0.0,0.0,0.0,0.0]",0,0,0,0,,,,,,,,,,,,,,,,,,,,,,,,,,,,0,,0,,,"[NaN,NaN,NaN]","[NaN,NaN,NaN,NaN]","[NaN,NaN,NaN,NaN,NaN,NaN]",0.000667,42,1,"[15,16]","[0.198727,1.111429,-0.008115]","[{""tag_id"":15,""target_match"":true,""family"":""tag25h9"",""hamming"":0,""decision_margin"":159.681992,""pixel_xy"":[788.289983,207.681307],""world_xy_yaw"":[0.198727,1.111429,-0.008115],""pnp_valid"":true,""pnp_camera_xyz"":[0.251017,-0.333884,1.283819],""pnp_camera_quat_xyzw"":[-0.034595,-0.009061,-0.008091,0.999328],""pnp_camera_rpy_deg"":[-3.957095,-1.069774,-0.89086],""pnp_reprojection_error_px"":0.132912},{""tag_id"":16,""target_match"":true,""family"":""tag25h9"",""hamming"":0,""decision_margin"":157.485321,""pixel_xy"":[790.04625,266.614427],""world_xy_yaw"":[0.201678,1.03953,-0.016453],""pnp_valid"":true,""pnp_camera_xyz"":[0.252845,-0.192568,1.272654],""pnp_camera_quat_xyzw"":[-0.035094,-0.01155,-0.008085,0.999285],""pnp_camera_rpy_deg"":[-4.012352,-1.355243,-0.879594],""pnp_reprojection_error_px"":0.053364}]",1,0.132912,159.681992,90.260793,,0,,0,,
2026-08-12T10:57:14.717314+00:00,5010.000985519,sway_decay_positive_0075_run03,0,"[0.0,0.0,0.0,0.0]",0,0,0,0,,,,,,,,,,,,,,,,,,,,,,,,,,,,0,,0,,,"[NaN,NaN,NaN]","[NaN,NaN,NaN,NaN]","[NaN,NaN,NaN,NaN,NaN,NaN]",0.001094,43,1,"[15,16]","[0.201812,1.039524,-0.017099]","[{""tag_id"":15,""target_match"":true,""family"":""tag25h9"",""hamming"":0,""decision_margin"":157.486725,""pixel_xy"":[788.387093,207.641627],""world_xy_yaw"":[0.19889,1.111477,-0.00773],""pnp_valid"":true,""pnp_camera_xyz"":[0.251313,-0.334058,1.284322],""pnp_camera_quat_xyzw"":[-0.033783,-0.008518,-0.007402,0.999365],""pnp_camera_rpy_deg"":[-3.865063,-1.004215,-0.814882],""pnp_reprojection_error_px"":0.109783},{""tag_id"":16,""target_match"":true,""family"":""tag25h9"",""hamming"":0,""decision_margin"":158.49382,""pixel_xy"":[790.126055,266.619323],""world_xy_yaw"":[0.201812,1.039524,-0.017099],""pnp_valid"":true,""pnp_camera_xyz"":[0.253153,-0.192697,1.273314],""pnp_camera_quat_xyzw"":[-0.033924,-0.010837,-0.008192,0.999332],""pnp_camera_rpy_deg"":[-3.878588,-1.272927,-0.896249],""pnp_reprojection_error_px"":0.058065}]",1,0.058065,158.49382,89.431653,,0,,0,,
2026-08-12T10:57:14.766471+00:00,5010.050145168,sway_decay_positive_0075_run03,0,"[0.0,0.0,0.0,0.0]",0,0,0,0,,,,,,,,,,,,,,,,,,,,,,,,,,,,0,,0,,,"[NaN,NaN,NaN]","[NaN,NaN,NaN,NaN]","[NaN,NaN,NaN,NaN,NaN,NaN]",0.000444,45,1,"[15,16]","[0.199281,1.111649,-0.008613]","[{""tag_id"":15,""target_match"":true,""family"":""tag25h9"",""hamming"":0,""decision_margin"":162.474274,""pixel_xy"":[788.61968,207.50058],""world_xy_yaw"":[0.199281,1.111649,-0.008613],""pnp_valid"":true,""pnp_camera_xyz"":[0.251721,-0.334161,1.284315],""pnp_camera_quat_xyzw"":[-0.032483,-0.009051,-0.006423,0.999411],""pnp_camera_rpy_deg"":[-3.716653,-1.060536,-0.70206],""pnp_reprojection_error_px"":0.048683},{""tag_id"":16,""target_match"":true,""family"":""tag25h9"",""hamming"":0,""decision_margin"":158.575226,""pixel_xy"":[790.276752,266.623396],""world_xy_yaw"":[0.202065,1.039519,-0.016053],""pnp_valid"":true,""pnp_camera_xyz"":[0.253542,-0.192811,1.27344],""pnp_camera_quat_xyzw"":[-0.03535,-0.010892,-0.007847,0.999285],""pnp_camera_rpy_deg"":[-4.042426,-1.27918,-0.85473],""pnp_reprojection_error_px"":0.07644}]",1,0.048683,162.474274,89.342292,,0,,0,,
2026-08-12T10:57:14.816858+00:00,5010.100529745,sway_decay_positive_0075_run03,0,"[0.0,0.0,0.0,0.0]",0,0,0,0,,,,,,,,,,,,,,,,,,,,,,,,,,,,0,,0,,,"[NaN,NaN,NaN]","[NaN,NaN,NaN,NaN]","[NaN,NaN,NaN,NaN,NaN,NaN]",0.000897,46,1,"[15,16]","[0.202179,1.03954,-0.016084]","[{""tag_id"":15,""target_match"":true,""family"":""tag25h9"",""hamming"":0,""decision_margin"":159.560852,""pixel_xy"":[788.717421,207.447049],""world_xy_yaw"":[0.199445,1.111715,-0.009609],""pnp_valid"":true,""pnp_camera_xyz"":[0.251608,-0.333836,1.282879],""pnp_camera_quat_xyzw"":[-0.03376,-0.009564,-0.006381,0.999364],""pnp_camera_rpy_deg"":[-3.862863,-1.119992,-0.69394],""pnp_reprojection_error_px"":0.069725},{""tag_id"":16,""target_match"":true,""family"":""tag25h9"",""hamming"":0,""decision_margin"":162.639908,""pixel_xy"":[790.344434,266.606342],""world_xy_yaw"":[0.202179,1.03954,-0.016084],""pnp_valid"":true,""pnp_camera_xyz"":[0.253737,-0.192892,1.273616],""pnp_camera_quat_xyzw"":[-0.034652,-0.010853,-0.007873,0.999309],""pnp_camera_rpy_deg"":[-3.962486,-1.274217,-0.858736],""pnp_reprojection_error_px"":0.080597}]",1,0.080597,162.639908,90.751492,,0,,0,,
2026-08-12T10:57:14.867073+00:00,5010.150741555,sway_decay_positive_0075_run03,0,"[0.0,0.0,0.0,0.0]",0,0,0,0,,,,,,,,,,,,,,,,,,,,,,,,,,,,0,,0,,,"[NaN,NaN,NaN]","[NaN,NaN,NaN,NaN]","[NaN,NaN,NaN,NaN,NaN,NaN]",0.000770,48,1,"[15,16]","[0.2024,1.039577,-0.014]","[{""tag_id"":15,""target_match"":true,""family"":""tag25h9"",""hamming"":0,""decision_margin"":158.019302,""pixel_xy"":[788.866143,207.436769],""world_xy_yaw"":[0.199695,1.111727,-0.009397],""pnp_valid"":true,""pnp_camera_xyz"":[0.251802,-0.333718,1.282075],""pnp_camera_quat_xyzw"":[-0.034319,-0.011584,-0.006839,0.99932],""pnp_camera_rpy_deg"":[-3.925111,-1.353506,-0.737786],""pnp_reprojection_error_px"":0.040903},{""tag_id"":16,""target_match"":true,""family"":""tag25h9"",""hamming"":0,""decision_margin"":158.118408,""pixel_xy"":[790.475944,266.576208],""world_xy_yaw"":[0.2024,1.039577,-0.014],""pnp_valid"":true,""pnp_camera_xyz"":[0.253656,-0.192668,1.271476],""pnp_camera_quat_xyzw"":[-0.040039,-0.012655,-0.007592,0.999089],""pnp_camera_rpy_deg"":[-4.579356,-1.483836,-0.811433],""pnp_reprojection_error_px"":0.082518}]",1,0.082518,158.118408,90.228205,,0,,0,,
2026-08-12T10:57:14.916816+00:00,5010.200490587,sway_decay_positive_0075_run03,0,"[0.0,0.0,0.0,0.0]",0,0,0,0,,,,,,,,,,,,,,,,,,,,,,,,,,,,0,,0,,,"[NaN,NaN,NaN]","[NaN,NaN,NaN,NaN]","[NaN,NaN,NaN,NaN,NaN,NaN]",0.000782,49,1,"[15,16]","[0.199856,1.111713,-0.01124]","[{""tag_id"":15,""target_match"":true,""family"":""tag25h9"",""hamming"":0,""decision_margin"":158.991486,""pixel_xy"":[788.962102,207.448267],""world_xy_yaw"":[0.199856,1.111713,-0.01124],""pnp_valid"":true,""pnp_camera_xyz"":[0.251965,-0.333741,1.281984],""pnp_camera_quat_xyzw"":[-0.034813,-0.011753,-0.007352,0.999298],""pnp_camera_rpy_deg"":[-3.980879,-1.37535,-0.79528],""pnp_reprojection_error_px"":0.014077},{""tag_id"":16,""target_match"":true,""family"":""tag25h9"",""hamming"":0,""decision_margin"":155.767838,""pixel_xy"":[790.546547,266.545064],""world_xy_yaw"":[0.202518,1.039615,-0.014306],""pnp_valid"":true,""pnp_camera_xyz"":[0.253778,-0.192694,1.271396],""pnp_camera_quat_xyzw"":[-0.039995,-0.013687,-0.007596,0.999077],""pnp_camera_rpy_deg"":[-4.573543,-1.602023,-0.807224],""pnp_reprojection_error_px"":0.076077}]",1,0.014077,158.991486,90.398431,,0,,0,,
2026-08-12T10:57:14.967529+00:00,5010.251203124,sway_decay_positive_0075_run03,0,"[0.0,0.0,0.0,0.0]",0,0,0,0,,,,,,,,,,,,,,,,,,,,,,,,,,,,0,,0,,,"[NaN,NaN,NaN]","[NaN,NaN,NaN,NaN]","[NaN,NaN,NaN,NaN,NaN,NaN]",0.001017,51,1,"[15,16]","[0.202697,1.039711,-0.011569]","[{""tag_id"":15,""target_match"":true,""family"":""tag25h9"",""hamming"":0,""decision_margin"":159.386185,""pixel_xy"":[789.131139,207.439186],""world_xy_yaw"":[0.20014,1.111724,-0.012964],""pnp_valid"":true,""pnp_camera_xyz"":[0.252473,-0.334004,1.282658],""pnp_camera_quat_xyzw"":[-0.034552,-0.011331,-0.007878,0.999308],""pnp_camera_rpy_deg"":[-3.950631,-1.328819,-0.857568],""pnp_reprojection_error_px"":0.029856},{""tag_id"":16,""target_match"":true,""family"":""tag25h9"",""hamming"":0,""decision_margin"":159.651382,""pixel_xy"":[790.65315,266.46671],""world_xy_yaw"":[0.202697,1.039711,-0.011569],""pnp_valid"":true,""pnp_camera_xyz"":[0.254147,-0.192811,1.271644],""pnp_camera_quat_xyzw"":[-0.040241,-0.014219,-0.007032,0.999064],""pnp_camera_rpy_deg"":[-4.602377,-1.660548,-0.739776],""pnp_reprojection_error_px"":0.022879}]",1,0.022879,159.651382,88.402424,,0,,0,,
2026-08-12T10:57:15.016762+00:00,5010.300430351,sway_decay_positive_0075_run03,0,"[0.0,0.0,0.0,0.0]",0,0,0,0,,,,,,,,,,,,,,,,,,,,,,,,,,,,0,,0,,,"[NaN,NaN,NaN]","[NaN,NaN,NaN,NaN]","[NaN,NaN,NaN,NaN,NaN,NaN]",0.000594,53,1,"[15,16]","[0.20288,1.039815,-0.009454]","[{""tag_id"":15,""target_match"":true,""family"":""tag25h9"",""hamming"":0,""decision_margin"":158.706589,""pixel_xy"":[789.269845,207.440741],""world_xy_yaw"":[0.200373,1.111722,-0.014799],""pnp_valid"":true,""pnp_camera_xyz"":[0.252767,-0.33408,1.282721],""pnp_camera_quat_xyzw"":[-0.034872,-0.010774,-0.008197,0.9993],""pnp_camera_rpy_deg"":[-3.987302,-1.266651,-0.895903],""pnp_reprojection_error_px"":0.062909},{""tag_id"":16,""target_match"":true,""family"":""tag25h9"",""hamming"":0,""decision_margin"":158.850632,""pixel_xy"":[790.761925,266.381415],""world_xy_yaw"":[0.20288,1.039815,-0.009454],""pnp_valid"":true,""pnp_camera_xyz"":[0.254656,-0.193066,1.272828],""pnp_camera_quat_xyzw"":[-0.039025,-0.012519,-0.005842,0.999143],""pnp_camera_rpy_deg"":[-4.465704,-1.459571,-0.613049],""pnp_reprojection_error_px"":0.040263}]",1,0.040263,158.850632,87.532341,,0,,0,,
2026-08-12T10:57:15.066539+00:00,5010.350211190,sway_decay_positive_0075_run03,0,"[0.0,0.0,0.0,0.0]",0,0,0,0,,,,,,,,,,,,,,,,,,,,,,,,,,,,0,,0,,,"[NaN,NaN,NaN]","[NaN,NaN,NaN,NaN]","[NaN,NaN,NaN,NaN,NaN,NaN]",0.000676,54,1,"[15,16]","[0.200489,1.111744,-0.014705]","[{""tag_id"":15,""target_match"":true,""family"":""tag25h9"",""hamming"":0,""decision_margin"":159.646988,""pixel_xy"":[789.338683,207.4231],""world_xy_yaw"":[0.200489,1.111744,-0.014705],""pnp_valid"":true,""pnp_camera_xyz"":[0.252994,-0.334182,1.283023],""pnp_camera_quat_xyzw"":[-0.034115,-0.010817,-0.008204,0.999326],""pnp_camera_rpy_deg"":[-3.900481,-1.270896,-0.897449],""pnp_reprojection_error_px"":0.055645},{""tag_id"":16,""target_match"":true,""family"":""tag25h9"",""hamming"":0,""decision_margin"":158.065414,""pixel_xy"":[790.823351,266.369017],""world_xy_yaw"":[0.202983,1.03983,-0.009889],""pnp_valid"":true,""pnp_camera_xyz"":[0.254949,-0.193217,1.273732],""pnp_camera_quat_xyzw"":[-0.03743,-0.011054,-0.005474,0.999223],""pnp_camera_rpy_deg"":[-4.284015,-1.289243,-0.579577],""pnp_reprojection_error_px"":0.050811}]",1,0.055645,159.646988,87.010641,,0,,0,,
2026-08-12T10:57:15.116642+00:00,5010.400313950,sway_decay_positive_0075_run03,0,"[0.0,0.0,0.0,0.0]",0,0,0,0,,,,,,,,,,,,,,,,,,,,,,,,,,,,0,,0,,,"[NaN,NaN,NaN]","[NaN,NaN,NaN,NaN]","[NaN,NaN,NaN,NaN,NaN,NaN]",0.000432,56,1,"[15,16]","[0.203158,1.039841,-0.008694]","[{""tag_id"":15,""target_match"":true,""family"":""tag25h9"",""hamming"":0,""decision_margin"":158.370331,""pixel_xy"":[789.482583,207.398496],""world_xy_yaw"":[0.200731,1.111774,-0.015215],""pnp_valid"":true,""pnp_camera_xyz"":[0.25388,-0.334993,1.285852],""pnp_camera_quat_xyzw"":[-0.031142,-0.006433,-0.007178,0.999468],""pnp_camera_rpy_deg"":[-3.563996,-0.76247,-0.79926],""pnp_reprojection_error_px"":0.064032},{""tag_id"":16,""target_match"":true,""family"":""tag25h9"",""hamming"":0,""decision_margin"":161.781631,""pixel_xy"":[790.92729,266.35969],""world_xy_yaw"":[0.203158,1.039841,-0.008694],""pnp_valid"":true,""pnp_camera_xyz"":[0.25495,-0.193101,1.272419],""pnp_camera_quat_xyzw"":[-0.040804,-0.011834,-0.005281,0.999083],""pnp_camera_rpy_deg"":[-4.67091,-1.379605,-0.549411],""pnp_reprojection_error_px"":0.023588}]",1,0.023588,161.781631,86.734169,,0,,0,,
2026-08-12T10:57:15.166604+00:00,5010.450275962,sway_decay_positive_0075_run03,0,"[0.0,0.0,0.0,0.0]",0,0,0,0,,,,,,,,,,,,,,,,,,,,,,,,,,,,0,,0,,,"[NaN,NaN,NaN]","[NaN,NaN,NaN,NaN]","[NaN,NaN,NaN,NaN,NaN,NaN]",0.000781,57,1,"[15,16]","[0.203238,1.039834,-0.009081]","[{""tag_id"":15,""target_match"":true,""family"":""tag25h9"",""hamming"":0,""decision_margin"":157.29425,""pixel_xy"":[789.544876,207.376179],""world_xy_yaw"":[0.200835,1.111801,-0.015376],""pnp_valid"":true,""pnp_camera_xyz"":[0.2543,-0.335382,1.287246],""pnp_camera_quat_xyzw"":[-0.030067,-0.00482,-0.006801,0.999513],""pnp_camera_rpy_deg"":[-3.442243,-0.575512,-0.762388],""pnp_reprojection_error_px"":0.056878},{""tag_id"":16,""target_match"":true,""family"":""tag25h9"",""hamming"":0,""decision_margin"":162.639786,""pixel_xy"":[790.974752,266.365182],""world_xy_yaw"":[0.203238,1.039834,-0.009081],""pnp_valid"":true,""pnp_camera_xyz"":[0.254975,-0.193076,1.272037],""pnp_camera_quat_xyzw"":[-0.041078,-0.012944,-0.005558,0.999057],""pnp_camera_rpy_deg"":[-4.701428,-1.50822,-0.575531],""pnp_reprojection_error_px"":0.01868}]",1,0.01868,162.639786,86.161117,,0,,0,,
2026-08-12T10:57:15.217139+00:00,5010.500805626,sway_decay_positive_0075_run03,0,"[0.0,0.0,0.0,0.0]",0,0,0,0,,,,,,,,,,,,,,,,,,,,,,,,,,,,0,,0,,,"[NaN,NaN,NaN]","[NaN,NaN,NaN,NaN]","[NaN,NaN,NaN,NaN,NaN,NaN]",0.001108,58,1,"[15,16]","[0.200937,1.111868,-0.015987]","[{""tag_id"":15,""target_match"":true,""family"":""tag25h9"",""hamming"":0,""decision_margin"":160.529297,""pixel_xy"":[789.605211,207.321627],""world_xy_yaw"":[0.200937,1.111868,-0.015987],""pnp_valid"":true,""pnp_camera_xyz"":[0.254694,-0.335737,1.288517],""pnp_camera_quat_xyzw"":[-0.028528,-0.002357,-0.006448,0.999569],""pnp_camera_rpy_deg"":[-3.267778,-0.291012,-0.730902],""pnp_reprojection_error_px"":0.044816},{""tag_id"":16,""target_match"":true,""family"":""tag25h9"",""hamming"":0,""decision_margin"":159.208633,""pixel_xy"":[791.014147,266.354177],""world_xy_yaw"":[0.203304,1.039848,-0.01006],""pnp_valid"":true,""pnp_camera_xyz"":[0.25522,-0.193222,1.272665],""pnp_camera_quat_xyzw"":[-0.039825,-0.011229,-0.006074,0.999125],""pnp_camera_rpy_deg"":[-4.557753,-1.313513,-0.644321],""pnp_reprojection_error_px"":0.013881}]",1,0.044816,160.529297,86.313496,,0,,0,,
2026-08-12T10:57:15.266797+00:00,5010.550466212,sway_decay_positive_0075_run03,0,"[0.0,0.0,0.0,0.0]",0,0,0,0,,,,,,,,,,,,,,,,,,,,,,,,,,,,0,,0,,,"[NaN,NaN,NaN]","[NaN,NaN,NaN,NaN]","[NaN,NaN,NaN,NaN,NaN,NaN]",0.000607,60,1,"[15,16]","[0.203456,1.039881,-0.009505]","[{""tag_id"":15,""target_match"":true,""family"":""tag25h9"",""hamming"":0,""decision_margin"":159.569733,""pixel_xy"":[789.70354,207.228918],""world_xy_yaw"":[0.201102,1.111981,-0.014737],""pnp_valid"":true,""pnp_camera_xyz"":[0.254785,-0.335603,1.287702],""pnp_camera_quat_xyzw"":[-0.030503,-0.002497,-0.006028,0.999513],""pnp_camera_rpy_deg"":[-3.494172,-0.307067,-0.6817],""pnp_reprojection_error_px"":0.078464},{""tag_id"":16,""target_match"":true,""family"":""tag25h9"",""hamming"":0,""decision_margin"":161.674469,""pixel_xy"":[791.104577,266.327285],""world_xy_yaw"":[0.203456,1.039881,-0.009505],""pnp_valid"":true,""pnp_camera_xyz"":[0.255549,-0.193332,1.273014],""pnp_camera_quat_xyzw"":[-0.038349,-0.011924,-0.00639,0.999173],""pnp_camera_rpy_deg"":[-4.387743,-1.393484,-0.679483],""pnp_reprojection_error_px"":0.016215}]",1,0.016215,161.674469,87.013203,,0,,0,,
2026-08-12T10:57:15.317150+00:00,5010.600815470,sway_decay_positive_0075_run03,0,"[0.0,0.0,0.0,0.0]",0,0,0,0,,,,,,,,,,,,,,,,,,,,,,,,,,,,0,,0,,,"[NaN,NaN,NaN]","[NaN,NaN,NaN,NaN]","[NaN,NaN,NaN,NaN,NaN,NaN]",0.001129,61,1,"[15,16]","[0.201182,1.112016,-0.015513]","[{""tag_id"":15,""target_match"":true,""family"":""tag25h9"",""hamming"":0,""decision_margin"":161.532776,""pixel_xy"":[789.751317,207.199712],""world_xy_yaw"":[0.201182,1.112016,-0.015513],""pnp_valid"":true,""pnp_camera_xyz"":[0.25488,-0.335605,1.287576],""pnp_camera_quat_xyzw"":[-0.030344,-0.001811,-0.006316,0.999518],""pnp_camera_rpy_deg"":[-3.476359,-0.229344,-0.717173],""pnp_reprojection_error_px"":0.09017},{""tag_id"":16,""target_match"":true,""family"":""tag25h9"",""hamming"":0,""decision_margin"":159.732132,""pixel_xy"":[791.166695,266.3387],""world_xy_yaw"":[0.20356,1.039867,-0.01175],""pnp_valid"":true,""pnp_camera_xyz"":[0.255902,-0.193544,1.274217],""pnp_camera_quat_xyzw"":[-0.037478,-0.009322,-0.006762,0.999231],""pnp_camera_rpy_deg"":[-4.288877,-1.096515,-0.734355],""pnp_reprojection_error_px"":0.033704}]",1,0.09017,161.532776,86.913293,,0,,0,,
2026-08-12T10:57:15.368676+00:00,5010.652330182,sway_decay_positive_0075_run03,0,"[0.0,0.0,0.0,0.0]",0,0,0,0,,,,,,,,,,,,,,,,,,,,,,,,,,,,0,,0,,,"[NaN,NaN,NaN]","[NaN,NaN,NaN,NaN]","[NaN,NaN,NaN,NaN,NaN,NaN]",0.001574,63,1,"[15,16]","[0.203657,1.039877,-0.012068]","[{""tag_id"":15,""target_match"":true,""family"":""tag25h9"",""hamming"":0,""decision_margin"":160.173264,""pixel_xy"":[789.865453,207.180521],""world_xy_yaw"":[0.201374,1.11204,-0.015188],""pnp_valid"":true,""pnp_camera_xyz"":[0.254968,-0.335453,1.286718],""pnp_camera_quat_xyzw"":[-0.031638,-0.002749,-0.006265,0.999476],""pnp_camera_rpy_deg"":[-3.624051,-0.337557,-0.707657],""pnp_reprojection_error_px"":0.082028},{""tag_id"":16,""target_match"":true,""family"":""tag25h9"",""hamming"":0,""decision_margin"":160.475418,""pixel_xy"":[791.224536,266.33066],""world_xy_yaw"":[0.203657,1.039877,-0.012068],""pnp_valid"":true,""pnp_camera_xyz"":[0.256326,-0.193781,1.275305],""pnp_camera_quat_xyzw"":[-0.033702,-0.007902,-0.00743,0.999373],""pnp_camera_rpy_deg"":[-3.856245,-0.933687,-0.820555],""pnp_reprojection_error_px"":0.062946}]",1,0.062946,160.475418,87.761733,,0,,0,,
2026-08-12T10:57:15.417548+00:00,5010.701209252,sway_decay_positive_0075_run03,0,"[0.0,0.0,0.0,0.0]",0,0,0,0,,,,,,,,,,,,,,,,,,,,,,,,,,,,0,,0,,,"[NaN,NaN,NaN]","[NaN,NaN,NaN,NaN]","[NaN,NaN,NaN,NaN,NaN,NaN]",0.001050,65,1,"[15,16]","[0.201603,1.111997,-0.014948]","[{""tag_id"":15,""target_match"":true,""family"":""tag25h9"",""hamming"":0,""decision_margin"":159.159637,""pixel_xy"":[790.001785,207.215282],""world_xy_yaw"":[0.201603,1.111997,-0.014948],""pnp_valid"":true,""pnp_camera_xyz"":[0.255254,-0.335504,1.28663],""pnp_camera_quat_xyzw"":[-0.031882,-0.003846,-0.006272,0.999465],""pnp_camera_rpy_deg"":[-3.651291,-0.463392,-0.704373],""pnp_reprojection_error_px"":0.046145},{""tag_id"":16,""target_match"":true,""family"":""tag25h9"",""hamming"":0,""decision_margin"":159.155807,""pixel_xy"":[791.309705,266.317193],""world_xy_yaw"":[0.2038,1.039893,-0.012739],""pnp_valid"":true,""pnp_camera_xyz"":[0.256711,-0.193991,1.276096],""pnp_camera_quat_xyzw"":[-0.031116,-0.006308,-0.007816,0.999465],""pnp_camera_rpy_deg"":[-3.560694,-0.750322,-0.87279],""pnp_reprojection_error_px"":0.090776}]",1,0.046145,159.159637,86.489646,,0,,0,,
2026-08-12T10:57:15.467008+00:00,5010.750675734,sway_decay_positive_0075_run03,0,"[0.0,0.0,0.0,0.0]",0,0,0,0,,,,,,,,,,,,,,,,,,,,,,,,,,,,0,,0,,,"[NaN,NaN,NaN]","[NaN,NaN,NaN,NaN]","[NaN,NaN,NaN,NaN,NaN,NaN]",0.000984,66,1,"[15,16]","[0.201654,1.112019,-0.01269]","[{""tag_id"":15,""target_match"":true,""family"":""tag25h9"",""hamming"":0,""decision_margin"":159.417831,""pixel_xy"":[790.032216,207.197874],""world_xy_yaw"":[0.201654,1.112019,-0.01269],""pnp_valid"":true,""pnp_camera_xyz"":[0.255225,-0.335341,1.285811],""pnp_camera_quat_xyzw"":[-0.033881,-0.004721,-0.006029,0.999397],""pnp_camera_rpy_deg"":[-3.879983,-0.564021,-0.672166],""pnp_reprojection_error_px"":0.020437},{""tag_id"":16,""target_match"":true,""family"":""tag25h9"",""hamming"":0,""decision_margin"":158.319672,""pixel_xy"":[791.35927,266.318231],""world_xy_yaw"":[0.203884,1.039892,-0.012314],""pnp_valid"":true,""pnp_camera_xyz"":[0.256769,-0.19396,1.275762],""pnp_camera_quat_xyzw"":[-0.032288,-0.00609,-0.007677,0.999431],""pnp_camera_rpy_deg"":[-3.695341,-0.725923,-0.856791],""pnp_reprojection_error_px"":0.100917}]",1,0.020437,159.417831,87.236217,,0,,0,,
2026-08-12T10:57:15.516955+00:00,5010.800626458,sway_decay_positive_0075_run03,0,"[0.0,0.0,0.0,0.0]",0,0,0,0,,,,,,,,,,,,,,,,,,,,,,,,,,,,0,,0,,,"[NaN,NaN,NaN]","[NaN,NaN,NaN,NaN]","[NaN,NaN,NaN,NaN,NaN,NaN]",0.000467,68,1,"[15,16]","[0.201867,1.112014,-0.011779]","[{""tag_id"":15,""target_match"":true,""family"":""tag25h9"",""hamming"":0,""decision_margin"":162.146393,""pixel_xy"":[790.159157,207.201752],""world_xy_yaw"":[0.201867,1.112014,-0.011779],""pnp_valid"":true,""pnp_camera_xyz"":[0.255379,-0.335209,1.285051],""pnp_camera_quat_xyzw"":[-0.035039,-0.0078,-0.006458,0.999335],""pnp_camera_rpy_deg"":[-4.010494,-0.919146,-0.708325],""pnp_reprojection_error_px"":0.036855},{""tag_id"":16,""target_match"":true,""family"":""tag25h9"",""hamming"":0,""decision_margin"":159.404068,""pixel_xy"":[791.457009,266.232266],""world_xy_yaw"":[0.204048,1.039997,-0.01303],""pnp_valid"":true,""pnp_camera_xyz"":[0.257022,-0.194065,1.275809],""pnp_camera_quat_xyzw"":[-0.032372,-0.006483,-0.00822,0.999421],""pnp_camera_rpy_deg"":[-3.704264,-0.772947,-0.917481],""pnp_reprojection_error_px"":0.067541}]",1,0.036855,162.146393,90.458027,,0,,0,,
2026-08-12T10:57:15.566439+00:00,5010.850110443,sway_decay_positive_0075_run03,0,"[0.0,0.0,0.0,0.0]",0,0,0,0,,,,,,,,,,,,,,,,,,,,,,,,,,,,0,,0,,,"[NaN,NaN,NaN]","[NaN,NaN,NaN,NaN]","[NaN,NaN,NaN,NaN,NaN,NaN]",0.000659,69,1,"[15,16]","[0.201957,1.112011,-0.010556]","[{""tag_id"":15,""target_match"":true,""family"":""tag25h9"",""hamming"":0,""decision_margin"":160.699646,""pixel_xy"":[790.212267,207.203833],""world_xy_yaw"":[0.201957,1.112011,-0.010556],""pnp_valid"":true,""pnp_camera_xyz"":[0.255368,-0.33505,1.284264],""pnp_camera_quat_xyzw"":[-0.036226,-0.008047,-0.006153,0.999292],""pnp_camera_rpy_deg"":[-4.146733,-0.947082,-0.671229],""pnp_reprojection_error_px"":0.055115},{""tag_id"":16,""target_match"":true,""family"":""tag25h9"",""hamming"":0,""decision_margin"":160.135986,""pixel_xy"":[791.513019,266.180806],""world_xy_yaw"":[0.204142,1.040059,-0.013206],""pnp_valid"":true,""pnp_camera_xyz"":[0.257328,-0.19424,1.276646],""pnp_camera_quat_xyzw"":[-0.030065,-0.006189,-0.008298,0.999494],""pnp_camera_rpy_deg"":[-3.43994,-0.73745,-0.929225],""pnp_reprojection_error_px"":0.053841}]",1,0.055115,160.699646,91.13005,,0,,0,,
2026-08-12T10:57:15.617183+00:00,5010.900851828,sway_decay_positive_0075_run03,0,"[0.0,0.0,0.0,0.0]",0,0,0,0,,,,,,,,,,,,,,,,,,,,,,,,,,,,0,,0,,,"[NaN,NaN,NaN]","[NaN,NaN,NaN,NaN]","[NaN,NaN,NaN,NaN,NaN,NaN]",0.000959,70,1,"[15,16]","[0.202101,1.112027,-0.010204]","[{""tag_id"":15,""target_match"":true,""family"":""tag25h9"",""hamming"":0,""decision_margin"":160.689972,""pixel_xy"":[790.29821,207.191133],""world_xy_yaw"":[0.202101,1.112027,-0.010204],""pnp_valid"":true,""pnp_camera_xyz"":[0.255491,-0.33501,1.283985],""pnp_camera_quat_xyzw"":[-0.036295,-0.009754,-0.006167,0.999274],""pnp_camera_rpy_deg"":[-4.153686,-1.142638,-0.66574],""pnp_reprojection_error_px"":0.058686},{""tag_id"":16,""target_match"":true,""family"":""tag25h9"",""hamming"":0,""decision_margin"":159.503128,""pixel_xy"":[791.55911,266.143421],""world_xy_yaw"":[0.204219,1.040105,-0.012608],""pnp_valid"":true,""pnp_camera_xyz"":[0.257546,-0.19435,1.277077],""pnp_camera_quat_xyzw"":[-0.028882,-0.005829,-0.008165,0.999532],""pnp_camera_rpy_deg"":[-3.30469,-0.694671,-0.915975],""pnp_reprojection_error_px"":0.061162}]",1,0.058686,160.689972,90.652787,,0,,0,,
2026-08-12T10:57:15.668596+00:00,5010.952251573,sway_decay_positive_0075_run03,0,"[0.0,0.0,0.0,0.0]",0,0,0,0,,,,,,,,,,,,,,,,,,,,,,,,,,,,0,,0,,,"[NaN,NaN,NaN]","[NaN,NaN,NaN,NaN]","[NaN,NaN,NaN,NaN,NaN,NaN]",0.001560,72,1,"[15,16]","[0.204392,1.040235,-0.011765]","[{""tag_id"":15,""target_match"":true,""family"":""tag25h9"",""hamming"":0,""decision_margin"":159.383835,""pixel_xy"":[790.42842,207.154011],""world_xy_yaw"":[0.20232,1.112072,-0.008304],""pnp_valid"":true,""pnp_camera_xyz"":[0.255658,-0.334938,1.283324],""pnp_camera_quat_xyzw"":[-0.036892,-0.010608,-0.005348,0.999249],""pnp_camera_rpy_deg"":[-4.222609,-1.237394,-0.567726],""pnp_reprojection_error_px"":0.065444},{""tag_id"":16,""target_match"":true,""family"":""tag25h9"",""hamming"":0,""decision_margin"":159.6875,""pixel_xy"":[791.661664,266.036741],""world_xy_yaw"":[0.204392,1.040235,-0.011765],""pnp_valid"":true,""pnp_camera_xyz"":[0.257987,-0.194576,1.277934],""pnp_camera_quat_xyzw"":[-0.025782,-0.004843,-0.00785,0.999625],""pnp_camera_rpy_deg"":[-2.95044,-0.57794,-0.884994],""pnp_reprojection_error_px"":0.101308}]",1,0.101308,159.6875,89.70543,,0,,0,,
2026-08-12T10:57:15.718488+00:00,5011.002145502,sway_decay_positive_0075_run03,0,"[0.0,0.0,0.0,0.0]",0,0,0,0,,,,,,,,,,,,,,,,,,,,,,,,,,,,0,,0,,,"[NaN,NaN,NaN]","[NaN,NaN,NaN,NaN]","[NaN,NaN,NaN,NaN,NaN,NaN]",0.002270,73,1,"[15,16]","[0.202476,1.112117,-0.008056]","[{""tag_id"":15,""target_match"":true,""family"":""tag25h9"",""hamming"":0,""decision_margin"":160.69014,""pixel_xy"":[790.521591,207.116867],""world_xy_yaw"":[0.202476,1.112117,-0.008056],""pnp_valid"":true,""pnp_camera_xyz"":[0.256468,-0.33576,1.286361],""pnp_camera_quat_xyzw"":[-0.033862,-0.007386,-0.004169,0.999391],""pnp_camera_rpy_deg"":[-3.877799,-0.862015,-0.448802],""pnp_reprojection_error_px"":0.046741},{""tag_id"":16,""target_match"":true,""family"":""tag25h9"",""hamming"":0,""decision_margin"":160.088989,""pixel_xy"":[791.711844,266.003968],""world_xy_yaw"":[0.204476,1.040275,-0.01137],""pnp_valid"":true,""pnp_camera_xyz"":[0.258113,-0.194662,1.27805],""pnp_camera_quat_xyzw"":[-0.025025,-0.003564,-0.0073,0.999654],""pnp_camera_rpy_deg"":[-2.864904,-0.429216,-0.826039],""pnp_reprojection_error_px"":0.099269}]",1,0.046741,160.69014,89.755488,,0,,0,,
2026-08-12T10:57:15.768566+00:00,5011.052222008,sway_decay_positive_0075_run03,0,"[0.0,0.0,0.0,0.0]",0,0,0,0,,,,,,,,,,,,,,,,,,,,,,,,,,,,0,,0,,,"[NaN,NaN,NaN]","[NaN,NaN,NaN,NaN]","[NaN,NaN,NaN,NaN,NaN,NaN]",0.001557,75,1,"[15,16]","[0.202646,1.112236,-0.007232]","[{""tag_id"":15,""target_match"":true,""family"":""tag25h9"",""hamming"":0,""decision_margin"":159.861237,""pixel_xy"":[790.622852,207.01968],""world_xy_yaw"":[0.202646,1.112236,-0.007232],""pnp_valid"":true,""pnp_camera_xyz"":[0.256786,-0.335899,1.286588],""pnp_camera_quat_xyzw"":[-0.034141,-0.007027,-0.003981,0.999384],""pnp_camera_rpy_deg"":[-3.910112,-0.820359,-0.428496],""pnp_reprojection_error_px"":0.032388},{""tag_id"":16,""target_match"":true,""family"":""tag25h9"",""hamming"":0,""decision_margin"":159.271896,""pixel_xy"":[791.825929,265.973661],""world_xy_yaw"":[0.204668,1.040312,-0.009759],""pnp_valid"":true,""pnp_camera_xyz"":[0.258011,-0.194532,1.276345],""pnp_camera_quat_xyzw"":[-0.026591,-0.005883,-0.006573,0.999607],""pnp_camera_rpy_deg"":[-3.043179,-0.693903,-0.735066],""pnp_reprojection_error_px"":0.074121}]",1,0.032388,159.861237,90.826386,,0,,0,,
2026-08-12T10:57:15.818527+00:00,5011.102183237,sway_decay_positive_0075_run03,0,"[0.0,0.0,0.0,0.0]",0,0,0,0,,,,,,,,,,,,,,,,,,,,,,,,,,,,0,,0,,,"[NaN,NaN,NaN]","[NaN,NaN,NaN,NaN]","[NaN,NaN,NaN,NaN,NaN,NaN]",0.002292,76,1,"[15,16]","[0.20478,1.040347,-0.008851]","[{""tag_id"":15,""target_match"":true,""family"":""tag25h9"",""hamming"":0,""decision_margin"":159.790878,""pixel_xy"":[790.702484,206.976442],""world_xy_yaw"":[0.20278,1.112289,-0.009131],""pnp_valid"":true,""pnp_camera_xyz"":[0.256879,-0.335877,1.286377],""pnp_camera_quat_xyzw"":[-0.034736,-0.006027,-0.004097,0.99937],""pnp_camera_rpy_deg"":[-3.978636,-0.706581,-0.445205],""pnp_reprojection_error_px"":0.069472},{""tag_id"":16,""target_match"":true,""family"":""tag25h9"",""hamming"":0,""decision_margin"":161.519333,""pixel_xy"":[791.892759,265.945402],""world_xy_yaw"":[0.20478,1.040347,-0.008851],""pnp_valid"":true,""pnp_camera_xyz"":[0.257987,-0.194446,1.275555],""pnp_camera_quat_xyzw"":[-0.027443,-0.006101,-0.005918,0.999587],""pnp_camera_rpy_deg"":[-3.141156,-0.717422,-0.658733],""pnp_reprojection_error_px"":0.07808}]",1,0.07808,161.519333,90.883792,,0,,0,,
2026-08-12T10:57:15.868412+00:00,5011.152068737,sway_decay_positive_0075_run03,0,"[0.0,0.0,0.0,0.0]",0,0,0,0,,,,,,,,,,,,,,,,,,,,,,,,,,,,0,,0,,,"[NaN,NaN,NaN]","[NaN,NaN,NaN,NaN]","[NaN,NaN,NaN,NaN,NaN,NaN]",0.001431,78,1,"[15,16]","[0.202994,1.112337,-0.00915]","[{""tag_id"":15,""target_match"":true,""family"":""tag25h9"",""hamming"":0,""decision_margin"":160.450714,""pixel_xy"":[790.829519,206.937121],""world_xy_yaw"":[0.202994,1.112337,-0.00915],""pnp_valid"":true,""pnp_camera_xyz"":[0.257018,-0.335737,1.285573],""pnp_camera_quat_xyzw"":[-0.036344,-0.005881,-0.00407,0.999314],""pnp_camera_rpy_deg"":[-4.163097,-0.690371,-0.441603],""pnp_reprojection_error_px"":0.077614},{""tag_id"":16,""target_match"":true,""family"":""tag25h9"",""hamming"":0,""decision_margin"":159.866318,""pixel_xy"":[792.051766,265.901743],""world_xy_yaw"":[0.205047,1.0404,-0.007018],""pnp_valid"":true,""pnp_camera_xyz"":[0.257522,-0.19404,1.271689],""pnp_camera_quat_xyzw"":[-0.032698,-0.013628,-0.005576,0.999357],""pnp_camera_rpy_deg"":[-3.739844,-1.581737,-0.587736],""pnp_reprojection_error_px"":0.036318}]",1,0.077614,160.450714,89.638397,,0,,0,,
2026-08-12T10:57:15.918198+00:00,5011.201855998,sway_decay_positive_0075_run03,0,"[0.0,0.0,0.0,0.0]",0,0,0,0,,,,,,,,,,,,,,,,,,,,,,,,,,,,0,,0,,,"[NaN,NaN,NaN]","[NaN,NaN,NaN,NaN]","[NaN,NaN,NaN,NaN,NaN,NaN]",0.001932,79,1,"[15,16]","[0.205172,1.040378,-0.006112]","[{""tag_id"":15,""target_match"":true,""family"":""tag25h9"",""hamming"":0,""decision_margin"":159.82019,""pixel_xy"":[790.91519,206.912997],""world_xy_yaw"":[0.203137,1.112366,-0.011276],""pnp_valid"":true,""pnp_camera_xyz"":[0.257232,-0.335878,1.28589],""pnp_camera_quat_xyzw"":[-0.037108,-0.004487,-0.004231,0.999292],""pnp_camera_rpy_deg"":[-4.251173,-0.531757,-0.465467],""pnp_reprojection_error_px"":0.089648},{""tag_id"":16,""target_match"":true,""family"":""tag25h9"",""hamming"":0,""decision_margin"":160.109268,""pixel_xy"":[792.126456,265.919952],""world_xy_yaw"":[0.205172,1.040378,-0.006112],""pnp_valid"":true,""pnp_camera_xyz"":[0.257504,-0.193964,1.27087],""pnp_camera_quat_xyzw"":[-0.033213,-0.016015,-0.005223,0.999306],""pnp_camera_rpy_deg"":[-3.798508,-1.854136,-0.53745],""pnp_reprojection_error_px"":0.017665}]",1,0.017665,160.109268,90.7142,,0,,0,,
2026-08-12T10:57:15.967865+00:00,5011.251534644,sway_decay_positive_0075_run03,0,"[0.0,0.0,0.0,0.0]",0,0,0,0,,,,,,,,,,,,,,,,,,,,,,,,,,,,0,,0,,,"[NaN,NaN,NaN]","[NaN,NaN,NaN,NaN]","[NaN,NaN,NaN,NaN,NaN,NaN]",0.000855,81,1,"[15,16]","[0.205351,1.04035,-0.005108]","[{""tag_id"":15,""target_match"":true,""family"":""tag25h9"",""hamming"":0,""decision_margin"":156.744598,""pixel_xy"":[791.068184,206.965956],""world_xy_yaw"":[0.203395,1.112302,-0.010894],""pnp_valid"":true,""pnp_camera_xyz"":[0.257604,-0.33597,1.285949],""pnp_camera_quat_xyzw"":[-0.037956,-0.005809,-0.004433,0.999253],""pnp_camera_rpy_deg"":[-4.347661,-0.684479,-0.482329],""pnp_reprojection_error_px"":0.063182},{""tag_id"":16,""target_match"":true,""family"":""tag25h9"",""hamming"":0,""decision_margin"":162.031631,""pixel_xy"":[792.232599,265.942325],""world_xy_yaw"":[0.205351,1.04035,-0.005108],""pnp_valid"":true,""pnp_camera_xyz"":[0.25761,-0.193921,1.270081],""pnp_camera_quat_xyzw"":[-0.034394,-0.016324,-0.005013,0.999262],""pnp_camera_rpy_deg"":[-3.934203,-1.889354,-0.509967],""pnp_reprojection_error_px"":0.071133}]",1,0.071133,162.031631,89.128563,,0,,0,,
2026-08-12T10:57:16.018542+00:00,5011.302199206,sway_decay_positive_0075_run03,0,"[0.0,0.0,0.0,0.0]",0,0,0,0,,,,,,,,,,,,,,,,,,,,,,,,,,,,0,,0,,,"[NaN,NaN,NaN]","[NaN,NaN,NaN,NaN]","[NaN,NaN,NaN,NaN,NaN,NaN]",0.002307,82,1,"[15,16]","[0.205461,1.040357,-0.005048]","[{""tag_id"":15,""target_match"":true,""family"":""tag25h9"",""hamming"":0,""decision_margin"":159.090515,""pixel_xy"":[791.126562,206.959079],""world_xy_yaw"":[0.203493,1.11231,-0.011548],""pnp_valid"":true,""pnp_camera_xyz"":[0.257712,-0.335986,1.285794],""pnp_camera_quat_xyzw"":[-0.038446,-0.004815,-0.004526,0.999239],""pnp_camera_rpy_deg"":[-4.404329,-0.571288,-0.497051],""pnp_reprojection_error_px"":0.07061},{""tag_id"":16,""target_match"":true,""family"":""tag25h9"",""hamming"":0,""decision_margin"":162.407242,""pixel_xy"":[792.298072,265.936791],""world_xy_yaw"":[0.205461,1.040357,-0.005048],""pnp_valid"":true,""pnp_camera_xyz"":[0.257777,-0.193999,1.270279],""pnp_camera_quat_xyzw"":[-0.034134,-0.016745,-0.004767,0.999266],""pnp_camera_rpy_deg"":[-3.904721,-1.936396,-0.480626],""pnp_reprojection_error_px"":0.084128}]",1,0.084128,162.407242,89.694153,,0,,0,,
2026-08-12T10:57:16.068565+00:00,5011.352221678,sway_decay_positive_0075_run03,0,"[0.0,0.0,0.0,0.0]",0,0,0,0,,,,,,,,,,,,,,,,,,,,,,,,,,,,0,,0,,,"[NaN,NaN,NaN]","[NaN,NaN,NaN,NaN]","[NaN,NaN,NaN,NaN,NaN,NaN]",0.001577,84,1,"[15,16]","[0.205656,1.040383,-0.004462]","[{""tag_id"":15,""target_match"":true,""family"":""tag25h9"",""hamming"":0,""decision_margin"":158.659088,""pixel_xy"":[791.201221,206.920347],""world_xy_yaw"":[0.203618,1.112357,-0.011169],""pnp_valid"":true,""pnp_camera_xyz"":[0.258172,-0.336329,1.286627],""pnp_camera_quat_xyzw"":[-0.036929,-0.003718,-0.005283,0.999297],""pnp_camera_rpy_deg"":[-4.230533,-0.448084,-0.589252],""pnp_reprojection_error_px"":0.05381},{""tag_id"":16,""target_match"":true,""family"":""tag25h9"",""hamming"":0,""decision_margin"":159.240494,""pixel_xy"":[792.414403,265.915199],""world_xy_yaw"":[0.205656,1.040383,-0.004462],""pnp_valid"":true,""pnp_camera_xyz"":[0.257916,-0.193969,1.269624],""pnp_camera_quat_xyzw"":[-0.035518,-0.017516,-0.004633,0.999205],""pnp_camera_rpy_deg"":[-4.063485,-2.02484,-0.459507],""pnp_reprojection_error_px"":0.092611}]",1,0.092611,159.240494,89.635014,,0,,0,,
2026-08-12T10:57:16.118505+00:00,5011.402161654,sway_decay_positive_0075_run03,0,"[0.0,0.0,0.0,0.0]",0,0,0,0,,,,,,,,,,,,,,,,,,,,,,,,,,,,0,,0,,,"[NaN,NaN,NaN]","[NaN,NaN,NaN,NaN]","[NaN,NaN,NaN,NaN,NaN,NaN]",0.002275,85,1,"[15,16]","[0.203748,1.112371,-0.010407]","[{""tag_id"":15,""target_match"":true,""family"":""tag25h9"",""hamming"":0,""decision_margin"":160.067093,""pixel_xy"":[791.278402,206.909297],""world_xy_yaw"":[0.203748,1.112371,-0.010407],""pnp_valid"":true,""pnp_camera_xyz"":[0.258513,-0.336562,1.287402],""pnp_camera_quat_xyzw"":[-0.037146,-0.003458,-0.004862,0.999292],""pnp_camera_rpy_deg"":[-4.255655,-0.416655,-0.542083],""pnp_reprojection_error_px"":0.055422},{""tag_id"":16,""target_match"":true,""family"":""tag25h9"",""hamming"":0,""decision_margin"":159.208893,""pixel_xy"":[792.472351,265.897253],""world_xy_yaw"":[0.205754,1.040405,-0.004914],""pnp_valid"":true,""pnp_camera_xyz"":[0.257845,-0.193843,1.268676],""pnp_camera_quat_xyzw"":[-0.037436,-0.019741,-0.005081,0.999091],""pnp_camera_rpy_deg"":[-4.281783,-2.282547,-0.497441],""pnp_reprojection_error_px"":0.082196}]",1,0.055422,160.067093,90.791411,,0,,0,,
2026-08-12T10:57:16.167615+00:00,5011.451279191,sway_decay_positive_0075_run03,0,"[0.0,0.0,0.0,0.0]",0,0,0,0,,,,,,,,,,,,,,,,,,,,,,,,,,,,0,,0,,,"[NaN,NaN,NaN]","[NaN,NaN,NaN,NaN]","[NaN,NaN,NaN,NaN,NaN,NaN]",0.001037,87,1,"[15,16]","[0.203856,1.112425,-0.007666]","[{""tag_id"":15,""target_match"":true,""family"":""tag25h9"",""hamming"":0,""decision_margin"":160.139908,""pixel_xy"":[791.342987,206.864659],""world_xy_yaw"":[0.203856,1.112425,-0.007666],""pnp_valid"":true,""pnp_camera_xyz"":[0.259329,-0.337338,1.289767],""pnp_camera_quat_xyzw"":[-0.032554,0.00045,-0.004454,0.99946],""pnp_camera_rpy_deg"":[-3.73123,0.034913,-0.511856],""pnp_reprojection_error_px"":0.102778},{""tag_id"":16,""target_match"":true,""family"":""tag25h9"",""hamming"":0,""decision_margin"":158.760773,""pixel_xy"":[792.603597,265.808448],""world_xy_yaw"":[0.205974,1.040514,-0.004583],""pnp_valid"":true,""pnp_camera_xyz"":[0.258322,-0.194014,1.269507],""pnp_camera_quat_xyzw"":[-0.035985,-0.020048,-0.004917,0.999139],""pnp_camera_rpy_deg"":[-4.115682,-2.316244,-0.480676],""pnp_reprojection_error_px"":0.012622}]",1,0.102778,160.139908,90.695985,,0,,0,,
2026-08-12T10:57:16.218725+00:00,5011.502380511,sway_decay_positive_0075_run03,0,"[0.0,0.0,0.0,0.0]",0,0,0,0,,,,,,,,,,,,,,,,,,,,,,,,,,,,0,,0,,,"[NaN,NaN,NaN]","[NaN,NaN,NaN,NaN]","[NaN,NaN,NaN,NaN,NaN,NaN]",0.000889,89,1,"[15,16]","[0.204028,1.112573,-0.005363]","[{""tag_id"":15,""target_match"":true,""family"":""tag25h9"",""hamming"":0,""decision_margin"":160.116486,""pixel_xy"":[791.445101,206.743661],""world_xy_yaw"":[0.204028,1.112573,-0.005363],""pnp_valid"":true,""pnp_camera_xyz"":[0.259995,-0.337913,1.291543],""pnp_camera_quat_xyzw"":[-0.029773,0.000231,-0.004031,0.999549],""pnp_camera_rpy_deg"":[-3.412308,0.01273,-0.462456],""pnp_reprojection_error_px"":0.095569},{""tag_id"":16,""target_match"":true,""family"":""tag25h9"",""hamming"":0,""decision_margin"":158.385635,""pixel_xy"":[792.723549,265.731732],""world_xy_yaw"":[0.206176,1.040607,-0.004375],""pnp_valid"":true,""pnp_camera_xyz"":[0.258874,-0.194279,1.27088],""pnp_camera_quat_xyzw"":[-0.034574,-0.017696,-0.004316,0.999236],""pnp_camera_rpy_deg"":[-3.955797,-2.043781,-0.424319],""pnp_reprojection_error_px"":0.041592}]",1,0.095569,160.116486,92.145554,,0,,0,,
2026-08-12T10:57:16.267381+00:00,5011.551045442,sway_decay_positive_0075_run03,0,"[0.0,0.0,0.0,0.0]",0,0,0,0,,,,,,,,,,,,,,,,,,,,,,,,,,,,0,,0,,,"[NaN,NaN,NaN]","[NaN,NaN,NaN,NaN]","[NaN,NaN,NaN,NaN,NaN,NaN]",0.001213,90,1,"[15,16]","[0.204096,1.112652,-0.00375]","[{""tag_id"":15,""target_match"":true,""family"":""tag25h9"",""hamming"":0,""decision_margin"":160.918121,""pixel_xy"":[791.485889,206.678351],""world_xy_yaw"":[0.204096,1.112652,-0.00375],""pnp_valid"":true,""pnp_camera_xyz"":[0.259923,-0.337742,1.290531],""pnp_camera_quat_xyzw"":[-0.029137,-0.001098,-0.003917,0.999567],""pnp_camera_rpy_deg"":[-3.338782,-0.138845,-0.445052],""pnp_reprojection_error_px"":0.112758},{""tag_id"":16,""target_match"":true,""family"":""tag25h9"",""hamming"":0,""decision_margin"":158.382477,""pixel_xy"":[792.785483,265.709014],""world_xy_yaw"":[0.20628,1.040635,-0.005609],""pnp_valid"":true,""pnp_camera_xyz"":[0.259153,-0.194451,1.27168],""pnp_camera_quat_xyzw"":[-0.033798,-0.014934,-0.00419,0.999308],""pnp_camera_rpy_deg"":[-3.867821,-1.726649,-0.422182],""pnp_reprojection_error_px"":0.044311}]",1,0.112758,160.918121,91.464636,,0,,0,,
2026-08-12T10:57:16.318574+00:00,5011.602229135,sway_decay_positive_0075_run03,0,"[0.0,0.0,0.0,0.0]",0,0,0,0,,,,,,,,,,,,,,,,,,,,,,,,,,,,0,,0,,,"[NaN,NaN,NaN]","[NaN,NaN,NaN,NaN]","[NaN,NaN,NaN,NaN,NaN,NaN]",0.002299,91,1,"[15,16]","[0.204225,1.112715,-0.00274]","[{""tag_id"":15,""target_match"":true,""family"":""tag25h9"",""hamming"":0,""decision_margin"":159.6194,""pixel_xy"":[791.562226,206.626719],""world_xy_yaw"":[0.204225,1.112715,-0.00274],""pnp_valid"":true,""pnp_camera_xyz"":[0.259566,-0.337152,1.288007],""pnp_camera_quat_xyzw"":[-0.031847,-0.003855,-0.003807,0.999478],""pnp_camera_rpy_deg"":[-3.648365,-0.455474,-0.421976],""pnp_reprojection_error_px"":0.108627},{""tag_id"":16,""target_match"":true,""family"":""tag25h9"",""hamming"":0,""decision_margin"":156.786957,""pixel_xy"":[792.834423,265.696968],""world_xy_yaw"":[0.206362,1.04065,-0.006766],""pnp_valid"":true,""pnp_camera_xyz"":[0.259616,-0.194753,1.273454],""pnp_camera_quat_xyzw"":[-0.031198,-0.011591,-0.004099,0.999438],""pnp_camera_rpy_deg"":[-3.570811,-1.34223,-0.428147],""pnp_reprojection_error_px"":0.045151}]",1,0.108627,159.6194,91.117524,,0,,0,,
2026-08-12T10:57:16.368580+00:00,5011.652237124,sway_decay_positive_0075_run03,0,"[0.0,0.0,0.0,0.0]",0,0,0,0,,,,,,,,,,,,,,,,,,,,,,,,,,,,0,,0,,,"[NaN,NaN,NaN]","[NaN,NaN,NaN,NaN]","[NaN,NaN,NaN,NaN,NaN,NaN]",0.001561,93,1,"[15,16]","[0.206547,1.040715,-0.010397]","[{""tag_id"":15,""target_match"":true,""family"":""tag25h9"",""hamming"":0,""decision_margin"":159.881317,""pixel_xy"":[791.704842,206.55456],""world_xy_yaw"":[0.204464,1.112803,-0.002602],""pnp_valid"":true,""pnp_camera_xyz"":[0.259217,-0.336453,1.284904],""pnp_camera_quat_xyzw"":[-0.032544,-0.006888,-0.003867,0.999439],""pnp_camera_rpy_deg"":[-3.727062,-0.803362,-0.417278],""pnp_reprojection_error_px"":0.101945},{""tag_id"":16,""target_match"":true,""family"":""tag25h9"",""hamming"":0,""decision_margin"":159.92543,""pixel_xy"":[792.944735,265.643532],""world_xy_yaw"":[0.206547,1.040715,-0.010397],""pnp_valid"":true,""pnp_camera_xyz"":[0.260417,-0.195307,1.276494],""pnp_camera_quat_xyzw"":[-0.028324,-0.004847,-0.004077,0.999579],""pnp_camera_rpy_deg"":[-3.243998,-0.568392,-0.451253],""pnp_reprojection_error_px"":0.075861}]",1,0.075861,159.92543,91.983225,,0,,0,,
2026-08-12T10:57:16.418596+00:00,5011.702252034,sway_decay_positive_0075_run03,0,"[0.0,0.0,0.0,0.0]",0,0,0,0,,,,,,,,,,,,,,,,,,,,,,,,,,,,0,,0,,,"[NaN,NaN,NaN]","[NaN,NaN,NaN,NaN]","[NaN,NaN,NaN,NaN,NaN,NaN]",0.000202,95,1,"[15,16]","[0.204764,1.112831,-0.002059]","[{""tag_id"":15,""target_match"":true,""family"":""tag25h9"",""hamming"":0,""decision_margin"":159.658508,""pixel_xy"":[791.883289,206.531646],""world_xy_yaw"":[0.204764,1.112831,-0.002059],""pnp_valid"":true,""pnp_camera_xyz"":[0.259077,-0.335958,1.282586],""pnp_camera_quat_xyzw"":[-0.033448,-0.009414,-0.003278,0.999391],""pnp_camera_rpy_deg"":[-3.830546,-1.090776,-0.339413],""pnp_reprojection_error_px"":0.057313},{""tag_id"":16,""target_match"":true,""family"":""tag25h9"",""hamming"":0,""decision_margin"":158.978104,""pixel_xy"":[793.062465,265.586085],""world_xy_yaw"":[0.206745,1.040785,-0.011232],""pnp_valid"":true,""pnp_camera_xyz"":[0.26075,-0.1955,1.276745],""pnp_camera_quat_xyzw"":[-0.029153,-0.003959,-0.004434,0.999557],""pnp_camera_rpy_deg"":[-3.339147,-0.468341,-0.494683],""pnp_reprojection_error_px"":0.068053}]",1,0.057313,159.658508,90.174839,,0,,0,,
2026-08-12T10:57:16.468555+00:00,5011.752211568,sway_decay_positive_0075_run03,0,"[0.0,0.0,0.0,0.0]",0,0,0,0,,,,,,,,,,,,,,,,,,,,,,,,,,,,0,,0,,,"[NaN,NaN,NaN]","[NaN,NaN,NaN,NaN]","[NaN,NaN,NaN,NaN,NaN,NaN]",0.002316,96,1,"[15,16]","[0.206855,1.040764,-0.010537]","[{""tag_id"":15,""target_match"":true,""family"":""tag25h9"",""hamming"":0,""decision_margin"":160.896698,""pixel_xy"":[791.958986,206.552819],""world_xy_yaw"":[0.204891,1.112806,-0.002099],""pnp_valid"":true,""pnp_camera_xyz"":[0.258997,-0.335669,1.281336],""pnp_camera_quat_xyzw"":[-0.034593,-0.011585,-0.003838,0.999327],""pnp_camera_rpy_deg"":[-3.960566,-1.341982,-0.393648],""pnp_reprojection_error_px"":0.032828},{""tag_id"":16,""target_match"":true,""family"":""tag25h9"",""hamming"":0,""decision_margin"":161.692108,""pixel_xy"":[793.127972,265.603175],""world_xy_yaw"":[0.206855,1.040764,-0.010537],""pnp_valid"":true,""pnp_camera_xyz"":[0.26078,-0.195463,1.276132],""pnp_camera_quat_xyzw"":[-0.03106,-0.006207,-0.004467,0.999488],""pnp_camera_rpy_deg"":[-3.556812,-0.726822,-0.48956],""pnp_reprojection_error_px"":0.046546}]",1,0.046546,161.692108,89.94876,,0,,0,,
2026-08-12T10:57:16.517803+00:00,5011.801474145,sway_decay_positive_0075_run03,0,"[0.0,0.0,0.0,0.0]",0,0,0,0,,,,,,,,,,,,,,,,,,,,,,,,,,,,0,,0,,,"[NaN,NaN,NaN]","[NaN,NaN,NaN,NaN]","[NaN,NaN,NaN,NaN,NaN,NaN]",0.000847,98,1,"[15,16]","[0.207019,1.040732,-0.007539]","[{""tag_id"":15,""target_match"":true,""family"":""tag25h9"",""hamming"":0,""decision_margin"":160.969254,""pixel_xy"":[792.111491,206.590059],""world_xy_yaw"":[0.205147,1.11276,-0.002086],""pnp_valid"":true,""pnp_camera_xyz"":[0.25919,-0.335532,1.280619],""pnp_camera_quat_xyzw"":[-0.034811,-0.014038,-0.00428,0.999286],""pnp_camera_rpy_deg"":[-3.984175,-1.624778,-0.434307],""pnp_reprojection_error_px"":0.057339},{""tag_id"":16,""target_match"":true,""family"":""tag25h9"",""hamming"":0,""decision_margin"":160.987915,""pixel_xy"":[793.225833,265.629223],""world_xy_yaw"":[0.207019,1.040732,-0.007539],""pnp_valid"":true,""pnp_camera_xyz"":[0.260817,-0.19542,1.274933],""pnp_camera_quat_xyzw"":[-0.0343,-0.007296,-0.003754,0.999378],""pnp_camera_rpy_deg"":[-3.928459,-0.85034,-0.401251],""pnp_reprojection_error_px"":0.083096}]",1,0.083096,160.987915,88.501432,,0,,0,,
2026-08-12T10:57:16.567230+00:00,5011.850898295,sway_decay_positive_0075_run03,0,"[0.0,0.0,0.0,0.0]",0,0,0,0,,,,,,,,,,,,,,,,,,,,,,,,,,,,0,,0,,,"[NaN,NaN,NaN]","[NaN,NaN,NaN,NaN]","[NaN,NaN,NaN,NaN,NaN,NaN]",0.001234,99,1,"[15,16]","[0.207137,1.040724,-0.006874]","[{""tag_id"":15,""target_match"":true,""family"":""tag25h9"",""hamming"":0,""decision_margin"":161.25,""pixel_xy"":[792.192916,206.595253],""world_xy_yaw"":[0.205284,1.112754,-0.002023],""pnp_valid"":true,""pnp_camera_xyz"":[0.259554,-0.335775,1.281468],""pnp_camera_quat_xyzw"":[-0.033998,-0.014171,-0.00429,0.999312],""pnp_camera_rpy_deg"":[-3.890857,-1.639675,-0.436204],""pnp_reprojection_error_px"":0.070629},{""tag_id"":16,""target_match"":true,""family"":""tag25h9"",""hamming"":0,""decision_margin"":161.550858,""pixel_xy"":[793.295798,265.636375],""world_xy_yaw"":[0.207137,1.040724,-0.006874],""pnp_valid"":true,""pnp_camera_xyz"":[0.260837,-0.195381,1.274286],""pnp_camera_quat_xyzw"":[-0.03522,-0.008568,-0.003516,0.999337],""pnp_camera_rpy_deg"":[-4.033739,-0.995395,-0.368126],""pnp_reprojection_error_px"":0.116792}]",1,0.116792,161.550858,90.135624,,0,,0,,
2026-08-12T10:57:16.617951+00:00,5011.901612663,sway_decay_positive_0075_run03,0,"[0.0,0.0,0.0,0.0]",0,0,0,0,,,,,,,,,,,,,,,,,,,,,,,,,,,,0,,0,,,"[NaN,NaN,NaN]","[NaN,NaN,NaN,NaN]","[NaN,NaN,NaN,NaN,NaN,NaN]",0.001780,100,1,"[15,16]","[0.207252,1.04076,-0.00666]","[{""tag_id"":15,""target_match"":true,""family"":""tag25h9"",""hamming"":0,""decision_margin"":160.993439,""pixel_xy"":[792.287005,206.576192],""world_xy_yaw"":[0.205442,1.112777,-0.002261],""pnp_valid"":true,""pnp_camera_xyz"":[0.259768,-0.335826,1.281578],""pnp_camera_quat_xyzw"":[-0.033593,-0.01365,-0.003934,0.999335],""pnp_camera_rpy_deg"":[-3.845064,-1.578457,-0.398136],""pnp_reprojection_error_px"":0.057974},{""tag_id"":16,""target_match"":true,""family"":""tag25h9"",""hamming"":0,""decision_margin"":162.146698,""pixel_xy"":[793.364485,265.606167],""world_xy_yaw"":[0.207252,1.04076,-0.00666],""pnp_valid"":true,""pnp_camera_xyz"":[0.260825,-0.195312,1.273541],""pnp_camera_quat_xyzw"":[-0.036469,-0.010618,-0.003518,0.999272],""pnp_camera_rpy_deg"":[-4.176369,-1.23065,-0.35853],""pnp_reprojection_error_px"":0.108512}]",1,0.108512,162.146698,88.87886,,0,,0,,
2026-08-12T10:57:16.668677+00:00,5011.952330992,sway_decay_positive_0075_run03,0,"[0.0,0.0,0.0,0.0]",0,0,0,0,,,,,,,,,,,,,,,,,,,,,,,,,,,,0,,0,,,"[NaN,NaN,NaN]","[NaN,NaN,NaN,NaN]","[NaN,NaN,NaN,NaN,NaN,NaN]",0.001572,102,1,"[15,16]","[0.207393,1.040825,-0.002747]","[{""tag_id"":15,""target_match"":true,""family"":""tag25h9"",""hamming"":0,""decision_margin"":160.240997,""pixel_xy"":[792.450449,206.53161],""world_xy_yaw"":[0.205717,1.112831,-0.002244],""pnp_valid"":true,""pnp_camera_xyz"":[0.260895,-0.336817,1.285265],""pnp_camera_quat_xyzw"":[-0.029337,-0.009794,-0.002782,0.999518],""pnp_camera_rpy_deg"":[-3.359562,-1.131147,-0.285718],""pnp_reprojection_error_px"":0.023953},{""tag_id"":16,""target_match"":true,""family"":""tag25h9"",""hamming"":0,""decision_margin"":161.684341,""pixel_xy"":[793.448044,265.552973],""world_xy_yaw"":[0.207393,1.040825,-0.002747],""pnp_valid"":true,""pnp_camera_xyz"":[0.261016,-0.195336,1.273105],""pnp_camera_quat_xyzw"":[-0.038884,-0.013061,-0.00286,0.999154],""pnp_camera_rpy_deg"":[-4.453741,-1.508289,-0.269303],""pnp_reprojection_error_px"":0.087412}]",1,0.087412,161.684341,88.365954,,0,,0,,
2026-08-12T10:57:16.716911+00:00,5012.000579878,sway_decay_positive_0075_run03,0,"[0.0,0.0,0.0,0.0]",0,0,0,0,,,,,,,,,,,,,,,,,,,,,,,,,,,,0,,0,,,"[NaN,NaN,NaN]","[NaN,NaN,NaN,NaN]","[NaN,NaN,NaN,NaN,NaN,NaN]",0.000979,103,1,"[15,16]","[0.207527,1.04088,-0.002462]","[{""tag_id"":15,""target_match"":true,""family"":""tag25h9"",""hamming"":0,""decision_margin"":159.052109,""pixel_xy"":[792.515423,206.511407],""world_xy_yaw"":[0.205826,1.112856,-0.002234],""pnp_valid"":true,""pnp_camera_xyz"":[0.261072,-0.336874,1.285414],""pnp_camera_quat_xyzw"":[-0.029398,-0.01021,-0.002813,0.999512],""pnp_camera_rpy_deg"":[-3.366485,-1.17896,-0.287825],""pnp_reprojection_error_px"":0.011307},{""tag_id"":16,""target_match"":true,""family"":""tag25h9"",""hamming"":0,""decision_margin"":160.864655,""pixel_xy"":[793.52824,265.50778],""world_xy_yaw"":[0.207527,1.04088,-0.002462],""pnp_valid"":true,""pnp_camera_xyz"":[0.26125,-0.195384,1.273291],""pnp_camera_quat_xyzw"":[-0.038713,-0.014962,-0.003081,0.999134],""pnp_camera_rpy_deg"":[-4.433441,-1.727017,-0.286462],""pnp_reprojection_error_px"":0.050065}]",1,0.050065,160.864655,91.579649,,0,,0,,
2026-08-12T10:57:16.768713+00:00,5012.052366964,sway_decay_positive_0075_run03,0,"[0.0,0.0,0.0,0.0]",0,0,0,0,,,,,,,,,,,,,,,,,,,,,,,,,,,,0,,0,,,"[NaN,NaN,NaN]","[NaN,NaN,NaN,NaN]","[NaN,NaN,NaN,NaN,NaN,NaN]",0.001576,105,1,"[15,16]","[0.206061,1.112905,-0.001986]","[{""tag_id"":15,""target_match"":true,""family"":""tag25h9"",""hamming"":0,""decision_margin"":160.465317,""pixel_xy"":[792.65523,206.471288],""world_xy_yaw"":[0.206061,1.112905,-0.001986],""pnp_valid"":true,""pnp_camera_xyz"":[0.261409,-0.3369,1.285391],""pnp_camera_quat_xyzw"":[-0.029663,-0.009785,-0.002691,0.999508],""pnp_camera_rpy_deg"":[-3.397085,-1.129902,-0.275037],""pnp_reprojection_error_px"":0.019493},{""tag_id"":16,""target_match"":true,""family"":""tag25h9"",""hamming"":0,""decision_margin"":160.282578,""pixel_xy"":[793.681585,265.410162],""world_xy_yaw"":[0.207785,1.041,-0.001786],""pnp_valid"":true,""pnp_camera_xyz"":[0.261667,-0.195459,1.273542],""pnp_camera_quat_xyzw"":[-0.038273,-0.013865,-0.002589,0.999168],""pnp_camera_rpy_deg"":[-4.383981,-1.599026,-0.235753],""pnp_reprojection_error_px"":0.032881}]",1,0.019493,160.465317,89.201232,,0,,0,,
2026-08-12T10:57:16.818518+00:00,5012.102175015,sway_decay_positive_0075_run03,0,"[0.0,0.0,0.0,0.0]",0,0,0,0,,,,,,,,,,,,,,,,,,,,,,,,,,,,0,,0,,,"[NaN,NaN,NaN]","[NaN,NaN,NaN,NaN]","[NaN,NaN,NaN,NaN,NaN,NaN]",0.000566,107,1,"[15,16]","[0.206292,1.112978,-0.002581]","[{""tag_id"":15,""target_match"":true,""family"":""tag25h9"",""hamming"":0,""decision_margin"":161.775208,""pixel_xy"":[792.79274,206.411093],""world_xy_yaw"":[0.206292,1.112978,-0.002581],""pnp_valid"":true,""pnp_camera_xyz"":[0.261529,-0.336684,1.284405],""pnp_camera_quat_xyzw"":[-0.031244,-0.008092,-0.002508,0.999476],""pnp_camera_rpy_deg"":[-3.578941,-0.935762,-0.258312],""pnp_reprojection_error_px"":0.059909},{""tag_id"":16,""target_match"":true,""family"":""tag25h9"",""hamming"":0,""decision_margin"":160.746628,""pixel_xy"":[793.798117,265.39947],""world_xy_yaw"":[0.207981,1.041013,-0.001734],""pnp_valid"":true,""pnp_camera_xyz"":[0.262158,-0.195638,1.274557],""pnp_camera_quat_xyzw"":[-0.03673,-0.010541,-0.002133,0.999267],""pnp_camera_rpy_deg"":[-4.207996,-1.216093,-0.199917],""pnp_reprojection_error_px"":0.034539}]",1,0.059909,161.775208,89.303852,,0,,0,,
2026-08-12T10:57:16.868587+00:00,5012.152242263,sway_decay_positive_0075_run03,0,"[0.0,0.0,0.0,0.0]",0,0,0,0,,,,,,,,,,,,,,,,,,,,,,,,,,,,0,,0,,,"[NaN,NaN,NaN]","[NaN,NaN,NaN,NaN]","[NaN,NaN,NaN,NaN,NaN,NaN]",0.002307,108,1,"[15,16]","[0.206441,1.113021,-0.002963]","[{""tag_id"":15,""target_match"":true,""family"":""tag25h9"",""hamming"":0,""decision_margin"":160.793533,""pixel_xy"":[792.881575,206.376259],""world_xy_yaw"":[0.206441,1.113021,-0.002963],""pnp_valid"":true,""pnp_camera_xyz"":[0.261626,-0.336613,1.283991],""pnp_camera_quat_xyzw"":[-0.031813,-0.007049,-0.002127,0.999467],""pnp_camera_rpy_deg"":[-3.644708,-0.815055,-0.217967],""pnp_reprojection_error_px"":0.078364},{""tag_id"":16,""target_match"":true,""family"":""tag25h9"",""hamming"":0,""decision_margin"":159.615005,""pixel_xy"":[793.864903,265.380026],""world_xy_yaw"":[0.208093,1.041036,-0.001752],""pnp_valid"":true,""pnp_camera_xyz"":[0.262268,-0.195633,1.27444],""pnp_camera_quat_xyzw"":[-0.036694,-0.010472,-0.00188,0.99927],""pnp_camera_rpy_deg"":[-4.204224,-1.20711,-0.171277],""pnp_reprojection_error_px"":0.047057}]",1,0.078364,160.793533,88.795643,,0,,0,,
2026-08-12T10:57:16.917326+00:00,5012.200985409,sway_decay_positive_0075_run03,0,"[0.0,0.0,0.0,0.0]",0,0,0,0,,,,,,,,,,,,,,,,,,,,,,,,,,,,0,,0,,,"[NaN,NaN,NaN]","[NaN,NaN,NaN,NaN]","[NaN,NaN,NaN,NaN,NaN,NaN]",0.001338,109,1,"[15,16]","[0.206588,1.113013,-0.003991]","[{""tag_id"":15,""target_match"":true,""family"":""tag25h9"",""hamming"":0,""decision_margin"":162.15419,""pixel_xy"":[792.969357,206.383002],""world_xy_yaw"":[0.206588,1.113013,-0.003991],""pnp_valid"":true,""pnp_camera_xyz"":[0.261527,-0.336283,1.282616],""pnp_camera_quat_xyzw"":[-0.033728,-0.007796,-0.002584,0.999397],""pnp_camera_rpy_deg"":[-3.863731,-0.902855,-0.265795],""pnp_reprojection_error_px"":0.059956},{""tag_id"":16,""target_match"":true,""family"":""tag25h9"",""hamming"":0,""decision_margin"":161.02977,""pixel_xy"":[793.919068,265.362912],""world_xy_yaw"":[0.208184,1.041057,-0.002003],""pnp_valid"":true,""pnp_camera_xyz"":[0.262557,-0.19578,1.275229],""pnp_camera_quat_xyzw"":[-0.035698,-0.008021,-0.001617,0.999329],""pnp_camera_rpy_deg"":[-4.090432,-0.92514,-0.152418],""pnp_reprojection_error_px"":0.053241}]",1,0.059956,162.15419,88.673368,,0,,0,,
2026-08-12T10:57:16.966362+00:00,5012.250035553,sway_decay_positive_0075_run03,0,"[0.0,0.0,0.0,0.0]",0,0,0,0,,,,,,,,,,,,,,,,,,,,,,,,,,,,0,,0,,,"[NaN,NaN,NaN]","[NaN,NaN,NaN,NaN]","[NaN,NaN,NaN,NaN,NaN,NaN]",0.000438,111,1,"[15,16]","[0.206891,1.112891,-0.004836]","[{""tag_id"":15,""target_match"":true,""family"":""tag25h9"",""hamming"":0,""decision_margin"":160.066574,""pixel_xy"":[793.149555,206.482493],""world_xy_yaw"":[0.206891,1.112891,-0.004836],""pnp_valid"":true,""pnp_camera_xyz"":[0.261865,-0.336238,1.282274],""pnp_camera_quat_xyzw"":[-0.034377,-0.010619,-0.003628,0.999346],""pnp_camera_rpy_deg"":[-3.936379,-1.230397,-0.373781],""pnp_reprojection_error_px"":0.066472},{""tag_id"":16,""target_match"":true,""family"":""tag25h9"",""hamming"":0,""decision_margin"":159.247818,""pixel_xy"":[794.070222,265.390908],""world_xy_yaw"":[0.208438,1.041023,-0.002395],""pnp_valid"":true,""pnp_camera_xyz"":[0.262728,-0.195689,1.274479],""pnp_camera_quat_xyzw"":[-0.036624,-0.008489,-0.001605,0.999292],""pnp_camera_rpy_deg"":[-4.196581,-0.978877,-0.148188],""pnp_reprojection_error_px"":0.019259}]",1,0.066472,160.066574,90.76878,,0,,0,,
2026-08-12T10:57:17.016433+00:00,5012.300107395,sway_decay_positive_0075_run03,0,"[0.0,0.0,0.0,0.0]",0,0,0,0,,,,,,,,,,,,,,,,,,,,,,,,,,,,0,,0,,,"[NaN,NaN,NaN]","[NaN,NaN,NaN,NaN]","[NaN,NaN,NaN,NaN,NaN,NaN]",0.000634,112,1,"[15,16]","[0.208542,1.040971,-0.001367]","[{""tag_id"":15,""target_match"":true,""family"":""tag25h9"",""hamming"":0,""decision_margin"":158.663971,""pixel_xy"":[793.216523,206.487141],""world_xy_yaw"":[0.207004,1.112886,-0.003359],""pnp_valid"":true,""pnp_camera_xyz"":[0.262187,-0.336432,1.282901],""pnp_camera_quat_xyzw"":[-0.034415,-0.010484,-0.003247,0.999347],""pnp_camera_rpy_deg"":[-3.941224,-1.213547,-0.330616],""pnp_reprojection_error_px"":0.080748},{""tag_id"":16,""target_match"":true,""family"":""tag25h9"",""hamming"":0,""decision_margin"":159.067749,""pixel_xy"":[794.132385,265.43387],""world_xy_yaw"":[0.208542,1.040971,-0.001367],""pnp_valid"":true,""pnp_camera_xyz"":[0.262881,-0.195688,1.27433],""pnp_camera_quat_xyzw"":[-0.037406,-0.007549,-0.001381,0.999271],""pnp_camera_rpy_deg"":[-4.286615,-0.870378,-0.125762],""pnp_reprojection_error_px"":0.038996}]",1,0.038996,159.067749,91.066761,,0,,0,,
2026-08-12T10:57:17.066504+00:00,5012.350178047,sway_decay_positive_0075_run03,0,"[0.0,0.0,0.0,0.0]",0,0,0,0,,,,,,,,,,,,,,,,,,,,,,,,,,,,0,,0,,,"[NaN,NaN,NaN]","[NaN,NaN,NaN,NaN]","[NaN,NaN,NaN,NaN,NaN,NaN]",0.000444,114,1,"[15,16]","[0.207379,1.112978,-0.005883]","[{""tag_id"":15,""target_match"":true,""family"":""tag25h9"",""hamming"":0,""decision_margin"":159.106659,""pixel_xy"":[793.439964,206.411135],""world_xy_yaw"":[0.207379,1.112978,-0.005883],""pnp_valid"":true,""pnp_camera_xyz"":[0.263664,-0.337831,1.287906],""pnp_camera_quat_xyzw"":[-0.030008,-0.004006,-0.001972,0.99954],""pnp_camera_rpy_deg"":[-3.438378,-0.46566,-0.212057],""pnp_reprojection_error_px"":0.055026},{""tag_id"":16,""target_match"":true,""family"":""tag25h9"",""hamming"":0,""decision_margin"":157.879074,""pixel_xy"":[794.288206,265.499786],""world_xy_yaw"":[0.208804,1.04089,-0.001956],""pnp_valid"":true,""pnp_camera_xyz"":[0.263133,-0.195667,1.273896],""pnp_camera_quat_xyzw"":[-0.038204,-0.01011,-0.001872,0.999217],""pnp_camera_rpy_deg"":[-4.377479,-1.165858,-0.170109],""pnp_reprojection_error_px"":0.125666}]",1,0.055026,159.106659,93.925829,,0,,0,,
2026-08-12T10:57:17.117059+00:00,5012.400730876,sway_decay_positive_0075_run03,0,"[0.0,0.0,0.0,0.0]",0,0,0,0,,,,,,,,,,,,,,,,,,,,,,,,,,,,0,,0,,,"[NaN,NaN,NaN]","[NaN,NaN,NaN,NaN]","[NaN,NaN,NaN,NaN,NaN,NaN]",0.000904,115,1,"[15,16]","[0.208911,1.040926,-0.002014]","[{""tag_id"":15,""target_match"":true,""family"":""tag25h9"",""hamming"":0,""decision_margin"":158.412277,""pixel_xy"":[793.514864,206.362113],""world_xy_yaw"":[0.207505,1.113038,-0.005122],""pnp_valid"":true,""pnp_camera_xyz"":[0.263923,-0.337924,1.288167],""pnp_camera_quat_xyzw"":[-0.029167,-0.005212,-0.002177,0.999559],""pnp_camera_rpy_deg"":[-3.341649,-0.604237,-0.23193],""pnp_reprojection_error_px"":0.025652},{""tag_id"":16,""target_match"":true,""family"":""tag25h9"",""hamming"":0,""decision_margin"":160.2211,""pixel_xy"":[794.35165,265.470117],""world_xy_yaw"":[0.208911,1.040926,-0.002014],""pnp_valid"":true,""pnp_camera_xyz"":[0.263219,-0.19563,1.273601],""pnp_camera_quat_xyzw"":[-0.038761,-0.01166,-0.002122,0.999178],""pnp_camera_rpy_deg"":[-4.44086,-1.344561,-0.191186],""pnp_reprojection_error_px"":0.099343}]",1,0.099343,160.2211,94.382752,,0,,0,,
2026-08-12T10:57:17.167815+00:00,5012.451490545,sway_decay_positive_0075_run03,0,"[0.0,0.0,0.0,0.0]",0,0,0,0,,,,,,,,,,,,,,,,,,,,,,,,,,,,0,,0,,,"[NaN,NaN,NaN]","[NaN,NaN,NaN,NaN]","[NaN,NaN,NaN,NaN,NaN,NaN]",0.000954,117,1,"[15,16]","[0.209173,1.041009,-0.001621]","[{""tag_id"":15,""target_match"":true,""family"":""tag25h9"",""hamming"":0,""decision_margin"":158.936356,""pixel_xy"":[793.616381,206.303004],""world_xy_yaw"":[0.207675,1.11311,-0.003088],""pnp_valid"":true,""pnp_camera_xyz"":[0.264252,-0.338068,1.288262],""pnp_camera_quat_xyzw"":[-0.030431,-0.005498,-0.001976,0.99952],""pnp_camera_rpy_deg"":[-3.486525,-0.636654,-0.207174],""pnp_reprojection_error_px"":0.008181},{""tag_id"":16,""target_match"":true,""family"":""tag25h9"",""hamming"":0,""decision_margin"":159.521271,""pixel_xy"":[794.508031,265.402485],""world_xy_yaw"":[0.209173,1.041009,-0.001621],""pnp_valid"":true,""pnp_camera_xyz"":[0.263913,-0.195898,1.275145],""pnp_camera_quat_xyzw"":[-0.036912,-0.012526,-0.002101,0.999238],""pnp_camera_rpy_deg"":[-4.22875,-1.443373,-0.187594],""pnp_reprojection_error_px"":0.043961}]",1,0.043961,159.521271,95.908525,,0,,0,,
2026-08-12T10:57:17.216956+00:00,5012.500630345,sway_decay_positive_0075_run03,0,"[0.0,0.0,0.0,0.0]",0,0,0,0,,,,,,,,,,,,,,,,,,,,,,,,,,,,0,,0,,,"[NaN,NaN,NaN]","[NaN,NaN,NaN,NaN]","[NaN,NaN,NaN,NaN,NaN,NaN]",0.000750,118,1,"[15,16]","[0.209328,1.041073,-0.00188]","[{""tag_id"":15,""target_match"":true,""family"":""tag25h9"",""hamming"":0,""decision_margin"":156.758682,""pixel_xy"":[793.711635,206.232835],""world_xy_yaw"":[0.207836,1.113196,-0.003103],""pnp_valid"":true,""pnp_camera_xyz"":[0.264359,-0.338066,1.287918],""pnp_camera_quat_xyzw"":[-0.031929,-0.004923,-0.001321,0.999477],""pnp_camera_rpy_deg"":[-3.6588,-0.568671,-0.133327],""pnp_reprojection_error_px"":0.043867},{""tag_id"":16,""target_match"":true,""family"":""tag25h9"",""hamming"":0,""decision_margin"":159.854858,""pixel_xy"":[794.600242,265.350063],""world_xy_yaw"":[0.209328,1.041073,-0.00188],""pnp_valid"":true,""pnp_camera_xyz"":[0.264274,-0.196033,1.2759],""pnp_camera_quat_xyzw"":[-0.03571,-0.01211,-0.002005,0.999287],""pnp_camera_rpy_deg"":[-4.091043,-1.39509,-0.18014],""pnp_reprojection_error_px"":0.008781}]",1,0.008781,159.854858,97.20744,,0,,0,,
2026-08-12T10:57:17.267084+00:00,5012.550755692,sway_decay_positive_0075_run03,0,"[0.0,0.0,0.0,0.0]",0,0,0,0,,,,,,,,,,,,,,,,,,,,,,,,,,,,0,,0,,,"[NaN,NaN,NaN]","[NaN,NaN,NaN,NaN]","[NaN,NaN,NaN,NaN,NaN,NaN]",0.000421,120,1,"[15,16]","[0.208057,1.113303,-0.001928]","[{""tag_id"":15,""target_match"":true,""family"":""tag25h9"",""hamming"":0,""decision_margin"":159.436737,""pixel_xy"":[793.843534,206.145006],""world_xy_yaw"":[0.208057,1.113303,-0.001928],""pnp_valid"":true,""pnp_camera_xyz"":[0.264284,-0.337631,1.285839],""pnp_camera_quat_xyzw"":[-0.033589,-0.003929,-0.000892,0.999428],""pnp_camera_rpy_deg"":[-3.849482,-0.453398,-0.087084],""pnp_reprojection_error_px"":0.0822},{""tag_id"":16,""target_match"":true,""family"":""tag25h9"",""hamming"":0,""decision_margin"":158.739502,""pixel_xy"":[794.732784,265.294324],""world_xy_yaw"":[0.209551,1.041141,-0.000385],""pnp_valid"":true,""pnp_camera_xyz"":[0.264418,-0.19593,1.274939],""pnp_camera_quat_xyzw"":[-0.037089,-0.010599,-0.001365,0.999255],""pnp_camera_rpy_deg"":[-4.250088,-1.21952,-0.111263],""pnp_reprojection_error_px"":0.037934}]",1,0.0822,159.436737,97.064337,,0,,0,,
2026-08-12T10:57:17.316631+00:00,5012.600303455,sway_decay_positive_0075_run03,0,"[0.0,0.0,0.0,0.0]",0,0,0,0,,,,,,,,,,,,,,,,,,,,,,,,,,,,0,,0,,,"[NaN,NaN,NaN]","[NaN,NaN,NaN,NaN]","[NaN,NaN,NaN,NaN,NaN,NaN]",0.000678,121,1,"[15,16]","[0.209663,1.041158,-0.001305]","[{""tag_id"":15,""target_match"":true,""family"":""tag25h9"",""hamming"":0,""decision_margin"":156.395462,""pixel_xy"":[793.90147,206.143906],""world_xy_yaw"":[0.208154,1.113304,-0.000438],""pnp_valid"":true,""pnp_camera_xyz"":[0.264124,-0.337263,1.284192],""pnp_camera_quat_xyzw"":[-0.035595,-0.005595,-0.001048,0.99935],""pnp_camera_rpy_deg"":[-4.079229,-0.645052,-0.097197],""pnp_reprojection_error_px"":0.05813},{""tag_id"":16,""target_match"":true,""family"":""tag25h9"",""hamming"":0,""decision_margin"":157.500198,""pixel_xy"":[794.799341,265.280335],""world_xy_yaw"":[0.209663,1.041158,-0.001305],""pnp_valid"":true,""pnp_camera_xyz"":[0.264673,-0.196065,1.27554],""pnp_camera_quat_xyzw"":[-0.036406,-0.010147,-0.001476,0.999284],""pnp_camera_rpy_deg"":[-4.17169,-1.16818,-0.126763],""pnp_reprojection_error_px"":0.03412}]",1,0.03412,157.500198,97.675979,,0,,0,,
2026-08-12T10:57:17.366575+00:00,5012.650246802,sway_decay_positive_0075_run03,0,"[0.0,0.0,0.0,0.0]",0,0,0,0,,,,,,,,,,,,,,,,,,,,,,,,,,,,0,,0,,,"[NaN,NaN,NaN]","[NaN,NaN,NaN,NaN]","[NaN,NaN,NaN,NaN,NaN,NaN]",0.000448,123,1,"[15,16]","[0.209848,1.04121,-0.000458]","[{""tag_id"":15,""target_match"":true,""family"":""tag25h9"",""hamming"":0,""decision_margin"":156.12439,""pixel_xy"":[794.101349,206.211749],""world_xy_yaw"":[0.20849,1.113222,-0.00208],""pnp_valid"":true,""pnp_camera_xyz"":[0.264135,-0.336826,1.282246],""pnp_camera_quat_xyzw"":[-0.037922,-0.008574,-0.002091,0.999242],""pnp_camera_rpy_deg"":[-4.345037,-0.990929,-0.20215],""pnp_reprojection_error_px"":0.046677},{""tag_id"":16,""target_match"":true,""family"":""tag25h9"",""hamming"":0,""decision_margin"":158.424164,""pixel_xy"":[794.909757,265.2374],""world_xy_yaw"":[0.209848,1.04121,-0.000458],""pnp_valid"":true,""pnp_camera_xyz"":[0.265024,-0.196189,1.27594],""pnp_camera_quat_xyzw"":[-0.036849,-0.006222,-0.000538,0.999301],""pnp_camera_rpy_deg"":[-4.223429,-0.714785,-0.035299],""pnp_reprojection_error_px"":0.049867}]",1,0.049867,158.424164,93.985492,,0,,0,,
2026-08-12T10:57:17.416373+00:00,5012.700046777,sway_decay_positive_0075_run03,0,"[0.0,0.0,0.0,0.0]",0,0,0,0,,,,,,,,,,,,,,,,,,,,,,,,,,,,0,,0,,,"[NaN,NaN,NaN]","[NaN,NaN,NaN,NaN]","[NaN,NaN,NaN,NaN,NaN,NaN]",0.000633,124,1,"[15,16]","[0.208587,1.113177,-0.000617]","[{""tag_id"":15,""target_match"":true,""family"":""tag25h9"",""hamming"":0,""decision_margin"":160.196381,""pixel_xy"":[794.159021,206.248421],""world_xy_yaw"":[0.208587,1.113177,-0.000617],""pnp_valid"":true,""pnp_camera_xyz"":[0.264406,-0.336986,1.282757],""pnp_camera_quat_xyzw"":[-0.037036,-0.008336,-0.001623,0.999278],""pnp_camera_rpy_deg"":[-4.24388,-0.961473,-0.150535],""pnp_reprojection_error_px"":0.094954},{""tag_id"":16,""target_match"":true,""family"":""tag25h9"",""hamming"":0,""decision_margin"":159.783722,""pixel_xy"":[794.97578,265.21502],""world_xy_yaw"":[0.209959,1.041238,-0.001178],""pnp_valid"":true,""pnp_camera_xyz"":[0.265451,-0.196463,1.277396],""pnp_camera_quat_xyzw"":[-0.035368,-0.0029,-6.5e-05,0.99937],""pnp_camera_rpy_deg"":[-4.0537,-0.332314,0.004323],""pnp_reprojection_error_px"":0.052857}]",1,0.094954,160.196381,94.946885,,0,,0,,
2026-08-12T10:57:17.466545+00:00,5012.750219541,sway_decay_positive_0075_run03,0,"[0.0,0.0,0.0,0.0]",0,0,0,0,,,,,,,,,,,,,,,,,,,,,,,,,,,,0,,0,,,"[NaN,NaN,NaN]","[NaN,NaN,NaN,NaN]","[NaN,NaN,NaN,NaN,NaN,NaN]",0.000443,126,1,"[15,16]","[0.210151,1.041235,0.000921]","[{""tag_id"":15,""target_match"":true,""family"":""tag25h9"",""hamming"":0,""decision_margin"":160.07843,""pixel_xy"":[794.343296,206.193637],""world_xy_yaw"":[0.208897,1.113244,0.000158],""pnp_valid"":true,""pnp_camera_xyz"":[0.265729,-0.33815,1.287046],""pnp_camera_quat_xyzw"":[-0.032274,-0.005504,-0.000457,0.999464],""pnp_camera_rpy_deg"":[-3.698907,-0.632121,-0.032007],""pnp_reprojection_error_px"":0.055688},{""tag_id"":16,""target_match"":true,""family"":""tag25h9"",""hamming"":0,""decision_margin"":160.156982,""pixel_xy"":[795.089946,265.217065],""world_xy_yaw"":[0.210151,1.041235,0.000921],""pnp_valid"":true,""pnp_camera_xyz"":[0.265223,-0.196244,1.274795],""pnp_camera_quat_xyzw"":[-0.037526,-0.005196,0.000116,0.999282],""pnp_camera_rpy_deg"":[-4.301364,-0.59451,0.035611],""pnp_reprojection_error_px"":0.029821}]",1,0.029821,160.156982,93.483226,,0,,0,,
2026-08-12T10:57:17.516507+00:00,5012.800179250,sway_decay_positive_0075_run03,0,"[0.0,0.0,0.0,0.0]",0,0,0,0,,,,,,,,,,,,,,,,,,,,,,,,,,,,0,,0,,,"[NaN,NaN,NaN]","[NaN,NaN,NaN,NaN]","[NaN,NaN,NaN,NaN,NaN,NaN]",0.000690,127,1,"[15,16]","[0.209049,1.113327,-0.000453]","[{""tag_id"":15,""target_match"":true,""family"":""tag25h9"",""hamming"":0,""decision_margin"":159.682449,""pixel_xy"":[794.434222,206.125174],""world_xy_yaw"":[0.209049,1.113327,-0.000453],""pnp_valid"":true,""pnp_camera_xyz"":[0.266159,-0.338496,1.288217],""pnp_camera_quat_xyzw"":[-0.031394,-0.004596,-0.000212,0.999497],""pnp_camera_rpy_deg"":[-3.598067,-0.527157,-0.007744],""pnp_reprojection_error_px"":0.005378},{""tag_id"":16,""target_match"":true,""family"":""tag25h9"",""hamming"":0,""decision_margin"":158.934494,""pixel_xy"":[795.192063,265.227656],""world_xy_yaw"":[0.210323,1.041222,-0.001993],""pnp_valid"":true,""pnp_camera_xyz"":[0.26527,-0.196229,1.274219],""pnp_camera_quat_xyzw"":[-0.035508,-0.006241,-0.000744,0.99935],""pnp_camera_rpy_deg"":[-4.069524,-0.717717,-0.059824],""pnp_reprojection_error_px"":0.076739}]",1,0.005378,159.682449,94.333627,,0,,0,,
2026-08-12T10:57:17.566752+00:00,5012.850423363,sway_decay_positive_0075_run03,0,"[0.0,0.0,0.0,0.0]",0,0,0,0,,,,,,,,,,,,,,,,,,,,,,,,,,,,0,,0,,,"[NaN,NaN,NaN]","[NaN,NaN,NaN,NaN]","[NaN,NaN,NaN,NaN,NaN,NaN]",0.000620,129,1,"[15,16]","[0.210499,1.041344,0.000312]","[{""tag_id"":15,""target_match"":true,""family"":""tag25h9"",""hamming"":0,""decision_margin"":157.941101,""pixel_xy"":[794.557157,206.089654],""world_xy_yaw"":[0.209256,1.113371,0.000737],""pnp_valid"":true,""pnp_camera_xyz"":[0.266197,-0.338205,1.286866],""pnp_camera_quat_xyzw"":[-0.032819,-0.007752,-0.000736,0.999431],""pnp_camera_rpy_deg"":[-3.761144,-0.890619,-0.055155],""pnp_reprojection_error_px"":0.008795},{""tag_id"":16,""target_match"":true,""family"":""tag25h9"",""hamming"":0,""decision_margin"":158.995636,""pixel_xy"":[795.296825,265.127923],""world_xy_yaw"":[0.210499,1.041344,0.000312],""pnp_valid"":true,""pnp_camera_xyz"":[0.264797,-0.19598,1.270572],""pnp_camera_quat_xyzw"":[-0.03736,-0.014387,-0.001336,0.999197],""pnp_camera_rpy_deg"":[-4.28124,-1.653231,-0.091404],""pnp_reprojection_error_px"":0.106399}]",1,0.106399,158.995636,93.409203,,0,,0,,
2026-08-12T10:57:17.617052+00:00,5012.900720823,sway_decay_positive_0075_run03,0,"[0.0,0.0,0.0,0.0]",0,0,0,0,,,,,,,,,,,,,,,,,,,,,,,,,,,,0,,0,,,"[NaN,NaN,NaN]","[NaN,NaN,NaN,NaN]","[NaN,NaN,NaN,NaN,NaN,NaN]",0.000904,130,1,"[15,16]","[0.210585,1.041405,0.001034]","[{""tag_id"":15,""target_match"":true,""family"":""tag25h9"",""hamming"":0,""decision_margin"":159.733887,""pixel_xy"":[794.623447,206.077311],""world_xy_yaw"":[0.209367,1.113386,0.00052],""pnp_valid"":true,""pnp_camera_xyz"":[0.266433,-0.338346,1.287301],""pnp_camera_quat_xyzw"":[-0.032728,-0.006603,-0.000426,0.999442],""pnp_camera_rpy_deg"":[-3.750927,-0.757801,-0.023975],""pnp_reprojection_error_px"":0.007031},{""tag_id"":16,""target_match"":true,""family"":""tag25h9"",""hamming"":0,""decision_margin"":160.70195,""pixel_xy"":[795.348244,265.077598],""world_xy_yaw"":[0.210585,1.041405,0.001034],""pnp_valid"":true,""pnp_camera_xyz"":[0.264706,-0.195876,1.269395],""pnp_camera_quat_xyzw"":[-0.037005,-0.017213,-0.001782,0.999165],""pnp_camera_rpy_deg"":[-4.239828,-1.97873,-0.13115],""pnp_reprojection_error_px"":0.088898}]",1,0.088898,160.70195,93.646795,,0,,0,,
2026-08-12T10:57:17.667409+00:00,5012.951080930,sway_decay_positive_0075_run03,0,"[0.0,0.0,0.0,0.0]",0,0,0,0,,,,,,,,,,,,,,,,,,,,,,,,,,,,0,,0,,,"[NaN,NaN,NaN]","[NaN,NaN,NaN,NaN]","[NaN,NaN,NaN,NaN,NaN,NaN]",0.000423,132,1,"[15,16]","[0.209629,1.113448,-0.000459]","[{""tag_id"":15,""target_match"":true,""family"":""tag25h9"",""hamming"":0,""decision_margin"":161.400604,""pixel_xy"":[794.779024,206.026383],""world_xy_yaw"":[0.209629,1.113448,-0.000459],""pnp_valid"":true,""pnp_camera_xyz"":[0.266992,-0.338699,1.288462],""pnp_camera_quat_xyzw"":[-0.031314,-0.002663,0.000655,0.999506],""pnp_camera_rpy_deg"":[-3.589092,-0.302704,0.084533],""pnp_reprojection_error_px"":0.042453},{""tag_id"":16,""target_match"":true,""family"":""tag25h9"",""hamming"":0,""decision_margin"":160.442062,""pixel_xy"":[795.495466,264.970737],""world_xy_yaw"":[0.210832,1.041536,0.0003],""pnp_valid"":true,""pnp_camera_xyz"":[0.26586,-0.196563,1.273404],""pnp_camera_quat_xyzw"":[-0.030606,-0.015193,-0.001413,0.999415],""pnp_camera_rpy_deg"":[-3.506467,-1.745195,-0.108642],""pnp_reprojection_error_px"":0.011804}]",1,0.042453,161.400604,94.504085,,0,,0,,
2026-08-12T10:57:17.716792+00:00,5013.000462879,sway_decay_positive_0075_run03,0,"[0.0,0.0,0.0,0.0]",0,0,0,0,,,,,,,,,,,,,,,,,,,,,,,,,,,,0,,0,,,"[NaN,NaN,NaN]","[NaN,NaN,NaN,NaN]","[NaN,NaN,NaN,NaN,NaN,NaN]",0.000882,133,1,"[15,16]","[0.209714,1.113513,0.000205]","[{""tag_id"":15,""target_match"":true,""family"":""tag25h9"",""hamming"":0,""decision_margin"":160.549744,""pixel_xy"":[794.829691,205.973113],""world_xy_yaw"":[0.209714,1.113513,0.000205],""pnp_valid"":true,""pnp_camera_xyz"":[0.266838,-0.338377,1.287032],""pnp_camera_quat_xyzw"":[-0.033293,-0.002811,0.000719,0.999441],""pnp_camera_rpy_deg"":[-3.816105,-0.319167,0.093027],""pnp_reprojection_error_px"":0.069789},{""tag_id"":16,""target_match"":true,""family"":""tag25h9"",""hamming"":0,""decision_margin"":160.261642,""pixel_xy"":[795.553133,264.929769],""world_xy_yaw"":[0.210929,1.041586,0.000739],""pnp_valid"":true,""pnp_camera_xyz"":[0.266302,-0.196795,1.274715],""pnp_camera_quat_xyzw"":[-0.026751,-0.013681,-0.00126,0.999548],""pnp_camera_rpy_deg"":[-3.064664,-1.571088,-0.102459],""pnp_reprojection_error_px"":0.019949}]",1,0.069789,160.549744,95.373571,,0,,0,,
2026-08-12T10:57:17.766683+00:00,5013.050354514,sway_decay_positive_0075_run03,0,"[0.0,0.0,0.0,0.0]",0,0,0,0,,,,,,,,,,,,,,,,,,,,,,,,,,,,0,,0,,,"[NaN,NaN,NaN]","[NaN,NaN,NaN,NaN]","[NaN,NaN,NaN,NaN,NaN,NaN]",0.000468,135,1,"[15,16]","[0.209879,1.113556,0.001483]","[{""tag_id"":15,""target_match"":true,""family"":""tag25h9"",""hamming"":0,""decision_margin"":160.667816,""pixel_xy"":[794.927718,205.937967],""world_xy_yaw"":[0.209879,1.113556,0.001483],""pnp_valid"":true,""pnp_camera_xyz"":[0.266485,-0.337647,1.283987],""pnp_camera_quat_xyzw"":[-0.037305,-0.004208,0.000474,0.999295],""pnp_camera_rpy_deg"":[-4.276181,-0.479857,0.072252],""pnp_reprojection_error_px"":0.074937},{""tag_id"":16,""target_match"":true,""family"":""tag25h9"",""hamming"":0,""decision_margin"":160.491669,""pixel_xy"":[795.671967,264.914319],""world_xy_yaw"":[0.211129,1.041605,0.001508],""pnp_valid"":true,""pnp_camera_xyz"":[0.266149,-0.196546,1.272598],""pnp_camera_quat_xyzw"":[-0.030492,-0.014742,-0.001215,0.999426],""pnp_camera_rpy_deg"":[-3.493707,-1.692783,-0.087721],""pnp_reprojection_error_px"":0.013827}]",1,0.074937,160.667816,94.097292,,0,,0,,
2026-08-12T10:57:17.816571+00:00,5013.100242097,sway_decay_positive_0075_run03,0,"[0.0,0.0,0.0,0.0]",0,0,0,0,,,,,,,,,,,,,,,,,,,,,,,,,,,,0,,0,,,"[NaN,NaN,NaN]","[NaN,NaN,NaN,NaN]","[NaN,NaN,NaN,NaN,NaN,NaN]",0.000683,136,1,"[15,16]","[0.209978,1.11351,0.001501]","[{""tag_id"":15,""target_match"":true,""family"":""tag25h9"",""hamming"":0,""decision_margin"":159.860092,""pixel_xy"":[794.986979,205.974996],""world_xy_yaw"":[0.209978,1.11351,0.001501],""pnp_valid"":true,""pnp_camera_xyz"":[0.26646,-0.337465,1.283115],""pnp_camera_quat_xyzw"":[-0.038572,-0.006241,-0.000263,0.999236],""pnp_camera_rpy_deg"":[-4.421249,-0.715778,-0.002547],""pnp_reprojection_error_px"":0.023425},{""tag_id"":16,""target_match"":true,""family"":""tag25h9"",""hamming"":0,""decision_margin"":159.474716,""pixel_xy"":[795.731815,264.877513],""world_xy_yaw"":[0.211229,1.041649,0.000694],""pnp_valid"":true,""pnp_camera_xyz"":[0.266298,-0.1966,1.272769],""pnp_camera_quat_xyzw"":[-0.02999,-0.014195,-0.00123,0.999449],""pnp_camera_rpy_deg"":[-3.436148,-1.630211,-0.092096],""pnp_reprojection_error_px"":0.02501}]",1,0.023425,159.860092,93.923531,,0,,0,,
2026-08-12T10:57:17.867553+00:00,5013.151213278,sway_decay_positive_0075_run03,0,"[0.0,0.0,0.0,0.0]",0,0,0,0,,,,,,,,,,,,,,,,,,,,,,,,,,,,0,,0,,,"[NaN,NaN,NaN]","[NaN,NaN,NaN,NaN]","[NaN,NaN,NaN,NaN,NaN,NaN]",0.001008,138,1,"[15,16]","[0.210248,1.11341,0.003327]","[{""tag_id"":15,""target_match"":true,""family"":""tag25h9"",""hamming"":0,""decision_margin"":160.212784,""pixel_xy"":[795.147652,206.057067],""world_xy_yaw"":[0.210248,1.11341,0.003327],""pnp_valid"":true,""pnp_camera_xyz"":[0.26697,-0.337654,1.283589],""pnp_camera_quat_xyzw"":[-0.039058,-0.007163,2.2e-05,0.999211],""pnp_camera_rpy_deg"":[-4.477268,-0.820085,0.034621],""pnp_reprojection_error_px"":0.101281},{""tag_id"":16,""target_match"":true,""family"":""tag25h9"",""hamming"":0,""decision_margin"":159.713379,""pixel_xy"":[795.816766,264.824168],""world_xy_yaw"":[0.211372,1.041715,0.001157],""pnp_valid"":true,""pnp_camera_xyz"":[0.266476,-0.19665,1.272611],""pnp_camera_quat_xyzw"":[-0.030233,-0.012634,-0.000901,0.999463],""pnp_camera_rpy_deg"":[-3.464446,-1.450257,-0.059394],""pnp_reprojection_error_px"":0.047348}]",1,0.101281,160.212784,91.698514,,0,,0,,
2026-08-12T10:57:17.916697+00:00,5013.200363013,sway_decay_positive_0075_run03,0,"[0.0,0.0,0.0,0.0]",0,0,0,0,,,,,,,,,,,,,,,,,,,,,,,,,,,,0,,0,,,"[NaN,NaN,NaN]","[NaN,NaN,NaN,NaN]","[NaN,NaN,NaN,NaN,NaN,NaN]",0.000919,139,1,"[15,16]","[0.210367,1.113396,0.003577]","[{""tag_id"":15,""target_match"":true,""family"":""tag25h9"",""hamming"":0,""decision_margin"":159.978745,""pixel_xy"":[795.21824,206.068568],""world_xy_yaw"":[0.210367,1.113396,0.003577],""pnp_valid"":true,""pnp_camera_xyz"":[0.26744,-0.338094,1.285093],""pnp_camera_quat_xyzw"":[-0.037883,-0.006305,0.000484,0.999262],""pnp_camera_rpy_deg"":[-4.342715,-0.719902,0.082827],""pnp_reprojection_error_px"":0.13002},{""tag_id"":16,""target_match"":true,""family"":""tag25h9"",""hamming"":0,""decision_margin"":159.176971,""pixel_xy"":[795.868361,264.792545],""world_xy_yaw"":[0.211459,1.041753,0.001273],""pnp_valid"":true,""pnp_camera_xyz"":[0.266542,-0.196648,1.272374],""pnp_camera_quat_xyzw"":[-0.030901,-0.011033,-0.000551,0.999461],""pnp_camera_rpy_deg"":[-3.54148,-1.265675,-0.024039],""pnp_reprojection_error_px"":0.064172}]",1,0.13002,159.978745,90.830452,,0,,0,,
2026-08-12T10:57:17.967294+00:00,5013.250964580,sway_decay_positive_0075_run03,0,"[0.0,0.0,0.0,0.0]",0,0,0,0,,,,,,,,,,,,,,,,,,,,,,,,,,,,0,,0,,,"[NaN,NaN,NaN]","[NaN,NaN,NaN,NaN]","[NaN,NaN,NaN,NaN,NaN,NaN]",0.000718,141,1,"[15,16]","[0.211579,1.041769,0.001839]","[{""tag_id"":15,""target_match"":true,""family"":""tag25h9"",""hamming"":0,""decision_margin"":159.801758,""pixel_xy"":[795.355342,205.91907],""world_xy_yaw"":[0.210597,1.113579,0.003831],""pnp_valid"":true,""pnp_camera_xyz"":[0.268676,-0.339385,1.289576],""pnp_camera_quat_xyzw"":[-0.034949,-0.001355,0.00221,0.999386],""pnp_camera_rpy_deg"":[-4.005999,-0.146321,0.258538],""pnp_reprojection_error_px"":0.028929},{""tag_id"":16,""target_match"":true,""family"":""tag25h9"",""hamming"":0,""decision_margin"":162.389191,""pixel_xy"":[795.939876,264.7799],""world_xy_yaw"":[0.211579,1.041769,0.001839],""pnp_valid"":true,""pnp_camera_xyz"":[0.267034,-0.196918,1.273864],""pnp_camera_quat_xyzw"":[-0.028297,-0.007338,0.000172,0.999573],""pnp_camera_rpy_deg"":[-3.243381,-0.840034,0.043541],""pnp_reprojection_error_px"":0.060372}]",1,0.060372,162.389191,90.693312,,0,,0,,
2026-08-12T10:57:18.016711+00:00,5013.300377676,sway_decay_positive_0075_run03,0,"[0.0,0.0,0.0,0.0]",0,0,0,0,,,,,,,,,,,,,,,,,,,,,,,,,,,,0,,0,,,"[NaN,NaN,NaN]","[NaN,NaN,NaN,NaN]","[NaN,NaN,NaN,NaN,NaN,NaN]",0.000874,142,1,"[15,16]","[0.21068,1.113663,0.004417]","[{""tag_id"":15,""target_match"":true,""family"":""tag25h9"",""hamming"":0,""decision_margin"":159.764008,""pixel_xy"":[795.404606,205.849704],""world_xy_yaw"":[0.21068,1.113663,0.004417],""pnp_valid"":true,""pnp_camera_xyz"":[0.268758,-0.339406,1.289338],""pnp_camera_quat_xyzw"":[-0.036498,-0.001848,0.002219,0.99933],""pnp_camera_rpy_deg"":[-4.183829,-0.202392,0.261896],""pnp_reprojection_error_px"":0.026792},{""tag_id"":16,""target_match"":true,""family"":""tag25h9"",""hamming"":0,""decision_margin"":159.680832,""pixel_xy"":[795.984719,264.783144],""world_xy_yaw"":[0.211654,1.041765,0.001634],""pnp_valid"":true,""pnp_camera_xyz"":[0.267177,-0.19699,1.274156],""pnp_camera_quat_xyzw"":[-0.028219,-0.004849,0.000684,0.99959],""pnp_camera_rpy_deg"":[-3.234562,-0.553177,0.094073],""pnp_reprojection_error_px"":0.044551}]",1,0.026792,159.764008,92.863605,,0,,0,,
2026-08-12T10:57:18.068060+00:00,5013.351728367,sway_decay_positive_0075_run03,0,"[0.0,0.0,0.0,0.0]",0,0,0,0,,,,,,,,,,,,,,,,,,,,,,,,,,,,0,,0,,,"[NaN,NaN,NaN]","[NaN,NaN,NaN,NaN]","[NaN,NaN,NaN,NaN,NaN,NaN]",0.001059,144,1,"[15,16]","[0.211785,1.041683,0.001868]","[{""tag_id"":15,""target_match"":true,""family"":""tag25h9"",""hamming"":0,""decision_margin"":159.171036,""pixel_xy"":[795.546698,205.795331],""world_xy_yaw"":[0.210918,1.11373,0.004469],""pnp_valid"":true,""pnp_camera_xyz"":[0.268449,-0.338826,1.286663],""pnp_camera_quat_xyzw"":[-0.038167,-0.007012,0.001784,0.999245],""pnp_camera_rpy_deg"":[-4.376384,-0.795103,0.234975],""pnp_reprojection_error_px"":0.018309},{""tag_id"":16,""target_match"":true,""family"":""tag25h9"",""hamming"":0,""decision_margin"":159.259384,""pixel_xy"":[796.062603,264.849685],""world_xy_yaw"":[0.211785,1.041683,0.001868],""pnp_valid"":true,""pnp_camera_xyz"":[0.267456,-0.197116,1.274644],""pnp_camera_quat_xyzw"":[-0.027566,-0.001372,0.001356,0.999618],""pnp_camera_rpy_deg"":[-3.159438,-0.152918,0.159705],""pnp_reprojection_error_px"":0.044562}]",1,0.044562,159.259384,93.72957,,0,,0,,
2026-08-12T10:57:18.117028+00:00,5013.400700475,sway_decay_positive_0075_run03,0,"[0.0,0.0,0.0,0.0]",0,0,0,0,,,,,,,,,,,,,,,,,,,,,,,,,,,,0,,0,,,"[NaN,NaN,NaN]","[NaN,NaN,NaN,NaN]","[NaN,NaN,NaN,NaN,NaN,NaN]",0.000994,145,1,"[15,16]","[0.211084,1.113764,0.002583]","[{""tag_id"":15,""target_match"":true,""family"":""tag25h9"",""hamming"":0,""decision_margin"":160.75148,""pixel_xy"":[795.645335,205.76749],""world_xy_yaw"":[0.211084,1.113764,0.002583],""pnp_valid"":true,""pnp_camera_xyz"":[0.268566,-0.338873,1.286542],""pnp_camera_quat_xyzw"":[-0.038284,-0.006345,0.001979,0.999245],""pnp_camera_rpy_deg"":[-4.389832,-0.717923,0.254491],""pnp_reprojection_error_px"":0.050374},{""tag_id"":16,""target_match"":true,""family"":""tag25h9"",""hamming"":0,""decision_margin"":159.300461,""pixel_xy"":[796.118325,264.865804],""world_xy_yaw"":[0.211879,1.041664,0.00165],""pnp_valid"":true,""pnp_camera_xyz"":[0.267281,-0.196921,1.273194],""pnp_camera_quat_xyzw"":[-0.02996,-0.0049,0.000718,0.999539],""pnp_camera_rpy_deg"":[-3.434183,-0.558776,0.09906],""pnp_reprojection_error_px"":0.073464}]",1,0.050374,160.75148,95.53703,,0,,0,,
2026-08-12T10:57:18.167775+00:00,5013.451448114,sway_decay_positive_0075_run03,0,"[0.0,0.0,0.0,0.0]",0,0,0,0,,,,,,,,,,,,,,,,,,,,,,,,,,,,0,,0,,,"[NaN,NaN,NaN]","[NaN,NaN,NaN,NaN]","[NaN,NaN,NaN,NaN,NaN,NaN]",0.000627,147,1,"[15,16]","[0.212046,1.041629,0.002423]","[{""tag_id"":15,""target_match"":true,""family"":""tag25h9"",""hamming"":0,""decision_margin"":158.047668,""pixel_xy"":[795.784173,205.700136],""world_xy_yaw"":[0.211317,1.113846,0.002078],""pnp_valid"":true,""pnp_camera_xyz"":[0.268762,-0.33893,1.286179],""pnp_camera_quat_xyzw"":[-0.035345,-0.005882,0.002459,0.999355],""pnp_camera_rpy_deg"":[-4.05296,-0.663615,0.305457],""pnp_reprojection_error_px"":0.073551},{""tag_id"":16,""target_match"":true,""family"":""tag25h9"",""hamming"":0,""decision_margin"":160.707001,""pixel_xy"":[796.217968,264.894253],""world_xy_yaw"":[0.212046,1.041629,0.002423],""pnp_valid"":true,""pnp_camera_xyz"":[0.267138,-0.196687,1.271255],""pnp_camera_quat_xyzw"":[-0.033584,-0.011475,-0.000286,0.99937],""pnp_camera_rpy_deg"":[-3.849496,-1.31532,0.01141],""pnp_reprojection_error_px"":0.131433}]",1,0.131433,160.707001,95.729288,,0,,0,,
2026-08-12T10:57:18.217342+00:00,5013.501012304,sway_decay_positive_0075_run03,0,"[0.0,0.0,0.0,0.0]",0,0,0,0,,,,,,,,,,,,,,,,,,,,,,,,,,,,0,,0,,,"[NaN,NaN,NaN]","[NaN,NaN,NaN,NaN]","[NaN,NaN,NaN,NaN,NaN,NaN]",0.001126,148,1,"[15,16]","[0.212105,1.041677,0.004044]","[{""tag_id"":15,""target_match"":true,""family"":""tag25h9"",""hamming"":0,""decision_margin"":157.873688,""pixel_xy"":[795.844455,205.672975],""world_xy_yaw"":[0.211419,1.113879,0.002513],""pnp_valid"":true,""pnp_camera_xyz"":[0.268804,-0.338889,1.285832],""pnp_camera_quat_xyzw"":[-0.034858,-0.005291,0.003134,0.999373],""pnp_camera_rpy_deg"":[-3.997299,-0.593407,0.380072],""pnp_reprojection_error_px"":0.085824},{""tag_id"":16,""target_match"":true,""family"":""tag25h9"",""hamming"":0,""decision_margin"":161.469818,""pixel_xy"":[796.252958,264.854772],""world_xy_yaw"":[0.212105,1.041677,0.004044],""pnp_valid"":true,""pnp_camera_xyz"":[0.267393,-0.196813,1.271882],""pnp_camera_quat_xyzw"":[-0.033988,-0.013633,-0.000245,0.999329],""pnp_camera_rpy_deg"":[-3.896202,-1.562274,0.025103],""pnp_reprojection_error_px"":0.107382}]",1,0.107382,161.469818,96.529549,,0,,0,,
2026-08-12T10:57:18.266563+00:00,5013.550232623,sway_decay_positive_0075_run03,0,"[0.0,0.0,0.0,0.0]",0,0,0,0,,,,,,,,,,,,,,,,,,,,,,,,,,,,0,,0,,,"[NaN,NaN,NaN]","[NaN,NaN,NaN,NaN]","[NaN,NaN,NaN,NaN,NaN,NaN]",0.000449,150,1,"[15,16]","[0.212289,1.041774,0.006053]","[{""tag_id"":15,""target_match"":true,""family"":""tag25h9"",""hamming"":0,""decision_margin"":158.936707,""pixel_xy"":[795.921527,205.556456],""world_xy_yaw"":[0.211548,1.114021,0.001698],""pnp_valid"":true,""pnp_camera_xyz"":[0.26835,-0.338121,1.282472],""pnp_camera_quat_xyzw"":[-0.035468,-0.006551,0.001694,0.999348],""pnp_camera_rpy_deg"":[-4.066754,-0.743346,0.220622],""pnp_reprojection_error_px"":0.101439},{""tag_id"":16,""target_match"":true,""family"":""tag25h9"",""hamming"":0,""decision_margin"":159.342163,""pixel_xy"":[796.362697,264.775105],""world_xy_yaw"":[0.212289,1.041774,0.006053],""pnp_valid"":true,""pnp_camera_xyz"":[0.268149,-0.197224,1.274143],""pnp_camera_quat_xyzw"":[-0.031461,-0.014556,0.000419,0.999399],""pnp_camera_rpy_deg"":[-3.607623,-1.665672,0.100529],""pnp_reprojection_error_px"":0.063117}]",1,0.063117,159.342163,95.891761,,0,,0,,
2026-08-12T10:57:18.316847+00:00,5013.600513341,sway_decay_positive_0075_run03,0,"[0.0,0.0,0.0,0.0]",0,0,0,0,,,,,,,,,,,,,,,,,,,,,,,,,,,,0,,0,,,"[NaN,NaN,NaN]","[NaN,NaN,NaN,NaN]","[NaN,NaN,NaN,NaN,NaN,NaN]",0.000891,151,1,"[15,16]","[0.212367,1.041831,0.008451]","[{""tag_id"":15,""target_match"":true,""family"":""tag25h9"",""hamming"":0,""decision_margin"":159.118271,""pixel_xy"":[795.958688,205.536916],""world_xy_yaw"":[0.211611,1.114045,0.001859],""pnp_valid"":true,""pnp_camera_xyz"":[0.268149,-0.33774,1.280861],""pnp_camera_quat_xyzw"":[-0.036799,-0.00562,0.001493,0.999306],""pnp_camera_rpy_deg"":[-4.219001,-0.637314,0.194645],""pnp_reprojection_error_px"":0.092461},{""tag_id"":16,""target_match"":true,""family"":""tag25h9"",""hamming"":0,""decision_margin"":161.375107,""pixel_xy"":[796.409072,264.728652],""world_xy_yaw"":[0.212367,1.041831,0.008451],""pnp_valid"":true,""pnp_camera_xyz"":[0.268327,-0.197303,1.274337],""pnp_camera_quat_xyzw"":[-0.03048,-0.01469,0.001308,0.999427],""pnp_camera_rpy_deg"":[-3.496655,-1.678041,0.20115],""pnp_reprojection_error_px"":0.056524}]",1,0.056524,161.375107,96.16668,,0,,0,,
2026-08-12T10:57:18.367014+00:00,5013.650680320,sway_decay_positive_0075_run03,0,"[0.0,0.0,0.0,0.0]",0,0,0,0,,,,,,,,,,,,,,,,,,,,,,,,,,,,0,,0,,,"[NaN,NaN,NaN]","[NaN,NaN,NaN,NaN]","[NaN,NaN,NaN,NaN,NaN,NaN]",0.000695,153,1,"[15,16]","[0.212537,1.041891,0.010362]","[{""tag_id"":15,""target_match"":true,""family"":""tag25h9"",""hamming"":0,""decision_margin"":158.988007,""pixel_xy"":[796.113428,205.636141],""world_xy_yaw"":[0.211871,1.113924,0.001784],""pnp_valid"":true,""pnp_camera_xyz"":[0.26829,-0.337498,1.27967],""pnp_camera_quat_xyzw"":[-0.037356,-0.008079,0.00046,0.999269],""pnp_camera_rpy_deg"":[-4.282512,-0.923147,0.087221],""pnp_reprojection_error_px"":0.054208},{""tag_id"":16,""target_match"":true,""family"":""tag25h9"",""hamming"":0,""decision_margin"":161.912506,""pixel_xy"":[796.510078,264.67972],""world_xy_yaw"":[0.212537,1.041891,0.010362],""pnp_valid"":true,""pnp_camera_xyz"":[0.268798,-0.197589,1.275384],""pnp_camera_quat_xyzw"":[-0.031186,-0.013753,0.002251,0.999416],""pnp_camera_rpy_deg"":[-3.57876,-1.567234,0.30705],""pnp_reprojection_error_px"":0.063416}]",1,0.063416,161.912506,95.430295,,0,,0,,
2026-08-12T10:57:18.417056+00:00,5013.700726447,sway_decay_positive_0075_run03,0,"[0.0,0.0,0.0,0.0]",0,0,0,0,,,,,,,,,,,,,,,,,,,,,,,,,,,,0,,0,,,"[NaN,NaN,NaN]","[NaN,NaN,NaN,NaN]","[NaN,NaN,NaN,NaN,NaN,NaN]",0.000845,154,1,"[15,16]","[0.212677,1.041943,0.009726]","[{""tag_id"":15,""target_match"":true,""family"":""tag25h9"",""hamming"":0,""decision_margin"":159.999573,""pixel_xy"":[796.207611,205.704152],""world_xy_yaw"":[0.212029,1.113841,0.002187],""pnp_valid"":true,""pnp_camera_xyz"":[0.269111,-0.338262,1.282538],""pnp_camera_quat_xyzw"":[-0.034065,-0.005997,0.001249,0.999401],""pnp_camera_rpy_deg"":[-3.905346,-0.681895,0.166413],""pnp_reprojection_error_px"":0.12337},{""tag_id"":16,""target_match"":true,""family"":""tag25h9"",""hamming"":0,""decision_margin"":160.298721,""pixel_xy"":[796.593448,264.636628],""world_xy_yaw"":[0.212677,1.041943,0.009726],""pnp_valid"":true,""pnp_camera_xyz"":[0.26867,-0.197419,1.273949],""pnp_camera_quat_xyzw"":[-0.03435,-0.015658,0.001813,0.999286],""pnp_camera_rpy_deg"":[-3.941732,-1.786104,0.269422],""pnp_reprojection_error_px"":0.04885}]",1,0.04885,160.298721,96.137352,,0,,0,,
2026-08-12T10:57:18.467251+00:00,5013.750925174,sway_decay_positive_0075_run03,0,"[0.0,0.0,0.0,0.0]",0,0,0,0,,,,,,,,,,,,,,,,,,,,,,,,,,,,0,,0,,,"[NaN,NaN,NaN]","[NaN,NaN,NaN,NaN]","[NaN,NaN,NaN,NaN,NaN,NaN]",0.000591,156,1,"[15,16]","[0.21289,1.04206,0.009488]","[{""tag_id"":15,""target_match"":true,""family"":""tag25h9"",""hamming"":0,""decision_margin"":158.418854,""pixel_xy"":[796.337357,205.619987],""world_xy_yaw"":[0.212247,1.113944,0.002454],""pnp_valid"":true,""pnp_camera_xyz"":[0.270544,-0.339661,1.287749],""pnp_camera_quat_xyzw"":[-0.026935,-0.00362,0.001725,0.999629],""pnp_camera_rpy_deg"":[-3.087666,-0.409345,0.208803],""pnp_reprojection_error_px"":0.047233},{""tag_id"":16,""target_match"":true,""family"":""tag25h9"",""hamming"":0,""decision_margin"":158.991531,""pixel_xy"":[796.720277,264.540799],""world_xy_yaw"":[0.21289,1.04206,0.009488],""pnp_valid"":true,""pnp_camera_xyz"":[0.268526,-0.197213,1.271937],""pnp_camera_quat_xyzw"":[-0.038632,-0.017034,0.001604,0.999107],""pnp_camera_rpy_deg"":[-4.433022,-1.943495,0.259155],""pnp_reprojection_error_px"":0.0605}]",1,0.0605,158.991531,96.179934,,0,,0,,
2026-08-12T10:57:18.516493+00:00,5013.800164832,sway_decay_positive_0075_run03,0,"[0.0,0.0,0.0,0.0]",0,0,0,0,,,,,,,,,,,,,,,,,,,,,,,,,,,,0,,0,,,"[NaN,NaN,NaN]","[NaN,NaN,NaN,NaN]","[NaN,NaN,NaN,NaN,NaN,NaN]",0.000735,157,1,"[15,16]","[0.21231,1.113986,0.002544]","[{""tag_id"":15,""target_match"":true,""family"":""tag25h9"",""hamming"":0,""decision_margin"":159.609375,""pixel_xy"":[796.374768,205.585421],""world_xy_yaw"":[0.21231,1.113986,0.002544],""pnp_valid"":true,""pnp_camera_xyz"":[0.270714,-0.339759,1.288058],""pnp_camera_quat_xyzw"":[-0.026238,-0.004148,0.001466,0.999646],""pnp_camera_rpy_deg"":[-3.007814,-0.470752,0.18038],""pnp_reprojection_error_px"":0.018551},{""tag_id"":16,""target_match"":true,""family"":""tag25h9"",""hamming"":0,""decision_margin"":159.020844,""pixel_xy"":[796.781941,264.492719],""world_xy_yaw"":[0.212994,1.042119,0.009425],""pnp_valid"":true,""pnp_camera_xyz"":[0.26868,-0.197264,1.271975],""pnp_camera_quat_xyzw"":[-0.03929,-0.016039,0.001708,0.999098],""pnp_camera_rpy_deg"":[-4.508371,-1.828903,0.267885],""pnp_reprojection_error_px"":0.084309}]",1,0.018551,159.609375,94.715538,,0,,0,,
2026-08-12T10:57:18.567531+00:00,5013.851202951,sway_decay_positive_0075_run03,0,"[0.0,0.0,0.0,0.0]",0,0,0,0,,,,,,,,,,,,,,,,,,,,,,,,,,,,0,,0,,,"[NaN,NaN,NaN]","[NaN,NaN,NaN,NaN]","[NaN,NaN,NaN,NaN,NaN,NaN]",0.000657,159,1,"[15,16]","[0.212486,1.114014,0.003262]","[{""tag_id"":15,""target_match"":true,""family"":""tag25h9"",""hamming"":0,""decision_margin"":161.32251,""pixel_xy"":[796.479778,205.562007],""world_xy_yaw"":[0.212486,1.114014,0.003262],""pnp_valid"":true,""pnp_camera_xyz"":[0.270757,-0.33951,1.286957],""pnp_camera_quat_xyzw"":[-0.027182,-0.007243,0.000748,0.999604],""pnp_camera_rpy_deg"":[-3.11603,-0.827342,0.108198],""pnp_reprojection_error_px"":0.012692},{""tag_id"":16,""target_match"":true,""family"":""tag25h9"",""hamming"":0,""decision_margin"":161.020584,""pixel_xy"":[796.897193,264.458491],""world_xy_yaw"":[0.213187,1.042161,0.008263],""pnp_valid"":true,""pnp_camera_xyz"":[0.269158,-0.1975,1.27311],""pnp_camera_quat_xyzw"":[-0.038426,-0.01079,0.002321,0.999201],""pnp_camera_rpy_deg"":[-4.407959,-1.225297,0.313307],""pnp_reprojection_error_px"":0.087056}]",1,0.012692,161.32251,92.938492,,0,,0,,
2026-08-12T10:57:18.617289+00:00,5013.900959900,sway_decay_positive_0075_run03,0,"[0.0,0.0,0.0,0.0]",0,0,0,0,,,,,,,,,,,,,,,,,,,,,,,,,,,,0,,0,,,"[NaN,NaN,NaN]","[NaN,NaN,NaN,NaN]","[NaN,NaN,NaN,NaN,NaN,NaN]",0.001047,160,1,"[15,16]","[0.213267,1.042106,0.008731]","[{""tag_id"":15,""target_match"":true,""family"":""tag25h9"",""hamming"":0,""decision_margin"":158.836151,""pixel_xy"":[796.556481,205.562607],""world_xy_yaw"":[0.212615,1.114014,0.002978],""pnp_valid"":true,""pnp_camera_xyz"":[0.270953,-0.33954,1.287068],""pnp_camera_quat_xyzw"":[-0.027431,-0.007539,0.000615,0.999595],""pnp_camera_rpy_deg"":[-3.144541,-0.861672,0.094156],""pnp_reprojection_error_px"":0.012792},{""tag_id"":16,""target_match"":true,""family"":""tag25h9"",""hamming"":0,""decision_margin"":159.669693,""pixel_xy"":[796.944401,264.503597],""world_xy_yaw"":[0.213267,1.042106,0.008731],""pnp_valid"":true,""pnp_camera_xyz"":[0.269475,-0.197646,1.274095],""pnp_camera_quat_xyzw"":[-0.036206,-0.005798,0.003374,0.999322],""pnp_camera_rpy_deg"":[-4.152188,-0.649925,0.410441],""pnp_reprojection_error_px"":0.04815}]",1,0.04815,159.669693,93.26964,,0,,0,,
2026-08-12T10:57:18.666811+00:00,5013.950478432,sway_decay_positive_0075_run03,0,"[0.0,0.0,0.0,0.0]",0,0,0,0,,,,,,,,,,,,,,,,,,,,,,,,,,,,0,,0,,,"[NaN,NaN,NaN]","[NaN,NaN,NaN,NaN]","[NaN,NaN,NaN,NaN,NaN,NaN]",0.000688,162,1,"[15,16]","[0.213415,1.042049,0.007459]","[{""tag_id"":15,""target_match"":true,""family"":""tag25h9"",""hamming"":0,""decision_margin"":156.625107,""pixel_xy"":[796.667799,205.541895],""world_xy_yaw"":[0.212802,1.114039,0.003528],""pnp_valid"":true,""pnp_camera_xyz"":[0.271746,-0.340211,1.289538],""pnp_camera_quat_xyzw"":[-0.024508,-0.004996,0.001468,0.999686],""pnp_camera_rpy_deg"":[-2.809655,-0.568235,0.182162],""pnp_reprojection_error_px"":0.005134},{""tag_id"":16,""target_match"":true,""family"":""tag25h9"",""hamming"":0,""decision_margin"":159.528473,""pixel_xy"":[797.032633,264.550308],""world_xy_yaw"":[0.213415,1.042049,0.007459],""pnp_valid"":true,""pnp_camera_xyz"":[0.269967,-0.197941,1.275693],""pnp_camera_quat_xyzw"":[-0.034078,-0.000871,0.004063,0.999411],""pnp_camera_rpy_deg"":[-3.906187,-0.08391,0.468763],""pnp_reprojection_error_px"":0.028976}]",1,0.028976,159.528473,93.468262,,0,,0,,
2026-08-12T10:57:18.716896+00:00,5014.000563149,sway_decay_positive_0075_run03,0,"[0.0,0.0,0.0,0.0]",0,0,0,0,,,,,,,,,,,,,,,,,,,,,,,,,,,,0,,0,,,"[NaN,NaN,NaN]","[NaN,NaN,NaN,NaN]","[NaN,NaN,NaN,NaN,NaN,NaN]",0.000922,163,1,"[15,16]","[0.212863,1.114054,0.003571]","[{""tag_id"":15,""target_match"":true,""family"":""tag25h9"",""hamming"":0,""decision_margin"":158.133911,""pixel_xy"":[796.704408,205.529715],""world_xy_yaw"":[0.212863,1.114054,0.003571],""pnp_valid"":true,""pnp_camera_xyz"":[0.271904,-0.340303,1.289883],""pnp_camera_quat_xyzw"":[-0.023762,-0.003551,0.001881,0.99971],""pnp_camera_rpy_deg"":[-2.724043,-0.401687,0.225132],""pnp_reprojection_error_px"":0.012253},{""tag_id"":16,""target_match"":true,""family"":""tag25h9"",""hamming"":0,""decision_margin"":157.85527,""pixel_xy"":[797.066955,264.565969],""world_xy_yaw"":[0.213472,1.04203,0.007071],""pnp_valid"":true,""pnp_camera_xyz"":[0.270005,-0.197935,1.275483],""pnp_camera_quat_xyzw"":[-0.034758,-0.001777,0.003708,0.999387],""pnp_camera_rpy_deg"":[-3.984557,-0.188744,0.431778],""pnp_reprojection_error_px"":0.05622}]",1,0.012253,158.133911,92.46054,,0,,0,,
2026-08-12T10:57:18.766869+00:00,5014.050533227,sway_decay_positive_0075_run03,0,"[0.0,0.0,0.0,0.0]",0,0,0,0,,,,,,,,,,,,,,,,,,,,,,,,,,,,0,,0,,,"[NaN,NaN,NaN]","[NaN,NaN,NaN,NaN]","[NaN,NaN,NaN,NaN,NaN,NaN]",0.000802,165,1,"[15,16]","[0.213019,1.114141,0.004019]","[{""tag_id"":15,""target_match"":true,""family"":""tag25h9"",""hamming"":0,""decision_margin"":160.713715,""pixel_xy"":[796.797173,205.4584],""world_xy_yaw"":[0.213019,1.114141,0.004019],""pnp_valid"":true,""pnp_camera_xyz"":[0.271291,-0.339296,1.285908],""pnp_camera_quat_xyzw"":[-0.029222,-0.005661,0.001488,0.999556],""pnp_camera_rpy_deg"":[-3.350198,-0.643457,0.189364],""pnp_reprojection_error_px"":0.066096},{""tag_id"":16,""target_match"":true,""family"":""tag25h9"",""hamming"":0,""decision_margin"":160.420303,""pixel_xy"":[797.16642,264.582545],""world_xy_yaw"":[0.21364,1.042009,0.006384],""pnp_valid"":true,""pnp_camera_xyz"":[0.269864,-0.197703,1.273697],""pnp_camera_quat_xyzw"":[-0.037545,-0.007597,0.002368,0.999263],""pnp_camera_rpy_deg"":[-4.305767,-0.859803,0.303842],""pnp_reprojection_error_px"":0.092844}]",1,0.066096,160.713715,92.285494,,0,,0,,
2026-08-12T10:57:18.817217+00:00,5014.100882122,sway_decay_positive_0075_run03,0,"[0.0,0.0,0.0,0.0]",0,0,0,0,,,,,,,,,,,,,,,,,,,,,,,,,,,,0,,0,,,"[NaN,NaN,NaN]","[NaN,NaN,NaN,NaN]","[NaN,NaN,NaN,NaN,NaN,NaN]",0.000980,166,1,"[15,16]","[0.213736,1.042018,0.006501]","[{""tag_id"":15,""target_match"":true,""family"":""tag25h9"",""hamming"":0,""decision_margin"":160.911179,""pixel_xy"":[796.846503,205.431234],""world_xy_yaw"":[0.213102,1.114174,0.004264],""pnp_valid"":true,""pnp_camera_xyz"":[0.270823,-0.338576,1.28308],""pnp_camera_quat_xyzw"":[-0.03241,-0.00689,0.00114,0.99945],""pnp_camera_rpy_deg"":[-3.715693,-0.784909,0.156204],""pnp_reprojection_error_px"":0.083085},{""tag_id"":16,""target_match"":true,""family"":""tag25h9"",""hamming"":0,""decision_margin"":160.976959,""pixel_xy"":[797.223784,264.575595],""world_xy_yaw"":[0.213736,1.042018,0.006501],""pnp_valid"":true,""pnp_camera_xyz"":[0.270184,-0.197829,1.274499],""pnp_camera_quat_xyzw"":[-0.037063,-0.009419,0.001973,0.999267],""pnp_camera_rpy_deg"":[-4.250763,-1.070174,0.266001],""pnp_reprojection_error_px"":0.087169}]",1,0.087169,160.976959,90.903509,,0,,0,,
2026-08-12T10:57:18.867216+00:00,5014.150886977,sway_decay_positive_0075_run03,0,"[0.0,0.0,0.0,0.0]",0,0,0,0,,,,,,,,,,,,,,,,,,,,,,,,,,,,0,,0,,,"[NaN,NaN,NaN]","[NaN,NaN,NaN,NaN]","[NaN,NaN,NaN,NaN,NaN,NaN]",0.000711,168,1,"[15,16]","[0.213963,1.04213,0.004802]","[{""tag_id"":15,""target_match"":true,""family"":""tag25h9"",""hamming"":0,""decision_margin"":157.790375,""pixel_xy"":[796.973563,205.451507],""world_xy_yaw"":[0.213316,1.114149,0.003974],""pnp_valid"":true,""pnp_camera_xyz"":[0.270607,-0.337974,1.280716],""pnp_camera_quat_xyzw"":[-0.03495,-0.005745,0.001449,0.999372],""pnp_camera_rpy_deg"":[-4.006908,-0.652137,0.188914],""pnp_reprojection_error_px"":0.052261},{""tag_id"":16,""target_match"":true,""family"":""tag25h9"",""hamming"":0,""decision_margin"":157.910187,""pixel_xy"":[797.358788,264.483511],""world_xy_yaw"":[0.213963,1.04213,0.004802],""pnp_valid"":true,""pnp_camera_xyz"":[0.271346,-0.198481,1.278647],""pnp_camera_quat_xyzw"":[-0.029788,-0.008251,0.001755,0.999521],""pnp_camera_rpy_deg"":[-3.415946,-0.939138,0.229244],""pnp_reprojection_error_px"":0.003495}]",1,0.003495,157.910187,91.703609,,0,,0,,
2026-08-12T10:57:18.916808+00:00,5014.200479443,sway_decay_positive_0075_run03,0,"[0.0,0.0,0.0,0.0]",0,0,0,0,,,,,,,,,,,,,,,,,,,,,,,,,,,,0,,0,,,"[NaN,NaN,NaN]","[NaN,NaN,NaN,NaN]","[NaN,NaN,NaN,NaN,NaN,NaN]",0.000995,169,1,"[15,16]","[0.214023,1.042156,0.00564]","[{""tag_id"":15,""target_match"":true,""family"":""tag25h9"",""hamming"":0,""decision_margin"":158.470245,""pixel_xy"":[797.062507,205.537179],""world_xy_yaw"":[0.213465,1.114045,0.004674],""pnp_valid"":true,""pnp_camera_xyz"":[0.270943,-0.338138,1.281264],""pnp_camera_quat_xyzw"":[-0.034248,-0.004194,0.002089,0.999402],""pnp_camera_rpy_deg"":[-3.926404,-0.472147,0.255757],""pnp_reprojection_error_px"":0.045449},{""tag_id"":16,""target_match"":true,""family"":""tag25h9"",""hamming"":0,""decision_margin"":158.579468,""pixel_xy"":[797.394877,264.462299],""world_xy_yaw"":[0.214023,1.042156,0.00564],""pnp_valid"":true,""pnp_camera_xyz"":[0.271514,-0.198549,1.278927],""pnp_camera_quat_xyzw"":[-0.029439,-0.008135,0.00195,0.999532],""pnp_camera_rpy_deg"":[-3.376095,-0.92521,0.250824],""pnp_reprojection_error_px"":0.017891}]",1,0.017891,158.579468,89.535036,,0,,0,,
2026-08-12T10:57:18.966964+00:00,5014.250633737,sway_decay_positive_0075_run03,0,"[0.0,0.0,0.0,0.0]",0,0,0,0,,,,,,,,,,,,,,,,,,,,,,,,,,,,0,,0,,,"[NaN,NaN,NaN]","[NaN,NaN,NaN,NaN]","[NaN,NaN,NaN,NaN,NaN,NaN]",0.000599,171,1,"[15,16]","[0.213745,1.114041,0.005883]","[{""tag_id"":15,""target_match"":true,""family"":""tag25h9"",""hamming"":0,""decision_margin"":158.799683,""pixel_xy"":[797.229168,205.539913],""world_xy_yaw"":[0.213745,1.114041,0.005883],""pnp_valid"":true,""pnp_camera_xyz"":[0.272721,-0.339831,1.287714],""pnp_camera_quat_xyzw"":[-0.027163,-0.002658,0.002918,0.999623],""pnp_camera_rpy_deg"":[-3.1139,-0.295351,0.342538],""pnp_reprojection_error_px"":0.046545},{""tag_id"":16,""target_match"":true,""family"":""tag25h9"",""hamming"":0,""decision_margin"":158.519272,""pixel_xy"":[797.486504,264.485412],""world_xy_yaw"":[0.214177,1.042128,0.004994],""pnp_valid"":true,""pnp_camera_xyz"":[0.271961,-0.19875,1.280076],""pnp_camera_quat_xyzw"":[-0.027128,-0.004207,0.002354,0.99962],""pnp_camera_rpy_deg"":[-3.110206,-0.474641,0.282724],""pnp_reprojection_error_px"":0.019422}]",1,0.046545,158.799683,92.709045,,0,,0,,
2026-08-12T10:57:19.016361+00:00,5014.300033315,sway_decay_positive_0075_run03,0,"[0.0,0.0,0.0,0.0]",0,0,0,0,,,,,,,,,,,,,,,,,,,,,,,,,,,,0,,0,,,"[NaN,NaN,NaN]","[NaN,NaN,NaN,NaN]","[NaN,NaN,NaN,NaN,NaN,NaN]",0.000648,172,1,"[15,16]","[0.213824,1.114065,0.005949]","[{""tag_id"":15,""target_match"":true,""family"":""tag25h9"",""hamming"":0,""decision_margin"":158.131927,""pixel_xy"":[797.276389,205.520694],""world_xy_yaw"":[0.213824,1.114065,0.005949],""pnp_valid"":true,""pnp_camera_xyz"":[0.273054,-0.340134,1.288794],""pnp_camera_quat_xyzw"":[-0.026136,-0.002969,0.002945,0.99965],""pnp_camera_rpy_deg"":[-2.996294,-0.331241,0.346218],""pnp_reprojection_error_px"":0.034854},{""tag_id"":16,""target_match"":true,""family"":""tag25h9"",""hamming"":0,""decision_margin"":158.111679,""pixel_xy"":[797.530029,264.485951],""world_xy_yaw"":[0.21425,1.042127,0.005006],""pnp_valid"":true,""pnp_camera_xyz"":[0.272035,-0.198742,1.280019],""pnp_camera_quat_xyzw"":[-0.02802,-0.004332,0.002511,0.999595],""pnp_camera_rpy_deg"":[-3.212591,-0.488186,0.301542],""pnp_reprojection_error_px"":0.019776}]",1,0.034854,158.131927,92.349138,,0,,0,,
2026-08-12T10:57:19.066672+00:00,5014.350345211,sway_decay_positive_0075_run03,0,"[0.0,0.0,0.0,0.0]",0,0,0,0,,,,,,,,,,,,,,,,,,,,,,,,,,,,0,,0,,,"[NaN,NaN,NaN]","[NaN,NaN,NaN,NaN]","[NaN,NaN,NaN,NaN,NaN,NaN]",0.000433,174,1,"[15,16]","[0.21438,1.04212,0.005068]","[{""tag_id"":15,""target_match"":true,""family"":""tag25h9"",""hamming"":0,""decision_margin"":159.247955,""pixel_xy"":[797.350254,205.471723],""world_xy_yaw"":[0.213948,1.114124,0.007066],""pnp_valid"":true,""pnp_camera_xyz"":[0.273069,-0.339964,1.287982],""pnp_camera_quat_xyzw"":[-0.026806,-0.005654,0.002685,0.999621],""pnp_camera_rpy_deg"":[-3.074014,-0.639447,0.324961],""pnp_reprojection_error_px"":0.020039},{""tag_id"":16,""target_match"":true,""family"":""tag25h9"",""hamming"":0,""decision_margin"":159.849655,""pixel_xy"":[797.607007,264.492024],""world_xy_yaw"":[0.21438,1.04212,0.005068],""pnp_valid"":true,""pnp_camera_xyz"":[0.27224,-0.198803,1.280111],""pnp_camera_quat_xyzw"":[-0.026818,-0.006216,0.00222,0.999619],""pnp_camera_rpy_deg"":[-3.075237,-0.705205,0.273418],""pnp_reprojection_error_px"":0.04607}]",1,0.04607,159.849655,93.343517,,0,,0,,
2026-08-12T10:57:19.116444+00:00,5014.400112517,sway_decay_positive_0075_run03,0,"[0.0,0.0,0.0,0.0]",0,0,0,0,,,,,,,,,,,,,,,,,,,,,,,,,,,,0,,0,,,"[NaN,NaN,NaN]","[NaN,NaN,NaN,NaN]","[NaN,NaN,NaN,NaN,NaN,NaN]",0.000706,175,1,"[15,16]","[0.214475,1.042183,0.00499]","[{""tag_id"":15,""target_match"":true,""family"":""tag25h9"",""hamming"":0,""decision_margin"":159.504288,""pixel_xy"":[797.393888,205.442007],""world_xy_yaw"":[0.214022,1.114161,0.008705],""pnp_valid"":true,""pnp_camera_xyz"":[0.272956,-0.339684,1.286779],""pnp_camera_quat_xyzw"":[-0.029087,-0.007632,0.002566,0.999544],""pnp_camera_rpy_deg"":[-3.336076,-0.865657,0.319405],""pnp_reprojection_error_px"":0.038478},{""tag_id"":16,""target_match"":true,""family"":""tag25h9"",""hamming"":0,""decision_margin"":161.109589,""pixel_xy"":[797.663978,264.440293],""world_xy_yaw"":[0.214475,1.042183,0.00499],""pnp_valid"":true,""pnp_camera_xyz"":[0.272039,-0.198565,1.278449],""pnp_camera_quat_xyzw"":[-0.029818,-0.008677,0.00159,0.999516],""pnp_camera_rpy_deg"":[-3.419369,-0.988449,0.211844],""pnp_reprojection_error_px"":0.008434}]",1,0.008434,161.109589,93.638139,,0,,0,,
2026-08-12T10:57:19.167074+00:00,5014.450747798,sway_decay_positive_0075_run03,0,"[0.0,0.0,0.0,0.0]",0,0,0,0,,,,,,,,,,,,,,,,,,,,,,,,,,,,0,,0,,,"[NaN,NaN,NaN]","[NaN,NaN,NaN,NaN]","[NaN,NaN,NaN,NaN,NaN,NaN]",0.000677,177,1,"[15,16]","[0.214682,1.042309,0.005617]","[{""tag_id"":15,""target_match"":true,""family"":""tag25h9"",""hamming"":0,""decision_margin"":158.934967,""pixel_xy"":[797.522846,205.420296],""world_xy_yaw"":[0.214238,1.114187,0.009981],""pnp_valid"":true,""pnp_camera_xyz"":[0.273127,-0.339588,1.286136],""pnp_camera_quat_xyzw"":[-0.02969,-0.008748,0.002883,0.999517],""pnp_camera_rpy_deg"":[-3.405945,-0.992196,0.36003],""pnp_reprojection_error_px"":0.037426},{""tag_id"":16,""target_match"":true,""family"":""tag25h9"",""hamming"":0,""decision_margin"":160.255264,""pixel_xy"":[797.787205,264.336607],""world_xy_yaw"":[0.214682,1.042309,0.005617],""pnp_valid"":true,""pnp_camera_xyz"":[0.272021,-0.198412,1.276986],""pnp_camera_quat_xyzw"":[-0.033201,-0.010263,0.001612,0.999395],""pnp_camera_rpy_deg"":[-3.807796,-1.169345,0.223708],""pnp_reprojection_error_px"":0.070941}]",1,0.070941,160.255264,92.429781,,0,,0,,
2026-08-12T10:57:19.216473+00:00,5014.500143154,sway_decay_positive_0075_run03,0,"[0.0,0.0,0.0,0.0]",0,0,0,0,,,,,,,,,,,,,,,,,,,,,,,,,,,,0,,0,,,"[NaN,NaN,NaN]","[NaN,NaN,NaN,NaN]","[NaN,NaN,NaN,NaN,NaN,NaN]",0.000756,178,1,"[15,16]","[0.214796,1.042337,0.005523]","[{""tag_id"":15,""target_match"":true,""family"":""tag25h9"",""hamming"":0,""decision_margin"":161.006973,""pixel_xy"":[797.584726,205.420479],""world_xy_yaw"":[0.214342,1.114187,0.011782],""pnp_valid"":true,""pnp_camera_xyz"":[0.273489,-0.339852,1.286979],""pnp_camera_quat_xyzw"":[-0.029255,-0.008817,0.003376,0.999527],""pnp_camera_rpy_deg"":[-3.356596,-0.99862,0.416294],""pnp_reprojection_error_px"":0.054713},{""tag_id"":16,""target_match"":true,""family"":""tag25h9"",""hamming"":0,""decision_margin"":161.659531,""pixel_xy"":[797.855037,264.313991],""world_xy_yaw"":[0.214796,1.042337,0.005523],""pnp_valid"":true,""pnp_camera_xyz"":[0.2722,-0.198455,1.277145],""pnp_camera_quat_xyzw"":[-0.032971,-0.008174,0.002043,0.999421],""pnp_camera_rpy_deg"":[-3.781137,-0.928443,0.264942],""pnp_reprojection_error_px"":0.085465}]",1,0.085465,161.659531,93.439406,,0,,0,,
2026-08-12T10:57:19.268603+00:00,5014.552258196,sway_decay_positive_0075_run03,0,"[0.0,0.0,0.0,0.0]",0,0,0,0,,,,,,,,,,,,,,,,,,,,,,,,,,,,0,,0,,,"[NaN,NaN,NaN]","[NaN,NaN,NaN,NaN]","[NaN,NaN,NaN,NaN,NaN,NaN]",0.001563,180,1,"[15,16]","[0.214961,1.042279,0.007601]","[{""tag_id"":15,""target_match"":true,""family"":""tag25h9"",""hamming"":0,""decision_margin"":160.624115,""pixel_xy"":[797.673423,205.366795],""world_xy_yaw"":[0.214491,1.114252,0.013281],""pnp_valid"":true,""pnp_camera_xyz"":[0.273637,-0.339887,1.286715],""pnp_camera_quat_xyzw"":[-0.030524,-0.008745,0.004201,0.999487],""pnp_camera_rpy_deg"":[-3.502901,-0.98694,0.511851],""pnp_reprojection_error_px"":0.050583},{""tag_id"":16,""target_match"":true,""family"":""tag25h9"",""hamming"":0,""decision_margin"":161.947052,""pixel_xy"":[797.953236,264.361467],""world_xy_yaw"":[0.214961,1.042279,0.007601],""pnp_valid"":true,""pnp_camera_xyz"":[0.272311,-0.198417,1.276529],""pnp_camera_quat_xyzw"":[-0.034873,0.000217,0.004233,0.999383],""pnp_camera_rpy_deg"":[-3.996858,0.041758,0.48387],""pnp_reprojection_error_px"":0.015228}]",1,0.015228,161.947052,93.876557,,0,,0,,
2026-08-12T10:57:19.316738+00:00,5014.600408189,sway_decay_positive_0075_run03,0,"[0.0,0.0,0.0,0.0]",0,0,0,0,,,,,,,,,,,,,,,,,,,,,,,,,,,,0,,0,,,"[NaN,NaN,NaN]","[NaN,NaN,NaN,NaN]","[NaN,NaN,NaN,NaN,NaN,NaN]",0.000839,181,1,"[15,16]","[0.215038,1.042259,0.00833]","[{""tag_id"":15,""target_match"":true,""family"":""tag25h9"",""hamming"":0,""decision_margin"":161.384171,""pixel_xy"":[797.720901,205.339122],""world_xy_yaw"":[0.214571,1.114286,0.013513],""pnp_valid"":true,""pnp_camera_xyz"":[0.273414,-0.339525,1.285163],""pnp_camera_quat_xyzw"":[-0.032247,-0.009284,0.004213,0.999428],""pnp_camera_rpy_deg"":[-3.700812,-1.047782,0.516871],""pnp_reprojection_error_px"":0.048367},{""tag_id"":16,""target_match"":true,""family"":""tag25h9"",""hamming"":0,""decision_margin"":161.59169,""pixel_xy"":[797.99863,264.377765],""world_xy_yaw"":[0.215038,1.042259,0.00833],""pnp_valid"":true,""pnp_camera_xyz"":[0.272303,-0.198407,1.276103],""pnp_camera_quat_xyzw"":[-0.035174,0.000695,0.004925,0.999369],""pnp_camera_rpy_deg"":[-4.030996,0.099455,0.561241],""pnp_reprojection_error_px"":0.028449}]",1,0.028449,161.59169,93.50673,,0,,0,,
2026-08-12T10:57:19.367302+00:00,5014.650974905,sway_decay_positive_0075_run03,0,"[0.0,0.0,0.0,0.0]",0,0,0,0,,,,,,,,,,,,,,,,,,,,,,,,,,,,0,,0,,,"[NaN,NaN,NaN]","[NaN,NaN,NaN,NaN]","[NaN,NaN,NaN,NaN,NaN,NaN]",0.000640,183,1,"[15,16]","[0.214791,1.114444,0.014778]","[{""tag_id"":15,""target_match"":true,""family"":""tag25h9"",""hamming"":0,""decision_margin"":162.656799,""pixel_xy"":[797.85185,205.209744],""world_xy_yaw"":[0.214791,1.114444,0.014778],""pnp_valid"":true,""pnp_camera_xyz"":[0.272446,-0.338036,1.279056],""pnp_camera_quat_xyzw"":[-0.039393,-0.011381,0.00398,0.999151],""pnp_camera_rpy_deg"":[-4.521283,-1.285218,0.507145],""pnp_reprojection_error_px"":0.098397},{""tag_id"":16,""target_match"":true,""family"":""tag25h9"",""hamming"":0,""decision_margin"":161.861359,""pixel_xy"":[798.072503,264.339859],""world_xy_yaw"":[0.215162,1.042305,0.011402],""pnp_valid"":true,""pnp_camera_xyz"":[0.271975,-0.198189,1.273866],""pnp_camera_quat_xyzw"":[-0.0386,-0.003812,0.006002,0.999229],""pnp_camera_rpy_deg"":[-4.426972,-0.409965,0.704151],""pnp_reprojection_error_px"":0.047665}]",1,0.098397,162.656799,92.610034,,0,,0,,
2026-08-12T10:57:19.418168+00:00,5014.701839169,sway_decay_positive_0075_run03,0,"[0.0,0.0,0.0,0.0]",0,0,0,0,,,,,,,,,,,,,,,,,,,,,,,,,,,,0,,0,,,"[NaN,NaN,NaN]","[NaN,NaN,NaN,NaN]","[NaN,NaN,NaN,NaN,NaN,NaN]",0.001958,184,1,"[15,16]","[0.214967,1.114411,0.013571]","[{""tag_id"":15,""target_match"":true,""family"":""tag25h9"",""hamming"":0,""decision_margin"":162.165649,""pixel_xy"":[797.956596,205.236974],""world_xy_yaw"":[0.214967,1.114411,0.013571],""pnp_valid"":true,""pnp_camera_xyz"":[0.272506,-0.337948,1.278414],""pnp_camera_quat_xyzw"":[-0.040782,-0.007098,0.005061,0.99913],""pnp_camera_rpy_deg"":[-4.67893,-0.789063,0.612629],""pnp_reprojection_error_px"":0.040863},{""tag_id"":16,""target_match"":true,""family"":""tag25h9"",""hamming"":0,""decision_margin"":160.57724,""pixel_xy"":[798.149911,264.341992],""world_xy_yaw"":[0.215292,1.042303,0.011104],""pnp_valid"":true,""pnp_camera_xyz"":[0.27181,-0.198026,1.272443],""pnp_camera_quat_xyzw"":[-0.040173,-0.007651,0.005666,0.999147],""pnp_camera_rpy_deg"":[-4.609971,-0.849996,0.684087],""pnp_reprojection_error_px"":0.079274}]",1,0.040863,162.165649,92.291181,,0,,0,,
2026-08-12T10:57:19.467257+00:00,5014.750924245,sway_decay_positive_0075_run03,0,"[0.0,0.0,0.0,0.0]",0,0,0,0,,,,,,,,,,,,,,,,,,,,,,,,,,,,0,,0,,,"[NaN,NaN,NaN]","[NaN,NaN,NaN,NaN]","[NaN,NaN,NaN,NaN,NaN,NaN]",0.000737,186,1,"[15,16]","[0.21536,1.114379,0.014055]","[{""tag_id"":15,""target_match"":true,""family"":""tag25h9"",""hamming"":0,""decision_margin"":162.404068,""pixel_xy"":[798.190563,205.262945],""world_xy_yaw"":[0.21536,1.114379,0.014055],""pnp_valid"":true,""pnp_camera_xyz"":[0.274491,-0.339787,1.285104],""pnp_camera_quat_xyzw"":[-0.033792,-0.007368,0.005188,0.999388],""pnp_camera_rpy_deg"":[-3.877651,-0.823701,0.622751],""pnp_reprojection_error_px"":0.057725},{""tag_id"":16,""target_match"":true,""family"":""tag25h9"",""hamming"":0,""decision_margin"":159.759399,""pixel_xy"":[798.348096,264.245751],""world_xy_yaw"":[0.215625,1.04242,0.013415],""pnp_valid"":true,""pnp_camera_xyz"":[0.272046,-0.198029,1.271449],""pnp_camera_quat_xyzw"":[-0.040707,-0.018684,0.005174,0.998983],""pnp_camera_rpy_deg"":[-4.679434,-2.115202,0.679937],""pnp_reprojection_error_px"":0.05664}]",1,0.057725,162.404068,89.836447,,0,,0,,
2026-08-12T10:57:19.517390+00:00,5014.801054318,sway_decay_positive_0075_run03,0,"[0.0,0.0,0.0,0.0]",0,0,0,0,,,,,,,,,,,,,,,,,,,,,,,,,,,,0,,0,,,"[NaN,NaN,NaN]","[NaN,NaN,NaN,NaN]","[NaN,NaN,NaN,NaN,NaN,NaN]",0.001339,187,1,"[15,16]","[0.215802,1.042514,0.01319]","[{""tag_id"":15,""target_match"":true,""family"":""tag25h9"",""hamming"":0,""decision_margin"":159.951538,""pixel_xy"":[798.266411,205.227323],""world_xy_yaw"":[0.215488,1.114423,0.012821],""pnp_valid"":true,""pnp_camera_xyz"":[0.275003,-0.340296,1.286873],""pnp_camera_quat_xyzw"":[-0.032122,-0.006839,0.005205,0.999447],""pnp_camera_rpy_deg"":[-3.685873,-0.764115,0.621402],""pnp_reprojection_error_px"":0.031351},{""tag_id"":16,""target_match"":true,""family"":""tag25h9"",""hamming"":0,""decision_margin"":162.781204,""pixel_xy"":[798.453744,264.169232],""world_xy_yaw"":[0.215802,1.042514,0.01319],""pnp_valid"":true,""pnp_camera_xyz"":[0.272291,-0.198132,1.271639],""pnp_camera_quat_xyzw"":[-0.039365,-0.018512,0.00558,0.999038],""pnp_camera_rpy_deg"":[-4.526151,-2.094599,0.722824],""pnp_reprojection_error_px"":0.053046}]",1,0.053046,162.781204,90.587744,,0,,0,,
2026-08-12T10:57:19.567963+00:00,5014.851621763,sway_decay_positive_0075_run03,0,"[0.0,0.0,0.0,0.0]",0,0,0,0,,,,,,,,,,,,,,,,,,,,,,,,,,,,0,,0,,,"[NaN,NaN,NaN]","[NaN,NaN,NaN,NaN]","[NaN,NaN,NaN,NaN,NaN,NaN]",0.001205,189,1,"[15,16]","[0.215657,1.114508,0.011011]","[{""tag_id"":15,""target_match"":true,""family"":""tag25h9"",""hamming"":0,""decision_margin"":161.777939,""pixel_xy"":[798.367045,205.157473],""world_xy_yaw"":[0.215657,1.114508,0.011011],""pnp_valid"":true,""pnp_camera_xyz"":[0.275466,-0.340689,1.287921],""pnp_camera_quat_xyzw"":[-0.031349,-0.006635,0.004337,0.999477],""pnp_camera_rpy_deg"":[-3.596372,-0.744345,0.520649],""pnp_reprojection_error_px"":0.022089},{""tag_id"":16,""target_match"":true,""family"":""tag25h9"",""hamming"":0,""decision_margin"":157.88768,""pixel_xy"":[798.575344,264.1391],""world_xy_yaw"":[0.216007,1.04255,0.012868],""pnp_valid"":true,""pnp_camera_xyz"":[0.272727,-0.198363,1.27248],""pnp_camera_quat_xyzw"":[-0.037455,-0.016839,0.006023,0.999138],""pnp_camera_rpy_deg"":[-4.306358,-1.902459,0.762328],""pnp_reprojection_error_px"":0.066005}]",1,0.022089,161.777939,88.38855,,0,,0,,
2026-08-12T10:57:19.617405+00:00,5014.901069026,sway_decay_positive_0075_run03,0,"[0.0,0.0,0.0,0.0]",0,0,0,0,,,,,,,,,,,,,,,,,,,,,,,,,,,,0,,0,,,"[NaN,NaN,NaN]","[NaN,NaN,NaN,NaN]","[NaN,NaN,NaN,NaN,NaN,NaN]",0.001354,190,1,"[15,16]","[0.215775,1.114549,0.011643]","[{""tag_id"":15,""target_match"":true,""family"":""tag25h9"",""hamming"":0,""decision_margin"":161.284698,""pixel_xy"":[798.437284,205.123999],""world_xy_yaw"":[0.215775,1.114549,0.011643],""pnp_valid"":true,""pnp_camera_xyz"":[0.275459,-0.340476,1.28696],""pnp_camera_quat_xyzw"":[-0.032664,-0.006531,0.004331,0.999436],""pnp_camera_rpy_deg"":[-3.747126,-0.731791,0.520522],""pnp_reprojection_error_px"":0.038344},{""tag_id"":16,""target_match"":true,""family"":""tag25h9"",""hamming"":0,""decision_margin"":158.73082,""pixel_xy"":[798.630734,264.124932],""world_xy_yaw"":[0.2161,1.042568,0.013223],""pnp_valid"":true,""pnp_camera_xyz"":[0.27286,-0.198414,1.272489],""pnp_camera_quat_xyzw"":[-0.037725,-0.0168,0.006187,0.999128],""pnp_camera_rpy_deg"":[-4.33765,-1.897061,0.781397],""pnp_reprojection_error_px"":0.067073}]",1,0.038344,161.284698,88.048589,,0,,0,,
2026-08-12T10:57:19.668597+00:00,5014.952251621,sway_decay_positive_0075_run03,0,"[0.0,0.0,0.0,0.0]",0,0,0,0,,,,,,,,,,,,,,,,,,,,,,,,,,,,0,,0,,,"[NaN,NaN,NaN]","[NaN,NaN,NaN,NaN]","[NaN,NaN,NaN,NaN,NaN,NaN]",0.001544,192,1,"[15,16]","[0.216044,1.114559,0.011796]","[{""tag_id"":15,""target_match"":true,""family"":""tag25h9"",""hamming"":0,""decision_margin"":161.163803,""pixel_xy"":[798.597438,205.115155],""world_xy_yaw"":[0.216044,1.114559,0.011796],""pnp_valid"":true,""pnp_camera_xyz"":[0.276415,-0.341246,1.289589],""pnp_camera_quat_xyzw"":[-0.029985,-0.004032,0.004931,0.99953],""pnp_camera_rpy_deg"":[-3.438825,-0.444855,0.578694],""pnp_reprojection_error_px"":0.042187},{""tag_id"":16,""target_match"":true,""family"":""tag25h9"",""hamming"":0,""decision_margin"":159.854141,""pixel_xy"":[798.754415,264.073985],""world_xy_yaw"":[0.216307,1.04263,0.012618],""pnp_valid"":true,""pnp_camera_xyz"":[0.273096,-0.198497,1.272216],""pnp_camera_quat_xyzw"":[-0.036783,-0.018918,0.005496,0.999129],""pnp_camera_rpy_deg"":[-4.230088,-2.143292,0.709474],""pnp_reprojection_error_px"":0.065739}]",1,0.042187,161.163803,85.995644,,0,,0,,
2026-08-12T10:57:19.717018+00:00,5015.000688618,sway_decay_positive_0075_run03,0,"[0.0,0.0,0.0,0.0]",0,0,0,0,,,,,,,,,,,,,,,,,,,,,,,,,,,,0,,0,,,"[NaN,NaN,NaN]","[NaN,NaN,NaN,NaN]","[NaN,NaN,NaN,NaN,NaN,NaN]",0.001137,193,1,"[15,16]","[0.216156,1.11457,0.011153]","[{""tag_id"":15,""target_match"":true,""family"":""tag25h9"",""hamming"":0,""decision_margin"":160.968201,""pixel_xy"":[798.664072,205.106605],""world_xy_yaw"":[0.216156,1.11457,0.011153],""pnp_valid"":true,""pnp_camera_xyz"":[0.276534,-0.341278,1.289543],""pnp_camera_quat_xyzw"":[-0.030925,-0.003619,0.005022,0.999503],""pnp_camera_rpy_deg"":[-3.54638,-0.396671,0.58804],""pnp_reprojection_error_px"":0.035117},{""tag_id"":16,""target_match"":true,""family"":""tag25h9"",""hamming"":0,""decision_margin"":160.900406,""pixel_xy"":[798.853572,264.016159],""world_xy_yaw"":[0.216474,1.0427,0.011472],""pnp_valid"":true,""pnp_camera_xyz"":[0.273153,-0.198428,1.271489],""pnp_camera_quat_xyzw"":[-0.038108,-0.020213,0.004897,0.999057],""pnp_camera_rpy_deg"":[-4.381805,-2.293243,0.649372],""pnp_reprojection_error_px"":0.072022}]",1,0.035117,160.968201,86.15519,,0,,0,,
2026-08-12T10:57:19.768428+00:00,5015.052086021,sway_decay_positive_0075_run03,0,"[0.0,0.0,0.0,0.0]",0,0,0,0,,,,,,,,,,,,,,,,,,,,,,,,,,,,0,,0,,,"[NaN,NaN,NaN]","[NaN,NaN,NaN,NaN]","[NaN,NaN,NaN,NaN,NaN,NaN]",0.001542,195,1,"[15,16]","[0.216293,1.114634,0.012424]","[{""tag_id"":15,""target_match"":true,""family"":""tag25h9"",""hamming"":0,""decision_margin"":161.483932,""pixel_xy"":[798.745668,205.05381],""world_xy_yaw"":[0.216293,1.114634,0.012424],""pnp_valid"":true,""pnp_camera_xyz"":[0.276351,-0.340837,1.287619],""pnp_camera_quat_xyzw"":[-0.032956,-0.004427,0.005052,0.999434],""pnp_camera_rpy_deg"":[-3.779814,-0.487908,0.595354],""pnp_reprojection_error_px"":0.044824},{""tag_id"":16,""target_match"":true,""family"":""tag25h9"",""hamming"":0,""decision_margin"":160.220535,""pixel_xy"":[799.025487,264.009305],""world_xy_yaw"":[0.216763,1.042709,0.012035],""pnp_valid"":true,""pnp_camera_xyz"":[0.273274,-0.198312,1.270139],""pnp_camera_quat_xyzw"":[-0.039501,-0.011455,0.006458,0.999133],""pnp_camera_rpy_deg"":[-4.536946,-1.282409,0.791432],""pnp_reprojection_error_px"":0.06744}]",1,0.044824,161.483932,85.230698,,0,,0,,
2026-08-12T10:57:19.818447+00:00,5015.102105127,sway_decay_positive_0075_run03,0,"[0.0,0.0,0.0,0.0]",0,0,0,0,,,,,,,,,,,,,,,,,,,,,,,,,,,,0,,0,,,"[NaN,NaN,NaN]","[NaN,NaN,NaN,NaN]","[NaN,NaN,NaN,NaN,NaN,NaN]",0.002261,196,1,"[15,16]","[0.21645,1.114726,0.013224]","[{""tag_id"":15,""target_match"":true,""family"":""tag25h9"",""hamming"":0,""decision_margin"":160.095123,""pixel_xy"":[798.839569,204.97881],""world_xy_yaw"":[0.21645,1.114726,0.013224],""pnp_valid"":true,""pnp_camera_xyz"":[0.275587,-0.339661,1.282953],""pnp_camera_quat_xyzw"":[-0.038524,-0.005047,0.005112,0.999232],""pnp_camera_rpy_deg"":[-4.418652,-0.555293,0.607621],""pnp_reprojection_error_px"":0.075539},{""tag_id"":16,""target_match"":true,""family"":""tag25h9"",""hamming"":0,""decision_margin"":159.339233,""pixel_xy"":[799.071594,264.022679],""world_xy_yaw"":[0.21684,1.042692,0.011257],""pnp_valid"":true,""pnp_camera_xyz"":[0.27352,-0.19843,1.270841],""pnp_camera_quat_xyzw"":[-0.037913,-0.00862,0.006677,0.999222],""pnp_camera_rpy_deg"":[-4.352538,-0.958031,0.802086],""pnp_reprojection_error_px"":0.078465}]",1,0.075539,160.095123,85.041172,,0,,0,,
2026-08-12T10:57:19.868142+00:00,5015.151809916,sway_decay_positive_0075_run03,0,"[0.0,0.0,0.0,0.0]",0,0,0,0,,,,,,,,,,,,,,,,,,,,,,,,,,,,0,,0,,,"[NaN,NaN,NaN]","[NaN,NaN,NaN,NaN]","[NaN,NaN,NaN,NaN,NaN,NaN]",0.001198,198,1,"[15,16]","[0.216973,1.042731,0.011129]","[{""tag_id"":15,""target_match"":true,""family"":""tag25h9"",""hamming"":0,""decision_margin"":158.669235,""pixel_xy"":[799.102398,204.994515],""world_xy_yaw"":[0.216892,1.114707,0.013938],""pnp_valid"":true,""pnp_camera_xyz"":[0.276824,-0.340529,1.286006],""pnp_camera_quat_xyzw"":[-0.035435,0.000587,0.007419,0.999344],""pnp_camera_rpy_deg"":[-4.060824,0.097319,0.847193],""pnp_reprojection_error_px"":0.037219},{""tag_id"":16,""target_match"":true,""family"":""tag25h9"",""hamming"":0,""decision_margin"":160.609207,""pixel_xy"":[799.150717,263.991155],""world_xy_yaw"":[0.216973,1.042731,0.011129],""pnp_valid"":true,""pnp_camera_xyz"":[0.273723,-0.198556,1.27102],""pnp_camera_quat_xyzw"":[-0.037379,-0.008543,0.00685,0.999241],""pnp_camera_rpy_deg"":[-4.29132,-0.948895,0.821086],""pnp_reprojection_error_px"":0.091117}]",1,0.091117,160.609207,84.813025,,0,,0,,
2026-08-12T10:57:19.916632+00:00,5015.200305769,sway_decay_positive_0075_run03,0,"[0.0,0.0,0.0,0.0]",0,0,0,0,,,,,,,,,,,,,,,,,,,,,,,,,,,,0,,0,,,"[NaN,NaN,NaN]","[NaN,NaN,NaN,NaN]","[NaN,NaN,NaN,NaN,NaN,NaN]",0.000851,199,1,"[15,16]","[0.217043,1.042769,0.010463]","[{""tag_id"":15,""target_match"":true,""family"":""tag25h9"",""hamming"":0,""decision_margin"":161.06842,""pixel_xy"":[799.202393,205.010645],""world_xy_yaw"":[0.21706,1.114687,0.014421],""pnp_valid"":true,""pnp_camera_xyz"":[0.277399,-0.34094,1.287513],""pnp_camera_quat_xyzw"":[-0.033562,-0.003143,0.006507,0.999411],""pnp_camera_rpy_deg"":[-3.848964,-0.334898,0.757277],""pnp_reprojection_error_px"":0.041369},{""tag_id"":16,""target_match"":true,""family"":""tag25h9"",""hamming"":0,""decision_margin"":162.356644,""pixel_xy"":[799.192052,263.959533],""world_xy_yaw"":[0.217043,1.042769,0.010463],""pnp_valid"":true,""pnp_camera_xyz"":[0.274056,-0.198746,1.272072],""pnp_camera_quat_xyzw"":[-0.035184,-0.008345,0.006458,0.999325],""pnp_camera_rpy_deg"":[-4.039144,-0.929651,0.773271],""pnp_reprojection_error_px"":0.078824}]",1,0.078824,162.356644,84.990123,,0,,0,,
2026-08-12T10:57:19.967180+00:00,5015.250849044,sway_decay_positive_0075_run03,0,"[0.0,0.0,0.0,0.0]",0,0,0,0,,,,,,,,,,,,,,,,,,,,,,,,,,,,0,,0,,,"[NaN,NaN,NaN]","[NaN,NaN,NaN,NaN]","[NaN,NaN,NaN,NaN,NaN,NaN]",0.000859,201,1,"[15,16]","[0.21728,1.114699,0.014633]","[{""tag_id"":15,""target_match"":true,""family"":""tag25h9"",""hamming"":0,""decision_margin"":161.475342,""pixel_xy"":[799.333171,205.000878],""world_xy_yaw"":[0.21728,1.114699,0.014633],""pnp_valid"":true,""pnp_camera_xyz"":[0.27775,-0.341108,1.287923],""pnp_camera_quat_xyzw"":[-0.03285,-0.005958,0.006361,0.999422],""pnp_camera_rpy_deg"":[-3.769501,-0.658374,0.751037],""pnp_reprojection_error_px"":0.032132},{""tag_id"":16,""target_match"":true,""family"":""tag25h9"",""hamming"":0,""decision_margin"":161.164444,""pixel_xy"":[799.40708,263.928179],""world_xy_yaw"":[0.217404,1.042808,0.010611],""pnp_valid"":true,""pnp_camera_xyz"":[0.27508,-0.199097,1.274222],""pnp_camera_quat_xyzw"":[-0.03051,-0.016044,0.004785,0.999394],""pnp_camera_rpy_deg"":[-3.50679,-1.820938,0.604443],""pnp_reprojection_error_px"":0.051465}]",1,0.032132,161.475342,83.65566,,0,,0,,
2026-08-12T10:57:20.018463+00:00,5015.302121219,sway_decay_positive_0075_run03,0,"[0.0,0.0,0.0,0.0]",0,0,0,0,,,,,,,,,,,,,,,,,,,,,,,,,,,,0,,0,,,"[NaN,NaN,NaN]","[NaN,NaN,NaN,NaN]","[NaN,NaN,NaN,NaN,NaN,NaN]",0.002275,202,1,"[15,16]","[0.217383,1.114777,0.015375]","[{""tag_id"":15,""target_match"":true,""family"":""tag25h9"",""hamming"":0,""decision_margin"":160.57254,""pixel_xy"":[799.394459,204.937031],""world_xy_yaw"":[0.217383,1.114777,0.015375],""pnp_valid"":true,""pnp_camera_xyz"":[0.277739,-0.34091,1.287051],""pnp_camera_quat_xyzw"":[-0.034039,-0.007794,0.005891,0.999373],""pnp_camera_rpy_deg"":[-3.906836,-0.869653,0.705129],""pnp_reprojection_error_px"":0.043504},{""tag_id"":16,""target_match"":true,""family"":""tag25h9"",""hamming"":0,""decision_margin"":159.201675,""pixel_xy"":[799.469564,263.932516],""world_xy_yaw"":[0.217509,1.042802,0.01087],""pnp_valid"":true,""pnp_camera_xyz"":[0.275247,-0.199113,1.27419],""pnp_camera_quat_xyzw"":[-0.030498,-0.01408,0.00492,0.999424],""pnp_camera_rpy_deg"":[-3.50432,-1.595563,0.612916],""pnp_reprojection_error_px"":0.041674}]",1,0.043504,160.57254,86.154957,,0,,0,,
2026-08-12T10:57:20.067338+00:00,5015.351008719,sway_decay_positive_0075_run03,0,"[0.0,0.0,0.0,0.0]",0,0,0,0,,,,,,,,,,,,,,,,,,,,,,,,,,,,0,,0,,,"[NaN,NaN,NaN]","[NaN,NaN,NaN,NaN]","[NaN,NaN,NaN,NaN,NaN,NaN]",0.000771,204,1,"[15,16]","[0.217663,1.04283,0.01214]","[{""tag_id"":15,""target_match"":true,""family"":""tag25h9"",""hamming"":0,""decision_margin"":159.13942,""pixel_xy"":[799.594539,204.930392],""world_xy_yaw"":[0.217719,1.114785,0.015315],""pnp_valid"":true,""pnp_camera_xyz"":[0.27839,-0.34126,1.28814],""pnp_camera_quat_xyzw"":[-0.032878,-0.005694,0.007041,0.999418],""pnp_camera_rpy_deg"":[-3.772928,-0.62557,0.827861],""pnp_reprojection_error_px"":0.012583},{""tag_id"":16,""target_match"":true,""family"":""tag25h9"",""hamming"":0,""decision_margin"":161.031097,""pixel_xy"":[799.561162,263.910107],""world_xy_yaw"":[0.217663,1.04283,0.01214],""pnp_valid"":true,""pnp_camera_xyz"":[0.275592,-0.199232,1.274615],""pnp_camera_quat_xyzw"":[-0.030063,-0.013568,0.005219,0.999442],""pnp_camera_rpy_deg"":[-3.454504,-1.536064,0.644681],""pnp_reprojection_error_px"":0.026464}]",1,0.026464,161.031097,85.443473,,0,,0,,
2026-08-12T10:57:20.118440+00:00,5015.402099374,sway_decay_positive_0075_run03,0,"[0.0,0.0,0.0,0.0]",0,0,0,0,,,,,,,,,,,,,,,,,,,,,,,,,,,,0,,0,,,"[NaN,NaN,NaN]","[NaN,NaN,NaN,NaN]","[NaN,NaN,NaN,NaN,NaN,NaN]",0.002266,205,1,"[15,16]","[0.217861,1.114763,0.0154]","[{""tag_id"":15,""target_match"":true,""family"":""tag25h9"",""hamming"":0,""decision_margin"":162.266327,""pixel_xy"":[799.678939,204.948587],""world_xy_yaw"":[0.217861,1.114763,0.0154],""pnp_valid"":true,""pnp_camera_xyz"":[0.278311,-0.340981,1.287002],""pnp_camera_quat_xyzw"":[-0.033461,-0.008403,0.006703,0.999382],""pnp_camera_rpy_deg"":[-3.841793,-0.936661,0.800027],""pnp_reprojection_error_px"":0.022238},{""tag_id"":16,""target_match"":true,""family"":""tag25h9"",""hamming"":0,""decision_margin"":161.437912,""pixel_xy"":[799.617771,263.90179],""world_xy_yaw"":[0.217758,1.04284,0.010389],""pnp_valid"":true,""pnp_camera_xyz"":[0.275998,-0.199457,1.275982],""pnp_camera_quat_xyzw"":[-0.02706,-0.01289,0.004732,0.999539],""pnp_camera_rpy_deg"":[-3.108932,-1.461939,0.582157],""pnp_reprojection_error_px"":0.034206}]",1,0.022238,162.266327,85.157686,,0,,0,,
2026-08-12T10:57:20.168444+00:00,5015.452102082,sway_decay_positive_0075_run03,0,"[0.0,0.0,0.0,0.0]",0,0,0,0,,,,,,,,,,,,,,,,,,,,,,,,,,,,0,,0,,,"[NaN,NaN,NaN]","[NaN,NaN,NaN,NaN]","[NaN,NaN,NaN,NaN,NaN,NaN]",0.001552,207,1,"[15,16]","[0.218027,1.114765,0.015347]","[{""tag_id"":15,""target_match"":true,""family"":""tag25h9"",""hamming"":0,""decision_margin"":160.507568,""pixel_xy"":[799.777752,204.946537],""world_xy_yaw"":[0.218027,1.114765,0.015347],""pnp_valid"":true,""pnp_camera_xyz"":[0.278334,-0.340796,1.286111],""pnp_camera_quat_xyzw"":[-0.034988,-0.008219,0.006905,0.99933],""pnp_camera_rpy_deg"":[-4.01693,-0.913588,0.823811],""pnp_reprojection_error_px"":0.043205},{""tag_id"":16,""target_match"":true,""family"":""tag25h9"",""hamming"":0,""decision_margin"":159.398087,""pixel_xy"":[799.717667,263.877058],""world_xy_yaw"":[0.217926,1.04287,0.012573],""pnp_valid"":true,""pnp_camera_xyz"":[0.276536,-0.199662,1.277029],""pnp_camera_quat_xyzw"":[-0.025467,-0.014654,0.004744,0.999557],""pnp_camera_rpy_deg"":[-2.927511,-1.664839,0.586424],""pnp_reprojection_error_px"":0.001855}]",1,0.043205,160.507568,84.57068,,0,,0,,
2026-08-12T10:57:20.218495+00:00,5015.502152600,sway_decay_positive_0075_run03,0,"[0.0,0.0,0.0,0.0]",0,0,0,0,,,,,,,,,,,,,,,,,,,,,,,,,,,,0,,0,,,"[NaN,NaN,NaN]","[NaN,NaN,NaN,NaN]","[NaN,NaN,NaN,NaN,NaN,NaN]",0.002308,208,1,"[15,16]","[0.218087,1.042945,0.011582]","[{""tag_id"":15,""target_match"":true,""family"":""tag25h9"",""hamming"":0,""decision_margin"":158.914963,""pixel_xy"":[799.83412,204.923035],""world_xy_yaw"":[0.218121,1.114794,0.015061],""pnp_valid"":true,""pnp_camera_xyz"":[0.278222,-0.340546,1.285043],""pnp_camera_quat_xyzw"":[-0.035589,-0.007697,0.007041,0.999312],""pnp_camera_rpy_deg"":[-4.085547,-0.852764,0.837761],""pnp_reprojection_error_px"":0.036319},{""tag_id"":16,""target_match"":true,""family"":""tag25h9"",""hamming"":0,""decision_margin"":160.039642,""pixel_xy"":[799.813636,263.815318],""world_xy_yaw"":[0.218087,1.042945,0.011582],""pnp_valid"":true,""pnp_camera_xyz"":[0.276208,-0.199317,1.274579],""pnp_camera_quat_xyzw"":[-0.029966,-0.015389,0.004322,0.999423],""pnp_camera_rpy_deg"":[-3.443115,-1.747809,0.548049],""pnp_reprojection_error_px"":0.044749}]",1,0.044749,160.039642,85.061403,,0,,0,,
2026-08-12T10:57:20.268530+00:00,5015.552187100,sway_decay_positive_0075_run03,0,"[0.0,0.0,0.0,0.0]",0,0,0,0,,,,,,,,,,,,,,,,,,,,,,,,,,,,0,,0,,,"[NaN,NaN,NaN]","[NaN,NaN,NaN,NaN]","[NaN,NaN,NaN,NaN,NaN,NaN]",0.001552,210,1,"[15,16]","[0.218341,1.0429,0.013399]","[{""tag_id"":15,""target_match"":true,""family"":""tag25h9"",""hamming"":0,""decision_margin"":158.423233,""pixel_xy"":[800.071892,204.870612],""world_xy_yaw"":[0.218521,1.114858,0.015714],""pnp_valid"":true,""pnp_camera_xyz"":[0.277625,-0.339216,1.279869],""pnp_camera_quat_xyzw"":[-0.041,-0.002746,0.009092,0.999114],""pnp_camera_rpy_deg"":[-4.702296,-0.271628,1.053875],""pnp_reprojection_error_px"":0.030688},{""tag_id"":16,""target_match"":true,""family"":""tag25h9"",""hamming"":0,""decision_margin"":160.332718,""pixel_xy"":[799.964762,263.852225],""world_xy_yaw"":[0.218341,1.0429,0.013399],""pnp_valid"":true,""pnp_camera_xyz"":[0.276087,-0.199017,1.272245],""pnp_camera_quat_xyzw"":[-0.033402,-0.007046,0.006151,0.999398],""pnp_camera_rpy_deg"":[-3.833429,-0.783384,0.73149],""pnp_reprojection_error_px"":0.022194}]",1,0.022194,160.332718,86.476515,,0,,0,,
2026-08-12T10:57:20.317053+00:00,5015.600723418,sway_decay_positive_0075_run03,0,"[0.0,0.0,0.0,0.0]",0,0,0,0,,,,,,,,,,,,,,,,,,,,,,,,,,,,0,,0,,,"[NaN,NaN,NaN]","[NaN,NaN,NaN,NaN]","[NaN,NaN,NaN,NaN,NaN,NaN]",0.001147,211,1,"[15,16]","[0.218687,1.11493,0.014746]","[{""tag_id"":15,""target_match"":true,""family"":""tag25h9"",""hamming"":0,""decision_margin"":160.937988,""pixel_xy"":[800.171005,204.811711],""world_xy_yaw"":[0.218687,1.11493,0.014746],""pnp_valid"":true,""pnp_camera_xyz"":[0.278689,-0.340292,1.283836],""pnp_camera_quat_xyzw"":[-0.036695,-0.000366,0.009576,0.999281],""pnp_camera_rpy_deg"":[-4.206107,-0.001619,1.098094],""pnp_reprojection_error_px"":0.067679},{""tag_id"":16,""target_match"":true,""family"":""tag25h9"",""hamming"":0,""decision_margin"":160.312485,""pixel_xy"":[800.001702,263.861143],""world_xy_yaw"":[0.218403,1.042889,0.013936],""pnp_valid"":true,""pnp_camera_xyz"":[0.276233,-0.199083,1.272579],""pnp_camera_quat_xyzw"":[-0.034189,-0.005739,0.006763,0.999376],""pnp_camera_rpy_deg"":[-3.92309,-0.63073,0.797062],""pnp_reprojection_error_px"":0.036986}]",1,0.067679,160.937988,85.647951,,0,,0,,
2026-08-12T10:57:20.368477+00:00,5015.652134050,sway_decay_positive_0075_run03,0,"[0.0,0.0,0.0,0.0]",0,0,0,0,,,,,,,,,,,,,,,,,,,,,,,,,,,,0,,0,,,"[NaN,NaN,NaN]","[NaN,NaN,NaN,NaN]","[NaN,NaN,NaN,NaN,NaN,NaN]",0.001573,213,1,"[15,16]","[0.218425,1.042918,0.01667]","[{""tag_id"":15,""target_match"":true,""family"":""tag25h9"",""hamming"":0,""decision_margin"":160.617981,""pixel_xy"":[800.355435,204.855895],""world_xy_yaw"":[0.218997,1.114876,0.014615],""pnp_valid"":true,""pnp_camera_xyz"":[0.279502,-0.340801,1.285635],""pnp_camera_quat_xyzw"":[-0.034384,-0.008233,0.007531,0.999346],""pnp_camera_rpy_deg"":[-3.948294,-0.913156,0.895022],""pnp_reprojection_error_px"":0.04941},{""tag_id"":16,""target_match"":true,""family"":""tag25h9"",""hamming"":0,""decision_margin"":161.018799,""pixel_xy"":[800.014898,263.837793],""world_xy_yaw"":[0.218425,1.042918,0.01667],""pnp_valid"":true,""pnp_camera_xyz"":[0.276179,-0.199019,1.271725],""pnp_camera_quat_xyzw"":[-0.034928,-0.007115,0.006829,0.999341],""pnp_camera_rpy_deg"":[-4.009054,-0.787508,0.810568],""pnp_reprojection_error_px"":0.059714}]",1,0.059714,161.018799,86.113221,,0,,0,,
2026-08-12T10:57:20.417398+00:00,5015.701060265,sway_decay_positive_0075_run03,0,"[0.0,0.0,0.0,0.0]",0,0,0,0,,,,,,,,,,,,,,,,,,,,,,,,,,,,0,,0,,,"[NaN,NaN,NaN]","[NaN,NaN,NaN,NaN]","[NaN,NaN,NaN,NaN,NaN,NaN]",0.001385,214,1,"[15,16]","[0.218507,1.04297,0.016191]","[{""tag_id"":15,""target_match"":true,""family"":""tag25h9"",""hamming"":0,""decision_margin"":158.040527,""pixel_xy"":[800.39008,204.852787],""world_xy_yaw"":[0.219055,1.11488,0.014487],""pnp_valid"":true,""pnp_camera_xyz"":[0.279787,-0.341059,1.286562],""pnp_camera_quat_xyzw"":[-0.033087,-0.00869,0.007345,0.999388],""pnp_camera_rpy_deg"":[-3.799834,-0.967429,0.874214],""pnp_reprojection_error_px"":0.0495},{""tag_id"":16,""target_match"":true,""family"":""tag25h9"",""hamming"":0,""decision_margin"":161.066727,""pixel_xy"":[800.063555,263.795154],""world_xy_yaw"":[0.218507,1.04297,0.016191],""pnp_valid"":true,""pnp_camera_xyz"":[0.276581,-0.199284,1.273217],""pnp_camera_quat_xyzw"":[-0.032948,-0.00564,0.007223,0.999415],""pnp_camera_rpy_deg"":[-3.781043,-0.618613,0.848601],""pnp_reprojection_error_px"":0.029062}]",1,0.029062,161.066727,86.356788,,0,,0,,
2026-08-12T10:57:20.467710+00:00,5015.751374156,sway_decay_positive_0075_run03,0,"[0.0,0.0,0.0,0.0]",0,0,0,0,,,,,,,,,,,,,,,,,,,,,,,,,,,,0,,0,,,"[NaN,NaN,NaN]","[NaN,NaN,NaN,NaN]","[NaN,NaN,NaN,NaN,NaN,NaN]",0.000917,216,1,"[15,16]","[0.219286,1.114897,0.01494]","[{""tag_id"":15,""target_match"":true,""family"":""tag25h9"",""hamming"":0,""decision_margin"":161.084885,""pixel_xy"":[800.52739,204.838407],""world_xy_yaw"":[0.219286,1.114897,0.01494],""pnp_valid"":true,""pnp_camera_xyz"":[0.27987,-0.340851,1.285537],""pnp_camera_quat_xyzw"":[-0.033994,-0.008272,0.007874,0.999357],""pnp_camera_rpy_deg"":[-3.903955,-0.916668,0.934075],""pnp_reprojection_error_px"":0.060537},{""tag_id"":16,""target_match"":true,""family"":""tag25h9"",""hamming"":0,""decision_margin"":156.629227,""pixel_xy"":[800.182614,263.722237],""world_xy_yaw"":[0.218707,1.043059,0.016875],""pnp_valid"":true,""pnp_camera_xyz"":[0.277652,-0.199829,1.276591],""pnp_camera_quat_xyzw"":[-0.02663,-0.009553,0.006353,0.99958],""pnp_camera_rpy_deg"":[-3.059249,-1.074868,0.75702],""pnp_reprojection_error_px"":0.073031}]",1,0.060537,161.084885,86.437136,,0,,0,,
2026-08-12T10:57:20.517830+00:00,5015.801492690,sway_decay_positive_0075_run03,0,"[0.0,0.0,0.0,0.0]",0,0,0,0,,,,,,,,,,,,,,,,,,,,,,,,,,,,0,,0,,,"[NaN,NaN,NaN]","[NaN,NaN,NaN,NaN]","[NaN,NaN,NaN,NaN,NaN,NaN]",0.001752,217,1,"[15,16]","[0.218884,1.043032,0.017444]","[{""tag_id"":15,""target_match"":true,""family"":""tag25h9"",""hamming"":0,""decision_margin"":158.486618,""pixel_xy"":[800.624995,204.802241],""world_xy_yaw"":[0.21945,1.114941,0.014604],""pnp_valid"":true,""pnp_camera_xyz"":[0.280219,-0.341038,1.286188],""pnp_camera_quat_xyzw"":[-0.032799,-0.0079,0.008057,0.999398],""pnp_camera_rpy_deg"":[-3.766721,-0.87453,0.952549],""pnp_reprojection_error_px"":0.066056},{""tag_id"":16,""target_match"":true,""family"":""tag25h9"",""hamming"":0,""decision_margin"":158.856659,""pixel_xy"":[800.287916,263.743843],""world_xy_yaw"":[0.218884,1.043032,0.017444],""pnp_valid"":true,""pnp_camera_xyz"":[0.277762,-0.199749,1.275876],""pnp_camera_quat_xyzw"":[-0.028231,-0.012841,0.005929,0.999501],""pnp_camera_rpy_deg"":[-3.244969,-1.451715,0.720847],""pnp_reprojection_error_px"":0.060753}]",1,0.060753,158.856659,87.157206,,0,,0,,
2026-08-12T10:57:20.568457+00:00,5015.852114048,sway_decay_positive_0075_run03,0,"[0.0,0.0,0.0,0.0]",0,0,0,0,,,,,,,,,,,,,,,,,,,,,,,,,,,,0,,0,,,"[NaN,NaN,NaN]","[NaN,NaN,NaN,NaN]","[NaN,NaN,NaN,NaN,NaN,NaN]",0.001552,219,1,"[15,16]","[0.219055,1.043025,0.018896]","[{""tag_id"":15,""target_match"":true,""family"":""tag25h9"",""hamming"":0,""decision_margin"":161.720474,""pixel_xy"":[800.750227,204.809604],""world_xy_yaw"":[0.21966,1.114932,0.014429],""pnp_valid"":true,""pnp_camera_xyz"":[0.280488,-0.341054,1.28612],""pnp_camera_quat_xyzw"":[-0.033123,-0.009916,0.007561,0.999373],""pnp_camera_rpy_deg"":[-3.805369,-1.106897,0.903678],""pnp_reprojection_error_px"":0.072389},{""tag_id"":16,""target_match"":true,""family"":""tag25h9"",""hamming"":0,""decision_margin"":161.774384,""pixel_xy"":[800.38993,263.749786],""world_xy_yaw"":[0.219055,1.043025,0.018896],""pnp_valid"":true,""pnp_camera_xyz"":[0.27783,-0.199661,1.275009],""pnp_camera_quat_xyzw"":[-0.030546,-0.012967,0.00642,0.999429],""pnp_camera_rpy_deg"":[-3.51122,-1.462772,0.780897],""pnp_reprojection_error_px"":0.066802}]",1,0.066802,161.774384,87.149097,,0,,0,,
2026-08-12T10:57:20.617493+00:00,5015.901158274,sway_decay_positive_0075_run03,0,"[0.0,0.0,0.0,0.0]",0,0,0,0,,,,,,,,,,,,,,,,,,,,,,,,,,,,0,,0,,,"[NaN,NaN,NaN]","[NaN,NaN,NaN,NaN]","[NaN,NaN,NaN,NaN,NaN,NaN]",0.001507,220,1,"[15,16]","[0.219103,1.043044,0.019809]","[{""tag_id"":15,""target_match"":true,""family"":""tag25h9"",""hamming"":0,""decision_margin"":161.696014,""pixel_xy"":[800.790978,204.812134],""world_xy_yaw"":[0.219729,1.114929,0.014316],""pnp_valid"":true,""pnp_camera_xyz"":[0.280338,-0.340825,1.285068],""pnp_camera_quat_xyzw"":[-0.033279,-0.011442,0.007268,0.999354],""pnp_camera_rpy_deg"":[-3.824324,-1.282691,0.876222],""pnp_reprojection_error_px"":0.086966},{""tag_id"":16,""target_match"":true,""family"":""tag25h9"",""hamming"":0,""decision_margin"":162.243286,""pixel_xy"":[800.418681,263.734786],""world_xy_yaw"":[0.219103,1.043044,0.019809],""pnp_valid"":true,""pnp_camera_xyz"":[0.277897,-0.199683,1.274841],""pnp_camera_quat_xyzw"":[-0.031034,-0.013317,0.006427,0.999409],""pnp_camera_rpy_deg"":[-3.567468,-1.502427,0.783656],""pnp_reprojection_error_px"":0.082879}]",1,0.082879,162.243286,88.184759,,0,,0,,
2026-08-12T10:57:20.668505+00:00,5015.952161435,sway_decay_positive_0075_run03,0,"[0.0,0.0,0.0,0.0]",0,0,0,0,,,,,,,,,,,,,,,,,,,,,,,,,,,,0,,0,,,"[NaN,NaN,NaN]","[NaN,NaN,NaN,NaN]","[NaN,NaN,NaN,NaN,NaN,NaN]",0.001542,222,1,"[15,16]","[0.219853,1.114952,0.013801]","[{""tag_id"":15,""target_match"":true,""family"":""tag25h9"",""hamming"":0,""decision_margin"":159.831757,""pixel_xy"":[800.864707,204.793611],""world_xy_yaw"":[0.219853,1.114952,0.013801],""pnp_valid"":true,""pnp_camera_xyz"":[0.280507,-0.340865,1.28509],""pnp_camera_quat_xyzw"":[-0.033674,-0.009564,0.007616,0.999358],""pnp_camera_rpy_deg"":[-3.868235,-1.065918,0.909262],""pnp_reprojection_error_px"":0.089001},{""tag_id"":16,""target_match"":true,""family"":""tag25h9"",""hamming"":0,""decision_margin"":158.743439,""pixel_xy"":[800.512339,263.72079],""world_xy_yaw"":[0.219261,1.043061,0.019042],""pnp_valid"":true,""pnp_camera_xyz"":[0.278335,-0.199889,1.275998],""pnp_camera_quat_xyzw"":[-0.029457,-0.012124,0.006606,0.999471],""pnp_camera_rpy_deg"":[-3.385816,-1.366418,0.79773],""pnp_reprojection_error_px"":0.068354}]",1,0.089001,159.831757,87.642986,,0,,0,,
2026-08-12T10:57:20.718495+00:00,5016.002153444,sway_decay_positive_0075_run03,0,"[0.0,0.0,0.0,0.0]",0,0,0,0,,,,,,,,,,,,,,,,,,,,,,,,,,,,0,,0,,,"[NaN,NaN,NaN]","[NaN,NaN,NaN,NaN]","[NaN,NaN,NaN,NaN,NaN,NaN]",0.002279,223,1,"[15,16]","[0.219317,1.0431,0.019972]","[{""tag_id"":15,""target_match"":true,""family"":""tag25h9"",""hamming"":0,""decision_margin"":159.252014,""pixel_xy"":[800.912496,204.829727],""world_xy_yaw"":[0.219933,1.114908,0.014127],""pnp_valid"":true,""pnp_camera_xyz"":[0.280666,-0.340928,1.285232],""pnp_camera_quat_xyzw"":[-0.033071,-0.006264,0.008505,0.999397],""pnp_camera_rpy_deg"":[-3.796516,-0.685115,0.997888],""pnp_reprojection_error_px"":0.11192},{""tag_id"":16,""target_match"":true,""family"":""tag25h9"",""hamming"":0,""decision_margin"":161.604172,""pixel_xy"":[800.545992,263.688661],""world_xy_yaw"":[0.219317,1.0431,0.019972],""pnp_valid"":true,""pnp_camera_xyz"":[0.278485,-0.199964,1.276259],""pnp_camera_quat_xyzw"":[-0.028961,-0.013315,0.006738,0.999469],""pnp_camera_rpy_deg"":[-3.330254,-1.50276,0.816184],""pnp_reprojection_error_px"":0.073398}]",1,0.073398,161.604172,88.398641,,0,,0,,
2026-08-12T10:57:20.768500+00:00,5016.052156748,sway_decay_positive_0075_run03,0,"[0.0,0.0,0.0,0.0]",0,0,0,0,,,,,,,,,,,,,,,,,,,,,,,,,,,,0,,0,,,"[NaN,NaN,NaN]","[NaN,NaN,NaN,NaN]","[NaN,NaN,NaN,NaN,NaN,NaN]",0.001554,225,1,"[15,16]","[0.220308,1.115089,0.013415]","[{""tag_id"":15,""target_match"":true,""family"":""tag25h9"",""hamming"":0,""decision_margin"":160.923569,""pixel_xy"":[801.13581,204.681542],""world_xy_yaw"":[0.220308,1.115089,0.013415],""pnp_valid"":true,""pnp_camera_xyz"":[0.280386,-0.34007,1.28177],""pnp_camera_quat_xyzw"":[-0.036792,-0.001627,0.009902,0.999273],""pnp_camera_rpy_deg"":[-4.218608,-0.144529,1.140755],""pnp_reprojection_error_px"":0.10412},{""tag_id"":16,""target_match"":true,""family"":""tag25h9"",""hamming"":0,""decision_margin"":160.361694,""pixel_xy"":[800.641942,263.672263],""world_xy_yaw"":[0.219478,1.04312,0.019706],""pnp_valid"":true,""pnp_camera_xyz"":[0.27896,-0.200199,1.277402],""pnp_camera_quat_xyzw"":[-0.027733,-0.013639,0.006563,0.999501],""pnp_camera_rpy_deg"":[-3.189446,-1.541497,0.795383],""pnp_reprojection_error_px"":0.073454}]",1,0.10412,160.923569,88.040658,,0,,0,,
2026-08-12T10:57:20.817074+00:00,5016.100741903,sway_decay_positive_0075_run03,0,"[0.0,0.0,0.0,0.0]",0,0,0,0,,,,,,,,,,,,,,,,,,,,,,,,,,,,0,,0,,,"[NaN,NaN,NaN]","[NaN,NaN,NaN,NaN]","[NaN,NaN,NaN,NaN,NaN,NaN]",0.001147,226,1,"[15,16]","[0.219549,1.043111,0.020601]","[{""tag_id"":15,""target_match"":true,""family"":""tag25h9"",""hamming"":0,""decision_margin"":157.538742,""pixel_xy"":[801.219263,204.629426],""world_xy_yaw"":[0.220448,1.115152,0.012966],""pnp_valid"":true,""pnp_camera_xyz"":[0.281103,-0.340753,1.284243],""pnp_camera_quat_xyzw"":[-0.033557,-0.000851,0.010118,0.999385],""pnp_camera_rpy_deg"":[-3.846894,-0.058587,1.162081],""pnp_reprojection_error_px"":0.133907},{""tag_id"":16,""target_match"":true,""family"":""tag25h9"",""hamming"":0,""decision_margin"":161.408356,""pixel_xy"":[800.684034,263.679271],""world_xy_yaw"":[0.219549,1.043111,0.020601],""pnp_valid"":true,""pnp_camera_xyz"":[0.27911,-0.200246,1.277498],""pnp_camera_quat_xyzw"":[-0.027262,-0.01237,0.006895,0.999528],""pnp_camera_rpy_deg"":[-3.134731,-1.395479,0.828612],""pnp_reprojection_error_px"":0.089034}]",1,0.089034,161.408356,89.635199,,0,,0,,
2026-08-12T10:57:20.868529+00:00,5016.152182996,sway_decay_positive_0075_run03,0,"[0.0,0.0,0.0,0.0]",0,0,0,0,,,,,,,,,,,,,,,,,,,,,,,,,,,,0,,0,,,"[NaN,NaN,NaN]","[NaN,NaN,NaN,NaN]","[NaN,NaN,NaN,NaN,NaN,NaN]",0.002265,227,1,"[15,16]","[0.219711,1.04309,0.019949]","[{""tag_id"":15,""target_match"":true,""family"":""tag25h9"",""hamming"":0,""decision_margin"":156.760529,""pixel_xy"":[801.285184,204.624656],""world_xy_yaw"":[0.220559,1.115158,0.012458],""pnp_valid"":true,""pnp_camera_xyz"":[0.281579,-0.341161,1.28572],""pnp_camera_quat_xyzw"":[-0.03246,-0.001012,0.009845,0.999424],""pnp_camera_rpy_deg"":[-3.72121,-0.079274,1.131305],""pnp_reprojection_error_px"":0.13305},{""tag_id"":16,""target_match"":true,""family"":""tag25h9"",""hamming"":0,""decision_margin"":160.143219,""pixel_xy"":[800.780158,263.6971],""world_xy_yaw"":[0.219711,1.04309,0.019949],""pnp_valid"":true,""pnp_camera_xyz"":[0.278937,-0.200003,1.275811],""pnp_camera_quat_xyzw"":[-0.031225,-0.009524,0.007295,0.99944],""pnp_camera_rpy_deg"":[-3.587021,-1.064773,0.869714],""pnp_reprojection_error_px"":0.089082}]",1,0.089082,160.143219,88.783649,,0,,0,,
2026-08-12T10:57:20.917764+00:00,5016.201423923,sway_decay_positive_0075_run03,0,"[0.0,0.0,0.0,0.0]",0,0,0,0,,,,,,,,,,,,,,,,,,,,,,,,,,,,0,,0,,,"[NaN,NaN,NaN]","[NaN,NaN,NaN,NaN]","[NaN,NaN,NaN,NaN,NaN,NaN]",0.001041,229,1,"[15,16]","[0.219928,1.043134,0.019921]","[{""tag_id"":15,""target_match"":true,""family"":""tag25h9"",""hamming"":0,""decision_margin"":160.002274,""pixel_xy"":[801.389953,204.659223],""world_xy_yaw"":[0.220735,1.115116,0.012854],""pnp_valid"":true,""pnp_camera_xyz"":[0.282042,-0.341428,1.286489],""pnp_camera_quat_xyzw"":[-0.030739,-0.007479,0.007843,0.999469],""pnp_camera_rpy_deg"":[-3.529858,-0.828969,0.924751],""pnp_reprojection_error_px"":0.088572},{""tag_id"":16,""target_match"":true,""family"":""tag25h9"",""hamming"":0,""decision_margin"":160.442947,""pixel_xy"":[800.909723,263.660445],""world_xy_yaw"":[0.219928,1.043134,0.019921],""pnp_valid"":true,""pnp_camera_xyz"":[0.27845,-0.199539,1.272345],""pnp_camera_quat_xyzw"":[-0.036398,-0.006997,0.008,0.999281],""pnp_camera_rpy_deg"":[-4.178414,-0.767872,0.945395],""pnp_reprojection_error_px"":0.076739}]",1,0.076739,160.442947,87.179582,,0,,0,,
2026-08-12T10:57:20.968741+00:00,5016.252394724,sway_decay_positive_0075_run03,0,"[0.0,0.0,0.0,0.0]",0,0,0,0,,,,,,,,,,,,,,,,,,,,,,,,,,,,0,,0,,,"[NaN,NaN,NaN]","[NaN,NaN,NaN,NaN]","[NaN,NaN,NaN,NaN,NaN,NaN]",0.001569,231,1,"[15,16]","[0.220885,1.115117,0.012457]","[{""tag_id"":15,""target_match"":true,""family"":""tag25h9"",""hamming"":0,""decision_margin"":162.034836,""pixel_xy"":[801.479436,204.658038],""world_xy_yaw"":[0.220885,1.115117,0.012457],""pnp_valid"":true,""pnp_camera_xyz"":[0.282718,-0.342062,1.288651],""pnp_camera_quat_xyzw"":[-0.028553,-0.00624,0.008096,0.99954],""pnp_camera_rpy_deg"":[-3.278286,-0.688262,0.947823],""pnp_reprojection_error_px"":0.091253},{""tag_id"":16,""target_match"":true,""family"":""tag25h9"",""hamming"":0,""decision_margin"":160.52211,""pixel_xy"":[800.939152,263.631475],""world_xy_yaw"":[0.219978,1.04317,0.020909],""pnp_valid"":true,""pnp_camera_xyz"":[0.278507,-0.199555,1.272077],""pnp_camera_quat_xyzw"":[-0.037655,-0.006361,0.008092,0.999238],""pnp_camera_rpy_deg"":[-4.321958,-0.693412,0.954071],""pnp_reprojection_error_px"":0.090938}]",1,0.091253,162.034836,87.284885,,0,,0,,
2026-08-12T10:57:21.017440+00:00,5016.301103718,sway_decay_positive_0075_run03,0,"[0.0,0.0,0.0,0.0]",0,0,0,0,,,,,,,,,,,,,,,,,,,,,,,,,,,,0,,0,,,"[NaN,NaN,NaN]","[NaN,NaN,NaN,NaN]","[NaN,NaN,NaN,NaN,NaN,NaN]",0.001328,232,1,"[15,16]","[0.220958,1.115125,0.014171]","[{""tag_id"":15,""target_match"":true,""family"":""tag25h9"",""hamming"":0,""decision_margin"":158.659958,""pixel_xy"":[801.522708,204.651557],""world_xy_yaw"":[0.220958,1.115125,0.014171],""pnp_valid"":true,""pnp_camera_xyz"":[0.282784,-0.342017,1.2883],""pnp_camera_quat_xyzw"":[-0.028773,-0.005808,0.00863,0.999532],""pnp_camera_rpy_deg"":[-3.303335,-0.63674,1.007686],""pnp_reprojection_error_px"":0.076685},{""tag_id"":16,""target_match"":true,""family"":""tag25h9"",""hamming"":0,""decision_margin"":158.65921,""pixel_xy"":[800.977616,263.613176],""world_xy_yaw"":[0.220042,1.043192,0.020596],""pnp_valid"":true,""pnp_camera_xyz"":[0.278723,-0.199711,1.272801],""pnp_camera_quat_xyzw"":[-0.037189,-0.005926,0.008356,0.999256],""pnp_camera_rpy_deg"":[-4.268319,-0.642949,0.982214],""pnp_reprojection_error_px"":0.079009}]",1,0.076685,158.659958,87.33885,,0,,0,,
2026-08-12T10:57:21.067220+00:00,5016.350886456,sway_decay_positive_0075_run03,0,"[0.0,0.0,0.0,0.0]",0,0,0,0,,,,,,,,,,,,,,,,,,,,,,,,,,,,0,,0,,,"[NaN,NaN,NaN]","[NaN,NaN,NaN,NaN]","[NaN,NaN,NaN,NaN,NaN,NaN]",0.000768,234,1,"[15,16]","[0.221176,1.115221,0.014726]","[{""tag_id"":15,""target_match"":true,""family"":""tag25h9"",""hamming"":0,""decision_margin"":161.02327,""pixel_xy"":[801.652296,204.573292],""world_xy_yaw"":[0.221176,1.115221,0.014726],""pnp_valid"":true,""pnp_camera_xyz"":[0.282847,-0.341802,1.287139],""pnp_camera_quat_xyzw"":[-0.029448,-0.006194,0.008675,0.999509],""pnp_camera_rpy_deg"":[-3.381228,-0.680222,1.014646],""pnp_reprojection_error_px"":0.071338},{""tag_id"":16,""target_match"":true,""family"":""tag25h9"",""hamming"":0,""decision_margin"":157.043472,""pixel_xy"":[801.036295,263.529154],""world_xy_yaw"":[0.220141,1.043294,0.020906],""pnp_valid"":true,""pnp_camera_xyz"":[0.279407,-0.200133,1.275232],""pnp_camera_quat_xyzw"":[-0.033534,-0.004777,0.008544,0.99939],""pnp_camera_rpy_deg"":[-3.848094,-0.514298,0.996882],""pnp_reprojection_error_px"":0.075947}]",1,0.071338,161.02327,84.783614,,0,,0,,
2026-08-12T10:57:21.117772+00:00,5016.401433183,sway_decay_positive_0075_run03,0,"[0.0,0.0,0.0,0.0]",0,0,0,0,,,,,,,,,,,,,,,,,,,,,,,,,,,,0,,0,,,"[NaN,NaN,NaN]","[NaN,NaN,NaN,NaN]","[NaN,NaN,NaN,NaN,NaN,NaN]",0.001586,235,1,"[15,16]","[0.221278,1.115206,0.014132]","[{""tag_id"":15,""target_match"":true,""family"":""tag25h9"",""hamming"":0,""decision_margin"":161.335876,""pixel_xy"":[801.713326,204.585453],""world_xy_yaw"":[0.221278,1.115206,0.014132],""pnp_valid"":true,""pnp_camera_xyz"":[0.283,-0.341855,1.287272],""pnp_camera_quat_xyzw"":[-0.0292,-0.006969,0.008395,0.999514],""pnp_camera_rpy_deg"":[-3.353402,-0.770079,0.98504],""pnp_reprojection_error_px"":0.0776},{""tag_id"":16,""target_match"":true,""family"":""tag25h9"",""hamming"":0,""decision_margin"":158.915176,""pixel_xy"":[801.110009,263.493989],""world_xy_yaw"":[0.220265,1.043337,0.02009],""pnp_valid"":true,""pnp_camera_xyz"":[0.280057,-0.200504,1.277623],""pnp_camera_quat_xyzw"":[-0.029894,-0.003523,0.008835,0.999508],""pnp_camera_rpy_deg"":[-3.429657,-0.373251,1.024116],""pnp_reprojection_error_px"":0.080675}]",1,0.0776,161.335876,84.642729,,0,,0,,
2026-08-12T10:57:21.168659+00:00,5016.452313610,sway_decay_positive_0075_run03,0,"[0.0,0.0,0.0,0.0]",0,0,0,0,,,,,,,,,,,,,,,,,,,,,,,,,,,,0,,0,,,"[NaN,NaN,NaN]","[NaN,NaN,NaN,NaN]","[NaN,NaN,NaN,NaN,NaN,NaN]",0.001538,237,1,"[15,16]","[0.221394,1.115193,0.016471]","[{""tag_id"":15,""target_match"":true,""family"":""tag25h9"",""hamming"":0,""decision_margin"":161.215179,""pixel_xy"":[801.782408,204.595876],""world_xy_yaw"":[0.221394,1.115193,0.016471],""pnp_valid"":true,""pnp_camera_xyz"":[0.282784,-0.341377,1.285247],""pnp_camera_quat_xyzw"":[-0.031877,-0.010752,0.007834,0.999403],""pnp_camera_rpy_deg"":[-3.663582,-1.202841,0.936732],""pnp_reprojection_error_px"":0.06304},{""tag_id"":16,""target_match"":true,""family"":""tag25h9"",""hamming"":0,""decision_margin"":161.059708,""pixel_xy"":[801.225976,263.506755],""world_xy_yaw"":[0.22046,1.043322,0.021686],""pnp_valid"":true,""pnp_camera_xyz"":[0.280749,-0.200845,1.279361],""pnp_camera_quat_xyzw"":[-0.027142,-0.005645,0.008915,0.999576],""pnp_camera_rpy_deg"":[-3.116428,-0.618875,1.038808],""pnp_reprojection_error_px"":0.070763}]",1,0.06304,161.215179,84.08881,,0,,0,,
2026-08-12T10:57:21.217103+00:00,5016.500770293,sway_decay_positive_0075_run03,0,"[0.0,0.0,0.0,0.0]",0,0,0,0,,,,,,,,,,,,,,,,,,,,,,,,,,,,0,,0,,,"[NaN,NaN,NaN]","[NaN,NaN,NaN,NaN]","[NaN,NaN,NaN,NaN,NaN,NaN]",0.001150,238,1,"[15,16]","[0.220638,1.043307,0.020959]","[{""tag_id"":15,""target_match"":true,""family"":""tag25h9"",""hamming"":0,""decision_margin"":161.588684,""pixel_xy"":[801.816932,204.548181],""world_xy_yaw"":[0.221452,1.115251,0.016324],""pnp_valid"":true,""pnp_camera_xyz"":[0.28282,-0.341407,1.285064],""pnp_camera_quat_xyzw"":[-0.032116,-0.00991,0.00804,0.999403],""pnp_camera_rpy_deg"":[-3.69044,-1.105389,0.957488],""pnp_reprojection_error_px"":0.057204},{""tag_id"":16,""target_match"":true,""family"":""tag25h9"",""hamming"":0,""decision_margin"":162.196152,""pixel_xy"":[801.332285,263.518551],""world_xy_yaw"":[0.220638,1.043307,0.020959],""pnp_valid"":true,""pnp_camera_xyz"":[0.280754,-0.20075,1.278506],""pnp_camera_quat_xyzw"":[-0.02918,-0.006987,0.00895,0.99951],""pnp_camera_rpy_deg"":[-3.351526,-0.770351,1.048591],""pnp_reprojection_error_px"":0.045427}]",1,0.045427,162.196152,85.702361,,0,,0,,
2026-08-12T10:57:21.268689+00:00,5016.552342336,sway_decay_positive_0075_run03,0,"[0.0,0.0,0.0,0.0]",0,0,0,0,,,,,,,,,,,,,,,,,,,,,,,,,,,,0,,0,,,"[NaN,NaN,NaN]","[NaN,NaN,NaN,NaN]","[NaN,NaN,NaN,NaN,NaN,NaN]",0.001556,240,1,"[15,16]","[0.2208,1.043359,0.022722]","[{""tag_id"":15,""target_match"":true,""family"":""tag25h9"",""hamming"":0,""decision_margin"":160.032928,""pixel_xy"":[801.939125,204.598417],""world_xy_yaw"":[0.221658,1.11519,0.016593],""pnp_valid"":true,""pnp_camera_xyz"":[0.283554,-0.341983,1.287072],""pnp_camera_quat_xyzw"":[-0.029438,-0.000376,0.010708,0.999509],""pnp_camera_rpy_deg"":[-3.374085,-0.006989,1.227812],""pnp_reprojection_error_px"":0.106035},{""tag_id"":16,""target_match"":true,""family"":""tag25h9"",""hamming"":0,""decision_margin"":161.56575,""pixel_xy"":[801.428456,263.476052],""world_xy_yaw"":[0.2208,1.043359,0.022722],""pnp_valid"":true,""pnp_camera_xyz"":[0.280503,-0.200482,1.276171],""pnp_camera_quat_xyzw"":[-0.032488,-0.011145,0.008762,0.999372],""pnp_camera_rpy_deg"":[-3.735216,-1.243841,1.045249],""pnp_reprojection_error_px"":0.060449}]",1,0.060449,161.56575,87.803567,,0,,0,,
2026-08-12T10:57:21.318523+00:00,5016.602178860,sway_decay_positive_0075_run03,0,"[0.0,0.0,0.0,0.0]",0,0,0,0,,,,,,,,,,,,,,,,,,,,,,,,,,,,0,,0,,,"[NaN,NaN,NaN]","[NaN,NaN,NaN,NaN]","[NaN,NaN,NaN,NaN,NaN,NaN]",0.002264,241,1,"[15,16]","[0.221863,1.115276,0.016524]","[{""tag_id"":15,""target_match"":true,""family"":""tag25h9"",""hamming"":0,""decision_margin"":160.846237,""pixel_xy"":[802.061069,204.527748],""world_xy_yaw"":[0.221863,1.115276,0.016524],""pnp_valid"":true,""pnp_camera_xyz"":[0.283434,-0.341554,1.285434],""pnp_camera_quat_xyzw"":[-0.031528,0.000909,0.011506,0.999436],""pnp_camera_rpy_deg"":[-3.612017,0.145685,1.314556],""pnp_reprojection_error_px"":0.074103},{""tag_id"":16,""target_match"":true,""family"":""tag25h9"",""hamming"":0,""decision_margin"":160.105484,""pixel_xy"":[801.476133,263.470992],""world_xy_yaw"":[0.22088,1.043365,0.022924],""pnp_valid"":true,""pnp_camera_xyz"":[0.280669,-0.200559,1.276465],""pnp_camera_quat_xyzw"":[-0.032728,-0.011048,0.008988,0.999363],""pnp_camera_rpy_deg"":[-3.762888,-1.23158,1.070998],""pnp_reprojection_error_px"":0.058105}]",1,0.074103,160.846237,88.77364,,0,,0,,
2026-08-12T10:57:21.368599+00:00,5016.652253747,sway_decay_positive_0075_run03,0,"[0.0,0.0,0.0,0.0]",0,0,0,0,,,,,,,,,,,,,,,,,,,,,,,,,,,,0,,0,,,"[NaN,NaN,NaN]","[NaN,NaN,NaN,NaN]","[NaN,NaN,NaN,NaN,NaN,NaN]",0.001600,243,1,"[15,16]","[0.222092,1.11545,0.017106]","[{""tag_id"":15,""target_match"":true,""family"":""tag25h9"",""hamming"":0,""decision_margin"":158.442291,""pixel_xy"":[802.197506,204.385254],""world_xy_yaw"":[0.222092,1.11545,0.017106],""pnp_valid"":true,""pnp_camera_xyz"":[0.283808,-0.341588,1.285341],""pnp_camera_quat_xyzw"":[-0.030596,-0.001318,0.010413,0.999477],""pnp_camera_rpy_deg"":[-3.507976,-0.114495,1.19731],""pnp_reprojection_error_px"":0.103443},{""tag_id"":16,""target_match"":true,""family"":""tag25h9"",""hamming"":0,""decision_margin"":158.02832,""pixel_xy"":[801.600556,263.417527],""world_xy_yaw"":[0.221089,1.043431,0.022587],""pnp_valid"":true,""pnp_camera_xyz"":[0.280858,-0.200606,1.27636],""pnp_camera_quat_xyzw"":[-0.032095,-0.013614,0.009265,0.999349],""pnp_camera_rpy_deg"":[-3.693787,-1.525123,1.111527],""pnp_reprojection_error_px"":0.02363}]",1,0.103443,158.442291,87.537367,,0,,0,,
2026-08-12T10:57:21.418528+00:00,5016.702184951,sway_decay_positive_0075_run03,0,"[0.0,0.0,0.0,0.0]",0,0,0,0,,,,,,,,,,,,,,,,,,,,,,,,,,,,0,,0,,,"[NaN,NaN,NaN]","[NaN,NaN,NaN,NaN]","[NaN,NaN,NaN,NaN,NaN,NaN]",0.002287,244,1,"[15,16]","[0.221147,1.043448,0.023532]","[{""tag_id"":15,""target_match"":true,""family"":""tag25h9"",""hamming"":0,""decision_margin"":157.504318,""pixel_xy"":[802.248046,204.389962],""world_xy_yaw"":[0.222177,1.115444,0.016936],""pnp_valid"":true,""pnp_camera_xyz"":[0.284113,-0.341827,1.286123],""pnp_camera_quat_xyzw"":[-0.030006,-0.002591,0.009853,0.999498],""pnp_camera_rpy_deg"":[-3.441736,-0.262885,1.13755],""pnp_reprojection_error_px"":0.084347},{""tag_id"":16,""target_match"":true,""family"":""tag25h9"",""hamming"":0,""decision_margin"":161.527145,""pixel_xy"":[801.634951,263.403547],""world_xy_yaw"":[0.221147,1.043448,0.023532],""pnp_valid"":true,""pnp_camera_xyz"":[0.281094,-0.200726,1.276938],""pnp_camera_quat_xyzw"":[-0.031399,-0.012912,0.009553,0.999378],""pnp_camera_rpy_deg"":[-3.613485,-1.444517,1.140902],""pnp_reprojection_error_px"":0.035388}]",1,0.035388,161.527145,88.524951,,0,,0,,
2026-08-12T10:57:21.468510+00:00,5016.752167892,sway_decay_positive_0075_run03,0,"[0.0,0.0,0.0,0.0]",0,0,0,0,,,,,,,,,,,,,,,,,,,,,,,,,,,,0,,0,,,"[NaN,NaN,NaN]","[NaN,NaN,NaN,NaN]","[NaN,NaN,NaN,NaN,NaN,NaN]",0.001536,246,1,"[15,16]","[0.221356,1.043381,0.02349]","[{""tag_id"":15,""target_match"":true,""family"":""tag25h9"",""hamming"":0,""decision_margin"":159.242554,""pixel_xy"":[802.345131,204.412736],""world_xy_yaw"":[0.22234,1.115416,0.017487],""pnp_valid"":true,""pnp_camera_xyz"":[0.284425,-0.341946,1.286381],""pnp_camera_quat_xyzw"":[-0.028965,-0.007659,0.008525,0.999515],""pnp_camera_rpy_deg"":[-3.327288,-0.849008,1.001977],""pnp_reprojection_error_px"":0.03986},{""tag_id"":16,""target_match"":true,""family"":""tag25h9"",""hamming"":0,""decision_margin"":163.54744,""pixel_xy"":[801.759271,263.458222],""world_xy_yaw"":[0.221356,1.043381,0.02349],""pnp_valid"":true,""pnp_camera_xyz"":[0.281492,-0.200908,1.277623],""pnp_camera_quat_xyzw"":[-0.030861,-0.010477,0.01043,0.999414],""pnp_camera_rpy_deg"":[-3.549845,-1.163115,1.231872],""pnp_reprojection_error_px"":0.07819}]",1,0.07819,163.54744,91.327492,,0,,0,,
2026-08-12T10:57:21.516846+00:00,5016.800515220,sway_decay_positive_0075_run03,0,"[0.0,0.0,0.0,0.0]",0,0,0,0,,,,,,,,,,,,,,,,,,,,,,,,,,,,0,,0,,,"[NaN,NaN,NaN]","[NaN,NaN,NaN,NaN]","[NaN,NaN,NaN,NaN,NaN,NaN]",0.000996,247,1,"[15,16]","[0.22147,1.043356,0.024512]","[{""tag_id"":15,""target_match"":true,""family"":""tag25h9"",""hamming"":0,""decision_margin"":160.041595,""pixel_xy"":[802.380627,204.436909],""world_xy_yaw"":[0.222399,1.115387,0.018753],""pnp_valid"":true,""pnp_camera_xyz"":[0.284897,-0.342378,1.287854],""pnp_camera_quat_xyzw"":[-0.027723,-0.006544,0.008799,0.999555],""pnp_camera_rpy_deg"":[-3.183917,-0.721619,1.028763],""pnp_reprojection_error_px"":0.010574},{""tag_id"":16,""target_match"":true,""family"":""tag25h9"",""hamming"":0,""decision_margin"":162.991867,""pixel_xy"":[801.827217,263.478897],""world_xy_yaw"":[0.22147,1.043356,0.024512],""pnp_valid"":true,""pnp_camera_xyz"":[0.281376,-0.200756,1.276338],""pnp_camera_quat_xyzw"":[-0.032671,-0.008498,0.01117,0.999368],""pnp_camera_rpy_deg"":[-3.755507,-0.931371,1.311249],""pnp_reprojection_error_px"":0.120797}]",1,0.120797,162.991867,91.847232,,0,,0,,
2026-08-12T10:57:21.568524+00:00,5016.852180729,sway_decay_positive_0075_run03,0,"[0.0,0.0,0.0,0.0]",0,0,0,0,,,,,,,,,,,,,,,,,,,,,,,,,,,,0,,0,,,"[NaN,NaN,NaN]","[NaN,NaN,NaN,NaN]","[NaN,NaN,NaN,NaN,NaN,NaN]",0.001546,249,1,"[15,16]","[0.221728,1.043477,0.023465]","[{""tag_id"":15,""target_match"":true,""family"":""tag25h9"",""hamming"":0,""decision_margin"":158.569946,""pixel_xy"":[802.499273,204.426904],""world_xy_yaw"":[0.222599,1.115399,0.018792],""pnp_valid"":true,""pnp_camera_xyz"":[0.285462,-0.342754,1.289119],""pnp_camera_quat_xyzw"":[-0.02542,-0.003602,0.009561,0.999625],""pnp_camera_rpy_deg"":[-2.917099,-0.384761,1.105781],""pnp_reprojection_error_px"":0.017799},{""tag_id"":16,""target_match"":true,""family"":""tag25h9"",""hamming"":0,""decision_margin"":162.924942,""pixel_xy"":[801.980901,263.379489],""world_xy_yaw"":[0.221728,1.043477,0.023465],""pnp_valid"":true,""pnp_camera_xyz"":[0.280431,-0.199974,1.270727],""pnp_camera_quat_xyzw"":[-0.041853,-0.01054,0.010931,0.999008],""pnp_camera_rpy_deg"":[-4.811067,-1.154281,1.302283],""pnp_reprojection_error_px"":0.063593}]",1,0.063593,162.924942,92.263909,,0,,0,,
2026-08-12T10:57:21.618080+00:00,5016.901749393,sway_decay_positive_0075_run03,0,"[0.0,0.0,0.0,0.0]",0,0,0,0,,,,,,,,,,,,,,,,,,,,,,,,,,,,0,,0,,,"[NaN,NaN,NaN]","[NaN,NaN,NaN,NaN]","[NaN,NaN,NaN,NaN,NaN,NaN]",0.001882,250,1,"[15,16]","[0.222687,1.115446,0.019391]","[{""tag_id"":15,""target_match"":true,""family"":""tag25h9"",""hamming"":0,""decision_margin"":160.769974,""pixel_xy"":[802.551888,204.388212],""world_xy_yaw"":[0.222687,1.115446,0.019391],""pnp_valid"":true,""pnp_camera_xyz"":[0.285326,-0.342474,1.28793],""pnp_camera_quat_xyzw"":[-0.02675,-0.004997,0.009454,0.999585],""pnp_camera_rpy_deg"":[-3.071128,-0.543358,1.098347],""pnp_reprojection_error_px"":0.007658},{""tag_id"":16,""target_match"":true,""family"":""tag25h9"",""hamming"":0,""decision_margin"":160.022217,""pixel_xy"":[802.006155,263.370784],""world_xy_yaw"":[0.22177,1.043488,0.024313],""pnp_valid"":true,""pnp_camera_xyz"":[0.280311,-0.199849,1.269853],""pnp_camera_quat_xyzw"":[-0.0427,-0.011575,0.011021,0.99896],""pnp_camera_rpy_deg"":[-4.909857,-1.271205,1.318644],""pnp_reprojection_error_px"":0.059732}]",1,0.007658,160.769974,93.269014,,0,,0,,
2026-08-12T10:57:21.666902+00:00,5016.950574193,sway_decay_positive_0075_run03,0,"[0.0,0.0,0.0,0.0]",0,0,0,0,,,,,,,,,,,,,,,,,,,,,,,,,,,,0,,0,,,"[NaN,NaN,NaN]","[NaN,NaN,NaN,NaN]","[NaN,NaN,NaN,NaN,NaN,NaN]",0.000577,252,1,"[15,16]","[0.222819,1.115469,0.020604]","[{""tag_id"":15,""target_match"":true,""family"":""tag25h9"",""hamming"":0,""decision_margin"":161.104858,""pixel_xy"":[802.630206,204.369428],""world_xy_yaw"":[0.222819,1.115469,0.020604],""pnp_valid"":true,""pnp_camera_xyz"":[0.285331,-0.342249,1.286878],""pnp_camera_quat_xyzw"":[-0.028283,-0.006838,0.009004,0.999536],""pnp_camera_rpy_deg"":[-3.248559,-0.754071,1.053565],""pnp_reprojection_error_px"":0.026928},{""tag_id"":16,""target_match"":true,""family"":""tag25h9"",""hamming"":0,""decision_margin"":159.72496,""pixel_xy"":[802.079215,263.276579],""world_xy_yaw"":[0.221893,1.043603,0.024617],""pnp_valid"":true,""pnp_camera_xyz"":[0.280539,-0.199986,1.270276],""pnp_camera_quat_xyzw"":[-0.042118,-0.011668,0.011538,0.998978],""pnp_camera_rpy_deg"":[-4.84383,-1.280157,1.377576],""pnp_reprojection_error_px"":0.019913}]",1,0.026928,161.104858,94.464252,,0,,0,,
2026-08-12T10:57:21.718476+00:00,5017.002134440,sway_decay_positive_0075_run03,0,"[0.0,0.0,0.0,0.0]",0,0,0,0,,,,,,,,,,,,,,,,,,,,,,,,,,,,0,,0,,,"[NaN,NaN,NaN]","[NaN,NaN,NaN,NaN]","[NaN,NaN,NaN,NaN,NaN,NaN]",0.002252,253,1,"[15,16]","[0.221946,1.043675,0.024707]","[{""tag_id"":15,""target_match"":true,""family"":""tag25h9"",""hamming"":0,""decision_margin"":156.678314,""pixel_xy"":[802.67811,204.376858],""world_xy_yaw"":[0.222899,1.11546,0.020801],""pnp_valid"":true,""pnp_camera_xyz"":[0.28522,-0.342005,1.285847],""pnp_camera_quat_xyzw"":[-0.029227,-0.008448,0.008624,0.9995],""pnp_camera_rpy_deg"":[-3.358175,-0.938794,1.016178],""pnp_reprojection_error_px"":0.034754},{""tag_id"":16,""target_match"":true,""family"":""tag25h9"",""hamming"":0,""decision_margin"":160.538834,""pixel_xy"":[802.110624,263.216811],""world_xy_yaw"":[0.221946,1.043675,0.024707],""pnp_valid"":true,""pnp_camera_xyz"":[0.281127,-0.200373,1.272596],""pnp_camera_quat_xyzw"":[-0.037739,-0.01007,0.011862,0.999166],""pnp_camera_rpy_deg"":[-4.339596,-1.101789,1.402152],""pnp_reprojection_error_px"":0.059483}]",1,0.059483,160.538834,95.375457,,0,,0,,
2026-08-12T10:57:21.768520+00:00,5017.052176589,sway_decay_positive_0075_run03,0,"[0.0,0.0,0.0,0.0]",0,0,0,0,,,,,,,,,,,,,,,,,,,,,,,,,,,,0,,0,,,"[NaN,NaN,NaN]","[NaN,NaN,NaN,NaN]","[NaN,NaN,NaN,NaN,NaN,NaN]",0.001542,255,1,"[15,16]","[0.222126,1.043735,0.023398]","[{""tag_id"":15,""target_match"":true,""family"":""tag25h9"",""hamming"":0,""decision_margin"":158.872437,""pixel_xy"":[802.749959,204.391979],""world_xy_yaw"":[0.22302,1.115442,0.02143],""pnp_valid"":true,""pnp_camera_xyz"":[0.285623,-0.342293,1.286773],""pnp_camera_quat_xyzw"":[-0.028691,-0.006005,0.009308,0.999527],""pnp_camera_rpy_deg"":[-3.294589,-0.657206,1.086028],""pnp_reprojection_error_px"":0.066305},{""tag_id"":16,""target_match"":true,""family"":""tag25h9"",""hamming"":0,""decision_margin"":160.315948,""pixel_xy"":[802.218049,263.168007],""world_xy_yaw"":[0.222126,1.043735,0.023398],""pnp_valid"":true,""pnp_camera_xyz"":[0.28199,-0.20089,1.275563],""pnp_camera_quat_xyzw"":[-0.033208,-0.008746,0.011922,0.999339],""pnp_camera_rpy_deg"":[-3.818104,-0.956272,1.398851],""pnp_reprojection_error_px"":0.092067}]",1,0.092067,160.315948,96.033767,,0,,0,,
2026-08-12T10:57:21.816634+00:00,5017.100306491,sway_decay_positive_0075_run03,0,"[0.0,0.0,0.0,0.0]",0,0,0,0,,,,,,,,,,,,,,,,,,,,,,,,,,,,0,,0,,,"[NaN,NaN,NaN]","[NaN,NaN,NaN,NaN]","[NaN,NaN,NaN,NaN,NaN,NaN]",0.000851,256,1,"[15,16]","[0.22223,1.043727,0.023413]","[{""tag_id"":15,""target_match"":true,""family"":""tag25h9"",""hamming"":0,""decision_margin"":157.969559,""pixel_xy"":[802.817428,204.429737],""world_xy_yaw"":[0.223133,1.115396,0.022242],""pnp_valid"":true,""pnp_camera_xyz"":[0.285896,-0.342436,1.287312],""pnp_camera_quat_xyzw"":[-0.027925,-0.001419,0.011021,0.999548],""pnp_camera_rpy_deg"":[-3.202031,-0.127276,1.267],""pnp_reprojection_error_px"":0.098904},{""tag_id"":16,""target_match"":true,""family"":""tag25h9"",""hamming"":0,""decision_margin"":159.599777,""pixel_xy"":[802.27997,263.174445],""world_xy_yaw"":[0.22223,1.043727,0.023413],""pnp_valid"":true,""pnp_camera_xyz"":[0.282146,-0.200951,1.275767],""pnp_camera_quat_xyzw"":[-0.032006,-0.009357,0.012216,0.999369],""pnp_camera_rpy_deg"":[-3.68158,-1.026811,1.433692],""pnp_reprojection_error_px"":0.083403}]",1,0.083403,159.599777,96.371035,,0,,0,,
2026-08-12T10:57:21.867827+00:00,5017.151490092,sway_decay_positive_0075_run03,0,"[0.0,0.0,0.0,0.0]",0,0,0,0,,,,,,,,,,,,,,,,,,,,,,,,,,,,0,,0,,,"[NaN,NaN,NaN]","[NaN,NaN,NaN,NaN]","[NaN,NaN,NaN,NaN,NaN,NaN]",0.001039,258,1,"[15,16]","[0.222411,1.043675,0.023497]","[{""tag_id"":15,""target_match"":true,""family"":""tag25h9"",""hamming"":0,""decision_margin"":158.437225,""pixel_xy"":[802.948246,204.357361],""world_xy_yaw"":[0.223353,1.115484,0.024579],""pnp_valid"":true,""pnp_camera_xyz"":[0.286218,-0.342474,1.287242],""pnp_camera_quat_xyzw"":[-0.028681,0.001729,0.012734,0.999506],""pnp_camera_rpy_deg"":[-3.284227,0.23986,1.452965],""pnp_reprojection_error_px"":0.064988},{""tag_id"":16,""target_match"":true,""family"":""tag25h9"",""hamming"":0,""decision_margin"":159.0811,""pixel_xy"":[802.387542,263.216971],""world_xy_yaw"":[0.222411,1.043675,0.023497],""pnp_valid"":true,""pnp_camera_xyz"":[0.282521,-0.201071,1.276308],""pnp_camera_quat_xyzw"":[-0.031707,-0.010744,0.012015,0.999367],""pnp_camera_rpy_deg"":[-3.649146,-1.186867,1.415422],""pnp_reprojection_error_px"":0.050672}]",1,0.050672,159.0811,95.500554,,0,,0,,
2026-08-12T10:57:21.918522+00:00,5017.202180039,sway_decay_positive_0075_run03,0,"[0.0,0.0,0.0,0.0]",0,0,0,0,,,,,,,,,,,,,,,,,,,,,,,,,,,,0,,0,,,"[NaN,NaN,NaN]","[NaN,NaN,NaN,NaN]","[NaN,NaN,NaN,NaN,NaN,NaN]",0.002271,259,1,"[15,16]","[0.223503,1.115597,0.024324]","[{""tag_id"":15,""target_match"":true,""family"":""tag25h9"",""hamming"":0,""decision_margin"":159.966339,""pixel_xy"":[803.037759,204.26443],""world_xy_yaw"":[0.223503,1.115597,0.024324],""pnp_valid"":true,""pnp_camera_xyz"":[0.286362,-0.342424,1.287019],""pnp_camera_quat_xyzw"":[-0.028884,0.000965,0.012552,0.999503],""pnp_camera_rpy_deg"":[-3.308722,0.152125,1.434563],""pnp_reprojection_error_px"":0.06388},{""tag_id"":16,""target_match"":true,""family"":""tag25h9"",""hamming"":0,""decision_margin"":158.956757,""pixel_xy"":[802.423329,263.218601],""world_xy_yaw"":[0.222471,1.043673,0.02469],""pnp_valid"":true,""pnp_camera_xyz"":[0.282446,-0.20095,1.275394],""pnp_camera_quat_xyzw"":[-0.032727,-0.011773,0.011975,0.999323],""pnp_camera_rpy_deg"":[-3.767568,-1.303425,1.415966],""pnp_reprojection_error_px"":0.032173}]",1,0.06388,159.966339,95.386171,,0,,0,,
2026-08-12T10:57:21.968510+00:00,5017.252164108,sway_decay_positive_0075_run03,0,"[0.0,0.0,0.0,0.0]",0,0,0,0,,,,,,,,,,,,,,,,,,,,,,,,,,,,0,,0,,,"[NaN,NaN,NaN]","[NaN,NaN,NaN,NaN]","[NaN,NaN,NaN,NaN,NaN,NaN]",0.002267,260,1,"[15,16]","[0.222592,1.043678,0.023842]","[{""tag_id"":15,""target_match"":true,""family"":""tag25h9"",""hamming"":0,""decision_margin"":159.914749,""pixel_xy"":[803.088243,204.217036],""world_xy_yaw"":[0.223588,1.115655,0.025865],""pnp_valid"":true,""pnp_camera_xyz"":[0.286222,-0.342075,1.285602],""pnp_camera_quat_xyzw"":[-0.030965,-0.00229,0.011852,0.999448],""pnp_camera_rpy_deg"":[-3.551768,-0.220246,1.365617],""pnp_reprojection_error_px"":0.106699},{""tag_id"":16,""target_match"":true,""family"":""tag25h9"",""hamming"":0,""decision_margin"":159.953827,""pixel_xy"":[802.495297,263.21434],""world_xy_yaw"":[0.222592,1.043678,0.023842],""pnp_valid"":true,""pnp_camera_xyz"":[0.282468,-0.200879,1.274851],""pnp_camera_quat_xyzw"":[-0.033727,-0.014339,0.011403,0.999263],""pnp_camera_rpy_deg"":[-3.885258,-1.598046,1.36175],""pnp_reprojection_error_px"":0.043297}]",1,0.043297,159.953827,93.645648,,0,,0,,
2026-08-12T10:57:22.018653+00:00,5017.302306492,sway_decay_positive_0075_run03,0,"[0.0,0.0,0.0,0.0]",0,0,0,0,,,,,,,,,,,,,,,,,,,,,,,,,,,,0,,0,,,"[NaN,NaN,NaN]","[NaN,NaN,NaN,NaN]","[NaN,NaN,NaN,NaN,NaN,NaN]",0.001559,262,1,"[15,16]","[0.223768,1.115696,0.026242]","[{""tag_id"":15,""target_match"":true,""family"":""tag25h9"",""hamming"":0,""decision_margin"":161.803436,""pixel_xy"":[803.1954,204.183694],""world_xy_yaw"":[0.223768,1.115696,0.026242],""pnp_valid"":true,""pnp_camera_xyz"":[0.286682,-0.342354,1.286473],""pnp_camera_quat_xyzw"":[-0.030121,-0.005113,0.011142,0.999471],""pnp_camera_rpy_deg"":[-3.458569,-0.547097,1.293906],""pnp_reprojection_error_px"":0.12053},{""tag_id"":16,""target_match"":true,""family"":""tag25h9"",""hamming"":0,""decision_margin"":159.396484,""pixel_xy"":[802.589819,263.171884],""world_xy_yaw"":[0.222751,1.04373,0.023821],""pnp_valid"":true,""pnp_camera_xyz"":[0.282521,-0.200807,1.274087],""pnp_camera_quat_xyzw"":[-0.034523,-0.016109,0.011088,0.999213],""pnp_camera_rpy_deg"":[-3.978512,-1.800903,1.33404],""pnp_reprojection_error_px"":0.045385}]",1,0.12053,161.803436,92.842181,,0,,0,,
2026-08-12T10:57:22.068416+00:00,5017.352072421,sway_decay_positive_0075_run03,0,"[0.0,0.0,0.0,0.0]",0,0,0,0,,,,,,,,,,,,,,,,,,,,,,,,,,,,0,,0,,,"[NaN,NaN,NaN]","[NaN,NaN,NaN,NaN]","[NaN,NaN,NaN,NaN,NaN,NaN]",0.002100,263,1,"[15,16]","[0.222834,1.04373,0.022843]","[{""tag_id"":15,""target_match"":true,""family"":""tag25h9"",""hamming"":0,""decision_margin"":159.929367,""pixel_xy"":[803.258472,204.240092],""world_xy_yaw"":[0.223874,1.115627,0.026248],""pnp_valid"":true,""pnp_camera_xyz"":[0.286903,-0.342456,1.286797],""pnp_camera_quat_xyzw"":[-0.029955,-0.006362,0.010837,0.999472],""pnp_camera_rpy_deg"":[-3.441036,-0.691439,1.263179],""pnp_reprojection_error_px"":0.077704},{""tag_id"":16,""target_match"":true,""family"":""tag25h9"",""hamming"":0,""decision_margin"":160.115234,""pixel_xy"":[802.639246,263.17202],""world_xy_yaw"":[0.222834,1.04373,0.022843],""pnp_valid"":true,""pnp_camera_xyz"":[0.282789,-0.200964,1.274903],""pnp_camera_quat_xyzw"":[-0.033641,-0.014899,0.011116,0.999261],""pnp_camera_rpy_deg"":[-3.87574,-1.663387,1.330968],""pnp_reprojection_error_px"":0.05485}]",1,0.05485,160.115234,92.085477,,0,,0,,
2026-08-12T10:57:22.118606+00:00,5017.402262736,sway_decay_positive_0075_run03,0,"[0.0,0.0,0.0,0.0]",0,0,0,0,,,,,,,,,,,,,,,,,,,,,,,,,,,,0,,0,,,"[NaN,NaN,NaN]","[NaN,NaN,NaN,NaN]","[NaN,NaN,NaN,NaN,NaN,NaN]",0.001565,265,1,"[15,16]","[0.222954,1.043695,0.025588]","[{""tag_id"":15,""target_match"":true,""family"":""tag25h9"",""hamming"":0,""decision_margin"":159.988586,""pixel_xy"":[803.373683,204.264035],""world_xy_yaw"":[0.224068,1.115598,0.027096],""pnp_valid"":true,""pnp_camera_xyz"":[0.287445,-0.342815,1.288002],""pnp_camera_quat_xyzw"":[-0.028225,-0.007349,0.011,0.999514],""pnp_camera_rpy_deg"":[-3.244104,-0.806206,1.283893],""pnp_reprojection_error_px"":0.07149},{""tag_id"":16,""target_match"":true,""family"":""tag25h9"",""hamming"":0,""decision_margin"":160.463135,""pixel_xy"":[802.710983,263.20074],""world_xy_yaw"":[0.222954,1.043695,0.025588],""pnp_valid"":true,""pnp_camera_xyz"":[0.283139,-0.201069,1.275443],""pnp_camera_quat_xyzw"":[-0.032489,-0.013841,0.012013,0.999304],""pnp_camera_rpy_deg"":[-3.743442,-1.540375,1.427768],""pnp_reprojection_error_px"":0.044809}]",1,0.044809,160.463135,89.939665,,0,,0,,
2026-08-12T10:57:22.168507+00:00,5017.452164128,sway_decay_positive_0075_run03,0,"[0.0,0.0,0.0,0.0]",0,0,0,0,,,,,,,,,,,,,,,,,,,,,,,,,,,,0,,0,,,"[NaN,NaN,NaN]","[NaN,NaN,NaN,NaN]","[NaN,NaN,NaN,NaN,NaN,NaN]",0.002270,266,1,"[15,16]","[0.223077,1.043658,0.024684]","[{""tag_id"":15,""target_match"":true,""family"":""tag25h9"",""hamming"":0,""decision_margin"":161.072571,""pixel_xy"":[803.41719,204.273429],""world_xy_yaw"":[0.224141,1.115586,0.027965],""pnp_valid"":true,""pnp_camera_xyz"":[0.287488,-0.342716,1.287589],""pnp_camera_quat_xyzw"":[-0.029053,-0.006403,0.011354,0.999493],""pnp_camera_rpy_deg"":[-3.337969,-0.695557,1.321999],""pnp_reprojection_error_px"":0.087131},{""tag_id"":16,""target_match"":true,""family"":""tag25h9"",""hamming"":0,""decision_margin"":161.17923,""pixel_xy"":[802.783882,263.231064],""world_xy_yaw"":[0.223077,1.043658,0.024684],""pnp_valid"":true,""pnp_camera_xyz"":[0.283447,-0.201217,1.276263],""pnp_camera_quat_xyzw"":[-0.031805,-0.010928,0.012528,0.999356],""pnp_camera_rpy_deg"":[-3.661189,-1.205851,1.474944],""pnp_reprojection_error_px"":0.08756}]",1,0.08756,161.17923,90.521587,,0,,0,,
2026-08-12T10:57:22.218031+00:00,5017.501696176,sway_decay_positive_0075_run03,0,"[0.0,0.0,0.0,0.0]",0,0,0,0,,,,,,,,,,,,,,,,,,,,,,,,,,,,0,,0,,,"[NaN,NaN,NaN]","[NaN,NaN,NaN,NaN]","[NaN,NaN,NaN,NaN,NaN,NaN]",0.001099,268,1,"[15,16]","[0.224358,1.115626,0.028124]","[{""tag_id"":15,""target_match"":true,""family"":""tag25h9"",""hamming"":0,""decision_margin"":162.767517,""pixel_xy"":[803.546661,204.240798],""world_xy_yaw"":[0.224358,1.115626,0.028124],""pnp_valid"":true,""pnp_camera_xyz"":[0.287126,-0.341976,1.284655],""pnp_camera_quat_xyzw"":[-0.031582,-0.009785,0.010637,0.999397],""pnp_camera_rpy_deg"":[-3.631857,-1.082132,1.253875],""pnp_reprojection_error_px"":0.079536},{""tag_id"":16,""target_match"":true,""family"":""tag25h9"",""hamming"":0,""decision_margin"":161.219727,""pixel_xy"":[802.903818,263.264048],""world_xy_yaw"":[0.223278,1.043618,0.025233],""pnp_valid"":true,""pnp_camera_xyz"":[0.283547,-0.201119,1.275363],""pnp_camera_quat_xyzw"":[-0.032863,-0.00897,0.012924,0.999336],""pnp_camera_rpy_deg"":[-3.77989,-0.978569,1.514208],""pnp_reprojection_error_px"":0.132062}]",1,0.079536,162.767517,89.415471,,0,,0,,
2026-08-12T10:57:22.267710+00:00,5017.551372904,sway_decay_positive_0075_run03,0,"[0.0,0.0,0.0,0.0]",0,0,0,0,,,,,,,,,,,,,,,,,,,,,,,,,,,,0,,0,,,"[NaN,NaN,NaN]","[NaN,NaN,NaN,NaN]","[NaN,NaN,NaN,NaN,NaN,NaN]",0.000143,270,1,"[15,16]","[0.223526,1.043739,0.025314]","[{""tag_id"":15,""target_match"":true,""family"":""tag25h9"",""hamming"":0,""decision_margin"":159.770523,""pixel_xy"":[803.659514,204.290507],""world_xy_yaw"":[0.224548,1.115566,0.028144],""pnp_valid"":true,""pnp_camera_xyz"":[0.287329,-0.341952,1.284433],""pnp_camera_quat_xyzw"":[-0.032494,-0.008892,0.011051,0.999371],""pnp_camera_rpy_deg"":[-3.735628,-0.977162,1.29895],""pnp_reprojection_error_px"":0.103572},{""tag_id"":16,""target_match"":true,""family"":""tag25h9"",""hamming"":0,""decision_margin"":162.634125,""pixel_xy"":[803.051446,263.164811],""world_xy_yaw"":[0.223526,1.043739,0.025314],""pnp_valid"":true,""pnp_camera_xyz"":[0.282886,-0.200462,1.270882],""pnp_camera_quat_xyzw"":[-0.040921,-0.011563,0.012533,0.999017],""pnp_camera_rpy_deg"":[-4.707652,-1.265052,1.489521],""pnp_reprojection_error_px"":0.064005}]",1,0.064005,162.634125,88.215879,,0,,0,,
2026-08-12T10:57:22.318572+00:00,5017.602228239,sway_decay_positive_0075_run03,0,"[0.0,0.0,0.0,0.0]",0,0,0,0,,,,,,,,,,,,,,,,,,,,,,,,,,,,0,,0,,,"[NaN,NaN,NaN]","[NaN,NaN,NaN,NaN]","[NaN,NaN,NaN,NaN,NaN,NaN]",0.002321,271,1,"[15,16]","[0.223576,1.043797,0.025648]","[{""tag_id"":15,""target_match"":true,""family"":""tag25h9"",""hamming"":0,""decision_margin"":159.116867,""pixel_xy"":[803.733217,204.307537],""world_xy_yaw"":[0.224672,1.115545,0.02918],""pnp_valid"":true,""pnp_camera_xyz"":[0.287554,-0.342043,1.284689],""pnp_camera_quat_xyzw"":[-0.032153,-0.006801,0.012234,0.999385],""pnp_camera_rpy_deg"":[-3.694647,-0.73381,1.426349],""pnp_reprojection_error_px"":0.122615},{""tag_id"":16,""target_match"":true,""family"":""tag25h9"",""hamming"":0,""decision_margin"":160.453217,""pixel_xy"":[803.081146,263.116843],""world_xy_yaw"":[0.223576,1.043797,0.025648],""pnp_valid"":true,""pnp_camera_xyz"":[0.282984,-0.200492,1.270935],""pnp_camera_quat_xyzw"":[-0.039863,-0.011371,0.012561,0.999061],""pnp_camera_rpy_deg"":[-4.585994,-1.244544,1.490472],""pnp_reprojection_error_px"":0.037102}]",1,0.037102,160.453217,88.283244,,0,,0,,
2026-08-12T10:57:22.368563+00:00,5017.652218869,sway_decay_positive_0075_run03,0,"[0.0,0.0,0.0,0.0]",0,0,0,0,,,,,,,,,,,,,,,,,,,,,,,,,,,,0,,0,,,"[NaN,NaN,NaN]","[NaN,NaN,NaN,NaN]","[NaN,NaN,NaN,NaN,NaN,NaN]",0.001584,273,1,"[15,16]","[0.223752,1.043898,0.025891]","[{""tag_id"":15,""target_match"":true,""family"":""tag25h9"",""hamming"":0,""decision_margin"":157.736969,""pixel_xy"":[803.921399,204.246929],""world_xy_yaw"":[0.224988,1.115619,0.029513],""pnp_valid"":true,""pnp_camera_xyz"":[0.288298,-0.342456,1.286188],""pnp_camera_quat_xyzw"":[-0.030661,-0.00163,0.014167,0.999428],""pnp_camera_rpy_deg"":[-3.516358,-0.136864,1.628408],""pnp_reprojection_error_px"":0.071864},{""tag_id"":16,""target_match"":true,""family"":""tag25h9"",""hamming"":0,""decision_margin"":162.114288,""pixel_xy"":[803.185605,263.034224],""world_xy_yaw"":[0.223752,1.043898,0.025891],""pnp_valid"":true,""pnp_camera_xyz"":[0.283899,-0.200984,1.273992],""pnp_camera_quat_xyzw"":[-0.035609,-0.009677,0.013095,0.999233],""pnp_camera_rpy_deg"":[-4.096117,-1.054706,1.539328],""pnp_reprojection_error_px"":0.081858}]",1,0.081858,162.114288,86.916617,,0,,0,,
2026-08-12T10:57:22.418382+00:00,5017.702038869,sway_decay_positive_0075_run03,0,"[0.0,0.0,0.0,0.0]",0,0,0,0,,,,,,,,,,,,,,,,,,,,,,,,,,,,0,,0,,,"[NaN,NaN,NaN]","[NaN,NaN,NaN,NaN]","[NaN,NaN,NaN,NaN,NaN,NaN]",0.002099,274,1,"[15,16]","[0.223847,1.043905,0.026307]","[{""tag_id"":15,""target_match"":true,""family"":""tag25h9"",""hamming"":0,""decision_margin"":158.824341,""pixel_xy"":[804.016067,204.174248],""world_xy_yaw"":[0.225147,1.115707,0.029759],""pnp_valid"":true,""pnp_camera_xyz"":[0.288058,-0.341962,1.284218],""pnp_camera_quat_xyzw"":[-0.032891,-0.002382,0.014303,0.999354],""pnp_camera_rpy_deg"":[-3.773228,-0.21891,1.647215],""pnp_reprojection_error_px"":0.049069},{""tag_id"":16,""target_match"":true,""family"":""tag25h9"",""hamming"":0,""decision_margin"":159.455826,""pixel_xy"":[803.242475,263.029047],""world_xy_yaw"":[0.223847,1.043905,0.026307],""pnp_valid"":true,""pnp_camera_xyz"":[0.284469,-0.201326,1.275937],""pnp_camera_quat_xyzw"":[-0.03231,-0.007879,0.013584,0.999355],""pnp_camera_rpy_deg"":[-3.715371,-0.852053,1.585175],""pnp_reprojection_error_px"":0.072626}]",1,0.072626,159.455826,87.433157,,0,,0,,
2026-08-12T10:57:22.468464+00:00,5017.752121054,sway_decay_positive_0075_run03,0,"[0.0,0.0,0.0,0.0]",0,0,0,0,,,,,,,,,,,,,,,,,,,,,,,,,,,,0,,0,,,"[NaN,NaN,NaN]","[NaN,NaN,NaN,NaN]","[NaN,NaN,NaN,NaN,NaN,NaN]",0.001543,276,1,"[15,16]","[0.225394,1.115824,0.031164]","[{""tag_id"":15,""target_match"":true,""family"":""tag25h9"",""hamming"":0,""decision_margin"":159.864441,""pixel_xy"":[804.163153,204.078977],""world_xy_yaw"":[0.225394,1.115824,0.031164],""pnp_valid"":true,""pnp_camera_xyz"":[0.287876,-0.341391,1.281836],""pnp_camera_quat_xyzw"":[-0.035347,-0.008628,0.013202,0.999251],""pnp_camera_rpy_deg"":[-4.064383,-0.934562,1.547012],""pnp_reprojection_error_px"":0.09816},{""tag_id"":16,""target_match"":true,""family"":""tag25h9"",""hamming"":0,""decision_margin"":158.637085,""pixel_xy"":[803.393103,263.059324],""world_xy_yaw"":[0.2241,1.043868,0.026834],""pnp_valid"":true,""pnp_camera_xyz"":[0.284794,-0.201345,1.275874],""pnp_camera_quat_xyzw"":[-0.031974,-0.010953,0.013524,0.999337],""pnp_camera_rpy_deg"":[-3.681831,-1.204851,1.589366],""pnp_reprojection_error_px"":0.048528}]",1,0.09816,159.864441,87.676392,,0,,0,,
2026-08-12T10:57:22.518573+00:00,5017.802228989,sway_decay_positive_0075_run03,0,"[0.0,0.0,0.0,0.0]",0,0,0,0,,,,,,,,,,,,,,,,,,,,,,,,,,,,0,,0,,,"[NaN,NaN,NaN]","[NaN,NaN,NaN,NaN]","[NaN,NaN,NaN,NaN,NaN,NaN]",0.002320,277,1,"[15,16]","[0.225517,1.115826,0.031]","[{""tag_id"":15,""target_match"":true,""family"":""tag25h9"",""hamming"":0,""decision_margin"":159.647064,""pixel_xy"":[804.236132,204.077252],""world_xy_yaw"":[0.225517,1.115826,0.031],""pnp_valid"":true,""pnp_camera_xyz"":[0.288301,-0.341714,1.282937],""pnp_camera_quat_xyzw"":[-0.034016,-0.008978,0.012966,0.999297],""pnp_camera_rpy_deg"":[-3.9122,-0.977561,1.520183],""pnp_reprojection_error_px"":0.090104},{""tag_id"":16,""target_match"":true,""family"":""tag25h9"",""hamming"":0,""decision_margin"":159.250443,""pixel_xy"":[803.436427,263.054143],""world_xy_yaw"":[0.224173,1.043874,0.027428],""pnp_valid"":true,""pnp_camera_xyz"":[0.284951,-0.201394,1.276007],""pnp_camera_quat_xyzw"":[-0.03243,-0.010591,0.013599,0.999325],""pnp_camera_rpy_deg"":[-3.733599,-1.162379,1.597231],""pnp_reprojection_error_px"":0.036026}]",1,0.090104,159.647064,89.094502,,0,,0,,
2026-08-12T10:57:22.568626+00:00,5017.852281632,sway_decay_positive_0075_run03,0,"[0.0,0.0,0.0,0.0]",0,0,0,0,,,,,,,,,,,,,,,,,,,,,,,,,,,,0,,0,,,"[NaN,NaN,NaN]","[NaN,NaN,NaN,NaN]","[NaN,NaN,NaN,NaN,NaN,NaN]",0.000574,279,1,"[15,16]","[0.22437,1.043896,0.028803]","[{""tag_id"":15,""target_match"":true,""family"":""tag25h9"",""hamming"":0,""decision_margin"":158.463928,""pixel_xy"":[804.379621,204.111573],""world_xy_yaw"":[0.225758,1.115784,0.030831],""pnp_valid"":true,""pnp_camera_xyz"":[0.288953,-0.34216,1.28446],""pnp_camera_quat_xyzw"":[-0.031575,-0.010674,0.012759,0.999363],""pnp_camera_rpy_deg"":[-3.634728,-1.176232,1.500261],""pnp_reprojection_error_px"":0.045008},{""tag_id"":16,""target_match"":true,""family"":""tag25h9"",""hamming"":0,""decision_margin"":158.754883,""pixel_xy"":[803.553798,263.036429],""world_xy_yaw"":[0.22437,1.043896,0.028803],""pnp_valid"":true,""pnp_camera_xyz"":[0.284772,-0.201097,1.273742],""pnp_camera_quat_xyzw"":[-0.035751,-0.016022,0.012805,0.99915],""pnp_camera_rpy_deg"":[-4.122366,-1.782279,1.532678],""pnp_reprojection_error_px"":0.012538}]",1,0.012538,158.754883,88.657456,,0,,0,,
2026-08-12T10:57:22.618495+00:00,5017.902151604,sway_decay_positive_0075_run03,0,"[0.0,0.0,0.0,0.0]",0,0,0,0,,,,,,,,,,,,,,,,,,,,,,,,,,,,0,,0,,,"[NaN,NaN,NaN]","[NaN,NaN,NaN,NaN]","[NaN,NaN,NaN,NaN,NaN,NaN]",0.002266,280,1,"[15,16]","[0.225882,1.115788,0.030928]","[{""tag_id"":15,""target_match"":true,""family"":""tag25h9"",""hamming"":0,""decision_margin"":159.997284,""pixel_xy"":[804.45338,204.108396],""world_xy_yaw"":[0.225882,1.115788,0.030928],""pnp_valid"":true,""pnp_camera_xyz"":[0.289149,-0.342211,1.284571],""pnp_camera_quat_xyzw"":[-0.032015,-0.01106,0.012739,0.999345],""pnp_camera_rpy_deg"":[-3.685732,-1.219936,1.499887],""pnp_reprojection_error_px"":0.041166},{""tag_id"":16,""target_match"":true,""family"":""tag25h9"",""hamming"":0,""decision_margin"":157.958969,""pixel_xy"":[803.627863,263.017818],""world_xy_yaw"":[0.224495,1.043918,0.029435],""pnp_valid"":true,""pnp_camera_xyz"":[0.284898,-0.201112,1.2736],""pnp_camera_quat_xyzw"":[-0.036079,-0.016344,0.013223,0.999128],""pnp_camera_rpy_deg"":[-4.161237,-1.816865,1.58253],""pnp_reprojection_error_px"":0.019338}]",1,0.041166,159.997284,89.295032,,0,,0,,
2026-08-12T10:57:22.668150+00:00,5017.951807930,sway_decay_positive_0075_run03,0,"[0.0,0.0,0.0,0.0]",0,0,0,0,,,,,,,,,,,,,,,,,,,,,,,,,,,,0,,0,,,"[NaN,NaN,NaN]","[NaN,NaN,NaN,NaN]","[NaN,NaN,NaN,NaN,NaN,NaN]",0.001399,282,1,"[15,16]","[0.226076,1.115794,0.031074]","[{""tag_id"":15,""target_match"":true,""family"":""tag25h9"",""hamming"":0,""decision_margin"":161.528534,""pixel_xy"":[804.568988,204.103343],""world_xy_yaw"":[0.226076,1.115794,0.031074],""pnp_valid"":true,""pnp_camera_xyz"":[0.289282,-0.342118,1.283918],""pnp_camera_quat_xyzw"":[-0.032694,-0.013037,0.01219,0.999306],""pnp_camera_rpy_deg"":[-3.765984,-1.447347,1.445324],""pnp_reprojection_error_px"":0.044357},{""tag_id"":16,""target_match"":true,""family"":""tag25h9"",""hamming"":0,""decision_margin"":159.876373,""pixel_xy"":[803.736027,263.077147],""world_xy_yaw"":[0.224677,1.043846,0.030317],""pnp_valid"":true,""pnp_camera_xyz"":[0.285453,-0.201386,1.274867],""pnp_camera_quat_xyzw"":[-0.034093,-0.01196,0.014246,0.999246],""pnp_camera_rpy_deg"":[-3.927442,-1.313937,1.678609],""pnp_reprojection_error_px"":0.087615}]",1,0.044357,161.528534,88.79423,,0,,0,,
2026-08-12T10:57:22.718423+00:00,5018.002079984,sway_decay_positive_0075_run03,0,"[0.0,0.0,0.0,0.0]",0,0,0,0,,,,,,,,,,,,,,,,,,,,,,,,,,,,0,,0,,,"[NaN,NaN,NaN]","[NaN,NaN,NaN,NaN]","[NaN,NaN,NaN,NaN,NaN,NaN]",0.002165,283,1,"[15,16]","[0.226184,1.115784,0.031336]","[{""tag_id"":15,""target_match"":true,""family"":""tag25h9"",""hamming"":0,""decision_margin"":159.087677,""pixel_xy"":[804.633575,204.11151],""world_xy_yaw"":[0.226184,1.115784,0.031336],""pnp_valid"":true,""pnp_camera_xyz"":[0.289359,-0.342084,1.283641],""pnp_camera_quat_xyzw"":[-0.032346,-0.013206,0.012429,0.999312],""pnp_camera_rpy_deg"":[-3.72671,-1.466397,1.472843],""pnp_reprojection_error_px"":0.054306},{""tag_id"":16,""target_match"":true,""family"":""tag25h9"",""hamming"":0,""decision_margin"":157.394501,""pixel_xy"":[803.797026,263.101312],""world_xy_yaw"":[0.224779,1.043816,0.030286],""pnp_valid"":true,""pnp_camera_xyz"":[0.285532,-0.201382,1.274563],""pnp_camera_quat_xyzw"":[-0.033833,-0.010414,0.014463,0.999269],""pnp_camera_rpy_deg"":[-3.895111,-1.136479,1.697102],""pnp_reprojection_error_px"":0.130925}]",1,0.054306,159.087677,89.238597,,0,,0,,
2026-08-12T10:57:22.768008+00:00,5018.051676435,sway_decay_positive_0075_run03,0,"[0.0,0.0,0.0,0.0]",0,0,0,0,,,,,,,,,,,,,,,,,,,,,,,,,,,,0,,0,,,"[NaN,NaN,NaN]","[NaN,NaN,NaN,NaN]","[NaN,NaN,NaN,NaN,NaN,NaN]",0.001698,284,1,"[15,16]","[0.224902,1.043826,0.029416]","[{""tag_id"":15,""target_match"":true,""family"":""tag25h9"",""hamming"":0,""decision_margin"":158.434326,""pixel_xy"":[804.720826,204.161962],""world_xy_yaw"":[0.226331,1.115722,0.031376],""pnp_valid"":true,""pnp_camera_xyz"":[0.289649,-0.342255,1.284127],""pnp_camera_quat_xyzw"":[-0.03295,-0.010295,0.013535,0.999312],""pnp_camera_rpy_deg"":[-3.792612,-1.127862,1.589355],""pnp_reprojection_error_px"":0.112883},{""tag_id"":16,""target_match"":true,""family"":""tag25h9"",""hamming"":0,""decision_margin"":158.906342,""pixel_xy"":[803.869966,263.093553],""world_xy_yaw"":[0.224902,1.043826,0.029416],""pnp_valid"":true,""pnp_camera_xyz"":[0.285515,-0.201305,1.273897],""pnp_camera_quat_xyzw"":[-0.035016,-0.00999,0.014494,0.999232],""pnp_camera_rpy_deg"":[-4.030102,-1.085812,1.700231],""pnp_reprojection_error_px"":0.137536}]",1,0.137536,158.906342,90.799139,,0,,0,,
2026-08-12T10:57:22.818580+00:00,5018.102236019,sway_decay_positive_0075_run03,0,"[0.0,0.0,0.0,0.0]",0,0,0,0,,,,,,,,,,,,,,,,,,,,,,,,,,,,0,,0,,,"[NaN,NaN,NaN]","[NaN,NaN,NaN,NaN]","[NaN,NaN,NaN,NaN,NaN,NaN]",0.001548,286,1,"[15,16]","[0.225103,1.043967,0.031011]","[{""tag_id"":15,""target_match"":true,""family"":""tag25h9"",""hamming"":0,""decision_margin"":160.307388,""pixel_xy"":[804.910403,204.120477],""world_xy_yaw"":[0.226649,1.115773,0.029664],""pnp_valid"":true,""pnp_camera_xyz"":[0.290509,-0.342892,1.286367],""pnp_camera_quat_xyzw"":[-0.029505,-0.005719,0.014931,0.999437],""pnp_camera_rpy_deg"":[-3.391077,-0.604452,1.729722],""pnp_reprojection_error_px"":0.08636},{""tag_id"":16,""target_match"":true,""family"":""tag25h9"",""hamming"":0,""decision_margin"":160.674164,""pixel_xy"":[803.989687,262.978153],""world_xy_yaw"":[0.225103,1.043967,0.031011],""pnp_valid"":true,""pnp_camera_xyz"":[0.285079,-0.200876,1.270559],""pnp_camera_quat_xyzw"":[-0.040719,-0.012004,0.01452,0.998993],""pnp_camera_rpy_deg"":[-4.687828,-1.306502,1.71888],""pnp_reprojection_error_px"":0.06198}]",1,0.06198,160.674164,87.19851,,0,,0,,
2026-08-12T10:57:22.867625+00:00,5018.151286731,sway_decay_positive_0075_run03,0,"[0.0,0.0,0.0,0.0]",0,0,0,0,,,,,,,,,,,,,,,,,,,,,,,,,,,,0,,0,,,"[NaN,NaN,NaN]","[NaN,NaN,NaN,NaN]","[NaN,NaN,NaN,NaN,NaN,NaN]",0.001047,288,1,"[15,16]","[0.225247,1.044144,0.032058]","[{""tag_id"":15,""target_match"":true,""family"":""tag25h9"",""hamming"":0,""decision_margin"":159.029114,""pixel_xy"":[805.062944,203.995711],""world_xy_yaw"":[0.226906,1.115925,0.030813],""pnp_valid"":true,""pnp_camera_xyz"":[0.290444,-0.342444,1.284353],""pnp_camera_quat_xyzw"":[-0.031208,-0.006309,0.014975,0.999381],""pnp_camera_rpy_deg"":[-3.587348,-0.668967,1.737864],""pnp_reprojection_error_px"":0.003131},{""tag_id"":16,""target_match"":true,""family"":""tag25h9"",""hamming"":0,""decision_margin"":159.836349,""pixel_xy"":[804.075476,262.83292],""world_xy_yaw"":[0.225247,1.044144,0.032058],""pnp_valid"":true,""pnp_camera_xyz"":[0.285221,-0.200895,1.270107],""pnp_camera_quat_xyzw"":[-0.041644,-0.012375,0.014486,0.998951],""pnp_camera_rpy_deg"":[-4.794494,-1.347547,1.71801],""pnp_reprojection_error_px"":0.04743}]",1,0.04743,159.836349,83.267601,,0,,0,,
2026-08-12T10:57:22.918678+00:00,5018.202331332,sway_decay_positive_0075_run03,0,"[0.0,0.0,0.0,0.0]",0,0,0,0,,,,,,,,,,,,,,,,,,,,,,,,,,,,0,,0,,,"[NaN,NaN,NaN]","[NaN,NaN,NaN,NaN]","[NaN,NaN,NaN,NaN,NaN,NaN]",0.002261,289,1,"[15,16]","[0.225339,1.044172,0.031281]","[{""tag_id"":15,""target_match"":true,""family"":""tag25h9"",""hamming"":0,""decision_margin"":161.019485,""pixel_xy"":[805.134518,203.942985],""world_xy_yaw"":[0.227026,1.11599,0.031085],""pnp_valid"":true,""pnp_camera_xyz"":[0.290441,-0.342258,1.283542],""pnp_camera_quat_xyzw"":[-0.032108,-0.007259,0.014713,0.99935],""pnp_camera_rpy_deg"":[-3.692046,-0.777144,1.71205],""pnp_reprojection_error_px"":0.04365},{""tag_id"":16,""target_match"":true,""family"":""tag25h9"",""hamming"":0,""decision_margin"":161.206192,""pixel_xy"":[804.1303,262.810046],""world_xy_yaw"":[0.225339,1.044172,0.031281],""pnp_valid"":true,""pnp_camera_xyz"":[0.285658,-0.201152,1.271556],""pnp_camera_quat_xyzw"":[-0.039253,-0.011219,0.014485,0.999061],""pnp_camera_rpy_deg"":[-4.518157,-1.219372,1.709362],""pnp_reprojection_error_px"":0.058081}]",1,0.058081,161.206192,82.920228,,0,,0,,
2026-08-12T10:57:22.968342+00:00,5018.251989894,sway_decay_positive_0075_run03,0,"[0.0,0.0,0.0,0.0]",0,0,0,0,,,,,,,,,,,,,,,,,,,,,,,,,,,,0,,0,,,"[NaN,NaN,NaN]","[NaN,NaN,NaN,NaN]","[NaN,NaN,NaN,NaN,NaN,NaN]",0.002094,290,1,"[15,16]","[0.225416,1.044193,0.031964]","[{""tag_id"":15,""target_match"":true,""family"":""tag25h9"",""hamming"":0,""decision_margin"":158.342026,""pixel_xy"":[805.237442,203.883767],""world_xy_yaw"":[0.227199,1.116062,0.030171],""pnp_valid"":true,""pnp_camera_xyz"":[0.290667,-0.342328,1.283644],""pnp_camera_quat_xyzw"":[-0.032163,-0.008465,0.014337,0.999344],""pnp_camera_rpy_deg"":[-3.700191,-0.916633,1.673439],""pnp_reprojection_error_px"":0.085773},{""tag_id"":16,""target_match"":true,""family"":""tag25h9"",""hamming"":0,""decision_margin"":159.159149,""pixel_xy"":[804.176097,262.792703],""world_xy_yaw"":[0.225416,1.044193,0.031964],""pnp_valid"":true,""pnp_camera_xyz"":[0.286127,-0.201427,1.273158],""pnp_camera_quat_xyzw"":[-0.036788,-0.010401,0.01496,0.999157],""pnp_camera_rpy_deg"":[-4.234564,-1.127814,1.757288],""pnp_reprojection_error_px"":0.065936}]",1,0.065936,159.159149,80.532236,,0,,0,,
2026-08-12T10:57:23.018663+00:00,5018.302318793,sway_decay_positive_0075_run03,0,"[0.0,0.0,0.0,0.0]",0,0,0,0,,,,,,,,,,,,,,,,,,,,,,,,,,,,0,,0,,,"[NaN,NaN,NaN]","[NaN,NaN,NaN,NaN]","[NaN,NaN,NaN,NaN,NaN,NaN]",0.001602,292,1,"[15,16]","[0.227406,1.116041,0.03197]","[{""tag_id"":15,""target_match"":true,""family"":""tag25h9"",""hamming"":0,""decision_margin"":159.587051,""pixel_xy"":[805.360867,203.901109],""world_xy_yaw"":[0.227406,1.116041,0.03197],""pnp_valid"":true,""pnp_camera_xyz"":[0.291169,-0.342596,1.284411],""pnp_camera_quat_xyzw"":[-0.032223,-0.010231,0.014376,0.999325],""pnp_camera_rpy_deg"":[-3.710179,-1.118552,1.684554],""pnp_reprojection_error_px"":0.039934},{""tag_id"":16,""target_match"":true,""family"":""tag25h9"",""hamming"":0,""decision_margin"":157.502594,""pixel_xy"":[804.286872,262.781256],""world_xy_yaw"":[0.225602,1.044207,0.031874],""pnp_valid"":true,""pnp_camera_xyz"":[0.286874,-0.201812,1.275341],""pnp_camera_quat_xyzw"":[-0.033951,-0.009391,0.015132,0.999265],""pnp_camera_rpy_deg"":[-3.907517,-1.016561,1.769849],""pnp_reprojection_error_px"":0.060171}]",1,0.039934,159.587051,79.358322,,0,,0,,
2026-08-12T10:57:23.068235+00:00,5018.351893031,sway_decay_positive_0075_run03,0,"[0.0,0.0,0.0,0.0]",0,0,0,0,,,,,,,,,,,,,,,,,,,,,,,,,,,,0,,0,,,"[NaN,NaN,NaN]","[NaN,NaN,NaN,NaN]","[NaN,NaN,NaN,NaN,NaN,NaN]",0.001397,294,1,"[15,16]","[0.225792,1.044232,0.031997]","[{""tag_id"":15,""target_match"":true,""family"":""tag25h9"",""hamming"":0,""decision_margin"":158.79335,""pixel_xy"":[805.495825,203.89717],""world_xy_yaw"":[0.227633,1.116045,0.030302],""pnp_valid"":true,""pnp_camera_xyz"":[0.291621,-0.342859,1.285063],""pnp_camera_quat_xyzw"":[-0.031199,-0.010446,0.013646,0.999365],""pnp_camera_rpy_deg"":[-3.592261,-1.147562,1.60059],""pnp_reprojection_error_px"":0.005686},{""tag_id"":16,""target_match"":true,""family"":""tag25h9"",""hamming"":0,""decision_margin"":159.250778,""pixel_xy"":[804.399946,262.760986],""world_xy_yaw"":[0.225792,1.044232,0.031997],""pnp_valid"":true,""pnp_camera_xyz"":[0.287145,-0.201858,1.275255],""pnp_camera_quat_xyzw"":[-0.033589,-0.012211,0.014465,0.999256],""pnp_camera_rpy_deg"":[-3.870368,-1.342666,1.704025],""pnp_reprojection_error_px"":0.055676}]",1,0.055676,159.250778,78.191815,,0,,0,,
2026-08-12T10:57:23.118494+00:00,5018.402149727,sway_decay_positive_0075_run03,0,"[0.0,0.0,0.0,0.0]",0,0,0,0,,,,,,,,,,,,,,,,,,,,,,,,,,,,0,,0,,,"[NaN,NaN,NaN]","[NaN,NaN,NaN,NaN]","[NaN,NaN,NaN,NaN,NaN,NaN]",0.002277,295,1,"[15,16]","[0.225868,1.044227,0.032367]","[{""tag_id"":15,""target_match"":true,""family"":""tag25h9"",""hamming"":0,""decision_margin"":158.211304,""pixel_xy"":[805.551354,203.88501],""world_xy_yaw"":[0.227726,1.11606,0.031095],""pnp_valid"":true,""pnp_camera_xyz"":[0.291791,-0.342906,1.285183],""pnp_camera_quat_xyzw"":[-0.030845,-0.010748,0.013835,0.999371],""pnp_camera_rpy_deg"":[-3.552451,-1.182045,1.622921],""pnp_reprojection_error_px"":0.011194},{""tag_id"":16,""target_match"":true,""family"":""tag25h9"",""hamming"":0,""decision_margin"":158.984711,""pixel_xy"":[804.444959,262.764339],""world_xy_yaw"":[0.225868,1.044227,0.032367],""pnp_valid"":true,""pnp_camera_xyz"":[0.287297,-0.201894,1.275341],""pnp_camera_quat_xyzw"":[-0.033682,-0.012873,0.01425,0.999248],""pnp_camera_rpy_deg"":[-3.882004,-1.419226,1.682196],""pnp_reprojection_error_px"":0.047125}]",1,0.047125,158.984711,78.506269,,0,,0,,
2026-08-12T10:57:23.167469+00:00,5018.451136987,sway_decay_positive_0075_run03,0,"[0.0,0.0,0.0,0.0]",0,0,0,0,,,,,,,,,,,,,,,,,,,,,,,,,,,,0,,0,,,"[NaN,NaN,NaN]","[NaN,NaN,NaN,NaN]","[NaN,NaN,NaN,NaN,NaN,NaN]",0.000396,297,1,"[15,16]","[0.22794,1.116009,0.032851]","[{""tag_id"":15,""target_match"":true,""family"":""tag25h9"",""hamming"":0,""decision_margin"":159.299835,""pixel_xy"":[805.678788,203.926638],""world_xy_yaw"":[0.22794,1.116009,0.032851],""pnp_valid"":true,""pnp_camera_xyz"":[0.2918,-0.342584,1.283801],""pnp_camera_quat_xyzw"":[-0.032302,-0.010767,0.014499,0.999315],""pnp_camera_rpy_deg"":[-3.720242,-1.179344,1.700769],""pnp_reprojection_error_px"":0.052983},{""tag_id"":16,""target_match"":true,""family"":""tag25h9"",""hamming"":0,""decision_margin"":158.661179,""pixel_xy"":[804.578208,262.795481],""world_xy_yaw"":[0.226091,1.04419,0.032017],""pnp_valid"":true,""pnp_camera_xyz"":[0.287867,-0.202155,1.276622],""pnp_camera_quat_xyzw"":[-0.032468,-0.010892,0.014773,0.999304],""pnp_camera_rpy_deg"":[-3.739817,-1.192414,1.732836],""pnp_reprojection_error_px"":0.017212}]",1,0.052983,159.299835,78.76199,,0,,0,,
2026-08-12T10:57:23.218444+00:00,5018.502113139,sway_decay_positive_0075_run03,0,"[0.0,0.0,0.0,0.0]",0,0,0,0,,,,,,,,,,,,,,,,,,,,,,,,,,,,0,,0,,,"[NaN,NaN,NaN]","[NaN,NaN,NaN,NaN]","[NaN,NaN,NaN,NaN,NaN,NaN]",0.002167,298,1,"[15,16]","[0.228095,1.116016,0.031221]","[{""tag_id"":15,""target_match"":true,""family"":""tag25h9"",""hamming"":0,""decision_margin"":159.982346,""pixel_xy"":[805.77094,203.921174],""world_xy_yaw"":[0.228095,1.116016,0.031221],""pnp_valid"":true,""pnp_camera_xyz"":[0.292278,-0.342978,1.285188],""pnp_camera_quat_xyzw"":[-0.031227,-0.008366,0.014931,0.999366],""pnp_camera_rpy_deg"":[-3.593147,-0.904729,1.740313],""pnp_reprojection_error_px"":0.057881},{""tag_id"":16,""target_match"":true,""family"":""tag25h9"",""hamming"":0,""decision_margin"":159.142792,""pixel_xy"":[804.628012,262.835361],""world_xy_yaw"":[0.226175,1.044141,0.033118],""pnp_valid"":true,""pnp_camera_xyz"":[0.28806,-0.202209,1.27684],""pnp_camera_quat_xyzw"":[-0.031965,-0.009323,0.015319,0.999328],""pnp_camera_rpy_deg"":[-3.679892,-1.011576,1.788951],""pnp_reprojection_error_px"":0.066833}]",1,0.057881,159.982346,78.87949,,0,,0,,
2026-08-12T10:57:23.268565+00:00,5018.552219760,sway_decay_positive_0075_run03,0,"[0.0,0.0,0.0,0.0]",0,0,0,0,,,,,,,,,,,,,,,,,,,,,,,,,,,,0,,0,,,"[NaN,NaN,NaN]","[NaN,NaN,NaN,NaN]","[NaN,NaN,NaN,NaN,NaN,NaN]",0.000206,300,1,"[15,16]","[0.226342,1.044111,0.032899]","[{""tag_id"":15,""target_match"":true,""family"":""tag25h9"",""hamming"":0,""decision_margin"":158.126419,""pixel_xy"":[805.918047,203.911835],""world_xy_yaw"":[0.228342,1.116028,0.031178],""pnp_valid"":true,""pnp_camera_xyz"":[0.29305,-0.343544,1.287163],""pnp_camera_quat_xyzw"":[-0.029245,-0.004699,0.016176,0.99943],""pnp_camera_rpy_deg"":[-3.360111,-0.483995,1.868764],""pnp_reprojection_error_px"":0.067735},{""tag_id"":16,""target_match"":true,""family"":""tag25h9"",""hamming"":0,""decision_margin"":160.93248,""pixel_xy"":[804.72747,262.859708],""world_xy_yaw"":[0.226342,1.044111,0.032899],""pnp_valid"":true,""pnp_camera_xyz"":[0.288407,-0.202366,1.277394],""pnp_camera_quat_xyzw"":[-0.032412,-0.006775,0.015769,0.999327],""pnp_camera_rpy_deg"":[-3.726853,-0.717313,1.831436],""pnp_reprojection_error_px"":0.119127}]",1,0.119127,160.93248,77.651675,,0,,0,,
2026-08-12T10:57:23.318624+00:00,5018.602277977,sway_decay_positive_0075_run03,0,"[0.0,0.0,0.0,0.0]",0,0,0,0,,,,,,,,,,,,,,,,,,,,,,,,,,,,0,,0,,,"[NaN,NaN,NaN]","[NaN,NaN,NaN,NaN]","[NaN,NaN,NaN,NaN,NaN,NaN]",0.002307,301,1,"[15,16]","[0.228425,1.11606,0.031568]","[{""tag_id"":15,""target_match"":true,""family"":""tag25h9"",""hamming"":0,""decision_margin"":160.244675,""pixel_xy"":[805.967546,203.884962],""world_xy_yaw"":[0.228425,1.11606,0.031568],""pnp_valid"":true,""pnp_camera_xyz"":[0.293135,-0.343493,1.286931],""pnp_camera_quat_xyzw"":[-0.029512,-0.004367,0.016228,0.999423],""pnp_camera_rpy_deg"":[-3.390101,-0.445302,1.873637],""pnp_reprojection_error_px"":0.043907},{""tag_id"":16,""target_match"":true,""family"":""tag25h9"",""hamming"":0,""decision_margin"":158.254593,""pixel_xy"":[804.777511,262.843085],""world_xy_yaw"":[0.226426,1.044131,0.033618],""pnp_valid"":true,""pnp_camera_xyz"":[0.288293,-0.202211,1.276263],""pnp_camera_quat_xyzw"":[-0.032879,-0.007454,0.015757,0.999307],""pnp_camera_rpy_deg"":[-3.781592,-0.794231,1.832948],""pnp_reprojection_error_px"":0.114674}]",1,0.043907,160.244675,77.050523,,0,,0,,
2026-08-12T10:57:23.368368+00:00,5018.652023989,sway_decay_positive_0075_run03,0,"[0.0,0.0,0.0,0.0]",0,0,0,0,,,,,,,,,,,,,,,,,,,,,,,,,,,,0,,0,,,"[NaN,NaN,NaN]","[NaN,NaN,NaN,NaN]","[NaN,NaN,NaN,NaN,NaN,NaN]",0.001106,303,1,"[15,16]","[0.228676,1.116189,0.032613]","[{""tag_id"":15,""target_match"":true,""family"":""tag25h9"",""hamming"":0,""decision_margin"":161.392288,""pixel_xy"":[806.116661,203.779595],""world_xy_yaw"":[0.228676,1.116189,0.032613],""pnp_valid"":true,""pnp_camera_xyz"":[0.293106,-0.343128,1.285299],""pnp_camera_quat_xyzw"":[-0.030919,-0.005939,0.016381,0.99937],""pnp_camera_rpy_deg"":[-3.554505,-0.622132,1.897471],""pnp_reprojection_error_px"":0.038435},{""tag_id"":16,""target_match"":true,""family"":""tag25h9"",""hamming"":0,""decision_margin"":158.466705,""pixel_xy"":[804.883493,262.771313],""world_xy_yaw"":[0.226604,1.044219,0.034681],""pnp_valid"":true,""pnp_camera_xyz"":[0.288349,-0.202096,1.2753],""pnp_camera_quat_xyzw"":[-0.034511,-0.008024,0.015891,0.999246],""pnp_camera_rpy_deg"":[-3.969957,-0.855975,1.851823],""pnp_reprojection_error_px"":0.066334}]",1,0.038435,161.392288,75.996782,,0,,0,,
2026-08-12T10:57:23.418188+00:00,5018.701846444,sway_decay_positive_0075_run03,0,"[0.0,0.0,0.0,0.0]",0,0,0,0,,,,,,,,,,,,,,,,,,,,,,,,,,,,0,,0,,,"[NaN,NaN,NaN]","[NaN,NaN,NaN,NaN]","[NaN,NaN,NaN,NaN,NaN,NaN]",0.001925,304,1,"[15,16]","[0.228789,1.116211,0.032727]","[{""tag_id"":15,""target_match"":true,""family"":""tag25h9"",""hamming"":0,""decision_margin"":162.898956,""pixel_xy"":[806.183827,203.761375],""world_xy_yaw"":[0.228789,1.116211,0.032727],""pnp_valid"":true,""pnp_camera_xyz"":[0.293156,-0.343007,1.284785],""pnp_camera_quat_xyzw"":[-0.031052,-0.006201,0.016276,0.999366],""pnp_camera_rpy_deg"":[-3.570095,-0.652225,1.886434],""pnp_reprojection_error_px"":0.047805},{""tag_id"":16,""target_match"":true,""family"":""tag25h9"",""hamming"":0,""decision_margin"":158.375992,""pixel_xy"":[804.93407,262.716495],""world_xy_yaw"":[0.226689,1.044286,0.034969],""pnp_valid"":true,""pnp_camera_xyz"":[0.288174,-0.201914,1.273917],""pnp_camera_quat_xyzw"":[-0.036782,-0.009919,0.015472,0.999154],""pnp_camera_rpy_deg"":[-4.233518,-1.070535,1.813874],""pnp_reprojection_error_px"":0.047226}]",1,0.047805,162.898956,76.163603,,0,,0,,
2026-08-12T10:57:23.468427+00:00,5018.752081225,sway_decay_positive_0075_run03,0,"[0.0,0.0,0.0,0.0]",0,0,0,0,,,,,,,,,,,,,,,,,,,,,,,,,,,,0,,0,,,"[NaN,NaN,NaN]","[NaN,NaN,NaN,NaN]","[NaN,NaN,NaN,NaN,NaN,NaN]",0.002102,305,1,"[15,16]","[0.228893,1.116276,0.033352]","[{""tag_id"":15,""target_match"":true,""family"":""tag25h9"",""hamming"":0,""decision_margin"":163.291626,""pixel_xy"":[806.245871,203.708285],""world_xy_yaw"":[0.228893,1.116276,0.033352],""pnp_valid"":true,""pnp_camera_xyz"":[0.293226,-0.342917,1.284357],""pnp_camera_quat_xyzw"":[-0.03193,-0.007457,0.015992,0.999334],""pnp_camera_rpy_deg"":[-3.67302,-0.795492,1.859086],""pnp_reprojection_error_px"":0.08972},{""tag_id"":16,""target_match"":true,""family"":""tag25h9"",""hamming"":0,""decision_margin"":158.969345,""pixel_xy"":[804.999843,262.698799],""world_xy_yaw"":[0.2268,1.044307,0.03441],""pnp_valid"":true,""pnp_camera_xyz"":[0.288321,-0.20195,1.274088],""pnp_camera_quat_xyzw"":[-0.036193,-0.009601,0.015738,0.999175],""pnp_camera_rpy_deg"":[-4.165686,-1.034116,1.842369],""pnp_reprojection_error_px"":0.024874}]",1,0.08972,163.291626,76.190087,,0,,0,,
2026-08-12T10:57:23.518570+00:00,5018.802224425,sway_decay_positive_0075_run03,0,"[0.0,0.0,0.0,0.0]",0,0,0,0,,,,,,,,,,,,,,,,,,,,,,,,,,,,0,,0,,,"[NaN,NaN,NaN]","[NaN,NaN,NaN,NaN]","[NaN,NaN,NaN,NaN,NaN,NaN]",0.001545,307,1,"[15,16]","[0.229097,1.11627,0.033651]","[{""tag_id"":15,""target_match"":true,""family"":""tag25h9"",""hamming"":0,""decision_margin"":160.985916,""pixel_xy"":[806.366995,203.712981],""world_xy_yaw"":[0.229097,1.11627,0.033651],""pnp_valid"":true,""pnp_camera_xyz"":[0.293502,-0.342952,1.284329],""pnp_camera_quat_xyzw"":[-0.032246,-0.009531,0.015629,0.999312],""pnp_camera_rpy_deg"":[-3.712813,-1.033701,1.825537],""pnp_reprojection_error_px"":0.066286},{""tag_id"":16,""target_match"":true,""family"":""tag25h9"",""hamming"":0,""decision_margin"":158.977921,""pixel_xy"":[805.094303,262.63502],""world_xy_yaw"":[0.226958,1.044385,0.036674],""pnp_valid"":true,""pnp_camera_xyz"":[0.288386,-0.201878,1.273276],""pnp_camera_quat_xyzw"":[-0.038095,-0.0102,0.016436,0.999087],""pnp_camera_rpy_deg"":[-4.385636,-1.096101,1.926995],""pnp_reprojection_error_px"":0.052686}]",1,0.066286,160.985916,76.044023,,0,,0,,
2026-08-12T10:57:23.568352+00:00,5018.852010133,sway_decay_positive_0075_run03,0,"[0.0,0.0,0.0,0.0]",0,0,0,0,,,,,,,,,,,,,,,,,,,,,,,,,,,,0,,0,,,"[NaN,NaN,NaN]","[NaN,NaN,NaN,NaN]","[NaN,NaN,NaN,NaN,NaN,NaN]",0.002038,308,1,"[15,16]","[0.227043,1.044405,0.035989]","[{""tag_id"":15,""target_match"":true,""family"":""tag25h9"",""hamming"":0,""decision_margin"":159.440796,""pixel_xy"":[806.436318,203.738528],""world_xy_yaw"":[0.229213,1.116239,0.033022],""pnp_valid"":true,""pnp_camera_xyz"":[0.293776,-0.34312,1.284903],""pnp_camera_quat_xyzw"":[-0.031324,-0.01101,0.015149,0.999334],""pnp_camera_rpy_deg"":[-3.609341,-1.206532,1.775041],""pnp_reprojection_error_px"":0.036567},{""tag_id"":16,""target_match"":true,""family"":""tag25h9"",""hamming"":0,""decision_margin"":161.751007,""pixel_xy"":[805.144638,262.619216],""world_xy_yaw"":[0.227043,1.044405,0.035989],""pnp_valid"":true,""pnp_camera_xyz"":[0.288628,-0.201996,1.273908],""pnp_camera_quat_xyzw"":[-0.035911,-0.011234,0.016133,0.999162],""pnp_camera_rpy_deg"":[-4.136949,-1.219968,1.894158],""pnp_reprojection_error_px"":0.054089}]",1,0.054089,161.751007,75.678584,,0,,0,,
2026-08-12T10:57:23.617819+00:00,5018.901489970,sway_decay_positive_0075_run03,0,"[0.0,0.0,0.0,0.0]",0,0,0,0,,,,,,,,,,,,,,,,,,,,,,,,,,,,0,,0,,,"[NaN,NaN,NaN]","[NaN,NaN,NaN,NaN]","[NaN,NaN,NaN,NaN,NaN,NaN]",0.000800,310,1,"[15,16]","[0.229347,1.116209,0.034114]","[{""tag_id"":15,""target_match"":true,""family"":""tag25h9"",""hamming"":0,""decision_margin"":161.307068,""pixel_xy"":[806.516033,203.763444],""world_xy_yaw"":[0.229347,1.116209,0.034114],""pnp_valid"":true,""pnp_camera_xyz"":[0.293943,-0.343072,1.284611],""pnp_camera_quat_xyzw"":[-0.031976,-0.011608,0.015056,0.999308],""pnp_camera_rpy_deg"":[-3.685105,-1.274152,1.767312],""pnp_reprojection_error_px"":0.006802},{""tag_id"":16,""target_match"":true,""family"":""tag25h9"",""hamming"":0,""decision_margin"":160.015961,""pixel_xy"":[805.251569,262.597017],""world_xy_yaw"":[0.227223,1.044432,0.035643],""pnp_valid"":true,""pnp_camera_xyz"":[0.289268,-0.202318,1.275776],""pnp_camera_quat_xyzw"":[-0.034036,-0.010124,0.016523,0.999233],""pnp_camera_rpy_deg"":[-3.920221,-1.094879,1.932104],""pnp_reprojection_error_px"":0.058718}]",1,0.006802,161.307068,74.072947,,0,,0,,
2026-08-12T10:57:23.667700+00:00,5018.951363235,sway_decay_positive_0075_run03,0,"[0.0,0.0,0.0,0.0]",0,0,0,0,,,,,,,,,,,,,,,,,,,,,,,,,,,,0,,0,,,"[NaN,NaN,NaN]","[NaN,NaN,NaN,NaN]","[NaN,NaN,NaN,NaN,NaN,NaN]",0.001555,311,1,"[15,16]","[0.229452,1.116178,0.034194]","[{""tag_id"":15,""target_match"":true,""family"":""tag25h9"",""hamming"":0,""decision_margin"":161.65506,""pixel_xy"":[806.578423,203.788524],""world_xy_yaw"":[0.229452,1.116178,0.034194],""pnp_valid"":true,""pnp_camera_xyz"":[0.293985,-0.342965,1.28418],""pnp_camera_quat_xyzw"":[-0.0322,-0.011494,0.015211,0.9993],""pnp_camera_rpy_deg"":[-3.710769,-1.26016,1.784905],""pnp_reprojection_error_px"":0.033835},{""tag_id"":16,""target_match"":true,""family"":""tag25h9"",""hamming"":0,""decision_margin"":160.910507,""pixel_xy"":[805.278762,262.593453],""world_xy_yaw"":[0.227268,1.044436,0.035957],""pnp_valid"":true,""pnp_camera_xyz"":[0.289573,-0.202469,1.276653],""pnp_camera_quat_xyzw"":[-0.032723,-0.009534,0.016331,0.999286],""pnp_camera_rpy_deg"":[-3.768246,-1.030511,1.906419],""pnp_reprojection_error_px"":0.063887}]",1,0.033835,161.65506,72.709157,,0,,0,,
2026-08-12T10:57:23.718606+00:00,5019.002260921,sway_decay_positive_0075_run03,0,"[0.0,0.0,0.0,0.0]",0,0,0,0,,,,,,,,,,,,,,,,,,,,,,,,,,,,0,,0,,,"[NaN,NaN,NaN]","[NaN,NaN,NaN,NaN]","[NaN,NaN,NaN,NaN,NaN,NaN]",0.001576,313,1,"[15,16]","[0.229683,1.116178,0.035307]","[{""tag_id"":15,""target_match"":true,""family"":""tag25h9"",""hamming"":0,""decision_margin"":160.933655,""pixel_xy"":[806.716049,203.788138],""world_xy_yaw"":[0.229683,1.116178,0.035307],""pnp_valid"":true,""pnp_camera_xyz"":[0.294672,-0.343412,1.285758],""pnp_camera_quat_xyzw"":[-0.030195,-0.007956,0.016745,0.999372],""pnp_camera_rpy_deg"":[-3.475686,-0.853215,1.945736],""pnp_reprojection_error_px"":0.045081},{""tag_id"":16,""target_match"":true,""family"":""tag25h9"",""hamming"":0,""decision_margin"":159.937973,""pixel_xy"":[805.395412,262.593085],""world_xy_yaw"":[0.227464,1.044436,0.036323],""pnp_valid"":true,""pnp_camera_xyz"":[0.289781,-0.20246,1.276426],""pnp_camera_quat_xyzw"":[-0.031708,-0.012213,0.016235,0.999291],""pnp_camera_rpy_deg"":[-3.657086,-1.339593,1.904294],""pnp_reprojection_error_px"":0.051404}]",1,0.045081,160.933655,71.359681,,0,,0,,
2026-08-12T10:57:23.768650+00:00,5019.052303408,sway_decay_positive_0075_run03,0,"[0.0,0.0,0.0,0.0]",0,0,0,0,,,,,,,,,,,,,,,,,,,,,,,,,,,,0,,0,,,"[NaN,NaN,NaN]","[NaN,NaN,NaN,NaN]","[NaN,NaN,NaN,NaN,NaN,NaN]",0.002257,314,1,"[15,16]","[0.229777,1.116137,0.034552]","[{""tag_id"":15,""target_match"":true,""family"":""tag25h9"",""hamming"":0,""decision_margin"":160.823059,""pixel_xy"":[806.772148,203.822053],""world_xy_yaw"":[0.229777,1.116137,0.034552],""pnp_valid"":true,""pnp_camera_xyz"":[0.294791,-0.343385,1.285713],""pnp_camera_quat_xyzw"":[-0.030297,-0.007369,0.01658,0.999376],""pnp_camera_rpy_deg"":[-3.486092,-0.786385,1.924866],""pnp_reprojection_error_px"":0.073163},{""tag_id"":16,""target_match"":true,""family"":""tag25h9"",""hamming"":0,""decision_margin"":160.216141,""pixel_xy"":[805.465912,262.608416],""world_xy_yaw"":[0.227583,1.044418,0.036008],""pnp_valid"":true,""pnp_camera_xyz"":[0.289769,-0.202373,1.275762],""pnp_camera_quat_xyzw"":[-0.032989,-0.012877,0.016258,0.999241],""pnp_camera_rpy_deg"":[-3.80533,-1.413166,1.911182],""pnp_reprojection_error_px"":0.025558}]",1,0.073163,160.823059,72.282434,,0,,0,,
2026-08-12T10:57:23.817170+00:00,5019.100833119,sway_decay_positive_0075_run03,0,"[0.0,0.0,0.0,0.0]",0,0,0,0,,,,,,,,,,,,,,,,,,,,,,,,,,,,0,,0,,,"[NaN,NaN,NaN]","[NaN,NaN,NaN,NaN]","[NaN,NaN,NaN,NaN,NaN,NaN]",0.000750,316,1,"[15,16]","[0.230005,1.116191,0.0355]","[{""tag_id"":15,""target_match"":true,""family"":""tag25h9"",""hamming"":0,""decision_margin"":160.899612,""pixel_xy"":[806.907463,203.77789],""world_xy_yaw"":[0.230005,1.116191,0.0355],""pnp_valid"":true,""pnp_camera_xyz"":[0.295469,-0.343826,1.287215],""pnp_camera_quat_xyzw"":[-0.029305,-0.005256,0.017475,0.999404],""pnp_camera_rpy_deg"":[-3.368676,-0.543291,2.019457],""pnp_reprojection_error_px"":0.045968},{""tag_id"":16,""target_match"":true,""family"":""tag25h9"",""hamming"":0,""decision_margin"":160.797256,""pixel_xy"":[805.585286,262.668413],""world_xy_yaw"":[0.227783,1.044345,0.036722],""pnp_valid"":true,""pnp_camera_xyz"":[0.289957,-0.202343,1.275378],""pnp_camera_quat_xyzw"":[-0.033153,-0.012924,0.01668,0.999228],""pnp_camera_rpy_deg"":[-3.824802,-1.416575,1.960009],""pnp_reprojection_error_px"":0.055122}]",1,0.045968,160.899612,72.451777,,0,,0,,
2026-08-12T10:57:23.866822+00:00,5019.150490257,sway_decay_positive_0075_run03,0,"[0.0,0.0,0.0,0.0]",0,0,0,0,,,,,,,,,,,,,,,,,,,,,,,,,,,,0,,0,,,"[NaN,NaN,NaN]","[NaN,NaN,NaN,NaN]","[NaN,NaN,NaN,NaN,NaN,NaN]",0.000904,317,1,"[15,16]","[0.230117,1.11622,0.035227]","[{""tag_id"":15,""target_match"":true,""family"":""tag25h9"",""hamming"":0,""decision_margin"":161.642761,""pixel_xy"":[806.974204,203.754006],""world_xy_yaw"":[0.230117,1.11622,0.035227],""pnp_valid"":true,""pnp_camera_xyz"":[0.295431,-0.343625,1.286411],""pnp_camera_quat_xyzw"":[-0.029726,-0.004833,0.017555,0.999392],""pnp_camera_rpy_deg"":[-3.416203,-0.493663,2.027388],""pnp_reprojection_error_px"":0.027176},{""tag_id"":16,""target_match"":true,""family"":""tag25h9"",""hamming"":0,""decision_margin"":161.125748,""pixel_xy"":[805.611965,262.684028],""world_xy_yaw"":[0.227828,1.044325,0.037568],""pnp_valid"":true,""pnp_camera_xyz"":[0.290156,-0.202422,1.275812],""pnp_camera_quat_xyzw"":[-0.033024,-0.011194,0.017009,0.999247],""pnp_camera_rpy_deg"":[-3.806911,-1.217484,1.990819],""pnp_reprojection_error_px"":0.079302}]",1,0.027176,161.642761,73.018167,,0,,0,,
2026-08-12T10:57:23.918276+00:00,5019.201934807,sway_decay_positive_0075_run03,0,"[0.0,0.0,0.0,0.0]",0,0,0,0,,,,,,,,,,,,,,,,,,,,,,,,,,,,0,,0,,,"[NaN,NaN,NaN]","[NaN,NaN,NaN,NaN]","[NaN,NaN,NaN,NaN,NaN,NaN]",0.001385,319,1,"[15,16]","[0.230318,1.116287,0.035085]","[{""tag_id"":15,""target_match"":true,""family"":""tag25h9"",""hamming"":0,""decision_margin"":159.965775,""pixel_xy"":[807.094162,203.699482],""world_xy_yaw"":[0.230318,1.116287,0.035085],""pnp_valid"":true,""pnp_camera_xyz"":[0.295849,-0.343813,1.287056],""pnp_camera_quat_xyzw"":[-0.029569,-0.003763,0.017887,0.999396],""pnp_camera_rpy_deg"":[-3.396125,-0.370392,2.061715],""pnp_reprojection_error_px"":0.021287},{""tag_id"":16,""target_match"":true,""family"":""tag25h9"",""hamming"":0,""decision_margin"":159.454086,""pixel_xy"":[805.744483,262.702715],""world_xy_yaw"":[0.228051,1.044303,0.036946],""pnp_valid"":true,""pnp_camera_xyz"":[0.2902,-0.202318,1.274939],""pnp_camera_quat_xyzw"":[-0.034227,-0.011212,0.017424,0.999199],""pnp_camera_rpy_deg"":[-3.945364,-1.21553,2.039867],""pnp_reprojection_error_px"":0.108027}]",1,0.021287,159.965775,73.863877,,0,,0,,
2026-08-12T10:57:23.968601+00:00,5019.252254868,sway_decay_positive_0075_run03,0,"[0.0,0.0,0.0,0.0]",0,0,0,0,,,,,,,,,,,,,,,,,,,,,,,,,,,,0,,0,,,"[NaN,NaN,NaN]","[NaN,NaN,NaN,NaN]","[NaN,NaN,NaN,NaN,NaN,NaN]",0.002270,320,1,"[15,16]","[0.230438,1.116323,0.035257]","[{""tag_id"":15,""target_match"":true,""family"":""tag25h9"",""hamming"":0,""decision_margin"":160.414841,""pixel_xy"":[807.165769,203.669873],""world_xy_yaw"":[0.230438,1.116323,0.035257],""pnp_valid"":true,""pnp_camera_xyz"":[0.295984,-0.343792,1.2869],""pnp_camera_quat_xyzw"":[-0.029782,-0.004395,0.01778,0.999389],""pnp_camera_rpy_deg"":[-3.421824,-0.442639,2.051657],""pnp_reprojection_error_px"":0.042245},{""tag_id"":16,""target_match"":true,""family"":""tag25h9"",""hamming"":0,""decision_margin"":159.730209,""pixel_xy"":[805.776532,262.687947],""world_xy_yaw"":[0.228105,1.044321,0.037348],""pnp_valid"":true,""pnp_camera_xyz"":[0.290444,-0.202441,1.275654],""pnp_camera_quat_xyzw"":[-0.033831,-0.010622,0.017654,0.999215],""pnp_camera_rpy_deg"":[-3.898959,-1.147918,2.063505],""pnp_reprojection_error_px"":0.097184}]",1,0.042245,160.414841,75.196202,,0,,0,,
2026-08-12T10:57:24.018411+00:00,5019.302066397,sway_decay_positive_0075_run03,0,"[0.0,0.0,0.0,0.0]",0,0,0,0,,,,,,,,,,,,,,,,,,,,,,,,,,,,0,,0,,,"[NaN,NaN,NaN]","[NaN,NaN,NaN,NaN]","[NaN,NaN,NaN,NaN,NaN,NaN]",0.001410,322,1,"[15,16]","[0.230632,1.116398,0.035828]","[{""tag_id"":15,""target_match"":true,""family"":""tag25h9"",""hamming"":0,""decision_margin"":161.881104,""pixel_xy"":[807.280865,203.607907],""world_xy_yaw"":[0.230632,1.116398,0.035828],""pnp_valid"":true,""pnp_camera_xyz"":[0.296041,-0.343537,1.28589],""pnp_camera_quat_xyzw"":[-0.030337,-0.006555,0.017262,0.999369],""pnp_camera_rpy_deg"":[-3.489596,-0.690627,2.000214],""pnp_reprojection_error_px"":0.098929},{""tag_id"":16,""target_match"":true,""family"":""tag25h9"",""hamming"":0,""decision_margin"":160.6763,""pixel_xy"":[805.837147,262.643548],""world_xy_yaw"":[0.228206,1.044375,0.039141],""pnp_valid"":true,""pnp_camera_xyz"":[0.290472,-0.202378,1.27496],""pnp_camera_quat_xyzw"":[-0.035016,-0.011288,0.017948,0.999162],""pnp_camera_rpy_deg"":[-4.036639,-1.220453,2.101155],""pnp_reprojection_error_px"":0.075819}]",1,0.098929,161.881104,74.735604,,0,,0,,
2026-08-12T10:57:24.068347+00:00,5019.351994066,sway_decay_positive_0075_run03,0,"[0.0,0.0,0.0,0.0]",0,0,0,0,,,,,,,,,,,,,,,,,,,,,,,,,,,,0,,0,,,"[NaN,NaN,NaN]","[NaN,NaN,NaN,NaN]","[NaN,NaN,NaN,NaN,NaN,NaN]",0.002117,323,1,"[15,16]","[0.230721,1.116396,0.036245]","[{""tag_id"":15,""target_match"":true,""family"":""tag25h9"",""hamming"":0,""decision_margin"":163.23439,""pixel_xy"":[807.333951,203.610004],""world_xy_yaw"":[0.230721,1.116396,0.036245],""pnp_valid"":true,""pnp_camera_xyz"":[0.296084,-0.343467,1.285562],""pnp_camera_quat_xyzw"":[-0.031276,-0.007064,0.017402,0.999334],""pnp_camera_rpy_deg"":[-3.598365,-0.746619,2.018695],""pnp_reprojection_error_px"":0.089047},{""tag_id"":16,""target_match"":true,""family"":""tag25h9"",""hamming"":0,""decision_margin"":159.316879,""pixel_xy"":[805.902561,262.612945],""world_xy_yaw"":[0.228316,1.044412,0.038895],""pnp_valid"":true,""pnp_camera_xyz"":[0.290572,-0.202378,1.274819],""pnp_camera_quat_xyzw"":[-0.035018,-0.011274,0.018043,0.99916],""pnp_camera_rpy_deg"":[-4.036917,-1.218519,2.112046],""pnp_reprojection_error_px"":0.053051}]",1,0.089047,163.23439,72.547755,,0,,0,,
2026-08-12T10:57:24.117637+00:00,5019.401303247,sway_decay_positive_0075_run03,0,"[0.0,0.0,0.0,0.0]",0,0,0,0,,,,,,,,,,,,,,,,,,,,,,,,,,,,0,,0,,,"[NaN,NaN,NaN]","[NaN,NaN,NaN,NaN]","[NaN,NaN,NaN,NaN,NaN,NaN]",0.000904,325,1,"[15,16]","[0.2285,1.044444,0.038085]","[{""tag_id"":15,""target_match"":true,""family"":""tag25h9"",""hamming"":0,""decision_margin"":160.98671,""pixel_xy"":[807.426613,203.620832],""world_xy_yaw"":[0.230877,1.116383,0.036839],""pnp_valid"":true,""pnp_camera_xyz"":[0.296218,-0.3434,1.285118],""pnp_camera_quat_xyzw"":[-0.031804,-0.009814,0.01678,0.999305],""pnp_camera_rpy_deg"":[-3.663923,-1.062717,1.958021],""pnp_reprojection_error_px"":0.056037},{""tag_id"":16,""target_match"":true,""family"":""tag25h9"",""hamming"":0,""decision_margin"":163.024918,""pixel_xy"":[806.011689,262.586515],""world_xy_yaw"":[0.2285,1.044444,0.038085],""pnp_valid"":true,""pnp_camera_xyz"":[0.290674,-0.202318,1.274292],""pnp_camera_quat_xyzw"":[-0.036201,-0.011553,0.017928,0.999117],""pnp_camera_rpy_deg"":[-4.173042,-1.248409,2.101464],""pnp_reprojection_error_px"":0.035025}]",1,0.035025,163.024918,72.905973,,0,,0,,
2026-08-12T10:57:24.167634+00:00,5019.451294519,sway_decay_positive_0075_run03,0,"[0.0,0.0,0.0,0.0]",0,0,0,0,,,,,,,,,,,,,,,,,,,,,,,,,,,,0,,0,,,"[NaN,NaN,NaN]","[NaN,NaN,NaN,NaN]","[NaN,NaN,NaN,NaN,NaN,NaN]",0.001542,326,1,"[15,16]","[0.230933,1.116352,0.035915]","[{""tag_id"":15,""target_match"":true,""family"":""tag25h9"",""hamming"":0,""decision_margin"":161.469666,""pixel_xy"":[807.460158,203.645633],""world_xy_yaw"":[0.230933,1.116352,0.035915],""pnp_valid"":true,""pnp_camera_xyz"":[0.296458,-0.343589,1.285779],""pnp_camera_quat_xyzw"":[-0.031212,-0.009696,0.016273,0.999333],""pnp_camera_rpy_deg"":[-3.595239,-1.052179,1.898849],""pnp_reprojection_error_px"":0.027672},{""tag_id"":16,""target_match"":true,""family"":""tag25h9"",""hamming"":0,""decision_margin"":161.11673,""pixel_xy"":[806.048313,262.538916],""world_xy_yaw"":[0.228561,1.044503,0.039408],""pnp_valid"":true,""pnp_camera_xyz"":[0.290388,-0.2021,1.272656],""pnp_camera_quat_xyzw"":[-0.038209,-0.013486,0.018212,0.999013],""pnp_camera_rpy_deg"":[-4.408065,-1.464257,2.145121],""pnp_reprojection_error_px"":0.004887}]",1,0.027672,161.469666,73.585664,,0,,0,,
2026-08-12T10:57:24.218395+00:00,5019.502050649,sway_decay_positive_0075_run03,0,"[0.0,0.0,0.0,0.0]",0,0,0,0,,,,,,,,,,,,,,,,,,,,,,,,,,,,0,,0,,,"[NaN,NaN,NaN]","[NaN,NaN,NaN,NaN]","[NaN,NaN,NaN,NaN,NaN,NaN]",0.001412,328,1,"[15,16]","[0.231111,1.116302,0.036248]","[{""tag_id"":15,""target_match"":true,""family"":""tag25h9"",""hamming"":0,""decision_margin"":161.731064,""pixel_xy"":[807.566108,203.687056],""world_xy_yaw"":[0.231111,1.116302,0.036248],""pnp_valid"":true,""pnp_camera_xyz"":[0.296707,-0.343638,1.28592],""pnp_camera_quat_xyzw"":[-0.031062,-0.008981,0.017026,0.999332],""pnp_camera_rpy_deg"":[-3.577479,-0.967932,1.98239],""pnp_reprojection_error_px"":0.022603},{""tag_id"":16,""target_match"":true,""family"":""tag25h9"",""hamming"":0,""decision_margin"":160.533768,""pixel_xy"":[806.118421,262.504351],""world_xy_yaw"":[0.228679,1.044545,0.039565],""pnp_valid"":true,""pnp_camera_xyz"":[0.290439,-0.202075,1.272139],""pnp_camera_quat_xyzw"":[-0.039256,-0.013958,0.018133,0.998967],""pnp_camera_rpy_deg"":[-4.529005,-1.516381,2.139758],""pnp_reprojection_error_px"":0.005726}]",1,0.022603,161.731064,75.165585,,0,,0,,
2026-08-12T10:57:24.266507+00:00,5019.550177822,sway_decay_positive_0075_run03,0,"[0.0,0.0,0.0,0.0]",0,0,0,0,,,,,,,,,,,,,,,,,,,,,,,,,,,,0,,0,,,"[NaN,NaN,NaN]","[NaN,NaN,NaN,NaN]","[NaN,NaN,NaN,NaN,NaN,NaN]",0.000646,329,1,"[15,16]","[0.231193,1.116294,0.035775]","[{""tag_id"":15,""target_match"":true,""family"":""tag25h9"",""hamming"":0,""decision_margin"":161.835815,""pixel_xy"":[807.615145,203.693677],""world_xy_yaw"":[0.231193,1.116294,0.035775],""pnp_valid"":true,""pnp_camera_xyz"":[0.297028,-0.343924,1.286866],""pnp_camera_quat_xyzw"":[-0.030288,-0.007207,0.017436,0.999363],""pnp_camera_rpy_deg"":[-3.48543,-0.764895,2.022347],""pnp_reprojection_error_px"":0.044452},{""tag_id"":16,""target_match"":true,""family"":""tag25h9"",""hamming"":0,""decision_margin"":161.359512,""pixel_xy"":[806.163705,262.47211],""world_xy_yaw"":[0.228755,1.044584,0.03907],""pnp_valid"":true,""pnp_camera_xyz"":[0.290601,-0.202123,1.27246],""pnp_camera_quat_xyzw"":[-0.038256,-0.01357,0.018136,0.999011],""pnp_camera_rpy_deg"":[-4.413521,-1.474108,2.13689],""pnp_reprojection_error_px"":0.039486}]",1,0.044452,161.835815,76.059199,,0,,0,,
2026-08-12T10:57:24.318875+00:00,5019.602526569,sway_decay_positive_0075_run03,0,"[0.0,0.0,0.0,0.0]",0,0,0,0,,,,,,,,,,,,,,,,,,,,,,,,,,,,0,,0,,,"[NaN,NaN,NaN]","[NaN,NaN,NaN,NaN]","[NaN,NaN,NaN,NaN,NaN,NaN]",0.001780,331,1,"[15,16]","[0.231327,1.116306,0.038365]","[{""tag_id"":15,""target_match"":true,""family"":""tag25h9"",""hamming"":0,""decision_margin"":162.323685,""pixel_xy"":[807.694366,203.683445],""world_xy_yaw"":[0.231327,1.116306,0.038365],""pnp_valid"":true,""pnp_camera_xyz"":[0.297338,-0.344049,1.287175],""pnp_camera_quat_xyzw"":[-0.030211,-0.005495,0.018657,0.999354],""pnp_camera_rpy_deg"":[-3.473751,-0.564675,2.156216],""pnp_reprojection_error_px"":0.05388},{""tag_id"":16,""target_match"":true,""family"":""tag25h9"",""hamming"":0,""decision_margin"":161.243179,""pixel_xy"":[806.228703,262.420099],""world_xy_yaw"":[0.228864,1.044647,0.038528],""pnp_valid"":true,""pnp_camera_xyz"":[0.291088,-0.202419,1.273913],""pnp_camera_quat_xyzw"":[-0.036016,-0.012247,0.018059,0.999113],""pnp_camera_rpy_deg"":[-4.153567,-1.327785,2.119139],""pnp_reprojection_error_px"":0.063674}]",1,0.05388,162.323685,77.103233,,0,,0,,
2026-08-12T10:57:24.368306+00:00,5019.651962495,sway_decay_positive_0075_run03,0,"[0.0,0.0,0.0,0.0]",0,0,0,0,,,,,,,,,,,,,,,,,,,,,,,,,,,,0,,0,,,"[NaN,NaN,NaN]","[NaN,NaN,NaN,NaN]","[NaN,NaN,NaN,NaN,NaN,NaN]",0.002074,332,1,"[15,16]","[0.22893,1.044639,0.038764]","[{""tag_id"":15,""target_match"":true,""family"":""tag25h9"",""hamming"":0,""decision_margin"":160.788406,""pixel_xy"":[807.756061,203.683428],""world_xy_yaw"":[0.23143,1.116306,0.03708],""pnp_valid"":true,""pnp_camera_xyz"":[0.297443,-0.344036,1.287091],""pnp_camera_quat_xyzw"":[-0.029528,-0.004664,0.018467,0.999382],""pnp_camera_rpy_deg"":[-3.393524,-0.471651,2.131219],""pnp_reprojection_error_px"":0.056012},{""tag_id"":16,""target_match"":true,""family"":""tag25h9"",""hamming"":0,""decision_margin"":161.026871,""pixel_xy"":[806.267856,262.427011],""world_xy_yaw"":[0.22893,1.044639,0.038764],""pnp_valid"":true,""pnp_camera_xyz"":[0.291235,-0.202477,1.274229],""pnp_camera_quat_xyzw"":[-0.035613,-0.011977,0.018412,0.999124],""pnp_camera_rpy_deg"":[-4.107233,-1.296236,2.157925],""pnp_reprojection_error_px"":0.054662}]",1,0.054662,161.026871,77.391897,,0,,0,,
2026-08-12T10:57:24.418640+00:00,5019.702294654,sway_decay_positive_0075_run03,0,"[0.0,0.0,0.0,0.0]",0,0,0,0,,,,,,,,,,,,,,,,,,,,,,,,,,,,0,,0,,,"[NaN,NaN,NaN]","[NaN,NaN,NaN,NaN]","[NaN,NaN,NaN,NaN,NaN,NaN]",0.001573,334,1,"[15,16]","[0.231561,1.116357,0.039138]","[{""tag_id"":15,""target_match"":true,""family"":""tag25h9"",""hamming"":0,""decision_margin"":163.277512,""pixel_xy"":[807.834095,203.641677],""world_xy_yaw"":[0.231561,1.116357,0.039138],""pnp_valid"":true,""pnp_camera_xyz"":[0.297683,-0.344109,1.287165],""pnp_camera_quat_xyzw"":[-0.029641,-0.005148,0.018951,0.999368],""pnp_camera_rpy_deg"":[-3.407843,-0.525145,2.188361],""pnp_reprojection_error_px"":0.042459},{""tag_id"":16,""target_match"":true,""family"":""tag25h9"",""hamming"":0,""decision_margin"":162.56456,""pixel_xy"":[806.335632,262.394292],""world_xy_yaw"":[0.229044,1.044679,0.038542],""pnp_valid"":true,""pnp_camera_xyz"":[0.291541,-0.202643,1.274934],""pnp_camera_quat_xyzw"":[-0.034166,-0.012166,0.01843,0.999172],""pnp_camera_rpy_deg"":[-3.941696,-1.320896,2.158874],""pnp_reprojection_error_px"":0.06534}]",1,0.042459,163.277512,78.085773,,0,,0,,
2026-08-12T10:57:24.467996+00:00,5019.751652211,sway_decay_positive_0075_run03,0,"[0.0,0.0,0.0,0.0]",0,0,0,0,,,,,,,,,,,,,,,,,,,,,,,,,,,,0,,0,,,"[NaN,NaN,NaN]","[NaN,NaN,NaN,NaN]","[NaN,NaN,NaN,NaN,NaN,NaN]",0.001930,335,1,"[15,16]","[0.229103,1.044693,0.039379]","[{""tag_id"":15,""target_match"":true,""family"":""tag25h9"",""hamming"":0,""decision_margin"":160.001297,""pixel_xy"":[807.862852,203.628494],""world_xy_yaw"":[0.23161,1.116373,0.040484],""pnp_valid"":true,""pnp_camera_xyz"":[0.297766,-0.344103,1.287059],""pnp_camera_quat_xyzw"":[-0.030164,-0.004907,0.019275,0.999347],""pnp_camera_rpy_deg"":[-3.467329,-0.495267,2.224932],""pnp_reprojection_error_px"":0.050031},{""tag_id"":16,""target_match"":true,""family"":""tag25h9"",""hamming"":0,""decision_margin"":161.743668,""pixel_xy"":[806.370954,262.382726],""world_xy_yaw"":[0.229103,1.044693,0.039379],""pnp_valid"":true,""pnp_camera_xyz"":[0.291734,-0.20275,1.275344],""pnp_camera_quat_xyzw"":[-0.032941,-0.012445,0.018641,0.999206],""pnp_camera_rpy_deg"":[-3.802231,-1.354701,2.182519],""pnp_reprojection_error_px"":0.057343}]",1,0.057343,161.743668,78.76785,,0,,0,,
2026-08-12T10:57:24.518139+00:00,5019.801800277,sway_decay_positive_0075_run03,0,"[0.0,0.0,0.0,0.0]",0,0,0,0,,,,,,,,,,,,,,,,,,,,,,,,,,,,0,,0,,,"[NaN,NaN,NaN]","[NaN,NaN,NaN,NaN]","[NaN,NaN,NaN,NaN,NaN,NaN]",0.001102,337,1,"[15,16]","[0.231813,1.116439,0.0401]","[{""tag_id"":15,""target_match"":true,""family"":""tag25h9"",""hamming"":0,""decision_margin"":159.55481,""pixel_xy"":[807.983654,203.574198],""world_xy_yaw"":[0.231813,1.116439,0.0401],""pnp_valid"":true,""pnp_camera_xyz"":[0.298189,-0.344351,1.287688],""pnp_camera_quat_xyzw"":[-0.030187,-0.004688,0.019211,0.999349],""pnp_camera_rpy_deg"":[-3.469518,-0.47044,2.216856],""pnp_reprojection_error_px"":0.036572},{""tag_id"":16,""target_match"":true,""family"":""tag25h9"",""hamming"":0,""decision_margin"":159.399918,""pixel_xy"":[806.449058,262.388],""world_xy_yaw"":[0.229234,1.044687,0.038439],""pnp_valid"":true,""pnp_camera_xyz"":[0.29215,-0.202964,1.276436],""pnp_camera_quat_xyzw"":[-0.030939,-0.01039,0.018712,0.999292],""pnp_camera_rpy_deg"":[-3.568131,-1.123473,2.180446],""pnp_reprojection_error_px"":0.037821}]",1,0.036572,159.55481,78.545072,,0,,0,,
2026-08-12T10:57:24.567696+00:00,5019.851358105,sway_decay_positive_0075_run03,0,"[0.0,0.0,0.0,0.0]",0,0,0,0,,,,,,,,,,,,,,,,,,,,,,,,,,,,0,,0,,,"[NaN,NaN,NaN]","[NaN,NaN,NaN,NaN]","[NaN,NaN,NaN,NaN,NaN,NaN]",0.001574,338,1,"[15,16]","[0.229304,1.044653,0.039794]","[{""tag_id"":15,""target_match"":true,""family"":""tag25h9"",""hamming"":0,""decision_margin"":158.375778,""pixel_xy"":[808.022066,203.556018],""world_xy_yaw"":[0.231877,1.116462,0.040355],""pnp_valid"":true,""pnp_camera_xyz"":[0.298497,-0.344593,1.288597],""pnp_camera_quat_xyzw"":[-0.029217,-0.003068,0.019696,0.999374],""pnp_camera_rpy_deg"":[-3.354811,-0.285405,2.266429],""pnp_reprojection_error_px"":0.037871},{""tag_id"":16,""target_match"":true,""family"":""tag25h9"",""hamming"":0,""decision_margin"":159.130951,""pixel_xy"":[806.490741,262.415804],""world_xy_yaw"":[0.229304,1.044653,0.039794],""pnp_valid"":true,""pnp_camera_xyz"":[0.292179,-0.202921,1.276079],""pnp_camera_quat_xyzw"":[-0.031978,-0.010949,0.019179,0.999245],""pnp_camera_rpy_deg"":[-3.688989,-1.183541,2.237303],""pnp_reprojection_error_px"":0.011982}]",1,0.011982,159.130951,77.014262,,0,,0,,
2026-08-12T10:57:24.618445+00:00,5019.902099813,sway_decay_positive_0075_run03,0,"[0.0,0.0,0.0,0.0]",0,0,0,0,,,,,,,,,,,,,,,,,,,,,,,,,,,,0,,0,,,"[NaN,NaN,NaN]","[NaN,NaN,NaN,NaN]","[NaN,NaN,NaN,NaN,NaN,NaN]",0.001467,340,1,"[15,16]","[0.229414,1.044654,0.04104]","[{""tag_id"":15,""target_match"":true,""family"":""tag25h9"",""hamming"":0,""decision_margin"":161.609467,""pixel_xy"":[808.131197,203.492138],""world_xy_yaw"":[0.23206,1.11654,0.041499],""pnp_valid"":true,""pnp_camera_xyz"":[0.298714,-0.344581,1.288316],""pnp_camera_quat_xyzw"":[-0.029346,-0.003526,0.019865,0.999366],""pnp_camera_rpy_deg"":[-3.37075,-0.336973,2.287423],""pnp_reprojection_error_px"":0.064738},{""tag_id"":16,""target_match"":true,""family"":""tag25h9"",""hamming"":0,""decision_margin"":162.652481,""pixel_xy"":[806.555866,262.414547],""world_xy_yaw"":[0.229414,1.044654,0.04104],""pnp_valid"":true,""pnp_camera_xyz"":[0.292297,-0.202945,1.275661],""pnp_camera_quat_xyzw"":[-0.032184,-0.01071,0.019205,0.99924],""pnp_camera_rpy_deg"":[-3.71214,-1.155638,2.239575],""pnp_reprojection_error_px"":0.040659}]",1,0.040659,162.652481,79.218189,,0,,0,,
2026-08-12T10:57:24.668420+00:00,5019.952075765,sway_decay_positive_0075_run03,0,"[0.0,0.0,0.0,0.0]",0,0,0,0,,,,,,,,,,,,,,,,,,,,,,,,,,,,0,,0,,,"[NaN,NaN,NaN]","[NaN,NaN,NaN,NaN]","[NaN,NaN,NaN,NaN,NaN,NaN]",0.002099,341,1,"[15,16]","[0.23214,1.116565,0.042271]","[{""tag_id"":15,""target_match"":true,""family"":""tag25h9"",""hamming"":0,""decision_margin"":161.683746,""pixel_xy"":[808.178458,203.471487],""world_xy_yaw"":[0.23214,1.116565,0.042271],""pnp_valid"":true,""pnp_camera_xyz"":[0.298584,-0.344328,1.287252],""pnp_camera_quat_xyzw"":[-0.030653,-0.004535,0.019924,0.999321],""pnp_camera_rpy_deg"":[-3.522845,-0.449313,2.298158],""pnp_reprojection_error_px"":0.071237},{""tag_id"":16,""target_match"":true,""family"":""tag25h9"",""hamming"":0,""decision_margin"":160.052124,""pixel_xy"":[806.600454,262.414648],""world_xy_yaw"":[0.229489,1.044654,0.041366],""pnp_valid"":true,""pnp_camera_xyz"":[0.292398,-0.202975,1.27565],""pnp_camera_quat_xyzw"":[-0.032666,-0.010275,0.019459,0.999224],""pnp_camera_rpy_deg"":[-3.766635,-1.103688,2.26762],""pnp_reprojection_error_px"":0.053677}]",1,0.071237,161.683746,79.781573,,0,,0,,
2026-08-12T10:57:24.718542+00:00,5020.002197118,sway_decay_positive_0075_run03,0,"[0.0,0.0,0.0,0.0]",0,0,0,0,,,,,,,,,,,,,,,,,,,,,,,,,,,,0,,0,,,"[NaN,NaN,NaN]","[NaN,NaN,NaN,NaN]","[NaN,NaN,NaN,NaN,NaN,NaN]",0.001568,343,1,"[15,16]","[0.232365,1.11661,0.041197]","[{""tag_id"":15,""target_match"":true,""family"":""tag25h9"",""hamming"":0,""decision_margin"":161.2668,""pixel_xy"":[808.312696,203.434142],""world_xy_yaw"":[0.232365,1.11661,0.041197],""pnp_valid"":true,""pnp_camera_xyz"":[0.298675,-0.34414,1.286323],""pnp_camera_quat_xyzw"":[-0.031454,-0.006656,0.018902,0.999304],""pnp_camera_rpy_deg"":[-3.618904,-0.694055,2.189133],""pnp_reprojection_error_px"":0.077691},{""tag_id"":16,""target_match"":true,""family"":""tag25h9"",""hamming"":0,""decision_margin"":158.635773,""pixel_xy"":[806.698973,262.417606],""world_xy_yaw"":[0.229654,1.044651,0.041864],""pnp_valid"":true,""pnp_camera_xyz"":[0.292545,-0.202949,1.275241],""pnp_camera_quat_xyzw"":[-0.032598,-0.011146,0.019467,0.999217],""pnp_camera_rpy_deg"":[-3.760904,-1.203625,2.271773],""pnp_reprojection_error_px"":0.074305}]",1,0.077691,161.2668,81.155672,,0,,0,,
2026-08-12T10:57:24.768497+00:00,5020.052152479,sway_decay_positive_0075_run03,0,"[0.0,0.0,0.0,0.0]",0,0,0,0,,,,,,,,,,,,,,,,,,,,,,,,,,,,0,,0,,,"[NaN,NaN,NaN]","[NaN,NaN,NaN,NaN]","[NaN,NaN,NaN,NaN,NaN,NaN]",0.002254,344,1,"[15,16]","[0.232461,1.116621,0.041622]","[{""tag_id"":15,""target_match"":true,""family"":""tag25h9"",""hamming"":0,""decision_margin"":163.842422,""pixel_xy"":[808.369437,203.425265],""world_xy_yaw"":[0.232461,1.116621,0.041622],""pnp_valid"":true,""pnp_camera_xyz"":[0.298666,-0.344005,1.285734],""pnp_camera_quat_xyzw"":[-0.032163,-0.008467,0.018686,0.999272],""pnp_camera_rpy_deg"":[-3.704132,-0.900721,2.171689],""pnp_reprojection_error_px"":0.075479},{""tag_id"":16,""target_match"":true,""family"":""tag25h9"",""hamming"":0,""decision_margin"":161.065521,""pixel_xy"":[806.75649,262.391435],""world_xy_yaw"":[0.229751,1.044682,0.041081],""pnp_valid"":true,""pnp_camera_xyz"":[0.292705,-0.203007,1.275428],""pnp_camera_quat_xyzw"":[-0.032888,-0.011077,0.01926,0.999212],""pnp_camera_rpy_deg"":[-3.793714,-1.195884,2.248163],""pnp_reprojection_error_px"":0.058616}]",1,0.075479,163.842422,79.276642,,0,,0,,
2026-08-12T10:57:24.818597+00:00,5020.102252919,sway_decay_positive_0075_run03,0,"[0.0,0.0,0.0,0.0]",0,0,0,0,,,,,,,,,,,,,,,,,,,,,,,,,,,,0,,0,,,"[NaN,NaN,NaN]","[NaN,NaN,NaN,NaN]","[NaN,NaN,NaN,NaN,NaN,NaN]",0.001593,346,1,"[15,16]","[0.232651,1.116576,0.042171]","[{""tag_id"":15,""target_match"":true,""family"":""tag25h9"",""hamming"":0,""decision_margin"":162.348679,""pixel_xy"":[808.482962,203.462603],""world_xy_yaw"":[0.232651,1.116576,0.042171],""pnp_valid"":true,""pnp_camera_xyz"":[0.299094,-0.344239,1.286313],""pnp_camera_quat_xyzw"":[-0.031688,-0.007904,0.018898,0.999288],""pnp_camera_rpy_deg"":[-3.648603,-0.83651,2.19349],""pnp_reprojection_error_px"":0.053645},{""tag_id"":16,""target_match"":true,""family"":""tag25h9"",""hamming"":0,""decision_margin"":160.89389,""pixel_xy"":[806.845844,262.371643],""world_xy_yaw"":[0.229901,1.044707,0.041894],""pnp_valid"":true,""pnp_camera_xyz"":[0.292876,-0.203051,1.275259],""pnp_camera_quat_xyzw"":[-0.032776,-0.010627,0.019744,0.999211],""pnp_camera_rpy_deg"":[-3.780385,-1.142766,2.301752],""pnp_reprojection_error_px"":0.069337}]",1,0.053645,162.348679,80.246927,,0,,0,,
2026-08-12T10:57:24.868425+00:00,5020.152080214,sway_decay_positive_0075_run03,0,"[0.0,0.0,0.0,0.0]",0,0,0,0,,,,,,,,,,,,,,,,,,,,,,,,,,,,0,,0,,,"[NaN,NaN,NaN]","[NaN,NaN,NaN,NaN]","[NaN,NaN,NaN,NaN,NaN,NaN]",0.002121,347,1,"[15,16]","[0.232778,1.116569,0.042542]","[{""tag_id"":15,""target_match"":true,""family"":""tag25h9"",""hamming"":0,""decision_margin"":162.155441,""pixel_xy"":[808.558118,203.467732],""world_xy_yaw"":[0.232778,1.116569,0.042542],""pnp_valid"":true,""pnp_camera_xyz"":[0.299138,-0.344141,1.285836],""pnp_camera_quat_xyzw"":[-0.031784,-0.008051,0.019294,0.999276],""pnp_camera_rpy_deg"":[-3.660247,-0.851672,2.239423],""pnp_reprojection_error_px"":0.051785},{""tag_id"":16,""target_match"":true,""family"":""tag25h9"",""hamming"":0,""decision_margin"":158.287643,""pixel_xy"":[806.892357,262.336474],""world_xy_yaw"":[0.229979,1.044749,0.043501],""pnp_valid"":true,""pnp_camera_xyz"":[0.292989,-0.203056,1.275108],""pnp_camera_quat_xyzw"":[-0.033068,-0.010945,0.020063,0.999192],""pnp_camera_rpy_deg"":[-3.815014,-1.177226,2.339783],""pnp_reprojection_error_px"":0.052962}]",1,0.051785,162.155441,78.650065,,0,,0,,
2026-08-12T10:57:24.917587+00:00,5020.201257720,sway_decay_positive_0075_run03,0,"[0.0,0.0,0.0,0.0]",0,0,0,0,,,,,,,,,,,,,,,,,,,,,,,,,,,,0,,0,,,"[NaN,NaN,NaN]","[NaN,NaN,NaN,NaN]","[NaN,NaN,NaN,NaN,NaN,NaN]",0.001008,349,1,"[15,16]","[0.230197,1.044806,0.042727]","[{""tag_id"":15,""target_match"":true,""family"":""tag25h9"",""hamming"":0,""decision_margin"":159.913254,""pixel_xy"":[808.712138,203.456574],""world_xy_yaw"":[0.233036,1.116583,0.042717],""pnp_valid"":true,""pnp_camera_xyz"":[0.299857,-0.344641,1.287553],""pnp_camera_quat_xyzw"":[-0.030216,-0.005454,0.020578,0.999317],""pnp_camera_rpy_deg"":[-3.475241,-0.553318,2.376086],""pnp_reprojection_error_px"":0.042412},{""tag_id"":16,""target_match"":true,""family"":""tag25h9"",""hamming"":0,""decision_margin"":160.537766,""pixel_xy"":[807.022025,262.290171],""world_xy_yaw"":[0.230197,1.044806,0.042727],""pnp_valid"":true,""pnp_camera_xyz"":[0.293257,-0.203118,1.275101],""pnp_camera_quat_xyzw"":[-0.033365,-0.010886,0.020035,0.999183],""pnp_camera_rpy_deg"":[-3.848952,-1.169944,2.336749],""pnp_reprojection_error_px"":0.029005}]",1,0.029005,160.537766,80.337898,,0,,0,,
2026-08-12T10:57:24.968472+00:00,5020.252127552,sway_decay_positive_0075_run03,0,"[0.0,0.0,0.0,0.0]",0,0,0,0,,,,,,,,,,,,,,,,,,,,,,,,,,,,0,,0,,,"[NaN,NaN,NaN]","[NaN,NaN,NaN,NaN]","[NaN,NaN,NaN,NaN,NaN,NaN]",0.002257,350,1,"[15,16]","[0.233181,1.116605,0.043051]","[{""tag_id"":15,""target_match"":true,""family"":""tag25h9"",""hamming"":0,""decision_margin"":163.356689,""pixel_xy"":[808.79835,203.438728],""world_xy_yaw"":[0.233181,1.116605,0.043051],""pnp_valid"":true,""pnp_camera_xyz"":[0.300028,-0.344639,1.287465],""pnp_camera_quat_xyzw"":[-0.03079,-0.004905,0.021027,0.999293],""pnp_camera_rpy_deg"":[-3.539956,-0.487447,2.425939],""pnp_reprojection_error_px"":0.032241},{""tag_id"":16,""target_match"":true,""family"":""tag25h9"",""hamming"":0,""decision_margin"":160.95993,""pixel_xy"":[807.078396,262.248335],""world_xy_yaw"":[0.230292,1.044857,0.042911],""pnp_valid"":true,""pnp_camera_xyz"":[0.293347,-0.203103,1.274803],""pnp_camera_quat_xyzw"":[-0.033654,-0.010885,0.019827,0.999178],""pnp_camera_rpy_deg"":[-3.881855,-1.169969,2.313223],""pnp_reprojection_error_px"":0.023944}]",1,0.032241,163.356689,78.396897,,0,,0,,
2026-08-12T10:57:25.018537+00:00,5020.302209366,sway_decay_positive_0075_run03,0,"[0.0,0.0,0.0,0.0]",0,0,0,0,,,,,,,,,,,,,,,,,,,,,,,,,,,,0,,0,,,"[NaN,NaN,NaN]","[NaN,NaN,NaN,NaN]","[NaN,NaN,NaN,NaN,NaN,NaN]",0.001523,352,1,"[15,16]","[0.230499,1.044944,0.043529]","[{""tag_id"":15,""target_match"":true,""family"":""tag25h9"",""hamming"":0,""decision_margin"":160.130066,""pixel_xy"":[808.939545,203.419409],""world_xy_yaw"":[0.233418,1.116628,0.042867],""pnp_valid"":true,""pnp_camera_xyz"":[0.300441,-0.34477,1.287767],""pnp_camera_quat_xyzw"":[-0.029983,-0.004929,0.020837,0.999321],""pnp_camera_rpy_deg"":[-3.447458,-0.492893,2.403801],""pnp_reprojection_error_px"":0.036438},{""tag_id"":16,""target_match"":true,""family"":""tag25h9"",""hamming"":0,""decision_margin"":161.159378,""pixel_xy"":[807.201851,262.176679],""world_xy_yaw"":[0.230499,1.044944,0.043529],""pnp_valid"":true,""pnp_camera_xyz"":[0.293543,-0.203069,1.274342],""pnp_camera_quat_xyzw"":[-0.03448,-0.012004,0.019759,0.999138],""pnp_camera_rpy_deg"":[-3.979065,-1.296467,2.310957],""pnp_reprojection_error_px"":0.06488}]",1,0.06488,161.159378,77.675925,,0,,0,,
2026-08-12T10:57:25.068494+00:00,5020.352149788,sway_decay_positive_0075_run03,0,"[0.0,0.0,0.0,0.0]",0,0,0,0,,,,,,,,,,,,,,,,,,,,,,,,,,,,0,,0,,,"[NaN,NaN,NaN]","[NaN,NaN,NaN,NaN]","[NaN,NaN,NaN,NaN,NaN,NaN]",0.002344,353,1,"[15,16]","[0.230594,1.044991,0.044106]","[{""tag_id"":15,""target_match"":true,""family"":""tag25h9"",""hamming"":0,""decision_margin"":159.744186,""pixel_xy"":[809.011209,203.389591],""world_xy_yaw"":[0.233539,1.116665,0.044044],""pnp_valid"":true,""pnp_camera_xyz"":[0.30065,-0.344837,1.287872],""pnp_camera_quat_xyzw"":[-0.029179,-0.005201,0.021184,0.999336],""pnp_camera_rpy_deg"":[-3.356113,-0.524806,2.444094],""pnp_reprojection_error_px"":0.032836},{""tag_id"":16,""target_match"":true,""family"":""tag25h9"",""hamming"":0,""decision_margin"":161.069305,""pixel_xy"":[807.258348,262.138856],""world_xy_yaw"":[0.230594,1.044991,0.044106],""pnp_valid"":true,""pnp_camera_xyz"":[0.293574,-0.20304,1.273964],""pnp_camera_quat_xyzw"":[-0.034771,-0.013036,0.020008,0.99911],""pnp_camera_rpy_deg"":[-4.015319,-1.412924,2.343963],""pnp_reprojection_error_px"":0.085649}]",1,0.085649,161.069305,77.402401,,0,,0,,
2026-08-12T10:57:25.118595+00:00,5020.402251724,sway_decay_positive_0075_run03,0,"[0.0,0.0,0.0,0.0]",0,0,0,0,,,,,,,,,,,,,,,,,,,,,,,,,,,,0,,0,,,"[NaN,NaN,NaN]","[NaN,NaN,NaN,NaN]","[NaN,NaN,NaN,NaN,NaN,NaN]",0.001600,355,1,"[15,16]","[0.230807,1.044938,0.04387]","[{""tag_id"":15,""target_match"":true,""family"":""tag25h9"",""hamming"":0,""decision_margin"":160.792664,""pixel_xy"":[809.165411,203.366827],""world_xy_yaw"":[0.233798,1.116692,0.044226],""pnp_valid"":true,""pnp_camera_xyz"":[0.300864,-0.344682,1.287313],""pnp_camera_quat_xyzw"":[-0.030633,-0.005006,0.021527,0.999286],""pnp_camera_rpy_deg"":[-3.522443,-0.497656,2.483512],""pnp_reprojection_error_px"":0.023806},{""tag_id"":16,""target_match"":true,""family"":""tag25h9"",""hamming"":0,""decision_margin"":160.884201,""pixel_xy"":[807.384883,262.181941],""world_xy_yaw"":[0.230807,1.044938,0.04387],""pnp_valid"":true,""pnp_camera_xyz"":[0.294316,-0.203403,1.275952],""pnp_camera_quat_xyzw"":[-0.032139,-0.010765,0.020471,0.999216],""pnp_camera_rpy_deg"":[-3.708516,-1.157264,2.384732],""pnp_reprojection_error_px"":0.026226}]",1,0.026226,160.884201,78.404034,,0,,0,,
2026-08-12T10:57:25.168162+00:00,5020.451820028,sway_decay_positive_0075_run03,0,"[0.0,0.0,0.0,0.0]",0,0,0,0,,,,,,,,,,,,,,,,,,,,,,,,,,,,0,,0,,,"[NaN,NaN,NaN]","[NaN,NaN,NaN,NaN]","[NaN,NaN,NaN,NaN,NaN,NaN]",0.002037,356,1,"[15,16]","[0.233923,1.116745,0.044018]","[{""tag_id"":15,""target_match"":true,""family"":""tag25h9"",""hamming"":0,""decision_margin"":160.779572,""pixel_xy"":[809.239923,203.323357],""world_xy_yaw"":[0.233923,1.116745,0.044018],""pnp_valid"":true,""pnp_camera_xyz"":[0.300841,-0.344519,1.286556],""pnp_camera_quat_xyzw"":[-0.030936,-0.006413,0.021242,0.999275],""pnp_camera_rpy_deg"":[-3.560602,-0.659107,2.455983],""pnp_reprojection_error_px"":0.040014},{""tag_id"":16,""target_match"":true,""family"":""tag25h9"",""hamming"":0,""decision_margin"":160.643204,""pixel_xy"":[807.434109,262.210899],""world_xy_yaw"":[0.230889,1.044903,0.044857],""pnp_valid"":true,""pnp_camera_xyz"":[0.294505,-0.203441,1.276153],""pnp_camera_quat_xyzw"":[-0.032228,-0.010051,0.020818,0.999213],""pnp_camera_rpy_deg"":[-3.717389,-1.073999,2.422007],""pnp_reprojection_error_px"":0.032429}]",1,0.040014,160.779572,79.657452,,0,,0,,
2026-08-12T10:57:25.218458+00:00,5020.502114071,sway_decay_positive_0075_run03,0,"[0.0,0.0,0.0,0.0]",0,0,0,0,,,,,,,,,,,,,,,,,,,,,,,,,,,,0,,0,,,"[NaN,NaN,NaN]","[NaN,NaN,NaN,NaN]","[NaN,NaN,NaN,NaN,NaN,NaN]",0.001589,358,1,"[15,16]","[0.231122,1.044892,0.045018]","[{""tag_id"":15,""target_match"":true,""family"":""tag25h9"",""hamming"":0,""decision_margin"":160.537888,""pixel_xy"":[809.394102,203.287279],""world_xy_yaw"":[0.234182,1.11679,0.044139],""pnp_valid"":true,""pnp_camera_xyz"":[0.300814,-0.344103,1.284844],""pnp_camera_quat_xyzw"":[-0.032658,-0.00887,0.020507,0.999217],""pnp_camera_rpy_deg"":[-3.763409,-0.938952,2.382239],""pnp_reprojection_error_px"":0.058399},{""tag_id"":16,""target_match"":true,""family"":""tag25h9"",""hamming"":0,""decision_margin"":162.184296,""pixel_xy"":[807.572762,262.219748],""world_xy_yaw"":[0.231122,1.044892,0.045018],""pnp_valid"":true,""pnp_camera_xyz"":[0.294657,-0.203369,1.275509],""pnp_camera_quat_xyzw"":[-0.032954,-0.010918,0.021021,0.999176],""pnp_camera_rpy_deg"":[-3.80298,-1.170771,2.449274],""pnp_reprojection_error_px"":0.04049}]",1,0.04049,162.184296,79.891395,,0,,0,,
2026-08-12T10:57:25.268556+00:00,5020.552212250,sway_decay_positive_0075_run03,0,"[0.0,0.0,0.0,0.0]",0,0,0,0,,,,,,,,,,,,,,,,,,,,,,,,,,,,0,,0,,,"[NaN,NaN,NaN]","[NaN,NaN,NaN,NaN]","[NaN,NaN,NaN,NaN,NaN,NaN]",0.002297,359,1,"[15,16]","[0.234297,1.116752,0.0441]","[{""tag_id"":15,""target_match"":true,""family"":""tag25h9"",""hamming"":0,""decision_margin"":161.38739,""pixel_xy"":[809.462683,203.318055],""world_xy_yaw"":[0.234297,1.116752,0.0441],""pnp_valid"":true,""pnp_camera_xyz"":[0.301032,-0.344186,1.285007],""pnp_camera_quat_xyzw"":[-0.03222,-0.008257,0.020506,0.999236],""pnp_camera_rpy_deg"":[-3.711777,-0.869773,2.379476],""pnp_reprojection_error_px"":0.024823},{""tag_id"":16,""target_match"":true,""family"":""tag25h9"",""hamming"":0,""decision_margin"":161.115097,""pixel_xy"":[807.631106,262.240717],""world_xy_yaw"":[0.23122,1.044866,0.045108],""pnp_valid"":true,""pnp_camera_xyz"":[0.294979,-0.203499,1.276233],""pnp_camera_quat_xyzw"":[-0.032547,-0.010235,0.021011,0.999197],""pnp_camera_rpy_deg"":[-3.754635,-1.093567,2.445106],""pnp_reprojection_error_px"":0.068926}]",1,0.024823,161.38739,80.910113,,0,,0,,
2026-08-12T10:57:25.318603+00:00,5020.602258588,sway_decay_positive_0075_run03,0,"[0.0,0.0,0.0,0.0]",0,0,0,0,,,,,,,,,,,,,,,,,,,,,,,,,,,,0,,0,,,"[NaN,NaN,NaN]","[NaN,NaN,NaN,NaN]","[NaN,NaN,NaN,NaN,NaN,NaN]",0.001604,361,1,"[15,16]","[0.234582,1.116699,0.04291]","[{""tag_id"":15,""target_match"":true,""family"":""tag25h9"",""hamming"":0,""decision_margin"":163.487106,""pixel_xy"":[809.632002,203.361725],""world_xy_yaw"":[0.234582,1.116699,0.04291],""pnp_valid"":true,""pnp_camera_xyz"":[0.301712,-0.34457,1.286452],""pnp_camera_quat_xyzw"":[-0.031401,-0.00634,0.021101,0.999264],""pnp_camera_rpy_deg"":[-3.613551,-0.650022,2.43995],""pnp_reprojection_error_px"":0.036041},{""tag_id"":16,""target_match"":true,""family"":""tag25h9"",""hamming"":0,""decision_margin"":160.998047,""pixel_xy"":[807.744052,262.224752],""world_xy_yaw"":[0.23141,1.044886,0.045586],""pnp_valid"":true,""pnp_camera_xyz"":[0.295121,-0.203427,1.27564],""pnp_camera_quat_xyzw"":[-0.032709,-0.011529,0.020879,0.99918],""pnp_camera_rpy_deg"":[-3.776329,-1.241936,2.435114],""pnp_reprojection_error_px"":0.065807}]",1,0.036041,163.487106,79.083858,,0,,0,,
2026-08-12T10:57:25.368385+00:00,5020.652040074,sway_decay_positive_0075_run03,0,"[0.0,0.0,0.0,0.0]",0,0,0,0,,,,,,,,,,,,,,,,,,,,,,,,,,,,0,,0,,,"[NaN,NaN,NaN]","[NaN,NaN,NaN,NaN]","[NaN,NaN,NaN,NaN,NaN,NaN]",0.002209,362,1,"[15,16]","[0.231514,1.044891,0.045806]","[{""tag_id"":15,""target_match"":true,""family"":""tag25h9"",""hamming"":0,""decision_margin"":160.397171,""pixel_xy"":[809.674403,203.370528],""world_xy_yaw"":[0.234653,1.116688,0.044649],""pnp_valid"":true,""pnp_camera_xyz"":[0.302043,-0.344777,1.287228],""pnp_camera_quat_xyzw"":[-0.030506,-0.005888,0.021588,0.999284],""pnp_camera_rpy_deg"":[-3.510205,-0.598809,2.493539],""pnp_reprojection_error_px"":0.048685},{""tag_id"":16,""target_match"":true,""family"":""tag25h9"",""hamming"":0,""decision_margin"":160.531616,""pixel_xy"":[807.805686,262.220661],""world_xy_yaw"":[0.231514,1.044891,0.045806],""pnp_valid"":true,""pnp_camera_xyz"":[0.295286,-0.20344,1.275777],""pnp_camera_quat_xyzw"":[-0.033106,-0.011548,0.021094,0.999162],""pnp_camera_rpy_deg"":[-3.822155,-1.242308,2.460281],""pnp_reprojection_error_px"":0.056809}]",1,0.056809,160.531616,79.915223,,0,,0,,
2026-08-12T10:57:25.417888+00:00,5020.701547505,sway_decay_positive_0075_run03,0,"[0.0,0.0,0.0,0.0]",0,0,0,0,,,,,,,,,,,,,,,,,,,,,,,,,,,,0,,0,,,"[NaN,NaN,NaN]","[NaN,NaN,NaN,NaN]","[NaN,NaN,NaN,NaN,NaN,NaN]",0.001136,364,1,"[15,16]","[0.231679,1.044919,0.046594]","[{""tag_id"":15,""target_match"":true,""family"":""tag25h9"",""hamming"":0,""decision_margin"":161.598129,""pixel_xy"":[809.808267,203.339004],""world_xy_yaw"":[0.234878,1.116726,0.044837],""pnp_valid"":true,""pnp_camera_xyz"":[0.302407,-0.344847,1.287446],""pnp_camera_quat_xyzw"":[-0.029396,-0.005345,0.021845,0.999315],""pnp_camera_rpy_deg"":[-3.381761,-0.538521,2.520445],""pnp_reprojection_error_px"":0.025419},{""tag_id"":16,""target_match"":true,""family"":""tag25h9"",""hamming"":0,""decision_margin"":163.095871,""pixel_xy"":[807.904458,262.197168],""world_xy_yaw"":[0.231679,1.044919,0.046594],""pnp_valid"":true,""pnp_camera_xyz"":[0.295676,-0.203544,1.276377],""pnp_camera_quat_xyzw"":[-0.0312,-0.010128,0.021521,0.99923],""pnp_camera_rpy_deg"":[-3.600529,-1.082863,2.501706],""pnp_reprojection_error_px"":0.04654}]",1,0.04654,163.095871,78.089527,,0,,0,,
2026-08-12T10:57:25.468532+00:00,5020.752185730,sway_decay_positive_0075_run03,0,"[0.0,0.0,0.0,0.0]",0,0,0,0,,,,,,,,,,,,,,,,,,,,,,,,,,,,0,,0,,,"[NaN,NaN,NaN]","[NaN,NaN,NaN,NaN]","[NaN,NaN,NaN,NaN,NaN,NaN]",0.002289,365,1,"[15,16]","[0.231821,1.044932,0.045199]","[{""tag_id"":15,""target_match"":true,""family"":""tag25h9"",""hamming"":0,""decision_margin"":160.057388,""pixel_xy"":[809.878305,203.346742],""world_xy_yaw"":[0.234996,1.116717,0.044606],""pnp_valid"":true,""pnp_camera_xyz"":[0.302678,-0.344966,1.28793],""pnp_camera_quat_xyzw"":[-0.029692,-0.004211,0.022133,0.999305],""pnp_camera_rpy_deg"":[-3.412825,-0.40691,2.549689],""pnp_reprojection_error_px"":0.025883},{""tag_id"":16,""target_match"":true,""family"":""tag25h9"",""hamming"":0,""decision_margin"":161.399704,""pixel_xy"":[807.988514,262.187168],""world_xy_yaw"":[0.231821,1.044932,0.045199],""pnp_valid"":true,""pnp_camera_xyz"":[0.295773,-0.203521,1.276184],""pnp_camera_quat_xyzw"":[-0.031435,-0.010514,0.021343,0.999223],""pnp_camera_rpy_deg"":[-3.628197,-1.12706,2.482948],""pnp_reprojection_error_px"":0.02609}]",1,0.02609,161.399704,79.028705,,0,,0,,
2026-08-12T10:57:25.518678+00:00,5020.802337714,sway_decay_positive_0075_run03,0,"[0.0,0.0,0.0,0.0]",0,0,0,0,,,,,,,,,,,,,,,,,,,,,,,,,,,,0,,0,,,"[NaN,NaN,NaN]","[NaN,NaN,NaN,NaN]","[NaN,NaN,NaN,NaN,NaN,NaN]",0.000932,367,1,"[15,16]","[0.231971,1.044967,0.047059]","[{""tag_id"":15,""target_match"":true,""family"":""tag25h9"",""hamming"":0,""decision_margin"":159.930832,""pixel_xy"":[810.013216,203.320756],""world_xy_yaw"":[0.235222,1.116749,0.045834],""pnp_valid"":true,""pnp_camera_xyz"":[0.302964,-0.344946,1.287798],""pnp_camera_quat_xyzw"":[-0.029612,-0.00583,0.022311,0.999295],""pnp_camera_rpy_deg"":[-3.40795,-0.59194,2.575679],""pnp_reprojection_error_px"":0.01397},{""tag_id"":16,""target_match"":true,""family"":""tag25h9"",""hamming"":0,""decision_margin"":161.959229,""pixel_xy"":[808.078179,262.158325],""world_xy_yaw"":[0.231971,1.044967,0.047059],""pnp_valid"":true,""pnp_camera_xyz"":[0.295964,-0.203492,1.275898],""pnp_camera_quat_xyzw"":[-0.032948,-0.011534,0.021563,0.999158],""pnp_camera_rpy_deg"":[-3.804596,-1.239276,2.513774],""pnp_reprojection_error_px"":0.033361}]",1,0.033361,161.959229,79.964257,,0,,0,,
2026-08-12T10:57:25.568080+00:00,5020.851735196,sway_decay_positive_0075_run03,0,"[0.0,0.0,0.0,0.0]",0,0,0,0,,,,,,,,,,,,,,,,,,,,,,,,,,,,0,,0,,,"[NaN,NaN,NaN]","[NaN,NaN,NaN,NaN]","[NaN,NaN,NaN,NaN,NaN,NaN]",0.001820,368,1,"[15,16]","[0.232089,1.044989,0.04628]","[{""tag_id"":15,""target_match"":true,""family"":""tag25h9"",""hamming"":0,""decision_margin"":159.860428,""pixel_xy"":[810.071762,203.324978],""world_xy_yaw"":[0.235321,1.116744,0.044571],""pnp_valid"":true,""pnp_camera_xyz"":[0.303352,-0.345229,1.28889],""pnp_camera_quat_xyzw"":[-0.028409,-0.003897,0.022285,0.99934],""pnp_camera_rpy_deg"":[-3.265059,-0.373742,2.565642],""pnp_reprojection_error_px"":0.01088},{""tag_id"":16,""target_match"":true,""family"":""tag25h9"",""hamming"":0,""decision_margin"":163.030487,""pixel_xy"":[808.148381,262.139854],""world_xy_yaw"":[0.232089,1.044989,0.04628],""pnp_valid"":true,""pnp_camera_xyz"":[0.296104,-0.203498,1.275944],""pnp_camera_quat_xyzw"":[-0.032517,-0.011522,0.02154,0.999173],""pnp_camera_rpy_deg"":[-3.75508,-1.239012,2.510611],""pnp_reprojection_error_px"":0.026278}]",1,0.026278,163.030487,81.051471,,0,,0,,
2026-08-12T10:57:25.617768+00:00,5020.901429285,sway_decay_positive_0075_run03,0,"[0.0,0.0,0.0,0.0]",0,0,0,0,,,,,,,,,,,,,,,,,,,,,,,,,,,,0,,0,,,"[NaN,NaN,NaN]","[NaN,NaN,NaN,NaN]","[NaN,NaN,NaN,NaN,NaN,NaN]",0.001056,370,1,"[15,16]","[0.232232,1.045042,0.046678]","[{""tag_id"":15,""target_match"":true,""family"":""tag25h9"",""hamming"":0,""decision_margin"":159.062653,""pixel_xy"":[810.211909,203.305487],""world_xy_yaw"":[0.235556,1.116767,0.0456],""pnp_valid"":true,""pnp_camera_xyz"":[0.303249,-0.344773,1.287127],""pnp_camera_quat_xyzw"":[-0.030581,-0.005529,0.022553,0.999263],""pnp_camera_rpy_deg"":[-3.518409,-0.554099,2.602845],""pnp_reprojection_error_px"":0.010837},{""tag_id"":16,""target_match"":true,""family"":""tag25h9"",""hamming"":0,""decision_margin"":161.606735,""pixel_xy"":[808.233507,262.096609],""world_xy_yaw"":[0.232232,1.045042,0.046678],""pnp_valid"":true,""pnp_camera_xyz"":[0.296158,-0.203395,1.275199],""pnp_camera_quat_xyzw"":[-0.034164,-0.011663,0.021383,0.999119],""pnp_camera_rpy_deg"":[-3.944106,-1.251719,2.49515],""pnp_reprojection_error_px"":0.063048}]",1,0.063048,161.606735,80.912517,,0,,0,,
2026-08-12T10:57:25.668451+00:00,5020.952105752,sway_decay_positive_0075_run03,0,"[0.0,0.0,0.0,0.0]",0,0,0,0,,,,,,,,,,,,,,,,,,,,,,,,,,,,0,,0,,,"[NaN,NaN,NaN]","[NaN,NaN,NaN,NaN]","[NaN,NaN,NaN,NaN,NaN,NaN]",0.002144,371,1,"[15,16]","[0.232335,1.04501,0.046809]","[{""tag_id"":15,""target_match"":true,""family"":""tag25h9"",""hamming"":0,""decision_margin"":159.917694,""pixel_xy"":[810.264897,203.304031],""world_xy_yaw"":[0.235645,1.116769,0.045824],""pnp_valid"":true,""pnp_camera_xyz"":[0.303352,-0.344692,1.286898],""pnp_camera_quat_xyzw"":[-0.030167,-0.006205,0.022136,0.99928],""pnp_camera_rpy_deg"":[-3.47249,-0.634005,2.557187],""pnp_reprojection_error_px"":0.025547},{""tag_id"":16,""target_match"":true,""family"":""tag25h9"",""hamming"":0,""decision_margin"":161.836761,""pixel_xy"":[808.294809,262.122554],""world_xy_yaw"":[0.232335,1.04501,0.046809],""pnp_valid"":true,""pnp_camera_xyz"":[0.296436,-0.203513,1.275892],""pnp_camera_quat_xyzw"":[-0.033023,-0.010279,0.021998,0.99916],""pnp_camera_rpy_deg"":[-3.810352,-1.093732,2.558826],""pnp_reprojection_error_px"":0.032052}]",1,0.032052,161.836761,81.314293,,0,,0,,
2026-08-12T10:57:25.718561+00:00,5021.002215778,sway_decay_positive_0075_run03,0,"[0.0,0.0,0.0,0.0]",0,0,0,0,,,,,,,,,,,,,,,,,,,,,,,,,,,,0,,0,,,"[NaN,NaN,NaN]","[NaN,NaN,NaN,NaN]","[NaN,NaN,NaN,NaN,NaN,NaN]",0.001570,373,1,"[15,16]","[0.232526,1.045011,0.047656]","[{""tag_id"":15,""target_match"":true,""family"":""tag25h9"",""hamming"":0,""decision_margin"":158.577057,""pixel_xy"":[810.410043,203.294516],""world_xy_yaw"":[0.235889,1.116781,0.045336],""pnp_valid"":true,""pnp_camera_xyz"":[0.303389,-0.344422,1.285689],""pnp_camera_quat_xyzw"":[-0.031996,-0.00654,0.022033,0.999224],""pnp_camera_rpy_deg"":[-3.682933,-0.668065,2.547781],""pnp_reprojection_error_px"":0.009575},{""tag_id"":16,""target_match"":true,""family"":""tag25h9"",""hamming"":0,""decision_margin"":161.588821,""pixel_xy"":[808.408199,262.122242],""world_xy_yaw"":[0.232526,1.045011,0.047656],""pnp_valid"":true,""pnp_camera_xyz"":[0.296757,-0.203583,1.276099],""pnp_camera_quat_xyzw"":[-0.032802,-0.009611,0.022479,0.999163],""pnp_camera_rpy_deg"":[-3.783793,-1.015934,2.611206],""pnp_reprojection_error_px"":0.02375}]",1,0.02375,161.588821,81.50051,,0,,0,,
2026-08-12T10:57:25.766605+00:00,5021.050275337,sway_decay_positive_0075_run03,0,"[0.0,0.0,0.0,0.0]",0,0,0,0,,,,,,,,,,,,,,,,,,,,,,,,,,,,0,,0,,,"[NaN,NaN,NaN]","[NaN,NaN,NaN,NaN]","[NaN,NaN,NaN,NaN,NaN,NaN]",0.000736,374,1,"[15,16]","[0.232592,1.04498,0.047806]","[{""tag_id"":15,""target_match"":true,""family"":""tag25h9"",""hamming"":0,""decision_margin"":158.668701,""pixel_xy"":[810.468417,203.288828],""world_xy_yaw"":[0.235987,1.116788,0.045303],""pnp_valid"":true,""pnp_camera_xyz"":[0.303652,-0.344521,1.286133],""pnp_camera_quat_xyzw"":[-0.031054,-0.005198,0.022157,0.999259],""pnp_camera_rpy_deg"":[-3.571491,-0.516425,2.556553],""pnp_reprojection_error_px"":0.025835},{""tag_id"":16,""target_match"":true,""family"":""tag25h9"",""hamming"":0,""decision_margin"":161.328995,""pixel_xy"":[808.4478,262.147784],""world_xy_yaw"":[0.232592,1.04498,0.047806],""pnp_valid"":true,""pnp_camera_xyz"":[0.296915,-0.203613,1.276311],""pnp_camera_quat_xyzw"":[-0.032357,-0.008856,0.022527,0.999183],""pnp_camera_rpy_deg"":[-3.73079,-0.930542,2.613377],""pnp_reprojection_error_px"":0.031943}]",1,0.031943,161.328995,82.293635,,0,,0,,
2026-08-12T10:57:25.817301+00:00,5021.100964703,sway_decay_positive_0075_run03,0,"[0.0,0.0,0.0,0.0]",0,0,0,0,,,,,,,,,,,,,,,,,,,,,,,,,,,,0,,0,,,"[NaN,NaN,NaN]","[NaN,NaN,NaN,NaN]","[NaN,NaN,NaN,NaN,NaN,NaN]",0.000875,376,1,"[15,16]","[0.236218,1.116773,0.046591]","[{""tag_id"":15,""target_match"":true,""family"":""tag25h9"",""hamming"":0,""decision_margin"":161.076736,""pixel_xy"":[810.606008,203.300912],""world_xy_yaw"":[0.236218,1.116773,0.046591],""pnp_valid"":true,""pnp_camera_xyz"":[0.304029,-0.344623,1.286423],""pnp_camera_quat_xyzw"":[-0.031751,-0.005171,0.02301,0.999218],""pnp_camera_rpy_deg"":[-3.651823,-0.508349,2.654506],""pnp_reprojection_error_px"":0.009014},{""tag_id"":16,""target_match"":true,""family"":""tag25h9"",""hamming"":0,""decision_margin"":159.086761,""pixel_xy"":[808.554781,262.154871],""world_xy_yaw"":[0.232772,1.044971,0.048184],""pnp_valid"":true,""pnp_camera_xyz"":[0.297288,-0.203733,1.27689],""pnp_camera_quat_xyzw"":[-0.031745,-0.008293,0.02297,0.999198],""pnp_camera_rpy_deg"":[-3.659491,-0.866072,2.66152],""pnp_reprojection_error_px"":0.04059}]",1,0.009014,161.076736,82.884799,,0,,0,,
2026-08-12T10:57:25.868001+00:00,5021.151659333,sway_decay_positive_0075_run03,0,"[0.0,0.0,0.0,0.0]",0,0,0,0,,,,,,,,,,,,,,,,,,,,,,,,,,,,0,,0,,,"[NaN,NaN,NaN]","[NaN,NaN,NaN,NaN]","[NaN,NaN,NaN,NaN,NaN,NaN]",0.001755,377,1,"[15,16]","[0.232844,1.044982,0.048382]","[{""tag_id"":15,""target_match"":true,""family"":""tag25h9"",""hamming"":0,""decision_margin"":161.024155,""pixel_xy"":[810.688644,203.324212],""world_xy_yaw"":[0.236357,1.116744,0.04573],""pnp_valid"":true,""pnp_camera_xyz"":[0.304422,-0.344904,1.287393],""pnp_camera_quat_xyzw"":[-0.02994,-0.005497,0.022843,0.999276],""pnp_camera_rpy_deg"":[-3.44505,-0.551054,2.635679],""pnp_reprojection_error_px"":0.035614},{""tag_id"":16,""target_match"":true,""family"":""tag25h9"",""hamming"":0,""decision_margin"":161.292923,""pixel_xy"":[808.59739,262.145854],""world_xy_yaw"":[0.232844,1.044982,0.048382],""pnp_valid"":true,""pnp_camera_xyz"":[0.297516,-0.203802,1.277341],""pnp_camera_quat_xyzw"":[-0.029661,-0.007977,0.022878,0.999266],""pnp_camera_rpy_deg"":[-3.419749,-0.835726,2.647986],""pnp_reprojection_error_px"":0.040148}]",1,0.040148,161.292923,81.686332,,0,,0,,
2026-08-12T10:57:25.918538+00:00,5021.202194694,sway_decay_positive_0075_run03,0,"[0.0,0.0,0.0,0.0]",0,0,0,0,,,,,,,,,,,,,,,,,,,,,,,,,,,,0,,0,,,"[NaN,NaN,NaN]","[NaN,NaN,NaN,NaN]","[NaN,NaN,NaN,NaN,NaN,NaN]",0.001559,379,1,"[15,16]","[0.233041,1.044955,0.048335]","[{""tag_id"":15,""target_match"":true,""family"":""tag25h9"",""hamming"":0,""decision_margin"":160.078979,""pixel_xy"":[810.797531,203.295491],""world_xy_yaw"":[0.23654,1.116779,0.047263],""pnp_valid"":true,""pnp_camera_xyz"":[0.304587,-0.344804,1.28684],""pnp_camera_quat_xyzw"":[-0.030444,-0.005423,0.023223,0.999252],""pnp_camera_rpy_deg"":[-3.502822,-0.539984,2.679155],""pnp_reprojection_error_px"":0.029543},{""tag_id"":16,""target_match"":true,""family"":""tag25h9"",""hamming"":0,""decision_margin"":162.018524,""pixel_xy"":[808.714656,262.167887],""world_xy_yaw"":[0.233041,1.044955,0.048335],""pnp_valid"":true,""pnp_camera_xyz"":[0.297433,-0.203606,1.275856],""pnp_camera_quat_xyzw"":[-0.032281,-0.011631,0.022382,0.99916],""pnp_camera_rpy_deg"":[-3.729385,-1.248976,2.607174],""pnp_reprojection_error_px"":0.068881}]",1,0.068881,162.018524,82.543833,,0,,0,,
2026-08-12T10:57:25.968292+00:00,5021.251951694,sway_decay_positive_0075_run03,0,"[0.0,0.0,0.0,0.0]",0,0,0,0,,,,,,,,,,,,,,,,,,,,,,,,,,,,0,,0,,,"[NaN,NaN,NaN]","[NaN,NaN,NaN,NaN]","[NaN,NaN,NaN,NaN,NaN,NaN]",0.002075,380,1,"[15,16]","[0.233113,1.045,0.049403]","[{""tag_id"":15,""target_match"":true,""family"":""tag25h9"",""hamming"":0,""decision_margin"":158.747528,""pixel_xy"":[810.881447,203.289837],""world_xy_yaw"":[0.236681,1.116786,0.045893],""pnp_valid"":true,""pnp_camera_xyz"":[0.304934,-0.345049,1.287677],""pnp_camera_quat_xyzw"":[-0.029402,-0.004232,0.023396,0.999285],""pnp_camera_rpy_deg"":[-3.380164,-0.405815,2.694384],""pnp_reprojection_error_px"":0.031787},{""tag_id"":16,""target_match"":true,""family"":""tag25h9"",""hamming"":0,""decision_margin"":160.255234,""pixel_xy"":[808.757505,262.131068],""world_xy_yaw"":[0.233113,1.045,0.049403],""pnp_valid"":true,""pnp_camera_xyz"":[0.297827,-0.203802,1.276993],""pnp_camera_quat_xyzw"":[-0.031824,-0.00929,0.022982,0.999186],""pnp_camera_rpy_deg"":[-3.671261,-0.979915,2.666677],""pnp_reprojection_error_px"":0.051511}]",1,0.051511,160.255234,80.524523,,0,,0,,
2026-08-12T10:57:26.018405+00:00,5021.302074679,sway_decay_positive_0075_run03,0,"[0.0,0.0,0.0,0.0]",0,0,0,0,,,,,,,,,,,,,,,,,,,,,,,,,,,,0,,0,,,"[NaN,NaN,NaN]","[NaN,NaN,NaN,NaN]","[NaN,NaN,NaN,NaN,NaN,NaN]",0.001336,382,1,"[15,16]","[0.233293,1.045032,0.049812]","[{""tag_id"":15,""target_match"":true,""family"":""tag25h9"",""hamming"":0,""decision_margin"":159.783905,""pixel_xy"":[811.001113,203.24215],""world_xy_yaw"":[0.236882,1.116845,0.047578],""pnp_valid"":true,""pnp_camera_xyz"":[0.30529,-0.34515,1.287809],""pnp_camera_quat_xyzw"":[-0.029975,-0.00501,0.023562,0.99926],""pnp_camera_rpy_deg"":[-3.448107,-0.492801,2.716318],""pnp_reprojection_error_px"":0.013456},{""tag_id"":16,""target_match"":true,""family"":""tag25h9"",""hamming"":0,""decision_margin"":161.387817,""pixel_xy"":[808.865185,262.104791],""world_xy_yaw"":[0.233293,1.045032,0.049812],""pnp_valid"":true,""pnp_camera_xyz"":[0.297981,-0.203788,1.276549],""pnp_camera_quat_xyzw"":[-0.032616,-0.010128,0.022992,0.999152],""pnp_camera_rpy_deg"":[-3.764426,-1.07372,2.671764],""pnp_reprojection_error_px"":0.051734}]",1,0.051734,161.387817,80.416187,,0,,0,,
2026-08-12T10:57:26.067514+00:00,5021.351178408,sway_decay_positive_0075_run03,0,"[0.0,0.0,0.0,0.0]",0,0,0,0,,,,,,,,,,,,,,,,,,,,,,,,,,,,0,,0,,,"[NaN,NaN,NaN]","[NaN,NaN,NaN,NaN]","[NaN,NaN,NaN,NaN,NaN,NaN]",0.001511,383,1,"[15,16]","[0.233388,1.045047,0.049151]","[{""tag_id"":15,""target_match"":true,""family"":""tag25h9"",""hamming"":0,""decision_margin"":159.512955,""pixel_xy"":[811.043385,203.24142],""world_xy_yaw"":[0.236953,1.116845,0.048054],""pnp_valid"":true,""pnp_camera_xyz"":[0.305425,-0.345156,1.287819],""pnp_camera_quat_xyzw"":[-0.029417,-0.004682,0.023548,0.999279],""pnp_camera_rpy_deg"":[-3.383195,-0.456756,2.71329],""pnp_reprojection_error_px"":0.024707},{""tag_id"":16,""target_match"":true,""family"":""tag25h9"",""hamming"":0,""decision_margin"":161.638428,""pixel_xy"":[808.92172,262.092699],""world_xy_yaw"":[0.233388,1.045047,0.049151],""pnp_valid"":true,""pnp_camera_xyz"":[0.298294,-0.203954,1.277421],""pnp_camera_quat_xyzw"":[-0.031391,-0.008381,0.02321,0.999203],""pnp_camera_rpy_deg"":[-3.61938,-0.876182,2.688981],""pnp_reprojection_error_px"":0.043885}]",1,0.043885,161.638428,79.823935,,0,,0,,
2026-08-12T10:57:26.118544+00:00,5021.402201829,sway_decay_positive_0075_run03,0,"[0.0,0.0,0.0,0.0]",0,0,0,0,,,,,,,,,,,,,,,,,,,,,,,,,,,,0,,0,,,"[NaN,NaN,NaN]","[NaN,NaN,NaN,NaN]","[NaN,NaN,NaN,NaN,NaN,NaN]",0.001648,385,1,"[15,16]","[0.233536,1.045097,0.050421]","[{""tag_id"":15,""target_match"":true,""family"":""tag25h9"",""hamming"":0,""decision_margin"":160.019958,""pixel_xy"":[811.174641,203.204001],""world_xy_yaw"":[0.237173,1.116891,0.047875],""pnp_valid"":true,""pnp_camera_xyz"":[0.305519,-0.345007,1.287052],""pnp_camera_quat_xyzw"":[-0.030826,-0.005979,0.023454,0.999232],""pnp_camera_rpy_deg"":[-3.548198,-0.601761,2.707884],""pnp_reprojection_error_px"":0.00795},{""tag_id"":16,""target_match"":true,""family"":""tag25h9"",""hamming"":0,""decision_margin"":160.930008,""pixel_xy"":[809.009817,262.051449],""world_xy_yaw"":[0.233536,1.045097,0.050421],""pnp_valid"":true,""pnp_camera_xyz"":[0.298346,-0.203897,1.276657],""pnp_camera_quat_xyzw"":[-0.032197,-0.010718,0.023174,0.999155],""pnp_camera_rpy_deg"":[-3.718206,-1.141721,2.694418],""pnp_reprojection_error_px"":0.045373}]",1,0.045373,160.930008,79.803168,,0,,0,,
2026-08-12T10:57:26.168437+00:00,5021.452092491,sway_decay_positive_0075_run03,0,"[0.0,0.0,0.0,0.0]",0,0,0,0,,,,,,,,,,,,,,,,,,,,,,,,,,,,0,,0,,,"[NaN,NaN,NaN]","[NaN,NaN,NaN,NaN]","[NaN,NaN,NaN,NaN,NaN,NaN]",0.002265,386,1,"[15,16]","[0.233646,1.045138,0.050052]","[{""tag_id"":15,""target_match"":true,""family"":""tag25h9"",""hamming"":0,""decision_margin"":160.933731,""pixel_xy"":[811.226675,203.192672],""world_xy_yaw"":[0.237261,1.116905,0.047675],""pnp_valid"":true,""pnp_camera_xyz"":[0.305654,-0.345066,1.287097],""pnp_camera_quat_xyzw"":[-0.030657,-0.006266,0.02326,0.99924],""pnp_camera_rpy_deg"":[-3.529474,-0.635809,2.686515],""pnp_reprojection_error_px"":0.010841},{""tag_id"":16,""target_match"":true,""family"":""tag25h9"",""hamming"":0,""decision_margin"":161.278854,""pixel_xy"":[809.074812,262.017889],""world_xy_yaw"":[0.233646,1.045138,0.050052],""pnp_valid"":true,""pnp_camera_xyz"":[0.298568,-0.203969,1.276998],""pnp_camera_quat_xyzw"":[-0.032178,-0.009507,0.023283,0.999166],""pnp_camera_rpy_deg"":[-3.712819,-1.002743,2.70233],""pnp_reprojection_error_px"":0.039383}]",1,0.039383,161.278854,79.342655,,0,,0,,
2026-08-12T10:57:26.218347+00:00,5021.501992438,sway_decay_positive_0075_run03,0,"[0.0,0.0,0.0,0.0]",0,0,0,0,,,,,,,,,,,,,,,,,,,,,,,,,,,,0,,0,,,"[NaN,NaN,NaN]","[NaN,NaN,NaN,NaN]","[NaN,NaN,NaN,NaN,NaN,NaN]",0.001429,388,1,"[15,16]","[0.233801,1.045171,0.051707]","[{""tag_id"":15,""target_match"":true,""family"":""tag25h9"",""hamming"":0,""decision_margin"":157.232483,""pixel_xy"":[811.355844,203.169781],""world_xy_yaw"":[0.237478,1.116933,0.049081],""pnp_valid"":true,""pnp_camera_xyz"":[0.305535,-0.344652,1.285323],""pnp_camera_quat_xyzw"":[-0.032074,-0.006686,0.023886,0.999178],""pnp_camera_rpy_deg"":[-3.693554,-0.677784,2.760721],""pnp_reprojection_error_px"":0.012389},{""tag_id"":16,""target_match"":true,""family"":""tag25h9"",""hamming"":0,""decision_margin"":158.610641,""pixel_xy"":[809.167378,261.991236],""world_xy_yaw"":[0.233801,1.045171,0.051707],""pnp_valid"":true,""pnp_camera_xyz"":[0.29839,-0.203742,1.275206],""pnp_camera_quat_xyzw"":[-0.03438,-0.012084,0.023403,0.999062],""pnp_camera_rpy_deg"":[-3.972521,-1.291326,2.728656],""pnp_reprojection_error_px"":0.049388}]",1,0.049388,158.610641,80.080397,,0,,0,,
2026-08-12T10:57:26.268378+00:00,5021.552034358,sway_decay_positive_0075_run03,0,"[0.0,0.0,0.0,0.0]",0,0,0,0,,,,,,,,,,,,,,,,,,,,,,,,,,,,0,,0,,,"[NaN,NaN,NaN]","[NaN,NaN,NaN,NaN]","[NaN,NaN,NaN,NaN,NaN,NaN]",0.002108,389,1,"[15,16]","[0.233916,1.045197,0.05035]","[{""tag_id"":15,""target_match"":true,""family"":""tag25h9"",""hamming"":0,""decision_margin"":157.662491,""pixel_xy"":[811.443843,203.138726],""world_xy_yaw"":[0.237626,1.116971,0.04837],""pnp_valid"":true,""pnp_camera_xyz"":[0.30587,-0.344867,1.285985],""pnp_camera_quat_xyzw"":[-0.031863,-0.005844,0.024064,0.999185],""pnp_camera_rpy_deg"":[-3.667056,-0.581315,2.777821],""pnp_reprojection_error_px"":0.007316},{""tag_id"":16,""target_match"":true,""family"":""tag25h9"",""hamming"":0,""decision_margin"":159.384903,""pixel_xy"":[809.235994,261.969751],""world_xy_yaw"":[0.233916,1.045197,0.05035],""pnp_valid"":true,""pnp_camera_xyz"":[0.29881,-0.203985,1.276414],""pnp_camera_quat_xyzw"":[-0.032843,-0.010618,0.023229,0.999134],""pnp_camera_rpy_deg"":[-3.792021,-1.128385,2.701031],""pnp_reprojection_error_px"":0.040165}]",1,0.040165,159.384903,80.51138,,0,,0,,
2026-08-12T10:57:26.318614+00:00,5021.602272032,sway_decay_positive_0075_run03,0,"[0.0,0.0,0.0,0.0]",0,0,0,0,,,,,,,,,,,,,,,,,,,,,,,,,,,,0,,0,,,"[NaN,NaN,NaN]","[NaN,NaN,NaN,NaN]","[NaN,NaN,NaN,NaN,NaN,NaN]",0.000600,391,1,"[15,16]","[0.234099,1.045221,0.051974]","[{""tag_id"":15,""target_match"":true,""family"":""tag25h9"",""hamming"":0,""decision_margin"":158.064072,""pixel_xy"":[811.561709,203.133191],""world_xy_yaw"":[0.237824,1.116977,0.048481],""pnp_valid"":true,""pnp_camera_xyz"":[0.306146,-0.344891,1.285835],""pnp_camera_quat_xyzw"":[-0.031957,-0.005042,0.02401,0.999188],""pnp_camera_rpy_deg"":[-3.675612,-0.489382,2.768733],""pnp_reprojection_error_px"":0.019265},{""tag_id"":16,""target_match"":true,""family"":""tag25h9"",""hamming"":0,""decision_margin"":159.031372,""pixel_xy"":[809.344898,261.950052],""world_xy_yaw"":[0.234099,1.045221,0.051974],""pnp_valid"":true,""pnp_camera_xyz"":[0.298873,-0.203918,1.275588],""pnp_camera_quat_xyzw"":[-0.034268,-0.010285,0.024086,0.999069],""pnp_camera_rpy_deg"":[-3.95546,-1.083005,2.799505],""pnp_reprojection_error_px"":0.039088}]",1,0.039088,159.031372,79.932498,,0,,0,,
2026-08-12T10:57:26.368405+00:00,5021.652060764,sway_decay_positive_0075_run03,0,"[0.0,0.0,0.0,0.0]",0,0,0,0,,,,,,,,,,,,,,,,,,,,,,,,,,,,0,,0,,,"[NaN,NaN,NaN]","[NaN,NaN,NaN,NaN]","[NaN,NaN,NaN,NaN,NaN,NaN]",0.002261,392,1,"[15,16]","[0.23793,1.116969,0.048851]","[{""tag_id"":15,""target_match"":true,""family"":""tag25h9"",""hamming"":0,""decision_margin"":160.037872,""pixel_xy"":[811.625261,203.139906],""world_xy_yaw"":[0.23793,1.116969,0.048851],""pnp_valid"":true,""pnp_camera_xyz"":[0.306259,-0.344869,1.285663],""pnp_camera_quat_xyzw"":[-0.031746,-0.006297,0.023819,0.999192],""pnp_camera_rpy_deg"":[-3.654725,-0.634348,2.75136],""pnp_reprojection_error_px"":0.036257},{""tag_id"":16,""target_match"":true,""family"":""tag25h9"",""hamming"":0,""decision_margin"":158.740082,""pixel_xy"":[809.412354,261.947788],""world_xy_yaw"":[0.234213,1.045224,0.051254],""pnp_valid"":true,""pnp_camera_xyz"":[0.298957,-0.203938,1.275418],""pnp_camera_quat_xyzw"":[-0.035132,-0.010115,0.024129,0.99904],""pnp_camera_rpy_deg"":[-4.054037,-1.060846,2.804665],""pnp_reprojection_error_px"":0.028723}]",1,0.036257,160.037872,79.649806,,0,,0,,
2026-08-12T10:57:26.418415+00:00,5021.702072773,sway_decay_positive_0075_run03,0,"[0.0,0.0,0.0,0.0]",0,0,0,0,,,,,,,,,,,,,,,,,,,,,,,,,,,,0,,0,,,"[NaN,NaN,NaN]","[NaN,NaN,NaN,NaN]","[NaN,NaN,NaN,NaN,NaN,NaN]",0.001567,394,1,"[15,16]","[0.234389,1.045254,0.051775]","[{""tag_id"":15,""target_match"":true,""family"":""tag25h9"",""hamming"":0,""decision_margin"":157.327606,""pixel_xy"":[811.75118,203.125008],""world_xy_yaw"":[0.238142,1.116987,0.049373],""pnp_valid"":true,""pnp_camera_xyz"":[0.306688,-0.3451,1.286258],""pnp_camera_quat_xyzw"":[-0.031466,-0.006167,0.02424,0.999192],""pnp_camera_rpy_deg"":[-3.62255,-0.618725,2.798957],""pnp_reprojection_error_px"":0.05085},{""tag_id"":16,""target_match"":true,""family"":""tag25h9"",""hamming"":0,""decision_margin"":158.738632,""pixel_xy"":[809.517168,261.922748],""world_xy_yaw"":[0.234389,1.045254,0.051775],""pnp_valid"":true,""pnp_camera_xyz"":[0.299384,-0.204128,1.276279],""pnp_camera_quat_xyzw"":[-0.034217,-0.009052,0.024799,0.999066],""pnp_camera_rpy_deg"":[-3.946668,-0.939077,2.876226],""pnp_reprojection_error_px"":0.020038}]",1,0.020038,158.738632,80.737685,,0,,0,,
2026-08-12T10:57:26.468477+00:00,5021.752134355,sway_decay_positive_0075_run03,0,"[0.0,0.0,0.0,0.0]",0,0,0,0,,,,,,,,,,,,,,,,,,,,,,,,,,,,0,,0,,,"[NaN,NaN,NaN]","[NaN,NaN,NaN,NaN]","[NaN,NaN,NaN,NaN,NaN,NaN]",0.002289,395,1,"[15,16]","[0.238249,1.117023,0.049729]","[{""tag_id"":15,""target_match"":true,""family"":""tag25h9"",""hamming"":0,""decision_margin"":156.790787,""pixel_xy"":[811.814707,203.096212],""world_xy_yaw"":[0.238249,1.117023,0.049729],""pnp_valid"":true,""pnp_camera_xyz"":[0.307086,-0.345404,1.287279],""pnp_camera_quat_xyzw"":[-0.030248,-0.005753,0.024478,0.999226],""pnp_camera_rpy_deg"":[-3.481986,-0.573933,2.824029],""pnp_reprojection_error_px"":0.035059},{""tag_id"":16,""target_match"":true,""family"":""tag25h9"",""hamming"":0,""decision_margin"":156.786606,""pixel_xy"":[809.57037,261.913673],""world_xy_yaw"":[0.234478,1.045265,0.052015],""pnp_valid"":true,""pnp_camera_xyz"":[0.299673,-0.204276,1.276962],""pnp_camera_quat_xyzw"":[-0.033086,-0.008565,0.024974,0.999104],""pnp_camera_rpy_deg"":[-3.815783,-0.885971,2.893326],""pnp_reprojection_error_px"":0.026435}]",1,0.035059,156.790787,80.709802,,0,,0,,
2026-08-12T10:57:26.518505+00:00,5021.802162655,sway_decay_positive_0075_run03,0,"[0.0,0.0,0.0,0.0]",0,0,0,0,,,,,,,,,,,,,,,,,,,,,,,,,,,,0,,0,,,"[NaN,NaN,NaN]","[NaN,NaN,NaN,NaN]","[NaN,NaN,NaN,NaN,NaN,NaN]",0.001603,397,1,"[15,16]","[0.238488,1.117088,0.049569]","[{""tag_id"":15,""target_match"":true,""family"":""tag25h9"",""hamming"":0,""decision_margin"":158.855499,""pixel_xy"":[811.957239,203.042685],""world_xy_yaw"":[0.238488,1.117088,0.049569],""pnp_valid"":true,""pnp_camera_xyz"":[0.307508,-0.345579,1.287729],""pnp_camera_quat_xyzw"":[-0.030068,-0.00508,0.024791,0.999227],""pnp_camera_rpy_deg"":[-3.459575,-0.496261,2.857409],""pnp_reprojection_error_px"":0.003243},{""tag_id"":16,""target_match"":true,""family"":""tag25h9"",""hamming"":0,""decision_margin"":157.998367,""pixel_xy"":[809.674554,261.90899],""world_xy_yaw"":[0.234653,1.045271,0.052655],""pnp_valid"":true,""pnp_camera_xyz"":[0.29979,-0.204233,1.276399],""pnp_camera_quat_xyzw"":[-0.0329,-0.009358,0.025119,0.999099],""pnp_camera_rpy_deg"":[-3.796908,-0.976784,2.912746],""pnp_reprojection_error_px"":0.040293}]",1,0.003243,158.855499,81.286072,,0,,0,,
2026-08-12T10:57:26.568472+00:00,5021.852128260,sway_decay_positive_0075_run03,0,"[0.0,0.0,0.0,0.0]",0,0,0,0,,,,,,,,,,,,,,,,,,,,,,,,,,,,0,,0,,,"[NaN,NaN,NaN]","[NaN,NaN,NaN,NaN]","[NaN,NaN,NaN,NaN,NaN,NaN]",0.002254,398,1,"[15,16]","[0.23858,1.117077,0.049744]","[{""tag_id"":15,""target_match"":true,""family"":""tag25h9"",""hamming"":0,""decision_margin"":158.760712,""pixel_xy"":[812.011889,203.051969],""world_xy_yaw"":[0.23858,1.117077,0.049744],""pnp_valid"":true,""pnp_camera_xyz"":[0.307568,-0.345495,1.287416],""pnp_camera_quat_xyzw"":[-0.030116,-0.005545,0.024696,0.999226],""pnp_camera_rpy_deg"":[-3.466322,-0.549646,2.84817],""pnp_reprojection_error_px"":0.012695},{""tag_id"":16,""target_match"":true,""family"":""tag25h9"",""hamming"":0,""decision_margin"":157.313919,""pixel_xy"":[809.729941,261.904027],""world_xy_yaw"":[0.234746,1.045277,0.05326],""pnp_valid"":true,""pnp_camera_xyz"":[0.299721,-0.204127,1.275632],""pnp_camera_quat_xyzw"":[-0.034275,-0.010342,0.025447,0.999035],""pnp_camera_rpy_deg"":[-3.957841,-1.084132,2.955648],""pnp_reprojection_error_px"":0.039355}]",1,0.012695,158.760712,80.595901,,0,,0,,
2026-08-12T10:57:26.618415+00:00,5021.902072599,sway_decay_positive_0075_run03,0,"[0.0,0.0,0.0,0.0]",0,0,0,0,,,,,,,,,,,,,,,,,,,,,,,,,,,,0,,0,,,"[NaN,NaN,NaN]","[NaN,NaN,NaN,NaN]","[NaN,NaN,NaN,NaN,NaN,NaN]",0.001558,400,1,"[15,16]","[0.238769,1.117126,0.051001]","[{""tag_id"":15,""target_match"":true,""family"":""tag25h9"",""hamming"":0,""decision_margin"":158.59874,""pixel_xy"":[812.124272,203.011639],""world_xy_yaw"":[0.238769,1.117126,0.051001],""pnp_valid"":true,""pnp_camera_xyz"":[0.307579,-0.345231,1.286287],""pnp_camera_quat_xyzw"":[-0.030949,-0.007446,0.024621,0.99919],""pnp_camera_rpy_deg"":[-3.567209,-0.765258,2.846946],""pnp_reprojection_error_px"":0.013574},{""tag_id"":16,""target_match"":true,""family"":""tag25h9"",""hamming"":0,""decision_margin"":157.883698,""pixel_xy"":[809.84765,261.879025],""world_xy_yaw"":[0.234944,1.045308,0.053283],""pnp_valid"":true,""pnp_camera_xyz"":[0.300055,-0.204235,1.275964],""pnp_camera_quat_xyzw"":[-0.033235,-0.012019,0.025387,0.999053],""pnp_camera_rpy_deg"":[-3.843701,-1.279443,2.954244],""pnp_reprojection_error_px"":0.036223}]",1,0.013574,158.59874,80.199638,,0,,0,,
2026-08-12T10:57:26.667616+00:00,5021.951281158,sway_decay_positive_0075_run03,0,"[0.0,0.0,0.0,0.0]",0,0,0,0,,,,,,,,,,,,,,,,,,,,,,,,,,,,0,,0,,,"[NaN,NaN,NaN]","[NaN,NaN,NaN,NaN]","[NaN,NaN,NaN,NaN,NaN,NaN]",0.001514,401,1,"[15,16]","[0.235034,1.045324,0.052079]","[{""tag_id"":15,""target_match"":true,""family"":""tag25h9"",""hamming"":0,""decision_margin"":159.165131,""pixel_xy"":[812.184644,203.001791],""world_xy_yaw"":[0.23887,1.117138,0.050077],""pnp_valid"":true,""pnp_camera_xyz"":[0.307561,-0.345081,1.285681],""pnp_camera_quat_xyzw"":[-0.031208,-0.007863,0.0242,0.999189],""pnp_camera_rpy_deg"":[-3.597755,-0.813775,2.800343],""pnp_reprojection_error_px"":0.015568},{""tag_id"":16,""target_match"":true,""family"":""tag25h9"",""hamming"":0,""decision_margin"":159.862625,""pixel_xy"":[809.900932,261.865833],""world_xy_yaw"":[0.235034,1.045324,0.052079],""pnp_valid"":true,""pnp_camera_xyz"":[0.300346,-0.204372,1.27673],""pnp_camera_quat_xyzw"":[-0.03282,-0.010582,0.025175,0.999088],""pnp_camera_rpy_deg"":[-3.791523,-1.116943,2.923795],""pnp_reprojection_error_px"":0.02918}]",1,0.02918,159.862625,80.460182,,0,,0,,
2026-08-12T10:57:26.718218+00:00,5022.001890194,sway_decay_positive_0075_run03,0,"[0.0,0.0,0.0,0.0]",0,0,0,0,,,,,,,,,,,,,,,,,,,,,,,,,,,,0,,0,,,"[NaN,NaN,NaN]","[NaN,NaN,NaN,NaN]","[NaN,NaN,NaN,NaN,NaN,NaN]",0.001319,403,1,"[15,16]","[0.23517,1.045358,0.053098]","[{""tag_id"":15,""target_match"":true,""family"":""tag25h9"",""hamming"":0,""decision_margin"":156.6716,""pixel_xy"":[812.288586,202.99238],""world_xy_yaw"":[0.239045,1.117149,0.051686],""pnp_valid"":true,""pnp_camera_xyz"":[0.307841,-0.34513,1.285756],""pnp_camera_quat_xyzw"":[-0.031557,-0.007304,0.024982,0.999163],""pnp_camera_rpy_deg"":[-3.636822,-0.745988,2.888223],""pnp_reprojection_error_px"":0.015109},{""tag_id"":16,""target_match"":true,""family"":""tag25h9"",""hamming"":0,""decision_margin"":160.817429,""pixel_xy"":[809.982124,261.83773],""world_xy_yaw"":[0.23517,1.045358,0.053098],""pnp_valid"":true,""pnp_camera_xyz"":[0.300425,-0.204331,1.27623],""pnp_camera_quat_xyzw"":[-0.032891,-0.011448,0.025459,0.999069],""pnp_camera_rpy_deg"":[-3.802564,-1.214759,2.959786],""pnp_reprojection_error_px"":0.017589}]",1,0.017589,160.817429,79.702294,,0,,0,,
2026-08-12T10:57:26.768502+00:00,5022.052157219,sway_decay_positive_0075_run03,0,"[0.0,0.0,0.0,0.0]",0,0,0,0,,,,,,,,,,,,,,,,,,,,,,,,,,,,0,,0,,,"[NaN,NaN,NaN]","[NaN,NaN,NaN,NaN]","[NaN,NaN,NaN,NaN,NaN,NaN]",0.002276,404,1,"[15,16]","[0.235234,1.045353,0.05335]","[{""tag_id"":15,""target_match"":true,""family"":""tag25h9"",""hamming"":0,""decision_margin"":156.846405,""pixel_xy"":[812.336871,202.982327],""world_xy_yaw"":[0.239126,1.117162,0.051689],""pnp_valid"":true,""pnp_camera_xyz"":[0.308008,-0.345221,1.286026],""pnp_camera_quat_xyzw"":[-0.031584,-0.005678,0.025571,0.999158],""pnp_camera_rpy_deg"":[-3.635502,-0.557551,2.94974],""pnp_reprojection_error_px"":0.014932},{""tag_id"":16,""target_match"":true,""family"":""tag25h9"",""hamming"":0,""decision_margin"":159.277756,""pixel_xy"":[810.020528,261.841452],""world_xy_yaw"":[0.235234,1.045353,0.05335],""pnp_valid"":true,""pnp_camera_xyz"":[0.300507,-0.204324,1.276225],""pnp_camera_quat_xyzw"":[-0.032636,-0.011258,0.025693,0.999074],""pnp_camera_rpy_deg"":[-3.772977,-1.19284,2.985548],""pnp_reprojection_error_px"":0.018604}]",1,0.018604,159.277756,79.483039,,0,,0,,
2026-08-12T10:57:26.818465+00:00,5022.102121113,sway_decay_positive_0075_run03,0,"[0.0,0.0,0.0,0.0]",0,0,0,0,,,,,,,,,,,,,,,,,,,,,,,,,,,,0,,0,,,"[NaN,NaN,NaN]","[NaN,NaN,NaN,NaN]","[NaN,NaN,NaN,NaN,NaN,NaN]",0.001566,406,1,"[15,16]","[0.235357,1.04538,0.054331]","[{""tag_id"":15,""target_match"":true,""family"":""tag25h9"",""hamming"":0,""decision_margin"":156.623062,""pixel_xy"":[812.448024,202.965315],""world_xy_yaw"":[0.239313,1.117182,0.051879],""pnp_valid"":true,""pnp_camera_xyz"":[0.308406,-0.345366,1.28658],""pnp_camera_quat_xyzw"":[-0.030848,-0.005235,0.025736,0.999179],""pnp_camera_rpy_deg"":[-3.549811,-0.508447,2.966666],""pnp_reprojection_error_px"":0.033615},{""tag_id"":16,""target_match"":true,""family"":""tag25h9"",""hamming"":0,""decision_margin"":159.371582,""pixel_xy"":[810.093353,261.819818],""world_xy_yaw"":[0.235357,1.04538,0.054331],""pnp_valid"":true,""pnp_camera_xyz"":[0.300578,-0.20427,1.275749],""pnp_camera_quat_xyzw"":[-0.033548,-0.012205,0.025879,0.999027],""pnp_camera_rpy_deg"":[-3.880704,-1.29791,3.011758],""pnp_reprojection_error_px"":0.006837}]",1,0.006837,159.371582,79.501504,,0,,0,,
2026-08-12T10:57:26.868507+00:00,5022.152163920,sway_decay_positive_0075_run03,0,"[0.0,0.0,0.0,0.0]",0,0,0,0,,,,,,,,,,,,,,,,,,,,,,,,,,,,0,,0,,,"[NaN,NaN,NaN]","[NaN,NaN,NaN,NaN]","[NaN,NaN,NaN,NaN,NaN,NaN]",0.002254,407,1,"[15,16]","[0.235425,1.045394,0.054067]","[{""tag_id"":15,""target_match"":true,""family"":""tag25h9"",""hamming"":0,""decision_margin"":157.895905,""pixel_xy"":[812.504011,202.953674],""world_xy_yaw"":[0.239407,1.117197,0.051669],""pnp_valid"":true,""pnp_camera_xyz"":[0.30834,-0.345181,1.285804],""pnp_camera_quat_xyzw"":[-0.031757,-0.006019,0.025545,0.999151],""pnp_camera_rpy_deg"":[-3.656266,-0.596234,2.948099],""pnp_reprojection_error_px"":0.035279},{""tag_id"":16,""target_match"":true,""family"":""tag25h9"",""hamming"":0,""decision_margin"":160.180908,""pixel_xy"":[810.133744,261.807848],""world_xy_yaw"":[0.235425,1.045394,0.054067],""pnp_valid"":true,""pnp_camera_xyz"":[0.300785,-0.204356,1.27622],""pnp_camera_quat_xyzw"":[-0.03313,-0.011658,0.02582,0.999049],""pnp_camera_rpy_deg"":[-3.831024,-1.236711,3.002303],""pnp_reprojection_error_px"":0.003275}]",1,0.003275,160.180908,79.986437,,0,,0,,
2026-08-12T10:57:26.918580+00:00,5022.202237258,sway_decay_positive_0075_run03,0,"[0.0,0.0,0.0,0.0]",0,0,0,0,,,,,,,,,,,,,,,,,,,,,,,,,,,,0,,0,,,"[NaN,NaN,NaN]","[NaN,NaN,NaN,NaN]","[NaN,NaN,NaN,NaN,NaN,NaN]",0.001606,409,1,"[15,16]","[0.23552,1.045375,0.055896]","[{""tag_id"":15,""target_match"":true,""family"":""tag25h9"",""hamming"":0,""decision_margin"":157.454422,""pixel_xy"":[812.578804,202.967672],""world_xy_yaw"":[0.239532,1.117179,0.052858],""pnp_valid"":true,""pnp_camera_xyz"":[0.308496,-0.345121,1.285599],""pnp_camera_quat_xyzw"":[-0.032075,-0.006209,0.0258,0.999133],""pnp_camera_rpy_deg"":[-3.693428,-0.616071,2.978245],""pnp_reprojection_error_px"":0.025223},{""tag_id"":16,""target_match"":true,""family"":""tag25h9"",""hamming"":0,""decision_margin"":159.311691,""pixel_xy"":[810.19052,261.82399],""world_xy_yaw"":[0.23552,1.045375,0.055896],""pnp_valid"":true,""pnp_camera_xyz"":[0.30075,-0.204239,1.275358],""pnp_camera_quat_xyzw"":[-0.034613,-0.011613,0.026375,0.998985],""pnp_camera_rpy_deg"":[-4.001545,-1.22484,3.067539],""pnp_reprojection_error_px"":0.030308}]",1,0.030308,159.311691,79.891803,,0,,0,,
2026-08-12T10:57:26.966545+00:00,5022.250215059,sway_decay_positive_0075_run03,0,"[0.0,0.0,0.0,0.0]",0,0,0,0,,,,,,,,,,,,,,,,,,,,,,,,,,,,0,,0,,,"[NaN,NaN,NaN]","[NaN,NaN,NaN,NaN]","[NaN,NaN,NaN,NaN,NaN,NaN]",0.000727,410,1,"[15,16]","[0.239615,1.117192,0.052048]","[{""tag_id"":15,""target_match"":true,""family"":""tag25h9"",""hamming"":0,""decision_margin"":158.932175,""pixel_xy"":[812.62779,202.956981],""world_xy_yaw"":[0.239615,1.117192,0.052048],""pnp_valid"":true,""pnp_camera_xyz"":[0.308871,-0.345416,1.286742],""pnp_camera_quat_xyzw"":[-0.030815,-0.005466,0.025742,0.999179],""pnp_camera_rpy_deg"":[-3.546809,-0.53496,2.968126],""pnp_reprojection_error_px"":0.03877},{""tag_id"":16,""target_match"":true,""family"":""tag25h9"",""hamming"":0,""decision_margin"":157.464401,""pixel_xy"":[810.253007,261.817974],""world_xy_yaw"":[0.235625,1.045382,0.053338],""pnp_valid"":true,""pnp_camera_xyz"":[0.301005,-0.204357,1.276157],""pnp_camera_quat_xyzw"":[-0.03267,-0.010819,0.026094,0.999067],""pnp_camera_rpy_deg"":[-3.776095,-1.14101,3.029824],""pnp_reprojection_error_px"":0.020905}]",1,0.03877,158.932175,81.512406,,0,,0,,
2026-08-12T10:57:27.018544+00:00,5022.302200515,sway_decay_positive_0075_run03,0,"[0.0,0.0,0.0,0.0]",0,0,0,0,,,,,,,,,,,,,,,,,,,,,,,,,,,,0,,0,,,"[NaN,NaN,NaN]","[NaN,NaN,NaN,NaN]","[NaN,NaN,NaN,NaN,NaN,NaN]",0.001588,412,1,"[15,16]","[0.239736,1.117137,0.05279]","[{""tag_id"":15,""target_match"":true,""family"":""tag25h9"",""hamming"":0,""decision_margin"":158.590302,""pixel_xy"":[812.699781,203.002629],""world_xy_yaw"":[0.239736,1.117137,0.05279],""pnp_valid"":true,""pnp_camera_xyz"":[0.309242,-0.34559,1.287472],""pnp_camera_quat_xyzw"":[-0.030411,-0.005959,0.025736,0.999188],""pnp_camera_rpy_deg"":[-3.501904,-0.592625,2.968952],""pnp_reprojection_error_px"":0.015519},{""tag_id"":16,""target_match"":true,""family"":""tag25h9"",""hamming"":0,""decision_margin"":158.392578,""pixel_xy"":[810.292958,261.845741],""world_xy_yaw"":[0.235692,1.045348,0.054834],""pnp_valid"":true,""pnp_camera_xyz"":[0.301087,-0.204283,1.275862],""pnp_camera_quat_xyzw"":[-0.033708,-0.010476,0.026293,0.999031],""pnp_camera_rpy_deg"":[-3.894157,-1.097764,3.05248],""pnp_reprojection_error_px"":0.031895}]",1,0.015519,158.590302,81.576875,,0,,0,,
2026-08-12T10:57:27.068113+00:00,5022.351774167,sway_decay_positive_0075_run03,0,"[0.0,0.0,0.0,0.0]",0,0,0,0,,,,,,,,,,,,,,,,,,,,,,,,,,,,0,,0,,,"[NaN,NaN,NaN]","[NaN,NaN,NaN,NaN]","[NaN,NaN,NaN,NaN,NaN,NaN]",0.002039,413,1,"[15,16]","[0.23577,1.045355,0.055787]","[{""tag_id"":15,""target_match"":true,""family"":""tag25h9"",""hamming"":0,""decision_margin"":157.507568,""pixel_xy"":[812.757347,202.99325],""world_xy_yaw"":[0.239832,1.117148,0.05256],""pnp_valid"":true,""pnp_camera_xyz"":[0.309465,-0.345738,1.287982],""pnp_camera_quat_xyzw"":[-0.030195,-0.004821,0.026315,0.999186],""pnp_camera_rpy_deg"":[-3.474008,-0.460999,3.031209],""pnp_reprojection_error_px"":0.006267},{""tag_id"":16,""target_match"":true,""family"":""tag25h9"",""hamming"":0,""decision_margin"":160.609604,""pixel_xy"":[810.339041,261.83975],""world_xy_yaw"":[0.23577,1.045355,0.055787],""pnp_valid"":true,""pnp_camera_xyz"":[0.30091,-0.204121,1.274698],""pnp_camera_quat_xyzw"":[-0.03482,-0.01277,0.026472,0.998961],""pnp_camera_rpy_deg"":[-4.02909,-1.356365,3.083566],""pnp_reprojection_error_px"":0.035593}]",1,0.035593,160.609604,81.248044,,0,,0,,
2026-08-12T10:57:27.118497+00:00,5022.402155748,sway_decay_positive_0075_run03,0,"[0.0,0.0,0.0,0.0]",0,0,0,0,,,,,,,,,,,,,,,,,,,,,,,,,,,,0,,0,,,"[NaN,NaN,NaN]","[NaN,NaN,NaN,NaN]","[NaN,NaN,NaN,NaN,NaN,NaN]",0.001571,415,1,"[15,16]","[0.235879,1.045322,0.055874]","[{""tag_id"":15,""target_match"":true,""family"":""tag25h9"",""hamming"":0,""decision_margin"":159.173111,""pixel_xy"":[812.838616,203.01096],""world_xy_yaw"":[0.239969,1.117127,0.053151],""pnp_valid"":true,""pnp_camera_xyz"":[0.309735,-0.345786,1.288256],""pnp_camera_quat_xyzw"":[-0.029255,-0.004362,0.026617,0.999208],""pnp_camera_rpy_deg"":[-3.365022,-0.410264,3.063788],""pnp_reprojection_error_px"":0.005691},{""tag_id"":16,""target_match"":true,""family"":""tag25h9"",""hamming"":0,""decision_margin"":161.636398,""pixel_xy"":[810.403902,261.867001],""world_xy_yaw"":[0.235879,1.045322,0.055874],""pnp_valid"":true,""pnp_camera_xyz"":[0.301114,-0.20414,1.274969],""pnp_camera_quat_xyzw"":[-0.035449,-0.01101,0.02697,0.998947],""pnp_camera_rpy_deg"":[-4.096195,-1.150899,3.134177],""pnp_reprojection_error_px"":0.052477}]",1,0.052477,161.636398,81.434863,,0,,0,,
2026-08-12T10:57:27.168493+00:00,5022.452150875,sway_decay_positive_0075_run03,0,"[0.0,0.0,0.0,0.0]",0,0,0,0,,,,,,,,,,,,,,,,,,,,,,,,,,,,0,,0,,,"[NaN,NaN,NaN]","[NaN,NaN,NaN,NaN]","[NaN,NaN,NaN,NaN,NaN,NaN]",0.002297,416,1,"[15,16]","[0.23592,1.045366,0.056654]","[{""tag_id"":15,""target_match"":true,""family"":""tag25h9"",""hamming"":0,""decision_margin"":157.913696,""pixel_xy"":[812.869282,202.996691],""world_xy_yaw"":[0.24002,1.117144,0.054354],""pnp_valid"":true,""pnp_camera_xyz"":[0.309849,-0.345789,1.288303],""pnp_camera_quat_xyzw"":[-0.028844,-0.005385,0.026595,0.999216],""pnp_camera_rpy_deg"":[-3.321042,-0.528691,3.064514],""pnp_reprojection_error_px"":0.025067},{""tag_id"":16,""target_match"":true,""family"":""tag25h9"",""hamming"":0,""decision_margin"":159.409775,""pixel_xy"":[810.428646,261.83124],""world_xy_yaw"":[0.23592,1.045366,0.056654],""pnp_valid"":true,""pnp_camera_xyz"":[0.30131,-0.204226,1.275468],""pnp_camera_quat_xyzw"":[-0.0342,-0.011632,0.027013,0.998982],""pnp_camera_rpy_deg"":[-3.955062,-1.22582,3.14022],""pnp_reprojection_error_px"":0.020483}]",1,0.020483,159.409775,81.96614,,0,,0,,
2026-08-12T10:57:27.218493+00:00,5022.502151890,sway_decay_positive_0075_run03,0,"[0.0,0.0,0.0,0.0]",0,0,0,0,,,,,,,,,,,,,,,,,,,,,,,,,,,,0,,0,,,"[NaN,NaN,NaN]","[NaN,NaN,NaN,NaN]","[NaN,NaN,NaN,NaN,NaN,NaN]",0.001566,418,1,"[15,16]","[0.236052,1.045379,0.056805]","[{""tag_id"":15,""target_match"":true,""family"":""tag25h9"",""hamming"":0,""decision_margin"":157.511749,""pixel_xy"":[812.962361,203.008371],""world_xy_yaw"":[0.240177,1.11713,0.053972],""pnp_valid"":true,""pnp_camera_xyz"":[0.310097,-0.345839,1.288455],""pnp_camera_quat_xyzw"":[-0.029273,-0.004993,0.026622,0.999204],""pnp_camera_rpy_deg"":[-3.369036,-0.482387,3.066528],""pnp_reprojection_error_px"":0.014592},{""tag_id"":16,""target_match"":true,""family"":""tag25h9"",""hamming"":0,""decision_margin"":159.514618,""pixel_xy"":[810.506929,261.820842],""world_xy_yaw"":[0.236052,1.045379,0.056805],""pnp_valid"":true,""pnp_camera_xyz"":[0.301432,-0.204192,1.275256],""pnp_camera_quat_xyzw"":[-0.033926,-0.011053,0.027299,0.99899],""pnp_camera_rpy_deg"":[-3.922172,-1.15921,3.170362],""pnp_reprojection_error_px"":0.009048}]",1,0.009048,159.514618,82.035135,,0,,0,,
2026-08-12T10:57:27.268001+00:00,5022.551671501,sway_decay_positive_0075_run03,0,"[0.0,0.0,0.0,0.0]",0,0,0,0,,,,,,,,,,,,,,,,,,,,,,,,,,,,0,,0,,,"[NaN,NaN,NaN]","[NaN,NaN,NaN,NaN]","[NaN,NaN,NaN,NaN,NaN,NaN]",0.001885,419,1,"[15,16]","[0.236118,1.045376,0.056957]","[{""tag_id"":15,""target_match"":true,""family"":""tag25h9"",""hamming"":0,""decision_margin"":158.303055,""pixel_xy"":[813.016674,203.002284],""world_xy_yaw"":[0.240268,1.117137,0.054705],""pnp_valid"":true,""pnp_camera_xyz"":[0.310097,-0.345694,1.287919],""pnp_camera_quat_xyzw"":[-0.029729,-0.006001,0.026701,0.999183],""pnp_camera_rpy_deg"":[-3.424471,-0.59613,3.07925],""pnp_reprojection_error_px"":0.016713},{""tag_id"":16,""target_match"":true,""family"":""tag25h9"",""hamming"":0,""decision_margin"":162.475571,""pixel_xy"":[810.546165,261.822624],""world_xy_yaw"":[0.236118,1.045376,0.056957],""pnp_valid"":true,""pnp_camera_xyz"":[0.30154,-0.204215,1.2753],""pnp_camera_quat_xyzw"":[-0.034648,-0.010663,0.027391,0.998967],""pnp_camera_rpy_deg"":[-4.003721,-1.111927,3.180077],""pnp_reprojection_error_px"":0.01821}]",1,0.01821,162.475571,82.460101,,0,,0,,
2026-08-12T10:57:27.318664+00:00,5022.602319277,sway_decay_positive_0075_run03,0,"[0.0,0.0,0.0,0.0]",0,0,0,0,,,,,,,,,,,,,,,,,,,,,,,,,,,,0,,0,,,"[NaN,NaN,NaN]","[NaN,NaN,NaN,NaN]","[NaN,NaN,NaN,NaN,NaN,NaN]",0.001577,421,1,"[15,16]","[0.236244,1.045376,0.05742]","[{""tag_id"":15,""target_match"":true,""family"":""tag25h9"",""hamming"":0,""decision_margin"":159.594757,""pixel_xy"":[813.120127,203.01225],""world_xy_yaw"":[0.240442,1.117125,0.053983],""pnp_valid"":true,""pnp_camera_xyz"":[0.310305,-0.345715,1.287968],""pnp_camera_quat_xyzw"":[-0.030072,-0.00645,0.026745,0.999169],""pnp_camera_rpy_deg"":[-3.465212,-0.646345,3.086175],""pnp_reprojection_error_px"":0.008031},{""tag_id"":16,""target_match"":true,""family"":""tag25h9"",""hamming"":0,""decision_margin"":161.79805,""pixel_xy"":[810.621166,261.82275],""world_xy_yaw"":[0.236244,1.045376,0.05742],""pnp_valid"":true,""pnp_camera_xyz"":[0.301642,-0.204172,1.275014],""pnp_camera_quat_xyzw"":[-0.034468,-0.011788,0.027493,0.998958],""pnp_camera_rpy_deg"":[-3.986956,-1.240938,3.196143],""pnp_reprojection_error_px"":0.018767}]",1,0.018767,161.79805,81.355076,,0,,0,,
2026-08-12T10:57:27.368661+00:00,5022.652315079,sway_decay_positive_0075_run03,0,"[0.0,0.0,0.0,0.0]",0,0,0,0,,,,,,,,,,,,,,,,,,,,,,,,,,,,0,,0,,,"[NaN,NaN,NaN]","[NaN,NaN,NaN,NaN]","[NaN,NaN,NaN,NaN,NaN,NaN]",0.002323,422,1,"[15,16]","[0.236308,1.045394,0.056807]","[{""tag_id"":15,""target_match"":true,""family"":""tag25h9"",""hamming"":0,""decision_margin"":158.121445,""pixel_xy"":[813.151529,203.030027],""world_xy_yaw"":[0.240495,1.117103,0.054513],""pnp_valid"":true,""pnp_camera_xyz"":[0.310546,-0.345841,1.288448],""pnp_camera_quat_xyzw"":[-0.029072,-0.006474,0.026484,0.999205],""pnp_camera_rpy_deg"":[-3.350588,-0.653011,3.05565],""pnp_reprojection_error_px"":0.02746},{""tag_id"":16,""target_match"":true,""family"":""tag25h9"",""hamming"":0,""decision_margin"":160.988892,""pixel_xy"":[810.659562,261.807871],""world_xy_yaw"":[0.236308,1.045394,0.056807],""pnp_valid"":true,""pnp_camera_xyz"":[0.301937,-0.20435,1.275948],""pnp_camera_quat_xyzw"":[-0.033699,-0.010075,0.027651,0.998999],""pnp_camera_rpy_deg"":[-3.893329,-1.04667,3.206483],""pnp_reprojection_error_px"":0.016459}]",1,0.016459,160.988892,80.641184,,0,,0,,
2026-08-12T10:57:27.418497+00:00,5022.702153920,sway_decay_positive_0075_run03,0,"[0.0,0.0,0.0,0.0]",0,0,0,0,,,,,,,,,,,,,,,,,,,,,,,,,,,,0,,0,,,"[NaN,NaN,NaN]","[NaN,NaN,NaN,NaN]","[NaN,NaN,NaN,NaN,NaN,NaN]",0.001568,424,1,"[15,16]","[0.236449,1.045398,0.057074]","[{""tag_id"":15,""target_match"":true,""family"":""tag25h9"",""hamming"":0,""decision_margin"":159.400909,""pixel_xy"":[813.253037,203.009782],""world_xy_yaw"":[0.240665,1.117128,0.05647],""pnp_valid"":true,""pnp_camera_xyz"":[0.310755,-0.345815,1.288239],""pnp_camera_quat_xyzw"":[-0.029131,-0.004968,0.027671,0.99918],""pnp_camera_rpy_deg"":[-3.353183,-0.476416,3.186575],""pnp_reprojection_error_px"":0.028241},{""tag_id"":16,""target_match"":true,""family"":""tag25h9"",""hamming"":0,""decision_margin"":162.711044,""pixel_xy"":[810.74327,261.805181],""world_xy_yaw"":[0.236449,1.045398,0.057074],""pnp_valid"":true,""pnp_camera_xyz"":[0.302181,-0.204406,1.276163],""pnp_camera_quat_xyzw"":[-0.032919,-0.011408,0.027598,0.999012],""pnp_camera_rpy_deg"":[-3.80826,-1.201979,3.204755],""pnp_reprojection_error_px"":0.023118}]",1,0.023118,162.711044,79.709882,,0,,0,,
2026-08-12T10:57:27.468382+00:00,5022.752040280,sway_decay_positive_0075_run03,0,"[0.0,0.0,0.0,0.0]",0,0,0,0,,,,,,,,,,,,,,,,,,,,,,,,,,,,0,,0,,,"[NaN,NaN,NaN]","[NaN,NaN,NaN,NaN]","[NaN,NaN,NaN,NaN,NaN,NaN]",0.002253,425,1,"[15,16]","[0.236499,1.045398,0.057563]","[{""tag_id"":15,""target_match"":true,""family"":""tag25h9"",""hamming"":0,""decision_margin"":158.873917,""pixel_xy"":[813.318823,203.008439],""world_xy_yaw"":[0.240776,1.11713,0.055551],""pnp_valid"":true,""pnp_camera_xyz"":[0.311047,-0.346025,1.288978],""pnp_camera_quat_xyzw"":[-0.029013,-0.003994,0.027924,0.999181],""pnp_camera_rpy_deg"":[-3.336609,-0.364427,3.212289],""pnp_reprojection_error_px"":0.020055},{""tag_id"":16,""target_match"":true,""family"":""tag25h9"",""hamming"":0,""decision_margin"":159.519409,""pixel_xy"":[810.772931,261.804585],""world_xy_yaw"":[0.236499,1.045398,0.057563],""pnp_valid"":true,""pnp_camera_xyz"":[0.302304,-0.204434,1.276257],""pnp_camera_quat_xyzw"":[-0.032877,-0.010326,0.027702,0.999022],""pnp_camera_rpy_deg"":[-3.800002,-1.077798,3.212503],""pnp_reprojection_error_px"":0.02888}]",1,0.02888,159.519409,79.477014,,0,,0,,
2026-08-12T10:57:27.518389+00:00,5022.802047294,sway_decay_positive_0075_run03,0,"[0.0,0.0,0.0,0.0]",0,0,0,0,,,,,,,,,,,,,,,,,,,,,,,,,,,,0,,0,,,"[NaN,NaN,NaN]","[NaN,NaN,NaN,NaN]","[NaN,NaN,NaN,NaN,NaN,NaN]",0.002259,426,1,"[15,16]","[0.236587,1.045423,0.057875]","[{""tag_id"":15,""target_match"":true,""family"":""tag25h9"",""hamming"":0,""decision_margin"":159.458206,""pixel_xy"":[813.374129,203.002073],""world_xy_yaw"":[0.240869,1.117137,0.054999],""pnp_valid"":true,""pnp_camera_xyz"":[0.311211,-0.34607,1.289129],""pnp_camera_quat_xyzw"":[-0.028179,-0.002887,0.027989,0.999207],""pnp_camera_rpy_deg"":[-3.237478,-0.240234,3.215806],""pnp_reprojection_error_px"":0.015353},{""tag_id"":16,""target_match"":true,""family"":""tag25h9"",""hamming"":0,""decision_margin"":160.73291,""pixel_xy"":[810.825494,261.784493],""world_xy_yaw"":[0.236587,1.045423,0.057875],""pnp_valid"":true,""pnp_camera_xyz"":[0.302334,-0.204385,1.275918],""pnp_camera_quat_xyzw"":[-0.032977,-0.011931,0.027702,0.999001],""pnp_camera_rpy_deg"":[-3.816711,-1.261292,3.218804],""pnp_reprojection_error_px"":0.009952}]",1,0.009952,160.73291,79.78856,,0,,0,,
2026-08-12T10:57:27.568407+00:00,5022.852062388,sway_decay_positive_0075_run03,0,"[0.0,0.0,0.0,0.0]",0,0,0,0,,,,,,,,,,,,,,,,,,,,,,,,,,,,0,,0,,,"[NaN,NaN,NaN]","[NaN,NaN,NaN,NaN]","[NaN,NaN,NaN,NaN,NaN,NaN]",0.001477,428,1,"[15,16]","[0.241065,1.117208,0.057137]","[{""tag_id"":15,""target_match"":true,""family"":""tag25h9"",""hamming"":0,""decision_margin"":159.497696,""pixel_xy"":[813.491227,202.94392],""world_xy_yaw"":[0.241065,1.117208,0.057137],""pnp_valid"":true,""pnp_camera_xyz"":[0.311103,-0.34569,1.287442],""pnp_camera_quat_xyzw"":[-0.030768,-0.004755,0.028288,0.999115],""pnp_camera_rpy_deg"":[-3.540419,-0.444636,3.257273],""pnp_reprojection_error_px"":0.019062},{""tag_id"":16,""target_match"":true,""family"":""tag25h9"",""hamming"":0,""decision_margin"":158.643723,""pixel_xy"":[810.929742,261.76324],""world_xy_yaw"":[0.236762,1.045449,0.057015],""pnp_valid"":true,""pnp_camera_xyz"":[0.302564,-0.204469,1.276051],""pnp_camera_quat_xyzw"":[-0.032945,-0.011906,0.027776,0.999],""pnp_camera_rpy_deg"":[-3.813053,-1.258231,3.227092],""pnp_reprojection_error_px"":0.022385}]",1,0.019062,159.497696,79.328117,,0,,0,,
2026-08-12T10:57:27.618571+00:00,5022.902227582,sway_decay_positive_0075_run03,0,"[0.0,0.0,0.0,0.0]",0,0,0,0,,,,,,,,,,,,,,,,,,,,,,,,,,,,0,,0,,,"[NaN,NaN,NaN]","[NaN,NaN,NaN,NaN]","[NaN,NaN,NaN,NaN,NaN,NaN]",0.001631,430,1,"[15,16]","[0.241273,1.117251,0.057032]","[{""tag_id"":15,""target_match"":true,""family"":""tag25h9"",""hamming"":0,""decision_margin"":161.401154,""pixel_xy"":[813.614636,202.908924],""world_xy_yaw"":[0.241273,1.117251,0.057032],""pnp_valid"":true,""pnp_camera_xyz"":[0.311365,-0.345714,1.287387],""pnp_camera_quat_xyzw"":[-0.031196,-0.004778,0.028373,0.999099],""pnp_camera_rpy_deg"":[-3.589544,-0.445554,3.267282],""pnp_reprojection_error_px"":0.032419},{""tag_id"":16,""target_match"":true,""family"":""tag25h9"",""hamming"":0,""decision_margin"":161.356369,""pixel_xy"":[810.996817,261.731797],""world_xy_yaw"":[0.236875,1.045487,0.058542],""pnp_valid"":true,""pnp_camera_xyz"":[0.302773,-0.204521,1.276096],""pnp_camera_quat_xyzw"":[-0.033854,-0.012556,0.027965,0.998957],""pnp_camera_rpy_deg"":[-3.919655,-1.32892,3.252594],""pnp_reprojection_error_px"":0.002893}]",1,0.032419,161.401154,79.69825,,0,,0,,
2026-08-12T10:57:27.668215+00:00,5022.951873229,sway_decay_positive_0075_run03,0,"[0.0,0.0,0.0,0.0]",0,0,0,0,,,,,,,,,,,,,,,,,,,,,,,,,,,,0,,0,,,"[NaN,NaN,NaN]","[NaN,NaN,NaN,NaN]","[NaN,NaN,NaN,NaN,NaN,NaN]",0.002045,431,1,"[15,16]","[0.236973,1.045472,0.058184]","[{""tag_id"":15,""target_match"":true,""family"":""tag25h9"",""hamming"":0,""decision_margin"":158.989792,""pixel_xy"":[813.656116,202.896951],""world_xy_yaw"":[0.241342,1.117266,0.058197],""pnp_valid"":true,""pnp_camera_xyz"":[0.311549,-0.345793,1.287567],""pnp_camera_quat_xyzw"":[-0.030928,-0.005205,0.028388,0.999105],""pnp_camera_rpy_deg"":[-3.560285,-0.495317,3.270432],""pnp_reprojection_error_px"":0.039644},{""tag_id"":16,""target_match"":true,""family"":""tag25h9"",""hamming"":0,""decision_margin"":159.093033,""pixel_xy"":[811.055416,261.744648],""world_xy_yaw"":[0.236973,1.045472,0.058184],""pnp_valid"":true,""pnp_camera_xyz"":[0.302902,-0.204542,1.276117],""pnp_camera_quat_xyzw"":[-0.033157,-0.012022,0.028049,0.998984],""pnp_camera_rpy_deg"":[-3.838162,-1.269735,3.259197],""pnp_reprojection_error_px"":0.023895}]",1,0.023895,159.093033,79.013951,,0,,0,,
2026-08-12T10:57:27.718418+00:00,5023.002076087,sway_decay_positive_0075_run03,0,"[0.0,0.0,0.0,0.0]",0,0,0,0,,,,,,,,,,,,,,,,,,,,,,,,,,,,0,,0,,,"[NaN,NaN,NaN]","[NaN,NaN,NaN,NaN]","[NaN,NaN,NaN,NaN,NaN,NaN]",0.001570,433,1,"[15,16]","[0.241578,1.117262,0.058463]","[{""tag_id"":15,""target_match"":true,""family"":""tag25h9"",""hamming"":0,""decision_margin"":160.47049,""pixel_xy"":[813.796303,202.90019],""world_xy_yaw"":[0.241578,1.117262,0.058463],""pnp_valid"":true,""pnp_camera_xyz"":[0.311784,-0.345759,1.287284],""pnp_camera_quat_xyzw"":[-0.03093,-0.006086,0.028602,0.999094],""pnp_camera_rpy_deg"":[-3.563567,-0.595382,3.298182],""pnp_reprojection_error_px"":0.015959},{""tag_id"":16,""target_match"":true,""family"":""tag25h9"",""hamming"":0,""decision_margin"":160.47023,""pixel_xy"":[811.151463,261.74948],""world_xy_yaw"":[0.237134,1.045466,0.059148],""pnp_valid"":true,""pnp_camera_xyz"":[0.303198,-0.20463,1.276376],""pnp_camera_quat_xyzw"":[-0.033627,-0.011149,0.028605,0.998963],""pnp_camera_rpy_deg"":[-3.889769,-1.166145,3.320002],""pnp_reprojection_error_px"":0.048472}]",1,0.015959,160.47049,78.256158,,0,,0,,
2026-08-12T10:57:27.768471+00:00,5023.052128183,sway_decay_positive_0075_run03,0,"[0.0,0.0,0.0,0.0]",0,0,0,0,,,,,,,,,,,,,,,,,,,,,,,,,,,,0,,0,,,"[NaN,NaN,NaN]","[NaN,NaN,NaN,NaN]","[NaN,NaN,NaN,NaN,NaN,NaN]",0.002244,434,1,"[15,16]","[0.237207,1.045493,0.059295]","[{""tag_id"":15,""target_match"":true,""family"":""tag25h9"",""hamming"":0,""decision_margin"":158.31778,""pixel_xy"":[813.83943,202.894673],""world_xy_yaw"":[0.24165,1.117268,0.058568],""pnp_valid"":true,""pnp_camera_xyz"":[0.312037,-0.345929,1.287834],""pnp_camera_quat_xyzw"":[-0.030302,-0.00512,0.028735,0.999115],""pnp_camera_rpy_deg"":[-3.488456,-0.486364,3.309654],""pnp_reprojection_error_px"":0.021493},{""tag_id"":16,""target_match"":true,""family"":""tag25h9"",""hamming"":0,""decision_margin"":159.958847,""pixel_xy"":[811.194928,261.727046],""world_xy_yaw"":[0.237207,1.045493,0.059295],""pnp_valid"":true,""pnp_camera_xyz"":[0.303104,-0.204532,1.275511],""pnp_camera_quat_xyzw"":[-0.034999,-0.011715,0.028459,0.998913],""pnp_camera_rpy_deg"":[-4.048703,-1.226961,3.307148],""pnp_reprojection_error_px"":0.043534}]",1,0.043534,159.958847,77.783954,,0,,0,,
2026-08-12T10:57:27.818500+00:00,5023.102156893,sway_decay_positive_0075_run03,0,"[0.0,0.0,0.0,0.0]",0,0,0,0,,,,,,,,,,,,,,,,,,,,,,,,,,,,0,,0,,,"[NaN,NaN,NaN]","[NaN,NaN,NaN,NaN]","[NaN,NaN,NaN,NaN,NaN,NaN]",0.001576,436,1,"[15,16]","[0.2374,1.045504,0.060046]","[{""tag_id"":15,""target_match"":true,""family"":""tag25h9"",""hamming"":0,""decision_margin"":160.747253,""pixel_xy"":[813.946174,202.860657],""world_xy_yaw"":[0.24183,1.11731,0.058919],""pnp_valid"":true,""pnp_camera_xyz"":[0.312462,-0.346134,1.288383],""pnp_camera_quat_xyzw"":[-0.029628,-0.005159,0.028468,0.999142],""pnp_camera_rpy_deg"":[-3.411188,-0.494031,3.278809],""pnp_reprojection_error_px"":0.039989},{""tag_id"":16,""target_match"":true,""family"":""tag25h9"",""hamming"":0,""decision_margin"":161.265015,""pixel_xy"":[811.309454,261.718044],""world_xy_yaw"":[0.2374,1.045504,0.060046],""pnp_valid"":true,""pnp_camera_xyz"":[0.303287,-0.204542,1.275214],""pnp_camera_quat_xyzw"":[-0.034603,-0.01224,0.028923,0.998908],""pnp_camera_rpy_deg"":[-4.005693,-1.286516,3.362014],""pnp_reprojection_error_px"":0.059466}]",1,0.059466,161.265015,79.101287,,0,,0,,
2026-08-12T10:57:27.868237+00:00,5023.151898875,sway_decay_positive_0075_run03,0,"[0.0,0.0,0.0,0.0]",0,0,0,0,,,,,,,,,,,,,,,,,,,,,,,,,,,,0,,0,,,"[NaN,NaN,NaN]","[NaN,NaN,NaN,NaN]","[NaN,NaN,NaN,NaN,NaN,NaN]",0.002052,437,1,"[15,16]","[0.24192,1.117319,0.059808]","[{""tag_id"":15,""target_match"":true,""family"":""tag25h9"",""hamming"":0,""decision_margin"":160.93808,""pixel_xy"":[813.999924,202.853166],""world_xy_yaw"":[0.24192,1.117319,0.059808],""pnp_valid"":true,""pnp_camera_xyz"":[0.312462,-0.346003,1.287788],""pnp_camera_quat_xyzw"":[-0.030035,-0.0057,0.028589,0.999124],""pnp_camera_rpy_deg"":[-3.459708,-0.554218,3.294801],""pnp_reprojection_error_px"":0.045379},{""tag_id"":16,""target_match"":true,""family"":""tag25h9"",""hamming"":0,""decision_margin"":160.733963,""pixel_xy"":[811.36536,261.69389],""world_xy_yaw"":[0.237494,1.045533,0.06046],""pnp_valid"":true,""pnp_camera_xyz"":[0.303346,-0.204511,1.274887],""pnp_camera_quat_xyzw"":[-0.035119,-0.011836,0.029111,0.998889],""pnp_camera_rpy_deg"":[-4.063682,-1.237712,3.382567],""pnp_reprojection_error_px"":0.044194}]",1,0.045379,160.93808,78.254865,,0,,0,,
2026-08-12T10:57:27.917841+00:00,5023.201513636,sway_decay_positive_0075_run03,0,"[0.0,0.0,0.0,0.0]",0,0,0,0,,,,,,,,,,,,,,,,,,,,,,,,,,,,0,,0,,,"[NaN,NaN,NaN]","[NaN,NaN,NaN,NaN]","[NaN,NaN,NaN,NaN,NaN,NaN]",0.001027,439,1,"[15,16]","[0.242151,1.117306,0.060215]","[{""tag_id"":15,""target_match"":true,""family"":""tag25h9"",""hamming"":0,""decision_margin"":161.128494,""pixel_xy"":[814.137627,202.863664],""world_xy_yaw"":[0.242151,1.117306,0.060215],""pnp_valid"":true,""pnp_camera_xyz"":[0.312762,-0.346027,1.287705],""pnp_camera_quat_xyzw"":[-0.030211,-0.005842,0.028851,0.99911],""pnp_camera_rpy_deg"":[-3.480456,-0.568983,3.325388],""pnp_reprojection_error_px"":0.047214},{""tag_id"":16,""target_match"":true,""family"":""tag25h9"",""hamming"":0,""decision_margin"":160.033798,""pixel_xy"":[811.467585,261.661164],""world_xy_yaw"":[0.237666,1.045573,0.0605],""pnp_valid"":true,""pnp_camera_xyz"":[0.303541,-0.204547,1.274737],""pnp_camera_quat_xyzw"":[-0.035971,-0.012344,0.029118,0.998852],""pnp_camera_rpy_deg"":[-4.163199,-1.292942,3.386607],""pnp_reprojection_error_px"":0.037532}]",1,0.047214,161.128494,78.15582,,0,,0,,
2026-08-12T10:57:27.968426+00:00,5023.252085073,sway_decay_positive_0075_run03,0,"[0.0,0.0,0.0,0.0]",0,0,0,0,,,,,,,,,,,,,,,,,,,,,,,,,,,,0,,0,,,"[NaN,NaN,NaN]","[NaN,NaN,NaN,NaN]","[NaN,NaN,NaN,NaN,NaN,NaN]",0.002248,440,1,"[15,16]","[0.237744,1.045621,0.061369]","[{""tag_id"":15,""target_match"":true,""family"":""tag25h9"",""hamming"":0,""decision_margin"":160.928833,""pixel_xy"":[814.222386,202.857952],""world_xy_yaw"":[0.242294,1.117313,0.059707],""pnp_valid"":true,""pnp_camera_xyz"":[0.313058,-0.346181,1.288178],""pnp_camera_quat_xyzw"":[-0.029721,-0.00426,0.029249,0.999121],""pnp_camera_rpy_deg"":[-3.41918,-0.388142,3.365245],""pnp_reprojection_error_px"":0.04385},{""tag_id"":16,""target_match"":true,""family"":""tag25h9"",""hamming"":0,""decision_margin"":161.760284,""pixel_xy"":[811.514457,261.622424],""world_xy_yaw"":[0.237744,1.045621,0.061369],""pnp_valid"":true,""pnp_camera_xyz"":[0.303724,-0.2046,1.274971],""pnp_camera_quat_xyzw"":[-0.035687,-0.011596,0.029471,0.998861],""pnp_camera_rpy_deg"":[-4.128405,-1.20686,3.42351],""pnp_reprojection_error_px"":0.005819}]",1,0.005819,161.760284,78.660851,,0,,0,,
2026-08-12T10:57:28.018482+00:00,5023.302140422,sway_decay_positive_0075_run03,0,"[0.0,0.0,0.0,0.0]",0,0,0,0,,,,,,,,,,,,,,,,,,,,,,,,,,,,0,,0,,,"[NaN,NaN,NaN]","[NaN,NaN,NaN,NaN]","[NaN,NaN,NaN,NaN,NaN,NaN]",0.001553,442,1,"[15,16]","[0.23797,1.045622,0.060185]","[{""tag_id"":15,""target_match"":true,""family"":""tag25h9"",""hamming"":0,""decision_margin"":159.379044,""pixel_xy"":[814.356964,202.838044],""world_xy_yaw"":[0.24252,1.117338,0.059614],""pnp_valid"":true,""pnp_camera_xyz"":[0.31344,-0.346318,1.288514],""pnp_camera_quat_xyzw"":[-0.029225,-0.00366,0.029556,0.999129],""pnp_camera_rpy_deg"":[-3.360445,-0.320034,3.398205],""pnp_reprojection_error_px"":0.038368},{""tag_id"":16,""target_match"":true,""family"":""tag25h9"",""hamming"":0,""decision_margin"":160.046249,""pixel_xy"":[811.648565,261.621182],""world_xy_yaw"":[0.23797,1.045622,0.060185],""pnp_valid"":true,""pnp_camera_xyz"":[0.303908,-0.204594,1.274625],""pnp_camera_quat_xyzw"":[-0.03637,-0.011482,0.029424,0.998839],""pnp_camera_rpy_deg"":[-4.20631,-1.1917,3.41845],""pnp_reprojection_error_px"":0.029972}]",1,0.029972,160.046249,79.534124,,0,,0,,
2026-08-12T10:57:28.068533+00:00,5023.352191059,sway_decay_positive_0075_run03,0,"[0.0,0.0,0.0,0.0]",0,0,0,0,,,,,,,,,,,,,,,,,,,,,,,,,,,,0,,0,,,"[NaN,NaN,NaN]","[NaN,NaN,NaN,NaN]","[NaN,NaN,NaN,NaN,NaN,NaN]",0.002345,443,1,"[15,16]","[0.238011,1.045653,0.061339]","[{""tag_id"":15,""target_match"":true,""family"":""tag25h9"",""hamming"":0,""decision_margin"":157.706116,""pixel_xy"":[814.422122,202.808935],""world_xy_yaw"":[0.242629,1.117373,0.060185],""pnp_valid"":true,""pnp_camera_xyz"":[0.313653,-0.346357,1.288633],""pnp_camera_quat_xyzw"":[-0.028817,-0.002833,0.029719,0.999139],""pnp_camera_rpy_deg"":[-3.310828,-0.226214,3.41398],""pnp_reprojection_error_px"":0.03934},{""tag_id"":16,""target_match"":true,""family"":""tag25h9"",""hamming"":0,""decision_margin"":161.77417,""pixel_xy"":[811.673004,261.596004],""world_xy_yaw"":[0.238011,1.045653,0.061339],""pnp_valid"":true,""pnp_camera_xyz"":[0.304052,-0.204647,1.274809],""pnp_camera_quat_xyzw"":[-0.035396,-0.011269,0.029566,0.998872],""pnp_camera_rpy_deg"":[-4.093984,-1.169991,3.43267],""pnp_reprojection_error_px"":0.009778}]",1,0.009778,161.77417,79.249433,,0,,0,,
2026-08-12T10:57:28.118373+00:00,5023.402031868,sway_decay_positive_0075_run03,0,"[0.0,0.0,0.0,0.0]",0,0,0,0,,,,,,,,,,,,,,,,,,,,,,,,,,,,0,,0,,,"[NaN,NaN,NaN]","[NaN,NaN,NaN,NaN]","[NaN,NaN,NaN,NaN,NaN,NaN]",0.001542,445,1,"[15,16]","[0.242857,1.117385,0.061202]","[{""tag_id"":15,""target_match"":true,""family"":""tag25h9"",""hamming"":0,""decision_margin"":160.247986,""pixel_xy"":[814.55781,202.799042],""world_xy_yaw"":[0.242857,1.117385,0.061202],""pnp_valid"":true,""pnp_camera_xyz"":[0.313855,-0.346268,1.288169],""pnp_camera_quat_xyzw"":[-0.030026,-0.003749,0.030053,0.99909],""pnp_camera_rpy_deg"":[-3.452702,-0.325862,3.455749],""pnp_reprojection_error_px"":0.037461},{""tag_id"":16,""target_match"":true,""family"":""tag25h9"",""hamming"":0,""decision_margin"":158.945419,""pixel_xy"":[811.805284,261.586932],""world_xy_yaw"":[0.238233,1.045664,0.060586],""pnp_valid"":true,""pnp_camera_xyz"":[0.304403,-0.204734,1.275159],""pnp_camera_quat_xyzw"":[-0.034949,-0.011738,0.029563,0.998883],""pnp_camera_rpy_deg"":[-4.044473,-1.225264,3.433714],""pnp_reprojection_error_px"":0.021225}]",1,0.037461,160.247986,79.924016,,0,,0,,
2026-08-12T10:57:28.168170+00:00,5023.451829460,sway_decay_positive_0075_run03,0,"[0.0,0.0,0.0,0.0]",0,0,0,0,,,,,,,,,,,,,,,,,,,,,,,,,,,,0,,0,,,"[NaN,NaN,NaN]","[NaN,NaN,NaN,NaN]","[NaN,NaN,NaN,NaN,NaN,NaN]",0.002069,446,1,"[15,16]","[0.238298,1.045674,0.061875]","[{""tag_id"":15,""target_match"":true,""family"":""tag25h9"",""hamming"":0,""decision_margin"":160.766556,""pixel_xy"":[814.645044,202.757159],""world_xy_yaw"":[0.243004,1.117436,0.060961],""pnp_valid"":true,""pnp_camera_xyz"":[0.313781,-0.346026,1.287175],""pnp_camera_quat_xyzw"":[-0.030843,-0.004557,0.030074,0.999061],""pnp_camera_rpy_deg"":[-3.54913,-0.415382,3.461266],""pnp_reprojection_error_px"":0.032831},{""tag_id"":16,""target_match"":true,""family"":""tag25h9"",""hamming"":0,""decision_margin"":161.141922,""pixel_xy"":[811.843834,261.579075],""world_xy_yaw"":[0.238298,1.045674,0.061875],""pnp_valid"":true,""pnp_camera_xyz"":[0.304611,-0.204804,1.275515],""pnp_camera_quat_xyzw"":[-0.035058,-0.011581,0.029891,0.998871],""pnp_camera_rpy_deg"":[-4.056719,-1.205624,3.470837],""pnp_reprojection_error_px"":0.011931}]",1,0.011931,161.141922,79.630624,,0,,0,,
2026-08-12T10:57:28.218504+00:00,5023.502162727,sway_decay_positive_0075_run03,0,"[0.0,0.0,0.0,0.0]",0,0,0,0,,,,,,,,,,,,,,,,,,,,,,,,,,,,0,,0,,,"[NaN,NaN,NaN]","[NaN,NaN,NaN,NaN]","[NaN,NaN,NaN,NaN,NaN,NaN]",0.001571,448,1,"[15,16]","[0.238507,1.045704,0.061493]","[{""tag_id"":15,""target_match"":true,""family"":""tag25h9"",""hamming"":0,""decision_margin"":159.341293,""pixel_xy"":[814.764989,202.768142],""world_xy_yaw"":[0.243205,1.117423,0.062145],""pnp_valid"":true,""pnp_camera_xyz"":[0.31427,-0.346201,1.287813],""pnp_camera_quat_xyzw"":[-0.029648,-0.005194,0.02997,0.999098],""pnp_camera_rpy_deg"":[-3.414298,-0.492842,3.451013],""pnp_reprojection_error_px"":0.043536},{""tag_id"":16,""target_match"":true,""family"":""tag25h9"",""hamming"":0,""decision_margin"":161.458374,""pixel_xy"":[811.968259,261.553999],""world_xy_yaw"":[0.238507,1.045704,0.061493],""pnp_valid"":true,""pnp_camera_xyz"":[0.304634,-0.20469,1.27446],""pnp_camera_quat_xyzw"":[-0.036306,-0.01423,0.029394,0.998807],""pnp_camera_rpy_deg"":[-4.208521,-1.506552,3.426701],""pnp_reprojection_error_px"":0.013853}]",1,0.013853,161.458374,79.80062,,0,,0,,
2026-08-12T10:57:28.268484+00:00,5023.552141744,sway_decay_positive_0075_run03,0,"[0.0,0.0,0.0,0.0]",0,0,0,0,,,,,,,,,,,,,,,,,,,,,,,,,,,,0,,0,,,"[NaN,NaN,NaN]","[NaN,NaN,NaN,NaN]","[NaN,NaN,NaN,NaN,NaN,NaN]",0.002295,449,1,"[15,16]","[0.243307,1.117414,0.061894]","[{""tag_id"":15,""target_match"":true,""family"":""tag25h9"",""hamming"":0,""decision_margin"":160.368225,""pixel_xy"":[814.825638,202.77553],""world_xy_yaw"":[0.243307,1.117414,0.061894],""pnp_valid"":true,""pnp_camera_xyz"":[0.314421,-0.346228,1.287901],""pnp_camera_quat_xyzw"":[-0.029248,-0.005611,0.02989,0.999109],""pnp_camera_rpy_deg"":[-3.369849,-0.542202,3.443173],""pnp_reprojection_error_px"":0.035947},{""tag_id"":16,""target_match"":true,""family"":""tag25h9"",""hamming"":0,""decision_margin"":159.325287,""pixel_xy"":[812.011082,261.570405],""world_xy_yaw"":[0.238579,1.045684,0.062352],""pnp_valid"":true,""pnp_camera_xyz"":[0.30475,-0.204699,1.274447],""pnp_camera_quat_xyzw"":[-0.036833,-0.013935,0.029687,0.998783],""pnp_camera_rpy_deg"":[-4.268366,-1.469722,3.459852],""pnp_reprojection_error_px"":0.031843}]",1,0.035947,160.368225,79.389965,,0,,0,,
2026-08-12T10:57:28.318399+00:00,5023.602056975,sway_decay_positive_0075_run03,0,"[0.0,0.0,0.0,0.0]",0,0,0,0,,,,,,,,,,,,,,,,,,,,,,,,,,,,0,,0,,,"[NaN,NaN,NaN]","[NaN,NaN,NaN,NaN]","[NaN,NaN,NaN,NaN,NaN,NaN]",0.001543,451,1,"[15,16]","[0.238782,1.0457,0.062398]","[{""tag_id"":15,""target_match"":true,""family"":""tag25h9"",""hamming"":0,""decision_margin"":158.644638,""pixel_xy"":[814.961433,202.75437],""world_xy_yaw"":[0.243535,1.11744,0.06257],""pnp_valid"":true,""pnp_camera_xyz"":[0.314556,-0.346081,1.287169],""pnp_camera_quat_xyzw"":[-0.030411,-0.007035,0.029904,0.999065],""pnp_camera_rpy_deg"":[-3.508176,-0.701158,3.450393],""pnp_reprojection_error_px"":0.033219},{""tag_id"":16,""target_match"":true,""family"":""tag25h9"",""hamming"":0,""decision_margin"":159.113388,""pixel_xy"":[812.132,261.557664],""world_xy_yaw"":[0.238782,1.0457,0.062398],""pnp_valid"":true,""pnp_camera_xyz"":[0.305178,-0.204836,1.275126],""pnp_camera_quat_xyzw"":[-0.035937,-0.012111,0.030226,0.998823],""pnp_camera_rpy_deg"":[-4.159841,-1.261826,3.512511],""pnp_reprojection_error_px"":0.032401}]",1,0.032401,159.113388,79.845761,,0,,0,,
2026-08-12T10:57:28.368395+00:00,5023.652052257,sway_decay_positive_0075_run03,0,"[0.0,0.0,0.0,0.0]",0,0,0,0,,,,,,,,,,,,,,,,,,,,,,,,,,,,0,,0,,,"[NaN,NaN,NaN]","[NaN,NaN,NaN,NaN]","[NaN,NaN,NaN,NaN,NaN,NaN]",0.002271,452,1,"[15,16]","[0.243648,1.117441,0.06283]","[{""tag_id"":15,""target_match"":true,""family"":""tag25h9"",""hamming"":0,""decision_margin"":160.30809,""pixel_xy"":[815.02852,202.752945],""world_xy_yaw"":[0.243648,1.117441,0.06283],""pnp_valid"":true,""pnp_camera_xyz"":[0.314657,-0.346034,1.286951],""pnp_camera_quat_xyzw"":[-0.030568,-0.006792,0.030158,0.999055],""pnp_camera_rpy_deg"":[-3.525487,-0.671954,3.478743],""pnp_reprojection_error_px"":0.031214},{""tag_id"":16,""target_match"":true,""family"":""tag25h9"",""hamming"":0,""decision_margin"":158.813477,""pixel_xy"":[812.178195,261.561965],""world_xy_yaw"":[0.238859,1.045694,0.062484],""pnp_valid"":true,""pnp_camera_xyz"":[0.305286,-0.204835,1.275104],""pnp_camera_quat_xyzw"":[-0.03505,-0.012591,0.030152,0.998851],""pnp_camera_rpy_deg"":[-4.059786,-1.320214,3.504839],""pnp_reprojection_error_px"":0.037234}]",1,0.031214,160.30809,79.062442,,0,,0,,
2026-08-12T10:57:28.418097+00:00,5023.701762882,sway_decay_positive_0075_run03,0,"[0.0,0.0,0.0,0.0]",0,0,0,0,,,,,,,,,,,,,,,,,,,,,,,,,,,,0,,0,,,"[NaN,NaN,NaN]","[NaN,NaN,NaN,NaN]","[NaN,NaN,NaN,NaN,NaN,NaN]",0.001147,454,1,"[15,16]","[0.239046,1.045707,0.063153]","[{""tag_id"":15,""target_match"":true,""family"":""tag25h9"",""hamming"":0,""decision_margin"":159.22641,""pixel_xy"":[815.167704,202.760313],""world_xy_yaw"":[0.243882,1.117432,0.062884],""pnp_valid"":true,""pnp_camera_xyz"":[0.315248,-0.346322,1.288052],""pnp_camera_quat_xyzw"":[-0.02928,-0.00528,0.030689,0.999086],""pnp_camera_rpy_deg"":[-3.372868,-0.501581,3.533555],""pnp_reprojection_error_px"":0.028692},{""tag_id"":16,""target_match"":true,""family"":""tag25h9"",""hamming"":0,""decision_margin"":160.379227,""pixel_xy"":[812.289219,261.55136],""world_xy_yaw"":[0.239046,1.045707,0.063153],""pnp_valid"":true,""pnp_camera_xyz"":[0.305468,-0.204804,1.27478],""pnp_camera_quat_xyzw"":[-0.036077,-0.011565,0.030662,0.998812],""pnp_camera_rpy_deg"":[-4.174406,-1.196979,3.560318],""pnp_reprojection_error_px"":0.035847}]",1,0.035847,160.379227,79.834636,,0,,0,,
2026-08-12T10:57:28.468439+00:00,5023.752111433,sway_decay_positive_0075_run03,0,"[0.0,0.0,0.0,0.0]",0,0,0,0,,,,,,,,,,,,,,,,,,,,,,,,,,,,0,,0,,,"[NaN,NaN,NaN]","[NaN,NaN,NaN,NaN]","[NaN,NaN,NaN,NaN,NaN,NaN]",0.002272,455,1,"[15,16]","[0.239124,1.045715,0.062975]","[{""tag_id"":15,""target_match"":true,""family"":""tag25h9"",""hamming"":0,""decision_margin"":158.594009,""pixel_xy"":[815.212842,202.758304],""world_xy_yaw"":[0.243958,1.117435,0.063956],""pnp_valid"":true,""pnp_camera_xyz"":[0.315392,-0.346329,1.287989],""pnp_camera_quat_xyzw"":[-0.029608,-0.004459,0.030913,0.999074],""pnp_camera_rpy_deg"":[-3.407576,-0.405607,3.556574],""pnp_reprojection_error_px"":0.051769},{""tag_id"":16,""target_match"":true,""family"":""tag25h9"",""hamming"":0,""decision_margin"":159.050613,""pixel_xy"":[812.335482,261.54527],""world_xy_yaw"":[0.239124,1.045715,0.062975],""pnp_valid"":true,""pnp_camera_xyz"":[0.305654,-0.204861,1.275101],""pnp_camera_quat_xyzw"":[-0.035654,-0.011449,0.030578,0.998831],""pnp_camera_rpy_deg"":[-4.125392,-1.18562,3.54971],""pnp_reprojection_error_px"":0.032265}]",1,0.032265,159.050613,79.836528,,0,,0,,
2026-08-12T10:57:28.518365+00:00,5023.802023123,sway_decay_positive_0075_run03,0,"[0.0,0.0,0.0,0.0]",0,0,0,0,,,,,,,,,,,,,,,,,,,,,,,,,,,,0,,0,,,"[NaN,NaN,NaN]","[NaN,NaN,NaN,NaN]","[NaN,NaN,NaN,NaN,NaN,NaN]",0.001541,457,1,"[15,16]","[0.239294,1.045755,0.063439]","[{""tag_id"":15,""target_match"":true,""family"":""tag25h9"",""hamming"":0,""decision_margin"":158.555191,""pixel_xy"":[815.365391,202.770011],""world_xy_yaw"":[0.244214,1.117421,0.063096],""pnp_valid"":true,""pnp_camera_xyz"":[0.315775,-0.346425,1.288311],""pnp_camera_quat_xyzw"":[-0.029359,-0.004271,0.031156,0.999074],""pnp_camera_rpy_deg"":[-3.378434,-0.38411,3.583715],""pnp_reprojection_error_px"":0.040084},{""tag_id"":16,""target_match"":true,""family"":""tag25h9"",""hamming"":0,""decision_margin"":159.782837,""pixel_xy"":[812.436808,261.512142],""world_xy_yaw"":[0.239294,1.045755,0.063439],""pnp_valid"":true,""pnp_camera_xyz"":[0.305962,-0.204894,1.275352],""pnp_camera_quat_xyzw"":[-0.035409,-0.010872,0.030765,0.99884],""pnp_camera_rpy_deg"":[-4.095481,-1.119669,3.56839],""pnp_reprojection_error_px"":0.005383}]",1,0.005383,159.782837,79.94419,,0,,0,,
2026-08-12T10:57:28.568386+00:00,5023.852043961,sway_decay_positive_0075_run03,0,"[0.0,0.0,0.0,0.0]",0,0,0,0,,,,,,,,,,,,,,,,,,,,,,,,,,,,0,,0,,,"[NaN,NaN,NaN]","[NaN,NaN,NaN,NaN]","[NaN,NaN,NaN,NaN,NaN,NaN]",0.002253,458,1,"[15,16]","[0.239388,1.045769,0.063932]","[{""tag_id"":15,""target_match"":true,""family"":""tag25h9"",""hamming"":0,""decision_margin"":158.04454,""pixel_xy"":[815.43437,202.767727],""world_xy_yaw"":[0.24433,1.117423,0.0629],""pnp_valid"":true,""pnp_camera_xyz"":[0.316125,-0.346628,1.28913],""pnp_camera_quat_xyzw"":[-0.028329,-0.002833,0.031587,0.999095],""pnp_camera_rpy_deg"":[-3.255312,-0.221823,3.628015],""pnp_reprojection_error_px"":0.029197},{""tag_id"":16,""target_match"":true,""family"":""tag25h9"",""hamming"":0,""decision_margin"":159.55864,""pixel_xy"":[812.493065,261.500871],""world_xy_yaw"":[0.239388,1.045769,0.063932],""pnp_valid"":true,""pnp_camera_xyz"":[0.305953,-0.204828,1.274782],""pnp_camera_quat_xyzw"":[-0.03607,-0.012214,0.03081,0.9988],""pnp_camera_rpy_deg"":[-4.176188,-1.270699,3.580062],""pnp_reprojection_error_px"":0.006454}]",1,0.006454,159.55864,80.263591,,0,,0,,
2026-08-12T10:57:28.618491+00:00,5023.902148750,sway_decay_positive_0075_run03,0,"[0.0,0.0,0.0,0.0]",0,0,0,0,,,,,,,,,,,,,,,,,,,,,,,,,,,,0,,0,,,"[NaN,NaN,NaN]","[NaN,NaN,NaN,NaN]","[NaN,NaN,NaN,NaN,NaN,NaN]",0.001558,460,1,"[15,16]","[0.244568,1.117466,0.063931]","[{""tag_id"":15,""target_match"":true,""family"":""tag25h9"",""hamming"":0,""decision_margin"":161.025482,""pixel_xy"":[815.57598,202.732668],""world_xy_yaw"":[0.244568,1.117466,0.063931],""pnp_valid"":true,""pnp_camera_xyz"":[0.316143,-0.346319,1.287872],""pnp_camera_quat_xyzw"":[-0.029777,-0.003967,0.031855,0.999041],""pnp_camera_rpy_deg"":[-3.425502,-0.345398,3.662955],""pnp_reprojection_error_px"":0.017532},{""tag_id"":16,""target_match"":true,""family"":""tag25h9"",""hamming"":0,""decision_margin"":160.609573,""pixel_xy"":[812.596966,261.492412],""world_xy_yaw"":[0.239563,1.045779,0.063833],""pnp_valid"":true,""pnp_camera_xyz"":[0.306117,-0.204782,1.274453],""pnp_camera_quat_xyzw"":[-0.03638,-0.011698,0.030849,0.998793],""pnp_camera_rpy_deg"":[-4.209936,-1.210377,3.582677],""pnp_reprojection_error_px"":0.011518}]",1,0.017532,161.025482,78.739603,,0,,0,,
2026-08-12T10:57:28.668534+00:00,5023.952190030,sway_decay_positive_0075_run03,0,"[0.0,0.0,0.0,0.0]",0,0,0,0,,,,,,,,,,,,,,,,,,,,,,,,,,,,0,,0,,,"[NaN,NaN,NaN]","[NaN,NaN,NaN,NaN]","[NaN,NaN,NaN,NaN,NaN,NaN]",0.002318,461,1,"[15,16]","[0.239646,1.045783,0.064723]","[{""tag_id"":15,""target_match"":true,""family"":""tag25h9"",""hamming"":0,""decision_margin"":159.39595,""pixel_xy"":[815.622679,202.712979],""world_xy_yaw"":[0.244646,1.11749,0.064327],""pnp_valid"":true,""pnp_camera_xyz"":[0.316553,-0.346612,1.28895],""pnp_camera_quat_xyzw"":[-0.028628,-0.003084,0.031903,0.999076],""pnp_camera_rpy_deg"":[-3.290608,-0.248413,3.66511],""pnp_reprojection_error_px"":0.037922},{""tag_id"":16,""target_match"":true,""family"":""tag25h9"",""hamming"":0,""decision_margin"":160.30896,""pixel_xy"":[812.646621,261.489656],""world_xy_yaw"":[0.239646,1.045783,0.064723],""pnp_valid"":true,""pnp_camera_xyz"":[0.306252,-0.204797,1.27458],""pnp_camera_quat_xyzw"":[-0.036201,-0.012176,0.031335,0.998779],""pnp_camera_rpy_deg"":[-4.191732,-1.263687,3.640142],""pnp_reprojection_error_px"":0.018222}]",1,0.018222,160.30896,78.808998,,0,,0,,
2026-08-12T10:57:28.718277+00:00,5024.001935435,sway_decay_positive_0075_run03,0,"[0.0,0.0,0.0,0.0]",0,0,0,0,,,,,,,,,,,,,,,,,,,,,,,,,,,,0,,0,,,"[NaN,NaN,NaN]","[NaN,NaN,NaN,NaN]","[NaN,NaN,NaN,NaN,NaN,NaN]",0.001392,463,1,"[15,16]","[0.24487,1.117496,0.064093]","[{""tag_id"":15,""target_match"":true,""family"":""tag25h9"",""hamming"":0,""decision_margin"":160.430191,""pixel_xy"":[815.75577,202.707893],""world_xy_yaw"":[0.24487,1.117496,0.064093],""pnp_valid"":true,""pnp_camera_xyz"":[0.316693,-0.346433,1.288206],""pnp_camera_quat_xyzw"":[-0.029188,-0.004457,0.031323,0.999073],""pnp_camera_rpy_deg"":[-3.359609,-0.405531,3.603438],""pnp_reprojection_error_px"":0.038815},{""tag_id"":16,""target_match"":true,""family"":""tag25h9"",""hamming"":0,""decision_margin"":157.937668,""pixel_xy"":[812.747617,261.454314],""world_xy_yaw"":[0.239816,1.045826,0.064045],""pnp_valid"":true,""pnp_camera_xyz"":[0.306877,-0.205096,1.276191],""pnp_camera_quat_xyzw"":[-0.034036,-0.009922,0.031364,0.998879],""pnp_camera_rpy_deg"":[-3.935276,-1.013389,3.631712],""pnp_reprojection_error_px"":0.034981}]",1,0.038815,160.430191,78.756292,,0,,0,,
2026-08-12T10:57:28.768232+00:00,5024.051889159,sway_decay_positive_0075_run03,0,"[0.0,0.0,0.0,0.0]",0,0,0,0,,,,,,,,,,,,,,,,,,,,,,,,,,,,0,,0,,,"[NaN,NaN,NaN]","[NaN,NaN,NaN,NaN]","[NaN,NaN,NaN,NaN,NaN,NaN]",0.002070,464,1,"[15,16]","[0.239886,1.04582,0.065076]","[{""tag_id"":15,""target_match"":true,""family"":""tag25h9"",""hamming"":0,""decision_margin"":159.044952,""pixel_xy"":[815.812512,202.684227],""world_xy_yaw"":[0.244965,1.117525,0.064745],""pnp_valid"":true,""pnp_camera_xyz"":[0.316632,-0.346218,1.287366],""pnp_camera_quat_xyzw"":[-0.029442,-0.005888,0.031103,0.999065],""pnp_camera_rpy_deg"":[-3.393828,-0.569188,3.583214],""pnp_reprojection_error_px"":0.053668},{""tag_id"":16,""target_match"":true,""family"":""tag25h9"",""hamming"":0,""decision_margin"":159.086777,""pixel_xy"":[812.789301,261.459328],""world_xy_yaw"":[0.239886,1.04582,0.065076],""pnp_valid"":true,""pnp_camera_xyz"":[0.306942,-0.205051,1.27597],""pnp_camera_quat_xyzw"":[-0.033988,-0.011256,0.031427,0.998865],""pnp_camera_rpy_deg"":[-3.934729,-1.166093,3.644182],""pnp_reprojection_error_px"":0.03295}]",1,0.03295,159.086777,79.174975,,0,,0,,
2026-08-12T10:57:28.818377+00:00,5024.102033754,sway_decay_positive_0075_run03,0,"[0.0,0.0,0.0,0.0]",0,0,0,0,,,,,,,,,,,,,,,,,,,,,,,,,,,,0,,0,,,"[NaN,NaN,NaN]","[NaN,NaN,NaN,NaN]","[NaN,NaN,NaN,NaN,NaN,NaN]",0.000819,466,1,"[15,16]","[0.240055,1.045804,0.065547]","[{""tag_id"":15,""target_match"":true,""family"":""tag25h9"",""hamming"":0,""decision_margin"":160.33934,""pixel_xy"":[815.937967,202.709139],""world_xy_yaw"":[0.245176,1.117495,0.064912],""pnp_valid"":true,""pnp_camera_xyz"":[0.316939,-0.34626,1.287523],""pnp_camera_quat_xyzw"":[-0.029772,-0.006127,0.03146,0.999043],""pnp_camera_rpy_deg"":[-3.432671,-0.594095,3.625163],""pnp_reprojection_error_px"":0.029757},{""tag_id"":16,""target_match"":true,""family"":""tag25h9"",""hamming"":0,""decision_margin"":161.793304,""pixel_xy"":[812.89001,261.472113],""world_xy_yaw"":[0.240055,1.045804,0.065547],""pnp_valid"":true,""pnp_camera_xyz"":[0.307361,-0.205181,1.276747],""pnp_camera_quat_xyzw"":[-0.031924,-0.010904,0.031803,0.998925],""pnp_camera_rpy_deg"":[-3.69734,-1.131864,3.683565],""pnp_reprojection_error_px"":0.017857}]",1,0.017857,161.793304,79.03058,,0,,0,,
2026-08-12T10:57:28.868316+00:00,5024.151973472,sway_decay_positive_0075_run03,0,"[0.0,0.0,0.0,0.0]",0,0,0,0,,,,,,,,,,,,,,,,,,,,,,,,,,,,0,,0,,,"[NaN,NaN,NaN]","[NaN,NaN,NaN,NaN]","[NaN,NaN,NaN,NaN,NaN,NaN]",0.002109,467,1,"[15,16]","[0.24014,1.045789,0.065713]","[{""tag_id"":15,""target_match"":true,""family"":""tag25h9"",""hamming"":0,""decision_margin"":158.680893,""pixel_xy"":[815.996264,202.710342],""world_xy_yaw"":[0.245274,1.117493,0.064133],""pnp_valid"":true,""pnp_camera_xyz"":[0.317121,-0.346311,1.287645],""pnp_camera_quat_xyzw"":[-0.029721,-0.005853,0.031008,0.99906],""pnp_camera_rpy_deg"":[-3.4256,-0.564441,3.572371],""pnp_reprojection_error_px"":0.033747},{""tag_id"":16,""target_match"":true,""family"":""tag25h9"",""hamming"":0,""decision_margin"":159.767654,""pixel_xy"":[812.940271,261.484665],""world_xy_yaw"":[0.24014,1.045789,0.065713],""pnp_valid"":true,""pnp_camera_xyz"":[0.307317,-0.205084,1.276034],""pnp_camera_quat_xyzw"":[-0.033451,-0.011569,0.031678,0.998871],""pnp_camera_rpy_deg"":[-3.874726,-1.202868,3.67357],""pnp_reprojection_error_px"":0.00415}]",1,0.00415,159.767654,79.476678,,0,,0,,
2026-08-12T10:57:28.918249+00:00,5024.201908566,sway_decay_positive_0075_run03,0,"[0.0,0.0,0.0,0.0]",0,0,0,0,,,,,,,,,,,,,,,,,,,,,,,,,,,,0,,0,,,"[NaN,NaN,NaN]","[NaN,NaN,NaN,NaN]","[NaN,NaN,NaN,NaN,NaN,NaN]",0.001397,469,1,"[15,16]","[0.240294,1.045742,0.066091]","[{""tag_id"":15,""target_match"":true,""family"":""tag25h9"",""hamming"":0,""decision_margin"":160.164963,""pixel_xy"":[816.128102,202.723922],""world_xy_yaw"":[0.245495,1.117477,0.064748],""pnp_valid"":true,""pnp_camera_xyz"":[0.317565,-0.346464,1.28823],""pnp_camera_quat_xyzw"":[-0.029214,-0.003363,0.032154,0.99905],""pnp_camera_rpy_deg"":[-3.358895,-0.27735,3.694978],""pnp_reprojection_error_px"":0.030932},{""tag_id"":16,""target_match"":true,""family"":""tag25h9"",""hamming"":0,""decision_margin"":160.903275,""pixel_xy"":[813.032008,261.522898],""world_xy_yaw"":[0.240294,1.045742,0.066091],""pnp_valid"":true,""pnp_camera_xyz"":[0.307713,-0.205182,1.276737],""pnp_camera_quat_xyzw"":[-0.032635,-0.009984,0.032062,0.998903],""pnp_camera_rpy_deg"":[-3.775575,-1.022985,3.710479],""pnp_reprojection_error_px"":0.035822}]",1,0.035822,160.903275,80.443942,,0,,0,,
2026-08-12T10:57:28.967567+00:00,5024.251229060,sway_decay_positive_0075_run03,0,"[0.0,0.0,0.0,0.0]",0,0,0,0,,,,,,,,,,,,,,,,,,,,,,,,,,,,0,,0,,,"[NaN,NaN,NaN]","[NaN,NaN,NaN,NaN]","[NaN,NaN,NaN,NaN,NaN,NaN]",0.001588,470,1,"[15,16]","[0.245607,1.117472,0.065444]","[{""tag_id"":15,""target_match"":true,""family"":""tag25h9"",""hamming"":0,""decision_margin"":160.750702,""pixel_xy"":[816.194505,202.728155],""world_xy_yaw"":[0.245607,1.117472,0.065444],""pnp_valid"":true,""pnp_camera_xyz"":[0.317679,-0.346423,1.288067],""pnp_camera_quat_xyzw"":[-0.029231,-0.004604,0.032199,0.999043],""pnp_camera_rpy_deg"":[-3.365476,-0.419188,3.704276],""pnp_reprojection_error_px"":0.032244},{""tag_id"":16,""target_match"":true,""family"":""tag25h9"",""hamming"":0,""decision_margin"":158.941788,""pixel_xy"":[813.085736,261.513246],""world_xy_yaw"":[0.240384,1.045754,0.066464],""pnp_valid"":true,""pnp_camera_xyz"":[0.307973,-0.205286,1.277291],""pnp_camera_quat_xyzw"":[-0.032314,-0.010263,0.032193,0.998906],""pnp_camera_rpy_deg"":[-3.739968,-1.055664,3.726225],""pnp_reprojection_error_px"":0.032791}]",1,0.032244,160.750702,81.288816,,0,,0,,
2026-08-12T10:57:29.017633+00:00,5024.301302299,sway_decay_positive_0075_run03,0,"[0.0,0.0,0.0,0.0]",0,0,0,0,,,,,,,,,,,,,,,,,,,,,,,,,,,,0,,0,,,"[NaN,NaN,NaN]","[NaN,NaN,NaN,NaN]","[NaN,NaN,NaN,NaN,NaN,NaN]",0.000755,472,1,"[15,16]","[0.245819,1.117481,0.065383]","[{""tag_id"":15,""target_match"":true,""family"":""tag25h9"",""hamming"":0,""decision_margin"":158.619614,""pixel_xy"":[816.320587,202.720561],""world_xy_yaw"":[0.245819,1.117481,0.065383],""pnp_valid"":true,""pnp_camera_xyz"":[0.317886,-0.346367,1.287785],""pnp_camera_quat_xyzw"":[-0.029498,-0.005141,0.032245,0.999031],""pnp_camera_rpy_deg"":[-3.398096,-0.479503,3.711501],""pnp_reprojection_error_px"":0.02586},{""tag_id"":16,""target_match"":true,""family"":""tag25h9"",""hamming"":0,""decision_margin"":157.888596,""pixel_xy"":[813.173169,261.509735],""world_xy_yaw"":[0.240531,1.045758,0.06703],""pnp_valid"":true,""pnp_camera_xyz"":[0.308187,-0.205303,1.277344],""pnp_camera_quat_xyzw"":[-0.03252,-0.009099,0.032722,0.998894],""pnp_camera_rpy_deg"":[-3.759722,-0.919606,3.78266],""pnp_reprojection_error_px"":0.032609}]",1,0.02586,158.619614,80.406507,,0,,0,,
2026-08-12T10:57:29.068514+00:00,5024.352161326,sway_decay_positive_0075_run03,0,"[0.0,0.0,0.0,0.0]",0,0,0,0,,,,,,,,,,,,,,,,,,,,,,,,,,,,0,,0,,,"[NaN,NaN,NaN]","[NaN,NaN,NaN,NaN]","[NaN,NaN,NaN,NaN,NaN,NaN]",0.002293,473,1,"[15,16]","[0.240653,1.045782,0.066454]","[{""tag_id"":15,""target_match"":true,""family"":""tag25h9"",""hamming"":0,""decision_margin"":158.938721,""pixel_xy"":[816.379901,202.714339],""world_xy_yaw"":[0.245918,1.117488,0.06594],""pnp_valid"":true,""pnp_camera_xyz"":[0.318192,-0.346522,1.288395],""pnp_camera_quat_xyzw"":[-0.029304,-0.004727,0.032474,0.999032],""pnp_camera_rpy_deg"":[-3.374361,-0.43212,3.736327],""pnp_reprojection_error_px"":0.025962},{""tag_id"":16,""target_match"":true,""family"":""tag25h9"",""hamming"":0,""decision_margin"":159.913986,""pixel_xy"":[813.245662,261.490164],""world_xy_yaw"":[0.240653,1.045782,0.066454],""pnp_valid"":true,""pnp_camera_xyz"":[0.30834,-0.205312,1.277405],""pnp_camera_quat_xyzw"":[-0.032143,-0.009425,0.032692,0.998904],""pnp_camera_rpy_deg"":[-3.717693,-0.958458,3.780148],""pnp_reprojection_error_px"":0.01373}]",1,0.01373,159.913986,80.464715,,0,,0,,
2026-08-12T10:57:29.118432+00:00,5024.402091087,sway_decay_positive_0075_run03,0,"[0.0,0.0,0.0,0.0]",0,0,0,0,,,,,,,,,,,,,,,,,,,,,,,,,,,,0,,0,,,"[NaN,NaN,NaN]","[NaN,NaN,NaN,NaN]","[NaN,NaN,NaN,NaN,NaN,NaN]",0.001539,475,1,"[15,16]","[0.2408,1.045776,0.06706]","[{""tag_id"":15,""target_match"":true,""family"":""tag25h9"",""hamming"":0,""decision_margin"":158.322235,""pixel_xy"":[816.488663,202.703625],""world_xy_yaw"":[0.246101,1.117502,0.066859],""pnp_valid"":true,""pnp_camera_xyz"":[0.318238,-0.346301,1.287586],""pnp_camera_quat_xyzw"":[-0.029613,-0.00545,0.032834,0.999007],""pnp_camera_rpy_deg"":[-3.412709,-0.512532,3.780164],""pnp_reprojection_error_px"":0.020792},{""tag_id"":16,""target_match"":true,""family"":""tag25h9"",""hamming"":0,""decision_margin"":159.284454,""pixel_xy"":[813.3335,261.494865],""world_xy_yaw"":[0.2408,1.045776,0.06706],""pnp_valid"":true,""pnp_camera_xyz"":[0.308463,-0.205261,1.277008],""pnp_camera_quat_xyzw"":[-0.032434,-0.00969,0.03283,0.998888],""pnp_camera_rpy_deg"":[-3.752265,-0.98714,3.797195],""pnp_reprojection_error_px"":0.022606}]",1,0.022606,159.284454,79.52985,,0,,0,,
2026-08-12T10:57:29.168379+00:00,5024.452036394,sway_decay_positive_0075_run03,0,"[0.0,0.0,0.0,0.0]",0,0,0,0,,,,,,,,,,,,,,,,,,,,,,,,,,,,0,,0,,,"[NaN,NaN,NaN]","[NaN,NaN,NaN,NaN]","[NaN,NaN,NaN,NaN,NaN,NaN]",0.002245,476,1,"[15,16]","[0.246204,1.117511,0.066212]","[{""tag_id"":15,""target_match"":true,""family"":""tag25h9"",""hamming"":0,""decision_margin"":162.159073,""pixel_xy"":[816.550052,202.695602],""world_xy_yaw"":[0.246204,1.117511,0.066212],""pnp_valid"":true,""pnp_camera_xyz"":[0.31863,-0.346582,1.288589],""pnp_camera_quat_xyzw"":[-0.029046,-0.003246,0.033137,0.999023],""pnp_camera_rpy_deg"":[-3.339384,-0.261333,3.807113],""pnp_reprojection_error_px"":0.021182},{""tag_id"":16,""target_match"":true,""family"":""tag25h9"",""hamming"":0,""decision_margin"":157.213303,""pixel_xy"":[813.369515,261.486636],""world_xy_yaw"":[0.240861,1.045786,0.067665],""pnp_valid"":true,""pnp_camera_xyz"":[0.308475,-0.205219,1.276624],""pnp_camera_quat_xyzw"":[-0.032754,-0.010881,0.032698,0.998869],""pnp_camera_rpy_deg"":[-3.793396,-1.122854,3.786976],""pnp_reprojection_error_px"":0.023969}]",1,0.021182,162.159073,79.417117,,0,,0,,
2026-08-12T10:57:29.218485+00:00,5024.502143566,sway_decay_positive_0075_run03,0,"[0.0,0.0,0.0,0.0]",0,0,0,0,,,,,,,,,,,,,,,,,,,,,,,,,,,,0,,0,,,"[NaN,NaN,NaN]","[NaN,NaN,NaN,NaN]","[NaN,NaN,NaN,NaN,NaN,NaN]",0.001561,478,1,"[15,16]","[0.246417,1.117514,0.066219]","[{""tag_id"":15,""target_match"":true,""family"":""tag25h9"",""hamming"":0,""decision_margin"":159.979889,""pixel_xy"":[816.676787,202.693106],""world_xy_yaw"":[0.246417,1.117514,0.066219],""pnp_valid"":true,""pnp_camera_xyz"":[0.318727,-0.346393,1.287897],""pnp_camera_quat_xyzw"":[-0.028938,-0.004693,0.033066,0.999023],""pnp_camera_rpy_deg"":[-3.332513,-0.427571,3.803876],""pnp_reprojection_error_px"":0.012946},{""tag_id"":16,""target_match"":true,""family"":""tag25h9"",""hamming"":0,""decision_margin"":157.671722,""pixel_xy"":[813.466944,261.48596],""world_xy_yaw"":[0.241024,1.045787,0.067504],""pnp_valid"":true,""pnp_camera_xyz"":[0.308778,-0.205285,1.276954],""pnp_camera_quat_xyzw"":[-0.032476,-0.011258,0.032619,0.998877],""pnp_camera_rpy_deg"":[-3.762811,-1.167316,3.779039],""pnp_reprojection_error_px"":0.028152}]",1,0.012946,159.979889,78.85435,,0,,0,,
2026-08-12T10:57:29.268501+00:00,5024.552157922,sway_decay_positive_0075_run03,0,"[0.0,0.0,0.0,0.0]",0,0,0,0,,,,,,,,,,,,,,,,,,,,,,,,,,,,0,,0,,,"[NaN,NaN,NaN]","[NaN,NaN,NaN,NaN]","[NaN,NaN,NaN,NaN,NaN,NaN]",0.002305,479,1,"[15,16]","[0.241097,1.045788,0.067644]","[{""tag_id"":15,""target_match"":true,""family"":""tag25h9"",""hamming"":0,""decision_margin"":158.990341,""pixel_xy"":[816.728587,202.671461],""world_xy_yaw"":[0.246504,1.117541,0.067146],""pnp_valid"":true,""pnp_camera_xyz"":[0.318755,-0.346273,1.287411],""pnp_camera_quat_xyzw"":[-0.02953,-0.006055,0.032855,0.999005],""pnp_camera_rpy_deg"":[-3.405471,-0.582027,3.784543],""pnp_reprojection_error_px"":0.03321},{""tag_id"":16,""target_match"":true,""family"":""tag25h9"",""hamming"":0,""decision_margin"":159.183441,""pixel_xy"":[813.509889,261.485622],""world_xy_yaw"":[0.241097,1.045788,0.067644],""pnp_valid"":true,""pnp_camera_xyz"":[0.308815,-0.205252,1.276673],""pnp_camera_quat_xyzw"":[-0.032923,-0.010446,0.032795,0.998865],""pnp_camera_rpy_deg"":[-3.811169,-1.071988,3.796611],""pnp_reprojection_error_px"":0.033239}]",1,0.033239,159.183441,78.308087,,0,,0,,
2026-08-12T10:57:29.318487+00:00,5024.602140879,sway_decay_positive_0075_run03,0,"[0.0,0.0,0.0,0.0]",0,0,0,0,,,,,,,,,,,,,,,,,,,,,,,,,,,,0,,0,,,"[NaN,NaN,NaN]","[NaN,NaN,NaN,NaN]","[NaN,NaN,NaN,NaN,NaN,NaN]",0.002254,480,1,"[15,16]","[0.246587,1.117563,0.067362]","[{""tag_id"":15,""target_match"":true,""family"":""tag25h9"",""hamming"":0,""decision_margin"":159.908417,""pixel_xy"":[816.778274,202.653079],""world_xy_yaw"":[0.246587,1.117563,0.067362],""pnp_valid"":true,""pnp_camera_xyz"":[0.318633,-0.346026,1.286416],""pnp_camera_quat_xyzw"":[-0.030861,-0.006679,0.032694,0.998967],""pnp_camera_rpy_deg"":[-3.560249,-0.64896,3.769108],""pnp_reprojection_error_px"":0.043151},{""tag_id"":16,""target_match"":true,""family"":""tag25h9"",""hamming"":0,""decision_margin"":159.284515,""pixel_xy"":[813.55072,261.465015],""world_xy_yaw"":[0.241165,1.045813,0.067535],""pnp_valid"":true,""pnp_camera_xyz"":[0.309083,-0.205379,1.277401],""pnp_camera_quat_xyzw"":[-0.032344,-0.009695,0.032888,0.998889],""pnp_camera_rpy_deg"":[-3.741998,-0.987891,3.803786],""pnp_reprojection_error_px"":0.016957}]",1,0.043151,159.908417,77.321267,,0,,0,,
2026-08-12T10:57:29.368408+00:00,5024.652066314,sway_decay_positive_0075_run03,0,"[0.0,0.0,0.0,0.0]",0,0,0,0,,,,,,,,,,,,,,,,,,,,,,,,,,,,0,,0,,,"[NaN,NaN,NaN]","[NaN,NaN,NaN,NaN]","[NaN,NaN,NaN,NaN,NaN,NaN]",0.001556,482,1,"[15,16]","[0.24131,1.045855,0.067313]","[{""tag_id"":15,""target_match"":true,""family"":""tag25h9"",""hamming"":0,""decision_margin"":157.028412,""pixel_xy"":[816.872587,202.673634],""world_xy_yaw"":[0.246746,1.117538,0.067924],""pnp_valid"":true,""pnp_camera_xyz"":[0.319007,-0.346182,1.28693],""pnp_camera_quat_xyzw"":[-0.030491,-0.006275,0.032882,0.998974],""pnp_camera_rpy_deg"":[-3.516523,-0.603441,3.789012],""pnp_reprojection_error_px"":0.031511},{""tag_id"":16,""target_match"":true,""family"":""tag25h9"",""hamming"":0,""decision_margin"":158.15239,""pixel_xy"":[813.637113,261.429954],""world_xy_yaw"":[0.24131,1.045855,0.067313],""pnp_valid"":true,""pnp_camera_xyz"":[0.309044,-0.205258,1.276503],""pnp_camera_quat_xyzw"":[-0.032417,-0.010231,0.032909,0.99888],""pnp_camera_rpy_deg"":[-3.752408,-1.04884,3.808277],""pnp_reprojection_error_px"":0.010397}]",1,0.010397,158.15239,76.865298,,0,,0,,
2026-08-12T10:57:29.418457+00:00,5024.702115227,sway_decay_positive_0075_run03,0,"[0.0,0.0,0.0,0.0]",0,0,0,0,,,,,,,,,,,,,,,,,,,,,,,,,,,,0,,0,,,"[NaN,NaN,NaN]","[NaN,NaN,NaN,NaN]","[NaN,NaN,NaN,NaN,NaN,NaN]",0.000573,484,1,"[15,16]","[0.241423,1.045898,0.069677]","[{""tag_id"":15,""target_match"":true,""family"":""tag25h9"",""hamming"":0,""decision_margin"":157.840271,""pixel_xy"":[816.979273,202.673182],""world_xy_yaw"":[0.246925,1.117539,0.067908],""pnp_valid"":true,""pnp_camera_xyz"":[0.319394,-0.346365,1.287572],""pnp_camera_quat_xyzw"":[-0.029815,-0.00676,0.032995,0.998988],""pnp_camera_rpy_deg"":[-3.440904,-0.661094,3.80321],""pnp_reprojection_error_px"":0.020908},{""tag_id"":16,""target_match"":true,""family"":""tag25h9"",""hamming"":0,""decision_margin"":160.215103,""pixel_xy"":[813.704398,261.395375],""world_xy_yaw"":[0.241423,1.045898,0.069677],""pnp_valid"":true,""pnp_camera_xyz"":[0.309029,-0.205152,1.275621],""pnp_camera_quat_xyzw"":[-0.035155,-0.011271,0.033439,0.998759],""pnp_camera_rpy_deg"":[-4.070954,-1.155369,3.876265],""pnp_reprojection_error_px"":0.031057}]",1,0.031057,160.215103,76.570806,,0,,0,,
2026-08-12T10:57:29.467887+00:00,5024.751545479,sway_decay_positive_0075_run03,0,"[0.0,0.0,0.0,0.0]",0,0,0,0,,,,,,,,,,,,,,,,,,,,,,,,,,,,0,,0,,,"[NaN,NaN,NaN]","[NaN,NaN,NaN,NaN]","[NaN,NaN,NaN,NaN,NaN,NaN]",0.001812,485,1,"[15,16]","[0.2415,1.045892,0.069097]","[{""tag_id"":15,""target_match"":true,""family"":""tag25h9"",""hamming"":0,""decision_margin"":158.972382,""pixel_xy"":[817.031585,202.66707],""world_xy_yaw"":[0.247013,1.117546,0.067872],""pnp_valid"":true,""pnp_camera_xyz"":[0.319455,-0.346348,1.287375],""pnp_camera_quat_xyzw"":[-0.030239,-0.005818,0.033406,0.998967],""pnp_camera_rpy_deg"":[-3.486087,-0.550287,3.847352],""pnp_reprojection_error_px"":0.014971},{""tag_id"":16,""target_match"":true,""family"":""tag25h9"",""hamming"":0,""decision_margin"":160.308075,""pixel_xy"":[813.750238,261.400119],""world_xy_yaw"":[0.2415,1.045892,0.069097],""pnp_valid"":true,""pnp_camera_xyz"":[0.309337,-0.205316,1.276542],""pnp_camera_quat_xyzw"":[-0.03366,-0.010852,0.033486,0.998813],""pnp_camera_rpy_deg"":[-3.897977,-1.11293,3.87819],""pnp_reprojection_error_px"":0.017201}]",1,0.017201,160.308075,76.019401,,0,,0,,
2026-08-12T10:57:29.517645+00:00,5024.801306908,sway_decay_positive_0075_run03,0,"[0.0,0.0,0.0,0.0]",0,0,0,0,,,,,,,,,,,,,,,,,,,,,,,,,,,,0,,0,,,"[NaN,NaN,NaN]","[NaN,NaN,NaN,NaN]","[NaN,NaN,NaN,NaN,NaN,NaN]",0.001038,487,1,"[15,16]","[0.241609,1.045888,0.069713]","[{""tag_id"":15,""target_match"":true,""family"":""tag25h9"",""hamming"":0,""decision_margin"":156.039658,""pixel_xy"":[817.130366,202.667383],""world_xy_yaw"":[0.247179,1.117546,0.068299],""pnp_valid"":true,""pnp_camera_xyz"":[0.319752,-0.34645,1.287671],""pnp_camera_quat_xyzw"":[-0.029664,-0.005319,0.033879,0.998971],""pnp_camera_rpy_deg"":[-3.418596,-0.493727,3.899522],""pnp_reprojection_error_px"":0.017558},{""tag_id"":16,""target_match"":true,""family"":""tag25h9"",""hamming"":0,""decision_margin"":159.925995,""pixel_xy"":[813.815067,261.403264],""world_xy_yaw"":[0.241609,1.045888,0.069713],""pnp_valid"":true,""pnp_camera_xyz"":[0.309413,-0.205277,1.276146],""pnp_camera_quat_xyzw"":[-0.033868,-0.012126,0.033372,0.998795],""pnp_camera_rpy_deg"":[-3.92667,-1.258448,3.870533],""pnp_reprojection_error_px"":0.011525}]",1,0.011525,159.925995,76.475317,,0,,0,,
2026-08-12T10:57:29.567580+00:00,5024.851241811,sway_decay_positive_0075_run03,0,"[0.0,0.0,0.0,0.0]",0,0,0,0,,,,,,,,,,,,,,,,,,,,,,,,,,,,0,,0,,,"[NaN,NaN,NaN]","[NaN,NaN,NaN,NaN]","[NaN,NaN,NaN,NaN,NaN,NaN]",0.001547,488,1,"[15,16]","[0.241674,1.045896,0.069655]","[{""tag_id"":15,""target_match"":true,""family"":""tag25h9"",""hamming"":0,""decision_margin"":157.765869,""pixel_xy"":[817.16809,202.68013],""world_xy_yaw"":[0.247242,1.11753,0.068478],""pnp_valid"":true,""pnp_camera_xyz"":[0.319999,-0.346601,1.288224],""pnp_camera_quat_xyzw"":[-0.029259,-0.004276,0.034064,0.998982],""pnp_camera_rpy_deg"":[-3.368068,-0.375281,3.916971],""pnp_reprojection_error_px"":0.034186},{""tag_id"":16,""target_match"":true,""family"":""tag25h9"",""hamming"":0,""decision_margin"":159.499374,""pixel_xy"":[813.853627,261.3967],""world_xy_yaw"":[0.241674,1.045896,0.069655],""pnp_valid"":true,""pnp_camera_xyz"":[0.309779,-0.205476,1.27731],""pnp_camera_quat_xyzw"":[-0.032575,-0.009955,0.033795,0.998848],""pnp_camera_rpy_deg"":[-3.770357,-1.0134,3.90892],""pnp_reprojection_error_px"":0.009736}]",1,0.009736,159.499374,76.967257,,0,,0,,
2026-08-12T10:57:29.616860+00:00,5024.900529453,sway_decay_positive_0075_run03,0,"[0.0,0.0,0.0,0.0]",0,0,0,0,,,,,,,,,,,,,,,,,,,,,,,,,,,,0,,0,,,"[NaN,NaN,NaN]","[NaN,NaN,NaN,NaN]","[NaN,NaN,NaN,NaN,NaN,NaN]",0.000510,490,1,"[15,16]","[0.241781,1.045895,0.069437]","[{""tag_id"":15,""target_match"":true,""family"":""tag25h9"",""hamming"":0,""decision_margin"":159.110916,""pixel_xy"":[817.258744,202.657397],""world_xy_yaw"":[0.247395,1.117558,0.069449],""pnp_valid"":true,""pnp_camera_xyz"":[0.320162,-0.346566,1.287929],""pnp_camera_quat_xyzw"":[-0.029636,-0.004971,0.034117,0.998966],""pnp_camera_rpy_deg"":[-3.41407,-0.453193,3.925587],""pnp_reprojection_error_px"":0.037326},{""tag_id"":16,""target_match"":true,""family"":""tag25h9"",""hamming"":0,""decision_margin"":159.518936,""pixel_xy"":[813.917354,261.397243],""world_xy_yaw"":[0.241781,1.045895,0.069437],""pnp_valid"":true,""pnp_camera_xyz"":[0.309981,-0.20555,1.277551],""pnp_camera_quat_xyzw"":[-0.031859,-0.009343,0.033889,0.998874],""pnp_camera_rpy_deg"":[-3.68603,-0.945702,3.916728],""pnp_reprojection_error_px"":0.012767}]",1,0.012767,159.518936,77.156016,,0,,0,,
2026-08-12T10:57:29.667769+00:00,5024.951429217,sway_decay_positive_0075_run03,0,"[0.0,0.0,0.0,0.0]",0,0,0,0,,,,,,,,,,,,,,,,,,,,,,,,,,,,0,,0,,,"[NaN,NaN,NaN]","[NaN,NaN,NaN,NaN]","[NaN,NaN,NaN,NaN,NaN,NaN]",0.001591,491,1,"[15,16]","[0.241838,1.045911,0.070428]","[{""tag_id"":15,""target_match"":true,""family"":""tag25h9"",""hamming"":0,""decision_margin"":158.72374,""pixel_xy"":[817.309258,202.638554],""world_xy_yaw"":[0.24748,1.117581,0.068918],""pnp_valid"":true,""pnp_camera_xyz"":[0.320384,-0.346744,1.28845],""pnp_camera_quat_xyzw"":[-0.029163,-0.004179,0.034357,0.998975],""pnp_camera_rpy_deg"":[-3.35688,-0.363541,3.95021],""pnp_reprojection_error_px"":0.027251},{""tag_id"":16,""target_match"":true,""family"":""tag25h9"",""hamming"":0,""decision_margin"":159.545822,""pixel_xy"":[813.95134,261.384403],""world_xy_yaw"":[0.241838,1.045911,0.070428],""pnp_valid"":true,""pnp_camera_xyz"":[0.310025,-0.205558,1.277333],""pnp_camera_quat_xyzw"":[-0.033359,-0.008957,0.034268,0.998816],""pnp_camera_rpy_deg"":[-3.856631,-0.894276,3.959992],""pnp_reprojection_error_px"":0.021508}]",1,0.021508,159.545822,77.307908,,0,,0,,
2026-08-12T10:57:29.717790+00:00,5025.001451291,sway_decay_positive_0075_run03,0,"[0.0,0.0,0.0,0.0]",0,0,0,0,,,,,,,,,,,,,,,,,,,,,,,,,,,,0,,0,,,"[NaN,NaN,NaN]","[NaN,NaN,NaN,NaN]","[NaN,NaN,NaN,NaN,NaN,NaN]",0.001546,492,1,"[15,16]","[0.241891,1.045891,0.070533]","[{""tag_id"":15,""target_match"":true,""family"":""tag25h9"",""hamming"":0,""decision_margin"":159.14502,""pixel_xy"":[817.360442,202.636054],""world_xy_yaw"":[0.247566,1.117584,0.069865],""pnp_valid"":true,""pnp_camera_xyz"":[0.320479,-0.346706,1.28829],""pnp_camera_quat_xyzw"":[-0.02938,-0.004878,0.034487,0.998961],""pnp_camera_rpy_deg"":[-3.384592,-0.442303,3.967472],""pnp_reprojection_error_px"":0.031226},{""tag_id"":16,""target_match"":true,""family"":""tag25h9"",""hamming"":0,""decision_margin"":160.792816,""pixel_xy"":[813.982938,261.401062],""world_xy_yaw"":[0.241891,1.045891,0.070533],""pnp_valid"":true,""pnp_camera_xyz"":[0.309994,-0.205492,1.27686],""pnp_camera_quat_xyzw"":[-0.033276,-0.010074,0.034048,0.998815],""pnp_camera_rpy_deg"":[-3.851479,-1.023224,3.939182],""pnp_reprojection_error_px"":0.041914}]",1,0.041914,160.792816,77.543305,,0,,0,,
2026-08-12T10:57:29.768683+00:00,5025.052337247,sway_decay_positive_0075_run03,0,"[0.0,0.0,0.0,0.0]",0,0,0,0,,,,,,,,,,,,,,,,,,,,,,,,,,,,0,,0,,,"[NaN,NaN,NaN]","[NaN,NaN,NaN,NaN]","[NaN,NaN,NaN,NaN,NaN,NaN]",0.001594,494,1,"[15,16]","[0.24202,1.045907,0.070852]","[{""tag_id"":15,""target_match"":true,""family"":""tag25h9"",""hamming"":0,""decision_margin"":160.504562,""pixel_xy"":[817.451947,202.609286],""world_xy_yaw"":[0.247719,1.117617,0.069824],""pnp_valid"":true,""pnp_camera_xyz"":[0.320812,-0.346903,1.288865],""pnp_camera_quat_xyzw"":[-0.028982,-0.004057,0.034975,0.99896],""pnp_camera_rpy_deg"":[-3.335862,-0.348244,4.020484],""pnp_reprojection_error_px"":0.016845},{""tag_id"":16,""target_match"":true,""family"":""tag25h9"",""hamming"":0,""decision_margin"":162.132233,""pixel_xy"":[814.059795,261.387415],""world_xy_yaw"":[0.24202,1.045907,0.070852],""pnp_valid"":true,""pnp_camera_xyz"":[0.310155,-0.205533,1.276915],""pnp_camera_quat_xyzw"":[-0.032328,-0.01019,0.034544,0.998828],""pnp_camera_rpy_deg"":[-3.7438,-1.038435,3.995428],""pnp_reprojection_error_px"":0.038234}]",1,0.038234,162.132233,78.237872,,0,,0,,
2026-08-12T10:57:29.818205+00:00,5025.101862440,sway_decay_positive_0075_run03,0,"[0.0,0.0,0.0,0.0]",0,0,0,0,,,,,,,,,,,,,,,,,,,,,,,,,,,,0,,0,,,"[NaN,NaN,NaN]","[NaN,NaN,NaN,NaN]","[NaN,NaN,NaN,NaN,NaN,NaN]",0.002046,495,1,"[15,16]","[0.247777,1.117616,0.06994]","[{""tag_id"":15,""target_match"":true,""family"":""tag25h9"",""hamming"":0,""decision_margin"":160.147705,""pixel_xy"":[817.486144,202.609858],""world_xy_yaw"":[0.247777,1.117616,0.06994],""pnp_valid"":true,""pnp_camera_xyz"":[0.320948,-0.346945,1.28898],""pnp_camera_quat_xyzw"":[-0.028512,-0.003585,0.034888,0.998978],""pnp_camera_rpy_deg"":[-3.28009,-0.296392,4.008772],""pnp_reprojection_error_px"":0.028549},{""tag_id"":16,""target_match"":true,""family"":""tag25h9"",""hamming"":0,""decision_margin"":159.650894,""pixel_xy"":[814.092789,261.355981],""world_xy_yaw"":[0.242076,1.045946,0.070529],""pnp_valid"":true,""pnp_camera_xyz"":[0.310427,-0.205705,1.277697],""pnp_camera_quat_xyzw"":[-0.031891,-0.00913,0.034499,0.998854],""pnp_camera_rpy_deg"":[-3.689395,-0.918979,3.985841],""pnp_reprojection_error_px"":0.02702}]",1,0.028549,160.147705,78.744781,,0,,0,,
2026-08-12T10:57:29.868393+00:00,5025.152049091,sway_decay_positive_0075_run03,0,"[0.0,0.0,0.0,0.0]",0,0,0,0,,,,,,,,,,,,,,,,,,,,,,,,,,,,0,,0,,,"[NaN,NaN,NaN]","[NaN,NaN,NaN,NaN]","[NaN,NaN,NaN,NaN,NaN,NaN]",0.001406,497,1,"[15,16]","[0.242236,1.04595,0.070688]","[{""tag_id"":15,""target_match"":true,""family"":""tag25h9"",""hamming"":0,""decision_margin"":160.617111,""pixel_xy"":[817.582819,202.579505],""world_xy_yaw"":[0.247939,1.117653,0.07108],""pnp_valid"":true,""pnp_camera_xyz"":[0.321121,-0.346919,1.288757],""pnp_camera_quat_xyzw"":[-0.029145,-0.003024,0.035603,0.998936],""pnp_camera_rpy_deg"":[-3.350529,-0.227278,4.089013],""pnp_reprojection_error_px"":0.022316},{""tag_id"":16,""target_match"":true,""family"":""tag25h9"",""hamming"":0,""decision_margin"":161.448257,""pixel_xy"":[814.188359,261.352457],""world_xy_yaw"":[0.242236,1.04595,0.070688],""pnp_valid"":true,""pnp_camera_xyz"":[0.31041,-0.205606,1.27687],""pnp_camera_quat_xyzw"":[-0.032373,-0.010262,0.034817,0.998817],""pnp_camera_rpy_deg"":[-3.749547,-1.045423,4.027058],""pnp_reprojection_error_px"":0.039067}]",1,0.039067,161.448257,79.498742,,0,,0,,
2026-08-12T10:57:29.918229+00:00,5025.201884043,sway_decay_positive_0075_run03,0,"[0.0,0.0,0.0,0.0]",0,0,0,0,,,,,,,,,,,,,,,,,,,,,,,,,,,,0,,0,,,"[NaN,NaN,NaN]","[NaN,NaN,NaN,NaN]","[NaN,NaN,NaN,NaN,NaN,NaN]",0.002114,498,1,"[15,16]","[0.248021,1.117671,0.071513]","[{""tag_id"":15,""target_match"":true,""family"":""tag25h9"",""hamming"":0,""decision_margin"":159.290588,""pixel_xy"":[817.631414,202.564403],""world_xy_yaw"":[0.248021,1.117671,0.071513],""pnp_valid"":true,""pnp_camera_xyz"":[0.321175,-0.346861,1.288506],""pnp_camera_quat_xyzw"":[-0.029439,-0.003875,0.035545,0.998927],""pnp_camera_rpy_deg"":[-3.387636,-0.323679,4.085336],""pnp_reprojection_error_px"":0.024827},{""tag_id"":16,""target_match"":true,""family"":""tag25h9"",""hamming"":0,""decision_margin"":159.185928,""pixel_xy"":[814.202212,261.336255],""world_xy_yaw"":[0.24226,1.04597,0.071321],""pnp_valid"":true,""pnp_camera_xyz"":[0.310626,-0.205726,1.277515],""pnp_camera_quat_xyzw"":[-0.03194,-0.009648,0.034947,0.998832],""pnp_camera_rpy_deg"":[-3.697571,-0.976399,4.039157],""pnp_reprojection_error_px"":0.027907}]",1,0.024827,159.290588,79.859082,,0,,0,,
2026-08-12T10:57:29.968238+00:00,5025.251894450,sway_decay_positive_0075_run03,0,"[0.0,0.0,0.0,0.0]",0,0,0,0,,,,,,,,,,,,,,,,,,,,,,,,,,,,0,,0,,,"[NaN,NaN,NaN]","[NaN,NaN,NaN,NaN]","[NaN,NaN,NaN,NaN,NaN,NaN]",0.001431,500,1,"[15,16]","[0.248154,1.117686,0.072273]","[{""tag_id"":15,""target_match"":true,""family"":""tag25h9"",""hamming"":0,""decision_margin"":161.40126,""pixel_xy"":[817.710729,202.552588],""world_xy_yaw"":[0.248154,1.117686,0.072273],""pnp_valid"":true,""pnp_camera_xyz"":[0.321176,-0.346666,1.287668],""pnp_camera_quat_xyzw"":[-0.029947,-0.005227,0.03531,0.998914],""pnp_camera_rpy_deg"":[-3.451354,-0.47714,4.063295],""pnp_reprojection_error_px"":0.033362},{""tag_id"":16,""target_match"":true,""family"":""tag25h9"",""hamming"":0,""decision_margin"":160.977493,""pixel_xy"":[814.282645,261.321648],""world_xy_yaw"":[0.242395,1.045988,0.071514],""pnp_valid"":true,""pnp_camera_xyz"":[0.310555,-0.205585,1.276503],""pnp_camera_quat_xyzw"":[-0.032748,-0.010496,0.035028,0.998795],""pnp_camera_rpy_deg"":[-3.793642,-1.069875,4.052538],""pnp_reprojection_error_px"":0.023719}]",1,0.033362,161.40126,81.012221,,0,,0,,
2026-08-12T10:57:30.017571+00:00,5025.301242208,sway_decay_positive_0075_run03,0,"[0.0,0.0,0.0,0.0]",0,0,0,0,,,,,,,,,,,,,,,,,,,,,,,,,,,,0,,0,,,"[NaN,NaN,NaN]","[NaN,NaN,NaN,NaN]","[NaN,NaN,NaN,NaN,NaN,NaN]",0.001503,501,1,"[15,16]","[0.242448,1.045987,0.071939]","[{""tag_id"":15,""target_match"":true,""family"":""tag25h9"",""hamming"":0,""decision_margin"":159.55069,""pixel_xy"":[817.756218,202.544101],""world_xy_yaw"":[0.24823,1.117696,0.071849],""pnp_valid"":true,""pnp_camera_xyz"":[0.321297,-0.346699,1.287719],""pnp_camera_quat_xyzw"":[-0.030069,-0.005493,0.035012,0.998919],""pnp_camera_rpy_deg"":[-3.466275,-0.50819,4.030099],""pnp_reprojection_error_px"":0.033789},{""tag_id"":16,""target_match"":true,""family"":""tag25h9"",""hamming"":0,""decision_margin"":160.921188,""pixel_xy"":[814.314377,261.322525],""world_xy_yaw"":[0.242448,1.045987,0.071939],""pnp_valid"":true,""pnp_camera_xyz"":[0.310739,-0.20566,1.276911],""pnp_camera_quat_xyzw"":[-0.032515,-0.010192,0.035192,0.998799],""pnp_camera_rpy_deg"":[-3.765846,-1.035446,4.069971],""pnp_reprojection_error_px"":0.027997}]",1,0.027997,160.921188,82.025208,,0,,0,,
2026-08-12T10:57:30.067625+00:00,5025.351288883,sway_decay_positive_0075_run03,0,"[0.0,0.0,0.0,0.0]",0,0,0,0,,,,,,,,,,,,,,,,,,,,,,,,,,,,0,,0,,,"[NaN,NaN,NaN]","[NaN,NaN,NaN,NaN]","[NaN,NaN,NaN,NaN,NaN,NaN]",0.001032,503,1,"[15,16]","[0.242579,1.045973,0.072594]","[{""tag_id"":15,""target_match"":true,""family"":""tag25h9"",""hamming"":0,""decision_margin"":158.027832,""pixel_xy"":[817.875234,202.534157],""world_xy_yaw"":[0.24843,1.117708,0.072367],""pnp_valid"":true,""pnp_camera_xyz"":[0.321227,-0.346346,1.286366],""pnp_camera_quat_xyzw"":[-0.031052,-0.007078,0.034965,0.998881],""pnp_camera_rpy_deg"":[-3.585282,-0.685745,4.03106],""pnp_reprojection_error_px"":0.030079},{""tag_id"":16,""target_match"":true,""family"":""tag25h9"",""hamming"":0,""decision_margin"":161.924072,""pixel_xy"":[814.392551,261.333493],""world_xy_yaw"":[0.242579,1.045973,0.072594],""pnp_valid"":true,""pnp_camera_xyz"":[0.31087,-0.205621,1.276675],""pnp_camera_quat_xyzw"":[-0.032632,-0.010419,0.035439,0.998785],""pnp_camera_rpy_deg"":[-3.78052,-1.06003,4.099253],""pnp_reprojection_error_px"":0.038709}]",1,0.038709,161.924072,81.479096,,0,,0,,
2026-08-12T10:57:30.117733+00:00,5025.401393677,sway_decay_positive_0075_run03,0,"[0.0,0.0,0.0,0.0]",0,0,0,0,,,,,,,,,,,,,,,,,,,,,,,,,,,,0,,0,,,"[NaN,NaN,NaN]","[NaN,NaN,NaN,NaN]","[NaN,NaN,NaN,NaN,NaN,NaN]",0.001643,504,1,"[15,16]","[0.242658,1.045993,0.072246]","[{""tag_id"":15,""target_match"":true,""family"":""tag25h9"",""hamming"":0,""decision_margin"":159.236893,""pixel_xy"":[817.936875,202.522016],""world_xy_yaw"":[0.248534,1.117723,0.072508],""pnp_valid"":true,""pnp_camera_xyz"":[0.321477,-0.346496,1.286876],""pnp_camera_quat_xyzw"":[-0.030803,-0.006741,0.035364,0.998877],""pnp_camera_rpy_deg"":[-3.555647,-0.646776,4.075407],""pnp_reprojection_error_px"":0.026808},{""tag_id"":16,""target_match"":true,""family"":""tag25h9"",""hamming"":0,""decision_margin"":160.683868,""pixel_xy"":[814.43923,261.317225],""world_xy_yaw"":[0.242658,1.045993,0.072246],""pnp_valid"":true,""pnp_camera_xyz"":[0.310915,-0.205622,1.276487],""pnp_camera_quat_xyzw"":[-0.033112,-0.011059,0.035354,0.998765],""pnp_camera_rpy_deg"":[-3.838107,-1.131581,4.092498],""pnp_reprojection_error_px"":0.036622}]",1,0.036622,160.683868,81.787769,,0,,0,,
2026-08-12T10:57:30.168395+00:00,5025.452051441,sway_decay_positive_0075_run03,0,"[0.0,0.0,0.0,0.0]",0,0,0,0,,,,,,,,,,,,,,,,,,,,,,,,,,,,0,,0,,,"[NaN,NaN,NaN]","[NaN,NaN,NaN,NaN]","[NaN,NaN,NaN,NaN,NaN,NaN]",0.001423,506,1,"[15,16]","[0.242779,1.04602,0.073242]","[{""tag_id"":15,""target_match"":true,""family"":""tag25h9"",""hamming"":0,""decision_margin"":159.541229,""pixel_xy"":[818.049552,202.551591],""world_xy_yaw"":[0.248723,1.117687,0.071419],""pnp_valid"":true,""pnp_camera_xyz"":[0.321902,-0.346695,1.287634],""pnp_camera_quat_xyzw"":[-0.030428,-0.005517,0.035535,0.99889],""pnp_camera_rpy_deg"":[-3.507675,-0.507655,4.090358],""pnp_reprojection_error_px"":0.009361},{""tag_id"":16,""target_match"":true,""family"":""tag25h9"",""hamming"":0,""decision_margin"":159.674271,""pixel_xy"":[814.51141,261.294851],""world_xy_yaw"":[0.242779,1.04602,0.073242],""pnp_valid"":true,""pnp_camera_xyz"":[0.311111,-0.205634,1.276518],""pnp_camera_quat_xyzw"":[-0.032649,-0.010535,0.035714,0.998773],""pnp_camera_rpy_deg"":[-3.783234,-1.072195,4.131271],""pnp_reprojection_error_px"":0.016454}]",1,0.016454,159.674271,81.909687,,0,,0,,
2026-08-12T10:57:30.218482+00:00,5025.502137759,sway_decay_positive_0075_run03,0,"[0.0,0.0,0.0,0.0]",0,0,0,0,,,,,,,,,,,,,,,,,,,,,,,,,,,,0,,0,,,"[NaN,NaN,NaN]","[NaN,NaN,NaN,NaN]","[NaN,NaN,NaN,NaN,NaN,NaN]",0.002156,507,1,"[15,16]","[0.242852,1.046021,0.072271]","[{""tag_id"":15,""target_match"":true,""family"":""tag25h9"",""hamming"":0,""decision_margin"":158.51236,""pixel_xy"":[818.078138,202.55171],""world_xy_yaw"":[0.248771,1.117687,0.073598],""pnp_valid"":true,""pnp_camera_xyz"":[0.321868,-0.346556,1.287077],""pnp_camera_quat_xyzw"":[-0.030645,-0.006078,0.036076,0.998861],""pnp_camera_rpy_deg"":[-3.535201,-0.569071,4.154497],""pnp_reprojection_error_px"":0.024204},{""tag_id"":16,""target_match"":true,""family"":""tag25h9"",""hamming"":0,""decision_margin"":161.34288,""pixel_xy"":[814.554663,261.293959],""world_xy_yaw"":[0.242852,1.046021,0.072271],""pnp_valid"":true,""pnp_camera_xyz"":[0.311386,-0.205777,1.277357],""pnp_camera_quat_xyzw"":[-0.031531,-0.010028,0.035656,0.998816],""pnp_camera_rpy_deg"":[-3.652936,-1.018951,4.121451],""pnp_reprojection_error_px"":0.022379}]",1,0.022379,161.34288,82.023249,,0,,0,,
2026-08-12T10:57:30.267064+00:00,5025.550731326,sway_decay_positive_0075_run03,0,"[0.0,0.0,0.0,0.0]",0,0,0,0,,,,,,,,,,,,,,,,,,,,,,,,,,,,0,,0,,,"[NaN,NaN,NaN]","[NaN,NaN,NaN,NaN]","[NaN,NaN,NaN,NaN,NaN,NaN]",0.000788,509,1,"[15,16]","[0.243012,1.046032,0.072556]","[{""tag_id"":15,""target_match"":true,""family"":""tag25h9"",""hamming"":0,""decision_margin"":159.266449,""pixel_xy"":[818.178857,202.565406],""world_xy_yaw"":[0.24894,1.11767,0.073632],""pnp_valid"":true,""pnp_camera_xyz"":[0.322299,-0.346722,1.287844],""pnp_camera_quat_xyzw"":[-0.029869,-0.004749,0.03646,0.998877],""pnp_camera_rpy_deg"":[-3.440896,-0.418748,4.193441],""pnp_reprojection_error_px"":0.022958},{""tag_id"":16,""target_match"":true,""family"":""tag25h9"",""hamming"":0,""decision_margin"":159.389679,""pixel_xy"":[814.649816,261.285267],""world_xy_yaw"":[0.243012,1.046032,0.072556],""pnp_valid"":true,""pnp_camera_xyz"":[0.311408,-0.205645,1.276614],""pnp_camera_quat_xyzw"":[-0.032838,-0.01119,0.035773,0.998758],""pnp_camera_rpy_deg"":[-3.807714,-1.146132,4.14071],""pnp_reprojection_error_px"":0.020606}]",1,0.020606,159.389679,80.843521,,0,,0,,
2026-08-12T10:57:30.317061+00:00,5025.600727533,sway_decay_positive_0075_run03,0,"[0.0,0.0,0.0,0.0]",0,0,0,0,,,,,,,,,,,,,,,,,,,,,,,,,,,,0,,0,,,"[NaN,NaN,NaN]","[NaN,NaN,NaN,NaN]","[NaN,NaN,NaN,NaN,NaN,NaN]",0.001135,510,1,"[15,16]","[0.243057,1.04606,0.073035]","[{""tag_id"":15,""target_match"":true,""family"":""tag25h9"",""hamming"":0,""decision_margin"":157.830963,""pixel_xy"":[818.244676,202.564449],""world_xy_yaw"":[0.249051,1.117671,0.073121],""pnp_valid"":true,""pnp_camera_xyz"":[0.322462,-0.346767,1.287898],""pnp_camera_quat_xyzw"":[-0.029377,-0.004843,0.036256,0.998899],""pnp_camera_rpy_deg"":[-3.384841,-0.432304,4.170104],""pnp_reprojection_error_px"":0.028567},{""tag_id"":16,""target_match"":true,""family"":""tag25h9"",""hamming"":0,""decision_margin"":158.555939,""pixel_xy"":[814.676755,261.262428],""world_xy_yaw"":[0.243057,1.04606,0.073035],""pnp_valid"":true,""pnp_camera_xyz"":[0.311514,-0.205666,1.276679],""pnp_camera_quat_xyzw"":[-0.032763,-0.01095,0.035742,0.998764],""pnp_camera_rpy_deg"":[-3.798045,-1.119145,4.136151],""pnp_reprojection_error_px"":0.016357}]",1,0.016357,158.555939,80.747944,,0,,0,,
2026-08-12T10:57:30.367262+00:00,5025.650928466,sway_decay_positive_0075_run03,0,"[0.0,0.0,0.0,0.0]",0,0,0,0,,,,,,,,,,,,,,,,,,,,,,,,,,,,0,,0,,,"[NaN,NaN,NaN]","[NaN,NaN,NaN,NaN]","[NaN,NaN,NaN,NaN,NaN,NaN]",0.000777,512,1,"[15,16]","[0.243231,1.046053,0.073654]","[{""tag_id"":15,""target_match"":true,""family"":""tag25h9"",""hamming"":0,""decision_margin"":158.225845,""pixel_xy"":[818.346575,202.556728],""world_xy_yaw"":[0.249222,1.117681,0.07409],""pnp_valid"":true,""pnp_camera_xyz"":[0.322755,-0.346802,1.288057],""pnp_camera_quat_xyzw"":[-0.029472,-0.00548,0.036408,0.998887],""pnp_camera_rpy_deg"":[-3.398469,-0.504295,4.189765],""pnp_reprojection_error_px"":0.026053},{""tag_id"":16,""target_match"":true,""family"":""tag25h9"",""hamming"":0,""decision_margin"":159.725677,""pixel_xy"":[814.780205,261.268271],""world_xy_yaw"":[0.243231,1.046053,0.073654],""pnp_valid"":true,""pnp_camera_xyz"":[0.31161,-0.205577,1.276162],""pnp_camera_quat_xyzw"":[-0.033723,-0.011805,0.036117,0.998709],""pnp_camera_rpy_deg"":[-3.912129,-1.211519,4.183623],""pnp_reprojection_error_px"":0.02003}]",1,0.02003,159.725677,80.092234,,0,,0,,
2026-08-12T10:57:30.417050+00:00,5025.700718262,sway_decay_positive_0075_run03,0,"[0.0,0.0,0.0,0.0]",0,0,0,0,,,,,,,,,,,,,,,,,,,,,,,,,,,,0,,0,,,"[NaN,NaN,NaN]","[NaN,NaN,NaN,NaN]","[NaN,NaN,NaN,NaN,NaN,NaN]",0.001092,513,1,"[15,16]","[0.249312,1.117652,0.074184]","[{""tag_id"":15,""target_match"":true,""family"":""tag25h9"",""hamming"":0,""decision_margin"":160.308472,""pixel_xy"":[818.399752,202.579967],""world_xy_yaw"":[0.249312,1.117652,0.074184],""pnp_valid"":true,""pnp_camera_xyz"":[0.322907,-0.346802,1.288145],""pnp_camera_quat_xyzw"":[-0.029347,-0.005436,0.036448,0.99889],""pnp_camera_rpy_deg"":[-3.384019,-0.499645,4.194174],""pnp_reprojection_error_px"":0.035446},{""tag_id"":16,""target_match"":true,""family"":""tag25h9"",""hamming"":0,""decision_margin"":159.994843,""pixel_xy"":[814.818008,261.26565],""world_xy_yaw"":[0.243294,1.046056,0.073737],""pnp_valid"":true,""pnp_camera_xyz"":[0.311966,-0.20573,1.277181],""pnp_camera_quat_xyzw"":[-0.032854,-0.009968,0.03629,0.998751],""pnp_camera_rpy_deg"":[-3.804889,-1.004282,4.195242],""pnp_reprojection_error_px"":0.020214}]",1,0.035446,160.308472,82.705871,,0,,0,,
2026-08-12T10:57:30.467044+00:00,5025.750710764,sway_decay_positive_0075_run03,0,"[0.0,0.0,0.0,0.0]",0,0,0,0,,,,,,,,,,,,,,,,,,,,,,,,,,,,0,,0,,,"[NaN,NaN,NaN]","[NaN,NaN,NaN,NaN]","[NaN,NaN,NaN,NaN,NaN,NaN]",0.000748,515,1,"[15,16]","[0.243447,1.046028,0.074081]","[{""tag_id"":15,""target_match"":true,""family"":""tag25h9"",""hamming"":0,""decision_margin"":157.546021,""pixel_xy"":[818.509998,202.562675],""world_xy_yaw"":[0.249497,1.117674,0.074184],""pnp_valid"":true,""pnp_camera_xyz"":[0.323256,-0.346908,1.288518],""pnp_camera_quat_xyzw"":[-0.029174,-0.004363,0.03679,0.998888],""pnp_camera_rpy_deg"":[-3.359824,-0.376472,4.229618],""pnp_reprojection_error_px"":0.024824},{""tag_id"":16,""target_match"":true,""family"":""tag25h9"",""hamming"":0,""decision_margin"":160.206512,""pixel_xy"":[814.908955,261.28881],""world_xy_yaw"":[0.243447,1.046028,0.074081],""pnp_valid"":true,""pnp_camera_xyz"":[0.312028,-0.20565,1.276641],""pnp_camera_quat_xyzw"":[-0.033032,-0.010133,0.036667,0.99873],""pnp_camera_rpy_deg"":[-3.826462,-1.02095,4.239333],""pnp_reprojection_error_px"":0.019758}]",1,0.019758,160.206512,82.700261,,0,,0,,
2026-08-12T10:57:30.517032+00:00,5025.800699828,sway_decay_positive_0075_run03,0,"[0.0,0.0,0.0,0.0]",0,0,0,0,,,,,,,,,,,,,,,,,,,,,,,,,,,,0,,0,,,"[NaN,NaN,NaN]","[NaN,NaN,NaN,NaN]","[NaN,NaN,NaN,NaN,NaN,NaN]",0.001085,516,1,"[15,16]","[0.243509,1.046012,0.073881]","[{""tag_id"":15,""target_match"":true,""family"":""tag25h9"",""hamming"":0,""decision_margin"":156.917664,""pixel_xy"":[818.571383,202.56844],""world_xy_yaw"":[0.2496,1.117666,0.074721],""pnp_valid"":true,""pnp_camera_xyz"":[0.323168,-0.346667,1.287645],""pnp_camera_quat_xyzw"":[-0.02991,-0.005292,0.036953,0.998855],""pnp_camera_rpy_deg"":[-3.448134,-0.479133,4.251806],""pnp_reprojection_error_px"":0.021701},{""tag_id"":16,""target_match"":true,""family"":""tag25h9"",""hamming"":0,""decision_margin"":159.790085,""pixel_xy"":[814.945782,261.301919],""world_xy_yaw"":[0.243509,1.046012,0.073881],""pnp_valid"":true,""pnp_camera_xyz"":[0.312196,-0.205678,1.276881],""pnp_camera_quat_xyzw"":[-0.033009,-0.010046,0.036349,0.998743],""pnp_camera_rpy_deg"":[-3.823133,-1.012333,4.202426],""pnp_reprojection_error_px"":0.01939}]",1,0.01939,159.790085,82.497625,,0,,0,,
2026-08-12T10:57:30.567347+00:00,5025.851012096,sway_decay_positive_0075_run03,0,"[0.0,0.0,0.0,0.0]",0,0,0,0,,,,,,,,,,,,,,,,,,,,,,,,,,,,0,,0,,,"[NaN,NaN,NaN]","[NaN,NaN,NaN,NaN]","[NaN,NaN,NaN,NaN,NaN,NaN]",0.000814,518,1,"[15,16]","[0.249781,1.117672,0.074853]","[{""tag_id"":15,""target_match"":true,""family"":""tag25h9"",""hamming"":0,""decision_margin"":162.678741,""pixel_xy"":[818.679405,202.563622],""world_xy_yaw"":[0.249781,1.117672,0.074853],""pnp_valid"":true,""pnp_camera_xyz"":[0.323367,-0.346592,1.287441],""pnp_camera_quat_xyzw"":[-0.029937,-0.006102,0.036818,0.998855],""pnp_camera_rpy_deg"":[-3.454644,-0.572192,4.239227],""pnp_reprojection_error_px"":0.015076},{""tag_id"":16,""target_match"":true,""family"":""tag25h9"",""hamming"":0,""decision_margin"":158.32309,""pixel_xy"":[815.035441,261.306834],""world_xy_yaw"":[0.24366,1.046006,0.074348],""pnp_valid"":true,""pnp_camera_xyz"":[0.312627,-0.205815,1.277783],""pnp_camera_quat_xyzw"":[-0.03161,-0.01003,0.036601,0.99878],""pnp_camera_rpy_deg"":[-3.662961,-1.015406,4.229827],""pnp_reprojection_error_px"":0.02124}]",1,0.015076,162.678741,84.585383,,0,,0,,
2026-08-12T10:57:30.616919+00:00,5025.900590227,sway_decay_positive_0075_run03,0,"[0.0,0.0,0.0,0.0]",0,0,0,0,,,,,,,,,,,,,,,,,,,,,,,,,,,,0,,0,,,"[NaN,NaN,NaN]","[NaN,NaN,NaN,NaN]","[NaN,NaN,NaN,NaN,NaN,NaN]",0.000943,519,1,"[15,16]","[0.243761,1.045995,0.07435]","[{""tag_id"":15,""target_match"":true,""family"":""tag25h9"",""hamming"":0,""decision_margin"":158.36499,""pixel_xy"":[818.726298,202.562098],""world_xy_yaw"":[0.24986,1.117674,0.075059],""pnp_valid"":true,""pnp_camera_xyz"":[0.323448,-0.346532,1.287195],""pnp_camera_quat_xyzw"":[-0.030315,-0.006244,0.036546,0.998853],""pnp_camera_rpy_deg"":[-3.498311,-0.587791,4.208778],""pnp_reprojection_error_px"":0.028313},{""tag_id"":16,""target_match"":true,""family"":""tag25h9"",""hamming"":0,""decision_margin"":161.425522,""pixel_xy"":[815.095747,261.315427],""world_xy_yaw"":[0.243761,1.045995,0.07435],""pnp_valid"":true,""pnp_camera_xyz"":[0.312799,-0.205847,1.277992],""pnp_camera_quat_xyzw"":[-0.031785,-0.00906,0.037006,0.998768],""pnp_camera_rpy_deg"":[-3.679167,-0.902216,4.272817],""pnp_reprojection_error_px"":0.03225}]",1,0.03225,161.425522,87.07285,,0,,0,,
2026-08-12T10:57:30.668510+00:00,5025.952170549,sway_decay_positive_0075_run03,0,"[0.0,0.0,0.0,0.0]",0,0,0,0,,,,,,,,,,,,,,,,,,,,,,,,,,,,0,,0,,,"[NaN,NaN,NaN]","[NaN,NaN,NaN,NaN]","[NaN,NaN,NaN,NaN,NaN,NaN]",0.001215,521,1,"[15,16]","[0.250077,1.117673,0.074567]","[{""tag_id"":15,""target_match"":true,""family"":""tag25h9"",""hamming"":0,""decision_margin"":160.460007,""pixel_xy"":[818.855103,202.5634],""world_xy_yaw"":[0.250077,1.117673,0.074567],""pnp_valid"":true,""pnp_camera_xyz"":[0.32358,-0.346398,1.286686],""pnp_camera_quat_xyzw"":[-0.030763,-0.005951,0.036862,0.998829],""pnp_camera_rpy_deg"":[-3.548606,-0.551163,4.244138],""pnp_reprojection_error_px"":0.010686},{""tag_id"":16,""target_match"":true,""family"":""tag25h9"",""hamming"":0,""decision_margin"":159.557663,""pixel_xy"":[815.181492,261.315764],""world_xy_yaw"":[0.243905,1.045995,0.074496],""pnp_valid"":true,""pnp_camera_xyz"":[0.312808,-0.205713,1.277187],""pnp_camera_quat_xyzw"":[-0.03256,-0.010031,0.036843,0.99874],""pnp_camera_rpy_deg"":[-3.772034,-1.01066,4.258613],""pnp_reprojection_error_px"":0.029791}]",1,0.010686,160.460007,87.554255,,0,,0,,
2026-08-12T10:57:30.717577+00:00,5026.001244258,sway_decay_positive_0075_run03,0,"[0.0,0.0,0.0,0.0]",0,0,0,0,,,,,,,,,,,,,,,,,,,,,,,,,,,,0,,0,,,"[NaN,NaN,NaN]","[NaN,NaN,NaN,NaN]","[NaN,NaN,NaN,NaN,NaN,NaN]",0.001322,522,1,"[15,16]","[0.250188,1.11765,0.074945]","[{""tag_id"":15,""target_match"":true,""family"":""tag25h9"",""hamming"":0,""decision_margin"":162.005035,""pixel_xy"":[818.921289,202.581662],""world_xy_yaw"":[0.250188,1.11765,0.074945],""pnp_valid"":true,""pnp_camera_xyz"":[0.323592,-0.346247,1.2861],""pnp_camera_quat_xyzw"":[-0.031805,-0.007054,0.036743,0.998794],""pnp_camera_rpy_deg"":[-3.672693,-0.673504,4.235174],""pnp_reprojection_error_px"":0.028129},{""tag_id"":16,""target_match"":true,""family"":""tag25h9"",""hamming"":0,""decision_margin"":158.768784,""pixel_xy"":[815.231425,261.325427],""world_xy_yaw"":[0.243989,1.045983,0.075368],""pnp_valid"":true,""pnp_camera_xyz"":[0.313021,-0.205759,1.277527],""pnp_camera_quat_xyzw"":[-0.031773,-0.00927,0.037293,0.998756],""pnp_camera_rpy_deg"":[-3.679042,-0.925231,4.306509],""pnp_reprojection_error_px"":0.033377}]",1,0.028129,162.005035,88.676461,,0,,0,,
2026-08-12T10:57:30.768462+00:00,5026.052133264,sway_decay_positive_0075_run03,0,"[0.0,0.0,0.0,0.0]",0,0,0,0,,,,,,,,,,,,,,,,,,,,,,,,,,,,0,,0,,,"[NaN,NaN,NaN]","[NaN,NaN,NaN,NaN]","[NaN,NaN,NaN,NaN,NaN,NaN]",0.001462,524,1,"[15,16]","[0.244146,1.045984,0.074992]","[{""tag_id"":15,""target_match"":true,""family"":""tag25h9"",""hamming"":0,""decision_margin"":160.642868,""pixel_xy"":[819.041391,202.592681],""world_xy_yaw"":[0.25039,1.117637,0.074978],""pnp_valid"":true,""pnp_camera_xyz"":[0.323943,-0.346316,1.286454],""pnp_camera_quat_xyzw"":[-0.031206,-0.006538,0.037141,0.998801],""pnp_camera_rpy_deg"":[-3.60202,-0.615546,4.278529],""pnp_reprojection_error_px"":0.026178},{""tag_id"":16,""target_match"":true,""family"":""tag25h9"",""hamming"":0,""decision_margin"":161.336441,""pixel_xy"":[815.324961,261.324768],""world_xy_yaw"":[0.244146,1.045984,0.074992],""pnp_valid"":true,""pnp_camera_xyz"":[0.313105,-0.205695,1.277109],""pnp_camera_quat_xyzw"":[-0.032027,-0.009981,0.037333,0.99874],""pnp_camera_rpy_deg"":[-3.711296,-1.005351,4.31401],""pnp_reprojection_error_px"":0.04027}]",1,0.04027,161.336441,88.864212,,0,,0,,
2026-08-12T10:57:30.817345+00:00,5026.101014833,sway_decay_positive_0075_run03,0,"[0.0,0.0,0.0,0.0]",0,0,0,0,,,,,,,,,,,,,,,,,,,,,,,,,,,,0,,0,,,"[NaN,NaN,NaN]","[NaN,NaN,NaN,NaN]","[NaN,NaN,NaN,NaN,NaN,NaN]",0.001182,525,1,"[15,16]","[0.25047,1.117607,0.075644]","[{""tag_id"":15,""target_match"":true,""family"":""tag25h9"",""hamming"":0,""decision_margin"":161.11351,""pixel_xy"":[819.089289,202.616956],""world_xy_yaw"":[0.25047,1.117607,0.075644],""pnp_valid"":true,""pnp_camera_xyz"":[0.32407,-0.34629,1.286352],""pnp_camera_quat_xyzw"":[-0.03134,-0.00663,0.037065,0.998799],""pnp_camera_rpy_deg"":[-3.617783,-0.625719,4.270308],""pnp_reprojection_error_px"":0.054723},{""tag_id"":16,""target_match"":true,""family"":""tag25h9"",""hamming"":0,""decision_margin"":158.431717,""pixel_xy"":[815.356477,261.314991],""world_xy_yaw"":[0.244199,1.045996,0.076264],""pnp_valid"":true,""pnp_camera_xyz"":[0.313156,-0.205663,1.276836],""pnp_camera_quat_xyzw"":[-0.031814,-0.010477,0.037412,0.998738],""pnp_camera_rpy_deg"":[-3.689101,-1.0627,4.32473],""pnp_reprojection_error_px"":0.028939}]",1,0.054723,161.11351,88.812104,,0,,0,,
2026-08-12T10:57:30.868476+00:00,5026.152132576,sway_decay_positive_0075_run03,0,"[0.0,0.0,0.0,0.0]",0,0,0,0,,,,,,,,,,,,,,,,,,,,,,,,,,,,0,,0,,,"[NaN,NaN,NaN]","[NaN,NaN,NaN,NaN]","[NaN,NaN,NaN,NaN,NaN,NaN]",0.001532,527,1,"[15,16]","[0.250646,1.117615,0.074978]","[{""tag_id"":15,""target_match"":true,""family"":""tag25h9"",""hamming"":0,""decision_margin"":160.120239,""pixel_xy"":[819.194242,202.610743],""world_xy_yaw"":[0.250646,1.117615,0.074978],""pnp_valid"":true,""pnp_camera_xyz"":[0.324264,-0.346269,1.286219],""pnp_camera_quat_xyzw"":[-0.031746,-0.006456,0.036997,0.99879],""pnp_camera_rpy_deg"":[-3.663458,-0.604388,4.262111],""pnp_reprojection_error_px"":0.053047},{""tag_id"":16,""target_match"":true,""family"":""tag25h9"",""hamming"":0,""decision_margin"":159.882462,""pixel_xy"":[815.448468,261.302286],""world_xy_yaw"":[0.244353,1.046011,0.075601],""pnp_valid"":true,""pnp_camera_xyz"":[0.313598,-0.205821,1.277793],""pnp_camera_quat_xyzw"":[-0.031247,-0.009633,0.037305,0.998769],""pnp_camera_rpy_deg"":[-3.620395,-0.96897,4.308796],""pnp_reprojection_error_px"":0.019401}]",1,0.053047,160.120239,87.004017,,0,,0,,
2026-08-12T10:57:30.918497+00:00,5026.202153232,sway_decay_positive_0075_run03,0,"[0.0,0.0,0.0,0.0]",0,0,0,0,,,,,,,,,,,,,,,,,,,,,,,,,,,,0,,0,,,"[NaN,NaN,NaN]","[NaN,NaN,NaN,NaN]","[NaN,NaN,NaN,NaN,NaN,NaN]",0.002260,528,1,"[15,16]","[0.244426,1.046014,0.077021]","[{""tag_id"":15,""target_match"":true,""family"":""tag25h9"",""hamming"":0,""decision_margin"":158.24646,""pixel_xy"":[819.251763,202.601558],""world_xy_yaw"":[0.250743,1.117626,0.075815],""pnp_valid"":true,""pnp_camera_xyz"":[0.324391,-0.346266,1.286162],""pnp_camera_quat_xyzw"":[-0.031671,-0.005959,0.037494,0.998777],""pnp_camera_rpy_deg"":[-3.652998,-0.545974,4.317175],""pnp_reprojection_error_px"":0.049651},{""tag_id"":16,""target_match"":true,""family"":""tag25h9"",""hamming"":0,""decision_margin"":159.620285,""pixel_xy"":[815.491889,261.299603],""world_xy_yaw"":[0.244426,1.046014,0.077021],""pnp_valid"":true,""pnp_camera_xyz"":[0.313688,-0.205795,1.27765],""pnp_camera_quat_xyzw"":[-0.030971,-0.010854,0.037545,0.998756],""pnp_camera_rpy_deg"":[-3.594327,-1.109037,4.340484],""pnp_reprojection_error_px"":0.01377}]",1,0.01377,159.620285,87.450283,,0,,0,,
2026-08-12T10:57:30.968497+00:00,5026.252153250,sway_decay_positive_0075_run03,0,"[0.0,0.0,0.0,0.0]",0,0,0,0,,,,,,,,,,,,,,,,,,,,,,,,,,,,0,,0,,,"[NaN,NaN,NaN]","[NaN,NaN,NaN,NaN]","[NaN,NaN,NaN,NaN,NaN,NaN]",0.001549,530,1,"[15,16]","[0.24459,1.046031,0.075835]","[{""tag_id"":15,""target_match"":true,""family"":""tag25h9"",""hamming"":0,""decision_margin"":158.513916,""pixel_xy"":[819.366672,202.593825],""world_xy_yaw"":[0.250936,1.117636,0.075936],""pnp_valid"":true,""pnp_camera_xyz"":[0.324773,-0.346411,1.286698],""pnp_camera_quat_xyzw"":[-0.0309,-0.006224,0.037728,0.998791],""pnp_camera_rpy_deg"":[-3.565956,-0.578799,4.344486],""pnp_reprojection_error_px"":0.040626},{""tag_id"":16,""target_match"":true,""family"":""tag25h9"",""hamming"":0,""decision_margin"":159.942429,""pixel_xy"":[815.589396,261.286306],""world_xy_yaw"":[0.24459,1.046031,0.075835],""pnp_valid"":true,""pnp_camera_xyz"":[0.313947,-0.205856,1.277898],""pnp_camera_quat_xyzw"":[-0.031358,-0.00909,0.037582,0.99876],""pnp_camera_rpy_deg"":[-3.630917,-0.905289,4.338622],""pnp_reprojection_error_px"":0.014548}]",1,0.014548,159.942429,88.340068,,0,,0,,
2026-08-12T10:57:31.016892+00:00,5026.300563964,sway_decay_positive_0075_run03,0,"[0.0,0.0,0.0,0.0]",0,0,0,0,,,,,,,,,,,,,,,,,,,,,,,,,,,,0,,0,,,"[NaN,NaN,NaN]","[NaN,NaN,NaN,NaN]","[NaN,NaN,NaN,NaN,NaN,NaN]",0.000619,532,1,"[15,16]","[0.244758,1.046056,0.076288]","[{""tag_id"":15,""target_match"":true,""family"":""tag25h9"",""hamming"":0,""decision_margin"":159.966965,""pixel_xy"":[819.461159,202.581816],""world_xy_yaw"":[0.251095,1.11765,0.07663],""pnp_valid"":true,""pnp_camera_xyz"":[0.325106,-0.34651,1.286956],""pnp_camera_quat_xyzw"":[-0.030939,-0.00522,0.03789,0.998789],""pnp_camera_rpy_deg"":[-3.566153,-0.46307,4.359502],""pnp_reprojection_error_px"":0.046187},{""tag_id"":16,""target_match"":true,""family"":""tag25h9"",""hamming"":0,""decision_margin"":161.601913,""pixel_xy"":[815.689291,261.265201],""world_xy_yaw"":[0.244758,1.046056,0.076288],""pnp_valid"":true,""pnp_camera_xyz"":[0.314059,-0.205827,1.277486],""pnp_camera_quat_xyzw"":[-0.031869,-0.009831,0.037899,0.998725],""pnp_camera_rpy_deg"":[-3.69303,-0.986737,4.378145],""pnp_reprojection_error_px"":0.020778}]",1,0.020778,161.601913,89.31065,,0,,0,,
2026-08-12T10:57:31.067677+00:00,5026.351343408,sway_decay_positive_0075_run03,0,"[0.0,0.0,0.0,0.0]",0,0,0,0,,,,,,,,,,,,,,,,,,,,,,,,,,,,0,,0,,,"[NaN,NaN,NaN]","[NaN,NaN,NaN,NaN]","[NaN,NaN,NaN,NaN,NaN,NaN]",0.001467,533,1,"[15,16]","[0.244833,1.046054,0.076397]","[{""tag_id"":15,""target_match"":true,""family"":""tag25h9"",""hamming"":0,""decision_margin"":160.554123,""pixel_xy"":[819.512535,202.579554],""world_xy_yaw"":[0.251181,1.117653,0.076976],""pnp_valid"":true,""pnp_camera_xyz"":[0.325034,-0.34632,1.286196],""pnp_camera_quat_xyzw"":[-0.031174,-0.006935,0.037593,0.998783],""pnp_camera_rpy_deg"":[-3.600403,-0.659466,4.331752],""pnp_reprojection_error_px"":0.049976},{""tag_id"":16,""target_match"":true,""family"":""tag25h9"",""hamming"":0,""decision_margin"":161.690155,""pixel_xy"":[815.733858,261.267522],""world_xy_yaw"":[0.244833,1.046054,0.076397],""pnp_valid"":true,""pnp_camera_xyz"":[0.313915,-0.205671,1.276495],""pnp_camera_quat_xyzw"":[-0.032559,-0.010954,0.037799,0.998695],""pnp_camera_rpy_deg"":[-3.777,-1.112661,4.371721],""pnp_reprojection_error_px"":0.02352}]",1,0.02352,161.690155,90.557352,,0,,0,,
2026-08-12T10:57:31.117264+00:00,5026.400934241,sway_decay_positive_0075_run03,0,"[0.0,0.0,0.0,0.0]",0,0,0,0,,,,,,,,,,,,,,,,,,,,,,,,,,,,0,,0,,,"[NaN,NaN,NaN]","[NaN,NaN,NaN,NaN]","[NaN,NaN,NaN,NaN,NaN,NaN]",0.001068,534,1,"[15,16]","[0.251296,1.117656,0.076354]","[{""tag_id"":15,""target_match"":true,""family"":""tag25h9"",""hamming"":0,""decision_margin"":163.353073,""pixel_xy"":[819.580788,202.577103],""world_xy_yaw"":[0.251296,1.117656,0.076354],""pnp_valid"":true,""pnp_camera_xyz"":[0.325267,-0.346447,1.286623],""pnp_camera_quat_xyzw"":[-0.030895,-0.005929,0.037963,0.998784],""pnp_camera_rpy_deg"":[-3.56427,-0.544195,4.370364],""pnp_reprojection_error_px"":0.048661},{""tag_id"":16,""target_match"":true,""family"":""tag25h9"",""hamming"":0,""decision_margin"":161.195969,""pixel_xy"":[815.782898,261.252966],""world_xy_yaw"":[0.244915,1.046071,0.077021],""pnp_valid"":true,""pnp_camera_xyz"":[0.314095,-0.205746,1.276764],""pnp_camera_quat_xyzw"":[-0.032237,-0.011229,0.038081,0.998691],""pnp_camera_rpy_deg"":[-3.741654,-1.144467,4.404695],""pnp_reprojection_error_px"":0.023777}]",1,0.048661,163.353073,90.54236,,0,,0,,
2026-08-12T10:57:31.168281+00:00,5026.451940063,sway_decay_positive_0075_run03,0,"[0.0,0.0,0.0,0.0]",0,0,0,0,,,,,,,,,,,,,,,,,,,,,,,,,,,,0,,0,,,"[NaN,NaN,NaN]","[NaN,NaN,NaN,NaN]","[NaN,NaN,NaN,NaN,NaN,NaN]",0.001386,536,1,"[15,16]","[0.245062,1.046088,0.07739]","[{""tag_id"":15,""target_match"":true,""family"":""tag25h9"",""hamming"":0,""decision_margin"":158.652176,""pixel_xy"":[819.698606,202.524457],""world_xy_yaw"":[0.251494,1.11772,0.076707],""pnp_valid"":true,""pnp_camera_xyz"":[0.325304,-0.34623,1.285682],""pnp_camera_quat_xyzw"":[-0.031866,-0.006071,0.038071,0.998748],""pnp_camera_rpy_deg"":[-3.676238,-0.555822,4.38377],""pnp_reprojection_error_px"":0.011128},{""tag_id"":16,""target_match"":true,""family"":""tag25h9"",""hamming"":0,""decision_margin"":162.167938,""pixel_xy"":[815.870535,261.2396],""world_xy_yaw"":[0.245062,1.046088,0.07739],""pnp_valid"":true,""pnp_camera_xyz"":[0.314603,-0.205965,1.277888],""pnp_camera_quat_xyzw"":[-0.030846,-0.008424,0.038498,0.998747],""pnp_camera_rpy_deg"":[-3.570159,-0.828039,4.440696],""pnp_reprojection_error_px"":0.015668}]",1,0.015668,162.167938,90.650189,,0,,0,,
2026-08-12T10:57:31.217299+00:00,5026.500971139,sway_decay_positive_0075_run03,0,"[0.0,0.0,0.0,0.0]",0,0,0,0,,,,,,,,,,,,,,,,,,,,,,,,,,,,0,,0,,,"[NaN,NaN,NaN]","[NaN,NaN,NaN,NaN]","[NaN,NaN,NaN,NaN,NaN,NaN]",0.000065,538,1,"[15,16]","[0.251682,1.117737,0.078356]","[{""tag_id"":15,""target_match"":true,""family"":""tag25h9"",""hamming"":0,""decision_margin"":158.790039,""pixel_xy"":[819.810441,202.510699],""world_xy_yaw"":[0.251682,1.117737,0.078356],""pnp_valid"":true,""pnp_camera_xyz"":[0.325457,-0.346144,1.28513],""pnp_camera_quat_xyzw"":[-0.032491,-0.006696,0.038446,0.99871],""pnp_camera_rpy_deg"":[-3.750735,-0.623188,4.429516],""pnp_reprojection_error_px"":0.028581},{""tag_id"":16,""target_match"":true,""family"":""tag25h9"",""hamming"":0,""decision_margin"":157.773209,""pixel_xy"":[815.978662,261.232814],""world_xy_yaw"":[0.245244,1.046096,0.076953],""pnp_valid"":true,""pnp_camera_xyz"":[0.314663,-0.205889,1.277193],""pnp_camera_quat_xyzw"":[-0.03149,-0.008782,0.038465,0.998725],""pnp_camera_rpy_deg"":[-3.645443,-0.866351,4.438745],""pnp_reprojection_error_px"":0.028434}]",1,0.028581,158.790039,87.36336,,0,,0,,
2026-08-12T10:57:31.267407+00:00,5026.551070326,sway_decay_positive_0075_run03,0,"[0.0,0.0,0.0,0.0]",0,0,0,0,,,,,,,,,,,,,,,,,,,,,,,,,,,,0,,0,,,"[NaN,NaN,NaN]","[NaN,NaN,NaN,NaN]","[NaN,NaN,NaN,NaN,NaN,NaN]",0.001248,539,1,"[15,16]","[0.245338,1.046132,0.078107]","[{""tag_id"":15,""target_match"":true,""family"":""tag25h9"",""hamming"":0,""decision_margin"":157.833237,""pixel_xy"":[819.880712,202.47734],""world_xy_yaw"":[0.2518,1.117778,0.077613],""pnp_valid"":true,""pnp_camera_xyz"":[0.325697,-0.346241,1.28542],""pnp_camera_quat_xyzw"":[-0.032465,-0.006339,0.038121,0.998725],""pnp_camera_rpy_deg"":[-3.746069,-0.583682,4.390896],""pnp_reprojection_error_px"":0.016271},{""tag_id"":16,""target_match"":true,""family"":""tag25h9"",""hamming"":0,""decision_margin"":159.398239,""pixel_xy"":[816.034522,261.202881],""world_xy_yaw"":[0.245338,1.046132,0.078107],""pnp_valid"":true,""pnp_camera_xyz"":[0.314895,-0.205997,1.277586],""pnp_camera_quat_xyzw"":[-0.031932,-0.008974,0.038943,0.998691],""pnp_camera_rpy_deg"":[-3.697443,-0.884552,4.494643],""pnp_reprojection_error_px"":0.020832}]",1,0.020832,159.398239,87.694769,,0,,0,,
2026-08-12T10:57:31.317796+00:00,5026.601465781,sway_decay_positive_0075_run03,0,"[0.0,0.0,0.0,0.0]",0,0,0,0,,,,,,,,,,,,,,,,,,,,,,,,,,,,0,,0,,,"[NaN,NaN,NaN]","[NaN,NaN,NaN,NaN]","[NaN,NaN,NaN,NaN,NaN,NaN]",0.001610,540,1,"[15,16]","[0.245419,1.046121,0.078291]","[{""tag_id"":15,""target_match"":true,""family"":""tag25h9"",""hamming"":0,""decision_margin"":157.504807,""pixel_xy"":[819.948366,202.486854],""world_xy_yaw"":[0.251913,1.117766,0.078447],""pnp_valid"":true,""pnp_camera_xyz"":[0.325728,-0.346106,1.284931],""pnp_camera_quat_xyzw"":[-0.032435,-0.007203,0.038357,0.998712],""pnp_camera_rpy_deg"":[-3.746543,-0.681821,4.421169],""pnp_reprojection_error_px"":0.015595},{""tag_id"":16,""target_match"":true,""family"":""tag25h9"",""hamming"":0,""decision_margin"":159.689438,""pixel_xy"":[816.082788,261.212415],""world_xy_yaw"":[0.245419,1.046121,0.078291],""pnp_valid"":true,""pnp_camera_xyz"":[0.315014,-0.206004,1.277573],""pnp_camera_quat_xyzw"":[-0.031892,-0.009153,0.038935,0.998691],""pnp_camera_rpy_deg"":[-3.693646,-0.90522,4.494451],""pnp_reprojection_error_px"":0.02666}]",1,0.02666,159.689438,86.617373,,0,,0,,
2026-08-12T10:57:31.367376+00:00,5026.651048845,sway_decay_positive_0075_run03,0,"[0.0,0.0,0.0,0.0]",0,0,0,0,,,,,,,,,,,,,,,,,,,,,,,,,,,,0,,0,,,"[NaN,NaN,NaN]","[NaN,NaN,NaN,NaN]","[NaN,NaN,NaN,NaN,NaN,NaN]",0.000916,542,1,"[15,16]","[0.245613,1.046136,0.078862]","[{""tag_id"":15,""target_match"":true,""family"":""tag25h9"",""hamming"":0,""decision_margin"":156.719406,""pixel_xy"":[820.064576,202.48036],""world_xy_yaw"":[0.252108,1.117774,0.07876],""pnp_valid"":true,""pnp_camera_xyz"":[0.325999,-0.34615,1.284868],""pnp_camera_quat_xyzw"":[-0.033286,-0.006521,0.038608,0.998679],""pnp_camera_rpy_deg"":[-3.841195,-0.599048,4.447922],""pnp_reprojection_error_px"":0.032914},{""tag_id"":16,""target_match"":true,""family"":""tag25h9"",""hamming"":0,""decision_margin"":160.309479,""pixel_xy"":[816.198419,261.200093],""world_xy_yaw"":[0.245613,1.046136,0.078862],""pnp_valid"":true,""pnp_camera_xyz"":[0.31518,-0.205965,1.277145],""pnp_camera_quat_xyzw"":[-0.031954,-0.009381,0.039175,0.998677],""pnp_camera_rpy_deg"":[-3.70202,-0.930195,4.522849],""pnp_reprojection_error_px"":0.026928}]",1,0.026928,160.309479,87.970922,,0,,0,,
2026-08-12T10:57:31.416967+00:00,5026.700634952,sway_decay_positive_0075_run03,0,"[0.0,0.0,0.0,0.0]",0,0,0,0,,,,,,,,,,,,,,,,,,,,,,,,,,,,0,,0,,,"[NaN,NaN,NaN]","[NaN,NaN,NaN,NaN]","[NaN,NaN,NaN,NaN,NaN,NaN]",0.000980,543,1,"[15,16]","[0.245738,1.04614,0.078789]","[{""tag_id"":15,""target_match"":true,""family"":""tag25h9"",""hamming"":0,""decision_margin"":159.275574,""pixel_xy"":[820.13407,202.475504],""world_xy_yaw"":[0.252225,1.11778,0.078937],""pnp_valid"":true,""pnp_camera_xyz"":[0.326261,-0.346244,1.285237],""pnp_camera_quat_xyzw"":[-0.032557,-0.006567,0.038617,0.998702],""pnp_camera_rpy_deg"":[-3.757886,-0.607492,4.4487],""pnp_reprojection_error_px"":0.029227},{""tag_id"":16,""target_match"":true,""family"":""tag25h9"",""hamming"":0,""decision_margin"":159.80864,""pixel_xy"":[816.272925,261.196356],""world_xy_yaw"":[0.245738,1.04614,0.078789],""pnp_valid"":true,""pnp_camera_xyz"":[0.31528,-0.20599,1.276995],""pnp_camera_quat_xyzw"":[-0.032702,-0.010307,0.039397,0.998635],""pnp_camera_rpy_deg"":[-3.792204,-1.031903,4.552569],""pnp_reprojection_error_px"":0.050306}]",1,0.050306,159.80864,88.508667,,0,,0,,
2026-08-12T10:57:31.467976+00:00,5026.751636679,sway_decay_positive_0075_run03,0,"[0.0,0.0,0.0,0.0]",0,0,0,0,,,,,,,,,,,,,,,,,,,,,,,,,,,,0,,0,,,"[NaN,NaN,NaN]","[NaN,NaN,NaN,NaN]","[NaN,NaN,NaN,NaN,NaN,NaN]",0.001178,545,1,"[15,16]","[0.252447,1.117827,0.079532]","[{""tag_id"":15,""target_match"":true,""family"":""tag25h9"",""hamming"":0,""decision_margin"":159.708817,""pixel_xy"":[820.266035,202.436795],""world_xy_yaw"":[0.252447,1.117827,0.079532],""pnp_valid"":true,""pnp_camera_xyz"":[0.326663,-0.346382,1.285592],""pnp_camera_quat_xyzw"":[-0.031827,-0.005972,0.039049,0.998712],""pnp_camera_rpy_deg"":[-3.671807,-0.541056,4.495565],""pnp_reprojection_error_px"":0.021754},{""tag_id"":16,""target_match"":true,""family"":""tag25h9"",""hamming"":0,""decision_margin"":159.097778,""pixel_xy"":[816.366178,261.176577],""world_xy_yaw"":[0.245895,1.046165,0.079651],""pnp_valid"":true,""pnp_camera_xyz"":[0.315415,-0.205922,1.276541],""pnp_camera_quat_xyzw"":[-0.032277,-0.010273,0.039509,0.998645],""pnp_camera_rpy_deg"":[-3.74348,-1.029573,4.564853],""pnp_reprojection_error_px"":0.029161}]",1,0.021754,159.708817,87.593689,,0,,0,,
2026-08-12T10:57:31.516789+00:00,5026.800458773,sway_decay_positive_0075_run03,0,"[0.0,0.0,0.0,0.0]",0,0,0,0,,,,,,,,,,,,,,,,,,,,,,,,,,,,0,,0,,,"[NaN,NaN,NaN]","[NaN,NaN,NaN,NaN]","[NaN,NaN,NaN,NaN,NaN,NaN]",0.000871,546,1,"[15,16]","[0.245998,1.046189,0.08005]","[{""tag_id"":15,""target_match"":true,""family"":""tag25h9"",""hamming"":0,""decision_margin"":158.536301,""pixel_xy"":[820.33179,202.441477],""world_xy_yaw"":[0.252557,1.117821,0.080173],""pnp_valid"":true,""pnp_camera_xyz"":[0.32677,-0.346341,1.285376],""pnp_camera_quat_xyzw"":[-0.03211,-0.006458,0.039184,0.998695],""pnp_camera_rpy_deg"":[-3.70656,-0.594881,4.513013],""pnp_reprojection_error_px"":0.026759},{""tag_id"":16,""target_match"":true,""family"":""tag25h9"",""hamming"":0,""decision_margin"":160.995926,""pixel_xy"":[816.427379,261.156352],""world_xy_yaw"":[0.245998,1.046189,0.08005],""pnp_valid"":true,""pnp_camera_xyz"":[0.315647,-0.206006,1.27689],""pnp_camera_quat_xyzw"":[-0.031841,-0.010331,0.039655,0.998653],""pnp_camera_rpy_deg"":[-3.693875,-1.037654,4.581361],""pnp_reprojection_error_px"":0.022537}]",1,0.022537,160.995926,86.664376,,0,,0,,
2026-08-12T10:57:31.567656+00:00,5026.851318438,sway_decay_positive_0075_run03,0,"[0.0,0.0,0.0,0.0]",0,0,0,0,,,,,,,,,,,,,,,,,,,,,,,,,,,,0,,0,,,"[NaN,NaN,NaN]","[NaN,NaN,NaN,NaN]","[NaN,NaN,NaN,NaN,NaN,NaN]",0.001025,548,1,"[15,16]","[0.25279,1.117844,0.080163]","[{""tag_id"":15,""target_match"":true,""family"":""tag25h9"",""hamming"":0,""decision_margin"":160.527222,""pixel_xy"":[820.470158,202.42303],""world_xy_yaw"":[0.25279,1.117844,0.080163],""pnp_valid"":true,""pnp_camera_xyz"":[0.327057,-0.346354,1.285331],""pnp_camera_quat_xyzw"":[-0.032219,-0.006864,0.039341,0.998683],""pnp_camera_rpy_deg"":[-3.720986,-0.640264,4.532519],""pnp_reprojection_error_px"":0.013459},{""tag_id"":16,""target_match"":true,""family"":""tag25h9"",""hamming"":0,""decision_margin"":157.583832,""pixel_xy"":[816.53091,261.138764],""world_xy_yaw"":[0.246172,1.046211,0.080909],""pnp_valid"":true,""pnp_camera_xyz"":[0.315909,-0.20602,1.27691],""pnp_camera_quat_xyzw"":[-0.031544,-0.01051,0.039887,0.998651],""pnp_camera_rpy_deg"":[-3.66101,-1.058626,4.608279],""pnp_reprojection_error_px"":0.012373}]",1,0.013459,160.527222,86.565701,,0,,0,,
2026-08-12T10:57:31.616797+00:00,5026.900466137,sway_decay_positive_0075_run03,0,"[0.0,0.0,0.0,0.0]",0,0,0,0,,,,,,,,,,,,,,,,,,,,,,,,,,,,0,,0,,,"[NaN,NaN,NaN]","[NaN,NaN,NaN,NaN]","[NaN,NaN,NaN,NaN,NaN,NaN]",0.000920,549,1,"[15,16]","[0.252844,1.117865,0.081746]","[{""tag_id"":15,""target_match"":true,""family"":""tag25h9"",""hamming"":0,""decision_margin"":161.65239,""pixel_xy"":[820.502592,202.405561],""world_xy_yaw"":[0.252844,1.117865,0.081746],""pnp_valid"":true,""pnp_camera_xyz"":[0.327108,-0.346287,1.285012],""pnp_camera_quat_xyzw"":[-0.032219,-0.007169,0.039443,0.998677],""pnp_camera_rpy_deg"":[-3.722414,-0.674758,4.545415],""pnp_reprojection_error_px"":0.036681},{""tag_id"":16,""target_match"":true,""family"":""tag25h9"",""hamming"":0,""decision_margin"":159.166504,""pixel_xy"":[816.579819,261.13404],""world_xy_yaw"":[0.246254,1.046216,0.080611],""pnp_valid"":true,""pnp_camera_xyz"":[0.316014,-0.206044,1.276801],""pnp_camera_quat_xyzw"":[-0.031898,-0.011366,0.039413,0.998649],""pnp_camera_rpy_deg"":[-3.705008,-1.156698,4.557589],""pnp_reprojection_error_px"":0.014648}]",1,0.036681,161.65239,87.485794,,0,,0,,
2026-08-12T10:57:31.667720+00:00,5026.951382595,sway_decay_positive_0075_run03,0,"[0.0,0.0,0.0,0.0]",0,0,0,0,,,,,,,,,,,,,,,,,,,,,,,,,,,,0,,0,,,"[NaN,NaN,NaN]","[NaN,NaN,NaN,NaN]","[NaN,NaN,NaN,NaN,NaN,NaN]",0.001032,551,1,"[15,16]","[0.246447,1.04621,0.081337]","[{""tag_id"":15,""target_match"":true,""family"":""tag25h9"",""hamming"":0,""decision_margin"":158.150879,""pixel_xy"":[820.61996,202.36361],""world_xy_yaw"":[0.253042,1.117916,0.082264],""pnp_valid"":true,""pnp_camera_xyz"":[0.327487,-0.346414,1.285366],""pnp_camera_quat_xyzw"":[-0.032062,-0.006495,0.039723,0.998675],""pnp_camera_rpy_deg"":[-3.701485,-0.597384,4.574901],""pnp_reprojection_error_px"":0.053992},{""tag_id"":16,""target_match"":true,""family"":""tag25h9"",""hamming"":0,""decision_margin"":159.789917,""pixel_xy"":[816.694622,261.139025],""world_xy_yaw"":[0.246447,1.04621,0.081337],""pnp_valid"":true,""pnp_camera_xyz"":[0.316128,-0.205969,1.276236],""pnp_camera_quat_xyzw"":[-0.032655,-0.011244,0.039981,0.998603],""pnp_camera_rpy_deg"":[-3.791844,-1.137186,4.623138],""pnp_reprojection_error_px"":0.028133}]",1,0.028133,159.789917,85.996902,,0,,0,,
2026-08-12T10:57:31.718508+00:00,5027.002164232,sway_decay_positive_0075_run03,0,"[0.0,0.0,0.0,0.0]",0,0,0,0,,,,,,,,,,,,,,,,,,,,,,,,,,,,0,,0,,,"[NaN,NaN,NaN]","[NaN,NaN,NaN,NaN]","[NaN,NaN,NaN,NaN,NaN,NaN]",0.002287,552,1,"[15,16]","[0.253158,1.117893,0.082199]","[{""tag_id"":15,""target_match"":true,""family"":""tag25h9"",""hamming"":0,""decision_margin"":160.564285,""pixel_xy"":[820.689066,202.382536],""world_xy_yaw"":[0.253158,1.117893,0.082199],""pnp_valid"":true,""pnp_camera_xyz"":[0.327635,-0.346412,1.285357],""pnp_camera_quat_xyzw"":[-0.032364,-0.006155,0.039961,0.998658],""pnp_camera_rpy_deg"":[-3.734647,-0.556151,4.601001],""pnp_reprojection_error_px"":0.03896},{""tag_id"":16,""target_match"":true,""family"":""tag25h9"",""hamming"":0,""decision_margin"":159.269989,""pixel_xy"":[816.736948,261.138037],""world_xy_yaw"":[0.246518,1.046212,0.082352],""pnp_valid"":true,""pnp_camera_xyz"":[0.316191,-0.205956,1.275962],""pnp_camera_quat_xyzw"":[-0.033143,-0.012066,0.040026,0.998576],""pnp_camera_rpy_deg"":[-3.851622,-1.228812,4.631997],""pnp_reprojection_error_px"":0.038536}]",1,0.03896,160.564285,86.815096,,0,,0,,
2026-08-12T10:57:31.768391+00:00,5027.052048726,sway_decay_positive_0075_run03,0,"[0.0,0.0,0.0,0.0]",0,0,0,0,,,,,,,,,,,,,,,,,,,,,,,,,,,,0,,0,,,"[NaN,NaN,NaN]","[NaN,NaN,NaN,NaN]","[NaN,NaN,NaN,NaN,NaN,NaN]",0.001535,554,1,"[15,16]","[0.253386,1.1179,0.081835]","[{""tag_id"":15,""target_match"":true,""family"":""tag25h9"",""hamming"":0,""decision_margin"":158.296402,""pixel_xy"":[820.82506,202.376948],""world_xy_yaw"":[0.253386,1.1179,0.081835],""pnp_valid"":true,""pnp_camera_xyz"":[0.328081,-0.346564,1.28594],""pnp_camera_quat_xyzw"":[-0.031474,-0.00482,0.040394,0.998676],""pnp_camera_rpy_deg"":[-3.626682,-0.405954,4.645269],""pnp_reprojection_error_px"":0.034811},{""tag_id"":16,""target_match"":true,""family"":""tag25h9"",""hamming"":0,""decision_margin"":157.255692,""pixel_xy"":[816.835692,261.148799],""world_xy_yaw"":[0.246684,1.046198,0.081746],""pnp_valid"":true,""pnp_camera_xyz"":[0.316647,-0.206108,1.276949],""pnp_camera_quat_xyzw"":[-0.031869,-0.010367,0.040258,0.998627],""pnp_camera_rpy_deg"":[-3.697862,-1.039415,4.650629],""pnp_reprojection_error_px"":0.046671}]",1,0.034811,158.296402,84.762751,,0,,0,,
2026-08-12T10:57:31.818260+00:00,5027.101915715,sway_decay_positive_0075_run03,0,"[0.0,0.0,0.0,0.0]",0,0,0,0,,,,,,,,,,,,,,,,,,,,,,,,,,,,0,,0,,,"[NaN,NaN,NaN]","[NaN,NaN,NaN,NaN]","[NaN,NaN,NaN,NaN,NaN,NaN]",0.002053,555,1,"[15,16]","[0.253482,1.117902,0.081319]","[{""tag_id"":15,""target_match"":true,""family"":""tag25h9"",""hamming"":0,""decision_margin"":158.097275,""pixel_xy"":[820.882257,202.375046],""world_xy_yaw"":[0.253482,1.117902,0.081319],""pnp_valid"":true,""pnp_camera_xyz"":[0.328234,-0.346609,1.286113],""pnp_camera_quat_xyzw"":[-0.031711,-0.004212,0.040588,0.998664],""pnp_camera_rpy_deg"":[-3.651082,-0.33455,4.665417],""pnp_reprojection_error_px"":0.029642},{""tag_id"":16,""target_match"":true,""family"":""tag25h9"",""hamming"":0,""decision_margin"":157.263184,""pixel_xy"":[816.90906,261.141507],""world_xy_yaw"":[0.246807,1.046207,0.081072],""pnp_valid"":true,""pnp_camera_xyz"":[0.316548,-0.205952,1.276057],""pnp_camera_quat_xyzw"":[-0.033006,-0.010997,0.040307,0.998581],""pnp_camera_rpy_deg"":[-3.831242,-1.105989,4.65988],""pnp_reprojection_error_px"":0.043419}]",1,0.029642,158.097275,86.922044,,0,,0,,
2026-08-12T10:57:31.868280+00:00,5027.151938223,sway_decay_positive_0075_run03,0,"[0.0,0.0,0.0,0.0]",0,0,0,0,,,,,,,,,,,,,,,,,,,,,,,,,,,,0,,0,,,"[NaN,NaN,NaN]","[NaN,NaN,NaN,NaN]","[NaN,NaN,NaN,NaN,NaN,NaN]",0.001274,557,1,"[15,16]","[0.253653,1.117909,0.082381]","[{""tag_id"":15,""target_match"":true,""family"":""tag25h9"",""hamming"":0,""decision_margin"":159.020203,""pixel_xy"":[820.983698,202.369931],""world_xy_yaw"":[0.253653,1.117909,0.082381],""pnp_valid"":true,""pnp_camera_xyz"":[0.328395,-0.346495,1.285641],""pnp_camera_quat_xyzw"":[-0.032211,-0.004583,0.040579,0.998646],""pnp_camera_rpy_deg"":[-3.710134,-0.374632,4.665841],""pnp_reprojection_error_px"":0.040657},{""tag_id"":16,""target_match"":true,""family"":""tag25h9"",""hamming"":0,""decision_margin"":157.126175,""pixel_xy"":[816.998638,261.124532],""world_xy_yaw"":[0.246958,1.046228,0.082409],""pnp_valid"":true,""pnp_camera_xyz"":[0.316846,-0.205999,1.276331],""pnp_camera_quat_xyzw"":[-0.032795,-0.010838,0.040766,0.998572],""pnp_camera_rpy_deg"":[-3.806761,-1.087049,4.71162],""pnp_reprojection_error_px"":0.025912}]",1,0.040657,159.020203,84.452071,,0,,0,,
2026-08-12T10:57:31.917104+00:00,5027.200770888,sway_decay_positive_0075_run03,0,"[0.0,0.0,0.0,0.0]",0,0,0,0,,,,,,,,,,,,,,,,,,,,,,,,,,,,0,,0,,,"[NaN,NaN,NaN]","[NaN,NaN,NaN,NaN]","[NaN,NaN,NaN,NaN,NaN,NaN]",0.001130,558,1,"[15,16]","[0.253773,1.117898,0.082471]","[{""tag_id"":15,""target_match"":true,""family"":""tag25h9"",""hamming"":0,""decision_margin"":161.410294,""pixel_xy"":[821.055452,202.378757],""world_xy_yaw"":[0.253773,1.117898,0.082471],""pnp_valid"":true,""pnp_camera_xyz"":[0.32839,-0.346328,1.28509],""pnp_camera_quat_xyzw"":[-0.032674,-0.005921,0.040597,0.998624],""pnp_camera_rpy_deg"":[-3.769484,-0.525583,4.673261],""pnp_reprojection_error_px"":0.029884},{""tag_id"":16,""target_match"":true,""family"":""tag25h9"",""hamming"":0,""decision_margin"":158.246613,""pixel_xy"":[817.04616,261.125533],""world_xy_yaw"":[0.247038,1.046227,0.081871],""pnp_valid"":true,""pnp_camera_xyz"":[0.316868,-0.205945,1.275971],""pnp_camera_quat_xyzw"":[-0.032957,-0.011338,0.040414,0.998575],""pnp_camera_rpy_deg"":[-3.827299,-1.144881,4.673451],""pnp_reprojection_error_px"":0.028143}]",1,0.029884,161.410294,83.963805,,0,,0,,
2026-08-12T10:57:31.967801+00:00,5027.251461225,sway_decay_positive_0075_run03,0,"[0.0,0.0,0.0,0.0]",0,0,0,0,,,,,,,,,,,,,,,,,,,,,,,,,,,,0,,0,,,"[NaN,NaN,NaN]","[NaN,NaN,NaN,NaN]","[NaN,NaN,NaN,NaN,NaN,NaN]",0.001190,560,1,"[15,16]","[0.253943,1.1179,0.083157]","[{""tag_id"":15,""target_match"":true,""family"":""tag25h9"",""hamming"":0,""decision_margin"":161.296173,""pixel_xy"":[821.156388,202.377436],""world_xy_yaw"":[0.253943,1.1179,0.083157],""pnp_valid"":true,""pnp_camera_xyz"":[0.329155,-0.346871,1.287106],""pnp_camera_quat_xyzw"":[-0.030726,-0.004662,0.041162,0.998669],""pnp_camera_rpy_deg"":[-3.540584,-0.388552,4.732483],""pnp_reprojection_error_px"":0.034322},{""tag_id"":16,""target_match"":true,""family"":""tag25h9"",""hamming"":0,""decision_margin"":160.615326,""pixel_xy"":[817.121128,261.128091],""world_xy_yaw"":[0.247163,1.046224,0.082],""pnp_valid"":true,""pnp_camera_xyz"":[0.317247,-0.206081,1.276768],""pnp_camera_quat_xyzw"":[-0.032139,-0.009885,0.040693,0.998606],""pnp_camera_rpy_deg"":[-3.727017,-0.981338,4.698957],""pnp_reprojection_error_px"":0.031269}]",1,0.034322,161.296173,80.722271,,0,,0,,
2026-08-12T10:57:32.016934+00:00,5027.300603613,sway_decay_positive_0075_run03,0,"[0.0,0.0,0.0,0.0]",0,0,0,0,,,,,,,,,,,,,,,,,,,,,,,,,,,,0,,0,,,"[NaN,NaN,NaN]","[NaN,NaN,NaN,NaN]","[NaN,NaN,NaN,NaN,NaN,NaN]",0.000942,561,1,"[15,16]","[0.24723,1.046211,0.083279]","[{""tag_id"":15,""target_match"":true,""family"":""tag25h9"",""hamming"":0,""decision_margin"":159.344955,""pixel_xy"":[821.205688,202.381676],""world_xy_yaw"":[0.254026,1.117894,0.082416],""pnp_valid"":true,""pnp_camera_xyz"":[0.329254,-0.346862,1.287063],""pnp_camera_quat_xyzw"":[-0.030274,-0.003824,0.041112,0.998688],""pnp_camera_rpy_deg"":[-3.484755,-0.295042,4.723568],""pnp_reprojection_error_px"":0.028069},{""tag_id"":16,""target_match"":true,""family"":""tag25h9"",""hamming"":0,""decision_margin"":161.062241,""pixel_xy"":[817.160993,261.138737],""world_xy_yaw"":[0.24723,1.046211,0.083279],""pnp_valid"":true,""pnp_camera_xyz"":[0.317095,-0.2059,1.275771],""pnp_camera_quat_xyzw"":[-0.034022,-0.01101,0.041109,0.998515],""pnp_camera_rpy_deg"":[-3.948531,-1.099532,4.752983],""pnp_reprojection_error_px"":0.033069}]",1,0.033069,161.062241,80.450474,,0,,0,,
2026-08-12T10:57:32.067430+00:00,5027.351093333,sway_decay_positive_0075_run03,0,"[0.0,0.0,0.0,0.0]",0,0,0,0,,,,,,,,,,,,,,,,,,,,,,,,,,,,0,,0,,,"[NaN,NaN,NaN]","[NaN,NaN,NaN,NaN]","[NaN,NaN,NaN,NaN,NaN,NaN]",0.000864,563,1,"[15,16]","[0.247351,1.046215,0.083364]","[{""tag_id"":15,""target_match"":true,""family"":""tag25h9"",""hamming"":0,""decision_margin"":159.377258,""pixel_xy"":[821.303887,202.394357],""world_xy_yaw"":[0.254191,1.117879,0.083918],""pnp_valid"":true,""pnp_camera_xyz"":[0.329431,-0.346754,1.28676],""pnp_camera_quat_xyzw"":[-0.030816,-0.005046,0.041287,0.998659],""pnp_camera_rpy_deg"":[-3.552724,-0.431623,4.748238],""pnp_reprojection_error_px"":0.034416},{""tag_id"":16,""target_match"":true,""family"":""tag25h9"",""hamming"":0,""decision_margin"":161.222794,""pixel_xy"":[817.232677,261.135338],""world_xy_yaw"":[0.247351,1.046215,0.083364],""pnp_valid"":true,""pnp_camera_xyz"":[0.317463,-0.206029,1.276533],""pnp_camera_quat_xyzw"":[-0.032341,-0.010395,0.041153,0.998575],""pnp_camera_rpy_deg"":[-3.753088,-1.037027,4.753782],""pnp_reprojection_error_px"":0.030448}]",1,0.030448,161.222794,80.259241,,0,,0,,
2026-08-12T10:57:32.117712+00:00,5027.401372223,sway_decay_positive_0075_run03,0,"[0.0,0.0,0.0,0.0]",0,0,0,0,,,,,,,,,,,,,,,,,,,,,,,,,,,,0,,0,,,"[NaN,NaN,NaN]","[NaN,NaN,NaN,NaN]","[NaN,NaN,NaN,NaN,NaN,NaN]",0.001541,564,1,"[15,16]","[0.247416,1.046214,0.083023]","[{""tag_id"":15,""target_match"":true,""family"":""tag25h9"",""hamming"":0,""decision_margin"":159.147171,""pixel_xy"":[821.350058,202.388156],""world_xy_yaw"":[0.254268,1.117886,0.083177],""pnp_valid"":true,""pnp_camera_xyz"":[0.329682,-0.346946,1.287471],""pnp_camera_quat_xyzw"":[-0.030801,-0.003294,0.041831,0.998644],""pnp_camera_rpy_deg"":[-3.542796,-0.229283,4.804282],""pnp_reprojection_error_px"":0.027087},{""tag_id"":16,""target_match"":true,""family"":""tag25h9"",""hamming"":0,""decision_margin"":159.431046,""pixel_xy"":[817.271618,261.135783],""world_xy_yaw"":[0.247416,1.046214,0.083023],""pnp_valid"":true,""pnp_camera_xyz"":[0.317641,-0.206084,1.276903],""pnp_camera_quat_xyzw"":[-0.0321,-0.009947,0.041114,0.998589],""pnp_camera_rpy_deg"":[-3.723207,-0.98706,4.747373],""pnp_reprojection_error_px"":0.029875}]",1,0.029875,159.431046,80.251515,,0,,0,,
2026-08-12T10:57:32.166952+00:00,5027.450622153,sway_decay_positive_0075_run03,0,"[0.0,0.0,0.0,0.0]",0,0,0,0,,,,,,,,,,,,,,,,,,,,,,,,,,,,0,,0,,,"[NaN,NaN,NaN]","[NaN,NaN,NaN,NaN]","[NaN,NaN,NaN,NaN,NaN,NaN]",0.000684,566,1,"[15,16]","[0.254383,1.11787,0.084572]","[{""tag_id"":15,""target_match"":true,""family"":""tag25h9"",""hamming"":0,""decision_margin"":161.225601,""pixel_xy"":[821.418634,202.401306],""world_xy_yaw"":[0.254383,1.11787,0.084572],""pnp_valid"":true,""pnp_camera_xyz"":[0.329777,-0.346814,1.287056],""pnp_camera_quat_xyzw"":[-0.030816,-0.004478,0.041784,0.998641],""pnp_camera_rpy_deg"":[-3.550296,-0.364914,4.803126],""pnp_reprojection_error_px"":0.034778},{""tag_id"":16,""target_match"":true,""family"":""tag25h9"",""hamming"":0,""decision_margin"":161.103134,""pixel_xy"":[817.349233,261.13631],""world_xy_yaw"":[0.247547,1.046214,0.083448],""pnp_valid"":true,""pnp_camera_xyz"":[0.317803,-0.206058,1.276874],""pnp_camera_quat_xyzw"":[-0.031533,-0.010731,0.041319,0.998591],""pnp_camera_rpy_deg"":[-3.662301,-1.078705,4.773245],""pnp_reprojection_error_px"":0.026186}]",1,0.034778,161.225601,78.613522,,0,,0,,
2026-08-12T10:57:32.218054+00:00,5027.501714671,sway_decay_positive_0075_run03,0,"[0.0,0.0,0.0,0.0]",0,0,0,0,,,,,,,,,,,,,,,,,,,,,,,,,,,,0,,0,,,"[NaN,NaN,NaN]","[NaN,NaN,NaN,NaN]","[NaN,NaN,NaN,NaN,NaN,NaN]",0.001881,567,1,"[15,16]","[0.247596,1.046198,0.083286]","[{""tag_id"":15,""target_match"":true,""family"":""tag25h9"",""hamming"":0,""decision_margin"":158.490204,""pixel_xy"":[821.461934,202.428927],""world_xy_yaw"":[0.254456,1.117837,0.084193],""pnp_valid"":true,""pnp_camera_xyz"":[0.329812,-0.34671,1.286737],""pnp_camera_quat_xyzw"":[-0.030977,-0.004256,0.041538,0.998648],""pnp_camera_rpy_deg"":[-3.567549,-0.339632,4.774181],""pnp_reprojection_error_px"":0.035578},{""tag_id"":16,""target_match"":true,""family"":""tag25h9"",""hamming"":0,""decision_margin"":160.137054,""pixel_xy"":[817.378848,261.149456],""world_xy_yaw"":[0.247596,1.046198,0.083286],""pnp_valid"":true,""pnp_camera_xyz"":[0.317937,-0.206071,1.277134],""pnp_camera_quat_xyzw"":[-0.031357,-0.010978,0.041195,0.998599],""pnp_camera_rpy_deg"":[-3.643187,-1.108236,4.759747],""pnp_reprojection_error_px"":0.026819}]",1,0.026819,160.137054,78.580699,,0,,0,,
2026-08-12T10:57:32.267003+00:00,5027.550672760,sway_decay_positive_0075_run03,0,"[0.0,0.0,0.0,0.0]",0,0,0,0,,,,,,,,,,,,,,,,,,,,,,,,,,,,0,,0,,,"[NaN,NaN,NaN]","[NaN,NaN,NaN,NaN]","[NaN,NaN,NaN,NaN,NaN,NaN]",0.000678,569,1,"[15,16]","[0.25461,1.117812,0.085465]","[{""tag_id"":15,""target_match"":true,""family"":""tag25h9"",""hamming"":0,""decision_margin"":158.990372,""pixel_xy"":[821.553633,202.448809],""world_xy_yaw"":[0.25461,1.117812,0.085465],""pnp_valid"":true,""pnp_camera_xyz"":[0.329878,-0.346549,1.286194],""pnp_camera_quat_xyzw"":[-0.031384,-0.006561,0.041666,0.998617],""pnp_camera_rpy_deg"":[-3.625332,-0.600997,4.797415],""pnp_reprojection_error_px"":0.034645},{""tag_id"":16,""target_match"":true,""family"":""tag25h9"",""hamming"":0,""decision_margin"":158.376511,""pixel_xy"":[817.453991,261.138277],""world_xy_yaw"":[0.247723,1.046211,0.083349],""pnp_valid"":true,""pnp_camera_xyz"":[0.31794,-0.206,1.276614],""pnp_camera_quat_xyzw"":[-0.032518,-0.011233,0.041633,0.998541],""pnp_camera_rpy_deg"":[-3.777856,-1.130313,4.812224],""pnp_reprojection_error_px"":0.039548}]",1,0.034645,158.990372,77.846539,,0,,0,,
2026-08-12T10:57:32.318556+00:00,5027.602210700,sway_decay_positive_0075_run03,0,"[0.0,0.0,0.0,0.0]",0,0,0,0,,,,,,,,,,,,,,,,,,,,,,,,,,,,0,,0,,,"[NaN,NaN,NaN]","[NaN,NaN,NaN,NaN]","[NaN,NaN,NaN,NaN,NaN,NaN]",0.002272,570,1,"[15,16]","[0.24772,1.046206,0.085169]","[{""tag_id"":15,""target_match"":true,""family"":""tag25h9"",""hamming"":0,""decision_margin"":159.301178,""pixel_xy"":[821.595179,202.451883],""world_xy_yaw"":[0.25468,1.117809,0.084482],""pnp_valid"":true,""pnp_camera_xyz"":[0.330176,-0.34677,1.287064],""pnp_camera_quat_xyzw"":[-0.030322,-0.005132,0.04182,0.998652],""pnp_camera_rpy_deg"":[-3.496865,-0.442003,4.809417],""pnp_reprojection_error_px"":0.024887},{""tag_id"":16,""target_match"":true,""family"":""tag25h9"",""hamming"":0,""decision_margin"":161.467941,""pixel_xy"":[817.452375,261.142516],""world_xy_yaw"":[0.24772,1.046206,0.085169],""pnp_valid"":true,""pnp_camera_xyz"":[0.318006,-0.206015,1.276591],""pnp_camera_quat_xyzw"":[-0.032837,-0.011333,0.041737,0.998525],""pnp_camera_rpy_deg"":[-3.815046,-1.139776,4.824902],""pnp_reprojection_error_px"":0.026411}]",1,0.026411,161.467941,77.997719,,0,,0,,
2026-08-12T10:57:32.368367+00:00,5027.652024659,sway_decay_positive_0075_run03,0,"[0.0,0.0,0.0,0.0]",0,0,0,0,,,,,,,,,,,,,,,,,,,,,,,,,,,,0,,0,,,"[NaN,NaN,NaN]","[NaN,NaN,NaN,NaN]","[NaN,NaN,NaN,NaN,NaN,NaN]",0.001403,572,1,"[15,16]","[0.247837,1.046201,0.084176]","[{""tag_id"":15,""target_match"":true,""family"":""tag25h9"",""hamming"":0,""decision_margin"":158.517334,""pixel_xy"":[821.672048,202.456576],""world_xy_yaw"":[0.254809,1.117803,0.084982],""pnp_valid"":true,""pnp_camera_xyz"":[0.330482,-0.346887,1.28751],""pnp_camera_quat_xyzw"":[-0.030065,-0.003443,0.042463,0.99864],""pnp_camera_rpy_deg"":[-3.459436,-0.247664,4.877088],""pnp_reprojection_error_px"":0.030127},{""tag_id"":16,""target_match"":true,""family"":""tag25h9"",""hamming"":0,""decision_margin"":159.514572,""pixel_xy"":[817.522271,261.146376],""world_xy_yaw"":[0.247837,1.046201,0.084176],""pnp_valid"":true,""pnp_camera_xyz"":[0.318295,-0.20609,1.277219],""pnp_camera_quat_xyzw"":[-0.03143,-0.010675,0.041691,0.998579],""pnp_camera_rpy_deg"":[-3.650592,-1.071383,4.815567],""pnp_reprojection_error_px"":0.026203}]",1,0.026203,159.514572,77.625016,,0,,0,,
2026-08-12T10:57:32.418635+00:00,5027.702289833,sway_decay_positive_0075_run03,0,"[0.0,0.0,0.0,0.0]",0,0,0,0,,,,,,,,,,,,,,,,,,,,,,,,,,,,0,,0,,,"[NaN,NaN,NaN]","[NaN,NaN,NaN,NaN]","[NaN,NaN,NaN,NaN,NaN,NaN]",0.002345,573,1,"[15,16]","[0.254883,1.117815,0.085189]","[{""tag_id"":15,""target_match"":true,""family"":""tag25h9"",""hamming"":0,""decision_margin"":159.878967,""pixel_xy"":[821.715917,202.447068],""world_xy_yaw"":[0.254883,1.117815,0.085189],""pnp_valid"":true,""pnp_camera_xyz"":[0.330407,-0.346711,1.286859],""pnp_camera_quat_xyzw"":[-0.030679,-0.004178,0.042463,0.998618],""pnp_camera_rpy_deg"":[-3.533296,-0.328839,4.879849],""pnp_reprojection_error_px"":0.021416},{""tag_id"":16,""target_match"":true,""family"":""tag25h9"",""hamming"":0,""decision_margin"":159.374191,""pixel_xy"":[817.537185,261.136881],""world_xy_yaw"":[0.247862,1.046213,0.084436],""pnp_valid"":true,""pnp_camera_xyz"":[0.318382,-0.206102,1.277338],""pnp_camera_quat_xyzw"":[-0.031573,-0.010331,0.041616,0.998581],""pnp_camera_rpy_deg"":[-3.665246,-1.031619,4.80591],""pnp_reprojection_error_px"":0.010734}]",1,0.021416,159.878967,77.504311,,0,,0,,
2026-08-12T10:57:32.468213+00:00,5027.751871317,sway_decay_positive_0075_run03,0,"[0.0,0.0,0.0,0.0]",0,0,0,0,,,,,,,,,,,,,,,,,,,,,,,,,,,,0,,0,,,"[NaN,NaN,NaN]","[NaN,NaN,NaN,NaN]","[NaN,NaN,NaN,NaN,NaN,NaN]",0.001390,575,1,"[15,16]","[0.247971,1.046206,0.084872]","[{""tag_id"":15,""target_match"":true,""family"":""tag25h9"",""hamming"":0,""decision_margin"":159.619476,""pixel_xy"":[821.775447,202.451568],""world_xy_yaw"":[0.254983,1.117809,0.086572],""pnp_valid"":true,""pnp_camera_xyz"":[0.330729,-0.346844,1.287389],""pnp_camera_quat_xyzw"":[-0.030299,-0.003227,0.042945,0.998613],""pnp_camera_rpy_deg"":[-3.485271,-0.220117,4.931647],""pnp_reprojection_error_px"":0.039975},{""tag_id"":16,""target_match"":true,""family"":""tag25h9"",""hamming"":0,""decision_margin"":160.026764,""pixel_xy"":[817.60171,261.142608],""world_xy_yaw"":[0.247971,1.046206,0.084872],""pnp_valid"":true,""pnp_camera_xyz"":[0.318411,-0.206047,1.276965],""pnp_camera_quat_xyzw"":[-0.032434,-0.010436,0.04214,0.998531],""pnp_camera_rpy_deg"":[-3.764943,-1.037538,4.86724],""pnp_reprojection_error_px"":0.025517}]",1,0.025517,160.026764,76.238364,,0,,0,,
2026-08-12T10:57:32.517629+00:00,5027.801291774,sway_decay_positive_0075_run03,0,"[0.0,0.0,0.0,0.0]",0,0,0,0,,,,,,,,,,,,,,,,,,,,,,,,,,,,0,,0,,,"[NaN,NaN,NaN]","[NaN,NaN,NaN,NaN]","[NaN,NaN,NaN,NaN,NaN,NaN]",0.001489,576,1,"[15,16]","[0.255036,1.117806,0.086916]","[{""tag_id"":15,""target_match"":true,""family"":""tag25h9"",""hamming"":0,""decision_margin"":160.299744,""pixel_xy"":[821.807346,202.454376],""world_xy_yaw"":[0.255036,1.117806,0.086916],""pnp_valid"":true,""pnp_camera_xyz"":[0.330677,-0.346705,1.286899],""pnp_camera_quat_xyzw"":[-0.030875,-0.004477,0.042784,0.998597],""pnp_camera_rpy_deg"":[-3.55737,-0.360971,4.917787],""pnp_reprojection_error_px"":0.039172},{""tag_id"":16,""target_match"":true,""family"":""tag25h9"",""hamming"":0,""decision_margin"":157.622299,""pixel_xy"":[817.618209,261.164436],""world_xy_yaw"":[0.247999,1.046179,0.085573],""pnp_valid"":true,""pnp_camera_xyz"":[0.318397,-0.205998,1.276679],""pnp_camera_quat_xyzw"":[-0.033182,-0.011006,0.042223,0.998496],""pnp_camera_rpy_deg"":[-3.853513,-1.098844,4.87972],""pnp_reprojection_error_px"":0.037395}]",1,0.039172,160.299744,75.366824,,0,,0,,
2026-08-12T10:57:32.568062+00:00,5027.851730123,sway_decay_positive_0075_run03,0,"[0.0,0.0,0.0,0.0]",0,0,0,0,,,,,,,,,,,,,,,,,,,,,,,,,,,,0,,0,,,"[NaN,NaN,NaN]","[NaN,NaN,NaN,NaN]","[NaN,NaN,NaN,NaN,NaN,NaN]",0.001085,578,1,"[15,16]","[0.255202,1.117801,0.086703]","[{""tag_id"":15,""target_match"":true,""family"":""tag25h9"",""hamming"":0,""decision_margin"":159.89299,""pixel_xy"":[821.906043,202.458506],""world_xy_yaw"":[0.255202,1.117801,0.086703],""pnp_valid"":true,""pnp_camera_xyz"":[0.330812,-0.346629,1.286626],""pnp_camera_quat_xyzw"":[-0.030999,-0.004218,0.043059,0.998583],""pnp_camera_rpy_deg"":[-3.570426,-0.32971,4.948404],""pnp_reprojection_error_px"":0.028859},{""tag_id"":16,""target_match"":true,""family"":""tag25h9"",""hamming"":0,""decision_margin"":155.956711,""pixel_xy"":[817.676647,261.165767],""world_xy_yaw"":[0.248097,1.046178,0.085756],""pnp_valid"":true,""pnp_camera_xyz"":[0.318685,-0.206096,1.277264],""pnp_camera_quat_xyzw"":[-0.032311,-0.008643,0.042694,0.998528],""pnp_camera_rpy_deg"":[-3.742504,-0.830938,4.92374],""pnp_reprojection_error_px"":0.039504}]",1,0.028859,159.89299,75.508209,,0,,0,,
2026-08-12T10:57:32.617551+00:00,5027.901214400,sway_decay_positive_0075_run03,0,"[0.0,0.0,0.0,0.0]",0,0,0,0,,,,,,,,,,,,,,,,,,,,,,,,,,,,0,,0,,,"[NaN,NaN,NaN]","[NaN,NaN,NaN,NaN]","[NaN,NaN,NaN,NaN,NaN,NaN]",0.001516,579,1,"[15,16]","[0.255278,1.117814,0.086009]","[{""tag_id"":15,""target_match"":true,""family"":""tag25h9"",""hamming"":0,""decision_margin"":157.433716,""pixel_xy"":[821.950936,202.447675],""world_xy_yaw"":[0.255278,1.117814,0.086009],""pnp_valid"":true,""pnp_camera_xyz"":[0.331186,-0.346924,1.287678],""pnp_camera_quat_xyzw"":[-0.029749,-0.003447,0.042928,0.998629],""pnp_camera_rpy_deg"":[-3.423368,-0.24814,4.930276],""pnp_reprojection_error_px"":0.026422},{""tag_id"":16,""target_match"":true,""family"":""tag25h9"",""hamming"":0,""decision_margin"":157.309006,""pixel_xy"":[817.712049,261.164045],""world_xy_yaw"":[0.248156,1.04618,0.086482],""pnp_valid"":true,""pnp_camera_xyz"":[0.318721,-0.206077,1.277066],""pnp_camera_quat_xyzw"":[-0.032174,-0.010413,0.042724,0.998514],""pnp_camera_rpy_deg"":[-3.735601,-1.03397,4.933844],""pnp_reprojection_error_px"":0.043117}]",1,0.026422,157.433716,74.783231,,0,,0,,
2026-08-12T10:57:32.668477+00:00,5027.952133076,sway_decay_positive_0075_run03,0,"[0.0,0.0,0.0,0.0]",0,0,0,0,,,,,,,,,,,,,,,,,,,,,,,,,,,,0,,0,,,"[NaN,NaN,NaN]","[NaN,NaN,NaN,NaN]","[NaN,NaN,NaN,NaN,NaN,NaN]",0.001533,581,1,"[15,16]","[0.248239,1.046169,0.086611]","[{""tag_id"":15,""target_match"":true,""family"":""tag25h9"",""hamming"":0,""decision_margin"":157.257507,""pixel_xy"":[822.042106,202.429274],""world_xy_yaw"":[0.255431,1.117836,0.086655],""pnp_valid"":true,""pnp_camera_xyz"":[0.331306,-0.346814,1.287335],""pnp_camera_quat_xyzw"":[-0.030062,-0.003754,0.043197,0.998607],""pnp_camera_rpy_deg"":[-3.460731,-0.280763,4.962349],""pnp_reprojection_error_px"":0.031249},{""tag_id"":16,""target_match"":true,""family"":""tag25h9"",""hamming"":0,""decision_margin"":157.997833,""pixel_xy"":[817.761561,261.173206],""world_xy_yaw"":[0.248239,1.046169,0.086611],""pnp_valid"":true,""pnp_camera_xyz"":[0.318839,-0.206075,1.277036],""pnp_camera_quat_xyzw"":[-0.032619,-0.010276,0.042735,0.998501],""pnp_camera_rpy_deg"":[-3.785964,-1.016077,4.934987],""pnp_reprojection_error_px"":0.052628}]",1,0.052628,157.997833,75.172996,,0,,0,,
2026-08-12T10:57:32.718311+00:00,5028.001968507,sway_decay_positive_0075_run03,0,"[0.0,0.0,0.0,0.0]",0,0,0,0,,,,,,,,,,,,,,,,,,,,,,,,,,,,0,,0,,,"[NaN,NaN,NaN]","[NaN,NaN,NaN,NaN]","[NaN,NaN,NaN,NaN,NaN,NaN]",0.002054,582,1,"[15,16]","[0.255509,1.117838,0.085925]","[{""tag_id"":15,""target_match"":true,""family"":""tag25h9"",""hamming"":0,""decision_margin"":159.500214,""pixel_xy"":[822.088775,202.428108],""world_xy_yaw"":[0.255509,1.117838,0.085925],""pnp_valid"":true,""pnp_camera_xyz"":[0.33146,-0.346895,1.28762],""pnp_camera_quat_xyzw"":[-0.02995,-0.002644,0.043468,0.998602],""pnp_camera_rpy_deg"":[-3.44246,-0.153393,4.98946],""pnp_reprojection_error_px"":0.02296},{""tag_id"":16,""target_match"":true,""family"":""tag25h9"",""hamming"":0,""decision_margin"":157.934433,""pixel_xy"":[817.800116,261.155249],""world_xy_yaw"":[0.248304,1.046191,0.086924],""pnp_valid"":true,""pnp_camera_xyz"":[0.318833,-0.20602,1.276666],""pnp_camera_quat_xyzw"":[-0.032667,-0.010558,0.042852,0.998491],""pnp_camera_rpy_deg"":[-3.792957,-1.047674,4.94954],""pnp_reprojection_error_px"":0.03706}]",1,0.02296,159.500214,74.735225,,0,,0,,
2026-08-12T10:57:32.767737+00:00,5028.051400937,sway_decay_positive_0075_run03,0,"[0.0,0.0,0.0,0.0]",0,0,0,0,,,,,,,,,,,,,,,,,,,,,,,,,,,,0,,0,,,"[NaN,NaN,NaN]","[NaN,NaN,NaN,NaN]","[NaN,NaN,NaN,NaN,NaN,NaN]",0.000964,584,1,"[15,16]","[0.248428,1.0462,0.086491]","[{""tag_id"":15,""target_match"":true,""family"":""tag25h9"",""hamming"":0,""decision_margin"":158.605164,""pixel_xy"":[822.186765,202.444376],""world_xy_yaw"":[0.255674,1.117818,0.086631],""pnp_valid"":true,""pnp_camera_xyz"":[0.331713,-0.346902,1.287638],""pnp_camera_quat_xyzw"":[-0.029985,-0.003115,0.043545,0.998597],""pnp_camera_rpy_deg"":[-3.448867,-0.206791,4.999916],""pnp_reprojection_error_px"":0.017603},{""tag_id"":16,""target_match"":true,""family"":""tag25h9"",""hamming"":0,""decision_margin"":159.099243,""pixel_xy"":[817.873528,261.14714],""world_xy_yaw"":[0.248428,1.0462,0.086491],""pnp_valid"":true,""pnp_camera_xyz"":[0.31903,-0.206071,1.276873],""pnp_camera_quat_xyzw"":[-0.032387,-0.00932,0.043142,0.9985],""pnp_camera_rpy_deg"":[-3.754941,-0.906354,4.977739],""pnp_reprojection_error_px"":0.040577}]",1,0.040577,159.099243,74.688492,,0,,0,,
2026-08-12T10:57:32.818040+00:00,5028.101700694,sway_decay_positive_0075_run03,0,"[0.0,0.0,0.0,0.0]",0,0,0,0,,,,,,,,,,,,,,,,,,,,,,,,,,,,0,,0,,,"[NaN,NaN,NaN]","[NaN,NaN,NaN,NaN]","[NaN,NaN,NaN,NaN,NaN,NaN]",0.001880,585,1,"[15,16]","[0.248486,1.046214,0.087154]","[{""tag_id"":15,""target_match"":true,""family"":""tag25h9"",""hamming"":0,""decision_margin"":157.938477,""pixel_xy"":[822.236039,202.435122],""world_xy_yaw"":[0.255757,1.117829,0.086648],""pnp_valid"":true,""pnp_camera_xyz"":[0.331763,-0.346864,1.287408],""pnp_camera_quat_xyzw"":[-0.029941,-0.003691,0.043465,0.998599],""pnp_camera_rpy_deg"":[-3.446637,-0.273284,4.992764],""pnp_reprojection_error_px"":0.014536},{""tag_id"":16,""target_match"":true,""family"":""tag25h9"",""hamming"":0,""decision_margin"":158.998138,""pixel_xy"":[817.908606,261.135713],""world_xy_yaw"":[0.248486,1.046214,0.087154],""pnp_valid"":true,""pnp_camera_xyz"":[0.319154,-0.206106,1.277032],""pnp_camera_quat_xyzw"":[-0.032204,-0.009559,0.043403,0.998493],""pnp_camera_rpy_deg"":[-3.735418,-0.933547,5.008441],""pnp_reprojection_error_px"":0.033862}]",1,0.033862,158.998138,75.68877,,0,,0,,
2026-08-12T10:57:32.868631+00:00,5028.152285480,sway_decay_positive_0075_run03,0,"[0.0,0.0,0.0,0.0]",0,0,0,0,,,,,,,,,,,,,,,,,,,,,,,,,,,,0,,0,,,"[NaN,NaN,NaN]","[NaN,NaN,NaN,NaN]","[NaN,NaN,NaN,NaN,NaN,NaN]",0.001554,587,1,"[15,16]","[0.25588,1.117825,0.08745]","[{""tag_id"":15,""target_match"":true,""family"":""tag25h9"",""hamming"":0,""decision_margin"":159.873062,""pixel_xy"":[822.309599,202.438241],""world_xy_yaw"":[0.25588,1.117825,0.08745],""pnp_valid"":true,""pnp_camera_xyz"":[0.332027,-0.346945,1.287635],""pnp_camera_quat_xyzw"":[-0.030185,-0.003898,0.043497,0.99859],""pnp_camera_rpy_deg"":[-3.475652,-0.295638,4.997216],""pnp_reprojection_error_px"":0.029358},{""tag_id"":16,""target_match"":true,""family"":""tag25h9"",""hamming"":0,""decision_margin"":159.349243,""pixel_xy"":[817.976549,261.11909],""world_xy_yaw"":[0.248601,1.046235,0.087492],""pnp_valid"":true,""pnp_camera_xyz"":[0.319329,-0.206135,1.277038],""pnp_camera_quat_xyzw"":[-0.031999,-0.009843,0.043355,0.998499],""pnp_camera_rpy_deg"":[-3.713336,-0.967253,5.003861],""pnp_reprojection_error_px"":0.026695}]",1,0.029358,159.873062,72.851797,,0,,0,,
2026-08-12T10:57:32.918656+00:00,5028.202310142,sway_decay_positive_0075_run03,0,"[0.0,0.0,0.0,0.0]",0,0,0,0,,,,,,,,,,,,,,,,,,,,,,,,,,,,0,,0,,,"[NaN,NaN,NaN]","[NaN,NaN,NaN,NaN]","[NaN,NaN,NaN,NaN,NaN,NaN]",0.002365,588,1,"[15,16]","[0.255964,1.117853,0.088269]","[{""tag_id"":15,""target_match"":true,""family"":""tag25h9"",""hamming"":0,""decision_margin"":159.160858,""pixel_xy"":[822.35958,202.415214],""world_xy_yaw"":[0.255964,1.117853,0.088269],""pnp_valid"":true,""pnp_camera_xyz"":[0.33204,-0.346841,1.287233],""pnp_camera_quat_xyzw"":[-0.030775,-0.003763,0.043933,0.998553],""pnp_camera_rpy_deg"":[-3.542647,-0.275659,5.046874],""pnp_reprojection_error_px"":0.029036},{""tag_id"":16,""target_match"":true,""family"":""tag25h9"",""hamming"":0,""decision_margin"":159.048782,""pixel_xy"":[818.017827,261.110367],""world_xy_yaw"":[0.24867,1.046245,0.087802],""pnp_valid"":true,""pnp_camera_xyz"":[0.319547,-0.206223,1.277518],""pnp_camera_quat_xyzw"":[-0.031403,-0.009947,0.043476,0.998511],""pnp_camera_rpy_deg"":[-3.645675,-0.98172,5.017498],""pnp_reprojection_error_px"":0.022703}]",1,0.029036,159.160858,73.255032,,0,,0,,
2026-08-12T10:57:32.967141+00:00,5028.250809345,sway_decay_positive_0075_run03,0,"[0.0,0.0,0.0,0.0]",0,0,0,0,,,,,,,,,,,,,,,,,,,,,,,,,,,,0,,0,,,"[NaN,NaN,NaN]","[NaN,NaN,NaN,NaN]","[NaN,NaN,NaN,NaN,NaN,NaN]",0.000765,590,1,"[15,16]","[0.248817,1.046262,0.087654]","[{""tag_id"":15,""target_match"":true,""family"":""tag25h9"",""hamming"":0,""decision_margin"":158.365265,""pixel_xy"":[822.446392,202.403196],""world_xy_yaw"":[0.25611,1.117868,0.088272],""pnp_valid"":true,""pnp_camera_xyz"":[0.332277,-0.346885,1.287283],""pnp_camera_quat_xyzw"":[-0.030815,-0.003677,0.043755,0.99856],""pnp_camera_rpy_deg"":[-3.546828,-0.26628,5.026197],""pnp_reprojection_error_px"":0.0363},{""tag_id"":16,""target_match"":true,""family"":""tag25h9"",""hamming"":0,""decision_margin"":162.687729,""pixel_xy"":[818.105407,261.096482],""world_xy_yaw"":[0.248817,1.046262,0.087654],""pnp_valid"":true,""pnp_camera_xyz"":[0.319586,-0.206149,1.276907],""pnp_camera_quat_xyzw"":[-0.031802,-0.009816,0.043563,0.998496],""pnp_camera_rpy_deg"":[-3.690884,-0.964444,5.02735],""pnp_reprojection_error_px"":0.023982}]",1,0.023982,162.687729,71.069459,,0,,0,,
2026-08-12T10:57:33.017610+00:00,5028.301273184,sway_decay_positive_0075_run03,0,"[0.0,0.0,0.0,0.0]",0,0,0,0,,,,,,,,,,,,,,,,,,,,,,,,,,,,0,,0,,,"[NaN,NaN,NaN]","[NaN,NaN,NaN,NaN]","[NaN,NaN,NaN,NaN,NaN,NaN]",0.001523,591,1,"[15,16]","[0.256215,1.117871,0.088696]","[{""tag_id"":15,""target_match"":true,""family"":""tag25h9"",""hamming"":0,""decision_margin"":159.304413,""pixel_xy"":[822.509013,202.401003],""world_xy_yaw"":[0.256215,1.117871,0.088696],""pnp_valid"":true,""pnp_camera_xyz"":[0.332249,-0.346742,1.286627],""pnp_camera_quat_xyzw"":[-0.031386,-0.005455,0.043553,0.998543],""pnp_camera_rpy_deg"":[-3.621132,-0.467599,5.009759],""pnp_reprojection_error_px"":0.032201},{""tag_id"":16,""target_match"":true,""family"":""tag25h9"",""hamming"":0,""decision_margin"":158.870941,""pixel_xy"":[818.135484,261.081017],""world_xy_yaw"":[0.248868,1.046281,0.088371],""pnp_valid"":true,""pnp_camera_xyz"":[0.319583,-0.206112,1.276517],""pnp_camera_quat_xyzw"":[-0.032679,-0.010162,0.043593,0.998463],""pnp_camera_rpy_deg"":[-3.793142,-0.999521,5.03295],""pnp_reprojection_error_px"":0.01394}]",1,0.032201,159.304413,72.163617,,0,,0,,
2026-08-12T10:57:33.068572+00:00,5028.352227356,sway_decay_positive_0075_run03,0,"[0.0,0.0,0.0,0.0]",0,0,0,0,,,,,,,,,,,,,,,,,,,,,,,,,,,,0,,0,,,"[NaN,NaN,NaN]","[NaN,NaN,NaN,NaN]","[NaN,NaN,NaN,NaN,NaN,NaN]",0.001544,593,1,"[15,16]","[0.2564,1.117876,0.088213]","[{""tag_id"":15,""target_match"":true,""family"":""tag25h9"",""hamming"":0,""decision_margin"":160.462799,""pixel_xy"":[822.619072,202.396671],""world_xy_yaw"":[0.2564,1.117876,0.088213],""pnp_valid"":true,""pnp_camera_xyz"":[0.332702,-0.346996,1.287504],""pnp_camera_quat_xyzw"":[-0.030417,-0.004349,0.043983,0.99856],""pnp_camera_rpy_deg"":[-3.504695,-0.344353,5.05458],""pnp_reprojection_error_px"":0.019256},{""tag_id"":16,""target_match"":true,""family"":""tag25h9"",""hamming"":0,""decision_margin"":159.04184,""pixel_xy"":[818.226676,261.053455],""world_xy_yaw"":[0.249021,1.046315,0.088063],""pnp_valid"":true,""pnp_camera_xyz"":[0.319883,-0.206222,1.276979],""pnp_camera_quat_xyzw"":[-0.032598,-0.010283,0.043708,0.998459],""pnp_camera_rpy_deg"":[-3.784526,-1.013349,5.046543],""pnp_reprojection_error_px"":0.020085}]",1,0.019256,160.462799,70.488866,,0,,0,,
2026-08-12T10:57:33.118349+00:00,5028.401999419,sway_decay_positive_0075_run03,0,"[0.0,0.0,0.0,0.0]",0,0,0,0,,,,,,,,,,,,,,,,,,,,,,,,,,,,0,,0,,,"[NaN,NaN,NaN]","[NaN,NaN,NaN,NaN]","[NaN,NaN,NaN,NaN,NaN,NaN]",0.002058,594,1,"[15,16]","[0.256459,1.117865,0.088781]","[{""tag_id"":15,""target_match"":true,""family"":""tag25h9"",""hamming"":0,""decision_margin"":161.623566,""pixel_xy"":[822.653928,202.405336],""world_xy_yaw"":[0.256459,1.117865,0.088781],""pnp_valid"":true,""pnp_camera_xyz"":[0.332848,-0.347033,1.287607],""pnp_camera_quat_xyzw"":[-0.029838,-0.004,0.044,0.998578],""pnp_camera_rpy_deg"":[-3.436641,-0.307276,5.055193],""pnp_reprojection_error_px"":0.038405},{""tag_id"":16,""target_match"":true,""family"":""tag25h9"",""hamming"":0,""decision_margin"":160.490067,""pixel_xy"":[818.266515,261.057271],""world_xy_yaw"":[0.249088,1.04631,0.088458],""pnp_valid"":true,""pnp_camera_xyz"":[0.32002,-0.206265,1.277163],""pnp_camera_quat_xyzw"":[-0.032084,-0.009615,0.044074,0.998467],""pnp_camera_rpy_deg"":[-3.722599,-0.938153,5.085459],""pnp_reprojection_error_px"":0.022844}]",1,0.038405,161.623566,70.909606,,0,,0,,
2026-08-12T10:57:33.168542+00:00,5028.452212261,sway_decay_positive_0075_run03,0,"[0.0,0.0,0.0,0.0]",0,0,0,0,,,,,,,,,,,,,,,,,,,,,,,,,,,,0,,0,,,"[NaN,NaN,NaN]","[NaN,NaN,NaN,NaN]","[NaN,NaN,NaN,NaN,NaN,NaN]",0.001532,596,1,"[15,16]","[0.256641,1.117905,0.089071]","[{""tag_id"":15,""target_match"":true,""family"":""tag25h9"",""hamming"":0,""decision_margin"":162.223267,""pixel_xy"":[822.762806,202.373154],""world_xy_yaw"":[0.256641,1.117905,0.089071],""pnp_valid"":true,""pnp_camera_xyz"":[0.333032,-0.34701,1.287364],""pnp_camera_quat_xyzw"":[-0.030571,-0.003278,0.044444,0.998539],""pnp_camera_rpy_deg"":[-3.517036,-0.219426,5.103687],""pnp_reprojection_error_px"":0.029562},{""tag_id"":16,""target_match"":true,""family"":""tag25h9"",""hamming"":0,""decision_margin"":158.383133,""pixel_xy"":[818.331133,261.041676],""world_xy_yaw"":[0.249196,1.046329,0.090177],""pnp_valid"":true,""pnp_camera_xyz"":[0.320075,-0.206214,1.276552],""pnp_camera_quat_xyzw"":[-0.032563,-0.011616,0.043968,0.998435],""pnp_camera_rpy_deg"":[-3.787679,-1.165027,5.081477],""pnp_reprojection_error_px"":0.013985}]",1,0.029562,162.223267,68.849632,,0,,0,,
2026-08-12T10:57:33.217219+00:00,5028.500885133,sway_decay_positive_0075_run03,0,"[0.0,0.0,0.0,0.0]",0,0,0,0,,,,,,,,,,,,,,,,,,,,,,,,,,,,0,,0,,,"[NaN,NaN,NaN]","[NaN,NaN,NaN,NaN]","[NaN,NaN,NaN,NaN,NaN,NaN]",0.001208,597,1,"[15,16]","[0.256739,1.117913,0.089743]","[{""tag_id"":15,""target_match"":true,""family"":""tag25h9"",""hamming"":0,""decision_margin"":160.54866,""pixel_xy"":[822.820669,202.366533],""world_xy_yaw"":[0.256739,1.117913,0.089743],""pnp_valid"":true,""pnp_camera_xyz"":[0.333205,-0.347052,1.287509],""pnp_camera_quat_xyzw"":[-0.030529,-0.003307,0.044769,0.998525],""pnp_camera_rpy_deg"":[-3.512395,-0.221726,5.141137],""pnp_reprojection_error_px"":0.02905},{""tag_id"":16,""target_match"":true,""family"":""tag25h9"",""hamming"":0,""decision_margin"":157.888992,""pixel_xy"":[818.373343,261.043848],""world_xy_yaw"":[0.249267,1.046326,0.089432],""pnp_valid"":true,""pnp_camera_xyz"":[0.320313,-0.206307,1.27724],""pnp_camera_quat_xyzw"":[-0.032254,-0.01021,0.044201,0.99845],""pnp_camera_rpy_deg"":[-3.745273,-1.004808,5.102486],""pnp_reprojection_error_px"":0.01371}]",1,0.02905,160.54866,69.755323,,0,,0,,
2026-08-12T10:57:33.268695+00:00,5028.552348278,sway_decay_positive_0075_run03,0,"[0.0,0.0,0.0,0.0]",0,0,0,0,,,,,,,,,,,,,,,,,,,,,,,,,,,,0,,0,,,"[NaN,NaN,NaN]","[NaN,NaN,NaN,NaN]","[NaN,NaN,NaN,NaN,NaN,NaN]",0.001559,599,1,"[15,16]","[0.256902,1.117926,0.089962]","[{""tag_id"":15,""target_match"":true,""family"":""tag25h9"",""hamming"":0,""decision_margin"":161.392853,""pixel_xy"":[822.918022,202.355366],""world_xy_yaw"":[0.256902,1.117926,0.089962],""pnp_valid"":true,""pnp_camera_xyz"":[0.333516,-0.347186,1.287849],""pnp_camera_quat_xyzw"":[-0.029975,-0.003058,0.045036,0.998531],""pnp_camera_rpy_deg"":[-3.44774,-0.195201,5.170752],""pnp_reprojection_error_px"":0.026694},{""tag_id"":16,""target_match"":true,""family"":""tag25h9"",""hamming"":0,""decision_margin"":159.569,""pixel_xy"":[818.436805,261.020788],""world_xy_yaw"":[0.249374,1.046355,0.090812],""pnp_valid"":true,""pnp_camera_xyz"":[0.320349,-0.20627,1.27661],""pnp_camera_quat_xyzw"":[-0.032487,-0.011667,0.044155,0.998428],""pnp_camera_rpy_deg"":[-3.779415,-1.170592,5.103085],""pnp_reprojection_error_px"":0.015002}]",1,0.026694,161.392853,70.331179,,0,,0,,
2026-08-12T10:57:33.316788+00:00,5028.600457787,sway_decay_positive_0075_run03,0,"[0.0,0.0,0.0,0.0]",0,0,0,0,,,,,,,,,,,,,,,,,,,,,,,,,,,,0,,0,,,"[NaN,NaN,NaN]","[NaN,NaN,NaN,NaN]","[NaN,NaN,NaN,NaN,NaN,NaN]",0.000871,600,1,"[15,16]","[0.256975,1.117952,0.090333]","[{""tag_id"":15,""target_match"":true,""family"":""tag25h9"",""hamming"":0,""decision_margin"":160.202301,""pixel_xy"":[822.96162,202.334642],""world_xy_yaw"":[0.256975,1.117952,0.090333],""pnp_valid"":true,""pnp_camera_xyz"":[0.333708,-0.347265,1.288067],""pnp_camera_quat_xyzw"":[-0.029754,-0.002554,0.045002,0.99854],""pnp_camera_rpy_deg"":[-3.41974,-0.138801,5.165062],""pnp_reprojection_error_px"":0.039801},{""tag_id"":16,""target_match"":true,""family"":""tag25h9"",""hamming"":0,""decision_margin"":158.968796,""pixel_xy"":[818.51059,261.029989],""world_xy_yaw"":[0.249498,1.046343,0.089903],""pnp_valid"":true,""pnp_camera_xyz"":[0.320525,-0.206312,1.27681],""pnp_camera_quat_xyzw"":[-0.032196,-0.011487,0.044262,0.998435],""pnp_camera_rpy_deg"":[-3.745335,-1.151054,5.114262],""pnp_reprojection_error_px"":0.029041}]",1,0.039801,160.202301,69.526366,,0,,0,,
2026-08-12T10:57:33.368333+00:00,5028.651982973,sway_decay_positive_0075_run03,0,"[0.0,0.0,0.0,0.0]",0,0,0,0,,,,,,,,,,,,,,,,,,,,,,,,,,,,0,,0,,,"[NaN,NaN,NaN]","[NaN,NaN,NaN,NaN]","[NaN,NaN,NaN,NaN,NaN,NaN]",0.002079,601,1,"[15,16]","[0.257101,1.117947,0.090461]","[{""tag_id"":15,""target_match"":true,""family"":""tag25h9"",""hamming"":0,""decision_margin"":160.089081,""pixel_xy"":[823.036312,202.338524],""world_xy_yaw"":[0.257101,1.117947,0.090461],""pnp_valid"":true,""pnp_camera_xyz"":[0.333657,-0.347055,1.287315],""pnp_camera_quat_xyzw"":[-0.030201,-0.003612,0.045118,0.998519],""pnp_camera_rpy_deg"":[-3.476548,-0.257132,5.182082],""pnp_reprojection_error_px"":0.026182},{""tag_id"":16,""target_match"":true,""family"":""tag25h9"",""hamming"":0,""decision_margin"":159.203735,""pixel_xy"":[818.538588,261.041402],""world_xy_yaw"":[0.249545,1.046329,0.090853],""pnp_valid"":true,""pnp_camera_xyz"":[0.320459,-0.206227,1.276236],""pnp_camera_quat_xyzw"":[-0.033636,-0.01146,0.044625,0.998372],""pnp_camera_rpy_deg"":[-3.910489,-1.139158,5.157486],""pnp_reprojection_error_px"":0.041621}]",1,0.026182,160.089081,70.159684,,0,,0,,
2026-08-12T10:57:33.418653+00:00,5028.702308694,sway_decay_positive_0075_run03,0,"[0.0,0.0,0.0,0.0]",0,0,0,0,,,,,,,,,,,,,,,,,,,,,,,,,,,,0,,0,,,"[NaN,NaN,NaN]","[NaN,NaN,NaN,NaN]","[NaN,NaN,NaN,NaN,NaN,NaN]",0.001615,603,1,"[15,16]","[0.249703,1.046349,0.089782]","[{""tag_id"":15,""target_match"":true,""family"":""tag25h9"",""hamming"":0,""decision_margin"":159.716019,""pixel_xy"":[823.124654,202.326445],""world_xy_yaw"":[0.257249,1.117962,0.090596],""pnp_valid"":true,""pnp_camera_xyz"":[0.333789,-0.346972,1.286912],""pnp_camera_quat_xyzw"":[-0.03044,-0.003207,0.045008,0.998518],""pnp_camera_rpy_deg"":[-3.501767,-0.209914,5.168075],""pnp_reprojection_error_px"":0.037727},{""tag_id"":16,""target_match"":true,""family"":""tag25h9"",""hamming"":0,""decision_margin"":162.005356,""pixel_xy"":[818.63269,261.025298],""world_xy_yaw"":[0.249703,1.046349,0.089782],""pnp_valid"":true,""pnp_camera_xyz"":[0.320765,-0.206323,1.276674],""pnp_camera_quat_xyzw"":[-0.032457,-0.01084,0.044466,0.998425],""pnp_camera_rpy_deg"":[-3.77201,-1.074942,5.135452],""pnp_reprojection_error_px"":0.039832}]",1,0.039832,162.005356,68.552926,,0,,0,,
2026-08-12T10:57:33.468551+00:00,5028.752207340,sway_decay_positive_0075_run03,0,"[0.0,0.0,0.0,0.0]",0,0,0,0,,,,,,,,,,,,,,,,,,,,,,,,,,,,0,,0,,,"[NaN,NaN,NaN]","[NaN,NaN,NaN,NaN]","[NaN,NaN,NaN,NaN,NaN,NaN]",0.001543,605,1,"[15,16]","[0.249855,1.046326,0.090742]","[{""tag_id"":15,""target_match"":true,""family"":""tag25h9"",""hamming"":0,""decision_margin"":157.83316,""pixel_xy"":[823.248426,202.329596],""world_xy_yaw"":[0.257457,1.117958,0.090924],""pnp_valid"":true,""pnp_camera_xyz"":[0.334137,-0.347058,1.287248],""pnp_camera_quat_xyzw"":[-0.029851,-0.004413,0.045156,0.998524],""pnp_camera_rpy_deg"":[-3.440608,-0.350487,5.189186],""pnp_reprojection_error_px"":0.024634},{""tag_id"":16,""target_match"":true,""family"":""tag25h9"",""hamming"":0,""decision_margin"":161.348038,""pixel_xy"":[818.723486,261.044278],""world_xy_yaw"":[0.249855,1.046326,0.090742],""pnp_valid"":true,""pnp_camera_xyz"":[0.320884,-0.20626,1.27629],""pnp_camera_quat_xyzw"":[-0.03387,-0.010759,0.044957,0.998357],""pnp_camera_rpy_deg"":[-3.933994,-1.056395,5.192949],""pnp_reprojection_error_px"":0.057223}]",1,0.057223,161.348038,69.395897,,0,,0,,
2026-08-12T10:57:33.518632+00:00,5028.802286205,sway_decay_positive_0075_run03,0,"[0.0,0.0,0.0,0.0]",0,0,0,0,,,,,,,,,,,,,,,,,,,,,,,,,,,,0,,0,,,"[NaN,NaN,NaN]","[NaN,NaN,NaN,NaN]","[NaN,NaN,NaN,NaN,NaN,NaN]",0.002289,606,1,"[15,16]","[0.249903,1.046339,0.091439]","[{""tag_id"":15,""target_match"":true,""family"":""tag25h9"",""hamming"":0,""decision_margin"":157.783508,""pixel_xy"":[823.30164,202.325009],""world_xy_yaw"":[0.257547,1.117963,0.091285],""pnp_valid"":true,""pnp_camera_xyz"":[0.334261,-0.347062,1.287244],""pnp_camera_quat_xyzw"":[-0.030762,-0.003847,0.045507,0.998483],""pnp_camera_rpy_deg"":[-3.542028,-0.279794,5.227692],""pnp_reprojection_error_px"":0.025128},{""tag_id"":16,""target_match"":true,""family"":""tag25h9"",""hamming"":0,""decision_margin"":160.426743,""pixel_xy"":[818.751896,261.033822],""world_xy_yaw"":[0.249903,1.046339,0.091439],""pnp_valid"":true,""pnp_camera_xyz"":[0.320891,-0.206229,1.275942],""pnp_camera_quat_xyzw"":[-0.033827,-0.011358,0.044894,0.998354],""pnp_camera_rpy_deg"":[-3.932146,-1.125442,5.188159],""pnp_reprojection_error_px"":0.055585}]",1,0.055585,160.426743,70.346894,,0,,0,,
2026-08-12T10:57:33.568711+00:00,5028.852365540,sway_decay_positive_0075_run03,0,"[0.0,0.0,0.0,0.0]",0,0,0,0,,,,,,,,,,,,,,,,,,,,,,,,,,,,0,,0,,,"[NaN,NaN,NaN]","[NaN,NaN,NaN,NaN]","[NaN,NaN,NaN,NaN,NaN,NaN]",0.001548,608,1,"[15,16]","[0.250017,1.046334,0.092259]","[{""tag_id"":15,""target_match"":true,""family"":""tag25h9"",""hamming"":0,""decision_margin"":157.813385,""pixel_xy"":[823.399109,202.350129],""world_xy_yaw"":[0.25771,1.117933,0.091406],""pnp_valid"":true,""pnp_camera_xyz"":[0.334518,-0.347044,1.287301],""pnp_camera_quat_xyzw"":[-0.030352,-0.004237,0.045357,0.998501],""pnp_camera_rpy_deg"":[-3.497092,-0.327019,5.211691],""pnp_reprojection_error_px"":0.029053},{""tag_id"":16,""target_match"":true,""family"":""tag25h9"",""hamming"":0,""decision_margin"":158.338882,""pixel_xy"":[818.819689,261.038028],""world_xy_yaw"":[0.250017,1.046334,0.092259],""pnp_valid"":true,""pnp_camera_xyz"":[0.321078,-0.206203,1.275989],""pnp_camera_quat_xyzw"":[-0.034264,-0.011034,0.045172,0.99833],""pnp_camera_rpy_deg"":[-3.980884,-1.08502,5.219167],""pnp_reprojection_error_px"":0.045126}]",1,0.045126,158.338882,70.071595,,0,,0,,
2026-08-12T10:57:33.618565+00:00,5028.902218917,sway_decay_positive_0075_run03,0,"[0.0,0.0,0.0,0.0]",0,0,0,0,,,,,,,,,,,,,,,,,,,,,,,,,,,,0,,0,,,"[NaN,NaN,NaN]","[NaN,NaN,NaN,NaN]","[NaN,NaN,NaN,NaN,NaN,NaN]",0.002277,609,1,"[15,16]","[0.250122,1.046318,0.090927]","[{""tag_id"":15,""target_match"":true,""family"":""tag25h9"",""hamming"":0,""decision_margin"":158.374985,""pixel_xy"":[823.449658,202.344469],""world_xy_yaw"":[0.257795,1.11794,0.091359],""pnp_valid"":true,""pnp_camera_xyz"":[0.334728,-0.347158,1.287694],""pnp_camera_quat_xyzw"":[-0.030529,-0.00334,0.045705,0.998483],""pnp_camera_rpy_deg"":[-3.512821,-0.222205,5.248488],""pnp_reprojection_error_px"":0.024285},{""tag_id"":16,""target_match"":true,""family"":""tag25h9"",""hamming"":0,""decision_margin"":159.948563,""pixel_xy"":[818.882366,261.051065],""world_xy_yaw"":[0.250122,1.046318,0.090927],""pnp_valid"":true,""pnp_camera_xyz"":[0.321194,-0.20621,1.276041],""pnp_camera_quat_xyzw"":[-0.033557,-0.010573,0.045083,0.998364],""pnp_camera_rpy_deg"":[-3.897292,-1.036259,5.206318],""pnp_reprojection_error_px"":0.05985}]",1,0.05985,159.948563,70.900646,,0,,0,,
2026-08-12T10:57:33.667216+00:00,5028.950881393,sway_decay_positive_0075_run03,0,"[0.0,0.0,0.0,0.0]",0,0,0,0,,,,,,,,,,,,,,,,,,,,,,,,,,,,0,,0,,,"[NaN,NaN,NaN]","[NaN,NaN,NaN,NaN]","[NaN,NaN,NaN,NaN,NaN,NaN]",0.000763,611,1,"[15,16]","[0.257999,1.117898,0.091766]","[{""tag_id"":15,""target_match"":true,""family"":""tag25h9"",""hamming"":0,""decision_margin"":162.451477,""pixel_xy"":[823.570985,202.378391],""world_xy_yaw"":[0.257999,1.117898,0.091766],""pnp_valid"":true,""pnp_camera_xyz"":[0.334971,-0.347086,1.287585],""pnp_camera_quat_xyzw"":[-0.030031,-0.004062,0.045895,0.998487],""pnp_camera_rpy_deg"":[-3.459558,-0.30684,5.272664],""pnp_reprojection_error_px"":0.025633},{""tag_id"":16,""target_match"":true,""family"":""tag25h9"",""hamming"":0,""decision_margin"":158.79631,""pixel_xy"":[818.948123,261.058287],""world_xy_yaw"":[0.250233,1.046309,0.092016],""pnp_valid"":true,""pnp_camera_xyz"":[0.321348,-0.206181,1.275929],""pnp_camera_quat_xyzw"":[-0.033784,-0.011397,0.045187,0.998342],""pnp_camera_rpy_deg"":[-3.927837,-1.128982,5.221873],""pnp_reprojection_error_px"":0.060763}]",1,0.025633,162.451477,70.891424,,0,,0,,
2026-08-12T10:57:33.717931+00:00,5029.001590256,sway_decay_positive_0075_run03,0,"[0.0,0.0,0.0,0.0]",0,0,0,0,,,,,,,,,,,,,,,,,,,,,,,,,,,,0,,0,,,"[NaN,NaN,NaN]","[NaN,NaN,NaN,NaN]","[NaN,NaN,NaN,NaN,NaN,NaN]",0.001756,612,1,"[15,16]","[0.250298,1.0463,0.091746]","[{""tag_id"":15,""target_match"":true,""family"":""tag25h9"",""hamming"":0,""decision_margin"":158.501663,""pixel_xy"":[823.611826,202.376684],""world_xy_yaw"":[0.258068,1.1179,0.092054],""pnp_valid"":true,""pnp_camera_xyz"":[0.334999,-0.347008,1.287312],""pnp_camera_quat_xyzw"":[-0.030522,-0.003227,0.04625,0.998458],""pnp_camera_rpy_deg"":[-3.511437,-0.207417,5.310639],""pnp_reprojection_error_px"":0.024113},{""tag_id"":16,""target_match"":true,""family"":""tag25h9"",""hamming"":0,""decision_margin"":160.030472,""pixel_xy"":[818.987216,261.065271],""world_xy_yaw"":[0.250298,1.0463,0.091746],""pnp_valid"":true,""pnp_camera_xyz"":[0.321241,-0.206046,1.275182],""pnp_camera_quat_xyzw"":[-0.034762,-0.012168,0.045015,0.998307],""pnp_camera_rpy_deg"":[-4.043705,-1.212752,5.206411],""pnp_reprojection_error_px"":0.062103}]",1,0.062103,160.030472,70.668168,,0,,0,,
2026-08-12T10:57:33.768573+00:00,5029.052243270,sway_decay_positive_0075_run03,0,"[0.0,0.0,0.0,0.0]",0,0,0,0,,,,,,,,,,,,,,,,,,,,,,,,,,,,0,,0,,,"[NaN,NaN,NaN]","[NaN,NaN,NaN,NaN]","[NaN,NaN,NaN,NaN,NaN,NaN]",0.001500,614,1,"[15,16]","[0.250436,1.046304,0.09311]","[{""tag_id"":15,""target_match"":true,""family"":""tag25h9"",""hamming"":0,""decision_margin"":159.066574,""pixel_xy"":[823.72755,202.386448],""world_xy_yaw"":[0.258262,1.117889,0.092322],""pnp_valid"":true,""pnp_camera_xyz"":[0.335325,-0.347023,1.287489],""pnp_camera_quat_xyzw"":[-0.030652,-0.003498,0.046236,0.998454],""pnp_camera_rpy_deg"":[-3.527805,-0.237772,5.309979],""pnp_reprojection_error_px"":0.024212},{""tag_id"":16,""target_match"":true,""family"":""tag25h9"",""hamming"":0,""decision_margin"":160.495682,""pixel_xy"":[819.069355,261.062256],""world_xy_yaw"":[0.250436,1.046304,0.09311],""pnp_valid"":true,""pnp_camera_xyz"":[0.321564,-0.206083,1.275608],""pnp_camera_quat_xyzw"":[-0.035147,-0.011329,0.045572,0.998278],""pnp_camera_rpy_deg"":[-4.083945,-1.112446,5.267241],""pnp_reprojection_error_px"":0.045153}]",1,0.045153,160.495682,71.163097,,0,,0,,
2026-08-12T10:57:33.816992+00:00,5029.100661528,sway_decay_positive_0075_run03,0,"[0.0,0.0,0.0,0.0]",0,0,0,0,,,,,,,,,,,,,,,,,,,,,,,,,,,,0,,0,,,"[NaN,NaN,NaN]","[NaN,NaN,NaN,NaN]","[NaN,NaN,NaN,NaN,NaN,NaN]",0.001028,615,1,"[15,16]","[0.250535,1.046296,0.092195]","[{""tag_id"":15,""target_match"":true,""family"":""tag25h9"",""hamming"":0,""decision_margin"":158.385147,""pixel_xy"":[823.752282,202.404619],""world_xy_yaw"":[0.258304,1.117866,0.093729],""pnp_valid"":true,""pnp_camera_xyz"":[0.335613,-0.347189,1.288201],""pnp_camera_quat_xyzw"":[-0.029914,-0.003083,0.046609,0.99846],""pnp_camera_rpy_deg"":[-3.4412,-0.192967,5.351163],""pnp_reprojection_error_px"":0.043791},{""tag_id"":16,""target_match"":true,""family"":""tag25h9"",""hamming"":0,""decision_margin"":161.747162,""pixel_xy"":[819.127807,261.068986],""world_xy_yaw"":[0.250535,1.046296,0.092195],""pnp_valid"":true,""pnp_camera_xyz"":[0.321622,-0.206038,1.275429],""pnp_camera_quat_xyzw"":[-0.034506,-0.011406,0.045466,0.998305],""pnp_camera_rpy_deg"":[-4.01085,-1.125085,5.254643],""pnp_reprojection_error_px"":0.046646}]",1,0.046646,161.747162,71.634928,,0,,0,,
2026-08-12T10:57:33.868280+00:00,5029.151939161,sway_decay_positive_0075_run03,0,"[0.0,0.0,0.0,0.0]",0,0,0,0,,,,,,,,,,,,,,,,,,,,,,,,,,,,0,,0,,,"[NaN,NaN,NaN]","[NaN,NaN,NaN,NaN]","[NaN,NaN,NaN,NaN,NaN,NaN]",0.001292,617,1,"[15,16]","[0.25852,1.117857,0.092955]","[{""tag_id"":15,""target_match"":true,""family"":""tag25h9"",""hamming"":0,""decision_margin"":160.077972,""pixel_xy"":[823.881055,202.412447],""world_xy_yaw"":[0.25852,1.117857,0.092955],""pnp_valid"":true,""pnp_camera_xyz"":[0.335825,-0.34711,1.287983],""pnp_camera_quat_xyzw"":[-0.030324,-0.002392,0.046801,0.998441],""pnp_camera_rpy_deg"":[-3.484416,-0.110999,5.370792],""pnp_reprojection_error_px"":0.030785},{""tag_id"":16,""target_match"":true,""family"":""tag25h9"",""hamming"":0,""decision_margin"":159.654083,""pixel_xy"":[819.20841,261.06223],""world_xy_yaw"":[0.25067,1.046304,0.092993],""pnp_valid"":true,""pnp_camera_xyz"":[0.321851,-0.206018,1.275501],""pnp_camera_quat_xyzw"":[-0.034742,-0.011168,0.04564,0.998291],""pnp_camera_rpy_deg"":[-4.036784,-1.095989,5.273949],""pnp_reprojection_error_px"":0.025003}]",1,0.030785,160.077972,71.437481,,0,,0,,
2026-08-12T10:57:33.918571+00:00,5029.202225925,sway_decay_positive_0075_run03,0,"[0.0,0.0,0.0,0.0]",0,0,0,0,,,,,,,,,,,,,,,,,,,,,,,,,,,,0,,0,,,"[NaN,NaN,NaN]","[NaN,NaN,NaN,NaN]","[NaN,NaN,NaN,NaN,NaN,NaN]",0.002307,618,1,"[15,16]","[0.250737,1.046294,0.093168]","[{""tag_id"":15,""target_match"":true,""family"":""tag25h9"",""hamming"":0,""decision_margin"":159.689819,""pixel_xy"":[823.928474,202.399323],""world_xy_yaw"":[0.2586,1.117873,0.094322],""pnp_valid"":true,""pnp_camera_xyz"":[0.336029,-0.347179,1.288292],""pnp_camera_quat_xyzw"":[-0.030129,-0.002205,0.047385,0.99842],""pnp_camera_rpy_deg"":[-3.461106,-0.088662,5.437068],""pnp_reprojection_error_px"":0.029404},{""tag_id"":16,""target_match"":true,""family"":""tag25h9"",""hamming"":0,""decision_margin"":160.177002,""pixel_xy"":[819.248394,261.070148],""world_xy_yaw"":[0.250737,1.046294,0.093168],""pnp_valid"":true,""pnp_camera_xyz"":[0.322011,-0.206044,1.275747],""pnp_camera_quat_xyzw"":[-0.03469,-0.011216,0.045676,0.998291],""pnp_camera_rpy_deg"":[-4.031195,-1.101607,5.278177],""pnp_reprojection_error_px"":0.027009}]",1,0.027009,160.177002,71.079902,,0,,0,,
2026-08-12T10:57:33.968552+00:00,5029.252207357,sway_decay_positive_0075_run03,0,"[0.0,0.0,0.0,0.0]",0,0,0,0,,,,,,,,,,,,,,,,,,,,,,,,,,,,0,,0,,,"[NaN,NaN,NaN]","[NaN,NaN,NaN,NaN]","[NaN,NaN,NaN,NaN,NaN,NaN]",0.001543,620,1,"[15,16]","[0.258818,1.117869,0.093527]","[{""tag_id"":15,""target_match"":true,""family"":""tag25h9"",""hamming"":0,""decision_margin"":161.591309,""pixel_xy"":[824.05837,202.402539],""world_xy_yaw"":[0.258818,1.117869,0.093527],""pnp_valid"":true,""pnp_camera_xyz"":[0.336073,-0.346938,1.287423],""pnp_camera_quat_xyzw"":[-0.030823,-0.00203,0.047435,0.998397],""pnp_camera_rpy_deg"":[-3.539631,-0.064681,5.442302],""pnp_reprojection_error_px"":0.014138},{""tag_id"":16,""target_match"":true,""family"":""tag25h9"",""hamming"":0,""decision_margin"":158.182205,""pixel_xy"":[819.35726,261.063035],""world_xy_yaw"":[0.25092,1.046303,0.092654],""pnp_valid"":true,""pnp_camera_xyz"":[0.322186,-0.206002,1.275521],""pnp_camera_quat_xyzw"":[-0.034726,-0.011774,0.045538,0.998289],""pnp_camera_rpy_deg"":[-4.038157,-1.165802,5.264687],""pnp_reprojection_error_px"":0.020484}]",1,0.014138,161.591309,70.92064,,0,,0,,
2026-08-12T10:57:34.018658+00:00,5029.302313144,sway_decay_positive_0075_run03,0,"[0.0,0.0,0.0,0.0]",0,0,0,0,,,,,,,,,,,,,,,,,,,,,,,,,,,,0,,0,,,"[NaN,NaN,NaN]","[NaN,NaN,NaN,NaN]","[NaN,NaN,NaN,NaN,NaN,NaN]",0.002322,621,1,"[15,16]","[0.25097,1.046274,0.093918]","[{""tag_id"":15,""target_match"":true,""family"":""tag25h9"",""hamming"":0,""decision_margin"":158.287643,""pixel_xy"":[824.103177,202.407284],""world_xy_yaw"":[0.258893,1.117863,0.093965],""pnp_valid"":true,""pnp_camera_xyz"":[0.336376,-0.34706,1.288034],""pnp_camera_quat_xyzw"":[-0.029945,-0.002483,0.047088,0.998439],""pnp_camera_rpy_deg"":[-3.441547,-0.122498,5.404055],""pnp_reprojection_error_px"":0.032653},{""tag_id"":16,""target_match"":true,""family"":""tag25h9"",""hamming"":0,""decision_margin"":159.491501,""pixel_xy"":[819.387155,261.086639],""world_xy_yaw"":[0.25097,1.046274,0.093918],""pnp_valid"":true,""pnp_camera_xyz"":[0.322103,-0.205893,1.274843],""pnp_camera_quat_xyzw"":[-0.03554,-0.012415,0.0459,0.998236],""pnp_camera_rpy_deg"":[-4.135207,-1.233271,5.309918],""pnp_reprojection_error_px"":0.041869}]",1,0.041869,159.491501,71.467502,,0,,0,,
2026-08-12T10:57:34.067876+00:00,5029.351540693,sway_decay_positive_0075_run03,0,"[0.0,0.0,0.0,0.0]",0,0,0,0,,,,,,,,,,,,,,,,,,,,,,,,,,,,0,,0,,,"[NaN,NaN,NaN]","[NaN,NaN,NaN,NaN]","[NaN,NaN,NaN,NaN,NaN,NaN]",0.001026,623,1,"[15,16]","[0.259119,1.117841,0.093817]","[{""tag_id"":15,""target_match"":true,""family"":""tag25h9"",""hamming"":0,""decision_margin"":161.194901,""pixel_xy"":[824.237614,202.42514],""world_xy_yaw"":[0.259119,1.117841,0.093817],""pnp_valid"":true,""pnp_camera_xyz"":[0.336685,-0.34704,1.288049],""pnp_camera_quat_xyzw"":[-0.029991,-0.00335,0.046908,0.998443],""pnp_camera_rpy_deg"":[-3.451444,-0.222019,5.386406],""pnp_reprojection_error_px"":0.025291},{""tag_id"":16,""target_match"":true,""family"":""tag25h9"",""hamming"":0,""decision_margin"":158.80542,""pixel_xy"":[819.486397,261.115818],""world_xy_yaw"":[0.251137,1.046239,0.094095],""pnp_valid"":true,""pnp_camera_xyz"":[0.322396,-0.205907,1.275055],""pnp_camera_quat_xyzw"":[-0.035522,-0.011658,0.046089,0.998237],""pnp_camera_rpy_deg"":[-4.12935,-1.145978,5.328349],""pnp_reprojection_error_px"":0.062649}]",1,0.025291,161.194901,72.138339,,0,,0,,
2026-08-12T10:57:34.118247+00:00,5029.401903224,sway_decay_positive_0075_run03,0,"[0.0,0.0,0.0,0.0]",0,0,0,0,,,,,,,,,,,,,,,,,,,,,,,,,,,,0,,0,,,"[NaN,NaN,NaN]","[NaN,NaN,NaN,NaN]","[NaN,NaN,NaN,NaN,NaN,NaN]",0.002040,624,1,"[15,16]","[0.251231,1.046227,0.09388]","[{""tag_id"":15,""target_match"":true,""family"":""tag25h9"",""hamming"":0,""decision_margin"":158.1772,""pixel_xy"":[824.30013,202.416859],""world_xy_yaw"":[0.259224,1.117851,0.09418],""pnp_valid"":true,""pnp_camera_xyz"":[0.3365,-0.346717,1.286834],""pnp_camera_quat_xyzw"":[-0.031015,-0.00463,0.046878,0.998408],""pnp_camera_rpy_deg"":[-3.575693,-0.363084,5.387815],""pnp_reprojection_error_px"":0.02198},{""tag_id"":16,""target_match"":true,""family"":""tag25h9"",""hamming"":0,""decision_margin"":160.2659,""pixel_xy"":[819.542148,261.125789],""world_xy_yaw"":[0.251231,1.046227,0.09388],""pnp_valid"":true,""pnp_camera_xyz"":[0.322586,-0.20596,1.275338],""pnp_camera_quat_xyzw"":[-0.035186,-0.011893,0.0461,0.998246],""pnp_camera_rpy_deg"":[-4.092108,-1.174668,5.330159],""pnp_reprojection_error_px"":0.076337}]",1,0.076337,160.2659,72.797762,,0,,0,,
2026-08-12T10:57:34.168809+00:00,5029.452463278,sway_decay_positive_0075_run03,0,"[0.0,0.0,0.0,0.0]",0,0,0,0,,,,,,,,,,,,,,,,,,,,,,,,,,,,0,,0,,,"[NaN,NaN,NaN]","[NaN,NaN,NaN,NaN]","[NaN,NaN,NaN,NaN,NaN,NaN]",0.001561,626,1,"[15,16]","[0.259376,1.117861,0.096431]","[{""tag_id"":15,""target_match"":true,""family"":""tag25h9"",""hamming"":0,""decision_margin"":159.555527,""pixel_xy"":[824.390218,202.408709],""world_xy_yaw"":[0.259376,1.117861,0.096431],""pnp_valid"":true,""pnp_camera_xyz"":[0.336694,-0.346646,1.286517],""pnp_camera_quat_xyzw"":[-0.031279,-0.00497,0.047231,0.998382],""pnp_camera_rpy_deg"":[-3.607853,-0.399353,5.429556],""pnp_reprojection_error_px"":0.04704},{""tag_id"":16,""target_match"":true,""family"":""tag25h9"",""hamming"":0,""decision_margin"":157.886719,""pixel_xy"":[819.64355,261.099045],""world_xy_yaw"":[0.251401,1.046259,0.093679],""pnp_valid"":true,""pnp_camera_xyz"":[0.322868,-0.206008,1.275583],""pnp_camera_quat_xyzw"":[-0.034527,-0.01144,0.046222,0.998269],""pnp_camera_rpy_deg"":[-4.014263,-1.125807,5.341558],""pnp_reprojection_error_px"":0.054007}]",1,0.04704,159.555527,73.323598,,0,,0,,
2026-08-12T10:57:34.217456+00:00,5029.501122122,sway_decay_positive_0075_run03,0,"[0.0,0.0,0.0,0.0]",0,0,0,0,,,,,,,,,,,,,,,,,,,,,,,,,,,,0,,0,,,"[NaN,NaN,NaN]","[NaN,NaN,NaN,NaN]","[NaN,NaN,NaN,NaN,NaN,NaN]",0.001310,627,1,"[15,16]","[0.251456,1.046261,0.094467]","[{""tag_id"":15,""target_match"":true,""family"":""tag25h9"",""hamming"":0,""decision_margin"":157.4151,""pixel_xy"":[824.47493,202.426998],""world_xy_yaw"":[0.259518,1.117839,0.094892],""pnp_valid"":true,""pnp_camera_xyz"":[0.33696,-0.346742,1.286918],""pnp_camera_quat_xyzw"":[-0.030763,-0.004452,0.047041,0.998409],""pnp_camera_rpy_deg"":[-3.545939,-0.34353,5.405702],""pnp_reprojection_error_px"":0.028894},{""tag_id"":16,""target_match"":true,""family"":""tag25h9"",""hamming"":0,""decision_margin"":157.862518,""pixel_xy"":[819.676195,261.097289],""world_xy_yaw"":[0.251456,1.046261,0.094467],""pnp_valid"":true,""pnp_camera_xyz"":[0.322904,-0.205978,1.275316],""pnp_camera_quat_xyzw"":[-0.034168,-0.011602,0.046308,0.998275],""pnp_camera_rpy_deg"":[-3.974135,-1.145965,5.351667],""pnp_reprojection_error_px"":0.056368}]",1,0.056368,157.862518,73.900416,,0,,0,,
2026-08-12T10:57:34.267749+00:00,5029.551410614,sway_decay_positive_0075_run03,0,"[0.0,0.0,0.0,0.0]",0,0,0,0,,,,,,,,,,,,,,,,,,,,,,,,,,,,0,,0,,,"[NaN,NaN,NaN]","[NaN,NaN,NaN,NaN]","[NaN,NaN,NaN,NaN,NaN,NaN]",0.001028,629,1,"[15,16]","[0.25974,1.117862,0.095093]","[{""tag_id"":15,""target_match"":true,""family"":""tag25h9"",""hamming"":0,""decision_margin"":161.052673,""pixel_xy"":[824.607332,202.408083],""world_xy_yaw"":[0.25974,1.117862,0.095093],""pnp_valid"":true,""pnp_camera_xyz"":[0.337288,-0.346828,1.287059],""pnp_camera_quat_xyzw"":[-0.030529,-0.003292,0.047711,0.998389],""pnp_camera_rpy_deg"":[-3.51301,-0.20973,5.478401],""pnp_reprojection_error_px"":0.019925},{""tag_id"":16,""target_match"":true,""family"":""tag25h9"",""hamming"":0,""decision_margin"":158.123001,""pixel_xy"":[819.789634,261.08779],""world_xy_yaw"":[0.251647,1.046273,0.094315],""pnp_valid"":true,""pnp_camera_xyz"":[0.323022,-0.205913,1.274853],""pnp_camera_quat_xyzw"":[-0.035218,-0.011718,0.046525,0.998227],""pnp_camera_rpy_deg"":[-4.095299,-1.152773,5.378183],""pnp_reprojection_error_px"":0.053098}]",1,0.019925,161.052673,72.824988,,0,,0,,
2026-08-12T10:57:34.318550+00:00,5029.602204895,sway_decay_positive_0075_run03,0,"[0.0,0.0,0.0,0.0]",0,0,0,0,,,,,,,,,,,,,,,,,,,,,,,,,,,,0,,0,,,"[NaN,NaN,NaN]","[NaN,NaN,NaN,NaN]","[NaN,NaN,NaN,NaN,NaN,NaN]",0.002265,630,1,"[15,16]","[0.259855,1.117856,0.095171]","[{""tag_id"":15,""target_match"":true,""family"":""tag25h9"",""hamming"":0,""decision_margin"":160.432556,""pixel_xy"":[824.675574,202.41339],""world_xy_yaw"":[0.259855,1.117856,0.095171],""pnp_valid"":true,""pnp_camera_xyz"":[0.337569,-0.346951,1.287508],""pnp_camera_quat_xyzw"":[-0.029932,-0.003795,0.047593,0.998411],""pnp_camera_rpy_deg"":[-3.447342,-0.270973,5.466404],""pnp_reprojection_error_px"":0.022079},{""tag_id"":16,""target_match"":true,""family"":""tag25h9"",""hamming"":0,""decision_margin"":158.24646,""pixel_xy"":[819.835115,261.086573],""world_xy_yaw"":[0.251723,1.046274,0.094961],""pnp_valid"":true,""pnp_camera_xyz"":[0.323215,-0.205954,1.275091],""pnp_camera_quat_xyzw"":[-0.034523,-0.011438,0.046623,0.99825],""pnp_camera_rpy_deg"":[-4.014314,-1.124017,5.387487],""pnp_reprojection_error_px"":0.051447}]",1,0.022079,160.432556,73.165175,,0,,0,,
2026-08-12T10:57:34.367148+00:00,5029.650815121,sway_decay_positive_0075_run03,0,"[0.0,0.0,0.0,0.0]",0,0,0,0,,,,,,,,,,,,,,,,,,,,,,,,,,,,0,,0,,,"[NaN,NaN,NaN]","[NaN,NaN,NaN,NaN]","[NaN,NaN,NaN,NaN,NaN,NaN]",0.001152,631,1,"[15,16]","[0.259953,1.117843,0.095209]","[{""tag_id"":15,""target_match"":true,""family"":""tag25h9"",""hamming"":0,""decision_margin"":159.136932,""pixel_xy"":[824.733861,202.423767],""world_xy_yaw"":[0.259953,1.117843,0.095209],""pnp_valid"":true,""pnp_camera_xyz"":[0.337546,-0.346799,1.286963],""pnp_camera_quat_xyzw"":[-0.030562,-0.004209,0.047702,0.998385],""pnp_camera_rpy_deg"":[-3.521802,-0.31448,5.480616],""pnp_reprojection_error_px"":0.02122},{""tag_id"":16,""target_match"":true,""family"":""tag25h9"",""hamming"":0,""decision_margin"":157.542023,""pixel_xy"":[819.887264,261.073224],""world_xy_yaw"":[0.251811,1.046291,0.094284],""pnp_valid"":true,""pnp_camera_xyz"":[0.323422,-0.206064,1.27548],""pnp_camera_quat_xyzw"":[-0.034556,-0.011304,0.046469,0.998258],""pnp_camera_rpy_deg"":[-4.017151,-1.109123,5.369341],""pnp_reprojection_error_px"":0.058626}]",1,0.02122,159.136932,72.46817,,0,,0,,
2026-08-12T10:57:34.418593+00:00,5029.702248566,sway_decay_positive_0075_run03,0,"[0.0,0.0,0.0,0.0]",0,0,0,0,,,,,,,,,,,,,,,,,,,,,,,,,,,,0,,0,,,"[NaN,NaN,NaN]","[NaN,NaN,NaN,NaN]","[NaN,NaN,NaN,NaN,NaN,NaN]",0.001540,633,1,"[15,16]","[0.260151,1.117874,0.09583]","[{""tag_id"":15,""target_match"":true,""family"":""tag25h9"",""hamming"":0,""decision_margin"":159.908249,""pixel_xy"":[824.852051,202.398232],""world_xy_yaw"":[0.260151,1.117874,0.09583],""pnp_valid"":true,""pnp_camera_xyz"":[0.337991,-0.346979,1.287502],""pnp_camera_quat_xyzw"":[-0.029795,-0.003528,0.047927,0.9984],""pnp_camera_rpy_deg"":[-3.430268,-0.240003,5.503829],""pnp_reprojection_error_px"":0.023961},{""tag_id"":16,""target_match"":true,""family"":""tag25h9"",""hamming"":0,""decision_margin"":158.748383,""pixel_xy"":[819.983417,261.058594],""world_xy_yaw"":[0.251972,1.046309,0.095219],""pnp_valid"":true,""pnp_camera_xyz"":[0.323572,-0.206017,1.275158],""pnp_camera_quat_xyzw"":[-0.035309,-0.010984,0.0469,0.998215],""pnp_camera_rpy_deg"":[-4.102132,-1.066721,5.418152],""pnp_reprojection_error_px"":0.046204}]",1,0.023961,159.908249,71.134607,,0,,0,,
2026-08-12T10:57:34.468415+00:00,5029.752071385,sway_decay_positive_0075_run03,0,"[0.0,0.0,0.0,0.0]",0,0,0,0,,,,,,,,,,,,,,,,,,,,,,,,,,,,0,,0,,,"[NaN,NaN,NaN]","[NaN,NaN,NaN,NaN]","[NaN,NaN,NaN,NaN,NaN,NaN]",0.001421,635,1,"[15,16]","[0.252103,1.046345,0.097146]","[{""tag_id"":15,""target_match"":true,""family"":""tag25h9"",""hamming"":0,""decision_margin"":157.84375,""pixel_xy"":[824.965305,202.382491],""world_xy_yaw"":[0.260342,1.117893,0.095474],""pnp_valid"":true,""pnp_camera_xyz"":[0.338409,-0.347162,1.2881],""pnp_camera_quat_xyzw"":[-0.029633,-0.002096,0.048211,0.998395],""pnp_camera_rpy_deg"":[-3.403769,-0.076065,5.531447],""pnp_reprojection_error_px"":0.020868},{""tag_id"":16,""target_match"":true,""family"":""tag25h9"",""hamming"":0,""decision_margin"":162.910812,""pixel_xy"":[820.061259,261.029036],""world_xy_yaw"":[0.252103,1.046345,0.097146],""pnp_valid"":true,""pnp_camera_xyz"":[0.323824,-0.206063,1.275287],""pnp_camera_quat_xyzw"":[-0.035042,-0.01177,0.04729,0.998197],""pnp_camera_rpy_deg"":[-4.076353,-1.156508,5.46593],""pnp_reprojection_error_px"":0.028516}]",1,0.028516,162.910812,72.399481,,0,,0,,
2026-08-12T10:57:34.517168+00:00,5029.800831934,sway_decay_positive_0075_run03,0,"[0.0,0.0,0.0,0.0]",0,0,0,0,,,,,,,,,,,,,,,,,,,,,,,,,,,,0,,0,,,"[NaN,NaN,NaN]","[NaN,NaN,NaN,NaN]","[NaN,NaN,NaN,NaN,NaN,NaN]",0.001089,636,1,"[15,16]","[0.260459,1.117894,0.095225]","[{""tag_id"":15,""target_match"":true,""family"":""tag25h9"",""hamming"":0,""decision_margin"":159.436813,""pixel_xy"":[825.034854,202.38225],""world_xy_yaw"":[0.260459,1.117894,0.095225],""pnp_valid"":true,""pnp_camera_xyz"":[0.338338,-0.346965,1.287352],""pnp_camera_quat_xyzw"":[-0.029987,-0.003173,0.048204,0.998382],""pnp_camera_rpy_deg"":[-3.450275,-0.197381,5.534354],""pnp_reprojection_error_px"":0.004458},{""tag_id"":16,""target_match"":true,""family"":""tag25h9"",""hamming"":0,""decision_margin"":159.365067,""pixel_xy"":[820.111941,261.01058],""world_xy_yaw"":[0.252188,1.046367,0.095206],""pnp_valid"":true,""pnp_camera_xyz"":[0.324085,-0.206207,1.276027],""pnp_camera_quat_xyzw"":[-0.033038,-0.010322,0.047062,0.998292],""pnp_camera_rpy_deg"":[-3.838512,-1.002658,5.431683],""pnp_reprojection_error_px"":0.020877}]",1,0.004458,159.436813,71.773197,,0,,0,,
2026-08-12T10:57:34.566929+00:00,5029.850591104,sway_decay_positive_0075_run03,0,"[0.0,0.0,0.0,0.0]",0,0,0,0,,,,,,,,,,,,,,,,,,,,,,,,,,,,0,,0,,,"[NaN,NaN,NaN]","[NaN,NaN,NaN,NaN]","[NaN,NaN,NaN,NaN,NaN,NaN]",0.000610,638,1,"[15,16]","[0.252329,1.0464,0.096416]","[{""tag_id"":15,""target_match"":true,""family"":""tag25h9"",""hamming"":0,""decision_margin"":158.23317,""pixel_xy"":[825.132562,202.383227],""world_xy_yaw"":[0.260623,1.117892,0.097246],""pnp_valid"":true,""pnp_camera_xyz"":[0.338364,-0.346741,1.286425],""pnp_camera_quat_xyzw"":[-0.030627,-0.004585,0.048421,0.998347],""pnp_camera_rpy_deg"":[-3.531589,-0.354559,5.56445],""pnp_reprojection_error_px"":0.024756},{""tag_id"":16,""target_match"":true,""family"":""tag25h9"",""hamming"":0,""decision_margin"":160.722794,""pixel_xy"":[820.196103,260.983709],""world_xy_yaw"":[0.252329,1.0464,0.096416],""pnp_valid"":true,""pnp_camera_xyz"":[0.324185,-0.20617,1.275578],""pnp_camera_quat_xyzw"":[-0.034687,-0.011213,0.047295,0.998216],""pnp_camera_rpy_deg"":[-4.032557,-1.094661,5.463762],""pnp_reprojection_error_px"":0.007481}]",1,0.007481,160.722794,73.515598,,0,,0,,
2026-08-12T10:57:34.617610+00:00,5029.901272690,sway_decay_positive_0075_run03,0,"[0.0,0.0,0.0,0.0]",0,0,0,0,,,,,,,,,,,,,,,,,,,,,,,,,,,,0,,0,,,"[NaN,NaN,NaN]","[NaN,NaN,NaN,NaN]","[NaN,NaN,NaN,NaN,NaN,NaN]",0.001519,639,1,"[15,16]","[0.252389,1.046413,0.097538]","[{""tag_id"":15,""target_match"":true,""family"":""tag25h9"",""hamming"":0,""decision_margin"":157.449753,""pixel_xy"":[825.177121,202.348572],""world_xy_yaw"":[0.260698,1.117935,0.096733],""pnp_valid"":true,""pnp_camera_xyz"":[0.338747,-0.347041,1.287467],""pnp_camera_quat_xyzw"":[-0.030384,-0.003292,0.048445,0.998358],""pnp_camera_rpy_deg"":[-3.496543,-0.207923,5.56246],""pnp_reprojection_error_px"":0.026084},{""tag_id"":16,""target_match"":true,""family"":""tag25h9"",""hamming"":0,""decision_margin"":160.967499,""pixel_xy"":[820.231561,260.972882],""world_xy_yaw"":[0.252389,1.046413,0.097538],""pnp_valid"":true,""pnp_camera_xyz"":[0.324024,-0.206037,1.274593],""pnp_camera_quat_xyzw"":[-0.036387,-0.012213,0.047599,0.998129],""pnp_camera_rpy_deg"":[-4.233273,-1.198472,5.504877],""pnp_reprojection_error_px"":0.007257}]",1,0.007257,160.967499,74.601052,,0,,0,,
2026-08-12T10:57:34.667655+00:00,5029.951318129,sway_decay_positive_0075_run03,0,"[0.0,0.0,0.0,0.0]",0,0,0,0,,,,,,,,,,,,,,,,,,,,,,,,,,,,0,,0,,,"[NaN,NaN,NaN]","[NaN,NaN,NaN,NaN]","[NaN,NaN,NaN,NaN,NaN,NaN]",0.001550,640,1,"[15,16]","[0.260805,1.117945,0.096859]","[{""tag_id"":15,""target_match"":true,""family"":""tag25h9"",""hamming"":0,""decision_margin"":159.285461,""pixel_xy"":[825.241067,202.339911],""world_xy_yaw"":[0.260805,1.117945,0.096859],""pnp_valid"":true,""pnp_camera_xyz"":[0.338699,-0.346881,1.286801],""pnp_camera_quat_xyzw"":[-0.031281,-0.004091,0.048536,0.998323],""pnp_camera_rpy_deg"":[-3.603697,-0.293976,5.575969],""pnp_reprojection_error_px"":0.018761},{""tag_id"":16,""target_match"":true,""family"":""tag25h9"",""hamming"":0,""decision_margin"":158.278366,""pixel_xy"":[820.279601,260.965091],""world_xy_yaw"":[0.25247,1.046423,0.096745],""pnp_valid"":true,""pnp_camera_xyz"":[0.324122,-0.206042,1.274652],""pnp_camera_quat_xyzw"":[-0.035734,-0.011587,0.047605,0.99816],""pnp_camera_rpy_deg"":[-4.154956,-1.130443,5.502101],""pnp_reprojection_error_px"":0.012263}]",1,0.018761,159.285461,75.843724,,0,,0,,
2026-08-12T10:57:34.718051+00:00,5030.001710775,sway_decay_positive_0075_run03,0,"[0.0,0.0,0.0,0.0]",0,0,0,0,,,,,,,,,,,,,,,,,,,,,,,,,,,,0,,0,,,"[NaN,NaN,NaN]","[NaN,NaN,NaN,NaN]","[NaN,NaN,NaN,NaN,NaN,NaN]",0.001195,642,1,"[15,16]","[0.26098,1.117947,0.09715]","[{""tag_id"":15,""target_match"":true,""family"":""tag25h9"",""hamming"":0,""decision_margin"":160.358322,""pixel_xy"":[825.345293,202.338904],""world_xy_yaw"":[0.26098,1.117947,0.09715],""pnp_valid"":true,""pnp_camera_xyz"":[0.338857,-0.346807,1.286484],""pnp_camera_quat_xyzw"":[-0.031022,-0.004306,0.048673,0.998324],""pnp_camera_rpy_deg"":[-3.575262,-0.319602,5.592418],""pnp_reprojection_error_px"":0.014541},{""tag_id"":16,""target_match"":true,""family"":""tag25h9"",""hamming"":0,""decision_margin"":158.347488,""pixel_xy"":[820.348683,260.968065],""world_xy_yaw"":[0.252586,1.046419,0.097489],""pnp_valid"":true,""pnp_camera_xyz"":[0.32432,-0.206093,1.274724],""pnp_camera_quat_xyzw"":[-0.035742,-0.012217,0.047712,0.998147],""pnp_camera_rpy_deg"":[-4.159499,-1.201989,5.517034],""pnp_reprojection_error_px"":0.01819}]",1,0.014541,160.358322,73.21485,,0,,0,,
2026-08-12T10:57:34.767707+00:00,5030.051372669,sway_decay_positive_0075_run03,0,"[0.0,0.0,0.0,0.0]",0,0,0,0,,,,,,,,,,,,,,,,,,,,,,,,,,,,0,,0,,,"[NaN,NaN,NaN]","[NaN,NaN,NaN,NaN]","[NaN,NaN,NaN,NaN,NaN,NaN]",0.000903,644,1,"[15,16]","[0.252697,1.046414,0.098069]","[{""tag_id"":15,""target_match"":true,""family"":""tag25h9"",""hamming"":0,""decision_margin"":159.656952,""pixel_xy"":[825.421018,202.327987],""world_xy_yaw"":[0.261107,1.11796,0.097731],""pnp_valid"":true,""pnp_camera_xyz"":[0.339224,-0.347008,1.28711],""pnp_camera_quat_xyzw"":[-0.030399,-0.003169,0.049056,0.998328],""pnp_camera_rpy_deg"":[-3.497645,-0.191698,5.632167],""pnp_reprojection_error_px"":0.021128},{""tag_id"":16,""target_match"":true,""family"":""tag25h9"",""hamming"":0,""decision_margin"":162.995255,""pixel_xy"":[820.414606,260.972224],""world_xy_yaw"":[0.252697,1.046414,0.098069],""pnp_valid"":true,""pnp_camera_xyz"":[0.324411,-0.206051,1.274405],""pnp_camera_quat_xyzw"":[-0.036393,-0.012055,0.047861,0.998118],""pnp_camera_rpy_deg"":[-4.233325,-1.179277,5.534244],""pnp_reprojection_error_px"":0.026094}]",1,0.026094,162.995255,74.126015,,0,,0,,
2026-08-12T10:57:34.817501+00:00,5030.101172547,sway_decay_positive_0075_run03,0,"[0.0,0.0,0.0,0.0]",0,0,0,0,,,,,,,,,,,,,,,,,,,,,,,,,,,,0,,0,,,"[NaN,NaN,NaN]","[NaN,NaN,NaN,NaN]","[NaN,NaN,NaN,NaN,NaN,NaN]",0.001491,645,1,"[15,16]","[0.252754,1.046411,0.098213]","[{""tag_id"":15,""target_match"":true,""family"":""tag25h9"",""hamming"":0,""decision_margin"":157.367645,""pixel_xy"":[825.480866,202.328603],""world_xy_yaw"":[0.261208,1.117959,0.097398],""pnp_valid"":true,""pnp_camera_xyz"":[0.339408,-0.347075,1.287344],""pnp_camera_quat_xyzw"":[-0.030323,-0.00338,0.049034,0.998331],""pnp_camera_rpy_deg"":[-3.490118,-0.216271,5.630312],""pnp_reprojection_error_px"":0.012825},{""tag_id"":16,""target_match"":true,""family"":""tag25h9"",""hamming"":0,""decision_margin"":160.261276,""pixel_xy"":[820.449108,260.974989],""world_xy_yaw"":[0.252754,1.046411,0.098213],""pnp_valid"":true,""pnp_camera_xyz"":[0.324654,-0.206178,1.275017],""pnp_camera_quat_xyzw"":[-0.035554,-0.011107,0.048067,0.998149],""pnp_camera_rpy_deg"":[-4.132136,-1.074617,5.552834],""pnp_reprojection_error_px"":0.041355}]",1,0.041355,160.261276,75.041808,,0,,0,,
2026-08-12T10:57:34.867256+00:00,5030.150921973,sway_decay_positive_0075_run03,0,"[0.0,0.0,0.0,0.0]",0,0,0,0,,,,,,,,,,,,,,,,,,,,,,,,,,,,0,,0,,,"[NaN,NaN,NaN]","[NaN,NaN,NaN,NaN]","[NaN,NaN,NaN,NaN,NaN,NaN]",0.000775,647,1,"[15,16]","[0.252878,1.046403,0.098714]","[{""tag_id"":15,""target_match"":true,""family"":""tag25h9"",""hamming"":0,""decision_margin"":157.756638,""pixel_xy"":[825.566295,202.321918],""world_xy_yaw"":[0.261351,1.117967,0.098227],""pnp_valid"":true,""pnp_camera_xyz"":[0.339469,-0.346937,1.286759],""pnp_camera_quat_xyzw"":[-0.031265,-0.00281,0.04949,0.998281],""pnp_camera_rpy_deg"":[-3.594905,-0.144151,5.680811],""pnp_reprojection_error_px"":0.017828},{""tag_id"":16,""target_match"":true,""family"":""tag25h9"",""hamming"":0,""decision_margin"":159.691574,""pixel_xy"":[820.522525,260.980898],""world_xy_yaw"":[0.252878,1.046403,0.098714],""pnp_valid"":true,""pnp_camera_xyz"":[0.3248,-0.206168,1.274923],""pnp_camera_quat_xyzw"":[-0.03557,-0.011425,0.048301,0.998134],""pnp_camera_rpy_deg"":[-4.135961,-1.109903,5.581046],""pnp_reprojection_error_px"":0.049691}]",1,0.049691,159.691574,72.495581,,0,,0,,
2026-08-12T10:57:34.918223+00:00,5030.201879612,sway_decay_positive_0075_run03,0,"[0.0,0.0,0.0,0.0]",0,0,0,0,,,,,,,,,,,,,,,,,,,,,,,,,,,,0,,0,,,"[NaN,NaN,NaN]","[NaN,NaN,NaN,NaN]","[NaN,NaN,NaN,NaN,NaN,NaN]",0.002091,648,1,"[15,16]","[0.252943,1.046429,0.098414]","[{""tag_id"":15,""target_match"":true,""family"":""tag25h9"",""hamming"":0,""decision_margin"":158.51123,""pixel_xy"":[825.623671,202.350387],""world_xy_yaw"":[0.261448,1.117933,0.099007],""pnp_valid"":true,""pnp_camera_xyz"":[0.339624,-0.346945,1.286828],""pnp_camera_quat_xyzw"":[-0.030833,-0.003663,0.049663,0.998283],""pnp_camera_rpy_deg"":[-3.550289,-0.243616,5.703576],""pnp_reprojection_error_px"":0.028694},{""tag_id"":16,""target_match"":true,""family"":""tag25h9"",""hamming"":0,""decision_margin"":161.143661,""pixel_xy"":[820.561527,260.959978],""world_xy_yaw"":[0.252943,1.046429,0.098414],""pnp_valid"":true,""pnp_camera_xyz"":[0.324901,-0.206174,1.274989],""pnp_camera_quat_xyzw"":[-0.034936,-0.01083,0.048286,0.998164],""pnp_camera_rpy_deg"":[-4.060031,-1.045515,5.576142],""pnp_reprojection_error_px"":0.026359}]",1,0.026359,161.143661,73.545634,,0,,0,,
2026-08-12T10:57:34.967098+00:00,5030.250765782,sway_decay_positive_0075_run03,0,"[0.0,0.0,0.0,0.0]",0,0,0,0,,,,,,,,,,,,,,,,,,,,,,,,,,,,0,,0,,,"[NaN,NaN,NaN]","[NaN,NaN,NaN,NaN]","[NaN,NaN,NaN,NaN,NaN,NaN]",0.000739,650,1,"[15,16]","[0.25304,1.046429,0.099651]","[{""tag_id"":15,""target_match"":true,""family"":""tag25h9"",""hamming"":0,""decision_margin"":158.035446,""pixel_xy"":[825.72932,202.328033],""world_xy_yaw"":[0.261625,1.11796,0.097465],""pnp_valid"":true,""pnp_camera_xyz"":[0.340082,-0.347204,1.287773],""pnp_camera_quat_xyzw"":[-0.029847,-0.002073,0.04973,0.998315],""pnp_camera_rpy_deg"":[-3.42828,-0.067047,5.705503],""pnp_reprojection_error_px"":0.001902},{""tag_id"":16,""target_match"":true,""family"":""tag25h9"",""hamming"":0,""decision_margin"":160.516006,""pixel_xy"":[820.618838,260.959427],""world_xy_yaw"":[0.25304,1.046429,0.099651],""pnp_valid"":true,""pnp_camera_xyz"":[0.325242,-0.206298,1.275712],""pnp_camera_quat_xyzw"":[-0.035013,-0.010216,0.048799,0.998142],""pnp_camera_rpy_deg"":[-4.065853,-0.972708,5.632388],""pnp_reprojection_error_px"":0.031085}]",1,0.031085,160.516006,72.367118,,0,,0,,
2026-08-12T10:57:35.018598+00:00,5030.302251636,sway_decay_positive_0075_run03,0,"[0.0,0.0,0.0,0.0]",0,0,0,0,,,,,,,,,,,,,,,,,,,,,,,,,,,,0,,0,,,"[NaN,NaN,NaN]","[NaN,NaN,NaN,NaN]","[NaN,NaN,NaN,NaN,NaN,NaN]",0.002377,651,1,"[15,16]","[0.261666,1.117942,0.098808]","[{""tag_id"":15,""target_match"":true,""family"":""tag25h9"",""hamming"":0,""decision_margin"":160.124207,""pixel_xy"":[825.75363,202.342528],""world_xy_yaw"":[0.261666,1.117942,0.098808],""pnp_valid"":true,""pnp_camera_xyz"":[0.34019,-0.347211,1.287808],""pnp_camera_quat_xyzw"":[-0.029751,-0.003273,0.049653,0.998318],""pnp_camera_rpy_deg"":[-3.424189,-0.205153,5.700793],""pnp_reprojection_error_px"":0.02382},{""tag_id"":16,""target_match"":true,""family"":""tag25h9"",""hamming"":0,""decision_margin"":158.578979,""pixel_xy"":[820.657174,260.962399],""world_xy_yaw"":[0.253104,1.046426,0.099535],""pnp_valid"":true,""pnp_camera_xyz"":[0.325127,-0.206195,1.274993],""pnp_camera_quat_xyzw"":[-0.035468,-0.010328,0.048958,0.998117],""pnp_camera_rpy_deg"":[-4.118795,-0.982393,5.651629],""pnp_reprojection_error_px"":0.037959}]",1,0.02382,160.124207,73.416876,,0,,0,,
2026-08-12T10:57:35.066769+00:00,5030.350438452,sway_decay_positive_0075_run03,0,"[0.0,0.0,0.0,0.0]",0,0,0,0,,,,,,,,,,,,,,,,,,,,,,,,,,,,0,,0,,,"[NaN,NaN,NaN]","[NaN,NaN,NaN,NaN]","[NaN,NaN,NaN,NaN,NaN,NaN]",0.000637,653,1,"[15,16]","[0.253215,1.046445,0.099626]","[{""tag_id"":15,""target_match"":true,""family"":""tag25h9"",""hamming"":0,""decision_margin"":157.683395,""pixel_xy"":[825.850574,202.336457],""world_xy_yaw"":[0.261829,1.11795,0.099353],""pnp_valid"":true,""pnp_camera_xyz"":[0.340399,-0.347207,1.287803],""pnp_camera_quat_xyzw"":[-0.029991,-0.002662,0.050292,0.998281],""pnp_camera_rpy_deg"":[-3.448286,-0.131731,5.772049],""pnp_reprojection_error_px"":0.013027},{""tag_id"":16,""target_match"":true,""family"":""tag25h9"",""hamming"":0,""decision_margin"":158.520676,""pixel_xy"":[820.723468,260.94654],""world_xy_yaw"":[0.253215,1.046445,0.099626],""pnp_valid"":true,""pnp_camera_xyz"":[0.325459,-0.206298,1.275685],""pnp_camera_quat_xyzw"":[-0.03499,-0.009958,0.049036,0.998134],""pnp_camera_rpy_deg"":[-4.062041,-0.942447,5.658534],""pnp_reprojection_error_px"":0.018091}]",1,0.018091,158.520676,72.806364,,0,,0,,
2026-08-12T10:57:35.118551+00:00,5030.402206709,sway_decay_positive_0075_run03,0,"[0.0,0.0,0.0,0.0]",0,0,0,0,,,,,,,,,,,,,,,,,,,,,,,,,,,,0,,0,,,"[NaN,NaN,NaN]","[NaN,NaN,NaN,NaN]","[NaN,NaN,NaN,NaN,NaN,NaN]",0.002253,654,1,"[15,16]","[0.253236,1.046442,0.100437]","[{""tag_id"":15,""target_match"":true,""family"":""tag25h9"",""hamming"":0,""decision_margin"":156.554306,""pixel_xy"":[825.897597,202.32886],""world_xy_yaw"":[0.261908,1.117959,0.099153],""pnp_valid"":true,""pnp_camera_xyz"":[0.340452,-0.347143,1.287593],""pnp_camera_quat_xyzw"":[-0.029586,-0.003014,0.050082,0.998302],""pnp_camera_rpy_deg"":[-3.403872,-0.175022,5.749148],""pnp_reprojection_error_px"":0.010064},{""tag_id"":16,""target_match"":true,""family"":""tag25h9"",""hamming"":0,""decision_margin"":159.119095,""pixel_xy"":[820.735962,260.949239],""world_xy_yaw"":[0.253236,1.046442,0.100437],""pnp_valid"":true,""pnp_camera_xyz"":[0.32558,-0.206336,1.275904],""pnp_camera_quat_xyzw"":[-0.034721,-0.009714,0.049111,0.998142],""pnp_camera_rpy_deg"":[-4.029829,-0.915706,5.665814],""pnp_reprojection_error_px"":0.028215}]",1,0.028215,159.119095,73.306793,,0,,0,,
2026-08-12T10:57:35.167127+00:00,5030.450794505,sway_decay_positive_0075_run03,0,"[0.0,0.0,0.0,0.0]",0,0,0,0,,,,,,,,,,,,,,,,,,,,,,,,,,,,0,,0,,,"[NaN,NaN,NaN]","[NaN,NaN,NaN,NaN]","[NaN,NaN,NaN,NaN,NaN,NaN]",0.000729,656,1,"[15,16]","[0.262009,1.117937,0.100578]","[{""tag_id"":15,""target_match"":true,""family"":""tag25h9"",""hamming"":0,""decision_margin"":160.267654,""pixel_xy"":[825.957924,202.346554],""world_xy_yaw"":[0.262009,1.117937,0.100578],""pnp_valid"":true,""pnp_camera_xyz"":[0.340715,-0.347191,1.287869],""pnp_camera_quat_xyzw"":[-0.029371,-0.002282,0.050524,0.998288],""pnp_camera_rpy_deg"":[-3.375065,-0.090975,5.797238],""pnp_reprojection_error_px"":0.029576},{""tag_id"":16,""target_match"":true,""family"":""tag25h9"",""hamming"":0,""decision_margin"":160.17981,""pixel_xy"":[820.816754,260.97264],""world_xy_yaw"":[0.253372,1.046413,0.09956],""pnp_valid"":true,""pnp_camera_xyz"":[0.325746,-0.206323,1.275976],""pnp_camera_quat_xyzw"":[-0.033848,-0.009338,0.049214,0.998171],""pnp_camera_rpy_deg"":[-3.927762,-0.877206,5.675328],""pnp_reprojection_error_px"":0.035158}]",1,0.029576,160.267654,72.9682,,0,,0,,
2026-08-12T10:57:35.217046+00:00,5030.500714020,sway_decay_positive_0075_run03,0,"[0.0,0.0,0.0,0.0]",0,0,0,0,,,,,,,,,,,,,,,,,,,,,,,,,,,,0,,0,,,"[NaN,NaN,NaN]","[NaN,NaN,NaN,NaN]","[NaN,NaN,NaN,NaN,NaN,NaN]",0.001097,657,1,"[15,16]","[0.25341,1.046428,0.10023]","[{""tag_id"":15,""target_match"":true,""family"":""tag25h9"",""hamming"":0,""decision_margin"":156.307602,""pixel_xy"":[825.998271,202.338642],""world_xy_yaw"":[0.262077,1.117947,0.100429],""pnp_valid"":true,""pnp_camera_xyz"":[0.34061,-0.34701,1.28718],""pnp_camera_quat_xyzw"":[-0.030052,-0.003385,0.050318,0.998275],""pnp_camera_rpy_deg"":[-3.459381,-0.213978,5.777503],""pnp_reprojection_error_px"":0.021734},{""tag_id"":16,""target_match"":true,""family"":""tag25h9"",""hamming"":0,""decision_margin"":159.81897,""pixel_xy"":[820.839271,260.961025],""world_xy_yaw"":[0.25341,1.046428,0.10023],""pnp_valid"":true,""pnp_camera_xyz"":[0.325658,-0.206231,1.275396],""pnp_camera_quat_xyzw"":[-0.034605,-0.009619,0.049396,0.998133],""pnp_camera_rpy_deg"":[-4.016225,-0.90441,5.698091],""pnp_reprojection_error_px"":0.024143}]",1,0.024143,159.81897,74.471104,,0,,0,,
