host_time_utc,host_monotonic_s,phase,requested_forward,requested_right,requested_down,requested_yaw,requested_motor_index,requested_motor_throttle,requested_armed,sent,transport_open,session_confirmed,armed_confirmation_fresh,telemetry_fresh,telemetry_age_s,telemetry_sequence,mcu_tick_ms,state,telemetry_armed,telemetry_mpc_direct,telemetry_yaw_direct,telemetry_failsafe,command_status,reject_flags,last_command_session,last_command_sequence,last_command_crc,last_command_sender_time_ms,command_count,rejected_command_count,yaw_rad,yaw_rate_rad_s,imu_quat_wxyz,imu_angular_velocity_xyz_rad_s,imu_linear_acceleration_xyz_m_s2,depth_m,pressure_pa,received_channels,applied_motor_throttle_m1_m8,motor_rpm_m1_m8,rpm_valid_mask,execution_feedback_valid,rpm_available
2026-08-12T10:57:30.514518+00:00,5025.797780,cycle_1_neutral_before_blocked,0.0000000,0.0000000,0.0000000,0.0000000,,,0,1,1,0,0,0,nan,,,,,,,,,,,,,,,,,,,,,,,,,,,,
2026-08-12T10:57:30.565679+00:00,5025.848368,cycle_1_neutral_before_blocked,0.0000000,0.0000000,0.0000000,0.0000000,,,0,1,1,0,0,1,0.000000,7426,371350,1,0,1,1,0,1,0,1589160936,44,28653,4838305,426,0,1.2911890,-0.0036584,"[0.798139750957489,-0.030926989391446114,-0.017629994079470634,0.6014197468757629]","[-0.0013857216108590364,0.0020568878389894962,-0.0036584020126610994]","[-0.07656899839639664,-0.6865249872207642,9.738568305969238]",0.4627551,4535.000,"[0.0,0.0,0.0,0.0]","[0.0,0.0,0.0,0.0,0.0,0.0,0.0,0.0]","[0.0,0.0,0.0,0.0,0.0,0.0,0.0,0.0]",255,1,1
2026-08-12T10:57:30.617763+00:00,5025.899694,cycle_1_neutral_before_blocked,0.0000000,0.0000000,0.0000000,0.0000000,,,0,1,1,1,0,1,0.000000,7427,371400,1,0,1,1,0,1,0,1741899709,0,48868,5025797,427,0,1.2912204,-0.0042293,"[0.7981301546096802,-0.03092997707426548,-0.017619986087083817,0.6014326214790344]","[-0.0020088390447199345,-0.00044224897283129394,-0.00422929972410202]","[-0.07180299609899521,-0.6939089894294739,9.729137420654297]",0.4627551,4535.000,"[0.0,0.0,0.0,0.0]","[0.0,0.0,0.0,0.0,0.0,0.0,0.0,0.0]","[0.0,0.0,0.0,0.0,0.0,0.0,0.0,0.0]",255,1,1
2026-08-12T10:57:30.670087+00:00,5025.951993,cycle_1_neutral_before_blocked,0.0000000,0.0000000,0.0000000,0.0000000,,,0,1,1,1,0,1,0.000000,7428,371450,1,0,1,1,0,1,0,1741899709,1,12068,5025849,428,0,1.2912494,-0.0036584,"[0.7981213927268982,-0.03092997521162033,-0.017608987167477608,0.6014445424079895]","[-0.0013857216108590364,0.0020568878389894962,-0.0036584020126610994]","[-0.06704100221395493,-0.6988149881362915,9.724465370178223]",0.4627551,4535.000,"[0.0,0.0,0.0,0.0]","[0.0,0.0,0.0,0.0,0.0,0.0,0.0,0.0]","[0.0,0.0,0.0,0.0,0.0,0.0,0.0,0.0]",255,1,1
2026-08-12T10:57:30.722434+00:00,5026.004350,cycle_1_neutral_before_blocked,0.0000000,0.0000000,0.0000000,0.0000000,,,0,1,1,1,0,1,0.000000,7429,371500,1,0,1,1,0,1,0,1741899709,2,56823,5025900,429,0,1.2912617,-0.0042219,"[0.7981183528900146,-0.0309129748493433,-0.01760498806834221,0.6014495491981506]","[0.002871293807402253,0.0007739488501101732,-0.004221881739795208]","[-0.07173500210046768,-0.6991239786148071,9.702826499938965]",0.4657143,4564.000,"[0.0,0.0,0.0,0.0]","[0.0,0.0,0.0,0.0,0.0,0.0,0.0,0.0]","[0.0,0.0,0.0,0.0,0.0,0.0,0.0,0.0]",255,1,1
2026-08-12T10:57:30.774695+00:00,5026.056650,cycle_1_neutral_before_blocked,0.0000000,0.0000000,0.0000000,0.0000000,,,0,1,1,1,0,1,0.000000,7430,371550,1,0,1,1,0,1,0,1741899709,3,7787,5025953,430,0,1.2912759,-0.0048407,"[0.7981147766113281,-0.03089398704469204,-0.017588989809155464,0.6014556884765625]","[0.0016540312208235264,0.0007741059525869787,-0.004840722773224115]","[-0.07420100271701813,-0.7110660076141357,9.707773208618164]",0.4657143,4564.000,"[0.0,0.0,0.0,0.0]","[0.0,0.0,0.0,0.0,0.0,0.0,0.0,0.0]","[0.0,0.0,0.0,0.0,0.0,0.0,0.0,0.0]",255,1,1
2026-08-12T10:57:30.826978+00:00,5026.108916,cycle_1_neutral_before_blocked,0.0000000,0.0000000,0.0000000,0.0000000,,,0,1,1,1,0,1,0.000000,7431,371600,1,0,1,1,0,1,0,1741899709,4,4731,5026005,431,0,1.2912946,-0.0048481,"[0.7981098890304565,-0.03087596781551838,-0.01754998043179512,0.6014643311500549]","[0.0004358610894996673,0.0007819773745723069,-0.00484810583293438]","[-0.08375000208616257,-0.7044240236282349,9.719558715820312]",0.4703061,4609.000,"[0.0,0.0,0.0,0.0]","[0.0,0.0,0.0,0.0,0.0,0.0,0.0,0.0]","[0.0,0.0,0.0,0.0,0.0,0.0,0.0,0.0]",255,1,1
2026-08-12T10:57:30.879484+00:00,5026.161419,cycle_1_neutral_before_blocked,0.0000000,0.0000000,0.0000000,0.0000000,,,0,1,1,1,0,1,0.000000,7432,371650,1,0,1,1,0,1,0,1741899709,5,19898,5026057,432,0,1.2913048,-0.0048629,"[0.7981082201004028,-0.030837958678603172,-0.01752297766506672,0.6014692187309265]","[-0.0020004790276288986,0.0007977027562446892,-0.004862871486693621]","[-0.07417500019073486,-0.7062550187110901,9.70770263671875]",0.4703061,4609.000,"[0.0,0.0,0.0,0.0]","[0.0,0.0,0.0,0.0,0.0,0.0,0.0,0.0]","[0.0,0.0,0.0,0.0,0.0,0.0,0.0,0.0]",255,1,1
2026-08-12T10:57:30.931761+00:00,5026.213732,cycle_1_neutral_before_blocked,0.0000000,0.0000000,0.0000000,0.0000000,,,0,1,1,1,0,1,0.000000,7433,371700,1,0,1,1,0,1,0,1741899709,6,27003,5026110,433,0,1.2913127,-0.0048260,"[0.7981070280075073,-0.030809983611106873,-0.017510991543531418,0.6014726758003235]","[0.0004283911257516593,-0.0004656887613236904,-0.00482599250972271]","[-0.08369500190019608,-0.6989219784736633,9.712281227111816]",0.4688775,4595.000,"[0.0,0.0,0.0,0.0]","[0.0,0.0,0.0,0.0,0.0,0.0,0.0,0.0]","[0.0,0.0,0.0,0.0,0.0,0.0,0.0,0.0]",255,1,1
2026-08-12T10:57:30.984850+00:00,5026.265865,cycle_1_neutral_before_blocked,0.0000000,0.0000000,0.0000000,0.0000000,,,0,1,1,1,0,1,0.000000,7435,371800,1,0,1,1,0,1,0,1741899709,8,22589,5026214,435,0,1.2913513,-0.0060599,"[0.7980988025665283,-0.030719982460141182,-0.017488989979028702,0.6014887094497681]","[0.00043392376392148435,0.00014271558029577136,-0.006059940438717604]","[-0.09574399888515472,-0.7007960081100464,9.743356704711914]",0.4738775,4644.000,"[0.0,0.0,0.0,0.0]","[0.0,0.0,0.0,0.0,0.0,0.0,0.0,0.0]","[0.0,0.0,0.0,0.0,0.0,0.0,0.0,0.0]",255,1,1
2026-08-12T10:57:31.037018+00:00,5026.319048,cycle_1_neutral_before_blocked,0.0000000,0.0000000,0.0000000,0.0000000,,,0,1,1,1,0,1,0.000000,7436,371850,1,0,1,1,0,1,0,1741899709,9,41220,5026268,436,0,1.2913527,-0.0048260,"[0.798099935054779,-0.030682986602187157,-0.017470993101596832,0.601489782333374]","[0.0004283911257516593,-0.0004656887613236904,-0.00482599250972271]","[-0.10049299895763397,-0.6885629892349243,9.755115509033203]",0.4738775,4644.000,"[0.0,0.0,0.0,0.0]","[0.0,0.0,0.0,0.0,0.0,0.0,0.0,0.0]","[0.0,0.0,0.0,0.0,0.0,0.0,0.0,0.0]",255,1,1
2026-08-12T10:57:31.089231+00:00,5026.371231,cycle_1_neutral_before_blocked,0.0000000,0.0000000,0.0000000,0.0000000,,,0,1,1,1,0,1,0.000000,7437,371900,1,0,1,1,0,1,0,1741899709,10,45715,5026320,437,0,1.2913097,-0.0040402,"[0.7981134057044983,-0.03066897764801979,-0.01747298613190651,0.6014724969863892]","[-0.0007835131837055087,0.0008001287933439016,-0.0040402282029390335]","[-0.10286500304937363,-0.6845070123672485,9.757428169250488]",0.4761224,4666.000,"[0.0,0.0,0.0,0.0]","[0.0,0.0,0.0,0.0,0.0,0.0,0.0,0.0]","[0.0,0.0,0.0,0.0,0.0,0.0,0.0,0.0]",255,1,1
2026-08-12T10:57:31.141457+00:00,5026.423415,cycle_1_neutral_before_blocked,0.0000000,0.0000000,0.0000000,0.0000000,,,0,1,1,1,0,1,0.000000,7438,371950,1,0,1,1,0,1,0,1741899709,11,29983,5026372,438,0,1.2913284,-0.0036363,"[0.7981086373329163,-0.030644988641142845,-0.01744699478149414,0.6014807820320129]","[0.0004377809527795762,0.0014212391106411815,-0.0036362542305141687]","[-0.10764399915933609,-0.6860880255699158,9.757396697998047]",0.4761224,4666.000,"[0.0,0.0,0.0,0.0]","[0.0,0.0,0.0,0.0,0.0,0.0,0.0,0.0]","[0.0,0.0,0.0,0.0,0.0,0.0,0.0,0.0]",255,1,1
2026-08-12T10:57:31.193377+00:00,5026.475611,cycle_1_neutral_before_blocked,0.0000000,0.0000000,0.0000000,0.0000000,,,0,1,1,1,0,1,0.000000,7439,372000,1,0,1,1,0,1,0,1741899709,12,17626,5026424,439,0,1.2913413,-0.0036326,"[0.7981049418449402,-0.030639981850981712,-0.017421990633010864,0.6014866232872009]","[-0.0007841066690161824,0.0008052599732764065,-0.003632588777691126]","[-0.11006300151348114,-0.6810100078582764,9.774085998535156]",0.4731633,4637.000,"[0.0,0.0,0.0,0.0]","[0.0,0.0,0.0,0.0,0.0,0.0,0.0,0.0]","[0.0,0.0,0.0,0.0,0.0,0.0,0.0,0.0]",255,1,1
2026-08-12T10:57:31.245499+00:00,5026.527477,cycle_1_neutral_before_blocked,0.0000000,0.0000000,0.0000000,0.0000000,,,0,1,1,1,0,1,0.000000,7440,372050,1,0,1,1,0,1,0,1741899709,13,27953,5026476,440,0,1.2913417,-0.0054669,"[0.7981052994728088,-0.030626974999904633,-0.017396986484527588,0.6014875173568726]","[-0.0007814014097675681,0.0007821344770491123,-0.005466946866363287]","[-0.11722199618816376,-0.6686570048332214,9.793010711669922]",0.4731633,4637.000,"[0.0,0.0,0.0,0.0]","[0.0,0.0,0.0,0.0,0.0,0.0,0.0,0.0]","[0.0,0.0,0.0,0.0,0.0,0.0,0.0,0.0]",255,1,1
2026-08-12T10:57:31.297675+00:00,5026.579636,cycle_1_neutral_before_blocked,0.0000000,0.0000000,0.0000000,0.0000000,,,0,1,1,1,0,1,0.000000,7441,372100,1,0,1,1,0,1,0,1741899709,14,30101,5026528,441,0,1.2913443,-0.0036473,"[0.7981042265892029,-0.030632978305220604,-0.01736498810350895,0.6014896035194397]","[0.00044151596375741065,0.0020450721494853497,-0.0036473192740231752]","[-0.11247800290584564,-0.6685689687728882,9.800260543823242]",0.4763265,4668.000,"[0.0,0.0,0.0,0.0]","[0.0,0.0,0.0,0.0,0.0,0.0,0.0,0.0]","[0.0,0.0,0.0,0.0,0.0,0.0,0.0,0.0]",255,1,1
2026-08-12T10:57:31.349860+00:00,5026.631885,cycle_1_neutral_before_blocked,0.0000000,0.0000000,0.0000000,0.0000000,,,0,1,1,1,0,1,0.000000,7442,372150,1,0,1,1,0,1,0,1741899709,15,43818,5026580,442,0,1.2913435,-0.0036252,"[0.7981045842170715,-0.03062898851931095,-0.017346994951367378,0.601489782333374]","[0.0004340459418017417,0.0007974060135893524,-0.003625206183642149]","[-0.11712899804115295,-0.6542980074882507,9.788003921508789]",0.4763265,4668.000,"[0.0,0.0,0.0,0.0]","[0.0,0.0,0.0,0.0,0.0,0.0,0.0,0.0]","[0.0,0.0,0.0,0.0,0.0,0.0,0.0,0.0]",255,1,1
2026-08-12T10:57:31.401010+00:00,5026.684047,cycle_1_neutral_before_blocked,0.0000000,0.0000000,0.0000000,0.0000000,,,0,1,1,1,0,1,0.000000,7443,372200,1,0,1,1,0,1,0,1741899709,16,45835,5026633,443,0,1.2913514,-0.0048629,"[0.7981022000312805,-0.0306299589574337,-0.01733797788619995,0.601493239402771]","[-0.0020004790276288986,0.0007977027562446892,-0.004862871486693621]","[-0.11482399702072144,-0.6662619709968567,9.79300308227539]",0.4763265,4668.000,"[0.0,0.0,0.0,0.0]","[0.0,0.0,0.0,0.0,0.0,0.0,0.0,0.0]","[0.0,0.0,0.0,0.0,0.0,0.0,0.0,0.0]",255,1,1
2026-08-12T10:57:31.452870+00:00,5026.734932,cycle_1_neutral_before_blocked,0.0000000,0.0000000,0.0000000,0.0000000,,,0,1,1,1,0,1,0.000000,7444,372250,1,0,1,1,0,1,0,1741899709,17,23921,5026684,444,0,1.2913878,-0.0036793,"[0.7980897426605225,-0.030666986480355263,-0.017340991646051407,0.6015077233314514]","[-0.0023959006648510695,0.002895222045481205,-0.0036792936734855175]","[-0.09174299985170364,-0.6697589755058289,9.781328201293945]",0.4659184,4566.000,"[0.0,0.0,0.0,0.0]","[0.0,0.0,0.0,0.0,0.0,0.0,0.0,0.0]","[0.0,0.0,0.0,0.0,0.0,0.0,0.0,0.0]",255,1,1
2026-08-12T10:57:31.505152+00:00,5026.787098,cycle_1_neutral_before_blocked,0.0000000,0.0000000,0.0000000,0.0000000,,,0,1,1,1,0,1,0.000000,7445,372300,1,0,1,1,0,1,0,1741899709,18,43954,5026736,445,0,1.2914023,-0.0048629,"[0.7980851531028748,-0.03067297860980034,-0.017338987439870834,0.6015136241912842]","[-0.0020004790276288986,0.0007977027562446892,-0.004862871486693621]","[-0.10041599720716476,-0.6593689918518066,9.776276588439941]",0.4659184,4566.000,"[0.0,0.0,0.0,0.0]","[0.0,0.0,0.0,0.0,0.0,0.0,0.0,0.0]","[0.0,0.0,0.0,0.0,0.0,0.0,0.0,0.0]",255,1,1
2026-08-12T10:57:31.557475+00:00,5026.839391,cycle_1_neutral_before_blocked,0.0000000,0.0000000,0.0000000,0.0000000,,,0,1,1,1,0,1,0.000000,7446,372350,1,0,1,1,0,1,0,1741899709,19,27710,5026788,446,0,1.2914037,-0.0042367,"[0.7980848550796509,-0.030672969296574593,-0.017363980412483215,0.6015133857727051]","[-0.003227026667445898,-0.00043437755084596574,-0.0042366995476186275]","[-0.08372800052165985,-0.669251024723053,9.764619827270508]",0.4608163,4516.000,"[0.0,0.0,0.0,0.0]","[0.0,0.0,0.0,0.0,0.0,0.0,0.0,0.0]","[0.0,0.0,0.0,0.0,0.0,0.0,0.0,0.0]",255,1,1
2026-08-12T10:57:31.609764+00:00,5026.891710,cycle_1_neutral_before_blocked,0.0000000,0.0000000,0.0000000,0.0000000,,,0,1,1,1,0,1,0.000000,7447,372400,1,0,1,1,0,1,0,1741899709,20,29384,5026840,447,0,1.2914000,-0.0048776,"[0.7980849146842957,-0.030697982758283615,-0.01737198978662491,0.6015117168426514]","[-0.000774838961660862,0.0020375321619212627,-0.004877601750195026]","[-0.0861010029911995,-0.6717550158500671,9.75743293762207]",0.4608163,4516.000,"[0.0,0.0,0.0,0.0]","[0.0,0.0,0.0,0.0,0.0,0.0,0.0,0.0]","[0.0,0.0,0.0,0.0,0.0,0.0,0.0,0.0]",255,1,1
2026-08-12T10:57:31.661505+00:00,5026.943939,cycle_1_neutral_before_blocked,0.0000000,0.0000000,0.0000000,0.0000000,,,0,1,1,1,0,1,0.000000,7448,372450,1,0,1,1,0,1,0,1741899709,21,46404,5026892,448,0,1.2913741,-0.0036400,"[0.7980930805206299,-0.030690981075167656,-0.017394987866282463,0.6015006303787231]","[-0.00200227671302855,0.0008131313952617347,-0.0036399713717401028]","[-0.06463500112295151,-0.6866160035133362,9.736310005187988]",0.4555102,4464.000,"[0.0,0.0,0.0,0.0]","[0.0,0.0,0.0,0.0,0.0,0.0,0.0,0.0]","[0.0,0.0,0.0,0.0,0.0,0.0,0.0,0.0]",255,1,1
2026-08-12T10:57:31.713476+00:00,5026.995619,cycle_1_neutral_before_blocked,0.0000000,0.0000000,0.0000000,0.0000000,,,0,1,1,1,0,1,0.000000,7449,372500,1,0,1,1,0,1,0,1741899709,21,46404,5026892,448,0,1.2914159,-0.0036400,"[0.7980799078941345,-0.030705982819199562,-0.017414990812540054,0.6015167236328125]","[-0.00200227671302855,0.0008131313952617347,-0.0036399713717401028]","[-0.07412699609994888,-0.6802189946174622,9.732108116149902]",0.4555102,4464.000,"[0.0,0.0,0.0,0.0]","[0.0,0.0,0.0,0.0,0.0,0.0,0.0,0.0]","[0.0,0.0,0.0,0.0,0.0,0.0,0.0,0.0]",255,1,1
2026-08-12T10:57:31.765652+00:00,5027.047651,cycle_1_neutral_before_blocked,0.0000000,0.0000000,0.0000000,0.0000000,,,0,1,1,1,0,1,0.000000,7450,372550,1,0,1,1,0,1,0,1741899709,22,17287,5026944,449,0,1.2914094,-0.0048432,"[0.7980809807777405,-0.03072798065841198,-0.01743299327790737,0.6015136241912842]","[-0.0011933339992538095,-3.9304813981289044e-05,-0.0048432014882564545]","[-0.0678120031952858,-0.6866139769554138,9.735471725463867]",0.4555102,4464.000,"[0.0,0.0,0.0,0.0]","[0.0,0.0,0.0,0.0,0.0,0.0,0.0,0.0]","[0.0,0.0,0.0,0.0,0.0,0.0,0.0,0.0]",255,1,1
2026-08-12T10:57:31.817959+00:00,5027.099861,cycle_1_neutral_before_blocked,0.0000000,0.0000000,0.0000000,0.0000000,,,0,1,1,1,0,1,0.000000,7451,372600,1,0,1,1,0,1,0,1741899709,23,14496,5026996,450,0,1.2914268,-0.0036363,"[0.7980743050575256,-0.030764993280172348,-0.01745699718594551,0.6015198826789856]","[-0.003224181942641735,0.00019715240341611207,-0.0036363061517477036]","[-0.06943000108003616,-0.7012460231781006,9.722074508666992]",0.4553061,4462.000,"[0.0,0.0,0.0,0.0]","[0.0,0.0,0.0,0.0,0.0,0.0,0.0,0.0]","[0.0,0.0,0.0,0.0,0.0,0.0,0.0,0.0]",255,1,1
2026-08-12T10:57:31.869504+00:00,5027.152136,cycle_1_neutral_before_blocked,0.0000000,0.0000000,0.0000000,0.0000000,,,0,1,1,1,0,1,0.000000,7452,372650,1,0,1,1,0,1,0,1741899709,24,46528,5027048,451,0,1.2914350,-0.0036179,"[0.7980711460113525,-0.030783982947468758,-0.01747599057853222,0.6015226244926453]","[-0.0020097466185688972,-0.00043453462421894073,-0.0036178582813590765]","[-0.06223300099372864,-0.6965420246124268,9.717290878295898]",0.4553061,4462.000,"[0.0,0.0,0.0,0.0]","[0.0,0.0,0.0,0.0,0.0,0.0,0.0,0.0]","[0.0,0.0,0.0,0.0,0.0,0.0,0.0,0.0]",255,1,1
2026-08-12T10:57:31.921556+00:00,5027.203512,cycle_1_neutral_before_blocked,0.0000000,0.0000000,0.0000000,0.0000000,,,0,1,1,1,0,1,0.000000,7453,372700,1,0,1,1,0,1,0,1741899709,25,65058,5027101,452,0,1.2914636,-0.0048481,"[0.7980617880821228,-0.03080098330974579,-0.017487987875938416,0.6015337109565735]","[0.0004358610894996673,0.0007819773745723069,-0.00484810583293438]","[-0.06700299680233002,-0.7014409899711609,9.710112571716309]",0.4523469,4433.000,"[0.0,0.0,0.0,0.0]","[0.0,0.0,0.0,0.0,0.0,0.0,0.0,0.0]","[0.0,0.0,0.0,0.0,0.0,0.0,0.0,0.0]",255,1,1
2026-08-12T10:57:31.974602+00:00,5027.255728,cycle_1_neutral_before_blocked,0.0000000,0.0000000,0.0000000,0.0000000,,,0,1,1,1,0,1,0.000000,7454,372750,1,0,1,1,0,1,0,1741899709,26,29659,5027152,453,0,1.2914810,-0.0036215,"[0.7980564832687378,-0.03080497309565544,-0.01749398559331894,0.6015404462814331]","[-0.0007878415635786951,0.00018142697808798403,-0.003621523268520832]","[-0.0670280009508133,-0.7062519788742065,9.710184097290039]",0.4523469,4433.000,"[0.0,0.0,0.0,0.0]","[0.0,0.0,0.0,0.0,0.0,0.0,0.0,0.0]","[0.0,0.0,0.0,0.0,0.0,0.0,0.0,0.0]",255,1,1
2026-08-12T10:57:32.026065+00:00,5027.308909,cycle_1_neutral_before_blocked,0.0000000,0.0000000,0.0000000,0.0000000,,,0,1,1,1,0,1,0.000000,7455,372800,1,0,1,1,0,1,0,1741899709,27,23088,5027204,454,0,1.2914922,-0.0036326,"[0.7980530858039856,-0.030804960057139397,-0.017482977360486984,0.6015452742576599]","[-0.0007841066690161824,0.0008052599732764065,-0.003632588777691126]","[-0.07259900122880936,-0.70620197057724,9.71171760559082]",0.4502041,4412.000,"[0.0,0.0,0.0,0.0]","[0.0,0.0,0.0,0.0,0.0,0.0,0.0,0.0]","[0.0,0.0,0.0,0.0,0.0,0.0,0.0,0.0]",255,1,1
2026-08-12T10:57:32.077071+00:00,5027.360107,cycle_1_neutral_before_blocked,0.0000000,0.0000000,0.0000000,0.0000000,,,0,1,1,1,0,1,0.000000,7456,372850,1,0,1,1,0,1,0,1741899709,28,65192,5027257,455,0,1.2915051,-0.0048260,"[0.7980496287345886,-0.03079196996986866,-0.01748398318886757,0.6015504002571106]","[0.0004283911257516593,-0.0004656887613236904,-0.00482599250972271]","[-0.08215700089931488,-0.7028039693832397,9.721153259277344]",0.4502041,4412.000,"[0.0,0.0,0.0,0.0]","[0.0,0.0,0.0,0.0,0.0,0.0,0.0,0.0]","[0.0,0.0,0.0,0.0,0.0,0.0,0.0,0.0]",255,1,1
2026-08-12T10:57:32.128168+00:00,5027.410995,cycle_1_neutral_before_blocked,0.0000000,0.0000000,0.0000000,0.0000000,,,0,1,1,1,0,1,0.000000,7457,372900,1,0,1,1,0,1,0,1741899709,29,14628,5027309,456,0,1.2914931,-0.0048518,"[0.7980533838272095,-0.03079097531735897,-0.017484985291957855,0.601545512676239]","[0.001657766057178378,0.0013979562791064382,-0.004851771052926779]","[-0.08851999789476395,-0.701121985912323,9.724252700805664]",0.4518367,4428.000,"[0.0,0.0,0.0,0.0]","[0.0,0.0,0.0,0.0,0.0,0.0,0.0,0.0]","[0.0,0.0,0.0,0.0,0.0,0.0,0.0,0.0]",255,1,1
2026-08-12T10:57:32.180131+00:00,5027.462122,cycle_1_neutral_before_blocked,0.0000000,0.0000000,0.0000000,0.0000000,,,0,1,1,1,0,1,0.000000,7458,372950,1,0,1,1,0,1,0,1741899709,30,49134,5027360,457,0,1.2915163,-0.0036289,"[0.7980465292930603,-0.03078499063849449,-0.017451994121074677,0.6015558242797852]","[0.0016559510258957744,0.0014133676886558533,-0.0036288711708039045]","[-0.09329500049352646,-0.7035419940948486,9.721835136413574]",0.4518367,4428.000,"[0.0,0.0,0.0,0.0]","[0.0,0.0,0.0,0.0,0.0,0.0,0.0,0.0]","[0.0,0.0,0.0,0.0,0.0,0.0,0.0,0.0]",255,1,1
2026-08-12T10:57:32.232271+00:00,5027.514295,cycle_1_neutral_before_blocked,0.0000000,0.0000000,0.0000000,0.0000000,,,0,1,1,1,0,1,0.000000,7459,373000,1,0,1,1,0,1,0,1741899709,31,14701,5027411,458,0,1.2915210,-0.0048481,"[0.798045814037323,-0.030769985169172287,-0.017448993399739265,0.601557731628418]","[0.0004358610894996673,0.0007819773745723069,-0.00484810583293438]","[-0.10290700197219849,-0.695805013179779,9.752796173095703]",0.4592857,4501.000,"[0.0,0.0,0.0,0.0]","[0.0,0.0,0.0,0.0,0.0,0.0,0.0,0.0]","[0.0,0.0,0.0,0.0,0.0,0.0,0.0,0.0]",255,1,1
2026-08-12T10:57:32.285546+00:00,5027.566475,cycle_1_neutral_before_blocked,0.0000000,0.0000000,0.0000000,0.0000000,,,0,1,1,1,0,1,0.000000,7461,373100,1,0,1,1,0,1,0,1741899709,33,8553,5027515,460,0,1.2915025,-0.0036179,"[0.7980517745018005,-0.030758988112211227,-0.017435993999242783,0.6015507578849792]","[-0.0020097466185688972,-0.00043453462421894073,-0.0036178582813590765]","[-0.11006700247526169,-0.6785309910774231,9.77884578704834]",0.4536735,4446.000,"[0.0,0.0,0.0,0.0]","[0.0,0.0,0.0,0.0,0.0,0.0,0.0,0.0]","[0.0,0.0,0.0,0.0,0.0,0.0,0.0,0.0]",255,1,1
2026-08-12T10:57:32.337843+00:00,5027.619776,cycle_1_neutral_before_blocked,0.0000000,0.0000000,0.0000000,0.0000000,,,0,1,1,1,0,1,0.000000,7462,373150,1,0,1,1,0,1,0,1741899709,34,4955,5027568,461,0,1.2915195,-0.0032102,"[0.7980473637580872,-0.030738994479179382,-0.01742599532008171,0.6015578508377075]","[-0.002010357566177845,-0.00042938589467667043,-0.0032102190889418125]","[-0.11401800066232681,-0.6777970194816589,9.773193359375]",0.4536735,4446.000,"[0.0,0.0,0.0,0.0]","[0.0,0.0,0.0,0.0,0.0,0.0,0.0,0.0]","[0.0,0.0,0.0,0.0,0.0,0.0,0.0,0.0]",255,1,1
2026-08-12T10:57:32.390097+00:00,5027.672064,cycle_1_neutral_before_blocked,0.0000000,0.0000000,0.0000000,0.0000000,,,0,1,1,1,0,1,0.000000,7463,373200,1,0,1,1,0,1,0,1741899709,35,13088,5027621,462,0,1.2915164,-0.0048334,"[0.7980481386184692,-0.03074498102068901,-0.017424991354346275,0.601556658744812]","[-0.0007897614850662649,-0.0004578173393383622,-0.004833375569432974]","[-0.11724399775266647,-0.6808670163154602,9.781197547912598]",0.4536735,4446.000,"[0.0,0.0,0.0,0.0]","[0.0,0.0,0.0,0.0,0.0,0.0,0.0,0.0]","[0.0,0.0,0.0,0.0,0.0,0.0,0.0,0.0]",255,1,1
2026-08-12T10:57:32.442407+00:00,5027.724352,cycle_1_neutral_before_blocked,0.0000000,0.0000000,0.0000000,0.0000000,,,0,1,1,1,0,1,0.000000,7464,373250,1,0,1,1,0,1,0,1741899709,36,54743,5027673,463,0,1.2914716,-0.0048555,"[0.7980613708496094,-0.030749976634979248,-0.017431987449526787,0.6015385389328003]","[-0.00078230892540887,0.0007898487965576351,-0.0048554884269833565]","[-0.11728599667549133,-0.6757630109786987,9.800312042236328]",0.4602041,4510.000,"[0.0,0.0,0.0,0.0]","[0.0,0.0,0.0,0.0,0.0,0.0,0.0,0.0]","[0.0,0.0,0.0,0.0,0.0,0.0,0.0,0.0]",255,1,1
2026-08-12T10:57:32.494724+00:00,5027.776632,cycle_1_neutral_before_blocked,0.0000000,0.0000000,0.0000000,0.0000000,,,0,1,1,1,0,1,0.000000,7465,373300,1,0,1,1,0,1,0,1741899709,37,64572,5027725,464,0,1.2914517,-0.0048518,"[0.7980678081512451,-0.030741969123482704,-0.017435982823371887,0.6015304327011108]","[-0.00017320647020824254,0.000785904296208173,-0.0048517887480556965]","[-0.1100199967622757,-0.6615099906921387,9.790589332580566]",0.4602041,4510.000,"[0.0,0.0,0.0,0.0]","[0.0,0.0,0.0,0.0,0.0,0.0,0.0,0.0]","[0.0,0.0,0.0,0.0,0.0,0.0,0.0,0.0]",255,1,1
2026-08-12T10:57:32.546998+00:00,5027.828901,cycle_1_neutral_before_blocked,0.0000000,0.0000000,0.0000000,0.0000000,,,0,1,1,1,0,1,0.000000,7466,373350,1,0,1,1,0,1,0,1741899709,38,58520,5027777,465,0,1.2914619,-0.0036105,"[0.7980647087097168,-0.03073698654770851,-0.017430992797017097,0.6015347242355347]","[-0.0007915766909718513,-0.00044240610441192985,-0.0036104752216488123]","[-0.09332799911499023,-0.6640290021896362,9.788420677185059]",0.4593877,4502.000,"[0.0,0.0,0.0,0.0]","[0.0,0.0,0.0,0.0,0.0,0.0,0.0,0.0]","[0.0,0.0,0.0,0.0,0.0,0.0,0.0,0.0]",255,1,1
2026-08-12T10:57:32.598934+00:00,5027.881239,cycle_1_neutral_before_blocked,0.0000000,0.0000000,0.0000000,0.0000000,,,0,1,1,1,0,1,0.000000,7467,373400,1,0,1,1,0,1,0,1741899709,39,24667,5027830,466,0,1.2914664,-0.0036326,"[0.7980635762214661,-0.030733974650502205,-0.01743098348379135,0.6015364527702332]","[-0.0007841066690161824,0.0008052599732764065,-0.003632588777691126]","[-0.10051800310611725,-0.6736909747123718,9.783682823181152]",0.4593877,4502.000,"[0.0,0.0,0.0,0.0]","[0.0,0.0,0.0,0.0,0.0,0.0,0.0,0.0]","[0.0,0.0,0.0,0.0,0.0,0.0,0.0,0.0]",255,1,1
2026-08-12T10:57:32.651062+00:00,5027.933048,cycle_1_neutral_before_blocked,0.0000000,0.0000000,0.0000000,0.0000000,,,0,1,1,1,0,1,0.000000,7468,373450,1,0,1,1,0,1,0,1741899709,40,45917,5027882,467,0,1.2914762,-0.0044257,"[0.7980602979660034,-0.03074197843670845,-0.0174269862473011,0.6015405654907227]","[-0.0007903724326752126,-0.00045268607209436595,-0.0044257366098463535]","[-0.1012749969959259,-0.6681119799613953,9.781193733215332]",0.4571429,4480.000,"[0.0,0.0,0.0,0.0]","[0.0,0.0,0.0,0.0,0.0,0.0,0.0,0.0]","[0.0,0.0,0.0,0.0,0.0,0.0,0.0,0.0]",255,1,1
2026-08-12T10:57:32.703269+00:00,5027.985295,cycle_1_neutral_before_blocked,0.0000000,0.0000000,0.0000000,0.0000000,,,0,1,1,1,0,1,0.000000,7469,373500,1,0,1,1,0,1,0,1741899709,41,8008,5027934,468,0,1.2914772,-0.0036031,"[0.7980599403381348,-0.030742980539798737,-0.01743699237704277,0.6015406250953674]","[0.00042657594894990325,-0.00045026003499515355,-0.0036030751653015614]","[-0.09803500026464462,-0.6618220210075378,9.773941040039062]",0.4571429,4480.000,"[0.0,0.0,0.0,0.0]","[0.0,0.0,0.0,0.0,0.0,0.0,0.0,0.0]","[0.0,0.0,0.0,0.0,0.0,0.0,0.0,0.0]",255,1,1
2026-08-12T10:57:32.754886+00:00,5028.037446,cycle_1_neutral_before_blocked,0.0000000,0.0000000,0.0000000,0.0000000,,,0,1,1,1,0,1,0.000000,7470,373550,1,0,1,1,0,1,0,1741899709,42,59787,5027986,469,0,1.2914802,-0.0054448,"[0.7980595827102661,-0.03072896972298622,-0.017449980601668358,0.6015413999557495]","[-0.0007888713735155761,-0.0004655316879507154,-0.005444816313683987]","[-0.08850699663162231,-0.6691920161247253,9.766962051391602]",0.4611224,4519.000,"[0.0,0.0,0.0,0.0]","[0.0,0.0,0.0,0.0,0.0,0.0,0.0,0.0]","[0.0,0.0,0.0,0.0,0.0,0.0,0.0,0.0]",255,1,1
2026-08-12T10:57:32.806258+00:00,5028.088959,cycle_1_neutral_before_blocked,0.0000000,0.0000000,0.0000000,0.0000000,,,0,1,1,1,0,1,0.000000,7471,373600,1,0,1,1,0,1,0,1741899709,43,11783,5028038,470,0,1.2915101,-0.0048444,"[0.7980506420135498,-0.030727988108992577,-0.017468992620706558,0.6015527844429016]","[-0.0007860264740884304,0.00016599825175944716,-0.00484442338347435]","[-0.07897499948740005,-0.6790410280227661,9.755223274230957]",0.4611224,4519.000,"[0.0,0.0,0.0,0.0]","[0.0,0.0,0.0,0.0,0.0,0.0,0.0,0.0]","[0.0,0.0,0.0,0.0,0.0,0.0,0.0,0.0]",255,1,1
2026-08-12T10:57:32.857469+00:00,5028.140322,cycle_1_neutral_before_blocked,0.0000000,0.0000000,0.0000000,0.0000000,,,0,1,1,1,0,1,0.000000,7472,373650,1,0,1,1,0,1,0,1741899709,44,57382,5028089,471,0,1.2915206,-0.0036400,"[0.7980473637580872,-0.030731994658708572,-0.01747099682688713,0.6015568971633911]","[-0.00200227671302855,0.0008131313952617347,-0.0036399713717401028]","[-0.06462600082159042,-0.6817319989204407,9.741034507751465]",0.4560204,4469.000,"[0.0,0.0,0.0,0.0]","[0.0,0.0,0.0,0.0,0.0,0.0,0.0,0.0]","[0.0,0.0,0.0,0.0,0.0,0.0,0.0,0.0]",255,1,1
2026-08-12T10:57:32.909540+00:00,5028.191492,cycle_1_neutral_before_blocked,0.0000000,0.0000000,0.0000000,0.0000000,,,0,1,1,1,0,1,0.000000,7473,373700,1,0,1,1,0,1,0,1741899709,45,49245,5028140,472,0,1.2915000,-0.0060563,"[0.7980536222457886,-0.03072996996343136,-0.01748098060488701,0.6015483736991882]","[-0.0007879637996666133,-0.0004732460656668991,-0.0060562752187252045]","[-0.06937500089406967,-0.6891829967498779,9.724297523498535]",0.4560204,4469.000,"[0.0,0.0,0.0,0.0]","[0.0,0.0,0.0,0.0,0.0,0.0,0.0,0.0]","[0.0,0.0,0.0,0.0,0.0,0.0,0.0,0.0]",255,1,1
2026-08-12T10:57:32.961304+00:00,5028.243764,cycle_1_neutral_before_blocked,0.0000000,0.0000000,0.0000000,0.0000000,,,0,1,1,1,0,1,0.000000,7474,373750,1,0,1,1,0,1,0,1741899709,46,55545,5028192,473,0,1.2915232,-0.0040427,"[0.7980461120605469,-0.03074497915804386,-0.01748298667371273,0.6015576124191284]","[-0.0011895641218870878,0.0008027466828934848,-0.004042688757181168]","[-0.07735799998044968,-0.6865450143814087,9.736961364746094]",0.4538775,4448.000,"[0.0,0.0,0.0,0.0]","[0.0,0.0,0.0,0.0,0.0,0.0,0.0,0.0]","[0.0,0.0,0.0,0.0,0.0,0.0,0.0,0.0]",255,1,1
2026-08-12T10:57:33.013308+00:00,5028.295315,cycle_1_neutral_before_blocked,0.0000000,0.0000000,0.0000000,0.0000000,,,0,1,1,1,0,1,0.000000,7475,373800,1,0,1,1,0,1,0,1741899709,46,55545,5028192,473,0,1.2915230,-0.0048666,"[0.7980456352233887,-0.030758986249566078,-0.017506994307041168,0.6015567779541016]","[-0.0026095639914274216,0.0008016471983864903,-0.004866571165621281]","[-0.06704100221395493,-0.6938949823379517,9.731590270996094]",0.4538775,4448.000,"[0.0,0.0,0.0,0.0]","[0.0,0.0,0.0,0.0,0.0,0.0,0.0,0.0]","[0.0,0.0,0.0,0.0,0.0,0.0,0.0,0.0]",255,1,1
2026-08-12T10:57:33.064749+00:00,5028.347488,cycle_1_neutral_before_blocked,0.0000000,0.0000000,0.0000000,0.0000000,,,0,1,1,1,0,1,0.000000,7476,373850,1,0,1,1,0,1,0,1741899709,47,39563,5028244,474,0,1.2915318,-0.0036621,"[0.7980432510375977,-0.0307529978454113,-0.01751899905502796,0.6015599370002747]","[-0.001994824269786477,0.002060814993456006,-0.0036620849277824163]","[-0.059822000563144684,-0.6917420029640198,9.717248916625977]",0.4538775,4448.000,"[0.0,0.0,0.0,0.0]","[0.0,0.0,0.0,0.0,0.0,0.0,0.0,0.0]","[0.0,0.0,0.0,0.0,0.0,0.0,0.0,0.0]",255,1,1
2026-08-12T10:57:33.116747+00:00,5028.398695,cycle_1_neutral_before_blocked,0.0000000,0.0000000,0.0000000,0.0000000,,,0,1,1,1,0,1,0.000000,7477,373900,1,0,1,1,0,1,0,1741899709,48,6135,5028296,475,0,1.2915678,-0.0042440,"[0.7980324029922485,-0.03075399436056614,-0.017532996833324432,0.6015738844871521]","[-0.0007831990951672196,0.0007975457701832056,-0.004244029987603426]","[-0.06225400045514107,-0.6989110112190247,9.719725608825684]",0.4507143,4417.000,"[0.0,0.0,0.0,0.0]","[0.0,0.0,0.0,0.0,0.0,0.0,0.0,0.0]","[0.0,0.0,0.0,0.0,0.0,0.0,0.0,0.0]",255,1,1
2026-08-12T10:57:33.168418+00:00,5028.450969,cycle_1_neutral_before_blocked,0.0000000,0.0000000,0.0000000,0.0000000,,,0,1,1,1,0,1,0.000000,7478,373950,1,0,1,1,0,1,0,1741899709,49,27856,5028348,476,0,1.2915859,-0.0036547,"[0.7980265617370605,-0.030761990696191788,-0.017543993890285492,0.601580798625946]","[-0.0007766366470605135,0.002052943455055356,-0.0036547023337334394]","[-0.07177700102329254,-0.7038609981536865,9.707695007324219]",0.4507143,4417.000,"[0.0,0.0,0.0,0.0]","[0.0,0.0,0.0,0.0,0.0,0.0,0.0,0.0]","[0.0,0.0,0.0,0.0,0.0,0.0,0.0,0.0]",255,1,1
2026-08-12T10:57:33.220573+00:00,5028.502531,cycle_1_neutral_before_blocked,0.0000000,0.0000000,0.0000000,0.0000000,,,0,1,1,1,0,1,0.000000,7479,374000,1,0,1,1,0,1,0,1741899709,50,11003,5028399,477,0,1.2916033,-0.0023876,"[0.7980204224586487,-0.030785974115133286,-0.017551982775330544,0.6015875339508057]","[-0.000793391780462116,-0.0004269773489795625,-0.0023875581100583076]","[-0.08608400076627731,-0.7013530135154724,9.709890365600586]",0.4607143,4515.000,"[0.0,0.0,0.0,0.0]","[0.0,0.0,0.0,0.0,0.0,0.0,0.0,0.0]","[0.0,0.0,0.0,0.0,0.0,0.0,0.0,0.0]",255,1,1
2026-08-12T10:57:33.272614+00:00,5028.554805,cycle_1_neutral_before_blocked,0.0000000,0.0000000,0.0000000,0.0000000,,,0,1,1,1,0,1,0.000000,7480,374050,1,0,1,1,0,1,0,1741899709,51,37469,5028451,478,0,1.2916172,-0.0036474,"[0.798015296459198,-0.0308119747787714,-0.017568985000252724,0.6015925407409668]","[-0.0032204638700932264,0.0008210029336623847,-0.0036473539657890797]","[-0.0789479985833168,-0.7062209844589233,9.708446502685547]",0.4607143,4515.000,"[0.0,0.0,0.0,0.0]","[0.0,0.0,0.0,0.0,0.0,0.0,0.0,0.0]","[0.0,0.0,0.0,0.0,0.0,0.0,0.0,0.0]",255,1,1
2026-08-12T10:57:33.324842+00:00,5028.606777,cycle_1_neutral_before_blocked,0.0000000,0.0000000,0.0000000,0.0000000,,,0,1,1,1,0,1,0.000000,7481,374100,1,0,1,1,0,1,0,1741899709,52,28714,5028503,479,0,1.2916579,-0.0036400,"[0.7980031967163086,-0.03080798126757145,-0.017575986683368683,0.6016086339950562]","[-0.00200227671302855,0.0008131313952617347,-0.0036399713717401028]","[-0.07182800024747849,-0.6987199783325195,9.729207992553711]",0.4611224,4519.000,"[0.0,0.0,0.0,0.0]","[0.0,0.0,0.0,0.0,0.0,0.0,0.0,0.0]","[0.0,0.0,0.0,0.0,0.0,0.0,0.0,0.0]",255,1,1
2026-08-12T10:57:33.377095+00:00,5028.659069,cycle_1_neutral_before_blocked,0.0000000,0.0000000,0.0000000,0.0000000,,,0,1,1,1,0,1,0.000000,7482,374150,1,0,1,1,0,1,0,1741899709,53,23873,5028555,480,0,1.2916697,-0.0036363,"[0.7979987263679504,-0.03082996979355812,-0.017574982717633247,0.6016134023666382]","[-0.0013931917492300272,0.0008092044736258686,-0.0036362712271511555]","[-0.08375000208616257,-0.6962230205535889,9.731432914733887]",0.4611224,4519.000,"[0.0,0.0,0.0,0.0]","[0.0,0.0,0.0,0.0,0.0,0.0,0.0,0.0]","[0.0,0.0,0.0,0.0,0.0,0.0,0.0,0.0]",255,1,1
2026-08-12T10:57:33.429385+00:00,5028.711328,cycle_1_neutral_before_blocked,0.0000000,0.0000000,0.0000000,0.0000000,,,0,1,1,1,0,1,0.000000,7483,374200,1,0,1,1,0,1,0,1741899709,54,7641,5028608,481,0,1.2916777,-0.0036621,"[0.7979963421821594,-0.03082999400794506,-0.017565995454788208,0.6016168594360352]","[-0.001994824269786477,0.002060814993456006,-0.0036620849277824163]","[-0.09809499979019165,-0.6960110068321228,9.740859031677246]",0.4635714,4543.000,"[0.0,0.0,0.0,0.0]","[0.0,0.0,0.0,0.0,0.0,0.0,0.0,0.0]","[0.0,0.0,0.0,0.0,0.0,0.0,0.0,0.0]",255,1,1
2026-08-12T10:57:33.481644+00:00,5028.763603,cycle_1_neutral_before_blocked,0.0000000,0.0000000,0.0000000,0.0000000,,,0,1,1,1,0,1,0.000000,7484,374250,1,0,1,1,0,1,0,1741899709,55,26366,5028660,482,0,1.2916873,-0.0048555,"[0.7979938983917236,-0.03081798367202282,-0.017564991489052773,0.6016206741333008]","[-0.00078230892540887,0.0007898487965576351,-0.0048554884269833565]","[-0.10524599999189377,-0.6836940050125122,9.757389068603516]",0.4635714,4543.000,"[0.0,0.0,0.0,0.0]","[0.0,0.0,0.0,0.0,0.0,0.0,0.0,0.0]","[0.0,0.0,0.0,0.0,0.0,0.0,0.0,0.0]",255,1,1
2026-08-12T10:57:33.533892+00:00,5028.815851,cycle_1_neutral_before_blocked,0.0000000,0.0000000,0.0000000,0.0000000,,,0,1,1,1,0,1,0.000000,7486,374350,1,0,1,1,0,1,0,1741899709,57,43500,5028764,484,0,1.2916687,-0.0036252,"[0.7980002760887146,-0.030798977240920067,-0.017554987221956253,0.6016135215759277]","[-0.0020072683691978455,-1.864011755969841e-05,-0.0036252234131097794]","[-0.10926499962806702,-0.6810259819030762,9.773294448852539]",0.4669388,4576.000,"[0.0,0.0,0.0,0.0]","[0.0,0.0,0.0,0.0,0.0,0.0,0.0,0.0]","[0.0,0.0,0.0,0.0,0.0,0.0,0.0,0.0]",255,1,1
2026-08-12T10:57:33.584982+00:00,5028.867976,cycle_1_neutral_before_blocked,0.0000000,0.0000000,0.0000000,0.0000000,,,0,1,1,1,0,1,0.050887,7486,374350,1,0,1,1,0,1,0,1741899709,57,43500,5028764,484,0,1.2916687,-0.0036252,"[0.7980002760887146,-0.030798977240920067,-0.017554987221956253,0.6016135215759277]","[-0.0020072683691978455,-1.864011755969841e-05,-0.0036252234131097794]","[-0.10926499962806702,-0.6810259819030762,9.773294448852539]",0.4669388,4576.000,"[0.0,0.0,0.0,0.0]","[0.0,0.0,0.0,0.0,0.0,0.0,0.0,0.0]","[0.0,0.0,0.0,0.0,0.0,0.0,0.0,0.0]",255,1,1
2026-08-12T10:57:33.638312+00:00,5028.919256,cycle_1_neutral_before_blocked,0.0000000,0.0000000,0.0000000,0.0000000,,,0,1,1,1,0,1,0.000000,7488,374450,1,0,1,1,0,1,0,1741899709,59,36549,5028868,486,0,1.2916766,-0.0048776,"[0.7979985475540161,-0.03078097477555275,-0.017565984278917313,0.601616382598877]","[-0.000774838961660862,0.0020375321619212627,-0.004877601750195026]","[-0.11723499745130539,-0.6759830117225647,9.78592300415039]",0.4624490,4532.000,"[0.0,0.0,0.0,0.0]","[0.0,0.0,0.0,0.0,0.0,0.0,0.0,0.0]","[0.0,0.0,0.0,0.0,0.0,0.0,0.0,0.0]",255,1,1
2026-08-12T10:57:33.690431+00:00,5028.972485,cycle_1_neutral_before_blocked,0.0000000,0.0000000,0.0000000,0.0000000,,,0,1,1,1,0,1,0.000000,7489,374500,1,0,1,1,0,1,0,1741899709,60,10845,5028921,487,0,1.2916857,-0.0023544,"[0.7979961633682251,-0.0307729784399271,-0.017578985542058945,0.6016196012496948]","[-0.0026355867739766836,-0.002910546027123928,-0.0023544144351035357]","[-0.06940899789333344,-0.6988779902458191,9.719642639160156]",0.4624490,4532.000,"[0.0,0.0,0.0,0.0]","[0.0,0.0,0.0,0.0,0.0,0.0,0.0,0.0]","[0.0,0.0,0.0,0.0,0.0,0.0,0.0,0.0]",255,1,1
2026-08-12T10:57:33.742641+00:00,5029.024570,cycle_1_neutral_before_blocked,0.0000000,0.0000000,0.0000000,0.0000000,,,0,1,1,1,0,1,0.000000,7490,374550,1,0,1,1,0,1,0,1741899709,61,60881,5028973,488,0,1.2917271,-0.0027878,"[0.7979846596717834,-0.030749987810850143,-0.017588993534445763,0.601635754108429]","[0.00042537166154943407,-0.00043998006731271744,-0.002787814475595951]","[-0.07097800076007843,-0.7014229893684387,9.710066795349121]",0.4684694,4591.000,"[0.0,0.0,0.0,0.0]","[0.0,0.0,0.0,0.0,0.0,0.0,0.0,0.0]","[0.0,0.0,0.0,0.0,0.0,0.0,0.0,0.0]",255,1,1
2026-08-12T10:57:33.794373+00:00,5029.076803,cycle_1_neutral_before_blocked,0.0000000,0.0000000,0.0000000,0.0000000,,,0,1,1,1,0,1,0.000000,7491,374600,1,0,1,1,0,1,0,1741899709,62,6930,5029025,489,0,1.2917249,-0.0036473,"[0.7979854345321655,-0.030744973570108414,-0.01757098361849785,0.6016354560852051]","[0.00044151596375741065,0.0020450721494853497,-0.0036473192740231752]","[-0.09813699871301651,-0.676144003868103,9.78134822845459]",0.4684694,4591.000,"[0.0,0.0,0.0,0.0]","[0.0,0.0,0.0,0.0,0.0,0.0,0.0,0.0]","[0.0,0.0,0.0,0.0,0.0,0.0,0.0,0.0]",255,1,1
2026-08-12T10:57:33.846446+00:00,5029.128418,cycle_1_neutral_before_blocked,0.0000000,0.0000000,0.0000000,0.0000000,,,0,1,1,1,0,1,0.000000,7492,374650,1,0,1,1,0,1,0,1741899709,63,46855,5029077,490,0,1.2917268,-0.0040181,"[0.7979856133460999,-0.030726972967386246,-0.01756298542022705,0.6016364693641663]","[-0.0007909657433629036,-0.00044753734255209565,-0.004018097184598446]","[-0.09651900082826614,-0.672993004322052,9.778120994567871]",0.4680612,4587.000,"[0.0,0.0,0.0,0.0]","[0.0,0.0,0.0,0.0,0.0,0.0,0.0,0.0]","[0.0,0.0,0.0,0.0,0.0,0.0,0.0,0.0]",255,1,1
2026-08-12T10:57:33.898204+00:00,5029.180650,cycle_1_neutral_before_blocked,0.0000000,0.0000000,0.0000000,0.0000000,,,0,1,1,1,0,1,0.000000,7493,374700,1,0,1,1,0,1,0,1741899709,64,18585,5029129,491,0,1.2917283,-0.0036080,"[0.7979851961135864,-0.030725959688425064,-0.017555978149175644,0.6016372442245483]","[-0.0003855257818941027,-0.0004450240230653435,-0.003608014667406678]","[-0.09014099836349487,-0.6763759851455688,9.768648147583008]",0.4680612,4587.000,"[0.0,0.0,0.0,0.0]","[0.0,0.0,0.0,0.0,0.0,0.0,0.0,0.0]","[0.0,0.0,0.0,0.0,0.0,0.0,0.0,0.0]",255,1,1
2026-08-12T10:57:33.950392+00:00,5029.232335,cycle_1_neutral_before_blocked,0.0000000,0.0000000,0.0000000,0.0000000,,,0,1,1,1,0,1,0.000000,7494,374750,1,0,1,1,0,1,0,1741899709,65,13246,5029181,492,0,1.2917269,-0.0036215,"[0.7979860901832581,-0.030712999403476715,-0.017546001821756363,0.6016370058059692]","[0.0010431308764964342,0.0007934616296552122,-0.0036215060390532017]","[-0.08611399680376053,-0.6692399978637695,9.764592170715332]",0.4586734,4495.000,"[0.0,0.0,0.0,0.0]","[0.0,0.0,0.0,0.0,0.0,0.0,0.0,0.0]","[0.0,0.0,0.0,0.0,0.0,0.0,0.0,0.0]",255,1,1
2026-08-12T10:57:34.001744+00:00,5029.284546,cycle_1_neutral_before_blocked,0.0000000,0.0000000,0.0000000,0.0000000,,,0,1,1,1,0,1,0.000000,7495,374800,1,0,1,1,0,1,0,1741899709,66,11034,5029233,493,0,1.2917306,-0.0036400,"[0.79798424243927,-0.030729960650205612,-0.01752297580242157,0.6016392111778259]","[-0.00017128660692833364,0.0014251834945753217,-0.0036399541422724724]","[-0.08373700082302094,-0.6741349697113037,9.759894371032715]",0.4586734,4495.000,"[0.0,0.0,0.0,0.0]","[0.0,0.0,0.0,0.0,0.0,0.0,0.0,0.0]","[0.0,0.0,0.0,0.0,0.0,0.0,0.0,0.0]",255,1,1
2026-08-12T10:57:34.053076+00:00,5029.335759,cycle_1_neutral_before_blocked,0.0000000,0.0000000,0.0000000,0.0000000,,,0,1,1,1,0,1,0.000000,7496,374850,1,0,1,1,0,1,0,1741899709,67,753,5029285,494,0,1.2917398,-0.0048555,"[0.7979822754859924,-0.03070998005568981,-0.01749998703598976,0.6016435623168945]","[-0.00078230892540887,0.0007898487965576351,-0.0048554884269833565]","[-0.0788780003786087,-0.681922972202301,9.724081039428711]",0.4582653,4491.000,"[0.0,0.0,0.0,0.0]","[0.0,0.0,0.0,0.0,0.0,0.0,0.0,0.0]","[0.0,0.0,0.0,0.0,0.0,0.0,0.0,0.0]",255,1,1
2026-08-12T10:57:34.105208+00:00,5029.387137,cycle_1_neutral_before_blocked,0.0000000,0.0000000,0.0000000,0.0000000,,,0,1,1,1,0,1,0.000000,7497,374900,1,0,1,1,0,1,0,1741899709,68,29019,5029336,495,0,1.2917464,-0.0036436,"[0.7979808449745178,-0.030693983659148216,-0.01748298853635788,0.6016466617584229]","[0.001050601014867425,0.00204114499501884,-0.003643619129434228]","[-0.07419600337743759,-0.6938620209693909,9.731508255004883]",0.4582653,4491.000,"[0.0,0.0,0.0,0.0]","[0.0,0.0,0.0,0.0,0.0,0.0,0.0,0.0]","[0.0,0.0,0.0,0.0,0.0,0.0,0.0,0.0]",255,1,1
2026-08-12T10:57:34.157552+00:00,5029.439461,cycle_1_neutral_before_blocked,0.0000000,0.0000000,0.0000000,0.0000000,,,0,1,1,1,0,1,0.000000,7498,374950,1,0,1,1,0,1,0,1741899709,69,48612,5029388,496,0,1.2917448,-0.0068813,"[0.797981321811676,-0.03069397807121277,-0.01743398793041706,0.6016475558280945]","[0.0012509822845458984,0.0007510326104238629,-0.006881344597786665]","[-0.08217400312423706,-0.6961690187454224,9.73544692993164]",0.4532653,4442.000,"[0.0,0.0,0.0,0.0]","[0.0,0.0,0.0,0.0,0.0,0.0,0.0,0.0]","[0.0,0.0,0.0,0.0,0.0,0.0,0.0,0.0]",255,1,1
2026-08-12T10:57:34.209805+00:00,5029.491725,cycle_1_neutral_before_blocked,0.0000000,0.0000000,0.0000000,0.0000000,,,0,1,1,1,0,1,0.000000,7499,375000,1,0,1,1,0,1,0,1741899709,70,42304,5029440,497,0,1.2917153,-0.0036326,"[0.7979907393455505,-0.03068096935749054,-0.01741098426282406,0.6016364097595215]","[-0.0007841066690161824,0.0008052599732764065,-0.003632588777691126]","[-0.06941100209951401,-0.6914910078048706,9.730728149414062]",0.4532653,4442.000,"[0.0,0.0,0.0,0.0]","[0.0,0.0,0.0,0.0,0.0,0.0,0.0,0.0]","[0.0,0.0,0.0,0.0,0.0,0.0,0.0,0.0]",255,1,1
2026-08-12T10:57:34.261770+00:00,5029.544032,cycle_1_neutral_before_blocked,0.0000000,0.0000000,0.0000000,0.0000000,,,0,1,1,1,0,1,0.000000,7500,375050,1,0,1,1,0,1,0,1741899709,71,19258,5029493,498,0,1.2917063,-0.0048444,"[0.7979928851127625,-0.030693983659148216,-0.01738199032843113,0.6016337275505066]","[0.0010449461406096816,0.0007780503365211189,-0.004844405688345432]","[-0.06938400119543076,-0.6940670013427734,9.719571113586426]",0.4480612,4391.000,"[0.0,0.0,0.0,0.0]","[0.0,0.0,0.0,0.0,0.0,0.0,0.0,0.0]","[0.0,0.0,0.0,0.0,0.0,0.0,0.0,0.0]",255,1,1
2026-08-12T10:57:34.314051+00:00,5029.595944,cycle_1_neutral_before_blocked,0.0000000,0.0000000,0.0000000,0.0000000,,,0,1,1,1,0,1,0.000000,7501,375100,1,0,1,1,0,1,0,1741899709,71,19258,5029493,498,0,1.2917166,-0.0042293,"[0.797990083694458,-0.03068598173558712,-0.017355991527438164,0.6016386151313782]","[-0.0020088390447199345,-0.00044224897283129394,-0.00422929972410202]","[-0.07179400324821472,-0.6988670229911804,9.71961498260498]",0.4480612,4391.000,"[0.0,0.0,0.0,0.0]","[0.0,0.0,0.0,0.0,0.0,0.0,0.0,0.0]","[0.0,0.0,0.0,0.0,0.0,0.0,0.0,0.0]",255,1,1
2026-08-12T10:57:34.366495+00:00,5029.648357,cycle_1_neutral_before_blocked,0.0000000,0.0000000,0.0000000,0.0000000,,,0,1,1,1,0,1,0.000000,7502,375150,1,0,1,1,0,1,0,1741899709,72,10301,5029545,499,0,1.2917187,-0.0036252,"[0.7979893088340759,-0.030688976868987083,-0.017352988943457603,0.6016395688056946]","[0.0004340459418017417,0.0007974060135893524,-0.003625206183642149]","[-0.07658199965953827,-0.7036920189857483,9.717231750488281]",0.4490816,4401.000,"[0.0,0.0,0.0,0.0]","[0.0,0.0,0.0,0.0,0.0,0.0,0.0,0.0]","[0.0,0.0,0.0,0.0,0.0,0.0,0.0,0.0]",255,1,1
2026-08-12T10:57:34.418741+00:00,5029.700655,cycle_1_neutral_before_blocked,0.0000000,0.0000000,0.0000000,0.0000000,,,0,1,1,1,0,1,0.000000,7503,375200,1,0,1,1,0,1,0,1741899709,73,33832,5029597,500,0,1.2917160,-0.0048297,"[0.7979899048805237,-0.030693983659148216,-0.01734699308872223,0.601638674736023]","[-0.00018067647761199623,-0.00046176178148016334,-0.004829674959182739]","[-0.0766109973192215,-0.7060239911079407,9.722063064575195]",0.4490816,4401.000,"[0.0,0.0,0.0,0.0]","[0.0,0.0,0.0,0.0,0.0,0.0,0.0,0.0]","[0.0,0.0,0.0,0.0,0.0,0.0,0.0,0.0]",255,1,1
2026-08-12T10:57:34.470007+00:00,5029.752975,cycle_1_neutral_before_blocked,0.0000000,0.0000000,0.0000000,0.0000000,,,0,1,1,1,0,1,0.000000,7504,375250,1,0,1,1,0,1,0,1741899709,74,60966,5029649,501,0,1.2917178,-0.0036178,"[0.7979902625083923,-0.030670979991555214,-0.01734098792076111,0.6016395688056946]","[-0.00017875662888400257,0.00017749998369254172,-0.0036178408190608025]","[-0.08850300312042236,-0.696274995803833,9.726579666137695]",0.4490816,4401.000,"[0.0,0.0,0.0,0.0]","[0.0,0.0,0.0,0.0,0.0,0.0,0.0,0.0]","[0.0,0.0,0.0,0.0,0.0,0.0,0.0,0.0]",255,1,1
2026-08-12T10:57:34.521387+00:00,5029.804040,cycle_1_neutral_before_blocked,0.0000000,0.0000000,0.0000000,0.0000000,,,0,1,1,1,0,1,0.000000,7505,375300,1,0,1,1,0,1,0,1741899709,75,10666,5029701,502,0,1.2917154,-0.0036670,"[0.7979910969734192,-0.03066898137331009,-0.017337989062070847,0.601638674736023]","[-0.0015862773871049285,0.0024740914814174175,-0.003667006967589259]","[-0.07896800339221954,-0.7012149691581726,9.721166610717773]",0.4533674,4443.000,"[0.0,0.0,0.0,0.0]","[0.0,0.0,0.0,0.0,0.0,0.0,0.0,0.0]","[0.0,0.0,0.0,0.0,0.0,0.0,0.0,0.0]",255,1,1
2026-08-12T10:57:34.573417+00:00,5029.855413,cycle_1_neutral_before_blocked,0.0000000,0.0000000,0.0000000,0.0000000,,,0,1,1,1,0,1,0.000000,7506,375350,1,0,1,1,0,1,0,1741899709,76,6255,5029753,503,0,1.2917154,-0.0048444,"[0.797991156578064,-0.030666977167129517,-0.01734098792076111,0.6016386151313782]","[-0.0007860264740884304,0.00016599825175944716,-0.00484442338347435]","[-0.09085399657487869,-0.6964100003242493,9.716960906982422]",0.4533674,4443.000,"[0.0,0.0,0.0,0.0]","[0.0,0.0,0.0,0.0,0.0,0.0,0.0,0.0]","[0.0,0.0,0.0,0.0,0.0,0.0,0.0,0.0]",255,1,1
2026-08-12T10:57:34.625713+00:00,5029.907615,cycle_1_neutral_before_blocked,0.0000000,0.0000000,0.0000000,0.0000000,,,0,1,1,1,0,1,0.000000,7507,375400,1,0,1,1,0,1,0,1741899709,77,42201,5029804,504,0,1.2917237,-0.0030138,"[0.7979882955551147,-0.030673975124955177,-0.017321987077593803,0.6016425490379333]","[-0.0013978342758491635,0.00019306832109577954,-0.003013764740899205]","[-0.09571000188589096,-0.7009419798851013,9.733763694763184]",0.4508163,4418.000,"[0.0,0.0,0.0,0.0]","[0.0,0.0,0.0,0.0,0.0,0.0,0.0,0.0]","[0.0,0.0,0.0,0.0,0.0,0.0,0.0,0.0]",255,1,1
2026-08-12T10:57:34.677955+00:00,5029.959881,cycle_1_neutral_before_blocked,0.0000000,0.0000000,0.0000000,0.0000000,,,0,1,1,1,0,1,0.000000,7508,375450,1,0,1,1,0,1,0,1741899709,78,48253,5029856,505,0,1.2917414,-0.0048186,"[0.7979839444160461,-0.030651984736323357,-0.017313990741968155,0.6016497611999512]","[0.0016465611988678575,-0.0004735601833090186,-0.004818592220544815]","[-0.10048799961805344,-0.6910420060157776,9.750354766845703]",0.4508163,4418.000,"[0.0,0.0,0.0,0.0]","[0.0,0.0,0.0,0.0,0.0,0.0,0.0,0.0]","[0.0,0.0,0.0,0.0,0.0,0.0,0.0,0.0]",255,1,1
2026-08-12T10:57:34.729915+00:00,5030.012194,cycle_1_neutral_before_blocked,0.0000000,0.0000000,0.0000000,0.0000000,,,0,1,1,1,0,1,0.000000,7509,375500,1,0,1,1,0,1,0,1741899709,79,26733,5029908,506,0,1.2917391,-0.0036215,"[0.7979850769042969,-0.030638979747891426,-0.017321988940238953,0.6016486287117004]","[-0.0007878415635786951,0.00018142697808798403,-0.003621523268520832]","[-0.10765200108289719,-0.6860520243644714,9.759793281555176]",0.4517347,4427.000,"[0.0,0.0,0.0,0.0]","[0.0,0.0,0.0,0.0,0.0,0.0,0.0,0.0]","[0.0,0.0,0.0,0.0,0.0,0.0,0.0,0.0]",255,1,1
2026-08-12T10:57:34.782190+00:00,5030.064085,cycle_1_neutral_before_blocked,0.0000000,0.0000000,0.0000000,0.0000000,,,0,1,1,1,0,1,0.000000,7510,375550,1,0,1,1,0,1,0,1741899709,80,28748,5029961,507,0,1.2917569,-0.0036105,"[0.7979806661605835,-0.030613986775279045,-0.01731899380683899,0.6016557812690735]","[-0.0007915766909718513,-0.00044240610441192985,-0.0036104752216488123]","[-0.11243899911642075,-0.6761149764060974,9.778782844543457]",0.4517347,4427.000,"[0.0,0.0,0.0,0.0]","[0.0,0.0,0.0,0.0,0.0,0.0,0.0,0.0]","[0.0,0.0,0.0,0.0,0.0,0.0,0.0,0.0]",255,1,1
2026-08-12T10:57:34.835535+00:00,5030.116436,cycle_1_neutral_before_blocked,0.0000000,0.0000000,0.0000000,0.0000000,,,0,1,1,1,0,1,0.000000,7512,375650,1,0,1,1,0,1,0,1741899709,82,64936,5030065,509,0,1.2917805,-0.0048334,"[0.7979735136032104,-0.03061499074101448,-0.017330994829535484,0.6016648411750793]","[-0.0007897614850662649,-0.0004578173393383622,-0.004833375569432974]","[-0.11246500164270401,-0.6809260249137878,9.778853416442871]",0.4558163,4467.000,"[0.0,0.0,0.0,0.0]","[0.0,0.0,0.0,0.0,0.0,0.0,0.0,0.0]","[0.0,0.0,0.0,0.0,0.0,0.0,0.0,0.0]",255,1,1
2026-08-12T10:57:34.887779+00:00,5030.169705,cycle_1_neutral_before_blocked,0.0000000,0.0000000,0.0000000,0.0000000,,,0,1,1,1,0,1,0.000000,7513,375700,1,0,1,1,0,1,0,1741899709,83,50624,5030118,510,0,1.2917598,-0.0042588,"[0.7979800701141357,-0.030607981607317924,-0.017330987378954887,0.6016566157341003]","[-0.0032195565290749073,0.0008132884977385402,-0.0042588128708302975]","[-0.11247299611568451,-0.6759679913520813,9.788375854492188]",0.4569388,4478.000,"[0.0,0.0,0.0,0.0]","[0.0,0.0,0.0,0.0,0.0,0.0,0.0,0.0]","[0.0,0.0,0.0,0.0,0.0,0.0,0.0,0.0]",255,1,1
2026-08-12T10:57:34.940095+00:00,5030.222049,cycle_1_neutral_before_blocked,0.0000000,0.0000000,0.0000000,0.0000000,,,0,1,1,1,0,1,0.000000,7514,375750,1,0,1,1,0,1,0,1741899709,84,20893,5030170,511,0,1.2917821,-0.0024134,"[0.7979727387428284,-0.03062298707664013,-0.017355993390083313,0.6016647815704346]","[-0.0013950068969279528,0.0008246157667599618,-0.002413371345028281]","[-0.10522399842739105,-0.6616420149803162,9.783452033996582]",0.4569388,4478.000,"[0.0,0.0,0.0,0.0]","[0.0,0.0,0.0,0.0,0.0,0.0,0.0,0.0]","[0.0,0.0,0.0,0.0,0.0,0.0,0.0,0.0]",255,1,1
2026-08-12T10:57:34.992223+00:00,5030.274252,cycle_1_neutral_before_blocked,0.0000000,0.0000000,0.0000000,0.0000000,,,0,1,1,1,0,1,0.000000,7515,375800,1,0,1,1,0,1,0,1741899709,85,844,5030223,512,0,1.2918062,-0.0036215,"[0.7979654669761658,-0.0306249912828207,-0.017372991889715195,0.6016738414764404]","[0.0010431308764964342,0.0007934616296552122,-0.0036215060390532017]","[-0.11006700247526169,-0.668690025806427,9.79309368133545]",0.4606122,4514.000,"[0.0,0.0,0.0,0.0]","[0.0,0.0,0.0,0.0,0.0,0.0,0.0,0.0]","[0.0,0.0,0.0,0.0,0.0,0.0,0.0,0.0]",255,1,1
2026-08-12T10:57:35.044576+00:00,5030.326491,cycle_1_neutral_before_blocked,0.0000000,0.0000000,0.0000000,0.0000000,,,0,1,1,1,0,1,0.000000,7516,375850,1,0,1,1,0,1,0,1741899709,86,62863,5030275,513,0,1.2918317,-0.0024097,"[0.797957718372345,-0.030624983832240105,-0.01738499291241169,0.6016836762428284]","[-0.0007859218749217689,0.0008206887287087739,-0.0024096714332699776]","[-0.09811600297689438,-0.6688550114631653,9.78603744506836]",0.4606122,4514.000,"[0.0,0.0,0.0,0.0]","[0.0,0.0,0.0,0.0,0.0,0.0,0.0,0.0]","[0.0,0.0,0.0,0.0,0.0,0.0,0.0,0.0]",255,1,1
2026-08-12T10:57:35.096920+00:00,5030.378821,cycle_1_neutral_before_blocked,0.0000000,0.0000000,0.0000000,0.0000000,,,0,1,1,1,0,1,0.000000,7517,375900,1,0,1,1,0,1,0,1741899709,87,36520,5030327,514,0,1.2918396,-0.0036400,"[0.7979549169540405,-0.030639968812465668,-0.017398979514837265,0.601686418056488]","[-0.0032229425851255655,0.0004051084106322378,-0.0036399890668690205]","[-0.09816800057888031,-0.677649974822998,9.787765502929688]",0.4602041,4510.000,"[0.0,0.0,0.0,0.0]","[0.0,0.0,0.0,0.0,0.0,0.0,0.0,0.0]","[0.0,0.0,0.0,0.0,0.0,0.0,0.0,0.0]",255,1,1
2026-08-12T10:57:35.149179+00:00,5030.431119,cycle_1_neutral_before_blocked,0.0000000,0.0000000,0.0000000,0.0000000,,,0,1,1,1,0,1,0.000000,7518,375950,1,0,1,1,0,1,0,1741899709,88,10590,5030380,515,0,1.2918212,-0.0036695,"[0.79795902967453,-0.03067498467862606,-0.017411988228559494,0.601678729057312]","[-0.003212994197383523,0.002068686531856656,-0.0036694675218313932]","[-0.09575600177049637,-0.6736760139465332,9.78613567352295]",0.4602041,4510.000,"[0.0,0.0,0.0,0.0]","[0.0,0.0,0.0,0.0,0.0,0.0,0.0,0.0]","[0.0,0.0,0.0,0.0,0.0,0.0,0.0,0.0]",255,1,1
2026-08-12T10:57:35.200562+00:00,5030.483429,cycle_1_neutral_before_blocked,0.0000000,0.0000000,0.0000000,0.0000000,,,0,1,1,1,0,1,0.000000,7519,376000,1,0,1,1,0,1,0,1741899709,89,39627,5030432,516,0,1.2918224,-0.0036400,"[0.7979579567909241,-0.03069496899843216,-0.017439980059862137,0.6016783714294434]","[-0.00200227671302855,0.0008131313952617347,-0.0036399713717401028]","[-0.10044100135564804,-0.6690999865531921,9.769222259521484]",0.4544898,4454.000,"[0.0,0.0,0.0,0.0]","[0.0,0.0,0.0,0.0,0.0,0.0,0.0,0.0]","[0.0,0.0,0.0,0.0,0.0,0.0,0.0,0.0]",255,1,1
2026-08-12T10:57:35.252396+00:00,5030.534607,cycle_1_neutral_before_blocked,0.0000000,0.0000000,0.0000000,0.0000000,,,0,1,1,1,0,1,0.000000,7520,376050,1,0,1,1,0,1,0,1741899709,90,38620,5030484,517,0,1.2918557,-0.0036510,"[0.7979471683502197,-0.030713962391018867,-0.017454979941248894,0.6016912460327148]","[-0.0019985418766736984,0.0014369819546118379,-0.0036510368809103966]","[-0.08375000208616257,-0.6765400171279907,9.759928703308105]",0.4544898,4454.000,"[0.0,0.0,0.0,0.0]","[0.0,0.0,0.0,0.0,0.0,0.0,0.0,0.0]","[0.0,0.0,0.0,0.0,0.0,0.0,0.0,0.0]",255,1,1
2026-08-12T10:57:35.304618+00:00,5030.586526,cycle_1_neutral_before_blocked,0.0000000,0.0000000,0.0000000,0.0000000,,,0,1,1,1,0,1,0.000000,7521,376100,1,0,1,1,0,1,0,1741899709,91,38305,5030535,518,0,1.2918657,-0.0036400,"[0.7979428768157959,-0.030746983364224434,-0.017472991719841957,0.6016947031021118]","[-0.00200227671302855,0.0008131313952617347,-0.0036399713717401028]","[-0.07658199965953827,-0.6840090155601501,9.745729446411133]",0.4544898,4454.000,"[0.0,0.0,0.0,0.0]","[0.0,0.0,0.0,0.0,0.0,0.0,0.0,0.0]","[0.0,0.0,0.0,0.0,0.0,0.0,0.0,0.0]",255,1,1
2026-08-12T10:57:35.356877+00:00,5030.638852,cycle_1_neutral_before_blocked,0.0000000,0.0000000,0.0000000,0.0000000,,,0,1,1,1,0,1,0.000000,7522,376150,1,0,1,1,0,1,0,1741899709,92,42084,5030587,519,0,1.2918524,-0.0036252,"[0.7979458570480347,-0.030773984268307686,-0.017496991902589798,0.6016886830329895]","[-0.003227916778996587,-0.0004266631731297821,-0.0036252408754080534]","[-0.06703300029039383,-0.6890109777450562,9.73631763458252]",0.4567347,4476.000,"[0.0,0.0,0.0,0.0]","[0.0,0.0,0.0,0.0,0.0,0.0,0.0,0.0]","[0.0,0.0,0.0,0.0,0.0,0.0,0.0,0.0]",255,1,1
2026-08-12T10:57:35.409085+00:00,5030.691027,cycle_1_neutral_before_blocked,0.0000000,0.0000000,0.0000000,0.0000000,,,0,1,1,1,0,1,0.000000,7523,376200,1,0,1,1,0,1,0,1741899709,93,13908,5030640,520,0,1.2918432,-0.0048506,"[0.7979481816291809,-0.030784962698817253,-0.017524978145956993,0.6016842126846313]","[2.9792770874337293e-05,0.0007845952641218901,-0.004850566852837801]","[-0.0646200031042099,-0.6833969950675964,9.737061500549316]",0.4567347,4476.000,"[0.0,0.0,0.0,0.0]","[0.0,0.0,0.0,0.0,0.0,0.0,0.0,0.0]","[0.0,0.0,0.0,0.0,0.0,0.0,0.0,0.0]",255,1,1
2026-08-12T10:57:35.460888+00:00,5030.743338,cycle_1_neutral_before_blocked,0.0000000,0.0000000,0.0000000,0.0000000,,,0,1,1,1,0,1,0.000000,7524,376250,1,0,1,1,0,1,0,1741899709,94,9072,5030692,521,0,1.2918557,-0.0048592,"[0.7979446649551392,-0.03077799081802368,-0.017538992688059807,0.6016887426376343]","[-0.00322238402441144,0.00018174113938584924,-0.004859205801039934]","[-0.06942600011825562,-0.693884015083313,9.731562614440918]",0.4609184,4517.000,"[0.0,0.0,0.0,0.0]","[0.0,0.0,0.0,0.0,0.0,0.0,0.0,0.0]","[0.0,0.0,0.0,0.0,0.0,0.0,0.0,0.0]",255,1,1
2026-08-12T10:57:35.511904+00:00,5030.794943,cycle_1_neutral_before_blocked,0.0000000,0.0000000,0.0000000,0.0000000,,,0,1,1,1,0,1,0.000000,7525,376300,1,0,1,1,0,1,0,1741899709,94,9072,5030692,521,0,1.2919064,-0.0036400,"[0.7979284524917603,-0.030803993344306946,-0.017543993890285492,0.6017088294029236]","[-0.00200227671302855,0.0008131313952617347,-0.0036399713717401028]","[-0.0741410031914711,-0.6916400194168091,9.719480514526367]",0.4609184,4517.000,"[0.0,0.0,0.0,0.0]","[0.0,0.0,0.0,0.0,0.0,0.0,0.0,0.0]","[0.0,0.0,0.0,0.0,0.0,0.0,0.0,0.0]",255,1,1
2026-08-12T10:57:35.562784+00:00,5030.845818,cycle_1_neutral_before_blocked,0.0000000,0.0000000,0.0000000,0.0000000,,,0,1,1,1,0,1,0.000000,7526,376350,1,0,1,1,0,1,0,1741899709,95,25986,5030744,522,0,1.2919204,-0.0036179,"[0.7979238629341125,-0.03081398457288742,-0.01756899058818817,0.6017137169837952]","[-0.0020097466185688972,-0.00043453462421894073,-0.0036178582813590765]","[-0.06940499693155289,-0.7013559937477112,9.714881896972656]",0.4566326,4475.000,"[0.0,0.0,0.0,0.0]","[0.0,0.0,0.0,0.0,0.0,0.0,0.0,0.0]","[0.0,0.0,0.0,0.0,0.0,0.0,0.0,0.0]",255,1,1
2026-08-12T10:57:35.614258+00:00,5030.896757,cycle_1_neutral_before_blocked,0.0000000,0.0000000,0.0000000,0.0000000,,,0,1,1,1,0,1,0.000000,7527,376400,1,0,1,1,0,1,0,1741899709,96,50896,5030795,523,0,1.2919540,-0.0029990,"[0.7979133129119873,-0.030824976041913033,-0.017588984221220016,0.6017265319824219]","[-0.0007924842066131532,-0.0004346917266957462,-0.002999016782268882]","[-0.07415799796581268,-0.6964870095252991,9.717153549194336]",0.4566326,4475.000,"[0.0,0.0,0.0,0.0]","[0.0,0.0,0.0,0.0,0.0,0.0,0.0,0.0]","[0.0,0.0,0.0,0.0,0.0,0.0,0.0,0.0]",255,1,1
2026-08-12T10:57:35.665539+00:00,5030.948317,cycle_1_neutral_before_blocked,0.0000000,0.0000000,0.0000000,0.0000000,,,0,1,1,1,0,1,0.000000,7528,376450,1,0,1,1,0,1,0,1741899709,97,10410,5030846,524,0,1.2919778,-0.0048961,"[0.7979055643081665,-0.030839992687106133,-0.01759699359536171,0.6017357707023621]","[-0.001989274052903056,0.0026692368555814028,-0.004896050319075584]","[-0.07659900188446045,-0.7036190032958984,9.722027778625488]",0.4633673,4541.000,"[0.0,0.0,0.0,0.0]","[0.0,0.0,0.0,0.0,0.0,0.0,0.0,0.0]","[0.0,0.0,0.0,0.0,0.0,0.0,0.0,0.0]",255,1,1
2026-08-12T10:57:35.716884+00:00,5030.999521,cycle_1_neutral_before_blocked,0.0000000,0.0000000,0.0000000,0.0000000,,,0,1,1,1,0,1,0.000000,7529,376500,1,0,1,1,0,1,0,1741899709,98,53226,5030897,525,0,1.2919984,-0.0056486,"[0.7978982925415039,-0.030866974964737892,-0.01761498674750328,0.6017435193061829]","[-0.0007885572267696261,-0.0004680973070207983,-0.005648636259138584]","[-0.07266200333833694,-0.7092130184173584,9.724555015563965]",0.4633673,4541.000,"[0.0,0.0,0.0,0.0]","[0.0,0.0,0.0,0.0,0.0,0.0,0.0,0.0]","[0.0,0.0,0.0,0.0,0.0,0.0,0.0,0.0]",255,1,1
2026-08-12T10:57:35.768586+00:00,5031.051038,cycle_1_neutral_before_blocked,0.0000000,0.0000000,0.0000000,0.0000000,,,0,1,1,1,0,1,0.000000,7530,376550,1,0,1,1,0,1,0,1741899709,99,25914,5030948,526,0,1.2919915,-0.0048530,"[0.7979000806808472,-0.030875980854034424,-0.017616989091038704,0.6017406582832336]","[-0.0015969064552336931,0.00037919022724963725,-0.00485304556787014]","[-0.08694099634885788,-0.7043610215187073,9.7227201461792]",0.4586734,4495.000,"[0.0,0.0,0.0,0.0]","[0.0,0.0,0.0,0.0,0.0,0.0,0.0,0.0]","[0.0,0.0,0.0,0.0,0.0,0.0,0.0,0.0]",255,1,1
2026-08-12T10:57:35.820691+00:00,5031.102649,cycle_1_neutral_before_blocked,0.0000000,0.0000000,0.0000000,0.0000000,,,0,1,1,1,0,1,0.000000,7531,376600,1,0,1,1,0,1,0,1741899709,100,33741,5031000,527,0,1.2920079,-0.0042662,"[0.7978949546813965,-0.030880965292453766,-0.017613980919122696,0.6017473340034485]","[-0.0007757465355098248,0.002045229310169816,-0.004266160540282726]","[-0.09323500096797943,-0.6939569711685181,9.719295501708984]",0.4586734,4495.000,"[0.0,0.0,0.0,0.0]","[0.0,0.0,0.0,0.0,0.0,0.0,0.0,0.0]","[0.0,0.0,0.0,0.0,0.0,0.0,0.0,0.0]",255,1,1
2026-08-12T10:57:35.871886+00:00,5031.154783,cycle_1_neutral_before_blocked,0.0000000,0.0000000,0.0000000,0.0000000,,,0,1,1,1,0,1,0.000000,7532,376650,1,0,1,1,0,1,0,1741899709,101,32944,5031051,528,0,1.2920169,-0.0024134,"[0.7978915572166443,-0.030896974727511406,-0.01759798265993595,0.601751446723938]","[0.00043596577597782016,0.001436667749658227,-0.002413354115560651]","[-0.10047999769449234,-0.7009199857711792,9.733708381652832]",0.4567347,4476.000,"[0.0,0.0,0.0,0.0]","[0.0,0.0,0.0,0.0,0.0,0.0,0.0,0.0]","[0.0,0.0,0.0,0.0,0.0,0.0,0.0,0.0]",255,1,1
2026-08-12T10:57:35.922955+00:00,5031.205854,cycle_1_neutral_before_blocked,0.0000000,0.0000000,0.0000000,0.0000000,,,0,1,1,1,0,1,0.000000,7533,376700,1,0,1,1,0,1,0,1741899709,102,23445,5031103,529,0,1.2920228,-0.0048776,"[0.7978890538215637,-0.03091498091816902,-0.017570991069078445,0.6017546653747559]","[-0.000774838961660862,0.0020375321619212627,-0.004877601750195026]","[-0.10763099789619446,-0.6836829781532288,9.75736141204834]",0.4567347,4476.000,"[0.0,0.0,0.0,0.0]","[0.0,0.0,0.0,0.0,0.0,0.0,0.0,0.0]","[0.0,0.0,0.0,0.0,0.0,0.0,0.0,0.0]",255,1,1
2026-08-12T10:57:35.974724+00:00,5031.256983,cycle_1_neutral_before_blocked,0.0000000,0.0000000,0.0000000,0.0000000,,,0,1,1,1,0,1,0.000000,7534,376750,1,0,1,1,0,1,0,1741899709,103,58163,5031155,530,0,1.2920171,-0.0036289,"[0.7978909611701965,-0.03090798109769821,-0.0175629910081625,0.6017526388168335]","[-0.00017502163245808333,0.0008013330516405404,-0.0036288886331021786]","[-0.11241000145673752,-0.6836249828338623,9.759702682495117]",0.4631633,4539.000,"[0.0,0.0,0.0,0.0]","[0.0,0.0,0.0,0.0,0.0,0.0,0.0,0.0]","[0.0,0.0,0.0,0.0,0.0,0.0,0.0,0.0]",255,1,1
2026-08-12T10:57:36.025729+00:00,5031.308813,cycle_1_neutral_before_blocked,0.0000000,0.0000000,0.0000000,0.0000000,,,0,1,1,1,0,1,0.000000,7535,376800,1,0,1,1,0,1,0,1741899709,104,25411,5031206,531,0,1.2919989,-0.0048481,"[0.7978971600532532,-0.030889997258782387,-0.017542999237775803,0.6017459630966187]","[-0.0007847872911952436,0.0003739542735274881,-0.00484812306240201]","[-0.11563900113105774,-0.6825760006904602,9.7748441696167]",0.4631633,4539.000,"[0.0,0.0,0.0,0.0]","[0.0,0.0,0.0,0.0,0.0,0.0,0.0,0.0]","[0.0,0.0,0.0,0.0,0.0,0.0,0.0,0.0]",255,1,1
2026-08-12T10:57:36.077868+00:00,5031.359769,cycle_1_neutral_before_blocked,0.0000000,0.0000000,0.0000000,0.0000000,,,0,1,1,1,0,1,0.000000,7536,376850,1,0,1,1,0,1,0,1741899709,105,9649,5031258,532,0,1.2919829,-0.0044675,"[0.7979022860527039,-0.030882975086569786,-0.017542986199259758,0.6017395257949829]","[-0.001590047380886972,0.001632022438570857,-0.004467519465833902]","[-0.11086100339889526,-0.6744329929351807,9.784374237060547]",0.4631633,4539.000,"[0.0,0.0,0.0,0.0]","[0.0,0.0,0.0,0.0,0.0,0.0,0.0,0.0]","[0.0,0.0,0.0,0.0,0.0,0.0,0.0,0.0]",255,1,1
2026-08-12T10:57:36.128941+00:00,5031.412030,cycle_1_neutral_before_blocked,0.0000000,0.0000000,0.0000000,0.0000000,,,0,1,1,1,0,1,0.000000,7537,376900,1,0,1,1,0,1,0,1741899709,106,21436,5031309,533,0,1.2919874,-0.0036326,"[0.7979010343551636,-0.030881984159350395,-0.01753099076449871,0.6017416715621948]","[-0.0007841066690161824,0.0008052599732764065,-0.003632588777691126]","[-0.1195949986577034,-0.6711609959602356,9.7858247756958]",0.4670408,4577.000,"[0.0,0.0,0.0,0.0]","[0.0,0.0,0.0,0.0,0.0,0.0,0.0,0.0]","[0.0,0.0,0.0,0.0,0.0,0.0,0.0,0.0]",255,1,1
2026-08-12T10:57:36.180817+00:00,5031.462938,cycle_1_neutral_before_blocked,0.0000000,0.0000000,0.0000000,0.0000000,,,0,1,1,1,0,1,0.000000,7538,376950,1,0,1,1,0,1,0,1741899709,107,60186,5031361,534,0,1.2919712,-0.0048407,"[0.7979062795639038,-0.0308699794113636,-0.017519984394311905,0.6017355918884277]","[0.0016540312208235264,0.0007741059525869787,-0.004840722773224115]","[-0.06703300029039383,-0.7086939811706543,9.707820892333984]",0.4670408,4577.000,"[0.0,0.0,0.0,0.0]","[0.0,0.0,0.0,0.0,0.0,0.0,0.0,0.0]","[0.0,0.0,0.0,0.0,0.0,0.0,0.0,0.0]",255,1,1
2026-08-12T10:57:36.231926+00:00,5031.514975,cycle_1_neutral_before_blocked,0.0000000,0.0000000,0.0000000,0.0000000,,,0,1,1,1,0,1,0.000000,7539,377000,1,0,1,1,0,1,0,1741899709,108,42341,5031412,535,0,1.2919685,-0.0040205,"[0.797907829284668,-0.030850986018776894,-0.017511991783976555,0.6017346978187561]","[0.001244280138053,0.00037112683639861643,-0.00402054050937295]","[-0.07259099930524826,-0.7013170123100281,9.716442108154297]",0.4594898,4503.000,"[0.0,0.0,0.0,0.0]","[0.0,0.0,0.0,0.0,0.0,0.0,0.0,0.0]","[0.0,0.0,0.0,0.0,0.0,0.0,0.0,0.0]",255,1,1
2026-08-12T10:57:36.283516+00:00,5031.565938,cycle_1_neutral_before_blocked,0.0000000,0.0000000,0.0000000,0.0000000,,,0,1,1,1,0,1,0.000000,7541,377100,1,0,1,1,0,1,0,1741899709,110,42428,5031515,537,0,1.2919691,-0.0036400,"[0.7979093790054321,-0.030807996168732643,-0.017511997371912003,0.6017348766326904]","[-0.00200227671302855,0.0008131313952617347,-0.0036399713717401028]","[-0.07657700031995773,-0.6963289976119995,9.72671890258789]",0.4660204,4567.000,"[0.0,0.0,0.0,0.0]","[0.0,0.0,0.0,0.0,0.0,0.0,0.0,0.0]","[0.0,0.0,0.0,0.0,0.0,0.0,0.0,0.0]",255,1,1
2026-08-12T10:57:36.334816+00:00,5031.617518,cycle_1_neutral_before_blocked,0.0000000,0.0000000,0.0000000,0.0000000,,,0,1,1,1,0,1,0.000000,7542,377150,1,0,1,1,0,1,0,1741899709,111,6410,5031566,538,0,1.2919838,-0.0048481,"[0.7979059815406799,-0.03078298270702362,-0.017511988058686256,0.6017407178878784]","[0.0004358610894996673,0.0007819773745723069,-0.00484810583293438]","[-0.08848199993371964,-0.6939060091972351,9.724146842956543]",0.4660204,4567.000,"[0.0,0.0,0.0,0.0]","[0.0,0.0,0.0,0.0,0.0,0.0,0.0,0.0]","[0.0,0.0,0.0,0.0,0.0,0.0,0.0,0.0]",255,1,1
2026-08-12T10:57:36.386328+00:00,5031.668853,cycle_1_neutral_before_blocked,0.0000000,0.0000000,0.0000000,0.0000000,,,0,1,1,1,0,1,0.000000,7543,377200,1,0,1,1,0,1,0,1741899709,112,443,5031618,539,0,1.2919912,-0.0036215,"[0.797904372215271,-0.030764974653720856,-0.01751798577606678,0.6017435193061829]","[-0.0007878415635786951,0.00018142697808798403,-0.003621523268520832]","[-0.10046300292015076,-0.6960729956626892,9.73603630065918]",0.4654081,4561.000,"[0.0,0.0,0.0,0.0]","[0.0,0.0,0.0,0.0,0.0,0.0,0.0,0.0]","[0.0,0.0,0.0,0.0,0.0,0.0,0.0,0.0]",255,1,1
2026-08-12T10:57:36.438171+00:00,5031.720438,cycle_1_neutral_before_blocked,0.0000000,0.0000000,0.0000000,0.0000000,,,0,1,1,1,0,1,0.000000,7544,377250,1,0,1,1,0,1,0,1741899709,113,34168,5031669,540,0,1.2919924,-0.0036105,"[0.7979041934013367,-0.03076297976076603,-0.01752798818051815,0.6017436385154724]","[-0.0007915766909718513,-0.00044240610441192985,-0.0036104752216488123]","[-0.10049699991941452,-0.6959260106086731,9.745628356933594]",0.4654081,4561.000,"[0.0,0.0,0.0,0.0]","[0.0,0.0,0.0,0.0,0.0,0.0,0.0,0.0]","[0.0,0.0,0.0,0.0,0.0,0.0,0.0,0.0]",255,1,1
2026-08-12T10:57:36.489663+00:00,5031.772337,cycle_1_neutral_before_blocked,0.0000000,0.0000000,0.0000000,0.0000000,,,0,1,1,1,0,1,0.000000,7545,377300,1,0,1,1,0,1,0,1741899709,114,31419,5031721,541,0,1.2920213,-0.0032028,"[0.7978960871696472,-0.03074798174202442,-0.017542989924550056,0.6017546653747559]","[-0.0007921875221654773,-0.0004372573457658291,-0.0032028360292315483]","[-0.10283900052309036,-0.682977020740509,9.752609252929688]",0.4566326,4475.000,"[0.0,0.0,0.0,0.0]","[0.0,0.0,0.0,0.0,0.0,0.0,0.0,0.0]","[0.0,0.0,0.0,0.0,0.0,0.0,0.0,0.0]",255,1,1
2026-08-12T10:57:36.541053+00:00,5031.823680,cycle_1_positive,0.0000000,0.0750000,0.0000000,0.0000000,,,1,1,1,1,0,1,0.000000,7546,377350,1,0,1,1,0,1,0,1741899709,115,54958,5031773,542,0,1.2920537,-0.0023949,"[0.7978869676589966,-0.030729983001947403,-0.01754199154675007,0.6017676591873169]","[0.0016504009254276752,0.0008049634052440524,-0.00239490601234138]","[-0.11401800066232681,-0.6810770034790039,9.768442153930664]",0.4566326,4475.000,"[0.0,0.0,0.0,0.0]","[0.0,0.0,0.0,0.0,0.0,0.0,0.0,0.0]","[0.0,0.0,0.0,0.0,0.0,0.0,0.0,0.0]",255,1,1
2026-08-12T10:57:36.592501+00:00,5031.875123,cycle_1_positive,0.0000000,0.0750000,0.0000000,0.0000000,,,1,1,1,1,1,1,0.000000,7547,377400,2,1,1,1,0,1,0,1741899709,116,14815,5031824,543,0,1.2920724,-0.0054669,"[0.797881543636322,-0.030723972246050835,-0.017530985176563263,0.6017754673957825]","[-0.0007814014097675681,0.0007821344770491123,-0.005466946866363287]","[-0.10331500321626663,-0.7383319735527039,9.803792953491211]",0.4598979,4507.000,"[0.0,0.07500000298023224,0.0,0.0]","[-0.07500000298023224,0.07500000298023224,0.0,0.0,0.0,0.07500000298023224,0.07500000298023224,0.0]","[-200.0,0.0,0.0,0.0,0.0,200.0,0.0,0.0]",255,1,1
2026-08-12T10:57:36.644780+00:00,5031.926636,cycle_1_positive,0.0000000,0.0750000,0.0000000,0.0000000,,,1,1,1,1,1,1,0.000000,7548,377450,2,1,1,1,0,1,0,1741899709,117,54469,5031875,544,0,1.2913043,-0.0080702,"[0.79814213514328,-0.02995796501636505,-0.017053978517651558,0.6014822125434875]","[0.04850684106349945,-0.008308779448270798,-0.008070227690041065]","[-0.06752699613571167,-0.4092940092086792,9.619451522827148]",0.4598979,4507.000,"[0.0,0.07500000298023224,0.0,0.0]","[-0.07500000298023224,0.07500000298023224,0.0,0.0,0.0,0.07500000298023224,0.07500000298023224,0.0]","[-1300.0,1275.0,0.0,0.0,0.0,1287.5,1337.5,0.0]",255,1,1
2026-08-12T10:57:36.696538+00:00,5031.979036,cycle_1_positive,0.0000000,0.0750000,0.0000000,0.0000000,,,1,1,1,1,1,1,0.000000,7549,377500,2,1,1,1,0,1,0,1741899709,118,4064,5031927,545,0,1.2912400,0.0017795,"[0.7982116341590881,-0.028595972806215286,-0.016177985817193985,0.6014804244041443]","[0.0649489089846611,-0.006420071702450514,0.0017795378807932138]","[-0.08239100128412247,-0.21782900393009186,9.390974998474121]",0.4568367,4477.000,"[0.0,0.07500000298023224,0.0,0.0]","[-0.07500000298023224,0.07500000298023224,0.0,0.0,0.0,0.07500000298023224,0.07500000298023224,0.0]","[-1300.0,1312.5,0.0,0.0,0.0,1312.5,1350.0,0.0]",255,1,1
2026-08-12T10:57:36.748790+00:00,5032.030667,cycle_1_positive,0.0000000,0.0750000,0.0000000,0.0000000,,,1,1,1,1,1,1,0.000000,7550,377550,2,1,1,1,0,1,0,1741899709,119,31981,5031979,546,0,1.2923584,0.0249521,"[0.7979287505149841,-0.027055973187088966,-0.015161984600126743,0.601953387260437]","[0.067377008497715,-0.0017758901230990887,0.024952081963419914]","[-0.17872600257396698,-0.6213639974594116,9.719643592834473]",0.4568367,4477.000,"[0.0,0.07500000298023224,0.0,0.0]","[-0.07500000298023224,0.07500000298023224,0.0,0.0,0.0,0.07500000298023224,0.07500000298023224,0.0]","[-812.5,850.0,0.0,0.0,0.0,825.0,850.0,0.0]",255,1,1
2026-08-12T10:57:36.800259+00:00,5032.083055,cycle_1_positive,0.0000000,0.0750000,0.0000000,0.0000000,,,1,1,1,1,1,1,0.000000,7551,377600,2,1,1,1,0,1,0,1741899709,120,28915,5032031,547,0,1.2938271,0.0274176,"[0.7975319623947144,-0.025666983798146248,-0.014135992154479027,0.6025646328926086]","[0.07062184810638428,-0.0017660115845501423,0.027417587116360664]","[-0.12181299924850464,-0.6177430152893066,9.816997528076172]",0.4568367,4477.000,"[0.0,0.07500000298023224,0.0,0.0]","[-0.07500000298023224,0.07500000298023224,0.0,0.0,0.0,0.07500000298023224,0.07500000298023224,0.0]","[-762.5,762.5,0.0,0.0,0.0,775.0,787.5,0.0]",255,1,1
2026-08-12T10:57:36.852462+00:00,5032.134328,cycle_1_positive,0.0000000,0.0750000,0.0000000,0.0000000,,,1,1,1,1,1,1,0.000000,7552,377650,2,1,1,1,0,1,0,1741899709,121,9778,5032083,548,0,1.2953176,0.0252638,"[0.797123908996582,-0.024338988587260246,-0.013105993159115314,0.6031826734542847]","[0.0613054558634758,0.0015957196010276675,0.025263817980885506]","[-0.10227199643850327,-0.531237006187439,9.815950393676758]",0.4491836,4402.000,"[0.0,0.07500000298023224,0.0,0.0]","[-0.07500000298023224,0.07500000298023224,0.0,0.0,0.0,0.07500000298023224,0.07500000298023224,0.0]","[-750.0,750.0,0.0,0.0,0.0,750.0,775.0,0.0]",255,1,1
2026-08-12T10:57:36.904748+00:00,5032.186731,cycle_1_positive,0.0000000,0.0750000,0.0000000,0.0000000,,,1,1,1,1,1,1,0.000000,7553,377700,2,1,1,1,0,1,0,1741899709,122,16828,5032135,549,0,1.2968683,0.0272577,"[0.7966927289962769,-0.02309299074113369,-0.012163994833827019,0.6038206815719604]","[0.0552140511572361,0.0020766626112163067,0.027257680892944336]","[-0.12345100194215775,-0.45118698477745056,9.852110862731934]",0.4491836,4402.000,"[0.0,0.07500000298023224,0.0,0.0]","[-0.07500000298023224,0.07500000298023224,0.0,0.0,0.0,0.07500000298023224,0.07500000298023224,0.0]","[-750.0,750.0,0.0,0.0,0.0,750.0,762.5,0.0]",255,1,1
2026-08-12T10:57:36.957629+00:00,5032.238944,cycle_1_positive,0.0000000,0.0750000,0.0000000,0.0000000,,,1,1,1,1,1,1,0.000000,7554,377750,2,1,1,1,0,1,0,1741899709,123,64234,5032188,550,0,1.2984638,0.0285100,"[0.7962403893470764,-0.022039983421564102,-0.011387990787625313,0.6044715046882629]","[0.04543699696660042,-0.0028356886468827724,0.02850995399057865]","[-0.08999999612569809,-0.4712800085544586,9.80721378326416]",0.4496939,4407.000,"[0.0,0.07500000298023224,0.0,0.0]","[-0.07500000298023224,0.07500000298023224,0.0,0.0,0.0,0.07500000298023224,0.07500000298023224,0.0]","[-750.0,750.0,0.0,0.0,0.0,750.0,762.5,0.0]",255,1,1
2026-08-12T10:57:37.009214+00:00,5032.292069,cycle_1_positive,0.0000000,0.0750000,0.0000000,0.0000000,,,1,1,1,1,1,1,0.000000,7555,377800,2,1,1,1,0,1,0,1741899709,124,37091,5032240,551,0,1.3001006,0.0308819,"[0.7957679629325867,-0.021202974021434784,-0.01078298781067133,0.6051343679428101]","[0.033251650631427765,-0.002726186765357852,0.030881909653544426]","[-0.051663000136613846,-0.42546001076698303,9.826170921325684]",0.4496939,4407.000,"[0.0,0.07500000298023224,0.0,0.0]","[-0.07500000298023224,0.07500000298023224,0.0,0.0,0.0,0.07500000298023224,0.07500000298023224,0.0]","[-750.0,750.0,0.0,0.0,0.0,750.0,762.5,0.0]",255,1,1
2026-08-12T10:57:37.060927+00:00,5032.343302,cycle_1_positive,0.0000000,0.0750000,0.0000000,0.0000000,,,1,1,1,1,1,1,0.000000,7556,377850,2,1,1,1,0,1,0,1741899709,125,22383,5032292,552,0,1.3018392,0.0296331,"[0.7952582836151123,-0.02056099660694599,-0.01039399765431881,0.6058329343795776]","[0.021665889769792557,-0.00516223069280386,0.0296330563724041]","[-0.08715999871492386,-0.38221898674964905,9.810733795166016]",0.4509184,4419.000,"[0.0,0.07500000298023224,0.0,0.0]","[-0.07500000298023224,0.07500000298023224,0.0,0.0,0.0,0.07500000298023224,0.07500000298023224,0.0]","[-750.0,750.0,0.0,0.0,0.0,750.0,762.5,0.0]",255,1,1
2026-08-12T10:57:37.112891+00:00,5032.395078,cycle_1_positive,0.0000000,0.0750000,0.0000000,0.0000000,,,1,1,1,1,1,1,0.000000,7557,377900,2,1,1,1,0,1,0,1741899709,125,22383,5032292,552,0,1.3036059,0.0307710,"[0.7947325706481934,-0.02017299085855484,-0.01024999562650919,0.6065377593040466]","[0.007655084133148193,-0.005056341178715229,0.030771011486649513]","[-0.07289999723434448,-0.42635199427604675,9.761171340942383]",0.4509184,4419.000,"[0.0,0.07500000298023224,0.0,0.0]","[-0.07500000298023224,0.07500000298023224,0.0,0.0,0.0,0.07500000298023224,0.07500000298023224,0.0]","[-750.0,750.0,0.0,0.0,0.0,750.0,762.5,0.0]",255,1,1
2026-08-12T10:57:37.164398+00:00,5032.447114,cycle_1_positive,0.0000000,0.0750000,0.0000000,0.0000000,,,1,1,1,1,1,1,0.000000,7558,377950,2,1,1,1,0,1,0,1741899709,126,24568,5032344,553,0,1.3053685,0.0306701,"[0.7942017316818237,-0.020013980567455292,-0.010287989862263203,0.6072373986244202]","[-0.0053312829695641994,-0.003724741982296109,0.03067011386156082]","[-0.04393000155687332,-0.37877899408340454,9.734416961669922]",0.4397959,4310.000,"[0.0,0.07500000298023224,0.0,0.0]","[-0.07500000298023224,0.07500000298023224,0.0,0.0,0.0,0.07500000298023224,0.07500000298023224,0.0]","[-750.0,750.0,0.0,0.0,0.0,750.0,762.5,0.0]",255,1,1
2026-08-12T10:57:37.216395+00:00,5032.498454,cycle_1_positive,0.0000000,0.0750000,0.0000000,0.0000000,,,1,1,1,1,1,1,0.000000,7559,378000,2,1,1,1,0,1,0,1741899709,127,39028,5032396,554,0,1.3072859,0.0306786,"[0.7936168909072876,-0.02010699175298214,-0.010566996410489082,0.6079937815666199]","[-0.014896036125719547,-0.007406165823340416,0.03067859634757042]","[-0.12789799273014069,-0.388588011264801,9.853537559509277]",0.4397959,4310.000,"[0.0,0.07500000298023224,0.0,0.0]","[-0.07500000298023224,0.07500000298023224,0.0,0.0,0.0,0.07500000298023224,0.07500000298023224,0.0]","[-750.0,750.0,0.0,0.0,0.0,750.0,750.0,0.0]",255,1,1
2026-08-12T10:57:37.268162+00:00,5032.550549,cycle_1_positive,0.0000000,0.0750000,0.0000000,0.0000000,,,1,1,1,1,1,1,0.000000,7560,378050,2,1,1,1,0,1,0,1741899709,128,27002,5032447,555,0,1.3090189,0.0302205,"[0.7930832505226135,-0.020358985289931297,-0.010997993871569633,0.608673632144928]","[-0.025660930201411247,-0.008173604495823383,0.03022046573460102]","[-0.08393699675798416,-0.41686201095581055,9.748909950256348]",0.4485714,4396.000,"[0.0,0.07500000298023224,0.0,0.0]","[-0.07500000298023224,0.07500000298023224,0.0,0.0,0.0,0.07500000298023224,0.07500000298023224,0.0]","[-750.0,737.5,0.0,0.0,0.0,750.0,750.0,0.0]",255,1,1
2026-08-12T10:57:37.320492+00:00,5032.602328,cycle_1_positive,0.0000000,0.0750000,0.0000000,0.0000000,,,1,1,1,1,1,1,0.000000,7561,378100,2,1,1,1,0,1,0,1741899709,129,56047,5032499,556,0,1.3107266,0.0306194,"[0.7925516963005066,-0.020801981911063194,-0.011599989607930183,0.6093394756317139]","[-0.030134402215480804,-0.009179366752505302,0.03061944618821144]","[-0.10166999697685242,-0.41819700598716736,9.813495635986328]",0.4485714,4396.000,"[0.0,0.07500000298023224,0.0,0.0]","[-0.07500000298023224,0.07500000298023224,0.0,0.0,0.0,0.07500000298023224,0.07500000298023224,0.0]","[-750.0,750.0,0.0,0.0,0.0,750.0,750.0,0.0]",255,1,1
2026-08-12T10:57:37.372279+00:00,5032.654680,cycle_1_positive,0.0000000,0.0750000,0.0000000,0.0000000,,,1,1,1,1,1,1,0.000000,7562,378150,2,1,1,1,0,1,0,1741899709,130,48481,5032551,557,0,1.3122652,0.0306120,"[0.7920693755149841,-0.021303996443748474,-0.012269997969269753,0.6099358797073364]","[-0.038676533848047256,-0.011619651690125465,0.030611976981163025]","[-0.054023001343011856,-0.47968798875808716,9.740583419799805]",0.4493878,4404.000,"[0.0,0.07500000298023224,0.0,0.0]","[-0.07500000298023224,0.07500000298023224,0.0,0.0,0.0,0.07500000298023224,0.07500000298023224,0.0]","[-750.0,750.0,0.0,0.0,0.0,750.0,750.0,0.0]",255,1,1
2026-08-12T10:57:37.424555+00:00,5032.706417,cycle_1_positive,0.0000000,0.0750000,0.0000000,0.0000000,,,1,1,1,1,1,1,0.000000,7563,378200,2,1,1,1,0,1,0,1741899709,131,5620,5032603,558,0,1.3140063,0.0299341,"[0.7915189266204834,-0.022000975906848907,-0.013133985921740532,0.6106073260307312]","[-0.04414622113108635,-0.009720437228679657,0.0299341082572937]","[-0.09444300085306168,-0.47513100504875183,9.711265563964844]",0.4493878,4404.000,"[0.0,0.07500000298023224,0.0,0.0]","[-0.07500000298023224,0.07500000298023224,0.0,0.0,0.0,0.07500000298023224,0.07500000298023224,0.0]","[-750.0,750.0,0.0,0.0,0.0,750.0,750.0,0.0]",255,1,1
2026-08-12T10:57:37.476290+00:00,5032.758782,cycle_1_positive,0.0000000,0.0750000,0.0000000,0.0000000,,,1,1,1,1,1,1,0.000000,7564,378250,2,1,1,1,0,1,0,1741899709,132,29309,5032655,559,0,1.3157585,0.0317229,"[0.7909619808197021,-0.022765986621379852,-0.0140719935297966,0.6112797260284424]","[-0.05288166552782059,-0.010056831873953342,0.03172289580106735]","[-0.054117001593112946,-0.530131995677948,9.693346977233887]",0.4493878,4404.000,"[0.0,0.07500000298023224,0.0,0.0]","[-0.07500000298023224,0.07500000298023224,0.0,0.0,0.0,0.07500000298023224,0.07500000298023224,0.0]","[-750.0,750.0,0.0,0.0,0.0,750.0,750.0,0.0]",255,1,1
2026-08-12T10:57:37.527749+00:00,5032.810344,cycle_1_positive,0.0000000,0.0750000,0.0000000,0.0000000,,,1,1,1,1,1,1,0.000000,7565,378300,2,1,1,1,0,1,0,1741899709,133,47217,5032707,560,0,1.3174943,0.0305049,"[0.790405809879303,-0.023622991517186165,-0.015097993426024914,0.6119416952133179]","[-0.0563400499522686,-0.011505595408380032,0.0305048655718565]","[-0.06603799760341644,-0.5407570004463196,9.676575660705566]",0.4411224,4323.000,"[0.0,0.07500000298023224,0.0,0.0]","[-0.07500000298023224,0.07500000298023224,0.0,0.0,0.0,0.07500000298023224,0.07500000298023224,0.0]","[-750.0,750.0,0.0,0.0,0.0,750.0,750.0,0.0]",255,1,1
2026-08-12T10:57:37.579183+00:00,5032.861832,cycle_1_positive,0.0000000,0.0750000,0.0000000,0.0000000,,,1,1,1,1,1,1,0.000000,7566,378350,2,1,1,1,0,1,0,1741899709,134,25428,5032759,561,0,1.3192762,0.0317204,"[0.7898322939872742,-0.02453298307955265,-0.016173988580703735,0.6126185059547424]","[-0.057560015469789505,-0.011482294648885727,0.03172038495540619]","[-0.07640700042247772,-0.6183310151100159,9.792739868164062]",0.4411224,4323.000,"[0.0,0.07500000298023224,0.0,0.0]","[-0.07500000298023224,0.07500000298023224,0.0,0.0,0.0,0.07500000298023224,0.07500000298023224,0.0]","[-750.0,750.0,0.0,0.0,0.0,750.0,750.0,0.0]",255,1,1
2026-08-12T10:57:37.630731+00:00,5032.913259,cycle_1_positive,0.0000000,0.0750000,0.0000000,0.0000000,,,1,1,1,1,1,1,0.000000,7567,378400,2,1,1,1,0,1,0,1741899709,135,20031,5032811,562,0,1.3211671,0.0329064,"[0.7892218232154846,-0.025499986484646797,-0.017260992899537086,0.6133357286453247]","[-0.058159731328487396,-0.009591421112418175,0.0329064205288887]","[-0.05967700108885765,-0.6185539960861206,9.783339500427246]",0.4472449,4383.000,"[0.0,0.07500000298023224,0.0,0.0]","[-0.07500000298023224,0.07500000298023224,0.0,0.0,0.0,0.07500000298023224,0.07500000298023224,0.0]","[-750.0,750.0,0.0,0.0,0.0,750.0,762.5,0.0]",255,1,1
2026-08-12T10:57:37.683989+00:00,5032.964786,cycle_1_positive,0.0000000,0.0750000,0.0000000,0.0000000,,,1,1,1,1,1,1,0.000000,7569,378500,2,1,1,1,0,1,0,1741899709,137,33213,5032914,564,0,1.3250588,0.0354629,"[0.7879700064659119,-0.02717898227274418,-0.01923799142241478,0.6148126721382141]","[-0.04721471667289734,-0.01212674006819725,0.03546294569969177]","[-0.08579900115728378,-0.6410719752311707,9.718603134155273]",0.4597959,4506.000,"[0.0,0.07500000298023224,0.0,0.0]","[-0.07500000298023224,0.07500000298023224,0.0,0.0,0.0,0.07500000298023224,0.07500000298023224,0.0]","[-750.0,737.5,0.0,0.0,0.0,750.0,762.5,0.0]",255,1,1
2026-08-12T10:57:37.735591+00:00,5033.018245,cycle_1_positive,0.0000000,0.0750000,0.0000000,0.0000000,,,1,1,1,1,1,1,0.000000,7570,378550,2,1,1,1,0,1,0,1741899709,138,35695,5032967,565,0,1.3271023,0.0375725,"[0.7873173952102661,-0.02784799598157406,-0.020122995600104332,0.6155898571014404]","[-0.04032471776008606,-0.013809184543788433,0.037572458386421204]","[-0.04063300043344498,-0.6480079889297485,9.751208305358887]",0.4597959,4506.000,"[0.0,0.07500000298023224,0.0,0.0]","[-0.07500000298023224,0.07500000298023224,0.0,0.0,0.0,0.07500000298023224,0.07500000298023224,0.0]","[-750.0,750.0,0.0,0.0,0.0,750.0,750.0,0.0]",255,1,1
2026-08-12T10:57:37.787811+00:00,5033.069668,cycle_1_positive,0.0000000,0.0750000,0.0000000,0.0000000,,,1,1,1,1,1,1,0.000000,7571,378600,2,1,1,1,0,1,0,1741899709,139,36850,5033018,566,0,1.3292378,0.0403584,"[0.786637544631958,-0.02844797819852829,-0.020919984206557274,0.6164045333862305]","[-0.0374579057097435,-0.009008779190480709,0.040358368307352066]","[-0.07419600337743759,-0.6544960141181946,9.78849983215332]",0.4660204,4567.000,"[0.0,0.07500000298023224,0.0,0.0]","[-0.07500000298023224,0.07500000298023224,0.0,0.0,0.0,0.07500000298023224,0.07500000298023224,0.0]","[-750.0,750.0,0.0,0.0,0.0,750.0,750.0,0.0]",255,1,1
2026-08-12T10:57:37.839974+00:00,5033.122058,cycle_1_positive,0.0000000,0.0750000,0.0000000,0.0000000,,,1,1,1,1,1,1,0.000000,7572,378650,2,1,1,1,0,1,0,1741899709,140,32038,5033071,567,0,1.3314233,0.0403473,"[0.7859436273574829,-0.02896799147129059,-0.02158799208700657,0.6172417402267456]","[-0.03379219025373459,-0.007160859182476997,0.04034733772277832]","[-0.014890999533236027,-0.7075049877166748,9.801956176757812]",0.4660204,4567.000,"[0.0,0.07500000298023224,0.0,0.0]","[-0.07500000298023224,0.07500000298023224,0.0,0.0,0.0,0.07500000298023224,0.07500000298023224,0.0]","[-750.0,750.0,0.0,0.0,0.0,750.0,762.5,0.0]",255,1,1
2026-08-12T10:57:37.891075+00:00,5033.174036,cycle_1_positive,0.0000000,0.0750000,0.0000000,0.0000000,,,1,1,1,1,1,1,0.000000,7573,378700,2,1,1,1,0,1,0,1741899709,141,11239,5033123,568,0,1.3336750,0.0404064,"[0.785232424736023,-0.02936999313533306,-0.02213999256491661,0.618107795715332]","[-0.025877786800265312,-0.007835830561816692,0.04040641337633133]","[-0.04567699879407883,-0.7132369875907898,9.732120513916016]",0.4821429,4725.000,"[0.0,0.07500000298023224,0.0,0.0]","[-0.07500000298023224,0.07500000298023224,0.0,0.0,0.0,0.07500000298023224,0.07500000298023224,0.0]","[-750.0,750.0,0.0,0.0,0.0,750.0,750.0,0.0]",255,1,1
2026-08-12T10:57:37.941956+00:00,5033.225028,cycle_1_positive,0.0000000,0.0750000,0.0000000,0.0000000,,,1,1,1,1,1,1,0.000000,7574,378750,2,1,1,1,0,1,0,1741899709,142,45741,5033174,569,0,1.3359267,0.0416884,"[0.7845243811607361,-0.029656996950507164,-0.02257399633526802,0.618976891040802]","[-0.014303235337138176,-0.007271303795278072,0.041688431054353714]","[-0.005371999926865101,-0.7591249942779541,9.733259201049805]",0.4821429,4725.000,"[0.0,0.07500000298023224,0.0,0.0]","[-0.07500000298023224,0.07500000298023224,0.0,0.0,0.0,0.07500000298023224,0.07500000298023224,0.0]","[-750.0,750.0,0.0,0.0,0.0,750.0,750.0,0.0]",255,1,1
2026-08-12T10:57:37.992907+00:00,5033.275862,cycle_1_positive,0.0000000,0.0750000,0.0000000,0.0000000,,,1,1,1,1,1,1,0.000000,7575,378800,2,1,1,1,0,1,0,1741899709,143,4744,5033225,570,0,1.3382283,0.0429335,"[0.7838031053543091,-0.02985198050737381,-0.022927984595298767,0.6198675632476807]","[-0.010650522075593472,-0.007279471959918737,0.042933493852615356]","[-0.023912999778985977,-0.6801729798316956,9.698301315307617]",0.4987755,4888.000,"[0.0,0.07500000298023224,0.0,0.0]","[-0.07500000298023224,0.07500000298023224,0.0,0.0,0.0,0.07500000298023224,0.07500000298023224,0.0]","[-750.0,737.5,0.0,0.0,0.0,750.0,750.0,0.0]",255,1,1
2026-08-12T10:57:38.044284+00:00,5033.326912,cycle_1_positive,0.0000000,0.0750000,0.0000000,0.0000000,,,1,1,1,1,1,1,0.000000,7576,378850,2,1,1,1,0,1,0,1741899709,144,23781,5033276,571,0,1.3408198,0.0428930,"[0.7829920649528503,-0.03001198172569275,-0.02323598600924015,0.6208726167678833]","[-0.008195508271455765,-0.004175996873527765,0.04289298877120018]","[-0.012105999514460564,-0.6895560026168823,9.717764854431152]",0.4987755,4888.000,"[0.0,0.07500000298023224,0.0,0.0]","[-0.07500000298023224,0.07500000298023224,0.0,0.0,0.0,0.07500000298023224,0.07500000298023224,0.0]","[-750.0,750.0,0.0,0.0,0.0,750.0,750.0,0.0]",255,1,1
2026-08-12T10:57:38.096483+00:00,5033.378285,cycle_1_positive,0.0000000,0.0750000,0.0000000,0.0000000,,,1,1,1,1,1,1,0.000000,7577,378900,2,1,1,1,0,1,0,1741899709,145,45567,5033327,572,0,1.3431824,0.0428672,"[0.7822529077529907,-0.03011898137629032,-0.023389987647533417,0.6217926740646362]","[-0.006966132204979658,-0.0023123519495129585,0.04286719113588333]","[-0.00792699959129095,-0.7829849720001221,9.745574951171875]",0.5184693,5081.000,"[0.0,0.07500000298023224,0.0,0.0]","[-0.07500000298023224,0.07500000298023224,0.0,0.0,0.0,0.07500000298023224,0.07500000298023224,0.0]","[-750.0,750.0,0.0,0.0,0.0,750.0,750.0,0.0]",255,1,1
2026-08-12T10:57:38.148492+00:00,5033.430767,cycle_1_positive,0.0000000,0.0750000,0.0000000,0.0000000,,,1,1,1,1,1,1,0.000000,7578,378950,2,1,1,1,0,1,0,1741899709,146,18236,5033379,573,0,1.3455263,0.0428476,"[0.7815204858779907,-0.030173974111676216,-0.023464981466531754,0.6227075457572937]","[-0.002890614327043295,0.00015678293129894882,0.04284757003188133]","[-0.03988099843263626,-0.7821779847145081,9.788372993469238]",0.5184693,5081.000,"[0.0,0.07500000298023224,0.0,0.0]","[-0.07500000298023224,0.07500000298023224,0.0,0.0,0.0,0.07500000298023224,0.07500000298023224,0.0]","[-750.0,750.0,0.0,0.0,0.0,750.0,750.0,0.0]",255,1,1
2026-08-12T10:57:38.199942+00:00,5033.482561,cycle_1_positive,0.0000000,0.0750000,0.0000000,0.0000000,,,1,1,1,1,1,1,0.000000,7579,379000,2,1,1,1,0,1,0,1741899709,147,60201,5033431,574,0,1.3478658,0.0428624,"[0.7807910442352295,-0.03015798330307007,-0.023438984528183937,0.6236236095428467]","[0.003207688219845295,0.001365126809105277,0.042862389236688614]","[-0.06506799906492233,-0.7503560185432434,9.763628959655762]",0.5184693,5081.000,"[0.0,0.07500000298023224,0.0,0.0]","[-0.07500000298023224,0.07500000298023224,0.0,0.0,0.0,0.07500000298023224,0.07500000298023224,0.0]","[-750.0,750.0,0.0,0.0,0.0,750.0,750.0,0.0]",255,1,1
2026-08-12T10:57:38.251604+00:00,5033.534031,cycle_1_positive,0.0000000,0.0750000,0.0000000,0.0000000,,,1,1,1,1,1,1,0.000000,7580,379050,2,1,1,1,0,1,0,1741899709,148,28020,5033483,575,0,1.3501767,0.0429042,"[0.780071496963501,-0.030091989785432816,-0.023327993229031563,0.6245307922363281]","[0.006448695436120033,9.64643550105393e-05,0.04290420934557915]","[-0.0439159981906414,-0.7917450070381165,9.790867805480957]",0.5428571,5320.000,"[0.0,0.07500000298023224,0.0,0.0]","[-0.07500000298023224,0.07500000298023224,0.0,0.0,0.0,0.07500000298023224,0.07500000298023224,0.0]","[-750.0,750.0,0.0,0.0,0.0,750.0,762.5,0.0]",255,1,1
2026-08-12T10:57:38.303563+00:00,5033.585769,cycle_1_positive,0.0000000,0.0750000,0.0000000,0.0000000,,,1,1,1,1,1,1,0.000000,7581,379100,2,1,1,1,0,1,0,1741899709,149,33550,5033534,576,0,1.3524579,0.0416592,"[0.7793619632720947,-0.02997896820306778,-0.023168975487351418,0.6254273653030396]","[0.010119942016899586,0.002552805934101343,0.04165922850370407]","[-0.05062500014901161,-0.7222859859466553,9.768178939819336]",0.5428571,5320.000,"[0.0,0.07500000298023224,0.0,0.0]","[-0.07500000298023224,0.07500000298023224,0.0,0.0,0.0,0.07500000298023224,0.07500000298023224,0.0]","[-750.0,750.0,0.0,0.0,0.0,750.0,762.5,0.0]",255,1,1
2026-08-12T10:57:38.355652+00:00,5033.637641,cycle_1_positive,0.0000000,0.0750000,0.0000000,0.0000000,,,1,1,1,1,1,1,0.000000,7582,379150,2,1,1,1,0,1,0,1741899709,150,39850,5033586,577,0,1.3548003,0.0440719,"[0.7786325812339783,-0.02985597588121891,-0.022942978888750076,0.6263493895530701]","[0.010127535089850426,0.004455162212252617,0.04407186806201935]","[-0.04102899879217148,-0.6856629848480225,9.806132316589355]",0.5694898,5581.000,"[0.0,0.07500000298023224,0.0,0.0]","[-0.07500000298023224,0.07500000298023224,0.0,0.0,0.0,0.07500000298023224,0.07500000298023224,0.0]","[-750.0,750.0,0.0,0.0,0.0,750.0,762.5,0.0]",255,1,1
2026-08-12T10:57:38.407795+00:00,5033.689881,cycle_1_positive,0.0000000,0.0750000,0.0000000,0.0000000,,,1,1,1,1,1,1,0.000000,7583,379200,2,1,1,1,0,1,0,1741899709,151,45633,5033638,578,0,1.3571389,0.0428379,"[0.7779024243354797,-0.02975599281489849,-0.022663993760943413,0.6272708773612976]","[0.010133068077266216,0.005063584074378014,0.04283790662884712]","[-0.036302000284194946,-0.719946026802063,9.768309593200684]",0.5694898,5581.000,"[0.0,0.07500000298023224,0.0,0.0]","[-0.07500000298023224,0.07500000298023224,0.0,0.0,0.0,0.07500000298023224,0.07500000298023224,0.0]","[-750.0,737.5,0.0,0.0,0.0,750.0,750.0,0.0]",255,1,1
2026-08-12T10:57:38.460096+00:00,5033.741927,cycle_1_positive,0.0000000,0.0750000,0.0000000,0.0000000,,,1,1,1,1,1,1,0.000000,7584,379250,2,1,1,1,0,1,0,1741899709,152,49637,5033691,579,0,1.3594525,0.0419783,"[0.7771785259246826,-0.02966897562146187,-0.022362980991601944,0.6281824707984924]","[0.006487231235951185,0.006324585061520338,0.041978344321250916]","[-0.04133300110697746,-0.7548850178718567,9.789554595947266]",0.5856122,5739.000,"[0.0,0.07500000298023224,0.0,0.0]","[-0.07500000298023224,0.07500000298023224,0.0,0.0,0.0,0.07500000298023224,0.07500000298023224,0.0]","[-750.0,750.0,0.0,0.0,0.0,737.5,737.5,0.0]",255,1,1
2026-08-12T10:57:38.511244+00:00,5033.794288,cycle_1_positive,0.0000000,0.0750000,0.0000000,0.0000000,,,1,1,1,1,1,1,0.000000,7585,379300,2,1,1,1,0,1,0,1741899709,153,29891,5033743,580,0,1.3617620,0.0427641,"[0.7764538526535034,-0.029608970507979393,-0.022091975435614586,0.629090428352356]","[0.005275310017168522,0.007590419612824917,0.042764127254486084]","[-0.044346000999212265,-0.7080249786376953,9.8112211227417]",0.5856122,5739.000,"[0.0,0.07500000298023224,0.0,0.0]","[-0.07500000298023224,0.07500000298023224,0.0,0.0,0.0,0.07500000298023224,0.07500000298023224,0.0]","[-750.0,737.5,0.0,0.0,0.0,750.0,750.0,0.0]",255,1,1
2026-08-12T10:57:38.563352+00:00,5033.845251,cycle_1_neutral_after_blocked,0.0000000,0.0000000,0.0000000,0.0000000,,,0,1,1,1,1,1,0.000000,7586,379350,2,1,1,1,0,1,0,1741899709,153,29891,5033743,580,0,1.3640749,0.0439907,"[0.7757241725921631,-0.029621964320540428,-0.021834971383213997,0.6299982070922852]","[0.005882597528398037,0.007601904217153788,0.043990712612867355]","[-0.04121199995279312,-0.7365419864654541,9.782890319824219]",0.6037755,5917.000,"[0.0,0.07500000298023224,0.0,0.0]","[-0.07500000298023224,0.07500000298023224,0.0,0.0,0.0,0.07500000298023224,0.07500000298023224,0.0]","[-750.0,737.5,0.0,0.0,0.0,737.5,762.5,0.0]",255,1,1
2026-08-12T10:57:38.615723+00:00,5033.897641,cycle_1_neutral_after_blocked,0.0000000,0.0000000,0.0000000,0.0000000,,,0,1,1,1,1,1,0.000000,7587,379400,2,1,1,1,0,1,0,1741899709,154,63802,5033794,581,0,1.3663816,0.0433719,"[0.7749926447868347,-0.029708972200751305,-0.021615980193018913,0.6309013366699219]","[0.002834327518939972,0.006990026216953993,0.04337186738848686]","[-0.029121000319719315,-0.7299309968948364,9.746950149536133]",0.6037755,5917.000,"[0.0,0.07500000298023224,0.0,0.0]","[-0.07500000298023224,0.07500000298023224,0.0,0.0,0.0,0.07500000298023224,0.07500000298023224,0.0]","[-750.0,737.5,0.0,0.0,0.0,750.0,750.0,0.0]",255,1,1
2026-08-12T10:57:38.668066+00:00,5033.949983,cycle_1_neutral_after_blocked,0.0000000,0.0000000,0.0000000,0.0000000,,,0,1,1,1,0,1,0.000000,7588,379450,1,0,1,1,0,1,0,1741899709,155,3829,5033846,582,0,1.3686177,0.0414195,"[0.7742751240730286,-0.029982980340719223,-0.021503984928131104,0.6317725777626038]","[-0.0038367577362805605,0.011377033777534962,0.04141945391893387]","[-0.10374899953603745,-0.8348770141601562,9.78361701965332]",0.6156123,6033.000,"[0.0,0.0,0.0,0.0]","[0.0,0.0,0.0,0.0,0.0,0.0,0.0,0.0]","[375.0,275.0,0.0,0.0,0.0,300.0,437.5,0.0]",255,1,1
2026-08-12T10:57:38.720373+00:00,5034.002317,cycle_1_neutral_after_blocked,0.0000000,0.0000000,0.0000000,0.0000000,,,0,1,1,1,0,1,0.000000,7589,379500,1,0,1,1,0,1,0,1741899709,156,28156,5033898,583,0,1.3705105,0.0302841,"[0.7736534476280212,-0.03055797703564167,-0.02158598229289055,0.6325035095214844]","[-0.02147650346159935,0.012599985115230083,0.030284099280834198]","[-0.046810999512672424,-0.8879489898681641,9.792248725891113]",0.6156123,6033.000,"[0.0,0.0,0.0,0.0]","[0.0,0.0,0.0,0.0,0.0,0.0,0.0,0.0]","[212.5,150.0,0.0,0.0,0.0,150.0,262.5,0.0]",255,1,1
2026-08-12T10:57:38.772716+00:00,5034.054610,cycle_1_neutral_after_blocked,0.0000000,0.0000000,0.0000000,0.0000000,,,0,1,1,1,0,1,0.000000,7590,379550,1,0,1,1,0,1,0,1741899709,157,21684,5033951,584,0,1.3719742,0.0290907,"[0.7731640338897705,-0.031193984672427177,-0.021758990362286568,0.6330646276473999]","[-0.023925969377160072,0.010104933753609657,0.02909065969288349]","[-0.06297600269317627,-0.784367024898529,9.795337677001953]",0.6261224,6136.000,"[0.0,0.0,0.0,0.0]","[0.0,0.0,0.0,0.0,0.0,0.0,0.0,0.0]","[125.0,312.5,0.0,0.0,0.0,137.5,3087.5,0.0]",255,1,1
2026-08-12T10:57:38.824226+00:00,5034.106933,cycle_1_neutral_after_blocked,0.0000000,0.0000000,0.0000000,0.0000000,,,0,1,1,1,0,1,0.000000,7591,379600,1,0,1,1,0,1,0,1741899709,158,7867,5034003,585,0,1.3735243,0.0278677,"[0.7726425528526306,-0.03192299231886864,-0.022044995799660683,0.6336548924446106]","[-0.02758615091443062,0.008865417912602425,0.02786770649254322]","[-0.07261399924755096,-0.8011239767074585,9.797872543334961]",0.6261224,6136.000,"[0.0,0.0,0.0,0.0]","[0.0,0.0,0.0,0.0,0.0,0.0,0.0,0.0]","[125.0,1262.5,0.0,0.0,0.0,362.5,162.5,0.0]",255,1,1
2026-08-12T10:57:38.876340+00:00,5034.158245,cycle_1_neutral_after_blocked,0.0000000,0.0000000,0.0000000,0.0000000,,,0,1,1,1,0,1,0.000000,7592,379650,1,0,1,1,0,1,0,1741899709,159,55607,5034055,586,0,1.3751500,0.0253776,"[0.7720907330513,-0.03276896849274635,-0.022401979193091393,0.6342713832855225]","[-0.031229598447680473,0.01010585855692625,0.025377629324793816]","[-0.039142001420259476,-0.8385319709777832,9.722043991088867]",0.6323469,6197.000,"[0.0,0.0,0.0,0.0]","[0.0,0.0,0.0,0.0,0.0,0.0,0.0,0.0]","[125.0,600.0,0.0,0.0,0.0,400.0,212.5,0.0]",255,1,1
2026-08-12T10:57:38.928666+00:00,5034.210589,cycle_1_neutral_after_blocked,0.0000000,0.0000000,0.0000000,0.0000000,,,0,1,1,1,0,1,0.000000,7593,379700,1,0,1,1,0,1,0,1741899709,160,59608,5034107,587,0,1.3766081,0.0241879,"[0.7715945839881897,-0.03352797031402588,-0.02273597940802574,0.6348233819007874]","[-0.031238986179232597,0.008218912407755852,0.02418789081275463]","[-0.05110200121998787,-0.8530929684638977,9.710126876831055]",0.6323469,6197.000,"[0.0,0.0,0.0,0.0]","[0.0,0.0,0.0,0.0,0.0,0.0,0.0,0.0]","[0.0,150.0,0.0,0.0,0.0,475.0,537.5,0.0]",255,1,1
2026-08-12T10:57:38.980999+00:00,5034.262928,cycle_1_neutral_after_blocked,0.0000000,0.0000000,0.0000000,0.0000000,,,0,1,1,1,0,1,0.000000,7594,379750,1,0,1,1,0,1,0,1741899709,161,49459,5034159,588,0,1.3779808,0.0242211,"[0.7711264491081238,-0.0342409722507,-0.023026982322335243,0.6353434920310974]","[-0.027588196098804474,0.00757146580144763,0.02422112226486206]","[-0.06310000270605087,-0.8601070046424866,9.719688415527344]",0.6323469,6197.000,"[0.0,0.0,0.0,0.0]","[0.0,0.0,0.0,0.0,0.0,0.0,0.0,0.0]","[0.0,200.0,0.0,0.0,0.0,0.0,0.0,0.0]",255,1,1
2026-08-12T10:57:39.034303+00:00,5034.315258,cycle_1_neutral_after_blocked,0.0000000,0.0000000,0.0000000,0.0000000,,,0,1,1,1,0,1,0.000000,7596,379850,1,0,1,1,0,1,0,1741899709,163,51033,5034264,590,0,1.3806207,0.0206041,"[0.7702329158782959,-0.03540196269750595,-0.023559976369142532,0.6363433599472046]","[-0.019055556505918503,0.007470131851732731,0.020604101940989494]","[-0.07982999831438065,-0.87956702709198,9.700590133666992]",0.6277550,6152.000,"[0.0,0.0,0.0,0.0]","[0.0,0.0,0.0,0.0,0.0,0.0,0.0,0.0]","[0.0,162.5,0.0,0.0,0.0,0.0,0.0,0.0]",255,1,1
2026-08-12T10:57:39.086602+00:00,5034.368555,cycle_1_neutral_after_blocked,0.0000000,0.0000000,0.0000000,0.0000000,,,0,1,1,1,0,1,0.000000,7597,379900,1,0,1,1,0,1,0,1741899709,164,13709,5034317,591,0,1.3818471,0.0206926,"[0.7698208689689636,-0.035852979868650436,-0.023717990145087242,0.6368107795715332]","[-0.015423440374433994,0.0037035015411674976,0.020692624151706696]","[-0.07508499920368195,-0.8860399723052979,9.698341369628906]",0.6202040,6078.000,"[0.0,0.0,0.0,0.0]","[0.0,0.0,0.0,0.0,0.0,0.0,0.0,0.0]","[0.0,250.0,0.0,0.0,0.0,0.0,0.0,0.0]",255,1,1
2026-08-12T10:57:39.137942+00:00,5034.420784,cycle_1_neutral_after_blocked,0.0000000,0.0000000,0.0000000,0.0000000,,,0,1,1,1,0,1,0.000000,7598,379950,1,0,1,1,0,1,0,1741899709,165,25420,5034369,592,0,1.3830233,0.0195067,"[0.7694314122200012,-0.03615197166800499,-0.02382098324596882,0.6372604966163635]","[-0.00749976746737957,0.004260767716914415,0.019506672397255898]","[-0.09662800282239914,-0.8938120007514954,9.707804679870605]",0.6202040,6078.000,"[0.0,0.0,0.0,0.0]","[0.0,0.0,0.0,0.0,0.0,0.0,0.0,0.0]","[0.0,525.0,0.0,0.0,0.0,0.0,0.0,0.0]",255,1,1
2026-08-12T10:57:39.189382+00:00,5034.471946,cycle_1_neutral_after_blocked,0.0000000,0.0000000,0.0000000,0.0000000,,,0,1,1,1,0,1,0.000000,7599,380000,1,0,1,1,0,1,0,1741899709,166,47209,5034421,593,0,1.3841969,0.0183281,"[0.7690477967262268,-0.0363369844853878,-0.02382299117743969,0.6377127766609192]","[-0.0020199220161885023,0.0035861104261130095,0.018328068777918816]","[-0.09427700191736221,-0.8887559771537781,9.72454833984375]",0.6058164,5937.000,"[0.0,0.0,0.0,0.0]","[0.0,0.0,0.0,0.0,0.0,0.0,0.0,0.0]","[0.0,0.0,0.0,0.0,0.0,0.0,0.0,0.0]",255,1,1
2026-08-12T10:57:39.240369+00:00,5034.523396,cycle_1_neutral_after_blocked,0.0000000,0.0000000,0.0000000,0.0000000,,,0,1,1,1,0,1,0.000000,7600,380050,1,0,1,1,0,1,0,1741899709,167,95,5034472,594,0,1.3852746,0.0171126,"[0.7686999440193176,-0.03640798106789589,-0.023750990629196167,0.6381307244300842]","[0.002862025983631611,0.004786896985024214,0.01711258664727211]","[-0.10860399901866913,-0.8836960196495056,9.73630428314209]",0.6058164,5937.000,"[0.0,0.0,0.0,0.0]","[0.0,0.0,0.0,0.0,0.0,0.0,0.0,0.0]","[0.0,0.0,0.0,0.0,0.0,0.0,0.0,0.0]",255,1,1
2026-08-12T10:57:39.291345+00:00,5034.574356,cycle_1_neutral_after_blocked,0.0000000,0.0000000,0.0000000,0.0000000,,,0,1,1,1,0,1,0.000000,7601,380100,1,0,1,1,0,1,0,1741899709,168,11748,5034523,595,0,1.3863080,0.0171532,"[0.7683702111244202,-0.03639097884297371,-0.023589985445141792,0.638534665107727]","[0.007730988319963217,0.004131596069782972,0.017153184860944748]","[-0.12287700176239014,-0.8665720224380493,9.750279426574707]",0.5907143,5789.000,"[0.0,0.0,0.0,0.0]","[0.0,0.0,0.0,0.0,0.0,0.0,0.0,0.0]","[0.0,0.0,0.0,0.0,0.0,0.0,0.0,0.0]",255,1,1
2026-08-12T10:57:39.342346+00:00,5034.625286,cycle_1_neutral_after_blocked,0.0000000,0.0000000,0.0000000,0.0000000,,,0,1,1,1,0,1,0.000000,7602,380150,1,0,1,1,0,1,0,1741899709,169,32565,5034574,596,0,1.3873291,0.0171790,"[0.7680487632751465,-0.036275967955589294,-0.02335497736930847,0.6389364004135132]","[0.011994601227343082,0.004104054998606443,0.01717904955148697]","[-0.12047000229358673,-0.8543729782104492,9.76212215423584]",0.5907143,5789.000,"[0.0,0.0,0.0,0.0]","[0.0,0.0,0.0,0.0,0.0,0.0,0.0,0.0]","[0.0,0.0,0.0,0.0,0.0,0.0,0.0,0.0]",255,1,1
2026-08-12T10:57:39.394209+00:00,5034.676391,cycle_1_neutral_after_blocked,0.0000000,0.0000000,0.0000000,0.0000000,,,0,1,1,1,0,1,0.000000,7603,380200,1,0,1,1,0,1,0,1741899709,170,30226,5034625,597,0,1.3881263,0.0171901,"[0.767799973487854,-0.03613796457648277,-0.023128977045416832,0.6392513513565063]","[0.013821857050061226,0.00409225607290864,0.0171901136636734]","[-0.11800000071525574,-0.8399890065193176,9.759541511535645]",0.5624490,5512.000,"[0.0,0.0,0.0,0.0]","[0.0,0.0,0.0,0.0,0.0,0.0,0.0,0.0]","[0.0,0.0,0.0,0.0,0.0,0.0,0.0,0.0]",255,1,1
2026-08-12T10:57:39.445215+00:00,5034.728120,cycle_1_neutral_after_blocked,0.0000000,0.0000000,0.0000000,0.0000000,,,0,1,1,1,0,1,0.000000,7604,380250,1,0,1,1,0,1,0,1741899709,171,3381,5034677,598,0,1.3891386,0.0135436,"[0.7674899697303772,-0.0358329638838768,-0.022749975323677063,0.6396543383598328]","[0.019312800839543343,0.004634443204849958,0.013543580658733845]","[-0.07974900305271149,-0.8676130175590515,9.695619583129883]",0.5624490,5512.000,"[0.0,0.0,0.0,0.0]","[0.0,0.0,0.0,0.0,0.0,0.0,0.0,0.0]","[0.0,0.0,0.0,0.0,0.0,0.0,0.0,0.0]",255,1,1
2026-08-12T10:57:39.496153+00:00,5034.779110,cycle_1_neutral_after_blocked,0.0000000,0.0000000,0.0000000,0.0000000,,,0,1,1,1,0,1,0.000000,7605,380300,1,0,1,1,0,1,0,1741899709,172,5382,5034728,599,0,1.3900120,0.0117388,"[0.7672255635261536,-0.03549497202038765,-0.022344980388879776,0.6400044560432434]","[0.022357214242219925,0.003967796918004751,0.011738753877580166]","[-0.08205799758434296,-0.8482490181922913,9.70250415802002]",0.5368367,5261.000,"[0.0,0.0,0.0,0.0]","[0.0,0.0,0.0,0.0,0.0,0.0,0.0,0.0]","[0.0,0.0,0.0,0.0,0.0,0.0,0.0,0.0]",255,1,1
2026-08-12T10:57:39.547592+00:00,5034.830164,cycle_1_neutral_after_blocked,0.0000000,0.0000000,0.0000000,0.0000000,,,0,1,1,1,0,1,0.000000,7606,380350,1,0,1,1,0,1,0,1741899709,173,57647,5034779,600,0,1.3908136,0.0111531,"[0.7669860124588013,-0.035112980753183365,-0.021909989416599274,0.6403276324272156]","[0.024790726602077484,0.0033205063082277775,0.011153142899274826]","[-0.09865599870681763,-0.8362919688224792,9.69254207611084]",0.5368367,5261.000,"[0.0,0.0,0.0,0.0]","[0.0,0.0,0.0,0.0,0.0,0.0,0.0,0.0]","[0.0,0.0,0.0,0.0,0.0,0.0,0.0,0.0]",255,1,1
2026-08-12T10:57:39.598767+00:00,5034.881646,cycle_1_neutral_after_blocked,0.0000000,0.0000000,0.0000000,0.0000000,,,0,1,1,1,0,1,0.000000,7607,380400,1,0,1,1,0,1,0,1741899709,174,5116,5034830,601,0,1.3916118,0.0111679,"[0.7667496204376221,-0.03467999026179314,-0.02145199477672577,0.6406497955322266]","[0.024785753339529037,0.0024887174367904663,0.011167891323566437]","[-0.10024300217628479,-0.8280959725379944,9.703597068786621]",0.5055102,4954.000,"[0.0,0.0,0.0,0.0]","[0.0,0.0,0.0,0.0,0.0,0.0,0.0,0.0]","[0.0,0.0,0.0,0.0,0.0,0.0,0.0,0.0]",255,1,1
2026-08-12T10:57:39.650357+00:00,5034.932775,cycle_1_neutral_after_blocked,0.0000000,0.0000000,0.0000000,0.0000000,,,0,1,1,1,0,1,0.000000,7608,380450,1,0,1,1,0,1,0,1741899709,175,17725,5034882,602,0,1.3923588,0.0099671,"[0.7665307521820068,-0.03421498462557793,-0.020995991304516792,0.6409517526626587]","[0.02722141332924366,0.002041668863967061,0.009967122226953506]","[-0.10094299912452698,-0.8096389770507812,9.704117774963379]",0.5055102,4954.000,"[0.0,0.0,0.0,0.0]","[0.0,0.0,0.0,0.0,0.0,0.0,0.0,0.0]","[0.0,0.0,0.0,0.0,0.0,0.0,0.0,0.0]",255,1,1
2026-08-12T10:57:39.701482+00:00,5034.984403,cycle_1_neutral_after_blocked,0.0000000,0.0000000,0.0000000,0.0000000,,,0,1,1,1,0,1,0.000000,7609,380500,1,0,1,1,0,1,0,1741899709,176,25065,5034933,603,0,1.3930387,0.0087700,"[0.7663341760635376,-0.03372399881482124,-0.02052699774503708,0.6412279605865479]","[0.027824843302369118,0.0007746294722892344,0.008770035579800606]","[-0.11526700109243393,-0.802137017250061,9.718235969543457]",0.5055102,4954.000,"[0.0,0.0,0.0,0.0]","[0.0,0.0,0.0,0.0,0.0,0.0,0.0,0.0]","[0.0,0.0,0.0,0.0,0.0,0.0,0.0,0.0]",255,1,1
2026-08-12T10:57:39.752875+00:00,5035.035435,cycle_1_neutral_after_blocked,0.0000000,0.0000000,0.0000000,0.0000000,,,0,1,1,1,0,1,0.000000,7610,380550,1,0,1,1,0,1,0,1741899709,177,55775,5034984,604,0,1.3937070,0.0087811,"[0.7661416530609131,-0.033216990530490875,-0.020072994753718376,0.6414988040924072]","[0.025990115478634834,-0.0004612382035702467,0.008781066164374352]","[-0.11987099796533585,-0.7659239768981934,9.724845886230469]",0.4760204,4665.000,"[0.0,0.0,0.0,0.0]","[0.0,0.0,0.0,0.0,0.0,0.0,0.0,0.0]","[0.0,0.0,0.0,0.0,0.0,0.0,0.0,0.0]",255,1,1
2026-08-12T10:57:39.803885+00:00,5035.086885,cycle_1_neutral_after_blocked,0.0000000,0.0000000,0.0000000,0.0000000,,,0,1,1,1,0,1,0.000000,7611,380600,1,0,1,1,0,1,0,1741899709,178,11721,5035036,605,0,1.3942068,0.0087590,"[0.7659978270530701,-0.03282898664474487,-0.019743988290429115,0.6417006850242615]","[0.02599758841097355,0.0007864279323257506,0.008758952841162682]","[-0.12470100075006485,-0.7656459808349609,9.7415771484375]",0.4760204,4665.000,"[0.0,0.0,0.0,0.0]","[0.0,0.0,0.0,0.0,0.0,0.0,0.0,0.0]","[0.0,0.0,0.0,0.0,0.0,0.0,0.0,0.0]",255,1,1
2026-08-12T10:57:39.855421+00:00,5035.137860,cycle_1_neutral_after_blocked,0.0000000,0.0000000,0.0000000,0.0000000,,,0,1,1,1,0,1,0.000000,7612,380650,1,0,1,1,0,1,0,1741899709,179,49363,5035087,606,0,1.3946421,0.0094146,"[0.7658724784851074,-0.032488975673913956,-0.01945398561656475,0.6418765187263489]","[0.025981739163398743,-0.0017012073658406734,0.00941463839262724]","[-0.0959559977054596,-0.7490860223770142,9.732070922851562]",0.4578572,4487.000,"[0.0,0.0,0.0,0.0]","[0.0,0.0,0.0,0.0,0.0,0.0,0.0,0.0]","[0.0,0.0,0.0,0.0,0.0,0.0,0.0,0.0]",255,1,1
2026-08-12T10:57:39.906556+00:00,5035.189466,cycle_1_neutral_after_blocked,0.0000000,0.0000000,0.0000000,0.0000000,,,0,1,1,1,0,1,0.000000,7613,380700,1,0,1,1,0,1,0,1741899709,180,41802,5035138,607,0,1.3956039,0.0075138,"[0.7655931115150452,-0.03177697956562042,-0.018905986100435257,0.6422615647315979]","[0.018682895228266716,-0.0004294557438697666,0.007513835094869137]","[-0.09108400344848633,-0.7347859740257263,9.724719047546387]",0.4578572,4487.000,"[0.0,0.0,0.0,0.0]","[0.0,0.0,0.0,0.0,0.0,0.0,0.0,0.0]","[0.0,0.0,0.0,0.0,0.0,0.0,0.0,0.0]",255,1,1
2026-08-12T10:57:39.957846+00:00,5035.240541,cycle_1_neutral_after_blocked,0.0000000,0.0000000,0.0000000,0.0000000,,,0,1,1,1,0,1,0.000000,7614,380750,1,0,1,1,0,1,0,1741899709,181,55405,5035190,608,0,1.3957260,0.0075470,"[0.7655574679374695,-0.031693994998931885,-0.018849996849894524,0.6423099637031555]","[0.02050267904996872,-0.0016889376565814018,0.007547030691057444]","[-0.09104099869728088,-0.7300490140914917,9.719850540161133]",0.4578572,4487.000,"[0.0,0.0,0.0,0.0]","[0.0,0.0,0.0,0.0,0.0,0.0,0.0,0.0]","[0.0,0.0,0.0,0.0,0.0,0.0,0.0,0.0]",255,1,1
2026-08-12T10:57:40.008836+00:00,5035.291837,cycle_1_neutral_after_blocked,0.0000000,0.0000000,0.0000000,0.0000000,,,0,1,1,1,0,1,0.000000,7615,380800,1,0,1,1,0,1,0,1741899709,182,43744,5035241,609,0,1.3966079,0.0062909,"[0.7652972936630249,-0.03112398087978363,-0.018477987498044968,0.6426585912704468]","[0.01502271182835102,-0.0016689536860212684,0.0062908995896577835]","[-0.08383899927139282,-0.7229019999504089,9.71743106842041]",0.4578572,4487.000,"[0.0,0.0,0.0,0.0]","[0.0,0.0,0.0,0.0,0.0,0.0,0.0,0.0]","[0.0,0.0,0.0,0.0,0.0,0.0,0.0,0.0]",255,1,1
2026-08-12T10:57:40.060384+00:00,5035.342811,cycle_1_neutral_after_blocked,0.0000000,0.0000000,0.0000000,0.0000000,,,0,1,1,1,0,1,0.000000,7616,380850,1,0,1,1,0,1,0,1741899709,183,57602,5035292,610,0,1.3971884,0.0062835,"[0.7651229500770569,-0.03081698529422283,-0.01830999180674553,0.642885684967041]","[0.010142561979591846,-0.002885168883949518,0.006283464375883341]","[-0.1292629987001419,-0.6951709985733032,9.786067008972168]",0.4400000,4312.000,"[0.0,0.0,0.0,0.0]","[0.0,0.0,0.0,0.0,0.0,0.0,0.0,0.0]","[0.0,0.0,0.0,0.0,0.0,0.0,0.0,0.0]",255,1,1
2026-08-12T10:57:40.111343+00:00,5035.394403,cycle_1_neutral_after_blocked,0.0000000,0.0000000,0.0000000,0.0000000,,,0,1,1,1,0,1,0.000000,7617,380900,1,0,1,1,0,1,0,1741899709,183,57602,5035292,610,0,1.3977098,0.0050163,"[0.76496422290802,-0.030590979382395744,-0.018228987231850624,0.6430875658988953]","[0.00649730209261179,-0.0016293174121528864,0.005016285460442305]","[-0.11728999763727188,-0.6831259727478027,9.790825843811035]",0.4400000,4312.000,"[0.0,0.0,0.0,0.0]","[0.0,0.0,0.0,0.0,0.0,0.0,0.0,0.0]","[0.0,0.0,0.0,0.0,0.0,0.0,0.0,0.0]",255,1,1
2026-08-12T10:57:40.162623+00:00,5035.445310,cycle_1_neutral_after_blocked,0.0000000,0.0000000,0.0000000,0.0000000,,,0,1,1,1,0,1,0.000000,7618,380950,1,0,1,1,0,1,0,1741899709,184,44051,5035343,611,0,1.3982304,0.0056535,"[0.7648038268089294,-0.030413972213864326,-0.01820698194205761,0.6432873606681824]","[0.0052670375443995,-0.003485265653580427,0.0056535229086875916]","[-0.11480800062417984,-0.6712570190429688,9.781084060668945]",0.4363265,4276.000,"[0.0,0.0,0.0,0.0]","[0.0,0.0,0.0,0.0,0.0,0.0,0.0,0.0]","[0.0,0.0,0.0,0.0,0.0,0.0,0.0,0.0]",255,1,1
2026-08-12T10:57:40.214633+00:00,5035.496675,cycle_1_neutral_after_blocked,0.0000000,0.0000000,0.0000000,0.0000000,,,0,1,1,1,0,1,0.000000,7619,381000,1,0,1,1,0,1,0,1741899709,185,28559,5035394,612,0,1.3987325,0.0062047,"[0.7646462321281433,-0.03031296469271183,-0.018249977380037308,0.6434782147407532]","[-0.0016306088073179126,-0.002393230563029647,0.006204680539667606]","[-0.11566200107336044,-0.6791970133781433,9.785988807678223]",0.4363265,4276.000,"[0.0,0.0,0.0,0.0]","[0.0,0.0,0.0,0.0,0.0,0.0,0.0,0.0]","[0.0,0.0,0.0,0.0,0.0,0.0,0.0,0.0]",255,1,1
2026-08-12T10:57:40.266115+00:00,5035.548808,cycle_1_neutral_after_blocked,0.0000000,0.0000000,0.0000000,0.0000000,,,0,1,1,1,0,1,0.000000,7620,381050,1,0,1,1,0,1,0,1741899709,186,46250,5035446,613,0,1.3992354,0.0061948,"[0.7644856572151184,-0.030279971659183502,-0.018358983099460602,0.6436673998832703]","[-0.004475513007491827,-0.0027907814364880323,0.006194818764925003]","[-0.10054299980401993,-0.6735810041427612,9.790878295898438]",0.4378572,4291.000,"[0.0,0.0,0.0,0.0]","[0.0,0.0,0.0,0.0,0.0,0.0,0.0,0.0]","[0.0,0.0,0.0,0.0,0.0,0.0,0.0,0.0]",255,1,1
2026-08-12T10:57:40.318262+00:00,5035.600185,cycle_1_neutral_after_blocked,0.0000000,0.0000000,0.0000000,0.0000000,,,0,1,1,1,0,1,0.000000,7621,381100,1,0,1,1,0,1,0,1741899709,187,26149,5035497,614,0,1.3997231,0.0037453,"[0.7643285989761353,-0.03028099052608013,-0.018501995131373405,0.643849790096283]","[-0.006911957636475563,-0.0034297292586416006,0.003745302325114608]","[-0.09819699823856354,-0.6955699920654297,9.769638061523438]",0.4378572,4291.000,"[0.0,0.0,0.0,0.0]","[0.0,0.0,0.0,0.0,0.0,0.0,0.0,0.0]","[0.0,0.0,0.0,0.0,0.0,0.0,0.0,0.0]",255,1,1
2026-08-12T10:57:40.370644+00:00,5035.652506,cycle_1_neutral_after_blocked,0.0000000,0.0000000,0.0000000,0.0000000,,,0,1,1,1,0,1,0.000000,7622,381150,1,0,1,1,0,1,0,1741899709,188,24838,5035549,615,0,1.4001719,0.0061948,"[0.7641822099685669,-0.030328966677188873,-0.018708979710936546,0.6440153121948242]","[-0.008137493394315243,-0.004014850594103336,0.00619478477165103]","[-0.09098199754953384,-0.6909390091896057,9.76005744934082]",0.4486735,4397.000,"[0.0,0.0,0.0,0.0]","[0.0,0.0,0.0,0.0,0.0,0.0,0.0,0.0]","[0.0,0.0,0.0,0.0,0.0,0.0,0.0,0.0]",255,1,1
2026-08-12T10:57:40.421884+00:00,5035.704796,cycle_1_neutral_after_blocked,0.0000000,0.0000000,0.0000000,0.0000000,,,0,1,1,1,0,1,0.000000,7623,381200,1,0,1,1,0,1,0,1741899709,189,55712,5035601,616,0,1.4006215,0.0043530,"[0.7640335559844971,-0.03042297624051571,-0.018938984721899033,0.6441804766654968]","[-0.00935295782983303,-0.004030122421681881,0.004353043623268604]","[-0.07910700142383575,-0.7055370211601257,9.753212928771973]",0.4486735,4397.000,"[0.0,0.0,0.0,0.0]","[0.0,0.0,0.0,0.0,0.0,0.0,0.0,0.0]","[0.0,0.0,0.0,0.0,0.0,0.0,0.0,0.0]",255,1,1
2026-08-12T10:57:40.473098+00:00,5035.755832,cycle_1_neutral_after_blocked,0.0000000,0.0000000,0.0000000,0.0000000,,,0,1,1,1,0,1,0.000000,7624,381250,1,0,1,1,0,1,0,1741899709,190,20553,5035653,617,0,1.4010565,0.0037305,"[0.7638885974884033,-0.030543973669409752,-0.01921398565173149,0.6443384885787964]","[-0.011179305613040924,-0.004026038572192192,0.0037305019795894623]","[-0.07195200026035309,-0.7154110074043274,9.739046096801758]",0.4662245,4569.000,"[0.0,0.0,0.0,0.0]","[0.0,0.0,0.0,0.0,0.0,0.0,0.0,0.0]","[0.0,0.0,0.0,0.0,0.0,0.0,0.0,0.0]",255,1,1
2026-08-12T10:57:40.524643+00:00,5035.807122,cycle_1_neutral_after_blocked,0.0000000,0.0000000,0.0000000,0.0000000,,,0,1,1,1,0,1,0.000000,7625,381300,1,0,1,1,0,1,0,1741899709,191,49545,5035705,618,0,1.4014713,0.0037514,"[0.7637486457824707,-0.030700987204909325,-0.019519992172718048,0.644487738609314]","[-0.011389809660613537,-0.0052724131383001804,0.0037513934075832367]","[-0.07119300216436386,-0.7234569787979126,9.73757553100586]",0.4662245,4569.000,"[0.0,0.0,0.0,0.0]","[0.0,0.0,0.0,0.0,0.0,0.0,0.0,0.0]","[0.0,0.0,0.0,0.0,0.0,0.0,0.0,0.0]",255,1,1
2026-08-12T10:57:40.576448+00:00,5035.858685,cycle_1_neutral_after_blocked,0.0000000,0.0000000,0.0000000,0.0000000,,,0,1,1,1,0,1,0.000000,7626,381350,1,0,1,1,0,1,0,1741899709,192,13063,5035756,619,0,1.4018816,0.0049644,"[0.7636097073554993,-0.030866988003253937,-0.01983599364757538,0.6446347832679749]","[-0.014236494898796082,-0.005654518026858568,0.004964432213455439]","[-0.06327100098133087,-0.7397739887237549,9.721914291381836]",0.4813265,4717.000,"[0.0,0.0,0.0,0.0]","[0.0,0.0,0.0,0.0,0.0,0.0,0.0,0.0]","[0.0,0.0,0.0,0.0,0.0,0.0,0.0,0.0]",255,1,1
2026-08-12T10:57:40.628031+00:00,5035.910578,cycle_1_neutral_after_blocked,0.0000000,0.0000000,0.0000000,0.0000000,,,0,1,1,1,0,1,0.000000,7627,381400,1,0,1,1,0,1,0,1741899709,193,50990,5035807,620,0,1.4023108,0.0037010,"[0.7634639143943787,-0.03104998730123043,-0.020157990977168083,0.6447887420654297]","[-0.014220994897186756,-0.003382535418495536,0.0037009883671998978]","[-0.06480000168085098,-0.7375689744949341,9.708271026611328]",0.4813265,4717.000,"[0.0,0.0,0.0,0.0]","[0.0,0.0,0.0,0.0,0.0,0.0,0.0,0.0]","[0.0,0.0,0.0,0.0,0.0,0.0,0.0,0.0]",255,1,1
2026-08-12T10:57:40.679618+00:00,5035.962055,cycle_1_neutral_after_blocked,0.0000000,0.0000000,0.0000000,0.0000000,,,0,1,1,1,0,1,0.000000,7628,381450,1,0,1,1,0,1,0,1741899709,194,57226,5035859,621,0,1.4027030,0.0036825,"[0.7633296847343445,-0.03123597241938114,-0.020446982234716415,0.6449294090270996]","[-0.015435447916388512,-0.0027508134953677654,0.0036825400311499834]","[-0.06488499790430069,-0.747044026851654,9.718003273010254]",0.4945918,4847.000,"[0.0,0.0,0.0,0.0]","[0.0,0.0,0.0,0.0,0.0,0.0,0.0,0.0]","[0.0,0.0,0.0,0.0,0.0,0.0,0.0,0.0]",255,1,1
2026-08-12T10:57:40.730992+00:00,5036.013669,cycle_1_neutral_after_blocked,0.0000000,0.0000000,0.0000000,0.0000000,,,0,1,1,1,0,1,0.000000,7629,381500,1,0,1,1,0,1,0,1741899709,195,63073,5035911,622,0,1.4031072,0.0024781,"[0.7631909847259521,-0.03143998607993126,-0.02072998881340027,0.645074725151062]","[-0.012388208881020546,-0.002785912249237299,0.002478105714544654]","[-0.07443899661302567,-0.7543259859085083,9.710805892944336]",0.4945918,4847.000,"[0.0,0.0,0.0,0.0]","[0.0,0.0,0.0,0.0,0.0,0.0,0.0,0.0]","[0.0,0.0,0.0,0.0,0.0,0.0,0.0,0.0]",255,1,1
2026-08-12T10:57:40.783218+00:00,5036.064984,cycle_1_neutral_after_blocked,0.0000000,0.0000000,0.0000000,0.0000000,,,0,1,1,1,0,1,0.000000,7631,381600,1,0,1,1,0,1,0,1741899709,197,38261,5036014,624,0,1.4038893,0.0028575,"[0.7629245519638062,-0.03177497535943985,-0.021189983934164047,0.6453584432601929]","[-0.009734487161040306,-0.000302448112051934,0.002857505576685071]","[-0.08089800179004669,-0.7587900161743164,9.731585502624512]",0.4978572,4879.000,"[0.0,0.0,0.0,0.0]","[0.0,0.0,0.0,0.0,0.0,0.0,0.0,0.0]","[0.0,0.0,0.0,0.0,0.0,0.0,0.0,0.0]",255,1,1
2026-08-12T10:57:40.834821+00:00,5036.117286,cycle_1_neutral_after_blocked,0.0000000,0.0000000,0.0000000,0.0000000,,,0,1,1,1,0,1,0.000000,7632,381650,1,0,1,1,0,1,0,1741899709,198,54199,5036066,625,0,1.4042422,0.0016420,"[0.7628042697906494,-0.03192499652504921,-0.021350998431444168,0.645487904548645]","[-0.007293852977454662,8.227482612710446e-05,0.0016420058673247695]","[-0.08727599680423737,-0.7619680166244507,9.731558799743652]",0.4978572,4879.000,"[0.0,0.0,0.0,0.0]","[0.0,0.0,0.0,0.0,0.0,0.0,0.0,0.0]","[0.0,0.0,0.0,0.0,0.0,0.0,0.0,0.0]",255,1,1
2026-08-12T10:57:40.887015+00:00,5036.168936,cycle_1_neutral_after_blocked,0.0000000,0.0000000,0.0000000,0.0000000,,,0,1,1,1,0,1,0.000000,7633,381700,1,0,1,1,0,1,0,1741899709,199,32674,5036118,626,0,1.4045548,0.0036716,"[0.7626984119415283,-0.03203997388482094,-0.02146398276090622,0.6456035375595093]","[-0.0062767453491687775,0.0009332100744359195,0.003671579295769334]","[-0.081666000187397,-0.7564420104026794,9.727543830871582]",0.5047959,4947.000,"[0.0,0.0,0.0,0.0]","[0.0,0.0,0.0,0.0,0.0,0.0,0.0,0.0]","[0.0,0.0,0.0,0.0,0.0,0.0,0.0,0.0]",255,1,1
2026-08-12T10:57:40.939393+00:00,5036.221227,cycle_1_neutral_after_blocked,0.0000000,0.0000000,0.0000000,0.0000000,,,0,1,1,1,0,1,0.000000,7634,381750,1,0,1,1,0,1,0,1741899709,200,7333,5036170,627,0,1.4048705,0.0024782,"[0.7625917196273804,-0.03214898705482483,-0.02153599262237549,0.6457217335700989]","[-0.0032332399860024452,0.000274278485449031,0.002478210488334298]","[-0.10081999748945236,-0.7585030198097229,9.744147300720215]",0.5047959,4947.000,"[0.0,0.0,0.0,0.0]","[0.0,0.0,0.0,0.0,0.0,0.0,0.0,0.0]","[0.0,0.0,0.0,0.0,0.0,0.0,0.0,0.0]",255,1,1
2026-08-12T10:57:40.990577+00:00,5036.273610,cycle_1_neutral_after_blocked,0.0000000,0.0000000,0.0000000,0.0000000,,,0,1,1,1,0,1,0.000000,7635,381800,1,0,1,1,0,1,0,1741899709,201,26498,5036222,628,0,1.4051640,0.0024745,"[0.7624946236610413,-0.03219896927475929,-0.021548977121710777,0.6458333730697632]","[-0.0020113347563892603,0.0008902400732040405,0.0024745280388742685]","[-0.10322599858045578,-0.7559400200843811,9.753676414489746]",0.5054082,4953.000,"[0.0,0.0,0.0,0.0]","[0.0,0.0,0.0,0.0,0.0,0.0,0.0,0.0]","[0.0,0.0,0.0,0.0,0.0,0.0,0.0,0.0]",255,1,1
2026-08-12T10:57:41.042698+00:00,5036.324507,cycle_1_neutral_after_blocked,0.0000000,0.0000000,0.0000000,0.0000000,,,0,1,1,1,0,1,0.000000,7636,381850,1,0,1,1,0,1,0,1741899709,202,32550,5036274,629,0,1.4054291,0.0012295,"[0.7624080777168274,-0.032215964049100876,-0.021501975134015083,0.6459362506866455]","[-0.0001710597425699234,0.0027345470152795315,0.0012295320630073547]","[-0.11276699602603912,-0.7509750127792358,9.760690689086914]",0.5054082,4953.000,"[0.0,0.0,0.0,0.0]","[0.0,0.0,0.0,0.0,0.0,0.0,0.0,0.0]","[0.0,0.0,0.0,0.0,0.0,0.0,0.0,0.0]",255,1,1
2026-08-12T10:57:41.094239+00:00,5036.376884,cycle_1_neutral_after_blocked,0.0000000,0.0000000,0.0000000,0.0000000,,,0,1,1,1,0,1,0.000000,7637,381900,1,0,1,1,0,1,0,1741899709,203,13796,5036325,630,0,1.4055759,0.0000251,"[0.7623603343963623,-0.032223980873823166,-0.02146298438310623,0.6459935903549194]","[0.0010451730340719223,0.0020874137990176678,2.5080382329178974e-05]","[-0.10810299962759018,-0.7579200267791748,9.780035972595215]",0.5045918,4945.000,"[0.0,0.0,0.0,0.0]","[0.0,0.0,0.0,0.0,0.0,0.0,0.0,0.0]","[0.0,0.0,0.0,0.0,0.0,0.0,0.0,0.0]",255,1,1
2026-08-12T10:57:41.146136+00:00,5036.428251,cycle_1_neutral_after_blocked,0.0000000,0.0000000,0.0000000,0.0000000,,,0,1,1,1,0,1,0.000000,7638,381950,1,0,1,1,0,1,0,1741899709,204,54035,5036377,631,0,1.4058928,0.0000165,"[0.7622601985931396,-0.03216499835252762,-0.021302998065948486,0.6461199522018433]","[0.005727280396968126,0.004136727191507816,1.6528269043192267e-05]","[-0.09840899705886841,-0.7372999787330627,9.767850875854492]",0.5045918,4945.000,"[0.0,0.0,0.0,0.0]","[0.0,0.0,0.0,0.0,0.0,0.0,0.0,0.0]","[0.0,0.0,0.0,0.0,0.0,0.0,0.0,0.0]",255,1,1
2026-08-12T10:57:41.198475+00:00,5036.480278,cycle_1_neutral_after_blocked,0.0000000,0.0000000,0.0000000,0.0000000,,,0,1,1,1,0,1,0.000000,7639,382000,1,0,1,1,0,1,0,1741899709,205,64248,5036429,632,0,1.4061313,0.0006071,"[0.7621862888336182,-0.03208798170089722,-0.021133987233042717,0.6462165713310242]","[0.007157525047659874,0.005798839032649994,0.0006071127718314528]","[-0.112745001912117,-0.7436850070953369,9.765380859375]",0.4996939,4897.000,"[0.0,0.0,0.0,0.0]","[0.0,0.0,0.0,0.0,0.0,0.0,0.0,0.0]","[0.0,0.0,0.0,0.0,0.0,0.0,0.0,0.0]",255,1,1
2026-08-12T10:57:41.249961+00:00,5036.532569,cycle_1_neutral_after_blocked,0.0000000,0.0000000,0.0000000,0.0000000,,,0,1,1,1,0,1,0.000000,7640,382050,1,0,1,1,0,1,0,1741899709,206,57948,5036481,633,0,1.4063283,0.0000215,"[0.7621257305145264,-0.03200899064540863,-0.02092399075627327,0.6462987661361694]","[0.007760047912597656,0.004539514426141977,2.1467551050591283e-05]","[-0.11268600076436996,-0.7242590188980103,9.77708911895752]",0.4996939,4897.000,"[0.0,0.0,0.0,0.0]","[0.0,0.0,0.0,0.0,0.0,0.0,0.0,0.0]","[0.0,0.0,0.0,0.0,0.0,0.0,0.0,0.0]",255,1,1
2026-08-12T10:57:41.301898+00:00,5036.583973,cycle_1_neutral_after_blocked,0.0000000,0.0000000,0.0000000,0.0000000,,,0,1,1,1,0,1,0.000000,7641,382100,1,0,1,1,0,1,0,1741899709,207,39291,5036533,634,0,1.4065248,0.0012518,"[0.7620666027069092,-0.03189798817038536,-0.020677996799349785,0.6463817954063416]","[0.008976421318948269,0.004547071177512407,0.001251750043593347]","[-0.09119000285863876,-0.722025990486145,9.772505760192871]",0.4895918,4798.000,"[0.0,0.0,0.0,0.0]","[0.0,0.0,0.0,0.0,0.0,0.0,0.0,0.0]","[0.0,0.0,0.0,0.0,0.0,0.0,0.0,0.0]",255,1,1
2026-08-12T10:57:41.354190+00:00,5036.636064,cycle_1_neutral_after_blocked,0.0000000,0.0000000,0.0000000,0.0000000,,,0,1,1,1,0,1,0.000000,7642,382150,1,0,1,1,0,1,0,1741899709,208,7988,5036585,635,0,1.4067481,0.0012370,"[0.7619991898536682,-0.0317789763212204,-0.020413989201188087,0.6464755535125732]","[0.010202060453593731,0.005786883644759655,0.0012370196636766195]","[-0.0864029973745346,-0.727042019367218,9.760641098022461]",0.4895918,4798.000,"[0.0,0.0,0.0,0.0]","[0.0,0.0,0.0,0.0,0.0,0.0,0.0,0.0]","[0.0,0.0,0.0,0.0,0.0,0.0,0.0,0.0]",255,1,1
2026-08-12T10:57:41.413719+00:00,5036.695535,cycle_1_neutral_after_blocked,0.0000000,0.0000000,0.0000000,0.0000000,,,0,1,1,1,0,1,0.000000,7643,382200,1,0,1,1,0,1,0,1741899709,209,45857,5036637,636,0,1.4069521,0.0006367,"[0.7619391679763794,-0.0316309817135334,-0.020125985145568848,0.6465625762939453]","[0.01203022338449955,0.005767371039837599,0.0006366612506099045]","[-0.08630099892616272,-0.7176409959793091,9.746111869812012]",0.4895918,4798.000,"[0.0,0.0,0.0,0.0]","[0.0,0.0,0.0,0.0,0.0,0.0,0.0,0.0]","[0.0,0.0,0.0,0.0,0.0,0.0,0.0,0.0]",255,1,1
2026-08-12T10:57:41.466026+00:00,5036.747892,cycle_1_neutral_after_blocked,0.0000000,0.0000000,0.0000000,0.0000000,,,0,1,1,1,0,1,0.000000,7644,382250,1,0,1,1,0,1,0,1741899709,209,45857,5036637,636,0,1.4071603,0.0000215,"[0.7618769407272339,-0.031503986567258835,-0.019848991185426712,0.6466506719589233]","[0.010201379656791687,0.0053555602207779884,2.1502455638255924e-05]","[-0.08871299773454666,-0.7199739813804626,9.750115394592285]",0.4784694,4689.000,"[0.0,0.0,0.0,0.0]","[0.0,0.0,0.0,0.0,0.0,0.0,0.0,0.0]","[0.0,0.0,0.0,0.0,0.0,0.0,0.0,0.0]",255,1,1
2026-08-12T10:57:41.517620+00:00,5036.800271,cycle_1_neutral_after_blocked,0.0000000,0.0000000,0.0000000,0.0000000,,,0,1,1,1,0,1,0.000000,7645,382300,1,0,1,1,0,1,0,1741899709,210,14936,5036696,637,0,1.4073441,0.0000362,"[0.7618228197097778,-0.03136896714568138,-0.019573980942368507,0.6467293500900269]","[0.010196405462920666,0.004523788578808308,3.623303564381786e-05]","[-0.09099899977445602,-0.710548996925354,9.736358642578125]",0.4784694,4689.000,"[0.0,0.0,0.0,0.0]","[0.0,0.0,0.0,0.0,0.0,0.0,0.0,0.0]","[0.0,0.0,0.0,0.0,0.0,0.0,0.0,0.0]",255,1,1
2026-08-12T10:57:41.568861+00:00,5036.851683,cycle_1_neutral_after_blocked,0.0000000,0.0000000,0.0000000,0.0000000,,,0,1,1,1,0,1,0.000000,7646,382350,1,0,1,1,0,1,0,1741899709,211,26761,5036749,638,0,1.4075398,-0.0011903,"[0.7617650628089905,-0.031228981912136078,-0.019323986023664474,0.6468116641044617]","[0.009589118883013725,0.004512287210673094,-0.0011903319973498583]","[-0.08617299795150757,-0.7034279704093933,9.731511116027832]",0.4726530,4632.000,"[0.0,0.0,0.0,0.0]","[0.0,0.0,0.0,0.0,0.0,0.0,0.0,0.0]","[0.0,0.0,0.0,0.0,0.0,0.0,0.0,0.0]",255,1,1
2026-08-12T10:57:41.620265+00:00,5036.902870,cycle_1_neutral_after_blocked,0.0000000,0.0000000,0.0000000,0.0000000,,,0,1,1,1,0,1,0.000000,7647,382400,1,0,1,1,0,1,0,1741899709,212,640,5036801,639,0,1.4077355,0.0000362,"[0.7617076635360718,-0.031081993132829666,-0.019074996933341026,0.6468937993049622]","[0.010196405462920666,0.004523788578808308,3.623303564381786e-05]","[-0.08861800283193588,-0.7179229855537415,9.726897239685059]",0.4726530,4632.000,"[0.0,0.0,0.0,0.0]","[0.0,0.0,0.0,0.0,0.0,0.0,0.0,0.0]","[0.0,0.0,0.0,0.0,0.0,0.0,0.0,0.0]",255,1,1
2026-08-12T10:57:41.671545+00:00,5036.954361,cycle_1_neutral_after_blocked,0.0000000,0.0000000,0.0000000,0.0000000,,,0,1,1,1,0,1,0.000000,7648,382450,1,0,1,1,0,1,0,1741899709,213,60666,5036852,640,0,1.4079076,-0.0011646,"[0.7616569995880127,-0.030954983085393906,-0.018864989280700684,0.6469656825065613]","[0.006528753321617842,0.002036589663475752,-0.0011645709164440632]","[-0.0885540023446083,-0.7108169794082642,9.719597816467285]",0.4717347,4623.000,"[0.0,0.0,0.0,0.0]","[0.0,0.0,0.0,0.0,0.0,0.0,0.0,0.0]","[0.0,0.0,0.0,0.0,0.0,0.0,0.0,0.0]",255,1,1
2026-08-12T10:57:41.723697+00:00,5037.005578,cycle_1_neutral_after_blocked,0.0000000,0.0000000,0.0000000,0.0000000,,,0,1,1,1,0,1,0.000000,7649,382500,1,0,1,1,0,1,0,1741899709,214,41442,5036903,641,0,1.4080503,-0.0005457,"[0.7616156935691833,-0.03082997165620327,-0.01868598349392414,0.6470254063606262]","[0.007746032904833555,0.002036432735621929,-0.0005457295919768512]","[-0.07425200194120407,-0.7108460068702698,9.722161293029785]",0.4717347,4623.000,"[0.0,0.0,0.0,0.0]","[0.0,0.0,0.0,0.0,0.0,0.0,0.0,0.0]","[0.0,0.0,0.0,0.0,0.0,0.0,0.0,0.0]",255,1,1
2026-08-12T10:57:41.775281+00:00,5037.057915,cycle_1_neutral_after_blocked,0.0000000,0.0000000,0.0000000,0.0000000,,,0,1,1,1,0,1,0.000000,7650,382550,1,0,1,1,0,1,0,1741899709,215,39978,5036954,642,0,1.4082302,-0.0007495,"[0.7615623474121094,-0.03070697747170925,-0.01852998696267605,0.6470985412597656]","[0.0077463299967348576,0.002033867174759507,-0.0007495490717701614]","[-0.09648200124502182,-0.7043169736862183,9.722609519958496]",0.4682653,4589.000,"[0.0,0.0,0.0,0.0]","[0.0,0.0,0.0,0.0,0.0,0.0,0.0,0.0]","[0.0,0.0,0.0,0.0,0.0,0.0,0.0,0.0]",255,1,1
2026-08-12T10:57:41.827478+00:00,5037.109296,cycle_1_neutral_after_blocked,0.0000000,0.0000000,0.0000000,0.0000000,,,0,1,1,1,0,1,0.000000,7651,382600,1,0,1,1,0,1,0,1741899709,216,64429,5037006,643,0,1.4083682,-0.0024059,"[0.7615216374397278,-0.030605971813201904,-0.018416982144117355,0.6471543908119202]","[0.0034851431846618652,0.0020408309064805508,-0.002405936596915126]","[-0.09568800032138824,-0.7034940123558044,9.724205017089844]",0.4682653,4589.000,"[0.0,0.0,0.0,0.0]","[0.0,0.0,0.0,0.0,0.0,0.0,0.0,0.0]","[0.0,0.0,0.0,0.0,0.0,0.0,0.0,0.0]",255,1,1
2026-08-12T10:57:41.878810+00:00,5037.161583,cycle_1_neutral_after_blocked,0.0000000,0.0000000,0.0000000,0.0000000,,,0,1,1,1,0,1,0.000000,7652,382650,1,0,1,1,0,1,0,1741899709,217,47882,5037058,644,0,1.4084692,-0.0023875,"[0.7614918351173401,-0.030534984543919563,-0.018352990970015526,0.6471946835517883]","[0.002868588315322995,0.0007970918668434024,-0.0023875231854617596]","[-0.0980440005660057,-0.7011510133743286,9.719346046447754]",0.4671429,4578.000,"[0.0,0.0,0.0,0.0]","[0.0,0.0,0.0,0.0,0.0,0.0,0.0,0.0]","[0.0,0.0,0.0,0.0,0.0,0.0,0.0,0.0]",255,1,1
2026-08-12T10:57:41.929938+00:00,5037.212837,cycle_1_neutral_after_blocked,0.0000000,0.0000000,0.0000000,0.0000000,,,0,1,1,1,0,1,0.000000,7653,382700,1,0,1,1,0,1,0,1741899709,218,24623,5037110,645,0,1.4086046,-0.0024023,"[0.7614493370056152,-0.030500994995236397,-0.01833299733698368,0.6472468972206116]","[0.0004322308232076466,0.0008128173067234457,-0.0024022888392210007]","[-0.1052199974656105,-0.703486979007721,9.721697807312012]",0.4671429,4578.000,"[0.0,0.0,0.0,0.0]","[0.0,0.0,0.0,0.0,0.0,0.0,0.0,0.0]","[0.0,0.0,0.0,0.0,0.0,0.0,0.0,0.0]",255,1,1
2026-08-12T10:57:41.980953+00:00,5037.263947,cycle_1_neutral_after_blocked,0.0000000,0.0000000,0.0000000,0.0000000,,,0,1,1,1,0,1,0.000000,7654,382750,1,0,1,1,0,1,0,1741899709,219,19780,5037162,646,0,1.4087300,-0.0024171,"[0.7614092826843262,-0.030486980453133583,-0.018335986882448196,0.6472945809364319]","[-0.0020040918607264757,0.000828560150694102,-0.0024170714896172285]","[-0.11244399845600128,-0.7031610012054443,9.740799903869629]",0.4670408,4577.000,"[0.0,0.0,0.0,0.0]","[0.0,0.0,0.0,0.0,0.0,0.0,0.0,0.0]","[0.0,0.0,0.0,0.0,0.0,0.0,0.0,0.0]",255,1,1
2026-08-12T10:57:42.032283+00:00,5037.315095,cycle_1_neutral_after_blocked,0.0000000,0.0000000,0.0000000,0.0000000,,,0,1,1,1,0,1,0.000000,7655,382800,1,0,1,1,0,1,0,1741899709,220,20695,5037213,647,0,1.4088167,-0.0023728,"[0.761380672454834,-0.03049897402524948,-0.018377982079982758,0.6473264098167419]","[-0.0020190319046378136,-0.0016667895251885056,-0.0023728273808956146]","[-0.11720599979162216,-0.6982550024986267,9.745471000671387]",0.4670408,4577.000,"[0.0,0.0,0.0,0.0]","[0.0,0.0,0.0,0.0,0.0,0.0,0.0,0.0]","[0.0,0.0,0.0,0.0,0.0,0.0,0.0,0.0]",255,1,1
2026-08-12T10:57:42.083658+00:00,5037.366338,cycle_1_neutral_after_blocked,0.0000000,0.0000000,0.0000000,0.0000000,,,0,1,1,1,0,1,0.000000,7657,382900,1,0,1,1,0,1,0,1741899709,222,17054,5037315,649,0,1.4090528,-0.0023766,"[0.7613009214401245,-0.030584972351789474,-0.01858598180115223,0.6474103331565857]","[-0.006290096789598465,-0.0028869318775832653,-0.0023765626829117537]","[-0.11483299732208252,-0.7006710171699524,9.74553394317627]",0.4637755,4545.000,"[0.0,0.0,0.0,0.0]","[0.0,0.0,0.0,0.0,0.0,0.0,0.0,0.0]","[0.0,0.0,0.0,0.0,0.0,0.0,0.0,0.0]",255,1,1
2026-08-12T10:57:42.134679+00:00,5037.417579,cycle_1_neutral_after_blocked,0.0000000,0.0000000,0.0000000,0.0000000,,,0,1,1,1,0,1,0.000000,7658,382950,1,0,1,1,0,1,0,1741899709,223,14777,5037367,650,0,1.4091749,-0.0011610,"[0.7612584233283997,-0.030657975003123283,-0.018732983618974686,0.6474525332450867]","[-0.007510082330554724,-0.002863649046048522,-0.0011610453948378563]","[-0.11480800062417984,-0.6909400224685669,9.752586364746094]",0.4637755,4545.000,"[0.0,0.0,0.0,0.0]","[0.0,0.0,0.0,0.0,0.0,0.0,0.0,0.0]","[0.0,0.0,0.0,0.0,0.0,0.0,0.0,0.0]",255,1,1
2026-08-12T10:57:42.185977+00:00,5037.468677,cycle_1_neutral_after_blocked,0.0000000,0.0000000,0.0000000,0.0000000,,,0,1,1,1,0,1,0.000000,7659,383000,1,0,1,1,0,1,0,1741899709,224,8608,5037418,651,0,1.4093158,-0.0011869,"[0.7612103223800659,-0.03072397969663143,-0.018920987844467163,0.6475005745887756]","[-0.008111697621643543,-0.0016120384680107236,-0.0011868587462231517]","[-0.12925399839878082,-0.700128972530365,9.776543617248535]",0.4647959,4555.000,"[0.0,0.0,0.0,0.0]","[0.0,0.0,0.0,0.0,0.0,0.0,0.0,0.0]","[0.0,0.0,0.0,0.0,0.0,0.0,0.0,0.0]",255,1,1
2026-08-12T10:57:42.237101+00:00,5037.520034,cycle_1_neutral_after_blocked,0.0000000,0.0000000,0.0000000,0.0000000,,,0,1,1,1,0,1,0.000000,7660,383050,1,0,1,1,0,1,0,1741899709,225,39990,5037469,652,0,1.4094669,-0.0023729,"[0.7611590623855591,-0.030781980603933334,-0.01913698948919773,0.6475516557693481]","[-0.009342992678284645,-0.0041149454191327095,-0.0023729149252176285]","[-0.12687300145626068,-0.6878190040588379,9.79558277130127]",0.4647959,4555.000,"[0.0,0.0,0.0,0.0]","[0.0,0.0,0.0,0.0,0.0,0.0,0.0,0.0]","[0.0,0.0,0.0,0.0,0.0,0.0,0.0,0.0]",255,1,1
2026-08-12T10:57:42.289204+00:00,5037.571107,cycle_1_neutral_after_blocked,0.0000000,0.0000000,0.0000000,0.0000000,,,0,1,1,1,0,1,0.000000,7661,383100,1,0,1,1,0,1,0,1741899709,226,4559,5037520,653,0,1.4095814,-0.0029549,"[0.7611196637153625,-0.03084097057580948,-0.019361982122063637,0.6475884318351746]","[-0.00813138484954834,-0.005378215108066797,-0.002954859985038638]","[-0.11733700335025787,-0.6952260136604309,9.78620433807373]",0.4773469,4678.000,"[0.0,0.0,0.0,0.0]","[0.0,0.0,0.0,0.0,0.0,0.0,0.0,0.0]","[0.0,0.0,0.0,0.0,0.0,0.0,0.0,0.0]",255,1,1
2026-08-12T10:57:42.341455+00:00,5037.623353,cycle_1_neutral_after_blocked,0.0000000,0.0000000,0.0000000,0.0000000,,,0,1,1,1,0,1,0.000000,7662,383150,1,0,1,1,0,1,0,1741899709,227,56688,5037572,654,0,1.4096615,-0.0023729,"[0.7610912919044495,-0.030905980616807938,-0.019601987674832344,0.6476115584373474]","[-0.009342992678284645,-0.0041149454191327095,-0.0023729149252176285]","[-0.11102800071239471,-0.7015960216522217,9.791167259216309]",0.4773469,4678.000,"[0.0,0.0,0.0,0.0]","[0.0,0.0,0.0,0.0,0.0,0.0,0.0,0.0]","[0.0,0.0,0.0,0.0,0.0,0.0,0.0,0.0]",255,1,1
2026-08-12T10:57:42.393716+00:00,5037.675625,cycle_1_neutral_after_blocked,0.0000000,0.0000000,0.0000000,0.0000000,,,0,1,1,1,0,1,0.000000,7663,383200,1,0,1,1,0,1,0,1741899709,228,60597,5037624,655,0,1.4097645,-0.0017283,"[0.7610561847686768,-0.03094998188316822,-0.019833989441394806,0.6476435661315918]","[-0.0075241150334477425,-0.005366712808609009,-0.0017282599583268166]","[-0.1221579983830452,-0.6999049782752991,9.793414115905762]",0.4761224,4666.000,"[0.0,0.0,0.0,0.0]","[0.0,0.0,0.0,0.0,0.0,0.0,0.0,0.0]","[0.0,0.0,0.0,0.0,0.0,0.0,0.0,0.0]",255,1,1
2026-08-12T10:57:42.445949+00:00,5037.727891,cycle_1_neutral_after_blocked,0.0000000,0.0000000,0.0000000,0.0000000,,,0,1,1,1,0,1,0.000000,7664,383250,1,0,1,1,0,1,0,1741899709,229,11065,5037676,656,0,1.4098659,-0.0029549,"[0.761022686958313,-0.030969971790909767,-0.020046981051564217,0.6476753950119019]","[-0.00813138484954834,-0.005378215108066797,-0.002954859985038638]","[-0.11022800207138062,-0.697517991065979,9.795916557312012]",0.4761224,4666.000,"[0.0,0.0,0.0,0.0]","[0.0,0.0,0.0,0.0,0.0,0.0,0.0,0.0]","[0.0,0.0,0.0,0.0,0.0,0.0,0.0,0.0]",255,1,1
2026-08-12T10:57:42.498277+00:00,5037.780181,cycle_1_neutral_after_blocked,0.0000000,0.0000000,0.0000000,0.0000000,,,0,1,1,1,0,1,0.000000,7665,383300,1,0,1,1,0,1,0,1741899709,230,18599,5037729,657,0,1.4099194,-0.0035663,"[0.7610047459602356,-0.03098698891699314,-0.02023898810148239,0.647689700126648]","[-0.004468496888875961,-0.004161842167377472,-0.0035662834998220205]","[-0.09824299812316895,-0.697829008102417,9.779265403747559]",0.4744898,4650.000,"[0.0,0.0,0.0,0.0]","[0.0,0.0,0.0,0.0,0.0,0.0,0.0,0.0]","[0.0,0.0,0.0,0.0,0.0,0.0,0.0,0.0]",255,1,1
2026-08-12T10:57:42.549946+00:00,5037.832498,cycle_1_neutral_after_blocked,0.0000000,0.0000000,0.0000000,0.0000000,,,0,1,1,1,0,1,0.000000,7666,383350,1,0,1,1,0,1,0,1741899709,231,58546,5037781,658,0,1.4099736,-0.0041962,"[0.7609867453575134,-0.03100099042057991,-0.020411988720297813,0.6477047801017761]","[-0.003851034212857485,-0.0029257999267429113,-0.004196155816316605]","[-0.0910710021853447,-0.7028560042381287,9.767427444458008]",0.4744898,4650.000,"[0.0,0.0,0.0,0.0]","[0.0,0.0,0.0,0.0,0.0,0.0,0.0,0.0]","[0.0,0.0,0.0,0.0,0.0,0.0,0.0,0.0]",255,1,1
2026-08-12T10:57:42.602107+00:00,5037.883986,cycle_1_neutral_after_blocked,0.0000000,0.0000000,0.0000000,0.0000000,,,0,1,1,1,0,1,0.000000,7667,383400,1,0,1,1,0,1,0,1741899709,232,7032,5037833,659,0,1.4100077,-0.0035884,"[0.7609754204750061,-0.031009992584586143,-0.02056199684739113,0.6477128863334656]","[-0.0044610267505049706,-0.002914158860221505,-0.003588397055864334]","[-0.08395399898290634,-0.7199469804763794,9.753369331359863]",0.4752041,4657.000,"[0.0,0.0,0.0,0.0]","[0.0,0.0,0.0,0.0,0.0,0.0,0.0,0.0]","[0.0,0.0,0.0,0.0,0.0,0.0,0.0,0.0]",255,1,1
2026-08-12T10:57:42.653729+00:00,5037.936347,cycle_1_neutral_after_blocked,0.0000000,0.0000000,0.0000000,0.0000000,,,0,1,1,1,0,1,0.000000,7668,383450,1,0,1,1,0,1,0,1741899709,233,24671,5037885,660,0,1.4100251,-0.0035957,"[0.7609695196151733,-0.031018992885947227,-0.020673993974924088,0.6477158665657043]","[-0.0032378826290369034,-0.0020902412943542004,-0.0035957449581474066]","[-0.08398199826478958,-0.729665994644165,9.747113227844238]",0.4752041,4657.000,"[0.0,0.0,0.0,0.0]","[0.0,0.0,0.0,0.0,0.0,0.0,0.0,0.0]","[0.0,0.0,0.0,0.0,0.0,0.0,0.0,0.0]",255,1,1
2026-08-12T10:57:42.705974+00:00,5037.987800,cycle_1_neutral_after_blocked,0.0000000,0.0000000,0.0000000,0.0000000,,,0,1,1,1,0,1,0.000000,7669,383500,1,0,1,1,0,1,0,1741899709,234,30971,5037937,661,0,1.4100401,-0.0035908,"[0.7609649300575256,-0.031013984233140945,-0.02076099067926407,0.6477187275886536]","[-0.0024257635232061148,-0.0020954774226993322,-0.0035908231511712074]","[-0.06645099818706512,-0.7331979870796204,9.731375694274902]",0.4777551,4682.000,"[0.0,0.0,0.0,0.0]","[0.0,0.0,0.0,0.0,0.0,0.0,0.0,0.0]","[0.0,0.0,0.0,0.0,0.0,0.0,0.0,0.0]",255,1,1
2026-08-12T10:57:42.758174+00:00,5038.040212,cycle_1_neutral_after_blocked,0.0000000,0.0000000,0.0000000,0.0000000,,,0,1,1,1,0,1,0.000000,7670,383550,1,0,1,1,0,1,0,1741899709,235,20752,5037989,662,0,1.4100142,-0.0047928,"[0.760974645614624,-0.030981970950961113,-0.02080397866666317,0.6477074027061462]","[0.00041718603461049497,-0.002337205456569791,-0.004792813677340746]","[-0.0719899982213974,-0.7226269841194153,9.739153861999512]",0.4777551,4682.000,"[0.0,0.0,0.0,0.0]","[0.0,0.0,0.0,0.0,0.0,0.0,0.0,0.0]","[0.0,0.0,0.0,0.0,0.0,0.0,0.0,0.0]",255,1,1
2026-08-12T10:57:42.809661+00:00,5038.092339,cycle_1_neutral_after_blocked,0.0000000,0.0000000,0.0000000,0.0000000,,,0,1,1,1,0,1,0.000000,7671,383600,1,0,1,1,0,1,0,1741899709,236,47079,5038041,663,0,1.4099888,-0.0048186,"[0.7609847784042358,-0.030936971306800842,-0.02081398107111454,0.647697389125824]","[0.0016465611988678575,-0.0004735601833090186,-0.004818592220544815]","[-0.06480000168085098,-0.727728009223938,9.722517967224121]",0.4829592,4733.000,"[0.0,0.0,0.0,0.0]","[0.0,0.0,0.0,0.0,0.0,0.0,0.0,0.0]","[0.0,0.0,0.0,0.0,0.0,0.0,0.0,0.0]",255,1,1
2026-08-12T10:57:42.861125+00:00,5038.143701,cycle_1_neutral_after_blocked,0.0000000,0.0000000,0.0000000,0.0000000,,,0,1,1,1,0,1,0.000000,7672,383650,1,0,1,1,0,1,0,1741899709,237,15194,5038093,664,0,1.4099635,-0.0035883,"[0.7609947919845581,-0.03089197166264057,-0.020793981850147247,0.6476883888244629]","[0.002862915862351656,-0.0004660029080696404,-0.0035883099772036076]","[-0.062376998364925385,-0.7254430055618286,9.715315818786621]",0.4829592,4733.000,"[0.0,0.0,0.0,0.0]","[0.0,0.0,0.0,0.0,0.0,0.0,0.0,0.0]","[0.0,0.0,0.0,0.0,0.0,0.0,0.0,0.0]",255,1,1
2026-08-12T10:57:42.913116+00:00,5038.195235,cycle_1_neutral_after_blocked,0.0000000,0.0000000,0.0000000,0.0000000,,,0,1,1,1,0,1,0.000000,7673,383700,1,0,1,1,0,1,0,1741899709,237,15194,5038093,664,0,1.4099562,-0.0036030,"[0.7610007524490356,-0.03080699034035206,-0.020753992721438408,0.6476868391036987]","[0.004088555928319693,0.0007737916894257069,-0.003603040473535657]","[-0.04567699879407883,-0.7378399968147278,9.696499824523926]",0.4838775,4742.000,"[0.0,0.0,0.0,0.0]","[0.0,0.0,0.0,0.0,0.0,0.0,0.0,0.0]","[0.0,0.0,0.0,0.0,0.0,0.0,0.0,0.0]",255,1,1
2026-08-12T10:57:42.965313+00:00,5038.247297,cycle_1_neutral_after_blocked,0.0000000,0.0000000,0.0000000,0.0000000,,,0,1,1,1,0,1,0.000000,7674,383750,1,0,1,1,0,1,0,1741899709,238,46755,5038144,665,0,1.4099745,-0.0048186,"[0.7609983086585999,-0.030717981979250908,-0.020668987184762955,0.6476965546607971]","[0.005308541003614664,0.0007505090325139463,-0.004818557295948267]","[-0.06322000175714493,-0.7334330081939697,9.717023849487305]",0.4838775,4742.000,"[0.0,0.0,0.0,0.0]","[0.0,0.0,0.0,0.0,0.0,0.0,0.0,0.0]","[0.0,0.0,0.0,0.0,0.0,0.0,0.0,0.0]",255,1,1
2026-08-12T10:57:43.017095+00:00,5038.299539,cycle_1_neutral_after_blocked,0.0000000,0.0000000,0.0000000,0.0000000,,,0,1,1,1,0,1,0.000000,7675,383800,1,0,1,1,0,1,0,1741899709,239,52612,5038196,666,0,1.4099741,-0.0048259,"[0.7610031962394714,-0.030599981546401978,-0.020567987114191055,0.6476995944976807]","[0.005311037413775921,0.0011664036428555846,-0.0048259226605296135]","[-0.06322000175714493,-0.7301520109176636,9.721773147583008]",0.4838775,4742.000,"[0.0,0.0,0.0,0.0]","[0.0,0.0,0.0,0.0,0.0,0.0,0.0,0.0]","[0.0,0.0,0.0,0.0,0.0,0.0,0.0,0.0]",255,1,1
2026-08-12T10:57:43.069123+00:00,5038.351155,cycle_1_neutral_after_blocked,0.0000000,0.0000000,0.0000000,0.0000000,,,0,1,1,1,0,1,0.000000,7676,383850,1,0,1,1,0,1,0,1741899709,240,44703,5038248,667,0,1.4099743,-0.0048259,"[0.7610081434249878,-0.030474983155727386,-0.02044399082660675,0.6477036476135254]","[0.004090371076017618,0.0007583804544992745,-0.004825940355658531]","[-0.06718599796295166,-0.7326369881629944,9.715367317199707]",0.4924490,4826.000,"[0.0,0.0,0.0,0.0]","[0.0,0.0,0.0,0.0,0.0,0.0,0.0,0.0]","[0.0,0.0,0.0,0.0,0.0,0.0,0.0,0.0]",255,1,1
2026-08-12T10:57:43.121415+00:00,5038.403363,cycle_1_neutral_after_blocked,0.0000000,0.0000000,0.0000000,0.0000000,,,0,1,1,1,0,1,0.000000,7677,383900,1,0,1,1,0,1,0,1741899709,241,650,5038300,668,0,1.4099807,-0.0035919,"[0.7610101699829102,-0.030370980501174927,-0.020331984385848045,0.6477096080780029]","[0.007746818475425243,0.0013740453869104385,-0.0035919402725994587]","[-0.07903099805116653,-0.7206289768218994,9.71025562286377]",0.4924490,4826.000,"[0.0,0.0,0.0,0.0]","[0.0,0.0,0.0,0.0,0.0,0.0,0.0,0.0]","[0.0,0.0,0.0,0.0,0.0,0.0,0.0,0.0]",255,1,1
2026-08-12T10:57:43.173635+00:00,5038.455630,cycle_1_neutral_after_blocked,0.0000000,0.0000000,0.0000000,0.0000000,,,0,1,1,1,0,1,0.000000,7678,383950,1,0,1,1,0,1,0,1741899709,242,26756,5038352,669,0,1.4099765,-0.0042513,"[0.7610165476799011,-0.030243977904319763,-0.020157983526587486,0.6477134823799133]","[0.005322573706507683,0.0032535905484110117,-0.004251342732459307]","[-0.08621200174093246,-0.7204859852790833,9.717368125915527]",0.4870408,4773.000,"[0.0,0.0,0.0,0.0]","[0.0,0.0,0.0,0.0,0.0,0.0,0.0,0.0]","[0.0,0.0,0.0,0.0,0.0,0.0,0.0,0.0]",255,1,1
2026-08-12T10:57:43.225859+00:00,5038.507838,cycle_1_neutral_after_blocked,0.0000000,0.0000000,0.0000000,0.0000000,,,0,1,1,1,0,1,0.000000,7679,384000,1,0,1,1,0,1,0,1741899709,243,44808,5038404,670,0,1.4099593,-0.0036546,"[0.7610259056091309,-0.030146971344947815,-0.01998697966337204,0.6477123498916626]","[0.006547306198626757,0.004501116927713156,-0.0036546147894114256]","[-0.09339699894189835,-0.7080230116844177,9.743489265441895]",0.4870408,4773.000,"[0.0,0.0,0.0,0.0]","[0.0,0.0,0.0,0.0,0.0,0.0,0.0,0.0]","[0.0,0.0,0.0,0.0,0.0,0.0,0.0,0.0]",255,1,1
2026-08-12T10:57:43.277274+00:00,5038.560045,cycle_1_neutral_after_blocked,0.0000000,0.0000000,0.0000000,0.0000000,,,0,1,1,1,0,1,0.000000,7680,384050,1,0,1,1,0,1,0,1741899709,244,40653,5038456,671,0,1.4099219,-0.0048800,"[0.7610411047935486,-0.030067984014749527,-0.01980898715555668,0.6477036476135254]","[0.006143070291727781,0.0044883061200380325,-0.004879975691437721]","[-0.09335800260305405,-0.7008069753646851,9.74338436126709]",0.4898979,4801.000,"[0.0,0.0,0.0,0.0]","[0.0,0.0,0.0,0.0,0.0,0.0,0.0,0.0]","[0.0,0.0,0.0,0.0,0.0,0.0,0.0,0.0]",255,1,1
2026-08-12T10:57:43.329154+00:00,5038.611260,cycle_1_neutral_after_blocked,0.0000000,0.0000000,0.0000000,0.0000000,,,0,1,1,1,0,1,0.000000,7681,384100,1,0,1,1,0,1,0,1741899709,245,8827,5038509,672,0,1.4098306,-0.0073283,"[0.7610740065574646,-0.02998296543955803,-0.01963297836482525,0.6476742625236511]","[0.005740632303059101,0.00446008425205946,-0.0073282537050545216]","[-0.09986300021409988,-0.7050750255584717,9.776955604553223]",0.4898979,4801.000,"[0.0,0.0,0.0,0.0]","[0.0,0.0,0.0,0.0,0.0,0.0,0.0,0.0]","[0.0,0.0,0.0,0.0,0.0,0.0,0.0,0.0]",255,1,1
2026-08-12T10:57:43.380769+00:00,5038.663260,cycle_1_neutral_after_blocked,0.0000000,0.0000000,0.0000000,0.0000000,,,0,1,1,1,0,1,0.000000,7682,384150,1,0,1,1,0,1,0,1741899709,246,44930,5038560,673,0,1.4097507,-0.0066971,"[0.7611021995544434,-0.02992098405957222,-0.01944698765873909,0.6476495862007141]","[0.005326203536242247,0.0032227332703769207,-0.006697142496705055]","[-0.10532700270414352,-0.6956480145454407,9.762360572814941]",0.4950000,4851.000,"[0.0,0.0,0.0,0.0]","[0.0,0.0,0.0,0.0,0.0,0.0,0.0,0.0]","[0.0,0.0,0.0,0.0,0.0,0.0,0.0,0.0]",255,1,1
2026-08-12T10:57:43.432299+00:00,5038.714888,cycle_1_neutral_after_blocked,0.0000000,0.0000000,0.0000000,0.0000000,,,0,1,1,1,0,1,0.000000,7683,384200,1,0,1,1,0,1,0,1741899709,247,2212,5038612,674,0,1.4096322,-0.0073233,"[0.7611422538757324,-0.029875976964831352,-0.019278986379504204,0.6476095914840698]","[0.006552734412252903,0.0044548483565449715,-0.007323331665247679]","[-0.10769499838352203,-0.68094801902771,9.778907775878906]",0.4950000,4851.000,"[0.0,0.0,0.0,0.0]","[0.0,0.0,0.0,0.0,0.0,0.0,0.0,0.0]","[0.0,0.0,0.0,0.0,0.0,0.0,0.0,0.0]",255,1,1
2026-08-12T10:57:43.485247+00:00,5038.766374,cycle_1_neutral_after_blocked,0.0000000,0.0000000,0.0000000,0.0000000,,,0,1,1,1,0,1,0.000000,7685,384300,1,0,1,1,0,1,0,1741899709,249,54389,5038715,676,0,1.4094021,-0.0049255,"[0.761219322681427,-0.02980998158454895,-0.01895998604595661,0.6475315690040588]","[0.0022929785773158073,0.005760895553976297,-0.0049254936166107655]","[-0.11727800220251083,-0.6708790063858032,9.805036544799805]",0.4987755,4888.000,"[0.0,0.0,0.0,0.0]","[0.0,0.0,0.0,0.0,0.0,0.0,0.0,0.0]","[0.0,0.0,0.0,0.0,0.0,0.0,0.0,0.0]",255,1,1
2026-08-12T10:57:43.536507+00:00,5038.819247,cycle_1_neutral_after_blocked,0.0000000,0.0000000,0.0000000,0.0000000,,,0,1,1,1,0,1,0.000000,7686,384350,1,0,1,1,0,1,0,1741899709,250,2080,5038768,677,0,1.4092859,-0.0061152,"[0.7612574100494385,-0.02979697845876217,-0.018851984292268753,0.6474905014038086]","[0.004114578478038311,0.004486002493649721,-0.006115197204053402]","[-0.10771600157022476,-0.6685540080070496,9.802716255187988]",0.5076531,4975.000,"[0.0,0.0,0.0,0.0]","[0.0,0.0,0.0,0.0,0.0,0.0,0.0,0.0]","[0.0,0.0,0.0,0.0,0.0,0.0,0.0,0.0]",255,1,1
2026-08-12T10:57:43.588670+00:00,5038.870621,cycle_1_neutral_after_blocked,0.0000000,0.0000000,0.0000000,0.0000000,,,0,1,1,1,0,1,0.000000,7687,384400,1,0,1,1,0,1,0,1741899709,251,58682,5038819,678,0,1.4092346,-0.0061374,"[0.7612740397453308,-0.02979700267314911,-0.0187819991260767,0.6474730372428894]","[0.0004600687825586647,0.0045095994137227535,-0.00613736268132925]","[-0.10285600274801254,-0.6615800261497498,9.788274765014648]",0.5076531,4975.000,"[0.0,0.0,0.0,0.0]","[0.0,0.0,0.0,0.0,0.0,0.0,0.0,0.0]","[0.0,0.0,0.0,0.0,0.0,0.0,0.0,0.0]",255,1,1
2026-08-12T10:57:43.640711+00:00,5038.922833,cycle_1_neutral_after_blocked,0.0000000,0.0000000,0.0000000,0.0000000,,,0,1,1,1,0,1,0.000000,7688,384450,1,0,1,1,0,1,0,1741899709,252,39808,5038871,679,0,1.4091434,-0.0061005,"[0.7613032460212708,-0.02980196289718151,-0.018718978390097618,0.6474401950836182]","[-0.0007730238721705973,0.002022103639319539,-0.006100519094616175]","[-0.11000700294971466,-0.6640260219573975,9.783429145812988]",0.5020408,4920.000,"[0.0,0.0,0.0,0.0]","[0.0,0.0,0.0,0.0,0.0,0.0,0.0,0.0]","[0.0,0.0,0.0,0.0,0.0,0.0,0.0,0.0]",255,1,1
2026-08-12T10:57:43.692860+00:00,5038.974838,cycle_1_neutral_after_blocked,0.0000000,0.0000000,0.0000000,0.0000000,,,0,1,1,1,0,1,0.000000,7689,384500,1,0,1,1,0,1,0,1741899709,253,46827,5038923,680,0,1.4090700,-0.0054743,"[0.7613256573677063,-0.029833974316716194,-0.018681982532143593,0.6474133729934692]","[-0.001999571453779936,0.0007900058408267796,-0.005474329926073551]","[-0.10286899656057358,-0.6689059734344482,9.781187057495117]",0.5020408,4920.000,"[0.0,0.0,0.0,0.0]","[0.0,0.0,0.0,0.0,0.0,0.0,0.0,0.0]","[0.0,0.0,0.0,0.0,0.0,0.0,0.0,0.0]",255,1,1
2026-08-12T10:57:43.745105+00:00,5039.027051,cycle_1_neutral_after_blocked,0.0000000,0.0000000,0.0000000,0.0000000,,,0,1,1,1,0,1,0.000000,7690,384550,1,0,1,1,0,1,0,1741899709,254,27326,5038976,681,0,1.4090128,-0.0048924,"[0.7613431811332703,-0.02986198104918003,-0.01868198812007904,0.6473915576934814]","[-0.0032111790496855974,0.0020532577764242887,-0.004892384633421898]","[-0.08857899904251099,-0.6762610077857971,9.776659965515137]",0.5020408,4920.000,"[0.0,0.0,0.0,0.0]","[0.0,0.0,0.0,0.0,0.0,0.0,0.0,0.0]","[0.0,0.0,0.0,0.0,0.0,0.0,0.0,0.0]",255,1,1
2026-08-12T10:57:43.797149+00:00,5039.079277,cycle_1_neutral_after_blocked,0.0000000,0.0000000,0.0000000,0.0000000,,,0,1,1,1,0,1,0.000000,7691,384600,1,0,1,1,0,1,0,1741899709,255,4505,5039028,682,0,1.4089521,-0.0048481,"[0.7613615989685059,-0.029893990606069565,-0.018702993169426918,0.6473678350448608]","[-0.0032261190935969353,-0.00044209189945831895,-0.004848140757530928]","[-0.09564600139856339,-0.6741529703140259,9.754959106445312]",0.5028571,4928.000,"[0.0,0.0,0.0,0.0]","[0.0,0.0,0.0,0.0,0.0,0.0,0.0,0.0]","[0.0,0.0,0.0,0.0,0.0,0.0,0.0,0.0]",255,1,1
2026-08-12T10:57:43.849341+00:00,5039.131258,cycle_1_neutral_after_blocked,0.0000000,0.0000000,0.0000000,0.0000000,,,0,1,1,1,0,1,0.000000,7692,384650,1,0,1,1,0,1,0,1741899709,256,40333,5039080,683,0,1.4088811,-0.0061227,"[0.7613825798034668,-0.029944976791739464,-0.018746986985206604,0.6473394632339478]","[-0.004427534062415361,0.0020457005593925714,-0.006122667342424393]","[-0.07654300332069397,-0.6767929792404175,9.745622634887695]",0.5028571,4928.000,"[0.0,0.0,0.0,0.0]","[0.0,0.0,0.0,0.0,0.0,0.0,0.0,0.0]","[0.0,0.0,0.0,0.0,0.0,0.0,0.0,0.0]",255,1,1
2026-08-12T10:57:43.900392+00:00,5039.183502,cycle_1_neutral_after_blocked,0.0000000,0.0000000,0.0000000,0.0000000,,,0,1,1,1,0,1,0.000000,7693,384700,1,0,1,1,0,1,0,1741899709,257,51609,5039132,684,0,1.4087970,-0.0060784,"[0.761407196521759,-0.03001098334789276,-0.018810991197824478,0.6473056077957153]","[-0.004442473873496056,-0.00044964917469769716,-0.006078440696001053]","[-0.08133900165557861,-0.686502993106842,9.738513946533203]",0.4954081,4855.000,"[0.0,0.0,0.0,0.0]","[0.0,0.0,0.0,0.0,0.0,0.0,0.0,0.0]","[0.0,0.0,0.0,0.0,0.0,0.0,0.0,0.0]",255,1,1
2026-08-12T10:57:43.952399+00:00,5039.234367,cycle_1_neutral_after_blocked,0.0000000,0.0000000,0.0000000,0.0000000,,,0,1,1,1,0,1,0.000000,7694,384750,1,0,1,1,0,1,0,1741899709,258,33921,5039183,685,0,1.4087268,-0.0061153,"[0.7614275813102722,-0.03007197566330433,-0.0188909862190485,0.6472764611244202]","[-0.006871361751109362,0.0008137598051689565,-0.006115319672971964]","[-0.07183299958705902,-0.6913210153579712,9.74109172821045]",0.4954081,4855.000,"[0.0,0.0,0.0,0.0]","[0.0,0.0,0.0,0.0,0.0,0.0,0.0,0.0]","[0.0,0.0,0.0,0.0,0.0,0.0,0.0,0.0]",255,1,1
2026-08-12T10:57:44.004583+00:00,5039.286601,cycle_1_neutral_after_blocked,0.0000000,0.0000000,0.0000000,0.0000000,,,0,1,1,1,0,1,0.000000,7695,384800,1,0,1,1,0,1,0,1741899709,259,53824,5039235,686,0,1.4087268,-0.0061153,"[0.7614275813102722,-0.03007197566330433,-0.0188909862190485,0.6472764611244202]","[-0.006871361751109362,0.0008137598051689565,-0.006115319672971964]","[-0.07183299958705902,-0.6913210153579712,9.74109172821045]",0.4954081,4855.000,"[0.0,0.0,0.0,0.0]","[0.0,0.0,0.0,0.0,0.0,0.0,0.0,0.0]","[0.0,0.0,0.0,0.0,0.0,0.0,0.0,0.0]",255,1,1
2026-08-12T10:57:44.056503+00:00,5039.338783,cycle_1_neutral_after_blocked,0.0000000,0.0000000,0.0000000,0.0000000,,,0,1,1,1,0,1,0.000000,7696,384850,1,0,1,1,0,1,0,1741899709,260,2402,5039287,687,0,1.4084527,-0.0060526,"[0.7615084648132324,-0.0302759800106287,-0.01917698234319687,0.647163450717926]","[-0.0056718485429883,-0.0023132942151278257,-0.006052644923329353]","[-0.07183299958705902,-0.7060829997062683,9.719720840454102]",0.4928572,4830.000,"[0.0,0.0,0.0,0.0]","[0.0,0.0,0.0,0.0,0.0,0.0,0.0,0.0]","[0.0,0.0,0.0,0.0,0.0,0.0,0.0,0.0]",255,1,1
2026-08-12T10:57:44.108576+00:00,5039.390590,cycle_1_neutral_after_blocked,0.0000000,0.0000000,0.0000000,0.0000000,,,0,1,1,1,0,1,0.000000,7697,384900,1,0,1,1,0,1,0,1741899709,261,9225,5039339,688,0,1.4084337,-0.0060711,"[0.7615140080451965,-0.030289968475699425,-0.01920797862112522,0.6471552848815918]","[-0.006886283867061138,-0.001681589987128973,-0.006071093026548624]","[-0.067112997174263,-0.7157260179519653,9.719917297363281]",0.4928572,4830.000,"[0.0,0.0,0.0,0.0]","[0.0,0.0,0.0,0.0,0.0,0.0,0.0,0.0]","[0.0,0.0,0.0,0.0,0.0,0.0,0.0,0.0]",240,1,1
2026-08-12T10:57:44.160912+00:00,5039.442783,cycle_1_neutral_after_blocked,0.0000000,0.0000000,0.0000000,0.0000000,,,0,1,1,1,0,1,0.000000,7698,384950,1,0,1,1,0,1,0,1741899709,262,23220,5039391,689,0,1.4084337,-0.0060711,"[0.7615140080451965,-0.030289968475699425,-0.01920797862112522,0.6471552848815918]","[-0.006886283867061138,-0.001681589987128973,-0.006071093026548624]","[-0.067112997174263,-0.7157260179519653,9.719917297363281]",0.4928572,4830.000,"[0.0,0.0,0.0,0.0]","[0.0,0.0,0.0,0.0,0.0,0.0,0.0,0.0]","[0.0,0.0,0.0,0.0,0.0,0.0,0.0,0.0]",255,1,1
2026-08-12T10:57:44.213232+00:00,5039.495163,cycle_1_neutral_after_blocked,0.0000000,0.0000000,0.0000000,0.0000000,,,0,1,1,1,0,1,0.000000,7699,385000,1,0,1,1,0,1,0,1741899709,262,23220,5039391,689,0,1.4084337,-0.0060711,"[0.7615140080451965,-0.030289968475699425,-0.01920797862112522,0.6471552848815918]","[-0.006886283867061138,-0.001681589987128973,-0.006071093026548624]","[-0.067112997174263,-0.7157260179519653,9.719917297363281]",0.4928572,4830.000,"[0.0,0.0,0.0,0.0]","[0.0,0.0,0.0,0.0,0.0,0.0,0.0,0.0]","[0.0,0.0,0.0,0.0,0.0,0.0,0.0,0.0]",255,1,1
2026-08-12T10:57:44.265585+00:00,5039.547486,cycle_1_neutral_after_blocked,0.0000000,0.0000000,0.0000000,0.0000000,,,0,1,1,1,0,1,0.000000,7700,385050,1,0,1,1,0,1,0,1741899709,263,51332,5039444,690,0,1.4080633,-0.0060600,"[0.7616211771965027,-0.03061596490442753,-0.019659975543618202,0.6470003128051758]","[-0.006890019401907921,-0.0023054403718560934,-0.0060600279830396175]","[-0.08380500227212906,-0.723048985004425,9.70783805847168]",0.4928572,4830.000,"[0.0,0.0,0.0,0.0]","[0.0,0.0,0.0,0.0,0.0,0.0,0.0,0.0]","[0.0,0.0,0.0,0.0,0.0,0.0,0.0,0.0]",255,1,1
2026-08-12T10:57:44.317875+00:00,5039.599823,cycle_1_neutral_after_blocked,0.0000000,0.0000000,0.0000000,0.0000000,,,0,1,1,1,0,1,0.000000,7701,385100,1,0,1,1,0,1,0,1741899709,264,43907,5039496,691,0,1.4080633,-0.0060600,"[0.7616211771965027,-0.03061596490442753,-0.019659975543618202,0.6470003128051758]","[-0.006890019401907921,-0.0023054403718560934,-0.0060600279830396175]","[-0.08380500227212906,-0.723048985004425,9.70783805847168]",0.4889796,4792.000,"[0.0,0.0,0.0,0.0]","[0.0,0.0,0.0,0.0,0.0,0.0,0.0,0.0]","[0.0,0.0,0.0,0.0,0.0,0.0,0.0,0.0]",255,1,1
2026-08-12T10:57:44.370128+00:00,5039.652087,cycle_1_neutral_after_blocked,0.0000000,0.0000000,0.0000000,0.0000000,,,0,1,1,1,0,1,0.000000,7702,385150,1,0,1,1,0,1,0,1741899709,265,53412,5039548,692,0,1.4077522,-0.0073235,"[0.7617151737213135,-0.030786965042352676,-0.019961979240179062,0.6468722820281982]","[-0.004433206282556057,0.0007825881475582719,-0.007323453668504953]","[-0.08866900205612183,-0.7275440096855164,9.727038383483887]",0.4889796,4792.000,"[0.0,0.0,0.0,0.0]","[0.0,0.0,0.0,0.0,0.0,0.0,0.0,0.0]","[0.0,0.0,0.0,0.0,0.0,0.0,0.0,0.0]",255,1,1
2026-08-12T10:57:44.422361+00:00,5039.704353,cycle_1_neutral_after_blocked,0.0000000,0.0000000,0.0000000,0.0000000,,,0,1,1,1,0,1,0.000000,7703,385200,1,0,1,1,0,1,0,1741899709,266,23901,5039601,693,0,1.4077169,-0.0073308,"[0.7617261409759521,-0.03079896606504917,-0.019978979602456093,0.646858274936676]","[-0.005651376210153103,0.000790459627751261,-0.007330837193876505]","[-0.08863499760627747,-0.7227699756622314,9.724569320678711]",0.4889796,4792.000,"[0.0,0.0,0.0,0.0]","[0.0,0.0,0.0,0.0,0.0,0.0,0.0,0.0]","[0.0,0.0,0.0,0.0,0.0,0.0,0.0,0.0]",240,1,1
2026-08-12T10:57:44.474617+00:00,5039.756570,cycle_1_neutral_after_blocked,0.0000000,0.0000000,0.0000000,0.0000000,,,0,1,1,1,0,1,0.000000,7704,385250,1,0,1,1,0,1,0,1741899709,267,37346,5039653,694,0,1.4075832,-0.0072792,"[0.7617673873901367,-0.03084997832775116,-0.020067984238266945,0.6468045115470886]","[-0.004448128864169121,-0.001712743891403079,-0.007279227487742901]","[-0.11011800169944763,-0.7078359723091125,9.75049114227295]",0.4889796,4792.000,"[0.0,0.0,0.0,0.0]","[0.0,0.0,0.0,0.0,0.0,0.0,0.0,0.0]","[0.0,0.0,0.0,0.0,0.0,0.0,0.0,0.0]",240,1,1
2026-08-12T10:57:44.526434+00:00,5039.808793,cycle_1_neutral_after_blocked,0.0000000,0.0000000,0.0000000,0.0000000,,,0,1,1,1,0,1,0.000000,7705,385300,1,0,1,1,0,1,0,1741899709,268,30485,5039705,695,0,1.4075832,-0.0072792,"[0.7617673873901367,-0.03084997832775116,-0.020067984238266945,0.6468045115470886]","[-0.004448128864169121,-0.001712743891403079,-0.007279227487742901]","[-0.11011800169944763,-0.7078359723091125,9.75049114227295]",0.4817347,4721.000,"[0.0,0.0,0.0,0.0]","[0.0,0.0,0.0,0.0,0.0,0.0,0.0,0.0]","[0.0,0.0,0.0,0.0,0.0,0.0,0.0,0.0]",255,1,1
