host_time_utc,host_monotonic_s,phase,requested_forward,requested_right,requested_down,requested_yaw,requested_motor_index,requested_motor_throttle,requested_armed,sent,transport_open,session_confirmed,armed_confirmation_fresh,telemetry_fresh,telemetry_age_s,telemetry_sequence,mcu_tick_ms,state,telemetry_armed,telemetry_mpc_direct,telemetry_yaw_direct,telemetry_failsafe,command_status,reject_flags,last_command_session,last_command_sequence,last_command_crc,last_command_sender_time_ms,command_count,rejected_command_count,yaw_rad,yaw_rate_rad_s,imu_quat_wxyz,imu_angular_velocity_xyz_rad_s,imu_linear_acceleration_xyz_m_s2,depth_m,pressure_pa,received_channels,applied_motor_throttle_m1_m8,motor_rpm_m1_m8,rpm_valid_mask,execution_feedback_valid,rpm_available
2026-08-12T11:00:34.794512+00:00,5210.077786,cycle_1_neutral_before_blocked,0.0000000,0.0000000,0.0000000,0.0000000,,,0,1,1,0,0,0,nan,,,,,,,,,,,,,,,,,,,,,,,,,,,,
2026-08-12T11:00:34.846721+00:00,5210.128430,cycle_1_neutral_before_blocked,0.0000000,0.0000000,0.0000000,0.0000000,,,0,1,1,1,0,1,0.000000,11112,555650,1,0,1,1,0,1,0,1769306043,0,59000,5210077,979,0,2.1309304,-0.0011315,"[0.4836583435535431,-0.02084001712501049,-0.02889101952314377,0.8745316863059998]","[0.001024578115902841,-0.0016710306517779827,-0.0011314621660858393]","[-0.11010099947452545,-0.6783850193023682,9.78843879699707]",0.6681632,6548.000,"[0.0,0.0,0.0,0.0]","[0.0,0.0,0.0,0.0,0.0,0.0,0.0,0.0]","[0.0,0.0,0.0,0.0,0.0,0.0,0.0,0.0]",255,1,1
2026-08-12T11:00:34.899111+00:00,5210.180968,cycle_1_neutral_before_blocked,0.0000000,0.0000000,0.0000000,0.0000000,,,0,1,1,1,0,1,0.000000,11113,555700,1,0,1,1,0,1,0,1769306043,1,16563,5210129,980,0,2.1310158,-0.0011499,"[0.4836234748363495,-0.0207770187407732,-0.02885102853178978,0.8745537400245667]","[0.0016411332180723548,-0.0004272915539331734,-0.0011498754611238837]","[-0.10292000323534012,-0.6736069917678833,9.788451194763184]",0.6681632,6548.000,"[0.0,0.0,0.0,0.0]","[0.0,0.0,0.0,0.0,0.0,0.0,0.0,0.0]","[0.0,0.0,0.0,0.0,0.0,0.0,0.0,0.0]",255,1,1
2026-08-12T11:00:34.951423+00:00,5210.233375,cycle_1_neutral_before_blocked,0.0000000,0.0000000,0.0000000,0.0000000,,,0,1,1,1,0,1,0.000000,11114,555750,1,0,1,1,0,1,0,1769306043,2,55513,5210182,981,0,2.1310687,-0.0011425,"[0.48360246419906616,-0.020724019035696983,-0.028818026185035706,0.8745677471160889]","[0.0010283130686730146,-0.0010471976129338145,-0.0011425100965425372]","[-0.0980990007519722,-0.6640070080757141,9.788365364074707]",0.6650000,6517.000,"[0.0,0.0,0.0,0.0]","[0.0,0.0,0.0,0.0,0.0,0.0,0.0,0.0]","[0.0,0.0,0.0,0.0,0.0,0.0,0.0,0.0]",255,1,1
2026-08-12T11:00:35.003792+00:00,5210.285670,cycle_1_neutral_before_blocked,0.0000000,0.0000000,0.0000000,0.0000000,,,0,1,1,1,0,1,0.000000,11115,555800,1,0,1,1,0,1,0,1769306043,3,18713,5210234,982,0,2.1311555,-0.0011425,"[0.4835663437843323,-0.020678015425801277,-0.02875802293419838,0.8745907545089722]","[0.0028593032620847225,-0.0004351454845163971,-0.0011424925178289413]","[-0.0885619968175888,-0.6763349771499634,9.771865844726562]",0.6650000,6517.000,"[0.0,0.0,0.0,0.0]","[0.0,0.0,0.0,0.0,0.0,0.0,0.0,0.0]","[0.0,0.0,0.0,0.0,0.0,0.0,0.0,0.0]",255,1,1
2026-08-12T11:00:35.056107+00:00,5210.338035,cycle_1_neutral_before_blocked,0.0000000,0.0000000,0.0000000,0.0000000,,,0,1,1,1,0,1,0.000000,11116,555850,1,0,1,1,0,1,0,1769306043,4,49399,5210286,983,0,2.1311836,-0.0023728,"[0.48355633020401,-0.020623011514544487,-0.028698017820715904,0.8745995759963989]","[0.0016429482493549585,-0.0004427027888596058,-0.00237279268912971]","[-0.08138599991798401,-0.673999011516571,9.769514083862305]",0.6646938,6514.000,"[0.0,0.0,0.0,0.0]","[0.0,0.0,0.0,0.0,0.0,0.0,0.0,0.0]","[0.0,0.0,0.0,0.0,0.0,0.0,0.0,0.0]",255,1,1
2026-08-12T11:00:35.108386+00:00,5210.390356,cycle_1_neutral_before_blocked,0.0000000,0.0000000,0.0000000,0.0000000,,,0,1,1,1,0,1,0.000000,11117,555900,1,0,1,1,0,1,0,1769306043,5,60684,5210339,984,0,2.1311579,-0.0035957,"[0.48356831073760986,-0.020610012114048004,-0.028629016131162643,0.8745955228805542]","[0.0016447460511699319,-0.00045813151518814266,-0.0035956925712525845]","[-0.07416699826717377,-0.6816880106925964,9.740923881530762]",0.6646938,6514.000,"[0.0,0.0,0.0,0.0]","[0.0,0.0,0.0,0.0,0.0,0.0,0.0,0.0]","[0.0,0.0,0.0,0.0,0.0,0.0,0.0,0.0]",255,1,1
2026-08-12T11:00:35.160656+00:00,5210.442629,cycle_1_neutral_before_blocked,0.0000000,0.0000000,0.0000000,0.0000000,,,0,1,1,1,0,1,0.000000,11118,555950,1,0,1,1,0,1,0,1769306043,5,60684,5210339,984,0,2.1311340,-0.0036621,"[0.483578085899353,-0.0206300038844347,-0.028584003448486328,0.8745911717414856]","[-0.001994824269786477,0.002060814993456006,-0.0036620849277824163]","[-0.1076819971203804,-0.6883839964866638,9.764625549316406]",0.6646938,6514.000,"[0.0,0.0,0.0,0.0]","[0.0,0.0,0.0,0.0,0.0,0.0,0.0,0.0]","[0.0,0.0,0.0,0.0,0.0,0.0,0.0,0.0]",255,1,1
2026-08-12T11:00:35.212929+00:00,5210.494885,cycle_1_neutral_before_blocked,0.0000000,0.0000000,0.0000000,0.0000000,,,0,1,1,1,0,1,0.000000,11119,556000,1,0,1,1,0,1,0,1769306043,6,37809,5210391,985,0,2.1310875,-0.0036658,"[0.4835972487926483,-0.0206610094755888,-0.02856401354074478,0.874580442905426]","[-0.000772901636082679,0.00267679407261312,-0.003665767377242446]","[-0.10054799914360046,-0.68094402551651,9.781390190124512]",0.6630612,6498.000,"[0.0,0.0,0.0,0.0]","[0.0,0.0,0.0,0.0,0.0,0.0,0.0,0.0]","[0.0,0.0,0.0,0.0,0.0,0.0,0.0,0.0]",255,1,1
2026-08-12T11:00:35.265104+00:00,5210.547059,cycle_1_neutral_before_blocked,0.0000000,0.0000000,0.0000000,0.0000000,,,0,1,1,1,0,1,0.000000,11120,556050,1,0,1,1,0,1,0,1769306043,7,48858,5210443,986,0,2.1310298,-0.0036547,"[0.4836215376853943,-0.020689023658633232,-0.02854403294622898,0.8745670318603516]","[-0.0007766366470605135,0.002052943455055356,-0.0036547023337334394]","[-0.10052599757909775,-0.6736540198326111,9.786081314086914]",0.6630612,6498.000,"[0.0,0.0,0.0,0.0]","[0.0,0.0,0.0,0.0,0.0,0.0,0.0,0.0]","[0.0,0.0,0.0,0.0,0.0,0.0,0.0,0.0]",255,1,1
2026-08-12T11:00:35.317399+00:00,5210.599353,cycle_1_neutral_before_blocked,0.0000000,0.0000000,0.0000000,0.0000000,,,0,1,1,1,0,1,0.000000,11121,556100,1,0,1,1,0,1,0,1769306043,8,25222,5210496,987,0,2.1309481,-0.0036769,"[0.48365518450737,-0.02074100822210312,-0.028539007529616356,0.8745473027229309]","[-0.004431163892149925,0.0020765403751283884,-0.003676867578178644]","[-0.1077369973063469,-0.6856849789619446,9.783775329589844]",0.6578571,6447.000,"[0.0,0.0,0.0,0.0]","[0.0,0.0,0.0,0.0,0.0,0.0,0.0,0.0]","[0.0,0.0,0.0,0.0,0.0,0.0,0.0,0.0]",255,1,1
2026-08-12T11:00:35.369665+00:00,5210.651624,cycle_1_neutral_before_blocked,0.0000000,0.0000000,0.0000000,0.0000000,,,0,1,1,1,0,1,0.000000,11122,556150,1,0,1,1,0,1,0,1769306043,9,6561,5210548,988,0,2.1309130,-0.0042883,"[0.48366841673851013,-0.020797016099095345,-0.028569024056196213,0.8745377063751221]","[-0.00443025678396225,0.0020688436925411224,-0.004288308788090944]","[-0.10533899813890457,-0.6734489798545837,9.798016548156738]",0.6578571,6447.000,"[0.0,0.0,0.0,0.0]","[0.0,0.0,0.0,0.0,0.0,0.0,0.0,0.0]","[0.0,0.0,0.0,0.0,0.0,0.0,0.0,0.0]",255,1,1
2026-08-12T11:00:35.422013+00:00,5210.703952,cycle_1_neutral_before_blocked,0.0000000,0.0000000,0.0000000,0.0000000,,,0,1,1,1,0,1,0.000000,11123,556200,1,0,1,1,0,1,0,1769306043,10,38088,5210600,989,0,2.1309075,-0.0018277,"[0.48367011547088623,-0.020813005045056343,-0.02857600711286068,0.8745361566543579]","[-0.0019975295290350914,0.002083940664306283,-0.001827726373448968]","[-0.0861859992146492,-0.6664680242538452,9.788537979125977]",0.6430612,6302.000,"[0.0,0.0,0.0,0.0]","[0.0,0.0,0.0,0.0,0.0,0.0,0.0,0.0]","[0.0,0.0,0.0,0.0,0.0,0.0,0.0,0.0]",255,1,1
2026-08-12T11:00:35.474386+00:00,5210.756217,cycle_1_neutral_before_blocked,0.0000000,0.0000000,0.0000000,0.0000000,,,0,1,1,1,0,1,0.000000,11124,556250,1,0,1,1,0,1,0,1769306043,11,13294,5210652,990,0,2.1310163,-0.0024171,"[0.4836212396621704,-0.02084401063621044,-0.028607012704014778,0.8745614290237427]","[-0.0020040918607264757,0.000828560150694102,-0.0024170714896172285]","[-0.07179900258779526,-0.7062299847602844,9.710128784179688]",0.6430612,6302.000,"[0.0,0.0,0.0,0.0]","[0.0,0.0,0.0,0.0,0.0,0.0,0.0,0.0]","[0.0,0.0,0.0,0.0,0.0,0.0,0.0,0.0]",255,1,1
2026-08-12T11:00:35.526081+00:00,5210.808639,cycle_1_neutral_before_blocked,0.0000000,0.0000000,0.0000000,0.0000000,,,0,1,1,1,0,1,0.000000,11125,556300,1,0,1,1,0,1,0,1769306043,12,48656,5210705,991,0,2.1310484,-0.0011720,"[0.4836074709892273,-0.02083601988852024,-0.02861803025007248,0.8745688796043396]","[-0.002013377146795392,-0.00040367720066569746,-0.0011720409383997321]","[-0.07657299935817719,-0.6988080143928528,9.72195816040039]",0.6430612,6302.000,"[0.0,0.0,0.0,0.0]","[0.0,0.0,0.0,0.0,0.0,0.0,0.0,0.0]","[0.0,0.0,0.0,0.0,0.0,0.0,0.0,0.0]",255,1,1
2026-08-12T11:00:35.577327+00:00,5210.860180,cycle_1_neutral_before_blocked,0.0000000,0.0000000,0.0000000,0.0000000,,,0,1,1,1,0,1,0.000000,11126,556350,1,0,1,1,0,1,0,1769306043,13,38907,5210757,992,0,2.1312499,0.0000619,"[0.4835205376148224,-0.02079802379012108,-0.02867303229868412,0.8746160268783569]","[-0.0020189096685498953,-0.0010120990918949246,6.19068305240944e-05]","[-0.0933540016412735,-0.7032849788665771,9.738622665405273]",0.6430612,6302.000,"[0.0,0.0,0.0,0.0]","[0.0,0.0,0.0,0.0,0.0,0.0,0.0,0.0]","[0.0,0.0,0.0,0.0,0.0,0.0,0.0,0.0]",255,1,1
2026-08-12T11:00:35.628366+00:00,5210.911293,cycle_1_neutral_before_blocked,0.0000000,0.0000000,0.0000000,0.0000000,,,0,1,1,1,0,1,0.000000,11127,556400,1,0,1,1,0,1,0,1769306043,14,42553,5210809,993,0,2.1313171,-0.0030469,"[0.4834902286529541,-0.020818009972572327,-0.02870101109147072,0.874631404876709]","[-0.0013866291847079992,0.0020645849872380495,-0.003046943573281169]","[-0.08379700034856796,-0.6935610175132751,9.748184204101562]",0.6335714,6209.000,"[0.0,0.0,0.0,0.0]","[0.0,0.0,0.0,0.0,0.0,0.0,0.0,0.0]","[0.0,0.0,0.0,0.0,0.0,0.0,0.0,0.0]",255,1,1
2026-08-12T11:00:35.679384+00:00,5210.962378,cycle_1_neutral_before_blocked,0.0000000,0.0000000,0.0000000,0.0000000,,,0,1,1,1,0,1,0.000000,11128,556450,1,0,1,1,0,1,0,1769306043,15,62696,5210860,994,0,2.1313524,-0.0023986,"[0.48347511887550354,-0.02081000618636608,-0.028724007308483124,0.8746391534805298]","[-0.0026206467300653458,-0.0004151789180468768,-0.002398640848696232]","[-0.06703700125217438,-0.6963729858398438,9.726828575134277]",0.6335714,6209.000,"[0.0,0.0,0.0,0.0]","[0.0,0.0,0.0,0.0,0.0,0.0,0.0,0.0]","[0.0,0.0,0.0,0.0,0.0,0.0,0.0,0.0]",255,1,1
2026-08-12T11:00:35.731852+00:00,5211.013311,cycle_1_neutral_before_blocked,0.0000000,0.0000000,0.0000000,0.0000000,,,0,1,1,1,0,1,0.000000,11130,556550,1,0,1,1,0,1,0,1769306043,17,36141,5210962,996,0,2.1312845,-0.0048924,"[0.48350343108177185,-0.02084401622414589,-0.028783023357391357,0.874620795249939]","[-0.0032111790496855974,0.0020532577764242887,-0.004892384633421898]","[-0.1101439967751503,-0.6880429983139038,9.786181449890137]",0.6330612,6204.000,"[0.0,0.0,0.0,0.0]","[0.0,0.0,0.0,0.0,0.0,0.0,0.0,0.0]","[0.0,0.0,0.0,0.0,0.0,0.0,0.0,0.0]",255,1,1
2026-08-12T11:00:35.784042+00:00,5211.065937,cycle_1_neutral_before_blocked,0.0000000,0.0000000,0.0000000,0.0000000,,,0,1,1,1,0,1,0.000000,11131,556600,1,0,1,1,0,1,0,1769306043,18,37273,5211015,997,0,2.1311886,-0.0054891,"[0.4835434556007385,-0.020891020074486732,-0.028804028406739235,0.8745968341827393]","[-0.004435911308974028,0.0008057313389144838,-0.005489095579832792]","[-0.10301399976015091,-0.687965989112854,9.793457984924316]",0.6330612,6204.000,"[0.0,0.0,0.0,0.0]","[0.0,0.0,0.0,0.0,0.0,0.0,0.0,0.0]","[0.0,0.0,0.0,0.0,0.0,0.0,0.0,0.0]",255,1,1
2026-08-12T11:00:35.836119+00:00,5211.118315,cycle_1_neutral_before_blocked,0.0000000,0.0000000,0.0000000,0.0000000,,,0,1,1,1,0,1,0.000000,11132,556650,1,0,1,1,0,1,0,1769306043,19,89,5211067,998,0,2.1310816,-0.0055038,"[0.4835883677005768,-0.02094101533293724,-0.02884102053940296,0.8745695948600769]","[-0.0032102714758366346,0.002045543398708105,-0.005503825843334198]","[-0.09575600177049637,-0.6736760139465332,9.78613567352295]",0.6332653,6206.000,"[0.0,0.0,0.0,0.0]","[0.0,0.0,0.0,0.0,0.0,0.0,0.0,0.0]","[0.0,0.0,0.0,0.0,0.0,0.0,0.0,0.0]",255,1,1
2026-08-12T11:00:35.887290+00:00,5211.170328,cycle_1_neutral_before_blocked,0.0000000,0.0000000,0.0000000,0.0000000,,,0,1,1,1,0,1,0.000000,11133,556700,1,0,1,1,0,1,0,1769306043,20,26576,5211119,999,0,2.1309831,-0.0042809,"[0.483630508184433,-0.020966023206710815,-0.02886403165757656,0.8745449781417847]","[-0.00321208662353456,0.0020609719213098288,-0.004280926194041967]","[-0.06705799698829651,-0.7085840106010437,9.71501350402832]",0.6332653,6206.000,"[0.0,0.0,0.0,0.0]","[0.0,0.0,0.0,0.0,0.0,0.0,0.0,0.0]","[0.0,0.0,0.0,0.0,0.0,0.0,0.0,0.0]",255,1,1
2026-08-12T11:00:35.939392+00:00,5211.221300,cycle_1_neutral_before_blocked,0.0000000,0.0000000,0.0000000,0.0000000,,,0,1,1,1,0,1,0.000000,11134,556750,1,0,1,1,0,1,0,1769306043,21,45610,5211170,1000,0,2.1309361,-0.0041961,"[0.4836503267288208,-0.020984012633562088,-0.028895018622279167,0.8745325803756714]","[-0.0020200442522764206,-0.002313765464350581,-0.004196138121187687]","[-0.08856699615716934,-0.7083010077476501,9.72675609588623]",0.6332653,6206.000,"[0.0,0.0,0.0,0.0]","[0.0,0.0,0.0,0.0,0.0,0.0,0.0,0.0]","[0.0,0.0,0.0,0.0,0.0,0.0,0.0,0.0]",255,1,1
2026-08-12T11:00:35.991671+00:00,5211.273633,cycle_1_neutral_before_blocked,0.0000000,0.0000000,0.0000000,0.0000000,,,0,1,1,1,0,1,0.000000,11135,556800,1,0,1,1,0,1,0,1769306043,22,48701,5211222,1001,0,2.1308722,-0.0036547,"[0.483677476644516,-0.021002020686864853,-0.028932029381394386,0.8745158910751343]","[-0.004438634030520916,0.000828874297440052,-0.003654737025499344]","[-0.07420499622821808,-0.6839839816093445,9.748152732849121]",0.6314286,6188.000,"[0.0,0.0,0.0,0.0]","[0.0,0.0,0.0,0.0,0.0,0.0,0.0,0.0]","[0.0,0.0,0.0,0.0,0.0,0.0,0.0,0.0]",255,1,1
2026-08-12T11:00:36.043952+00:00,5211.325898,cycle_1_neutral_before_blocked,0.0000000,0.0000000,0.0000000,0.0000000,,,0,1,1,1,0,1,0.000000,11136,556850,1,0,1,1,0,1,0,1769306043,23,32049,5211274,1002,0,2.1309042,-0.0023949,"[0.4836615025997162,-0.02104802243411541,-0.028980031609535217,0.8745219707489014]","[-0.002011561766266823,-0.0004191059269942343,-0.0023949407041072845]","[-0.07903499901294708,-0.6935459971427917,9.750638008117676]",0.6314286,6188.000,"[0.0,0.0,0.0,0.0]","[0.0,0.0,0.0,0.0,0.0,0.0,0.0,0.0]","[0.0,0.0,0.0,0.0,0.0,0.0,0.0,0.0]",255,1,1
2026-08-12T11:00:36.096241+00:00,5211.378193,cycle_1_neutral_before_blocked,0.0000000,0.0000000,0.0000000,0.0000000,,,0,1,1,1,0,1,0.000000,11137,556900,1,0,1,1,0,1,0,1769306043,24,13120,5211327,1003,0,2.1309905,0.0000435,"[0.4836231470108032,-0.0210610069334507,-0.028995009139180183,0.8745423555374146]","[-0.0014023545663803816,0.00023162266006693244,4.3476153223309666e-05]","[-0.062279000878334045,-0.688959002494812,9.741168022155762]",0.6378571,6251.000,"[0.0,0.0,0.0,0.0]","[0.0,0.0,0.0,0.0,0.0,0.0,0.0,0.0]","[0.0,0.0,0.0,0.0,0.0,0.0,0.0,0.0]",255,1,1
2026-08-12T11:00:36.148609+00:00,5211.430516,cycle_1_neutral_before_blocked,0.0000000,0.0000000,0.0000000,0.0000000,,,0,1,1,1,0,1,0.000000,11138,556950,1,0,1,1,0,1,0,1769306043,25,35814,5211379,1004,0,2.1310337,-0.0011499,"[0.483604371547699,-0.021057019010186195,-0.0290010217577219,0.8745526671409607]","[-0.00018983946938533336,-0.0010393261909484863,-0.00114991026930511]","[-0.05743199959397316,-0.6893110275268555,9.71963882446289]",0.6378571,6251.000,"[0.0,0.0,0.0,0.0]","[0.0,0.0,0.0,0.0,0.0,0.0,0.0,0.0]","[0.0,0.0,0.0,0.0,0.0,0.0,0.0,0.0]",255,1,1
2026-08-12T11:00:36.200056+00:00,5211.482816,cycle_1_neutral_before_blocked,0.0000000,0.0000000,0.0000000,0.0000000,,,0,1,1,1,0,1,0.000000,11139,557000,1,0,1,1,0,1,0,1769306043,26,40642,5211431,1005,0,2.1312084,-0.0011499,"[0.48353010416030884,-0.021001005545258522,-0.028998007997870445,0.8745951652526855]","[-0.002020829590037465,-0.0016513607697561383,-0.0011499276151880622]","[-0.10770700126886368,-0.6784319877624512,9.786067962646484]",0.6378571,6251.000,"[0.0,0.0,0.0,0.0]","[0.0,0.0,0.0,0.0,0.0,0.0,0.0,0.0]","[0.0,0.0,0.0,0.0,0.0,0.0,0.0,0.0]",255,1,1
2026-08-12T11:00:36.252008+00:00,5211.534137,cycle_1_neutral_before_blocked,0.0000000,0.0000000,0.0000000,0.0000000,,,0,1,1,1,0,1,0.000000,11140,557050,1,0,1,1,0,1,0,1769306043,27,55344,5211483,1006,0,2.1313460,0.0000435,"[0.48347121477127075,-0.02096700668334961,-0.029001012444496155,0.874628484249115]","[-0.003233344992622733,-0.00038039451465010643,4.345869820099324e-05]","[-0.06940499693155289,-0.7013559937477112,9.714881896972656]",0.6333673,6207.000,"[0.0,0.0,0.0,0.0]","[0.0,0.0,0.0,0.0,0.0,0.0,0.0,0.0]","[0.0,0.0,0.0,0.0,0.0,0.0,0.0,0.0]",255,1,1
2026-08-12T11:00:36.304356+00:00,5211.586279,cycle_1_neutral_before_blocked,0.0000000,0.0000000,0.0000000,0.0000000,,,0,1,1,1,0,1,0.000000,11141,557100,1,0,1,1,0,1,0,1769306043,28,20958,5211535,1007,0,2.1314220,-0.0011351,"[0.48343831300735474,-0.020958013832569122,-0.029010016471147537,0.8746466040611267]","[0.0004154931230004877,-0.0016671036137267947,-0.0011351447319611907]","[-0.0742259994149208,-0.7109559774398804,9.714966773986816]",0.6333673,6207.000,"[0.0,0.0,0.0,0.0]","[0.0,0.0,0.0,0.0,0.0,0.0,0.0,0.0]","[0.0,0.0,0.0,0.0,0.0,0.0,0.0,0.0]",255,1,1
2026-08-12T11:00:36.356687+00:00,5211.638597,cycle_1_neutral_before_blocked,0.0000000,0.0000000,0.0000000,0.0000000,,,0,1,1,1,0,1,0.000000,11142,557150,1,0,1,1,0,1,0,1769306043,29,59768,5211587,1008,0,2.1314886,-0.0041998,"[0.4834102988243103,-0.020929012447595596,-0.028986016288399696,0.8746635317802429]","[-0.0007981390226632357,-0.001697786501608789,-0.004199803341180086]","[-0.06947699934244156,-0.7133470177650452,9.717455863952637]",0.6333673,6207.000,"[0.0,0.0,0.0,0.0]","[0.0,0.0,0.0,0.0,0.0,0.0,0.0,0.0]","[0.0,0.0,0.0,0.0,0.0,0.0,0.0,0.0]",255,1,1
2026-08-12T11:00:36.408375+00:00,5211.690904,cycle_1_neutral_before_blocked,0.0000000,0.0000000,0.0000000,0.0000000,,,0,1,1,1,0,1,0.000000,11143,557200,1,0,1,1,0,1,0,1769306043,30,12893,5211639,1009,0,2.1314726,-0.0023912,"[0.4834171533584595,-0.020930005237460136,-0.02896900661289692,0.8746602535247803]","[0.00042849581222981215,0.00018898425332736224,-0.002391240792348981]","[-0.08381400257349014,-0.7131710052490234,9.72448444366455]",0.6353061,6226.000,"[0.0,0.0,0.0,0.0]","[0.0,0.0,0.0,0.0,0.0,0.0,0.0,0.0]","[0.0,0.0,0.0,0.0,0.0,0.0,0.0,0.0]",255,1,1
2026-08-12T11:00:36.460305+00:00,5211.742471,cycle_1_neutral_before_blocked,0.0000000,0.0000000,0.0000000,0.0000000,,,0,1,1,1,0,1,0.000000,11144,557250,1,0,1,1,0,1,0,1769306043,30,12893,5211639,1009,0,2.1314573,-0.0024318,"[0.4834233224391937,-0.020946014672517776,-0.02896301820874214,0.8746566772460938]","[-0.0007784517365507782,0.002068372443318367,-0.0024318022187799215]","[-0.09337499737739563,-0.7056540250778198,9.74105453491211]",0.6353061,6226.000,"[0.0,0.0,0.0,0.0]","[0.0,0.0,0.0,0.0,0.0,0.0,0.0,0.0]","[0.0,0.0,0.0,0.0,0.0,0.0,0.0,0.0]",255,1,1
2026-08-12T11:00:36.512483+00:00,5211.794438,cycle_1_neutral_before_blocked,0.0000000,0.0000000,0.0000000,0.0000000,,,0,1,1,1,0,1,0.000000,11145,557300,1,0,1,1,0,1,0,1769306043,31,5125,5211691,1010,0,2.1313863,-0.0036657,"[0.4834532141685486,-0.02098000980913639,-0.02893400937318802,0.8746403455734253]","[0.0010580710368230939,0.0032888285350054502,-0.0036657326854765415]","[-0.0838640034198761,-0.7031090259552002,9.753121376037598]",0.6411225,6283.000,"[0.0,0.0,0.0,0.0]","[0.0,0.0,0.0,0.0,0.0,0.0,0.0,0.0]","[0.0,0.0,0.0,0.0,0.0,0.0,0.0,0.0]",255,1,1
2026-08-12T11:00:36.564842+00:00,5211.846721,cycle_1_neutral_before_blocked,0.0000000,0.0000000,0.0000000,0.0000000,,,0,1,1,1,0,1,0.000000,11146,557350,1,0,1,1,0,1,0,1769306043,32,6207,5211743,1011,0,2.1312895,-0.0048628,"[0.48349446058273315,-0.02101001888513565,-0.02887202799320221,0.8746188282966614]","[0.0016615012427791953,0.00202178955078125,-0.004862836562097073]","[-0.10065799951553345,-0.709991991519928,9.769821166992188]",0.6411225,6283.000,"[0.0,0.0,0.0,0.0]","[0.0,0.0,0.0,0.0,0.0,0.0,0.0,0.0]","[0.0,0.0,0.0,0.0,0.0,0.0,0.0,0.0]",255,1,1
2026-08-12T11:00:36.617153+00:00,5211.899079,cycle_1_neutral_before_blocked,0.0000000,0.0000000,0.0000000,0.0000000,,,0,1,1,1,0,1,0.000000,11147,557400,1,0,1,1,0,1,0,1769306043,33,20222,5211795,1012,0,2.1312895,-0.0048628,"[0.48349446058273315,-0.02101001888513565,-0.02887202799320221,0.8746188282966614]","[0.0016615012427791953,0.00202178955078125,-0.004862836562097073]","[-0.10065799951553345,-0.709991991519928,9.769821166992188]",0.6411225,6283.000,"[0.0,0.0,0.0,0.0]","[0.0,0.0,0.0,0.0,0.0,0.0,0.0,0.0]","[0.0,0.0,0.0,0.0,0.0,0.0,0.0,0.0]",255,1,1
2026-08-12T11:00:36.669538+00:00,5211.951446,cycle_1_neutral_before_blocked,0.0000000,0.0000000,0.0000000,0.0000000,,,0,1,1,1,0,1,0.000000,11148,557450,1,0,1,1,0,1,0,1769306043,34,59649,5211848,1013,0,2.1312895,-0.0048628,"[0.48349446058273315,-0.02101001888513565,-0.02887202799320221,0.8746188282966614]","[0.0016615012427791953,0.00202178955078125,-0.004862836562097073]","[-0.10065799951553345,-0.709991991519928,9.769821166992188]",0.6451020,6322.000,"[0.0,0.0,0.0,0.0]","[0.0,0.0,0.0,0.0,0.0,0.0,0.0,0.0]","[0.0,0.0,0.0,0.0,0.0,0.0,0.0,0.0]",255,1,1
2026-08-12T11:00:36.720955+00:00,5212.003778,cycle_1_neutral_before_blocked,0.0000000,0.0000000,0.0000000,0.0000000,,,0,1,1,1,0,1,0.000000,11149,557500,1,0,1,1,0,1,0,1769306043,35,37414,5211900,1014,0,2.1312895,-0.0048628,"[0.48349446058273315,-0.02101001888513565,-0.02887202799320221,0.8746188282966614]","[0.0016615012427791953,0.00202178955078125,-0.004862836562097073]","[-0.10065799951553345,-0.709991991519928,9.769821166992188]",0.6451020,6322.000,"[0.0,0.0,0.0,0.0]","[0.0,0.0,0.0,0.0,0.0,0.0,0.0,0.0]","[0.0,0.0,0.0,0.0,0.0,0.0,0.0,0.0]",255,1,1
2026-08-12T11:00:36.772138+00:00,5212.054968,cycle_1_neutral_before_blocked,0.0000000,0.0000000,0.0000000,0.0000000,,,0,1,1,1,0,1,0.000000,11150,557550,1,0,1,1,0,1,0,1769306043,36,63535,5211952,1015,0,2.1312895,-0.0048628,"[0.48349446058273315,-0.02101001888513565,-0.02887202799320221,0.8746188282966614]","[0.0016615012427791953,0.00202178955078125,-0.004862836562097073]","[-0.10065799951553345,-0.709991991519928,9.769821166992188]",0.6451020,6322.000,"[0.0,0.0,0.0,0.0]","[0.0,0.0,0.0,0.0,0.0,0.0,0.0,0.0]","[0.0,0.0,0.0,0.0,0.0,0.0,0.0,0.0]",255,1,1
2026-08-12T11:00:36.823762+00:00,5212.106209,cycle_1_neutral_before_blocked,0.0000000,0.0000000,0.0000000,0.0000000,,,0,1,1,1,0,1,0.000000,11151,557600,1,0,1,1,0,1,0,1769306043,37,16291,5212004,1016,0,2.1312895,-0.0048628,"[0.48349446058273315,-0.02101001888513565,-0.02887202799320221,0.8746188282966614]","[0.0016615012427791953,0.00202178955078125,-0.004862836562097073]","[-0.10065799951553345,-0.709991991519928,9.769821166992188]",0.6407143,6279.000,"[0.0,0.0,0.0,0.0]","[0.0,0.0,0.0,0.0,0.0,0.0,0.0,0.0]","[0.0,0.0,0.0,0.0,0.0,0.0,0.0,0.0]",255,1,1
2026-08-12T11:00:36.875992+00:00,5212.157892,cycle_1_neutral_before_blocked,0.0000000,0.0000000,0.0000000,0.0000000,,,0,1,1,1,0,1,0.000000,11152,557650,1,0,1,1,0,1,0,1769306043,38,63301,5212055,1017,0,2.1312895,-0.0048628,"[0.48349446058273315,-0.02101001888513565,-0.02887202799320221,0.8746188282966614]","[0.0016615012427791953,0.00202178955078125,-0.004862836562097073]","[-0.10065799951553345,-0.709991991519928,9.769821166992188]",0.6407143,6279.000,"[0.0,0.0,0.0,0.0]","[0.0,0.0,0.0,0.0,0.0,0.0,0.0,0.0]","[0.0,0.0,0.0,0.0,0.0,0.0,0.0,0.0]",255,1,1
2026-08-12T11:00:36.927560+00:00,5212.210224,cycle_1_neutral_before_blocked,0.0000000,0.0000000,0.0000000,0.0000000,,,0,1,1,1,0,1,0.000000,11153,557700,1,0,1,1,0,1,0,1769306043,39,55854,5212107,1018,0,2.1312895,-0.0048628,"[0.48349446058273315,-0.02101001888513565,-0.02887202799320221,0.8746188282966614]","[0.0016615012427791953,0.00202178955078125,-0.004862836562097073]","[-0.10065799951553345,-0.709991991519928,9.769821166992188]",0.6421428,6293.000,"[0.0,0.0,0.0,0.0]","[0.0,0.0,0.0,0.0,0.0,0.0,0.0,0.0]","[0.0,0.0,0.0,0.0,0.0,0.0,0.0,0.0]",255,1,1
2026-08-12T11:00:36.979467+00:00,5212.261626,cycle_1_neutral_before_blocked,0.0000000,0.0000000,0.0000000,0.0000000,,,0,1,1,1,0,1,0.000000,11154,557750,1,0,1,1,0,1,0,1769306043,40,258,5212159,1019,0,2.1312895,-0.0048628,"[0.48349446058273315,-0.02101001888513565,-0.02887202799320221,0.8746188282966614]","[0.0016615012427791953,0.00202178955078125,-0.004862836562097073]","[-0.10065799951553345,-0.709991991519928,9.769821166992188]",0.6421428,6293.000,"[0.0,0.0,0.0,0.0]","[0.0,0.0,0.0,0.0,0.0,0.0,0.0,0.0]","[0.0,0.0,0.0,0.0,0.0,0.0,0.0,0.0]",255,1,1
2026-08-12T11:00:37.032777+00:00,5212.313662,cycle_1_neutral_before_blocked,0.0000000,0.0000000,0.0000000,0.0000000,,,0,1,1,1,0,1,0.000000,11156,557850,1,0,1,1,0,1,0,1769306043,42,5393,5212262,1021,0,2.1312895,-0.0048628,"[0.48349446058273315,-0.02101001888513565,-0.02887202799320221,0.8746188282966614]","[0.0016615012427791953,0.00202178955078125,-0.004862836562097073]","[-0.10065799951553345,-0.709991991519928,9.769821166992188]",0.6506122,6376.000,"[0.0,0.0,0.0,0.0]","[0.0,0.0,0.0,0.0,0.0,0.0,0.0,0.0]","[0.0,0.0,0.0,0.0,0.0,0.0,0.0,0.0]",255,1,1
2026-08-12T11:00:37.085116+00:00,5212.367038,cycle_1_neutral_before_blocked,0.0000000,0.0000000,0.0000000,0.0000000,,,0,1,1,1,0,1,0.000000,11157,557900,1,0,1,1,0,1,0,1769306043,43,10457,5212315,1022,0,2.1312895,-0.0048628,"[0.48349446058273315,-0.02101001888513565,-0.02887202799320221,0.8746188282966614]","[0.0016615012427791953,0.00202178955078125,-0.004862836562097073]","[-0.10065799951553345,-0.709991991519928,9.769821166992188]",0.6506122,6376.000,"[0.0,0.0,0.0,0.0]","[0.0,0.0,0.0,0.0,0.0,0.0,0.0,0.0]","[0.0,0.0,0.0,0.0,0.0,0.0,0.0,0.0]",255,1,1
2026-08-12T11:00:37.137454+00:00,5212.419365,cycle_1_neutral_before_blocked,0.0000000,0.0000000,0.0000000,0.0000000,,,0,1,1,1,0,1,0.000000,11158,557950,1,0,1,1,0,1,0,1769306043,44,6892,5212368,1023,0,2.1312895,-0.0048628,"[0.48349446058273315,-0.02101001888513565,-0.02887202799320221,0.8746188282966614]","[0.0016615012427791953,0.00202178955078125,-0.004862836562097073]","[-0.10065799951553345,-0.709991991519928,9.769821166992188]",0.6506122,6376.000,"[0.0,0.0,0.0,0.0]","[0.0,0.0,0.0,0.0,0.0,0.0,0.0,0.0]","[0.0,0.0,0.0,0.0,0.0,0.0,0.0,0.0]",255,1,1
2026-08-12T11:00:37.189707+00:00,5212.471702,cycle_1_neutral_before_blocked,0.0000000,0.0000000,0.0000000,0.0000000,,,0,1,1,1,0,1,0.000000,11159,558000,1,0,1,1,0,1,0,1769306043,45,45002,5212420,1024,0,2.1312895,-0.0048628,"[0.48349446058273315,-0.02101001888513565,-0.02887202799320221,0.8746188282966614]","[0.0016615012427791953,0.00202178955078125,-0.004862836562097073]","[-0.10065799951553345,-0.709991991519928,9.769821166992188]",0.6506122,6376.000,"[0.0,0.0,0.0,0.0]","[0.0,0.0,0.0,0.0,0.0,0.0,0.0,0.0]","[0.0,0.0,0.0,0.0,0.0,0.0,0.0,0.0]",255,1,1
2026-08-12T11:00:37.241419+00:00,5212.523783,cycle_1_neutral_before_blocked,0.0000000,0.0000000,0.0000000,0.0000000,,,0,1,1,1,0,1,0.000000,11160,558050,1,0,1,1,0,1,0,1769306043,46,2901,5212473,1025,0,2.1312895,-0.0048628,"[0.48349446058273315,-0.02101001888513565,-0.02887202799320221,0.8746188282966614]","[0.0016615012427791953,0.00202178955078125,-0.004862836562097073]","[-0.10065799951553345,-0.709991991519928,9.769821166992188]",0.6447959,6319.000,"[0.0,0.0,0.0,0.0]","[0.0,0.0,0.0,0.0,0.0,0.0,0.0,0.0]","[0.0,0.0,0.0,0.0,0.0,0.0,0.0,0.0]",255,1,1
2026-08-12T11:00:37.293778+00:00,5212.575661,cycle_1_neutral_before_blocked,0.0000000,0.0000000,0.0000000,0.0000000,,,0,1,1,1,0,1,0.000000,11161,558100,1,0,1,1,0,1,0,1769306043,47,22916,5212524,1026,0,2.1312895,-0.0048628,"[0.48349446058273315,-0.02101001888513565,-0.02887202799320221,0.8746188282966614]","[0.0016615012427791953,0.00202178955078125,-0.004862836562097073]","[-0.10065799951553345,-0.709991991519928,9.769821166992188]",0.6447959,6319.000,"[0.0,0.0,0.0,0.0]","[0.0,0.0,0.0,0.0,0.0,0.0,0.0,0.0]","[0.0,0.0,0.0,0.0,0.0,0.0,0.0,0.0]",255,1,1
2026-08-12T11:00:37.346075+00:00,5212.628032,cycle_1_neutral_before_blocked,0.0000000,0.0000000,0.0000000,0.0000000,,,0,1,1,1,0,1,0.000000,11162,558150,1,0,1,1,0,1,0,1769306043,48,44882,5212576,1027,0,2.1312895,-0.0048628,"[0.48349446058273315,-0.02101001888513565,-0.02887202799320221,0.8746188282966614]","[0.0016615012427791953,0.00202178955078125,-0.004862836562097073]","[-0.10065799951553345,-0.709991991519928,9.769821166992188]",0.6447959,6319.000,"[0.0,0.0,0.0,0.0]","[0.0,0.0,0.0,0.0,0.0,0.0,0.0,0.0]","[0.0,0.0,0.0,0.0,0.0,0.0,0.0,0.0]",255,1,1
2026-08-12T11:00:37.398450+00:00,5212.680335,cycle_1_neutral_before_blocked,0.0000000,0.0000000,0.0000000,0.0000000,,,0,1,1,1,0,1,0.000000,11163,558200,1,0,1,1,0,1,0,1769306043,49,38426,5212629,1028,0,2.1312895,-0.0048628,"[0.48349446058273315,-0.02101001888513565,-0.02887202799320221,0.8746188282966614]","[0.0016615012427791953,0.00202178955078125,-0.004862836562097073]","[-0.10065799951553345,-0.709991991519928,9.769821166992188]",0.6447959,6319.000,"[0.0,0.0,0.0,0.0]","[0.0,0.0,0.0,0.0,0.0,0.0,0.0,0.0]","[0.0,0.0,0.0,0.0,0.0,0.0,0.0,0.0]",255,1,1
2026-08-12T11:00:37.450846+00:00,5212.732781,cycle_1_neutral_before_blocked,0.0000000,0.0000000,0.0000000,0.0000000,,,0,1,1,1,0,1,0.000000,11164,558250,1,0,1,1,0,1,0,1769306043,50,4160,5212681,1029,0,2.1312895,-0.0048628,"[0.48349446058273315,-0.02101001888513565,-0.02887202799320221,0.8746188282966614]","[0.0016615012427791953,0.00202178955078125,-0.004862836562097073]","[-0.10065799951553345,-0.709991991519928,9.769821166992188]",0.6423469,6295.000,"[0.0,0.0,0.0,0.0]","[0.0,0.0,0.0,0.0,0.0,0.0,0.0,0.0]","[0.0,0.0,0.0,0.0,0.0,0.0,0.0,0.0]",255,1,1
2026-08-12T11:00:37.503178+00:00,5212.785081,cycle_1_neutral_before_blocked,0.0000000,0.0000000,0.0000000,0.0000000,,,0,1,1,1,0,1,0.000000,11165,558300,1,0,1,1,0,1,0,1769306043,51,38019,5212734,1030,0,2.1312895,-0.0048628,"[0.48349446058273315,-0.02101001888513565,-0.02887202799320221,0.8746188282966614]","[0.0016615012427791953,0.00202178955078125,-0.004862836562097073]","[-0.10065799951553345,-0.709991991519928,9.769821166992188]",0.6423469,6295.000,"[0.0,0.0,0.0,0.0]","[0.0,0.0,0.0,0.0,0.0,0.0,0.0,0.0]","[0.0,0.0,0.0,0.0,0.0,0.0,0.0,0.0]",255,1,1
2026-08-12T11:00:37.555504+00:00,5212.837434,cycle_1_neutral_before_blocked,0.0000000,0.0000000,0.0000000,0.0000000,,,0,1,1,1,0,1,0.000000,11166,558350,1,0,1,1,0,1,0,1769306043,52,35872,5212786,1031,0,2.1312895,-0.0048628,"[0.48349446058273315,-0.02101001888513565,-0.02887202799320221,0.8746188282966614]","[0.0016615012427791953,0.00202178955078125,-0.004862836562097073]","[-0.10065799951553345,-0.709991991519928,9.769821166992188]",0.6423469,6295.000,"[0.0,0.0,0.0,0.0]","[0.0,0.0,0.0,0.0,0.0,0.0,0.0,0.0]","[0.0,0.0,0.0,0.0,0.0,0.0,0.0,0.0]",255,1,1
2026-08-12T11:00:37.607232+00:00,5212.889736,cycle_1_neutral_before_blocked,0.0000000,0.0000000,0.0000000,0.0000000,,,0,1,1,1,0,1,0.000000,11167,558400,1,0,1,1,0,1,0,1769306043,53,42443,5212838,1032,0,2.1312895,-0.0048628,"[0.48349446058273315,-0.02101001888513565,-0.02887202799320221,0.8746188282966614]","[0.0016615012427791953,0.00202178955078125,-0.004862836562097073]","[-0.10065799951553345,-0.709991991519928,9.769821166992188]",0.6423469,6295.000,"[0.0,0.0,0.0,0.0]","[0.0,0.0,0.0,0.0,0.0,0.0,0.0,0.0]","[0.0,0.0,0.0,0.0,0.0,0.0,0.0,0.0]",255,1,1
2026-08-12T11:00:37.658891+00:00,5212.941338,cycle_1_neutral_before_blocked,0.0000000,0.0000000,0.0000000,0.0000000,,,0,1,1,1,0,1,0.000000,11168,558450,1,0,1,1,0,1,0,1769306043,54,17211,5212890,1033,0,2.1312895,-0.0048628,"[0.48349446058273315,-0.02101001888513565,-0.02887202799320221,0.8746188282966614]","[0.0016615012427791953,0.00202178955078125,-0.004862836562097073]","[-0.10065799951553345,-0.709991991519928,9.769821166992188]",0.6401020,6273.000,"[0.0,0.0,0.0,0.0]","[0.0,0.0,0.0,0.0,0.0,0.0,0.0,0.0]","[0.0,0.0,0.0,0.0,0.0,0.0,0.0,0.0]",255,1,1
2026-08-12T11:00:37.711100+00:00,5212.992972,cycle_1_neutral_before_blocked,0.0000000,0.0000000,0.0000000,0.0000000,,,0,1,1,1,0,1,0.000000,11169,558500,1,0,1,1,0,1,0,1769306043,54,17211,5212890,1033,0,2.1312895,-0.0048628,"[0.48349446058273315,-0.02101001888513565,-0.02887202799320221,0.8746188282966614]","[0.0016615012427791953,0.00202178955078125,-0.004862836562097073]","[-0.10065799951553345,-0.709991991519928,9.769821166992188]",0.6401020,6273.000,"[0.0,0.0,0.0,0.0]","[0.0,0.0,0.0,0.0,0.0,0.0,0.0,0.0]","[0.0,0.0,0.0,0.0,0.0,0.0,0.0,0.0]",255,1,1
2026-08-12T11:00:37.763439+00:00,5213.045350,cycle_1_neutral_before_blocked,0.0000000,0.0000000,0.0000000,0.0000000,,,0,1,1,1,0,1,0.000000,11170,558550,1,0,1,1,0,1,0,1769306043,55,63005,5212942,1034,0,2.1312895,-0.0048628,"[0.48349446058273315,-0.02101001888513565,-0.02887202799320221,0.8746188282966614]","[0.0016615012427791953,0.00202178955078125,-0.004862836562097073]","[-0.10065799951553345,-0.709991991519928,9.769821166992188]",0.6401020,6273.000,"[0.0,0.0,0.0,0.0]","[0.0,0.0,0.0,0.0,0.0,0.0,0.0,0.0]","[0.0,0.0,0.0,0.0,0.0,0.0,0.0,0.0]",255,1,1
2026-08-12T11:00:37.814874+00:00,5213.097649,cycle_1_neutral_before_blocked,0.0000000,0.0000000,0.0000000,0.0000000,,,0,1,1,1,0,1,0.000000,11171,558600,1,0,1,1,0,1,0,1769306043,56,61104,5212994,1035,0,2.1312895,-0.0048628,"[0.48349446058273315,-0.02101001888513565,-0.02887202799320221,0.8746188282966614]","[0.0016615012427791953,0.00202178955078125,-0.004862836562097073]","[-0.10065799951553345,-0.709991991519928,9.769821166992188]",0.6401020,6273.000,"[0.0,0.0,0.0,0.0]","[0.0,0.0,0.0,0.0,0.0,0.0,0.0,0.0]","[0.0,0.0,0.0,0.0,0.0,0.0,0.0,0.0]",255,1,1
2026-08-12T11:00:37.866755+00:00,5213.148930,cycle_1_neutral_before_blocked,0.0000000,0.0000000,0.0000000,0.0000000,,,0,1,1,1,0,1,0.000000,11172,558650,1,0,1,1,0,1,0,1769306043,57,38295,5213046,1036,0,2.1312895,-0.0048628,"[0.48349446058273315,-0.02101001888513565,-0.02887202799320221,0.8746188282966614]","[0.0016615012427791953,0.00202178955078125,-0.004862836562097073]","[-0.10065799951553345,-0.709991991519928,9.769821166992188]",0.6498979,6369.000,"[0.0,0.0,0.0,0.0]","[0.0,0.0,0.0,0.0,0.0,0.0,0.0,0.0]","[0.0,0.0,0.0,0.0,0.0,0.0,0.0,0.0]",255,1,1
2026-08-12T11:00:37.918239+00:00,5213.200922,cycle_1_neutral_before_blocked,0.0000000,0.0000000,0.0000000,0.0000000,,,0,1,1,1,0,1,0.000000,11173,558700,1,0,1,1,0,1,0,1769306043,58,63129,5213098,1037,0,2.1312895,-0.0048628,"[0.48349446058273315,-0.02101001888513565,-0.02887202799320221,0.8746188282966614]","[0.0016615012427791953,0.00202178955078125,-0.004862836562097073]","[-0.10065799951553345,-0.709991991519928,9.769821166992188]",0.6498979,6369.000,"[0.0,0.0,0.0,0.0]","[0.0,0.0,0.0,0.0,0.0,0.0,0.0,0.0]","[0.0,0.0,0.0,0.0,0.0,0.0,0.0,0.0]",255,1,1
2026-08-12T11:00:37.970422+00:00,5213.252314,cycle_1_neutral_before_blocked,0.0000000,0.0000000,0.0000000,0.0000000,,,0,1,1,1,0,1,0.000000,11174,558750,1,0,1,1,0,1,0,1769306043,59,23180,5213150,1038,0,2.1312895,-0.0048628,"[0.48349446058273315,-0.02101001888513565,-0.02887202799320221,0.8746188282966614]","[0.0016615012427791953,0.00202178955078125,-0.004862836562097073]","[-0.10065799951553345,-0.709991991519928,9.769821166992188]",0.6498979,6369.000,"[0.0,0.0,0.0,0.0]","[0.0,0.0,0.0,0.0,0.0,0.0,0.0,0.0]","[0.0,0.0,0.0,0.0,0.0,0.0,0.0,0.0]",255,1,1
2026-08-12T11:00:38.022423+00:00,5213.304657,cycle_1_neutral_before_blocked,0.0000000,0.0000000,0.0000000,0.0000000,,,0,1,1,1,0,1,0.000000,11175,558800,1,0,1,1,0,1,0,1769306043,60,17866,5213201,1039,0,2.1312895,-0.0048628,"[0.48349446058273315,-0.02101001888513565,-0.02887202799320221,0.8746188282966614]","[0.0016615012427791953,0.00202178955078125,-0.004862836562097073]","[-0.10065799951553345,-0.709991991519928,9.769821166992188]",0.6463265,6334.000,"[0.0,0.0,0.0,0.0]","[0.0,0.0,0.0,0.0,0.0,0.0,0.0,0.0]","[0.0,0.0,0.0,0.0,0.0,0.0,0.0,0.0]",240,1,1
2026-08-12T11:00:38.074707+00:00,5213.356601,cycle_1_neutral_before_blocked,0.0000000,0.0000000,0.0000000,0.0000000,,,0,1,1,1,0,1,0.000000,11176,558850,1,0,1,1,0,1,0,1769306043,61,33350,5213253,1040,0,2.1312895,-0.0048628,"[0.48349446058273315,-0.02101001888513565,-0.02887202799320221,0.8746188282966614]","[0.0016615012427791953,0.00202178955078125,-0.004862836562097073]","[-0.10065799951553345,-0.709991991519928,9.769821166992188]",0.6463265,6334.000,"[0.0,0.0,0.0,0.0]","[0.0,0.0,0.0,0.0,0.0,0.0,0.0,0.0]","[0.0,0.0,0.0,0.0,0.0,0.0,0.0,0.0]",255,1,1
2026-08-12T11:00:38.127010+00:00,5213.408939,cycle_1_neutral_before_blocked,0.0000000,0.0000000,0.0000000,0.0000000,,,0,1,1,1,0,1,0.000000,11177,558900,1,0,1,1,0,1,0,1769306043,62,45956,5213305,1041,0,2.1312895,-0.0048628,"[0.48349446058273315,-0.02101001888513565,-0.02887202799320221,0.8746188282966614]","[0.0016615012427791953,0.00202178955078125,-0.004862836562097073]","[-0.10065799951553345,-0.709991991519928,9.769821166992188]",0.6463265,6334.000,"[0.0,0.0,0.0,0.0]","[0.0,0.0,0.0,0.0,0.0,0.0,0.0,0.0]","[0.0,0.0,0.0,0.0,0.0,0.0,0.0,0.0]",255,1,1
2026-08-12T11:00:38.179193+00:00,5213.461161,cycle_1_neutral_before_blocked,0.0000000,0.0000000,0.0000000,0.0000000,,,0,1,1,1,0,1,0.000000,11178,558950,1,0,1,1,0,1,0,1769306043,63,39535,5213357,1042,0,2.1312895,-0.0048628,"[0.48349446058273315,-0.02101001888513565,-0.02887202799320221,0.8746188282966614]","[0.0016615012427791953,0.00202178955078125,-0.004862836562097073]","[-0.10065799951553345,-0.709991991519928,9.769821166992188]",0.6463265,6334.000,"[0.0,0.0,0.0,0.0]","[0.0,0.0,0.0,0.0,0.0,0.0,0.0,0.0]","[0.0,0.0,0.0,0.0,0.0,0.0,0.0,0.0]",255,1,1
2026-08-12T11:00:38.232540+00:00,5213.513457,cycle_1_neutral_before_blocked,0.0000000,0.0000000,0.0000000,0.0000000,,,0,1,1,1,0,1,0.000000,11180,559050,1,0,1,1,0,1,0,1769306043,65,41933,5213462,1044,0,2.1312895,-0.0048628,"[0.48349446058273315,-0.02101001888513565,-0.02887202799320221,0.8746188282966614]","[0.0016615012427791953,0.00202178955078125,-0.004862836562097073]","[-0.10065799951553345,-0.709991991519928,9.769821166992188]",0.6519388,6389.000,"[0.0,0.0,0.0,0.0]","[0.0,0.0,0.0,0.0,0.0,0.0,0.0,0.0]","[0.0,0.0,0.0,0.0,0.0,0.0,0.0,0.0]",255,1,1
2026-08-12T11:00:38.284848+00:00,5213.566785,cycle_1_neutral_before_blocked,0.0000000,0.0000000,0.0000000,0.0000000,,,0,1,1,1,0,1,0.000000,11181,559100,1,0,1,1,0,1,0,1769306043,66,48121,5213515,1045,0,2.1312895,-0.0048628,"[0.48349446058273315,-0.02101001888513565,-0.02887202799320221,0.8746188282966614]","[0.0016615012427791953,0.00202178955078125,-0.004862836562097073]","[-0.10065799951553345,-0.709991991519928,9.769821166992188]",0.6519388,6389.000,"[0.0,0.0,0.0,0.0]","[0.0,0.0,0.0,0.0,0.0,0.0,0.0,0.0]","[0.0,0.0,0.0,0.0,0.0,0.0,0.0,0.0]",240,1,1
2026-08-12T11:00:38.337162+00:00,5213.619070,cycle_1_neutral_before_blocked,0.0000000,0.0000000,0.0000000,0.0000000,,,0,1,1,1,0,1,0.000000,11182,559150,1,0,1,1,0,1,0,1769306043,67,51118,5213568,1046,0,2.1312895,-0.0048628,"[0.48349446058273315,-0.02101001888513565,-0.02887202799320221,0.8746188282966614]","[0.0016615012427791953,0.00202178955078125,-0.004862836562097073]","[-0.10065799951553345,-0.709991991519928,9.769821166992188]",0.6475510,6346.000,"[0.0,0.0,0.0,0.0]","[0.0,0.0,0.0,0.0,0.0,0.0,0.0,0.0]","[0.0,0.0,0.0,0.0,0.0,0.0,0.0,0.0]",255,1,1
2026-08-12T11:00:38.388570+00:00,5213.671399,cycle_1_neutral_before_blocked,0.0000000,0.0000000,0.0000000,0.0000000,,,0,1,1,1,0,1,0.000000,11183,559200,1,0,1,1,0,1,0,1769306043,68,7308,5213620,1047,0,2.1312895,-0.0048628,"[0.48349446058273315,-0.02101001888513565,-0.02887202799320221,0.8746188282966614]","[0.0016615012427791953,0.00202178955078125,-0.004862836562097073]","[-0.10065799951553345,-0.709991991519928,9.769821166992188]",0.6475510,6346.000,"[0.0,0.0,0.0,0.0]","[0.0,0.0,0.0,0.0,0.0,0.0,0.0,0.0]","[0.0,0.0,0.0,0.0,0.0,0.0,0.0,0.0]",255,1,1
2026-08-12T11:00:38.440294+00:00,5213.722600,cycle_1_neutral_before_blocked,0.0000000,0.0000000,0.0000000,0.0000000,,,0,1,1,1,0,1,0.000000,11184,559250,1,0,1,1,0,1,0,1769306043,69,12775,5213672,1048,0,2.1312895,-0.0048628,"[0.48349446058273315,-0.02101001888513565,-0.02887202799320221,0.8746188282966614]","[0.0016615012427791953,0.00202178955078125,-0.004862836562097073]","[-0.10065799951553345,-0.709991991519928,9.769821166992188]",0.6475510,6346.000,"[0.0,0.0,0.0,0.0]","[0.0,0.0,0.0,0.0,0.0,0.0,0.0,0.0]","[0.0,0.0,0.0,0.0,0.0,0.0,0.0,0.0]",255,1,1
2026-08-12T11:00:38.492435+00:00,5213.774396,cycle_1_neutral_before_blocked,0.0000000,0.0000000,0.0000000,0.0000000,,,0,1,1,1,0,1,0.000000,11185,559300,1,0,1,1,0,1,0,1769306043,70,7253,5213723,1049,0,2.1312895,-0.0048628,"[0.48349446058273315,-0.02101001888513565,-0.02887202799320221,0.8746188282966614]","[0.0016615012427791953,0.00202178955078125,-0.004862836562097073]","[-0.10065799951553345,-0.709991991519928,9.769821166992188]",0.6475510,6346.000,"[0.0,0.0,0.0,0.0]","[0.0,0.0,0.0,0.0,0.0,0.0,0.0,0.0]","[0.0,0.0,0.0,0.0,0.0,0.0,0.0,0.0]",240,1,1
2026-08-12T11:00:38.544563+00:00,5213.826666,cycle_1_neutral_before_blocked,0.0000000,0.0000000,0.0000000,0.0000000,,,0,1,1,1,0,1,0.000000,11186,559350,1,0,1,1,0,1,0,1769306043,71,56281,5213775,1050,0,2.1312895,-0.0048628,"[0.48349446058273315,-0.02101001888513565,-0.02887202799320221,0.8746188282966614]","[0.0016615012427791953,0.00202178955078125,-0.004862836562097073]","[-0.10065799951553345,-0.709991991519928,9.769821166992188]",0.6403061,6275.000,"[0.0,0.0,0.0,0.0]","[0.0,0.0,0.0,0.0,0.0,0.0,0.0,0.0]","[0.0,0.0,0.0,0.0,0.0,0.0,0.0,0.0]",255,1,1
2026-08-12T11:00:38.596766+00:00,5213.878691,cycle_1_neutral_before_blocked,0.0000000,0.0000000,0.0000000,0.0000000,,,0,1,1,1,0,1,0.000000,11187,559400,1,0,1,1,0,1,0,1769306043,72,11539,5213827,1051,0,2.1312895,-0.0048628,"[0.48349446058273315,-0.02101001888513565,-0.02887202799320221,0.8746188282966614]","[0.0016615012427791953,0.00202178955078125,-0.004862836562097073]","[-0.10065799951553345,-0.709991991519928,9.769821166992188]",0.6403061,6275.000,"[0.0,0.0,0.0,0.0]","[0.0,0.0,0.0,0.0,0.0,0.0,0.0,0.0]","[0.0,0.0,0.0,0.0,0.0,0.0,0.0,0.0]",240,1,1
2026-08-12T11:00:38.649085+00:00,5213.931047,cycle_1_neutral_before_blocked,0.0000000,0.0000000,0.0000000,0.0000000,,,0,1,1,1,0,1,0.000000,11188,559450,1,0,1,1,0,1,0,1769306043,73,22068,5213879,1052,0,2.1312895,-0.0048628,"[0.48349446058273315,-0.02101001888513565,-0.02887202799320221,0.8746188282966614]","[0.0016615012427791953,0.00202178955078125,-0.004862836562097073]","[-0.10065799951553345,-0.709991991519928,9.769821166992188]",0.6403061,6275.000,"[0.0,0.0,0.0,0.0]","[0.0,0.0,0.0,0.0,0.0,0.0,0.0,0.0]","[0.0,0.0,0.0,0.0,0.0,0.0,0.0,0.0]",255,1,1
2026-08-12T11:00:38.701391+00:00,5213.983328,cycle_1_neutral_before_blocked,0.0000000,0.0000000,0.0000000,0.0000000,,,0,1,1,1,0,1,0.000000,11189,559500,1,0,1,1,0,1,0,1769306043,74,61899,5213932,1053,0,2.1312895,-0.0048628,"[0.48349446058273315,-0.02101001888513565,-0.02887202799320221,0.8746188282966614]","[0.0016615012427791953,0.00202178955078125,-0.004862836562097073]","[-0.10065799951553345,-0.709991991519928,9.769821166992188]",0.6397959,6270.000,"[0.0,0.0,0.0,0.0]","[0.0,0.0,0.0,0.0,0.0,0.0,0.0,0.0]","[0.0,0.0,0.0,0.0,0.0,0.0,0.0,0.0]",255,1,1
2026-08-12T11:00:38.753667+00:00,5214.035565,cycle_1_neutral_before_blocked,0.0000000,0.0000000,0.0000000,0.0000000,,,0,1,1,1,0,1,0.000000,11190,559550,1,0,1,1,0,1,0,1769306043,75,15303,5213984,1054,0,2.1312895,-0.0048628,"[0.48349446058273315,-0.02101001888513565,-0.02887202799320221,0.8746188282966614]","[0.0016615012427791953,0.00202178955078125,-0.004862836562097073]","[-0.10065799951553345,-0.709991991519928,9.769821166992188]",0.6397959,6270.000,"[0.0,0.0,0.0,0.0]","[0.0,0.0,0.0,0.0,0.0,0.0,0.0,0.0]","[0.0,0.0,0.0,0.0,0.0,0.0,0.0,0.0]",255,1,1
2026-08-12T11:00:38.805959+00:00,5214.087928,cycle_1_neutral_before_blocked,0.0000000,0.0000000,0.0000000,0.0000000,,,0,1,1,1,0,1,0.000000,11191,559600,1,0,1,1,0,1,0,1769306043,76,14295,5214036,1055,0,2.1312895,-0.0048628,"[0.48349446058273315,-0.02101001888513565,-0.02887202799320221,0.8746188282966614]","[0.0016615012427791953,0.00202178955078125,-0.004862836562097073]","[-0.10065799951553345,-0.709991991519928,9.769821166992188]",0.6397959,6270.000,"[0.0,0.0,0.0,0.0]","[0.0,0.0,0.0,0.0,0.0,0.0,0.0,0.0]","[0.0,0.0,0.0,0.0,0.0,0.0,0.0,0.0]",240,1,1
2026-08-12T11:00:38.858272+00:00,5214.140190,cycle_1_neutral_before_blocked,0.0000000,0.0000000,0.0000000,0.0000000,,,0,1,1,1,0,1,0.000000,11192,559650,1,0,1,1,0,1,0,1769306043,77,24966,5214089,1056,0,2.1312895,-0.0048628,"[0.48349446058273315,-0.02101001888513565,-0.02887202799320221,0.8746188282966614]","[0.0016615012427791953,0.00202178955078125,-0.004862836562097073]","[-0.10065799951553345,-0.709991991519928,9.769821166992188]",0.6397959,6270.000,"[0.0,0.0,0.0,0.0]","[0.0,0.0,0.0,0.0,0.0,0.0,0.0,0.0]","[0.0,0.0,0.0,0.0,0.0,0.0,0.0,0.0]",255,1,1
2026-08-12T11:00:38.910662+00:00,5214.192533,cycle_1_neutral_before_blocked,0.0000000,0.0000000,0.0000000,0.0000000,,,0,1,1,1,0,1,0.000000,11193,559700,1,0,1,1,0,1,0,1769306043,77,24966,5214089,1056,0,2.1312895,-0.0048628,"[0.48349446058273315,-0.02101001888513565,-0.02887202799320221,0.8746188282966614]","[0.0016615012427791953,0.00202178955078125,-0.004862836562097073]","[-0.10065799951553345,-0.709991991519928,9.769821166992188]",0.6339796,6213.000,"[0.0,0.0,0.0,0.0]","[0.0,0.0,0.0,0.0,0.0,0.0,0.0,0.0]","[0.0,0.0,0.0,0.0,0.0,0.0,0.0,0.0]",240,1,1
2026-08-12T11:00:38.963005+00:00,5214.244901,cycle_1_neutral_before_blocked,0.0000000,0.0000000,0.0000000,0.0000000,,,0,1,1,1,0,1,0.000000,11194,559750,1,0,1,1,0,1,0,1769306043,78,47779,5214141,1057,0,2.1312895,-0.0048628,"[0.48349446058273315,-0.02101001888513565,-0.02887202799320221,0.8746188282966614]","[0.0016615012427791953,0.00202178955078125,-0.004862836562097073]","[-0.10065799951553345,-0.709991991519928,9.769821166992188]",0.6339796,6213.000,"[0.0,0.0,0.0,0.0]","[0.0,0.0,0.0,0.0,0.0,0.0,0.0,0.0]","[0.0,0.0,0.0,0.0,0.0,0.0,0.0,0.0]",255,1,1
2026-08-12T11:00:39.014878+00:00,5214.297261,cycle_1_neutral_before_blocked,0.0000000,0.0000000,0.0000000,0.0000000,,,0,1,1,1,0,1,0.000000,11195,559800,1,0,1,1,0,1,0,1769306043,79,517,5214193,1058,0,2.1312895,-0.0048628,"[0.48349446058273315,-0.02101001888513565,-0.02887202799320221,0.8746188282966614]","[0.0016615012427791953,0.00202178955078125,-0.004862836562097073]","[-0.10065799951553345,-0.709991991519928,9.769821166992188]",0.6339796,6213.000,"[0.0,0.0,0.0,0.0]","[0.0,0.0,0.0,0.0,0.0,0.0,0.0,0.0]","[0.0,0.0,0.0,0.0,0.0,0.0,0.0,0.0]",255,1,1
2026-08-12T11:00:39.066946+00:00,5214.349043,cycle_1_neutral_before_blocked,0.0000000,0.0000000,0.0000000,0.0000000,,,0,1,1,1,0,1,0.000000,11196,559850,1,0,1,1,0,1,0,1769306043,80,51409,5214246,1059,0,2.1312895,-0.0048628,"[0.48349446058273315,-0.02101001888513565,-0.02887202799320221,0.8746188282966614]","[0.0016615012427791953,0.00202178955078125,-0.004862836562097073]","[-0.10065799951553345,-0.709991991519928,9.769821166992188]",0.6398979,6271.000,"[0.0,0.0,0.0,0.0]","[0.0,0.0,0.0,0.0,0.0,0.0,0.0,0.0]","[0.0,0.0,0.0,0.0,0.0,0.0,0.0,0.0]",255,1,1
2026-08-12T11:00:39.119205+00:00,5214.401216,cycle_1_neutral_before_blocked,0.0000000,0.0000000,0.0000000,0.0000000,,,0,1,1,1,0,1,0.000000,11197,559900,1,0,1,1,0,1,0,1769306043,81,36387,5214298,1060,0,2.1312895,-0.0048628,"[0.48349446058273315,-0.02101001888513565,-0.02887202799320221,0.8746188282966614]","[0.0016615012427791953,0.00202178955078125,-0.004862836562097073]","[-0.10065799951553345,-0.709991991519928,9.769821166992188]",0.6398979,6271.000,"[0.0,0.0,0.0,0.0]","[0.0,0.0,0.0,0.0,0.0,0.0,0.0,0.0]","[0.0,0.0,0.0,0.0,0.0,0.0,0.0,0.0]",240,1,1
2026-08-12T11:00:39.171485+00:00,5214.453443,cycle_1_neutral_before_blocked,0.0000000,0.0000000,0.0000000,0.0000000,,,0,1,1,1,0,1,0.000000,11198,559950,1,0,1,1,0,1,0,1769306043,82,1994,5214350,1061,0,2.1312895,-0.0048628,"[0.48349446058273315,-0.02101001888513565,-0.02887202799320221,0.8746188282966614]","[0.0016615012427791953,0.00202178955078125,-0.004862836562097073]","[-0.10065799951553345,-0.709991991519928,9.769821166992188]",0.6398979,6271.000,"[0.0,0.0,0.0,0.0]","[0.0,0.0,0.0,0.0,0.0,0.0,0.0,0.0]","[0.0,0.0,0.0,0.0,0.0,0.0,0.0,0.0]",255,1,1
2026-08-12T11:00:39.223734+00:00,5214.505701,cycle_1_neutral_before_blocked,0.0000000,0.0000000,0.0000000,0.0000000,,,0,1,1,1,0,1,0.000000,11199,560000,1,0,1,1,0,1,0,1769306043,83,49004,5214402,1062,0,2.1312895,-0.0048628,"[0.48349446058273315,-0.02101001888513565,-0.02887202799320221,0.8746188282966614]","[0.0016615012427791953,0.00202178955078125,-0.004862836562097073]","[-0.10065799951553345,-0.709991991519928,9.769821166992188]",0.6329592,6203.000,"[0.0,0.0,0.0,0.0]","[0.0,0.0,0.0,0.0,0.0,0.0,0.0,0.0]","[0.0,0.0,0.0,0.0,0.0,0.0,0.0,0.0]",255,1,1
2026-08-12T11:00:39.276055+00:00,5214.557964,cycle_1_neutral_before_blocked,0.0000000,0.0000000,0.0000000,0.0000000,,,0,1,1,1,0,1,0.000000,11200,560050,1,0,1,1,0,1,0,1769306043,84,25678,5214454,1063,0,2.1312895,-0.0048628,"[0.48349446058273315,-0.02101001888513565,-0.02887202799320221,0.8746188282966614]","[0.0016615012427791953,0.00202178955078125,-0.004862836562097073]","[-0.10065799951553345,-0.709991991519928,9.769821166992188]",0.6329592,6203.000,"[0.0,0.0,0.0,0.0]","[0.0,0.0,0.0,0.0,0.0,0.0,0.0,0.0]","[0.0,0.0,0.0,0.0,0.0,0.0,0.0,0.0]",255,1,1
2026-08-12T11:00:39.328347+00:00,5214.610302,cycle_1_neutral_before_blocked,0.0000000,0.0000000,0.0000000,0.0000000,,,0,1,1,1,0,1,0.000000,11201,560100,1,0,1,1,0,1,0,1769306043,85,15247,5214506,1064,0,2.1312895,-0.0048628,"[0.48349446058273315,-0.02101001888513565,-0.02887202799320221,0.8746188282966614]","[0.0016615012427791953,0.00202178955078125,-0.004862836562097073]","[-0.10065799951553345,-0.709991991519928,9.769821166992188]",0.6329592,6203.000,"[0.0,0.0,0.0,0.0]","[0.0,0.0,0.0,0.0,0.0,0.0,0.0,0.0]","[0.0,0.0,0.0,0.0,0.0,0.0,0.0,0.0]",255,1,1
2026-08-12T11:00:39.381248+00:00,5214.662587,cycle_1_neutral_before_blocked,0.0000000,0.0000000,0.0000000,0.0000000,,,0,1,1,1,0,1,0.000000,11203,560200,1,0,1,1,0,1,0,1769306043,87,62468,5214611,1066,0,2.1312895,-0.0048628,"[0.48349446058273315,-0.02101001888513565,-0.02887202799320221,0.8746188282966614]","[0.0016615012427791953,0.00202178955078125,-0.004862836562097073]","[-0.10065799951553345,-0.709991991519928,9.769821166992188]",0.6388776,6261.000,"[0.0,0.0,0.0,0.0]","[0.0,0.0,0.0,0.0,0.0,0.0,0.0,0.0]","[0.0,0.0,0.0,0.0,0.0,0.0,0.0,0.0]",240,1,1
2026-08-12T11:00:39.433368+00:00,5214.715320,cycle_1_neutral_before_blocked,0.0000000,0.0000000,0.0000000,0.0000000,,,0,1,1,1,0,1,0.000000,11204,560250,1,0,1,1,0,1,0,1769306043,88,21490,5214664,1067,0,2.1312895,-0.0048628,"[0.48349446058273315,-0.02101001888513565,-0.02887202799320221,0.8746188282966614]","[0.0016615012427791953,0.00202178955078125,-0.004862836562097073]","[-0.10065799951553345,-0.709991991519928,9.769821166992188]",0.6388776,6261.000,"[0.0,0.0,0.0,0.0]","[0.0,0.0,0.0,0.0,0.0,0.0,0.0,0.0]","[0.0,0.0,0.0,0.0,0.0,0.0,0.0,0.0]",240,1,1
2026-08-12T11:00:39.485629+00:00,5214.767595,cycle_1_neutral_before_blocked,0.0000000,0.0000000,0.0000000,0.0000000,,,0,1,1,1,0,1,0.000000,11205,560300,1,0,1,1,0,1,0,1769306043,89,10453,5214716,1068,0,2.1312895,-0.0048628,"[0.48349446058273315,-0.02101001888513565,-0.02887202799320221,0.8746188282966614]","[0.0016615012427791953,0.00202178955078125,-0.004862836562097073]","[-0.10065799951553345,-0.709991991519928,9.769821166992188]",0.6388776,6261.000,"[0.0,0.0,0.0,0.0]","[0.0,0.0,0.0,0.0,0.0,0.0,0.0,0.0]","[0.0,0.0,0.0,0.0,0.0,0.0,0.0,0.0]",255,1,1
2026-08-12T11:00:39.537014+00:00,5214.819827,cycle_1_neutral_before_blocked,0.0000000,0.0000000,0.0000000,0.0000000,,,0,1,1,1,0,1,0.000000,11206,560350,1,0,1,1,0,1,0,1769306043,90,15170,5214768,1069,0,2.1312895,-0.0048628,"[0.48349446058273315,-0.02101001888513565,-0.02887202799320221,0.8746188282966614]","[0.0016615012427791953,0.00202178955078125,-0.004862836562097073]","[-0.10065799951553345,-0.709991991519928,9.769821166992188]",0.6359183,6232.000,"[0.0,0.0,0.0,0.0]","[0.0,0.0,0.0,0.0,0.0,0.0,0.0,0.0]","[0.0,0.0,0.0,0.0,0.0,0.0,0.0,0.0]",240,1,1
2026-08-12T11:00:39.589213+00:00,5214.871050,cycle_1_neutral_before_blocked,0.0000000,0.0000000,0.0000000,0.0000000,,,0,1,1,1,0,1,0.000000,11207,560400,1,0,1,1,0,1,0,1769306043,91,64718,5214820,1070,0,2.1312895,-0.0048628,"[0.48349446058273315,-0.02101001888513565,-0.02887202799320221,0.8746188282966614]","[0.0016615012427791953,0.00202178955078125,-0.004862836562097073]","[-0.10065799951553345,-0.709991991519928,9.769821166992188]",0.6359183,6232.000,"[0.0,0.0,0.0,0.0]","[0.0,0.0,0.0,0.0,0.0,0.0,0.0,0.0]","[0.0,0.0,0.0,0.0,0.0,0.0,0.0,0.0]",240,1,1
2026-08-12T11:00:39.641585+00:00,5214.923476,cycle_1_neutral_before_blocked,0.0000000,0.0000000,0.0000000,0.0000000,,,0,1,1,1,0,1,0.000000,11208,560450,1,0,1,1,0,1,0,1769306043,92,62558,5214872,1071,0,2.1312895,-0.0048628,"[0.48349446058273315,-0.02101001888513565,-0.02887202799320221,0.8746188282966614]","[0.0016615012427791953,0.00202178955078125,-0.004862836562097073]","[-0.10065799951553345,-0.709991991519928,9.769821166992188]",0.6374490,6247.000,"[0.0,0.0,0.0,0.0]","[0.0,0.0,0.0,0.0,0.0,0.0,0.0,0.0]","[0.0,0.0,0.0,0.0,0.0,0.0,0.0,0.0]",255,1,1
2026-08-12T11:00:39.693866+00:00,5214.975817,cycle_1_neutral_before_blocked,0.0000000,0.0000000,0.0000000,0.0000000,,,0,1,1,1,0,1,0.000000,11209,560500,1,0,1,1,0,1,0,1769306043,93,13266,5214924,1072,0,2.1312895,-0.0048628,"[0.48349446058273315,-0.02101001888513565,-0.02887202799320221,0.8746188282966614]","[0.0016615012427791953,0.00202178955078125,-0.004862836562097073]","[-0.10065799951553345,-0.709991991519928,9.769821166992188]",0.6374490,6247.000,"[0.0,0.0,0.0,0.0]","[0.0,0.0,0.0,0.0,0.0,0.0,0.0,0.0]","[0.0,0.0,0.0,0.0,0.0,0.0,0.0,0.0]",240,1,1
2026-08-12T11:00:39.746119+00:00,5215.028113,cycle_1_neutral_before_blocked,0.0000000,0.0000000,0.0000000,0.0000000,,,0,1,1,1,0,1,0.000000,11210,560550,1,0,1,1,0,1,0,1769306043,94,52353,5214977,1073,0,2.1312895,-0.0048628,"[0.48349446058273315,-0.02101001888513565,-0.02887202799320221,0.8746188282966614]","[0.0016615012427791953,0.00202178955078125,-0.004862836562097073]","[-0.10065799951553345,-0.709991991519928,9.769821166992188]",0.6374490,6247.000,"[0.0,0.0,0.0,0.0]","[0.0,0.0,0.0,0.0,0.0,0.0,0.0,0.0]","[0.0,0.0,0.0,0.0,0.0,0.0,0.0,0.0]",240,1,1
2026-08-12T11:00:39.798397+00:00,5215.080355,cycle_1_neutral_before_blocked,0.0000000,0.0000000,0.0000000,0.0000000,,,0,1,1,1,0,1,0.000000,11211,560600,1,0,1,1,0,1,0,1769306043,95,47014,5215029,1074,0,2.1312895,-0.0048628,"[0.48349446058273315,-0.02101001888513565,-0.02887202799320221,0.8746188282966614]","[0.0016615012427791953,0.00202178955078125,-0.004862836562097073]","[-0.10065799951553345,-0.709991991519928,9.769821166992188]",0.6351020,6224.000,"[0.0,0.0,0.0,0.0]","[0.0,0.0,0.0,0.0,0.0,0.0,0.0,0.0]","[0.0,0.0,0.0,0.0,0.0,0.0,0.0,0.0]",255,1,1
2026-08-12T11:00:39.850645+00:00,5215.132626,cycle_1_neutral_before_blocked,0.0000000,0.0000000,0.0000000,0.0000000,,,0,1,1,1,0,1,0.000000,11212,560650,1,0,1,1,0,1,0,1769306043,96,15074,5215081,1075,0,2.1312895,-0.0048628,"[0.48349446058273315,-0.02101001888513565,-0.02887202799320221,0.8746188282966614]","[0.0016615012427791953,0.00202178955078125,-0.004862836562097073]","[-0.10065799951553345,-0.709991991519928,9.769821166992188]",0.6351020,6224.000,"[0.0,0.0,0.0,0.0]","[0.0,0.0,0.0,0.0,0.0,0.0,0.0,0.0]","[0.0,0.0,0.0,0.0,0.0,0.0,0.0,0.0]",240,1,1
2026-08-12T11:00:39.901661+00:00,5215.184733,cycle_1_neutral_before_blocked,0.0000000,0.0000000,0.0000000,0.0000000,,,0,1,1,1,0,1,0.000000,11213,560700,1,0,1,1,0,1,0,1769306043,97,30864,5215133,1076,0,2.1312895,-0.0048628,"[0.48349446058273315,-0.02101001888513565,-0.02887202799320221,0.8746188282966614]","[0.0016615012427791953,0.00202178955078125,-0.004862836562097073]","[-0.10065799951553345,-0.709991991519928,9.769821166992188]",0.6394898,6267.000,"[0.0,0.0,0.0,0.0]","[0.0,0.0,0.0,0.0,0.0,0.0,0.0,0.0]","[0.0,0.0,0.0,0.0,0.0,0.0,0.0,0.0]",240,1,1
2026-08-12T11:00:39.952708+00:00,5215.235618,cycle_1_neutral_before_blocked,0.0000000,0.0000000,0.0000000,0.0000000,,,0,1,1,1,0,1,0.000000,11214,560750,1,0,1,1,0,1,0,1769306043,98,24628,5215185,1077,0,2.1312895,-0.0048628,"[0.48349446058273315,-0.02101001888513565,-0.02887202799320221,0.8746188282966614]","[0.0016615012427791953,0.00202178955078125,-0.004862836562097073]","[-0.10065799951553345,-0.709991991519928,9.769821166992188]",0.6394898,6267.000,"[0.0,0.0,0.0,0.0]","[0.0,0.0,0.0,0.0,0.0,0.0,0.0,0.0]","[0.0,0.0,0.0,0.0,0.0,0.0,0.0,0.0]",255,1,1
2026-08-12T11:00:40.004649+00:00,5215.286710,cycle_1_neutral_before_blocked,0.0000000,0.0000000,0.0000000,0.0000000,,,0,1,1,1,0,1,0.000000,11215,560800,1,0,1,1,0,1,0,1769306043,99,51940,5215236,1078,0,2.1312895,-0.0048628,"[0.48349446058273315,-0.02101001888513565,-0.02887202799320221,0.8746188282966614]","[0.0016615012427791953,0.00202178955078125,-0.004862836562097073]","[-0.10065799951553345,-0.709991991519928,9.769821166992188]",0.6394898,6267.000,"[0.0,0.0,0.0,0.0]","[0.0,0.0,0.0,0.0,0.0,0.0,0.0,0.0]","[0.0,0.0,0.0,0.0,0.0,0.0,0.0,0.0]",255,1,1
2026-08-12T11:00:40.056341+00:00,5215.338835,cycle_1_neutral_before_blocked,0.0000000,0.0000000,0.0000000,0.0000000,,,0,1,1,1,0,1,0.000000,11216,560850,1,0,1,1,0,1,0,1769306043,100,15184,5215287,1079,0,2.1312895,-0.0048628,"[0.48349446058273315,-0.02101001888513565,-0.02887202799320221,0.8746188282966614]","[0.0016615012427791953,0.00202178955078125,-0.004862836562097073]","[-0.10065799951553345,-0.709991991519928,9.769821166992188]",0.6461225,6332.000,"[0.0,0.0,0.0,0.0]","[0.0,0.0,0.0,0.0,0.0,0.0,0.0,0.0]","[0.0,0.0,0.0,0.0,0.0,0.0,0.0,0.0]",240,1,1
2026-08-12T11:00:40.108501+00:00,5215.390442,cycle_1_neutral_before_blocked,0.0000000,0.0000000,0.0000000,0.0000000,,,0,1,1,1,0,1,0.000000,11217,560900,1,0,1,1,0,1,0,1769306043,101,5691,5215339,1080,0,2.1312895,-0.0048628,"[0.48349446058273315,-0.02101001888513565,-0.02887202799320221,0.8746188282966614]","[0.0016615012427791953,0.00202178955078125,-0.004862836562097073]","[-0.10065799951553345,-0.709991991519928,9.769821166992188]",0.6461225,6332.000,"[0.0,0.0,0.0,0.0]","[0.0,0.0,0.0,0.0,0.0,0.0,0.0,0.0]","[0.0,0.0,0.0,0.0,0.0,0.0,0.0,0.0]",255,1,1
2026-08-12T11:00:40.160765+00:00,5215.442746,cycle_1_neutral_before_blocked,0.0000000,0.0000000,0.0000000,0.0000000,,,0,1,1,1,0,1,0.000000,11218,560950,1,0,1,1,0,1,0,1769306043,101,5691,5215339,1080,0,2.1312895,-0.0048628,"[0.48349446058273315,-0.02101001888513565,-0.02887202799320221,0.8746188282966614]","[0.0016615012427791953,0.00202178955078125,-0.004862836562097073]","[-0.10065799951553345,-0.709991991519928,9.769821166992188]",0.6461225,6332.000,"[0.0,0.0,0.0,0.0]","[0.0,0.0,0.0,0.0,0.0,0.0,0.0,0.0]","[0.0,0.0,0.0,0.0,0.0,0.0,0.0,0.0]",240,1,1
2026-08-12T11:00:40.212211+00:00,5215.494987,cycle_1_neutral_before_blocked,0.0000000,0.0000000,0.0000000,0.0000000,,,0,1,1,1,0,1,0.000000,11219,561000,1,0,1,1,0,1,0,1769306043,102,62539,5215391,1081,0,2.1312895,-0.0048628,"[0.48349446058273315,-0.02101001888513565,-0.02887202799320221,0.8746188282966614]","[0.0016615012427791953,0.00202178955078125,-0.004862836562097073]","[-0.10065799951553345,-0.709991991519928,9.769821166992188]",0.6379592,6252.000,"[0.0,0.0,0.0,0.0]","[0.0,0.0,0.0,0.0,0.0,0.0,0.0,0.0]","[0.0,0.0,0.0,0.0,0.0,0.0,0.0,0.0]",240,1,1
2026-08-12T11:00:40.264347+00:00,5215.546261,cycle_1_neutral_before_blocked,0.0000000,0.0000000,0.0000000,0.0000000,,,0,1,1,1,0,1,0.000000,11220,561050,1,0,1,1,0,1,0,1769306043,103,19693,5215443,1082,0,2.1312895,-0.0048628,"[0.48349446058273315,-0.02101001888513565,-0.02887202799320221,0.8746188282966614]","[0.0016615012427791953,0.00202178955078125,-0.004862836562097073]","[-0.10065799951553345,-0.709991991519928,9.769821166992188]",0.6379592,6252.000,"[0.0,0.0,0.0,0.0]","[0.0,0.0,0.0,0.0,0.0,0.0,0.0,0.0]","[0.0,0.0,0.0,0.0,0.0,0.0,0.0,0.0]",255,1,1
2026-08-12T11:00:40.316623+00:00,5215.598582,cycle_1_neutral_before_blocked,0.0000000,0.0000000,0.0000000,0.0000000,,,0,1,1,1,0,1,0.000000,11221,561100,1,0,1,1,0,1,0,1769306043,104,22976,5215495,1083,0,2.1312895,-0.0048628,"[0.48349446058273315,-0.02101001888513565,-0.02887202799320221,0.8746188282966614]","[0.0016615012427791953,0.00202178955078125,-0.004862836562097073]","[-0.10065799951553345,-0.709991991519928,9.769821166992188]",0.6348979,6222.000,"[0.0,0.0,0.0,0.0]","[0.0,0.0,0.0,0.0,0.0,0.0,0.0,0.0]","[0.0,0.0,0.0,0.0,0.0,0.0,0.0,0.0]",240,1,1
2026-08-12T11:00:40.368862+00:00,5215.650842,cycle_1_neutral_before_blocked,0.0000000,0.0000000,0.0000000,0.0000000,,,0,1,1,1,0,1,0.000000,11222,561150,1,0,1,1,0,1,0,1769306043,105,51200,5215547,1084,0,2.1312895,-0.0048628,"[0.48349446058273315,-0.02101001888513565,-0.02887202799320221,0.8746188282966614]","[0.0016615012427791953,0.00202178955078125,-0.004862836562097073]","[-0.10065799951553345,-0.709991991519928,9.769821166992188]",0.6348979,6222.000,"[0.0,0.0,0.0,0.0]","[0.0,0.0,0.0,0.0,0.0,0.0,0.0,0.0]","[0.0,0.0,0.0,0.0,0.0,0.0,0.0,0.0]",240,1,1
2026-08-12T11:00:40.421127+00:00,5215.703097,cycle_1_neutral_before_blocked,0.0000000,0.0000000,0.0000000,0.0000000,,,0,1,1,1,0,1,0.000000,11223,561200,1,0,1,1,0,1,0,1769306043,106,44942,5215599,1085,0,2.1312895,-0.0048628,"[0.48349446058273315,-0.02101001888513565,-0.02887202799320221,0.8746188282966614]","[0.0016615012427791953,0.00202178955078125,-0.004862836562097073]","[-0.10065799951553345,-0.709991991519928,9.769821166992188]",0.6268367,6143.000,"[0.0,0.0,0.0,0.0]","[0.0,0.0,0.0,0.0,0.0,0.0,0.0,0.0]","[0.0,0.0,0.0,0.0,0.0,0.0,0.0,0.0]",255,1,1
2026-08-12T11:00:40.472655+00:00,5215.755353,cycle_1_neutral_before_blocked,0.0000000,0.0000000,0.0000000,0.0000000,,,0,1,1,1,0,1,0.000000,11224,561250,1,0,1,1,0,1,0,1769306043,107,54233,5215652,1086,0,2.1312895,-0.0048628,"[0.48349446058273315,-0.02101001888513565,-0.02887202799320221,0.8746188282966614]","[0.0016615012427791953,0.00202178955078125,-0.004862836562097073]","[-0.10065799951553345,-0.709991991519928,9.769821166992188]",0.6268367,6143.000,"[0.0,0.0,0.0,0.0]","[0.0,0.0,0.0,0.0,0.0,0.0,0.0,0.0]","[0.0,0.0,0.0,0.0,0.0,0.0,0.0,0.0]",240,1,1
2026-08-12T11:00:40.524772+00:00,5215.806746,cycle_1_neutral_before_blocked,0.0000000,0.0000000,0.0000000,0.0000000,,,0,1,1,1,0,1,0.000000,11225,561300,1,0,1,1,0,1,0,1769306043,108,13614,5215704,1087,0,2.1312895,-0.0048628,"[0.48349446058273315,-0.02101001888513565,-0.02887202799320221,0.8746188282966614]","[0.0016615012427791953,0.00202178955078125,-0.004862836562097073]","[-0.10065799951553345,-0.709991991519928,9.769821166992188]",0.6268367,6143.000,"[0.0,0.0,0.0,0.0]","[0.0,0.0,0.0,0.0,0.0,0.0,0.0,0.0]","[0.0,0.0,0.0,0.0,0.0,0.0,0.0,0.0]",240,1,1
2026-08-12T11:00:40.576145+00:00,5215.858967,cycle_1_neutral_before_blocked,0.0000000,0.0000000,0.0000000,0.0000000,,,0,1,1,1,0,1,0.000000,11226,561350,1,0,1,1,0,1,0,1769306043,109,63889,5215756,1088,0,2.1312895,-0.0048628,"[0.48349446058273315,-0.02101001888513565,-0.02887202799320221,0.8746188282966614]","[0.0016615012427791953,0.00202178955078125,-0.004862836562097073]","[-0.10065799951553345,-0.709991991519928,9.769821166992188]",0.6300000,6174.000,"[0.0,0.0,0.0,0.0]","[0.0,0.0,0.0,0.0,0.0,0.0,0.0,0.0]","[0.0,0.0,0.0,0.0,0.0,0.0,0.0,0.0]",255,1,1
2026-08-12T11:00:40.627107+00:00,5215.910122,cycle_1_neutral_before_blocked,0.0000000,0.0000000,0.0000000,0.0000000,,,0,1,1,1,0,1,0.000000,11227,561400,1,0,1,1,0,1,0,1769306043,110,2082,5215807,1089,0,2.1312895,-0.0048628,"[0.48349446058273315,-0.02101001888513565,-0.02887202799320221,0.8746188282966614]","[0.0016615012427791953,0.00202178955078125,-0.004862836562097073]","[-0.10065799951553345,-0.709991991519928,9.769821166992188]",0.6300000,6174.000,"[0.0,0.0,0.0,0.0]","[0.0,0.0,0.0,0.0,0.0,0.0,0.0,0.0]","[0.0,0.0,0.0,0.0,0.0,0.0,0.0,0.0]",240,1,1
2026-08-12T11:00:40.679159+00:00,5215.961105,cycle_1_neutral_before_blocked,0.0000000,0.0000000,0.0000000,0.0000000,,,0,1,1,1,0,1,0.000000,11228,561450,1,0,1,1,0,1,0,1769306043,111,45188,5215859,1090,0,2.1312895,-0.0048628,"[0.48349446058273315,-0.02101001888513565,-0.02887202799320221,0.8746188282966614]","[0.0016615012427791953,0.00202178955078125,-0.004862836562097073]","[-0.10065799951553345,-0.709991991519928,9.769821166992188]",0.6314286,6188.000,"[0.0,0.0,0.0,0.0]","[0.0,0.0,0.0,0.0,0.0,0.0,0.0,0.0]","[0.0,0.0,0.0,0.0,0.0,0.0,0.0,0.0]",240,1,1
2026-08-12T11:00:40.732389+00:00,5216.013390,cycle_1_neutral_before_blocked,0.0000000,0.0000000,0.0000000,0.0000000,,,0,1,1,1,0,1,0.000000,11230,561550,1,0,1,1,0,1,0,1769306043,113,60119,5215962,1092,0,2.1312895,-0.0048628,"[0.48349446058273315,-0.02101001888513565,-0.02887202799320221,0.8746188282966614]","[0.0016615012427791953,0.00202178955078125,-0.004862836562097073]","[-0.10065799951553345,-0.709991991519928,9.769821166992188]",0.6314286,6188.000,"[0.0,0.0,0.0,0.0]","[0.0,0.0,0.0,0.0,0.0,0.0,0.0,0.0]","[0.0,0.0,0.0,0.0,0.0,0.0,0.0,0.0]",240,1,1
2026-08-12T11:00:40.784674+00:00,5216.066547,cycle_1_neutral_before_blocked,0.0000000,0.0000000,0.0000000,0.0000000,,,0,1,1,1,0,1,0.000000,11231,561600,1,0,1,1,0,1,0,1769306043,114,27310,5216015,1093,0,2.1312895,-0.0048628,"[0.48349446058273315,-0.02101001888513565,-0.02887202799320221,0.8746188282966614]","[0.0016615012427791953,0.00202178955078125,-0.004862836562097073]","[-0.10065799951553345,-0.709991991519928,9.769821166992188]",0.6372449,6245.000,"[0.0,0.0,0.0,0.0]","[0.0,0.0,0.0,0.0,0.0,0.0,0.0,0.0]","[0.0,0.0,0.0,0.0,0.0,0.0,0.0,0.0]",240,1,1
2026-08-12T11:00:40.837070+00:00,5216.118908,cycle_1_positive,0.0000000,0.0750000,0.0000000,0.0000000,,,1,1,1,1,0,1,0.000000,11232,561650,1,0,1,1,0,1,0,1769306043,115,53768,5216067,1094,0,2.1312895,-0.0048628,"[0.48349446058273315,-0.02101001888513565,-0.02887202799320221,0.8746188282966614]","[0.0016615012427791953,0.00202178955078125,-0.004862836562097073]","[-0.10065799951553345,-0.709991991519928,9.769821166992188]",0.6372449,6245.000,"[0.0,0.0,0.0,0.0]","[0.0,0.0,0.0,0.0,0.0,0.0,0.0,0.0]","[0.0,0.0,0.0,0.0,0.0,0.0,0.0,0.0]",255,1,1
2026-08-12T11:00:40.888540+00:00,5216.171323,cycle_1_positive,0.0000000,0.0750000,0.0000000,0.0000000,,,1,1,1,1,1,1,0.000000,11233,561700,2,1,1,1,0,1,0,1769306043,116,17843,5216120,1095,0,2.1312895,-0.0048628,"[0.48349446058273315,-0.02101001888513565,-0.02887202799320221,0.8746188282966614]","[0.0016615012427791953,0.00202178955078125,-0.004862836562097073]","[-0.10065799951553345,-0.709991991519928,9.769821166992188]",0.6387755,6260.000,"[0.0,0.07500000298023224,0.0,0.0]","[-0.07500000298023224,0.07500000298023224,0.0,0.0,0.0,0.07500000298023224,0.07500000298023224,0.0]","[-0.0,0.0,0.0,0.0,0.0,0.0,0.0,0.0]",240,1,1
2026-08-12T11:00:40.939613+00:00,5216.222565,cycle_1_positive,0.0000000,0.0750000,0.0000000,0.0000000,,,1,1,1,1,1,1,0.000000,11234,561750,2,1,1,1,0,1,0,1769306043,117,18126,5216171,1096,0,2.1312895,-0.0048628,"[0.48349446058273315,-0.02101001888513565,-0.02887202799320221,0.8746188282966614]","[0.0016615012427791953,0.00202178955078125,-0.004862836562097073]","[-0.10065799951553345,-0.709991991519928,9.769821166992188]",0.6387755,6260.000,"[0.0,0.07500000298023224,0.0,0.0]","[-0.07500000298023224,0.07500000298023224,0.0,0.0,0.0,0.07500000298023224,0.07500000298023224,0.0]","[-1300.0,1137.5,0.0,0.0,0.0,637.5,775.0,0.0]",0,1,1
2026-08-12T11:00:40.991308+00:00,5216.273609,cycle_1_positive,0.0000000,0.0750000,0.0000000,0.0000000,,,1,1,1,1,1,1,0.000000,11235,561800,2,1,1,1,0,1,0,1769306043,118,19161,5216223,1097,0,2.1312895,-0.0048628,"[0.48349446058273315,-0.02101001888513565,-0.02887202799320221,0.8746188282966614]","[0.0016615012427791953,0.00202178955078125,-0.004862836562097073]","[-0.10065799951553345,-0.709991991519928,9.769821166992188]",0.6450000,6321.000,"[0.0,0.07500000298023224,0.0,0.0]","[-0.07500000298023224,0.07500000298023224,0.0,0.0,0.0,0.07500000298023224,0.07500000298023224,0.0]","[-1300.0,1300.0,0.0,0.0,0.0,1300.0,1362.5,0.0]",255,1,1
2026-08-12T11:00:41.043680+00:00,5216.325552,cycle_1_positive,0.0000000,0.0750000,0.0000000,0.0000000,,,1,1,1,1,1,1,0.000000,11236,561850,2,1,1,1,0,1,0,1769306043,119,14660,5216274,1098,0,2.1312895,-0.0048628,"[0.48349446058273315,-0.02101001888513565,-0.02887202799320221,0.8746188282966614]","[0.0016615012427791953,0.00202178955078125,-0.004862836562097073]","[-0.10065799951553345,-0.709991991519928,9.769821166992188]",0.6450000,6321.000,"[0.0,0.07500000298023224,0.0,0.0]","[-0.07500000298023224,0.07500000298023224,0.0,0.0,0.0,0.07500000298023224,0.07500000298023224,0.0]","[-825.0,862.5,0.0,0.0,0.0,1312.5,1050.0,0.0]",240,1,1
2026-08-12T11:00:41.096040+00:00,5216.377926,cycle_1_positive,0.0000000,0.0750000,0.0000000,0.0000000,,,1,1,1,1,1,1,0.000000,11237,561900,2,1,1,1,0,1,0,1769306043,120,24259,5216326,1099,0,2.1312895,-0.0048628,"[0.48349446058273315,-0.02101001888513565,-0.02887202799320221,0.8746188282966614]","[0.0016615012427791953,0.00202178955078125,-0.004862836562097073]","[-0.10065799951553345,-0.709991991519928,9.769821166992188]",0.6450000,6321.000,"[0.0,0.07500000298023224,0.0,0.0]","[-0.07500000298023224,0.07500000298023224,0.0,0.0,0.0,0.07500000298023224,0.07500000298023224,0.0]","[-775.0,762.5,0.0,0.0,0.0,825.0,812.5,0.0]",0,1,1
2026-08-12T11:00:41.148432+00:00,5216.430336,cycle_1_positive,0.0000000,0.0750000,0.0000000,0.0000000,,,1,1,1,1,1,1,0.000000,11238,561950,2,1,1,1,0,1,0,1769306043,121,23134,5216379,1100,0,2.1312895,-0.0048628,"[0.48349446058273315,-0.02101001888513565,-0.02887202799320221,0.8746188282966614]","[0.0016615012427791953,0.00202178955078125,-0.004862836562097073]","[-0.10065799951553345,-0.709991991519928,9.769821166992188]",0.6491836,6362.000,"[0.0,0.07500000298023224,0.0,0.0]","[-0.07500000298023224,0.07500000298023224,0.0,0.0,0.0,0.07500000298023224,0.07500000298023224,0.0]","[-762.5,750.0,0.0,0.0,0.0,762.5,775.0,0.0]",255,1,1
2026-08-12T11:00:41.200798+00:00,5216.482675,cycle_1_positive,0.0000000,0.0750000,0.0000000,0.0000000,,,1,1,1,1,1,1,0.000000,11239,562000,2,1,1,1,0,1,0,1769306043,122,54199,5216431,1101,0,2.1312895,-0.0048628,"[0.48349446058273315,-0.02101001888513565,-0.02887202799320221,0.8746188282966614]","[0.0016615012427791953,0.00202178955078125,-0.004862836562097073]","[-0.10065799951553345,-0.709991991519928,9.769821166992188]",0.6491836,6362.000,"[0.0,0.07500000298023224,0.0,0.0]","[-0.07500000298023224,0.07500000298023224,0.0,0.0,0.0,0.07500000298023224,0.07500000298023224,0.0]","[-750.0,750.0,0.0,0.0,0.0,750.0,762.5,0.0]",240,1,1
2026-08-12T11:00:41.253160+00:00,5216.535054,cycle_1_positive,0.0000000,0.0750000,0.0000000,0.0000000,,,1,1,1,1,1,1,0.000000,11240,562050,2,1,1,1,0,1,0,1769306043,123,16775,5216484,1102,0,2.1312895,-0.0048628,"[0.48349446058273315,-0.02101001888513565,-0.02887202799320221,0.8746188282966614]","[0.0016615012427791953,0.00202178955078125,-0.004862836562097073]","[-0.10065799951553345,-0.709991991519928,9.769821166992188]",0.6495918,6366.000,"[0.0,0.07500000298023224,0.0,0.0]","[-0.07500000298023224,0.07500000298023224,0.0,0.0,0.0,0.07500000298023224,0.07500000298023224,0.0]","[-750.0,750.0,0.0,0.0,0.0,737.5,762.5,0.0]",0,1,1
2026-08-12T11:00:41.305576+00:00,5216.587442,cycle_1_positive,0.0000000,0.0750000,0.0000000,0.0000000,,,1,1,1,1,1,1,0.000000,11241,562100,2,1,1,1,0,1,0,1769306043,124,54746,5216536,1103,0,2.1312895,-0.0048628,"[0.48349446058273315,-0.02101001888513565,-0.02887202799320221,0.8746188282966614]","[0.0016615012427791953,0.00202178955078125,-0.004862836562097073]","[-0.10065799951553345,-0.709991991519928,9.769821166992188]",0.6495918,6366.000,"[0.0,0.07500000298023224,0.0,0.0]","[-0.07500000298023224,0.07500000298023224,0.0,0.0,0.0,0.07500000298023224,0.07500000298023224,0.0]","[-750.0,750.0,0.0,0.0,0.0,750.0,750.0,0.0]",255,1,1
2026-08-12T11:00:41.357019+00:00,5216.639800,cycle_1_positive,0.0000000,0.0750000,0.0000000,0.0000000,,,1,1,1,1,1,1,0.000000,11242,562150,2,1,1,1,0,1,0,1769306043,125,4694,5216588,1104,0,2.1312895,-0.0048628,"[0.48349446058273315,-0.02101001888513565,-0.02887202799320221,0.8746188282966614]","[0.0016615012427791953,0.00202178955078125,-0.004862836562097073]","[-0.10065799951553345,-0.709991991519928,9.769821166992188]",0.6495918,6366.000,"[0.0,0.07500000298023224,0.0,0.0]","[-0.07500000298023224,0.07500000298023224,0.0,0.0,0.0,0.07500000298023224,0.07500000298023224,0.0]","[-750.0,750.0,0.0,0.0,0.0,737.5,750.0,0.0]",243,1,1
2026-08-12T11:00:41.408416+00:00,5216.691042,cycle_1_positive,0.0000000,0.0750000,0.0000000,0.0000000,,,1,1,1,1,1,1,0.000000,11243,562200,2,1,1,1,0,1,0,1769306043,126,58517,5216640,1105,0,2.1312895,-0.0048628,"[0.48349446058273315,-0.02101001888513565,-0.02887202799320221,0.8746188282966614]","[0.0016615012427791953,0.00202178955078125,-0.004862836562097073]","[-0.10065799951553345,-0.709991991519928,9.769821166992188]",0.6540816,6410.000,"[0.0,0.07500000298023224,0.0,0.0]","[-0.07500000298023224,0.07500000298023224,0.0,0.0,0.0,0.07500000298023224,0.07500000298023224,0.0]","[-750.0,750.0,0.0,0.0,0.0,737.5,750.0,0.0]",0,1,1
2026-08-12T11:00:41.460593+00:00,5216.742514,cycle_1_positive,0.0000000,0.0750000,0.0000000,0.0000000,,,1,1,1,1,1,1,0.000000,11244,562250,2,1,1,1,0,1,0,1769306043,126,58517,5216640,1105,0,2.1312895,-0.0048628,"[0.48349446058273315,-0.02101001888513565,-0.02887202799320221,0.8746188282966614]","[0.0016615012427791953,0.00202178955078125,-0.004862836562097073]","[-0.10065799951553345,-0.709991991519928,9.769821166992188]",0.6540816,6410.000,"[0.0,0.07500000298023224,0.0,0.0]","[-0.07500000298023224,0.07500000298023224,0.0,0.0,0.0,0.07500000298023224,0.07500000298023224,0.0]","[-750.0,750.0,0.0,0.0,0.0,750.0,762.5,0.0]",255,1,1
2026-08-12T11:00:41.512342+00:00,5216.794798,cycle_1_positive,0.0000000,0.0750000,0.0000000,0.0000000,,,1,1,1,1,1,1,0.000000,11245,562300,2,1,1,1,0,1,0,1769306043,127,46372,5216691,1106,0,2.1312895,-0.0048628,"[0.48349446058273315,-0.02101001888513565,-0.02887202799320221,0.8746188282966614]","[0.0016615012427791953,0.00202178955078125,-0.004862836562097073]","[-0.10065799951553345,-0.709991991519928,9.769821166992188]",0.6502041,6372.000,"[0.0,0.07500000298023224,0.0,0.0]","[-0.07500000298023224,0.07500000298023224,0.0,0.0,0.0,0.07500000298023224,0.07500000298023224,0.0]","[-750.0,750.0,0.0,0.0,0.0,750.0,750.0,0.0]",240,1,1
2026-08-12T11:00:41.564274+00:00,5216.846450,cycle_1_positive,0.0000000,0.0750000,0.0000000,0.0000000,,,1,1,1,1,1,1,0.000000,11246,562350,2,1,1,1,0,1,0,1769306043,128,53783,5216743,1107,0,2.1312895,-0.0048628,"[0.48349446058273315,-0.02101001888513565,-0.02887202799320221,0.8746188282966614]","[0.0016615012427791953,0.00202178955078125,-0.004862836562097073]","[-0.10065799951553345,-0.709991991519928,9.769821166992188]",0.6502041,6372.000,"[0.0,0.07500000298023224,0.0,0.0]","[-0.07500000298023224,0.07500000298023224,0.0,0.0,0.0,0.07500000298023224,0.07500000298023224,0.0]","[-750.0,750.0,0.0,0.0,0.0,737.5,750.0,0.0]",0,1,1
2026-08-12T11:00:41.616635+00:00,5216.898479,cycle_1_positive,0.0000000,0.0750000,0.0000000,0.0000000,,,1,1,1,1,1,1,0.000000,11247,562400,2,1,1,1,0,1,0,1769306043,129,40918,5216795,1108,0,2.1312895,-0.0048628,"[0.48349446058273315,-0.02101001888513565,-0.02887202799320221,0.8746188282966614]","[0.0016615012427791953,0.00202178955078125,-0.004862836562097073]","[-0.10065799951553345,-0.709991991519928,9.769821166992188]",0.6374490,6247.000,"[0.0,0.07500000298023224,0.0,0.0]","[-0.07500000298023224,0.07500000298023224,0.0,0.0,0.0,0.07500000298023224,0.07500000298023224,0.0]","[-750.0,750.0,0.0,0.0,0.0,750.0,750.0,0.0]",255,1,1
2026-08-12T11:00:41.668043+00:00,5216.950923,cycle_1_positive,0.0000000,0.0750000,0.0000000,0.0000000,,,1,1,1,1,1,1,0.000000,11248,562450,2,1,1,1,0,1,0,1769306043,130,63576,5216847,1109,0,2.1312895,-0.0048628,"[0.48349446058273315,-0.02101001888513565,-0.02887202799320221,0.8746188282966614]","[0.0016615012427791953,0.00202178955078125,-0.004862836562097073]","[-0.10065799951553345,-0.709991991519928,9.769821166992188]",0.6374490,6247.000,"[0.0,0.07500000298023224,0.0,0.0]","[-0.07500000298023224,0.07500000298023224,0.0,0.0,0.0,0.07500000298023224,0.07500000298023224,0.0]","[-750.0,750.0,0.0,0.0,0.0,750.0,762.5,0.0]",240,1,1
2026-08-12T11:00:41.719996+00:00,5217.002067,cycle_1_positive,0.0000000,0.0750000,0.0000000,0.0000000,,,1,1,1,1,1,1,0.000000,11249,562500,2,1,1,1,0,1,0,1769306043,131,44697,5216899,1110,0,2.1312895,-0.0048628,"[0.48349446058273315,-0.02101001888513565,-0.02887202799320221,0.8746188282966614]","[0.0016615012427791953,0.00202178955078125,-0.004862836562097073]","[-0.10065799951553345,-0.709991991519928,9.769821166992188]",0.6374490,6247.000,"[0.0,0.07500000298023224,0.0,0.0]","[-0.07500000298023224,0.07500000298023224,0.0,0.0,0.0,0.07500000298023224,0.07500000298023224,0.0]","[-750.0,750.0,0.0,0.0,0.0,737.5,750.0,0.0]",0,1,1
2026-08-12T11:00:41.771763+00:00,5217.054058,cycle_1_positive,0.0000000,0.0750000,0.0000000,0.0000000,,,1,1,1,1,1,1,0.000000,11250,562550,2,1,1,1,0,1,0,1769306043,132,30139,5216951,1111,0,2.1312895,-0.0048628,"[0.48349446058273315,-0.02101001888513565,-0.02887202799320221,0.8746188282966614]","[0.0016615012427791953,0.00202178955078125,-0.004862836562097073]","[-0.10065799951553345,-0.709991991519928,9.769821166992188]",0.6324490,6198.000,"[0.0,0.07500000298023224,0.0,0.0]","[-0.07500000298023224,0.07500000298023224,0.0,0.0,0.0,0.07500000298023224,0.07500000298023224,0.0]","[-750.0,750.0,0.0,0.0,0.0,737.5,750.0,0.0]",255,1,1
2026-08-12T11:00:41.824067+00:00,5217.105952,cycle_1_positive,0.0000000,0.0750000,0.0000000,0.0000000,,,1,1,1,1,1,1,0.000000,11251,562600,2,1,1,1,0,1,0,1769306043,133,22736,5217003,1112,0,2.1312895,-0.0048628,"[0.48349446058273315,-0.02101001888513565,-0.02887202799320221,0.8746188282966614]","[0.0016615012427791953,0.00202178955078125,-0.004862836562097073]","[-0.10065799951553345,-0.709991991519928,9.769821166992188]",0.6324490,6198.000,"[0.0,0.07500000298023224,0.0,0.0]","[-0.07500000298023224,0.07500000298023224,0.0,0.0,0.0,0.07500000298023224,0.07500000298023224,0.0]","[-750.0,750.0,0.0,0.0,0.0,737.5,762.5,0.0]",240,1,1
2026-08-12T11:00:41.876477+00:00,5217.158328,cycle_1_positive,0.0000000,0.0750000,0.0000000,0.0000000,,,1,1,1,1,1,1,0.000000,11252,562650,2,1,1,1,0,1,0,1769306043,134,9837,5217055,1113,0,2.1312895,-0.0048628,"[0.48349446058273315,-0.02101001888513565,-0.02887202799320221,0.8746188282966614]","[0.0016615012427791953,0.00202178955078125,-0.004862836562097073]","[-0.10065799951553345,-0.709991991519928,9.769821166992188]",0.6184694,6061.000,"[0.0,0.07500000298023224,0.0,0.0]","[-0.07500000298023224,0.07500000298023224,0.0,0.0,0.0,0.07500000298023224,0.07500000298023224,0.0]","[-750.0,750.0,0.0,0.0,0.0,750.0,750.0,0.0]",0,1,1
2026-08-12T11:00:41.928925+00:00,5217.210750,cycle_1_positive,0.0000000,0.0750000,0.0000000,0.0000000,,,1,1,1,1,1,1,0.000000,11253,562700,2,1,1,1,0,1,0,1769306043,135,40651,5217107,1114,0,2.1312895,-0.0048628,"[0.48349446058273315,-0.02101001888513565,-0.02887202799320221,0.8746188282966614]","[0.0016615012427791953,0.00202178955078125,-0.004862836562097073]","[-0.10065799951553345,-0.709991991519928,9.769821166992188]",0.6184694,6061.000,"[0.0,0.07500000298023224,0.0,0.0]","[-0.07500000298023224,0.07500000298023224,0.0,0.0,0.0,0.07500000298023224,0.07500000298023224,0.0]","[-750.0,737.5,0.0,0.0,0.0,737.5,750.0,0.0]",255,1,1
2026-08-12T11:00:41.982376+00:00,5217.263212,cycle_1_positive,0.0000000,0.0750000,0.0000000,0.0000000,,,1,1,1,1,1,1,0.000000,11255,562800,2,1,1,1,0,1,0,1769306043,137,44157,5217212,1116,0,2.1312895,-0.0048628,"[0.48349446058273315,-0.02101001888513565,-0.02887202799320221,0.8746188282966614]","[0.0016615012427791953,0.00202178955078125,-0.004862836562097073]","[-0.10065799951553345,-0.709991991519928,9.769821166992188]",0.6083673,5962.000,"[0.0,0.07500000298023224,0.0,0.0]","[-0.07500000298023224,0.07500000298023224,0.0,0.0,0.0,0.07500000298023224,0.07500000298023224,0.0]","[-750.0,750.0,0.0,0.0,0.0,750.0,762.5,0.0]",0,1,1
2026-08-12T11:00:42.033721+00:00,5217.316622,cycle_1_positive,0.0000000,0.0750000,0.0000000,0.0000000,,,1,1,1,1,1,1,0.000000,11256,562850,2,1,1,1,0,1,0,1769306043,138,8580,5217265,1117,0,2.1312895,-0.0048628,"[0.48349446058273315,-0.02101001888513565,-0.02887202799320221,0.8746188282966614]","[0.0016615012427791953,0.00202178955078125,-0.004862836562097073]","[-0.10065799951553345,-0.709991991519928,9.769821166992188]",0.6083673,5962.000,"[0.0,0.07500000298023224,0.0,0.0]","[-0.07500000298023224,0.07500000298023224,0.0,0.0,0.0,0.07500000298023224,0.07500000298023224,0.0]","[-750.0,750.0,0.0,0.0,0.0,737.5,750.0,0.0]",255,1,1
2026-08-12T11:00:42.084982+00:00,5217.367713,cycle_1_positive,0.0000000,0.0750000,0.0000000,0.0000000,,,1,1,1,1,1,1,0.000000,11257,562900,2,1,1,1,0,1,0,1769306043,139,7689,5217317,1118,0,2.1312895,-0.0048628,"[0.48349446058273315,-0.02101001888513565,-0.02887202799320221,0.8746188282966614]","[0.0016615012427791953,0.00202178955078125,-0.004862836562097073]","[-0.10065799951553345,-0.709991991519928,9.769821166992188]",0.6136734,6014.000,"[0.0,0.07500000298023224,0.0,0.0]","[-0.07500000298023224,0.07500000298023224,0.0,0.0,0.0,0.07500000298023224,0.07500000298023224,0.0]","[-750.0,750.0,0.0,0.0,0.0,737.5,750.0,0.0]",240,1,1
2026-08-12T11:00:42.136633+00:00,5217.419025,cycle_1_positive,0.0000000,0.0750000,0.0000000,0.0000000,,,1,1,1,1,1,1,0.000000,11258,562950,2,1,1,1,0,1,0,1769306043,140,28067,5217368,1119,0,2.1312895,-0.0048628,"[0.48349446058273315,-0.02101001888513565,-0.02887202799320221,0.8746188282966614]","[0.0016615012427791953,0.00202178955078125,-0.004862836562097073]","[-0.10065799951553345,-0.709991991519928,9.769821166992188]",0.6136734,6014.000,"[0.0,0.07500000298023224,0.0,0.0]","[-0.07500000298023224,0.07500000298023224,0.0,0.0,0.0,0.07500000298023224,0.07500000298023224,0.0]","[-750.0,750.0,0.0,0.0,0.0,737.5,750.0,0.0]",0,1,1
2026-08-12T11:00:42.188730+00:00,5217.470759,cycle_1_positive,0.0000000,0.0750000,0.0000000,0.0000000,,,1,1,1,1,1,1,0.000000,11259,563000,2,1,1,1,0,1,0,1769306043,141,28382,5217419,1120,0,2.1312895,-0.0048628,"[0.48349446058273315,-0.02101001888513565,-0.02887202799320221,0.8746188282966614]","[0.0016615012427791953,0.00202178955078125,-0.004862836562097073]","[-0.10065799951553345,-0.709991991519928,9.769821166992188]",0.6237755,6113.000,"[0.0,0.07500000298023224,0.0,0.0]","[-0.07500000298023224,0.07500000298023224,0.0,0.0,0.0,0.07500000298023224,0.07500000298023224,0.0]","[-750.0,750.0,0.0,0.0,0.0,750.0,750.0,0.0]",255,1,1
2026-08-12T11:00:42.241152+00:00,5217.523052,cycle_1_positive,0.0000000,0.0750000,0.0000000,0.0000000,,,1,1,1,1,1,1,0.000000,11260,563050,2,1,1,1,0,1,0,1769306043,142,46587,5217471,1121,0,2.1312895,-0.0048628,"[0.48349446058273315,-0.02101001888513565,-0.02887202799320221,0.8746188282966614]","[0.0016615012427791953,0.00202178955078125,-0.004862836562097073]","[-0.10065799951553345,-0.709991991519928,9.769821166992188]",0.6237755,6113.000,"[0.0,0.07500000298023224,0.0,0.0]","[-0.07500000298023224,0.07500000298023224,0.0,0.0,0.0,0.07500000298023224,0.07500000298023224,0.0]","[-750.0,750.0,0.0,0.0,0.0,750.0,762.5,0.0]",240,1,1
2026-08-12T11:00:42.292699+00:00,5217.575430,cycle_1_positive,0.0000000,0.0750000,0.0000000,0.0000000,,,1,1,1,1,1,1,0.000000,11261,563100,2,1,1,1,0,1,0,1769306043,143,10187,5217524,1122,0,2.1685646,0.0403646,"[0.46719637513160706,-0.01813201606273651,-0.03176802769303322,0.883396565914154]","[-0.0272878035902977,-0.005955133121460676,0.04036463052034378]","[0.006825000047683716,-0.7127860188484192,9.7255220413208]",0.6237755,6113.000,"[0.0,0.07500000298023224,0.0,0.0]","[-0.07500000298023224,0.07500000298023224,0.0,0.0,0.0,0.07500000298023224,0.07500000298023224,0.0]","[-750.0,750.0,0.0,0.0,0.0,737.5,750.0,0.0]",255,1,1
2026-08-12T11:00:42.343802+00:00,5217.626720,cycle_1_positive,0.0000000,0.0750000,0.0000000,0.0000000,,,1,1,1,1,1,1,0.000000,11262,563150,2,1,1,1,0,1,0,1769306043,144,55325,5217576,1123,0,2.1702924,0.0428818,"[0.4664273262023926,-0.01825101487338543,-0.03220602124929428,0.8837846517562866]","[-0.01917773112654686,-0.00722440704703331,0.0428817979991436]","[0.019548999145627022,-0.7276189923286438,9.703495979309082]",0.6452041,6323.000,"[0.0,0.07500000298023224,0.0,0.0]","[-0.07500000298023224,0.07500000298023224,0.0,0.0,0.0,0.07500000298023224,0.07500000298023224,0.0]","[-750.0,750.0,0.0,0.0,0.0,737.5,762.5,0.0]",0,1,1
2026-08-12T11:00:42.395163+00:00,5217.677797,cycle_1_positive,0.0000000,0.0750000,0.0000000,0.0000000,,,1,1,1,1,1,1,0.000000,11263,563200,2,1,1,1,0,1,0,1769306043,145,24222,5217627,1124,0,2.1720810,0.0416860,"[0.46563324332237244,-0.018308009952306747,-0.03258201479911804,0.8841882944107056]","[-0.01715061627328396,-0.008084732107818127,0.04168595001101494]","[0.017697999253869057,-0.7560120224952698,9.734278678894043]",0.6452041,6323.000,"[0.0,0.07500000298023224,0.0,0.0]","[-0.07500000298023224,0.07500000298023224,0.0,0.0,0.0,0.07500000298023224,0.07500000298023224,0.0]","[-750.0,750.0,0.0,0.0,0.0,737.5,750.0,0.0]",240,1,1
2026-08-12T11:00:42.446902+00:00,5217.729242,cycle_1_positive,0.0000000,0.0750000,0.0000000,0.0000000,,,1,1,1,1,1,1,0.000000,11264,563250,2,1,1,1,0,1,0,1769306043,146,16938,5217678,1125,0,2.1720810,0.0416860,"[0.46563324332237244,-0.018308009952306747,-0.03258201479911804,0.8841882944107056]","[-0.01715061627328396,-0.008084732107818127,0.04168595001101494]","[0.017697999253869057,-0.7560120224952698,9.734278678894043]",0.6676531,6543.000,"[0.0,0.07500000298023224,0.0,0.0]","[-0.07500000298023224,0.07500000298023224,0.0,0.0,0.0,0.07500000298023224,0.07500000298023224,0.0]","[-750.0,750.0,0.0,0.0,0.0,750.0,750.0,0.0]",0,1,1
2026-08-12T11:00:42.499203+00:00,5217.781104,cycle_1_positive,0.0000000,0.0750000,0.0000000,0.0000000,,,1,1,1,1,1,1,0.000000,11265,563300,2,1,1,1,0,1,0,1769306043,147,64140,5217730,1126,0,2.1778588,0.0420371,"[0.46307143568992615,-0.018346017226576805,-0.03333503380417824,0.8855038285255432]","[-0.009401269257068634,-0.002306889044120908,0.04203714430332184]","[-0.052067000418901443,-0.704056978225708,9.753500938415527]",0.6676531,6543.000,"[0.0,0.07500000298023224,0.0,0.0]","[-0.07500000298023224,0.07500000298023224,0.0,0.0,0.0,0.07500000298023224,0.07500000298023224,0.0]","[-750.0,750.0,0.0,0.0,0.0,737.5,750.0,0.0]",240,1,1
2026-08-12T11:00:42.550665+00:00,5217.833440,cycle_1_positive,0.0000000,0.0750000,0.0000000,0.0000000,,,1,1,1,1,1,1,0.000000,11266,563350,2,1,1,1,0,1,0,1769306043,148,8622,5217782,1127,0,2.1778588,0.0420371,"[0.46307143568992615,-0.018346017226576805,-0.03333503380417824,0.8855038285255432]","[-0.009401269257068634,-0.002306889044120908,0.04203714430332184]","[-0.052067000418901443,-0.704056978225708,9.753500938415527]",0.6676531,6543.000,"[0.0,0.07500000298023224,0.0,0.0]","[-0.07500000298023224,0.07500000298023224,0.0,0.0,0.0,0.07500000298023224,0.07500000298023224,0.0]","[-750.0,750.0,0.0,0.0,0.0,750.0,762.5,0.0]",0,1,1
2026-08-12T11:00:42.602165+00:00,5217.884698,cycle_1_positive,0.0000000,0.0750000,0.0000000,0.0000000,,,1,1,1,1,1,1,0.000000,11267,563400,2,1,1,1,0,1,0,1769306043,149,2038,5217834,1128,0,2.1778588,0.0420371,"[0.46307143568992615,-0.018346017226576805,-0.03333503380417824,0.8855038285255432]","[-0.009401269257068634,-0.002306889044120908,0.04203714430332184]","[-0.052067000418901443,-0.704056978225708,9.753500938415527]",0.6936735,6798.000,"[0.0,0.07500000298023224,0.0,0.0]","[-0.07500000298023224,0.07500000298023224,0.0,0.0,0.0,0.07500000298023224,0.07500000298023224,0.0]","[-750.0,750.0,0.0,0.0,0.0,750.0,750.0,0.0]",255,1,1
2026-08-12T11:00:42.654155+00:00,5217.936285,cycle_1_positive,0.0000000,0.0750000,0.0000000,0.0000000,,,1,1,1,1,1,1,0.000000,11268,563450,2,1,1,1,0,1,0,1769306043,150,62469,5217885,1129,0,2.1836441,0.0440730,"[0.46049928665161133,-0.018476014956831932,-0.033466026186943054,0.886836588382721]","[0.0023962499108165503,0.00180168601218611,0.04407300427556038]","[-0.026593999937176704,-0.7256320118904114,9.714131355285645]",0.6936735,6798.000,"[0.0,0.07500000298023224,0.0,0.0]","[-0.07500000298023224,0.07500000298023224,0.0,0.0,0.0,0.07500000298023224,0.07500000298023224,0.0]","[-750.0,750.0,0.0,0.0,0.0,750.0,750.0,0.0]",0,1,1
2026-08-12T11:00:42.706459+00:00,5217.988357,cycle_1_positive,0.0000000,0.0750000,0.0000000,0.0000000,,,1,1,1,1,1,1,0.000000,11269,563500,2,1,1,1,0,1,0,1769306043,151,41668,5217937,1130,0,2.1836441,0.0440730,"[0.46049928665161133,-0.018476014956831932,-0.033466026186943054,0.886836588382721]","[0.0023962499108165503,0.00180168601218611,0.04407300427556038]","[-0.026593999937176704,-0.7256320118904114,9.714131355285645]",0.7222449,7078.000,"[0.0,0.07500000298023224,0.0,0.0]","[-0.07500000298023224,0.07500000298023224,0.0,0.0,0.0,0.07500000298023224,0.07500000298023224,0.0]","[-750.0,750.0,0.0,0.0,0.0,750.0,737.5,0.0]",255,1,1
2026-08-12T11:00:42.758835+00:00,5218.040707,cycle_1_positive,0.0000000,0.0750000,0.0000000,0.0000000,,,1,1,1,1,1,1,0.000000,11270,563550,2,1,1,1,0,1,0,1769306043,152,50499,5217989,1131,0,2.1836441,0.0440730,"[0.46049928665161133,-0.018476014956831932,-0.033466026186943054,0.886836588382721]","[0.0023962499108165503,0.00180168601218611,0.04407300427556038]","[-0.026593999937176704,-0.7256320118904114,9.714131355285645]",0.7222449,7078.000,"[0.0,0.07500000298023224,0.0,0.0]","[-0.07500000298023224,0.07500000298023224,0.0,0.0,0.0,0.07500000298023224,0.07500000298023224,0.0]","[-750.0,737.5,0.0,0.0,0.0,737.5,750.0,0.0]",243,1,1
2026-08-12T11:00:42.809975+00:00,5218.093026,cycle_1_positive,0.0000000,0.0750000,0.0000000,0.0000000,,,1,1,1,1,1,1,0.000000,11271,563600,2,1,1,1,0,1,0,1769306043,152,50499,5217989,1131,0,2.1914952,0.0452345,"[0.4569956064224243,-0.018832024186849594,-0.03305104374885559,0.8886551856994629]","[0.0032289638184010983,0.005554912146180868,0.04523448273539543]","[-0.04146900027990341,-0.7805429697036743,9.78993034362793]",0.7222449,7078.000,"[0.0,0.07500000298023224,0.0,0.0]","[-0.07500000298023224,0.07500000298023224,0.0,0.0,0.0,0.07500000298023224,0.07500000298023224,0.0]","[-750.0,737.5,0.0,0.0,0.0,737.5,737.5,0.0]",240,1,1
2026-08-12T11:00:42.862069+00:00,5218.143988,cycle_1_neutral_after_blocked,0.0000000,0.0000000,0.0000000,0.0000000,,,0,1,1,1,1,1,0.000000,11272,563650,2,1,1,1,0,1,0,1769306043,153,43879,5218042,1132,0,2.1914952,0.0452345,"[0.4569956064224243,-0.018832024186849594,-0.03305104374885559,0.8886551856994629]","[0.0032289638184010983,0.005554912146180868,0.04523448273539543]","[-0.04146900027990341,-0.7805429697036743,9.78993034362793]",0.7659183,7506.000,"[0.0,0.07500000298023224,0.0,0.0]","[-0.07500000298023224,0.07500000298023224,0.0,0.0,0.0,0.07500000298023224,0.07500000298023224,0.0]","[-750.0,750.0,0.0,0.0,0.0,737.5,737.5,0.0]",0,1,1
2026-08-12T11:00:42.913438+00:00,5218.196334,cycle_1_neutral_after_blocked,0.0000000,0.0000000,0.0000000,0.0000000,,,0,1,1,1,1,1,0.000000,11273,563700,2,1,1,1,0,1,0,1769306043,154,16807,5218093,1133,0,2.1914952,0.0452345,"[0.4569956064224243,-0.018832024186849594,-0.03305104374885559,0.8886551856994629]","[0.0032289638184010983,0.005554912146180868,0.04523448273539543]","[-0.04146900027990341,-0.7805429697036743,9.78993034362793]",0.7659183,7506.000,"[0.0,0.07500000298023224,0.0,0.0]","[-0.07500000298023224,0.07500000298023224,0.0,0.0,0.0,0.07500000298023224,0.07500000298023224,0.0]","[-750.0,750.0,0.0,0.0,0.0,750.0,750.0,0.0]",255,1,1
2026-08-12T11:00:42.964573+00:00,5218.247392,cycle_1_neutral_after_blocked,0.0000000,0.0000000,0.0000000,0.0000000,,,0,1,1,1,0,1,0.000000,11274,563750,1,0,1,1,0,1,0,1769306043,155,30185,5218145,1134,0,2.1975899,0.0456028,"[0.45426732301712036,-0.019209012389183044,-0.03254302218556404,0.8900636434555054]","[0.002834746614098549,0.007642133627086878,0.04560278728604317]","[-0.009259000420570374,-0.7299609780311584,9.751174926757812]",0.7932653,7774.000,"[0.0,0.0,0.0,0.0]","[0.0,0.0,0.0,0.0,0.0,0.0,0.0,0.0]","[437.5,575.0,0.0,0.0,0.0,300.0,425.0,0.0]",240,1,1
2026-08-12T11:00:43.016089+00:00,5218.298629,cycle_1_neutral_after_blocked,0.0000000,0.0000000,0.0000000,0.0000000,,,0,1,1,1,0,1,0.000000,11275,563800,1,0,1,1,0,1,0,1769306043,156,707,5218196,1135,0,2.1975899,0.0456028,"[0.45426732301712036,-0.019209012389183044,-0.03254302218556404,0.8900636434555054]","[0.002834746614098549,0.007642133627086878,0.04560278728604317]","[-0.009259000420570374,-0.7299609780311584,9.751174926757812]",0.7932653,7774.000,"[0.0,0.0,0.0,0.0]","[0.0,0.0,0.0,0.0,0.0,0.0,0.0,0.0]","[237.5,250.0,0.0,0.0,0.0,212.5,175.0,0.0]",255,1,1
2026-08-12T11:00:43.068054+00:00,5218.350222,cycle_1_neutral_after_blocked,0.0000000,0.0000000,0.0000000,0.0000000,,,0,1,1,1,0,1,0.000000,11276,563850,1,0,1,1,0,1,0,1769306043,157,12200,5218248,1136,0,2.1975899,0.0456028,"[0.45426732301712036,-0.019209012389183044,-0.03254302218556404,0.8900636434555054]","[0.002834746614098549,0.007642133627086878,0.04560278728604317]","[-0.009259000420570374,-0.7299609780311584,9.751174926757812]",0.7932653,7774.000,"[0.0,0.0,0.0,0.0]","[0.0,0.0,0.0,0.0,0.0,0.0,0.0,0.0]","[150.0,287.5,0.0,0.0,0.0,200.0,500.0,0.0]",240,1,1
2026-08-12T11:00:43.120253+00:00,5218.402238,cycle_1_neutral_after_blocked,0.0000000,0.0000000,0.0000000,0.0000000,,,0,1,1,1,0,1,0.000000,11277,563900,1,0,1,1,0,1,0,1769306043,158,56859,5218299,1137,0,2.2040193,0.0311731,"[0.45133116841316223,-0.02083400823175907,-0.03362501412630081,0.8914793729782104]","[-0.022723263129591942,0.008043297566473484,0.031173082068562508]","[-0.0349700003862381,-0.809054970741272,9.710463523864746]",0.8076530,7915.000,"[0.0,0.0,0.0,0.0]","[0.0,0.0,0.0,0.0,0.0,0.0,0.0,0.0]","[212.5,3275.0,0.0,0.0,0.0,237.5,212.5,0.0]",240,1,1
2026-08-12T11:00:43.172602+00:00,5218.454532,cycle_1_neutral_after_blocked,0.0000000,0.0000000,0.0000000,0.0000000,,,0,1,1,1,0,1,0.000000,11278,563950,1,0,1,1,0,1,0,1769306043,159,21158,5218351,1138,0,2.2055545,0.0270721,"[0.4506215453147888,-0.021377025172114372,-0.03410904109477997,0.8918070793151855]","[-0.02677781879901886,0.008018112741410732,0.02707211673259735]","[-0.06856600195169449,-0.8441069722175598,9.7153902053833]",0.8076530,7915.000,"[0.0,0.0,0.0,0.0]","[0.0,0.0,0.0,0.0,0.0,0.0,0.0,0.0]","[212.5,150.0,0.0,0.0,0.0,125.0,237.5,0.0]",240,1,1
2026-08-12T11:00:43.223907+00:00,5218.506775,cycle_1_neutral_after_blocked,0.0000000,0.0000000,0.0000000,0.0000000,,,0,1,1,1,0,1,0.000000,11279,564000,1,0,1,1,0,1,0,1769306043,160,18991,5218403,1139,0,2.2069836,0.0278825,"[0.4499592185020447,-0.021899010986089706,-0.03460702300071716,0.8921095728874207]","[-0.025149812921881676,0.008849691599607468,0.027882490307092667]","[-0.06069299951195717,-0.8626700043678284,9.710156440734863]",0.8180612,8017.000,"[0.0,0.0,0.0,0.0]","[0.0,0.0,0.0,0.0,0.0,0.0,0.0,0.0]","[212.5,137.5,0.0,0.0,0.0,487.5,750.0,0.0]",240,1,1
2026-08-12T11:00:43.275287+00:00,5218.557931,cycle_1_neutral_after_blocked,0.0000000,0.0000000,0.0000000,0.0000000,,,0,1,1,1,0,1,0.000000,11280,564050,1,0,1,1,0,1,0,1769306043,161,2141,5218455,1140,0,2.2083483,0.0242285,"[0.4493275284767151,-0.022366028279066086,-0.03507603704929352,0.8923980593681335]","[-0.022708043456077576,0.00878768041729927,0.024228539317846298]","[-0.07982099801301956,-0.8648409843444824,9.719565391540527]",0.8180612,8017.000,"[0.0,0.0,0.0,0.0]","[0.0,0.0,0.0,0.0,0.0,0.0,0.0,0.0]","[0.0,200.0,0.0,0.0,0.0,150.0,137.5,0.0]",240,1,1
2026-08-12T11:00:43.327148+00:00,5218.609366,cycle_1_neutral_after_blocked,0.0000000,0.0000000,0.0000000,0.0000000,,,0,1,1,1,0,1,0.000000,11281,564100,1,0,1,1,0,1,0,1769306043,162,34100,5218507,1141,0,2.2096477,0.0230757,"[0.4487263858318329,-0.02279301919043064,-0.035477038472890854,0.8926737904548645]","[-0.02028854563832283,0.005637326277792454,0.02307569608092308]","[-0.0894550010561943,-0.874235987663269,9.731587409973145]",0.8153061,7990.000,"[0.0,0.0,0.0,0.0]","[0.0,0.0,0.0,0.0,0.0,0.0,0.0,0.0]","[0.0,325.0,0.0,0.0,0.0,112.5,325.0,0.0]",240,1,1
2026-08-12T11:00:43.381375+00:00,5218.661315,cycle_1_neutral_after_blocked,0.0000000,0.0000000,0.0000000,0.0000000,,,0,1,1,1,0,1,0.000000,11282,564150,1,0,1,1,0,1,0,1769306043,163,27470,5218558,1142,0,2.2108998,0.0224569,"[0.4481472969055176,-0.023190012201666832,-0.0358000211417675,0.8929415941238403]","[-0.017843827605247498,0.006861570291221142,0.022456906735897064]","[-0.10627000033855438,-0.8834869861602783,9.75071907043457]",0.8153061,7990.000,"[0.0,0.0,0.0,0.0]","[0.0,0.0,0.0,0.0,0.0,0.0,0.0,0.0]","[0.0,0.0,0.0,0.0,0.0,112.5,550.0,0.0]",240,1,1
2026-08-12T11:00:43.433368+00:00,5218.715599,cycle_1_neutral_after_blocked,0.0000000,0.0000000,0.0000000,0.0000000,,,0,1,1,1,0,1,0.000000,11284,564250,1,0,1,1,0,1,0,1769306043,165,37863,5218664,1144,0,2.2133219,0.0211176,"[0.4470353126525879,-0.023779015988111496,-0.03611402213573456,0.8934706449508667]","[-0.00525766471400857,0.006138445343822241,0.021117575466632843]","[-0.11508700251579285,-0.8913419842720032,9.758729934692383]",0.8023469,7863.000,"[0.0,0.0,0.0,0.0]","[0.0,0.0,0.0,0.0,0.0,0.0,0.0,0.0]","[0.0,0.0,0.0,0.0,0.0,237.5,0.0,0.0]",240,1,1
2026-08-12T11:00:43.484486+00:00,5218.767409,cycle_1_neutral_after_blocked,0.0000000,0.0000000,0.0000000,0.0000000,,,0,1,1,1,0,1,0.000000,11285,564300,1,0,1,1,0,1,0,1769306043,166,29079,5218716,1145,0,2.2144690,0.0207444,"[0.4465123414993286,-0.023981016129255295,-0.03611602634191513,0.893726646900177]","[0.00042772782035171986,0.0060965921729803085,0.020744409412145615]","[-0.12293600291013718,-0.8761569857597351,9.752820014953613]",0.8023469,7863.000,"[0.0,0.0,0.0,0.0]","[0.0,0.0,0.0,0.0,0.0,0.0,0.0,0.0]","[0.0,0.0,0.0,0.0,0.0,2037.5,0.0,0.0]",240,1,1
2026-08-12T11:00:43.535948+00:00,5218.818420,cycle_1_neutral_after_blocked,0.0000000,0.0000000,0.0000000,0.0000000,,,0,1,1,1,0,1,0.000000,11286,564350,1,0,1,1,0,1,0,1769306043,167,40077,5218767,1146,0,2.2155323,0.0195437,"[0.4460301995277405,-0.02411501109600067,-0.035997018218040466,0.8939685225486755]","[0.004084052983671427,0.006057566497474909,0.019543655216693878]","[-0.12535999715328217,-0.8735209703445435,9.767145156860352]",0.7829592,7673.000,"[0.0,0.0,0.0,0.0]","[0.0,0.0,0.0,0.0,0.0,0.0,0.0,0.0]","[0.0,0.0,0.0,0.0,0.0,450.0,0.0,0.0]",240,1,1
2026-08-12T11:00:43.588096+00:00,5218.870063,cycle_1_neutral_after_blocked,0.0000000,0.0000000,0.0000000,0.0000000,,,0,1,1,1,0,1,0.000000,11287,564400,1,0,1,1,0,1,0,1769306043,168,36627,5218819,1147,0,2.2165749,0.0183650,"[0.4455615282058716,-0.024167027324438095,-0.035792041569948196,0.894209086894989]","[0.007732908241450787,0.004770857747644186,0.018365034833550453]","[-0.11806400120258331,-0.856935977935791,9.752593994140625]",0.7829592,7673.000,"[0.0,0.0,0.0,0.0]","[0.0,0.0,0.0,0.0,0.0,0.0,0.0,0.0]","[0.0,0.0,0.0,0.0,0.0,112.5,0.0,0.0]",240,1,1
2026-08-12T11:00:43.640273+00:00,5218.922207,cycle_1_neutral_after_blocked,0.0000000,0.0000000,0.0000000,0.0000000,,,0,1,1,1,0,1,0.000000,11288,564450,1,0,1,1,0,1,0,1769306043,169,62516,5218871,1148,0,2.2175865,0.0171791,"[0.4451102018356323,-0.024149009957909584,-0.03551401570439339,0.8944453597068787]","[0.013825591653585434,0.004716106690466404,0.017179066315293312]","[-0.11089599877595901,-0.8545640110969543,9.752640724182129]",0.7497959,7348.000,"[0.0,0.0,0.0,0.0]","[0.0,0.0,0.0,0.0,0.0,0.0,0.0,0.0]","[0.0,0.0,0.0,0.0,0.0,112.5,0.0,0.0]",240,1,1
2026-08-12T11:00:43.692627+00:00,5218.974542,cycle_1_neutral_after_blocked,0.0000000,0.0000000,0.0000000,0.0000000,,,0,1,1,1,0,1,0.000000,11289,564500,1,0,1,1,0,1,0,1769306043,170,31069,5218923,1149,0,2.2185240,0.0166045,"[0.44469544291496277,-0.024063024669885635,-0.03513803705573082,0.8946687579154968]","[0.016255367547273636,0.0034449833910912275,0.016604503616690636]","[-0.09644900262355804,-0.8404539823532104,9.73580551147461]",0.7497959,7348.000,"[0.0,0.0,0.0,0.0]","[0.0,0.0,0.0,0.0,0.0,0.0,0.0,0.0]","[0.0,0.0,0.0,0.0,0.0,162.5,0.0,0.0]",240,1,1
2026-08-12T11:00:43.744912+00:00,5219.026893,cycle_1_neutral_after_blocked,0.0000000,0.0000000,0.0000000,0.0000000,,,0,1,1,1,0,1,0.000000,11290,564550,1,0,1,1,0,1,0,1769306043,171,15151,5218975,1150,0,2.2194200,0.0143994,"[0.44430333375930786,-0.023897016420960426,-0.034714024513959885,0.8948846459388733]","[0.018687572330236435,0.002153282519429922,0.01439940370619297]","[-0.10834699869155884,-0.840520977973938,9.727673530578613]",0.7078571,6937.000,"[0.0,0.0,0.0,0.0]","[0.0,0.0,0.0,0.0,0.0,0.0,0.0,0.0]","[0.0,0.0,0.0,0.0,0.0,200.0,0.0,0.0]",240,1,1
2026-08-12T11:00:43.797183+00:00,5219.079139,cycle_1_neutral_after_blocked,0.0000000,0.0000000,0.0000000,0.0000000,,,0,1,1,1,0,1,0.000000,11291,564600,1,0,1,1,0,1,0,1769306043,172,2330,5219028,1151,0,2.2202163,0.0136321,"[0.4439584016799927,-0.023672020062804222,-0.03424502909183502,0.8950797915458679]","[0.021113911643624306,0.00025574309984222054,0.013632087036967278]","[-0.09869399666786194,-0.8238250017166138,9.72114372253418]",0.7078571,6937.000,"[0.0,0.0,0.0,0.0]","[0.0,0.0,0.0,0.0,0.0,0.0,0.0,0.0]","[0.0,0.0,0.0,0.0,0.0,0.0,0.0,0.0]",240,1,1
2026-08-12T11:00:43.849445+00:00,5219.131411,cycle_1_neutral_after_blocked,0.0000000,0.0000000,0.0000000,0.0000000,,,0,1,1,1,0,1,0.000000,11292,564650,1,0,1,1,0,1,0,1769306043,173,22235,5219080,1152,0,2.2209678,0.0118162,"[0.4436352252960205,-0.023414013907313347,-0.033728018403053284,0.8952664732933044]","[0.02233107015490532,-0.00039906951133161783,0.011816175654530525]","[-0.08905100077390671,-0.8144680261611938,9.706724166870117]",0.6761224,6626.000,"[0.0,0.0,0.0,0.0]","[0.0,0.0,0.0,0.0,0.0,0.0,0.0,0.0]","[0.0,0.0,0.0,0.0,0.0,162.5,0.0,0.0]",240,1,1
2026-08-12T11:00:43.900618+00:00,5219.183675,cycle_1_neutral_after_blocked,0.0000000,0.0000000,0.0000000,0.0000000,,,0,1,1,1,0,1,0.000000,11293,564700,1,0,1,1,0,1,0,1769306043,174,36350,5219132,1153,0,2.2216935,0.0112416,"[0.44332435727119446,-0.023135019466280937,-0.03319302573800087,0.8954477310180664]","[0.024760862812399864,-0.0016701928107067943,0.011241612955927849]","[-0.08899199962615967,-0.8048830032348633,9.704184532165527]",0.6761224,6626.000,"[0.0,0.0,0.0,0.0]","[0.0,0.0,0.0,0.0,0.0,0.0,0.0,0.0]","[0.0,0.0,0.0,0.0,0.0,200.0,0.0,0.0]",240,1,1
2026-08-12T11:00:43.952250+00:00,5219.234601,cycle_1_neutral_after_blocked,0.0000000,0.0000000,0.0000000,0.0000000,,,0,1,1,1,0,1,0.000000,11294,564750,1,0,1,1,0,1,0,1769306043,175,13656,5219184,1154,0,2.2223508,0.0093777,"[0.44304409623146057,-0.022850003093481064,-0.03266600891947746,0.8956130743026733]","[0.023552870377898216,-0.0004377809527795762,0.009377742186188698]","[-0.09371600300073624,-0.802603006362915,9.694501876831055]",0.6436735,6308.000,"[0.0,0.0,0.0,0.0]","[0.0,0.0,0.0,0.0,0.0,0.0,0.0,0.0]","[0.0,0.0,0.0,0.0,0.0,150.0,0.0,0.0]",240,1,1
2026-08-12T11:00:44.004354+00:00,5219.286295,cycle_1_neutral_after_blocked,0.0000000,0.0000000,0.0000000,0.0000000,,,0,1,1,1,0,1,0.000000,11295,564800,1,0,1,1,0,1,0,1769306043,176,38450,5219235,1155,0,2.2229776,0.0099892,"[0.44277724623680115,-0.022569013759493828,-0.03213001787662506,0.8957715630531311]","[0.02355196140706539,-0.00043008403736166656,0.009989200159907341]","[-0.09369400143623352,-0.7953130006790161,9.699193000793457]",0.6436735,6308.000,"[0.0,0.0,0.0,0.0]","[0.0,0.0,0.0,0.0,0.0,0.0,0.0,0.0]","[0.0,0.0,0.0,0.0,0.0,150.0,0.0,0.0]",240,1,1
2026-08-12T11:00:44.056639+00:00,5219.338608,cycle_1_neutral_after_blocked,0.0000000,0.0000000,0.0000000,0.0000000,,,0,1,1,1,0,1,0.000000,11296,564850,1,0,1,1,0,1,0,1769306043,177,14887,5219287,1156,0,2.2236388,0.0099744,"[0.44249436259269714,-0.022296017035841942,-0.031637027859687805,0.8959357142448425]","[0.02111562341451645,-0.0004143411642871797,0.009974418208003044]","[-0.09363099932670593,-0.7783650159835815,9.70613956451416]",0.6124490,6002.000,"[0.0,0.0,0.0,0.0]","[0.0,0.0,0.0,0.0,0.0,0.0,0.0,0.0]","[0.0,0.0,0.0,0.0,0.0,0.0,0.0,0.0]",240,1,1
2026-08-12T11:00:44.108984+00:00,5219.390903,cycle_1_neutral_after_blocked,0.0000000,0.0000000,0.0000000,0.0000000,,,0,1,1,1,0,1,0.000000,11297,564900,1,0,1,1,0,1,0,1769306043,178,20303,5219339,1157,0,2.2242987,0.0105564,"[0.4422111511230469,-0.02203400805592537,-0.031171010807156563,0.8960983157157898]","[0.019903995096683502,0.0008488932508043945,0.01055638026446104]","[-0.09828600287437439,-0.7616159915924072,9.69864273071289]",0.6124490,6002.000,"[0.0,0.0,0.0,0.0]","[0.0,0.0,0.0,0.0,0.0,0.0,0.0,0.0]","[0.0,0.0,0.0,0.0,0.0,0.0,0.0,0.0]",240,1,1
2026-08-12T11:00:44.161153+00:00,5219.443146,cycle_1_neutral_after_blocked,0.0000000,0.0000000,0.0000000,0.0000000,,,0,1,1,1,0,1,0.000000,11298,564950,1,0,1,1,0,1,0,1769306043,178,20303,5219339,1157,0,2.2249649,0.0112120,"[0.4419243633747101,-0.02178202010691166,-0.030771026387810707,0.8962597846984863]","[0.016226185485720634,-0.0028628113213926554,0.01121201179921627]","[-0.10784799605607986,-0.7491779923439026,9.722338676452637]",0.5888776,5771.000,"[0.0,0.0,0.0,0.0]","[0.0,0.0,0.0,0.0,0.0,0.0,0.0,0.0]","[0.0,0.0,0.0,0.0,0.0,0.0,0.0,0.0]",240,1,1
2026-08-12T11:00:44.213377+00:00,5219.495329,cycle_1_neutral_after_blocked,0.0000000,0.0000000,0.0000000,0.0000000,,,0,1,1,1,0,1,0.000000,11299,565000,1,0,1,1,0,1,0,1769306043,179,56703,5219392,1158,0,2.2256336,0.0112267,"[0.4416363537311554,-0.021520018577575684,-0.030428025871515274,0.8964197635650635]","[0.015000546351075172,-0.004102623090147972,0.011226743459701538]","[-0.12692900002002716,-0.729407012462616,9.750615119934082]",0.5888776,5771.000,"[0.0,0.0,0.0,0.0]","[0.0,0.0,0.0,0.0,0.0,0.0,0.0,0.0]","[0.0,0.0,0.0,0.0,0.0,0.0,0.0,0.0]",240,1,1
2026-08-12T11:00:44.265663+00:00,5219.547600,cycle_1_neutral_after_blocked,0.0000000,0.0000000,0.0000000,0.0000000,,,0,1,1,1,0,1,0.000000,11300,565050,1,0,1,1,0,1,0,1769306043,180,1629,5219444,1159,0,2.2262845,0.0093702,"[0.4413551092147827,-0.021279005333781242,-0.030156005173921585,0.8965732455253601]","[0.011348742060363293,-0.004102169536054134,0.009370236657559872]","[-0.11983300000429153,-0.7242630124092102,9.77461051940918]",0.5888776,5771.000,"[0.0,0.0,0.0,0.0]","[0.0,0.0,0.0,0.0,0.0,0.0,0.0,0.0]","[0.0,0.0,0.0,0.0,0.0,0.0,0.0,0.0]",240,1,1
2026-08-12T11:00:44.316747+00:00,5219.599806,cycle_1_neutral_after_blocked,0.0000000,0.0000000,0.0000000,0.0000000,,,0,1,1,1,0,1,0.000000,11301,565100,1,0,1,1,0,1,0,1769306043,181,50513,5219496,1160,0,2.2269106,0.0099964,"[0.44108450412750244,-0.021042024716734886,-0.02997603267431259,0.8967180252075195]","[0.010122193954885006,-0.005334267392754555,0.009996408596634865]","[-0.13414399325847626,-0.7143549919128418,9.788691520690918]",0.5735714,5621.000,"[0.0,0.0,0.0,0.0]","[0.0,0.0,0.0,0.0,0.0,0.0,0.0,0.0]","[0.0,0.0,0.0,0.0,0.0,0.0,0.0,0.0]",240,1,1
2026-08-12T11:00:44.368779+00:00,5219.650755,cycle_1_neutral_after_blocked,0.0000000,0.0000000,0.0000000,0.0000000,,,0,1,1,1,0,1,0.000000,11302,565150,1,0,1,1,0,1,0,1769306043,182,51526,5219548,1161,0,2.2275035,0.0099571,"[0.4408282935619354,-0.020804012194275856,-0.029856020584702492,0.8968535661697388]","[0.006066590081900358,-0.004476263653486967,0.009957050904631615]","[-0.12216399610042572,-0.7048010230064392,9.787888526916504]",0.5735714,5621.000,"[0.0,0.0,0.0,0.0]","[0.0,0.0,0.0,0.0,0.0,0.0,0.0,0.0]","[0.0,0.0,0.0,0.0,0.0,0.0,0.0,0.0]",240,1,1
2026-08-12T11:00:44.420703+00:00,5219.702946,cycle_1_neutral_after_blocked,0.0000000,0.0000000,0.0000000,0.0000000,,,0,1,1,1,0,1,0.000000,11303,565200,1,0,1,1,0,1,0,1769306043,183,842,5219600,1162,0,2.2280831,0.0075505,"[0.4405774176120758,-0.02057202160358429,-0.02980402670800686,0.8969838619232178]","[0.002801829483360052,-0.007813280448317528,0.007550521288067102]","[-0.11501599848270416,-0.6974220275878906,9.800657272338867]",0.5735714,5621.000,"[0.0,0.0,0.0,0.0]","[0.0,0.0,0.0,0.0,0.0,0.0,0.0,0.0]","[0.0,0.0,0.0,0.0,0.0,0.0,0.0,0.0]",240,1,1
2026-08-12T11:00:44.472864+00:00,5219.754837,cycle_1_neutral_after_blocked,0.0000000,0.0000000,0.0000000,0.0000000,,,0,1,1,1,0,1,0.000000,11304,565250,1,0,1,1,0,1,0,1769306043,184,20059,5219651,1163,0,2.2286205,0.0075357,"[0.44034451246261597,-0.020359020680189133,-0.02983703464269638,0.8971019983291626]","[0.00036548939533531666,-0.007797537837177515,0.007535738404840231]","[-0.11498600244522095,-0.6901699900627136,9.802950859069824]",0.5735714,5621.000,"[0.0,0.0,0.0,0.0]","[0.0,0.0,0.0,0.0,0.0,0.0,0.0,0.0]","[0.0,0.0,0.0,0.0,0.0,0.0,0.0,0.0]",240,1,1
2026-08-12T11:00:44.525109+00:00,5219.807079,cycle_1_neutral_after_blocked,0.0000000,0.0000000,0.0000000,0.0000000,,,0,1,1,1,0,1,0.000000,11305,565300,1,0,1,1,0,1,0,1769306043,185,62733,5219704,1164,0,2.2291334,0.0063128,"[0.4401211142539978,-0.020179005339741707,-0.029943007975816727,0.8972122073173523]","[-0.00329467561095953,-0.009037054143846035,0.006312803365290165]","[-0.08873199671506882,-0.6903640031814575,9.798457145690918]",0.5874490,5757.000,"[0.0,0.0,0.0,0.0]","[0.0,0.0,0.0,0.0,0.0,0.0,0.0,0.0]","[0.0,0.0,0.0,0.0,0.0,0.0,0.0,0.0]",240,1,1
2026-08-12T11:00:44.577062+00:00,5219.859330,cycle_1_neutral_after_blocked,0.0000000,0.0000000,0.0000000,0.0000000,,,0,1,1,1,0,1,0.000000,11306,565350,1,0,1,1,0,1,0,1769306043,186,31972,5219756,1165,0,2.2296243,0.0050309,"[0.43990543484687805,-0.020043019205331802,-0.03009602800011635,0.8973158597946167]","[-0.005714277736842632,-0.006541371811181307,0.005030893720686436]","[-0.08628799766302109,-0.6955519914627075,9.77457332611084]",0.5874490,5757.000,"[0.0,0.0,0.0,0.0]","[0.0,0.0,0.0,0.0,0.0,0.0,0.0,0.0]","[0.0,0.0,0.0,0.0,0.0,0.0,0.0,0.0]",240,1,1
2026-08-12T11:00:44.629257+00:00,5219.911224,cycle_1_neutral_after_blocked,0.0000000,0.0000000,0.0000000,0.0000000,,,0,1,1,1,0,1,0.000000,11307,565400,1,0,1,1,0,1,0,1769306043,187,50242,5219808,1166,0,2.2301137,0.0050346,"[0.4396895170211792,-0.01992802321910858,-0.030311033129692078,0.8974170088768005]","[-0.006936182733625174,-0.007157350890338421,0.005034559406340122]","[-0.07201100140810013,-0.7151539921760559,9.755833625793457]",0.6046938,5926.000,"[0.0,0.0,0.0,0.0]","[0.0,0.0,0.0,0.0,0.0,0.0,0.0,0.0]","[0.0,0.0,0.0,0.0,0.0,0.0,0.0,0.0]",240,1,1
2026-08-12T11:00:44.681540+00:00,5219.963490,cycle_1_neutral_after_blocked,0.0000000,0.0000000,0.0000000,0.0000000,,,0,1,1,1,0,1,0.000000,11308,565450,1,0,1,1,0,1,0,1769306043,188,50017,5219860,1167,0,2.2305830,0.0062242,"[0.4394805133342743,-0.019864022731781006,-0.030569035559892654,0.8975120186805725]","[-0.010588773526251316,-0.006494492758065462,0.006224245764315128]","[-0.0791580006480217,-0.7217190265655518,9.743854522705078]",0.6046938,5926.000,"[0.0,0.0,0.0,0.0]","[0.0,0.0,0.0,0.0,0.0,0.0,0.0,0.0]","[0.0,0.0,0.0,0.0,0.0,0.0,0.0,0.0]",240,1,1
2026-08-12T11:00:44.734817+00:00,5220.015726,cycle_1_neutral_after_blocked,0.0000000,0.0000000,0.0000000,0.0000000,,,0,1,1,1,0,1,0.000000,11310,565550,1,0,1,1,0,1,0,1769306043,190,13615,5219964,1169,0,2.2315741,0.0073918,"[0.4390343129634857,-0.019844014197587967,-0.03121202252805233,0.8977087140083313]","[-0.012402903288602829,-0.0039718979969620705,0.007391836494207382]","[-0.057742998003959656,-0.739641010761261,9.732370376586914]",0.6205102,6081.000,"[0.0,0.0,0.0,0.0]","[0.0,0.0,0.0,0.0,0.0,0.0,0.0,0.0]","[0.0,0.0,0.0,0.0,0.0,0.0,0.0,0.0]",240,1,1
2026-08-12T11:00:44.786283+00:00,5220.068976,cycle_1_neutral_after_blocked,0.0000000,0.0000000,0.0000000,0.0000000,,,0,1,1,1,0,1,0.000000,11311,565600,1,0,1,1,0,1,0,1769306043,191,2391,5220018,1170,0,2.2320778,0.0086184,"[0.43880629539489746,-0.019863013178110123,-0.03153102099895477,0.8978086113929749]","[-0.011795633472502232,-0.003960414323955774,0.008618435822427273]","[-0.060127999633550644,-0.7494710087776184,9.718094825744629]",0.6372449,6245.000,"[0.0,0.0,0.0,0.0]","[0.0,0.0,0.0,0.0,0.0,0.0,0.0,0.0]","[0.0,0.0,0.0,0.0,0.0,0.0,0.0,0.0]",240,1,1
2026-08-12T11:00:44.838415+00:00,5220.120363,cycle_1_neutral_after_blocked,0.0000000,0.0000000,0.0000000,0.0000000,,,0,1,1,1,0,1,0.000000,11312,565650,1,0,1,1,0,1,0,1769306043,192,37216,5220069,1171,0,2.2325964,0.0074103,"[0.43857115507125854,-0.019892005249857903,-0.031855009496212006,0.8979114294052124]","[-0.013019457459449768,-0.005215655080974102,0.007410266902297735]","[-0.0672919973731041,-0.7543219923973083,9.71328353881836]",0.6372449,6245.000,"[0.0,0.0,0.0,0.0]","[0.0,0.0,0.0,0.0,0.0,0.0,0.0,0.0]","[0.0,0.0,0.0,0.0,0.0,0.0,0.0,0.0]",240,1,1
2026-08-12T11:00:44.890671+00:00,5220.172635,cycle_1_neutral_after_blocked,0.0000000,0.0000000,0.0000000,0.0000000,,,0,1,1,1,0,1,0.000000,11313,565700,1,0,1,1,0,1,0,1769306043,193,42296,5220121,1172,0,2.2330937,0.0079922,"[0.43834415078163147,-0.01995900832116604,-0.03214900940656662,0.8980103135108948]","[-0.012400075793266296,-0.0033403506968170404,0.007992229424417019]","[-0.07455799728631973,-0.7685750126838684,9.723007202148438]",0.6372449,6245.000,"[0.0,0.0,0.0,0.0]","[0.0,0.0,0.0,0.0,0.0,0.0,0.0,0.0]","[0.0,0.0,0.0,0.0,0.0,0.0,0.0,0.0]",240,1,1
2026-08-12T11:00:44.942845+00:00,5220.224960,cycle_1_neutral_after_blocked,0.0000000,0.0000000,0.0000000,0.0000000,,,0,1,1,1,0,1,0.000000,11314,565750,1,0,1,1,0,1,0,1769306043,194,49846,5220173,1173,0,2.2335818,0.0061431,"[0.4381222426891327,-0.02000301145017147,-0.03243201598525047,0.8981074094772339]","[-0.011782054789364338,-0.0023276759311556816,0.006143140606582165]","[-0.06817500293254852,-0.7670620083808899,9.719059944152832]",0.6617347,6485.000,"[0.0,0.0,0.0,0.0]","[0.0,0.0,0.0,0.0,0.0,0.0,0.0,0.0]","[0.0,0.0,0.0,0.0,0.0,0.0,0.0,0.0]",240,1,1
2026-08-12T11:00:44.995097+00:00,5220.277047,cycle_1_neutral_after_blocked,0.0000000,0.0000000,0.0000000,0.0000000,,,0,1,1,1,0,1,0.000000,11315,565800,1,0,1,1,0,1,0,1769306043,195,27539,5220226,1174,0,2.2340198,0.0061874,"[0.43792328238487244,-0.020037012174725533,-0.03268302232027054,0.8981946110725403]","[-0.009355663321912289,-0.004006996750831604,0.006187402177602053]","[-0.07452800124883652,-0.7662429809570312,9.718174934387207]",0.6617347,6485.000,"[0.0,0.0,0.0,0.0]","[0.0,0.0,0.0,0.0,0.0,0.0,0.0,0.0]","[0.0,0.0,0.0,0.0,0.0,0.0,0.0,0.0]",240,1,1
2026-08-12T11:00:45.047457+00:00,5220.329341,cycle_1_neutral_after_blocked,0.0000000,0.0000000,0.0000000,0.0000000,,,0,1,1,1,0,1,0.000000,11316,565850,1,0,1,1,0,1,0,1769306043,196,45233,5220278,1175,0,2.2344277,0.0073771,"[0.4377373456954956,-0.020085016265511513,-0.032884031534194946,0.8982768058776855]","[-0.007515283301472664,-0.001507999375462532,0.007377140689641237]","[-0.07695099711418152,-0.7586860060691833,9.739624977111816]",0.6812245,6676.000,"[0.0,0.0,0.0,0.0]","[0.0,0.0,0.0,0.0,0.0,0.0,0.0,0.0]","[0.0,0.0,0.0,0.0,0.0,0.0,0.0,0.0]",240,1,1
2026-08-12T11:00:45.099484+00:00,5220.381682,cycle_1_neutral_after_blocked,0.0000000,0.0000000,0.0000000,0.0000000,,,0,1,1,1,0,1,0.000000,11317,565900,1,0,1,1,0,1,0,1769306043,197,40410,5220330,1176,0,2.2348170,0.0049461,"[0.4375603497028351,-0.02012001723051071,-0.03306502848863602,0.8983556628227234]","[-0.006906303111463785,-0.0021666167303919792,0.004946088418364525]","[-0.09852399677038193,-0.7605890035629272,9.765793800354004]",0.6812245,6676.000,"[0.0,0.0,0.0,0.0]","[0.0,0.0,0.0,0.0,0.0,0.0,0.0,0.0]","[0.0,0.0,0.0,0.0,0.0,0.0,0.0,0.0]",240,1,1
2026-08-12T11:00:45.151633+00:00,5220.433624,cycle_1_neutral_after_blocked,0.0000000,0.0000000,0.0000000,0.0000000,,,0,1,1,1,0,1,0.000000,11318,565950,1,0,1,1,0,1,0,1769306043,198,53163,5220382,1177,0,2.2351651,0.0049350,"[0.43740230798721313,-0.02014901675283909,-0.033209022134542465,0.8984266519546509]","[-0.0069025675766170025,-0.0015427838079631329,0.004935023374855518]","[-0.09132199734449387,-0.7436010241508484,9.777619361877441]",0.6909183,6771.000,"[0.0,0.0,0.0,0.0]","[0.0,0.0,0.0,0.0,0.0,0.0,0.0,0.0]","[0.0,0.0,0.0,0.0,0.0,0.0,0.0,0.0]",240,1,1
2026-08-12T11:00:45.203746+00:00,5220.485855,cycle_1_neutral_after_blocked,0.0000000,0.0000000,0.0000000,0.0000000,,,0,1,1,1,0,1,0.000000,11319,566000,1,0,1,1,0,1,0,1769306043,199,30477,5220434,1178,0,2.2355444,0.0049351,"[0.43723052740097046,-0.02017202600836754,-0.03330804035067558,0.8985061049461365]","[-0.0032405878882855177,-0.0003186971298418939,0.004935075994580984]","[-0.08890199661254883,-0.7339169979095459,9.782302856445312]",0.6909183,6771.000,"[0.0,0.0,0.0,0.0]","[0.0,0.0,0.0,0.0,0.0,0.0,0.0,0.0]","[0.0,0.0,0.0,0.0,0.0,0.0,0.0,0.0]",240,1,1
2026-08-12T11:00:45.255891+00:00,5220.537879,cycle_1_neutral_after_blocked,0.0000000,0.0000000,0.0000000,0.0000000,,,0,1,1,1,0,1,0.000000,11320,566050,1,0,1,1,0,1,0,1769306043,200,27568,5220487,1179,0,2.2359118,0.0048908,"[0.4370643198490143,-0.02018701657652855,-0.033386025577783585,0.898583710193634]","[-0.005666979588568211,0.0013605889398604631,0.004890814423561096]","[-0.08099699765443802,-0.7468799948692322,9.776187896728516]",0.6984693,6845.000,"[0.0,0.0,0.0,0.0]","[0.0,0.0,0.0,0.0,0.0,0.0,0.0,0.0]","[0.0,0.0,0.0,0.0,0.0,0.0,0.0,0.0]",240,1,1
2026-08-12T11:00:45.308079+00:00,5220.590106,cycle_1_neutral_after_blocked,0.0000000,0.0000000,0.0000000,0.0000000,,,0,1,1,1,0,1,0.000000,11321,566100,1,0,1,1,0,1,0,1769306043,201,64112,5220539,1180,0,2.2362499,0.0048908,"[0.43691012263298035,-0.02023300528526306,-0.03342201188206673,0.8986562490463257]","[-0.0020049994345754385,0.002584675792604685,0.004890848882496357]","[-0.07458899915218353,-0.7389159798622131,9.774543762207031]",0.6984693,6845.000,"[0.0,0.0,0.0,0.0]","[0.0,0.0,0.0,0.0,0.0,0.0,0.0,0.0]","[0.0,0.0,0.0,0.0,0.0,0.0,0.0,0.0]",240,1,1
2026-08-12T11:00:45.360314+00:00,5220.642316,cycle_1_neutral_after_blocked,0.0000000,0.0000000,0.0000000,0.0000000,,,0,1,1,1,0,1,0.000000,11322,566150,1,0,1,1,0,1,0,1769306043,201,64112,5220539,1180,0,2.2365859,0.0055171,"[0.43675747513771057,-0.020272022113204002,-0.033412035554647446,0.8987299799919128]","[-0.0007902153301984072,0.0021686239633709192,0.005517073441296816]","[-0.07461699843406677,-0.7387939691543579,9.782538414001465]",0.6930612,6792.000,"[0.0,0.0,0.0,0.0]","[0.0,0.0,0.0,0.0,0.0,0.0,0.0,0.0]","[0.0,0.0,0.0,0.0,0.0,0.0,0.0,0.0]",240,1,1
2026-08-12T11:00:45.412653+00:00,5220.694573,cycle_1_neutral_after_blocked,0.0000000,0.0000000,0.0000000,0.0000000,,,0,1,1,1,0,1,0.000000,11323,566200,1,0,1,1,0,1,0,1769306043,202,40446,5220591,1181,0,2.2369246,0.0054913,"[0.43660351634025574,-0.020312022417783737,-0.033328037708997726,0.8988069891929626]","[0.002270132303237915,0.00464432081207633,0.005491294898092747]","[-0.07459600269794464,-0.7511870265007019,9.758733749389648]",0.6930612,6792.000,"[0.0,0.0,0.0,0.0]","[0.0,0.0,0.0,0.0,0.0,0.0,0.0,0.0]","[0.0,0.0,0.0,0.0,0.0,0.0,0.0,0.0]",240,1,1
2026-08-12T11:00:45.465003+00:00,5220.746901,cycle_1_neutral_after_blocked,0.0000000,0.0000000,0.0000000,0.0000000,,,0,1,1,1,0,1,0.000000,11324,566250,1,0,1,1,0,1,0,1769306043,203,22514,5220643,1182,0,2.2372756,0.0060991,"[0.436442494392395,-0.020392023026943207,-0.03317703679203987,0.8988890051841736]","[0.005322136916220188,0.005880048964172602,0.006099105812609196]","[-0.06261900067329407,-0.7563830018043518,9.737359046936035]",0.6862245,6725.000,"[0.0,0.0,0.0,0.0]","[0.0,0.0,0.0,0.0,0.0,0.0,0.0,0.0]","[0.0,0.0,0.0,0.0,0.0,0.0,0.0,0.0]",240,1,1
2026-08-12T11:00:45.517157+00:00,5220.799181,cycle_1_neutral_after_blocked,0.0000000,0.0000000,0.0000000,0.0000000,,,0,1,1,1,0,1,0.000000,11325,566300,1,0,1,1,0,1,0,1769306043,204,23522,5220695,1183,0,2.2375951,0.0036201,"[0.43629518151283264,-0.0204900074750185,-0.032981015741825104,0.8989654779434204]","[0.007167944684624672,0.008332761004567146,0.003620144445449114]","[-0.06975799798965454,-0.7613440155982971,9.725354194641113]",0.6862245,6725.000,"[0.0,0.0,0.0,0.0]","[0.0,0.0,0.0,0.0,0.0,0.0,0.0,0.0]","[0.0,0.0,0.0,0.0,0.0,0.0,0.0,0.0]",240,1,1
2026-08-12T11:00:45.569403+00:00,5220.851393,cycle_1_neutral_after_blocked,0.0000000,0.0000000,0.0000000,0.0000000,,,0,1,1,1,0,1,0.000000,11326,566350,1,0,1,1,0,1,0,1769306043,205,45688,5220748,1184,0,2.2379031,0.0032162,"[0.43615320324897766,-0.020580008625984192,-0.03273601457476616,0.8990412354469299]","[0.007777640596032143,0.008323684334754944,0.0032161881681531668]","[-0.053863998502492905,-0.7638469934463501,9.72397518157959]",0.6793877,6658.000,"[0.0,0.0,0.0,0.0]","[0.0,0.0,0.0,0.0,0.0,0.0,0.0,0.0]","[0.0,0.0,0.0,0.0,0.0,0.0,0.0,0.0]",240,1,1
2026-08-12T11:00:45.621612+00:00,5220.903627,cycle_1_neutral_after_blocked,0.0000000,0.0000000,0.0000000,0.0000000,,,0,1,1,1,0,1,0.000000,11327,566400,1,0,1,1,0,1,0,1769306043,206,43740,5220800,1185,0,2.2381711,0.0035894,"[0.436029314994812,-0.02068101428449154,-0.03244302421808243,0.8991097211837769]","[0.009416190907359123,0.010813693515956402,0.003589444328099489]","[-0.06176900118589401,-0.7640060186386108,9.711092948913574]",0.6793877,6658.000,"[0.0,0.0,0.0,0.0]","[0.0,0.0,0.0,0.0,0.0,0.0,0.0,0.0]","[0.0,0.0,0.0,0.0,0.0,0.0,0.0,0.0]",240,1,1
2026-08-12T11:00:45.673820+00:00,5220.955813,cycle_1_neutral_after_blocked,0.0000000,0.0000000,0.0000000,0.0000000,,,0,1,1,1,0,1,0.000000,11328,566450,1,0,1,1,0,1,0,1769306043,207,53755,5220852,1186,0,2.2384403,0.0023973,"[0.4359055161476135,-0.02076702192425728,-0.032102037221193314,0.899179995059967]","[0.009000750258564949,0.00892938394099474,0.0023972622584551573]","[-0.0577940009534359,-0.7640249729156494,9.711138725280762]",0.6763265,6628.000,"[0.0,0.0,0.0,0.0]","[0.0,0.0,0.0,0.0,0.0,0.0,0.0,0.0]","[0.0,0.0,0.0,0.0,0.0,0.0,0.0,0.0]",240,1,1
2026-08-12T11:00:45.725951+00:00,5221.007950,cycle_1_neutral_after_blocked,0.0000000,0.0000000,0.0000000,0.0000000,,,0,1,1,1,0,1,0.000000,11329,566500,1,0,1,1,0,1,0,1769306043,208,22452,5220904,1187,0,2.2386708,0.0036165,"[0.43579909205436707,-0.02085200324654579,-0.03177700564265251,0.8992411494255066]","[0.010220839641988277,0.009560775011777878,0.0036164794582873583]","[-0.07209199666976929,-0.7664740085601807,9.703813552856445]",0.6763265,6628.000,"[0.0,0.0,0.0,0.0]","[0.0,0.0,0.0,0.0,0.0,0.0,0.0,0.0]","[0.0,0.0,0.0,0.0,0.0,0.0,0.0,0.0]",240,1,1
2026-08-12T11:00:45.778090+00:00,5221.060104,cycle_1_neutral_after_blocked,0.0000000,0.0000000,0.0000000,0.0000000,,,0,1,1,1,0,1,0.000000,11330,566550,1,0,1,1,0,1,0,1769306043,209,28412,5220957,1188,0,2.2388818,0.0018079,"[0.43570250272750854,-0.020917024463415146,-0.031417038291692734,0.8992990851402283]","[0.010825177654623985,0.00828602071851492,0.001807934371754527]","[-0.08402200043201447,-0.7639399766921997,9.708436965942383]",0.6763265,6628.000,"[0.0,0.0,0.0,0.0]","[0.0,0.0,0.0,0.0,0.0,0.0,0.0,0.0]","[0.0,0.0,0.0,0.0,0.0,0.0,0.0,0.0]",240,1,1
2026-08-12T11:00:45.831344+00:00,5221.112304,cycle_1_neutral_after_blocked,0.0000000,0.0000000,0.0000000,0.0000000,,,0,1,1,1,0,1,0.000000,11332,566650,1,0,1,1,0,1,0,1769306043,211,24499,5221061,1190,0,2.2392488,0.0012346,"[0.43553659319877625,-0.02098803035914898,-0.030742043629288673,0.8994011282920837]","[0.009796010330319405,0.005789501592516899,0.00123455876018852]","[-0.10944099724292755,-0.7458779811859131,9.727869033813477]",0.6650000,6517.000,"[0.0,0.0,0.0,0.0]","[0.0,0.0,0.0,0.0,0.0,0.0,0.0,0.0]","[0.0,0.0,0.0,0.0,0.0,0.0,0.0,0.0]",240,1,1
2026-08-12T11:00:45.883551+00:00,5221.165548,cycle_1_neutral_after_blocked,0.0000000,0.0000000,0.0000000,0.0000000,,,0,1,1,1,0,1,0.000000,11333,566700,1,0,1,1,0,1,0,1769306043,212,37266,5221114,1191,0,2.2394137,0.0016520,"[0.43546316027641296,-0.02098800800740719,-0.030461011454463005,0.8994461894035339]","[0.007757639512419701,0.004560074303299189,0.0016520065255463123]","[-0.12526799738407135,-0.7165979743003845,9.749646186828613]",0.6560204,6429.000,"[0.0,0.0,0.0,0.0]","[0.0,0.0,0.0,0.0,0.0,0.0,0.0,0.0]","[0.0,0.0,0.0,0.0,0.0,0.0,0.0,0.0]",240,1,1
2026-08-12T11:00:45.935803+00:00,5221.217766,cycle_1_neutral_after_blocked,0.0000000,0.0000000,0.0000000,0.0000000,,,0,1,1,1,0,1,0.000000,11334,566750,1,0,1,1,0,1,0,1769306043,213,9396,5221166,1192,0,2.2395694,0.0007066,"[0.435396283864975,-0.020932013168931007,-0.03020402044057846,0.8994885683059692]","[0.008954918012022972,0.000796306470874697,0.0007066489197313786]","[-0.11964999884366989,-0.7078289985656738,9.747981071472168]",0.6560204,6429.000,"[0.0,0.0,0.0,0.0]","[0.0,0.0,0.0,0.0,0.0,0.0,0.0,0.0]","[0.0,0.0,0.0,0.0,0.0,0.0,0.0,0.0]",240,1,1
2026-08-12T11:00:45.988138+00:00,5221.269987,cycle_1_neutral_after_blocked,0.0000000,0.0000000,0.0000000,0.0000000,,,0,1,1,1,0,1,0.000000,11335,566800,1,0,1,1,0,1,0,1769306043,214,43341,5221219,1193,0,2.2397590,0.0025152,"[0.43531423807144165,-0.020870011299848557,-0.029971014708280563,0.8995375037193298]","[0.008350597694516182,0.0020710602402687073,0.002515211468562484]","[-0.12687799334526062,-0.705024003982544,9.771846771240234]",0.6541836,6411.000,"[0.0,0.0,0.0,0.0]","[0.0,0.0,0.0,0.0,0.0,0.0,0.0,0.0]","[0.0,0.0,0.0,0.0,0.0,0.0,0.0,0.0]",240,1,1
2026-08-12T11:00:46.040494+00:00,5221.322403,cycle_1_neutral_after_blocked,0.0000000,0.0000000,0.0000000,0.0000000,,,0,1,1,1,0,1,0.000000,11336,566850,1,0,1,1,0,1,0,1769306043,215,60223,5221271,1194,0,2.2399695,0.0012960,"[0.43522346019744873,-0.020789019763469696,-0.029773028567433357,0.8995898962020874]","[0.007130490615963936,0.0014396697515621781,0.0012959768064320087]","[-0.12682700157165527,-0.6855610013008118,9.785953521728516]",0.6541836,6411.000,"[0.0,0.0,0.0,0.0]","[0.0,0.0,0.0,0.0,0.0,0.0,0.0,0.0]","[0.0,0.0,0.0,0.0,0.0,0.0,0.0,0.0]",240,1,1
2026-08-12T11:00:46.092886+00:00,5221.374730,cycle_1_neutral_after_blocked,0.0000000,0.0000000,0.0000000,0.0000000,,,0,1,1,1,0,1,0.000000,11337,566900,1,0,1,1,0,1,0,1769306043,216,26207,5221323,1195,0,2.2401447,0.0013033,"[0.43514853715896606,-0.020704025402665138,-0.029624037444591522,0.89963299036026]","[0.0028556901961565018,-0.00040430555236525834,0.0013032896677032113]","[-0.13398200273513794,-0.6756860017776489,9.800118446350098]",0.6468368,6339.000,"[0.0,0.0,0.0,0.0]","[0.0,0.0,0.0,0.0,0.0,0.0,0.0,0.0]","[0.0,0.0,0.0,0.0,0.0,0.0,0.0,0.0]",240,1,1
2026-08-12T11:00:46.144083+00:00,5221.427073,cycle_1_neutral_after_blocked,0.0000000,0.0000000,0.0000000,0.0000000,,,0,1,1,1,0,1,0.000000,11338,566950,1,0,1,1,0,1,0,1769306043,217,3182,5221376,1196,0,2.2403715,0.0021726,"[0.4350512623786926,-0.02059101313352585,-0.029535017907619476,0.8996855616569519]","[0.00446378393098712,-0.002899882150813937,0.0021726381964981556]","[-0.12681500613689423,-0.682328999042511,9.787505149841309]",0.6468368,6339.000,"[0.0,0.0,0.0,0.0]","[0.0,0.0,0.0,0.0,0.0,0.0,0.0,0.0]","[0.0,0.0,0.0,0.0,0.0,0.0,0.0,0.0]",240,1,1
2026-08-12T11:00:46.195008+00:00,5221.478029,cycle_1_neutral_after_blocked,0.0000000,0.0000000,0.0000000,0.0000000,,,0,1,1,1,0,1,0.000000,11339,567000,1,0,1,1,0,1,0,1769306043,218,64989,5221427,1197,0,2.2406068,0.0013180,"[0.43494951725006104,-0.020487023517489433,-0.029506037011742592,0.899738073348999]","[-0.0008112639770843089,-0.0024601812474429607,0.0013180029345676303]","[-0.11087500303983688,-0.6792929768562317,9.78124713897705]",0.6494898,6365.000,"[0.0,0.0,0.0,0.0]","[0.0,0.0,0.0,0.0,0.0,0.0,0.0,0.0]","[0.0,0.0,0.0,0.0,0.0,0.0,0.0,0.0]",240,1,1
2026-08-12T11:00:46.245926+00:00,5221.528942,cycle_1_neutral_after_blocked,0.0000000,0.0000000,0.0000000,0.0000000,,,0,1,1,1,0,1,0.000000,11340,567050,1,0,1,1,0,1,0,1769306043,219,44812,5221478,1198,0,2.2408321,0.0025778,"[0.4348512589931488,-0.02040301263332367,-0.029529018327593803,0.8997867107391357]","[0.0003951251273974776,-0.004116184543818235,0.0025777816772460938]","[-0.11486300081014633,-0.6833199858665466,9.778861999511719]",0.6494898,6365.000,"[0.0,0.0,0.0,0.0]","[0.0,0.0,0.0,0.0,0.0,0.0,0.0,0.0]","[0.0,0.0,0.0,0.0,0.0,0.0,0.0,0.0]",240,1,1
2026-08-12T11:00:46.296816+00:00,5221.579896,cycle_1_neutral_after_blocked,0.0000000,0.0000000,0.0000000,0.0000000,,,0,1,1,1,0,1,0.000000,11341,567100,1,0,1,1,0,1,0,1769306043,220,22648,5221529,1199,0,2.2410181,0.0013585,"[0.4347704350948334,-0.02032501995563507,-0.02958003059029579,0.8998258709907532]","[-0.00265593733638525,-0.005359626840800047,0.001358529319986701]","[-0.10523699969053268,-0.6837310194969177,9.754989624023438]",0.6486735,6357.000,"[0.0,0.0,0.0,0.0]","[0.0,0.0,0.0,0.0,0.0,0.0,0.0,0.0]","[0.0,0.0,0.0,0.0,0.0,0.0,0.0,0.0]",240,1,1
2026-08-12T11:00:46.347922+00:00,5221.630925,cycle_1_neutral_after_blocked,0.0000000,0.0000000,0.0000000,0.0000000,,,0,1,1,1,0,1,0.000000,11342,567150,1,0,1,1,0,1,0,1769306043,221,2729,5221580,1200,0,2.2411656,0.0001209,"[0.43470728397369385,-0.02023501507937908,-0.029660020023584366,0.8998557925224304]","[-0.00325948977842927,-0.004747278057038784,0.00012086405331501737]","[-0.09095200151205063,-0.6984490156173706,9.74097728729248]",0.6486735,6357.000,"[0.0,0.0,0.0,0.0]","[0.0,0.0,0.0,0.0,0.0,0.0,0.0,0.0]","[0.0,0.0,0.0,0.0,0.0,0.0,0.0,0.0]",240,1,1
2026-08-12T11:00:46.398909+00:00,5221.681914,cycle_1_neutral_after_blocked,0.0000000,0.0000000,0.0000000,0.0000000,,,0,1,1,1,0,1,0.000000,11343,567200,1,0,1,1,0,1,0,1769306043,222,64282,5221631,1201,0,2.2412949,-0.0011094,"[0.4346514046192169,-0.02016501873731613,-0.029797028750181198,0.8998798131942749]","[-0.00447584455832839,-0.004754835274070501,-0.0011094011133536696]","[-0.08617699891328812,-0.7058699727058411,9.729147911071777]",0.6505102,6375.000,"[0.0,0.0,0.0,0.0]","[0.0,0.0,0.0,0.0,0.0,0.0,0.0,0.0]","[0.0,0.0,0.0,0.0,0.0,0.0,0.0,0.0]",240,1,1
2026-08-12T11:00:46.449753+00:00,5221.732870,cycle_1_neutral_after_blocked,0.0000000,0.0000000,0.0000000,0.0000000,,,0,1,1,1,0,1,0.000000,11344,567250,1,0,1,1,0,1,0,1769306043,223,42059,5221682,1202,0,2.2413855,-0.0017025,"[0.4346122443675995,-0.020114008337259293,-0.029926016926765442,0.8998956084251404]","[-0.006922499276697636,-0.006618340965360403,-0.0017024640692397952]","[-0.07429400086402893,-0.7205039858818054,9.719903945922852]",0.6505102,6375.000,"[0.0,0.0,0.0,0.0]","[0.0,0.0,0.0,0.0,0.0,0.0,0.0,0.0]","[0.0,0.0,0.0,0.0,0.0,0.0,0.0,0.0]",255,1,1
2026-08-12T11:00:46.501743+00:00,5221.783709,cycle_1_neutral_after_blocked,0.0000000,0.0000000,0.0000000,0.0000000,,,0,1,1,1,0,1,0.000000,11345,567300,1,0,1,1,0,1,0,1769306043,224,15372,5221733,1203,0,2.2414639,-0.0015060,"[0.4345792829990387,-0.020036013796925545,-0.030156021937727928,0.8999056220054626]","[-0.0069203004240989685,-0.006199863739311695,-0.001506009721197188]","[-0.07749699801206589,-0.7236719727516174,9.721513748168945]",0.6505102,6375.000,"[0.0,0.0,0.0,0.0]","[0.0,0.0,0.0,0.0,0.0,0.0,0.0,0.0]","[0.0,0.0,0.0,0.0,0.0,0.0,0.0,0.0]",240,1,1
2026-08-12T11:00:46.553003+00:00,5221.835965,cycle_1_neutral_after_blocked,0.0000000,0.0000000,0.0000000,0.0000000,,,0,1,1,1,0,1,0.000000,11346,567350,1,0,1,1,0,1,0,1769306043,225,452,5221784,1204,0,2.2415462,-0.0017061,"[0.43454527854919434,-0.01994401030242443,-0.03035002015531063,0.8999175429344177]","[-0.007531584706157446,-0.006614396348595619,-0.0017061467515304685]","[-0.0742650032043457,-0.7230929732322693,9.707948684692383]",0.6471428,6342.000,"[0.0,0.0,0.0,0.0]","[0.0,0.0,0.0,0.0,0.0,0.0,0.0,0.0]","[0.0,0.0,0.0,0.0,0.0,0.0,0.0,0.0]",240,1,1
2026-08-12T11:00:46.605008+00:00,5221.886999,cycle_1_neutral_after_blocked,0.0000000,0.0000000,0.0000000,0.0000000,,,0,1,1,1,0,1,0.000000,11347,567400,1,0,1,1,0,1,0,1769306043,226,26186,5221836,1205,0,2.2415867,-0.0022992,"[0.434529185295105,-0.019871007651090622,-0.030573010444641113,0.899919331073761]","[-0.006316241808235645,-0.007253814954310656,-0.00229915720410645]","[-0.07912799715995789,-0.7325090169906616,9.720026016235352]",0.6471428,6342.000,"[0.0,0.0,0.0,0.0]","[0.0,0.0,0.0,0.0,0.0,0.0,0.0,0.0]","[0.0,0.0,0.0,0.0,0.0,0.0,0.0,0.0]",240,1,1
2026-08-12T11:00:46.656225+00:00,5221.939220,cycle_1_neutral_after_blocked,0.0000000,0.0000000,0.0000000,0.0000000,,,0,1,1,1,0,1,0.000000,11348,567450,1,0,1,1,0,1,0,1769306043,227,54751,5221888,1206,0,2.2416401,-0.0023287,"[0.4345082938671112,-0.019778015092015266,-0.030803022906184196,0.8999236822128296]","[-0.009357932023704052,-0.00661031249910593,-0.002328688045963645]","[-0.08632999658584595,-0.7298139929771423,9.736696243286133]",0.6485714,6356.000,"[0.0,0.0,0.0,0.0]","[0.0,0.0,0.0,0.0,0.0,0.0,0.0,0.0]","[0.0,0.0,0.0,0.0,0.0,0.0,0.0,0.0]",240,1,1
2026-08-12T11:00:46.708228+00:00,5221.990250,cycle_1_neutral_after_blocked,0.0000000,0.0000000,0.0000000,0.0000000,,,0,1,1,1,0,1,0.000000,11349,567500,1,0,1,1,0,1,0,1769306043,228,9323,5221939,1207,0,2.2417068,-0.0023029,"[0.434481143951416,-0.019687006250023842,-0.031051011756062508,0.8999301791191101]","[-0.00875631719827652,-0.007861923426389694,-0.0023028745781630278]","[-0.0958620011806488,-0.7199649810791016,9.748433113098145]",0.6485714,6356.000,"[0.0,0.0,0.0,0.0]","[0.0,0.0,0.0,0.0,0.0,0.0,0.0,0.0]","[0.0,0.0,0.0,0.0,0.0,0.0,0.0,0.0]",240,1,1
2026-08-12T11:00:46.759469+00:00,5222.042392,cycle_1_neutral_after_blocked,0.0000000,0.0000000,0.0000000,0.0000000,,,0,1,1,1,0,1,0.000000,11350,567550,1,0,1,1,0,1,0,1769306043,228,9323,5221939,1207,0,2.2417912,-0.0010910,"[0.4344462752342224,-0.019591011106967926,-0.03130001947283745,0.899940550327301]","[-0.006923390086740255,-0.006610626354813576,-0.0010910052806138992]","[-0.09113000333309174,-0.7173619866371155,9.762843132019043]",0.6511225,6381.000,"[0.0,0.0,0.0,0.0]","[0.0,0.0,0.0,0.0,0.0,0.0,0.0,0.0]","[0.0,0.0,0.0,0.0,0.0,0.0,0.0,0.0]",240,1,1
2026-08-12T11:00:46.811566+00:00,5222.093485,cycle_1_neutral_after_blocked,0.0000000,0.0000000,0.0000000,0.0000000,,,0,1,1,1,0,1,0.000000,11351,567600,1,0,1,1,0,1,0,1769306043,229,58343,5221991,1208,0,2.2419419,-0.0011058,"[0.43438124656677246,-0.019505009055137634,-0.031538017094135284,0.8999654650688171]","[-0.008139081299304962,-0.006186860613524914,-0.0011057708179578185]","[-0.09355899691581726,-0.7212619781494141,9.769268989562988]",0.6511225,6381.000,"[0.0,0.0,0.0,0.0]","[0.0,0.0,0.0,0.0,0.0,0.0,0.0,0.0]","[0.0,0.0,0.0,0.0,0.0,0.0,0.0,0.0]",240,1,1
2026-08-12T11:00:46.862668+00:00,5222.145605,cycle_1_neutral_after_blocked,0.0000000,0.0000000,0.0000000,0.0000000,,,0,1,1,1,0,1,0.000000,11352,567650,1,0,1,1,0,1,0,1769306043,230,32301,5222042,1209,0,2.2420712,-0.0017356,"[0.4343261122703552,-0.01941600628197193,-0.031730011105537415,0.8999872207641602]","[-0.0069112940691411495,-0.004746806807816029,-0.0017356252064928412]","[-0.09360499680042267,-0.7243469953536987,9.77730941772461]",0.6551021,6420.000,"[0.0,0.0,0.0,0.0]","[0.0,0.0,0.0,0.0,0.0,0.0,0.0,0.0]","[0.0,0.0,0.0,0.0,0.0,0.0,0.0,0.0]",240,1,1
2026-08-12T11:00:46.913813+00:00,5222.196609,cycle_1_neutral_after_blocked,0.0000000,0.0000000,0.0000000,0.0000000,,,0,1,1,1,0,1,0.000000,11353,567700,1,0,1,1,0,1,0,1769306043,231,47521,5222094,1210,0,2.2421927,-0.0011205,"[0.43427419662475586,-0.019334008917212486,-0.031889013946056366,0.9000084400177002]","[-0.004472109489142895,-0.004131002351641655,-0.0011204665061086416]","[-0.0935709998011589,-0.7097309827804565,9.78908920288086]",0.6551021,6420.000,"[0.0,0.0,0.0,0.0]","[0.0,0.0,0.0,0.0,0.0,0.0,0.0,0.0]","[0.0,0.0,0.0,0.0,0.0,0.0,0.0,0.0]",240,1,1
2026-08-12T11:00:46.965746+00:00,5222.247901,cycle_1_neutral_after_blocked,0.0000000,0.0000000,0.0000000,0.0000000,,,0,1,1,1,0,1,0.000000,11354,567750,1,0,1,1,0,1,0,1769306043,232,54182,5222146,1211,0,2.2423110,-0.0011426,"[0.43422335386276245,-0.019267017021775246,-0.03202102705836296,0.9000297784805298]","[-0.004464657045900822,-0.002883319044485688,-0.0011425799457356334]","[-0.08399199694395065,-0.7124009728431702,9.774847030639648]",0.6613265,6481.000,"[0.0,0.0,0.0,0.0]","[0.0,0.0,0.0,0.0,0.0,0.0,0.0,0.0]","[0.0,0.0,0.0,0.0,0.0,0.0,0.0,0.0]",240,1,1
2026-08-12T11:00:47.017420+00:00,5222.299854,cycle_1_neutral_after_blocked,0.0000000,0.0000000,0.0000000,0.0000000,,,0,1,1,1,0,1,0.000000,11355,567800,1,0,1,1,0,1,0,1769306043,233,22373,5222197,1212,0,2.2423897,-0.0011204,"[0.4341903030872345,-0.019201012328267097,-0.03212002292275429,0.9000436067581177]","[-0.0008101295097731054,-0.002906915731728077,-0.0011204141192138195]","[-0.07672999799251556,-0.7055109739303589,9.755637168884277]",0.6613265,6481.000,"[0.0,0.0,0.0,0.0]","[0.0,0.0,0.0,0.0,0.0,0.0,0.0,0.0]","[0.0,0.0,0.0,0.0,0.0,0.0,0.0,0.0]",240,1,1
2026-08-12T11:00:47.069593+00:00,5222.351535,cycle_1_neutral_after_blocked,0.0000000,0.0000000,0.0000000,0.0000000,,,0,1,1,1,0,1,0.000000,11356,567850,1,0,1,1,0,1,0,1769306043,234,55820,5222249,1213,0,2.2424443,-0.0023728,"[0.4341683089733124,-0.019132012501358986,-0.03217502310872078,0.9000536799430847]","[-0.0020190319046378136,-0.0016667895251885056,-0.0023728273808956146]","[-0.055268000811338425,-0.7129729986190796,9.74639892578125]",0.6639795,6507.000,"[0.0,0.0,0.0,0.0]","[0.0,0.0,0.0,0.0,0.0,0.0,0.0,0.0]","[0.0,0.0,0.0,0.0,0.0,0.0,0.0,0.0]",240,1,1
2026-08-12T11:00:47.121843+00:00,5222.403840,cycle_1_neutral_after_blocked,0.0000000,0.0000000,0.0000000,0.0000000,,,0,1,1,1,0,1,0.000000,11357,567900,1,0,1,1,0,1,0,1769306043,235,3363,5222300,1214,0,2.2424774,-0.0023728,"[0.43415528535842896,-0.019084012135863304,-0.03221402317285538,0.9000595808029175]","[-0.0007983659743331373,-0.0012587663950398564,-0.0023728099185973406]","[-0.055291999131441116,-0.7169690132141113,9.747257232666016]",0.6639795,6507.000,"[0.0,0.0,0.0,0.0]","[0.0,0.0,0.0,0.0,0.0,0.0,0.0,0.0]","[0.0,0.0,0.0,0.0,0.0,0.0,0.0,0.0]",240,1,1
2026-08-12T11:00:47.174057+00:00,5222.456055,cycle_1_neutral_after_blocked,0.0000000,0.0000000,0.0000000,0.0000000,,,0,1,1,1,0,1,0.000000,11358,567950,1,0,1,1,0,1,0,1769306043,236,5504,5222352,1215,0,2.2424560,-0.0036252,"[0.4341660737991333,-0.019054003059864044,-0.03223700821399689,0.9000542163848877]","[0.0004340459418017417,0.0007974060135893524,-0.003625206183642149]","[-0.06006399914622307,-0.722681999206543,9.739290237426758]",0.6639795,6507.000,"[0.0,0.0,0.0,0.0]","[0.0,0.0,0.0,0.0,0.0,0.0,0.0,0.0]","[0.0,0.0,0.0,0.0,0.0,0.0,0.0,0.0]",240,1,1
2026-08-12T11:00:47.225711+00:00,5222.508214,cycle_1_neutral_after_blocked,0.0000000,0.0000000,0.0000000,0.0000000,,,0,1,1,1,0,1,0.000000,11359,568000,1,0,1,1,0,1,0,1769306043,237,5626,5222405,1216,0,2.2423744,-0.0042293,"[0.4342033267021179,-0.019041014835238457,-0.032204024493694305,0.9000377058982849]","[0.0016531236469745636,0.0007818202138878405,-0.004229264333844185]","[-0.045740000903606415,-0.7203429937362671,9.739420890808105]",0.6735714,6601.000,"[0.0,0.0,0.0,0.0]","[0.0,0.0,0.0,0.0,0.0,0.0,0.0,0.0]","[0.0,0.0,0.0,0.0,0.0,0.0,0.0,0.0]",240,1,1
2026-08-12T11:00:47.277847+00:00,5222.559758,cycle_1_neutral_after_blocked,0.0000000,0.0000000,0.0000000,0.0000000,,,0,1,1,1,0,1,0.000000,11360,568050,1,0,1,1,0,1,0,1769306043,238,9272,5222457,1217,0,2.2422988,-0.0036510,"[0.43423742055892944,-0.01904601790010929,-0.03213203325867653,0.9000237584114075]","[0.0016634209314361215,0.0026610512286424637,-0.003650984726846218]","[-0.033883001655340195,-0.7397869825363159,9.73024845123291]",0.6735714,6601.000,"[0.0,0.0,0.0,0.0]","[0.0,0.0,0.0,0.0,0.0,0.0,0.0,0.0]","[0.0,0.0,0.0,0.0,0.0,0.0,0.0,0.0]",240,1,1
2026-08-12T11:00:47.329579+00:00,5222.612053,cycle_1_neutral_after_blocked,0.0000000,0.0000000,0.0000000,0.0000000,,,0,1,1,1,0,1,0.000000,11361,568100,1,0,1,1,0,1,0,1769306043,239,58292,5222509,1218,0,2.2422106,-0.0030285,"[0.4342764616012573,-0.019069019705057144,-0.032032035291194916,0.900007963180542]","[0.0016587784048169851,0.0020449324510991573,-0.0030284777749329805]","[-0.03858499974012375,-0.7351379990577698,9.718131065368652]",0.6786734,6651.000,"[0.0,0.0,0.0,0.0]","[0.0,0.0,0.0,0.0,0.0,0.0,0.0,0.0]","[0.0,0.0,0.0,0.0,0.0,0.0,0.0,0.0]",240,1,1
2026-08-12T11:00:47.382485+00:00,5222.663703,cycle_1_neutral_after_blocked,0.0000000,0.0000000,0.0000000,0.0000000,,,0,1,1,1,0,1,0.000000,11363,568200,1,0,1,1,0,1,0,1769306043,241,11306,5222612,1220,0,2.2420840,-0.0036768,"[0.4343312084674835,-0.019139008596539497,-0.03176401928067207,0.8999895453453064]","[0.0028927959501743317,0.004524713847786188,-0.0036767807323485613]","[-0.05045999959111214,-0.7271019816398621,9.71547794342041]",0.6928571,6790.000,"[0.0,0.0,0.0,0.0]","[0.0,0.0,0.0,0.0,0.0,0.0,0.0,0.0]","[0.0,0.0,0.0,0.0,0.0,0.0,0.0,0.0]",240,1,1
2026-08-12T11:00:47.434694+00:00,5222.716608,cycle_1_neutral_after_blocked,0.0000000,0.0000000,0.0000000,0.0000000,,,0,1,1,1,0,1,0.000000,11364,568250,1,0,1,1,0,1,0,1769306043,242,18100,5222665,1221,0,2.2420590,-0.0024612,"[0.43434110283851624,-0.019186003133654594,-0.03158201277256012,0.8999902009963989]","[0.005334790796041489,0.005772083532065153,-0.002461211057379842]","[-0.04814299941062927,-0.7350209951400757,9.722817420959473]",0.6928571,6790.000,"[0.0,0.0,0.0,0.0]","[0.0,0.0,0.0,0.0,0.0,0.0,0.0,0.0]","[0.0,0.0,0.0,0.0,0.0,0.0,0.0,0.0]",240,1,1
2026-08-12T11:00:47.486970+00:00,5222.768912,cycle_1_neutral_after_blocked,0.0000000,0.0000000,0.0000000,0.0000000,,,0,1,1,1,0,1,0.000000,11365,568300,1,0,1,1,0,1,0,1769306043,243,15763,5222717,1222,0,2.2420192,-0.0025313,"[0.4343564212322235,-0.019261019304394722,-0.03139102831482887,0.8999878168106079]","[0.004748116247355938,0.009519060142338276,-0.002531251171603799]","[-0.06718599796295166,-0.7227960228919983,9.729615211486816]",0.6933673,6795.000,"[0.0,0.0,0.0,0.0]","[0.0,0.0,0.0,0.0,0.0,0.0,0.0,0.0]","[0.0,0.0,0.0,0.0,0.0,0.0,0.0,0.0]",240,1,1
2026-08-12T11:00:47.539331+00:00,5222.821233,cycle_1_neutral_after_blocked,0.0000000,0.0000000,0.0000000,0.0000000,,,0,1,1,1,0,1,0.000000,11366,568350,1,0,1,1,0,1,0,1769306043,244,56020,5222770,1223,0,2.2419868,-0.0024944,"[0.4343685209751129,-0.019338024780154228,-0.031198039650917053,0.8999871015548706]","[0.005345996003597975,0.007643599528819323,-0.0024943898897618055]","[-0.07442200183868408,-0.7199540138244629,9.755876541137695]",0.6933673,6795.000,"[0.0,0.0,0.0,0.0]","[0.0,0.0,0.0,0.0,0.0,0.0,0.0,0.0]","[0.0,0.0,0.0,0.0,0.0,0.0,0.0,0.0]",240,1,1
2026-08-12T11:00:47.591667+00:00,5222.873552,cycle_1_neutral_after_blocked,0.0000000,0.0000000,0.0000000,0.0000000,,,0,1,1,1,0,1,0.000000,11367,568400,1,0,1,1,0,1,0,1769306043,245,62271,5222822,1224,0,2.2419631,-0.0031022,"[0.43437618017196655,-0.01942300796508789,-0.031000012531876564,0.8999883532524109]","[0.004124998115003109,0.007019923999905586,-0.0031021658796817064]","[-0.09343499690294266,-0.6955559849739075,9.77209186553955]",0.6889796,6752.000,"[0.0,0.0,0.0,0.0]","[0.0,0.0,0.0,0.0,0.0,0.0,0.0,0.0]","[0.0,0.0,0.0,0.0,0.0,0.0,0.0,0.0]",240,1,1
2026-08-12T11:00:47.643996+00:00,5222.925896,cycle_1_neutral_after_blocked,0.0000000,0.0000000,0.0000000,0.0000000,,,0,1,1,1,0,1,0.000000,11368,568450,1,0,1,1,0,1,0,1769306043,246,5583,5222874,1225,0,2.2419477,-0.0037357,"[0.43438032269477844,-0.019508015364408493,-0.030820023268461227,0.8999907374382019]","[0.0041333758272230625,0.008259893395006657,-0.003735737642273307]","[-0.09822600334882736,-0.692982017993927,9.781594276428223]",0.6889796,6752.000,"[0.0,0.0,0.0,0.0]","[0.0,0.0,0.0,0.0,0.0,0.0,0.0,0.0]","[0.0,0.0,0.0,0.0,0.0,0.0,0.0,0.0]",240,1,1
2026-08-12T11:00:47.696291+00:00,5222.978240,cycle_1_neutral_after_blocked,0.0000000,0.0000000,0.0000000,0.0000000,,,0,1,1,1,0,1,0.000000,11369,568500,1,0,1,1,0,1,0,1769306043,247,19501,5222927,1226,0,2.2419131,-0.0024907,"[0.4343934655189514,-0.019582020118832588,-0.03064003586769104,0.8999889492988586]","[0.002903425134718418,0.006619597785174847,-0.0024907244369387627]","[-0.10143899917602539,-0.696927011013031,9.78481388092041]",0.6929592,6791.000,"[0.0,0.0,0.0,0.0]","[0.0,0.0,0.0,0.0,0.0,0.0,0.0,0.0]","[0.0,0.0,0.0,0.0,0.0,0.0,0.0,0.0]",240,1,1
2026-08-12T11:00:47.748569+00:00,5223.030548,cycle_1_neutral_after_blocked,0.0000000,0.0000000,0.0000000,0.0000000,,,0,1,1,1,0,1,0.000000,11370,568550,1,0,1,1,0,1,0,1769306043,248,21632,5222979,1227,0,2.2418430,-0.0036952,"[0.43442216515541077,-0.019666006788611412,-0.030462011694908142,0.899979293346405]","[0.0035093510523438454,0.005768452771008015,-0.003695193910971284]","[-0.11490999907255173,-0.6855790019035339,9.78848934173584]",0.6929592,6791.000,"[0.0,0.0,0.0,0.0]","[0.0,0.0,0.0,0.0,0.0,0.0,0.0,0.0]","[0.0,0.0,0.0,0.0,0.0,0.0,0.0,0.0]",240,1,1
2026-08-12T11:00:47.800819+00:00,5223.082780,cycle_1_neutral_after_blocked,0.0000000,0.0000000,0.0000000,0.0000000,,,0,1,1,1,0,1,0.000000,11371,568600,1,0,1,1,0,1,0,1769306043,249,12199,5223031,1228,0,2.2417541,-0.0036989,"[0.4344600737094879,-0.019735002890229225,-0.03029400296509266,0.8999651670455933]","[0.0029002660885453224,0.0057723973877727985,-0.003698894055560231]","[-0.1053600013256073,-0.6807389855384827,9.793325424194336]",0.6906123,6768.000,"[0.0,0.0,0.0,0.0]","[0.0,0.0,0.0,0.0,0.0,0.0,0.0,0.0]","[0.0,0.0,0.0,0.0,0.0,0.0,0.0,0.0]",240,1,1
2026-08-12T11:00:47.853209+00:00,5223.135172,cycle_1_neutral_after_blocked,0.0000000,0.0000000,0.0000000,0.0000000,,,0,1,1,1,0,1,0.000000,11372,568650,1,0,1,1,0,1,0,1769306043,250,26175,5223084,1229,0,2.2416697,-0.0036952,"[0.4344962537288666,-0.019793013110756874,-0.03014202043414116,0.8999515175819397]","[0.0035093510523438454,0.005768452771008015,-0.003695193910971284]","[-0.09342599660158157,-0.6857510209083557,9.783941268920898]",0.6906123,6768.000,"[0.0,0.0,0.0,0.0]","[0.0,0.0,0.0,0.0,0.0,0.0,0.0,0.0]","[0.0,0.0,0.0,0.0,0.0,0.0,0.0,0.0]",240,1,1
2026-08-12T11:00:47.905463+00:00,5223.187389,cycle_1_neutral_after_blocked,0.0000000,0.0000000,0.0000000,0.0000000,,,0,1,1,1,0,1,0.000000,11373,568700,1,0,1,1,0,1,0,1769306043,251,56985,5223136,1230,0,2.2415247,-0.0060857,"[0.4345601797103882,-0.019836006686091423,-0.030032014474272728,0.8999233841896057]","[0.001663298811763525,0.0020063607953488827,-0.006085736211389303]","[-0.0838179960846901,-0.6860880255699158,9.764866828918457]",0.6906123,6768.000,"[0.0,0.0,0.0,0.0]","[0.0,0.0,0.0,0.0,0.0,0.0,0.0,0.0]","[0.0,0.0,0.0,0.0,0.0,0.0,0.0,0.0]",240,1,1
2026-08-12T11:00:47.957682+00:00,5223.239678,cycle_1_neutral_after_blocked,0.0000000,0.0000000,0.0000000,0.0000000,,,0,1,1,1,0,1,0.000000,11374,568750,1,0,1,1,0,1,0,1769306043,252,40995,5223188,1231,0,2.2413521,-0.0061300,"[0.4346373379230499,-0.01986001618206501,-0.029938023537397385,0.8998887538909912]","[0.0016782388556748629,0.004501728340983391,-0.006129980552941561]","[-0.0695199966430664,-0.6934800148010254,9.757943153381348]",0.6888776,6751.000,"[0.0,0.0,0.0,0.0]","[0.0,0.0,0.0,0.0,0.0,0.0,0.0,0.0]","[0.0,0.0,0.0,0.0,0.0,0.0,0.0,0.0]",240,1,1
2026-08-12T11:00:48.009957+00:00,5223.291913,cycle_1_neutral_after_blocked,0.0000000,0.0000000,0.0000000,0.0000000,,,0,1,1,1,0,1,0.000000,11375,568800,1,0,1,1,0,1,0,1769306043,252,40995,5223188,1231,0,2.2411790,-0.0060931,"[0.4347141683101654,-0.019891006872057915,-0.029866011813282967,0.8998532891273499]","[-0.0007755195838399231,0.0016062090871855617,-0.0060931360349059105]","[-0.08379499614238739,-0.6943870186805725,9.746597290039062]",0.6888776,6751.000,"[0.0,0.0,0.0,0.0]","[0.0,0.0,0.0,0.0,0.0,0.0,0.0,0.0]","[0.0,0.0,0.0,0.0,0.0,0.0,0.0,0.0]",240,1,1
2026-08-12T11:00:48.062245+00:00,5223.344229,cycle_1_neutral_after_blocked,0.0000000,0.0000000,0.0000000,0.0000000,,,0,1,1,1,0,1,0.000000,11376,568850,1,0,1,1,0,1,0,1769306043,253,36168,5223240,1232,0,2.2410369,-0.0042440,"[0.43477821350097656,-0.01989300735294819,-0.02983301505446434,0.8998234272003174]","[-0.0007831990951672196,0.0007975457701832056,-0.004244029987603426]","[-0.08138599991798401,-0.6936820149421692,9.74101734161377]",0.6864285,6727.000,"[0.0,0.0,0.0,0.0]","[0.0,0.0,0.0,0.0,0.0,0.0,0.0,0.0]","[0.0,0.0,0.0,0.0,0.0,0.0,0.0,0.0]",240,1,1
2026-08-12T11:00:48.114505+00:00,5223.396478,cycle_1_neutral_after_blocked,0.0000000,0.0000000,0.0000000,0.0000000,,,0,1,1,1,0,1,0.000000,11377,568900,1,0,1,1,0,1,0,1769306043,254,49968,5223293,1233,0,2.2408988,-0.0060489,"[0.43484020233154297,-0.019900009036064148,-0.029831012710928917,0.8997933864593506]","[0.0004301887529436499,-0.0004811174585483968,-0.006048892624676228]","[-0.07895799726247787,-0.6938759684562683,9.72905445098877]",0.6864285,6727.000,"[0.0,0.0,0.0,0.0]","[0.0,0.0,0.0,0.0,0.0,0.0,0.0,0.0]","[0.0,0.0,0.0,0.0,0.0,0.0,0.0,0.0]",240,1,1
2026-08-12T11:00:48.166748+00:00,5223.448740,cycle_1_neutral_after_blocked,0.0000000,0.0000000,0.0000000,0.0000000,,,0,1,1,1,0,1,0.000000,11378,568950,1,0,1,1,0,1,0,1769306043,255,38385,5223345,1234,0,2.2407739,-0.0060932,"[0.43489721417427063,-0.019877009093761444,-0.02985701523721218,0.8997654318809509]","[-0.0032168340403586626,0.000790145481005311,-0.006093171425163746]","[-0.06705000251531601,-0.703698992729187,9.719740867614746]",0.6765306,6630.000,"[0.0,0.0,0.0,0.0]","[0.0,0.0,0.0,0.0,0.0,0.0,0.0,0.0]","[0.0,0.0,0.0,0.0,0.0,0.0,0.0,0.0]",240,1,1
2026-08-12T11:00:48.219032+00:00,5223.500979,cycle_1_neutral_after_blocked,0.0000000,0.0000000,0.0000000,0.0000000,,,0,1,1,1,0,1,0.000000,11379,569000,1,0,1,1,0,1,0,1769306043,256,62210,5223397,1235,0,2.2406371,-0.0054522,"[0.4349592328071594,-0.019865011796355247,-0.029894016683101654,0.8997344970703125]","[-0.0020070415921509266,-0.0004576602659653872,-0.005452216602861881]","[-0.088468998670578,-0.6964210271835327,9.716987609863281]",0.6765306,6630.000,"[0.0,0.0,0.0,0.0]","[0.0,0.0,0.0,0.0,0.0,0.0,0.0,0.0]","[0.0,0.0,0.0,0.0,0.0,0.0,0.0,0.0]",240,1,1
2026-08-12T11:00:48.271291+00:00,5223.553270,cycle_1_neutral_after_blocked,0.0000000,0.0000000,0.0000000,0.0000000,,,0,1,1,1,0,1,0.000000,11380,569050,1,0,1,1,0,1,0,1769306043,257,19953,5223449,1236,0,2.2404954,-0.0048518,"[0.4350234568119049,-0.019848017022013664,-0.029954029247164726,0.8997018337249756]","[-0.0038352040573954582,-0.00043814745731651783,-0.004851840902119875]","[-0.09095200151205063,-0.7033699750900269,9.733853340148926]",0.6701021,6567.000,"[0.0,0.0,0.0,0.0]","[0.0,0.0,0.0,0.0,0.0,0.0,0.0,0.0]","[0.0,0.0,0.0,0.0,0.0,0.0,0.0,0.0]",240,1,1
2026-08-12T11:00:48.323576+00:00,5223.605544,cycle_1_neutral_after_blocked,0.0000000,0.0000000,0.0000000,0.0000000,,,0,1,1,1,0,1,0.000000,11381,569100,1,0,1,1,0,1,0,1769306043,258,54683,5223502,1237,0,2.2403758,-0.0052410,"[0.4350762367248535,-0.019870011135935783,-0.030055014416575432,0.8996724486351013]","[-0.004451148211956024,-0.0016870353138074279,-0.005241048987954855]","[-0.09331899881362915,-0.7009779810905457,9.732192993164062]",0.6701021,6567.000,"[0.0,0.0,0.0,0.0]","[0.0,0.0,0.0,0.0,0.0,0.0,0.0,0.0]","[0.0,0.0,0.0,0.0,0.0,0.0,0.0,0.0]",240,1,1
2026-08-12T11:00:48.375784+00:00,5223.657790,cycle_1_neutral_after_blocked,0.0000000,0.0000000,0.0000000,0.0000000,,,0,1,1,1,0,1,0.000000,11382,569150,1,0,1,1,0,1,0,1769306043,259,33626,5223554,1238,0,2.2402487,-0.0048556,"[0.4351332485675812,-0.019867008551955223,-0.03015601634979248,0.8996415734291077]","[-0.006275278516113758,-0.0010462551144883037,-0.00485555874183774]","[-0.09337999671697617,-0.7080960273742676,9.738693237304688]",0.6696938,6563.000,"[0.0,0.0,0.0,0.0]","[0.0,0.0,0.0,0.0,0.0,0.0,0.0,0.0]","[0.0,0.0,0.0,0.0,0.0,0.0,0.0,0.0]",240,1,1
2026-08-12T11:00:48.428057+00:00,5223.710035,cycle_1_neutral_after_blocked,0.0000000,0.0000000,0.0000000,0.0000000,,,0,1,1,1,0,1,0.000000,11383,569200,1,0,1,1,0,1,0,1769306043,260,22648,5223606,1239,0,2.2400820,-0.0060858,"[0.4352073073387146,-0.01988501287996769,-0.030269023030996323,0.8996015787124634]","[-0.0056606438010931015,-0.0004417777236085385,-0.00608582329005003]","[-0.11006300151348114,-0.6957719922065735,9.752713203430176]",0.6696938,6563.000,"[0.0,0.0,0.0,0.0]","[0.0,0.0,0.0,0.0,0.0,0.0,0.0,0.0]","[0.0,0.0,0.0,0.0,0.0,0.0,0.0,0.0]",240,1,1
2026-08-12T11:00:48.481219+00:00,5223.762281,cycle_1_neutral_after_blocked,0.0000000,0.0000000,0.0000000,0.0000000,,,0,1,1,1,0,1,0.000000,11385,569300,1,0,1,1,0,1,0,1769306043,262,40691,5223711,1241,0,2.2396555,-0.0079423,"[0.4353961646556854,-0.019950008019804955,-0.030517013743519783,0.8995003700256348]","[-0.00565046863630414,0.0007827451918274164,-0.007942295633256435]","[-0.11735399812459946,-0.7000730037689209,9.783876419067383]",0.6644898,6512.000,"[0.0,0.0,0.0,0.0]","[0.0,0.0,0.0,0.0,0.0,0.0,0.0,0.0]","[0.0,0.0,0.0,0.0,0.0,0.0,0.0,0.0]",240,1,1
2026-08-12T11:00:48.533194+00:00,5223.815179,cycle_1_neutral_after_blocked,0.0000000,0.0000000,0.0000000,0.0000000,,,0,1,1,1,0,1,0.000000,11386,569350,1,0,1,1,0,1,0,1769306043,263,3267,5223764,1242,0,2.2394311,-0.0066752,"[0.4354954957962036,-0.019982023164629936,-0.030650034546852112,0.8994470238685608]","[-0.0056672063656151295,-0.0016971755539998412,-0.00667515117675066]","[-0.11503700166940689,-0.7096329927444458,9.78884220123291]",0.6562245,6431.000,"[0.0,0.0,0.0,0.0]","[0.0,0.0,0.0,0.0,0.0,0.0,0.0,0.0]","[0.0,0.0,0.0,0.0,0.0,0.0,0.0,0.0]",240,1,1
2026-08-12T11:00:48.585462+00:00,5223.867421,cycle_1_neutral_after_blocked,0.0000000,0.0000000,0.0000000,0.0000000,,,0,1,1,1,0,1,0.000000,11387,569400,1,0,1,1,0,1,0,1769306043,264,28612,5223816,1243,0,2.2391996,-0.0073087,"[0.4355994760990143,-0.019978022202849388,-0.030792033299803734,0.8993919491767883]","[-0.005658845882862806,-0.0004572064499370754,-0.007308723405003548]","[-0.11102499812841415,-0.7130900025367737,9.7737455368042]",0.6562245,6431.000,"[0.0,0.0,0.0,0.0]","[0.0,0.0,0.0,0.0,0.0,0.0,0.0,0.0]","[0.0,0.0,0.0,0.0,0.0,0.0,0.0,0.0]",240,1,1
2026-08-12T11:00:48.637804+00:00,5223.919748,cycle_1_neutral_after_blocked,0.0000000,0.0000000,0.0000000,0.0000000,,,0,1,1,1,0,1,0.000000,11388,569450,1,0,1,1,0,1,0,1769306043,265,5347,5223868,1244,0,2.2389829,-0.0068716,"[0.4356974959373474,-0.019959023222327232,-0.03090503439307213,0.8993409872055054]","[-0.004448739346116781,-0.001707612769678235,-0.006871588062494993]","[-0.09510699659585953,-0.7132369875907898,9.769133567810059]",0.6565306,6434.000,"[0.0,0.0,0.0,0.0]","[0.0,0.0,0.0,0.0,0.0,0.0,0.0,0.0]","[0.0,0.0,0.0,0.0,0.0,0.0,0.0,0.0]",240,1,1
2026-08-12T11:00:48.690055+00:00,5223.972037,cycle_1_neutral_after_blocked,0.0000000,0.0000000,0.0000000,0.0000000,,,0,1,1,1,0,1,0.000000,11389,569500,1,0,1,1,0,1,0,1769306043,266,39194,5223921,1245,0,2.2387512,-0.0066346,"[0.4358031749725342,-0.019919008016586304,-0.0310010127723217,0.8992873430252075]","[-0.000798261200543493,-0.002352477051317692,-0.0066345552913844585]","[-0.08633899688720703,-0.7100939750671387,9.76758861541748]",0.6565306,6434.000,"[0.0,0.0,0.0,0.0]","[0.0,0.0,0.0,0.0,0.0,0.0,0.0,0.0]","[0.0,0.0,0.0,0.0,0.0,0.0,0.0,0.0]",240,1,1
2026-08-12T11:00:48.742291+00:00,5224.024286,cycle_1_neutral_after_blocked,0.0000000,0.0000000,0.0000000,0.0000000,,,0,1,1,1,0,1,0.000000,11390,569550,1,0,1,1,0,1,0,1769306043,267,21925,5223973,1246,0,2.2384934,-0.0072460,"[0.4359223544597626,-0.01983601599931717,-0.03107902593910694,0.8992287516593933]","[-0.002628343878313899,-0.0029722258914262056,-0.007246031891554594]","[-0.08154699951410294,-0.7077479958534241,9.76521110534668]",0.6565306,6434.000,"[0.0,0.0,0.0,0.0]","[0.0,0.0,0.0,0.0,0.0,0.0,0.0,0.0]","[0.0,0.0,0.0,0.0,0.0,0.0,0.0,0.0]",240,1,1
2026-08-12T11:00:48.794626+00:00,5224.076469,cycle_1_neutral_after_blocked,0.0000000,0.0000000,0.0000000,0.0000000,,,0,1,1,1,0,1,0.000000,11391,569600,1,0,1,1,0,1,0,1769306043,268,45906,5224025,1247,0,2.2382512,-0.0072202,"[0.4360344409942627,-0.019756019115447998,-0.03114103339612484,0.8991740345954895]","[-0.002026728820055723,-0.004223836585879326,-0.0072202179580926895]","[-0.07432399690151215,-0.7031530141830444,9.7532320022583]",0.6510204,6380.000,"[0.0,0.0,0.0,0.0]","[0.0,0.0,0.0,0.0,0.0,0.0,0.0,0.0]","[0.0,0.0,0.0,0.0,0.0,0.0,0.0,0.0]",240,1,1
2026-08-12T11:00:48.846869+00:00,5224.128807,cycle_1_neutral_after_blocked,0.0000000,0.0000000,0.0000000,0.0000000,,,0,1,1,1,0,1,0.000000,11392,569650,1,0,1,1,0,1,0,1769306043,269,39609,5224077,1248,0,2.2380462,-0.0071907,"[0.4361313283443451,-0.019637014716863632,-0.031197024509310722,0.899127721786499]","[-0.0008160112192854285,-0.005479391664266586,-0.007190703880041838]","[-0.05517499893903732,-0.7035340070724487,9.734268188476562]",0.6510204,6380.000,"[0.0,0.0,0.0,0.0]","[0.0,0.0,0.0,0.0,0.0,0.0,0.0,0.0]","[0.0,0.0,0.0,0.0,0.0,0.0,0.0,0.0]",240,1,1
