host_time_utc,host_monotonic_s,phase,requested_forward,requested_right,requested_down,requested_yaw,requested_motor_index,requested_motor_throttle,requested_armed,sent,transport_open,session_confirmed,armed_confirmation_fresh,telemetry_fresh,telemetry_age_s,telemetry_sequence,mcu_tick_ms,state,telemetry_armed,telemetry_mpc_direct,telemetry_yaw_direct,telemetry_failsafe,command_status,reject_flags,last_command_session,last_command_sequence,last_command_crc,last_command_sender_time_ms,command_count,rejected_command_count,yaw_rad,yaw_rate_rad_s,imu_quat_wxyz,imu_angular_velocity_xyz_rad_s,imu_linear_acceleration_xyz_m_s2,depth_m,pressure_pa,received_channels,applied_motor_throttle_m1_m8,motor_rpm_m1_m8,rpm_valid_mask,execution_feedback_valid,rpm_available
2026-08-12T10:59:15.818596+00:00,5131.101886,cycle_1_neutral_before_blocked,0.0000000,0.0000000,0.0000000,0.0000000,,,0,1,1,0,0,0,nan,,,,,,,,,,,,,,,,,,,,,,,,,,,,
2026-08-12T10:59:15.869768+00:00,5131.152484,cycle_1_neutral_before_blocked,0.0000000,0.0000000,0.0000000,0.0000000,,,0,1,1,0,0,1,0.000000,9532,476650,1,0,1,1,0,1,0,1741899709,275,57402,5040067,702,0,2.2717113,-0.0952368,"[0.42095547914505005,-0.02110002189874649,-0.014803015626966953,0.9067150354385376]","[-0.05683743581175804,-0.025567051023244858,-0.09523680806159973]","[-0.23519200086593628,-0.42516499757766724,9.788073539733887]",4.2343879,41497.000,"[0.0,0.0,0.0,0.0]","[0.0,0.0,0.0,0.0,0.0,0.0,0.0,0.0]","[0.0,0.0,0.0,0.0,0.0,0.0,0.0,0.0]",255,1,1
2026-08-12T10:59:15.921774+00:00,5131.203806,cycle_1_neutral_before_blocked,0.0000000,0.0000000,0.0000000,0.0000000,,,0,1,1,1,0,1,0.000000,9533,476700,1,0,1,1,0,1,0,1785533257,0,833,5131101,703,0,2.2663481,-0.1361972,"[0.4233703315258026,-0.021201016381382942,-0.016366012394428253,0.9055607318878174]","[-0.03338511288166046,-0.053068678826093674,-0.13619723916053772]","[-1.0708919763565063,-0.6700459718704224,9.666125297546387]",4.0582652,39771.000,"[0.0,0.0,0.0,0.0]","[0.0,0.0,0.0,0.0,0.0,0.0,0.0,0.0]","[0.0,0.0,0.0,0.0,0.0,0.0,0.0,0.0]",255,1,1
2026-08-12T10:59:15.973458+00:00,5131.255980,cycle_1_neutral_before_blocked,0.0000000,0.0000000,0.0000000,0.0000000,,,0,1,1,1,0,1,0.000000,9534,476750,1,0,1,1,0,1,0,1785533257,1,21888,5131153,704,0,2.2569761,-0.2037971,"[0.42765626311302185,-0.019677013158798218,-0.01698201335966587,0.9035677313804626]","[0.019110238179564476,-0.08608783036470413,-0.20379705727100372]","[-0.3761320114135742,-0.4850919842720032,9.758548736572266]",4.0582652,39771.000,"[0.0,0.0,0.0,0.0]","[0.0,0.0,0.0,0.0,0.0,0.0,0.0,0.0]","[0.0,0.0,0.0,0.0,0.0,0.0,0.0,0.0]",255,1,1
2026-08-12T10:59:16.024922+00:00,5131.307546,cycle_1_neutral_before_blocked,0.0000000,0.0000000,0.0000000,0.0000000,,,0,1,1,1,0,1,0.000000,9535,476800,1,0,1,1,0,1,0,1785533257,2,12814,5131205,705,0,2.2456572,-0.2407895,"[0.4328332245349884,-0.017395008355379105,-0.017387010157108307,0.9011384844779968]","[0.03859272226691246,-0.09728938341140747,-0.24078945815563202]","[-0.35949599742889404,-0.548882007598877,9.682916641235352]",3.8995917,38216.000,"[0.0,0.0,0.0,0.0]","[0.0,0.0,0.0,0.0,0.0,0.0,0.0,0.0]","[0.0,0.0,0.0,0.0,0.0,0.0,0.0,0.0]",255,1,1
2026-08-12T10:59:16.076923+00:00,5131.358980,cycle_1_neutral_before_blocked,0.0000000,0.0000000,0.0000000,0.0000000,,,0,1,1,1,0,1,0.000000,9536,476850,1,0,1,1,0,1,0,1785533257,3,13971,5131256,706,0,2.2320981,-0.2854836,"[0.4390212595462799,-0.014329008758068085,-0.017213011160492897,0.8981975317001343]","[0.07509283721446991,-0.11681126058101654,-0.28548362851142883]","[-0.20423199236392975,-0.466933012008667,9.741068840026855]",3.8995917,38216.000,"[0.0,0.0,0.0,0.0]","[0.0,0.0,0.0,0.0,0.0,0.0,0.0,0.0]","[0.0,0.0,0.0,0.0,0.0,0.0,0.0,0.0]",255,1,1
2026-08-12T10:59:16.129013+00:00,5131.411064,cycle_1_neutral_before_blocked,0.0000000,0.0000000,0.0000000,0.0000000,,,0,1,1,1,0,1,0.000000,9537,476900,1,0,1,1,0,1,0,1785533257,4,43291,5131308,707,0,2.2168589,-0.3152714,"[0.4459422528743744,-0.0107070067897439,-0.016717009246349335,0.8948415517807007]","[0.0854543074965477,-0.12349440157413483,-0.31527140736579895]","[-0.11097700148820877,-0.43146398663520813,9.729623794555664]",3.7667346,36914.000,"[0.0,0.0,0.0,0.0]","[0.0,0.0,0.0,0.0,0.0,0.0,0.0,0.0]","[0.0,0.0,0.0,0.0,0.0,0.0,0.0,0.0]",255,1,1
2026-08-12T10:59:16.181239+00:00,5131.463254,cycle_1_neutral_before_blocked,0.0000000,0.0000000,0.0000000,0.0000000,,,0,1,1,1,0,1,0.000000,9538,476950,1,0,1,1,0,1,0,1785533257,5,4541,5131360,708,0,2.2004530,-0.3299353,"[0.45334309339523315,-0.006878001149743795,-0.016263004392385483,0.8911612033843994]","[0.08181031048297882,-0.12552739679813385,-0.3299352526664734]","[0.0013909999979659915,-0.3617840111255646,9.758676528930664]",3.7667346,36914.000,"[0.0,0.0,0.0,0.0]","[0.0,0.0,0.0,0.0,0.0,0.0,0.0,0.0]","[0.0,0.0,0.0,0.0,0.0,0.0,0.0,0.0]",255,1,1
2026-08-12T10:59:16.234406+00:00,5131.515448,cycle_1_neutral_before_blocked,0.0000000,0.0000000,0.0000000,0.0000000,,,0,1,1,1,0,1,0.000000,9540,477050,1,0,1,1,0,1,0,1785533257,7,56998,5131464,710,0,2.1661887,-0.3412478,"[0.4686354696750641,0.0003370001504663378,-0.016477016732096672,0.8832379579544067]","[0.03676539659500122,-0.12350361794233322,-0.3412478268146515]","[0.2119169980287552,-0.2646059989929199,9.728483200073242]",3.6663265,35930.000,"[0.0,0.0,0.0,0.0]","[0.0,0.0,0.0,0.0,0.0,0.0,0.0,0.0]","[0.0,0.0,0.0,0.0,0.0,0.0,0.0,0.0]",255,1,1
2026-08-12T10:59:16.285590+00:00,5131.568600,cycle_1_neutral_before_blocked,0.0000000,0.0000000,0.0000000,0.0000000,,,0,1,1,1,0,1,0.000000,9541,477100,1,0,1,1,0,1,0,1785533257,8,37079,5131517,711,0,2.1491048,-0.3293435,"[0.47618651390075684,0.003471003845334053,-0.017316019162535667,0.8791669607162476]","[0.012443569488823414,-0.11321058869361877,-0.3293434679508209]","[0.31463199853897095,-0.23621399700641632,9.729246139526367]",3.5876532,35159.000,"[0.0,0.0,0.0,0.0]","[0.0,0.0,0.0,0.0,0.0,0.0,0.0,0.0]","[0.0,0.0,0.0,0.0,0.0,0.0,0.0,0.0]",255,1,1
2026-08-12T10:59:16.336808+00:00,5131.619558,cycle_1_neutral_before_blocked,0.0000000,0.0000000,0.0000000,0.0000000,,,0,1,1,1,0,1,0.000000,9542,477150,1,0,1,1,0,1,0,1785533257,9,23259,5131569,712,0,2.1327038,-0.3162235,"[0.4833953380584717,0.006106003187596798,-0.0185330118983984,0.8751847147941589]","[-0.0094362273812294,-0.10167021304368973,-0.31622350215911865]","[0.35762399435043335,-0.2268269956111908,9.727203369140625]",3.5876532,35159.000,"[0.0,0.0,0.0,0.0]","[0.0,0.0,0.0,0.0,0.0,0.0,0.0,0.0]","[0.0,0.0,0.0,0.0,0.0,0.0,0.0,0.0]",255,1,1
2026-08-12T10:59:16.387969+00:00,5131.670838,cycle_1_neutral_before_blocked,0.0000000,0.0000000,0.0000000,0.0000000,,,0,1,1,1,0,1,0.000000,9543,477200,1,0,1,1,0,1,0,1785533257,10,43016,5131620,713,0,2.1168509,-0.3055862,"[0.49032917618751526,0.008183002471923828,-0.020048007369041443,0.8712682723999023]","[-0.030079301446676254,-0.08767317980527878,-0.30558621883392334]","[0.3909609913825989,-0.23412300646305084,9.732492446899414]",3.5466325,34757.000,"[0.0,0.0,0.0,0.0]","[0.0,0.0,0.0,0.0,0.0,0.0,0.0,0.0]","[0.0,0.0,0.0,0.0,0.0,0.0,0.0,0.0]",255,1,1
2026-08-12T10:59:16.439098+00:00,5131.721958,cycle_1_neutral_before_blocked,0.0000000,0.0000000,0.0000000,0.0000000,,,0,1,1,1,0,1,0.000000,9544,477250,1,0,1,1,0,1,0,1785533257,11,49388,5131671,714,0,2.1015286,-0.2961682,"[0.4970022737979889,0.009693005122244358,-0.021830011159181595,0.867420494556427]","[-0.051942482590675354,-0.07430754601955414,-0.2961682081222534]","[0.4170910120010376,-0.251008003950119,9.737837791442871]",3.5466325,34757.000,"[0.0,0.0,0.0,0.0]","[0.0,0.0,0.0,0.0,0.0,0.0,0.0,0.0]","[0.0,0.0,0.0,0.0,0.0,0.0,0.0,0.0]",255,1,1
2026-08-12T10:59:16.491198+00:00,5131.773171,cycle_1_neutral_before_blocked,0.0000000,0.0000000,0.0000000,0.0000000,,,0,1,1,1,0,1,0.000000,9545,477300,1,0,1,1,0,1,0,1785533257,12,55519,5131722,715,0,2.0865736,-0.2872216,"[0.5034910440444946,0.010583987459540367,-0.02386397123336792,0.8636059761047363]","[-0.07093527913093567,-0.056390561163425446,-0.28722161054611206]","[0.44472500681877136,-0.28310999274253845,9.745024681091309]",3.5466325,34757.000,"[0.0,0.0,0.0,0.0]","[0.0,0.0,0.0,0.0,0.0,0.0,0.0,0.0]","[0.0,0.0,0.0,0.0,0.0,0.0,0.0,0.0]",255,1,1
2026-08-12T10:59:16.543583+00:00,5131.825476,cycle_1_neutral_before_blocked,0.0000000,0.0000000,0.0000000,0.0000000,,,0,1,1,1,0,1,0.000000,9546,477350,1,0,1,1,0,1,0,1785533257,13,41976,5131774,716,0,2.0720763,-0.2786065,"[0.5097593665122986,0.010889988392591476,-0.02612997405230999,0.8598511815071106]","[-0.08954629302024841,-0.04264029860496521,-0.2786065340042114]","[0.46918198466300964,-0.3135699927806854,9.75374984741211]",3.5198979,34495.000,"[0.0,0.0,0.0,0.0]","[0.0,0.0,0.0,0.0,0.0,0.0,0.0,0.0]","[0.0,0.0,0.0,0.0,0.0,0.0,0.0,0.0]",255,1,1
2026-08-12T10:59:16.595207+00:00,5131.877874,cycle_1_neutral_before_blocked,0.0000000,0.0000000,0.0000000,0.0000000,,,0,1,1,1,0,1,0.000000,9547,477400,1,0,1,1,0,1,0,1785533257,14,45167,5131826,717,0,2.0579748,-0.2692142,"[0.515834391117096,0.01061398908495903,-0.02850496955215931,0.8561481237411499]","[-0.10285614430904388,-0.024962833151221275,-0.2692141830921173]","[0.47369301319122314,-0.35429999232292175,9.76639461517334]",3.5198979,34495.000,"[0.0,0.0,0.0,0.0]","[0.0,0.0,0.0,0.0,0.0,0.0,0.0,0.0]","[0.0,0.0,0.0,0.0,0.0,0.0,0.0,0.0]",255,1,1
2026-08-12T10:59:16.647268+00:00,5131.929312,cycle_1_neutral_before_blocked,0.0000000,0.0000000,0.0000000,0.0000000,,,0,1,1,1,0,1,0.000000,9548,477450,1,0,1,1,0,1,0,1785533257,15,30691,5131878,718,0,2.0443294,-0.2568272,"[0.5216904282569885,0.009766992181539536,-0.03092297539114952,0.8525183200836182]","[-0.11737000197172165,-0.004119745455682278,-0.2568272352218628]","[0.4570609927177429,-0.32251301407814026,9.794522285461426]",3.5118368,34416.000,"[0.0,0.0,0.0,0.0]","[0.0,0.0,0.0,0.0,0.0,0.0,0.0,0.0]","[0.0,0.0,0.0,0.0,0.0,0.0,0.0,0.0]",255,1,1
2026-08-12T10:59:16.698531+00:00,5131.981463,cycle_1_neutral_before_blocked,0.0000000,0.0000000,0.0000000,0.0000000,,,0,1,1,1,0,1,0.000000,9549,477500,1,0,1,1,0,1,0,1785533257,16,32609,5131930,719,0,2.0313473,-0.2449928,"[0.5272385478019714,0.00830499641597271,-0.033384986221790314,0.8490206599235535]","[-0.12946157157421112,0.014204519800841808,-0.24499276280403137]","[0.5065450072288513,-0.453000009059906,9.773022651672363]",3.5118368,34416.000,"[0.0,0.0,0.0,0.0]","[0.0,0.0,0.0,0.0,0.0,0.0,0.0,0.0]","[0.0,0.0,0.0,0.0,0.0,0.0,0.0,0.0]",255,1,1
2026-08-12T10:59:16.750473+00:00,5132.032464,cycle_1_neutral_before_blocked,0.0000000,0.0000000,0.0000000,0.0000000,,,0,1,1,1,0,1,0.000000,9550,477550,1,0,1,1,0,1,0,1785533257,17,47341,5131982,720,0,2.0188828,-0.2331288,"[0.5325394868850708,0.00631399592384696,-0.03586597368121147,0.8456214070320129]","[-0.14034239947795868,0.0312732458114624,-0.23312878608703613]","[0.49213600158691406,-0.4549730122089386,9.796874046325684]",3.5107141,34405.000,"[0.0,0.0,0.0,0.0]","[0.0,0.0,0.0,0.0,0.0,0.0,0.0,0.0]","[0.0,0.0,0.0,0.0,0.0,0.0,0.0,0.0]",255,1,1
2026-08-12T10:59:16.802695+00:00,5132.084687,cycle_1_neutral_before_blocked,0.0000000,0.0000000,0.0000000,0.0000000,,,0,1,1,1,0,1,0.000000,9551,477600,1,0,1,1,0,1,0,1785533257,18,11527,5132033,721,0,2.0069871,-0.2205685,"[0.5375692844390869,0.003838995937258005,-0.03835395723581314,0.8423381447792053]","[-0.1488114297389984,0.04438295587897301,-0.22056852281093597]","[0.48780500888824463,-0.5411739945411682,9.770105361938477]",3.5107141,34405.000,"[0.0,0.0,0.0,0.0]","[0.0,0.0,0.0,0.0,0.0,0.0,0.0,0.0]","[0.0,0.0,0.0,0.0,0.0,0.0,0.0,0.0]",255,1,1
2026-08-12T10:59:16.854894+00:00,5132.136920,cycle_1_neutral_before_blocked,0.0000000,0.0000000,0.0000000,0.0000000,,,0,1,1,1,0,1,0.000000,9552,477650,1,0,1,1,0,1,0,1785533257,19,22048,5132085,722,0,1.9956008,-0.2098868,"[0.5423507690429688,0.0009399970294907689,-0.040801964700222015,0.8391602635383606]","[-0.1560421884059906,0.060372933745384216,-0.2098868489265442]","[0.45321300625801086,-0.6114400029182434,9.77953815460205]",3.4997959,34298.000,"[0.0,0.0,0.0,0.0]","[0.0,0.0,0.0,0.0,0.0,0.0,0.0,0.0]","[0.0,0.0,0.0,0.0,0.0,0.0,0.0,0.0]",255,1,1
2026-08-12T10:59:16.907082+00:00,5132.189116,cycle_1_neutral_before_blocked,0.0000000,0.0000000,0.0000000,0.0000000,,,0,1,1,1,0,1,0.000000,9553,477700,1,0,1,1,0,1,0,1785533257,20,9386,5132138,723,0,1.9846486,-0.1997060,"[0.5469130873680115,-0.00228899996727705,-0.04310699179768562,0.8360757827758789]","[-0.15476471185684204,0.07297296822071075,-0.19970597326755524]","[0.44822999835014343,-0.6597089767456055,9.768196105957031]",3.4997959,34298.000,"[0.0,0.0,0.0,0.0]","[0.0,0.0,0.0,0.0,0.0,0.0,0.0,0.0]","[0.0,0.0,0.0,0.0,0.0,0.0,0.0,0.0]",255,1,1
2026-08-12T10:59:16.959303+00:00,5132.241317,cycle_1_neutral_before_blocked,0.0000000,0.0000000,0.0000000,0.0000000,,,0,1,1,1,0,1,0.000000,9554,477750,1,0,1,1,0,1,0,1785533257,21,26328,5132190,724,0,1.9741408,-0.1900701,"[0.5512514710426331,-0.005732997320592403,-0.04521097615361214,0.8330935835838318]","[-0.14984677731990814,0.0830463245511055,-0.19007012248039246]","[0.426364004611969,-0.7464600205421448,9.752429008483887]",3.4690816,33997.000,"[0.0,0.0,0.0,0.0]","[0.0,0.0,0.0,0.0,0.0,0.0,0.0,0.0]","[0.0,0.0,0.0,0.0,0.0,0.0,0.0,0.0]",255,1,1
2026-08-12T10:59:17.011585+00:00,5132.293551,cycle_1_neutral_before_blocked,0.0000000,0.0000000,0.0000000,0.0000000,,,0,1,1,1,0,1,0.000000,9555,477800,1,0,1,1,0,1,0,1785533257,21,26328,5132190,724,0,1.9643401,-0.1538070,"[0.5552600622177124,-0.009231986477971077,-0.04706094041466713,0.8302929401397705]","[-0.15952321887016296,0.10415869206190109,-0.15380699932575226]","[0.6189789772033691,-0.8112679719924927,9.822761535644531]",3.4690816,33997.000,"[0.0,0.0,0.0,0.0]","[0.0,0.0,0.0,0.0,0.0,0.0,0.0,0.0]","[0.0,0.0,0.0,0.0,0.0,0.0,0.0,0.0]",255,1,1
2026-08-12T10:59:17.063882+00:00,5132.345766,cycle_1_neutral_before_blocked,0.0000000,0.0000000,0.0000000,0.0000000,,,0,1,1,1,0,1,0.000000,9556,477850,1,0,1,1,0,1,0,1785533257,22,32380,5132242,725,0,1.9567734,-0.1028471,"[0.5582886338233948,-0.01343898568302393,-0.048990942537784576,0.8280900120735168]","[-0.1820458173751831,0.11992420256137848,-0.10284707695245743]","[0.5710510015487671,-0.8765069842338562,9.78958797454834]",3.4033673,33353.000,"[0.0,0.0,0.0,0.0]","[0.0,0.0,0.0,0.0,0.0,0.0,0.0,0.0]","[0.0,0.0,0.0,0.0,0.0,0.0,0.0,0.0]",255,1,1
2026-08-12T10:59:17.116142+00:00,5132.398130,cycle_1_neutral_before_blocked,0.0000000,0.0000000,0.0000000,0.0000000,,,0,1,1,1,0,1,0.000000,9557,477900,1,0,1,1,0,1,0,1785533257,23,60251,5132294,726,0,1.9518694,-0.0755308,"[0.5601722002029419,-0.017864979803562164,-0.05092894658446312,0.826616108417511]","[-0.1856812685728073,0.13027626276016235,-0.07553080469369888]","[0.3178589940071106,-1.0312310457229614,9.661816596984863]",3.4033673,33353.000,"[0.0,0.0,0.0,0.0]","[0.0,0.0,0.0,0.0,0.0,0.0,0.0,0.0]","[0.0,0.0,0.0,0.0,0.0,0.0,0.0,0.0]",255,1,1
2026-08-12T10:59:17.168339+00:00,5132.450360,cycle_1_neutral_before_blocked,0.0000000,0.0000000,0.0000000,0.0000000,,,0,1,1,1,0,1,0.000000,9558,477950,1,0,1,1,0,1,0,1785533257,24,20429,5132347,727,0,1.9500027,-0.0693314,"[0.5608668327331543,-0.019880997017025948,-0.05168798565864563,0.8260517716407776]","[-0.17351233959197998,0.12965083122253418,-0.06933137029409409]","[0.28178098797798157,-1.06174898147583,9.700231552124023]",3.4033673,33353.000,"[0.0,0.0,0.0,0.0]","[0.0,0.0,0.0,0.0,0.0,0.0,0.0,0.0]","[0.0,0.0,0.0,0.0,0.0,0.0,0.0,0.0]",255,1,1
2026-08-12T10:59:17.220398+00:00,5132.502544,cycle_1_neutral_before_blocked,0.0000000,0.0000000,0.0000000,0.0000000,,,0,1,1,1,0,1,0.000000,9559,478000,1,0,1,1,0,1,0,1785533257,25,34881,5132399,728,0,1.9431111,-0.0569210,"[0.5633638501167297,-0.02748797833919525,-0.05358295142650604,0.8240112662315369]","[-0.11805131286382675,0.1381809264421463,-0.05692103132605553]","[0.1093909963965416,-1.1737539768218994,9.716689109802246]",3.4033673,33353.000,"[0.0,0.0,0.0,0.0]","[0.0,0.0,0.0,0.0,0.0,0.0,0.0,0.0]","[0.0,0.0,0.0,0.0,0.0,0.0,0.0,0.0]",255,1,1
2026-08-12T10:59:17.272566+00:00,5132.554492,cycle_1_neutral_before_blocked,0.0000000,0.0000000,0.0000000,0.0000000,,,0,1,1,1,0,1,0.000000,9560,478050,1,0,1,1,0,1,0,1785533257,26,32386,5132451,729,0,1.9390775,-0.0530307,"[0.5647987723350525,-0.03166898339986801,-0.053805965930223465,0.8228635191917419]","[-0.08151154220104218,0.13799118995666504,-0.05303072929382324]","[0.028029000386595726,-1.2337349653244019,9.702242851257324]",3.2804081,32148.000,"[0.0,0.0,0.0,0.0]","[0.0,0.0,0.0,0.0,0.0,0.0,0.0,0.0]","[0.0,0.0,0.0,0.0,0.0,0.0,0.0,0.0]",255,1,1
2026-08-12T10:59:17.324108+00:00,5132.606797,cycle_1_neutral_before_blocked,0.0000000,0.0000000,0.0000000,0.0000000,,,0,1,1,1,0,1,0.000000,9561,478100,1,0,1,1,0,1,0,1785533257,27,53911,5132503,730,0,1.9359369,-0.0522420,"[0.5659140348434448,-0.034671980887651443,-0.053426966071128845,0.8220005035400391]","[-0.055938296020030975,0.1365860104560852,-0.052242033183574677]","[-0.020029999315738678,-1.256579041481018,9.76679515838623]",3.2804081,32148.000,"[0.0,0.0,0.0,0.0]","[0.0,0.0,0.0,0.0,0.0,0.0,0.0,0.0]","[0.0,0.0,0.0,0.0,0.0,0.0,0.0,0.0]",255,1,1
2026-08-12T10:59:17.375296+00:00,5132.658190,cycle_1_neutral_before_blocked,0.0000000,0.0000000,0.0000000,0.0000000,,,0,1,1,1,0,1,0.000000,9562,478150,1,0,1,1,0,1,0,1785533257,28,11603,5132555,731,0,1.9359369,-0.0522420,"[0.5659140348434448,-0.034671980887651443,-0.053426966071128845,0.8220005035400391]","[-0.055938296020030975,0.1365860104560852,-0.052242033183574677]","[-0.020029999315738678,-1.256579041481018,9.76679515838623]",3.2804081,32148.000,"[0.0,0.0,0.0,0.0]","[0.0,0.0,0.0,0.0,0.0,0.0,0.0,0.0]","[0.0,0.0,0.0,0.0,0.0,0.0,0.0,0.0]",255,1,1
2026-08-12T10:59:17.426381+00:00,5132.709307,cycle_1_neutral_before_blocked,0.0000000,0.0000000,0.0000000,0.0000000,,,0,1,1,1,0,1,0.000000,9563,478200,1,0,1,1,0,1,0,1785533257,29,22132,5132607,732,0,1.9288975,-0.0523662,"[0.5684553384780884,-0.0401969850063324,-0.05102797970175743,0.8201456665992737]","[0.0061520766466856,0.12993870675563812,-0.05236619710922241]","[-0.11555100232362747,-1.292551040649414,9.744636535644531]",3.2804081,32148.000,"[0.0,0.0,0.0,0.0]","[0.0,0.0,0.0,0.0,0.0,0.0,0.0,0.0]","[0.0,0.0,0.0,0.0,0.0,0.0,0.0,0.0]",255,1,1
2026-08-12T10:59:17.477874+00:00,5132.760370,cycle_1_neutral_before_blocked,0.0000000,0.0000000,0.0000000,0.0000000,,,0,1,1,1,0,1,0.000000,9564,478250,1,0,1,1,0,1,0,1785533257,30,56205,5132658,733,0,1.9233118,-0.0568407,"[0.5705521106719971,-0.043165966868400574,-0.04767296090722084,0.8187394142150879]","[0.05667616426944733,0.12331210821866989,-0.0568406842648983]","[-0.2037840038537979,-1.297139048576355,9.731694221496582]",3.0674491,30061.000,"[0.0,0.0,0.0,0.0]","[0.0,0.0,0.0,0.0,0.0,0.0,0.0,0.0]","[0.0,0.0,0.0,0.0,0.0,0.0,0.0,0.0]",255,1,1
2026-08-12T10:59:17.529788+00:00,5132.812025,cycle_1_neutral_before_blocked,0.0000000,0.0000000,0.0000000,0.0000000,,,0,1,1,1,0,1,0.000000,9565,478300,1,0,1,1,0,1,0,1785533257,31,3458,5132709,734,0,1.9225003,-0.0573709,"[0.5708644986152649,-0.04348498210310936,-0.047087978571653366,0.8185386657714844]","[0.06458398699760437,0.12138178199529648,-0.05737094208598137]","[-0.20829500257968903,-1.2564090490341187,9.719048500061035]",3.0674491,30061.000,"[0.0,0.0,0.0,0.0]","[0.0,0.0,0.0,0.0,0.0,0.0,0.0,0.0]","[0.0,0.0,0.0,0.0,0.0,0.0,0.0,0.0]",255,1,1
2026-08-12T10:59:17.582955+00:00,5132.863962,cycle_1_neutral_before_blocked,0.0000000,0.0000000,0.0000000,0.0000000,,,0,1,1,1,0,1,0.000000,9567,478400,1,0,1,1,0,1,0,1785533257,33,10208,5132813,736,0,1.9119669,-0.0602426,"[0.5750821828842163,-0.04544098302721977,-0.037646982818841934,0.8159646391868591]","[0.13572929799556732,0.10028856247663498,-0.060242604464292526]","[-0.317315012216568,-1.1358920335769653,9.699233055114746]",2.7335713,26789.000,"[0.0,0.0,0.0,0.0]","[0.0,0.0,0.0,0.0,0.0,0.0,0.0,0.0]","[0.0,0.0,0.0,0.0,0.0,0.0,0.0,0.0]",255,1,1
2026-08-12T10:59:17.634446+00:00,5132.917167,cycle_1_neutral_before_blocked,0.0000000,0.0000000,0.0000000,0.0000000,,,0,1,1,1,0,1,0.000000,9568,478450,1,0,1,1,0,1,0,1785533257,34,49312,5132866,737,0,1.9119669,-0.0602426,"[0.5750821828842163,-0.04544098302721977,-0.037646982818841934,0.8159646391868591]","[0.13572929799556732,0.10028856247663498,-0.060242604464292526]","[-0.317315012216568,-1.1358920335769653,9.699233055114746]",2.7335713,26789.000,"[0.0,0.0,0.0,0.0]","[0.0,0.0,0.0,0.0,0.0,0.0,0.0,0.0]","[0.0,0.0,0.0,0.0,0.0,0.0,0.0,0.0]",255,1,1
2026-08-12T10:59:17.686486+00:00,5132.968494,cycle_1_neutral_before_blocked,0.0000000,0.0000000,0.0000000,0.0000000,,,0,1,1,1,0,1,0.000000,9569,478500,1,0,1,1,0,1,0,1785533257,35,17507,5132917,738,0,1.9029926,-0.0597174,"[0.578894317150116,-0.04417398199439049,-0.02761898934841156,0.813736617565155]","[0.17067937552928925,0.0709465891122818,-0.059717386960983276]","[-0.418940007686615,-0.9500100016593933,9.708123207092285]",2.7335713,26789.000,"[0.0,0.0,0.0,0.0]","[0.0,0.0,0.0,0.0,0.0,0.0,0.0,0.0]","[0.0,0.0,0.0,0.0,0.0,0.0,0.0,0.0]",255,1,1
2026-08-12T10:59:17.738169+00:00,5133.020691,cycle_1_neutral_before_blocked,0.0000000,0.0000000,0.0000000,0.0000000,,,0,1,1,1,0,1,0.000000,9570,478550,1,0,1,1,0,1,0,1785533257,36,10090,5132969,739,0,1.8992704,-0.0586170,"[0.5805227160453796,-0.04291796311736107,-0.023197980597615242,0.8127812743186951]","[0.17627836763858795,0.05677976831793785,-0.058616988360881805]","[-0.4503389894962311,-0.8564649820327759,9.731973648071289]",2.3334692,22868.000,"[0.0,0.0,0.0,0.0]","[0.0,0.0,0.0,0.0,0.0,0.0,0.0,0.0]","[0.0,0.0,0.0,0.0,0.0,0.0,0.0,0.0]",255,1,1
2026-08-12T10:59:17.789933+00:00,5133.072215,cycle_1_neutral_before_blocked,0.0000000,0.0000000,0.0000000,0.0000000,,,0,1,1,1,0,1,0.000000,9571,478600,1,0,1,1,0,1,0,1785533257,37,35711,5133021,740,0,1.8956814,-0.0589409,"[0.5821135640144348,-0.041299957782030106,-0.018931983038783073,0.8118372559547424]","[0.1786234974861145,0.041368268430233,-0.058940887451171875]","[-0.4920690059661865,-0.7661769986152649,9.749356269836426]",2.3334692,22868.000,"[0.0,0.0,0.0,0.0]","[0.0,0.0,0.0,0.0,0.0,0.0,0.0,0.0]","[0.0,0.0,0.0,0.0,0.0,0.0,0.0,0.0]",255,1,1
2026-08-12T10:59:17.841969+00:00,5133.124020,cycle_1_neutral_before_blocked,0.0000000,0.0000000,0.0000000,0.0000000,,,0,1,1,1,0,1,0.000000,9572,478650,1,0,1,1,0,1,0,1785533257,38,57713,5133073,741,0,1.8921705,-0.0581083,"[0.5836799144744873,-0.03941198065876961,-0.014906994998455048,0.8108897805213928]","[0.17305493354797363,0.027063043788075447,-0.05810832977294922]","[-0.4916270077228546,-0.6795099973678589,9.752885818481445]",1.8852041,18475.000,"[0.0,0.0,0.0,0.0]","[0.0,0.0,0.0,0.0,0.0,0.0,0.0,0.0]","[0.0,0.0,0.0,0.0,0.0,0.0,0.0,0.0]",255,1,1
2026-08-12T10:59:17.894091+00:00,5133.176110,cycle_1_neutral_before_blocked,0.0000000,0.0000000,0.0000000,0.0000000,,,0,1,1,1,0,1,0.000000,9573,478700,1,0,1,1,0,1,0,1785533257,39,9981,5133125,742,0,1.8887247,-0.0590881,"[0.5852217078208923,-0.037288982421159744,-0.011237994767725468,0.8099375367164612]","[0.16381965577602386,0.010262919589877129,-0.059088051319122314]","[-0.5007079839706421,-0.5830309987068176,9.765752792358398]",1.8852041,18475.000,"[0.0,0.0,0.0,0.0]","[0.0,0.0,0.0,0.0,0.0,0.0,0.0,0.0]","[0.0,0.0,0.0,0.0,0.0,0.0,0.0,0.0]",255,1,1
2026-08-12T10:59:17.946263+00:00,5133.228313,cycle_1_neutral_before_blocked,0.0000000,0.0000000,0.0000000,0.0000000,,,0,1,1,1,0,1,0.000000,9574,478750,1,0,1,1,0,1,0,1785533257,40,5942,5133177,743,0,1.8853196,-0.0588928,"[0.5867404341697693,-0.035023968666791916,-0.008044993504881859,0.8089773058891296]","[0.1503264158964157,-0.00524652935564518,-0.058892834931612015]","[-0.4764910042285919,-0.5158270001411438,9.76264476776123]",1.4267346,13982.000,"[0.0,0.0,0.0,0.0]","[0.0,0.0,0.0,0.0,0.0,0.0,0.0,0.0]","[0.0,0.0,0.0,0.0,0.0,0.0,0.0,0.0]",255,1,1
2026-08-12T10:59:17.998505+00:00,5133.280490,cycle_1_neutral_before_blocked,0.0000000,0.0000000,0.0000000,0.0000000,,,0,1,1,1,0,1,0.000000,9575,478800,1,0,1,1,0,1,0,1785533257,41,16093,5133229,744,0,1.8819407,-0.0583638,"[0.5882359147071838,-0.032710980623960495,-0.005407996941357851,0.8080095052719116]","[0.13075412809848785,-0.0186320710927248,-0.058363791555166245]","[-0.47530800104141235,-0.44533398747444153,9.757624626159668]",1.4267346,13982.000,"[0.0,0.0,0.0,0.0]","[0.0,0.0,0.0,0.0,0.0,0.0,0.0,0.0]","[0.0,0.0,0.0,0.0,0.0,0.0,0.0,0.0]",255,1,1
2026-08-12T10:59:18.050767+00:00,5133.332735,cycle_1_neutral_before_blocked,0.0000000,0.0000000,0.0000000,0.0000000,,,0,1,1,1,0,1,0.000000,9576,478850,1,0,1,1,0,1,0,1785533257,42,9849,5133281,745,0,1.8786362,-0.0582485,"[0.5896862745285034,-0.03039097599685192,-0.003375998232513666,0.8070533275604248]","[0.10955698788166046,-0.03222021088004112,-0.058248549699783325]","[-0.45591500401496887,-0.38771700859069824,9.755400657653809]",0.9747959,9553.000,"[0.0,0.0,0.0,0.0]","[0.0,0.0,0.0,0.0,0.0,0.0,0.0,0.0]","[0.0,0.0,0.0,0.0,0.0,0.0,0.0,0.0]",255,1,1
2026-08-12T10:59:18.102118+00:00,5133.384985,cycle_1_neutral_before_blocked,0.0000000,0.0000000,0.0000000,0.0000000,,,0,1,1,1,0,1,0.000000,9577,478900,1,0,1,1,0,1,0,1785533257,43,29293,5133333,746,0,1.8753494,-0.0573795,"[0.5911097526550293,-0.02819198928773403,-0.0020259993616491556,0.8060957193374634]","[0.08308987319469452,-0.044100403785705566,-0.05737951770424843]","[-0.42780598998069763,-0.33575400710105896,9.7533597946167]",0.9747959,9553.000,"[0.0,0.0,0.0,0.0]","[0.0,0.0,0.0,0.0,0.0,0.0,0.0,0.0]","[0.0,0.0,0.0,0.0,0.0,0.0,0.0,0.0]",255,1,1
2026-08-12T10:59:18.153497+00:00,5133.436112,cycle_1_neutral_before_blocked,0.0000000,0.0000000,0.0000000,0.0000000,,,0,1,1,1,0,1,0.000000,9578,478950,1,0,1,1,0,1,0,1785533257,44,65283,5133385,747,0,1.8721460,-0.0573946,"[0.5924797058105469,-0.026179993525147438,-0.001335998997092247,0.805158793926239]","[0.05868161842226982,-0.05142916738986969,-0.05739456042647362]","[-0.39190998673439026,-0.31182798743247986,9.755819320678711]",0.9747959,9553.000,"[0.0,0.0,0.0,0.0]","[0.0,0.0,0.0,0.0,0.0,0.0,0.0,0.0]","[0.0,0.0,0.0,0.0,0.0,0.0,0.0,0.0]",255,1,1
2026-08-12T10:59:18.205552+00:00,5133.487567,cycle_1_neutral_before_blocked,0.0000000,0.0000000,0.0000000,0.0000000,,,0,1,1,1,0,1,0.000000,9579,479000,1,0,1,1,0,1,0,1785533257,45,4473,5133436,748,0,1.8696383,-0.0549785,"[0.5935395956039429,-0.024738984182476997,-0.0012429992202669382,0.8044235110282898]","[0.03549537435173988,-0.057487256824970245,-0.05497850477695465]","[-0.3726930022239685,-0.287898987531662,9.753289222717285]",0.5536734,5426.000,"[0.0,0.0,0.0,0.0]","[0.0,0.0,0.0,0.0,0.0,0.0,0.0,0.0]","[0.0,0.0,0.0,0.0,0.0,0.0,0.0,0.0]",255,1,1
2026-08-12T10:59:18.257760+00:00,5133.539775,cycle_1_neutral_before_blocked,0.0000000,0.0000000,0.0000000,0.0000000,,,0,1,1,1,0,1,0.000000,9580,479050,1,0,1,1,0,1,0,1785533257,46,59322,5133488,749,0,1.8696383,-0.0549785,"[0.5935395956039429,-0.024738984182476997,-0.0012429992202669382,0.8044235110282898]","[0.03549537435173988,-0.057487256824970245,-0.05497850477695465]","[-0.3726930022239685,-0.287898987531662,9.753289222717285]",0.5536734,5426.000,"[0.0,0.0,0.0,0.0]","[0.0,0.0,0.0,0.0,0.0,0.0,0.0,0.0]","[0.0,0.0,0.0,0.0,0.0,0.0,0.0,0.0]",255,1,1
2026-08-12T10:59:18.309981+00:00,5133.591976,cycle_1_neutral_before_blocked,0.0000000,0.0000000,0.0000000,0.0000000,,,0,1,1,1,0,1,0.000000,9581,479100,1,0,1,1,0,1,0,1785533257,46,59322,5133488,749,0,1.8696383,-0.0549785,"[0.5935395956039429,-0.024738984182476997,-0.0012429992202669382,0.8044235110282898]","[0.03549537435173988,-0.057487256824970245,-0.05497850477695465]","[-0.3726930022239685,-0.287898987531662,9.753289222717285]",0.5536734,5426.000,"[0.0,0.0,0.0,0.0]","[0.0,0.0,0.0,0.0,0.0,0.0,0.0,0.0]","[0.0,0.0,0.0,0.0,0.0,0.0,0.0,0.0]",255,1,1
2026-08-12T10:59:18.361454+00:00,5133.644189,cycle_1_neutral_before_blocked,0.0000000,0.0000000,0.0000000,0.0000000,,,0,1,1,1,0,1,0.000000,9582,479150,1,0,1,1,0,1,0,1785533257,47,8246,5133540,750,0,1.8696383,-0.0549785,"[0.5935395956039429,-0.024738984182476997,-0.0012429992202669382,0.8044235110282898]","[0.03549537435173988,-0.057487256824970245,-0.05497850477695465]","[-0.3726930022239685,-0.287898987531662,9.753289222717285]",0.5536734,5426.000,"[0.0,0.0,0.0,0.0]","[0.0,0.0,0.0,0.0,0.0,0.0,0.0,0.0]","[0.0,0.0,0.0,0.0,0.0,0.0,0.0,0.0]",255,1,1
2026-08-12T10:59:18.413518+00:00,5133.695505,cycle_1_neutral_before_blocked,0.0000000,0.0000000,0.0000000,0.0000000,,,0,1,1,1,0,1,0.000000,9583,479200,1,0,1,1,0,1,0,1785533257,48,8484,5133593,751,0,1.8696383,-0.0549785,"[0.5935395956039429,-0.024738984182476997,-0.0012429992202669382,0.8044235110282898]","[0.03549537435173988,-0.057487256824970245,-0.05497850477695465]","[-0.3726930022239685,-0.287898987531662,9.753289222717285]",0.5536734,5426.000,"[0.0,0.0,0.0,0.0]","[0.0,0.0,0.0,0.0,0.0,0.0,0.0,0.0]","[0.0,0.0,0.0,0.0,0.0,0.0,0.0,0.0]",255,1,1
2026-08-12T10:59:18.465736+00:00,5133.747727,cycle_1_neutral_before_blocked,0.0000000,0.0000000,0.0000000,0.0000000,,,0,1,1,1,0,1,0.000000,9584,479250,1,0,1,1,0,1,0,1785533257,49,29685,5133644,752,0,1.8696383,-0.0549785,"[0.5935395956039429,-0.024738984182476997,-0.0012429992202669382,0.8044235110282898]","[0.03549537435173988,-0.057487256824970245,-0.05497850477695465]","[-0.3726930022239685,-0.287898987531662,9.753289222717285]",0.5536734,5426.000,"[0.0,0.0,0.0,0.0]","[0.0,0.0,0.0,0.0,0.0,0.0,0.0,0.0]","[0.0,0.0,0.0,0.0,0.0,0.0,0.0,0.0]",255,1,1
2026-08-12T10:59:18.518075+00:00,5133.799989,cycle_1_neutral_before_blocked,0.0000000,0.0000000,0.0000000,0.0000000,,,0,1,1,1,0,1,0.000000,9585,479300,1,0,1,1,0,1,0,1785533257,50,34102,5133696,753,0,1.8696383,-0.0549785,"[0.5935395956039429,-0.024738984182476997,-0.0012429992202669382,0.8044235110282898]","[0.03549537435173988,-0.057487256824970245,-0.05497850477695465]","[-0.3726930022239685,-0.287898987531662,9.753289222717285]",0.2439796,2391.000,"[0.0,0.0,0.0,0.0]","[0.0,0.0,0.0,0.0,0.0,0.0,0.0,0.0]","[0.0,0.0,0.0,0.0,0.0,0.0,0.0,0.0]",255,1,1
2026-08-12T10:59:18.570483+00:00,5133.852382,cycle_1_neutral_before_blocked,0.0000000,0.0000000,0.0000000,0.0000000,,,0,1,1,1,0,1,0.000000,9586,479350,1,0,1,1,0,1,0,1785533257,51,65041,5133748,754,0,1.8696383,-0.0549785,"[0.5935395956039429,-0.024738984182476997,-0.0012429992202669382,0.8044235110282898]","[0.03549537435173988,-0.057487256824970245,-0.05497850477695465]","[-0.3726930022239685,-0.287898987531662,9.753289222717285]",0.2439796,2391.000,"[0.0,0.0,0.0,0.0]","[0.0,0.0,0.0,0.0,0.0,0.0,0.0,0.0]","[0.0,0.0,0.0,0.0,0.0,0.0,0.0,0.0]",255,1,1
2026-08-12T10:59:18.622703+00:00,5133.904719,cycle_1_neutral_before_blocked,0.0000000,0.0000000,0.0000000,0.0000000,,,0,1,1,1,0,1,0.000000,9587,479400,1,0,1,1,0,1,0,1785533257,52,58914,5133801,755,0,1.8696383,-0.0549785,"[0.5935395956039429,-0.024738984182476997,-0.0012429992202669382,0.8044235110282898]","[0.03549537435173988,-0.057487256824970245,-0.05497850477695465]","[-0.3726930022239685,-0.287898987531662,9.753289222717285]",0.2439796,2391.000,"[0.0,0.0,0.0,0.0]","[0.0,0.0,0.0,0.0,0.0,0.0,0.0,0.0]","[0.0,0.0,0.0,0.0,0.0,0.0,0.0,0.0]",255,1,1
2026-08-12T10:59:18.674940+00:00,5133.956934,cycle_1_neutral_before_blocked,0.0000000,0.0000000,0.0000000,0.0000000,,,0,1,1,1,0,1,0.000000,9588,479450,1,0,1,1,0,1,0,1785533257,53,16644,5133853,756,0,1.8696383,-0.0549785,"[0.5935395956039429,-0.024738984182476997,-0.0012429992202669382,0.8044235110282898]","[0.03549537435173988,-0.057487256824970245,-0.05497850477695465]","[-0.3726930022239685,-0.287898987531662,9.753289222717285]",0.2439796,2391.000,"[0.0,0.0,0.0,0.0]","[0.0,0.0,0.0,0.0,0.0,0.0,0.0,0.0]","[0.0,0.0,0.0,0.0,0.0,0.0,0.0,0.0]",255,1,1
2026-08-12T10:59:18.727232+00:00,5134.009161,cycle_1_neutral_before_blocked,0.0000000,0.0000000,0.0000000,0.0000000,,,0,1,1,1,0,1,0.000000,9589,479500,1,0,1,1,0,1,0,1785533257,54,22944,5133905,757,0,1.8696383,-0.0549785,"[0.5935395956039429,-0.024738984182476997,-0.0012429992202669382,0.8044235110282898]","[0.03549537435173988,-0.057487256824970245,-0.05497850477695465]","[-0.3726930022239685,-0.287898987531662,9.753289222717285]",0.2439796,2391.000,"[0.0,0.0,0.0,0.0]","[0.0,0.0,0.0,0.0,0.0,0.0,0.0,0.0]","[0.0,0.0,0.0,0.0,0.0,0.0,0.0,0.0]",255,1,1
2026-08-12T10:59:18.778671+00:00,5134.061444,cycle_1_neutral_before_blocked,0.0000000,0.0000000,0.0000000,0.0000000,,,0,1,1,1,0,1,0.000000,9590,479550,1,0,1,1,0,1,0,1785533257,55,36783,5133958,758,0,1.8696383,-0.0549785,"[0.5935395956039429,-0.024738984182476997,-0.0012429992202669382,0.8044235110282898]","[0.03549537435173988,-0.057487256824970245,-0.05497850477695465]","[-0.3726930022239685,-0.287898987531662,9.753289222717285]",0.2439796,2391.000,"[0.0,0.0,0.0,0.0]","[0.0,0.0,0.0,0.0,0.0,0.0,0.0,0.0]","[0.0,0.0,0.0,0.0,0.0,0.0,0.0,0.0]",255,1,1
2026-08-12T10:59:18.830684+00:00,5134.112669,cycle_1_neutral_before_blocked,0.0000000,0.0000000,0.0000000,0.0000000,,,0,1,1,1,0,1,0.000000,9591,479600,1,0,1,1,0,1,0,1785533257,56,48740,5134010,759,0,1.8696383,-0.0549785,"[0.5935395956039429,-0.024738984182476997,-0.0012429992202669382,0.8044235110282898]","[0.03549537435173988,-0.057487256824970245,-0.05497850477695465]","[-0.3726930022239685,-0.287898987531662,9.753289222717285]",0.2439796,2391.000,"[0.0,0.0,0.0,0.0]","[0.0,0.0,0.0,0.0,0.0,0.0,0.0,0.0]","[0.0,0.0,0.0,0.0,0.0,0.0,0.0,0.0]",255,1,1
2026-08-12T10:59:18.883684+00:00,5134.164851,cycle_1_neutral_before_blocked,0.0000000,0.0000000,0.0000000,0.0000000,,,0,1,1,1,0,1,0.000000,9593,479700,1,0,1,1,0,1,0,1785533257,58,60418,5134113,761,0,1.8696383,-0.0549785,"[0.5935395956039429,-0.024738984182476997,-0.0012429992202669382,0.8044235110282898]","[0.03549537435173988,-0.057487256824970245,-0.05497850477695465]","[-0.3726930022239685,-0.287898987531662,9.753289222717285]",0.1453061,1424.000,"[0.0,0.0,0.0,0.0]","[0.0,0.0,0.0,0.0,0.0,0.0,0.0,0.0]","[0.0,0.0,0.0,0.0,0.0,0.0,0.0,0.0]",255,1,1
2026-08-12T10:59:18.935605+00:00,5134.217776,cycle_1_neutral_before_blocked,0.0000000,0.0000000,0.0000000,0.0000000,,,0,1,1,1,0,1,0.000000,9594,479750,1,0,1,1,0,1,0,1785533257,59,49139,5134166,762,0,1.8696383,-0.0549785,"[0.5935395956039429,-0.024738984182476997,-0.0012429992202669382,0.8044235110282898]","[0.03549537435173988,-0.057487256824970245,-0.05497850477695465]","[-0.3726930022239685,-0.287898987531662,9.753289222717285]",0.1453061,1424.000,"[0.0,0.0,0.0,0.0]","[0.0,0.0,0.0,0.0,0.0,0.0,0.0,0.0]","[0.0,0.0,0.0,0.0,0.0,0.0,0.0,0.0]",255,1,1
2026-08-12T10:59:18.987818+00:00,5134.269782,cycle_1_neutral_before_blocked,0.0000000,0.0000000,0.0000000,0.0000000,,,0,1,1,1,0,1,0.000000,9595,479800,1,0,1,1,0,1,0,1785533257,60,56570,5134218,763,0,1.8696383,-0.0549785,"[0.5935395956039429,-0.024738984182476997,-0.0012429992202669382,0.8044235110282898]","[0.03549537435173988,-0.057487256824970245,-0.05497850477695465]","[-0.3726930022239685,-0.287898987531662,9.753289222717285]",0.1453061,1424.000,"[0.0,0.0,0.0,0.0]","[0.0,0.0,0.0,0.0,0.0,0.0,0.0,0.0]","[0.0,0.0,0.0,0.0,0.0,0.0,0.0,0.0]",255,1,1
2026-08-12T10:59:19.040070+00:00,5134.321988,cycle_1_neutral_before_blocked,0.0000000,0.0000000,0.0000000,0.0000000,,,0,1,1,1,0,1,0.000000,9596,479850,1,0,1,1,0,1,0,1785533257,61,12928,5134271,764,0,1.8696383,-0.0549785,"[0.5935395956039429,-0.024738984182476997,-0.0012429992202669382,0.8044235110282898]","[0.03549537435173988,-0.057487256824970245,-0.05497850477695465]","[-0.3726930022239685,-0.287898987531662,9.753289222717285]",0.1453061,1424.000,"[0.0,0.0,0.0,0.0]","[0.0,0.0,0.0,0.0,0.0,0.0,0.0,0.0]","[0.0,0.0,0.0,0.0,0.0,0.0,0.0,0.0]",255,1,1
2026-08-12T10:59:19.092375+00:00,5134.374279,cycle_1_neutral_before_blocked,0.0000000,0.0000000,0.0000000,0.0000000,,,0,1,1,1,0,1,0.000000,9597,479900,1,0,1,1,0,1,0,1785533257,62,10788,5134323,765,0,1.8696383,-0.0549785,"[0.5935395956039429,-0.024738984182476997,-0.0012429992202669382,0.8044235110282898]","[0.03549537435173988,-0.057487256824970245,-0.05497850477695465]","[-0.3726930022239685,-0.287898987531662,9.753289222717285]",0.1453061,1424.000,"[0.0,0.0,0.0,0.0]","[0.0,0.0,0.0,0.0,0.0,0.0,0.0,0.0]","[0.0,0.0,0.0,0.0,0.0,0.0,0.0,0.0]",255,1,1
2026-08-12T10:59:19.144648+00:00,5134.426615,cycle_1_neutral_before_blocked,0.0000000,0.0000000,0.0000000,0.0000000,,,0,1,1,1,0,1,0.000000,9598,479950,1,0,1,1,0,1,0,1785533257,63,46030,5134375,766,0,1.8696383,-0.0549785,"[0.5935395956039429,-0.024738984182476997,-0.0012429992202669382,0.8044235110282898]","[0.03549537435173988,-0.057487256824970245,-0.05497850477695465]","[-0.3726930022239685,-0.287898987531662,9.753289222717285]",0.1453061,1424.000,"[0.0,0.0,0.0,0.0]","[0.0,0.0,0.0,0.0,0.0,0.0,0.0,0.0]","[0.0,0.0,0.0,0.0,0.0,0.0,0.0,0.0]",255,1,1
2026-08-12T10:59:19.196845+00:00,5134.478882,cycle_1_neutral_before_blocked,0.0000000,0.0000000,0.0000000,0.0000000,,,0,1,1,1,0,1,0.000000,9599,480000,1,0,1,1,0,1,0,1785533257,64,21859,5134427,767,0,1.8696383,-0.0549785,"[0.5935395956039429,-0.024738984182476997,-0.0012429992202669382,0.8044235110282898]","[0.03549537435173988,-0.057487256824970245,-0.05497850477695465]","[-0.3726930022239685,-0.287898987531662,9.753289222717285]",0.1453061,1424.000,"[0.0,0.0,0.0,0.0]","[0.0,0.0,0.0,0.0,0.0,0.0,0.0,0.0]","[0.0,0.0,0.0,0.0,0.0,0.0,0.0,0.0]",255,1,1
2026-08-12T10:59:19.249067+00:00,5134.531065,cycle_1_neutral_before_blocked,0.0000000,0.0000000,0.0000000,0.0000000,,,0,1,1,1,0,1,0.000000,9600,480050,1,0,1,1,0,1,0,1785533257,65,10548,5134480,768,0,1.8696383,-0.0549785,"[0.5935395956039429,-0.024738984182476997,-0.0012429992202669382,0.8044235110282898]","[0.03549537435173988,-0.057487256824970245,-0.05497850477695465]","[-0.3726930022239685,-0.287898987531662,9.753289222717285]",0.1453061,1424.000,"[0.0,0.0,0.0,0.0]","[0.0,0.0,0.0,0.0,0.0,0.0,0.0,0.0]","[0.0,0.0,0.0,0.0,0.0,0.0,0.0,0.0]",255,1,1
2026-08-12T10:59:19.301377+00:00,5134.583309,cycle_1_neutral_before_blocked,0.0000000,0.0000000,0.0000000,0.0000000,,,0,1,1,1,0,1,0.000000,9601,480100,1,0,1,1,0,1,0,1785533257,66,20154,5134532,769,0,1.8696383,-0.0549785,"[0.5935395956039429,-0.024738984182476997,-0.0012429992202669382,0.8044235110282898]","[0.03549537435173988,-0.057487256824970245,-0.05497850477695465]","[-0.3726930022239685,-0.287898987531662,9.753289222717285]",0.1941837,1903.000,"[0.0,0.0,0.0,0.0]","[0.0,0.0,0.0,0.0,0.0,0.0,0.0,0.0]","[0.0,0.0,0.0,0.0,0.0,0.0,0.0,0.0]",255,1,1
2026-08-12T10:59:19.353180+00:00,5134.635551,cycle_1_neutral_before_blocked,0.0000000,0.0000000,0.0000000,0.0000000,,,0,1,1,1,0,1,0.000000,9602,480150,1,0,1,1,0,1,0,1785533257,67,57210,5134584,770,0,1.8102721,-0.0381424,"[0.6171671152114868,-0.02272198162972927,-0.03845397010445595,0.7855633497238159]","[0.05367683619260788,0.03371074050664902,-0.0381423719227314]","[0.12766799330711365,-0.890326976776123,9.691141128540039]",0.1941837,1903.000,"[0.0,0.0,0.0,0.0]","[0.0,0.0,0.0,0.0,0.0,0.0,0.0,0.0]","[0.0,0.0,0.0,0.0,0.0,0.0,0.0,0.0]",255,1,1
2026-08-12T10:59:19.404944+00:00,5134.687258,cycle_1_neutral_before_blocked,0.0000000,0.0000000,0.0000000,0.0000000,,,0,1,1,1,0,1,0.000000,9603,480200,1,0,1,1,0,1,0,1785533257,68,51801,5134636,771,0,1.8082649,-0.0394057,"[0.6179623007774353,-0.022531989961862564,-0.03712098300457001,0.785007655620575]","[0.061626654118299484,0.038634926080703735,-0.03940572962164879]","[0.11826399713754654,-0.8613449931144714,9.695404052734375]",0.1941837,1903.000,"[0.0,0.0,0.0,0.0]","[0.0,0.0,0.0,0.0,0.0,0.0,0.0,0.0]","[0.0,0.0,0.0,0.0,0.0,0.0,0.0,0.0]",255,1,1
2026-08-12T10:59:19.456871+00:00,5134.739037,cycle_1_neutral_before_blocked,0.0000000,0.0000000,0.0000000,0.0000000,,,0,1,1,1,0,1,0.000000,9604,480250,1,0,1,1,0,1,0,1785533257,69,29439,5134688,772,0,1.8082649,-0.0394057,"[0.6179623007774353,-0.022531989961862564,-0.03712098300457001,0.785007655620575]","[0.061626654118299484,0.038634926080703735,-0.03940572962164879]","[0.11826399713754654,-0.8613449931144714,9.695404052734375]",0.2878571,2821.000,"[0.0,0.0,0.0,0.0]","[0.0,0.0,0.0,0.0,0.0,0.0,0.0,0.0]","[0.0,0.0,0.0,0.0,0.0,0.0,0.0,0.0]",255,1,1
2026-08-12T10:59:19.509133+00:00,5134.791097,cycle_1_neutral_before_blocked,0.0000000,0.0000000,0.0000000,0.0000000,,,0,1,1,1,0,1,0.000000,9605,480300,1,0,1,1,0,1,0,1785533257,70,37007,5134740,773,0,1.8082649,-0.0394057,"[0.6179623007774353,-0.022531989961862564,-0.03712098300457001,0.785007655620575]","[0.061626654118299484,0.038634926080703735,-0.03940572962164879]","[0.11826399713754654,-0.8613449931144714,9.695404052734375]",0.2878571,2821.000,"[0.0,0.0,0.0,0.0]","[0.0,0.0,0.0,0.0,0.0,0.0,0.0,0.0]","[0.0,0.0,0.0,0.0,0.0,0.0,0.0,0.0]",255,1,1
2026-08-12T10:59:19.561379+00:00,5134.843382,cycle_1_neutral_before_blocked,0.0000000,0.0000000,0.0000000,0.0000000,,,0,1,1,1,0,1,0.000000,9606,480350,1,0,1,1,0,1,0,1785533257,70,37007,5134740,773,0,1.8082649,-0.0394057,"[0.6179623007774353,-0.022531989961862564,-0.03712098300457001,0.785007655620575]","[0.061626654118299484,0.038634926080703735,-0.03940572962164879]","[0.11826399713754654,-0.8613449931144714,9.695404052734375]",0.2878571,2821.000,"[0.0,0.0,0.0,0.0]","[0.0,0.0,0.0,0.0,0.0,0.0,0.0,0.0]","[0.0,0.0,0.0,0.0,0.0,0.0,0.0,0.0]",255,1,1
2026-08-12T10:59:19.613591+00:00,5134.895593,cycle_1_neutral_before_blocked,0.0000000,0.0000000,0.0000000,0.0000000,,,0,1,1,1,0,1,0.000000,9607,480400,1,0,1,1,0,1,0,1785533257,71,48612,5134792,774,0,1.8082649,-0.0394057,"[0.6179623007774353,-0.022531989961862564,-0.03712098300457001,0.785007655620575]","[0.061626654118299484,0.038634926080703735,-0.03940572962164879]","[0.11826399713754654,-0.8613449931144714,9.695404052734375]",0.2878571,2821.000,"[0.0,0.0,0.0,0.0]","[0.0,0.0,0.0,0.0,0.0,0.0,0.0,0.0]","[0.0,0.0,0.0,0.0,0.0,0.0,0.0,0.0]",255,1,1
2026-08-12T10:59:19.665845+00:00,5134.947819,cycle_1_neutral_before_blocked,0.0000000,0.0000000,0.0000000,0.0000000,,,0,1,1,1,0,1,0.000000,9608,480450,1,0,1,1,0,1,0,1785533257,72,26312,5134844,775,0,1.7959377,-0.0324037,"[0.6228192448616028,-0.021777981892228127,-0.025848975405097008,0.7816352844238281]","[0.06661167740821838,0.05928272753953934,-0.03240367770195007]","[-0.04066000133752823,-0.6651139855384827,9.733869552612305]",0.2878571,2821.000,"[0.0,0.0,0.0,0.0]","[0.0,0.0,0.0,0.0,0.0,0.0,0.0,0.0]","[0.0,0.0,0.0,0.0,0.0,0.0,0.0,0.0]",255,1,1
2026-08-12T10:59:19.718034+00:00,5135.000056,cycle_1_neutral_before_blocked,0.0000000,0.0000000,0.0000000,0.0000000,,,0,1,1,1,0,1,0.000000,9609,480500,1,0,1,1,0,1,0,1785533257,73,54621,5134896,776,0,1.7937640,-0.0300022,"[0.6236662268638611,-0.021891988813877106,-0.02366698905825615,0.7810256481170654]","[0.061130017042160034,0.059972815215587616,-0.030002174898982048]","[-0.06198199838399887,-0.626272976398468,9.749844551086426]",0.3812245,3736.000,"[0.0,0.0,0.0,0.0]","[0.0,0.0,0.0,0.0,0.0,0.0,0.0,0.0]","[0.0,0.0,0.0,0.0,0.0,0.0,0.0,0.0]",255,1,1
2026-08-12T10:59:19.770228+00:00,5135.052248,cycle_1_neutral_before_blocked,0.0000000,0.0000000,0.0000000,0.0000000,,,0,1,1,1,0,1,0.000000,9610,480550,1,0,1,1,0,1,0,1785533257,74,10126,5134949,777,0,1.7916374,-0.0287757,"[0.6244919896125793,-0.02208399400115013,-0.021613994613289833,0.7804197669029236]","[0.0544133335351944,0.05753614380955696,-0.028775664046406746]","[-0.09521599858999252,-0.5948129892349243,9.751398086547852]",0.3812245,3736.000,"[0.0,0.0,0.0,0.0]","[0.0,0.0,0.0,0.0,0.0,0.0,0.0,0.0]","[0.0,0.0,0.0,0.0,0.0,0.0,0.0,0.0]",255,1,1
2026-08-12T10:59:19.822398+00:00,5135.104447,cycle_1_neutral_before_blocked,0.0000000,0.0000000,0.0000000,0.0000000,,,0,1,1,1,0,1,0.000000,9611,480600,1,0,1,1,0,1,0,1785533257,75,36635,5135001,778,0,1.7895628,-0.0287979,"[0.62529456615448,-0.02234998717904091,-0.01971498876810074,0.7798195481300354]","[0.047096818685531616,0.05633564665913582,-0.02879786491394043]","[-0.11662700027227402,-0.5580459833145142,9.788993835449219]",0.4783673,4688.000,"[0.0,0.0,0.0,0.0]","[0.0,0.0,0.0,0.0,0.0,0.0,0.0,0.0]","[0.0,0.0,0.0,0.0,0.0,0.0,0.0,0.0]",255,1,1
2026-08-12T10:59:19.874629+00:00,5135.156621,cycle_1_neutral_before_blocked,0.0000000,0.0000000,0.0000000,0.0000000,,,0,1,1,1,0,1,0.000000,9612,480650,1,0,1,1,0,1,0,1785533257,76,59538,5135053,779,0,1.7875432,-0.0283633,"[0.6260730624198914,-0.02267797291278839,-0.018069976940751076,0.7792250514030457]","[0.03691491857171059,0.05141562223434448,-0.028363311663269997]","[-0.14192600548267365,-0.539683997631073,9.77563762664795]",0.4783673,4688.000,"[0.0,0.0,0.0,0.0]","[0.0,0.0,0.0,0.0,0.0,0.0,0.0,0.0]","[0.0,0.0,0.0,0.0,0.0,0.0,0.0,0.0]",255,1,1
2026-08-12T10:59:19.926821+00:00,5135.208840,cycle_1_neutral_before_blocked,0.0000000,0.0000000,0.0000000,0.0000000,,,0,1,1,1,0,1,0.000000,9613,480700,1,0,1,1,0,1,0,1785533257,77,8862,5135105,780,0,1.7855780,-0.0268790,"[0.6268280744552612,-0.023051979020237923,-0.01670398749411106,0.7786373496055603]","[0.02631424181163311,0.044639553874731064,-0.0268789604306221]","[-0.17602699995040894,-0.5193960070610046,9.780543327331543]",0.5694898,5581.000,"[0.0,0.0,0.0,0.0]","[0.0,0.0,0.0,0.0,0.0,0.0,0.0,0.0]","[0.0,0.0,0.0,0.0,0.0,0.0,0.0,0.0]",255,1,1
2026-08-12T10:59:19.979081+00:00,5135.261042,cycle_1_neutral_before_blocked,0.0000000,0.0000000,0.0000000,0.0000000,,,0,1,1,1,0,1,0.000000,9614,480750,1,0,1,1,0,1,0,1785533257,78,63931,5135157,781,0,1.7837192,-0.0256009,"[0.6275390982627869,-0.023471979424357414,-0.015623986721038818,0.778074324131012]","[0.015307793393731117,0.03786352276802063,-0.025600891560316086]","[-0.1879650056362152,-0.5119050145149231,9.794692039489746]",0.5694898,5581.000,"[0.0,0.0,0.0,0.0]","[0.0,0.0,0.0,0.0,0.0,0.0,0.0,0.0]","[0.0,0.0,0.0,0.0,0.0,0.0,0.0,0.0]",255,1,1
2026-08-12T10:59:20.031312+00:00,5135.313269,cycle_1_neutral_before_blocked,0.0000000,0.0000000,0.0000000,0.0000000,,,0,1,1,1,0,1,0.000000,9615,480800,1,0,1,1,0,1,0,1785533257,79,11060,5135210,782,0,1.7819541,-0.0236782,"[0.6282104849815369,-0.02394997514784336,-0.014888986013829708,0.7775322198867798]","[0.004289251286536455,0.02922370657324791,-0.02367820218205452]","[-0.20222100615501404,-0.5046960115432739,9.78962230682373]",0.6539795,6409.000,"[0.0,0.0,0.0,0.0]","[0.0,0.0,0.0,0.0,0.0,0.0,0.0,0.0]","[0.0,0.0,0.0,0.0,0.0,0.0,0.0,0.0]",255,1,1
2026-08-12T10:59:20.084628+00:00,5135.365548,cycle_1_neutral_before_blocked,0.0000000,0.0000000,0.0000000,0.0000000,,,0,1,1,1,0,1,0.000000,9617,480900,1,0,1,1,0,1,0,1785533257,81,29175,5135314,784,0,1.7787757,-0.0175234,"[0.6294060945510864,-0.025075988844037056,-0.014381994493305683,0.7765387296676636]","[-0.018315711989998817,0.01946490816771984,-0.017523402348160744]","[-0.2117529958486557,-0.5194510221481323,9.765742301940918]",0.6539795,6409.000,"[0.0,0.0,0.0,0.0]","[0.0,0.0,0.0,0.0,0.0,0.0,0.0,0.0]","[0.0,0.0,0.0,0.0,0.0,0.0,0.0,0.0]",255,1,1
2026-08-12T10:59:20.136038+00:00,5135.418823,cycle_1_neutral_before_blocked,0.0000000,0.0000000,0.0000000,0.0000000,,,0,1,1,1,0,1,0.000000,9618,480950,1,0,1,1,0,1,0,1785533257,82,31525,5135367,785,0,1.7773870,-0.0174707,"[0.6299192309379578,-0.025759978219866753,-0.014582987874746323,0.7760963439941406]","[-0.027895387262105942,0.01328811701387167,-0.017470676451921463]","[-0.2197439968585968,-0.5233380198478699,9.7713041305542]",0.6845918,6709.000,"[0.0,0.0,0.0,0.0]","[0.0,0.0,0.0,0.0,0.0,0.0,0.0,0.0]","[0.0,0.0,0.0,0.0,0.0,0.0,0.0,0.0]",255,1,1
2026-08-12T10:59:20.188096+00:00,5135.470114,cycle_1_neutral_before_blocked,0.0000000,0.0000000,0.0000000,0.0000000,,,0,1,1,1,0,1,0.000000,9619,481000,1,0,1,1,0,1,0,1785533257,83,60133,5135419,786,0,1.7763427,-0.0162233,"[0.6303017735481262,-0.026332993060350418,-0.014935995452105999,0.775759756565094]","[-0.03482258319854736,0.00960507057607174,-0.016223272308707237]","[-0.21907399594783783,-0.5556089878082275,9.758994102478027]",0.6845918,6709.000,"[0.0,0.0,0.0,0.0]","[0.0,0.0,0.0,0.0,0.0,0.0,0.0,0.0]","[0.0,0.0,0.0,0.0,0.0,0.0,0.0,0.0]",255,1,1
2026-08-12T10:59:20.240358+00:00,5135.522341,cycle_1_neutral_before_blocked,0.0000000,0.0000000,0.0000000,0.0000000,,,0,1,1,1,0,1,0.000000,9620,481050,1,0,1,1,0,1,0,1785533257,84,36204,5135471,787,0,1.7748972,-0.0137333,"[0.630825400352478,-0.027227984741330147,-0.015721991658210754,0.7752875685691833]","[-0.0421651154756546,0.00469238730147481,-0.013733315281569958]","[-0.22864900529384613,-0.5652599930763245,9.754228591918945]",0.5891836,5774.000,"[0.0,0.0,0.0,0.0]","[0.0,0.0,0.0,0.0,0.0,0.0,0.0,0.0]","[0.0,0.0,0.0,0.0,0.0,0.0,0.0,0.0]",255,1,1
2026-08-12T10:59:20.292687+00:00,5135.574582,cycle_1_neutral_before_blocked,0.0000000,0.0000000,0.0000000,0.0000000,,,0,1,1,1,0,1,0.000000,9621,481100,1,0,1,1,0,1,0,1785533257,85,56237,5135523,788,0,1.7737722,-0.0136670,"[0.6312286853790283,-0.027986982837319374,-0.016572991386055946,0.7749145030975342]","[-0.04951148107647896,-0.0014988015173003078,-0.013667046092450619]","[-0.22154399752616882,-0.5896769762039185,9.733078956604004]",0.5891836,5774.000,"[0.0,0.0,0.0,0.0]","[0.0,0.0,0.0,0.0,0.0,0.0,0.0,0.0]","[0.0,0.0,0.0,0.0,0.0,0.0,0.0,0.0]",255,1,1
2026-08-12T10:59:20.345329+00:00,5135.626874,cycle_1_neutral_before_blocked,0.0000000,0.0000000,0.0000000,0.0000000,,,0,1,1,1,0,1,0.000000,9622,481150,1,0,1,1,0,1,0,1785533257,86,55226,5135575,789,0,1.7726545,-0.0136155,"[0.631628692150116,-0.028722969815135002,-0.017585979774594307,0.7745391726493835]","[-0.051970236003398895,-0.005226109176874161,-0.013615471310913563]","[-0.22173099219799042,-0.6233149766921997,9.735971450805664]",0.4731633,4637.000,"[0.0,0.0,0.0,0.0]","[0.0,0.0,0.0,0.0,0.0,0.0,0.0,0.0]","[0.0,0.0,0.0,0.0,0.0,0.0,0.0,0.0]",255,1,1
2026-08-12T10:59:20.397769+00:00,5135.679728,cycle_1_neutral_before_blocked,0.0000000,0.0000000,0.0000000,0.0000000,,,0,1,1,1,0,1,0.000000,9623,481200,1,0,1,1,0,1,0,1785533257,87,41709,5135628,790,0,1.7715517,-0.0135454,"[0.6320241093635559,-0.02940399944782257,-0.018696999177336693,0.7741649746894836]","[-0.05321453511714935,-0.009585121646523476,-0.013545448891818523]","[-0.20037099719047546,-0.6549400091171265,9.719888687133789]",0.4731633,4637.000,"[0.0,0.0,0.0,0.0]","[0.0,0.0,0.0,0.0,0.0,0.0,0.0,0.0]","[0.0,0.0,0.0,0.0,0.0,0.0,0.0,0.0]",255,1,1
2026-08-12T10:59:20.449972+00:00,5135.732017,cycle_1_neutral_before_blocked,0.0000000,0.0000000,0.0000000,0.0000000,,,0,1,1,1,0,1,0.000000,9624,481250,1,0,1,1,0,1,0,1785533257,88,47680,5135680,791,0,1.7706490,-0.0147389,"[0.6323502063751221,-0.029891973361372948,-0.01964898407459259,0.7738563418388367]","[-0.05566401034593582,-0.012080174870789051,-0.01473888661712408]","[-0.20048600435256958,-0.6765890121459961,9.720206260681152]",0.3907143,3829.000,"[0.0,0.0,0.0,0.0]","[0.0,0.0,0.0,0.0,0.0,0.0,0.0,0.0]","[0.0,0.0,0.0,0.0,0.0,0.0,0.0,0.0]",255,1,1
2026-08-12T10:59:20.501736+00:00,5135.784183,cycle_1_neutral_before_blocked,0.0000000,0.0000000,0.0000000,0.0000000,,,0,1,1,1,0,1,0.000000,9625,481300,1,0,1,1,0,1,0,1785533257,89,21562,5135733,792,0,1.7695117,-0.0152065,"[0.632765531539917,-0.03038998320698738,-0.020901989191770554,0.7734645009040833]","[-0.0520496629178524,-0.018973737955093384,-0.015206548385322094]","[-0.19349199533462524,-0.7054499983787537,9.72311019897461]",0.3907143,3829.000,"[0.0,0.0,0.0,0.0]","[0.0,0.0,0.0,0.0,0.0,0.0,0.0,0.0]","[0.0,0.0,0.0,0.0,0.0,0.0,0.0,0.0]",255,1,1
2026-08-12T10:59:20.553825+00:00,5135.835787,cycle_1_neutral_before_blocked,0.0000000,0.0000000,0.0000000,0.0000000,,,0,1,1,1,0,1,0.000000,9626,481350,1,0,1,1,0,1,0,1785533257,90,14132,5135785,793,0,1.7681490,-0.0156631,"[0.633272647857666,-0.03076998144388199,-0.022396987304091454,0.7729924917221069]","[-0.044777050614356995,-0.025267044082283974,-0.015663091093301773]","[-0.17466600239276886,-0.7487239837646484,9.731160163879395]",0.3782653,3707.000,"[0.0,0.0,0.0,0.0]","[0.0,0.0,0.0,0.0,0.0,0.0,0.0,0.0]","[0.0,0.0,0.0,0.0,0.0,0.0,0.0,0.0]",255,1,1
2026-08-12T10:59:20.605578+00:00,5135.888034,cycle_1_neutral_before_blocked,0.0000000,0.0000000,0.0000000,0.0000000,,,0,1,1,1,0,1,0.000000,9627,481400,1,0,1,1,0,1,0,1785533257,91,39713,5135837,794,0,1.7670825,-0.0143295,"[0.6336777210235596,-0.03088397905230522,-0.023651981726288795,0.7726184725761414]","[-0.03749222308397293,-0.029041878879070282,-0.014329520054161549]","[-0.17473800480365753,-0.7656350135803223,9.726609230041504]",0.3782653,3707.000,"[0.0,0.0,0.0,0.0]","[0.0,0.0,0.0,0.0,0.0,0.0,0.0,0.0]","[0.0,0.0,0.0,0.0,0.0,0.0,0.0,0.0]",255,1,1
2026-08-12T10:59:20.657282+00:00,5135.939666,cycle_1_neutral_before_blocked,0.0000000,0.0000000,0.0000000,0.0000000,,,0,1,1,1,0,1,0.000000,9628,481450,1,0,1,1,0,1,0,1785533257,92,7660,5135888,795,0,1.7660644,-0.0141857,"[0.6340732574462891,-0.03080296330153942,-0.024866968393325806,0.772258996963501]","[-0.03387877717614174,-0.035927724093198776,-0.014185705222189426]","[-0.1606139987707138,-0.7845770120620728,9.751038551330566]",0.3942857,3864.000,"[0.0,0.0,0.0,0.0]","[0.0,0.0,0.0,0.0,0.0,0.0,0.0,0.0]","[0.0,0.0,0.0,0.0,0.0,0.0,0.0,0.0]",255,1,1
2026-08-12T10:59:20.708885+00:00,5135.991410,cycle_1_neutral_before_blocked,0.0000000,0.0000000,0.0000000,0.0000000,,,0,1,1,1,0,1,0.000000,9629,481500,1,0,1,1,0,1,0,1785533257,93,55904,5135940,796,0,1.7651320,-0.0116219,"[0.6344430446624756,-0.03056797757744789,-0.02602498233318329,0.7719264030456543]","[-0.02537759393453598,-0.03969498351216316,-0.011621850542724133]","[-0.15117600560188293,-0.7989429831504822,9.758556365966797]",0.3942857,3864.000,"[0.0,0.0,0.0,0.0]","[0.0,0.0,0.0,0.0,0.0,0.0,0.0,0.0]","[0.0,0.0,0.0,0.0,0.0,0.0,0.0,0.0]",255,1,1
2026-08-12T10:59:20.760969+00:00,5136.042976,cycle_1_neutral_before_blocked,0.0000000,0.0000000,0.0000000,0.0000000,,,0,1,1,1,0,1,0.000000,9630,481550,1,0,1,1,0,1,0,1785533257,93,55904,5135940,796,0,1.7644380,-0.0115665,"[0.6347254514694214,-0.0302369836717844,-0.026890983805060387,0.771677553653717]","[-0.018072275444865227,-0.040366027504205704,-0.011566472239792347]","[-0.15122200548648834,-0.8061230182647705,9.761058807373047]",0.4488775,4399.000,"[0.0,0.0,0.0,0.0]","[0.0,0.0,0.0,0.0,0.0,0.0,0.0,0.0]","[0.0,0.0,0.0,0.0,0.0,0.0,0.0,0.0]",255,1,1
2026-08-12T10:59:20.813223+00:00,5136.095251,cycle_1_neutral_before_blocked,0.0000000,0.0000000,0.0000000,0.0000000,,,0,1,1,1,0,1,0.000000,9631,481600,1,0,1,1,0,1,0,1785533257,94,60322,5135992,797,0,1.7644380,-0.0115665,"[0.6347254514694214,-0.0302369836717844,-0.026890983805060387,0.771677553653717]","[-0.018072275444865227,-0.040366027504205704,-0.011566472239792347]","[-0.15122200548648834,-0.8061230182647705,9.761058807373047]",0.4488775,4399.000,"[0.0,0.0,0.0,0.0]","[0.0,0.0,0.0,0.0,0.0,0.0,0.0,0.0]","[0.0,0.0,0.0,0.0,0.0,0.0,0.0,0.0]",255,1,1
2026-08-12T10:59:20.865611+00:00,5136.147641,cycle_1_neutral_before_blocked,0.0000000,0.0000000,0.0000000,0.0000000,,,0,1,1,1,0,1,0.000000,9632,481650,1,0,1,1,0,1,0,1785533257,95,49737,5136044,798,0,1.7629994,-0.0096435,"[0.6353293657302856,-0.029141969978809357,-0.028540972620248795,0.771163284778595]","[-0.007118901237845421,-0.041661377996206284,-0.009643519297242165]","[-0.1297769993543625,-0.7987489700317383,9.777989387512207]",0.4488775,4399.000,"[0.0,0.0,0.0,0.0]","[0.0,0.0,0.0,0.0,0.0,0.0,0.0,0.0]","[0.0,0.0,0.0,0.0,0.0,0.0,0.0,0.0]",255,1,1
2026-08-12T10:59:20.917841+00:00,5136.199819,cycle_1_neutral_before_blocked,0.0000000,0.0000000,0.0000000,0.0000000,,,0,1,1,1,0,1,0.000000,9633,481700,1,0,1,1,0,1,0,1785533257,96,56000,5136096,799,0,1.7619666,-0.0089803,"[0.635776698589325,-0.028028974309563637,-0.029458967968821526,0.7708012461662292]","[0.005069361068308353,-0.04048463702201843,-0.008980312384665012]","[-0.10355299711227417,-0.7963539958000183,9.785449981689453]",0.4488775,4399.000,"[0.0,0.0,0.0,0.0]","[0.0,0.0,0.0,0.0,0.0,0.0,0.0,0.0]","[0.0,0.0,0.0,0.0,0.0,0.0,0.0,0.0]",255,1,1
2026-08-12T10:59:20.970038+00:00,5136.252013,cycle_1_neutral_before_blocked,0.0000000,0.0000000,0.0000000,0.0000000,,,0,1,1,1,0,1,0.000000,9634,481750,1,0,1,1,0,1,0,1785533257,97,1151,5136148,800,0,1.7616711,-0.0077721,"[0.6359054446220398,-0.027686985209584236,-0.02966398186981678,0.7706995606422424]","[0.006293203681707382,-0.039229415357112885,-0.007772143930196762]","[-0.08682800084352493,-0.794098973274231,9.78081226348877]",0.4488775,4399.000,"[0.0,0.0,0.0,0.0]","[0.0,0.0,0.0,0.0,0.0,0.0,0.0,0.0]","[0.0,0.0,0.0,0.0,0.0,0.0,0.0,0.0]",255,1,1
2026-08-12T10:59:21.022221+00:00,5136.304207,cycle_1_neutral_before_blocked,0.0000000,0.0000000,0.0000000,0.0000000,,,0,1,1,1,0,1,0.000000,9635,481800,1,0,1,1,0,1,0,1785533257,98,7243,5136201,801,0,1.7604849,-0.0084387,"[0.6364227533340454,-0.02626197040081024,-0.03015596605837345,0.7703031897544861]","[0.019129717722535133,-0.03183363750576973,-0.008438737131655216]","[-0.046160999685525894,-0.780036985874176,9.76908016204834]",0.5262245,5157.000,"[0.0,0.0,0.0,0.0]","[0.0,0.0,0.0,0.0,0.0,0.0,0.0,0.0]","[0.0,0.0,0.0,0.0,0.0,0.0,0.0,0.0]",255,1,1
2026-08-12T10:59:21.074432+00:00,5136.356447,cycle_1_neutral_before_blocked,0.0000000,0.0000000,0.0000000,0.0000000,,,0,1,1,1,0,1,0.000000,9636,481850,1,0,1,1,0,1,0,1785533257,99,26476,5136253,802,0,1.7604849,-0.0084387,"[0.6364227533340454,-0.02626197040081024,-0.03015596605837345,0.7703031897544861]","[0.019129717722535133,-0.03183363750576973,-0.008438737131655216]","[-0.046160999685525894,-0.780036985874176,9.76908016204834]",0.5262245,5157.000,"[0.0,0.0,0.0,0.0]","[0.0,0.0,0.0,0.0,0.0,0.0,0.0,0.0]","[0.0,0.0,0.0,0.0,0.0,0.0,0.0,0.0]",255,1,1
2026-08-12T10:59:21.126699+00:00,5136.408585,cycle_1_neutral_before_blocked,0.0000000,0.0000000,0.0000000,0.0000000,,,0,1,1,1,0,1,0.000000,9637,481900,1,0,1,1,0,1,0,1785533257,100,37288,5136305,803,0,1.7604849,-0.0084387,"[0.6364227533340454,-0.02626197040081024,-0.03015596605837345,0.7703031897544861]","[0.019129717722535133,-0.03183363750576973,-0.008438737131655216]","[-0.046160999685525894,-0.780036985874176,9.76908016204834]",0.5262245,5157.000,"[0.0,0.0,0.0,0.0]","[0.0,0.0,0.0,0.0,0.0,0.0,0.0,0.0]","[0.0,0.0,0.0,0.0,0.0,0.0,0.0,0.0]",255,1,1
2026-08-12T10:59:21.178962+00:00,5136.460945,cycle_1_neutral_before_blocked,0.0000000,0.0000000,0.0000000,0.0000000,,,0,1,1,1,0,1,0.000000,9638,481950,1,0,1,1,0,1,0,1785533257,101,22052,5136357,804,0,1.7584291,-0.0079930,"[0.6373103260993958,-0.023850981146097183,-0.02982797473669052,0.7696603536605835]","[0.032001763582229614,-0.018184026703238487,-0.00799301452934742]","[0.001838000025600195,-0.7372530102729797,9.749810218811035]",0.5262245,5157.000,"[0.0,0.0,0.0,0.0]","[0.0,0.0,0.0,0.0,0.0,0.0,0.0,0.0]","[0.0,0.0,0.0,0.0,0.0,0.0,0.0,0.0]",255,1,1
2026-08-12T10:59:21.231200+00:00,5136.513196,cycle_1_neutral_before_blocked,0.0000000,0.0000000,0.0000000,0.0000000,,,0,1,1,1,0,1,0.000000,9639,482000,1,0,1,1,0,1,0,1785533257,102,64485,5136409,805,0,1.7573600,-0.0068696,"[0.6377667784690857,-0.022630983963608742,-0.029189979657530785,0.7693434357643127]","[0.037526533007621765,-0.010717927478253841,-0.006869563367217779]","[0.028207000344991684,-0.7059569954872131,9.75925064086914]",0.6040816,5920.000,"[0.0,0.0,0.0,0.0]","[0.0,0.0,0.0,0.0,0.0,0.0,0.0,0.0]","[0.0,0.0,0.0,0.0,0.0,0.0,0.0,0.0]",255,1,1
2026-08-12T10:59:21.284547+00:00,5136.565437,cycle_1_neutral_before_blocked,0.0000000,0.0000000,0.0000000,0.0000000,,,0,1,1,1,0,1,0.000000,9641,482100,1,0,1,1,0,1,0,1785533257,104,13639,5136514,807,0,1.7560166,-0.0033668,"[0.6383358240127563,-0.021124988794326782,-0.027964988723397255,0.7689597010612488]","[0.035746123641729355,-0.001926075667142868,-0.0033667576499283314]","[0.045145001262426376,-0.6800150275230408,9.730277061462402]",0.6040816,5920.000,"[0.0,0.0,0.0,0.0]","[0.0,0.0,0.0,0.0,0.0,0.0,0.0,0.0]","[0.0,0.0,0.0,0.0,0.0,0.0,0.0,0.0]",255,1,1
2026-08-12T10:59:21.336650+00:00,5136.618781,cycle_1_neutral_before_blocked,0.0000000,0.0000000,0.0000000,0.0000000,,,0,1,1,1,0,1,0.000000,9642,482150,1,0,1,1,0,1,0,1785533257,105,56125,5136567,808,0,1.7560166,-0.0033668,"[0.6383358240127563,-0.021124988794326782,-0.027964988723397255,0.7689597010612488]","[0.035746123641729355,-0.001926075667142868,-0.0033667576499283314]","[0.045145001262426376,-0.6800150275230408,9.730277061462402]",0.6040816,5920.000,"[0.0,0.0,0.0,0.0]","[0.0,0.0,0.0,0.0,0.0,0.0,0.0,0.0]","[0.0,0.0,0.0,0.0,0.0,0.0,0.0,0.0]",255,1,1
2026-08-12T10:59:21.388746+00:00,5136.670778,cycle_1_neutral_before_blocked,0.0000000,0.0000000,0.0000000,0.0000000,,,0,1,1,1,0,1,0.000000,9643,482200,1,0,1,1,0,1,0,1785533257,106,22100,5136619,809,0,1.7560166,-0.0033668,"[0.6383358240127563,-0.021124988794326782,-0.027964988723397255,0.7689597010612488]","[0.035746123641729355,-0.001926075667142868,-0.0033667576499283314]","[0.045145001262426376,-0.6800150275230408,9.730277061462402]",0.6740816,6606.000,"[0.0,0.0,0.0,0.0]","[0.0,0.0,0.0,0.0,0.0,0.0,0.0,0.0]","[0.0,0.0,0.0,0.0,0.0,0.0,0.0,0.0]",255,1,1
2026-08-12T10:59:21.440919+00:00,5136.722910,cycle_1_neutral_before_blocked,0.0000000,0.0000000,0.0000000,0.0000000,,,0,1,1,1,0,1,0.000000,9644,482250,1,0,1,1,0,1,0,1785533257,107,35051,5136671,810,0,1.7547034,0.0012925,"[0.6388830542564392,-0.0198189839720726,-0.02619098126888275,0.7686024308204651]","[0.02849332056939602,0.00878808181732893,0.0012925384799018502]","[0.05495699867606163,-0.6418659687042236,9.710638999938965]",0.6740816,6606.000,"[0.0,0.0,0.0,0.0]","[0.0,0.0,0.0,0.0,0.0,0.0,0.0,0.0]","[0.0,0.0,0.0,0.0,0.0,0.0,0.0,0.0]",255,1,1
2026-08-12T10:59:21.493051+00:00,5136.775043,cycle_1_neutral_before_blocked,0.0000000,0.0000000,0.0000000,0.0000000,,,0,1,1,1,0,1,0.000000,9645,482300,1,0,1,1,0,1,0,1785533257,108,47838,5136724,811,0,1.7547034,0.0012925,"[0.6388830542564392,-0.0198189839720726,-0.02619098126888275,0.7686024308204651]","[0.02849332056939602,0.00878808181732893,0.0012925384799018502]","[0.05495699867606163,-0.6418659687042236,9.710638999938965]",0.6740816,6606.000,"[0.0,0.0,0.0,0.0]","[0.0,0.0,0.0,0.0,0.0,0.0,0.0,0.0]","[0.0,0.0,0.0,0.0,0.0,0.0,0.0,0.0]",255,1,1
2026-08-12T10:59:21.545372+00:00,5136.827231,cycle_1_neutral_before_blocked,0.0000000,0.0000000,0.0000000,0.0000000,,,0,1,1,1,0,1,0.000000,9646,482350,1,0,1,1,0,1,0,1785533257,109,31186,5136776,812,0,1.7538153,0.0023015,"[0.6392354369163513,-0.019460979849100113,-0.02459697239100933,0.7683712244033813]","[0.0169674102216959,0.01698816381394863,0.0023015134502202272]","[0.03596099838614464,-0.6273829936981201,9.707807540893555]",0.6740816,6606.000,"[0.0,0.0,0.0,0.0]","[0.0,0.0,0.0,0.0,0.0,0.0,0.0,0.0]","[0.0,0.0,0.0,0.0,0.0,0.0,0.0,0.0]",255,1,1
2026-08-12T10:59:21.597620+00:00,5136.879606,cycle_1_neutral_before_blocked,0.0000000,0.0000000,0.0000000,0.0000000,,,0,1,1,1,0,1,0.000000,9647,482400,1,0,1,1,0,1,0,1785533257,110,41719,5136828,813,0,1.7537452,0.0034912,"[0.6392619013786316,-0.01947699300944805,-0.024474993348121643,0.768352746963501]","[0.015145810320973396,0.01826307363808155,0.0034912172704935074]","[0.019226999953389168,-0.629601001739502,9.714845657348633]",0.6740816,6606.000,"[0.0,0.0,0.0,0.0]","[0.0,0.0,0.0,0.0,0.0,0.0,0.0,0.0]","[0.0,0.0,0.0,0.0,0.0,0.0,0.0,0.0]",240,1,1
2026-08-12T10:59:21.649997+00:00,5136.931888,cycle_1_neutral_before_blocked,0.0000000,0.0000000,0.0000000,0.0000000,,,0,1,1,1,0,1,0.000000,9648,482450,1,0,1,1,0,1,0,1785533257,111,6737,5136880,814,0,1.7537452,0.0034912,"[0.6392619013786316,-0.01947699300944805,-0.024474993348121643,0.768352746963501]","[0.015145810320973396,0.01826307363808155,0.0034912172704935074]","[0.019226999953389168,-0.629601001739502,9.714845657348633]",0.7133673,6991.000,"[0.0,0.0,0.0,0.0]","[0.0,0.0,0.0,0.0,0.0,0.0,0.0,0.0]","[0.0,0.0,0.0,0.0,0.0,0.0,0.0,0.0]",255,1,1
2026-08-12T10:59:21.702254+00:00,5136.984270,cycle_1_neutral_before_blocked,0.0000000,0.0000000,0.0000000,0.0000000,,,0,1,1,1,0,1,0.000000,9649,482500,1,0,1,1,0,1,0,1785533257,112,58276,5136933,815,0,1.7537452,0.0034912,"[0.6392619013786316,-0.01947699300944805,-0.024474993348121643,0.768352746963501]","[0.015145810320973396,0.01826307363808155,0.0034912172704935074]","[0.019226999953389168,-0.629601001739502,9.714845657348633]",0.7133673,6991.000,"[0.0,0.0,0.0,0.0]","[0.0,0.0,0.0,0.0,0.0,0.0,0.0,0.0]","[0.0,0.0,0.0,0.0,0.0,0.0,0.0,0.0]",255,1,1
2026-08-12T10:59:21.754552+00:00,5137.036496,cycle_1_neutral_before_blocked,0.0000000,0.0000000,0.0000000,0.0000000,,,0,1,1,1,0,1,0.000000,9650,482550,1,0,1,1,0,1,0,1785533257,113,42326,5136985,816,0,1.7528919,0.0050895,"[0.6395633220672607,-0.020334972068667412,-0.022804969921708107,0.7681309580802917]","[0.001795455114915967,0.027106517925858498,0.005089502315968275]","[-0.02131900005042553,-0.6195729970932007,9.72862434387207]",0.7133673,6991.000,"[0.0,0.0,0.0,0.0]","[0.0,0.0,0.0,0.0,0.0,0.0,0.0,0.0]","[0.0,0.0,0.0,0.0,0.0,0.0,0.0,0.0]",255,1,1
2026-08-12T10:59:21.806729+00:00,5137.088714,cycle_1_neutral_before_blocked,0.0000000,0.0000000,0.0000000,0.0000000,,,0,1,1,1,0,1,0.000000,9651,482600,1,0,1,1,0,1,0,1785533257,114,11455,5137037,817,0,1.7528919,0.0050895,"[0.6395633220672607,-0.020334972068667412,-0.022804969921708107,0.7681309580802917]","[0.001795455114915967,0.027106517925858498,0.005089502315968275]","[-0.02131900005042553,-0.6195729970932007,9.72862434387207]",0.7133673,6991.000,"[0.0,0.0,0.0,0.0]","[0.0,0.0,0.0,0.0,0.0,0.0,0.0,0.0]","[0.0,0.0,0.0,0.0,0.0,0.0,0.0,0.0]",255,1,1
2026-08-12T10:59:21.858602+00:00,5137.140876,cycle_1_positive,0.0000000,0.0750000,0.0000000,0.0000000,,,1,1,1,1,0,1,0.000000,9652,482650,1,0,1,1,0,1,0,1785533257,115,37913,5137089,818,0,1.7528919,0.0050895,"[0.6395633220672607,-0.020334972068667412,-0.022804969921708107,0.7681309580802917]","[0.001795455114915967,0.027106517925858498,0.005089502315968275]","[-0.02131900005042553,-0.6195729970932007,9.72862434387207]",0.7133673,6991.000,"[0.0,0.0,0.0,0.0]","[0.0,0.0,0.0,0.0,0.0,0.0,0.0,0.0]","[0.0,0.0,0.0,0.0,0.0,0.0,0.0,0.0]",255,1,1
2026-08-12T10:59:21.910019+00:00,5137.192489,cycle_1_positive,0.0000000,0.0750000,0.0000000,0.0000000,,,1,1,1,1,1,1,0.000000,9653,482700,2,1,1,1,0,1,0,1785533257,116,15415,5137142,819,0,1.7528919,0.0050895,"[0.6395633220672607,-0.020334972068667412,-0.022804969921708107,0.7681309580802917]","[0.001795455114915967,0.027106517925858498,0.005089502315968275]","[-0.02131900005042553,-0.6195729970932007,9.72862434387207]",0.7317347,7171.000,"[0.0,0.07500000298023224,0.0,0.0]","[0.0,0.0,0.0,0.0,0.0,0.0,0.0,0.0]","[0.0,0.0,0.0,0.0,0.0,0.0,0.0,0.0]",240,1,1
2026-08-12T10:59:21.961948+00:00,5137.244123,cycle_1_positive,0.0000000,0.0750000,0.0000000,0.0000000,,,1,1,1,1,1,1,0.000000,9654,482750,2,1,1,1,0,1,0,1785533257,116,15415,5137142,819,0,1.7528919,0.0050895,"[0.6395633220672607,-0.020334972068667412,-0.022804969921708107,0.7681309580802917]","[0.001795455114915967,0.027106517925858498,0.005089502315968275]","[-0.02131900005042553,-0.6195729970932007,9.72862434387207]",0.7317347,7171.000,"[0.0,0.07500000298023224,0.0,0.0]","[-0.07500000298023224,0.07500000298023224,0.0,0.0,0.0,0.07500000298023224,0.07500000298023224,0.0]","[-1175.0,1150.0,0.0,0.0,0.0,1125.0,1212.5,0.0]",255,1,1
2026-08-12T10:59:22.014275+00:00,5137.296205,cycle_1_positive,0.0000000,0.0750000,0.0000000,0.0000000,,,1,1,1,1,1,1,0.000000,9655,482800,2,1,1,1,0,1,0,1785533257,117,39954,5137193,820,0,1.7528919,0.0050895,"[0.6395633220672607,-0.020334972068667412,-0.022804969921708107,0.7681309580802917]","[0.001795455114915967,0.027106517925858498,0.005089502315968275]","[-0.02131900005042553,-0.6195729970932007,9.72862434387207]",0.7314285,7168.000,"[0.0,0.07500000298023224,0.0,0.0]","[-0.07500000298023224,0.07500000298023224,0.0,0.0,0.0,0.07500000298023224,0.07500000298023224,0.0]","[-1325.0,1287.5,0.0,0.0,0.0,1300.0,1350.0,0.0]",255,1,1
2026-08-12T10:59:22.065887+00:00,5137.348510,cycle_1_positive,0.0000000,0.0750000,0.0000000,0.0000000,,,1,1,1,1,1,1,0.000000,9656,482850,2,1,1,1,0,1,0,1785533257,118,36869,5137245,821,0,1.7528919,0.0050895,"[0.6395633220672607,-0.020334972068667412,-0.022804969921708107,0.7681309580802917]","[0.001795455114915967,0.027106517925858498,0.005089502315968275]","[-0.02131900005042553,-0.6195729970932007,9.72862434387207]",0.7314285,7168.000,"[0.0,0.07500000298023224,0.0,0.0]","[-0.07500000298023224,0.07500000298023224,0.0,0.0,0.0,0.07500000298023224,0.07500000298023224,0.0]","[-1000.0,1137.5,0.0,0.0,0.0,1125.0,975.0,0.0]",255,1,1
2026-08-12T10:59:22.117343+00:00,5137.399898,cycle_1_positive,0.0000000,0.0750000,0.0000000,0.0000000,,,1,1,1,1,1,1,0.000000,9657,482900,2,1,1,1,0,1,0,1785533257,119,50884,5137297,822,0,1.7528919,0.0050895,"[0.6395633220672607,-0.020334972068667412,-0.022804969921708107,0.7681309580802917]","[0.001795455114915967,0.027106517925858498,0.005089502315968275]","[-0.02131900005042553,-0.6195729970932007,9.72862434387207]",0.7314285,7168.000,"[0.0,0.07500000298023224,0.0,0.0]","[-0.07500000298023224,0.07500000298023224,0.0,0.0,0.0,0.07500000298023224,0.07500000298023224,0.0]","[-762.5,787.5,0.0,0.0,0.0,787.5,775.0,0.0]",255,1,1
2026-08-12T10:59:22.169728+00:00,5137.451489,cycle_1_positive,0.0000000,0.0750000,0.0000000,0.0000000,,,1,1,1,1,1,1,0.000000,9658,482950,2,1,1,1,0,1,0,1785533257,120,41283,5137349,823,0,1.7528919,0.0050895,"[0.6395633220672607,-0.020334972068667412,-0.022804969921708107,0.7681309580802917]","[0.001795455114915967,0.027106517925858498,0.005089502315968275]","[-0.02131900005042553,-0.6195729970932007,9.72862434387207]",0.7314285,7168.000,"[0.0,0.07500000298023224,0.0,0.0]","[-0.07500000298023224,0.07500000298023224,0.0,0.0,0.0,0.07500000298023224,0.07500000298023224,0.0]","[-762.5,762.5,0.0,0.0,0.0,762.5,775.0,0.0]",255,1,1
2026-08-12T10:59:22.222158+00:00,5137.503998,cycle_1_positive,0.0000000,0.0750000,0.0000000,0.0000000,,,1,1,1,1,1,1,0.000000,9659,483000,2,1,1,1,0,1,0,1785533257,121,42462,5137400,824,0,1.7528919,0.0050895,"[0.6395633220672607,-0.020334972068667412,-0.022804969921708107,0.7681309580802917]","[0.001795455114915967,0.027106517925858498,0.005089502315968275]","[-0.02131900005042553,-0.6195729970932007,9.72862434387207]",0.7314285,7168.000,"[0.0,0.07500000298023224,0.0,0.0]","[-0.07500000298023224,0.07500000298023224,0.0,0.0,0.0,0.07500000298023224,0.07500000298023224,0.0]","[-750.0,750.0,0.0,0.0,0.0,750.0,762.5,0.0]",255,1,1
2026-08-12T10:59:22.274573+00:00,5137.556434,cycle_1_positive,0.0000000,0.0750000,0.0000000,0.0000000,,,1,1,1,1,1,1,0.000000,9660,483050,2,1,1,1,0,1,0,1785533257,122,14929,5137452,825,0,1.7528919,0.0050895,"[0.6395633220672607,-0.020334972068667412,-0.022804969921708107,0.7681309580802917]","[0.001795455114915967,0.027106517925858498,0.005089502315968275]","[-0.02131900005042553,-0.6195729970932007,9.72862434387207]",0.7031633,6891.000,"[0.0,0.07500000298023224,0.0,0.0]","[-0.07500000298023224,0.07500000298023224,0.0,0.0,0.0,0.07500000298023224,0.07500000298023224,0.0]","[-750.0,750.0,0.0,0.0,0.0,750.0,762.5,0.0]",255,1,1
2026-08-12T10:59:22.326467+00:00,5137.608766,cycle_1_positive,0.0000000,0.0750000,0.0000000,0.0000000,,,1,1,1,1,1,1,0.000000,9661,483100,2,1,1,1,0,1,0,1785533257,123,6058,5137505,826,0,1.7528919,0.0050895,"[0.6395633220672607,-0.020334972068667412,-0.022804969921708107,0.7681309580802917]","[0.001795455114915967,0.027106517925858498,0.005089502315968275]","[-0.02131900005042553,-0.6195729970932007,9.72862434387207]",0.7031633,6891.000,"[0.0,0.07500000298023224,0.0,0.0]","[-0.07500000298023224,0.07500000298023224,0.0,0.0,0.0,0.07500000298023224,0.07500000298023224,0.0]","[-750.0,750.0,0.0,0.0,0.0,750.0,762.5,0.0]",255,1,1
2026-08-12T10:59:22.377697+00:00,5137.660589,cycle_1_positive,0.0000000,0.0750000,0.0000000,0.0000000,,,1,1,1,1,1,1,0.000000,9662,483150,2,1,1,1,0,1,0,1785533257,124,62941,5137557,827,0,1.7528919,0.0050895,"[0.6395633220672607,-0.020334972068667412,-0.022804969921708107,0.7681309580802917]","[0.001795455114915967,0.027106517925858498,0.005089502315968275]","[-0.02131900005042553,-0.6195729970932007,9.72862434387207]",0.7031633,6891.000,"[0.0,0.07500000298023224,0.0,0.0]","[-0.07500000298023224,0.07500000298023224,0.0,0.0,0.0,0.07500000298023224,0.07500000298023224,0.0]","[-750.0,750.0,0.0,0.0,0.0,750.0,775.0,0.0]",255,1,1
2026-08-12T10:59:22.429435+00:00,5137.711754,cycle_1_positive,0.0000000,0.0750000,0.0000000,0.0000000,,,1,1,1,1,1,1,0.000000,9663,483200,2,1,1,1,0,1,0,1785533257,125,55478,5137609,828,0,1.7528919,0.0050895,"[0.6395633220672607,-0.020334972068667412,-0.022804969921708107,0.7681309580802917]","[0.001795455114915967,0.027106517925858498,0.005089502315968275]","[-0.02131900005042553,-0.6195729970932007,9.72862434387207]",0.7031633,6891.000,"[0.0,0.07500000298023224,0.0,0.0]","[-0.07500000298023224,0.07500000298023224,0.0,0.0,0.0,0.07500000298023224,0.07500000298023224,0.0]","[-750.0,750.0,0.0,0.0,0.0,750.0,775.0,0.0]",255,1,1
2026-08-12T10:59:22.482679+00:00,5137.763581,cycle_1_positive,0.0000000,0.0750000,0.0000000,0.0000000,,,1,1,1,1,1,1,0.000000,9665,483300,2,1,1,1,0,1,0,1785533257,127,23746,5137712,830,0,1.7528919,0.0050895,"[0.6395633220672607,-0.020334972068667412,-0.022804969921708107,0.7681309580802917]","[0.001795455114915967,0.027106517925858498,0.005089502315968275]","[-0.02131900005042553,-0.6195729970932007,9.72862434387207]",0.6615306,6483.000,"[0.0,0.07500000298023224,0.0,0.0]","[-0.07500000298023224,0.07500000298023224,0.0,0.0,0.0,0.07500000298023224,0.07500000298023224,0.0]","[-750.0,750.0,0.0,0.0,0.0,750.0,775.0,0.0]",255,1,1
2026-08-12T10:59:22.534512+00:00,5137.816906,cycle_1_positive,0.0000000,0.0750000,0.0000000,0.0000000,,,1,1,1,1,1,1,0.000000,9666,483350,2,1,1,1,0,1,0,1785533257,128,44716,5137765,831,0,1.7528919,0.0050895,"[0.6395633220672607,-0.020334972068667412,-0.022804969921708107,0.7681309580802917]","[0.001795455114915967,0.027106517925858498,0.005089502315968275]","[-0.02131900005042553,-0.6195729970932007,9.72862434387207]",0.6615306,6483.000,"[0.0,0.07500000298023224,0.0,0.0]","[-0.07500000298023224,0.07500000298023224,0.0,0.0,0.0,0.07500000298023224,0.07500000298023224,0.0]","[-750.0,750.0,0.0,0.0,0.0,762.5,762.5,0.0]",255,1,1
2026-08-12T10:59:22.585938+00:00,5137.868631,cycle_1_positive,0.0000000,0.0750000,0.0000000,0.0000000,,,1,1,1,1,1,1,0.000000,9667,483400,2,1,1,1,0,1,0,1785533257,129,1593,5137817,832,0,1.7528919,0.0050895,"[0.6395633220672607,-0.020334972068667412,-0.022804969921708107,0.7681309580802917]","[0.001795455114915967,0.027106517925858498,0.005089502315968275]","[-0.02131900005042553,-0.6195729970932007,9.72862434387207]",0.6615306,6483.000,"[0.0,0.07500000298023224,0.0,0.0]","[-0.07500000298023224,0.07500000298023224,0.0,0.0,0.0,0.07500000298023224,0.07500000298023224,0.0]","[-750.0,750.0,0.0,0.0,0.0,762.5,762.5,0.0]",255,1,1
2026-08-12T10:59:22.638112+00:00,5137.920056,cycle_1_positive,0.0000000,0.0750000,0.0000000,0.0000000,,,1,1,1,1,1,1,0.000000,9668,483450,2,1,1,1,0,1,0,1785533257,130,25015,5137869,833,0,1.7528919,0.0050895,"[0.6395633220672607,-0.020334972068667412,-0.022804969921708107,0.7681309580802917]","[0.001795455114915967,0.027106517925858498,0.005089502315968275]","[-0.02131900005042553,-0.6195729970932007,9.72862434387207]",0.6615306,6483.000,"[0.0,0.07500000298023224,0.0,0.0]","[-0.07500000298023224,0.07500000298023224,0.0,0.0,0.0,0.07500000298023224,0.07500000298023224,0.0]","[-750.0,737.5,0.0,0.0,0.0,762.5,762.5,0.0]",255,1,1
2026-08-12T10:59:22.690369+00:00,5137.972336,cycle_1_positive,0.0000000,0.0750000,0.0000000,0.0000000,,,1,1,1,1,1,1,0.000000,9669,483500,2,1,1,1,0,1,0,1785533257,131,53794,5137921,834,0,1.7528919,0.0050895,"[0.6395633220672607,-0.020334972068667412,-0.022804969921708107,0.7681309580802917]","[0.001795455114915967,0.027106517925858498,0.005089502315968275]","[-0.02131900005042553,-0.6195729970932007,9.72862434387207]",0.5988775,5869.000,"[0.0,0.07500000298023224,0.0,0.0]","[-0.07500000298023224,0.07500000298023224,0.0,0.0,0.0,0.07500000298023224,0.07500000298023224,0.0]","[-750.0,750.0,0.0,0.0,0.0,762.5,762.5,0.0]",255,1,1
2026-08-12T10:59:22.742642+00:00,5138.024591,cycle_1_positive,0.0000000,0.0750000,0.0000000,0.0000000,,,1,1,1,1,1,1,0.000000,9670,483550,2,1,1,1,0,1,0,1785533257,132,2304,5137973,835,0,1.7528919,0.0050895,"[0.6395633220672607,-0.020334972068667412,-0.022804969921708107,0.7681309580802917]","[0.001795455114915967,0.027106517925858498,0.005089502315968275]","[-0.02131900005042553,-0.6195729970932007,9.72862434387207]",0.5988775,5869.000,"[0.0,0.07500000298023224,0.0,0.0]","[-0.07500000298023224,0.07500000298023224,0.0,0.0,0.0,0.07500000298023224,0.07500000298023224,0.0]","[-750.0,750.0,0.0,0.0,0.0,762.5,762.5,0.0]",255,1,1
2026-08-12T10:59:22.794243+00:00,5138.076855,cycle_1_positive,0.0000000,0.0750000,0.0000000,0.0000000,,,1,1,1,1,1,1,0.000000,9671,483600,2,1,1,1,0,1,0,1785533257,133,9323,5138025,836,0,1.7528919,0.0050895,"[0.6395633220672607,-0.020334972068667412,-0.022804969921708107,0.7681309580802917]","[0.001795455114915967,0.027106517925858498,0.005089502315968275]","[-0.02131900005042553,-0.6195729970932007,9.72862434387207]",0.5988775,5869.000,"[0.0,0.07500000298023224,0.0,0.0]","[-0.07500000298023224,0.07500000298023224,0.0,0.0,0.0,0.07500000298023224,0.07500000298023224,0.0]","[-750.0,750.0,0.0,0.0,0.0,750.0,762.5,0.0]",255,1,1
2026-08-12T10:59:22.846401+00:00,5138.128341,cycle_1_positive,0.0000000,0.0750000,0.0000000,0.0000000,,,1,1,1,1,1,1,0.000000,9672,483650,2,1,1,1,0,1,0,1785533257,134,50715,5138077,837,0,1.7528919,0.0050895,"[0.6395633220672607,-0.020334972068667412,-0.022804969921708107,0.7681309580802917]","[0.001795455114915967,0.027106517925858498,0.005089502315968275]","[-0.02131900005042553,-0.6195729970932007,9.72862434387207]",0.5988775,5869.000,"[0.0,0.07500000298023224,0.0,0.0]","[-0.07500000298023224,0.07500000298023224,0.0,0.0,0.0,0.07500000298023224,0.07500000298023224,0.0]","[-750.0,750.0,0.0,0.0,0.0,762.5,762.5,0.0]",255,1,1
2026-08-12T10:59:22.897998+00:00,5138.180627,cycle_1_positive,0.0000000,0.0750000,0.0000000,0.0000000,,,1,1,1,1,1,1,0.000000,9673,483700,2,1,1,1,0,1,0,1785533257,135,32445,5138129,838,0,1.7528919,0.0050895,"[0.6395633220672607,-0.020334972068667412,-0.022804969921708107,0.7681309580802917]","[0.001795455114915967,0.027106517925858498,0.005089502315968275]","[-0.02131900005042553,-0.6195729970932007,9.72862434387207]",0.5427551,5319.000,"[0.0,0.07500000298023224,0.0,0.0]","[-0.07500000298023224,0.07500000298023224,0.0,0.0,0.0,0.07500000298023224,0.07500000298023224,0.0]","[-750.0,750.0,0.0,0.0,0.0,750.0,775.0,0.0]",255,1,1
2026-08-12T10:59:22.949748+00:00,5138.232064,cycle_1_positive,0.0000000,0.0750000,0.0000000,0.0000000,,,1,1,1,1,1,1,0.000000,9674,483750,2,1,1,1,0,1,0,1785533257,136,27536,5138181,839,0,1.7528919,0.0050895,"[0.6395633220672607,-0.020334972068667412,-0.022804969921708107,0.7681309580802917]","[0.001795455114915967,0.027106517925858498,0.005089502315968275]","[-0.02131900005042553,-0.6195729970932007,9.72862434387207]",0.5427551,5319.000,"[0.0,0.07500000298023224,0.0,0.0]","[-0.07500000298023224,0.07500000298023224,0.0,0.0,0.0,0.07500000298023224,0.07500000298023224,0.0]","[-750.0,750.0,0.0,0.0,0.0,750.0,762.5,0.0]",255,1,1
2026-08-12T10:59:23.002021+00:00,5138.283918,cycle_1_positive,0.0000000,0.0750000,0.0000000,0.0000000,,,1,1,1,1,1,1,0.000000,9675,483800,2,1,1,1,0,1,0,1785533257,137,64080,5138233,840,0,1.7528919,0.0050895,"[0.6395633220672607,-0.020334972068667412,-0.022804969921708107,0.7681309580802917]","[0.001795455114915967,0.027106517925858498,0.005089502315968275]","[-0.02131900005042553,-0.6195729970932007,9.72862434387207]",0.5427551,5319.000,"[0.0,0.07500000298023224,0.0,0.0]","[-0.07500000298023224,0.07500000298023224,0.0,0.0,0.0,0.07500000298023224,0.07500000298023224,0.0]","[-750.0,750.0,0.0,0.0,0.0,750.0,762.5,0.0]",255,1,1
2026-08-12T10:59:23.054058+00:00,5138.336279,cycle_1_positive,0.0000000,0.0750000,0.0000000,0.0000000,,,1,1,1,1,1,1,0.000000,9676,483850,2,1,1,1,0,1,0,1785533257,138,40414,5138285,841,0,1.7528919,0.0050895,"[0.6395633220672607,-0.020334972068667412,-0.022804969921708107,0.7681309580802917]","[0.001795455114915967,0.027106517925858498,0.005089502315968275]","[-0.02131900005042553,-0.6195729970932007,9.72862434387207]",0.5427551,5319.000,"[0.0,0.07500000298023224,0.0,0.0]","[-0.07500000298023224,0.07500000298023224,0.0,0.0,0.0,0.07500000298023224,0.07500000298023224,0.0]","[-750.0,750.0,0.0,0.0,0.0,750.0,762.5,0.0]",255,1,1
2026-08-12T10:59:23.106252+00:00,5138.388195,cycle_1_positive,0.0000000,0.0750000,0.0000000,0.0000000,,,1,1,1,1,1,1,0.000000,9677,483900,2,1,1,1,0,1,0,1785533257,139,51999,5138337,842,0,1.7528919,0.0050895,"[0.6395633220672607,-0.020334972068667412,-0.022804969921708107,0.7681309580802917]","[0.001795455114915967,0.027106517925858498,0.005089502315968275]","[-0.02131900005042553,-0.6195729970932007,9.72862434387207]",0.4901020,4803.000,"[0.0,0.07500000298023224,0.0,0.0]","[-0.07500000298023224,0.07500000298023224,0.0,0.0,0.0,0.07500000298023224,0.07500000298023224,0.0]","[-750.0,737.5,0.0,0.0,0.0,762.5,762.5,0.0]",255,1,1
2026-08-12T10:59:23.158543+00:00,5138.440452,cycle_1_positive,0.0000000,0.0750000,0.0000000,0.0000000,,,1,1,1,1,1,1,0.000000,9678,483950,2,1,1,1,0,1,0,1785533257,140,50959,5138389,843,0,1.7528919,0.0050895,"[0.6395633220672607,-0.020334972068667412,-0.022804969921708107,0.7681309580802917]","[0.001795455114915967,0.027106517925858498,0.005089502315968275]","[-0.02131900005042553,-0.6195729970932007,9.72862434387207]",0.4901020,4803.000,"[0.0,0.07500000298023224,0.0,0.0]","[-0.07500000298023224,0.07500000298023224,0.0,0.0,0.0,0.07500000298023224,0.07500000298023224,0.0]","[-750.0,750.0,0.0,0.0,0.0,750.0,762.5,0.0]",255,1,1
2026-08-12T10:59:23.211306+00:00,5138.492604,cycle_1_positive,0.0000000,0.0750000,0.0000000,0.0000000,,,1,1,1,1,1,1,0.000000,9679,484000,2,1,1,1,0,1,0,1785533257,141,46082,5138441,844,0,1.7528919,0.0050895,"[0.6395633220672607,-0.020334972068667412,-0.022804969921708107,0.7681309580802917]","[0.001795455114915967,0.027106517925858498,0.005089502315968275]","[-0.02131900005042553,-0.6195729970932007,9.72862434387207]",0.4901020,4803.000,"[0.0,0.07500000298023224,0.0,0.0]","[-0.07500000298023224,0.07500000298023224,0.0,0.0,0.0,0.07500000298023224,0.07500000298023224,0.0]","[-750.0,750.0,0.0,0.0,0.0,750.0,762.5,0.0]",255,1,1
2026-08-12T10:59:23.263492+00:00,5138.545520,cycle_1_positive,0.0000000,0.0750000,0.0000000,0.0000000,,,1,1,1,1,1,1,0.000000,9680,484050,2,1,1,1,0,1,0,1785533257,141,46082,5138441,844,0,1.7528919,0.0050895,"[0.6395633220672607,-0.020334972068667412,-0.022804969921708107,0.7681309580802917]","[0.001795455114915967,0.027106517925858498,0.005089502315968275]","[-0.02131900005042553,-0.6195729970932007,9.72862434387207]",0.4901020,4803.000,"[0.0,0.07500000298023224,0.0,0.0]","[-0.07500000298023224,0.07500000298023224,0.0,0.0,0.0,0.07500000298023224,0.07500000298023224,0.0]","[-750.0,750.0,0.0,0.0,0.0,750.0,762.5,0.0]",255,1,1
2026-08-12T10:59:23.315854+00:00,5138.597735,cycle_1_positive,0.0000000,0.0750000,0.0000000,0.0000000,,,1,1,1,1,1,1,0.000000,9681,484100,2,1,1,1,0,1,0,1785533257,142,37059,5138494,845,0,1.7528919,0.0050895,"[0.6395633220672607,-0.020334972068667412,-0.022804969921708107,0.7681309580802917]","[0.001795455114915967,0.027106517925858498,0.005089502315968275]","[-0.02131900005042553,-0.6195729970932007,9.72862434387207]",0.4901020,4803.000,"[0.0,0.07500000298023224,0.0,0.0]","[-0.07500000298023224,0.07500000298023224,0.0,0.0,0.0,0.07500000298023224,0.07500000298023224,0.0]","[-750.0,750.0,0.0,0.0,0.0,750.0,762.5,0.0]",255,1,1
2026-08-12T10:59:23.368113+00:00,5138.650090,cycle_1_positive,0.0000000,0.0750000,0.0000000,0.0000000,,,1,1,1,1,1,1,0.000000,9682,484150,2,1,1,1,0,1,0,1785533257,143,10341,5138546,846,0,1.7528919,0.0050895,"[0.6395633220672607,-0.020334972068667412,-0.022804969921708107,0.7681309580802917]","[0.001795455114915967,0.027106517925858498,0.005089502315968275]","[-0.02131900005042553,-0.6195729970932007,9.72862434387207]",0.4584694,4493.000,"[0.0,0.07500000298023224,0.0,0.0]","[-0.07500000298023224,0.07500000298023224,0.0,0.0,0.0,0.07500000298023224,0.07500000298023224,0.0]","[-750.0,750.0,0.0,0.0,0.0,750.0,762.5,0.0]",255,1,1
2026-08-12T10:59:23.419582+00:00,5138.702351,cycle_1_positive,0.0000000,0.0750000,0.0000000,0.0000000,,,1,1,1,1,1,1,0.000000,9683,484200,2,1,1,1,0,1,0,1785533257,144,13508,5138599,847,0,1.7528919,0.0050895,"[0.6395633220672607,-0.020334972068667412,-0.022804969921708107,0.7681309580802917]","[0.001795455114915967,0.027106517925858498,0.005089502315968275]","[-0.02131900005042553,-0.6195729970932007,9.72862434387207]",0.4584694,4493.000,"[0.0,0.07500000298023224,0.0,0.0]","[-0.07500000298023224,0.07500000298023224,0.0,0.0,0.0,0.07500000298023224,0.07500000298023224,0.0]","[-750.0,750.0,0.0,0.0,0.0,762.5,762.5,0.0]",255,1,1
2026-08-12T10:59:23.471695+00:00,5138.753569,cycle_1_positive,0.0000000,0.0750000,0.0000000,0.0000000,,,1,1,1,1,1,1,0.000000,9684,484250,2,1,1,1,0,1,0,1785533257,145,29238,5138651,848,0,1.7528919,0.0050895,"[0.6395633220672607,-0.020334972068667412,-0.022804969921708107,0.7681309580802917]","[0.001795455114915967,0.027106517925858498,0.005089502315968275]","[-0.02131900005042553,-0.6195729970932007,9.72862434387207]",0.4584694,4493.000,"[0.0,0.07500000298023224,0.0,0.0]","[-0.07500000298023224,0.07500000298023224,0.0,0.0,0.0,0.07500000298023224,0.07500000298023224,0.0]","[-750.0,750.0,0.0,0.0,0.0,750.0,750.0,0.0]",255,1,1
2026-08-12T10:59:23.524091+00:00,5138.805941,cycle_1_positive,0.0000000,0.0750000,0.0000000,0.0000000,,,1,1,1,1,1,1,0.000000,9685,484300,2,1,1,1,0,1,0,1785533257,146,26386,5138703,849,0,1.7528919,0.0050895,"[0.6395633220672607,-0.020334972068667412,-0.022804969921708107,0.7681309580802917]","[0.001795455114915967,0.027106517925858498,0.005089502315968275]","[-0.02131900005042553,-0.6195729970932007,9.72862434387207]",0.4584694,4493.000,"[0.0,0.07500000298023224,0.0,0.0]","[-0.07500000298023224,0.07500000298023224,0.0,0.0,0.0,0.07500000298023224,0.07500000298023224,0.0]","[-750.0,750.0,0.0,0.0,0.0,750.0,750.0,0.0]",255,1,1
2026-08-12T10:59:23.576357+00:00,5138.858307,cycle_1_positive,0.0000000,0.0750000,0.0000000,0.0000000,,,1,1,1,1,1,1,0.000000,9686,484350,2,1,1,1,0,1,0,1785533257,147,19177,5138754,850,0,1.7528919,0.0050895,"[0.6395633220672607,-0.020334972068667412,-0.022804969921708107,0.7681309580802917]","[0.001795455114915967,0.027106517925858498,0.005089502315968275]","[-0.02131900005042553,-0.6195729970932007,9.72862434387207]",0.4584694,4493.000,"[0.0,0.07500000298023224,0.0,0.0]","[-0.07500000298023224,0.07500000298023224,0.0,0.0,0.0,0.07500000298023224,0.07500000298023224,0.0]","[-750.0,750.0,0.0,0.0,0.0,750.0,750.0,0.0]",255,1,1
2026-08-12T10:59:23.628484+00:00,5138.910402,cycle_1_positive,0.0000000,0.0750000,0.0000000,0.0000000,,,1,1,1,1,1,1,0.000000,9687,484400,2,1,1,1,0,1,0,1785533257,148,1174,5138807,851,0,1.7528919,0.0050895,"[0.6395633220672607,-0.020334972068667412,-0.022804969921708107,0.7681309580802917]","[0.001795455114915967,0.027106517925858498,0.005089502315968275]","[-0.02131900005042553,-0.6195729970932007,9.72862434387207]",0.4382653,4295.000,"[0.0,0.07500000298023224,0.0,0.0]","[-0.07500000298023224,0.07500000298023224,0.0,0.0,0.0,0.07500000298023224,0.07500000298023224,0.0]","[-750.0,750.0,0.0,0.0,0.0,762.5,750.0,0.0]",255,1,1
2026-08-12T10:59:23.680789+00:00,5138.962759,cycle_1_positive,0.0000000,0.0750000,0.0000000,0.0000000,,,1,1,1,1,1,1,0.000000,9688,484450,2,1,1,1,0,1,0,1785533257,149,51098,5138859,852,0,1.7528919,0.0050895,"[0.6395633220672607,-0.020334972068667412,-0.022804969921708107,0.7681309580802917]","[0.001795455114915967,0.027106517925858498,0.005089502315968275]","[-0.02131900005042553,-0.6195729970932007,9.72862434387207]",0.4382653,4295.000,"[0.0,0.07500000298023224,0.0,0.0]","[-0.07500000298023224,0.07500000298023224,0.0,0.0,0.0,0.07500000298023224,0.07500000298023224,0.0]","[-750.0,750.0,0.0,0.0,0.0,750.0,750.0,0.0]",255,1,1
2026-08-12T10:59:23.734109+00:00,5139.015033,cycle_1_positive,0.0000000,0.0750000,0.0000000,0.0000000,,,1,1,1,1,1,1,0.000000,9690,484550,2,1,1,1,0,1,0,1785533257,151,21134,5138964,854,0,1.7528919,0.0050895,"[0.6395633220672607,-0.020334972068667412,-0.022804969921708107,0.7681309580802917]","[0.001795455114915967,0.027106517925858498,0.005089502315968275]","[-0.02131900005042553,-0.6195729970932007,9.72862434387207]",0.4382653,4295.000,"[0.0,0.07500000298023224,0.0,0.0]","[-0.07500000298023224,0.07500000298023224,0.0,0.0,0.0,0.07500000298023224,0.07500000298023224,0.0]","[-750.0,737.5,0.0,0.0,0.0,762.5,762.5,0.0]",255,1,1
2026-08-12T10:59:23.786164+00:00,5139.068290,cycle_1_positive,0.0000000,0.0750000,0.0000000,0.0000000,,,1,1,1,1,1,1,0.000000,9691,484600,2,1,1,1,0,1,0,1785533257,152,19123,5139017,855,0,1.7528919,0.0050895,"[0.6395633220672607,-0.020334972068667412,-0.022804969921708107,0.7681309580802917]","[0.001795455114915967,0.027106517925858498,0.005089502315968275]","[-0.02131900005042553,-0.6195729970932007,9.72862434387207]",0.4297959,4212.000,"[0.0,0.07500000298023224,0.0,0.0]","[-0.07500000298023224,0.07500000298023224,0.0,0.0,0.0,0.07500000298023224,0.07500000298023224,0.0]","[-750.0,750.0,0.0,0.0,0.0,750.0,750.0,0.0]",255,1,1
2026-08-12T10:59:23.838655+00:00,5139.120506,cycle_1_positive,0.0000000,0.0750000,0.0000000,0.0000000,,,1,1,1,1,1,1,0.000000,9692,484650,2,1,1,1,0,1,0,1785533257,153,12692,5139069,856,0,1.7528919,0.0050895,"[0.6395633220672607,-0.020334972068667412,-0.022804969921708107,0.7681309580802917]","[0.001795455114915967,0.027106517925858498,0.005089502315968275]","[-0.02131900005042553,-0.6195729970932007,9.72862434387207]",0.4297959,4212.000,"[0.0,0.07500000298023224,0.0,0.0]","[-0.07500000298023224,0.07500000298023224,0.0,0.0,0.0,0.07500000298023224,0.07500000298023224,0.0]","[-750.0,750.0,0.0,0.0,0.0,750.0,762.5,0.0]",255,1,1
2026-08-12T10:59:23.890873+00:00,5139.172892,cycle_1_neutral_after_blocked,0.0000000,0.0000000,0.0000000,0.0000000,,,0,1,1,1,1,1,0.000000,9693,484700,2,1,1,1,0,1,0,1785533257,154,51031,5139121,857,0,1.7528919,0.0050895,"[0.6395633220672607,-0.020334972068667412,-0.022804969921708107,0.7681309580802917]","[0.001795455114915967,0.027106517925858498,0.005089502315968275]","[-0.02131900005042553,-0.6195729970932007,9.72862434387207]",0.4297959,4212.000,"[0.0,0.07500000298023224,0.0,0.0]","[-0.07500000298023224,0.07500000298023224,0.0,0.0,0.0,0.07500000298023224,0.07500000298023224,0.0]","[-750.0,750.0,0.0,0.0,0.0,750.0,750.0,0.0]",255,1,1
2026-08-12T10:59:23.943051+00:00,5139.225041,cycle_1_neutral_after_blocked,0.0000000,0.0000000,0.0000000,0.0000000,,,0,1,1,1,0,1,0.000000,9694,484750,1,0,1,1,0,1,0,1785533257,155,29655,5139174,858,0,1.7528919,0.0050895,"[0.6395633220672607,-0.020334972068667412,-0.022804969921708107,0.7681309580802917]","[0.001795455114915967,0.027106517925858498,0.005089502315968275]","[-0.02131900005042553,-0.6195729970932007,9.72862434387207]",0.4297959,4212.000,"[0.0,0.0,0.0,0.0]","[0.0,0.0,0.0,0.0,0.0,0.0,0.0,0.0]","[750.0,737.5,0.0,0.0,0.0,750.0,762.5,0.0]",255,1,1
2026-08-12T10:59:23.994541+00:00,5139.277233,cycle_1_neutral_after_blocked,0.0000000,0.0000000,0.0000000,0.0000000,,,0,1,1,1,0,1,0.000000,9695,484800,1,0,1,1,0,1,0,1785533257,156,59274,5139226,859,0,1.7528919,0.0050895,"[0.6395633220672607,-0.020334972068667412,-0.022804969921708107,0.7681309580802917]","[0.001795455114915967,0.027106517925858498,0.005089502315968275]","[-0.02131900005042553,-0.6195729970932007,9.72862434387207]",0.4431633,4343.000,"[0.0,0.0,0.0,0.0]","[0.0,0.0,0.0,0.0,0.0,0.0,0.0,0.0]","[312.5,187.5,0.0,0.0,0.0,137.5,237.5,0.0]",240,1,1
2026-08-12T10:59:24.045610+00:00,5139.328616,cycle_1_neutral_after_blocked,0.0000000,0.0000000,0.0000000,0.0000000,,,0,1,1,1,0,1,0.000000,9696,484850,1,0,1,1,0,1,0,1785533257,157,57314,5139277,860,0,1.7528919,0.0050895,"[0.6395633220672607,-0.020334972068667412,-0.022804969921708107,0.7681309580802917]","[0.001795455114915967,0.027106517925858498,0.005089502315968275]","[-0.02131900005042553,-0.6195729970932007,9.72862434387207]",0.4431633,4343.000,"[0.0,0.0,0.0,0.0]","[0.0,0.0,0.0,0.0,0.0,0.0,0.0,0.0]","[162.5,487.5,0.0,0.0,0.0,125.0,462.5,0.0]",255,1,1
2026-08-12T10:59:24.096907+00:00,5139.379543,cycle_1_neutral_after_blocked,0.0000000,0.0000000,0.0000000,0.0000000,,,0,1,1,1,0,1,0.000000,9697,484900,1,0,1,1,0,1,0,1785533257,158,10529,5139329,861,0,1.7528919,0.0050895,"[0.6395633220672607,-0.020334972068667412,-0.022804969921708107,0.7681309580802917]","[0.001795455114915967,0.027106517925858498,0.005089502315968275]","[-0.02131900005042553,-0.6195729970932007,9.72862434387207]",0.4431633,4343.000,"[0.0,0.0,0.0,0.0]","[0.0,0.0,0.0,0.0,0.0,0.0,0.0,0.0]","[262.5,837.5,0.0,0.0,0.0,125.0,462.5,0.0]",255,1,1
2026-08-12T10:59:24.147964+00:00,5139.430933,cycle_1_neutral_after_blocked,0.0000000,0.0000000,0.0000000,0.0000000,,,0,1,1,1,0,1,0.000000,9698,484950,1,0,1,1,0,1,0,1785533257,159,51035,5139380,862,0,1.7528919,0.0050895,"[0.6395633220672607,-0.020334972068667412,-0.022804969921708107,0.7681309580802917]","[0.001795455114915967,0.027106517925858498,0.005089502315968275]","[-0.02131900005042553,-0.6195729970932007,9.72862434387207]",0.4431633,4343.000,"[0.0,0.0,0.0,0.0]","[0.0,0.0,0.0,0.0,0.0,0.0,0.0,0.0]","[262.5,162.5,0.0,0.0,0.0,475.0,512.5,0.0]",255,1,1
2026-08-12T10:59:24.199844+00:00,5139.481944,cycle_1_neutral_after_blocked,0.0000000,0.0000000,0.0000000,0.0000000,,,0,1,1,1,0,1,0.000000,9699,485000,1,0,1,1,0,1,0,1785533257,160,35438,5139431,863,0,1.7528919,0.0050895,"[0.6395633220672607,-0.020334972068667412,-0.022804969921708107,0.7681309580802917]","[0.001795455114915967,0.027106517925858498,0.005089502315968275]","[-0.02131900005042553,-0.6195729970932007,9.72862434387207]",0.4592857,4501.000,"[0.0,0.0,0.0,0.0]","[0.0,0.0,0.0,0.0,0.0,0.0,0.0,0.0]","[262.5,150.0,0.0,0.0,0.0,112.5,450.0,0.0]",255,1,1
2026-08-12T10:59:24.252139+00:00,5139.534079,cycle_1_neutral_after_blocked,0.0000000,0.0000000,0.0000000,0.0000000,,,0,1,1,1,0,1,0.000000,9700,485050,1,0,1,1,0,1,0,1785533257,161,13469,5139483,864,0,1.7528919,0.0050895,"[0.6395633220672607,-0.020334972068667412,-0.022804969921708107,0.7681309580802917]","[0.001795455114915967,0.027106517925858498,0.005089502315968275]","[-0.02131900005042553,-0.6195729970932007,9.72862434387207]",0.4592857,4501.000,"[0.0,0.0,0.0,0.0]","[0.0,0.0,0.0,0.0,0.0,0.0,0.0,0.0]","[0.0,212.5,0.0,0.0,0.0,175.0,275.0,0.0]",240,1,1
2026-08-12T10:59:24.304466+00:00,5139.586411,cycle_1_neutral_after_blocked,0.0000000,0.0000000,0.0000000,0.0000000,,,0,1,1,1,0,1,0.000000,9701,485100,1,0,1,1,0,1,0,1785533257,162,21267,5139535,865,0,1.7528919,0.0050895,"[0.6395633220672607,-0.020334972068667412,-0.022804969921708107,0.7681309580802917]","[0.001795455114915967,0.027106517925858498,0.005089502315968275]","[-0.02131900005042553,-0.6195729970932007,9.72862434387207]",0.4592857,4501.000,"[0.0,0.0,0.0,0.0]","[0.0,0.0,0.0,0.0,0.0,0.0,0.0,0.0]","[0.0,150.0,0.0,0.0,0.0,637.5,387.5,0.0]",255,1,1
2026-08-12T10:59:24.358614+00:00,5139.638711,cycle_1_neutral_after_blocked,0.0000000,0.0000000,0.0000000,0.0000000,,,0,1,1,1,0,1,0.000000,9702,485150,1,0,1,1,0,1,0,1785533257,163,1490,5139587,866,0,1.7528919,0.0050895,"[0.6395633220672607,-0.020334972068667412,-0.022804969921708107,0.7681309580802917]","[0.001795455114915967,0.027106517925858498,0.005089502315968275]","[-0.02131900005042553,-0.6195729970932007,9.72862434387207]",0.4592857,4501.000,"[0.0,0.0,0.0,0.0]","[0.0,0.0,0.0,0.0,0.0,0.0,0.0,0.0]","[0.0,7900.0,0.0,0.0,0.0,637.5,275.0,0.0]",255,1,1
2026-08-12T10:59:24.410764+00:00,5139.692781,cycle_1_neutral_after_blocked,0.0000000,0.0000000,0.0000000,0.0000000,,,0,1,1,1,0,1,0.000000,9703,485200,1,0,1,1,0,1,0,1785533257,164,35804,5139641,867,0,1.7528919,0.0050895,"[0.6395633220672607,-0.020334972068667412,-0.022804969921708107,0.7681309580802917]","[0.001795455114915967,0.027106517925858498,0.005089502315968275]","[-0.02131900005042553,-0.6195729970932007,9.72862434387207]",0.4797959,4702.000,"[0.0,0.0,0.0,0.0]","[0.0,0.0,0.0,0.0,0.0,0.0,0.0,0.0]","[0.0,0.0,0.0,0.0,0.0,125.0,450.0,0.0]",255,1,1
2026-08-12T10:59:24.462323+00:00,5139.744917,cycle_1_neutral_after_blocked,0.0000000,0.0000000,0.0000000,0.0000000,,,0,1,1,1,0,1,0.000000,9704,485250,1,0,1,1,0,1,0,1785533257,164,35804,5139641,867,0,1.7528919,0.0050895,"[0.6395633220672607,-0.020334972068667412,-0.022804969921708107,0.7681309580802917]","[0.001795455114915967,0.027106517925858498,0.005089502315968275]","[-0.02131900005042553,-0.6195729970932007,9.72862434387207]",0.4797959,4702.000,"[0.0,0.0,0.0,0.0]","[0.0,0.0,0.0,0.0,0.0,0.0,0.0,0.0]","[0.0,137.5,0.0,0.0,0.0,300.0,0.0,0.0]",255,1,1
2026-08-12T10:59:24.513564+00:00,5139.796374,cycle_1_neutral_after_blocked,0.0000000,0.0000000,0.0000000,0.0000000,,,0,1,1,1,0,1,0.000000,9705,485300,1,0,1,1,0,1,0,1785533257,165,19536,5139693,868,0,1.7528919,0.0050895,"[0.6395633220672607,-0.020334972068667412,-0.022804969921708107,0.7681309580802917]","[0.001795455114915967,0.027106517925858498,0.005089502315968275]","[-0.02131900005042553,-0.6195729970932007,9.72862434387207]",0.4797959,4702.000,"[0.0,0.0,0.0,0.0]","[0.0,0.0,0.0,0.0,0.0,0.0,0.0,0.0]","[0.0,187.5,0.0,0.0,0.0,112.5,0.0,0.0]",240,1,1
2026-08-12T10:59:24.564885+00:00,5139.847536,cycle_1_neutral_after_blocked,0.0000000,0.0000000,0.0000000,0.0000000,,,0,1,1,1,0,1,0.000000,9706,485350,1,0,1,1,0,1,0,1785533257,166,9822,5139745,869,0,1.7528919,0.0050895,"[0.6395633220672607,-0.020334972068667412,-0.022804969921708107,0.7681309580802917]","[0.001795455114915967,0.027106517925858498,0.005089502315968275]","[-0.02131900005042553,-0.6195729970932007,9.72862434387207]",0.4922449,4824.000,"[0.0,0.0,0.0,0.0]","[0.0,0.0,0.0,0.0,0.0,0.0,0.0,0.0]","[0.0,362.5,0.0,0.0,0.0,250.0,0.0,0.0]",255,1,1
2026-08-12T10:59:24.616981+00:00,5139.898964,cycle_1_neutral_after_blocked,0.0000000,0.0000000,0.0000000,0.0000000,,,0,1,1,1,0,1,0.000000,9707,485400,1,0,1,1,0,1,0,1785533257,167,35403,5139797,870,0,1.7528919,0.0050895,"[0.6395633220672607,-0.020334972068667412,-0.022804969921708107,0.7681309580802917]","[0.001795455114915967,0.027106517925858498,0.005089502315968275]","[-0.02131900005042553,-0.6195729970932007,9.72862434387207]",0.4922449,4824.000,"[0.0,0.0,0.0,0.0]","[0.0,0.0,0.0,0.0,0.0,0.0,0.0,0.0]","[0.0,0.0,0.0,0.0,0.0,3100.0,0.0,0.0]",255,1,1
2026-08-12T10:59:24.668607+00:00,5139.951207,cycle_1_neutral_after_blocked,0.0000000,0.0000000,0.0000000,0.0000000,,,0,1,1,1,0,1,0.000000,9708,485450,1,0,1,1,0,1,0,1785533257,168,31761,5139848,871,0,1.7528919,0.0050895,"[0.6395633220672607,-0.020334972068667412,-0.022804969921708107,0.7681309580802917]","[0.001795455114915967,0.027106517925858498,0.005089502315968275]","[-0.02131900005042553,-0.6195729970932007,9.72862434387207]",0.4922449,4824.000,"[0.0,0.0,0.0,0.0]","[0.0,0.0,0.0,0.0,0.0,0.0,0.0,0.0]","[0.0,0.0,0.0,0.0,0.0,125.0,0.0,0.0]",240,1,1
2026-08-12T10:59:24.720670+00:00,5140.002702,cycle_1_neutral_after_blocked,0.0000000,0.0000000,0.0000000,0.0000000,,,0,1,1,1,0,1,0.000000,9709,485500,1,0,1,1,0,1,0,1785533257,169,1846,5139900,872,0,1.7528919,0.0050895,"[0.6395633220672607,-0.020334972068667412,-0.022804969921708107,0.7681309580802917]","[0.001795455114915967,0.027106517925858498,0.005089502315968275]","[-0.02131900005042553,-0.6195729970932007,9.72862434387207]",0.5121428,5019.000,"[0.0,0.0,0.0,0.0]","[0.0,0.0,0.0,0.0,0.0,0.0,0.0,0.0]","[0.0,0.0,0.0,0.0,0.0,337.5,0.0,0.0]",255,1,1
2026-08-12T10:59:24.772905+00:00,5140.054917,cycle_1_neutral_after_blocked,0.0000000,0.0000000,0.0000000,0.0000000,,,0,1,1,1,0,1,0.000000,9710,485550,1,0,1,1,0,1,0,1785533257,170,18990,5139951,873,0,1.7528919,0.0050895,"[0.6395633220672607,-0.020334972068667412,-0.022804969921708107,0.7681309580802917]","[0.001795455114915967,0.027106517925858498,0.005089502315968275]","[-0.02131900005042553,-0.6195729970932007,9.72862434387207]",0.5121428,5019.000,"[0.0,0.0,0.0,0.0]","[0.0,0.0,0.0,0.0,0.0,0.0,0.0,0.0]","[0.0,0.0,0.0,0.0,0.0,175.0,0.0,0.0]",255,1,1
2026-08-12T10:59:24.825055+00:00,5140.107109,cycle_1_neutral_after_blocked,0.0000000,0.0000000,0.0000000,0.0000000,,,0,1,1,1,0,1,0.000000,9711,485600,1,0,1,1,0,1,0,1785533257,171,63931,5140003,874,0,1.7528919,0.0050895,"[0.6395633220672607,-0.020334972068667412,-0.022804969921708107,0.7681309580802917]","[0.001795455114915967,0.027106517925858498,0.005089502315968275]","[-0.02131900005042553,-0.6195729970932007,9.72862434387207]",0.5286735,5181.000,"[0.0,0.0,0.0,0.0]","[0.0,0.0,0.0,0.0,0.0,0.0,0.0,0.0]","[0.0,0.0,0.0,0.0,0.0,212.5,0.0,0.0]",240,1,1
2026-08-12T10:59:24.877241+00:00,5140.159270,cycle_1_neutral_after_blocked,0.0000000,0.0000000,0.0000000,0.0000000,,,0,1,1,1,0,1,0.000000,9712,485650,1,0,1,1,0,1,0,1785533257,172,13786,5140056,875,0,1.7528919,0.0050895,"[0.6395633220672607,-0.020334972068667412,-0.022804969921708107,0.7681309580802917]","[0.001795455114915967,0.027106517925858498,0.005089502315968275]","[-0.02131900005042553,-0.6195729970932007,9.72862434387207]",0.5286735,5181.000,"[0.0,0.0,0.0,0.0]","[0.0,0.0,0.0,0.0,0.0,0.0,0.0,0.0]","[0.0,0.0,0.0,0.0,0.0,512.5,0.0,0.0]",255,1,1
2026-08-12T10:59:24.929441+00:00,5140.211472,cycle_1_neutral_after_blocked,0.0000000,0.0000000,0.0000000,0.0000000,,,0,1,1,1,0,1,0.000000,9713,485700,1,0,1,1,0,1,0,1785533257,173,7217,5140108,876,0,1.7528919,0.0050895,"[0.6395633220672607,-0.020334972068667412,-0.022804969921708107,0.7681309580802917]","[0.001795455114915967,0.027106517925858498,0.005089502315968275]","[-0.02131900005042553,-0.6195729970932007,9.72862434387207]",0.5286735,5181.000,"[0.0,0.0,0.0,0.0]","[0.0,0.0,0.0,0.0,0.0,0.0,0.0,0.0]","[0.0,0.0,0.0,0.0,0.0,0.0,0.0,0.0]",255,1,1
2026-08-12T10:59:24.981552+00:00,5140.263635,cycle_1_neutral_after_blocked,0.0000000,0.0000000,0.0000000,0.0000000,,,0,1,1,1,0,1,0.000000,9715,485800,1,0,1,1,0,1,0,1785533257,175,32690,5140212,878,0,1.7528919,0.0050895,"[0.6395633220672607,-0.020334972068667412,-0.022804969921708107,0.7681309580802917]","[0.001795455114915967,0.027106517925858498,0.005089502315968275]","[-0.02131900005042553,-0.6195729970932007,9.72862434387207]",0.5380612,5273.000,"[0.0,0.0,0.0,0.0]","[0.0,0.0,0.0,0.0,0.0,0.0,0.0,0.0]","[0.0,0.0,0.0,0.0,0.0,0.0,0.0,0.0]",255,1,1
2026-08-12T10:59:25.032819+00:00,5140.315619,cycle_1_neutral_after_blocked,0.0000000,0.0000000,0.0000000,0.0000000,,,0,1,1,1,0,1,0.000000,9716,485850,1,0,1,1,0,1,0,1785533257,176,32868,5140264,879,0,1.7528919,0.0050895,"[0.6395633220672607,-0.020334972068667412,-0.022804969921708107,0.7681309580802917]","[0.001795455114915967,0.027106517925858498,0.005089502315968275]","[-0.02131900005042553,-0.6195729970932007,9.72862434387207]",0.5421428,5313.000,"[0.0,0.0,0.0,0.0]","[0.0,0.0,0.0,0.0,0.0,0.0,0.0,0.0]","[0.0,0.0,0.0,0.0,0.0,0.0,0.0,0.0]",255,1,1
2026-08-12T10:59:25.085023+00:00,5140.366864,cycle_1_neutral_after_blocked,0.0000000,0.0000000,0.0000000,0.0000000,,,0,1,1,1,0,1,0.000000,9717,485900,1,0,1,1,0,1,0,1785533257,177,11377,5140316,880,0,1.7528919,0.0050895,"[0.6395633220672607,-0.020334972068667412,-0.022804969921708107,0.7681309580802917]","[0.001795455114915967,0.027106517925858498,0.005089502315968275]","[-0.02131900005042553,-0.6195729970932007,9.72862434387207]",0.5421428,5313.000,"[0.0,0.0,0.0,0.0]","[0.0,0.0,0.0,0.0,0.0,0.0,0.0,0.0]","[0.0,0.0,0.0,0.0,0.0,0.0,0.0,0.0]",240,1,1
2026-08-12T10:59:25.136691+00:00,5140.419347,cycle_1_neutral_after_blocked,0.0000000,0.0000000,0.0000000,0.0000000,,,0,1,1,1,0,1,0.000000,9718,485950,1,0,1,1,0,1,0,1785533257,178,55986,5140368,881,0,1.7528919,0.0050895,"[0.6395633220672607,-0.020334972068667412,-0.022804969921708107,0.7681309580802917]","[0.001795455114915967,0.027106517925858498,0.005089502315968275]","[-0.02131900005042553,-0.6195729970932007,9.72862434387207]",0.5433673,5325.000,"[0.0,0.0,0.0,0.0]","[0.0,0.0,0.0,0.0,0.0,0.0,0.0,0.0]","[0.0,0.0,0.0,0.0,0.0,0.0,0.0,0.0]",255,1,1
2026-08-12T10:59:25.188789+00:00,5140.470706,cycle_1_neutral_after_blocked,0.0000000,0.0000000,0.0000000,0.0000000,,,0,1,1,1,0,1,0.000000,9719,486000,1,0,1,1,0,1,0,1785533257,179,7486,5140420,882,0,1.7528919,0.0050895,"[0.6395633220672607,-0.020334972068667412,-0.022804969921708107,0.7681309580802917]","[0.001795455114915967,0.027106517925858498,0.005089502315968275]","[-0.02131900005042553,-0.6195729970932007,9.72862434387207]",0.5433673,5325.000,"[0.0,0.0,0.0,0.0]","[0.0,0.0,0.0,0.0,0.0,0.0,0.0,0.0]","[0.0,0.0,0.0,0.0,0.0,0.0,0.0,0.0]",255,1,1
2026-08-12T10:59:25.241070+00:00,5140.523034,cycle_1_neutral_after_blocked,0.0000000,0.0000000,0.0000000,0.0000000,,,0,1,1,1,0,1,0.000000,9720,486050,1,0,1,1,0,1,0,1785533257,180,11515,5140472,883,0,1.7528919,0.0050895,"[0.6395633220672607,-0.020334972068667412,-0.022804969921708107,0.7681309580802917]","[0.001795455114915967,0.027106517925858498,0.005089502315968275]","[-0.02131900005042553,-0.6195729970932007,9.72862434387207]",0.5433673,5325.000,"[0.0,0.0,0.0,0.0]","[0.0,0.0,0.0,0.0,0.0,0.0,0.0,0.0]","[0.0,0.0,0.0,0.0,0.0,0.0,0.0,0.0]",240,1,1
2026-08-12T10:59:25.293361+00:00,5140.575321,cycle_1_neutral_after_blocked,0.0000000,0.0000000,0.0000000,0.0000000,,,0,1,1,1,0,1,0.000000,9721,486100,1,0,1,1,0,1,0,1785533257,181,47580,5140524,884,0,1.7528919,0.0050895,"[0.6395633220672607,-0.020334972068667412,-0.022804969921708107,0.7681309580802917]","[0.001795455114915967,0.027106517925858498,0.005089502315968275]","[-0.02131900005042553,-0.6195729970932007,9.72862434387207]",0.5416327,5308.000,"[0.0,0.0,0.0,0.0]","[0.0,0.0,0.0,0.0,0.0,0.0,0.0,0.0]","[0.0,0.0,0.0,0.0,0.0,0.0,0.0,0.0]",255,1,1
2026-08-12T10:59:25.345270+00:00,5140.627575,cycle_1_neutral_after_blocked,0.0000000,0.0000000,0.0000000,0.0000000,,,0,1,1,1,0,1,0.000000,9722,486150,1,0,1,1,0,1,0,1785533257,182,41336,5140576,885,0,1.7528919,0.0050895,"[0.6395633220672607,-0.020334972068667412,-0.022804969921708107,0.7681309580802917]","[0.001795455114915967,0.027106517925858498,0.005089502315968275]","[-0.02131900005042553,-0.6195729970932007,9.72862434387207]",0.5416327,5308.000,"[0.0,0.0,0.0,0.0]","[0.0,0.0,0.0,0.0,0.0,0.0,0.0,0.0]","[0.0,0.0,0.0,0.0,0.0,0.0,0.0,0.0]",255,1,1
2026-08-12T10:59:25.396608+00:00,5140.679371,cycle_1_neutral_after_blocked,0.0000000,0.0000000,0.0000000,0.0000000,,,0,1,1,1,0,1,0.000000,9723,486200,1,0,1,1,0,1,0,1785533257,183,58122,5140628,886,0,1.7528919,0.0050895,"[0.6395633220672607,-0.020334972068667412,-0.022804969921708107,0.7681309580802917]","[0.001795455114915967,0.027106517925858498,0.005089502315968275]","[-0.02131900005042553,-0.6195729970932007,9.72862434387207]",0.5477551,5368.000,"[0.0,0.0,0.0,0.0]","[0.0,0.0,0.0,0.0,0.0,0.0,0.0,0.0]","[0.0,0.0,0.0,0.0,0.0,0.0,0.0,0.0]",240,1,1
2026-08-12T10:59:25.448621+00:00,5140.730668,cycle_1_neutral_after_blocked,0.0000000,0.0000000,0.0000000,0.0000000,,,0,1,1,1,0,1,0.000000,9724,486250,1,0,1,1,0,1,0,1785533257,184,28266,5140680,887,0,1.7528919,0.0050895,"[0.6395633220672607,-0.020334972068667412,-0.022804969921708107,0.7681309580802917]","[0.001795455114915967,0.027106517925858498,0.005089502315968275]","[-0.02131900005042553,-0.6195729970932007,9.72862434387207]",0.5477551,5368.000,"[0.0,0.0,0.0,0.0]","[0.0,0.0,0.0,0.0,0.0,0.0,0.0,0.0]","[0.0,0.0,0.0,0.0,0.0,0.0,0.0,0.0]",255,1,1
2026-08-12T10:59:25.500853+00:00,5140.782798,cycle_1_neutral_after_blocked,0.0000000,0.0000000,0.0000000,0.0000000,,,0,1,1,1,0,1,0.000000,9725,486300,1,0,1,1,0,1,0,1785533257,185,16347,5140731,888,0,1.7528919,0.0050895,"[0.6395633220672607,-0.020334972068667412,-0.022804969921708107,0.7681309580802917]","[0.001795455114915967,0.027106517925858498,0.005089502315968275]","[-0.02131900005042553,-0.6195729970932007,9.72862434387207]",0.5477551,5368.000,"[0.0,0.0,0.0,0.0]","[0.0,0.0,0.0,0.0,0.0,0.0,0.0,0.0]","[0.0,0.0,0.0,0.0,0.0,0.0,0.0,0.0]",255,1,1
2026-08-12T10:59:25.552850+00:00,5140.835095,cycle_1_neutral_after_blocked,0.0000000,0.0000000,0.0000000,0.0000000,,,0,1,1,1,0,1,0.000000,9726,486350,1,0,1,1,0,1,0,1785533257,186,32579,5140784,889,0,1.7528919,0.0050895,"[0.6395633220672607,-0.020334972068667412,-0.022804969921708107,0.7681309580802917]","[0.001795455114915967,0.027106517925858498,0.005089502315968275]","[-0.02131900005042553,-0.6195729970932007,9.72862434387207]",0.5602040,5490.000,"[0.0,0.0,0.0,0.0]","[0.0,0.0,0.0,0.0,0.0,0.0,0.0,0.0]","[0.0,0.0,0.0,0.0,0.0,0.0,0.0,0.0]",240,1,1
2026-08-12T10:59:25.605007+00:00,5140.887029,cycle_1_neutral_after_blocked,0.0000000,0.0000000,0.0000000,0.0000000,,,0,1,1,1,0,1,0.000000,9727,486400,1,0,1,1,0,1,0,1785533257,187,47311,5140836,890,0,1.7528919,0.0050895,"[0.6395633220672607,-0.020334972068667412,-0.022804969921708107,0.7681309580802917]","[0.001795455114915967,0.027106517925858498,0.005089502315968275]","[-0.02131900005042553,-0.6195729970932007,9.72862434387207]",0.5602040,5490.000,"[0.0,0.0,0.0,0.0]","[0.0,0.0,0.0,0.0,0.0,0.0,0.0,0.0]","[0.0,0.0,0.0,0.0,0.0,0.0,0.0,0.0]",255,1,1
2026-08-12T10:59:25.656617+00:00,5140.939158,cycle_1_neutral_after_blocked,0.0000000,0.0000000,0.0000000,0.0000000,,,0,1,1,1,0,1,0.000000,9728,486450,1,0,1,1,0,1,0,1785533257,188,45151,5140888,891,0,1.7528919,0.0050895,"[0.6395633220672607,-0.020334972068667412,-0.022804969921708107,0.7681309580802917]","[0.001795455114915967,0.027106517925858498,0.005089502315968275]","[-0.02131900005042553,-0.6195729970932007,9.72862434387207]",0.5783673,5668.000,"[0.0,0.0,0.0,0.0]","[0.0,0.0,0.0,0.0,0.0,0.0,0.0,0.0]","[0.0,0.0,0.0,0.0,0.0,0.0,0.0,0.0]",255,1,1
2026-08-12T10:59:25.708515+00:00,5140.990700,cycle_1_neutral_after_blocked,0.0000000,0.0000000,0.0000000,0.0000000,,,0,1,1,1,0,1,0.000000,9729,486500,1,0,1,1,0,1,0,1785533257,189,23877,5140939,892,0,1.7528919,0.0050895,"[0.6395633220672607,-0.020334972068667412,-0.022804969921708107,0.7681309580802917]","[0.001795455114915967,0.027106517925858498,0.005089502315968275]","[-0.02131900005042553,-0.6195729970932007,9.72862434387207]",0.5783673,5668.000,"[0.0,0.0,0.0,0.0]","[0.0,0.0,0.0,0.0,0.0,0.0,0.0,0.0]","[0.0,0.0,0.0,0.0,0.0,0.0,0.0,0.0]",240,1,1
2026-08-12T10:59:25.760703+00:00,5141.042682,cycle_1_neutral_after_blocked,0.0000000,0.0000000,0.0000000,0.0000000,,,0,1,1,1,0,1,0.000000,9730,486550,1,0,1,1,0,1,0,1785533257,190,34400,5140991,893,0,1.7528919,0.0050895,"[0.6395633220672607,-0.020334972068667412,-0.022804969921708107,0.7681309580802917]","[0.001795455114915967,0.027106517925858498,0.005089502315968275]","[-0.02131900005042553,-0.6195729970932007,9.72862434387207]",0.5964286,5845.000,"[0.0,0.0,0.0,0.0]","[0.0,0.0,0.0,0.0,0.0,0.0,0.0,0.0]","[0.0,0.0,0.0,0.0,0.0,0.0,0.0,0.0]",255,1,1
2026-08-12T10:59:25.812813+00:00,5141.094859,cycle_1_neutral_after_blocked,0.0000000,0.0000000,0.0000000,0.0000000,,,0,1,1,1,0,1,0.000000,9731,486600,1,0,1,1,0,1,0,1785533257,190,34400,5140991,893,0,1.7528919,0.0050895,"[0.6395633220672607,-0.020334972068667412,-0.022804969921708107,0.7681309580802917]","[0.001795455114915967,0.027106517925858498,0.005089502315968275]","[-0.02131900005042553,-0.6195729970932007,9.72862434387207]",0.5964286,5845.000,"[0.0,0.0,0.0,0.0]","[0.0,0.0,0.0,0.0,0.0,0.0,0.0,0.0]","[0.0,0.0,0.0,0.0,0.0,0.0,0.0,0.0]",255,1,1
2026-08-12T10:59:25.865148+00:00,5141.146956,cycle_1_neutral_after_blocked,0.0000000,0.0000000,0.0000000,0.0000000,,,0,1,1,1,0,1,0.000000,9732,486650,1,0,1,1,0,1,0,1785533257,191,13813,5141043,894,0,1.7528919,0.0050895,"[0.6395633220672607,-0.020334972068667412,-0.022804969921708107,0.7681309580802917]","[0.001795455114915967,0.027106517925858498,0.005089502315968275]","[-0.02131900005042553,-0.6195729970932007,9.72862434387207]",0.5964286,5845.000,"[0.0,0.0,0.0,0.0]","[0.0,0.0,0.0,0.0,0.0,0.0,0.0,0.0]","[0.0,0.0,0.0,0.0,0.0,0.0,0.0,0.0]",240,1,1
2026-08-12T10:59:25.916791+00:00,5141.199464,cycle_1_neutral_after_blocked,0.0000000,0.0000000,0.0000000,0.0000000,,,0,1,1,1,0,1,0.000000,9733,486700,1,0,1,1,0,1,0,1785533257,192,37463,5141096,895,0,1.7528919,0.0050895,"[0.6395633220672607,-0.020334972068667412,-0.022804969921708107,0.7681309580802917]","[0.001795455114915967,0.027106517925858498,0.005089502315968275]","[-0.02131900005042553,-0.6195729970932007,9.72862434387207]",0.6252040,6127.000,"[0.0,0.0,0.0,0.0]","[0.0,0.0,0.0,0.0,0.0,0.0,0.0,0.0]","[0.0,0.0,0.0,0.0,0.0,0.0,0.0,0.0]",255,1,1
2026-08-12T10:59:25.968627+00:00,5141.250869,cycle_1_neutral_after_blocked,0.0000000,0.0000000,0.0000000,0.0000000,,,0,1,1,1,0,1,0.000000,9734,486750,1,0,1,1,0,1,0,1785533257,193,53285,5141148,896,0,1.7528919,0.0050895,"[0.6395633220672607,-0.020334972068667412,-0.022804969921708107,0.7681309580802917]","[0.001795455114915967,0.027106517925858498,0.005089502315968275]","[-0.02131900005042553,-0.6195729970932007,9.72862434387207]",0.6252040,6127.000,"[0.0,0.0,0.0,0.0]","[0.0,0.0,0.0,0.0,0.0,0.0,0.0,0.0]","[0.0,0.0,0.0,0.0,0.0,0.0,0.0,0.0]",255,1,1
2026-08-12T10:59:26.020669+00:00,5141.302835,cycle_1_neutral_after_blocked,0.0000000,0.0000000,0.0000000,0.0000000,,,0,1,1,1,0,1,0.000000,9735,486800,1,0,1,1,0,1,0,1785533257,194,51329,5141200,897,0,1.7528919,0.0050895,"[0.6395633220672607,-0.020334972068667412,-0.022804969921708107,0.7681309580802917]","[0.001795455114915967,0.027106517925858498,0.005089502315968275]","[-0.02131900005042553,-0.6195729970932007,9.72862434387207]",0.6444898,6316.000,"[0.0,0.0,0.0,0.0]","[0.0,0.0,0.0,0.0,0.0,0.0,0.0,0.0]","[0.0,0.0,0.0,0.0,0.0,0.0,0.0,0.0]",240,1,1
2026-08-12T10:59:26.072926+00:00,5141.354849,cycle_1_neutral_after_blocked,0.0000000,0.0000000,0.0000000,0.0000000,,,0,1,1,1,0,1,0.000000,9736,486850,1,0,1,1,0,1,0,1785533257,195,22321,5141251,898,0,1.7528919,0.0050895,"[0.6395633220672607,-0.020334972068667412,-0.022804969921708107,0.7681309580802917]","[0.001795455114915967,0.027106517925858498,0.005089502315968275]","[-0.02131900005042553,-0.6195729970932007,9.72862434387207]",0.6444898,6316.000,"[0.0,0.0,0.0,0.0]","[0.0,0.0,0.0,0.0,0.0,0.0,0.0,0.0]","[0.0,0.0,0.0,0.0,0.0,0.0,0.0,0.0]",255,1,1
2026-08-12T10:59:26.125124+00:00,5141.407036,cycle_1_neutral_after_blocked,0.0000000,0.0000000,0.0000000,0.0000000,,,0,1,1,1,0,1,0.000000,9737,486900,1,0,1,1,0,1,0,1785533257,196,35859,5141303,899,0,1.7528919,0.0050895,"[0.6395633220672607,-0.020334972068667412,-0.022804969921708107,0.7681309580802917]","[0.001795455114915967,0.027106517925858498,0.005089502315968275]","[-0.02131900005042553,-0.6195729970932007,9.72862434387207]",0.6444898,6316.000,"[0.0,0.0,0.0,0.0]","[0.0,0.0,0.0,0.0,0.0,0.0,0.0,0.0]","[0.0,0.0,0.0,0.0,0.0,0.0,0.0,0.0]",255,1,1
2026-08-12T10:59:26.177396+00:00,5141.459367,cycle_1_neutral_after_blocked,0.0000000,0.0000000,0.0000000,0.0000000,,,0,1,1,1,0,1,0.000000,9738,486950,1,0,1,1,0,1,0,1785533257,197,35822,5141356,900,0,1.7528919,0.0050895,"[0.6395633220672607,-0.020334972068667412,-0.022804969921708107,0.7681309580802917]","[0.001795455114915967,0.027106517925858498,0.005089502315968275]","[-0.02131900005042553,-0.6195729970932007,9.72862434387207]",0.6678571,6545.000,"[0.0,0.0,0.0,0.0]","[0.0,0.0,0.0,0.0,0.0,0.0,0.0,0.0]","[0.0,0.0,0.0,0.0,0.0,0.0,0.0,0.0]",240,1,1
2026-08-12T10:59:26.229482+00:00,5141.511625,cycle_1_neutral_after_blocked,0.0000000,0.0000000,0.0000000,0.0000000,,,0,1,1,1,0,1,0.000000,9739,487000,1,0,1,1,0,1,0,1785533257,198,32045,5141408,901,0,1.7528919,0.0050895,"[0.6395633220672607,-0.020334972068667412,-0.022804969921708107,0.7681309580802917]","[0.001795455114915967,0.027106517925858498,0.005089502315968275]","[-0.02131900005042553,-0.6195729970932007,9.72862434387207]",0.6678571,6545.000,"[0.0,0.0,0.0,0.0]","[0.0,0.0,0.0,0.0,0.0,0.0,0.0,0.0]","[0.0,0.0,0.0,0.0,0.0,0.0,0.0,0.0]",255,1,1
2026-08-12T10:59:26.282752+00:00,5141.563667,cycle_1_neutral_after_blocked,0.0000000,0.0000000,0.0000000,0.0000000,,,0,1,1,1,0,1,0.000000,9741,487100,1,0,1,1,0,1,0,1785533257,200,42073,5141512,903,0,1.7528919,0.0050895,"[0.6395633220672607,-0.020334972068667412,-0.022804969921708107,0.7681309580802917]","[0.001795455114915967,0.027106517925858498,0.005089502315968275]","[-0.02131900005042553,-0.6195729970932007,9.72862434387207]",0.6808163,6672.000,"[0.0,0.0,0.0,0.0]","[0.0,0.0,0.0,0.0,0.0,0.0,0.0,0.0]","[0.0,0.0,0.0,0.0,0.0,0.0,0.0,0.0]",240,1,1
2026-08-12T10:59:26.334948+00:00,5141.617047,cycle_1_neutral_after_blocked,0.0000000,0.0000000,0.0000000,0.0000000,,,0,1,1,1,0,1,0.000000,9742,487150,1,0,1,1,0,1,0,1785533257,201,18979,5141565,904,0,1.7528919,0.0050895,"[0.6395633220672607,-0.020334972068667412,-0.022804969921708107,0.7681309580802917]","[0.001795455114915967,0.027106517925858498,0.005089502315968275]","[-0.02131900005042553,-0.6195729970932007,9.72862434387207]",0.6915306,6777.000,"[0.0,0.0,0.0,0.0]","[0.0,0.0,0.0,0.0,0.0,0.0,0.0,0.0]","[0.0,0.0,0.0,0.0,0.0,0.0,0.0,0.0]",255,1,1
2026-08-12T10:59:26.386914+00:00,5141.669146,cycle_1_neutral_after_blocked,0.0000000,0.0000000,0.0000000,0.0000000,,,0,1,1,1,0,1,0.000000,9743,487200,1,0,1,1,0,1,0,1785533257,202,44387,5141618,905,0,1.7528919,0.0050895,"[0.6395633220672607,-0.020334972068667412,-0.022804969921708107,0.7681309580802917]","[0.001795455114915967,0.027106517925858498,0.005089502315968275]","[-0.02131900005042553,-0.6195729970932007,9.72862434387207]",0.6915306,6777.000,"[0.0,0.0,0.0,0.0]","[0.0,0.0,0.0,0.0,0.0,0.0,0.0,0.0]","[0.0,0.0,0.0,0.0,0.0,0.0,0.0,0.0]",255,1,1
2026-08-12T10:59:26.438631+00:00,5141.721029,cycle_1_neutral_after_blocked,0.0000000,0.0000000,0.0000000,0.0000000,,,0,1,1,1,0,1,0.000000,9744,487250,1,0,1,1,0,1,0,1785533257,203,33928,5141670,906,0,1.7528919,0.0050895,"[0.6395633220672607,-0.020334972068667412,-0.022804969921708107,0.7681309580802917]","[0.001795455114915967,0.027106517925858498,0.005089502315968275]","[-0.02131900005042553,-0.6195729970932007,9.72862434387207]",0.6915306,6777.000,"[0.0,0.0,0.0,0.0]","[0.0,0.0,0.0,0.0,0.0,0.0,0.0,0.0]","[0.0,0.0,0.0,0.0,0.0,0.0,0.0,0.0]",240,1,1
2026-08-12T10:59:26.489753+00:00,5141.772756,cycle_1_neutral_after_blocked,0.0000000,0.0000000,0.0000000,0.0000000,,,0,1,1,1,0,1,0.000000,9745,487300,1,0,1,1,0,1,0,1785533257,204,40347,5141721,907,0,1.7528919,0.0050895,"[0.6395633220672607,-0.020334972068667412,-0.022804969921708107,0.7681309580802917]","[0.001795455114915967,0.027106517925858498,0.005089502315968275]","[-0.02131900005042553,-0.6195729970932007,9.72862434387207]",0.6955102,6816.000,"[0.0,0.0,0.0,0.0]","[0.0,0.0,0.0,0.0,0.0,0.0,0.0,0.0]","[0.0,0.0,0.0,0.0,0.0,0.0,0.0,0.0]",255,1,1
2026-08-12T10:59:26.541555+00:00,5141.823791,cycle_1_neutral_after_blocked,0.0000000,0.0000000,0.0000000,0.0000000,,,0,1,1,1,0,1,0.000000,9746,487350,1,0,1,1,0,1,0,1785533257,205,10429,5141773,908,0,1.7528919,0.0050895,"[0.6395633220672607,-0.020334972068667412,-0.022804969921708107,0.7681309580802917]","[0.001795455114915967,0.027106517925858498,0.005089502315968275]","[-0.02131900005042553,-0.6195729970932007,9.72862434387207]",0.6955102,6816.000,"[0.0,0.0,0.0,0.0]","[0.0,0.0,0.0,0.0,0.0,0.0,0.0,0.0]","[0.0,0.0,0.0,0.0,0.0,0.0,0.0,0.0]",255,1,1
2026-08-12T10:59:26.593487+00:00,5141.875778,cycle_1_neutral_after_blocked,0.0000000,0.0000000,0.0000000,0.0000000,,,0,1,1,1,0,1,0.000000,9747,487400,1,0,1,1,0,1,0,1785533257,206,42308,5141824,909,0,1.7528919,0.0050895,"[0.6395633220672607,-0.020334972068667412,-0.022804969921708107,0.7681309580802917]","[0.001795455114915967,0.027106517925858498,0.005089502315968275]","[-0.02131900005042553,-0.6195729970932007,9.72862434387207]",0.6854081,6717.000,"[0.0,0.0,0.0,0.0]","[0.0,0.0,0.0,0.0,0.0,0.0,0.0,0.0]","[0.0,0.0,0.0,0.0,0.0,0.0,0.0,0.0]",240,1,1
2026-08-12T10:59:26.645452+00:00,5141.927638,cycle_1_neutral_after_blocked,0.0000000,0.0000000,0.0000000,0.0000000,,,0,1,1,1,0,1,0.000000,9748,487450,1,0,1,1,0,1,0,1785533257,207,56931,5141876,910,0,1.7528919,0.0050895,"[0.6395633220672607,-0.020334972068667412,-0.022804969921708107,0.7681309580802917]","[0.001795455114915967,0.027106517925858498,0.005089502315968275]","[-0.02131900005042553,-0.6195729970932007,9.72862434387207]",0.6854081,6717.000,"[0.0,0.0,0.0,0.0]","[0.0,0.0,0.0,0.0,0.0,0.0,0.0,0.0]","[0.0,0.0,0.0,0.0,0.0,0.0,0.0,0.0]",255,1,1
2026-08-12T10:59:26.696979+00:00,5141.979625,cycle_1_neutral_after_blocked,0.0000000,0.0000000,0.0000000,0.0000000,,,0,1,1,1,0,1,0.000000,9749,487500,1,0,1,1,0,1,0,1785533257,208,48504,5141928,911,0,1.7528919,0.0050895,"[0.6395633220672607,-0.020334972068667412,-0.022804969921708107,0.7681309580802917]","[0.001795455114915967,0.027106517925858498,0.005089502315968275]","[-0.02131900005042553,-0.6195729970932007,9.72862434387207]",0.6854081,6717.000,"[0.0,0.0,0.0,0.0]","[0.0,0.0,0.0,0.0,0.0,0.0,0.0,0.0]","[0.0,0.0,0.0,0.0,0.0,0.0,0.0,0.0]",255,1,1
2026-08-12T10:59:26.749156+00:00,5142.031086,cycle_1_neutral_after_blocked,0.0000000,0.0000000,0.0000000,0.0000000,,,0,1,1,1,0,1,0.000000,9750,487550,1,0,1,1,0,1,0,1785533257,209,4461,5141980,912,0,1.7528919,0.0050895,"[0.6395633220672607,-0.020334972068667412,-0.022804969921708107,0.7681309580802917]","[0.001795455114915967,0.027106517925858498,0.005089502315968275]","[-0.02131900005042553,-0.6195729970932007,9.72862434387207]",0.6783673,6648.000,"[0.0,0.0,0.0,0.0]","[0.0,0.0,0.0,0.0,0.0,0.0,0.0,0.0]","[0.0,0.0,0.0,0.0,0.0,0.0,0.0,0.0]",240,1,1
2026-08-12T10:59:26.801442+00:00,5142.083411,cycle_1_neutral_after_blocked,0.0000000,0.0000000,0.0000000,0.0000000,,,0,1,1,1,0,1,0.000000,9751,487600,1,0,1,1,0,1,0,1785533257,210,762,5142032,913,0,1.7528919,0.0050895,"[0.6395633220672607,-0.020334972068667412,-0.022804969921708107,0.7681309580802917]","[0.001795455114915967,0.027106517925858498,0.005089502315968275]","[-0.02131900005042553,-0.6195729970932007,9.72862434387207]",0.6783673,6648.000,"[0.0,0.0,0.0,0.0]","[0.0,0.0,0.0,0.0,0.0,0.0,0.0,0.0]","[0.0,0.0,0.0,0.0,0.0,0.0,0.0,0.0]",255,1,1
2026-08-12T10:59:26.853545+00:00,5142.135605,cycle_1_neutral_after_blocked,0.0000000,0.0000000,0.0000000,0.0000000,,,0,1,1,1,0,1,0.000000,9752,487650,1,0,1,1,0,1,0,1785533257,211,50550,5142084,914,0,1.7528919,0.0050895,"[0.6395633220672607,-0.020334972068667412,-0.022804969921708107,0.7681309580802917]","[0.001795455114915967,0.027106517925858498,0.005089502315968275]","[-0.02131900005042553,-0.6195729970932007,9.72862434387207]",0.6672449,6539.000,"[0.0,0.0,0.0,0.0]","[0.0,0.0,0.0,0.0,0.0,0.0,0.0,0.0]","[0.0,0.0,0.0,0.0,0.0,0.0,0.0,0.0]",255,1,1
2026-08-12T10:59:26.905748+00:00,5142.187683,cycle_1_neutral_after_blocked,0.0000000,0.0000000,0.0000000,0.0000000,,,0,1,1,1,0,1,0.000000,9753,487700,1,0,1,1,0,1,0,1785533257,212,62643,5142136,915,0,1.7528919,0.0050895,"[0.6395633220672607,-0.020334972068667412,-0.022804969921708107,0.7681309580802917]","[0.001795455114915967,0.027106517925858498,0.005089502315968275]","[-0.02131900005042553,-0.6195729970932007,9.72862434387207]",0.6672449,6539.000,"[0.0,0.0,0.0,0.0]","[0.0,0.0,0.0,0.0,0.0,0.0,0.0,0.0]","[0.0,0.0,0.0,0.0,0.0,0.0,0.0,0.0]",240,1,1
2026-08-12T10:59:26.958076+00:00,5142.239993,cycle_1_neutral_after_blocked,0.0000000,0.0000000,0.0000000,0.0000000,,,0,1,1,1,0,1,0.000000,9754,487750,1,0,1,1,0,1,0,1785533257,213,56664,5142188,916,0,1.7528919,0.0050895,"[0.6395633220672607,-0.020334972068667412,-0.022804969921708107,0.7681309580802917]","[0.001795455114915967,0.027106517925858498,0.005089502315968275]","[-0.02131900005042553,-0.6195729970932007,9.72862434387207]",0.6644898,6512.000,"[0.0,0.0,0.0,0.0]","[0.0,0.0,0.0,0.0,0.0,0.0,0.0,0.0]","[0.0,0.0,0.0,0.0,0.0,0.0,0.0,0.0]",255,1,1
2026-08-12T10:59:27.010405+00:00,5142.292338,cycle_1_neutral_after_blocked,0.0000000,0.0000000,0.0000000,0.0000000,,,0,1,1,1,0,1,0.000000,9755,487800,1,0,1,1,0,1,0,1785533257,214,20641,5142241,917,0,1.7528919,0.0050895,"[0.6395633220672607,-0.020334972068667412,-0.022804969921708107,0.7681309580802917]","[0.001795455114915967,0.027106517925858498,0.005089502315968275]","[-0.02131900005042553,-0.6195729970932007,9.72862434387207]",0.6644898,6512.000,"[0.0,0.0,0.0,0.0]","[0.0,0.0,0.0,0.0,0.0,0.0,0.0,0.0]","[0.0,0.0,0.0,0.0,0.0,0.0,0.0,0.0]",255,1,1
2026-08-12T10:59:27.062750+00:00,5142.344675,cycle_1_neutral_after_blocked,0.0000000,0.0000000,0.0000000,0.0000000,,,0,1,1,1,0,1,0.000000,9756,487850,1,0,1,1,0,1,0,1785533257,214,20641,5142241,917,0,1.7528919,0.0050895,"[0.6395633220672607,-0.020334972068667412,-0.022804969921708107,0.7681309580802917]","[0.001795455114915967,0.027106517925858498,0.005089502315968275]","[-0.02131900005042553,-0.6195729970932007,9.72862434387207]",0.6644898,6512.000,"[0.0,0.0,0.0,0.0]","[0.0,0.0,0.0,0.0,0.0,0.0,0.0,0.0]","[0.0,0.0,0.0,0.0,0.0,0.0,0.0,0.0]",240,1,1
2026-08-12T10:59:27.114967+00:00,5142.396929,cycle_1_neutral_after_blocked,0.0000000,0.0000000,0.0000000,0.0000000,,,0,1,1,1,0,1,0.000000,9757,487900,1,0,1,1,0,1,0,1785533257,215,36382,5142293,918,0,1.7528919,0.0050895,"[0.6395633220672607,-0.020334972068667412,-0.022804969921708107,0.7681309580802917]","[0.001795455114915967,0.027106517925858498,0.005089502315968275]","[-0.02131900005042553,-0.6195729970932007,9.72862434387207]",0.6487755,6358.000,"[0.0,0.0,0.0,0.0]","[0.0,0.0,0.0,0.0,0.0,0.0,0.0,0.0]","[0.0,0.0,0.0,0.0,0.0,0.0,0.0,0.0]",255,1,1
2026-08-12T10:59:27.167073+00:00,5142.449226,cycle_1_neutral_after_blocked,0.0000000,0.0000000,0.0000000,0.0000000,,,0,1,1,1,0,1,0.000000,9758,487950,1,0,1,1,0,1,0,1785533257,216,894,5142345,919,0,1.7528919,0.0050895,"[0.6395633220672607,-0.020334972068667412,-0.022804969921708107,0.7681309580802917]","[0.001795455114915967,0.027106517925858498,0.005089502315968275]","[-0.02131900005042553,-0.6195729970932007,9.72862434387207]",0.6487755,6358.000,"[0.0,0.0,0.0,0.0]","[0.0,0.0,0.0,0.0,0.0,0.0,0.0,0.0]","[0.0,0.0,0.0,0.0,0.0,0.0,0.0,0.0]",255,1,1
2026-08-12T10:59:27.218904+00:00,5142.501207,cycle_1_neutral_after_blocked,0.0000000,0.0000000,0.0000000,0.0000000,,,0,1,1,1,0,1,0.000000,9759,488000,1,0,1,1,0,1,0,1785533257,217,34749,5142398,920,0,1.7528919,0.0050895,"[0.6395633220672607,-0.020334972068667412,-0.022804969921708107,0.7681309580802917]","[0.001795455114915967,0.027106517925858498,0.005089502315968275]","[-0.02131900005042553,-0.6195729970932007,9.72862434387207]",0.6404082,6276.000,"[0.0,0.0,0.0,0.0]","[0.0,0.0,0.0,0.0,0.0,0.0,0.0,0.0]","[0.0,0.0,0.0,0.0,0.0,0.0,0.0,0.0]",240,1,1
2026-08-12T10:59:27.270646+00:00,5142.553099,cycle_1_neutral_after_blocked,0.0000000,0.0000000,0.0000000,0.0000000,,,0,1,1,1,0,1,0.000000,9760,488050,1,0,1,1,0,1,0,1785533257,218,29054,5142450,921,0,1.7528919,0.0050895,"[0.6395633220672607,-0.020334972068667412,-0.022804969921708107,0.7681309580802917]","[0.001795455114915967,0.027106517925858498,0.005089502315968275]","[-0.02131900005042553,-0.6195729970932007,9.72862434387207]",0.6404082,6276.000,"[0.0,0.0,0.0,0.0]","[0.0,0.0,0.0,0.0,0.0,0.0,0.0,0.0]","[0.0,0.0,0.0,0.0,0.0,0.0,0.0,0.0]",255,1,1
2026-08-12T10:59:27.322894+00:00,5142.604829,cycle_1_neutral_after_blocked,0.0000000,0.0000000,0.0000000,0.0000000,,,0,1,1,1,0,1,0.000000,9761,488100,1,0,1,1,0,1,0,1785533257,219,46834,5142502,922,0,1.7528919,0.0050895,"[0.6395633220672607,-0.020334972068667412,-0.022804969921708107,0.7681309580802917]","[0.001795455114915967,0.027106517925858498,0.005089502315968275]","[-0.02131900005042553,-0.6195729970932007,9.72862434387207]",0.6404082,6276.000,"[0.0,0.0,0.0,0.0]","[0.0,0.0,0.0,0.0,0.0,0.0,0.0,0.0]","[0.0,0.0,0.0,0.0,0.0,0.0,0.0,0.0]",255,1,1
2026-08-12T10:59:27.374681+00:00,5142.657133,cycle_1_neutral_after_blocked,0.0000000,0.0000000,0.0000000,0.0000000,,,0,1,1,1,0,1,0.000000,9762,488150,1,0,1,1,0,1,0,1785533257,220,61831,5142553,923,0,1.7528919,0.0050895,"[0.6395633220672607,-0.020334972068667412,-0.022804969921708107,0.7681309580802917]","[0.001795455114915967,0.027106517925858498,0.005089502315968275]","[-0.02131900005042553,-0.6195729970932007,9.72862434387207]",0.6300000,6174.000,"[0.0,0.0,0.0,0.0]","[0.0,0.0,0.0,0.0,0.0,0.0,0.0,0.0]","[0.0,0.0,0.0,0.0,0.0,0.0,0.0,0.0]",240,1,1
2026-08-12T10:59:27.426472+00:00,5142.708799,cycle_1_neutral_after_blocked,0.0000000,0.0000000,0.0000000,0.0000000,,,0,1,1,1,0,1,0.000000,9763,488200,1,0,1,1,0,1,0,1785533257,221,51695,5142606,924,0,1.7528919,0.0050895,"[0.6395633220672607,-0.020334972068667412,-0.022804969921708107,0.7681309580802917]","[0.001795455114915967,0.027106517925858498,0.005089502315968275]","[-0.02131900005042553,-0.6195729970932007,9.72862434387207]",0.6300000,6174.000,"[0.0,0.0,0.0,0.0]","[0.0,0.0,0.0,0.0,0.0,0.0,0.0,0.0]","[0.0,0.0,0.0,0.0,0.0,0.0,0.0,0.0]",255,1,1
2026-08-12T10:59:27.478900+00:00,5142.760826,cycle_1_neutral_after_blocked,0.0000000,0.0000000,0.0000000,0.0000000,,,0,1,1,1,0,1,0.000000,9764,488250,1,0,1,1,0,1,0,1785533257,222,16172,5142658,925,0,1.7528919,0.0050895,"[0.6395633220672607,-0.020334972068667412,-0.022804969921708107,0.7681309580802917]","[0.001795455114915967,0.027106517925858498,0.005089502315968275]","[-0.02131900005042553,-0.6195729970932007,9.72862434387207]",0.6262245,6137.000,"[0.0,0.0,0.0,0.0]","[0.0,0.0,0.0,0.0,0.0,0.0,0.0,0.0]","[0.0,0.0,0.0,0.0,0.0,0.0,0.0,0.0]",255,1,1
2026-08-12T10:59:27.532155+00:00,5142.813091,cycle_1_neutral_after_blocked,0.0000000,0.0000000,0.0000000,0.0000000,,,0,1,1,1,0,1,0.000000,9766,488350,1,0,1,1,0,1,0,1785533257,224,51535,5142762,927,0,1.7528919,0.0050895,"[0.6395633220672607,-0.020334972068667412,-0.022804969921708107,0.7681309580802917]","[0.001795455114915967,0.027106517925858498,0.005089502315968275]","[-0.02131900005042553,-0.6195729970932007,9.72862434387207]",0.6234694,6110.000,"[0.0,0.0,0.0,0.0]","[0.0,0.0,0.0,0.0,0.0,0.0,0.0,0.0]","[0.0,0.0,0.0,0.0,0.0,0.0,0.0,0.0]",255,1,1
2026-08-12T10:59:27.584424+00:00,5142.866439,cycle_1_neutral_after_blocked,0.0000000,0.0000000,0.0000000,0.0000000,,,0,1,1,1,0,1,0.000000,9767,488400,1,0,1,1,0,1,0,1785533257,225,33453,5142815,928,0,1.7528919,0.0050895,"[0.6395633220672607,-0.020334972068667412,-0.022804969921708107,0.7681309580802917]","[0.001795455114915967,0.027106517925858498,0.005089502315968275]","[-0.02131900005042553,-0.6195729970932007,9.72862434387207]",0.6234694,6110.000,"[0.0,0.0,0.0,0.0]","[0.0,0.0,0.0,0.0,0.0,0.0,0.0,0.0]","[0.0,0.0,0.0,0.0,0.0,0.0,0.0,0.0]",255,1,1
2026-08-12T10:59:27.635751+00:00,5142.918620,cycle_1_neutral_after_blocked,0.0000000,0.0000000,0.0000000,0.0000000,,,0,1,1,1,0,1,0.000000,9768,488450,1,0,1,1,0,1,0,1785533257,226,39433,5142867,929,0,1.7528919,0.0050895,"[0.6395633220672607,-0.020334972068667412,-0.022804969921708107,0.7681309580802917]","[0.001795455114915967,0.027106517925858498,0.005089502315968275]","[-0.02131900005042553,-0.6195729970932007,9.72862434387207]",0.6234694,6110.000,"[0.0,0.0,0.0,0.0]","[0.0,0.0,0.0,0.0,0.0,0.0,0.0,0.0]","[0.0,0.0,0.0,0.0,0.0,0.0,0.0,0.0]",240,1,1
2026-08-12T10:59:27.687715+00:00,5142.969774,cycle_1_neutral_after_blocked,0.0000000,0.0000000,0.0000000,0.0000000,,,0,1,1,1,0,1,0.000000,9769,488500,1,0,1,1,0,1,0,1785533257,227,46050,5142919,930,0,1.7528919,0.0050895,"[0.6395633220672607,-0.020334972068667412,-0.022804969921708107,0.7681309580802917]","[0.001795455114915967,0.027106517925858498,0.005089502315968275]","[-0.02131900005042553,-0.6195729970932007,9.72862434387207]",0.6280612,6155.000,"[0.0,0.0,0.0,0.0]","[0.0,0.0,0.0,0.0,0.0,0.0,0.0,0.0]","[0.0,0.0,0.0,0.0,0.0,0.0,0.0,0.0]",255,1,1
2026-08-12T10:59:27.739942+00:00,5143.021876,cycle_1_neutral_after_blocked,0.0000000,0.0000000,0.0000000,0.0000000,,,0,1,1,1,0,1,0.000000,9770,488550,1,0,1,1,0,1,0,1785533257,228,6010,5142970,931,0,1.7528919,0.0050895,"[0.6395633220672607,-0.020334972068667412,-0.022804969921708107,0.7681309580802917]","[0.001795455114915967,0.027106517925858498,0.005089502315968275]","[-0.02131900005042553,-0.6195729970932007,9.72862434387207]",0.6280612,6155.000,"[0.0,0.0,0.0,0.0]","[0.0,0.0,0.0,0.0,0.0,0.0,0.0,0.0]","[0.0,0.0,0.0,0.0,0.0,0.0,0.0,0.0]",255,1,1
2026-08-12T10:59:27.791751+00:00,5143.074129,cycle_1_neutral_after_blocked,0.0000000,0.0000000,0.0000000,0.0000000,,,0,1,1,1,0,1,0.000000,9771,488600,1,0,1,1,0,1,0,1785533257,229,17835,5143023,932,0,1.7528919,0.0050895,"[0.6395633220672607,-0.020334972068667412,-0.022804969921708107,0.7681309580802917]","[0.001795455114915967,0.027106517925858498,0.005089502315968275]","[-0.02131900005042553,-0.6195729970932007,9.72862434387207]",0.6327550,6201.000,"[0.0,0.0,0.0,0.0]","[0.0,0.0,0.0,0.0,0.0,0.0,0.0,0.0]","[0.0,0.0,0.0,0.0,0.0,0.0,0.0,0.0]",240,1,1
2026-08-12T10:59:27.843874+00:00,5143.125903,cycle_1_neutral_after_blocked,0.0000000,0.0000000,0.0000000,0.0000000,,,0,1,1,1,0,1,0.000000,9772,488650,1,0,1,1,0,1,0,1785533257,230,22076,5143075,933,0,1.7528919,0.0050895,"[0.6395633220672607,-0.020334972068667412,-0.022804969921708107,0.7681309580802917]","[0.001795455114915967,0.027106517925858498,0.005089502315968275]","[-0.02131900005042553,-0.6195729970932007,9.72862434387207]",0.6327550,6201.000,"[0.0,0.0,0.0,0.0]","[0.0,0.0,0.0,0.0,0.0,0.0,0.0,0.0]","[0.0,0.0,0.0,0.0,0.0,0.0,0.0,0.0]",255,1,1
2026-08-12T10:59:27.896180+00:00,5143.178122,cycle_1_neutral_after_blocked,0.0000000,0.0000000,0.0000000,0.0000000,,,0,1,1,1,0,1,0.000000,9773,488700,1,0,1,1,0,1,0,1785533257,231,64041,5143127,934,0,1.7528919,0.0050895,"[0.6395633220672607,-0.020334972068667412,-0.022804969921708107,0.7681309580802917]","[0.001795455114915967,0.027106517925858498,0.005089502315968275]","[-0.02131900005042553,-0.6195729970932007,9.72862434387207]",0.6327550,6201.000,"[0.0,0.0,0.0,0.0]","[0.0,0.0,0.0,0.0,0.0,0.0,0.0,0.0]","[0.0,0.0,0.0,0.0,0.0,0.0,0.0,0.0]",255,1,1
2026-08-12T10:59:27.948525+00:00,5143.230480,cycle_1_neutral_after_blocked,0.0000000,0.0000000,0.0000000,0.0000000,,,0,1,1,1,0,1,0.000000,9774,488750,1,0,1,1,0,1,0,1785533257,232,39214,5143179,935,0,1.7528919,0.0050895,"[0.6395633220672607,-0.020334972068667412,-0.022804969921708107,0.7681309580802917]","[0.001795455114915967,0.027106517925858498,0.005089502315968275]","[-0.02131900005042553,-0.6195729970932007,9.72862434387207]",0.6325510,6199.000,"[0.0,0.0,0.0,0.0]","[0.0,0.0,0.0,0.0,0.0,0.0,0.0,0.0]","[0.0,0.0,0.0,0.0,0.0,0.0,0.0,0.0]",240,1,1
2026-08-12T10:59:28.000851+00:00,5143.282758,cycle_1_neutral_after_blocked,0.0000000,0.0000000,0.0000000,0.0000000,,,0,1,1,1,0,1,0.000000,9775,488800,1,0,1,1,0,1,0,1785533257,233,57865,5143231,936,0,1.7528919,0.0050895,"[0.6395633220672607,-0.020334972068667412,-0.022804969921708107,0.7681309580802917]","[0.001795455114915967,0.027106517925858498,0.005089502315968275]","[-0.02131900005042553,-0.6195729970932007,9.72862434387207]",0.6325510,6199.000,"[0.0,0.0,0.0,0.0]","[0.0,0.0,0.0,0.0,0.0,0.0,0.0,0.0]","[0.0,0.0,0.0,0.0,0.0,0.0,0.0,0.0]",255,1,1
2026-08-12T10:59:28.052884+00:00,5143.335077,cycle_1_neutral_after_blocked,0.0000000,0.0000000,0.0000000,0.0000000,,,0,1,1,1,0,1,0.000000,9776,488850,1,0,1,1,0,1,0,1785533257,234,53307,5143284,937,0,1.7528919,0.0050895,"[0.6395633220672607,-0.020334972068667412,-0.022804969921708107,0.7681309580802917]","[0.001795455114915967,0.027106517925858498,0.005089502315968275]","[-0.02131900005042553,-0.6195729970932007,9.72862434387207]",0.6461225,6332.000,"[0.0,0.0,0.0,0.0]","[0.0,0.0,0.0,0.0,0.0,0.0,0.0,0.0]","[0.0,0.0,0.0,0.0,0.0,0.0,0.0,0.0]",255,1,1
2026-08-12T10:59:28.105115+00:00,5143.387061,cycle_1_neutral_after_blocked,0.0000000,0.0000000,0.0000000,0.0000000,,,0,1,1,1,0,1,0.000000,9777,488900,1,0,1,1,0,1,0,1785533257,235,36858,5143336,938,0,1.7528919,0.0050895,"[0.6395633220672607,-0.020334972068667412,-0.022804969921708107,0.7681309580802917]","[0.001795455114915967,0.027106517925858498,0.005089502315968275]","[-0.02131900005042553,-0.6195729970932007,9.72862434387207]",0.6461225,6332.000,"[0.0,0.0,0.0,0.0]","[0.0,0.0,0.0,0.0,0.0,0.0,0.0,0.0]","[0.0,0.0,0.0,0.0,0.0,0.0,0.0,0.0]",240,1,1
2026-08-12T10:59:28.157163+00:00,5143.439391,cycle_1_neutral_after_blocked,0.0000000,0.0000000,0.0000000,0.0000000,,,0,1,1,1,0,1,0.000000,9778,488950,1,0,1,1,0,1,0,1785533257,236,33770,5143388,939,0,1.7528919,0.0050895,"[0.6395633220672607,-0.020334972068667412,-0.022804969921708107,0.7681309580802917]","[0.001795455114915967,0.027106517925858498,0.005089502315968275]","[-0.02131900005042553,-0.6195729970932007,9.72862434387207]",0.6531633,6401.000,"[0.0,0.0,0.0,0.0]","[0.0,0.0,0.0,0.0,0.0,0.0,0.0,0.0]","[0.0,0.0,0.0,0.0,0.0,0.0,0.0,0.0]",255,1,1
2026-08-12T10:59:28.209464+00:00,5143.491366,cycle_1_neutral_after_blocked,0.0000000,0.0000000,0.0000000,0.0000000,,,0,1,1,1,0,1,0.000000,9779,489000,1,0,1,1,0,1,0,1785533257,237,54571,5143440,940,0,1.7528919,0.0050895,"[0.6395633220672607,-0.020334972068667412,-0.022804969921708107,0.7681309580802917]","[0.001795455114915967,0.027106517925858498,0.005089502315968275]","[-0.02131900005042553,-0.6195729970932007,9.72862434387207]",0.6531633,6401.000,"[0.0,0.0,0.0,0.0]","[0.0,0.0,0.0,0.0,0.0,0.0,0.0,0.0]","[0.0,0.0,0.0,0.0,0.0,0.0,0.0,0.0]",255,1,1
2026-08-12T10:59:28.262798+00:00,5143.543645,cycle_1_neutral_after_blocked,0.0000000,0.0000000,0.0000000,0.0000000,,,0,1,1,1,0,1,0.000000,9780,489050,1,0,1,1,0,1,0,1785533257,237,54571,5143440,940,0,1.7528919,0.0050895,"[0.6395633220672607,-0.020334972068667412,-0.022804969921708107,0.7681309580802917]","[0.001795455114915967,0.027106517925858498,0.005089502315968275]","[-0.02131900005042553,-0.6195729970932007,9.72862434387207]",0.6531633,6401.000,"[0.0,0.0,0.0,0.0]","[0.0,0.0,0.0,0.0,0.0,0.0,0.0,0.0]","[0.0,0.0,0.0,0.0,0.0,0.0,0.0,0.0]",240,1,1
2026-08-12T10:59:28.314434+00:00,5143.597176,cycle_1_neutral_after_blocked,0.0000000,0.0000000,0.0000000,0.0000000,,,0,1,1,1,0,1,0.000000,9781,489100,1,0,1,1,0,1,0,1785533257,238,45733,5143492,941,0,1.7528919,0.0050895,"[0.6395633220672607,-0.020334972068667412,-0.022804969921708107,0.7681309580802917]","[0.001795455114915967,0.027106517925858498,0.005089502315968275]","[-0.02131900005042553,-0.6195729970932007,9.72862434387207]",0.6580612,6449.000,"[0.0,0.0,0.0,0.0]","[0.0,0.0,0.0,0.0,0.0,0.0,0.0,0.0]","[0.0,0.0,0.0,0.0,0.0,0.0,0.0,0.0]",255,1,1
2026-08-12T10:59:28.365383+00:00,5143.648420,cycle_1_neutral_after_blocked,0.0000000,0.0000000,0.0000000,0.0000000,,,0,1,1,1,0,1,0.000000,9782,489150,1,0,1,1,0,1,0,1785533257,239,46648,5143545,942,0,1.7528919,0.0050895,"[0.6395633220672607,-0.020334972068667412,-0.022804969921708107,0.7681309580802917]","[0.001795455114915967,0.027106517925858498,0.005089502315968275]","[-0.02131900005042553,-0.6195729970932007,9.72862434387207]",0.6580612,6449.000,"[0.0,0.0,0.0,0.0]","[0.0,0.0,0.0,0.0,0.0,0.0,0.0,0.0]","[0.0,0.0,0.0,0.0,0.0,0.0,0.0,0.0]",255,1,1
2026-08-12T10:59:28.416501+00:00,5143.699364,cycle_1_neutral_after_blocked,0.0000000,0.0000000,0.0000000,0.0000000,,,0,1,1,1,0,1,0.000000,9783,489200,1,0,1,1,0,1,0,1785533257,240,10658,5143597,943,0,1.7528919,0.0050895,"[0.6395633220672607,-0.020334972068667412,-0.022804969921708107,0.7681309580802917]","[0.001795455114915967,0.027106517925858498,0.005089502315968275]","[-0.02131900005042553,-0.6195729970932007,9.72862434387207]",0.6648980,6516.000,"[0.0,0.0,0.0,0.0]","[0.0,0.0,0.0,0.0,0.0,0.0,0.0,0.0]","[0.0,0.0,0.0,0.0,0.0,0.0,0.0,0.0]",240,1,1
2026-08-12T10:59:28.468553+00:00,5143.750521,cycle_1_neutral_after_blocked,0.0000000,0.0000000,0.0000000,0.0000000,,,0,1,1,1,0,1,0.000000,9784,489250,1,0,1,1,0,1,0,1785533257,241,1113,5143648,944,0,1.7528919,0.0050895,"[0.6395633220672607,-0.020334972068667412,-0.022804969921708107,0.7681309580802917]","[0.001795455114915967,0.027106517925858498,0.005089502315968275]","[-0.02131900005042553,-0.6195729970932007,9.72862434387207]",0.6648980,6516.000,"[0.0,0.0,0.0,0.0]","[0.0,0.0,0.0,0.0,0.0,0.0,0.0,0.0]","[0.0,0.0,0.0,0.0,0.0,0.0,0.0,0.0]",255,1,1
2026-08-12T10:59:28.521049+00:00,5143.802729,cycle_1_neutral_after_blocked,0.0000000,0.0000000,0.0000000,0.0000000,,,0,1,1,1,0,1,0.000000,9785,489300,1,0,1,1,0,1,0,1785533257,242,52415,5143699,945,0,1.7528919,0.0050895,"[0.6395633220672607,-0.020334972068667412,-0.022804969921708107,0.7681309580802917]","[0.001795455114915967,0.027106517925858498,0.005089502315968275]","[-0.02131900005042553,-0.6195729970932007,9.72862434387207]",0.6648980,6516.000,"[0.0,0.0,0.0,0.0]","[0.0,0.0,0.0,0.0,0.0,0.0,0.0,0.0]","[0.0,0.0,0.0,0.0,0.0,0.0,0.0,0.0]",255,1,1
2026-08-12T10:59:28.572919+00:00,5143.855222,cycle_1_neutral_after_blocked,0.0000000,0.0000000,0.0000000,0.0000000,,,0,1,1,1,0,1,0.000000,9786,489350,1,0,1,1,0,1,0,1785533257,243,2867,5143751,946,0,1.7528919,0.0050895,"[0.6395633220672607,-0.020334972068667412,-0.022804969921708107,0.7681309580802917]","[0.001795455114915967,0.027106517925858498,0.005089502315968275]","[-0.02131900005042553,-0.6195729970932007,9.72862434387207]",0.6651021,6518.000,"[0.0,0.0,0.0,0.0]","[0.0,0.0,0.0,0.0,0.0,0.0,0.0,0.0]","[0.0,0.0,0.0,0.0,0.0,0.0,0.0,0.0]",240,1,1
2026-08-12T10:59:28.625149+00:00,5143.907080,cycle_1_neutral_after_blocked,0.0000000,0.0000000,0.0000000,0.0000000,,,0,1,1,1,0,1,0.000000,9787,489400,1,0,1,1,0,1,0,1785533257,244,4192,5143804,947,0,1.7528919,0.0050895,"[0.6395633220672607,-0.020334972068667412,-0.022804969921708107,0.7681309580802917]","[0.001795455114915967,0.027106517925858498,0.005089502315968275]","[-0.02131900005042553,-0.6195729970932007,9.72862434387207]",0.6651021,6518.000,"[0.0,0.0,0.0,0.0]","[0.0,0.0,0.0,0.0,0.0,0.0,0.0,0.0]","[0.0,0.0,0.0,0.0,0.0,0.0,0.0,0.0]",255,1,1
2026-08-12T10:59:28.678050+00:00,5143.959237,cycle_1_neutral_after_blocked,0.0000000,0.0000000,0.0000000,0.0000000,,,0,1,1,1,0,1,0.000000,9788,489450,1,0,1,1,0,1,0,1785533257,245,55916,5143856,948,0,1.7528919,0.0050895,"[0.6395633220672607,-0.020334972068667412,-0.022804969921708107,0.7681309580802917]","[0.001795455114915967,0.027106517925858498,0.005089502315968275]","[-0.02131900005042553,-0.6195729970932007,9.72862434387207]",0.6592857,6461.000,"[0.0,0.0,0.0,0.0]","[0.0,0.0,0.0,0.0,0.0,0.0,0.0,0.0]","[0.0,0.0,0.0,0.0,0.0,0.0,0.0,0.0]",255,1,1
2026-08-12T10:59:28.729502+00:00,5144.012456,cycle_1_neutral_after_blocked,0.0000000,0.0000000,0.0000000,0.0000000,,,0,1,1,1,0,1,0.000000,9789,489500,1,0,1,1,0,1,0,1785533257,246,48610,5143908,949,0,1.7528919,0.0050895,"[0.6395633220672607,-0.020334972068667412,-0.022804969921708107,0.7681309580802917]","[0.001795455114915967,0.027106517925858498,0.005089502315968275]","[-0.02131900005042553,-0.6195729970932007,9.72862434387207]",0.6592857,6461.000,"[0.0,0.0,0.0,0.0]","[0.0,0.0,0.0,0.0,0.0,0.0,0.0,0.0]","[0.0,0.0,0.0,0.0,0.0,0.0,0.0,0.0]",240,1,1
2026-08-12T10:59:28.782561+00:00,5144.063500,cycle_1_neutral_after_blocked,0.0000000,0.0000000,0.0000000,0.0000000,,,0,1,1,1,0,1,0.000000,9791,489600,1,0,1,1,0,1,0,1785533257,248,29424,5144012,951,0,1.7528919,0.0050895,"[0.6395633220672607,-0.020334972068667412,-0.022804969921708107,0.7681309580802917]","[0.001795455114915967,0.027106517925858498,0.005089502315968275]","[-0.02131900005042553,-0.6195729970932007,9.72862434387207]",0.6564286,6433.000,"[0.0,0.0,0.0,0.0]","[0.0,0.0,0.0,0.0,0.0,0.0,0.0,0.0]","[0.0,0.0,0.0,0.0,0.0,0.0,0.0,0.0]",255,1,1
2026-08-12T10:59:28.834134+00:00,5144.116781,cycle_1_neutral_after_blocked,0.0000000,0.0000000,0.0000000,0.0000000,,,0,1,1,1,0,1,0.000000,9792,489650,1,0,1,1,0,1,0,1785533257,249,21560,5144065,952,0,1.7528919,0.0050895,"[0.6395633220672607,-0.020334972068667412,-0.022804969921708107,0.7681309580802917]","[0.001795455114915967,0.027106517925858498,0.005089502315968275]","[-0.02131900005042553,-0.6195729970932007,9.72862434387207]",0.6564286,6433.000,"[0.0,0.0,0.0,0.0]","[0.0,0.0,0.0,0.0,0.0,0.0,0.0,0.0]","[0.0,0.0,0.0,0.0,0.0,0.0,0.0,0.0]",240,1,1
2026-08-12T10:59:28.885278+00:00,5144.168140,cycle_1_neutral_after_blocked,0.0000000,0.0000000,0.0000000,0.0000000,,,0,1,1,1,0,1,0.000000,9793,489700,1,0,1,1,0,1,0,1785533257,250,36637,5144117,953,0,1.7528919,0.0050895,"[0.6395633220672607,-0.020334972068667412,-0.022804969921708107,0.7681309580802917]","[0.001795455114915967,0.027106517925858498,0.005089502315968275]","[-0.02131900005042553,-0.6195729970932007,9.72862434387207]",0.6500000,6370.000,"[0.0,0.0,0.0,0.0]","[0.0,0.0,0.0,0.0,0.0,0.0,0.0,0.0]","[0.0,0.0,0.0,0.0,0.0,0.0,0.0,0.0]",255,1,1
2026-08-12T10:59:28.937042+00:00,5144.219342,cycle_1_neutral_after_blocked,0.0000000,0.0000000,0.0000000,0.0000000,,,0,1,1,1,0,1,0.000000,9794,489750,1,0,1,1,0,1,0,1785533257,251,14123,5144168,954,0,1.7528919,0.0050895,"[0.6395633220672607,-0.020334972068667412,-0.022804969921708107,0.7681309580802917]","[0.001795455114915967,0.027106517925858498,0.005089502315968275]","[-0.02131900005042553,-0.6195729970932007,9.72862434387207]",0.6500000,6370.000,"[0.0,0.0,0.0,0.0]","[0.0,0.0,0.0,0.0,0.0,0.0,0.0,0.0]","[0.0,0.0,0.0,0.0,0.0,0.0,0.0,0.0]",255,1,1
2026-08-12T10:59:28.989331+00:00,5144.271257,cycle_1_neutral_after_blocked,0.0000000,0.0000000,0.0000000,0.0000000,,,0,1,1,1,0,1,0.000000,9795,489800,1,0,1,1,0,1,0,1785533257,252,54620,5144220,955,0,1.7528919,0.0050895,"[0.6395633220672607,-0.020334972068667412,-0.022804969921708107,0.7681309580802917]","[0.001795455114915967,0.027106517925858498,0.005089502315968275]","[-0.02131900005042553,-0.6195729970932007,9.72862434387207]",0.6411225,6283.000,"[0.0,0.0,0.0,0.0]","[0.0,0.0,0.0,0.0,0.0,0.0,0.0,0.0]","[0.0,0.0,0.0,0.0,0.0,0.0,0.0,0.0]",240,1,1
2026-08-12T10:59:29.041398+00:00,5144.323580,cycle_1_neutral_after_blocked,0.0000000,0.0000000,0.0000000,0.0000000,,,0,1,1,1,0,1,0.000000,9796,489850,1,0,1,1,0,1,0,1785533257,253,28154,5144272,956,0,1.7528919,0.0050895,"[0.6395633220672607,-0.020334972068667412,-0.022804969921708107,0.7681309580802917]","[0.001795455114915967,0.027106517925858498,0.005089502315968275]","[-0.02131900005042553,-0.6195729970932007,9.72862434387207]",0.6411225,6283.000,"[0.0,0.0,0.0,0.0]","[0.0,0.0,0.0,0.0,0.0,0.0,0.0,0.0]","[0.0,0.0,0.0,0.0,0.0,0.0,0.0,0.0]",255,1,1
2026-08-12T10:59:29.093634+00:00,5144.375581,cycle_1_neutral_after_blocked,0.0000000,0.0000000,0.0000000,0.0000000,,,0,1,1,1,0,1,0.000000,9797,489900,1,0,1,1,0,1,0,1785533257,254,30942,5144324,957,0,1.7528919,0.0050895,"[0.6395633220672607,-0.020334972068667412,-0.022804969921708107,0.7681309580802917]","[0.001795455114915967,0.027106517925858498,0.005089502315968275]","[-0.02131900005042553,-0.6195729970932007,9.72862434387207]",0.6411225,6283.000,"[0.0,0.0,0.0,0.0]","[0.0,0.0,0.0,0.0,0.0,0.0,0.0,0.0]","[0.0,0.0,0.0,0.0,0.0,0.0,0.0,0.0]",255,1,1
2026-08-12T10:59:29.145912+00:00,5144.427867,cycle_1_neutral_after_blocked,0.0000000,0.0000000,0.0000000,0.0000000,,,0,1,1,1,0,1,0.000000,9798,489950,1,0,1,1,0,1,0,1785533257,255,59678,5144376,958,0,1.7528919,0.0050895,"[0.6395633220672607,-0.020334972068667412,-0.022804969921708107,0.7681309580802917]","[0.001795455114915967,0.027106517925858498,0.005089502315968275]","[-0.02131900005042553,-0.6195729970932007,9.72862434387207]",0.6366326,6239.000,"[0.0,0.0,0.0,0.0]","[0.0,0.0,0.0,0.0,0.0,0.0,0.0,0.0]","[0.0,0.0,0.0,0.0,0.0,0.0,0.0,0.0]",240,1,1
2026-08-12T10:59:29.198162+00:00,5144.480137,cycle_1_neutral_after_blocked,0.0000000,0.0000000,0.0000000,0.0000000,,,0,1,1,1,0,1,0.000000,9799,490000,1,0,1,1,0,1,0,1785533257,256,6832,5144429,959,0,1.7528919,0.0050895,"[0.6395633220672607,-0.020334972068667412,-0.022804969921708107,0.7681309580802917]","[0.001795455114915967,0.027106517925858498,0.005089502315968275]","[-0.02131900005042553,-0.6195729970932007,9.72862434387207]",0.6366326,6239.000,"[0.0,0.0,0.0,0.0]","[0.0,0.0,0.0,0.0,0.0,0.0,0.0,0.0]","[0.0,0.0,0.0,0.0,0.0,0.0,0.0,0.0]",255,1,1
2026-08-12T10:59:29.250366+00:00,5144.532405,cycle_1_neutral_after_blocked,0.0000000,0.0000000,0.0000000,0.0000000,,,0,1,1,1,0,1,0.000000,9800,490050,1,0,1,1,0,1,0,1785533257,257,19569,5144481,960,0,1.7528919,0.0050895,"[0.6395633220672607,-0.020334972068667412,-0.022804969921708107,0.7681309580802917]","[0.001795455114915967,0.027106517925858498,0.005089502315968275]","[-0.02131900005042553,-0.6195729970932007,9.72862434387207]",0.6302040,6176.000,"[0.0,0.0,0.0,0.0]","[0.0,0.0,0.0,0.0,0.0,0.0,0.0,0.0]","[0.0,0.0,0.0,0.0,0.0,0.0,0.0,0.0]",255,1,1
2026-08-12T10:59:29.302561+00:00,5144.584508,cycle_1_neutral_after_blocked,0.0000000,0.0000000,0.0000000,0.0000000,,,0,1,1,1,0,1,0.000000,9801,490100,1,0,1,1,0,1,0,1785533257,258,16486,5144533,961,0,1.7528919,0.0050895,"[0.6395633220672607,-0.020334972068667412,-0.022804969921708107,0.7681309580802917]","[0.001795455114915967,0.027106517925858498,0.005089502315968275]","[-0.02131900005042553,-0.6195729970932007,9.72862434387207]",0.6302040,6176.000,"[0.0,0.0,0.0,0.0]","[0.0,0.0,0.0,0.0,0.0,0.0,0.0,0.0]","[0.0,0.0,0.0,0.0,0.0,0.0,0.0,0.0]",240,1,1
2026-08-12T10:59:29.354107+00:00,5144.636778,cycle_1_neutral_after_blocked,0.0000000,0.0000000,0.0000000,0.0000000,,,0,1,1,1,0,1,0.000000,9802,490150,1,0,1,1,0,1,0,1785533257,259,29536,5144585,962,0,1.7528919,0.0050895,"[0.6395633220672607,-0.020334972068667412,-0.022804969921708107,0.7681309580802917]","[0.001795455114915967,0.027106517925858498,0.005089502315968275]","[-0.02131900005042553,-0.6195729970932007,9.72862434387207]",0.6302040,6176.000,"[0.0,0.0,0.0,0.0]","[0.0,0.0,0.0,0.0,0.0,0.0,0.0,0.0]","[0.0,0.0,0.0,0.0,0.0,0.0,0.0,0.0]",240,1,1
2026-08-12T10:59:29.406130+00:00,5144.688131,cycle_1_neutral_after_blocked,0.0000000,0.0000000,0.0000000,0.0000000,,,0,1,1,1,0,1,0.000000,9803,490200,1,0,1,1,0,1,0,1785533257,260,43074,5144637,963,0,1.7528919,0.0050895,"[0.6395633220672607,-0.020334972068667412,-0.022804969921708107,0.7681309580802917]","[0.001795455114915967,0.027106517925858498,0.005089502315968275]","[-0.02131900005042553,-0.6195729970932007,9.72862434387207]",0.6268367,6143.000,"[0.0,0.0,0.0,0.0]","[0.0,0.0,0.0,0.0,0.0,0.0,0.0,0.0]","[0.0,0.0,0.0,0.0,0.0,0.0,0.0,0.0]",240,1,1
2026-08-12T10:59:29.458034+00:00,5144.740346,cycle_1_neutral_after_blocked,0.0000000,0.0000000,0.0000000,0.0000000,,,0,1,1,1,0,1,0.000000,9804,490250,1,0,1,1,0,1,0,1785533257,261,4324,5144689,964,0,1.7528919,0.0050895,"[0.6395633220672607,-0.020334972068667412,-0.022804969921708107,0.7681309580802917]","[0.001795455114915967,0.027106517925858498,0.005089502315968275]","[-0.02131900005042553,-0.6195729970932007,9.72862434387207]",0.6268367,6143.000,"[0.0,0.0,0.0,0.0]","[0.0,0.0,0.0,0.0,0.0,0.0,0.0,0.0]","[0.0,0.0,0.0,0.0,0.0,0.0,0.0,0.0]",255,1,1
2026-08-12T10:59:29.509384+00:00,5144.792099,cycle_1_neutral_after_blocked,0.0000000,0.0000000,0.0000000,0.0000000,,,0,1,1,1,0,1,0.000000,9805,490300,1,0,1,1,0,1,0,1785533257,262,39181,5144741,965,0,1.7528919,0.0050895,"[0.6395633220672607,-0.020334972068667412,-0.022804969921708107,0.7681309580802917]","[0.001795455114915967,0.027106517925858498,0.005089502315968275]","[-0.02131900005042553,-0.6195729970932007,9.72862434387207]",0.6268367,6143.000,"[0.0,0.0,0.0,0.0]","[0.0,0.0,0.0,0.0,0.0,0.0,0.0,0.0]","[0.0,0.0,0.0,0.0,0.0,0.0,0.0,0.0]",255,1,1
2026-08-12T10:59:29.561544+00:00,5144.843446,cycle_1_neutral_after_blocked,0.0000000,0.0000000,0.0000000,0.0000000,,,0,1,1,1,0,1,0.000000,9806,490350,1,0,1,1,0,1,0,1785533257,262,39181,5144741,965,0,1.7528919,0.0050895,"[0.6395633220672607,-0.020334972068667412,-0.022804969921708107,0.7681309580802917]","[0.001795455114915967,0.027106517925858498,0.005089502315968275]","[-0.02131900005042553,-0.6195729970932007,9.72862434387207]",0.6325510,6199.000,"[0.0,0.0,0.0,0.0]","[0.0,0.0,0.0,0.0,0.0,0.0,0.0,0.0]","[0.0,0.0,0.0,0.0,0.0,0.0,0.0,0.0]",240,1,1
2026-08-12T10:59:29.613828+00:00,5144.895785,cycle_1_neutral_after_blocked,0.0000000,0.0000000,0.0000000,0.0000000,,,0,1,1,1,0,1,0.000000,9807,490400,1,0,1,1,0,1,0,1785533257,263,19106,5144792,966,0,1.7528919,0.0050895,"[0.6395633220672607,-0.020334972068667412,-0.022804969921708107,0.7681309580802917]","[0.001795455114915967,0.027106517925858498,0.005089502315968275]","[-0.02131900005042553,-0.6195729970932007,9.72862434387207]",0.6325510,6199.000,"[0.0,0.0,0.0,0.0]","[0.0,0.0,0.0,0.0,0.0,0.0,0.0,0.0]","[0.0,0.0,0.0,0.0,0.0,0.0,0.0,0.0]",255,1,1
2026-08-12T10:59:29.665346+00:00,5144.947985,cycle_1_neutral_after_blocked,0.0000000,0.0000000,0.0000000,0.0000000,,,0,1,1,1,0,1,0.000000,9808,490450,1,0,1,1,0,1,0,1785533257,264,24463,5144844,967,0,1.7528919,0.0050895,"[0.6395633220672607,-0.020334972068667412,-0.022804969921708107,0.7681309580802917]","[0.001795455114915967,0.027106517925858498,0.005089502315968275]","[-0.02131900005042553,-0.6195729970932007,9.72862434387207]",0.6325510,6199.000,"[0.0,0.0,0.0,0.0]","[0.0,0.0,0.0,0.0,0.0,0.0,0.0,0.0]","[0.0,0.0,0.0,0.0,0.0,0.0,0.0,0.0]",255,1,1
2026-08-12T10:59:29.716992+00:00,5144.999346,cycle_1_neutral_after_blocked,0.0000000,0.0000000,0.0000000,0.0000000,,,0,1,1,1,0,1,0.000000,9809,490500,1,0,1,1,0,1,0,1785533257,265,29300,5144897,968,0,1.7528919,0.0050895,"[0.6395633220672607,-0.020334972068667412,-0.022804969921708107,0.7681309580802917]","[0.001795455114915967,0.027106517925858498,0.005089502315968275]","[-0.02131900005042553,-0.6195729970932007,9.72862434387207]",0.6335714,6209.000,"[0.0,0.0,0.0,0.0]","[0.0,0.0,0.0,0.0,0.0,0.0,0.0,0.0]","[0.0,0.0,0.0,0.0,0.0,0.0,0.0,0.0]",240,1,1
2026-08-12T10:59:29.768265+00:00,5145.051150,cycle_1_neutral_after_blocked,0.0000000,0.0000000,0.0000000,0.0000000,,,0,1,1,1,0,1,0.000000,9810,490550,1,0,1,1,0,1,0,1785533257,266,15372,5144948,969,0,1.7528919,0.0050895,"[0.6395633220672607,-0.020334972068667412,-0.022804969921708107,0.7681309580802917]","[0.001795455114915967,0.027106517925858498,0.005089502315968275]","[-0.02131900005042553,-0.6195729970932007,9.72862434387207]",0.6335714,6209.000,"[0.0,0.0,0.0,0.0]","[0.0,0.0,0.0,0.0,0.0,0.0,0.0,0.0]","[0.0,0.0,0.0,0.0,0.0,0.0,0.0,0.0]",255,1,1
2026-08-12T10:59:29.819934+00:00,5145.102292,cycle_1_neutral_after_blocked,0.0000000,0.0000000,0.0000000,0.0000000,,,0,1,1,1,0,1,0.000000,9811,490600,1,0,1,1,0,1,0,1785533257,267,65280,5145000,970,0,1.7528919,0.0050895,"[0.6395633220672607,-0.020334972068667412,-0.022804969921708107,0.7681309580802917]","[0.001795455114915967,0.027106517925858498,0.005089502315968275]","[-0.02131900005042553,-0.6195729970932007,9.72862434387207]",0.6332653,6206.000,"[0.0,0.0,0.0,0.0]","[0.0,0.0,0.0,0.0,0.0,0.0,0.0,0.0]","[0.0,0.0,0.0,0.0,0.0,0.0,0.0,0.0]",255,1,1
2026-08-12T10:59:29.872079+00:00,5145.154034,cycle_1_neutral_after_blocked,0.0000000,0.0000000,0.0000000,0.0000000,,,0,1,1,1,0,1,0.000000,9812,490650,1,0,1,1,0,1,0,1785533257,268,55686,5145051,971,0,1.7528919,0.0050895,"[0.6395633220672607,-0.020334972068667412,-0.022804969921708107,0.7681309580802917]","[0.001795455114915967,0.027106517925858498,0.005089502315968275]","[-0.02131900005042553,-0.6195729970932007,9.72862434387207]",0.6332653,6206.000,"[0.0,0.0,0.0,0.0]","[0.0,0.0,0.0,0.0,0.0,0.0,0.0,0.0]","[0.0,0.0,0.0,0.0,0.0,0.0,0.0,0.0]",240,1,1
