host_time_utc,host_monotonic_s,phase,requested_armed,requested_channels_forward_right_down_yaw,sent,transport_open,session_confirmed,telemetry_fresh,telemetry_age_s,telemetry_sequence,mcu_tick_ms,state,telemetry_armed,telemetry_failsafe,command_status,reject_flags,last_command_session,last_command_sequence,last_command_crc,command_count,rejected_command_count,round_trip_ms,imu_quat_wxyz,imu_angular_velocity_xyz_rad_s,imu_linear_acceleration_xyz_m_s2,yaw_rad,yaw_rate_rad_s,depth_m,pressure_pa,received_channels_forward_right_down_yaw,applied_motor_throttle_m1_m8,motor_rpm_m1_m8,rpm_valid_mask,execution_feedback_valid,rpm_available,vision_fresh,vision_age_s,vision_count,vision_stamp_s,vision_frame_id,vision_position_xyz_m,vision_quat_xyzw,vision_covariance_diag,vision_status_age_s,vision_status_count,vision_detected,vision_detected_ids,vision_pnp_valid,vision_pnp_reprojection_error_px,vision_decision_margin,vision_detection_fps,refracted_status_age_s,refracted_status_count,refracted_mode,refracted_valid,refracted_residual_m,refracted_reject_reason
2026-08-11T09:56:43.720544+00:00,1229599.188239879,v4_depth_down_10cm,0,"[0.0,0.0,0.0,0.0]",1,1,0,0,,,,,,,,,,,,,,,,,,,,,,,,,,,,0,,0,,,"[NaN,NaN,NaN]","[NaN,NaN,NaN,NaN]","[NaN,NaN,NaN,NaN,NaN,NaN]",,0,0,[],0,,,,,0,,0,,
2026-08-11T09:56:43.771147+00:00,1229599.238524405,v4_depth_down_10cm,0,"[0.0,0.0,0.0,0.0]",1,1,0,1,0.000000,4826,241351,1,0,0,1,0,752342020,104,28034,62,0,,"[-0.3759443759918213,0.015022016130387783,-0.03036302886903286,0.9260228276252747]","[0.0004174129571765661,-0.001027841935865581,7.6672324212268e-05]","[-0.012288999743759632,-0.6518620252609253,9.82275676727295]",-2.37012672,7.66723242e-05,0.00285714259,28,"[0.0,0.0,0.0,0.0]","[0.0,0.0,0.0,0.0,0.0,0.0,0.0,0.0]","[0.0,0.0,0.0,0.0,0.0,0.0,0.0,0.0]",0,1,1,1,0.000050,1,1786442203.736364126,pool_world,"[0.8312003569039008,-0.7123169821739721,1.0949097671395471]","[0.4721652132170538,0.8814919267352255,0.0030108814570871576,0.004788436192074275]","[0.05,0.05,0.05,0.2,0.2,0.2]",,0,0,[],0,,,,,0,,0,,
2026-08-11T09:56:43.821686+00:00,1229599.288456273,v4_depth_down_10cm,0,"[0.0,0.0,0.0,0.0]",1,1,1,1,0.000000,4827,241401,1,0,0,1,0,3304843504,0,62033,63,0,101,"[-0.37582218647003174,0.015041007660329342,-0.030293013900518417,0.9260743856430054]","[-0.003244444727897644,-0.001597238122485578,0.002511389320716262]","[0.027612999081611633,-0.652692973613739,9.780848503112793]",-2.37038898,0.00251138932,0.00293207914,28.734375,"[0.0,0.0,0.0,0.0]","[0.0,0.0,0.0,0.0,0.0,0.0,0.0,0.0]","[0.0,0.0,0.0,0.0,0.0,0.0,0.0,0.0]",0,1,1,1,0.049982,1,1786442203.736364126,pool_world,"[0.8312003569039008,-0.7123169821739721,1.0949097671395471]","[0.4721652132170538,0.8814919267352255,0.0030108814570871576,0.004788436192074275]","[0.05,0.05,0.05,0.2,0.2,0.2]",0.000156,1,1,"[15,16]",1,0.074809,153.571701,96.030205,,0,,0,,
2026-08-11T09:56:43.871466+00:00,1229599.338373125,v4_depth_down_10cm,0,"[0.0,0.0,0.0,0.0]",1,1,1,1,0.000000,4828,241451,1,0,0,1,0,3304843504,0,62033,63,0,101,"[-0.3757101893424988,0.015107007697224617,-0.03024301491677761,0.926120400428772]","[-0.000815557490568608,-0.002860646927729249,0.0025482680648565292]","[0.07150500267744064,-0.6536039710044861,9.734989166259766]",-2.37062573,0.00254826806,0.00293207914,28.734375,"[0.0,0.0,0.0,0.0]","[0.0,0.0,0.0,0.0,0.0,0.0,0.0,0.0]","[0.0,0.0,0.0,0.0,0.0,0.0,0.0,0.0]",0,1,1,1,0.099899,1,1786442203.736364126,pool_world,"[0.8312003569039008,-0.7123169821739721,1.0949097671395471]","[0.4721652132170538,0.8814919267352255,0.0030108814570871576,0.004788436192074275]","[0.05,0.05,0.05,0.2,0.2,0.2]",0.050073,1,1,"[15,16]",1,0.074809,153.571701,96.030205,0.000125,1,air,1,0.203961,air_pinhole_pose_pressure_depth_z
2026-08-11T09:56:43.921590+00:00,1229599.388165015,v4_depth_down_10cm,0,"[0.0,0.0,0.0,0.0]",1,1,1,1,0.000000,4829,241501,1,0,0,1,0,3304843504,0,62033,63,0,101,"[-0.37557220458984375,0.01516800932586193,-0.03020501509308815,0.9261766076087952]","[-0.0014265623176470399,-0.00349598191678524,0.0013327335473150015]","[0.08113899827003479,-0.6491299867630005,9.715843200683594]",-2.37091875,0.00133273355,0.00287786988,28.203125,"[0.0,0.0,0.0,0.0]","[0.0,0.0,0.0,0.0,0.0,0.0,0.0,0.0]","[0.0,0.0,0.0,0.0,0.0,0.0,0.0,0.0]",0,1,1,1,0.149691,1,1786442203.736364126,pool_world,"[0.8312003569039008,-0.7123169821739721,1.0949097671395471]","[0.4721652132170538,0.8814919267352255,0.0030108814570871576,0.004788436192074275]","[0.05,0.05,0.05,0.2,0.2,0.2]",0.099865,1,1,"[15,16]",1,0.074809,153.571701,96.030205,0.049917,1,air,1,0.203961,air_pinhole_pose_pressure_depth_z
2026-08-11T09:56:43.971835+00:00,1229599.438846896,v4_depth_down_10cm,0,"[0.0,0.0,0.0,0.0]",1,1,1,1,0.000000,4830,241551,1,0,0,1,0,3304843504,0,62033,63,0,101,"[-0.37542304396629333,0.015239003114402294,-0.03016800433397293,0.926237165927887]","[-0.000819414621219039,-0.00413917051628232,0.0001245816092705354]","[0.09787700325250626,-0.6543110013008118,9.696921348571777]",-2.37123537,0.000124581609,0.00287786988,28.203125,"[0.0,0.0,0.0,0.0]","[0.0,0.0,0.0,0.0,0.0,0.0,0.0,0.0]","[0.0,0.0,0.0,0.0,0.0,0.0,0.0,0.0]",0,1,1,1,0.000066,2,1786442203.768058777,pool_world,"[0.8312619776307691,-0.7123158807028258,1.0949097671395471]","[0.4722351454836908,0.8814557445134132,0.002718908107882989,0.004727089273838775]","[0.05,0.05,0.05,0.2,0.2,0.2]",0.150547,1,1,"[15,16]",1,0.074809,153.571701,96.030205,0.100599,1,air,1,0.203961,air_pinhole_pose_pressure_depth_z
2026-08-11T09:56:44.021510+00:00,1229599.488406186,v4_depth_down_10cm,0,"[0.0,0.0,0.0,0.0]",1,1,1,1,0.000000,4831,241601,1,0,0,1,0,3304843504,4,56866,64,0,100,"[-0.37526020407676697,0.015302008017897606,-0.030154014006257057,0.9263024926185608]","[-0.0038564621936529875,-0.0028795315884053707,-0.000527438533026725]","[0.10748600214719772,-0.644806981086731,9.692094802856445]",-2.37158155,-0.000527438533,0.00286830356,28.109375,"[0.0,0.0,0.0,0.0]","[0.0,0.0,0.0,0.0,0.0,0.0,0.0,0.0]","[0.0,0.0,0.0,0.0,0.0,0.0,0.0,0.0]",0,1,1,1,0.049625,2,1786442203.768058777,pool_world,"[0.8312619776307691,-0.7123158807028258,1.0949097671395471]","[0.4722351454836908,0.8814557445134132,0.002718908107882989,0.004727089273838775]","[0.05,0.05,0.05,0.2,0.2,0.2]",0.000133,2,1,"[15,16]",1,0.070774,156.358139,95.92785,0.150158,1,air,1,0.203961,air_pinhole_pose_pressure_depth_z
2026-08-11T09:56:44.072011+00:00,1229599.538443665,v4_depth_down_10cm,0,"[0.0,0.0,0.0,0.0]",1,1,1,1,0.000000,4832,241651,1,0,0,1,0,3304843504,5,40815,65,0,100,"[-0.3751053214073181,0.015368013642728329,-0.030170025303959846,0.9263636469841003]","[-0.003239016979932785,-0.0016434892313554883,-0.001157310325652361]","[0.13126899302005768,-0.6593859791755676,9.690184593200684]",-2.37191057,-0.00115731033,0.00286830356,28.109375,"[0.0,0.0,0.0,0.0]","[0.0,0.0,0.0,0.0,0.0,0.0,0.0,0.0]","[0.0,0.0,0.0,0.0,0.0,0.0,0.0,0.0]",0,1,1,1,0.099662,2,1786442203.768058777,pool_world,"[0.8312619776307691,-0.7123158807028258,1.0949097671395471]","[0.4722351454836908,0.8814557445134132,0.002718908107882989,0.004727089273838775]","[0.05,0.05,0.05,0.2,0.2,0.2]",0.050170,2,1,"[15,16]",1,0.070774,156.358139,95.92785,0.000156,2,air,1,0.20433,air_pinhole_pose_pressure_depth_z
2026-08-11T09:56:44.121427+00:00,1229599.588151086,v4_depth_down_10cm,0,"[0.0,0.0,0.0,0.0]",1,1,1,1,0.000000,4833,241701,1,0,0,1,0,3304843504,5,40815,65,0,100,"[-0.3749481737613678,0.015411007218062878,-0.0301740150898695,0.9264264106750488]","[-0.0020169897470623255,-0.0003728372394107282,0.0012737413635477424]","[0.1479479968547821,-0.6544679999351501,9.70229721069336]",-2.37224603,0.00127374136,0.00293686218,28.78125,"[0.0,0.0,0.0,0.0]","[0.0,0.0,0.0,0.0,0.0,0.0,0.0,0.0]","[0.0,0.0,0.0,0.0,0.0,0.0,0.0,0.0]",0,1,1,1,0.149370,2,1786442203.768058777,pool_world,"[0.8312619776307691,-0.7123158807028258,1.0949097671395471]","[0.4722351454836908,0.8814557445134132,0.002718908107882989,0.004727089273838775]","[0.05,0.05,0.05,0.2,0.2,0.2]",0.099878,2,1,"[15,16]",1,0.070774,156.358139,95.92785,0.049864,2,air,1,0.20433,air_pinhole_pose_pressure_depth_z
2026-08-11T09:56:44.172726+00:00,1229599.639165672,v4_depth_down_10cm,0,"[0.0,0.0,0.0,0.0]",1,1,1,1,0.000000,4834,241751,1,0,0,1,0,3304843504,7,62693,66,0,101,"[-0.37479332089424133,0.015412013977766037,-0.030181026086211205,0.9264888167381287]","[-0.0013968219282105565,0.0008400444057770073,-0.0011904716957360506]","[0.13838200271129608,-0.6592350006103516,9.70225715637207]",-2.37257981,-0.0011904717,0.00291613513,28.578125,"[0.0,0.0,0.0,0.0]","[0.0,0.0,0.0,0.0,0.0,0.0,0.0,0.0]","[0.0,0.0,0.0,0.0,0.0,0.0,0.0,0.0]",0,1,1,1,0.000100,3,1786442203.808465242,pool_world,"[0.8313853080177046,-0.7124886020073193,1.0949097671395471]","[0.47230573276179016,0.8814166521071894,0.0029243796233215376,0.004840267794366706]","[0.05,0.05,0.05,0.2,0.2,0.2]",0.150892,2,1,"[15,16]",1,0.070774,156.358139,95.92785,0.100878,2,air,1,0.20433,air_pinhole_pose_pressure_depth_z
2026-08-11T09:56:44.222038+00:00,1229599.688484529,v4_depth_down_10cm,0,"[0.0,0.0,0.0,0.0]",1,1,1,1,0.000000,4835,241801,1,0,0,1,0,3304843504,8,52869,67,0,100,"[-0.3746352195739746,0.015399009920656681,-0.03019101917743683,0.9265526533126831]","[-0.003227690001949668,0.0008827003184705973,0.0012442453298717737]","[0.12405899912118912,-0.6517329812049866,9.716376304626465]",-2.37292171,0.00124424533,0.00291613513,28.578125,"[0.0,0.0,0.0,0.0]","[0.0,0.0,0.0,0.0,0.0,0.0,0.0,0.0]","[0.0,0.0,0.0,0.0,0.0,0.0,0.0,0.0]",0,1,1,1,0.049419,3,1786442203.808465242,pool_world,"[0.8313853080177046,-0.7124886020073193,1.0949097671395471]","[0.47230573276179016,0.8814166521071894,0.0029243796233215376,0.004840267794366706]","[0.05,0.05,0.05,0.2,0.2,0.2]",0.000202,3,1,"[15,16]",1,0.049148,157.710556,96.127961,0.150197,2,air,1,0.20433,air_pinhole_pose_pressure_depth_z
2026-08-11T09:56:44.271567+00:00,1229599.738407225,v4_depth_down_10cm,0,"[0.0,0.0,0.0,0.0]",1,1,1,1,0.000000,4836,241851,1,0,0,1,0,3304843504,9,51204,68,0,99,"[-0.37449216842651367,0.01537200715392828,-0.03023701347410679,0.9266093969345093]","[-0.004436591640114784,0.0021228091791272163,-8.150687790475786e-06]","[0.12157599627971649,-0.6586819887161255,9.733241081237793]",-2.37323189,-8.15068779e-06,0.00289221923,28.34375,"[0.0,0.0,0.0,0.0]","[0.0,0.0,0.0,0.0,0.0,0.0,0.0,0.0]","[0.0,0.0,0.0,0.0,0.0,0.0,0.0,0.0]",0,1,1,1,0.099342,3,1786442203.808465242,pool_world,"[0.8313853080177046,-0.7124886020073193,1.0949097671395471]","[0.47230573276179016,0.8814166521071894,0.0029243796233215376,0.004840267794366706]","[0.05,0.05,0.05,0.2,0.2,0.2]",0.050125,3,1,"[15,16]",1,0.049148,157.710556,96.127961,0.000125,3,air,1,0.197295,air_pinhole_pose_pressure_depth_z
2026-08-11T09:56:44.321652+00:00,1229599.788171806,v4_depth_down_10cm,0,"[0.0,0.0,0.0,0.0]",1,1,1,1,0.000000,4837,241901,1,0,0,1,0,3304843504,10,1534,69,0,100,"[-0.37434813380241394,0.01532900519669056,-0.03029601275920868,0.9266663789749146]","[-0.005641637835651636,0.0046414765529334545,0.0011631223605945706]","[0.10462100058794022,-0.640263020992279,9.83112621307373]",-2.37354565,0.00116312236,0.00289221923,28.34375,"[0.0,0.0,0.0,0.0]","[0.0,0.0,0.0,0.0,0.0,0.0,0.0,0.0]","[0.0,0.0,0.0,0.0,0.0,0.0,0.0,0.0]",0,1,1,1,0.149107,3,1786442203.808465242,pool_world,"[0.8313853080177046,-0.7124886020073193,1.0949097671395471]","[0.47230573276179016,0.8814166521071894,0.0029243796233215376,0.004840267794366706]","[0.05,0.05,0.05,0.2,0.2,0.2]",0.099890,3,1,"[15,16]",1,0.049148,157.710556,96.127961,0.049890,3,air,1,0.197295,air_pinhole_pose_pressure_depth_z
2026-08-11T09:56:44.372722+00:00,1229599.839205853,v4_depth_down_10cm,0,"[0.0,0.0,0.0,0.0]",1,1,1,1,0.000000,4838,241951,1,0,0,1,0,3304843504,10,1534,69,0,100,"[-0.37423428893089294,0.015248012728989124,-0.030387025326490402,0.9267107844352722]","[-0.005640956573188305,0.005072781816124916,0.00237865699455142]","[0.056175000965595245,-0.6706110239028931,9.771846771240234]",-2.37379694,0.00237865699,0.00278858421,27.328125,"[0.0,0.0,0.0,0.0]","[0.0,0.0,0.0,0.0,0.0,0.0,0.0,0.0]","[0.0,0.0,0.0,0.0,0.0,0.0,0.0,0.0]",0,1,1,1,0.000097,4,1786442203.837146044,pool_world,"[0.8315382051445959,-0.7126754038222558,1.0949097671395471]","[0.47225233793136634,0.881441550768964,0.0030934395744757013,0.005380755333749316]","[0.05,0.05,0.05,0.2,0.2,0.2]",0.150924,3,1,"[15,16]",1,0.049148,157.710556,96.127961,0.100924,3,air,1,0.197295,air_pinhole_pose_pressure_depth_z
2026-08-11T09:56:44.421854+00:00,1229599.888442760,v4_depth_down_10cm,0,"[0.0,0.0,0.0,0.0]",1,1,1,1,0.000000,4839,242001,1,0,0,1,0,3304843504,12,826,70,0,100,"[-0.37409621477127075,0.015133008360862732,-0.03047201782464981,0.9267655611038208]","[-0.0037910649552941322,0.008364996872842312,0.0004963891115039587]","[0.009448000229895115,-0.6531350016593933,9.74626350402832]",-2.37410307,0.000496389112,0.00278858421,27.328125,"[0.0,0.0,0.0,0.0]","[0.0,0.0,0.0,0.0,0.0,0.0,0.0,0.0]","[0.0,0.0,0.0,0.0,0.0,0.0,0.0,0.0]",0,1,1,1,0.049334,4,1786442203.837146044,pool_world,"[0.8315382051445959,-0.7126754038222558,1.0949097671395471]","[0.47225233793136634,0.881441550768964,0.0030934395744757013,0.005380755333749316]","[0.05,0.05,0.05,0.2,0.2,0.2]",0.000172,4,1,"[15,16]",1,0.0588,155.477768,94.638955,0.150161,3,air,1,0.197295,air_pinhole_pose_pressure_depth_z
2026-08-11T09:56:44.471936+00:00,1229599.938398117,v4_depth_down_10cm,0,"[0.0,0.0,0.0,0.0]",1,1,1,1,0.000000,4840,242051,1,0,0,1,0,3304843504,13,12257,71,0,99,"[-0.3739511966705322,0.014969008974730968,-0.0305700171738863,0.9268235564231873]","[-0.004417812451720238,0.0058966996148228645,0.0023712916299700737]","[-0.04356300085783005,-0.6382629871368408,9.915752410888672]",-2.3744278,0.00237129163,0.00289540808,28.375,"[0.0,0.0,0.0,0.0]","[0.0,0.0,0.0,0.0,0.0,0.0,0.0,0.0]","[0.0,0.0,0.0,0.0,0.0,0.0,0.0,0.0]",0,1,1,1,0.099290,4,1786442203.837146044,pool_world,"[0.8315382051445959,-0.7126754038222558,1.0949097671395471]","[0.47225233793136634,0.881441550768964,0.0030934395744757013,0.005380755333749316]","[0.05,0.05,0.05,0.2,0.2,0.2]",0.050127,4,1,"[15,16]",1,0.0588,155.477768,94.638955,0.000166,4,air,1,0.199683,air_pinhole_pose_pressure_depth_z
2026-08-11T09:56:44.521331+00:00,1229599.988093097,v4_depth_down_10cm,0,"[0.0,0.0,0.0,0.0]",1,1,1,1,0.000000,4841,242101,1,0,0,1,0,3304843504,13,12257,71,0,99,"[-0.37382739782333374,0.01488401647657156,-0.030687034130096436,0.9268710017204285]","[-0.005634167231619358,0.005889142397791147,0.0011410090373829007]","[-0.024452000856399536,-0.675383985042572,9.854147911071777]",-2.37470078,0.00114100904,0.00289540808,28.375,"[0.0,0.0,0.0,0.0]","[0.0,0.0,0.0,0.0,0.0,0.0,0.0,0.0]","[0.0,0.0,0.0,0.0,0.0,0.0,0.0,0.0]",0,1,1,1,0.148985,4,1786442203.837146044,pool_world,"[0.8315382051445959,-0.7126754038222558,1.0949097671395471]","[0.47225233793136634,0.881441550768964,0.0030934395744757013,0.005380755333749316]","[0.05,0.05,0.05,0.2,0.2,0.2]",0.099822,4,1,"[15,16]",1,0.0588,155.477768,94.638955,0.049861,4,air,1,0.199683,air_pinhole_pose_pressure_depth_z
2026-08-11T09:56:44.572629+00:00,1229600.039099641,v4_depth_down_10cm,0,"[0.0,0.0,0.0,0.0]",1,1,1,1,0.000000,4842,242151,1,0,0,1,0,3304843504,13,12257,71,0,99,"[-0.37369322776794434,0.014811009168624878,-0.030798017978668213,0.926922619342804]","[-0.0037910649552941322,0.008364996872842312,0.0004963891115039587]","[0.009266000241041183,-0.6941729784011841,9.737269401550293]",-2.37499523,0.000496389112,0.00289540808,28.375,"[0.0,0.0,0.0,0.0]","[0.0,0.0,0.0,0.0,0.0,0.0,0.0,0.0]","[0.0,0.0,0.0,0.0,0.0,0.0,0.0,0.0]",0,1,1,1,0.000111,5,1786442203.904158115,pool_world,"[0.8312242650360456,-0.7124843880073388,1.0949097671395471]","[0.4722823699324993,0.8814286016057152,0.003023518417696433,0.004882792102197929]","[0.05,0.05,0.05,0.2,0.2,0.2]",0.150829,4,1,"[15,16]",1,0.0588,155.477768,94.638955,0.100867,4,air,1,0.199683,air_pinhole_pose_pressure_depth_z
2026-08-11T09:56:44.621430+00:00,1229600.088336613,v4_depth_down_10cm,0,"[0.0,0.0,0.0,0.0]",1,1,1,1,0.000000,4843,242201,1,0,0,1,0,3304843504,13,12257,71,0,99,"[-0.37352827191352844,0.01465701125562191,-0.03085102140903473,0.9269897937774658]","[-0.001987231895327568,0.003963188733905554,-0.0012494464172050357]","[-0.04108000174164772,-0.6657590270042419,9.849018096923828]",-2.3753624,-0.00124944642,0.00289540808,28.375,"[0.0,0.0,0.0,0.0]","[0.0,0.0,0.0,0.0,0.0,0.0,0.0,0.0]","[0.0,0.0,0.0,0.0,0.0,0.0,0.0,0.0]",0,1,1,1,0.049348,5,1786442203.904158115,pool_world,"[0.8312242650360456,-0.7124843880073388,1.0949097671395471]","[0.4722823699324993,0.8814286016057152,0.003023518417696433,0.004882792102197929]","[0.05,0.05,0.05,0.2,0.2,0.2]",0.000140,5,1,"[15,16]",1,0.061477,153.868637,95.75981,0.150104,4,air,1,0.199683,air_pinhole_pose_pressure_depth_z
2026-08-11T09:56:44.671964+00:00,1229600.138411488,v4_depth_down_10cm,0,"[0.0,0.0,0.0,0.0]",1,1,1,1,0.000000,4844,242251,1,0,0,1,0,3304843504,17,60040,72,0,99,"[-0.3733682632446289,0.014566010795533657,-0.03088202141225338,0.9270546436309814]","[-0.004432298708707094,0.0025232923217117786,-0.00123841583263129]","[-0.037849001586437225,-0.6430310010910034,9.867912292480469]",-2.37571406,-0.00123841583,0.0029448343,28.859375,"[0.0,0.0,0.0,0.0]","[0.0,0.0,0.0,0.0,0.0,0.0,0.0,0.0]","[0.0,0.0,0.0,0.0,0.0,0.0,0.0,0.0]",0,1,1,1,0.099423,5,1786442203.904158115,pool_world,"[0.8312242650360456,-0.7124843880073388,1.0949097671395471]","[0.4722823699324993,0.8814286016057152,0.003023518417696433,0.004882792102197929]","[0.05,0.05,0.05,0.2,0.2,0.2]",0.050215,5,1,"[15,16]",1,0.061477,153.868637,95.75981,0.000154,5,air,1,0.205692,air_pinhole_pose_pressure_depth_z
2026-08-11T09:56:44.721762+00:00,1229600.188180099,v4_depth_down_10cm,0,"[0.0,0.0,0.0,0.0]",1,1,1,1,0.000000,4845,242301,1,0,0,1,0,3304843504,17,60040,72,0,99,"[-0.37322208285331726,0.014570005238056183,-0.030914010480046272,0.9271124005317688]","[-0.0038349770475178957,0.000871198542881757,1.7645279513089918e-05]","[0.07152999937534332,-0.6487929821014404,9.734919548034668]",-2.37602854,1.76452795e-05,0.00287149241,28.140625,"[0.0,0.0,0.0,0.0]","[0.0,0.0,0.0,0.0,0.0,0.0,0.0,0.0]","[0.0,0.0,0.0,0.0,0.0,0.0,0.0,0.0]",0,1,1,1,0.149191,5,1786442203.904158115,pool_world,"[0.8312242650360456,-0.7124843880073388,1.0949097671395471]","[0.4722823699324993,0.8814286016057152,0.003023518417696433,0.004882792102197929]","[0.05,0.05,0.05,0.2,0.2,0.2]",0.099984,5,1,"[15,16]",1,0.061477,153.868637,95.75981,0.049922,5,air,1,0.205692,air_pinhole_pose_pressure_depth_z
2026-08-11T09:56:44.772719+00:00,1229600.239194699,v4_depth_down_10cm,0,"[0.0,0.0,0.0,0.0]",1,1,1,1,0.000000,4846,242351,1,0,0,1,0,3304843504,19,57255,73,0,101,"[-0.3730641305446625,0.014579004608094692,-0.030930008739233017,0.9271752834320068]","[0.0010377030121162534,0.0008397302590310574,4.7193705540848896e-05]","[0.07628799974918365,-0.6955069899559021,9.670892715454102]",-2.37636828,4.71937055e-05,0.00287149241,28.140625,"[0.0,0.0,0.0,0.0]","[0.0,0.0,0.0,0.0,0.0,0.0,0.0,0.0]","[0.0,0.0,0.0,0.0,0.0,0.0,0.0,0.0]",0,1,1,1,0.000100,6,1786442204.104490757,pool_world,"[0.8312714612020746,-0.7125739058926295,1.0949097671395471]","[0.47242717272302265,0.8813523149696176,0.00259414440978169,0.004892216819450107]","[0.05,0.05,0.05,0.2,0.2,0.2]",0.150998,5,1,"[15,16]",1,0.061477,153.868637,95.75981,0.100937,5,air,1,0.205692,air_pinhole_pose_pressure_depth_z
2026-08-11T09:56:44.821853+00:00,1229600.288440564,v4_depth_down_10cm,0,"[0.0,0.0,0.0,0.0]",1,1,1,1,0.000000,4847,242401,1,0,0,1,0,3304843504,19,57255,73,0,101,"[-0.3729133903980255,0.014537015929818153,-0.030888035893440247,0.9272379875183105]","[-0.0007932696607895195,0.00022769566567149013,4.717625051853247e-05]","[0.05463000014424324,-0.6675189733505249,9.763786315917969]",-2.37669635,4.71762505e-05,0.00288265292,28.25,"[0.0,0.0,0.0,0.0]","[0.0,0.0,0.0,0.0,0.0,0.0,0.0,0.0]","[0.0,0.0,0.0,0.0,0.0,0.0,0.0,0.0]",0,1,1,1,0.049346,6,1786442204.104490757,pool_world,"[0.8312714612020746,-0.7125739058926295,1.0949097671395471]","[0.47242717272302265,0.8813523149696176,0.00259414440978169,0.004892216819450107]","[0.05,0.05,0.05,0.2,0.2,0.2]",0.000193,6,1,"[15,16]",1,0.053567,158.273468,94.964871,0.150183,5,air,1,0.205692,air_pinhole_pose_pressure_depth_z
2026-08-11T09:56:44.871906+00:00,1229600.338500597,v4_depth_down_10cm,0,"[0.0,0.0,0.0,0.0]",1,1,1,1,0.000000,4848,242451,1,0,0,1,0,3304843504,19,57255,73,0,101,"[-0.3727772831916809,0.014528011903166771,-0.0308610238134861,0.9272937178611755]","[-0.004476647358387709,-0.00409243069589138,0.001936774468049407]","[0.0003969999961555004,-0.5838479995727539,9.711554527282715]",-2.37699032,0.00193677447,0.00288265292,28.25,"[0.0,0.0,0.0,0.0]","[0.0,0.0,0.0,0.0,0.0,0.0,0.0,0.0]","[0.0,0.0,0.0,0.0,0.0,0.0,0.0,0.0]",0,1,1,1,0.099406,6,1786442204.104490757,pool_world,"[0.8312714612020746,-0.7125739058926295,1.0949097671395471]","[0.47242717272302265,0.8813523149696176,0.00259414440978169,0.004892216819450107]","[0.05,0.05,0.05,0.2,0.2,0.2]",0.050253,6,1,"[15,16]",1,0.053567,158.273468,94.964871,0.000192,6,air,1,0.223059,air_pinhole_pose_pressure_depth_z
2026-08-11T09:56:44.920805+00:00,1229600.388074967,v4_depth_down_10cm,0,"[0.0,0.0,0.0,0.0]",1,1,1,1,0.000000,4849,242501,1,0,0,1,0,3304843504,22,18942,74,0,99,"[-0.3727172613143921,0.014505011029541492,-0.030817022547125816,0.9273196458816528]","[0.006519712507724762,0.0021137159783393145,0.0049499282613396645]","[0.09328900277614594,-0.6722999811172485,9.620370864868164]",-2.37712145,0.00494992826,0.0028730866,28.15625,"[0.0,0.0,0.0,0.0]","[0.0,0.0,0.0,0.0,0.0,0.0,0.0,0.0]","[0.0,0.0,0.0,0.0,0.0,0.0,0.0,0.0]",0,1,1,1,0.148981,6,1786442204.104490757,pool_world,"[0.8312714612020746,-0.7125739058926295,1.0949097671395471]","[0.47242717272302265,0.8813523149696176,0.00259414440978169,0.004892216819450107]","[0.05,0.05,0.05,0.2,0.2,0.2]",0.099828,6,1,"[15,16]",1,0.053567,158.273468,94.964871,0.049766,6,air,1,0.223059,air_pinhole_pose_pressure_depth_z
2026-08-11T09:56:44.971889+00:00,1229600.438857739,v4_depth_down_10cm,0,"[0.0,0.0,0.0,0.0]",1,1,1,1,0.000000,4850,242551,1,0,0,1,0,3304843504,23,28468,75,0,100,"[-0.3726663887500763,0.014367015101015568,-0.030646031722426414,0.9273479580879211]","[0.007747167255729437,0.003338099457323551,0.003712297650054097]","[0.11696700006723404,-0.6544359922409058,9.694745063781738]",-2.37724209,0.00371229765,0.0028730866,28.15625,"[0.0,0.0,0.0,0.0]","[0.0,0.0,0.0,0.0,0.0,0.0,0.0,0.0]","[0.0,0.0,0.0,0.0,0.0,0.0,0.0,0.0]",0,1,1,1,0.000072,7,1786442204.308867455,pool_world,"[0.8316106921214408,-0.712703861657582,1.0949097671395471]","[0.4727602885557548,0.8811783541602534,0.0017856049148420327,0.00438512704431755]","[0.05,0.05,0.05,0.2,0.2,0.2]",0.150610,6,1,"[15,16]",1,0.053567,158.273468,94.964871,0.100549,6,air,1,0.223059,air_pinhole_pose_pressure_depth_z
2026-08-11T09:56:45.021467+00:00,1229600.488363494,v4_depth_down_10cm,0,"[0.0,0.0,0.0,0.0]",1,1,1,1,0.000000,4851,242601,1,0,0,1,0,3304843504,24,23158,76,0,101,"[-0.3726142346858978,0.014171008951961994,-0.030443020164966583,0.9273785948753357]","[0.006521528121083975,0.002098287222906947,0.003727028612047434]","[0.12641799449920654,-0.6467130184173584,9.730722427368164]",-2.37736988,0.00372702861,0.0028619261,28.046875,"[0.0,0.0,0.0,0.0]","[0.0,0.0,0.0,0.0,0.0,0.0,0.0,0.0]","[0.0,0.0,0.0,0.0,0.0,0.0,0.0,0.0]",0,1,1,1,0.049577,7,1786442204.308867455,pool_world,"[0.8316106921214408,-0.712703861657582,1.0949097671395471]","[0.4727602885557548,0.8811783541602534,0.0017856049148420327,0.00438512704431755]","[0.05,0.05,0.05,0.2,0.2,0.2]",0.000138,7,1,"[15,16]",1,0.039876,156.464844,93.884276,0.150055,6,air,1,0.223059,air_pinhole_pose_pressure_depth_z
2026-08-11T09:56:45.071975+00:00,1229600.538435312,v4_depth_down_10cm,0,"[0.0,0.0,0.0,0.0]",1,1,1,1,0.000000,4852,242651,1,0,0,1,0,3304843504,25,25231,77,0,100,"[-0.37256237864494324,0.014083013869822025,-0.03025203011929989,0.9274070262908936]","[0.007719224784523249,-0.0010133382165804505,0.005012620706111193]","[0.1217539981007576,-0.6594520211219788,9.682879447937012]",-2.37748861,0.00501262071,0.0028619261,28.046875,"[0.0,0.0,0.0,0.0]","[0.0,0.0,0.0,0.0,0.0,0.0,0.0,0.0]","[0.0,0.0,0.0,0.0,0.0,0.0,0.0,0.0]",0,1,1,1,0.099649,7,1786442204.308867455,pool_world,"[0.8316106921214408,-0.712703861657582,1.0949097671395471]","[0.4727602885557548,0.8811783541602534,0.0017856049148420327,0.00438512704431755]","[0.05,0.05,0.05,0.2,0.2,0.2]",0.050209,7,1,"[15,16]",1,0.039876,156.464844,93.884276,0.000153,7,air,1,0.227164,air_pinhole_pose_pressure_depth_z
2026-08-11T09:56:45.120983+00:00,1229600.588088213,v4_depth_down_10cm,0,"[0.0,0.0,0.0,0.0]",1,1,1,1,0.000000,4853,242701,1,0,0,1,0,3304843504,25,25231,77,0,100,"[-0.3724902272224426,0.014010010287165642,-0.03008301928639412,0.9274426102638245]","[0.006515855435281992,0.0008351749274879694,0.0025262420531362295]","[0.12168200314044952,-0.6517589688301086,9.713949203491211]",-2.37764978,0.00252624205,0.00289221923,28.34375,"[0.0,0.0,0.0,0.0]","[0.0,0.0,0.0,0.0,0.0,0.0,0.0,0.0]","[0.0,0.0,0.0,0.0,0.0,0.0,0.0,0.0]",0,1,1,1,0.149302,7,1786442204.308867455,pool_world,"[0.8316106921214408,-0.712703861657582,1.0949097671395471]","[0.4727602885557548,0.8811783541602534,0.0017856049148420327,0.00438512704431755]","[0.05,0.05,0.05,0.2,0.2,0.2]",0.099862,7,1,"[15,16]",1,0.039876,156.464844,93.884276,0.049805,7,air,1,0.227164,air_pinhole_pose_pressure_depth_z
2026-08-11T09:56:45.174184+00:00,1229600.639700673,v4_depth_down_10cm,0,"[0.0,0.0,0.0,0.0]",1,1,1,1,0.000000,4854,242751,1,0,0,1,0,3304843504,27,21961,78,0,102,"[-0.37239110469818115,0.013958004303276539,-0.029895009472966194,0.9274892807006836]","[0.00468486500903964,0.00022314033412840217,0.002526224358007312]","[0.10246899724006653,-0.6437209844589233,9.761587142944336]",-2.3778677,0.00252622436,0.00289221923,28.34375,"[0.0,0.0,0.0,0.0]","[0.0,0.0,0.0,0.0,0.0,0.0,0.0,0.0]","[0.0,0.0,0.0,0.0,0.0,0.0,0.0,0.0]",0,1,1,1,0.000153,8,1786442204.503357649,pool_world,"[0.8317235486583274,-0.7128120211434166,1.0949097671395471]","[0.4727763610713244,0.88117205747384,0.002139841492063624,0.0037065641590795185]","[0.05,0.05,0.05,0.2,0.2,0.2]",0.151475,7,1,"[15,16]",1,0.039876,156.464844,93.884276,0.101418,7,air,1,0.227164,air_pinhole_pose_pressure_depth_z
2026-08-11T09:56:45.221452+00:00,1229600.688365573,v4_depth_down_10cm,0,"[0.0,0.0,0.0,0.0]",1,1,1,1,0.000000,4855,242801,1,0,0,1,0,3304843504,27,21961,78,0,102,"[-0.3723071217536926,0.013941004872322083,-0.029706010594964027,0.9275293350219727]","[0.0016132951714098454,-0.004124056082218885,0.0025851642712950706]","[0.046806998550891876,-0.6237450242042542,9.791837692260742]",-2.37805057,0.00258516427,0.00282366062,27.671875,"[0.0,0.0,0.0,0.0]","[0.0,0.0,0.0,0.0,0.0,0.0,0.0,0.0]","[0.0,0.0,0.0,0.0,0.0,0.0,0.0,0.0]",0,1,1,1,0.048818,8,1786442204.503357649,pool_world,"[0.8317235486583274,-0.7128120211434166,1.0949097671395471]","[0.4727763610713244,0.88117205747384,0.002139841492063624,0.0037065641590795185]","[0.05,0.05,0.05,0.2,0.2,0.2]",0.000148,8,1,"[15,16]",1,0.057793,155.225174,94.14512,0.150083,7,air,1,0.227164,air_pinhole_pose_pressure_depth_z
2026-08-11T09:56:45.271864+00:00,1229600.738448798,v4_depth_down_10cm,0,"[0.0,0.0,0.0,0.0]",1,1,1,1,0.000000,4856,242851,1,0,0,1,0,3304843504,29,13210,79,0,98,"[-0.3722281754016876,0.014046006835997105,-0.02957901544868946,0.9275634288787842]","[-0.000823027512524277,-0.004108330700546503,0.002570381620898843]","[0.004461999982595444,-0.6349549889564514,9.832297325134277]",-2.37821317,0.00257038162,0.00282366062,27.671875,"[0.0,0.0,0.0,0.0]","[0.0,0.0,0.0,0.0,0.0,0.0,0.0,0.0]","[0.0,0.0,0.0,0.0,0.0,0.0,0.0,0.0]",0,1,1,1,0.098901,8,1786442204.503357649,pool_world,"[0.8317235486583274,-0.7128120211434166,1.0949097671395471]","[0.4727763610713244,0.88117205747384,0.002139841492063624,0.0037065641590795185]","[0.05,0.05,0.05,0.2,0.2,0.2]",0.050232,8,1,"[15,16]",1,0.057793,155.225174,94.14512,0.000142,8,air,1,0.217686,air_pinhole_pose_pressure_depth_z
2026-08-11T09:56:45.321647+00:00,1229600.788096350,v4_depth_down_10cm,0,"[0.0,0.0,0.0,0.0]",1,1,1,1,0.000000,4857,242901,1,0,0,1,0,3304843504,30,34772,80,0,100,"[-0.3721301257610321,0.014160004444420338,-0.02947901003062725,0.9276043176651001]","[-0.0008192925015464425,-0.003484480082988739,0.002559333574026823]","[0.014120999723672867,-0.6305909752845764,9.80595588684082]",-2.37841654,0.00255933357,0.00273437495,26.796875,"[0.0,0.0,0.0,0.0]","[0.0,0.0,0.0,0.0,0.0,0.0,0.0,0.0]","[0.0,0.0,0.0,0.0,0.0,0.0,0.0,0.0]",0,1,1,1,0.148548,8,1786442204.503357649,pool_world,"[0.8317235486583274,-0.7128120211434166,1.0949097671395471]","[0.4727763610713244,0.88117205747384,0.002139841492063624,0.0037065641590795185]","[0.05,0.05,0.05,0.2,0.2,0.2]",0.099879,8,1,"[15,16]",1,0.057793,155.225174,94.14512,0.049790,8,air,1,0.217686,air_pinhole_pose_pressure_depth_z
2026-08-11T09:56:45.372740+00:00,1229600.839202279,v4_depth_down_10cm,0,"[0.0,0.0,0.0,0.0]",1,1,1,1,0.000000,4858,242951,1,0,0,1,0,3304843504,31,50841,81,0,101,"[-0.3720293343067169,0.01427101343870163,-0.02939002588391304,0.9276458024978638]","[-0.00448874244466424,-0.0059562502428889275,0.0025814117398113012]","[-0.01217000000178814,-0.6080889701843262,9.85329818725586]",-2.37862563,0.00258141174,0.00269610947,26.421875,"[0.0,0.0,0.0,0.0]","[0.0,0.0,0.0,0.0,0.0,0.0,0.0,0.0]","[0.0,0.0,0.0,0.0,0.0,0.0,0.0,0.0]",0,1,1,1,0.000100,9,1786442204.738373995,pool_world,"[0.8315098173209567,-0.7128750967154647,1.0949097671395471]","[0.47302553523131596,0.881040411997808,0.0022676367784361592,0.0030811149444487625]","[0.05,0.05,0.05,0.2,0.2,0.2]",0.150985,8,1,"[15,16]",1,0.057793,155.225174,94.14512,0.100895,8,air,1,0.217686,air_pinhole_pose_pressure_depth_z
2026-08-11T09:56:45.421889+00:00,1229600.888457930,v4_depth_down_10cm,0,"[0.0,0.0,0.0,0.0]",1,1,1,1,0.000000,4859,243001,1,0,0,1,0,3304843504,31,50841,81,0,101,"[-0.3719472885131836,0.014462011866271496,-0.029358023777604103,0.927676796913147]","[-0.006932553369551897,-0.007188190706074238,0.0025887421797960997]","[-0.04088899865746498,-0.6050750017166138,9.884108543395996]",-2.37878847,0.00258874218,0.00269610947,26.421875,"[0.0,0.0,0.0,0.0]","[0.0,0.0,0.0,0.0,0.0,0.0,0.0,0.0]","[0.0,0.0,0.0,0.0,0.0,0.0,0.0,0.0]",0,1,1,1,0.049355,9,1786442204.738373995,pool_world,"[0.8315098173209567,-0.7128750967154647,1.0949097671395471]","[0.47302553523131596,0.881040411997808,0.0022676367784361592,0.0030811149444487625]","[0.05,0.05,0.05,0.2,0.2,0.2]",0.000170,9,1,"[15,16]",1,0.047559,157.878006,94.995815,0.150151,8,air,1,0.217686,air_pinhole_pose_pressure_depth_z
2026-08-11T09:56:45.471164+00:00,1229600.938286878,v4_depth_down_10cm,0,"[0.0,0.0,0.0,0.0]",1,1,1,1,0.000000,4860,243051,1,0,0,1,0,3304843504,31,50841,81,0,101,"[-0.3718792796134949,0.014741010032594204,-0.02938801795244217,0.9276986718177795]","[-0.008147005923092365,-0.006556486710906029,0.002570311538875103]","[-0.014487000182271004,-0.6231330037117004,9.812714576721191]",-2.37891388,0.00257031154,0.00268255733,26.2890625,"[0.0,0.0,0.0,0.0]","[0.0,0.0,0.0,0.0,0.0,0.0,0.0,0.0]","[0.0,0.0,0.0,0.0,0.0,0.0,0.0,0.0]",0,1,1,1,0.099184,9,1786442204.738373995,pool_world,"[0.8315098173209567,-0.7128750967154647,1.0949097671395471]","[0.47302553523131596,0.881040411997808,0.0022676367784361592,0.0030811149444487625]","[0.05,0.05,0.05,0.2,0.2,0.2]",0.049999,9,1,"[15,16]",1,0.047559,157.878006,94.995815,0.000091,9,air,1,0.212303,air_pinhole_pose_pressure_depth_z
2026-08-11T09:56:45.521715+00:00,1229600.988178219,v4_depth_down_10cm,0,"[0.0,0.0,0.0,0.0]",1,1,1,1,0.000000,4861,243101,1,0,0,1,0,3304843504,31,50841,81,0,101,"[-0.37178704142570496,0.014979001134634018,-0.029444001615047455,0.9277300834655762]","[-0.008542426861822605,-0.004458967130631208,0.0037538891192525625]","[0.021428000181913376,-0.6370189785957336,9.754960060119629]",-2.37909436,0.00375388912,0.00268255733,26.2890625,"[0.0,0.0,0.0,0.0]","[0.0,0.0,0.0,0.0,0.0,0.0,0.0,0.0]","[0.0,0.0,0.0,0.0,0.0,0.0,0.0,0.0]",0,1,1,1,0.149076,9,1786442204.738373995,pool_world,"[0.8315098173209567,-0.7128750967154647,1.0949097671395471]","[0.47302553523131596,0.881040411997808,0.0022676367784361592,0.0030811149444487625]","[0.05,0.05,0.05,0.2,0.2,0.2]",0.099890,9,1,"[15,16]",1,0.047559,157.878006,94.995815,0.049982,9,air,1,0.212303,air_pinhole_pose_pressure_depth_z
2026-08-11T09:56:45.572705+00:00,1229601.039176425,v4_depth_down_10cm,0,"[0.0,0.0,0.0,0.0]",1,1,1,1,0.000000,4862,243151,1,0,0,1,0,3304843504,35,33932,82,0,102,"[-0.3716941475868225,0.0151880057528615,-0.02955501340329647,0.9277603626251221]","[-0.011812720447778702,-0.008404405787587166,0.0025813246611505747]","[0.038100000470876694,-0.6115679740905762,9.798755645751953]",-2.37927818,0.00258132466,0.00271045929,26.5625,"[0.0,0.0,0.0,0.0]","[0.0,0.0,0.0,0.0,0.0,0.0,0.0,0.0]","[0.0,0.0,0.0,0.0,0.0,0.0,0.0,0.0]",0,1,1,1,0.000101,10,1786442204.770720482,pool_world,"[0.8314525696879335,-0.7129452432725507,1.0949097671395471]","[0.4731487985128008,0.8809737786325906,0.002438180883908136,0.003077515505368303]","[0.05,0.05,0.05,0.2,0.2,0.2]",0.150888,9,1,"[15,16]",1,0.047559,157.878006,94.995815,0.100980,9,air,1,0.212303,air_pinhole_pose_pressure_depth_z
2026-08-11T09:56:45.621891+00:00,1229601.088509335,v4_depth_down_10cm,0,"[0.0,0.0,0.0,0.0]",1,1,1,1,0.000000,4863,243201,1,0,0,1,0,3304843504,35,33932,82,0,102,"[-0.37163031101226807,0.015474013052880764,-0.029695024713873863,0.9277767539024353]","[-0.01426297053694725,-0.01023707166314125,0.004434079397469759]","[0.09784699976444244,-0.6517220139503479,9.708877563476562]",-2.3793931,0.0044340794,0.00271045929,26.5625,"[0.0,0.0,0.0,0.0]","[0.0,0.0,0.0,0.0,0.0,0.0,0.0,0.0]","[0.0,0.0,0.0,0.0,0.0,0.0,0.0,0.0]",0,1,1,1,0.049434,10,1786442204.770720482,pool_world,"[0.8314525696879335,-0.7129452432725507,1.0949097671395471]","[0.4731487985128008,0.8809737786325906,0.002438180883908136,0.003077515505368303]","[0.05,0.05,0.05,0.2,0.2,0.2]",0.000193,10,1,"[15,16]",1,0.06944,158.674698,97.496466,0.150313,9,air,1,0.212303,air_pinhole_pose_pressure_depth_z
2026-08-11T09:56:45.672167+00:00,1229601.138583244,v4_depth_down_10cm,0,"[0.0,0.0,0.0,0.0]",1,1,1,1,0.000000,4864,243251,1,0,0,1,0,3304843504,37,31077,83,0,99,"[-0.3715552091598511,0.01572401076555252,-0.02988101914525032,0.9277966618537903]","[-0.009944379329681396,-0.0015539538580924273,0.0024707578122615814]","[0.11018899828195572,-0.6584950089454651,9.584380149841309]",-2.37953448,0.00247075781,0.00265066954,25.9765625,"[0.0,0.0,0.0,0.0]","[0.0,0.0,0.0,0.0,0.0,0.0,0.0,0.0]","[0.0,0.0,0.0,0.0,0.0,0.0,0.0,0.0]",0,1,1,1,0.099508,10,1786442204.770720482,pool_world,"[0.8314525696879335,-0.7129452432725507,1.0949097671395471]","[0.4731487985128008,0.8809737786325906,0.002438180883908136,0.003077515505368303]","[0.05,0.05,0.05,0.2,0.2,0.2]",0.050267,10,1,"[15,16]",1,0.06944,158.674698,97.496466,0.000179,10,air,1,0.201875,air_pinhole_pose_pressure_depth_z
2026-08-11T09:56:45.721726+00:00,1229601.188171067,v4_depth_down_10cm,0,"[0.0,0.0,0.0,0.0]",1,1,1,1,0.000000,4865,243301,1,0,0,1,0,3304843504,38,46239,84,0,100,"[-0.37145134806632996,0.015773015096783638,-0.030053026974201202,0.9278318881988525]","[-0.00808918196707964,0.00278568547219038,0.0011815180769190192]","[0.08353299647569656,-0.6196529865264893,9.756217956542969]",-2.37975359,0.00118151808,0.00265066954,25.9765625,"[0.0,0.0,0.0,0.0]","[0.0,0.0,0.0,0.0,0.0,0.0,0.0,0.0]","[0.0,0.0,0.0,0.0,0.0,0.0,0.0,0.0]",0,1,1,1,0.149095,10,1786442204.770720482,pool_world,"[0.8314525696879335,-0.7129452432725507,1.0949097671395471]","[0.4731487985128008,0.8809737786325906,0.002438180883908136,0.003077515505368303]","[0.05,0.05,0.05,0.2,0.2,0.2]",0.099855,10,1,"[15,16]",1,0.06944,158.674698,97.496466,0.049766,10,air,1,0.201875,air_pinhole_pose_pressure_depth_z
2026-08-11T09:56:45.772698+00:00,1229601.239155469,v4_depth_down_10cm,0,"[0.0,0.0,0.0,0.0]",1,1,1,1,0.000000,4866,243351,1,0,0,1,0,3304843504,39,23899,85,0,101,"[-0.3713683485984802,0.01581001654267311,-0.030253028497099876,0.9278579950332642]","[-0.012991620227694511,-0.0015188727993518114,0.0036751923616975546]","[0.09050100296735764,-0.6287209987640381,9.794812202453613]",-2.37992811,0.00367519236,0.00281170267,27.5546875,"[0.0,0.0,0.0,0.0]","[0.0,0.0,0.0,0.0,0.0,0.0,0.0,0.0]","[0.0,0.0,0.0,0.0,0.0,0.0,0.0,0.0]",0,1,1,1,0.000103,11,1786442204.803679705,pool_world,"[0.83167315553646,-0.7131423902387117,1.0949097671395471]","[0.4731811058367577,0.8809561331152019,0.0023107188726707406,0.0032547172081890162]","[0.05,0.05,0.05,0.2,0.2,0.2]",0.150839,10,1,"[15,16]",1,0.06944,158.674698,97.496466,0.100751,10,air,1,0.201875,air_pinhole_pose_pressure_depth_z
2026-08-11T09:56:45.821436+00:00,1229601.288320504,v4_depth_down_10cm,0,"[0.0,0.0,0.0,0.0]",1,1,1,1,0.000000,4867,243401,1,0,0,1,0,3304843504,40,47396,86,0,100,"[-0.37134429812431335,0.01599201373755932,-0.030519021674990654,0.9278557300567627]","[-0.015438449569046497,-0.0027251222636550665,0.005720718298107386]","[0.18230800330638885,-0.6996579766273499,9.589812278747559]",-2.37996411,0.0057207183,0.00281170267,27.5546875,"[0.0,0.0,0.0,0.0]","[0.0,0.0,0.0,0.0,0.0,0.0,0.0,0.0]","[0.0,0.0,0.0,0.0,0.0,0.0,0.0,0.0]",0,1,1,1,0.049268,11,1786442204.803679705,pool_world,"[0.83167315553646,-0.7131423902387117,1.0949097671395471]","[0.4731811058367577,0.8809561331152019,0.0023107188726707406,0.0032547172081890162]","[0.05,0.05,0.05,0.2,0.2,0.2]",0.000134,11,1,"[15,16]",1,0.061286,156.10054,96.822849,0.149916,10,air,1,0.201875,air_pinhole_pose_pressure_depth_z
2026-08-11T09:56:45.872648+00:00,1229601.338526737,v4_depth_down_10cm,0,"[0.0,0.0,0.0,0.0]",1,1,1,1,0.000000,4868,243451,1,0,0,1,0,3304843504,40,47396,86,0,100,"[-0.3712821304798126,0.016078006476163864,-0.030787013471126556,0.9278703331947327]","[-0.011737932451069355,0.0047270674258470535,0.004794908221811056]","[0.17431199550628662,-0.6895840167999268,9.61676025390625]",-2.38008976,0.00479490822,0.00283561856,27.7890625,"[0.0,0.0,0.0,0.0]","[0.0,0.0,0.0,0.0,0.0,0.0,0.0,0.0]","[0.0,0.0,0.0,0.0,0.0,0.0,0.0,0.0]",0,1,1,1,0.099474,11,1786442204.803679705,pool_world,"[0.83167315553646,-0.7131423902387117,1.0949097671395471]","[0.4731811058367577,0.8809561331152019,0.0023107188726707406,0.0032547172081890162]","[0.05,0.05,0.05,0.2,0.2,0.2]",0.050340,11,1,"[15,16]",1,0.061286,156.10054,96.822849,0.000188,11,air,1,0.190258,air_pinhole_pose_pressure_depth_z
2026-08-11T09:56:45.920698+00:00,1229601.388081108,v4_depth_down_10cm,0,"[0.0,0.0,0.0,0.0]",1,1,1,1,0.000000,4869,243501,1,0,0,1,0,3304843504,42,13851,87,0,99,"[-0.3711971938610077,0.01598501019179821,-0.03100701980292797,0.9278985261917114]","[-0.008077872917056084,0.005311892367899418,0.003583091078326106]","[0.11888100206851959,-0.6597920060157776,9.817185401916504]",-2.38027883,0.00358309108,0.00294164545,28.828125,"[0.0,0.0,0.0,0.0]","[0.0,0.0,0.0,0.0,0.0,0.0,0.0,0.0]","[0.0,0.0,0.0,0.0,0.0,0.0,0.0,0.0]",0,1,1,1,0.149028,11,1786442204.803679705,pool_world,"[0.83167315553646,-0.7131423902387117,1.0949097671395471]","[0.4731811058367577,0.8809561331152019,0.0023107188726707406,0.0032547172081890162]","[0.05,0.05,0.05,0.2,0.2,0.2]",0.099895,11,1,"[15,16]",1,0.061286,156.10054,96.822849,0.049742,11,air,1,0.190258,air_pinhole_pose_pressure_depth_z
2026-08-11T09:56:45.971257+00:00,1229601.438522503,v4_depth_down_10cm,0,"[0.0,0.0,0.0,0.0]",1,1,1,1,0.000000,4870,243551,1,0,0,1,0,3304843504,43,26730,88,0,98,"[-0.37113234400749207,0.015966014936566353,-0.031213030219078064,0.9279178977012634]","[-0.010536622256040573,0.0015845844754949212,0.0036346830893307924]","[0.11904600262641907,-0.6728090047836304,9.752610206604004]",-2.38041878,0.00363468309,0.00294164545,28.828125,"[0.0,0.0,0.0,0.0]","[0.0,0.0,0.0,0.0,0.0,0.0,0.0,0.0]","[0.0,0.0,0.0,0.0,0.0,0.0,0.0,0.0]",0,1,1,1,0.000047,12,1786442204.841900110,pool_world,"[0.8317532866564188,-0.7131739317219632,1.0949097671395471]","[0.47322519347254305,0.8809321983985227,0.00214181571058635,0.003433760778216422]","[0.05,0.05,0.05,0.2,0.2,0.2]",0.150336,11,1,"[15,16]",1,0.061286,156.10054,96.822849,0.100184,11,air,1,0.190258,air_pinhole_pose_pressure_depth_z
2026-08-11T09:56:46.020830+00:00,1229601.488244796,v4_depth_down_10cm,0,"[0.0,0.0,0.0,0.0]",1,1,1,1,0.000000,4871,243601,1,0,0,1,0,3304843504,44,19272,89,0,100,"[-0.3710450828075409,0.016006004065275192,-0.031446006149053574,0.9279442429542542]","[-0.011117764748632908,0.005939966533333063,0.002330660354346037]","[0.1359969973564148,-0.7035109996795654,9.638113021850586]",-2.38060236,0.00233066035,0.00288026151,28.2265625,"[0.0,0.0,0.0,0.0]","[0.0,0.0,0.0,0.0,0.0,0.0,0.0,0.0]","[0.0,0.0,0.0,0.0,0.0,0.0,0.0,0.0]",0,1,1,1,0.049769,12,1786442204.841900110,pool_world,"[0.8317532866564188,-0.7131739317219632,1.0949097671395471]","[0.47322519347254305,0.8809321983985227,0.00214181571058635,0.003433760778216422]","[0.05,0.05,0.05,0.2,0.2,0.2]",0.000080,12,1,[15],1,0.105556,126.938667,97.33204,0.149906,11,air,1,0.190258,air_pinhole_pose_pressure_depth_z
2026-08-11T09:56:46.071194+00:00,1229601.538277593,v4_depth_down_10cm,0,"[0.0,0.0,0.0,0.0]",1,1,1,1,0.000000,4872,243651,1,0,0,1,0,3304843504,45,45981,90,0,100,"[-0.37090441584587097,0.015995018184185028,-0.03181703761219978,0.9279880523681641]","[-0.023074736818671227,0.009329063817858696,0.0009761452674865723]","[0.05762400105595589,-0.6765679717063904,9.802334785461426]",-2.3809042,0.000976145267,0.00288026151,28.2265625,"[0.0,0.0,0.0,0.0]","[0.0,0.0,0.0,0.0,0.0,0.0,0.0,0.0]","[0.0,0.0,0.0,0.0,0.0,0.0,0.0,0.0]",0,1,1,1,0.099802,12,1786442204.841900110,pool_world,"[0.8317532866564188,-0.7131739317219632,1.0949097671395471]","[0.47322519347254305,0.8809321983985227,0.00214181571058635,0.003433760778216422]","[0.05,0.05,0.05,0.2,0.2,0.2]",0.050113,12,1,[15],1,0.105556,126.938667,97.33204,0.000104,12,air,0,0.0,air
2026-08-11T09:56:46.120802+00:00,1229601.588088072,v4_depth_down_10cm,0,"[0.0,0.0,0.0,0.0]",1,1,1,1,0.000000,4873,243701,1,0,0,1,0,3304843504,46,5105,91,0,100,"[-0.37074020504951477,0.0160520076751709,-0.032459013164043427,0.9280304312705994]","[-0.0306104589253664,0.0054265777580440044,0.0010006322991102934]","[-0.012841000221669674,-0.6888449788093567,9.921647071838379]",-2.38125014,0.0010006323,0.00306919636,30.078125,"[0.0,0.0,0.0,0.0]","[0.0,0.0,0.0,0.0,0.0,0.0,0.0,0.0]","[0.0,0.0,0.0,0.0,0.0,0.0,0.0,0.0]",0,1,1,1,0.149612,12,1786442204.841900110,pool_world,"[0.8317532866564188,-0.7131739317219632,1.0949097671395471]","[0.47322519347254305,0.8809321983985227,0.00214181571058635,0.003433760778216422]","[0.05,0.05,0.05,0.2,0.2,0.2]",0.099923,12,1,[15],1,0.105556,126.938667,97.33204,0.049915,12,air,0,0.0,air
2026-08-11T09:56:46.171205+00:00,1229601.638572634,v4_depth_down_10cm,0,"[0.0,0.0,0.0,0.0]",1,1,1,1,0.000000,4874,243751,1,0,0,1,0,3304843504,47,28830,92,0,100,"[-0.3705693781375885,0.016274016350507736,-0.03313203901052475,0.9280710220336914]","[-0.027578139677643776,0.002896129386499524,-0.00015955801063682884]","[0.016042999923229218,-0.7343999743461609,9.783516883850098]",-2.38159633,-0.000159558011,0.00306919636,30.078125,"[0.0,0.0,0.0,0.0]","[0.0,0.0,0.0,0.0,0.0,0.0,0.0,0.0]","[0.0,0.0,0.0,0.0,0.0,0.0,0.0,0.0]",0,1,1,1,0.000041,13,1786442204.870677471,pool_world,"[0.8316553678724371,-0.713134980538233,1.0949097671395471]","[0.47307266284315586,0.8810131332405663,0.0023064878197561513,0.0035769878478308483]","[0.05,0.05,0.05,0.2,0.2,0.2]",0.150408,12,1,[15],1,0.105556,126.938667,97.33204,0.100399,12,air,0,0.0,air
2026-08-11T09:56:46.220808+00:00,1229601.688208363,v4_depth_down_10cm,0,"[0.0,0.0,0.0,0.0]",1,1,1,1,0.000000,4875,243801,1,0,0,1,0,3304843504,48,7651,93,0,100,"[-0.370373010635376,0.016450000926852226,-0.033692002296447754,0.9281261563301086]","[-0.021474268287420273,0.00471289549022913,-0.001378705375827849]","[-0.0006949999951757491,-0.7390609979629517,9.788190841674805]",-2.38200188,-0.00137870538,0.00316964276,31.0625,"[0.0,0.0,0.0,0.0]","[0.0,0.0,0.0,0.0,0.0,0.0,0.0,0.0]","[0.0,0.0,0.0,0.0,0.0,0.0,0.0,0.0]",0,1,1,1,0.049677,13,1786442204.870677471,pool_world,"[0.8316553678724371,-0.713134980538233,1.0949097671395471]","[0.47307266284315586,0.8810131332405663,0.0023064878197561513,0.0035769878478308483]","[0.05,0.05,0.05,0.2,0.2,0.2]",0.000059,13,0,[],0,,,97.298071,0.150035,12,air,0,0.0,air
2026-08-11T09:56:46.271303+00:00,1229601.738223938,v4_depth_down_10cm,0,"[0.0,0.0,0.0,0.0]",1,1,1,1,0.000000,4876,243851,1,0,0,1,0,3304843504,48,7651,93,0,100,"[-0.3701493740081787,0.016522018238902092,-0.03407503664493561,0.9282000660896301]","[-0.014172702096402645,0.0034180006477981806,-0.001312260632403195]","[-0.034439001232385635,-0.7250829935073853,9.905139923095703]",-2.38247514,-0.00131226063,0.00316964276,31.0625,"[0.0,0.0,0.0,0.0]","[0.0,0.0,0.0,0.0,0.0,0.0,0.0,0.0]","[0.0,0.0,0.0,0.0,0.0,0.0,0.0,0.0]",0,1,1,1,0.099693,13,1786442204.870677471,pool_world,"[0.8316553678724371,-0.713134980538233,1.0949097671395471]","[0.47307266284315586,0.8810131332405663,0.0023064878197561513,0.0035769878478308483]","[0.05,0.05,0.05,0.2,0.2,0.2]",0.050075,13,0,[],0,,,97.298071,0.000096,13,air,0,0.0,air
2026-08-11T09:56:46.320596+00:00,1229601.788052647,v4_depth_down_10cm,0,"[0.0,0.0,0.0,0.0]",1,1,1,1,0.000000,4877,243901,1,0,0,1,0,3304843504,48,7651,93,0,100,"[-0.36995935440063477,0.01664801687002182,-0.034310031682252884,0.9282649755477905]","[-0.012984395027160645,-0.0015805702423676848,-0.0012164072832092643]","[-0.015184000134468079,-0.738224983215332,9.838386535644531]",-2.38287234,-0.00121640728,0.00338647957,33.1875,"[0.0,0.0,0.0,0.0]","[0.0,0.0,0.0,0.0,0.0,0.0,0.0,0.0]","[0.0,0.0,0.0,0.0,0.0,0.0,0.0,0.0]",0,1,1,1,0.149521,13,1786442204.870677471,pool_world,"[0.8316553678724371,-0.713134980538233,1.0949097671395471]","[0.47307266284315586,0.8810131332405663,0.0023064878197561513,0.0035769878478308483]","[0.05,0.05,0.05,0.2,0.2,0.2]",0.099904,13,0,[],0,,,97.298071,0.049925,13,air,0,0.0,air
2026-08-11T09:56:46.371822+00:00,1229601.838715508,v4_depth_down_10cm,0,"[0.0,0.0,0.0,0.0]",1,1,1,1,0.000000,4878,243951,1,0,0,1,0,3304843504,48,7651,93,0,100,"[-0.3697640299797058,0.01680700108408928,-0.03443800285458565,0.9283351302146912]","[-0.0060826996341347694,-0.002051320392638445,-0.0019824497867375612]","[0.0576540008187294,-0.737392008304596,9.705677032470703]",-2.38327813,-0.00198244979,0.00338647957,33.1875,"[0.0,0.0,0.0,0.0]","[0.0,0.0,0.0,0.0,0.0,0.0,0.0,0.0]","[0.0,0.0,0.0,0.0,0.0,0.0,0.0,0.0]",0,1,1,1,0.000073,14,1786442204.903246641,pool_world,"[0.8316537076578819,-0.7131071166352956,1.0949097671395471]","[0.4728889734423025,0.8811116178219811,0.002479971216265771,0.0034907704855807633]","[0.05,0.05,0.05,0.2,0.2,0.2]",0.150566,13,0,[],0,,,97.298071,0.100588,13,air,0,0.0,air
2026-08-11T09:56:46.420758+00:00,1229601.888155535,v4_depth_down_10cm,0,"[0.0,0.0,0.0,0.0]",1,1,1,1,0.000000,4879,244001,1,0,0,1,0,3304843504,52,31478,94,0,100,"[-0.36954307556152344,0.01690700463950634,-0.03449201211333275,0.9284193515777588]","[-0.005679197143763304,-0.002906287554651499,-0.003595779649913311]","[0.07364799827337265,-0.7140790224075317,9.714313507080078]",-2.38374472,-0.00359577965,0.00345982146,33.90625,"[0.0,0.0,0.0,0.0]","[0.0,0.0,0.0,0.0,0.0,0.0,0.0,0.0]","[0.0,0.0,0.0,0.0,0.0,0.0,0.0,0.0]",0,1,1,1,0.049513,14,1786442204.903246641,pool_world,"[0.8316537076578819,-0.7131071166352956,1.0949097671395471]","[0.4728889734423025,0.8811116178219811,0.002479971216265771,0.0034907704855807633]","[0.05,0.05,0.05,0.2,0.2,0.2]",0.000049,14,0,[],0,,,97.660591,0.150028,13,air,0,0.0,air
2026-08-11T09:56:46.470802+00:00,1229601.938131640,v4_depth_down_10cm,0,"[0.0,0.0,0.0,0.0]",1,1,1,1,0.000000,4880,244051,1,0,0,1,0,3304843504,52,31478,94,0,100,"[-0.36929839849472046,0.017101015895605087,-0.03463103249669075,0.928507924079895]","[-0.017288271337747574,-0.00907768402248621,-0.004166816361248493]","[0.0950160026550293,-0.7014539837837219,9.759952545166016]",-2.38425326,-0.00416681636,0.00354591827,34.75,"[0.0,0.0,0.0,0.0]","[0.0,0.0,0.0,0.0,0.0,0.0,0.0,0.0]","[0.0,0.0,0.0,0.0,0.0,0.0,0.0,0.0]",0,1,1,1,0.099489,14,1786442204.903246641,pool_world,"[0.8316537076578819,-0.7131071166352956,1.0949097671395471]","[0.4728889734423025,0.8811116178219811,0.002479971216265771,0.0034907704855807633]","[0.05,0.05,0.05,0.2,0.2,0.2]",0.050025,14,0,[],0,,,97.660591,0.000075,14,air,0,0.0,air
2026-08-11T09:56:46.520686+00:00,1229601.987996114,v4_depth_down_10cm,0,"[0.0,0.0,0.0,0.0]",1,1,1,1,0.000000,4881,244101,1,0,0,1,0,3304843504,52,31478,94,0,100,"[-0.3690633177757263,0.01752401702105999,-0.0349690280854702,0.9285808205604553]","[-0.022786792367696762,-0.011522211134433746,-0.002932921051979065]","[0.147599995136261,-0.7513800263404846,9.658141136169434]",-2.38471985,-0.00293292105,0.00354591827,34.75,"[0.0,0.0,0.0,0.0]","[0.0,0.0,0.0,0.0,0.0,0.0,0.0,0.0]","[0.0,0.0,0.0,0.0,0.0,0.0,0.0,0.0]",0,1,1,1,0.149353,14,1786442204.903246641,pool_world,"[0.8316537076578819,-0.7131071166352956,1.0949097671395471]","[0.4728889734423025,0.8811116178219811,0.002479971216265771,0.0034907704855807633]","[0.05,0.05,0.05,0.2,0.2,0.2]",0.099890,14,0,[],0,,,97.660591,0.049939,14,air,0,0.0,air
2026-08-11T09:56:46.572653+00:00,1229602.039139440,v4_depth_down_10cm,0,"[0.0,0.0,0.0,0.0]",1,1,1,1,0.000000,4882,244151,1,0,0,1,0,3304843504,55,51624,95,0,102,"[-0.3688161075115204,0.017924003303050995,-0.03534601256251335,0.9286571741104126]","[-0.015445169061422348,-0.00660183047875762,-0.004811418708413839]","[0.16186800599098206,-0.7807869911193848,9.62755298614502]",-2.38521361,-0.00481141871,0.00369339925,36.1953125,"[0.0,0.0,0.0,0.0]","[0.0,0.0,0.0,0.0,0.0,0.0,0.0,0.0]","[0.0,0.0,0.0,0.0,0.0,0.0,0.0,0.0]",0,1,1,1,0.000097,15,1786442205.106636047,pool_world,"[0.8310725299430775,-0.7128855058000485,1.0949097671395471]","[0.4727636824793301,0.8811702176898204,0.0038451126134333657,0.004331638725437074]","[0.05,0.05,0.05,0.2,0.2,0.2]",0.151033,14,0,[],0,,,97.660591,0.101083,14,air,0,0.0,air
2026-08-11T09:56:46.621741+00:00,1229602.088337600,v4_depth_down_10cm,0,"[0.0,0.0,0.0,0.0]",1,1,1,1,0.000000,4883,244201,1,0,0,1,0,3304843504,56,62408,96,0,101,"[-0.3685482442378998,0.01817801035940647,-0.035528022795915604,0.9287515878677368]","[-0.007525249384343624,-0.006668379530310631,-0.005986322183161974]","[0.15206800401210785,-0.7673230171203613,9.718398094177246]",-2.38576555,-0.00598632218,0.00369339925,36.1953125,"[0.0,0.0,0.0,0.0]","[0.0,0.0,0.0,0.0,0.0,0.0,0.0,0.0]","[0.0,0.0,0.0,0.0,0.0,0.0,0.0,0.0]",0,1,1,1,0.049296,15,1786442205.106636047,pool_world,"[0.8310725299430775,-0.7128855058000485,1.0949097671395471]","[0.4727636824793301,0.8811702176898204,0.0038451126134333657,0.004331638725437074]","[0.05,0.05,0.05,0.2,0.2,0.2]",0.000114,15,0,[],0,,,98.368642,0.150281,14,air,0,0.0,air
2026-08-11T09:56:46.671670+00:00,1229602.138301147,v4_depth_down_10cm,0,"[0.0,0.0,0.0,0.0]",1,1,1,1,0.000000,4884,244251,1,0,0,1,0,3304843504,57,13669,97,0,99,"[-0.3682633936405182,0.018356021493673325,-0.03550403565168381,0.9288620352745056]","[-0.0016448855167254806,-0.007954094558954239,-0.00592849962413311]","[0.143326997756958,-0.7664809823036194,9.718283653259277]",-2.38636184,-0.00592849962,0.00380022312,37.2421875,"[0.0,0.0,0.0,0.0]","[0.0,0.0,0.0,0.0,0.0,0.0,0.0,0.0]","[0.0,0.0,0.0,0.0,0.0,0.0,0.0,0.0]",0,1,1,1,0.099259,15,1786442205.106636047,pool_world,"[0.8310725299430775,-0.7128855058000485,1.0949097671395471]","[0.4727636824793301,0.8811702176898204,0.0038451126134333657,0.004331638725437074]","[0.05,0.05,0.05,0.2,0.2,0.2]",0.050078,15,0,[],0,,,98.368642,0.000120,15,air,0,0.0,air
2026-08-11T09:56:46.720684+00:00,1229602.188084262,v4_depth_down_10cm,0,"[0.0,0.0,0.0,0.0]",1,1,1,1,0.000000,4885,244301,1,0,0,1,0,3304843504,58,55997,98,0,99,"[-0.3679732084274292,0.018503010272979736,-0.035312019288539886,0.928981363773346]","[0.00954035297036171,-0.004906993359327316,-0.005916072987020016]","[0.14487500488758087,-0.7941889762878418,9.689924240112305]",-2.38697338,-0.00591607299,0.00380022312,37.2421875,"[0.0,0.0,0.0,0.0]","[0.0,0.0,0.0,0.0,0.0,0.0,0.0,0.0]","[0.0,0.0,0.0,0.0,0.0,0.0,0.0,0.0]",0,1,1,1,0.149042,15,1786442205.106636047,pool_world,"[0.8310725299430775,-0.7128855058000485,1.0949097671395471]","[0.4727636824793301,0.8811702176898204,0.0038451126134333657,0.004331638725437074]","[0.05,0.05,0.05,0.2,0.2,0.2]",0.099861,15,0,[],0,,,98.368642,0.049903,15,air,0,0.0,air
2026-08-11T09:56:46.771836+00:00,1229602.238746627,v4_depth_down_10cm,0,"[0.0,0.0,0.0,0.0]",1,1,1,1,0.000000,4886,244351,1,0,0,1,0,3304843504,59,64631,99,0,100,"[-0.3676722049713135,0.018475009128451347,-0.03485501930117607,0.9291183352470398]","[0.024175183847546577,-0.002521459711715579,-0.007094571366906166]","[0.13046599924564362,-0.7764790058135986,9.742273330688477]",-2.38762569,-0.00709457137,0.00402104575,39.40625,"[0.0,0.0,0.0,0.0]","[0.0,0.0,0.0,0.0,0.0,0.0,0.0,0.0]","[0.0,0.0,0.0,0.0,0.0,0.0,0.0,0.0]",0,1,1,1,0.000069,16,1786442205.309722424,pool_world,"[0.8312241726335133,-0.7134634294159501,1.0949097671395471]","[0.47067741048247613,0.8822598074796729,0.008779149162805791,-0.001825899071266236]","[0.05,0.05,0.05,0.2,0.2,0.2]",0.150523,15,0,[],0,,,98.368642,0.100565,15,air,0,0.0,air
2026-08-11T09:56:46.821473+00:00,1229602.288351433,v4_depth_down_10cm,0,"[0.0,0.0,0.0,0.0]",1,1,1,1,0.000000,4887,244401,1,0,0,1,0,3304843504,60,46847,100,0,101,"[-0.36735135316848755,0.018267018720507622,-0.034140028059482574,0.9292759299278259]","[0.03209793195128441,-0.0019564619287848473,-0.007669081911444664]","[0.0994340032339096,-0.7368599772453308,9.806102752685547]",-2.38833904,-0.00766908191,0.00402104575,39.40625,"[0.0,0.0,0.0,0.0]","[0.0,0.0,0.0,0.0,0.0,0.0,0.0,0.0]","[0.0,0.0,0.0,0.0,0.0,0.0,0.0,0.0]",0,1,1,1,0.049674,16,1786442205.309722424,pool_world,"[0.8312241726335133,-0.7134634294159501,1.0949097671395471]","[0.47067741048247613,0.8822598074796729,0.008779149162805791,-0.001825899071266236]","[0.05,0.05,0.05,0.2,0.2,0.2]",0.000093,16,0,[],0,,,98.87239,0.150170,15,air,0,0.0,air
2026-08-11T09:56:46.871575+00:00,1229602.338317270,v4_depth_down_10cm,0,"[0.0,0.0,0.0,0.0]",1,1,1,1,0.000000,4888,244451,1,0,0,1,0,3304843504,61,36358,101,0,100,"[-0.36706408858299255,0.017979005351662636,-0.03328000754117966,0.9294262528419495]","[0.0363662913441658,-0.0007131764432415366,-0.00583098828792572]","[0.090038001537323,-0.737438976764679,9.765220642089844]",-2.38898802,-0.00583098829,0.00408322737,40.015625,"[0.0,0.0,0.0,0.0]","[0.0,0.0,0.0,0.0,0.0,0.0,0.0,0.0]","[0.0,0.0,0.0,0.0,0.0,0.0,0.0,0.0]",0,1,1,1,0.099640,16,1786442205.309722424,pool_world,"[0.8312241726335133,-0.7134634294159501,1.0949097671395471]","[0.47067741048247613,0.8822598074796729,0.008779149162805791,-0.001825899071266236]","[0.05,0.05,0.05,0.2,0.2,0.2]",0.050059,16,0,[],0,,,98.87239,0.000117,16,air,0,0.0,air
2026-08-11T09:56:46.920782+00:00,1229602.388084255,v4_depth_down_10cm,0,"[0.0,0.0,0.0,0.0]",1,1,1,1,0.000000,4889,244501,1,0,0,1,0,3304843504,61,36358,101,0,100,"[-0.3667733371257782,0.01758701540529728,-0.03233702853322029,0.9295818209648132]","[0.03863997012376785,0.005485081113874912,-0.007966206409037113]","[0.05123800039291382,-0.7043129801750183,9.769085884094238]",-2.38965321,-0.00796620641,0.00408322737,40.015625,"[0.0,0.0,0.0,0.0]","[0.0,0.0,0.0,0.0,0.0,0.0,0.0,0.0]","[0.0,0.0,0.0,0.0,0.0,0.0,0.0,0.0]",0,1,1,1,0.149407,16,1786442205.309722424,pool_world,"[0.8312241726335133,-0.7134634294159501,1.0949097671395471]","[0.47067741048247613,0.8822598074796729,0.008779149162805791,-0.001825899071266236]","[0.05,0.05,0.05,0.2,0.2,0.2]",0.099826,16,0,[],0,,,98.87239,0.049884,16,air,0,0.0,air
2026-08-11T09:56:46.971466+00:00,1229602.438658636,v4_depth_down_10cm,0,"[0.0,0.0,0.0,0.0]",1,1,1,1,0.000000,4890,244551,1,0,0,1,0,3304843504,63,62844,102,0,100,"[-0.36647436022758484,0.017059016972780228,-0.03136303275823593,0.9297429323196411]","[0.04189853370189667,0.008000589907169342,-0.004729668144136667]","[0.013752000406384468,-0.6757429838180542,9.842597961425781]",-2.39034653,-0.00472966814,0.00415258249,40.6953125,"[0.0,0.0,0.0,0.0]","[0.0,0.0,0.0,0.0,0.0,0.0,0.0,0.0]","[0.0,0.0,0.0,0.0,0.0,0.0,0.0,0.0]",0,1,1,1,0.000052,17,1786442206.309162855,pool_world,"[0.8287802411351393,-0.7033035119135116,1.0949097671395471]","[0.46966705988837165,0.882501392624689,-0.00804924658237976,-0.023224006991763572]","[0.05,0.05,0.05,0.2,0.2,0.2]",0.150400,16,0,[],0,,,98.87239,0.100459,16,air,0,0.0,air
2026-08-11T09:56:47.021233+00:00,1229602.488311056,v4_depth_down_10cm,0,"[0.0,0.0,0.0,0.0]",1,1,1,1,0.000000,4891,244601,1,0,0,1,0,3304843504,63,62844,102,0,100,"[-0.3661883473396301,0.016483016312122345,-0.03042903169989586,0.9298970699310303]","[0.04068964719772339,0.009240715764462948,-0.005982063710689545]","[0.006719000171869993,-0.6491780281066895,9.846923828125]",-2.39101434,-0.00598206371,0.0039652423,38.859375,"[0.0,0.0,0.0,0.0]","[0.0,0.0,0.0,0.0,0.0,0.0,0.0,0.0]","[0.0,0.0,0.0,0.0,0.0,0.0,0.0,0.0]",0,1,1,1,0.049705,17,1786442206.309162855,pool_world,"[0.8287802411351393,-0.7033035119135116,1.0949097671395471]","[0.46966705988837165,0.882501392624689,-0.00804924658237976,-0.023224006991763572]","[0.05,0.05,0.05,0.2,0.2,0.2]",0.000101,17,1,[15],1,0.924565,132.020279,100.254128,0.150111,16,air,0,0.0,air
2026-08-11T09:56:47.070993+00:00,1229602.538229743,v4_depth_down_10cm,0,"[0.0,0.0,0.0,0.0]",1,1,1,1,0.000000,4892,244651,1,0,0,1,0,3304843504,63,62844,102,0,100,"[-0.36591535806655884,0.01590701751410961,-0.029578030109405518,0.9300419688224792]","[0.036432597786188126,0.010523637756705284,-0.00541858421638608]","[0.018852999433875084,-0.6476709842681885,9.791868209838867]",-2.39165139,-0.00541858422,0.0039652423,38.859375,"[0.0,0.0,0.0,0.0]","[0.0,0.0,0.0,0.0,0.0,0.0,0.0,0.0]","[0.0,0.0,0.0,0.0,0.0,0.0,0.0,0.0]",0,1,1,1,0.099623,17,1786442206.309162855,pool_world,"[0.8287802411351393,-0.7033035119135116,1.0949097671395471]","[0.46966705988837165,0.882501392624689,-0.00804924658237976,-0.023224006991763572]","[0.05,0.05,0.05,0.2,0.2,0.2]",0.050019,17,1,[15],1,0.924565,132.020279,100.254128,0.000079,17,air,1,0.728115,air_pinhole_pose_pressure_depth_z
2026-08-11T09:56:47.120683+00:00,1229602.588084341,v4_depth_down_10cm,0,"[0.0,0.0,0.0,0.0]",1,1,1,1,0.000000,4893,244701,1,0,0,1,0,3304843504,66,825,103,0,100,"[-0.36564216017723083,0.015287005342543125,-0.02879401110112667,0.9301844239234924]","[0.03583754226565361,0.013030664063990116,-0.004855069797486067]","[0.030966000631451607,-0.628849983215332,9.767743110656738]",-2.39229035,-0.0048550698,0.00397560559,38.9609375,"[0.0,0.0,0.0,0.0]","[0.0,0.0,0.0,0.0,0.0,0.0,0.0,0.0]","[0.0,0.0,0.0,0.0,0.0,0.0,0.0,0.0]",0,1,1,1,0.149478,17,1786442206.309162855,pool_world,"[0.8287802411351393,-0.7033035119135116,1.0949097671395471]","[0.46966705988837165,0.882501392624689,-0.00804924658237976,-0.023224006991763572]","[0.05,0.05,0.05,0.2,0.2,0.2]",0.099874,17,1,[15],1,0.924565,132.020279,100.254128,0.049934,17,air,1,0.728115,air_pinhole_pose_pressure_depth_z
2026-08-11T09:56:47.172711+00:00,1229602.639365396,v4_depth_down_10cm,0,"[0.0,0.0,0.0,0.0]",1,1,1,1,0.000000,4894,244751,1,0,0,1,0,3304843504,66,825,103,0,100,"[-0.3653601109981537,0.01462300680577755,-0.028060011565685272,0.930328369140625]","[0.03280885890126228,0.015530253760516644,-0.006140661891549826]","[0.04053200036287308,-0.6043999791145325,9.796279907226562]",-2.3929491,-0.00614066189,0.00397560559,38.9609375,"[0.0,0.0,0.0,0.0]","[0.0,0.0,0.0,0.0,0.0,0.0,0.0,0.0]","[0.0,0.0,0.0,0.0,0.0,0.0,0.0,0.0]",0,1,1,1,0.000126,18,1786442206.477346420,pool_world,"[0.830897425916813,-0.7046874571981252,1.0949097671395471]","[0.4735914075260258,0.8805211908801855,-0.00957423577497584,-0.017376568642367803]","[0.05,0.05,0.05,0.2,0.2,0.2]",0.151155,17,1,[15],1,0.924565,132.020279,100.254128,0.101215,17,air,1,0.728115,air_pinhole_pose_pressure_depth_z
2026-08-11T09:56:47.221043+00:00,1229602.688296061,v4_depth_down_10cm,0,"[0.0,0.0,0.0,0.0]",1,1,1,1,0.000000,4895,244801,1,0,0,1,0,3304843504,66,825,103,0,100,"[-0.36509212851524353,0.013990004546940327,-0.027416011318564415,0.9304624795913696]","[0.030977291986346245,0.01514158770442009,-0.004921461921185255]","[0.08379899710416794,-0.5863569974899292,9.730942726135254]",-2.39357305,-0.00492146192,0.00364636467,35.734375,"[0.0,0.0,0.0,0.0]","[0.0,0.0,0.0,0.0,0.0,0.0,0.0,0.0]","[0.0,0.0,0.0,0.0,0.0,0.0,0.0,0.0]",0,1,1,1,0.049057,18,1786442206.477346420,pool_world,"[0.830897425916813,-0.7046874571981252,1.0949097671395471]","[0.4735914075260258,0.8805211908801855,-0.00957423577497584,-0.017376568642367803]","[0.05,0.05,0.05,0.2,0.2,0.2]",0.000115,18,1,[15],1,0.106405,121.0849,99.356167,0.150146,17,air,1,0.728115,air_pinhole_pose_pressure_depth_z
2026-08-11T09:56:47.271608+00:00,1229602.738366652,v4_depth_down_10cm,0,"[0.0,0.0,0.0,0.0]",1,1,1,1,0.000000,4896,244851,1,0,0,1,0,3304843504,69,49053,104,0,99,"[-0.36481431126594543,0.013361010700464249,-0.02686402201652527,0.9305967688560486]","[0.02854524552822113,0.015557794831693172,-0.006166527513414621]","[0.1270260065793991,-0.5829049944877625,9.655426979064941]",-2.39421558,-0.00616652751,0.00364636467,35.734375,"[0.0,0.0,0.0,0.0]","[0.0,0.0,0.0,0.0,0.0,0.0,0.0,0.0]","[0.0,0.0,0.0,0.0,0.0,0.0,0.0,0.0]",0,1,1,1,0.099127,18,1786442206.477346420,pool_world,"[0.830897425916813,-0.7046874571981252,1.0949097671395471]","[0.4735914075260258,0.8805211908801855,-0.00957423577497584,-0.017376568642367803]","[0.05,0.05,0.05,0.2,0.2,0.2]",0.050186,18,1,[15],1,0.106405,121.0849,99.356167,0.000154,18,air,1,0.041536,air_pinhole_pose_pressure_depth_z
2026-08-11T09:56:47.320739+00:00,1229602.788039289,v4_depth_down_10cm,0,"[0.0,0.0,0.0,0.0]",1,1,1,1,0.000000,4897,244901,1,0,0,1,0,3304843504,69,49053,104,0,99,"[-0.3645292818546295,0.012764008715748787,-0.026382017880678177,0.9307306408882141]","[0.02123337984085083,0.014973441138863564,-0.006811234634369612]","[0.12702199816703796,-0.560742974281311,9.68868350982666]",-2.39486933,-0.00681123463,0.00338647957,33.1875,"[0.0,0.0,0.0,0.0]","[0.0,0.0,0.0,0.0,0.0,0.0,0.0,0.0]","[0.0,0.0,0.0,0.0,0.0,0.0,0.0,0.0]",0,1,1,1,0.148800,18,1786442206.477346420,pool_world,"[0.830897425916813,-0.7046874571981252,1.0949097671395471]","[0.4735914075260258,0.8805211908801855,-0.00957423577497584,-0.017376568642367803]","[0.05,0.05,0.05,0.2,0.2,0.2]",0.099859,18,1,[15],1,0.106405,121.0849,99.356167,0.049827,18,air,1,0.041536,air_pinhole_pose_pressure_depth_z
2026-08-11T09:56:47.372861+00:00,1229602.839118813,v4_depth_down_10cm,0,"[0.0,0.0,0.0,0.0]",1,1,1,1,0.000000,4898,244951,1,0,0,1,0,3304843504,71,17852,105,0,101,"[-0.3642352819442749,0.012234007939696312,-0.026070019230246544,0.9308616518974304]","[0.013918808661401272,0.014412231743335724,-0.005621583666652441]","[0.13180899620056152,-0.5411549806594849,9.712437629699707]",-2.39553642,-0.00562158367,0.00338647957,33.1875,"[0.0,0.0,0.0,0.0]","[0.0,0.0,0.0,0.0,0.0,0.0,0.0,0.0]","[0.0,0.0,0.0,0.0,0.0,0.0,0.0,0.0]",0,1,1,1,0.000102,19,1786442206.674798489,pool_world,"[0.8321180521287752,-0.7046897074538538,1.0949097671395471]","[0.4748382350693926,0.8799071722679751,-0.009362606329551434,-0.014295464675146613]","[0.05,0.05,0.05,0.2,0.2,0.2]",0.150938,18,1,[15],1,0.106405,121.0849,99.356167,0.100906,18,air,1,0.041536,air_pinhole_pose_pressure_depth_z
2026-08-11T09:56:47.421502+00:00,1229602.888373452,v4_depth_down_10cm,0,"[0.0,0.0,0.0,0.0]",1,1,1,1,0.000000,4899,245001,1,0,0,1,0,3304843504,72,44769,106,0,101,"[-0.3639652132987976,0.011846006847918034,-0.02591501735150814,0.9309765696525574]","[0.002933741547167301,0.010732274502515793,-0.006233164109289646]","[0.12952600419521332,-0.5465049743652344,9.676508903503418]",-2.39614105,-0.00623316411,0.0029448343,28.859375,"[0.0,0.0,0.0,0.0]","[0.0,0.0,0.0,0.0,0.0,0.0,0.0,0.0]","[0.0,0.0,0.0,0.0,0.0,0.0,0.0,0.0]",0,1,1,1,0.049357,19,1786442206.674798489,pool_world,"[0.8321180521287752,-0.7046897074538538,1.0949097671395471]","[0.4748382350693926,0.8799071722679751,-0.009362606329551434,-0.014295464675146613]","[0.05,0.05,0.05,0.2,0.2,0.2]",0.000123,19,1,[15],1,0.046631,121.194801,96.010082,0.150161,18,air,1,0.041536,air_pinhole_pose_pressure_depth_z
2026-08-11T09:56:47.472116+00:00,1229602.938524372,v4_depth_down_10cm,0,"[0.0,0.0,0.0,0.0]",1,1,1,1,0.000000,4900,245051,1,0,0,1,0,3304843504,73,42832,107,0,99,"[-0.3636833727359772,0.011566012166440487,-0.025925027206540108,0.9310899972915649]","[-0.0007207512389868498,0.010755871422588825,-0.006255330517888069]","[0.12950900197029114,-0.5464320182800293,9.681305885314941]",-2.3967638,-0.00625533052,0.0029448343,28.859375,"[0.0,0.0,0.0,0.0]","[0.0,0.0,0.0,0.0,0.0,0.0,0.0,0.0]","[0.0,0.0,0.0,0.0,0.0,0.0,0.0,0.0]",0,1,1,1,0.099508,19,1786442206.674798489,pool_world,"[0.8321180521287752,-0.7046897074538538,1.0949097671395471]","[0.4748382350693926,0.8799071722679751,-0.009362606329551434,-0.014295464675146613]","[0.05,0.05,0.05,0.2,0.2,0.2]",0.050274,19,1,[15],1,0.046631,121.194801,96.010082,0.000159,19,air,1,0.028779,air_pinhole_pose_pressure_depth_z
2026-08-11T09:56:47.521301+00:00,1229602.988140803,v4_depth_down_10cm,0,"[0.0,0.0,0.0,0.0]",1,1,1,1,0.000000,4901,245101,1,0,0,1,0,3304843504,74,27306,108,0,99,"[-0.36340731382369995,0.011356010101735592,-0.02608502469956875,0.931195855140686]","[-0.010482273064553738,0.008333721198141575,-0.005454921629279852]","[0.08392100036144257,-0.5393149852752686,9.765436172485352]",-2.39736915,-0.00545492163,0.00259406888,25.421875,"[0.0,0.0,0.0,0.0]","[0.0,0.0,0.0,0.0,0.0,0.0,0.0,0.0]","[0.0,0.0,0.0,0.0,0.0,0.0,0.0,0.0]",0,1,1,1,0.149124,19,1786442206.674798489,pool_world,"[0.8321180521287752,-0.7046897074538538,1.0949097671395471]","[0.4748382350693926,0.8799071722679751,-0.009362606329551434,-0.014295464675146613]","[0.05,0.05,0.05,0.2,0.2,0.2]",0.099890,19,1,[15],1,0.046631,121.194801,96.010082,0.049776,19,air,1,0.028779,air_pinhole_pose_pressure_depth_z
2026-08-11T09:56:47.572318+00:00,1229603.038872922,v4_depth_down_10cm,0,"[0.0,0.0,0.0,0.0]",1,1,1,1,0.000000,4902,245151,1,0,0,1,0,3304843504,75,33646,109,0,100,"[-0.3631211221218109,0.011287003755569458,-0.026409009471535683,0.9312992691993713]","[-0.015976760536432266,0.006510461680591106,-0.004435894079506397]","[0.04085500165820122,-0.5467439889907837,9.790637969970703]",-2.39798737,-0.00443589408,0.0021516264,21.0859375,"[0.0,0.0,0.0,0.0]","[0.0,0.0,0.0,0.0,0.0,0.0,0.0,0.0]","[0.0,0.0,0.0,0.0,0.0,0.0,0.0,0.0]",0,1,1,1,0.000073,20,1786442206.812617064,pool_world,"[0.8318262757673723,-0.7054593095163884,1.0949097671395471]","[0.47447280958349003,0.8802064849735991,-0.004943248639210692,-0.009362749022674708]","[0.05,0.05,0.05,0.2,0.2,0.2]",0.150623,19,1,[15],1,0.046631,121.194801,96.010082,0.100508,19,air,1,0.028779,air_pinhole_pose_pressure_depth_z
2026-08-11T09:56:47.621237+00:00,1229603.088320721,v4_depth_down_10cm,0,"[0.0,0.0,0.0,0.0]",1,1,1,1,0.000000,4903,245201,1,0,0,1,0,3304843504,75,33646,109,0,100,"[-0.36285215616226196,0.011353004723787308,-0.026859011501073837,0.9313904047012329]","[-0.02268701232969761,0.004674497991800308,-0.005054805427789688]","[0.019388999789953232,-0.5564870238304138,9.776139259338379]",-2.39855933,-0.00505480543,0.0021516264,21.0859375,"[0.0,0.0,0.0,0.0]","[0.0,0.0,0.0,0.0,0.0,0.0,0.0,0.0]","[0.0,0.0,0.0,0.0,0.0,0.0,0.0,0.0]",0,1,1,1,0.049520,20,1786442206.812617064,pool_world,"[0.8318262757673723,-0.7054593095163884,1.0949097671395471]","[0.47447280958349003,0.8802064849735991,-0.004943248639210692,-0.009362749022674708]","[0.05,0.05,0.05,0.2,0.2,0.2]",0.000107,20,1,[15],1,0.090171,121.800133,96.022936,0.149956,19,air,1,0.028779,air_pinhole_pose_pressure_depth_z
2026-08-11T09:56:47.672051+00:00,1229603.138501253,v4_depth_down_10cm,0,"[0.0,0.0,0.0,0.0]",1,1,1,1,0.000000,4904,245251,1,0,0,1,0,3304843504,77,15889,110,0,100,"[-0.3625674545764923,0.011493013240396976,-0.02742203325033188,0.9314831495285034]","[-0.028789084404706955,0.002842303831130266,-0.005058557726442814]","[-0.01183400023728609,-0.5726320147514343,9.812002182006836]",-2.39916062,-0.00505855773,0.0018949298,18.5703125,"[0.0,0.0,0.0,0.0]","[0.0,0.0,0.0,0.0,0.0,0.0,0.0,0.0]","[0.0,0.0,0.0,0.0,0.0,0.0,0.0,0.0]",0,1,1,1,0.099701,20,1786442206.812617064,pool_world,"[0.8318262757673723,-0.7054593095163884,1.0949097671395471]","[0.47447280958349003,0.8802064849735991,-0.004943248639210692,-0.009362749022674708]","[0.05,0.05,0.05,0.2,0.2,0.2]",0.050287,20,1,[15],1,0.090171,121.800133,96.022936,0.000178,20,air,1,0.073355,air_pinhole_pose_pressure_depth_z
2026-08-11T09:56:47.721739+00:00,1229603.188177567,v4_depth_down_10cm,0,"[0.0,0.0,0.0,0.0]",1,1,1,1,0.000000,4905,245301,1,0,0,1,0,3304843504,78,28002,111,0,101,"[-0.36229631304740906,0.011734011583030224,-0.028056025505065918,0.9315667152404785]","[-0.03247345983982086,-0.0021247987169772387,-0.004992252681404352]","[-0.031101999804377556,-0.5815789699554443,9.850293159484863]",-2.39972544,-0.00499225268,0.0018949298,18.5703125,"[0.0,0.0,0.0,0.0]","[0.0,0.0,0.0,0.0,0.0,0.0,0.0,0.0]","[0.0,0.0,0.0,0.0,0.0,0.0,0.0,0.0]",0,1,1,1,0.149377,20,1786442206.812617064,pool_world,"[0.8318262757673723,-0.7054593095163884,1.0949097671395471]","[0.47447280958349003,0.8802064849735991,-0.004943248639210692,-0.009362749022674708]","[0.05,0.05,0.05,0.2,0.2,0.2]",0.099963,20,1,[15],1,0.090171,121.800133,96.022936,0.049854,20,air,1,0.073355,air_pinhole_pose_pressure_depth_z
2026-08-11T09:56:47.772739+00:00,1229603.239221396,v4_depth_down_10cm,0,"[0.0,0.0,0.0,0.0]",1,1,1,1,0.000000,4906,245351,1,0,0,1,0,3304843504,78,28002,111,0,101,"[-0.36202824115753174,0.0121010085567832,-0.028764018788933754,0.9316446185112]","[-0.037358563393354416,-0.003954584244638681,-0.004173344001173973]","[-0.04059600085020065,-0.5940380096435547,9.819182395935059]",-2.40027475,-0.004173344,0.00162707269,15.9453125,"[0.0,0.0,0.0,0.0]","[0.0,0.0,0.0,0.0,0.0,0.0,0.0,0.0]","[0.0,0.0,0.0,0.0,0.0,0.0,0.0,0.0]",0,1,1,1,0.000100,21,1786442206.843829155,pool_world,"[0.8322860670335347,-0.7061743721974922,1.0949097671395471]","[0.4744695705169072,0.8802360360138343,-0.0033287258490407013,-0.007215756396644429]","[0.05,0.05,0.05,0.2,0.2,0.2]",0.151007,20,1,[15],1,0.090171,121.800133,96.022936,0.100898,20,air,1,0.073355,air_pinhole_pose_pressure_depth_z
2026-08-11T09:56:47.821865+00:00,1229603.288453097,v4_depth_down_10cm,0,"[0.0,0.0,0.0,0.0]",1,1,1,1,0.000000,4907,245401,1,0,0,1,0,3304843504,78,28002,111,0,101,"[-0.3617630898952484,0.012558002956211567,-0.029513007029891014,0.9317182302474976]","[-0.03737228363752365,-0.006460231728851795,-0.004944378510117531]","[-0.045451000332832336,-0.6231740117073059,9.800363540649414]",-2.40081072,-0.00494437851,0.00162707269,15.9453125,"[0.0,0.0,0.0,0.0]","[0.0,0.0,0.0,0.0,0.0,0.0,0.0,0.0]","[0.0,0.0,0.0,0.0,0.0,0.0,0.0,0.0]",0,1,1,1,0.049332,21,1786442206.843829155,pool_world,"[0.8322860670335347,-0.7061743721974922,1.0949097671395471]","[0.4744695705169072,0.8802360360138343,-0.0033287258490407013,-0.007215756396644429]","[0.05,0.05,0.05,0.2,0.2,0.2]",0.000156,21,1,[15],1,0.071888,122.165726,96.090691,0.150130,20,air,1,0.073355,air_pinhole_pose_pressure_depth_z
2026-08-11T09:56:47.872969+00:00,1229603.338582483,v4_depth_down_10cm,0,"[0.0,0.0,0.0,0.0]",1,1,1,1,0.000000,4908,245451,1,0,0,1,0,3304843504,78,28002,111,0,101,"[-0.3614831268787384,0.013069003820419312,-0.0302750114351511,0.9317953586578369]","[-0.03981701657176018,-0.0076844580471515656,-0.004325589165091515]","[-0.035978998988866806,-0.6229249835014343,9.819662094116211]",-2.40137315,-0.00432558917,0.00150111609,14.7109375,"[0.0,0.0,0.0,0.0]","[0.0,0.0,0.0,0.0,0.0,0.0,0.0,0.0]","[0.0,0.0,0.0,0.0,0.0,0.0,0.0,0.0]",0,1,1,1,0.099461,21,1786442206.843829155,pool_world,"[0.8322860670335347,-0.7061743721974922,1.0949097671395471]","[0.4744695705169072,0.8802360360138343,-0.0033287258490407013,-0.007215756396644429]","[0.05,0.05,0.05,0.2,0.2,0.2]",0.050285,21,1,[15],1,0.071888,122.165726,96.090691,0.000228,21,air,1,0.078204,air_pinhole_pose_pressure_depth_z
2026-08-11T09:56:47.921746+00:00,1229603.388174031,v4_depth_down_10cm,0,"[0.0,0.0,0.0,0.0]",1,1,1,1,0.000000,4909,245501,1,0,0,1,0,3304843504,78,28002,111,0,101,"[-0.361217200756073,0.013649008236825466,-0.031027019023895264,0.9318654537200928]","[-0.039838504046201706,-0.011435222811996937,-0.004870690405368805]","[-0.01933399960398674,-0.6473850011825562,9.798623085021973]",-2.4018991,-0.00487069041,0.00150111609,14.7109375,"[0.0,0.0,0.0,0.0]","[0.0,0.0,0.0,0.0,0.0,0.0,0.0,0.0]","[0.0,0.0,0.0,0.0,0.0,0.0,0.0,0.0]",0,1,1,1,0.149053,21,1786442206.843829155,pool_world,"[0.8322860670335347,-0.7061743721974922,1.0949097671395471]","[0.4744695705169072,0.8802360360138343,-0.0033287258490407013,-0.007215756396644429]","[0.05,0.05,0.05,0.2,0.2,0.2]",0.099877,21,1,[15],1,0.071888,122.165726,96.090691,0.049820,21,air,1,0.078204,air_pinhole_pose_pressure_depth_z
2026-08-11T09:56:47.971597+00:00,1229603.438658980,v4_depth_down_10cm,0,"[0.0,0.0,0.0,0.0]",1,1,1,1,0.000000,4910,245551,1,0,0,1,0,3304843504,83,14263,112,0,99,"[-0.3609181344509125,0.01427700649946928,-0.03174901753664017,0.9319475293159485]","[-0.03802255541086197,-0.013973229564726353,-0.007261180784553289]","[0.009351000189781189,-0.6748560070991516,9.741783142089844]",-2.40249038,-0.00726118078,0.00150988519,14.796875,"[0.0,0.0,0.0,0.0]","[0.0,0.0,0.0,0.0,0.0,0.0,0.0,0.0]","[0.0,0.0,0.0,0.0,0.0,0.0,0.0,0.0]",0,1,1,1,0.000058,22,1786442206.878412724,pool_world,"[0.8320094508182571,-0.7062488739024453,1.0949097671395471]","[0.4742051407377603,0.8803910609460088,-0.0022525471717396196,-0.0059991945693630075]","[0.05,0.05,0.05,0.2,0.2,0.2]",0.150362,21,1,[15],1,0.071888,122.165726,96.090691,0.100305,21,air,1,0.078204,air_pinhole_pose_pressure_depth_z
2026-08-11T09:56:48.021534+00:00,1229603.488318885,v4_depth_down_10cm,0,"[0.0,0.0,0.0,0.0]",1,1,1,1,0.000000,4911,245601,1,0,0,1,0,3304843504,83,14263,112,0,99,"[-0.36060041189193726,0.014926016330718994,-0.03242703899741173,0.9320370554924011]","[-0.03497892990708351,-0.013977468945086002,-0.00601981533691287]","[0.037942998111248016,-0.6920819878578186,9.725573539733887]",-2.40311837,-0.00601981534,0.00150988519,14.796875,"[0.0,0.0,0.0,0.0]","[0.0,0.0,0.0,0.0,0.0,0.0,0.0,0.0]","[0.0,0.0,0.0,0.0,0.0,0.0,0.0,0.0]",0,1,1,1,0.049718,22,1786442206.878412724,pool_world,"[0.8320094508182571,-0.7062488739024453,1.0949097671395471]","[0.4742051407377603,0.8803910609460088,-0.0022525471717396196,-0.0059991945693630075]","[0.05,0.05,0.05,0.2,0.2,0.2]",0.000124,22,1,[15],1,0.084909,126.435646,94.255664,0.149965,21,air,1,0.078204,air_pinhole_pose_pressure_depth_z
2026-08-11T09:56:48.071989+00:00,1229603.538393321,v4_depth_down_10cm,0,"[0.0,0.0,0.0,0.0]",1,1,1,1,0.000000,4912,245651,1,0,0,1,0,3304843504,85,11372,113,0,100,"[-0.36028432846069336,0.015556014142930508,-0.03302903100848198,0.932127833366394]","[-0.030919643118977547,-0.014429858885705471,-0.006803084164857864]","[0.09117399901151657,-0.7003700137138367,9.724708557128906]",-2.40374255,-0.00680308416,0.00167968753,16.4609375,"[0.0,0.0,0.0,0.0]","[0.0,0.0,0.0,0.0,0.0,0.0,0.0,0.0]","[0.0,0.0,0.0,0.0,0.0,0.0,0.0,0.0]",0,1,1,1,0.099792,22,1786442206.878412724,pool_world,"[0.8320094508182571,-0.7062488739024453,1.0949097671395471]","[0.4742051407377603,0.8803910609460088,-0.0022525471717396196,-0.0059991945693630075]","[0.05,0.05,0.05,0.2,0.2,0.2]",0.050199,22,1,[15],1,0.084909,126.435646,94.255664,0.000148,22,air,1,0.079892,air_pinhole_pose_pressure_depth_z
2026-08-11T09:56:48.121351+00:00,1229603.588063077,v4_depth_down_10cm,0,"[0.0,0.0,0.0,0.0]",1,1,1,1,0.000000,4913,245701,1,0,0,1,0,3304843504,86,21023,114,0,99,"[-0.3599552512168884,0.0161760114133358,-0.03355702385306358,0.9322255849838257]","[-0.028891919180750847,-0.015295332297682762,-0.008406570181250572]","[0.15248499810695648,-0.7248330116271973,9.665002822875977]",-2.40439391,-0.00840657018,0.00167968753,16.4609375,"[0.0,0.0,0.0,0.0]","[0.0,0.0,0.0,0.0,0.0,0.0,0.0,0.0]","[0.0,0.0,0.0,0.0,0.0,0.0,0.0,0.0]",0,1,1,1,0.149462,22,1786442206.878412724,pool_world,"[0.8320094508182571,-0.7062488739024453,1.0949097671395471]","[0.4742051407377603,0.8803910609460088,-0.0022525471717396196,-0.0059991945693630075]","[0.05,0.05,0.05,0.2,0.2,0.2]",0.099868,22,1,[15],1,0.084909,126.435646,94.255664,0.049817,22,air,1,0.079892,air_pinhole_pose_pressure_depth_z
2026-08-11T09:56:48.172689+00:00,1229603.639137202,v4_depth_down_10cm,0,"[0.0,0.0,0.0,0.0]",1,1,1,1,0.000000,4914,245751,1,0,0,1,0,3304843504,87,29909,115,0,101,"[-0.3596104085445404,0.016765020787715912,-0.03400104120373726,0.9323321580886841]","[-0.025839023292064667,-0.01406732015311718,-0.008410218171775341]","[0.16923999786376953,-0.7300869822502136,9.641284942626953]",-2.40508032,-0.00841021817,0.00189094385,18.53125,"[0.0,0.0,0.0,0.0]","[0.0,0.0,0.0,0.0,0.0,0.0,0.0,0.0]","[0.0,0.0,0.0,0.0,0.0,0.0,0.0,0.0]",0,1,1,1,0.000100,23,1786442206.910566568,pool_world,"[0.832269143320031,-0.7074917800430192,1.0949097671395471]","[0.4736544794477644,0.8807085361729466,0.0019633873884999644,-0.00023134635461134913]","[0.05,0.05,0.05,0.2,0.2,0.2]",0.150942,22,1,[15],1,0.084909,126.435646,94.255664,0.100892,22,air,1,0.079892,air_pinhole_pose_pressure_depth_z
2026-08-11T09:56:48.221825+00:00,1229603.688367530,v4_depth_down_10cm,0,"[0.0,0.0,0.0,0.0]",1,1,1,1,0.000000,4915,245801,1,0,0,1,0,3304843504,88,48554,116,0,101,"[-0.35927724838256836,0.01728201098740101,-0.034451019018888474,0.932434618473053]","[-0.027651356533169746,-0.011560153216123581,-0.008465545251965523]","[0.16432499885559082,-0.7343630194664001,9.674875259399414]",-2.40574646,-0.00846554525,0.00225765305,22.125,"[0.0,0.0,0.0,0.0]","[0.0,0.0,0.0,0.0,0.0,0.0,0.0,0.0]","[0.0,0.0,0.0,0.0,0.0,0.0,0.0,0.0]",0,1,1,1,0.049330,23,1786442206.910566568,pool_world,"[0.832269143320031,-0.7074917800430192,1.0949097671395471]","[0.4736544794477644,0.8807085361729466,0.0019633873884999644,-0.00023134635461134913]","[0.05,0.05,0.05,0.2,0.2,0.2]",0.000125,23,0,[],0,,,98.994604,0.150122,22,air,1,0.079892,air_pinhole_pose_pressure_depth_z
2026-08-11T09:56:48.271848+00:00,1229603.738417681,v4_depth_down_10cm,0,"[0.0,0.0,0.0,0.0]",1,1,1,1,0.000000,4916,245851,1,0,0,1,0,3304843504,89,31495,117,0,99,"[-0.35894331336021423,0.01775301620364189,-0.034921035170555115,0.9325369000434875]","[-0.02520742453634739,-0.009673521853983402,-0.006038123741745949]","[0.17130200564861298,-0.7582290172576904,9.689699172973633]",-2.40641713,-0.00603812374,0.00225765305,22.125,"[0.0,0.0,0.0,0.0]","[0.0,0.0,0.0,0.0,0.0,0.0,0.0,0.0]","[0.0,0.0,0.0,0.0,0.0,0.0,0.0,0.0]",0,1,1,1,0.099381,23,1786442206.910566568,pool_world,"[0.832269143320031,-0.7074917800430192,1.0949097671395471]","[0.4736544794477644,0.8807085361729466,0.0019633873884999644,-0.00023134635461134913]","[0.05,0.05,0.05,0.2,0.2,0.2]",0.050175,23,0,[],0,,,98.994604,0.000158,23,air,0,0.0,air
2026-08-11T09:56:48.321592+00:00,1229603.788115969,v4_depth_down_10cm,0,"[0.0,0.0,0.0,0.0]",1,1,1,1,0.000000,4917,245901,1,0,0,1,0,3304843504,90,46845,118,0,100,"[-0.3586304783821106,0.01815202087163925,-0.03533104434609413,0.932634174823761]","[-0.020316069945693016,-0.0065857903100550175,-0.0060638850554823875]","[0.18085600435733795,-0.7607889771461487,9.682650566101074]",-2.40704846,-0.00606388506,0.00263552275,25.828125,"[0.0,0.0,0.0,0.0]","[0.0,0.0,0.0,0.0,0.0,0.0,0.0,0.0]","[0.0,0.0,0.0,0.0,0.0,0.0,0.0,0.0]",0,1,1,1,0.149079,23,1786442206.910566568,pool_world,"[0.832269143320031,-0.7074917800430192,1.0949097671395471]","[0.4736544794477644,0.8807085361729466,0.0019633873884999644,-0.00023134635461134913]","[0.05,0.05,0.05,0.2,0.2,0.2]",0.099873,23,0,[],0,,,98.994604,0.049856,23,air,0,0.0,air
2026-08-11T09:56:48.372768+00:00,1229603.839217228,v4_depth_down_10cm,0,"[0.0,0.0,0.0,0.0]",1,1,1,1,0.000000,4918,245951,1,0,0,1,0,3304843504,91,20008,119,0,101,"[-0.3583262860774994,0.018394015729427338,-0.035687029361724854,0.9327327609062195]","[-0.016219954937696457,-0.0003581764758564532,-0.00492694228887558]","[0.14017799496650696,-0.7583990097045898,9.721328735351562]",-2.40767527,-0.00492694229,0.00263552275,25.828125,"[0.0,0.0,0.0,0.0]","[0.0,0.0,0.0,0.0,0.0,0.0,0.0,0.0]","[0.0,0.0,0.0,0.0,0.0,0.0,0.0,0.0]",0,1,1,1,0.000100,24,1786442206.943639278,pool_world,"[0.8318633856551747,-0.7072095709621697,1.0949097671395471]","[0.47338696072462,0.8808495328893805,0.0020927425943352393,-0.0021227936548666422]","[0.05,0.05,0.05,0.2,0.2,0.2]",0.150974,23,0,[],0,,,98.994604,0.100958,23,air,0,0.0,air
2026-08-11T09:56:48.421878+00:00,1229603.888424682,v4_depth_down_10cm,0,"[0.0,0.0,0.0,0.0]",1,1,1,1,0.000000,4919,246001,1,0,0,1,0,3304843504,91,20008,119,0,101,"[-0.35804837942123413,0.01847902312874794,-0.035995036363601685,0.9328259825706482]","[-0.014766061678528786,0.005254907533526421,-0.004406397696584463]","[0.08505100011825562,-0.7635470032691956,9.787137031555176]",-2.40826011,-0.0044063977,0.00305165816,29.90625,"[0.0,0.0,0.0,0.0]","[0.0,0.0,0.0,0.0,0.0,0.0,0.0,0.0]","[0.0,0.0,0.0,0.0,0.0,0.0,0.0,0.0]",0,1,1,1,0.049308,24,1786442206.943639278,pool_world,"[0.8318633856551747,-0.7072095709621697,1.0949097671395471]","[0.47338696072462,0.8808495328893805,0.0020927425943352393,-0.0021227936548666422]","[0.05,0.05,0.05,0.2,0.2,0.2]",0.000120,24,0,[],0,,,99.007461,0.150165,23,air,0,0.0,air
2026-08-11T09:56:48.471737+00:00,1229603.938337912,v4_depth_down_10cm,0,"[0.0,0.0,0.0,0.0]",1,1,1,1,0.000000,4920,246051,1,0,0,1,0,3304843504,93,36339,120,0,99,"[-0.35779324173927307,0.018445011228322983,-0.036299027502536774,0.9329127073287964]","[-0.014126083813607693,0.01088867336511612,-0.0026678754948079586]","[0.061117999255657196,-0.7753899693489075,9.791833877563477]",-2.40880728,-0.00266787549,0.00305165816,29.90625,"[0.0,0.0,0.0,0.0]","[0.0,0.0,0.0,0.0,0.0,0.0,0.0,0.0]","[0.0,0.0,0.0,0.0,0.0,0.0,0.0,0.0]",0,1,1,1,0.099221,24,1786442206.943639278,pool_world,"[0.8318633856551747,-0.7072095709621697,1.0949097671395471]","[0.47338696072462,0.8808495328893805,0.0020927425943352393,-0.0021227936548666422]","[0.05,0.05,0.05,0.2,0.2,0.2]",0.050034,24,0,[],0,,,99.007461,0.000110,24,air,0,0.0,air
2026-08-11T09:56:48.521374+00:00,1229603.988129966,v4_depth_down_10cm,0,"[0.0,0.0,0.0,0.0]",1,1,1,1,0.000000,4921,246101,1,0,0,1,0,3304843504,94,59520,121,0,99,"[-0.35757240653038025,0.01827802136540413,-0.03659903630614281,0.9329890012741089]","[-0.010452899150550365,0.013984276913106441,-0.0027010017074644566]","[0.037335000932216644,-0.7657319903373718,9.78662109375]",-2.40929365,-0.00270100171,0.00346301007,33.9375,"[0.0,0.0,0.0,0.0]","[0.0,0.0,0.0,0.0,0.0,0.0,0.0,0.0]","[0.0,0.0,0.0,0.0,0.0,0.0,0.0,0.0]",0,1,1,1,0.149013,24,1786442206.943639278,pool_world,"[0.8318633856551747,-0.7072095709621697,1.0949097671395471]","[0.47338696072462,0.8808495328893805,0.0020927425943352393,-0.0021227936548666422]","[0.05,0.05,0.05,0.2,0.2,0.2]",0.099826,24,0,[],0,,,99.007461,0.049902,24,air,0,0.0,air
2026-08-11T09:56:48.572710+00:00,1229604.039191606,v4_depth_down_10cm,0,"[0.0,0.0,0.0,0.0]",1,1,1,1,0.000000,4922,246151,1,0,0,1,0,3304843504,95,43469,122,0,101,"[-0.35738423466682434,0.017992010340094566,-0.03685402125120163,0.9330565929412842]","[-0.0073913997039198875,0.01776162162423134,0.0015312646282836795]","[0.011195999570190907,-0.7586519718170166,9.769424438476562]",-2.40972114,0.00153126463,0.00346301007,33.9375,"[0.0,0.0,0.0,0.0]","[0.0,0.0,0.0,0.0,0.0,0.0,0.0,0.0]","[0.0,0.0,0.0,0.0,0.0,0.0,0.0,0.0]",0,1,1,1,0.000100,25,1786442207.174303770,pool_world,"[0.8313597473188401,-0.7084437139266528,1.0949097671395471]","[0.4751117514089814,0.8799083472045,0.00548804256676731,7.471091533707561e-05]","[0.05,0.05,0.05,0.2,0.2,0.2]",0.150887,24,0,[],0,,,99.007461,0.100964,24,air,0,0.0,air
2026-08-11T09:56:48.622027+00:00,1229604.088458184,v4_depth_down_10cm,0,"[0.0,0.0,0.0,0.0]",1,1,1,1,0.000000,4923,246201,1,0,0,1,0,3304843504,96,27274,123,0,100,"[-0.35726621747016907,0.017585011199116707,-0.03703002259135246,0.933102548122406]","[-0.0010815456043928862,0.02086331695318222,0.003348484169691801]","[0.014254000037908554,-0.7761840224266052,9.777713775634766]",-2.41001034,0.00334848417,0.00396125624,38.8203125,"[0.0,0.0,0.0,0.0]","[0.0,0.0,0.0,0.0,0.0,0.0,0.0,0.0]","[0.0,0.0,0.0,0.0,0.0,0.0,0.0,0.0]",0,1,1,1,0.049366,25,1786442207.174303770,pool_world,"[0.8313597473188401,-0.7084437139266528,1.0949097671395471]","[0.4751117514089814,0.8799083472045,0.00548804256676731,7.471091533707561e-05]","[0.05,0.05,0.05,0.2,0.2,0.2]",0.000131,25,0,[],0,,,99.155439,0.150231,24,air,0,0.0,air
2026-08-11T09:56:48.672133+00:00,1229604.138517971,v4_depth_down_10cm,0,"[0.0,0.0,0.0,0.0]",1,1,1,1,0.000000,4924,246251,1,0,0,1,0,3304843504,97,54675,124,0,99,"[-0.3571822941303253,0.017095014452934265,-0.037007030099630356,0.933144748210907]","[0.012708562426269054,0.018286513164639473,0.004087892826646566]","[0.03950800001621246,-0.8041920065879822,9.789609909057617]",-2.41023493,0.00408789283,0.00441565644,43.2734375,"[0.0,0.0,0.0,0.0]","[0.0,0.0,0.0,0.0,0.0,0.0,0.0,0.0]","[0.0,0.0,0.0,0.0,0.0,0.0,0.0,0.0]",0,1,1,1,0.099426,25,1786442207.174303770,pool_world,"[0.8313597473188401,-0.7084437139266528,1.0949097671395471]","[0.4751117514089814,0.8799083472045,0.00548804256676731,7.471091533707561e-05]","[0.05,0.05,0.05,0.2,0.2,0.2]",0.050191,25,0,[],0,,,99.155439,0.000153,25,air,0,0.0,air
2026-08-11T09:56:48.721547+00:00,1229604.188076175,v4_depth_down_10cm,0,"[0.0,0.0,0.0,0.0]",1,1,1,1,0.000000,4925,246301,1,0,0,1,0,3304843504,98,45280,125,0,100,"[-0.3571043312549591,0.016584014520049095,-0.03667403385043144,0.9331969022750854]","[0.02119932882487774,0.011985333636403084,0.003638732247054577]","[0.04437100142240524,-0.7849349975585938,9.791781425476074]",-2.41044927,0.00363873225,0.00441565644,43.2734375,"[0.0,0.0,0.0,0.0]","[0.0,0.0,0.0,0.0,0.0,0.0,0.0,0.0]","[0.0,0.0,0.0,0.0,0.0,0.0,0.0,0.0]",0,1,1,1,0.148984,25,1786442207.174303770,pool_world,"[0.8313597473188401,-0.7084437139266528,1.0949097671395471]","[0.4751117514089814,0.8799083472045,0.00548804256676731,7.471091533707561e-05]","[0.05,0.05,0.05,0.2,0.2,0.2]",0.099749,25,0,[],0,,,99.155439,0.049711,25,air,0,0.0,air
2026-08-11T09:56:48.772739+00:00,1229604.239197023,v4_depth_down_10cm,0,"[0.0,0.0,0.0,0.0]",1,1,1,1,0.000000,4926,246351,1,0,0,1,0,3304843504,99,54159,126,0,101,"[-0.3569773733615875,0.016115017235279083,-0.036155037581920624,0.93327397108078]","[0.02847645990550518,0.005653453059494495,0.00012491321831475943]","[0.06827399879693985,-0.7901849746704102,9.77054500579834]",-2.41076422,0.000124913218,0.00487165153,47.7421875,"[0.0,0.0,0.0,0.0]","[0.0,0.0,0.0,0.0,0.0,0.0,0.0,0.0]","[0.0,0.0,0.0,0.0,0.0,0.0,0.0,0.0]",0,1,1,1,0.000102,26,1786442207.378930569,pool_world,"[0.8308922469804522,-0.7087338575231656,1.0949097671395471]","[0.4755066080188337,0.8796788569583038,0.007271570382779757,-0.0023871772292252307]","[0.05,0.05,0.05,0.2,0.2,0.2]",0.150870,25,0,[],0,,,99.155439,0.100832,25,air,0,0.0,air
2026-08-11T09:56:48.821874+00:00,1229604.288417251,v4_depth_down_10cm,0,"[0.0,0.0,0.0,0.0]",1,1,1,1,0.000000,4927,246401,1,0,0,1,0,3304843504,100,61858,127,0,100,"[-0.3568224012851715,0.015736017376184464,-0.03538903594017029,0.9333690404891968]","[0.034546736627817154,0.001855651498772204,-0.0009946806821972132]","[0.08758000284433365,-0.7641810178756714,9.746397018432617]",-2.41113138,-0.000994680682,0.00487165153,47.7421875,"[0.0,0.0,0.0,0.0]","[0.0,0.0,0.0,0.0,0.0,0.0,0.0,0.0]","[0.0,0.0,0.0,0.0,0.0,0.0,0.0,0.0]",0,1,1,1,0.049322,26,1786442207.378930569,pool_world,"[0.8308922469804522,-0.7087338575231656,1.0949097671395471]","[0.4755066080188337,0.8796788569583038,0.007271570382779757,-0.0023871772292252307]","[0.05,0.05,0.05,0.2,0.2,0.2]",0.000122,26,0,[],0,,,96.194009,0.150052,25,air,0,0.0,air
2026-08-11T09:56:48.871887+00:00,1229604.338464248,v4_depth_down_10cm,0,"[0.0,0.0,0.0,0.0]",1,1,1,1,0.000000,4928,246451,1,0,0,1,0,3304843504,101,870,128,0,99,"[-0.35662418603897095,0.015369008295238018,-0.0345190167427063,0.9334834814071655]","[0.029089175164699554,0.005618686322122812,-0.0023171687498688698]","[0.13134099543094635,-0.6670780181884766,9.659112930297852]",-2.41158915,-0.00231716875,0.00525749335,51.5234375,"[0.0,0.0,0.0,0.0]","[0.0,0.0,0.0,0.0,0.0,0.0,0.0,0.0]","[0.0,0.0,0.0,0.0,0.0,0.0,0.0,0.0]",0,1,1,1,0.099369,26,1786442207.378930569,pool_world,"[0.8308922469804522,-0.7087338575231656,1.0949097671395471]","[0.4755066080188337,0.8796788569583038,0.007271570382779757,-0.0023871772292252307]","[0.05,0.05,0.05,0.2,0.2,0.2]",0.050169,26,0,[],0,,,96.194009,0.000151,26,air,0,0.0,air
2026-08-11T09:56:48.921598+00:00,1229604.388140571,v4_depth_down_10cm,0,"[0.0,0.0,0.0,0.0]",1,1,1,1,0.000000,4929,246501,1,0,0,1,0,3304843504,102,52892,129,0,100,"[-0.35641926527023315,0.014978012070059776,-0.034122027456760406,0.9335827231407166]","[0.007011982146650553,0.014926685020327568,-0.0013906608801335096]","[0.11216799914836884,-0.6854559779167175,9.657564163208008]",-2.41206145,-0.00139066088,0.00525749335,51.5234375,"[0.0,0.0,0.0,0.0]","[0.0,0.0,0.0,0.0,0.0,0.0,0.0,0.0]","[0.0,0.0,0.0,0.0,0.0,0.0,0.0,0.0]",0,1,1,1,0.149045,26,1786442207.378930569,pool_world,"[0.8308922469804522,-0.7087338575231656,1.0949097671395471]","[0.4755066080188337,0.8796788569583038,0.007271570382779757,-0.0023871772292252307]","[0.05,0.05,0.05,0.2,0.2,0.2]",0.099845,26,0,[],0,,,96.194009,0.049827,26,air,0,0.0,air
2026-08-11T09:56:48.972138+00:00,1229604.438922805,v4_depth_down_10cm,0,"[0.0,0.0,0.0,0.0]",1,1,1,1,0.000000,4930,246551,1,0,0,1,0,3304843504,102,52892,129,0,100,"[-0.3562231659889221,0.01453600637614727,-0.033933013677597046,0.9336714148521423]","[0.015093310736119747,0.008219924755394459,-0.001223458326421678]","[0.05943400040268898,-0.7168949842453003,9.683008193969727]",-2.41251755,-0.00122345833,0.00562818861,55.15625,"[0.0,0.0,0.0,0.0]","[0.0,0.0,0.0,0.0,0.0,0.0,0.0,0.0]","[0.0,0.0,0.0,0.0,0.0,0.0,0.0,0.0]",0,1,1,1,0.000079,27,1786442208.310385942,pool_world,"[0.8370545071662552,-0.7051265811716136,1.0949097671395471]","[0.47710035384154004,0.8788154787474316,-0.00089122253707848,-0.00760344662566338]","[0.05,0.05,0.05,0.2,0.2,0.2]",0.150627,26,0,[],0,,,96.194009,0.100610,26,air,0,0.0,air
2026-08-11T09:56:49.021450+00:00,1229604.488308398,v4_depth_down_10cm,0,"[0.0,0.0,0.0,0.0]",1,1,1,1,0.000000,4931,246601,1,0,0,1,0,3304843504,104,34659,130,0,100,"[-0.3560100793838501,0.014181003905832767,-0.0334320068359375,0.9337762594223022]","[0.02480689063668251,0.002527009928599,-0.0022877429146319628]","[0.07185699790716171,-0.6723480224609375,9.610529899597168]",-2.41300297,-0.00228774291,0.00562818861,55.15625,"[0.0,0.0,0.0,0.0]","[0.0,0.0,0.0,0.0,0.0,0.0,0.0,0.0]","[0.0,0.0,0.0,0.0,0.0,0.0,0.0,0.0]",0,1,1,1,0.049465,27,1786442208.310385942,pool_world,"[0.8370545071662552,-0.7051265811716136,1.0949097671395471]","[0.47710035384154004,0.8788154787474316,-0.00089122253707848,-0.00760344662566338]","[0.05,0.05,0.05,0.2,0.2,0.2]",0.000134,27,1,[15],1,0.09432,117.808846,95.436382,0.149995,26,air,0,0.0,air
2026-08-11T09:56:49.071794+00:00,1229604.538376002,v4_depth_down_10cm,0,"[0.0,0.0,0.0,0.0]",1,1,1,1,0.000000,4932,246651,1,0,0,1,0,3304843504,105,41385,131,0,100,"[-0.3558242619037628,0.01384901162236929,-0.032736025750637054,0.9338766932487488]","[0.027842942625284195,0.0006203947705216706,-0.003458998166024685]","[0.04565399885177612,-0.6576120257377625,9.6220064163208]",-2.41342807,-0.00345899817,0.00600446435,58.84375,"[0.0,0.0,0.0,0.0]","[0.0,0.0,0.0,0.0,0.0,0.0,0.0,0.0]","[0.0,0.0,0.0,0.0,0.0,0.0,0.0,0.0]",0,1,1,1,0.099532,27,1786442208.310385942,pool_world,"[0.8370545071662552,-0.7051265811716136,1.0949097671395471]","[0.47710035384154004,0.8788154787474316,-0.00089122253707848,-0.00760344662566338]","[0.05,0.05,0.05,0.2,0.2,0.2]",0.050201,27,1,[15],1,0.09432,117.808846,95.436382,0.000144,27,air,1,0.107101,air_pinhole_pose_pressure_depth_z
2026-08-11T09:56:49.121696+00:00,1229604.588102035,v4_depth_down_10cm,0,"[0.0,0.0,0.0,0.0]",1,1,1,1,0.000000,4933,246701,1,0,0,1,0,3304843504,106,19480,132,0,100,"[-0.35563912987709045,0.013597005046904087,-0.03197501227259636,0.9339773058891296]","[0.02719753421843052,-0.0049670846201479435,-0.00152880372479558]","[0.026497000828385353,-0.6375110149383545,9.671866416931152]",-2.41384506,-0.00152880372,0.00600446435,58.84375,"[0.0,0.0,0.0,0.0]","[0.0,0.0,0.0,0.0,0.0,0.0,0.0,0.0]","[0.0,0.0,0.0,0.0,0.0,0.0,0.0,0.0]",0,1,1,1,0.149258,27,1786442208.310385942,pool_world,"[0.8370545071662552,-0.7051265811716136,1.0949097671395471]","[0.47710035384154004,0.8788154787474316,-0.00089122253707848,-0.00760344662566338]","[0.05,0.05,0.05,0.2,0.2,0.2]",0.099927,27,1,[15],1,0.09432,117.808846,95.436382,0.049870,27,air,1,0.107101,air_pinhole_pose_pressure_depth_z
2026-08-11T09:56:49.172659+00:00,1229604.639126914,v4_depth_down_10cm,0,"[0.0,0.0,0.0,0.0]",1,1,1,1,0.000000,4934,246751,1,0,0,1,0,3304843504,107,42460,133,0,101,"[-0.35549017786979675,0.013522006571292877,-0.031107014045119286,0.9340643882751465]","[0.035049475729465485,-0.015600364655256271,0.0005415407940745354]","[0.03833400085568428,-0.6445620059967041,9.686498641967773]",-2.41417122,0.000541540794,0.00648278045,63.53125,"[0.0,0.0,0.0,0.0]","[0.0,0.0,0.0,0.0,0.0,0.0,0.0,0.0]","[0.0,0.0,0.0,0.0,0.0,0.0,0.0,0.0]",0,1,1,1,0.000100,28,1786442208.350314617,pool_world,"[0.8372763921151113,-0.7049536566360528,1.0949097671395471]","[0.47734761831485834,0.878684468098533,-0.00161601218828611,-0.00708839305752362]","[0.05,0.05,0.05,0.2,0.2,0.2]",0.150952,27,1,[15],1,0.09432,117.808846,95.436382,0.100895,27,air,1,0.107101,air_pinhole_pose_pressure_depth_z
2026-08-11T09:56:49.221823+00:00,1229604.688407092,v4_depth_down_10cm,0,"[0.0,0.0,0.0,0.0]",1,1,1,1,0.000000,4935,246801,1,0,0,1,0,3304843504,107,42460,133,0,101,"[-0.35536032915115356,0.0135880121961236,-0.029945023357868195,0.9341508150100708]","[0.044564977288246155,-0.020678415894508362,-0.0013502915389835835]","[-0.0007699999841861427,-0.6437469720840454,9.727616310119629]",-2.41444731,-0.00135029154,0.00648278045,63.53125,"[0.0,0.0,0.0,0.0]","[0.0,0.0,0.0,0.0,0.0,0.0,0.0,0.0]","[0.0,0.0,0.0,0.0,0.0,0.0,0.0,0.0]",0,1,1,1,0.049380,28,1786442208.350314617,pool_world,"[0.8372763921151113,-0.7049536566360528,1.0949097671395471]","[0.47734761831485834,0.878684468098533,-0.00161601218828611,-0.00708839305752362]","[0.05,0.05,0.05,0.2,0.2,0.2]",0.000156,28,1,[15],1,0.088546,116.274406,95.514941,0.150175,27,air,1,0.107101,air_pinhole_pose_pressure_depth_z
2026-08-11T09:56:49.271092+00:00,1229604.738223963,v4_depth_down_10cm,0,"[0.0,0.0,0.0,0.0]",1,1,1,1,0.000000,4936,246851,1,0,0,1,0,3304843504,107,42460,133,0,101,"[-0.35523706674575806,0.013738002628087997,-0.02858300507068634,0.9342381954193115]","[0.048978131264448166,-0.029430756345391273,-0.0003531150287017226]","[-0.050158001482486725,-0.6209669709205627,9.785884857177734]",-2.41470551,-0.000353115029,0.00722576538,70.8125,"[0.0,0.0,0.0,0.0]","[0.0,0.0,0.0,0.0,0.0,0.0,0.0,0.0]","[0.0,0.0,0.0,0.0,0.0,0.0,0.0,0.0]",0,1,1,1,0.099197,28,1786442208.350314617,pool_world,"[0.8372763921151113,-0.7049536566360528,1.0949097671395471]","[0.47734761831485834,0.878684468098533,-0.00161601218828611,-0.00708839305752362]","[0.05,0.05,0.05,0.2,0.2,0.2]",0.049973,28,1,[15],1,0.088546,116.274406,95.514941,0.000089,28,air,1,0.092576,air_pinhole_pose_pressure_depth_z
2026-08-11T09:56:49.321662+00:00,1229604.788165718,v4_depth_down_10cm,0,"[0.0,0.0,0.0,0.0]",1,1,1,1,0.000000,4937,246901,1,0,0,1,0,3304843504,107,42460,133,0,101,"[-0.3551003038883209,0.014062011614441872,-0.02712501958012581,0.9343287944793701]","[0.042850837111473083,-0.03563755005598068,-0.0008909208117984235]","[-0.04515400156378746,-0.5654079914093018,9.801918029785156]",-2.41498208,-0.000890920812,0.00817522313,80.1171875,"[0.0,0.0,0.0,0.0]","[0.0,0.0,0.0,0.0,0.0,0.0,0.0,0.0]","[0.0,0.0,0.0,0.0,0.0,0.0,0.0,0.0]",0,1,1,1,0.149139,28,1786442208.350314617,pool_world,"[0.8372763921151113,-0.7049536566360528,1.0949097671395471]","[0.47734761831485834,0.878684468098533,-0.00161601218828611,-0.00708839305752362]","[0.05,0.05,0.05,0.2,0.2,0.2]",0.099914,28,1,[15],1,0.088546,116.274406,95.514941,0.050031,28,air,1,0.092576,air_pinhole_pose_pressure_depth_z
2026-08-11T09:56:49.372654+00:00,1229604.839108377,v4_depth_down_10cm,0,"[0.0,0.0,0.0,0.0]",1,1,1,1,0.000000,4938,246951,1,0,0,1,0,3304843504,111,2717,134,0,102,"[-0.3549942076206207,0.01463300921022892,-0.025887012481689453,0.934395432472229]","[0.023932846263051033,-0.041107043623924255,0.0009284628322347999]","[-0.013984999619424343,-0.5416439771652222,9.792328834533691]",-2.41517711,0.000928462832,0.00817522313,80.1171875,"[0.0,0.0,0.0,0.0]","[0.0,0.0,0.0,0.0,0.0,0.0,0.0,0.0]","[0.0,0.0,0.0,0.0,0.0,0.0,0.0,0.0]",0,1,1,1,0.000124,29,1786442208.379189253,pool_world,"[0.8376035158462525,-0.70503024140109,1.0949097671395471]","[0.4775439718516622,0.878575568126151,-0.001626738494548594,-0.0073538943302293505]","[0.05,0.05,0.05,0.2,0.2,0.2]",0.150857,28,1,[15],1,0.088546,116.274406,95.514941,0.100973,28,air,1,0.092576,air_pinhole_pose_pressure_depth_z
2026-08-11T09:56:49.421498+00:00,1229604.888319645,v4_depth_down_10cm,0,"[0.0,0.0,0.0,0.0]",1,1,1,1,0.000000,4939,247001,1,0,0,1,0,3304843504,112,46813,135,0,100,"[-0.3548993468284607,0.015507014468312263,-0.025141024962067604,0.9344377517700195]","[-0.0016683427384123206,-0.04405331611633301,0.0014400886138901114]","[0.03376299887895584,-0.5445259809494019,9.776128768920898]",-2.41532516,0.00144008861,0.00949856453,93.0859375,"[0.0,0.0,0.0,0.0]","[0.0,0.0,0.0,0.0,0.0,0.0,0.0,0.0]","[0.0,0.0,0.0,0.0,0.0,0.0,0.0,0.0]",0,1,1,1,0.049335,29,1786442208.379189253,pool_world,"[0.8376035158462525,-0.70503024140109,1.0949097671395471]","[0.4775439718516622,0.878575568126151,-0.001626738494548594,-0.0073538943302293505]","[0.05,0.05,0.05,0.2,0.2,0.2]",0.000124,29,1,[15],1,0.144192,115.185921,95.664627,0.150185,28,air,1,0.092576,air_pinhole_pose_pressure_depth_z
2026-08-11T09:56:49.470906+00:00,1229604.938189461,v4_depth_down_10cm,0,"[0.0,0.0,0.0,0.0]",1,1,1,1,0.000000,4940,247051,1,0,0,1,0,3304843504,112,46813,135,0,100,"[-0.35480034351348877,0.01667201705276966,-0.024893028661608696,0.9344619512557983]","[-0.01449366845190525,-0.049577582627534866,0.002073503565043211]","[0.08370299637317657,-0.5711789727210999,9.779495239257812]",-2.41545677,0.00207350357,0.00949856453,93.0859375,"[0.0,0.0,0.0,0.0]","[0.0,0.0,0.0,0.0,0.0,0.0,0.0,0.0]","[0.0,0.0,0.0,0.0,0.0,0.0,0.0,0.0]",0,1,1,1,0.099205,29,1786442208.379189253,pool_world,"[0.8376035158462525,-0.70503024140109,1.0949097671395471]","[0.4775439718516622,0.878575568126151,-0.001626738494548594,-0.0073538943302293505]","[0.05,0.05,0.05,0.2,0.2,0.2]",0.049993,29,1,[15],1,0.144192,115.185921,95.664627,0.000092,29,air,1,0.04639,air_pinhole_pose_pressure_depth_z
2026-08-11T09:56:49.521542+00:00,1229604.988078351,v4_depth_down_10cm,0,"[0.0,0.0,0.0,0.0]",1,1,1,1,0.000000,4941,247101,1,0,0,1,0,3304843504,114,26865,136,0,100,"[-0.35472428798675537,0.01795201562345028,-0.024717019870877266,0.9344717860221863]","[-0.011459430679678917,-0.05146876722574234,0.0021251479629427195]","[0.18650199472904205,-0.5923609733581543,9.685035705566406]",-2.41552782,0.00212514796,0.0113185588,110.921875,"[0.0,0.0,0.0,0.0]","[0.0,0.0,0.0,0.0,0.0,0.0,0.0,0.0]","[0.0,0.0,0.0,0.0,0.0,0.0,0.0,0.0]",0,1,1,1,0.149094,29,1786442208.379189253,pool_world,"[0.8376035158462525,-0.70503024140109,1.0949097671395471]","[0.4775439718516622,0.878575568126151,-0.001626738494548594,-0.0073538943302293505]","[0.05,0.05,0.05,0.2,0.2,0.2]",0.099882,29,1,[15],1,0.144192,115.185921,95.664627,0.049981,29,air,1,0.04639,air_pinhole_pose_pressure_depth_z
2026-08-11T09:56:49.572628+00:00,1229605.039098475,v4_depth_down_10cm,0,"[0.0,0.0,0.0,0.0]",1,1,1,1,0.000000,4942,247151,1,0,0,1,0,3304843504,115,63617,137,0,102,"[-0.3546561896800995,0.019188009202480316,-0.024323012679815292,0.9344834089279175]","[0.0025439918972551823,-0.05216765031218529,0.003444058122113347]","[0.24141499400138855,-0.6002330183982849,9.659395217895508]",-2.41558552,0.00344405812,0.0113185588,110.921875,"[0.0,0.0,0.0,0.0]","[0.0,0.0,0.0,0.0,0.0,0.0,0.0,0.0]","[0.0,0.0,0.0,0.0,0.0,0.0,0.0,0.0]",0,1,1,1,0.000120,30,1786442208.416721582,pool_world,"[0.8373706001272297,-0.704672845342178,1.0949097671395471]","[0.4775593059030998,0.8785662429984705,-0.0015965832238734661,-0.007477762426782232]","[0.05,0.05,0.05,0.2,0.2,0.2]",0.150902,29,1,[15],1,0.144192,115.185921,95.664627,0.101001,29,air,1,0.04639,air_pinhole_pose_pressure_depth_z
2026-08-11T09:56:49.621876+00:00,1229605.088452217,v4_depth_down_10cm,0,"[0.0,0.0,0.0,0.0]",1,1,1,1,0.000000,4943,247201,1,0,0,1,0,3304843504,115,63617,137,0,102,"[-0.35461825132369995,0.020299015566706657,-0.023570014163851738,0.9344936013221741]","[0.022038482129573822,-0.051669687032699585,0.00355118652805686]","[0.29404598474502563,-0.5888509750366211,9.633444786071777]",-2.41559291,0.00355118653,0.0137460139,134.710938,"[0.0,0.0,0.0,0.0]","[0.0,0.0,0.0,0.0,0.0,0.0,0.0,0.0]","[0.0,0.0,0.0,0.0,0.0,0.0,0.0,0.0]",0,1,1,1,0.049474,30,1786442208.416721582,pool_world,"[0.8373706001272297,-0.704672845342178,1.0949097671395471]","[0.4775593059030998,0.8785662429984705,-0.0015965832238734661,-0.007477762426782232]","[0.05,0.05,0.05,0.2,0.2,0.2]",0.000154,30,1,[15],1,0.108206,108.425964,96.344283,0.150354,29,air,1,0.04639,air_pinhole_pose_pressure_depth_z
2026-08-11T09:56:49.671851+00:00,1229605.138404187,v4_depth_down_10cm,0,"[0.0,0.0,0.0,0.0]",1,1,1,1,0.000000,4944,247251,1,0,0,1,0,3304843504,117,13915,138,0,99,"[-0.3545943796634674,0.021178022027015686,-0.022481024265289307,0.9345099925994873]","[0.03548884764313698,-0.043007027357816696,0.004700521007180214]","[0.3395879864692688,-0.5728089809417725,9.595352172851562]",-2.41559529,0.00470052101,0.0137460139,134.710938,"[0.0,0.0,0.0,0.0]","[0.0,0.0,0.0,0.0,0.0,0.0,0.0,0.0]","[0.0,0.0,0.0,0.0,0.0,0.0,0.0,0.0]",0,1,1,1,0.099426,30,1786442208.416721582,pool_world,"[0.8373706001272297,-0.704672845342178,1.0949097671395471]","[0.4775593059030998,0.8785662429984705,-0.0015965832238734661,-0.007477762426782232]","[0.05,0.05,0.05,0.2,0.2,0.2]",0.050106,30,1,[15],1,0.108206,108.425964,96.344283,0.000132,30,air,0,0.0,air
2026-08-11T09:56:49.721531+00:00,1229605.188092692,v4_depth_down_10cm,0,"[0.0,0.0,0.0,0.0]",1,1,1,1,0.000000,4945,247301,1,0,0,1,0,3304843504,117,13915,138,0,99,"[-0.3546023368835449,0.02173301950097084,-0.021081019192934036,0.9345268607139587]","[0.05257879197597504,-0.03686332702636719,0.005916247610002756]","[0.36354199051856995,-0.5536760091781616,9.595346450805664]",-2.41556287,0.00591624761,0.0166501906,163.171875,"[0.0,0.0,0.0,0.0]","[0.0,0.0,0.0,0.0,0.0,0.0,0.0,0.0]","[0.0,0.0,0.0,0.0,0.0,0.0,0.0,0.0]",0,1,1,1,0.149115,30,1786442208.416721582,pool_world,"[0.8373706001272297,-0.704672845342178,1.0949097671395471]","[0.4775593059030998,0.8785662429984705,-0.0015965832238734661,-0.007477762426782232]","[0.05,0.05,0.05,0.2,0.2,0.2]",0.099794,30,1,[15],1,0.108206,108.425964,96.344283,0.049821,30,air,0,0.0,air
2026-08-11T09:56:49.772708+00:00,1229605.239186487,v4_depth_down_10cm,0,"[0.0,0.0,0.0,0.0]",1,1,1,1,0.000000,4946,247351,1,0,0,1,0,3304843504,117,13915,138,0,99,"[-0.35468432307243347,0.022005019709467888,-0.01949401944875717,0.93452388048172]","[0.05345451459288597,-0.02560858614742756,0.008167930878698826]","[0.3580709993839264,-0.5253549814224243,9.61005973815918]",-2.41540051,0.00816793088,0.0166501906,163.171875,"[0.0,0.0,0.0,0.0]","[0.0,0.0,0.0,0.0,0.0,0.0,0.0,0.0]","[0.0,0.0,0.0,0.0,0.0,0.0,0.0,0.0]",0,1,1,1,0.000102,31,1786442208.450232267,pool_world,"[0.8376563867855994,-0.7044247468571951,1.0949097671395471]","[0.4776603649139831,0.878501535299922,-0.002550262332949971,-0.008314110172082388]","[0.05,0.05,0.05,0.2,0.2,0.2]",0.150888,30,1,[15],1,0.108206,108.425964,96.344283,0.100914,30,air,0,0.0,air
2026-08-11T09:56:49.821825+00:00,1229605.288357500,v4_depth_down_10cm,0,"[0.0,0.0,0.0,0.0]",1,1,1,1,0.000000,4947,247401,1,0,0,1,0,3304843504,120,50473,139,0,100,"[-0.35480237007141113,0.02206002175807953,-0.01803801767528057,0.9345069527626038]","[0.04781088978052139,-0.018054943531751633,0.010446563363075256]","[0.3302899897098541,-0.4729340076446533,9.672937393188477]",-2.41517639,0.0104465634,0.0200916771,196.898438,"[0.0,0.0,0.0,0.0]","[0.0,0.0,0.0,0.0,0.0,0.0,0.0,0.0]","[0.0,0.0,0.0,0.0,0.0,0.0,0.0,0.0]",0,1,1,1,0.049273,31,1786442208.450232267,pool_world,"[0.8376563867855994,-0.7044247468571951,1.0949097671395471]","[0.4776603649139831,0.878501535299922,-0.002550262332949971,-0.008314110172082388]","[0.05,0.05,0.05,0.2,0.2,0.2]",0.000113,31,0,[],0,,,96.110527,0.150085,30,air,0,0.0,air
2026-08-11T09:56:49.871492+00:00,1229605.338334055,v4_depth_down_10cm,0,"[0.0,0.0,0.0,0.0]",1,1,1,1,0.000000,4948,247451,1,0,0,1,0,3304843504,120,50473,139,0,100,"[-0.35497626662254333,0.022051015868782997,-0.017005011439323425,0.9344605207443237]","[0.027763528749346733,-0.00788201205432415,0.015039362944662571]","[0.30412599444389343,-0.450982004404068,9.684308052062988]",-2.41482878,0.0150393629,0.0240258295,235.453125,"[0.0,0.0,0.0,0.0]","[0.0,0.0,0.0,0.0,0.0,0.0,0.0,0.0]","[0.0,0.0,0.0,0.0,0.0,0.0,0.0,0.0]",0,1,1,1,0.099249,31,1786442208.450232267,pool_world,"[0.8376563867855994,-0.7044247468571951,1.0949097671395471]","[0.4776603649139831,0.878501535299922,-0.002550262332949971,-0.008314110172082388]","[0.05,0.05,0.05,0.2,0.2,0.2]",0.050090,31,0,[],0,,,96.110527,0.000104,31,air,0,0.0,air
2026-08-11T09:56:49.921597+00:00,1229605.388144889,v4_depth_down_10cm,0,"[0.0,0.0,0.0,0.0]",1,1,1,1,0.000000,4949,247501,1,0,0,1,0,3304843504,122,49500,140,0,100,"[-0.3551992177963257,0.021896012127399445,-0.01632600836455822,0.9343915581703186]","[0.0260165948420763,0.0058696991764009,0.01600789837539196]","[0.2945129871368408,-0.4530870020389557,9.701020240783691]",-2.41437864,0.0160078984,0.0240258295,235.453125,"[0.0,0.0,0.0,0.0]","[0.0,0.0,0.0,0.0,0.0,0.0,0.0,0.0]","[0.0,0.0,0.0,0.0,0.0,0.0,0.0,0.0]",0,1,1,1,0.149060,31,1786442208.450232267,pool_world,"[0.8376563867855994,-0.7044247468571951,1.0949097671395471]","[0.4776603649139831,0.878501535299922,-0.002550262332949971,-0.008314110172082388]","[0.05,0.05,0.05,0.2,0.2,0.2]",0.099901,31,0,[],0,,,96.110527,0.049915,31,air,0,0.0,air
2026-08-11T09:56:49.972709+00:00,1229605.439165753,v4_depth_down_10cm,0,"[0.0,0.0,0.0,0.0]",1,1,1,1,0.000000,4950,247551,1,0,0,1,0,3304843504,123,59286,141,0,101,"[-0.3554653823375702,0.02140902169048786,-0.015780016779899597,0.934311032295227]","[0.0285202506929636,0.01773778162896633,0.01825837977230549]","[0.26093900203704834,-0.459526002407074,9.741507530212402]",-2.41385555,0.0182583798,0.0284869242,279.171875,"[0.0,0.0,0.0,0.0]","[0.0,0.0,0.0,0.0,0.0,0.0,0.0,0.0]","[0.0,0.0,0.0,0.0,0.0,0.0,0.0,0.0]",0,1,1,1,0.000101,32,1786442208.478593588,pool_world,"[0.8376795904895643,-0.7044561190924079,1.0949097671395471]","[0.4773719028544858,0.87866280898603,-0.001662870368488233,-0.008060355575555084]","[0.05,0.05,0.05,0.2,0.2,0.2]",0.150921,31,0,[],0,,,96.110527,0.100936,31,air,0,0.0,air
2026-08-11T09:56:50.021312+00:00,1229605.488252501,v4_depth_down_10cm,0,"[0.0,0.0,0.0,0.0]",1,1,1,1,0.000000,4951,247601,1,0,0,1,0,3304843504,123,59286,141,0,101,"[-0.3557271659374237,0.020611008629202843,-0.015171007253229618,0.934239387512207]","[0.03833839297294617,0.029512401670217514,0.01688445545732975]","[0.232232004404068,-0.4295029938220978,9.807904243469238]",-2.4133625,0.0168844555,0.0284869242,279.171875,"[0.0,0.0,0.0,0.0]","[0.0,0.0,0.0,0.0,0.0,0.0,0.0,0.0]","[0.0,0.0,0.0,0.0,0.0,0.0,0.0,0.0]",0,1,1,1,0.049187,32,1786442208.478593588,pool_world,"[0.8376795904895643,-0.7044561190924079,1.0949097671395471]","[0.4773719028544858,0.87866280898603,-0.001662870368488233,-0.008060355575555084]","[0.05,0.05,0.05,0.2,0.2,0.2]",0.000089,32,0,[],0,,,97.740829,0.150022,31,air,0,0.0,air
2026-08-11T09:56:50.071789+00:00,1229605.538378526,v4_depth_down_10cm,0,"[0.0,0.0,0.0,0.0]",1,1,1,1,0.000000,4952,247651,1,0,0,1,0,3304843504,125,5308,142,0,99,"[-0.35598114132881165,0.019516009837388992,-0.014466004446148872,0.9341773986816406]","[0.04569472745060921,0.037367187440395355,0.016788706183433533]","[0.22431400418281555,-0.41730499267578125,9.81643009185791]",-2.4129045,0.0167887062,0.033393655,327.257812,"[0.0,0.0,0.0,0.0]","[0.0,0.0,0.0,0.0,0.0,0.0,0.0,0.0]","[0.0,0.0,0.0,0.0,0.0,0.0,0.0,0.0]",0,1,1,1,0.099314,32,1786442208.478593588,pool_world,"[0.8376795904895643,-0.7044561190924079,1.0949097671395471]","[0.4773719028544858,0.87866280898603,-0.001662870368488233,-0.008060355575555084]","[0.05,0.05,0.05,0.2,0.2,0.2]",0.050215,32,0,[],0,,,97.740829,0.000149,32,air,0,0.0,air
2026-08-11T09:56:50.121676+00:00,1229605.588104878,v4_depth_down_10cm,0,"[0.0,0.0,0.0,0.0]",1,1,1,1,0.000000,4953,247701,1,0,0,1,0,3304843504,126,41202,143,0,101,"[-0.3562241196632385,0.018202004954218864,-0.013799003325402737,0.9341213703155518]","[0.03597671911120415,0.04200494661927223,0.01664850488305092]","[0.191880002617836,-0.3858729898929596,9.816393852233887]",-2.41247749,0.0166485049,0.033393655,327.257812,"[0.0,0.0,0.0,0.0]","[0.0,0.0,0.0,0.0,0.0,0.0,0.0,0.0]","[0.0,0.0,0.0,0.0,0.0,0.0,0.0,0.0]",0,1,1,1,0.149040,32,1786442208.478593588,pool_world,"[0.8376795904895643,-0.7044561190924079,1.0949097671395471]","[0.4773719028544858,0.87866280898603,-0.001662870368488233,-0.008060355575555084]","[0.05,0.05,0.05,0.2,0.2,0.2]",0.099942,32,0,[],0,,,97.740829,0.049876,32,air,0,0.0,air
2026-08-11T09:56:50.172630+00:00,1229605.639093318,v4_depth_down_10cm,0,"[0.0,0.0,0.0,0.0]",1,1,1,1,0.000000,4954,247751,1,0,0,1,0,3304843504,127,61085,144,0,101,"[-0.35644805431365967,0.016898004338145256,-0.013122002594172955,0.9340701699256897]","[0.05057419836521149,0.03815207630395889,0.015580607578158379]","[0.18965600430965424,-0.3668749928474426,9.799296379089355]",-2.41208482,0.0155806076,0.0386439748,378.710938,"[0.0,0.0,0.0,0.0]","[0.0,0.0,0.0,0.0,0.0,0.0,0.0,0.0]","[0.0,0.0,0.0,0.0,0.0,0.0,0.0,0.0]",0,1,1,1,0.000114,33,1786442208.515593290,pool_world,"[0.8379948289926294,-0.7046084774480912,1.0949097671395471]","[0.47752771235174474,0.8785792088905564,-0.0013934847318079157,-0.007994738373193687]","[0.05,0.05,0.05,0.2,0.2,0.2]",0.150930,32,0,[],0,,,97.740829,0.100864,32,air,0,0.0,air
2026-08-11T09:56:50.221959+00:00,1229605.688389005,v4_depth_down_10cm,0,"[0.0,0.0,0.0,0.0]",1,1,1,1,0.000000,4955,247801,1,0,0,1,0,3304843504,127,61085,144,0,101,"[-0.35663026571273804,0.01564101129770279,-0.012149007990956306,0.9340356588363647]","[0.05844266712665558,0.028689339756965637,0.011514320969581604]","[0.18257300555706024,-0.35485199093818665,9.796640396118164]",-2.41177797,0.011514321,0.0386439748,378.710938,"[0.0,0.0,0.0,0.0]","[0.0,0.0,0.0,0.0,0.0,0.0,0.0,0.0]","[0.0,0.0,0.0,0.0,0.0,0.0,0.0,0.0]",0,1,1,1,0.049410,33,1786442208.515593290,pool_world,"[0.8379948289926294,-0.7046084774480912,1.0949097671395471]","[0.47752771235174474,0.8785792088905564,-0.0013934847318079157,-0.007994738373193687]","[0.05,0.05,0.05,0.2,0.2,0.2]",0.000129,33,0,[],0,,,98.616792,0.150160,32,air,0,0.0,air
2026-08-11T09:56:50.271871+00:00,1229605.738411392,v4_depth_down_10cm,0,"[0.0,0.0,0.0,0.0]",1,1,1,1,0.000000,4956,247851,1,0,0,1,0,3304843504,129,11265,145,0,99,"[-0.3567671775817871,0.014523006975650787,-0.010939005762338638,0.9340164065361023]","[0.05474989861249924,0.0224822498857975,0.01221419870853424]","[0.19482600688934326,-0.2898879945278168,9.80062484741211]",-2.41155863,0.0122141987,0.04410794,432.257812,"[0.0,0.0,0.0,0.0]","[0.0,0.0,0.0,0.0,0.0,0.0,0.0,0.0]","[0.0,0.0,0.0,0.0,0.0,0.0,0.0,0.0]",0,1,1,1,0.099433,33,1786442208.515593290,pool_world,"[0.8379948289926294,-0.7046084774480912,1.0949097671395471]","[0.47752771235174474,0.8785792088905564,-0.0013934847318079157,-0.007994738373193687]","[0.05,0.05,0.05,0.2,0.2,0.2]",0.050151,33,0,[],0,,,98.616792,0.000158,33,air,0,0.0,air
2026-08-11T09:56:50.321814+00:00,1229605.788214992,v4_depth_down_10cm,0,"[0.0,0.0,0.0,0.0]",1,1,1,1,0.000000,4957,247901,1,0,0,1,0,3304843504,129,11265,145,0,99,"[-0.3569081425666809,0.013638005591928959,-0.009997003711760044,0.933986485004425]","[0.03767307475209236,0.018849346786737442,0.01217714510858059]","[0.22360099852085114,-0.27099698781967163,9.786282539367676]",-2.41131091,0.0121771451,0.04410794,432.257812,"[0.0,0.0,0.0,0.0]","[0.0,0.0,0.0,0.0,0.0,0.0,0.0,0.0]","[0.0,0.0,0.0,0.0,0.0,0.0,0.0,0.0]",0,1,1,1,0.149236,33,1786442208.515593290,pool_world,"[0.8379948289926294,-0.7046084774480912,1.0949097671395471]","[0.47752771235174474,0.8785792088905564,-0.0013934847318079157,-0.007994738373193687]","[0.05,0.05,0.05,0.2,0.2,0.2]",0.099955,33,0,[],0,,,98.616792,0.049962,33,air,0,0.0,air
2026-08-11T09:56:50.372727+00:00,1229605.839176568,v4_depth_down_10cm,0,"[0.0,0.0,0.0,0.0]",1,1,1,1,0.000000,4958,247951,1,0,0,1,0,3304843504,131,2111,146,0,101,"[-0.3570793867111206,0.012944013811647892,-0.009407009929418564,0.9339370131492615]","[0.022419888526201248,0.015235484577715397,0.014596975408494473]","[0.2571839988231659,-0.2547529935836792,9.75764274597168]",-2.41098213,0.0145969754,0.049761638,487.664062,"[0.0,0.0,0.0,0.0]","[0.0,0.0,0.0,0.0,0.0,0.0,0.0,0.0]","[0.0,0.0,0.0,0.0,0.0,0.0,0.0,0.0]",0,1,1,1,0.000102,34,1786442208.548924208,pool_world,"[0.8386256108236269,-0.7047293739279479,1.0949097671395471]","[0.47770545952980964,0.8784802398460235,-0.0019725600288667986,-0.008128415738575109]","[0.05,0.05,0.05,0.2,0.2,0.2]",0.150916,33,0,[],0,,,98.616792,0.100923,33,air,0,0.0,air
2026-08-11T09:56:50.421559+00:00,1229605.888347316,v4_depth_down_10cm,0,"[0.0,0.0,0.0,0.0]",1,1,1,1,0.000000,4959,248001,1,0,0,1,0,3304843504,132,62477,147,0,100,"[-0.3572741448879242,0.012530005536973476,-0.009273003786802292,0.933869481086731]","[-0.006244491785764694,0.009181932546198368,0.014533968642354012]","[0.2500079870223999,-0.23740600049495697,9.788492202758789]",-2.41058373,0.0145339686,0.0555939116,544.820312,"[0.0,0.0,0.0,0.0]","[0.0,0.0,0.0,0.0,0.0,0.0,0.0,0.0]","[0.0,0.0,0.0,0.0,0.0,0.0,0.0,0.0]",0,1,1,1,0.049273,34,1786442208.548924208,pool_world,"[0.8386256108236269,-0.7047293739279479,1.0949097671395471]","[0.47770545952980964,0.8784802398460235,-0.0019725600288667986,-0.008128415738575109]","[0.05,0.05,0.05,0.2,0.2,0.2]",0.000096,34,0,[],0,,,94.387977,0.150094,33,air,0,0.0,air
2026-08-11T09:56:50.471853+00:00,1229605.938478823,v4_depth_down_10cm,0,"[0.0,0.0,0.0,0.0]",1,1,1,1,0.000000,4960,248051,1,0,0,1,0,3304843504,133,55510,148,0,99,"[-0.35749733448028564,0.012464010156691074,-0.009777008555829525,0.9337798357009888]","[-0.034889984875917435,0.007556979078799486,0.0192851722240448]","[0.2618820071220398,-0.252003014087677,9.781645774841309]",-2.41010189,0.0192851722,0.0555939116,544.820312,"[0.0,0.0,0.0,0.0]","[0.0,0.0,0.0,0.0,0.0,0.0,0.0,0.0]","[0.0,0.0,0.0,0.0,0.0,0.0,0.0,0.0]",0,1,1,1,0.099405,34,1786442208.548924208,pool_world,"[0.8386256108236269,-0.7047293739279479,1.0949097671395471]","[0.47770545952980964,0.8784802398460235,-0.0019725600288667986,-0.008128415738575109]","[0.05,0.05,0.05,0.2,0.2,0.2]",0.050227,34,0,[],0,,,94.387977,0.000149,34,air,0,0.0,air
2026-08-11T09:56:50.521655+00:00,1229605.988205849,v4_depth_down_10cm,0,"[0.0,0.0,0.0,0.0]",1,1,1,1,0.000000,4961,248101,1,0,0,1,0,3304843504,133,55510,148,0,99,"[-0.3577651083469391,0.01271300483494997,-0.010912003926932812,0.9336613416671753]","[-0.05561023950576782,0.005164516624063253,0.0167580246925354]","[0.2567810118198395,-0.29975900053977966,9.803879737854004]",-2.40950346,0.0167580247,0.0615545288,603.234375,"[0.0,0.0,0.0,0.0]","[0.0,0.0,0.0,0.0,0.0,0.0,0.0,0.0]","[0.0,0.0,0.0,0.0,0.0,0.0,0.0,0.0]",0,1,1,1,0.149132,34,1786442208.548924208,pool_world,"[0.8386256108236269,-0.7047293739279479,1.0949097671395471]","[0.47770545952980964,0.8784802398460235,-0.0019725600288667986,-0.008128415738575109]","[0.05,0.05,0.05,0.2,0.2,0.2]",0.099955,34,0,[],0,,,94.387977,0.049876,34,air,0,0.0,air
2026-08-11T09:56:50.572737+00:00,1229606.039202140,v4_depth_down_10cm,0,"[0.0,0.0,0.0,0.0]",1,1,1,1,0.000000,4962,248151,1,0,0,1,0,3304843504,135,22082,149,0,101,"[-0.35801810026168823,0.013097004033625126,-0.01241800282150507,0.9335402250289917]","[-0.07263468950986862,0.010920054279267788,0.019000893458724022]","[0.25206100940704346,-0.31964001059532166,9.760937690734863]",-2.40892553,0.0190008935,0.0615545288,603.234375,"[0.0,0.0,0.0,0.0]","[0.0,0.0,0.0,0.0,0.0,0.0,0.0,0.0]","[0.0,0.0,0.0,0.0,0.0,0.0,0.0,0.0]",0,1,1,1,0.000101,35,1786442208.580712795,pool_world,"[0.8390417812061742,-0.7047220108640284,1.0949097671395471]","[0.4775237192498959,0.878578410892057,-0.002275268479297007,-0.00811767340324302]","[0.05,0.05,0.05,0.2,0.2,0.2]",0.150951,34,0,[],0,,,94.387977,0.100873,34,air,0,0.0,air
2026-08-11T09:56:50.622025+00:00,1229606.088464741,v4_depth_down_10cm,0,"[0.0,0.0,0.0,0.0]",1,1,1,1,0.000000,4963,248201,1,0,0,1,0,3304843504,135,22082,149,0,101,"[-0.35832729935646057,0.013360011391341686,-0.013983012177050114,0.9333957433700562]","[-0.05677592754364014,0.01521551888436079,0.021465333178639412]","[0.1929830014705658,-0.3437359929084778,9.792598724365234]",-2.40823174,0.0214653332,0.0675924793,662.40625,"[0.0,0.0,0.0,0.0]","[0.0,0.0,0.0,0.0,0.0,0.0,0.0,0.0]","[0.0,0.0,0.0,0.0,0.0,0.0,0.0,0.0]",0,1,1,1,0.049364,35,1786442208.580712795,pool_world,"[0.8390417812061742,-0.7047220108640284,1.0949097671395471]","[0.4775237192498959,0.878578410892057,-0.002275268479297007,-0.00811767340324302]","[0.05,0.05,0.05,0.2,0.2,0.2]",0.000130,35,0,[],0,,,97.833268,0.150135,34,air,0,0.0,air
2026-08-11T09:56:50.672054+00:00,1229606.138510662,v4_depth_down_10cm,0,"[0.0,0.0,0.0,0.0]",1,1,1,1,0.000000,4964,248251,1,0,0,1,0,3304843504,137,27299,150,0,99,"[-0.35862210392951965,0.013548003509640694,-0.015469004400074482,0.9332563281059265]","[-0.0634777843952179,0.014619524590671062,0.020212849602103233]","[0.13212800025939941,-0.38260599970817566,9.854040145874023]",-2.40757346,0.0202128496,0.0675924793,662.40625,"[0.0,0.0,0.0,0.0]","[0.0,0.0,0.0,0.0,0.0,0.0,0.0,0.0]","[0.0,0.0,0.0,0.0,0.0,0.0,0.0,0.0]",0,1,1,1,0.099409,35,1786442208.580712795,pool_world,"[0.8390417812061742,-0.7047220108640284,1.0949097671395471]","[0.4775237192498959,0.878578410892057,-0.002275268479297007,-0.00811767340324302]","[0.05,0.05,0.05,0.2,0.2,0.2]",0.050176,35,0,[],0,,,97.833268,0.000171,35,air,0,0.0,air
2026-08-11T09:56:50.721777+00:00,1229606.188177390,v4_depth_down_10cm,0,"[0.0,0.0,0.0,0.0]",1,1,1,1,0.000000,4965,248301,1,0,0,1,0,3304843504,137,27299,150,0,99,"[-0.35889115929603577,0.013725006952881813,-0.01678801141679287,0.9331274628639221]","[-0.04217752441763878,0.01135493814945221,0.019785961136221886]","[0.10797099769115448,-0.42054200172424316,9.883108139038086]",-2.40697289,0.0197859611,0.0733904615,719.226562,"[0.0,0.0,0.0,0.0]","[0.0,0.0,0.0,0.0,0.0,0.0,0.0,0.0]","[0.0,0.0,0.0,0.0,0.0,0.0,0.0,0.0]",0,1,1,1,0.149076,35,1786442208.580712795,pool_world,"[0.8390417812061742,-0.7047220108640284,1.0949097671395471]","[0.4775237192498959,0.878578410892057,-0.002275268479297007,-0.00811767340324302]","[0.05,0.05,0.05,0.2,0.2,0.2]",0.099843,35,0,[],0,,,97.833268,0.049838,35,air,0,0.0,air
2026-08-11T09:56:50.772746+00:00,1229606.239210704,v4_depth_down_10cm,0,"[0.0,0.0,0.0,0.0]",1,1,1,1,0.000000,4966,248351,1,0,0,1,0,3304843504,139,20125,151,0,101,"[-0.35914918780326843,0.01375400647521019,-0.017516007646918297,0.9330143928527832]","[-0.012350055389106274,0.008035287261009216,0.019410766661167145]","[0.0912960022687912,-0.4230169951915741,9.873355865478516]",-2.40641093,0.0194107667,0.0733904615,719.226562,"[0.0,0.0,0.0,0.0]","[0.0,0.0,0.0,0.0,0.0,0.0,0.0,0.0]","[0.0,0.0,0.0,0.0,0.0,0.0,0.0,0.0]",0,1,1,1,0.000098,36,1786442208.615969419,pool_world,"[0.8386295607647931,-0.7043823601164685,1.0949097671395471]","[0.47748134191879915,0.878591581928735,-0.0018968102768632104,-0.009208821540216523]","[0.05,0.05,0.05,0.2,0.2,0.2]",0.150876,35,0,[],0,,,97.833268,0.100872,35,air,0,0.0,air
2026-08-11T09:56:50.821884+00:00,1229606.288434020,v4_depth_down_10cm,0,"[0.0,0.0,0.0,0.0]",1,1,1,1,0.000000,4967,248401,1,0,0,1,0,3304843504,140,10517,152,0,100,"[-0.3594173192977905,0.013594011776149273,-0.017494015395641327,0.9329138994216919]","[0.017468007281422615,0.0028286899905651808,0.01784585230052471]","[0.04345700144767761,-0.4369730055332184,9.88980484008789]",-2.4058454,0.0178458523,0.0790027082,774.226562,"[0.0,0.0,0.0,0.0]","[0.0,0.0,0.0,0.0,0.0,0.0,0.0,0.0]","[0.0,0.0,0.0,0.0,0.0,0.0,0.0,0.0]",0,1,1,1,0.049321,36,1786442208.615969419,pool_world,"[0.8386295607647931,-0.7043823601164685,1.0949097671395471]","[0.47748134191879915,0.878591581928735,-0.0018968102768632104,-0.009208821540216523]","[0.05,0.05,0.05,0.2,0.2,0.2]",0.000122,36,0,[],0,,,101.049882,0.150095,35,air,0,0.0,air
2026-08-11T09:56:50.871808+00:00,1229606.338403849,v4_depth_down_10cm,0,"[0.0,0.0,0.0,0.0]",1,1,1,1,0.000000,4968,248451,1,0,0,1,0,3304843504,140,10517,152,0,100,"[-0.3596761226654053,0.013467003591358662,-0.016661005094647408,0.9328312873840332]","[0.03807884454727173,-0.014171863906085491,0.016435643658041954]","[0.04591500014066696,-0.4053109884262085,9.915753364562988]",-2.40530634,0.0164356437,0.0790027082,774.226562,"[0.0,0.0,0.0,0.0]","[0.0,0.0,0.0,0.0,0.0,0.0,0.0,0.0]","[0.0,0.0,0.0,0.0,0.0,0.0,0.0,0.0]",0,1,1,1,0.099291,36,1786442208.615969419,pool_world,"[0.8386295607647931,-0.7043823601164685,1.0949097671395471]","[0.47748134191879915,0.878591581928735,-0.0018968102768632104,-0.009208821540216523]","[0.05,0.05,0.05,0.2,0.2,0.2]",0.050092,36,0,[],0,,,101.049882,0.000135,36,air,0,0.0,air
2026-08-11T09:56:50.921514+00:00,1229606.388074625,v4_depth_down_10cm,0,"[0.0,0.0,0.0,0.0]",1,1,1,1,0.000000,4969,248501,1,0,0,1,0,3304843504,142,29100,153,0,99,"[-0.35991615056991577,0.013591005466878414,-0.015351006761193275,0.9327594041824341]","[0.052603475749492645,-0.030516959726810455,0.014365998096764088]","[0.08446499705314636,-0.3677949905395508,9.863669395446777]",-2.40479946,0.0143659981,0.0843191892,826.328125,"[0.0,0.0,0.0,0.0]","[0.0,0.0,0.0,0.0,0.0,0.0,0.0,0.0]","[0.0,0.0,0.0,0.0,0.0,0.0,0.0,0.0]",0,1,1,1,0.148962,36,1786442208.615969419,pool_world,"[0.8386295607647931,-0.7043823601164685,1.0949097671395471]","[0.47748134191879915,0.878591581928735,-0.0018968102768632104,-0.009208821540216523]","[0.05,0.05,0.05,0.2,0.2,0.2]",0.099763,36,0,[],0,,,101.049882,0.049806,36,air,0,0.0,air
2026-08-11T09:56:50.971875+00:00,1229606.438780235,v4_depth_down_10cm,0,"[0.0,0.0,0.0,0.0]",1,1,1,1,0.000000,4970,248551,1,0,0,1,0,3304843504,142,29100,153,0,99,"[-0.36016014218330383,0.014007005840539932,-0.01386200450360775,0.9326823949813843]","[0.03912708908319473,-0.042891815304756165,0.015728820115327835]","[0.12064000219106674,-0.31800898909568787,9.826569557189941]",-2.40427351,0.0157288201,0.0893877596,876,"[0.0,0.0,0.0,0.0]","[0.0,0.0,0.0,0.0,0.0,0.0,0.0,0.0]","[0.0,0.0,0.0,0.0,0.0,0.0,0.0,0.0]",0,1,1,1,0.000071,37,1786442208.646892071,pool_world,"[0.8385149558717307,-0.7040784250422221,1.0949097671395471]","[0.47807921330844794,0.8782582178190383,-0.0028516233242640394,-0.009728148853643705]","[0.05,0.05,0.05,0.2,0.2,0.2]",0.150468,36,0,[],0,,,101.049882,0.100512,36,air,0,0.0,air
2026-08-11T09:56:51.021575+00:00,1229606.488311910,v4_depth_down_10cm,0,"[0.0,0.0,0.0,0.0]",1,1,1,1,0.000000,4971,248601,1,0,0,1,0,3304843504,142,29100,153,0,99,"[-0.36044323444366455,0.014856008812785149,-0.012685008347034454,0.932576596736908]","[0.017734499648213387,-0.05457627400755882,0.018255479633808136]","[0.18986499309539795,-0.31610599160194397,9.81534481048584]",-2.40364003,0.0182554796,0.0893877596,876,"[0.0,0.0,0.0,0.0]","[0.0,0.0,0.0,0.0,0.0,0.0,0.0,0.0]","[0.0,0.0,0.0,0.0,0.0,0.0,0.0,0.0]",0,1,1,1,0.049603,37,1786442208.646892071,pool_world,"[0.8385149558717307,-0.7040784250422221,1.0949097671395471]","[0.47807921330844794,0.8782582178190383,-0.0028516233242640394,-0.009728148853643705]","[0.05,0.05,0.05,0.2,0.2,0.2]",0.000104,37,0,[],0,,,102.19392,0.150043,36,air,0,0.0,air
2026-08-11T09:56:51.070977+00:00,1229606.538264103,v4_depth_down_10cm,0,"[0.0,0.0,0.0,0.0]",1,1,1,1,0.000000,4972,248651,1,0,0,1,0,3304843504,145,34442,154,0,99,"[-0.3607531189918518,0.016162006184458733,-0.01182300504297018,0.9324463605880737]","[0.003638732247054577,-0.06882643699645996,0.019036324694752693]","[0.24237599968910217,-0.31897300481796265,9.80159854888916]",-2.40292263,0.0190363247,0.0942179486,923.335938,"[0.0,0.0,0.0,0.0]","[0.0,0.0,0.0,0.0,0.0,0.0,0.0,0.0]","[0.0,0.0,0.0,0.0,0.0,0.0,0.0,0.0]",0,1,1,1,0.099555,37,1786442208.646892071,pool_world,"[0.8385149558717307,-0.7040784250422221,1.0949097671395471]","[0.47807921330844794,0.8782582178190383,-0.0028516233242640394,-0.009728148853643705]","[0.05,0.05,0.05,0.2,0.2,0.2]",0.050056,37,0,[],0,,,102.19392,0.000084,37,air,0,0.0,air
2026-08-11T09:56:51.120634+00:00,1229606.588007518,v4_depth_down_10cm,0,"[0.0,0.0,0.0,0.0]",1,1,1,1,0.000000,4973,248701,1,0,0,1,0,3304843504,146,53923,155,0,99,"[-0.36107107996940613,0.017867006361484528,-0.011077002622187138,0.9323013424873352]","[-0.0031349603086709976,-0.08126769214868546,0.018605420365929604]","[0.29027000069618225,-0.29787400364875793,9.780247688293457]",-2.40216398,0.0186054204,0.0942179486,923.335938,"[0.0,0.0,0.0,0.0]","[0.0,0.0,0.0,0.0,0.0,0.0,0.0,0.0]","[0.0,0.0,0.0,0.0,0.0,0.0,0.0,0.0]",0,1,1,1,0.149299,37,1786442208.646892071,pool_world,"[0.8385149558717307,-0.7040784250422221,1.0949097671395471]","[0.47807921330844794,0.8782582178190383,-0.0028516233242640394,-0.009728148853643705]","[0.05,0.05,0.05,0.2,0.2,0.2]",0.099800,37,0,[],0,,,102.19392,0.049827,37,air,0,0.0,air
2026-08-11T09:56:51.171368+00:00,1229606.638624474,v4_depth_down_10cm,0,"[0.0,0.0,0.0,0.0]",1,1,1,1,0.000000,4974,248751,1,0,0,1,0,3304843504,146,53923,155,0,99,"[-0.3613792061805725,0.01997201144695282,-0.010617006570100784,0.9321445226669312]","[-0.031814295798540115,-0.08981658518314362,0.0185866579413414]","[0.3619860112667084,-0.28905901312828064,9.749757766723633]",-2.40139461,0.0185866579,0.0987834781,968.078125,"[0.0,0.0,0.0,0.0]","[0.0,0.0,0.0,0.0,0.0,0.0,0.0,0.0]","[0.0,0.0,0.0,0.0,0.0,0.0,0.0,0.0]",0,1,1,1,0.000055,38,1786442208.678533554,pool_world,"[0.8389140623591474,-0.7046252662943455,1.0949097671395471]","[0.47804549413572056,0.878283035365155,-0.0013232152548234538,-0.009469130250138869]","[0.05,0.05,0.05,0.2,0.2,0.2]",0.150417,37,0,[],0,,,102.19392,0.100444,37,air,0,0.0,air
2026-08-11T09:56:51.220764+00:00,1229606.688159633,v4_depth_down_10cm,0,"[0.0,0.0,0.0,0.0]",1,1,1,1,0.000000,4975,248801,1,0,0,1,0,3304843504,148,29167,156,0,100,"[-0.3616942763328552,0.02242901735007763,-0.010611006990075111,0.9319665431976318]","[-0.04158072546124458,-0.09263408184051514,0.02102496847510338]","[0.43335598707199097,-0.34108200669288635,9.726554870605469]",-2.40056944,0.0210249685,0.0987834781,968.078125,"[0.0,0.0,0.0,0.0]","[0.0,0.0,0.0,0.0,0.0,0.0,0.0,0.0]","[0.0,0.0,0.0,0.0,0.0,0.0,0.0,0.0]",0,1,1,1,0.049591,38,1786442208.678533554,pool_world,"[0.8389140623591474,-0.7046252662943455,1.0949097671395471]","[0.47804549413572056,0.878283035365155,-0.0013232152548234538,-0.009469130250138869]","[0.05,0.05,0.05,0.2,0.2,0.2]",0.000071,38,0,[],0,,,100.686458,0.149980,37,air,0,0.0,air
2026-08-11T09:56:51.270906+00:00,1229606.738201891,v4_depth_down_10cm,0,"[0.0,0.0,0.0,0.0]",1,1,1,1,0.000000,4976,248851,1,0,0,1,0,3304843504,148,29167,156,0,100,"[-0.36204326152801514,0.024961020797491074,-0.01069700624793768,0.9317656755447388]","[-0.042196597903966904,-0.09344647824764252,0.022258933633565903]","[0.47386300563812256,-0.3550330102443695,9.718430519104004]",-2.39965034,0.0222589336,0.103120215,1010.57812,"[0.0,0.0,0.0,0.0]","[0.0,0.0,0.0,0.0,0.0,0.0,0.0,0.0]","[0.0,0.0,0.0,0.0,0.0,0.0,0.0,0.0]",0,1,1,1,0.099633,38,1786442208.678533554,pool_world,"[0.8389140623591474,-0.7046252662943455,1.0949097671395471]","[0.47804549413572056,0.878283035365155,-0.0013232152548234538,-0.009469130250138869]","[0.05,0.05,0.05,0.2,0.2,0.2]",0.050114,38,0,[],0,,,100.686458,0.000092,38,air,0,0.0,air
2026-08-11T09:56:51.321786+00:00,1229606.788186627,v4_depth_down_10cm,0,"[0.0,0.0,0.0,0.0]",1,1,1,1,0.000000,4977,248901,1,0,0,1,0,3304843504,150,45804,157,0,101,"[-0.36244913935661316,0.027437010779976845,-0.01059300359338522,0.9315394163131714]","[-0.02513459138572216,-0.09165425598621368,0.024774983525276184]","[0.5237510204315186,-0.3863869905471802,9.729061126708984]",-2.39860535,0.0247749835,0.103120215,1010.57812,"[0.0,0.0,0.0,0.0]","[0.0,0.0,0.0,0.0,0.0,0.0,0.0,0.0]","[0.0,0.0,0.0,0.0,0.0,0.0,0.0,0.0]",0,1,1,1,0.149618,38,1786442208.678533554,pool_world,"[0.8389140623591474,-0.7046252662943455,1.0949097671395471]","[0.47804549413572056,0.878283035365155,-0.0013232152548234538,-0.009469130250138869]","[0.05,0.05,0.05,0.2,0.2,0.2]",0.100098,38,0,[],0,,,100.686458,0.050077,38,air,0,0.0,air
2026-08-11T09:56:51.372527+00:00,1229606.839109898,v4_depth_down_10cm,0,"[0.0,0.0,0.0,0.0]",1,1,1,1,0.000000,4978,248951,1,0,0,1,0,3304843504,151,37926,158,0,102,"[-0.36291423439979553,0.029613018035888672,-0.009962006472051144,0.9312986135482788]","[0.007176951039582491,-0.08621732890605927,0.027317002415657043]","[0.5475940108299255,-0.39138099551200867,9.724610328674316]",-2.39746356,0.0273170024,0.107208222,1050.64062,"[0.0,0.0,0.0,0.0]","[0.0,0.0,0.0,0.0,0.0,0.0,0.0,0.0]","[0.0,0.0,0.0,0.0,0.0,0.0,0.0,0.0]",0,1,1,1,0.000111,39,1786442208.717615128,pool_world,"[0.8400093023265046,-0.7053151328847376,1.0949097671395471]","[0.4778514507709599,0.8784064012107375,-0.001173795731902696,-0.0076686055883440464]","[0.05,0.05,0.05,0.2,0.2,0.2]",0.151022,38,0,[],0,,,100.686458,0.101000,38,air,0,0.0,air
2026-08-11T09:56:51.421444+00:00,1229606.888276062,v4_depth_down_10cm,0,"[0.0,0.0,0.0,0.0]",1,1,1,1,0.000000,4979,249001,1,0,0,1,0,3304843504,152,41316,159,0,100,"[-0.3635040819644928,0.031268008053302765,-0.008685002103447914,0.9310272336006165]","[0.03588276728987694,-0.07133747637271881,0.0345626175403595]","[0.5834770202636719,-0.3698599934577942,9.727105140686035]",-2.39611626,0.0345626175,0.107208222,1050.64062,"[0.0,0.0,0.0,0.0]","[0.0,0.0,0.0,0.0,0.0,0.0,0.0,0.0]","[0.0,0.0,0.0,0.0,0.0,0.0,0.0,0.0]",0,1,1,1,0.049277,39,1786442208.717615128,pool_world,"[0.8400093023265046,-0.7053151328847376,1.0949097671395471]","[0.4778514507709599,0.8784064012107375,-0.001173795731902696,-0.0076686055883440464]","[0.05,0.05,0.05,0.2,0.2,0.2]",0.000097,39,0,[],0,,,100.696703,0.150167,38,air,0,0.0,air
2026-08-11T09:56:51.471787+00:00,1229606.938382213,v4_depth_down_10cm,0,"[0.0,0.0,0.0,0.0]",1,1,1,1,0.000000,4980,249051,1,0,0,1,0,3304843504,152,41316,159,0,100,"[-0.3642660975456238,0.032317012548446655,-0.0069080013781785965,0.9307084083557129]","[0.0629742220044136,-0.055220022797584534,0.040145713835954666]","[0.5458909869194031,-0.36628100275993347,9.792187690734863]",-2.39446998,0.0401457138,0.11110013,1088.78125,"[0.0,0.0,0.0,0.0]","[0.0,0.0,0.0,0.0,0.0,0.0,0.0,0.0]","[0.0,0.0,0.0,0.0,0.0,0.0,0.0,0.0]",0,1,1,1,0.099383,39,1786442208.717615128,pool_world,"[0.8400093023265046,-0.7053151328847376,1.0949097671395471]","[0.4778514507709599,0.8784064012107375,-0.001173795731902696,-0.0076686055883440464]","[0.05,0.05,0.05,0.2,0.2,0.2]",0.050203,39,0,[],0,,,100.696703,0.000135,39,air,0,0.0,air
2026-08-11T09:56:51.521599+00:00,1229606.988163198,v4_depth_down_10cm,0,"[0.0,0.0,0.0,0.0]",1,1,1,1,0.000000,4981,249101,1,0,0,1,0,3304843504,152,41316,159,0,100,"[-0.36517322063446045,0.03278801962733269,-0.004620003048330545,0.9303505420684814]","[0.08719968795776367,-0.04281697794795036,0.046593207865953445]","[0.5308849811553955,-0.31005600094795227,9.845563888549805]",-2.39258409,0.0465932079,0.11110013,1088.78125,"[0.0,0.0,0.0,0.0]","[0.0,0.0,0.0,0.0,0.0,0.0,0.0,0.0]","[0.0,0.0,0.0,0.0,0.0,0.0,0.0,0.0]",0,1,1,1,0.149164,39,1786442208.717615128,pool_world,"[0.8400093023265046,-0.7053151328847376,1.0949097671395471]","[0.4778514507709599,0.8784064012107375,-0.001173795731902696,-0.0076686055883440464]","[0.05,0.05,0.05,0.2,0.2,0.2]",0.099984,39,0,[],0,,,100.696703,0.049916,39,air,0,0.0,air
2026-08-11T09:56:51.572746+00:00,1229607.039185686,v4_depth_down_10cm,0,"[0.0,0.0,0.0,0.0]",1,1,1,1,0.000000,4982,249151,1,0,0,1,0,3304843504,155,21832,160,0,101,"[-0.36625128984451294,0.032736025750637054,-0.002017001388594508,0.9299377799034119]","[0.10006358474493027,-0.02909797430038452,0.052542004734277725]","[0.5264340043067932,-0.24497899413108826,9.851751327514648]",-2.39038849,0.0525420047,0.114760838,1124.65625,"[0.0,0.0,0.0,0.0]","[0.0,0.0,0.0,0.0,0.0,0.0,0.0,0.0]","[0.0,0.0,0.0,0.0,0.0,0.0,0.0,0.0]",0,1,1,1,0.000101,40,1786442208.747272968,pool_world,"[0.8399142621042748,-0.7056899871195583,1.0949097671395471]","[0.47880967058135715,0.8778749921076451,-1.4320073571950597e-06,-0.008763423287947075]","[0.05,0.05,0.05,0.2,0.2,0.2]",0.151006,39,0,[],0,,,100.696703,0.100938,39,air,0,0.0,air
2026-08-11T09:56:51.621818+00:00,1229607.088401343,v4_depth_down_10cm,0,"[0.0,0.0,0.0,0.0]",1,1,1,1,0.000000,4983,249201,1,0,0,1,0,3304843504,155,21832,160,0,101,"[-0.3674943149089813,0.032318029552698135,0.00045699995825998485,0.9294639825820923]","[0.0891769751906395,-0.01394703146070242,0.06077044457197189]","[0.5241680145263672,-0.1913529932498932,9.896513938903809]",-2.38785911,0.0607704446,0.118160069,1157.96875,"[0.0,0.0,0.0,0.0]","[0.0,0.0,0.0,0.0,0.0,0.0,0.0,0.0]","[0.0,0.0,0.0,0.0,0.0,0.0,0.0,0.0]",0,1,1,1,0.049317,40,1786442208.747272968,pool_world,"[0.8399142621042748,-0.7056899871195583,1.0949097671395471]","[0.47880967058135715,0.8778749921076451,-1.4320073571950597e-06,-0.008763423287947075]","[0.05,0.05,0.05,0.2,0.2,0.2]",0.000128,40,0,[],0,,,100.650691,0.150154,39,air,0,0.0,air
2026-08-11T09:56:51.672086+00:00,1229607.138529624,v4_depth_down_10cm,0,"[0.0,0.0,0.0,0.0]",1,1,1,1,0.000000,4984,249251,1,0,0,1,0,3304843504,157,57894,161,0,99,"[-0.36888816952705383,0.03174501657485962,0.0023920012172311544,0.9289284348487854]","[0.06976496428251266,0.0012435297248885036,0.06772428750991821]","[0.5195850133895874,-0.16261300444602966,9.886443138122559]",-2.38498712,0.0677242875,0.118160069,1157.96875,"[0.0,0.0,0.0,0.0]","[0.0,0.0,0.0,0.0,0.0,0.0,0.0,0.0]","[0.0,0.0,0.0,0.0,0.0,0.0,0.0,0.0]",0,1,1,1,0.099445,40,1786442208.747272968,pool_world,"[0.8399142621042748,-0.7056899871195583,1.0949097671395471]","[0.47880967058135715,0.8778749921076451,-1.4320073571950597e-06,-0.008763423287947075]","[0.05,0.05,0.05,0.2,0.2,0.2]",0.050256,40,0,[],0,,,100.650691,0.000159,40,air,1,0.04874,air_pinhole_pose_pressure_depth_z
2026-08-11T09:56:51.721624+00:00,1229607.188082884,v4_depth_down_10cm,0,"[0.0,0.0,0.0,0.0]",1,1,1,1,0.000000,4985,249301,1,0,0,1,0,3304843504,157,57894,161,0,99,"[-0.3703881502151489,0.031075013801455498,0.003785001579672098,0.9283493757247925]","[0.04360061138868332,0.007088934071362019,0.07235756516456604]","[0.517441987991333,-0.10213799774646759,9.907119750976562]",-2.38186264,0.0723575652,0.121159121,1187.35938,"[0.0,0.0,0.0,0.0]","[0.0,0.0,0.0,0.0,0.0,0.0,0.0,0.0]","[0.0,0.0,0.0,0.0,0.0,0.0,0.0,0.0]",0,1,1,1,0.148998,40,1786442208.747272968,pool_world,"[0.8399142621042748,-0.7056899871195583,1.0949097671395471]","[0.47880967058135715,0.8778749921076451,-1.4320073571950597e-06,-0.008763423287947075]","[0.05,0.05,0.05,0.2,0.2,0.2]",0.099809,40,0,[],0,,,100.650691,0.049713,40,air,1,0.04874,air_pinhole_pose_pressure_depth_z
2026-08-11T09:56:51.772737+00:00,1229607.239205318,v4_depth_down_10cm,0,"[0.0,0.0,0.0,0.0]",1,1,1,1,0.000000,4986,249351,1,0,0,1,0,3304843504,159,50712,162,0,101,"[-0.37198516726493835,0.030606014654040337,0.00420500198379159,0.9277244210243225]","[-0.0016514480812475085,0.013083268888294697,0.07891328632831573]","[0.5631660223007202,-0.0852380022406578,9.820239067077637]",-2.37846684,0.0789132863,0.121159121,1187.35938,"[0.0,0.0,0.0,0.0]","[0.0,0.0,0.0,0.0,0.0,0.0,0.0,0.0]","[0.0,0.0,0.0,0.0,0.0,0.0,0.0,0.0]",0,1,1,1,0.000100,41,1786442208.778841972,pool_world,"[0.8402960511710917,-0.7057956669030923,1.0949097671395471]","[0.47845057540587,0.8780946769544071,-0.0006698706873467428,-0.005859733047651979]","[0.05,0.05,0.05,0.2,0.2,0.2]",0.150932,40,0,[],0,,,100.650691,0.100835,40,air,1,0.04874,air_pinhole_pose_pressure_depth_z
2026-08-11T09:56:51.821469+00:00,1229607.288355435,v4_depth_down_10cm,0,"[0.0,0.0,0.0,0.0]",1,1,1,1,0.000000,4987,249401,1,0,0,1,0,3304843504,159,50712,162,0,101,"[-0.3737333416938782,0.03025602549314499,0.0038090029265731573,0.9270347952842712]","[-0.017869815230369568,0.018884984776377678,0.08523745089769363]","[0.5966569781303406,-0.10714299976825714,9.761775016784668]",-2.37469673,0.0852374509,0.123679847,1212.0625,"[0.0,0.0,0.0,0.0]","[0.0,0.0,0.0,0.0,0.0,0.0,0.0,0.0]","[0.0,0.0,0.0,0.0,0.0,0.0,0.0,0.0]",0,1,1,1,0.049250,41,1786442208.778841972,pool_world,"[0.8402960511710917,-0.7057956669030923,1.0949097671395471]","[0.47845057540587,0.8780946769544071,-0.0006698706873467428,-0.005859733047651979]","[0.05,0.05,0.05,0.2,0.2,0.2]",0.000099,41,0,[],0,,,101.437935,0.149985,40,air,1,0.04874,air_pinhole_pose_pressure_depth_z
2026-08-11T09:56:51.871917+00:00,1229607.338443369,v4_depth_down_10cm,0,"[0.0,0.0,0.0,0.0]",1,1,1,1,0.000000,4988,249451,1,0,0,1,0,3304843504,161,18043,163,0,99,"[-0.37560707330703735,0.029905002564191818,0.003127000294625759,0.9262911677360535]","[-0.016621537506580353,0.025177212432026863,0.0900258719921112]","[0.6060659885406494,-0.1484449952840805,9.738500595092773]",-2.37064004,0.090025872,0.123679847,1212.0625,"[0.0,0.0,0.0,0.0]","[0.0,0.0,0.0,0.0,0.0,0.0,0.0,0.0]","[0.0,0.0,0.0,0.0,0.0,0.0,0.0,0.0]",0,1,1,1,0.099338,41,1786442208.778841972,pool_world,"[0.8402960511710917,-0.7057956669030923,1.0949097671395471]","[0.47845057540587,0.8780946769544071,-0.0006698706873467428,-0.005859733047651979]","[0.05,0.05,0.05,0.2,0.2,0.2]",0.050187,41,0,[],0,,,101.437935,0.000161,41,air,0,0.0,air
2026-08-11T09:56:51.921394+00:00,1229607.388097829,v4_depth_down_10cm,0,"[0.0,0.0,0.0,0.0]",1,1,1,1,0.000000,4989,249501,1,0,0,1,0,3304843504,162,8968,164,0,99,"[-0.37760627269744873,0.029267020523548126,0.0027060015127062798,0.925499677658081]","[0.006551111117005348,0.03135098144412041,0.09678160399198532]","[0.6180089712142944,-0.14857299625873566,9.733842849731445]",-2.36633873,0.096781604,0.125764504,1232.49219,"[0.0,0.0,0.0,0.0]","[0.0,0.0,0.0,0.0,0.0,0.0,0.0,0.0]","[0.0,0.0,0.0,0.0,0.0,0.0,0.0,0.0]",0,1,1,1,0.148993,41,1786442208.778841972,pool_world,"[0.8402960511710917,-0.7057956669030923,1.0949097671395471]","[0.47845057540587,0.8780946769544071,-0.0006698706873467428,-0.005859733047651979]","[0.05,0.05,0.05,0.2,0.2,0.2]",0.099842,41,0,[],0,,,101.437935,0.049815,41,air,0,0.0,air
2026-08-11T09:56:51.972657+00:00,1229607.439125098,v4_depth_down_10cm,0,"[0.0,0.0,0.0,0.0]",1,1,1,1,0.000000,4990,249551,1,0,0,1,0,3304843504,162,8968,164,0,99,"[-0.3797440826892853,0.028198007494211197,0.0029290008824318647,0.9246571063995361]","[0.05470923334360123,0.03856490179896355,0.09999794512987137]","[0.6084129810333252,-0.18519599735736847,9.695890426635742]",-2.36178732,0.0999979451,0.125764504,1232.49219,"[0.0,0.0,0.0,0.0]","[0.0,0.0,0.0,0.0,0.0,0.0,0.0,0.0]","[0.0,0.0,0.0,0.0,0.0,0.0,0.0,0.0]",0,1,1,1,0.000104,42,1786442208.817385674,pool_world,"[0.8394612894642061,-0.7054578831084664,1.0949097671395471]","[0.47927362128767936,0.8776219413376277,-7.418210803605085e-05,-0.008747486357947608]","[0.05,0.05,0.05,0.2,0.2,0.2]",0.150869,41,0,[],0,,,101.437935,0.100842,41,air,0,0.0,air
2026-08-11T09:56:52.021923+00:00,1229607.488455854,v4_depth_down_10cm,0,"[0.0,0.0,0.0,0.0]",1,1,1,1,0.000000,4991,249601,1,0,0,1,0,3304843504,164,40567,165,0,100,"[-0.3820033073425293,0.026469020172953606,0.004320002626627684,0.9237717390060425]","[0.1016295924782753,0.042675185948610306,0.1038736030459404]","[0.5870950222015381,-0.1340709924697876,9.728476524353027]",-2.35704899,0.103873603,0.1271891,1246.45312,"[0.0,0.0,0.0,0.0]","[0.0,0.0,0.0,0.0,0.0,0.0,0.0,0.0]","[0.0,0.0,0.0,0.0,0.0,0.0,0.0,0.0]",0,1,1,1,0.049434,42,1786442208.817385674,pool_world,"[0.8394612894642061,-0.7054578831084664,1.0949097671395471]","[0.47927362128767936,0.8776219413376277,-7.418210803605085e-05,-0.008747486357947608]","[0.05,0.05,0.05,0.2,0.2,0.2]",0.000151,42,0,[],0,,,100.394188,0.150173,41,air,0,0.0,air
2026-08-11T09:56:52.071921+00:00,1229607.538512948,v4_depth_down_10cm,0,"[0.0,0.0,0.0,0.0]",1,1,1,1,0.000000,4992,249651,1,0,0,1,0,3304843504,164,40567,165,0,100,"[-0.38435739278793335,0.024293024092912674,0.006623006425797939,0.92284095287323]","[0.13655439019203186,0.04372819513082504,0.10650905221700668]","[0.5508869886398315,-0.054281000047922134,9.742878913879395]",-2.352144,0.106509052,0.1271891,1246.45312,"[0.0,0.0,0.0,0.0]","[0.0,0.0,0.0,0.0,0.0,0.0,0.0,0.0]","[0.0,0.0,0.0,0.0,0.0,0.0,0.0,0.0]",0,1,1,1,0.099491,42,1786442208.817385674,pool_world,"[0.8394612894642061,-0.7054578831084664,1.0949097671395471]","[0.47927362128767936,0.8776219413376277,-7.418210803605085e-05,-0.008747486357947608]","[0.05,0.05,0.05,0.2,0.2,0.2]",0.050208,42,0,[],0,,,100.394188,0.000165,42,air,1,0.404389,air_pinhole_pose_pressure_depth_z
2026-08-11T09:56:52.121556+00:00,1229607.588101831,v4_depth_down_10cm,0,"[0.0,0.0,0.0,0.0]",1,1,1,1,0.000000,4993,249701,1,0,0,1,0,3304843504,164,40567,165,0,100,"[-0.38677215576171875,0.021880008280277252,0.009459003806114197,0.9218672513961792]","[0.1466853767633438,0.04055885598063469,0.10784879326820374]","[0.4874500036239624,0.014179999940097332,9.794717788696289]",-2.34710908,0.107848793,0.127927288,1253.6875,"[0.0,0.0,0.0,0.0]","[0.0,0.0,0.0,0.0,0.0,0.0,0.0,0.0]","[0.0,0.0,0.0,0.0,0.0,0.0,0.0,0.0]",0,1,1,1,0.149080,42,1786442208.817385674,pool_world,"[0.8394612894642061,-0.7054578831084664,1.0949097671395471]","[0.47927362128767936,0.8776219413376277,-7.418210803605085e-05,-0.008747486357947608]","[0.05,0.05,0.05,0.2,0.2,0.2]",0.099797,42,0,[],0,,,100.394188,0.049753,42,air,1,0.404389,air_pinhole_pose_pressure_depth_z
2026-08-11T09:56:52.172725+00:00,1229607.639178456,v4_depth_down_10cm,0,"[0.0,0.0,0.0,0.0]",1,1,1,1,0.000000,4994,249751,1,0,0,1,0,3304843504,167,3273,166,0,101,"[-0.3892620801925659,0.0195660050958395,0.0124370027333498,0.9208352565765381]","[0.14053316414356232,0.03194153308868408,0.11408121883869171]","[0.44029998779296875,0.11535199731588364,9.787888526916504]",-2.34188032,0.114081219,0.12801978,1254.59375,"[0.0,0.0,0.0,0.0]","[0.0,0.0,0.0,0.0,0.0,0.0,0.0,0.0]","[0.0,0.0,0.0,0.0,0.0,0.0,0.0,0.0]",0,1,1,1,0.000104,43,1786442208.849664211,pool_world,"[0.8400138015215753,-0.7061001169030123,1.0949097671395471]","[0.47906062651946857,0.8777520940652574,0.0011482143458324465,-0.007131555696053208]","[0.05,0.05,0.05,0.2,0.2,0.2]",0.150873,42,0,[],0,,,100.394188,0.100830,42,air,1,0.404389,air_pinhole_pose_pressure_depth_z
2026-08-11T09:56:52.221460+00:00,1229607.688301872,v4_depth_down_10cm,0,"[0.0,0.0,0.0,0.0]",1,1,1,1,0.000000,4995,249801,1,0,0,1,0,3304843504,168,59574,167,0,100,"[-0.3918352425098419,0.017519012093544006,0.015348009765148163,0.9197405576705933]","[0.13315805792808533,0.02206127531826496,0.11849400401115417]","[0.41678398847579956,0.19028499722480774,9.80330753326416]",-2.33643198,0.118494004,0.12801978,1254.59375,"[0.0,0.0,0.0,0.0]","[0.0,0.0,0.0,0.0,0.0,0.0,0.0,0.0]","[0.0,0.0,0.0,0.0,0.0,0.0,0.0,0.0]",0,1,1,1,0.049227,43,1786442208.849664211,pool_world,"[0.8400138015215753,-0.7061001169030123,1.0949097671395471]","[0.47906062651946857,0.8777520940652574,0.0011482143458324465,-0.007131555696053208]","[0.05,0.05,0.05,0.2,0.2,0.2]",0.000099,43,0,[],0,,,102.283296,0.149954,42,air,1,0.404389,air_pinhole_pose_pressure_depth_z
2026-08-11T09:56:52.271652+00:00,1229607.738404148,v4_depth_down_10cm,0,"[0.0,0.0,0.0,0.0]",1,1,1,1,0.000000,4996,249851,1,0,0,1,0,3304843504,168,59574,167,0,100,"[-0.3945061266422272,0.015797005966305733,0.017944006249308586,0.9185823202133179]","[0.10998212546110153,0.017882417887449265,0.12148831784725189]","[0.35987699031829834,0.25060999393463135,9.796969413757324]",-2.33072996,0.121488318,0.127404332,1248.5625,"[0.0,0.0,0.0,0.0]","[0.0,0.0,0.0,0.0,0.0,0.0,0.0,0.0]","[0.0,0.0,0.0,0.0,0.0,0.0,0.0,0.0]",0,1,1,1,0.099329,43,1786442208.849664211,pool_world,"[0.8400138015215753,-0.7061001169030123,1.0949097671395471]","[0.47906062651946857,0.8777520940652574,0.0011482143458324465,-0.007131555696053208]","[0.05,0.05,0.05,0.2,0.2,0.2]",0.050201,43,0,[],0,,,102.283296,0.000125,43,air,1,0.209912,air_pinhole_pose_pressure_depth_z
2026-08-11T09:56:52.321567+00:00,1229607.788107873,v4_depth_down_10cm,0,"[0.0,0.0,0.0,0.0]",1,1,1,1,0.000000,4997,249901,1,0,0,1,0,3304843504,170,57328,168,0,100,"[-0.39728832244873047,0.014329012483358383,0.02023901604115963,0.9173587560653687]","[0.10671345144510269,0.016327206045389175,0.1284279078245163]","[0.3250809907913208,0.2696470022201538,9.772300720214844]",-2.32475257,0.128427908,0.127404332,1248.5625,"[0.0,0.0,0.0,0.0]","[0.0,0.0,0.0,0.0,0.0,0.0,0.0,0.0]","[0.0,0.0,0.0,0.0,0.0,0.0,0.0,0.0]",0,1,1,1,0.149033,43,1786442208.849664211,pool_world,"[0.8400138015215753,-0.7061001169030123,1.0949097671395471]","[0.47906062651946857,0.8777520940652574,0.0011482143458324465,-0.007131555696053208]","[0.05,0.05,0.05,0.2,0.2,0.2]",0.099905,43,0,[],0,,,102.283296,0.049828,43,air,1,0.209912,air_pinhole_pose_pressure_depth_z
2026-08-11T09:56:52.372620+00:00,1229607.839123854,v4_depth_down_10cm,0,"[0.0,0.0,0.0,0.0]",1,1,1,1,0.000000,4998,249951,1,0,0,1,0,3304843504,170,57328,168,0,100,"[-0.40014928579330444,0.012842009775340557,0.02262301743030548,0.9160807132720947]","[0.10689608007669449,0.013658580370247364,0.13133051991462708]","[0.2696709930896759,0.3549709916114807,9.827980995178223]",-2.31858754,0.13133052,0.126338482,1238.11719,"[0.0,0.0,0.0,0.0]","[0.0,0.0,0.0,0.0,0.0,0.0,0.0,0.0]","[0.0,0.0,0.0,0.0,0.0,0.0,0.0,0.0]",0,1,1,1,0.000102,44,1786442208.879062653,pool_world,"[0.8409801881868887,-0.7072881070151573,1.0949097671395471]","[0.479014192156939,0.8777907917682276,0.00350880247698674,-0.0040519013217015605]","[0.05,0.05,0.05,0.2,0.2,0.2]",0.150921,43,0,[],0,,,102.283296,0.100844,43,air,1,0.209912,air_pinhole_pose_pressure_depth_z
2026-08-11T09:56:52.421645+00:00,1229607.888399671,v4_depth_down_10cm,0,"[0.0,0.0,0.0,0.0]",1,1,1,1,0.000000,4999,250001,1,0,0,1,0,3304843504,170,57328,168,0,100,"[-0.4030713140964508,0.011544008739292622,0.02468102052807808,0.9147629141807556]","[0.07825985550880432,0.013265881687402725,0.13483668863773346]","[0.24619700014591217,0.41495901346206665,9.810035705566406]",-2.3122611,0.134836689,0.126338482,1238.11719,"[0.0,0.0,0.0,0.0]","[0.0,0.0,0.0,0.0,0.0,0.0,0.0,0.0]","[0.0,0.0,0.0,0.0,0.0,0.0,0.0,0.0]",0,1,1,1,0.049378,44,1786442208.879062653,pool_world,"[0.8409801881868887,-0.7072881070151573,1.0949097671395471]","[0.479014192156939,0.8777907917682276,0.00350880247698674,-0.0040519013217015605]","[0.05,0.05,0.05,0.2,0.2,0.2]",0.000124,44,0,[],0,,,99.962124,0.150120,43,air,1,0.209912,air_pinhole_pose_pressure_depth_z
2026-08-11T09:56:52.471034+00:00,1229607.938310618,v4_depth_down_10cm,0,"[0.0,0.0,0.0,0.0]",1,1,1,1,0.000000,5000,250051,1,0,0,1,0,3304843504,173,33114,169,0,98,"[-0.4060111343860626,0.01058200467377901,0.026056010276079178,0.9134352803230286]","[0.048405349254608154,0.01222634594887495,0.13590072095394135]","[0.2583189904689789,0.4485059976577759,9.804884910583496]",-2.30586195,0.135900721,0.124945782,1224.46875,"[0.0,0.0,0.0,0.0]","[0.0,0.0,0.0,0.0,0.0,0.0,0.0,0.0]","[0.0,0.0,0.0,0.0,0.0,0.0,0.0,0.0]",0,1,1,1,0.099289,44,1786442208.879062653,pool_world,"[0.8409801881868887,-0.7072881070151573,1.0949097671395471]","[0.479014192156939,0.8777907917682276,0.00350880247698674,-0.0040519013217015605]","[0.05,0.05,0.05,0.2,0.2,0.2]",0.050035,44,0,[],0,,,99.962124,0.000074,44,air,0,0.0,air
2026-08-11T09:56:52.521791+00:00,1229607.988216207,v4_depth_down_10cm,0,"[0.0,0.0,0.0,0.0]",1,1,1,1,0.000000,5001,250101,1,0,0,1,0,3304843504,173,33114,169,0,98,"[-0.4089753329753876,0.009938007220625877,0.02676602080464363,0.9120987057685852]","[0.02404833398759365,0.012984395027160645,0.13390760123729706]","[0.26061001420021057,0.4341360032558441,9.809920310974121]",-2.29938102,0.133907601,0.124945782,1224.46875,"[0.0,0.0,0.0,0.0]","[0.0,0.0,0.0,0.0,0.0,0.0,0.0,0.0]","[0.0,0.0,0.0,0.0,0.0,0.0,0.0,0.0]",0,1,1,1,0.149195,44,1786442208.879062653,pool_world,"[0.8409801881868887,-0.7072881070151573,1.0949097671395471]","[0.479014192156939,0.8777907917682276,0.00350880247698674,-0.0040519013217015605]","[0.05,0.05,0.05,0.2,0.2,0.2]",0.099941,44,0,[],0,,,99.962124,0.049980,44,air,0,0.0,air
2026-08-11T09:56:52.572730+00:00,1229608.039215439,v4_depth_down_10cm,0,"[0.0,0.0,0.0,0.0]",1,1,1,1,0.000000,5002,250151,1,0,0,1,0,3304843504,173,33114,169,0,98,"[-0.4118862450122833,0.009486006572842598,0.02711101807653904,0.910782516002655]","[0.014902652241289616,0.011156441643834114,0.13266246020793915]","[0.28203800320625305,0.43174201250076294,9.817397117614746]",-2.29299808,0.13266246,0.123388067,1209.20312,"[0.0,0.0,0.0,0.0]","[0.0,0.0,0.0,0.0,0.0,0.0,0.0,0.0]","[0.0,0.0,0.0,0.0,0.0,0.0,0.0,0.0]",0,1,1,1,0.000101,45,1786442208.915313721,pool_world,"[0.8420876380581901,-0.7085890977040477,1.0949097671395471]","[0.4799874645153548,0.8772591634749433,0.005200083057780278,-0.0011632469884287986]","[0.05,0.05,0.05,0.2,0.2,0.2]",0.150940,44,0,[],0,,,99.962124,0.100979,44,air,0,0.0,air
2026-08-11T09:56:52.621904+00:00,1229608.088487329,v4_depth_down_10cm,0,"[0.0,0.0,0.0,0.0]",1,1,1,1,0.000000,5003,250201,1,0,0,1,0,3304843504,173,33114,169,0,98,"[-0.41473841667175293,0.009115010499954224,0.027382027357816696,0.9094828963279724]","[0.020178450271487236,0.009836116805672646,0.12965933978557587]","[0.32899001240730286,0.40591299533843994,9.768742561340332]",-2.28673363,0.12965934,0.123388067,1209.20312,"[0.0,0.0,0.0,0.0]","[0.0,0.0,0.0,0.0,0.0,0.0,0.0,0.0]","[0.0,0.0,0.0,0.0,0.0,0.0,0.0,0.0]",0,1,1,1,0.049372,45,1786442208.915313721,pool_world,"[0.8420876380581901,-0.7085890977040477,1.0949097671395471]","[0.4799874645153548,0.8772591634749433,0.005200083057780278,-0.0011632469884287986]","[0.05,0.05,0.05,0.2,0.2,0.2]",0.000125,45,0,[],0,,,100.708323,0.150251,44,air,0,0.0,air
2026-08-11T09:56:52.671493+00:00,1229608.138345777,v4_depth_down_10cm,0,"[0.0,0.0,0.0,0.0]",1,1,1,1,0.000000,5004,250251,1,0,0,1,0,3304843504,177,4772,170,0,99,"[-0.41749846935272217,0.0086470115929842,0.02790103107690811,0.9082080125808716]","[0.033788617700338364,0.009686578065156937,0.12485019862651825]","[0.40627798438072205,0.41057100892066956,9.730380058288574]",-2.28066802,0.124850199,0.121634245,1192.01562,"[0.0,0.0,0.0,0.0]","[0.0,0.0,0.0,0.0,0.0,0.0,0.0,0.0]","[0.0,0.0,0.0,0.0,0.0,0.0,0.0,0.0]",0,1,1,1,0.099231,45,1786442208.915313721,pool_world,"[0.8420876380581901,-0.7085890977040477,1.0949097671395471]","[0.4799874645153548,0.8772591634749433,0.005200083057780278,-0.0011632469884287986]","[0.05,0.05,0.05,0.2,0.2,0.2]",0.049983,45,0,[],0,,,100.708323,0.000109,45,air,0,0.0,air
2026-08-11T09:56:52.721597+00:00,1229608.188166697,v4_depth_down_10cm,0,"[0.0,0.0,0.0,0.0]",1,1,1,1,0.000000,5005,250301,1,0,0,1,0,3304843504,177,4772,170,0,99,"[-0.42013123631477356,0.008020004257559776,0.028747014701366425,0.9069724678993225]","[0.049051087349653244,0.014532712288200855,0.12118535488843918]","[0.45403599739074707,0.417493999004364,9.726030349731445]",-2.27488041,0.121185355,0.11984694,1174.5,"[0.0,0.0,0.0,0.0]","[0.0,0.0,0.0,0.0,0.0,0.0,0.0,0.0]","[0.0,0.0,0.0,0.0,0.0,0.0,0.0,0.0]",0,1,1,1,0.149052,45,1786442208.915313721,pool_world,"[0.8420876380581901,-0.7085890977040477,1.0949097671395471]","[0.4799874645153548,0.8772591634749433,0.005200083057780278,-0.0011632469884287986]","[0.05,0.05,0.05,0.2,0.2,0.2]",0.099804,45,0,[],0,,,100.708323,0.049930,45,air,0,0.0,air
2026-08-11T09:56:52.772335+00:00,1229608.238988193,v4_depth_down_10cm,0,"[0.0,0.0,0.0,0.0]",1,1,1,1,0.000000,5006,250351,1,0,0,1,0,3304843504,179,10123,171,0,100,"[-0.42265021800994873,0.007210003212094307,0.02972501702606678,0.9057766199111938]","[0.04848463833332062,0.02007407881319523,0.11496759951114655]","[0.46147599816322327,0.46790099143981934,9.720576286315918]",-2.26933432,0.1149676,0.11984694,1174.5,"[0.0,0.0,0.0,0.0]","[0.0,0.0,0.0,0.0,0.0,0.0,0.0,0.0]","[0.0,0.0,0.0,0.0,0.0,0.0,0.0,0.0]",0,1,1,1,0.000087,46,1786442208.948786497,pool_world,"[0.8418748109546794,-0.707963730456828,1.0949097671395471]","[0.4793752789091274,0.8775890349719871,0.004532112441858158,-0.00403579292669581]","[0.05,0.05,0.05,0.2,0.2,0.2]",0.150626,45,0,[],0,,,100.708323,0.100752,45,air,0,0.0,air
2026-08-11T09:56:52.821472+00:00,1229608.288353948,v4_depth_down_10cm,0,"[0.0,0.0,0.0,0.0]",1,1,1,1,0.000000,5007,250401,1,0,0,1,0,3304843504,179,10123,171,0,100,"[-0.42506811022758484,0.00628700153902173,0.030568009242415428,0.90462327003479]","[0.04305116459727287,0.026910046115517616,0.10992110520601273]","[0.4831419885158539,0.4940040111541748,9.703649520874023]",-2.26399565,0.109921105,0.118081152,1157.19531,"[0.0,0.0,0.0,0.0]","[0.0,0.0,0.0,0.0,0.0,0.0,0.0,0.0]","[0.0,0.0,0.0,0.0,0.0,0.0,0.0,0.0]",0,1,1,1,0.049452,46,1786442208.948786497,pool_world,"[0.8418748109546794,-0.707963730456828,1.0949097671395471]","[0.4793752789091274,0.8775890349719871,0.004532112441858158,-0.00403579292669581]","[0.05,0.05,0.05,0.2,0.2,0.2]",0.000096,46,0,[],0,,,99.217212,0.150117,45,air,0,0.0,air
2026-08-11T09:56:52.871826+00:00,1229608.338392228,v4_depth_down_10cm,0,"[0.0,0.0,0.0,0.0]",1,1,1,1,0.000000,5008,250451,1,0,0,1,0,3304843504,179,10123,171,0,100,"[-0.4274013638496399,0.0052170041017234325,0.03130602091550827,0.9035047888755798]","[0.047375306487083435,0.03620156645774841,0.10672380775213242]","[0.48813799023628235,0.5151540040969849,9.672211647033691]",-2.25882792,0.106723808,0.118081152,1157.19531,"[0.0,0.0,0.0,0.0]","[0.0,0.0,0.0,0.0,0.0,0.0,0.0,0.0]","[0.0,0.0,0.0,0.0,0.0,0.0,0.0,0.0]",0,1,1,1,0.099491,46,1786442208.948786497,pool_world,"[0.8418748109546794,-0.707963730456828,1.0949097671395471]","[0.4793752789091274,0.8775890349719871,0.004532112441858158,-0.00403579292669581]","[0.05,0.05,0.05,0.2,0.2,0.2]",0.050135,46,0,[],0,,,99.217212,0.000155,46,air,0,0.0,air
2026-08-11T09:56:52.921582+00:00,1229608.388137303,v4_depth_down_10cm,0,"[0.0,0.0,0.0,0.0]",1,1,1,1,0.000000,5009,250501,1,0,0,1,0,3304843504,179,10123,171,0,100,"[-0.4296641945838928,0.003863002173602581,0.03205401450395584,0.9024114012718201]","[0.05374647676944733,0.04795990511775017,0.10227170586585999]","[0.4763239920139313,0.540149986743927,9.677305221557617]",-2.25379729,0.102271706,0.116279498,1139.53906,"[0.0,0.0,0.0,0.0]","[0.0,0.0,0.0,0.0,0.0,0.0,0.0,0.0]","[0.0,0.0,0.0,0.0,0.0,0.0,0.0,0.0]",0,1,1,1,0.149236,46,1786442208.948786497,pool_world,"[0.8418748109546794,-0.707963730456828,1.0949097671395471]","[0.4793752789091274,0.8775890349719871,0.004532112441858158,-0.00403579292669581]","[0.05,0.05,0.05,0.2,0.2,0.2]",0.099880,46,0,[],0,,,99.217212,0.049900,46,air,0,0.0,air
2026-08-11T09:56:52.972144+00:00,1229608.438867493,v4_depth_down_10cm,0,"[0.0,0.0,0.0,0.0]",1,1,1,1,0.000000,5010,250551,1,0,0,1,0,3304843504,183,61822,172,0,100,"[-0.43185243010520935,0.0022140026558190584,0.03269403055310249,0.9013488292694092]","[0.044483624398708344,0.060481611639261246,0.10077100992202759]","[0.45278099179267883,0.589775025844574,9.663511276245117]",-2.24890733,0.10077101,0.116279498,1139.53906,"[0.0,0.0,0.0,0.0]","[0.0,0.0,0.0,0.0,0.0,0.0,0.0,0.0]","[0.0,0.0,0.0,0.0,0.0,0.0,0.0,0.0]",0,1,1,1,0.000080,47,1786442208.984520435,pool_world,"[0.8417129478404142,-0.7070422126383797,1.0949097671395471]","[0.47789936556569074,0.8783950195467081,0.003330489901749151,-0.004826371770093184]","[0.05,0.05,0.05,0.2,0.2,0.2]",0.150610,46,0,[],0,,,99.217212,0.100630,46,air,0,0.0,air
2026-08-11T09:56:53.021893+00:00,1229608.488485653,v4_depth_down_10cm,0,"[0.0,0.0,0.0,0.0]",1,1,1,1,0.000000,5011,250601,1,0,0,1,0,3304843504,183,61822,172,0,100,"[-0.43405112624168396,0.00037100014742463827,0.03295900672674179,0.9002851247787476]","[0.031164947897195816,0.07430034130811691,0.10105790197849274]","[0.40510401129722595,0.6095679998397827,9.684260368347168]",-2.24396491,0.101057902,0.114569515,1122.78125,"[0.0,0.0,0.0,0.0]","[0.0,0.0,0.0,0.0,0.0,0.0,0.0,0.0]","[0.0,0.0,0.0,0.0,0.0,0.0,0.0,0.0]",0,1,1,1,0.049699,47,1786442208.984520435,pool_world,"[0.8417129478404142,-0.7070422126383797,1.0949097671395471]","[0.47789936556569074,0.8783950195467081,0.003330489901749151,-0.004826371770093184]","[0.05,0.05,0.05,0.2,0.2,0.2]",0.000140,47,0,[],0,,,98.912672,0.150249,46,air,0,0.0,air
2026-08-11T09:56:53.071935+00:00,1229608.538451125,v4_depth_down_10cm,0,"[0.0,0.0,0.0,0.0]",1,1,1,1,0.000000,5012,250651,1,0,0,1,0,3304843504,183,61822,172,0,100,"[-0.43623608350753784,-0.0016380003653466702,0.03286900743842125,0.8992302417755127]","[0.029413267970085144,0.08678124845027924,0.10021421313285828]","[0.3764309883117676,0.5951570272445679,9.676947593688965]",-2.23902416,0.100214213,0.114569515,1122.78125,"[0.0,0.0,0.0,0.0]","[0.0,0.0,0.0,0.0,0.0,0.0,0.0,0.0]","[0.0,0.0,0.0,0.0,0.0,0.0,0.0,0.0]",0,1,1,1,0.099664,47,1786442208.984520435,pool_world,"[0.8417129478404142,-0.7070422126383797,1.0949097671395471]","[0.47789936556569074,0.8783950195467081,0.003330489901749151,-0.004826371770093184]","[0.05,0.05,0.05,0.2,0.2,0.2]",0.050105,47,0,[],0,,,98.912672,0.000140,47,air,0,0.0,air
2026-08-11T09:56:53.121132+00:00,1229608.588119079,v4_depth_down_10cm,0,"[0.0,0.0,0.0,0.0]",1,1,1,1,0.000000,5013,250701,1,0,0,1,0,3304843504,183,61822,172,0,100,"[-0.438394159078598,-0.004023001529276371,0.03271301090717316,0.8981782793998718]","[0.03925561532378197,0.10228347778320312,0.09755102545022964]","[0.3096050024032593,0.60548996925354,9.702413558959961]",-2.23410916,0.0975510255,0.112780608,1105.25,"[0.0,0.0,0.0,0.0]","[0.0,0.0,0.0,0.0,0.0,0.0,0.0,0.0]","[0.0,0.0,0.0,0.0,0.0,0.0,0.0,0.0]",0,1,1,1,0.149332,47,1786442208.984520435,pool_world,"[0.8417129478404142,-0.7070422126383797,1.0949097671395471]","[0.47789936556569074,0.8783950195467081,0.003330489901749151,-0.004826371770093184]","[0.05,0.05,0.05,0.2,0.2,0.2]",0.099773,47,0,[],0,,,98.912672,0.049808,47,air,0,0.0,air
2026-08-11T09:56:53.172418+00:00,1229608.639135255,v4_depth_down_10cm,0,"[0.0,0.0,0.0,0.0]",1,1,1,1,0.000000,5014,250751,1,0,0,1,0,3304843504,183,61822,172,0,100,"[-0.4404964745044708,-0.006741007324308157,0.03254103288054466,0.8971390724182129]","[0.04114816337823868,0.11286154389381409,0.096151202917099]","[0.22042399644851685,0.631089985370636,9.775375366210938]",-2.22928095,0.0961512029,0.112780608,1105.25,"[0.0,0.0,0.0,0.0]","[0.0,0.0,0.0,0.0,0.0,0.0,0.0,0.0]","[0.0,0.0,0.0,0.0,0.0,0.0,0.0,0.0]",0,1,1,1,0.000096,48,1786442211.019704580,pool_world,"[0.8348353862091275,-0.6988039500320073,1.0949097671395471]","[0.4727407326543952,0.8811124027237948,0.0025143006206447705,-0.012280543476418508]","[0.05,0.05,0.05,0.2,0.2,0.2]",0.150790,47,0,[],0,,,98.912672,0.100824,47,air,0,0.0,air
2026-08-11T09:56:53.221594+00:00,1229608.688335222,v4_depth_down_10cm,0,"[0.0,0.0,0.0,0.0]",1,1,1,1,0.000000,5015,250801,1,0,0,1,0,3304843504,183,61822,172,0,100,"[-0.44252851605415344,-0.00958701130002737,0.03216803818941116,0.8961260318756104]","[0.030232908204197884,0.11973290890455246,0.0910714715719223]","[0.12353400141000748,0.6630629897117615,9.790583610534668]",-2.22457743,0.0910714716,0.110943079,1087.24219,"[0.0,0.0,0.0,0.0]","[0.0,0.0,0.0,0.0,0.0,0.0,0.0,0.0]","[0.0,0.0,0.0,0.0,0.0,0.0,0.0,0.0]",0,1,1,1,0.049296,48,1786442211.019704580,pool_world,"[0.8348353862091275,-0.6988039500320073,1.0949097671395471]","[0.4727407326543952,0.8811124027237948,0.0025143006206447705,-0.012280543476418508]","[0.05,0.05,0.05,0.2,0.2,0.2]",0.000111,48,0,[],0,,,99.92326,0.150024,47,air,0,0.0,air
2026-08-11T09:56:53.270827+00:00,1229608.738163205,v4_depth_down_10cm,0,"[0.0,0.0,0.0,0.0]",1,1,1,1,0.000000,5016,250851,1,0,0,1,0,3304843504,189,6795,173,0,98,"[-0.44447147846221924,-0.012426014058291912,0.031469035893678665,0.895153820514679]","[0.015037302859127522,0.12415185570716858,0.08723302185535431]","[0.0853549987077713,0.6682329773902893,9.802063941955566]",-2.2200489,0.0872330219,0.108864792,1066.875,"[0.0,0.0,0.0,0.0]","[0.0,0.0,0.0,0.0,0.0,0.0,0.0,0.0]","[0.0,0.0,0.0,0.0,0.0,0.0,0.0,0.0]",0,1,1,1,0.099124,48,1786442211.019704580,pool_world,"[0.8348353862091275,-0.6988039500320073,1.0949097671395471]","[0.4727407326543952,0.8811124027237948,0.0025143006206447705,-0.012280543476418508]","[0.05,0.05,0.05,0.2,0.2,0.2]",0.049939,48,0,[],0,,,99.92326,0.000065,48,air,0,0.0,air
2026-08-11T09:56:53.321692+00:00,1229608.788133521,v4_depth_down_10cm,0,"[0.0,0.0,0.0,0.0]",1,1,1,1,0.000000,5017,250901,1,0,0,1,0,3304843504,189,6795,173,0,98,"[-0.44630521535873413,-0.01519300788640976,0.03051101602613926,0.8942314982414246]","[0.009543984197080135,0.12035167217254639,0.0799286961555481]","[-0.007613999769091606,0.6733620166778564,9.793723106384277]",-2.21575046,0.0799286962,0.108864792,1066.875,"[0.0,0.0,0.0,0.0]","[0.0,0.0,0.0,0.0,0.0,0.0,0.0,0.0]","[0.0,0.0,0.0,0.0,0.0,0.0,0.0,0.0]",0,1,1,1,0.149094,48,1786442211.019704580,pool_world,"[0.8348353862091275,-0.6988039500320073,1.0949097671395471]","[0.4727407326543952,0.8811124027237948,0.0025143006206447705,-0.012280543476418508]","[0.05,0.05,0.05,0.2,0.2,0.2]",0.099910,48,0,[],0,,,99.92326,0.050036,48,air,0,0.0,air
2026-08-11T09:56:53.372658+00:00,1229608.839112099,v4_depth_down_10cm,0,"[0.0,0.0,0.0,0.0]",1,1,1,1,0.000000,5018,250951,1,0,0,1,0,3304843504,191,52650,174,0,102,"[-0.4479683041572571,-0.017609011381864548,0.029333015903830528,0.8933945894241333]","[-0.01364631112664938,0.11170567572116852,0.07505155354738235]","[-0.03154199942946434,0.6639609932899475,9.80078411102295]",-2.21184564,0.0750515535,0.106650986,1045.17969,"[0.0,0.0,0.0,0.0]","[0.0,0.0,0.0,0.0,0.0,0.0,0.0,0.0]","[0.0,0.0,0.0,0.0,0.0,0.0,0.0,0.0]",0,1,1,1,0.000114,49,1786442211.256357431,pool_world,"[0.8262928319050317,-0.6928476270814365,1.0949097671395471]","[0.4777809450685676,0.8783746156382917,-0.011729641927200767,0.006768946146154531]","[0.05,0.05,0.05,0.2,0.2,0.2]",0.150888,48,0,[],0,,,99.92326,0.101014,48,air,0,0.0,air
2026-08-11T09:56:53.421923+00:00,1229608.888475450,v4_depth_down_10cm,0,"[0.0,0.0,0.0,0.0]",1,1,1,1,0.000000,5019,251001,1,0,0,1,0,3304843504,192,16282,175,0,100,"[-0.44945523142814636,-0.019602011889219284,0.027916014194488525,0.892651379108429]","[-0.0204326044768095,0.09478185325860977,0.06552627682685852]","[-0.08183000236749649,0.6330680251121521,9.810253143310547]",-2.20836163,0.0655262768,0.106650986,1045.17969,"[0.0,0.0,0.0,0.0]","[0.0,0.0,0.0,0.0,0.0,0.0,0.0,0.0]","[0.0,0.0,0.0,0.0,0.0,0.0,0.0,0.0]",0,1,1,1,0.049478,49,1786442211.256357431,pool_world,"[0.8262928319050317,-0.6928476270814365,1.0949097671395471]","[0.4777809450685676,0.8783746156382917,-0.011729641927200767,0.006768946146154531]","[0.05,0.05,0.05,0.2,0.2,0.2]",0.000125,49,0,[],0,,,98.137812,0.150378,48,air,0,0.0,air
2026-08-11T09:56:53.471934+00:00,1229608.938468843,v4_depth_down_10cm,0,"[0.0,0.0,0.0,0.0]",1,1,1,1,0.000000,5020,251051,1,0,0,1,0,3304843504,192,16282,175,0,100,"[-0.45075523853302,-0.02117801085114479,0.02654501423239708,0.8920014500617981]","[-0.01866799034178257,0.08197219669818878,0.05679423734545708]","[-0.054763998836278915,0.6065530180931091,9.762979507446289]",-2.20532656,0.0567942373,0.104445949,1023.57031,"[0.0,0.0,0.0,0.0]","[0.0,0.0,0.0,0.0,0.0,0.0,0.0,0.0]","[0.0,0.0,0.0,0.0,0.0,0.0,0.0,0.0]",0,1,1,1,0.099471,49,1786442211.256357431,pool_world,"[0.8262928319050317,-0.6928476270814365,1.0949097671395471]","[0.4777809450685676,0.8783746156382917,-0.011729641927200767,0.006768946146154531]","[0.05,0.05,0.05,0.2,0.2,0.2]",0.050118,49,0,[],0,,,98.137812,0.000164,49,air,0,0.0,air
2026-08-11T09:56:53.520717+00:00,1229608.988038258,v4_depth_down_10cm,0,"[0.0,0.0,0.0,0.0]",1,1,1,1,0.000000,5021,251101,1,0,0,1,0,3304843504,192,16282,175,0,100,"[-0.45183509588241577,-0.022534003481268883,0.025397006422281265,0.8914551734924316]","[-0.015697037801146507,0.06707005947828293,0.047698818147182465]","[-0.0554019995033741,0.6001369953155518,9.710290908813477]",-2.20279956,0.0476988181,0.104445949,1023.57031,"[0.0,0.0,0.0,0.0]","[0.0,0.0,0.0,0.0,0.0,0.0,0.0,0.0]","[0.0,0.0,0.0,0.0,0.0,0.0,0.0,0.0]",0,1,1,1,0.149040,49,1786442211.256357431,pool_world,"[0.8262928319050317,-0.6928476270814365,1.0949097671395471]","[0.4777809450685676,0.8783746156382917,-0.011729641927200767,0.006768946146154531]","[0.05,0.05,0.05,0.2,0.2,0.2]",0.099688,49,0,[],0,,,98.137812,0.049733,49,air,0,0.0,air
2026-08-11T09:56:53.572509+00:00,1229609.039087665,v4_depth_down_10cm,0,"[0.0,0.0,0.0,0.0]",1,1,1,1,0.000000,5022,251151,1,0,0,1,0,3304843504,195,31394,176,0,101,"[-0.4526911675930023,-0.023648006841540337,0.02452200837433338,0.8910163640975952]","[-0.0029552264604717493,0.05625878646969795,0.038181137293577194]","[-0.06511300057172775,0.5713899731636047,9.715399742126465]",-2.20079064,0.0381811373,0.102366067,1003.1875,"[0.0,0.0,0.0,0.0]","[0.0,0.0,0.0,0.0,0.0,0.0,0.0,0.0]","[0.0,0.0,0.0,0.0,0.0,0.0,0.0,0.0]",0,1,1,1,0.000105,50,1786442211.385735750,pool_world,"[0.8396167375201704,-0.7138396227420345,1.0949097671395471]","[0.4710355640647946,0.880907703249355,0.03333013681688474,0.03187816998942796]","[0.05,0.05,0.05,0.2,0.2,0.2]",0.150737,49,0,[],0,,,98.137812,0.100783,49,air,0,0.0,air
2026-08-11T09:56:53.621369+00:00,1229609.088303947,v4_depth_down_10cm,0,"[0.0,0.0,0.0,0.0]",1,1,1,1,0.000000,5023,251201,1,0,0,1,0,3304843504,195,31394,176,0,101,"[-0.45328715443611145,-0.024722008034586906,0.024080008268356323,0.8906962275505066]","[0.01039554737508297,0.04478888586163521,0.0262324046343565]","[-0.07911399751901627,0.592261016368866,9.659759521484375]",-2.19936085,0.0262324046,0.102366067,1003.1875,"[0.0,0.0,0.0,0.0]","[0.0,0.0,0.0,0.0,0.0,0.0,0.0,0.0]","[0.0,0.0,0.0,0.0,0.0,0.0,0.0,0.0]",0,1,1,1,0.049321,50,1786442211.385735750,pool_world,"[0.8396167375201704,-0.7138396227420345,1.0949097671395471]","[0.4710355640647946,0.880907703249355,0.03333013681688474,0.03187816998942796]","[0.05,0.05,0.05,0.2,0.2,0.2]",0.000080,50,0,[],0,,,95.404525,0.149999,49,air,0,0.0,air
2026-08-11T09:56:53.671494+00:00,1229609.138366482,v4_depth_down_10cm,0,"[0.0,0.0,0.0,0.0]",1,1,1,1,0.000000,5024,251251,1,0,0,1,0,3304843504,195,31394,176,0,101,"[-0.45361512899398804,-0.025644006207585335,0.023930005729198456,0.8905072212219238]","[0.011585199274122715,0.0371561236679554,0.015366350300610065]","[-0.09320800006389618,0.628296971321106,9.651870727539062]",-2.19853997,0.0153663503,0.100570783,985.59375,"[0.0,0.0,0.0,0.0]","[0.0,0.0,0.0,0.0,0.0,0.0,0.0,0.0]","[0.0,0.0,0.0,0.0,0.0,0.0,0.0,0.0]",0,1,1,1,0.099384,50,1786442211.385735750,pool_world,"[0.8396167375201704,-0.7138396227420345,1.0949097671395471]","[0.4710355640647946,0.880907703249355,0.03333013681688474,0.03187816998942796]","[0.05,0.05,0.05,0.2,0.2,0.2]",0.050143,50,0,[],0,,,95.404525,0.000111,50,air,0,0.0,air
2026-08-11T09:56:53.721360+00:00,1229609.188106752,v4_depth_down_10cm,0,"[0.0,0.0,0.0,0.0]",1,1,1,1,0.000000,5025,251301,1,0,0,1,0,3304843504,195,31394,176,0,101,"[-0.45371341705322266,-0.026437023654580116,0.023897020146250725,0.8904348015785217]","[0.01276366226375103,0.027651846408843994,0.004533475264906883]","[-0.11450400203466415,0.6522660255432129,9.639278411865234]",-2.19824314,0.00453347526,0.100570783,985.59375,"[0.0,0.0,0.0,0.0]","[0.0,0.0,0.0,0.0,0.0,0.0,0.0,0.0]","[0.0,0.0,0.0,0.0,0.0,0.0,0.0,0.0]",0,1,1,1,0.149124,50,1786442211.385735750,pool_world,"[0.8396167375201704,-0.7138396227420345,1.0949097671395471]","[0.4710355640647946,0.880907703249355,0.03333013681688474,0.03187816998942796]","[0.05,0.05,0.05,0.2,0.2,0.2]",0.099883,50,0,[],0,,,95.404525,0.049852,50,air,0,0.0,air
2026-08-11T09:56:53.771077+00:00,1229609.238490801,v4_depth_down_10cm,0,"[0.0,0.0,0.0,0.0]",1,1,1,1,0.000000,5026,251351,1,0,0,1,0,3304843504,195,31394,176,0,101,"[-0.4536252021789551,-0.02702101320028305,0.023816009983420372,0.8904643654823303]","[-0.000652107410132885,0.02328408882021904,-0.0024001593701541424]","[-0.12254700064659119,0.6420390009880066,9.649731636047363]",-2.19838476,-0.00240015937,0.0990082845,970.28125,"[0.0,0.0,0.0,0.0]","[0.0,0.0,0.0,0.0,0.0,0.0,0.0,0.0]","[0.0,0.0,0.0,0.0,0.0,0.0,0.0,0.0]",0,1,1,1,0.000042,51,1786442211.420388937,pool_world,"[0.8314646674540991,-0.6991067413900789,1.0949097671395471]","[0.4710707567341903,0.8818247345323089,-0.003923905637230549,0.02149610851876392]","[0.05,0.05,0.05,0.2,0.2,0.2]",0.150267,50,0,[],0,,,95.404525,0.100236,50,air,0,0.0,air
2026-08-11T09:56:53.821161+00:00,1229609.288327293,v4_depth_down_10cm,0,"[0.0,0.0,0.0,0.0]",1,1,1,1,0.000000,5027,251401,1,0,0,1,0,3304843504,195,31394,176,0,101,"[-0.45335444808006287,-0.02747102826833725,0.023652024567127228,0.8905928730964661]","[0.0005607568309642375,0.020698610693216324,-0.008870688267052174]","[-0.12672699987888336,0.6339219808578491,9.694581031799316]",-2.19895029,-0.00887068827,0.0990082845,970.28125,"[0.0,0.0,0.0,0.0]","[0.0,0.0,0.0,0.0,0.0,0.0,0.0,0.0]","[0.0,0.0,0.0,0.0,0.0,0.0,0.0,0.0]",0,1,1,1,0.049879,51,1786442211.420388937,pool_world,"[0.8314646674540991,-0.6991067413900789,1.0949097671395471]","[0.4710707567341903,0.8818247345323089,-0.003923905637230549,0.02149610851876392]","[0.05,0.05,0.05,0.2,0.2,0.2]",0.000070,51,0,[],0,,,95.986361,0.150072,50,air,0,0.0,air
2026-08-11T09:56:53.870881+00:00,1229609.338262982,v4_depth_down_10cm,0,"[0.0,0.0,0.0,0.0]",1,1,1,1,0.000000,5028,251451,1,0,0,1,0,3304843504,195,31394,176,0,101,"[-0.4529460370540619,-0.027883002534508705,0.023494001477956772,0.8907920718193054]","[0.004207465332001448,0.017463259398937225,-0.016130665317177773]","[-0.1483590006828308,0.6224340200424194,9.723287582397461]",-2.19982815,-0.0161306653,0.0978507623,958.9375,"[0.0,0.0,0.0,0.0]","[0.0,0.0,0.0,0.0,0.0,0.0,0.0,0.0]","[0.0,0.0,0.0,0.0,0.0,0.0,0.0,0.0]",0,1,1,1,0.099815,51,1786442211.420388937,pool_world,"[0.8314646674540991,-0.6991067413900789,1.0949097671395471]","[0.4710707567341903,0.8818247345323089,-0.003923905637230549,0.02149610851876392]","[0.05,0.05,0.05,0.2,0.2,0.2]",0.050005,51,0,[],0,,,95.986361,0.000069,51,air,0,0.0,air
2026-08-11T09:56:53.921312+00:00,1229609.388077600,v4_depth_down_10cm,0,"[0.0,0.0,0.0,0.0]",1,1,1,1,0.000000,5029,251501,1,0,0,1,0,3304843504,202,39206,177,0,100,"[-0.4523962140083313,-0.028292013332247734,0.023461010307073593,0.891059398651123]","[0.008474567905068398,0.01675020530819893,-0.020985368639230728]","[-0.16738900542259216,0.6370639801025391,9.730051040649414]",-2.20102024,-0.0209853686,0.0970304459,950.898438,"[0.0,0.0,0.0,0.0]","[0.0,0.0,0.0,0.0,0.0,0.0,0.0,0.0]","[0.0,0.0,0.0,0.0,0.0,0.0,0.0,0.0]",0,1,1,1,0.149629,51,1786442211.420388937,pool_world,"[0.8314646674540991,-0.6991067413900789,1.0949097671395471]","[0.4710707567341903,0.8818247345323089,-0.003923905637230549,0.02149610851876392]","[0.05,0.05,0.05,0.2,0.2,0.2]",0.099820,51,0,[],0,,,95.986361,0.049884,51,air,0,0.0,air
2026-08-11T09:56:53.971136+00:00,1229609.438537325,v4_depth_down_10cm,0,"[0.0,0.0,0.0,0.0]",1,1,1,1,0.000000,5030,251551,1,0,0,1,0,3304843504,202,39206,177,0,100,"[-0.45175546407699585,-0.028676031157374382,0.023472024127840996,0.8913718461990356]","[0.004821751266717911,0.016103683039546013,-0.024665186181664467]","[-0.1722870022058487,0.6474769711494446,9.780214309692383]",-2.20241714,-0.0246651862,0.0970304459,950.898438,"[0.0,0.0,0.0,0.0]","[0.0,0.0,0.0,0.0,0.0,0.0,0.0,0.0]","[0.0,0.0,0.0,0.0,0.0,0.0,0.0,0.0]",0,1,1,1,0.000042,52,1786442211.455946207,pool_world,"[0.8311594002636663,-0.7010377456871577,1.0949097671395471]","[0.4709764464903536,0.881915299966832,0.0013304011438065217,0.020120153292867916]","[0.05,0.05,0.05,0.2,0.2,0.2]",0.150280,51,0,[],0,,,95.986361,0.100343,51,air,0,0.0,air
2026-08-11T09:56:54.021273+00:00,1229609.488292744,v4_depth_down_10cm,0,"[0.0,0.0,0.0,0.0]",1,1,1,1,0.000000,5031,251601,1,0,0,1,0,3304843504,204,60247,178,0,100,"[-0.4510493874549866,-0.028962023556232452,0.0233710166066885,0.8917227387428284]","[-0.0031120094936341047,0.013009912334382534,-0.026696084067225456]","[-0.25984400510787964,0.6516010165214539,9.812732696533203]",-2.20397186,-0.0266960841,0.0965824276,946.507812,"[0.0,0.0,0.0,0.0]","[0.0,0.0,0.0,0.0,0.0,0.0,0.0,0.0]","[0.0,0.0,0.0,0.0,0.0,0.0,0.0,0.0]",0,1,1,1,0.049797,52,1786442211.455946207,pool_world,"[0.8311594002636663,-0.7010377456871577,1.0949097671395471]","[0.4709764464903536,0.881915299966832,0.0013304011438065217,0.020120153292867916]","[0.05,0.05,0.05,0.2,0.2,0.2]",0.000103,52,0,[],0,,,95.948778,0.150099,51,air,0,0.0,air
2026-08-11T09:56:54.071639+00:00,1229609.538296036,v4_depth_down_10cm,0,"[0.0,0.0,0.0,0.0]",1,1,1,1,0.000000,5032,251651,1,0,0,1,0,3304843504,205,52637,179,0,101,"[-0.4503181576728821,-0.02908901311457157,0.023210007697343826,0.8920922875404358]","[-0.006797604262828827,0.008053071796894073,-0.02581450156867504]","[-0.298907995223999,0.6563389897346497,9.84819507598877]",-2.20560026,-0.0258145016,0.0965824276,946.507812,"[0.0,0.0,0.0,0.0]","[0.0,0.0,0.0,0.0,0.0,0.0,0.0,0.0]","[0.0,0.0,0.0,0.0,0.0,0.0,0.0,0.0]",0,1,1,1,0.099800,52,1786442211.455946207,pool_world,"[0.8311594002636663,-0.7010377456871577,1.0949097671395471]","[0.4709764464903536,0.881915299966832,0.0013304011438065217,0.020120153292867916]","[0.05,0.05,0.05,0.2,0.2,0.2]",0.050106,52,0,[],0,,,95.948778,0.000122,52,air,0,0.0,air
2026-08-11T09:56:54.121442+00:00,1229609.588165394,v4_depth_down_10cm,0,"[0.0,0.0,0.0,0.0]",1,1,1,1,0.000000,5033,251701,1,0,0,1,0,3304843504,206,63402,180,0,101,"[-0.4496103823184967,-0.029044022783637047,0.022941019386053085,0.8924577236175537]","[-0.016574658453464508,0.003140702610835433,-0.024562228471040726]","[-0.32267001271247864,0.668366014957428,9.840548515319824]",-2.20719576,-0.0245622285,0.0964413211,945.125,"[0.0,0.0,0.0,0.0]","[0.0,0.0,0.0,0.0,0.0,0.0,0.0,0.0]","[0.0,0.0,0.0,0.0,0.0,0.0,0.0,0.0]",0,1,1,1,0.149670,52,1786442211.455946207,pool_world,"[0.8311594002636663,-0.7010377456871577,1.0949097671395471]","[0.4709764464903536,0.881915299966832,0.0013304011438065217,0.020120153292867916]","[0.05,0.05,0.05,0.2,0.2,0.2]",0.099975,52,0,[],0,,,95.948778,0.049991,52,air,0,0.0,air
2026-08-11T09:56:54.172734+00:00,1229609.639197976,v4_depth_down_10cm,0,"[0.0,0.0,0.0,0.0]",1,1,1,1,0.000000,5034,251751,1,0,0,1,0,3304843504,206,63402,180,0,101,"[-0.4489523768424988,-0.028861023485660553,0.022548018023371696,0.8928048014640808]","[-0.020245924592018127,0.0006843610899522901,-0.0233172494918108]","[-0.3489829897880554,0.649133026599884,9.833333969116211]",-2.20869565,-0.0233172495,0.0964413211,945.125,"[0.0,0.0,0.0,0.0]","[0.0,0.0,0.0,0.0,0.0,0.0,0.0,0.0]","[0.0,0.0,0.0,0.0,0.0,0.0,0.0,0.0]",0,1,1,1,0.000101,53,1786442211.619652510,pool_world,"[0.8219104669198046,-0.6964778825583435,1.0949097671395471]","[0.4677013823416925,0.8835973293849287,-0.0085353114886442,0.020936210671550888]","[0.05,0.05,0.05,0.2,0.2,0.2]",0.151008,52,0,[],0,,,95.948778,0.101024,52,air,0,0.0,air
2026-08-11T09:56:54.221225+00:00,1229609.688254016,v4_depth_down_10cm,0,"[0.0,0.0,0.0,0.0]",1,1,1,1,0.000000,5035,251801,1,0,0,1,0,3304843504,208,2727,181,0,99,"[-0.4483131468296051,-0.0285160094499588,0.022136006504297256,0.8931472897529602]","[-0.025766853243112564,-0.00550319766625762,-0.022016998380422592]","[-0.35142800211906433,0.6444799900054932,9.842968940734863]",-2.21016979,-0.0220169984,0.0966485962,947.15625,"[0.0,0.0,0.0,0.0]","[0.0,0.0,0.0,0.0,0.0,0.0,0.0,0.0]","[0.0,0.0,0.0,0.0,0.0,0.0,0.0,0.0]",0,1,1,1,0.049157,53,1786442211.619652510,pool_world,"[0.8219104669198046,-0.6964778825583435,1.0949097671395471]","[0.4677013823416925,0.8835973293849287,-0.0085353114886442,0.020936210671550888]","[0.05,0.05,0.05,0.2,0.2,0.2]",0.000083,53,0,[],0,,,95.005029,0.150080,52,air,0,0.0,air
2026-08-11T09:56:54.271028+00:00,1229609.738210531,v4_depth_down_10cm,0,"[0.0,0.0,0.0,0.0]",1,1,1,1,0.000000,5036,251851,1,0,0,1,0,3304843504,208,2727,181,0,99,"[-0.447719544172287,-0.028034033253788948,0.021741027012467384,0.893470048904419]","[-0.02763507328927517,-0.011698960326611996,-0.019471680745482445]","[-0.34185299277305603,0.639369010925293,9.826362609863281]",-2.21155429,-0.0194716807,0.0966485962,947.15625,"[0.0,0.0,0.0,0.0]","[0.0,0.0,0.0,0.0,0.0,0.0,0.0,0.0]","[0.0,0.0,0.0,0.0,0.0,0.0,0.0,0.0]",0,1,1,1,0.099113,53,1786442211.619652510,pool_world,"[0.8219104669198046,-0.6964778825583435,1.0949097671395471]","[0.4677013823416925,0.8835973293849287,-0.0085353114886442,0.020936210671550888]","[0.05,0.05,0.05,0.2,0.2,0.2]",0.050040,53,0,[],0,,,95.005029,0.000081,53,air,0,0.0,air
2026-08-11T09:56:54.321668+00:00,1229609.788185342,v4_depth_down_10cm,0,"[0.0,0.0,0.0,0.0]",1,1,1,1,0.000000,5037,251901,1,0,0,1,0,3304843504,210,4321,182,0,101,"[-0.44715532660484314,-0.027450017631053925,0.021409016102552414,0.8937786817550659]","[-0.01831248216331005,-0.014239217154681683,-0.018147915601730347]","[-0.30921900272369385,0.6111760139465332,9.77597713470459]",-2.21288013,-0.0181479156,0.0969100744,949.71875,"[0.0,0.0,0.0,0.0]","[0.0,0.0,0.0,0.0,0.0,0.0,0.0,0.0]","[0.0,0.0,0.0,0.0,0.0,0.0,0.0,0.0]",0,1,1,1,0.149088,53,1786442211.619652510,pool_world,"[0.8219104669198046,-0.6964778825583435,1.0949097671395471]","[0.4677013823416925,0.8835973293849287,-0.0085353114886442,0.020936210671550888]","[0.05,0.05,0.05,0.2,0.2,0.2]",0.100015,53,0,[],0,,,95.005029,0.050056,53,air,0,0.0,air
2026-08-11T09:56:54.372519+00:00,1229609.839099989,v4_depth_down_10cm,0,"[0.0,0.0,0.0,0.0]",1,1,1,1,0.000000,5038,251951,1,0,0,1,0,3304843504,210,4321,182,0,101,"[-0.446605384349823,-0.026941023766994476,0.021338017657399178,0.8940707445144653]","[-0.011831395328044891,-0.01676882803440094,-0.017452822998166084]","[-0.270022988319397,0.6206250190734863,9.724313735961914]",-2.21415997,-0.017452823,0.0969100744,949.71875,"[0.0,0.0,0.0,0.0]","[0.0,0.0,0.0,0.0,0.0,0.0,0.0,0.0]","[0.0,0.0,0.0,0.0,0.0,0.0,0.0,0.0]",0,1,1,1,0.000107,54,1786442211.787476778,pool_world,"[0.8182419480847549,-0.6975559701797704,1.0949097671395471]","[0.4633395146845815,0.8857580500819026,-0.00825328825868175,0.026097012853608548]","[0.05,0.05,0.05,0.2,0.2,0.2]",0.150929,53,0,[],0,,,95.005029,0.100971,53,air,0,0.0,air
2026-08-11T09:56:54.422010+00:00,1229609.888468197,v4_depth_down_10cm,0,"[0.0,0.0,0.0,0.0]",1,1,1,1,0.000000,5039,252001,1,0,0,1,0,3304843504,210,4321,182,0,101,"[-0.44608309864997864,-0.026471005752682686,0.021427003666758537,0.8943433165550232]","[-0.0069754524156451225,-0.01928023435175419,-0.016156146302819252]","[-0.25809699296951294,0.6205700039863586,9.72445297241211]",-2.21536994,-0.0161561463,0.0973182395,953.71875,"[0.0,0.0,0.0,0.0]","[0.0,0.0,0.0,0.0,0.0,0.0,0.0,0.0]","[0.0,0.0,0.0,0.0,0.0,0.0,0.0,0.0]",0,1,1,1,0.049475,54,1786442211.787476778,pool_world,"[0.8182419480847549,-0.6975559701797704,1.0949097671395471]","[0.4633395146845815,0.8857580500819026,-0.00825328825868175,0.026097012853608548]","[0.05,0.05,0.05,0.2,0.2,0.2]",0.000133,54,0,[],0,,,93.74449,0.150339,53,air,0,0.0,air
2026-08-11T09:56:54.471985+00:00,1229609.938430828,v4_depth_down_10cm,0,"[0.0,0.0,0.0,0.0]",1,1,1,1,0.000000,5040,252051,1,0,0,1,0,3304843504,210,4321,182,0,101,"[-0.44559532403945923,-0.025996018201112747,0.021545015275478363,0.8945976495742798]","[-0.010025519877672195,-0.01987668126821518,-0.015552105382084846]","[-0.24126499891281128,0.6297479867935181,9.700520515441895]",-2.21650267,-0.0155521054,0.097804524,958.484375,"[0.0,0.0,0.0,0.0]","[0.0,0.0,0.0,0.0,0.0,0.0,0.0,0.0]","[0.0,0.0,0.0,0.0,0.0,0.0,0.0,0.0]",0,1,1,1,0.099438,54,1786442211.787476778,pool_world,"[0.8182419480847549,-0.6975559701797704,1.0949097671395471]","[0.4633395146845815,0.8857580500819026,-0.00825328825868175,0.026097012853608548]","[0.05,0.05,0.05,0.2,0.2,0.2]",0.050095,54,0,[],0,,,93.74449,0.000160,54,air,0,0.0,air
2026-08-11T09:56:54.521304+00:00,1229609.988086070,v4_depth_down_10cm,0,"[0.0,0.0,0.0,0.0]",1,1,1,1,0.000000,5041,252101,1,0,0,1,0,3304843504,210,4321,182,0,101,"[-0.4451410472393036,-0.025488002225756645,0.021636003628373146,0.8948361277580261]","[-0.004560370929539204,-0.021737344563007355,-0.011816978454589844]","[-0.21740899980068207,0.6173179745674133,9.681788444519043]",-2.21756268,-0.0118169785,0.097804524,958.484375,"[0.0,0.0,0.0,0.0]","[0.0,0.0,0.0,0.0,0.0,0.0,0.0,0.0]","[0.0,0.0,0.0,0.0,0.0,0.0,0.0,0.0]",0,1,1,1,0.149093,54,1786442211.787476778,pool_world,"[0.8182419480847549,-0.6975559701797704,1.0949097671395471]","[0.4633395146845815,0.8857580500819026,-0.00825328825868175,0.026097012853608548]","[0.05,0.05,0.05,0.2,0.2,0.2]",0.099751,54,0,[],0,,,93.74449,0.049815,54,air,0,0.0,air
2026-08-11T09:56:54.572593+00:00,1229610.039084539,v4_depth_down_10cm,0,"[0.0,0.0,0.0,0.0]",1,1,1,1,0.000000,5042,252151,1,0,0,1,0,3304843504,210,4321,182,0,101,"[-0.44471827149391174,-0.024950016289949417,0.021794013679027557,0.8950576782226562]","[-0.0076207360252738,-0.024213042110204697,-0.011791200377047062]","[-0.19352400302886963,0.6121410131454468,9.6653470993042]",-2.2185533,-0.0117912004,0.0983657539,963.984375,"[0.0,0.0,0.0,0.0]","[0.0,0.0,0.0,0.0,0.0,0.0,0.0,0.0]","[0.0,0.0,0.0,0.0,0.0,0.0,0.0,0.0]",0,1,1,1,0.000113,55,1786442211.886448145,pool_world,"[0.8192592595055833,-0.6959863597986271,1.0949097671395471]","[0.45710822149949176,0.8888640613023164,-0.019078015660307934,0.02467354212894221]","[0.05,0.05,0.05,0.2,0.2,0.2]",0.150749,54,0,[],0,,,93.74449,0.100814,54,air,0,0.0,air
2026-08-11T09:56:54.621983+00:00,1229610.088412433,v4_depth_down_10cm,0,"[0.0,0.0,0.0,0.0]",1,1,1,1,0.000000,5043,252201,1,0,0,1,0,3304843504,216,6035,183,0,101,"[-0.4443291425704956,-0.024399008601903915,0.0219890084117651,0.895261287689209]","[-0.002156842965632677,-0.02628163993358612,-0.00805239100009203]","[-0.1641550064086914,0.6040120124816895,9.667404174804688]",-2.21946836,-0.008052391,0.0983657539,963.984375,"[0.0,0.0,0.0,0.0]","[0.0,0.0,0.0,0.0,0.0,0.0,0.0,0.0]","[0.0,0.0,0.0,0.0,0.0,0.0,0.0,0.0]",0,1,1,1,0.049441,55,1786442211.886448145,pool_world,"[0.8192592595055833,-0.6959863597986271,1.0949097671395471]","[0.45710822149949176,0.8888640613023164,-0.019078015660307934,0.02467354212894221]","[0.05,0.05,0.05,0.2,0.2,0.2]",0.000129,55,0,[],0,,,92.498119,0.150142,54,air,0,0.0,air
2026-08-11T09:56:54.671868+00:00,1229610.138456468,v4_depth_down_10cm,0,"[0.0,0.0,0.0,0.0]",1,1,1,1,0.000000,5044,252251,1,0,0,1,0,3304843504,216,6035,183,0,101,"[-0.44399017095565796,-0.02383800968527794,0.022320007905364037,0.8954363465309143]","[-0.0009486213675700128,-0.027953071519732475,-0.008015511557459831]","[-0.12916800379753113,0.6071069836616516,9.670958518981934]",-2.22026968,-0.00801551156,0.0989413187,969.625,"[0.0,0.0,0.0,0.0]","[0.0,0.0,0.0,0.0,0.0,0.0,0.0,0.0]","[0.0,0.0,0.0,0.0,0.0,0.0,0.0,0.0]",0,1,1,1,0.099485,55,1786442211.886448145,pool_world,"[0.8192592595055833,-0.6959863597986271,1.0949097671395471]","[0.45710822149949176,0.8888640613023164,-0.019078015660307934,0.02467354212894221]","[0.05,0.05,0.05,0.2,0.2,0.2]",0.050173,55,0,[],0,,,92.498119,0.000148,55,air,0,0.0,air
2026-08-11T09:56:54.721551+00:00,1229610.188111131,v4_depth_down_10cm,0,"[0.0,0.0,0.0,0.0]",1,1,1,1,0.000000,5045,252301,1,0,0,1,0,3304843504,216,6035,183,0,101,"[-0.44370734691619873,-0.023223018273711205,0.022645017132163048,0.8955845832824707]","[0.0014869158621877432,-0.027306411415338516,-0.0049545359797775745]","[-0.12217400223016739,0.5979290008544922,9.702360153198242]",-2.22095013,-0.00495453598,0.0989413187,969.625,"[0.0,0.0,0.0,0.0]","[0.0,0.0,0.0,0.0,0.0,0.0,0.0,0.0]","[0.0,0.0,0.0,0.0,0.0,0.0,0.0,0.0]",0,1,1,1,0.149140,55,1786442211.886448145,pool_world,"[0.8192592595055833,-0.6959863597986271,1.0949097671395471]","[0.45710822149949176,0.8888640613023164,-0.019078015660307934,0.02467354212894221]","[0.05,0.05,0.05,0.2,0.2,0.2]",0.099828,55,0,[],0,,,92.498119,0.049802,55,air,0,0.0,air
2026-08-11T09:56:54.771081+00:00,1229610.238361723,v4_depth_down_10cm,0,"[0.0,0.0,0.0,0.0]",1,1,1,1,0.000000,5046,252351,1,0,0,1,0,3304843504,219,58385,184,0,99,"[-0.4434735178947449,-0.02259802632033825,0.023055028170347214,0.8957058787345886]","[0.0002455503854434937,-0.03037918545305729,-0.0018493684474378824]","[-0.1005920022726059,0.6243990063667297,9.709413528442383]",-2.22152042,-0.00184936845,0.0996875018,976.9375,"[0.0,0.0,0.0,0.0]","[0.0,0.0,0.0,0.0,0.0,0.0,0.0,0.0]","[0.0,0.0,0.0,0.0,0.0,0.0,0.0,0.0]",0,1,1,1,0.199390,55,1786442211.886448145,pool_world,"[0.8192592595055833,-0.6959863597986271,1.0949097671395471]","[0.45710822149949176,0.8888640613023164,-0.019078015660307934,0.02467354212894221]","[0.05,0.05,0.05,0.2,0.2,0.2]",0.000064,56,0,[],0,,,93.228824,0.100053,55,air,0,0.0,air
2026-08-11T09:56:54.821736+00:00,1229610.288339608,v4_depth_down_10cm,0,"[0.0,0.0,0.0,0.0]",1,1,1,1,0.000000,5047,252401,1,0,0,1,0,3304843504,219,58385,184,0,99,"[-0.4433023929595947,-0.021930020302534103,0.02341601997613907,0.8957977890968323]","[-0.0022000574972480536,-0.03159571439027786,-0.0006191206630319357]","[-0.09831800311803818,0.6150239706039429,9.726370811462402]",-2.22195458,-0.000619120663,0.0996875018,976.9375,"[0.0,0.0,0.0,0.0]","[0.0,0.0,0.0,0.0,0.0,0.0,0.0,0.0]","[0.0,0.0,0.0,0.0,0.0,0.0,0.0,0.0]",0,1,1,1,0.249368,55,1786442211.886448145,pool_world,"[0.8192592595055833,-0.6959863597986271,1.0949097671395471]","[0.45710822149949176,0.8888640613023164,-0.019078015660307934,0.02467354212894221]","[0.05,0.05,0.05,0.2,0.2,0.2]",0.050042,56,0,[],0,,,93.228824,0.000137,56,air,0,0.0,air
2026-08-11T09:56:54.871198+00:00,1229610.338057393,v4_depth_down_10cm,0,"[0.0,0.0,0.0,0.0]",1,1,1,1,0.000000,5048,252451,1,0,0,1,0,3304843504,221,39234,185,0,100,"[-0.4431862235069275,-0.02118801325559616,0.023673012852668762,0.8958664536476135]","[-0.011946098878979683,-0.03021569922566414,0.00480272714048624]","[-0.08887100219726562,0.605542004108429,9.73861312866211]",-2.22227335,0.00480272714,0.100504622,984.945312,"[0.0,0.0,0.0,0.0]","[0.0,0.0,0.0,0.0,0.0,0.0,0.0,0.0]","[0.0,0.0,0.0,0.0,0.0,0.0,0.0,0.0]",0,1,1,0,0.299086,55,1786442211.886448145,pool_world,"[0.8192592595055833,-0.6959863597986271,1.0949097671395471]","[0.45710822149949176,0.8888640613023164,-0.019078015660307934,0.02467354212894221]","[0.05,0.05,0.05,0.2,0.2,0.2]",0.099759,56,0,[],0,,,93.228824,0.049855,56,air,0,0.0,air
2026-08-11T09:56:54.922233+00:00,1229610.388781454,v4_depth_down_10cm,0,"[0.0,0.0,0.0,0.0]",1,1,1,1,0.000000,5049,252501,1,0,0,1,0,3304843504,222,51761,186,0,100,"[-0.4431552290916443,-0.020384011790156364,0.023746013641357422,0.8958984613418579]","[-0.020469466224312782,-0.028882108628749847,0.007174716796725988]","[-0.17974400520324707,0.6217479705810547,9.826085090637207]",-2.22240782,0.0071747168,0.100504622,984.945312,"[0.0,0.0,0.0,0.0]","[0.0,0.0,0.0,0.0,0.0,0.0,0.0,0.0]","[0.0,0.0,0.0,0.0,0.0,0.0,0.0,0.0]",0,1,1,0,0.349810,55,1786442211.886448145,pool_world,"[0.8192592595055833,-0.6959863597986271,1.0949097671395471]","[0.45710822149949176,0.8888640613023164,-0.019078015660307934,0.02467354212894221]","[0.05,0.05,0.05,0.2,0.2,0.2]",0.000118,57,0,[],0,,,96.114802,0.100579,56,air,0,0.0,air
2026-08-11T09:56:54.971413+00:00,1229610.438308153,v4_depth_down_10cm,0,"[0.0,0.0,0.0,0.0]",1,1,1,1,0.000000,5050,252551,1,0,0,1,0,3304843504,222,51761,186,0,100,"[-0.4431953728199005,-0.019527016207575798,0.023629020899534225,0.8959007859230042]","[-0.021669764071702957,-0.025092633441090584,0.01015823520720005]","[-0.1751440018415451,0.5880140066146851,9.824236869812012]",-2.22238827,0.0101582352,0.101343267,993.164062,"[0.0,0.0,0.0,0.0]","[0.0,0.0,0.0,0.0,0.0,0.0,0.0,0.0]","[0.0,0.0,0.0,0.0,0.0,0.0,0.0,0.0]",0,1,1,0,0.399337,55,1786442211.886448145,pool_world,"[0.8192592595055833,-0.6959863597986271,1.0949097671395471]","[0.45710822149949176,0.8888640613023164,-0.019078015660307934,0.02467354212894221]","[0.05,0.05,0.05,0.2,0.2,0.2]",0.049644,57,0,[],0,,,96.114802,0.000112,57,air,0,0.0,air
2026-08-11T09:56:55.021602+00:00,1229610.488108550,v4_depth_down_10cm,0,"[0.0,0.0,0.0,0.0]",1,1,1,1,0.000000,5051,252601,1,0,0,1,0,3304843504,224,18491,187,0,100,"[-0.4432741701602936,-0.018758008256554604,0.0235110092908144,0.8958813548088074]","[-0.02043846994638443,-0.022589707747101784,0.011344291269779205]","[-0.17517299950122833,0.5856819748878479,9.829068183898926]",-2.22227359,0.0113442913,0.102222569,1001.78125,"[0.0,0.0,0.0,0.0]","[0.0,0.0,0.0,0.0,0.0,0.0,0.0,0.0]","[0.0,0.0,0.0,0.0,0.0,0.0,0.0,0.0]",0,1,1,0,0.449137,55,1786442211.886448145,pool_world,"[0.8192592595055833,-0.6959863597986271,1.0949097671395471]","[0.45710822149949176,0.8888640613023164,-0.019078015660307934,0.02467354212894221]","[0.05,0.05,0.05,0.2,0.2,0.2]",0.099445,57,0,[],0,,,96.114802,0.049912,57,air,0,0.0,air
2026-08-11T09:56:55.072352+00:00,1229610.538840694,v4_depth_down_10cm,0,"[0.0,0.0,0.0,0.0]",1,1,1,1,0.000000,5052,252651,1,0,0,1,0,3304843504,225,2422,188,0,100,"[-0.44337934255599976,-0.018024014309048653,0.023352019488811493,0.8958485722541809]","[-0.021026959642767906,-0.018827321007847786,0.012497150339186192]","[-0.18243899941444397,0.5665090084075928,9.831665992736816]",-2.22209597,0.0124971503,0.102222569,1001.78125,"[0.0,0.0,0.0,0.0]","[0.0,0.0,0.0,0.0,0.0,0.0,0.0,0.0]","[0.0,0.0,0.0,0.0,0.0,0.0,0.0,0.0]",0,1,1,0,0.499869,55,1786442211.886448145,pool_world,"[0.8192592595055833,-0.6959863597986271,1.0949097671395471]","[0.45710822149949176,0.8888640613023164,-0.019078015660307934,0.02467354212894221]","[0.05,0.05,0.05,0.2,0.2,0.2]",0.000117,58,0,[],0,,,92.300393,0.100645,57,air,0,0.0,air
2026-08-11T09:56:55.120827+00:00,1229610.588197310,v4_depth_down_10cm,0,"[0.0,0.0,0.0,0.0]",1,1,1,1,0.000000,5053,252701,1,0,0,1,0,3304843504,225,2422,188,0,100,"[-0.44349732995033264,-0.017395012080669403,0.023233016952872276,0.8958056569099426]","[-0.016154279932379723,-0.018858788534998894,0.012526700273156166]","[-0.1776989996433258,0.5641549825668335,9.836553573608398]",-2.2218802,0.0125267003,0.103169642,1011.0625,"[0.0,0.0,0.0,0.0]","[0.0,0.0,0.0,0.0,0.0,0.0,0.0,0.0]","[0.0,0.0,0.0,0.0,0.0,0.0,0.0,0.0]",0,1,1,0,0.549226,55,1786442211.886448145,pool_world,"[0.8192592595055833,-0.6959863597986271,1.0949097671395471]","[0.45710822149949176,0.8888640613023164,-0.019078015660307934,0.02467354212894221]","[0.05,0.05,0.05,0.2,0.2,0.2]",0.049474,58,0,[],0,,,92.300393,0.000071,58,air,0,0.0,air
2026-08-11T09:56:55.170631+00:00,1229610.638015426,v4_depth_down_10cm,0,"[0.0,0.0,0.0,0.0]",1,1,1,1,0.000000,5054,252751,1,0,0,1,0,3304843504,225,2422,188,0,100,"[-0.44362813234329224,-0.01684100553393364,0.023123007267713547,0.8957542777061462]","[-0.01552526280283928,-0.015535559505224228,0.012471407651901245]","[-0.1410290002822876,0.5545430183410645,9.796334266662598]",-2.22162914,0.0124714077,0.103169642,1011.0625,"[0.0,0.0,0.0,0.0]","[0.0,0.0,0.0,0.0,0.0,0.0,0.0,0.0]","[0.0,0.0,0.0,0.0,0.0,0.0,0.0,0.0]",0,1,1,0,0.599044,55,1786442211.886448145,pool_world,"[0.8192592595055833,-0.6959863597986271,1.0949097671395471]","[0.45710822149949176,0.8888640613023164,-0.019078015660307934,0.02467354212894221]","[0.05,0.05,0.05,0.2,0.2,0.2]",0.099292,58,0,[],0,,,92.300393,0.049889,58,air,0,0.0,air
2026-08-11T09:56:55.221456+00:00,1229610.688555041,v4_depth_down_10cm,0,"[0.0,0.0,0.0,0.0]",1,1,1,1,0.000000,5055,252801,1,0,0,1,0,3304843504,225,2422,188,0,100,"[-0.44372522830963135,-0.016358008608222008,0.023032013326883316,0.8957175016403198]","[-0.012471809983253479,-0.014530913904309273,0.011248542927205563]","[-0.10832999646663666,0.5457519888877869,9.756061553955078]",-2.22144723,0.0112485429,0.104156569,1020.73438,"[0.0,0.0,0.0,0.0]","[0.0,0.0,0.0,0.0,0.0,0.0,0.0,0.0]","[0.0,0.0,0.0,0.0,0.0,0.0,0.0,0.0]",0,1,1,0,0.649584,55,1786442211.886448145,pool_world,"[0.8192592595055833,-0.6959863597986271,1.0949097671395471]","[0.45710822149949176,0.8888640613023164,-0.019078015660307934,0.02467354212894221]","[0.05,0.05,0.05,0.2,0.2,0.2]",0.000093,59,0,[],0,,,94.851128,0.100428,58,air,0,0.0,air
2026-08-11T09:56:55.270755+00:00,1229610.738164866,v4_depth_down_10cm,0,"[0.0,0.0,0.0,0.0]",1,1,1,1,0.000000,5056,252851,1,0,0,1,0,3304843504,225,2422,188,0,100,"[-0.4438302218914032,-0.01589800789952278,0.022924011573195457,0.8956765532493591]","[-0.016733607277274132,-0.014518818818032742,0.009999777190387249]","[-0.07482799887657166,0.5500419735908508,9.73239517211914]",-2.22124553,0.00999977719,0.104156569,1020.73438,"[0.0,0.0,0.0,0.0]","[0.0,0.0,0.0,0.0,0.0,0.0,0.0,0.0]","[0.0,0.0,0.0,0.0,0.0,0.0,0.0,0.0]",0,1,1,0,0.699193,55,1786442211.886448145,pool_world,"[0.8192592595055833,-0.6959863597986271,1.0949097671395471]","[0.45710822149949176,0.8888640613023164,-0.019078015660307934,0.02467354212894221]","[0.05,0.05,0.05,0.2,0.2,0.2]",0.049702,59,0,[],0,,,94.851128,0.000072,59,air,0,0.0,air
2026-08-11T09:56:55.320847+00:00,1229610.788106300,v4_depth_down_10cm,0,"[0.0,0.0,0.0,0.0]",1,1,1,1,0.000000,5057,252901,1,0,0,1,0,3304843504,225,2422,188,0,100,"[-0.4439114034175873,-0.015450013801455498,0.02277902141213417,0.8956478238105774]","[-0.014297249726951122,-0.014534545131027699,0.010014559142291546]","[-0.060534000396728516,0.5352870225906372,9.715983390808105]",-2.22109556,0.0100145591,0.1051419,1030.39062,"[0.0,0.0,0.0,0.0]","[0.0,0.0,0.0,0.0,0.0,0.0,0.0,0.0]","[0.0,0.0,0.0,0.0,0.0,0.0,0.0,0.0]",0,1,1,0,0.749135,55,1786442211.886448145,pool_world,"[0.8192592595055833,-0.6959863597986271,1.0949097671395471]","[0.45710822149949176,0.8888640613023164,-0.019078015660307934,0.02467354212894221]","[0.05,0.05,0.05,0.2,0.2,0.2]",0.099644,59,0,[],0,,,94.851128,0.050013,59,air,0,0.0,air
2026-08-11T09:56:55.371003+00:00,1229610.838392496,v4_depth_down_10cm,0,"[0.0,0.0,0.0,0.0]",1,1,1,1,0.000000,5058,252951,1,0,0,1,0,3304843504,225,2422,188,0,100,"[-0.44396522641181946,-0.015002007596194744,0.022672012448310852,0.8956314921379089]","[-0.014306656084954739,-0.016421489417552948,0.008824821561574936]","[-0.03897399827837944,0.5397059917449951,9.696975708007812]",-2.22100592,0.00882482156,0.1051419,1030.39062,"[0.0,0.0,0.0,0.0]","[0.0,0.0,0.0,0.0,0.0,0.0,0.0,0.0]","[0.0,0.0,0.0,0.0,0.0,0.0,0.0,0.0]",0,1,1,0,0.799421,55,1786442211.886448145,pool_world,"[0.8192592595055833,-0.6959863597986271,1.0949097671395471]","[0.45710822149949176,0.8888640613023164,-0.019078015660307934,0.02467354212894221]","[0.05,0.05,0.05,0.2,0.2,0.2]",0.000053,60,0,[],0,,,94.542047,0.100299,59,air,0,0.0,air
2026-08-11T09:56:55.420971+00:00,1229610.888272757,v4_depth_down_10cm,0,"[0.0,0.0,0.0,0.0]",1,1,1,1,0.000000,5059,253001,1,0,0,1,0,3304843504,225,2422,188,0,100,"[-0.44399335980415344,-0.014514011330902576,0.022556018084287643,0.8956285715103149]","[-0.016143178567290306,-0.0176419448107481,0.010058769024908543]","[-0.007980000227689743,0.5322369933128357,9.69024658203125]",-2.22097588,0.010058769,0.106135197,1040.125,"[0.0,0.0,0.0,0.0]","[0.0,0.0,0.0,0.0,0.0,0.0,0.0,0.0]","[0.0,0.0,0.0,0.0,0.0,0.0,0.0,0.0]",0,1,1,0,0.849301,55,1786442211.886448145,pool_world,"[0.8192592595055833,-0.6959863597986271,1.0949097671395471]","[0.45710822149949176,0.8888640613023164,-0.019078015660307934,0.02467354212894221]","[0.05,0.05,0.05,0.2,0.2,0.2]",0.049933,60,0,[],0,,,94.542047,0.000080,60,air,0,0.0,air
2026-08-11T09:56:55.470700+00:00,1229610.938075845,v4_depth_down_10cm,0,"[0.0,0.0,0.0,0.0]",1,1,1,1,0.000000,5060,253051,1,0,0,1,0,3304843504,233,21029,189,0,100,"[-0.4440164566040039,-0.01401001401245594,0.02248402312397957,0.8956269025802612]","[-0.01390383392572403,-0.01770777814090252,0.005995974410325289]","[0.01665000058710575,0.526449978351593,9.686615943908691]",-2.2209568,0.00599597441,0.106135197,1040.125,"[0.0,0.0,0.0,0.0]","[0.0,0.0,0.0,0.0,0.0,0.0,0.0,0.0]","[0.0,0.0,0.0,0.0,0.0,0.0,0.0,0.0]",0,1,1,0,0.899104,55,1786442211.886448145,pool_world,"[0.8192592595055833,-0.6959863597986271,1.0949097671395471]","[0.45710822149949176,0.8888640613023164,-0.019078015660307934,0.02467354212894221]","[0.05,0.05,0.05,0.2,0.2,0.2]",0.099736,60,0,[],0,,,94.542047,0.049883,60,air,0,0.0,air
2026-08-11T09:56:55.521126+00:00,1229610.988406697,v4_depth_down_10cm,0,"[0.0,0.0,0.0,0.0]",1,1,1,1,0.000000,5061,253101,1,0,0,1,0,3304843504,234,49044,190,0,100,"[-0.44401323795318604,-0.013456008397042751,0.022387010976672173,0.8956394791603088]","[-0.017972474917769432,-0.01892409846186638,0.006401099730283022]","[0.02052599936723709,0.5202980041503906,9.7051420211792]",-2.22099924,0.00640109973,0.107025668,1048.85156,"[0.0,0.0,0.0,0.0]","[0.0,0.0,0.0,0.0,0.0,0.0,0.0,0.0]","[0.0,0.0,0.0,0.0,0.0,0.0,0.0,0.0]",0,1,1,0,0.949435,55,1786442211.886448145,pool_world,"[0.8192592595055833,-0.6959863597986271,1.0949097671395471]","[0.45710822149949176,0.8888640613023164,-0.019078015660307934,0.02467354212894221]","[0.05,0.05,0.05,0.2,0.2,0.2]",0.000064,61,0,[],0,,,94.390139,0.100213,60,air,0,0.0,air
2026-08-11T09:56:55.571872+00:00,1229611.038464357,v4_depth_down_10cm,0,"[0.0,0.0,0.0,0.0]",1,1,1,1,0.000000,5062,253151,1,0,0,1,0,3304843504,234,49044,190,0,100,"[-0.44401541352272034,-0.012873010709881783,0.02223001979291439,0.8956508040428162]","[-0.014919580891728401,-0.017696086317300797,0.00639745220541954]","[0.029888000339269638,0.4964210093021393,9.719992637634277]",-2.22103024,0.00639745221,0.107906573,1057.48438,"[0.0,0.0,0.0,0.0]","[0.0,0.0,0.0,0.0,0.0,0.0,0.0,0.0]","[0.0,0.0,0.0,0.0,0.0,0.0,0.0,0.0]",0,1,1,0,0.999493,55,1786442211.886448145,pool_world,"[0.8192592595055833,-0.6959863597986271,1.0949097671395471]","[0.45710822149949176,0.8888640613023164,-0.019078015660307934,0.02467354212894221]","[0.05,0.05,0.05,0.2,0.2,0.2]",0.050121,61,0,[],0,,,94.390139,0.000138,61,air,0,0.0,air
2026-08-11T09:56:55.621516+00:00,1229611.088164521,v4_depth_down_10cm,0,"[0.0,0.0,0.0,0.0]",1,1,1,1,0.000000,5063,253201,1,0,0,1,0,3304843504,236,5114,191,0,101,"[-0.4439953565597534,-0.012372009456157684,0.02219501882791519,0.8956687450408936]","[-0.010650436393916607,-0.01711520552635193,0.005189335439354181]","[0.03228199854493141,0.50621497631073,9.7318696975708]",-2.22110486,0.00518933544,0.107906573,1057.48438,"[0.0,0.0,0.0,0.0]","[0.0,0.0,0.0,0.0,0.0,0.0,0.0,0.0]","[0.0,0.0,0.0,0.0,0.0,0.0,0.0,0.0]",0,1,1,0,1.049193,55,1786442211.886448145,pool_world,"[0.8192592595055833,-0.6959863597986271,1.0949097671395471]","[0.45710822149949176,0.8888640613023164,-0.019078015660307934,0.02467354212894221]","[0.05,0.05,0.05,0.2,0.2,0.2]",0.099821,61,0,[],0,,,94.390139,0.049838,61,air,0,0.0,air
2026-08-11T09:56:55.672458+00:00,1229611.138902516,v4_depth_down_10cm,0,"[0.0,0.0,0.0,0.0]",1,1,1,1,0.000000,5064,253251,1,0,0,1,0,3304843504,236,5114,191,0,101,"[-0.4439811706542969,-0.011928005144000053,0.022171009331941605,0.8956823348999023]","[-0.011836805380880833,-0.011477338150143623,0.0063053336925804615]","[0.029675999656319618,0.4874959886074066,9.765700340270996]",-2.22116232,0.00630533369,0.108678252,1065.04688,"[0.0,0.0,0.0,0.0]","[0.0,0.0,0.0,0.0,0.0,0.0,0.0,0.0]","[0.0,0.0,0.0,0.0,0.0,0.0,0.0,0.0]",0,1,1,0,1.099931,55,1786442211.886448145,pool_world,"[0.8192592595055833,-0.6959863597986271,1.0949097671395471]","[0.45710822149949176,0.8888640613023164,-0.019078015660307934,0.02467354212894221]","[0.05,0.05,0.05,0.2,0.2,0.2]",0.000130,62,0,[],0,,,94.271574,0.100576,61,air,0,0.0,air
2026-08-11T09:56:55.721561+00:00,1229611.188383156,v4_depth_down_10cm,0,"[0.0,0.0,0.0,0.0]",1,1,1,1,0.000000,5065,253301,1,0,0,1,0,3304843504,238,35686,192,0,100,"[-0.44396933913230896,-0.011620009317994118,0.02215801738202572,0.8956926465034485]","[-0.006956655532121658,-0.010261123068630695,0.0063127512112259865]","[0.013061000034213066,0.5044469833374023,9.767658233642578]",-2.22120667,0.00631275121,0.108678252,1065.04688,"[0.0,0.0,0.0,0.0]","[0.0,0.0,0.0,0.0,0.0,0.0,0.0,0.0]","[0.0,0.0,0.0,0.0,0.0,0.0,0.0,0.0]",0,1,1,0,1.149412,55,1786442211.886448145,pool_world,"[0.8192592595055833,-0.6959863597986271,1.0949097671395471]","[0.45710822149949176,0.8888640613023164,-0.019078015660307934,0.02467354212894221]","[0.05,0.05,0.05,0.2,0.2,0.2]",0.049611,62,0,[],0,,,94.271574,0.000109,62,air,0,0.0,air
2026-08-11T09:56:55.771676+00:00,1229611.238161824,v4_depth_down_10cm,0,"[0.0,0.0,0.0,0.0]",1,1,1,1,0.000000,5066,253351,1,0,0,1,0,3304843504,239,41857,193,0,99,"[-0.4439864158630371,-0.011393011547625065,0.02212602086365223,0.8956878185272217]","[-0.007520815823227167,-0.0021164212375879288,0.008611106313765049]","[-0.06109900027513504,0.5057410001754761,9.829155921936035]",-2.22118115,0.00861110631,0.109483413,1072.9375,"[0.0,0.0,0.0,0.0]","[0.0,0.0,0.0,0.0,0.0,0.0,0.0,0.0]","[0.0,0.0,0.0,0.0,0.0,0.0,0.0,0.0]",0,1,1,0,1.199190,55,1786442211.886448145,pool_world,"[0.8192592595055833,-0.6959863597986271,1.0949097671395471]","[0.45710822149949176,0.8888640613023164,-0.019078015660307934,0.02467354212894221]","[0.05,0.05,0.05,0.2,0.2,0.2]",0.099390,62,0,[],0,,,94.271574,0.049887,62,air,0,0.0,air
2026-08-11T09:56:55.822470+00:00,1229611.288937810,v4_depth_down_10cm,0,"[0.0,0.0,0.0,0.0]",1,1,1,1,0.000000,5067,253401,1,0,0,1,0,3304843504,240,31049,194,0,100,"[-0.4440312087535858,-0.011318005621433258,0.022133009508252144,0.8956664204597473]","[-0.0026369306724518538,-0.0002763728844001889,0.008607475087046623]","[-0.06827499717473984,0.50832599401474,9.838632583618164]",-2.22108555,0.00860747509,0.109483413,1072.9375,"[0.0,0.0,0.0,0.0]","[0.0,0.0,0.0,0.0,0.0,0.0,0.0,0.0]","[0.0,0.0,0.0,0.0,0.0,0.0,0.0,0.0]",0,1,1,0,1.249966,55,1786442211.886448145,pool_world,"[0.8192592595055833,-0.6959863597986271,1.0949097671395471]","[0.45710822149949176,0.8888640613023164,-0.019078015660307934,0.02467354212894221]","[0.05,0.05,0.05,0.2,0.2,0.2]",0.000156,63,0,[],0,,,90.625005,0.100663,62,air,0,0.0,air
2026-08-11T09:56:55.871416+00:00,1229611.338297034,v4_depth_down_10cm,0,"[0.0,0.0,0.0,0.0]",1,1,1,1,0.000000,5068,253451,1,0,0,1,0,3304843504,241,14340,195,0,100,"[-0.4441382884979248,-0.011349007487297058,0.022107014432549477,0.8956136107444763]","[-0.004437831696122885,0.005411672405898571,0.013388490304350853]","[-0.07784999907016754,0.5035960078239441,9.84099006652832]",-2.22084475,0.0133884903,0.110144287,1079.41406,"[0.0,0.0,0.0,0.0]","[0.0,0.0,0.0,0.0,0.0,0.0,0.0,0.0]","[0.0,0.0,0.0,0.0,0.0,0.0,0.0,0.0]",0,1,1,0,1.299326,55,1786442211.886448145,pool_world,"[0.8192592595055833,-0.6959863597986271,1.0949097671395471]","[0.45710822149949176,0.8888640613023164,-0.019078015660307934,0.02467354212894221]","[0.05,0.05,0.05,0.2,0.2,0.2]",0.049515,63,0,[],0,,,90.625005,0.000121,63,air,0,0.0,air
2026-08-11T09:56:55.920790+00:00,1229611.388054995,v4_depth_down_10cm,0,"[0.0,0.0,0.0,0.0]",1,1,1,1,0.000000,5069,253501,1,0,0,1,0,3304843504,242,19983,196,0,99,"[-0.444311261177063,-0.011433006264269352,0.021994011476635933,0.8955295085906982]","[-0.007480307016521692,0.006717580370604992,0.016405170783400536]","[-0.07773099839687347,0.5178449749946594,9.828786849975586]",-2.22045422,0.0164051708,0.110144287,1079.41406,"[0.0,0.0,0.0,0.0]","[0.0,0.0,0.0,0.0,0.0,0.0,0.0,0.0]","[0.0,0.0,0.0,0.0,0.0,0.0,0.0,0.0]",0,1,1,0,1.349083,55,1786442211.886448145,pool_world,"[0.8192592595055833,-0.6959863597986271,1.0949097671395471]","[0.45710822149949176,0.8888640613023164,-0.019078015660307934,0.02467354212894221]","[0.05,0.05,0.05,0.2,0.2,0.2]",0.099273,63,0,[],0,,,90.625005,0.049879,63,air,0,0.0,air
2026-08-11T09:56:55.970930+00:00,1229611.438323823,v4_depth_down_10cm,0,"[0.0,0.0,0.0,0.0]",1,1,1,1,0.000000,5070,253551,1,0,0,1,0,3304843504,243,3906,197,0,99,"[-0.44455602765083313,-0.011571001261472702,0.02179799973964691,0.8954110145568848]","[-0.009278502315282822,0.012382499873638153,0.01935182698071003]","[-0.07063499838113785,0.4983850121498108,9.817161560058594]",-2.21990013,0.019351827,0.110684782,1084.71094,"[0.0,0.0,0.0,0.0]","[0.0,0.0,0.0,0.0,0.0,0.0,0.0,0.0]","[0.0,0.0,0.0,0.0,0.0,0.0,0.0,0.0]",0,1,1,0,1.399352,55,1786442211.886448145,pool_world,"[0.8192592595055833,-0.6959863597986271,1.0949097671395471]","[0.45710822149949176,0.8888640613023164,-0.019078015660307934,0.02467354212894221]","[0.05,0.05,0.05,0.2,0.2,0.2]",0.000054,64,0,[],0,,,92.028716,0.100148,63,air,0,0.0,air
2026-08-11T09:56:56.021016+00:00,1229611.488270377,v4_depth_down_10cm,0,"[0.0,0.0,0.0,0.0]",1,1,1,1,0.000000,5071,253601,1,0,0,1,0,3304843504,244,13148,198,0,100,"[-0.4448622167110443,-0.011789005249738693,0.02162001095712185,0.8952603936195374]","[-0.001971262041479349,0.012350736185908318,0.020619060844182968]","[-0.023552000522613525,0.4974119961261749,9.768142700195312]",-2.21920443,0.0206190608,0.110684782,1084.71094,"[0.0,0.0,0.0,0.0]","[0.0,0.0,0.0,0.0,0.0,0.0,0.0,0.0]","[0.0,0.0,0.0,0.0,0.0,0.0,0.0,0.0]",0,1,1,0,1.449299,55,1786442211.886448145,pool_world,"[0.8192592595055833,-0.6959863597986271,1.0949097671395471]","[0.45710822149949176,0.8888640613023164,-0.019078015660307934,0.02467354212894221]","[0.05,0.05,0.05,0.2,0.2,0.2]",0.050001,64,0,[],0,,,92.028716,0.000074,64,air,0,0.0,air
2026-08-11T09:56:56.071599+00:00,1229611.538085245,v4_depth_down_10cm,0,"[0.0,0.0,0.0,0.0]",1,1,1,1,0.000000,5072,253651,1,0,0,1,0,3304843504,244,13148,198,0,100,"[-0.445207417011261,-0.01210201159119606,0.021571019664406776,0.8950858116149902]","[0.0004633674689102918,0.013005093671381474,0.024291476234793663]","[0.034696999937295914,0.5085359811782837,9.727067947387695]",-2.21841574,0.0242914762,0.111068234,1088.46875,"[0.0,0.0,0.0,0.0]","[0.0,0.0,0.0,0.0,0.0,0.0,0.0,0.0]","[0.0,0.0,0.0,0.0,0.0,0.0,0.0,0.0]",0,1,1,0,1.499114,55,1786442211.886448145,pool_world,"[0.8192592595055833,-0.6959863597986271,1.0949097671395471]","[0.45710822149949176,0.8888640613023164,-0.019078015660307934,0.02467354212894221]","[0.05,0.05,0.05,0.2,0.2,0.2]",0.099816,64,0,[],0,,,92.028716,0.049889,64,air,0,0.0,air
2026-08-11T09:56:56.122506+00:00,1229611.588915783,v4_depth_down_10cm,0,"[0.0,0.0,0.0,0.0]",1,1,1,1,0.000000,5073,253701,1,0,0,1,0,3304843504,246,3170,199,0,101,"[-0.44561049342155457,-0.012423013336956501,0.02152002416551113,0.8948820233345032]","[0.002286887262016535,0.012369463220238686,0.02431362308561802]","[0.032354000955820084,0.498522013425827,9.700800895690918]",-2.21749711,0.0243136231,0.111068234,1088.46875,"[0.0,0.0,0.0,0.0]","[0.0,0.0,0.0,0.0,0.0,0.0,0.0,0.0]","[0.0,0.0,0.0,0.0,0.0,0.0,0.0,0.0]",0,1,1,0,1.549944,55,1786442211.886448145,pool_world,"[0.8192592595055833,-0.6959863597986271,1.0949097671395471]","[0.45710822149949176,0.8888640613023164,-0.019078015660307934,0.02467354212894221]","[0.05,0.05,0.05,0.2,0.2,0.2]",0.000131,65,0,[],0,,,92.649466,0.100719,64,air,0,0.0,air
2026-08-11T09:56:56.171633+00:00,1229611.638333565,v4_depth_down_10cm,0,"[0.0,0.0,0.0,0.0]",1,1,1,1,0.000000,5074,253751,1,0,0,1,0,3304843504,246,3170,199,0,101,"[-0.4460393786430359,-0.012772010639309883,0.02158701792359352,0.8946617841720581]","[0.007766855414956808,0.012349478900432587,0.02556975558400154]","[0.049178000539541245,0.5126569867134094,9.686392784118652]",-2.2165184,0.0255697556,0.111298628,1090.72656,"[0.0,0.0,0.0,0.0]","[0.0,0.0,0.0,0.0,0.0,0.0,0.0,0.0]","[0.0,0.0,0.0,0.0,0.0,0.0,0.0,0.0]",0,1,1,0,1.599362,55,1786442211.886448145,pool_world,"[0.8192592595055833,-0.6959863597986271,1.0949097671395471]","[0.45710822149949176,0.8888640613023164,-0.019078015660307934,0.02467354212894221]","[0.05,0.05,0.05,0.2,0.2,0.2]",0.049549,65,0,[],0,,,92.649466,0.000107,65,air,0,0.0,air
2026-08-11T09:56:56.221676+00:00,1229611.688169164,v4_depth_down_10cm,0,"[0.0,0.0,0.0,0.0]",1,1,1,1,0.000000,5075,253801,1,0,0,1,0,3304843504,248,26858,200,0,99,"[-0.4465051293373108,-0.013114001601934433,0.021724006161093712,0.8944212198257446]","[0.01018556673079729,0.009861529804766178,0.027463121339678764]","[0.05399499833583832,0.5148940086364746,9.676820755004883]",-2.2154572,0.0274631213,0.111446105,1092.17188,"[0.0,0.0,0.0,0.0]","[0.0,0.0,0.0,0.0,0.0,0.0,0.0,0.0]","[0.0,0.0,0.0,0.0,0.0,0.0,0.0,0.0]",0,1,1,0,1.649198,55,1786442211.886448145,pool_world,"[0.8192592595055833,-0.6959863597986271,1.0949097671395471]","[0.45710822149949176,0.8888640613023164,-0.019078015660307934,0.02467354212894221]","[0.05,0.05,0.05,0.2,0.2,0.2]",0.099384,65,0,[],0,,,92.649466,0.049942,65,air,0,0.0,air
2026-08-11T09:56:56.270966+00:00,1229611.738357297,v4_depth_down_10cm,0,"[0.0,0.0,0.0,0.0]",1,1,1,1,0.000000,5076,253851,1,0,0,1,0,3304843504,249,45674,201,0,99,"[-0.4469815194606781,-0.013403014279901981,0.021928023546934128,0.8941739797592163]","[0.007707234937697649,0.0030227182433009148,0.028181450441479683]","[0.06351800262928009,0.5149229764938354,9.68172550201416]",-2.21437454,0.0281814504,0.111446105,1092.17188,"[0.0,0.0,0.0,0.0]","[0.0,0.0,0.0,0.0,0.0,0.0,0.0,0.0]","[0.0,0.0,0.0,0.0,0.0,0.0,0.0,0.0]",0,1,1,0,1.699386,55,1786442211.886448145,pool_world,"[0.8192592595055833,-0.6959863597986271,1.0949097671395471]","[0.45710822149949176,0.8888640613023164,-0.019078015660307934,0.02467354212894221]","[0.05,0.05,0.05,0.2,0.2,0.2]",0.000053,66,0,[],0,,,93.018666,0.100130,65,air,0,0.0,air
2026-08-11T09:56:56.321888+00:00,1229611.788466070,v4_depth_down_10cm,0,"[0.0,0.0,0.0,0.0]",1,1,1,1,0.000000,5077,253901,1,0,0,1,0,3304843504,249,45674,201,0,99,"[-0.44748345017433167,-0.013598013669252396,0.022173022851347923,0.8939138650894165]","[0.01055156346410513,0.0036436368245631456,0.029410526156425476]","[0.04359399899840355,0.5250639915466309,9.709333419799805]",-2.21323943,0.0294105262,0.111438937,1092.10156,"[0.0,0.0,0.0,0.0]","[0.0,0.0,0.0,0.0,0.0,0.0,0.0,0.0]","[0.0,0.0,0.0,0.0,0.0,0.0,0.0,0.0]",0,1,1,0,1.749495,55,1786442211.886448145,pool_world,"[0.8192592595055833,-0.6959863597986271,1.0949097671395471]","[0.45710822149949176,0.8888640613023164,-0.019078015660307934,0.02467354212894221]","[0.05,0.05,0.05,0.2,0.2,0.2]",0.050162,66,0,[],0,,,93.018666,0.000140,66,air,0,0.0,air
2026-08-11T09:56:56.371575+00:00,1229611.838151864,v4_depth_down_10cm,0,"[0.0,0.0,0.0,0.0]",1,1,1,1,0.000000,5078,253951,1,0,0,1,0,3304843504,249,45674,201,0,99,"[-0.4480132758617401,-0.013708007521927357,0.022425010800361633,0.8936405181884766]","[0.0064575085416436195,-0.0012900078436359763,0.031920187175273895]","[0.025169000029563904,0.5257470011711121,9.74829387664795]",-2.2120471,0.0319201872,0.111438937,1092.10156,"[0.0,0.0,0.0,0.0]","[0.0,0.0,0.0,0.0,0.0,0.0,0.0,0.0]","[0.0,0.0,0.0,0.0,0.0,0.0,0.0,0.0]",0,1,1,0,1.799180,55,1786442211.886448145,pool_world,"[0.8192592595055833,-0.6959863597986271,1.0949097671395471]","[0.45710822149949176,0.8888640613023164,-0.019078015660307934,0.02467354212894221]","[0.05,0.05,0.05,0.2,0.2,0.2]",0.099848,66,0,[],0,,,93.018666,0.049826,66,air,0,0.0,air
2026-08-11T09:56:56.422259+00:00,1229611.888906416,v4_depth_down_10cm,0,"[0.0,0.0,0.0,0.0]",1,1,1,1,0.000000,5079,254001,1,0,0,1,0,3304843504,252,7833,202,0,100,"[-0.4485541582107544,-0.013687004335224628,0.022668007761240005,0.8933632969856262]","[0.006446304265409708,-0.003161524422466755,0.031953345984220505]","[0.005998999811708927,0.5188390016555786,9.762567520141602]",-2.21083784,0.031953346,0.111280292,1090.54688,"[0.0,0.0,0.0,0.0]","[0.0,0.0,0.0,0.0,0.0,0.0,0.0,0.0]","[0.0,0.0,0.0,0.0,0.0,0.0,0.0,0.0]",0,1,1,0,1.849935,55,1786442211.886448145,pool_world,"[0.8192592595055833,-0.6959863597986271,1.0949097671395471]","[0.45710822149949176,0.8888640613023164,-0.019078015660307934,0.02467354212894221]","[0.05,0.05,0.05,0.2,0.2,0.2]",0.000139,67,0,[],0,,,93.919748,0.100580,66,air,0,0.0,air
2026-08-11T09:56:56.470767+00:00,1229611.938179692,v4_depth_down_10cm,0,"[0.0,0.0,0.0,0.0]",1,1,1,1,0.000000,5080,254051,1,0,0,1,0,3304843504,252,7833,202,0,100,"[-0.44909319281578064,-0.01363600604236126,0.023009011521935463,0.8930845260620117]","[0.008241776376962662,-0.008803318254649639,0.030841069296002388]","[-0.008365999907255173,0.5314450263977051,9.795801162719727]",-2.20963407,0.0308410693,0.111280292,1090.54688,"[0.0,0.0,0.0,0.0]","[0.0,0.0,0.0,0.0,0.0,0.0,0.0,0.0]","[0.0,0.0,0.0,0.0,0.0,0.0,0.0,0.0]",0,1,1,0,1.899208,55,1786442211.886448145,pool_world,"[0.8192592595055833,-0.6959863597986271,1.0949097671395471]","[0.45710822149949176,0.8888640613023164,-0.019078015660307934,0.02467354212894221]","[0.05,0.05,0.05,0.2,0.2,0.2]",0.049413,67,0,[],0,,,93.919748,0.000092,67,air,0,0.0,air
2026-08-11T09:56:56.520831+00:00,1229611.988097438,v4_depth_down_10cm,0,"[0.0,0.0,0.0,0.0]",1,1,1,1,0.000000,5081,254101,1,0,0,1,0,3304843504,254,22321,203,0,99,"[-0.4496154487133026,-0.013534014113247395,0.02340802177786827,0.8928129076957703]","[0.013113549910485744,-0.008827072568237782,0.03148205950856209]","[-0.024999000132083893,0.5435490012168884,9.795433044433594]",-2.20847082,0.0314820595,0.111061856,1088.40625,"[0.0,0.0,0.0,0.0]","[0.0,0.0,0.0,0.0,0.0,0.0,0.0,0.0]","[0.0,0.0,0.0,0.0,0.0,0.0,0.0,0.0]",0,1,1,0,1.949126,55,1786442211.886448145,pool_world,"[0.8192592595055833,-0.6959863597986271,1.0949097671395471]","[0.45710822149949176,0.8888640613023164,-0.019078015660307934,0.02467354212894221]","[0.05,0.05,0.05,0.2,0.2,0.2]",0.099330,67,0,[],0,,,93.919748,0.050010,67,air,0,0.0,air
2026-08-11T09:56:56.571011+00:00,1229612.038392093,v4_depth_down_10cm,0,"[0.0,0.0,0.0,0.0]",1,1,1,1,0.000000,5082,254151,1,0,0,1,0,3304843504,255,6494,204,0,100,"[-0.4501582682132721,-0.013401007279753685,0.02385401539504528,0.8925295472145081]","[0.007617751136422157,-0.011294741183519363,0.030881596729159355]","[-0.025054000318050385,0.5511680245399475,9.821707725524902]",-2.20726323,0.0308815967,0.111061856,1088.40625,"[0.0,0.0,0.0,0.0]","[0.0,0.0,0.0,0.0,0.0,0.0,0.0,0.0]","[0.0,0.0,0.0,0.0,0.0,0.0,0.0,0.0]",0,1,1,0,1.999421,55,1786442211.886448145,pool_world,"[0.8192592595055833,-0.6959863597986271,1.0949097671395471]","[0.45710822149949176,0.8888640613023164,-0.019078015660307934,0.02467354212894221]","[0.05,0.05,0.05,0.2,0.2,0.2]",0.000056,68,0,[],0,,,94.535968,0.100305,67,air,0,0.0,air
2026-08-11T09:56:56.620833+00:00,1229612.088234533,v4_depth_down_10cm,0,"[0.0,0.0,0.0,0.0]",1,1,1,1,0.000000,5083,254201,1,0,0,1,0,3304843504,255,6494,204,0,100,"[-0.45069628953933716,-0.013225008733570576,0.02418101765215397,0.8922517895698547]","[0.003993104211986065,-0.006280428264290094,0.030770976096391678]","[-0.05841200053691864,0.5511749982833862,9.811727523803711]",-2.20606899,0.0307709761,0.110749356,1085.34375,"[0.0,0.0,0.0,0.0]","[0.0,0.0,0.0,0.0,0.0,0.0,0.0,0.0]","[0.0,0.0,0.0,0.0,0.0,0.0,0.0,0.0]",0,1,1,0,2.049263,55,1786442211.886448145,pool_world,"[0.8192592595055833,-0.6959863597986271,1.0949097671395471]","[0.45710822149949176,0.8888640613023164,-0.019078015660307934,0.02467354212894221]","[0.05,0.05,0.05,0.2,0.2,0.2]",0.049899,68,0,[],0,,,94.535968,0.000062,68,air,0,0.0,air
2026-08-11T09:56:56.670948+00:00,1229612.138037698,v4_depth_down_10cm,0,"[0.0,0.0,0.0,0.0]",1,1,1,1,0.000000,5084,254251,1,0,0,1,0,3304843504,257,21578,205,0,100,"[-0.4512353241443634,-0.013109010644257069,0.02452501654624939,0.8919716477394104]","[0.01009323913604021,-0.005087494850158691,0.029562892392277718]","[-0.04404100030660629,0.5606939792633057,9.809353828430176]",-2.20486832,0.0295628924,0.110749356,1085.34375,"[0.0,0.0,0.0,0.0]","[0.0,0.0,0.0,0.0,0.0,0.0,0.0,0.0]","[0.0,0.0,0.0,0.0,0.0,0.0,0.0,0.0]",0,1,1,0,2.099066,55,1786442211.886448145,pool_world,"[0.8192592595055833,-0.6959863597986271,1.0949097671395471]","[0.45710822149949176,0.8888640613023164,-0.019078015660307934,0.02467354212894221]","[0.05,0.05,0.05,0.2,0.2,0.2]",0.099702,68,0,[],0,,,94.535968,0.049865,68,air,0,0.0,air
2026-08-11T09:56:56.722364+00:00,1229612.188839234,v4_depth_down_10cm,0,"[0.0,0.0,0.0,0.0]",1,1,1,1,0.000000,5085,254301,1,0,0,1,0,3304843504,258,53101,206,0,101,"[-0.45177435874938965,-0.01313301082700491,0.024916021153330803,0.8916875720024109]","[0.012541813775897026,-0.0025847279466688633,0.03136778995394707]","[-0.03678800165653229,0.5626999735832214,9.785420417785645]",-2.20365882,0.03136779,0.110431284,1082.22656,"[0.0,0.0,0.0,0.0]","[0.0,0.0,0.0,0.0,0.0,0.0,0.0,0.0]","[0.0,0.0,0.0,0.0,0.0,0.0,0.0,0.0]",0,1,1,0,2.149868,55,1786442211.886448145,pool_world,"[0.8192592595055833,-0.6959863597986271,1.0949097671395471]","[0.45710822149949176,0.8888640613023164,-0.019078015660307934,0.02467354212894221]","[0.05,0.05,0.05,0.2,0.2,0.2]",0.000143,69,0,[],0,,,91.389331,0.100667,68,air,0,0.0,air
2026-08-11T09:56:56.771795+00:00,1229612.238388087,v4_depth_down_10cm,0,"[0.0,0.0,0.0,0.0]",1,1,1,1,0.000000,5086,254351,1,0,0,1,0,3304843504,258,53101,206,0,101,"[-0.4522932767868042,-0.013240007683634758,0.025281013920903206,0.8914125561714172]","[0.010745328851044178,0.0024100556038320065,0.030656777322292328]","[-0.015232999809086323,0.5695970058441162,9.771172523498535]",-2.20248842,0.0306567773,0.110131539,1079.28906,"[0.0,0.0,0.0,0.0]","[0.0,0.0,0.0,0.0,0.0,0.0,0.0,0.0]","[0.0,0.0,0.0,0.0,0.0,0.0,0.0,0.0]",0,1,1,0,2.199417,55,1786442211.886448145,pool_world,"[0.8192592595055833,-0.6959863597986271,1.0949097671395471]","[0.45710822149949176,0.8888640613023164,-0.019078015660307934,0.02467354212894221]","[0.05,0.05,0.05,0.2,0.2,0.2]",0.049691,69,0,[],0,,,91.389331,0.000137,69,air,0,0.0,air
2026-08-11T09:56:56.821541+00:00,1229612.288116069,v4_depth_down_10cm,0,"[0.0,0.0,0.0,0.0]",1,1,1,1,0.000000,5087,254401,1,0,0,1,0,3304843504,258,53101,206,0,101,"[-0.4528034031391144,-0.01342601329088211,0.025597022846341133,0.8911417722702026]","[0.012589321471750736,0.004878195468336344,0.029400719329714775]","[0.013536999933421612,0.5762050151824951,9.740221977233887]",-2.20133233,0.0294007193,0.110131539,1079.28906,"[0.0,0.0,0.0,0.0]","[0.0,0.0,0.0,0.0,0.0,0.0,0.0,0.0]","[0.0,0.0,0.0,0.0,0.0,0.0,0.0,0.0]",0,1,1,0,2.249145,55,1786442211.886448145,pool_world,"[0.8192592595055833,-0.6959863597986271,1.0949097671395471]","[0.45710822149949176,0.8888640613023164,-0.019078015660307934,0.02467354212894221]","[0.05,0.05,0.05,0.2,0.2,0.2]",0.099419,69,0,[],0,,,91.389331,0.049865,69,air,0,0.0,air
2026-08-11T09:56:56.872312+00:00,1229612.338867685,v4_depth_down_10cm,0,"[0.0,0.0,0.0,0.0]",1,1,1,1,0.000000,5088,254451,1,0,0,1,0,3304843504,261,57954,207,0,100,"[-0.4532982110977173,-0.013631007634103298,0.02582501247525215,0.8908804655075073]","[0.005302013363689184,0.008237133733928204,0.02807452902197838]","[0.06778799742460251,0.5841649770736694,9.700748443603516]",-2.20020914,0.028074529,0.109835774,1076.39062,"[0.0,0.0,0.0,0.0]","[0.0,0.0,0.0,0.0,0.0,0.0,0.0,0.0]","[0.0,0.0,0.0,0.0,0.0,0.0,0.0,0.0]",0,1,1,0,2.299896,55,1786442211.886448145,pool_world,"[0.8192592595055833,-0.6959863597986271,1.0949097671395471]","[0.45710822149949176,0.8888640613023164,-0.019078015660307934,0.02467354212894221]","[0.05,0.05,0.05,0.2,0.2,0.2]",0.000119,70,0,[],0,,,93.295197,0.100617,69,air,0,0.0,air
2026-08-11T09:56:56.921846+00:00,1229612.388414608,v4_depth_down_10cm,0,"[0.0,0.0,0.0,0.0]",1,1,1,1,0.000000,5089,254501,1,0,0,1,0,3304843504,261,57954,207,0,100,"[-0.45376238226890564,-0.01385401003062725,0.025893021374940872,0.8906387090682983]","[0.00651973020285368,0.007358919363468885,0.02503938600420952]","[0.1020210012793541,0.5723299980163574,9.671730041503906]",-2.19915295,0.025039386,0.109835774,1076.39062,"[0.0,0.0,0.0,0.0]","[0.0,0.0,0.0,0.0,0.0,0.0,0.0,0.0]","[0.0,0.0,0.0,0.0,0.0,0.0,0.0,0.0]",0,1,1,0,2.349443,55,1786442211.886448145,pool_world,"[0.8192592595055833,-0.6959863597986271,1.0949097671395471]","[0.45710822149949176,0.8888640613023164,-0.019078015660307934,0.02467354212894221]","[0.05,0.05,0.05,0.2,0.2,0.2]",0.049666,70,0,[],0,,,93.295197,0.000140,70,air,0,0.0,air
2026-08-11T09:56:56.971661+00:00,1229612.438176936,v4_depth_down_10cm,0,"[0.0,0.0,0.0,0.0]",1,1,1,1,0.000000,5090,254551,1,0,0,1,0,3304843504,261,57954,207,0,100,"[-0.45416513085365295,-0.014106002636253834,0.026001008227467537,0.8904262781143188]","[0.005315470043569803,0.009215163998305798,0.02316446416079998]","[0.11395499855279922,0.572238028049469,9.669468879699707]",-2.19823194,0.0231644642,0.109503351,1073.13281,"[0.0,0.0,0.0,0.0]","[0.0,0.0,0.0,0.0,0.0,0.0,0.0,0.0]","[0.0,0.0,0.0,0.0,0.0,0.0,0.0,0.0]",0,1,1,0,2.399205,55,1786442211.886448145,pool_world,"[0.8192592595055833,-0.6959863597986271,1.0949097671395471]","[0.45710822149949176,0.8888640613023164,-0.019078015660307934,0.02467354212894221]","[0.05,0.05,0.05,0.2,0.2,0.2]",0.099428,70,0,[],0,,,93.295197,0.049902,70,air,0,0.0,air
2026-08-11T09:56:57.021438+00:00,1229612.488540978,v4_depth_down_10cm,0,"[0.0,0.0,0.0,0.0]",1,1,1,1,0.000000,5091,254601,1,0,0,1,0,3304843504,264,45960,209,0,100,"[-0.45449909567832947,-0.014314002357423306,0.026050006970763206,0.8902511596679688]","[0.0004351978423073888,0.007344276178628206,0.020722294226288795]","[0.09247999638319016,0.5723739862442017,9.671619415283203]",-2.19746828,0.0207222942,0.109503351,1073.13281,"[0.0,0.0,0.0,0.0]","[0.0,0.0,0.0,0.0,0.0,0.0,0.0,0.0]","[0.0,0.0,0.0,0.0,0.0,0.0,0.0,0.0]",0,1,1,0,2.449569,55,1786442211.886448145,pool_world,"[0.8192592595055833,-0.6959863597986271,1.0949097671395471]","[0.45710822149949176,0.8888640613023164,-0.019078015660307934,0.02467354212894221]","[0.05,0.05,0.05,0.2,0.2,0.2]",0.000075,71,0,[],0,,,93.54609,0.100266,70,air,0,0.0,air
2026-08-11T09:56:57.071672+00:00,1229612.538394527,v4_depth_down_10cm,0,"[0.0,0.0,0.0,0.0]",1,1,1,1,0.000000,5092,254651,1,0,0,1,0,3304843504,265,19293,210,0,100,"[-0.454766184091568,-0.01443500630557537,0.026029009371995926,0.890113353729248]","[-0.0007906516548246145,0.004795083310455084,0.01586752198636532]","[0.08524399995803833,0.5752149820327759,9.697881698608398]",-2.19686031,0.015867522,0.10919404,1070.10156,"[0.0,0.0,0.0,0.0]","[0.0,0.0,0.0,0.0,0.0,0.0,0.0,0.0]","[0.0,0.0,0.0,0.0,0.0,0.0,0.0,0.0]",0,1,1,0,2.499423,55,1786442211.886448145,pool_world,"[0.8192592595055833,-0.6959863597986271,1.0949097671395471]","[0.45710822149949176,0.8888640613023164,-0.019078015660307934,0.02467354212894221]","[0.05,0.05,0.05,0.2,0.2,0.2]",0.049928,71,0,[],0,,,93.54609,0.000112,71,air,0,0.0,air
2026-08-11T09:56:57.121255+00:00,1229612.588130278,v4_depth_down_10cm,0,"[0.0,0.0,0.0,0.0]",1,1,1,1,0.000000,5093,254701,1,0,0,1,0,3304843504,265,19293,210,0,100,"[-0.45494914054870605,-0.014489003457129002,0.026022007688879967,0.8900192379951477]","[-0.0013980435905978084,0.004128908272832632,0.01220616977661848]","[0.08757799863815308,0.5754249691963196,9.712298393249512]",-2.19644618,0.0122061698,0.10919404,1070.10156,"[0.0,0.0,0.0,0.0]","[0.0,0.0,0.0,0.0,0.0,0.0,0.0,0.0]","[0.0,0.0,0.0,0.0,0.0,0.0,0.0,0.0]",0,1,1,0,2.549159,55,1786442211.886448145,pool_world,"[0.8192592595055833,-0.6959863597986271,1.0949097671395471]","[0.45710822149949176,0.8888640613023164,-0.019078015660307934,0.02467354212894221]","[0.05,0.05,0.05,0.2,0.2,0.2]",0.099664,71,0,[],0,,,93.54609,0.049847,71,air,0,0.0,air
2026-08-11T09:56:57.172466+00:00,1229612.638896439,v4_depth_down_10cm,0,"[0.0,0.0,0.0,0.0]",1,1,1,1,0.000000,5094,254751,1,0,0,1,0,3304843504,267,37175,211,0,100,"[-0.4550340473651886,-0.014456001110374928,0.02602599933743477,0.8899762630462646]","[-0.002428922336548567,0.000554089667275548,0.008593966253101826]","[0.01658800058066845,0.5628039836883545,9.756444931030273]",-2.19625759,0.00859396625,0.109009087,1068.28906,"[0.0,0.0,0.0,0.0]","[0.0,0.0,0.0,0.0,0.0,0.0,0.0,0.0]","[0.0,0.0,0.0,0.0,0.0,0.0,0.0,0.0]",0,1,1,0,2.599925,55,1786442211.886448145,pool_world,"[0.8192592595055833,-0.6959863597986271,1.0949097671395471]","[0.45710822149949176,0.8888640613023164,-0.019078015660307934,0.02467354212894221]","[0.05,0.05,0.05,0.2,0.2,0.2]",0.000130,72,0,[],0,,,95.241913,0.100614,71,air,0,0.0,air
2026-08-11T09:56:57.221440+00:00,1229612.688334363,v4_depth_down_10cm,0,"[0.0,0.0,0.0,0.0]",1,1,1,1,0.000000,5095,254801,1,0,0,1,0,3304843504,267,37175,211,0,100,"[-0.4550383687019348,-0.01437701191753149,0.026082022115588188,0.8899737000465393]","[-0.0008200778975151479,-0.002822092967107892,0.0056055267341434956]","[-0.024793999269604683,0.5869560241699219,9.801992416381836]",-2.1962533,0.00560552673,0.109009087,1068.28906,"[0.0,0.0,0.0,0.0]","[0.0,0.0,0.0,0.0,0.0,0.0,0.0,0.0]","[0.0,0.0,0.0,0.0,0.0,0.0,0.0,0.0]",0,1,1,0,2.649363,55,1786442211.886448145,pool_world,"[0.8192592595055833,-0.6959863597986271,1.0949097671395471]","[0.45710822149949176,0.8888640613023164,-0.019078015660307934,0.02467354212894221]","[0.05,0.05,0.05,0.2,0.2,0.2]",0.049567,72,0,[],0,,,95.241913,0.000125,72,air,0,0.0,air
2026-08-11T09:56:57.270696+00:00,1229612.738018941,v4_depth_down_10cm,0,"[0.0,0.0,0.0,0.0]",1,1,1,1,0.000000,5096,254851,1,0,0,1,0,3304843504,267,37175,211,0,100,"[-0.4549524188041687,-0.014249011874198914,0.026148024946451187,0.8900177478790283]","[-0.000819414621219039,-0.00413917051628232,0.0001245816092705354]","[-0.04402000084519386,0.5729050040245056,9.821168899536133]",-2.196455,0.000124581609,0.108798631,1066.22656,"[0.0,0.0,0.0,0.0]","[0.0,0.0,0.0,0.0,0.0,0.0,0.0,0.0]","[0.0,0.0,0.0,0.0,0.0,0.0,0.0,0.0]",0,1,1,0,2.699047,55,1786442211.886448145,pool_world,"[0.8192592595055833,-0.6959863597986271,1.0949097671395471]","[0.45710822149949176,0.8888640613023164,-0.019078015660307934,0.02467354212894221]","[0.05,0.05,0.05,0.2,0.2,0.2]",0.099252,72,0,[],0,,,95.241913,0.049810,72,air,0,0.0,air
2026-08-11T09:56:57.321186+00:00,1229612.788464287,v4_depth_down_10cm,0,"[0.0,0.0,0.0,0.0]",1,1,1,1,0.000000,5097,254901,1,0,0,1,0,3304843504,270,5759,212,0,99,"[-0.45476824045181274,-0.01411500759422779,0.02633601613342762,0.8901084661483765]","[0.0016036784509196877,-0.0073203821666538715,-0.003474060446023941]","[-0.05105699971318245,0.5970280170440674,9.823131561279297]",-2.19687748,-0.00347406045,0.108679049,1065.05469,"[0.0,0.0,0.0,0.0]","[0.0,0.0,0.0,0.0,0.0,0.0,0.0,0.0]","[0.0,0.0,0.0,0.0,0.0,0.0,0.0,0.0]",0,1,1,0,2.749493,55,1786442211.886448145,pool_world,"[0.8192592595055833,-0.6959863597986271,1.0949097671395471]","[0.45710822149949176,0.8888640613023164,-0.019078015660307934,0.02467354212894221]","[0.05,0.05,0.05,0.2,0.2,0.2]",0.000061,73,0,[],0,,,94.019447,0.100255,72,air,0,0.0,air
2026-08-11T09:56:57.370825+00:00,1229612.838224618,v4_depth_down_10cm,0,"[0.0,0.0,0.0,0.0]",1,1,1,1,0.000000,5098,254951,1,0,0,1,0,3304843504,271,34319,213,0,100,"[-0.4545164704322815,-0.01393901463598013,0.026500029489398003,0.8902349472045898]","[0.0016054933657869697,-0.007335793226957321,-0.004696960095316172]","[-0.06786700338125229,0.5754560232162476,9.82325553894043]",-2.19745445,-0.0046969601,0.108679049,1065.05469,"[0.0,0.0,0.0,0.0]","[0.0,0.0,0.0,0.0,0.0,0.0,0.0,0.0]","[0.0,0.0,0.0,0.0,0.0,0.0,0.0,0.0]",0,1,1,0,2.799253,55,1786442211.886448145,pool_world,"[0.8192592595055833,-0.6959863597986271,1.0949097671395471]","[0.45710822149949176,0.8888640613023164,-0.019078015660307934,0.02467354212894221]","[0.05,0.05,0.05,0.2,0.2,0.2]",0.049821,73,0,[],0,,,94.019447,0.000064,73,air,0,0.0,air
2026-08-11T09:56:57.420745+00:00,1229612.888033142,v4_depth_down_10cm,0,"[0.0,0.0,0.0,0.0]",1,1,1,1,0.000000,5099,255001,1,0,0,1,0,3304843504,271,34319,213,0,100,"[-0.45421046018600464,-0.013801014050841331,0.02674802578985691,0.8903858661651611]","[0.00526169640943408,-0.008029509335756302,-0.008332446217536926]","[-0.048650000244379044,0.5993859767913818,9.82072639465332]",-2.19815063,-0.00833244622,0.108619258,1064.46875,"[0.0,0.0,0.0,0.0]","[0.0,0.0,0.0,0.0,0.0,0.0,0.0,0.0]","[0.0,0.0,0.0,0.0,0.0,0.0,0.0,0.0]",0,1,1,0,2.849062,55,1786442211.886448145,pool_world,"[0.8192592595055833,-0.6959863597986271,1.0949097671395471]","[0.45710822149949176,0.8888640613023164,-0.019078015660307934,0.02467354212894221]","[0.05,0.05,0.05,0.2,0.2,0.2]",0.099630,73,0,[],0,,,94.019447,0.049872,73,air,0,0.0,air
2026-08-11T09:56:57.471006+00:00,1229612.938397712,v4_depth_down_10cm,0,"[0.0,0.0,0.0,0.0]",1,1,1,1,0.000000,5100,255051,1,0,0,1,0,3304843504,271,34319,213,0,100,"[-0.4538753926753998,-0.013620012439787388,0.02697102352976799,0.8905527591705322]","[-0.001235204515978694,-0.0079875523224473,-0.008371838368475437]","[-0.016621999442577362,0.6048219799995422,9.766640663146973]",-2.19891477,-0.00837183837,0.108619258,1064.46875,"[0.0,0.0,0.0,0.0]","[0.0,0.0,0.0,0.0,0.0,0.0,0.0,0.0]","[0.0,0.0,0.0,0.0,0.0,0.0,0.0,0.0]",0,1,1,0,2.899426,55,1786442211.886448145,pool_world,"[0.8192592595055833,-0.6959863597986271,1.0949097671395471]","[0.45710822149949176,0.8888640613023164,-0.019078015660307934,0.02467354212894221]","[0.05,0.05,0.05,0.2,0.2,0.2]",0.000055,74,0,[],0,,,94.158019,0.100237,73,air,0,0.0,air
2026-08-11T09:56:57.520908+00:00,1229612.988231261,v4_depth_down_10cm,0,"[0.0,0.0,0.0,0.0]",1,1,1,1,0.000000,5101,255101,1,0,0,1,0,3304843504,274,56372,214,0,100,"[-0.45351338386535645,-0.013376010581851006,0.02704102173447609,0.8907387256622314]","[-0.006922045722603798,-0.009244799613952637,-0.012052913196384907]","[0.0375789999961853,0.5974130034446716,9.718595504760742]",-2.19974327,-0.0120529132,0.108608894,1064.36719,"[0.0,0.0,0.0,0.0]","[0.0,0.0,0.0,0.0,0.0,0.0,0.0,0.0]","[0.0,0.0,0.0,0.0,0.0,0.0,0.0,0.0]",0,1,1,0,2.949260,55,1786442211.886448145,pool_world,"[0.8192592595055833,-0.6959863597986271,1.0949097671395471]","[0.45710822149949176,0.8888640613023164,-0.019078015660307934,0.02467354212894221]","[0.05,0.05,0.05,0.2,0.2,0.2]",0.049888,74,0,[],0,,,94.158019,0.000064,74,air,0,0.0,air
2026-08-11T09:56:57.571030+00:00,1229613.038104978,v4_depth_down_10cm,0,"[0.0,0.0,0.0,0.0]",1,1,1,1,0.000000,5102,255151,1,0,0,1,0,3304843504,275,17254,215,0,100,"[-0.4531194269657135,-0.013093012385070324,0.02709202654659748,0.890941858291626]","[-0.0044931755401194096,-0.01050820853561163,-0.012016016989946365]","[0.05199600011110306,0.5944290161132812,9.685222625732422]",-2.20064592,-0.012016017,0.108608894,1064.36719,"[0.0,0.0,0.0,0.0]","[0.0,0.0,0.0,0.0,0.0,0.0,0.0,0.0]","[0.0,0.0,0.0,0.0,0.0,0.0,0.0,0.0]",0,1,1,0,2.999133,55,1786442211.886448145,pool_world,"[0.8192592595055833,-0.6959863597986271,1.0949097671395471]","[0.45710822149949176,0.8888640613023164,-0.019078015660307934,0.02467354212894221]","[0.05,0.05,0.05,0.2,0.2,0.2]",0.099762,74,0,[],0,,,94.158019,0.049938,74,air,0,0.0,air
2026-08-11T09:56:57.620996+00:00,1229613.088400487,v4_depth_down_10cm,0,"[0.0,0.0,0.0,0.0]",1,1,1,1,0.000000,5103,255201,1,0,0,1,0,3304843504,276,44613,216,0,100,"[-0.4527013301849365,-0.012836008332669735,0.027113020420074463,0.8911575078964233]","[-0.008147685788571835,-0.010484611615538597,-0.012038182467222214]","[0.07342000305652618,0.5797510147094727,9.6760892868042]",-2.20160055,-0.0120381825,0.108667091,1064.9375,"[0.0,0.0,0.0,0.0]","[0.0,0.0,0.0,0.0,0.0,0.0,0.0,0.0]","[0.0,0.0,0.0,0.0,0.0,0.0,0.0,0.0]",0,1,1,0,3.049429,55,1786442211.886448145,pool_world,"[0.8192592595055833,-0.6959863597986271,1.0949097671395471]","[0.45710822149949176,0.8888640613023164,-0.019078015660307934,0.02467354212894221]","[0.05,0.05,0.05,0.2,0.2,0.2]",0.000053,75,0,[],0,,,94.778352,0.100234,74,air,0,0.0,air
2026-08-11T09:56:57.670759+00:00,1229613.138175197,v4_depth_down_10cm,0,"[0.0,0.0,0.0,0.0]",1,1,1,1,0.000000,5104,255251,1,0,0,1,0,3304843504,276,44613,216,0,100,"[-0.45224449038505554,-0.012593013234436512,0.02714402973651886,0.891391932964325]","[-0.0020494703203439713,-0.00993094127625227,-0.01445811614394188]","[0.0925310030579567,0.5819950103759766,9.671478271484375]",-2.20264077,-0.0144581161,0.108667091,1064.9375,"[0.0,0.0,0.0,0.0]","[0.0,0.0,0.0,0.0,0.0,0.0,0.0,0.0]","[0.0,0.0,0.0,0.0,0.0,0.0,0.0,0.0]",0,1,1,0,3.099204,55,1786442211.886448145,pool_world,"[0.8192592595055833,-0.6959863597986271,1.0949097671395471]","[0.45710822149949176,0.8888640613023164,-0.019078015660307934,0.02467354212894221]","[0.05,0.05,0.05,0.2,0.2,0.2]",0.049828,75,0,[],0,,,94.778352,0.000062,75,air,0,0.0,air
2026-08-11T09:56:57.721662+00:00,1229613.188196813,v4_depth_down_10cm,0,"[0.0,0.0,0.0,0.0]",1,1,1,1,0.000000,5105,255301,1,0,0,1,0,3304843504,278,33836,217,0,101,"[-0.45177143812179565,-0.0123940110206604,0.027263030409812927,0.8916308879852295]","[0.0003924024058505893,-0.009338262490928173,-0.015677299350500107]","[0.1266700029373169,0.5754849910736084,9.67596435546875]",-2.20371389,-0.0156772994,0.108777098,1066.01562,"[0.0,0.0,0.0,0.0]","[0.0,0.0,0.0,0.0,0.0,0.0,0.0,0.0]","[0.0,0.0,0.0,0.0,0.0,0.0,0.0,0.0]",0,1,1,0,3.149225,55,1786442211.886448145,pool_world,"[0.8192592595055833,-0.6959863597986271,1.0949097671395471]","[0.45710822149949176,0.8888640613023164,-0.019078015660307934,0.02467354212894221]","[0.05,0.05,0.05,0.2,0.2,0.2]",0.099850,75,0,[],0,,,94.778352,0.050084,75,air,0,0.0,air
2026-08-11T09:56:57.772392+00:00,1229613.238818940,v4_depth_down_10cm,0,"[0.0,0.0,0.0,0.0]",1,1,1,1,0.000000,5106,255351,1,0,0,1,0,3304843504,279,41702,218,0,101,"[-0.4512873888015747,-0.012226011604070663,0.02741301991045475,0.8918737173080444]","[-0.0026436152402311563,-0.0074316468089818954,-0.014506041072309017]","[0.12343599647283554,0.5773720145225525,9.693490982055664]",-2.20480967,-0.0145060411,0.108777098,1066.01562,"[0.0,0.0,0.0,0.0]","[0.0,0.0,0.0,0.0,0.0,0.0,0.0,0.0]","[0.0,0.0,0.0,0.0,0.0,0.0,0.0,0.0]",0,1,1,0,3.199847,55,1786442211.886448145,pool_world,"[0.8192592595055833,-0.6959863597986271,1.0949097671395471]","[0.45710822149949176,0.8888640613023164,-0.019078015660307934,0.02467354212894221]","[0.05,0.05,0.05,0.2,0.2,0.2]",0.000129,76,0,[],0,,,94.806684,0.100706,75,air,0,0.0,air
2026-08-11T09:56:57.821861+00:00,1229613.288430574,v4_depth_down_10cm,0,"[0.0,0.0,0.0,0.0]",1,1,1,1,0.000000,5107,255401,1,0,0,1,0,3304843504,280,38820,219,0,100,"[-0.4507893919944763,-0.012034011073410511,0.027488023042678833,0.8921258449554443]","[-0.0026492879260331392,-0.00869475957006216,-0.015706829726696014]","[0.11142999678850174,0.5851560235023499,9.726822853088379]",-2.20593786,-0.0157068297,0.108971618,1067.92188,"[0.0,0.0,0.0,0.0]","[0.0,0.0,0.0,0.0,0.0,0.0,0.0,0.0]","[0.0,0.0,0.0,0.0,0.0,0.0,0.0,0.0]",0,1,1,0,3.249459,55,1786442211.886448145,pool_world,"[0.8192592595055833,-0.6959863597986271,1.0949097671395471]","[0.45710822149949176,0.8888640613023164,-0.019078015660307934,0.02467354212894221]","[0.05,0.05,0.05,0.2,0.2,0.2]",0.049741,76,0,[],0,,,94.806684,0.000163,76,air,0,0.0,air
2026-08-11T09:56:57.871643+00:00,1229613.338157465,v4_depth_down_10cm,0,"[0.0,0.0,0.0,0.0]",1,1,1,1,0.000000,5108,255451,1,0,0,1,0,3304843504,281,32352,220,0,100,"[-0.45028427243232727,-0.011789006181061268,0.02754201740026474,0.8923825621604919]","[-0.008751343004405499,-0.01052695419639349,-0.015710581094026566]","[0.10662099719047546,0.5878040194511414,9.741121292114258]",-2.20708513,-0.0157105811,0.109174103,1069.90625,"[0.0,0.0,0.0,0.0]","[0.0,0.0,0.0,0.0,0.0,0.0,0.0,0.0]","[0.0,0.0,0.0,0.0,0.0,0.0,0.0,0.0]",0,1,1,0,3.299186,55,1786442211.886448145,pool_world,"[0.8192592595055833,-0.6959863597986271,1.0949097671395471]","[0.45710822149949176,0.8888640613023164,-0.019078015660307934,0.02467354212894221]","[0.05,0.05,0.05,0.2,0.2,0.2]",0.099468,76,0,[],0,,,94.806684,0.049890,76,air,0,0.0,air
2026-08-11T09:56:57.922447+00:00,1229613.388834905,v4_depth_down_10cm,0,"[0.0,0.0,0.0,0.0]",1,1,1,1,0.000000,5109,255501,1,0,0,1,0,3304843504,282,19918,221,0,100,"[-0.4497872591018677,-0.01143200695514679,0.027454014867544174,0.8926404714584351]","[-0.013633307069540024,-0.011727740056812763,-0.014495116658508778]","[0.09447000175714493,0.5666869878768921,9.772476196289062]",-2.20822001,-0.0144951167,0.109174103,1069.90625,"[0.0,0.0,0.0,0.0]","[0.0,0.0,0.0,0.0,0.0,0.0,0.0,0.0]","[0.0,0.0,0.0,0.0,0.0,0.0,0.0,0.0]",0,1,1,0,3.349863,55,1786442211.886448145,pool_world,"[0.8192592595055833,-0.6959863597986271,1.0949097671395471]","[0.45710822149949176,0.8888640613023164,-0.019078015660307934,0.02467354212894221]","[0.05,0.05,0.05,0.2,0.2,0.2]",0.000127,77,0,[],0,,,95.017511,0.100568,76,air,0,0.0,air
2026-08-11T09:56:57.971607+00:00,1229613.438432080,v4_depth_down_10cm,0,"[0.0,0.0,0.0,0.0]",1,1,1,1,0.000000,5110,255551,1,0,0,1,0,3304843504,283,18726,222,0,100,"[-0.44929611682891846,-0.011019003577530384,0.027315007522702217,0.8928972482681274]","[-0.014242392964661121,-0.011723795905709267,-0.0144988177344203]","[0.06825900077819824,0.5765389800071716,9.77922534942627]",-2.20934439,-0.0144988177,0.109469071,1072.79688,"[0.0,0.0,0.0,0.0]","[0.0,0.0,0.0,0.0,0.0,0.0,0.0,0.0]","[0.0,0.0,0.0,0.0,0.0,0.0,0.0,0.0]",0,1,1,0,3.399461,55,1786442211.886448145,pool_world,"[0.8192592595055833,-0.6959863597986271,1.0949097671395471]","[0.45710822149949176,0.8888640613023164,-0.019078015660307934,0.02467354212894221]","[0.05,0.05,0.05,0.2,0.2,0.2]",0.049725,77,0,[],0,,,95.017511,0.000146,77,air,0,0.0,air
2026-08-11T09:56:58.021564+00:00,1229613.488119491,v4_depth_down_10cm,0,"[0.0,0.0,0.0,0.0]",1,1,1,1,0.000000,5111,255601,1,0,0,1,0,3304843504,284,3212,223,0,100,"[-0.4488373398780823,-0.010571007616817951,0.027175016701221466,0.8931376338005066]","[-0.01751137711107731,-0.015024841763079166,-0.01405189000070095]","[0.01964399963617325,0.5731689929962158,9.805904388427734]",-2.21039772,-0.01405189,0.109469071,1072.79688,"[0.0,0.0,0.0,0.0]","[0.0,0.0,0.0,0.0,0.0,0.0,0.0,0.0]","[0.0,0.0,0.0,0.0,0.0,0.0,0.0,0.0]",0,1,1,0,3.449148,55,1786442211.886448145,pool_world,"[0.8192592595055833,-0.6959863597986271,1.0949097671395471]","[0.45710822149949176,0.8888640613023164,-0.019078015660307934,0.02467354212894221]","[0.05,0.05,0.05,0.2,0.2,0.2]",0.099412,77,0,[],0,,,95.017511,0.049833,77,air,0,0.0,air
2026-08-11T09:56:58.072395+00:00,1229613.538840676,v4_depth_down_10cm,0,"[0.0,0.0,0.0,0.0]",1,1,1,1,0.000000,5112,255651,1,0,0,1,0,3304843504,285,58696,224,0,100,"[-0.4483852982521057,-0.010067006573081017,0.027008021250367165,0.89337557554245]","[-0.016704771667718887,-0.015420264564454556,-0.012001425959169865]","[-0.013043000362813473,0.565509021282196,9.819233894348145]",-2.21143818,-0.012001426,0.109777577,1075.82031,"[0.0,0.0,0.0,0.0]","[0.0,0.0,0.0,0.0,0.0,0.0,0.0,0.0]","[0.0,0.0,0.0,0.0,0.0,0.0,0.0,0.0]",0,1,1,0,3.499869,55,1786442211.886448145,pool_world,"[0.8192592595055833,-0.6959863597986271,1.0949097671395471]","[0.45710822149949176,0.8888640613023164,-0.019078015660307934,0.02467354212894221]","[0.05,0.05,0.05,0.2,0.2,0.2]",0.000129,78,0,[],0,,,96.39949,0.100555,77,air,0,0.0,air
2026-08-11T09:56:58.122069+00:00,1229613.588510042,v4_depth_down_10cm,0,"[0.0,0.0,0.0,0.0]",1,1,1,1,0.000000,5113,255701,1,0,0,1,0,3304843504,286,39739,225,0,100,"[-0.4479711055755615,-0.009596002288162708,0.026952005922794342,0.8935902118682861]","[-0.010619438253343105,-0.016068024560809135,-0.010730528272688389]","[-0.017829999327659607,0.560683012008667,9.816851615905762]",-2.21239185,-0.0107305283,0.109777577,1075.82031,"[0.0,0.0,0.0,0.0]","[0.0,0.0,0.0,0.0,0.0,0.0,0.0,0.0]","[0.0,0.0,0.0,0.0,0.0,0.0,0.0,0.0]",0,1,1,0,3.549539,55,1786442211.886448145,pool_world,"[0.8192592595055833,-0.6959863597986271,1.0949097671395471]","[0.45710822149949176,0.8888640613023164,-0.019078015660307934,0.02467354212894221]","[0.05,0.05,0.05,0.2,0.2,0.2]",0.049798,78,0,[],0,,,96.39949,0.000151,78,air,0,0.0,air
2026-08-11T09:56:58.171273+00:00,1229613.638062873,v4_depth_down_10cm,0,"[0.0,0.0,0.0,0.0]",1,1,1,1,0.000000,5114,255751,1,0,0,1,0,3304843504,287,55926,226,0,99,"[-0.4475891888141632,-0.009130004793405533,0.0269240103662014,0.8937872648239136]","[-0.013049233704805374,-0.01479688473045826,-0.010155965574085712]","[0.008438999764621258,0.5604159832000732,9.807562828063965]",-2.21327186,-0.0101559656,0.110146686,1079.4375,"[0.0,0.0,0.0,0.0]","[0.0,0.0,0.0,0.0,0.0,0.0,0.0,0.0]","[0.0,0.0,0.0,0.0,0.0,0.0,0.0,0.0]",0,1,1,0,3.599091,55,1786442211.886448145,pool_world,"[0.8192592595055833,-0.6959863597986271,1.0949097671395471]","[0.45710822149949176,0.8888640613023164,-0.019078015660307934,0.02467354212894221]","[0.05,0.05,0.05,0.2,0.2,0.2]",0.099351,78,0,[],0,,,96.39949,0.049704,78,air,0,0.0,air
2026-08-11T09:56:58.221264+00:00,1229613.688492356,v4_depth_down_10cm,0,"[0.0,0.0,0.0,0.0]",1,1,1,1,0.000000,5115,255801,1,0,0,1,0,3304843504,287,55926,226,0,99,"[-0.4472354054450989,-0.008705009706318378,0.02688302844762802,0.8939698338508606]","[-0.008175523951649666,-0.014181377366185188,-0.008303124457597733]","[0.029918000102043152,0.5479599833488464,9.786404609680176]",-2.21408629,-0.00830312446,0.110146686,1079.4375,"[0.0,0.0,0.0,0.0]","[0.0,0.0,0.0,0.0,0.0,0.0,0.0,0.0]","[0.0,0.0,0.0,0.0,0.0,0.0,0.0,0.0]",0,1,1,0,3.649521,55,1786442211.886448145,pool_world,"[0.8192592595055833,-0.6959863597986271,1.0949097671395471]","[0.45710822149949176,0.8888640613023164,-0.019078015660307934,0.02467354212894221]","[0.05,0.05,0.05,0.2,0.2,0.2]",0.000067,79,0,[],0,,,100.917783,0.100133,78,air,0,0.0,air
2026-08-11T09:56:58.271246+00:00,1229613.738330870,v4_depth_down_10cm,0,"[0.0,0.0,0.0,0.0]",1,1,1,1,0.000000,5116,255851,1,0,0,1,0,3304843504,289,52485,227,0,100,"[-0.4469122290611267,-0.008353004232048988,0.026959015056490898,0.8941324949264526]","[-0.008171666413545609,-0.012902853079140186,-0.0058794207870960236]","[0.03951000049710274,0.5476959943771362,9.772123336791992]",-2.21482825,-0.00587942079,0.110578761,1083.67188,"[0.0,0.0,0.0,0.0]","[0.0,0.0,0.0,0.0,0.0,0.0,0.0,0.0]","[0.0,0.0,0.0,0.0,0.0,0.0,0.0,0.0]",0,1,1,0,3.699359,55,1786442211.886448145,pool_world,"[0.8192592595055833,-0.6959863597986271,1.0949097671395471]","[0.45710822149949176,0.8888640613023164,-0.019078015660307934,0.02467354212894221]","[0.05,0.05,0.05,0.2,0.2,0.2]",0.049906,79,0,[],0,,,100.917783,0.000088,79,air,0,0.0,air
2026-08-11T09:56:58.321797+00:00,1229613.788202016,v4_depth_down_10cm,0,"[0.0,0.0,0.0,0.0]",1,1,1,1,0.000000,5117,255901,1,0,0,1,0,3304843504,290,34591,228,0,100,"[-0.4466392397880554,-0.008037002757191658,0.026970012113451958,0.8942714333534241]","[-0.007758669555187225,-0.011216201819479465,-0.0038682781159877777]","[0.10259799659252167,0.5601450204849243,9.71429443359375]",-2.21545553,-0.00386827812,0.110578761,1083.67188,"[0.0,0.0,0.0,0.0]","[0.0,0.0,0.0,0.0,0.0,0.0,0.0,0.0]","[0.0,0.0,0.0,0.0,0.0,0.0,0.0,0.0]",0,1,1,0,3.749231,55,1786442211.886448145,pool_world,"[0.8192592595055833,-0.6959863597986271,1.0949097671395471]","[0.45710822149949176,0.8888640613023164,-0.019078015660307934,0.02467354212894221]","[0.05,0.05,0.05,0.2,0.2,0.2]",0.099777,79,0,[],0,,,100.917783,0.049959,79,air,0,0.0,air
2026-08-11T09:56:58.371257+00:00,1229613.838478091,v4_depth_down_10cm,0,"[0.0,0.0,0.0,0.0]",1,1,1,1,0.000000,5118,255951,1,0,0,1,0,3304843504,290,34591,228,0,100,"[-0.4464133679866791,-0.007745006587356329,0.026941020041704178,0.8943877220153809]","[-0.006939341779798269,-0.00975296925753355,-0.0028700719121843576]","[0.1567939966917038,0.5527610182762146,9.667848587036133]",-2.21597552,-0.00287007191,0.111061856,1088.40625,"[0.0,0.0,0.0,0.0]","[0.0,0.0,0.0,0.0,0.0,0.0,0.0,0.0]","[0.0,0.0,0.0,0.0,0.0,0.0,0.0,0.0]",0,1,1,0,3.799507,55,1786442211.886448145,pool_world,"[0.8192592595055833,-0.6959863597986271,1.0949097671395471]","[0.45710822149949176,0.8888640613023164,-0.019078015660307934,0.02467354212894221]","[0.05,0.05,0.05,0.2,0.2,0.2]",0.000067,80,0,[],0,,,99.733042,0.100236,79,air,0,0.0,air
2026-08-11T09:56:58.420730+00:00,1229613.888145956,v4_depth_down_10cm,0,"[0.0,0.0,0.0,0.0]",1,1,1,1,0.000000,5119,256001,1,0,0,1,0,3304843504,292,14944,229,0,99,"[-0.44620734453201294,-0.0075430069118738174,0.026956023648381233,0.8944917917251587]","[-0.0038845271337777376,-0.007885676808655262,-0.0016618677182123065]","[0.18780900537967682,0.5476610064506531,9.658685684204102]",-2.2164464,-0.00166186772,0.111061856,1088.40625,"[0.0,0.0,0.0,0.0]","[0.0,0.0,0.0,0.0,0.0,0.0,0.0,0.0]","[0.0,0.0,0.0,0.0,0.0,0.0,0.0,0.0]",0,1,1,0,3.849174,55,1786442211.886448145,pool_world,"[0.8192592595055833,-0.6959863597986271,1.0949097671395471]","[0.45710822149949176,0.8888640613023164,-0.019078015660307934,0.02467354212894221]","[0.05,0.05,0.05,0.2,0.2,0.2]",0.049735,80,0,[],0,,,99.733042,0.000066,80,air,0,0.0,air
2026-08-11T09:56:58.470735+00:00,1229613.938021122,v4_depth_down_10cm,0,"[0.0,0.0,0.0,0.0]",1,1,1,1,0.000000,5120,256051,1,0,0,1,0,3304843504,293,34866,230,0,100,"[-0.4460592269897461,-0.007346003782004118,0.02698301523923874,0.8945664763450623]","[-0.004503787495195866,-0.009106290526688099,0.00019088666886091232]","[0.19727300107479095,0.5381050109863281,9.666131973266602]",-2.21678782,0.000190886669,0.111555323,1093.24219,"[0.0,0.0,0.0,0.0]","[0.0,0.0,0.0,0.0,0.0,0.0,0.0,0.0]","[0.0,0.0,0.0,0.0,0.0,0.0,0.0,0.0]",0,1,1,0,3.899050,55,1786442211.886448145,pool_world,"[0.8192592595055833,-0.6959863597986271,1.0949097671395471]","[0.45710822149949176,0.8888640613023164,-0.019078015660307934,0.02467354212894221]","[0.05,0.05,0.05,0.2,0.2,0.2]",0.099610,80,0,[],0,,,99.733042,0.049941,80,air,0,0.0,air
2026-08-11T09:56:58.522324+00:00,1229613.988869009,v4_depth_down_10cm,0,"[0.0,0.0,0.0,0.0]",1,1,1,1,0.000000,5121,256101,1,0,0,1,0,3304843504,294,10334,231,0,101,"[-0.4459403455257416,-0.007194005884230137,0.02705901861190796,0.8946247100830078]","[-0.0020636075641959906,-0.007843510247766972,0.0026293559931218624]","[0.21399499475955963,0.547760009765625,9.673378944396973]",-2.217062,0.00262935599,0.112112567,1098.70312,"[0.0,0.0,0.0,0.0]","[0.0,0.0,0.0,0.0,0.0,0.0,0.0,0.0]","[0.0,0.0,0.0,0.0,0.0,0.0,0.0,0.0]",0,1,1,0,3.949898,55,1786442211.886448145,pool_world,"[0.8192592595055833,-0.6959863597986271,1.0949097671395471]","[0.45710822149949176,0.8888640613023164,-0.019078015660307934,0.02467354212894221]","[0.05,0.05,0.05,0.2,0.2,0.2]",0.000123,81,0,[],0,,,98.545041,0.100789,80,air,0,0.0,air
2026-08-11T09:56:58.572041+00:00,1229614.038477304,v4_depth_down_10cm,0,"[0.0,0.0,0.0,0.0]",1,1,1,1,0.000000,5122,256151,1,0,0,1,0,3304843504,295,49562,232,0,101,"[-0.44588416814804077,-0.0070450021885335445,0.027107011526823044,0.8946523666381836]","[-0.002051006304100156,-0.004891111049801111,0.005838824901729822]","[0.19781599938869476,0.5342689752578735,9.730162620544434]",-2.21719503,0.0058388249,0.112112567,1098.70312,"[0.0,0.0,0.0,0.0]","[0.0,0.0,0.0,0.0,0.0,0.0,0.0,0.0]","[0.0,0.0,0.0,0.0,0.0,0.0,0.0,0.0]",0,1,1,0,3.999506,55,1786442211.886448145,pool_world,"[0.8192592595055833,-0.6959863597986271,1.0949097671395471]","[0.45710822149949176,0.8888640613023164,-0.019078015660307934,0.02467354212894221]","[0.05,0.05,0.05,0.2,0.2,0.2]",0.049732,81,0,[],0,,,98.545041,0.000149,81,air,0,0.0,air
2026-08-11T09:56:58.621712+00:00,1229614.088132453,v4_depth_down_10cm,0,"[0.0,0.0,0.0,0.0]",1,1,1,1,0.000000,5123,256201,1,0,0,1,0,3304843504,296,62680,233,0,100,"[-0.4458853304386139,-0.006898004561662674,0.027088021859526634,0.8946535587310791]","[-0.004489423241466284,-0.004639155231416225,0.00806235708296299]","[0.16339300572872162,0.5280659794807434,9.785829544067383]",-2.21720004,0.00806235708,0.112699293,1104.45312,"[0.0,0.0,0.0,0.0]","[0.0,0.0,0.0,0.0,0.0,0.0,0.0,0.0]","[0.0,0.0,0.0,0.0,0.0,0.0,0.0,0.0]",0,1,1,0,4.049161,55,1786442211.886448145,pool_world,"[0.8192592595055833,-0.6959863597986271,1.0949097671395471]","[0.45710822149949176,0.8888640613023164,-0.019078015660307934,0.02467354212894221]","[0.05,0.05,0.05,0.2,0.2,0.2]",0.099387,81,0,[],0,,,98.545041,0.049804,81,air,0,0.0,air
2026-08-11T09:56:58.672419+00:00,1229614.138851041,v4_depth_down_10cm,0,"[0.0,0.0,0.0,0.0]",1,1,1,1,0.000000,5124,256251,1,0,0,1,0,3304843504,296,62680,233,0,100,"[-0.44595035910606384,-0.006746005266904831,0.02703802101314068,0.8946238160133362]","[-0.01058107614517212,-0.003937427885830402,0.011071635410189629]","[0.13471199572086334,0.5333750247955322,9.809412956237793]",-2.217062,0.0110716354,0.112699293,1104.45312,"[0.0,0.0,0.0,0.0]","[0.0,0.0,0.0,0.0,0.0,0.0,0.0,0.0]","[0.0,0.0,0.0,0.0,0.0,0.0,0.0,0.0]",0,1,1,0,4.099880,55,1786442211.886448145,pool_world,"[0.8192592595055833,-0.6959863597986271,1.0949097671395471]","[0.45710822149949176,0.8888640613023164,-0.019078015660307934,0.02467354212894221]","[0.05,0.05,0.05,0.2,0.2,0.2]",0.000131,82,0,[],0,,,98.423835,0.100523,81,air,0,0.0,air
2026-08-11T09:56:58.721969+00:00,1229614.188516172,v4_depth_down_10cm,0,"[0.0,0.0,0.0,0.0]",1,1,1,1,0.000000,5125,256301,1,0,0,1,0,3304843504,298,19222,234,0,100,"[-0.4460652470588684,-0.006540004629641771,0.026859015226364136,0.894573450088501]","[-0.012995024211704731,-0.000178651898750104,0.010990495793521404]","[0.11791399866342545,0.5240499973297119,9.823749542236328]",-2.21681404,0.0109904958,0.113244578,1109.79688,"[0.0,0.0,0.0,0.0]","[0.0,0.0,0.0,0.0,0.0,0.0,0.0,0.0]","[0.0,0.0,0.0,0.0,0.0,0.0,0.0,0.0]",0,1,1,0,4.149545,55,1786442211.886448145,pool_world,"[0.8192592595055833,-0.6959863597986271,1.0949097671395471]","[0.45710822149949176,0.8888640613023164,-0.019078015660307934,0.02467354212894221]","[0.05,0.05,0.05,0.2,0.2,0.2]",0.049796,82,0,[],0,,,98.423835,0.000152,82,air,0,0.0,air
2026-08-11T09:56:58.771727+00:00,1229614.238209909,v4_depth_down_10cm,0,"[0.0,0.0,0.0,0.0]",1,1,1,1,0.000000,5126,256351,1,0,0,1,0,3304843504,299,41682,235,0,100,"[-0.4462265074253082,-0.006321006454527378,0.026711029931902885,0.8944990038871765]","[-0.013632835820317268,-0.003863775171339512,0.01533332746475935]","[0.09170299768447876,0.5388230085372925,9.83762264251709]",-2.21646309,0.0153333275,0.113244578,1109.79688,"[0.0,0.0,0.0,0.0]","[0.0,0.0,0.0,0.0,0.0,0.0,0.0,0.0]","[0.0,0.0,0.0,0.0,0.0,0.0,0.0,0.0]",0,1,1,0,4.199238,55,1786442211.886448145,pool_world,"[0.8192592595055833,-0.6959863597986271,1.0949097671395471]","[0.45710822149949176,0.8888640613023164,-0.019078015660307934,0.02467354212894221]","[0.05,0.05,0.05,0.2,0.2,0.2]",0.099490,82,0,[],0,,,98.423835,0.049846,82,air,0,0.0,air
2026-08-11T09:56:58.822481+00:00,1229614.288924221,v4_depth_down_10cm,0,"[0.0,0.0,0.0,0.0]",1,1,1,1,0.000000,5127,256401,1,0,0,1,0,3304843504,300,59256,236,0,100,"[-0.4464293122291565,-0.006024004425853491,0.026451019570231438,0.8944076299667358]","[-0.021553684026002884,-0.00378951127640903,0.017119674012064934]","[0.07499399781227112,0.531574010848999,9.830341339111328]",-2.21602201,0.017119674,0.11378029,1115.04688,"[0.0,0.0,0.0,0.0]","[0.0,0.0,0.0,0.0,0.0,0.0,0.0,0.0]","[0.0,0.0,0.0,0.0,0.0,0.0,0.0,0.0]",0,1,1,0,4.249953,55,1786442211.886448145,pool_world,"[0.8192592595055833,-0.6959863597986271,1.0949097671395471]","[0.45710822149949176,0.8888640613023164,-0.019078015660307934,0.02467354212894221]","[0.05,0.05,0.05,0.2,0.2,0.2]",0.000128,83,0,[],0,,,96.883672,0.100560,82,air,0,0.0,air
2026-08-11T09:56:58.871809+00:00,1229614.338352711,v4_depth_down_10cm,0,"[0.0,0.0,0.0,0.0]",1,1,1,1,0.000000,5128,256451,1,0,0,1,0,3304843504,301,8109,237,0,100,"[-0.44668230414390564,-0.005668004043400288,0.026111014187335968,0.8942936062812805]","[-0.022781120613217354,-0.005013912450522184,0.018357302993535995]","[0.07186999917030334,0.526423990726471,9.8071928024292]",-2.21547031,0.018357303,0.11378029,1115.04688,"[0.0,0.0,0.0,0.0]","[0.0,0.0,0.0,0.0,0.0,0.0,0.0,0.0]","[0.0,0.0,0.0,0.0,0.0,0.0,0.0,0.0]",0,1,1,0,4.299381,55,1786442211.886448145,pool_world,"[0.8192592595055833,-0.6959863597986271,1.0949097671395471]","[0.45710822149949176,0.8888640613023164,-0.019078015660307934,0.02467354212894221]","[0.05,0.05,0.05,0.2,0.2,0.2]",0.049557,83,0,[],0,,,96.883672,0.000122,83,air,0,0.0,air
2026-08-11T09:56:58.921324+00:00,1229614.388087853,v4_depth_down_10cm,0,"[0.0,0.0,0.0,0.0]",1,1,1,1,0.000000,5129,256501,1,0,0,1,0,3304843504,301,8109,237,0,100,"[-0.44695746898651123,-0.005321004893630743,0.025777023285627365,0.8941679000854492]","[-0.017907408997416496,-0.0043984041549265385,0.02021014504134655]","[0.0917619988322258,0.5090420246124268,9.77808952331543]",-2.21486807,0.020210145,0.114221938,1119.375,"[0.0,0.0,0.0,0.0]","[0.0,0.0,0.0,0.0,0.0,0.0,0.0,0.0]","[0.0,0.0,0.0,0.0,0.0,0.0,0.0,0.0]",0,1,1,0,4.349116,55,1786442211.886448145,pool_world,"[0.8192592595055833,-0.6959863597986271,1.0949097671395471]","[0.45710822149949176,0.8888640613023164,-0.019078015660307934,0.02467354212894221]","[0.05,0.05,0.05,0.2,0.2,0.2]",0.099292,83,0,[],0,,,96.883672,0.049857,83,air,0,0.0,air
2026-08-11T09:56:58.973420+00:00,1229614.440468737,v4_depth_down_10cm,0,"[0.0,0.0,0.0,0.0]",1,1,1,1,0.000000,5130,256551,1,0,0,1,0,3304843504,301,8109,237,0,100,"[-0.4472513198852539,-0.005072003696113825,0.025593020021915436,0.8940277695655823]","[-0.010595545172691345,-0.003814050694927573,0.020854869857430458]","[0.09184300154447556,0.5062329769134521,9.75174617767334]",-2.21422052,0.0208548699,0.114221938,1119.375,"[0.0,0.0,0.0,0.0]","[0.0,0.0,0.0,0.0,0.0,0.0,0.0,0.0]","[0.0,0.0,0.0,0.0,0.0,0.0,0.0,0.0]",0,1,1,0,4.401497,55,1786442211.886448145,pool_world,"[0.8192592595055833,-0.6959863597986271,1.0949097671395471]","[0.45710822149949176,0.8888640613023164,-0.019078015660307934,0.02467354212894221]","[0.05,0.05,0.05,0.2,0.2,0.2]",0.000090,84,0,[],0,,,97.199609,0.102238,83,air,0,0.0,air
2026-08-11T09:56:59.021522+00:00,1229614.488391465,v4_depth_down_10cm,0,"[0.0,0.0,0.0,0.0]",1,1,1,1,0.000000,5131,256601,1,0,0,1,0,3304843504,304,24814,238,0,101,"[-0.4475851058959961,-0.004956001415848732,0.025561004877090454,0.893862247467041]","[-0.0038815774023532867,-0.0013542359229177237,0.021462716162204742]","[0.11815600097179413,0.5107030272483826,9.737588882446289]",-2.21347904,0.0214627162,0.114586256,1122.94531,"[0.0,0.0,0.0,0.0]","[0.0,0.0,0.0,0.0,0.0,0.0,0.0,0.0]","[0.0,0.0,0.0,0.0,0.0,0.0,0.0,0.0]",0,1,1,0,4.449420,55,1786442211.886448145,pool_world,"[0.8192592595055833,-0.6959863597986271,1.0949097671395471]","[0.45710822149949176,0.8888640613023164,-0.019078015660307934,0.02467354212894221]","[0.05,0.05,0.05,0.2,0.2,0.2]",0.048013,84,0,[],0,,,97.199609,0.000126,84,air,0,0.0,air
2026-08-11T09:56:59.071648+00:00,1229614.538172956,v4_depth_down_10cm,0,"[0.0,0.0,0.0,0.0]",1,1,1,1,0.000000,5132,256651,1,0,0,1,0,3304843504,304,24814,238,0,101,"[-0.44791314005851746,-0.004927001427859068,0.025622008368372917,0.8936963081359863]","[0.0015927177155390382,-0.0026373148430138826,0.021518059074878693]","[0.14684100449085236,0.5127570033073425,9.72349739074707]",-2.2127471,0.0215180591,0.114852518,1125.55469,"[0.0,0.0,0.0,0.0]","[0.0,0.0,0.0,0.0,0.0,0.0,0.0,0.0]","[0.0,0.0,0.0,0.0,0.0,0.0,0.0,0.0]",0,1,1,0,4.499201,55,1786442211.886448145,pool_world,"[0.8192592595055833,-0.6959863597986271,1.0949097671395471]","[0.45710822149949176,0.8888640613023164,-0.019078015660307934,0.02467354212894221]","[0.05,0.05,0.05,0.2,0.2,0.2]",0.097795,84,0,[],0,,,97.199609,0.049908,84,air,0,0.0,air
2026-08-11T09:56:59.122391+00:00,1229614.588869747,v4_depth_down_10cm,0,"[0.0,0.0,0.0,0.0]",1,1,1,1,0.000000,5133,256701,1,0,0,1,0,3304843504,304,24814,238,0,101,"[-0.44826406240463257,-0.004966000560671091,0.02576100453734398,0.8935161232948303]","[0.005274402908980846,0.0023529131431132555,0.023286113515496254]","[0.17547599971294403,0.5150309801101685,9.723793029785156]",-2.21196175,0.0232861135,0.114852518,1125.55469,"[0.0,0.0,0.0,0.0]","[0.0,0.0,0.0,0.0,0.0,0.0,0.0,0.0]","[0.0,0.0,0.0,0.0,0.0,0.0,0.0,0.0]",0,1,1,0,4.549898,55,1786442211.886448145,pool_world,"[0.8192592595055833,-0.6959863597986271,1.0949097671395471]","[0.45710822149949176,0.8888640613023164,-0.019078015660307934,0.02467354212894221]","[0.05,0.05,0.05,0.2,0.2,0.2]",0.000146,85,0,[],0,,,97.285263,0.100604,84,air,0,0.0,air
2026-08-11T09:56:59.171858+00:00,1229614.638392236,v4_depth_down_10cm,0,"[0.0,0.0,0.0,0.0]",1,1,1,1,0.000000,5134,256751,1,0,0,1,0,3304843504,307,15333,239,0,100,"[-0.4486425220966339,-0.005050005856901407,0.025887031108140945,0.8933220505714417]","[0.004053736571222544,0.00194489024579525,0.02328609675168991]","[0.2152930051088333,0.5162069797515869,9.708240509033203]",-2.21111274,0.0232860968,0.115154654,1128.51562,"[0.0,0.0,0.0,0.0]","[0.0,0.0,0.0,0.0,0.0,0.0,0.0,0.0]","[0.0,0.0,0.0,0.0,0.0,0.0,0.0,0.0]",0,1,1,0,4.599421,55,1786442211.886448145,pool_world,"[0.8192592595055833,-0.6959863597986271,1.0949097671395471]","[0.45710822149949176,0.8888640613023164,-0.019078015660307934,0.02467354212894221]","[0.05,0.05,0.05,0.2,0.2,0.2]",0.049669,85,0,[],0,,,97.285263,0.000143,85,air,0,0.0,air
2026-08-11T09:56:59.221641+00:00,1229614.688138429,v4_depth_down_10cm,0,"[0.0,0.0,0.0,0.0]",1,1,1,1,0.000000,5135,256801,1,0,0,1,0,3304843504,308,54982,240,0,100,"[-0.44901636242866516,-0.005157004576176405,0.025986019521951675,0.8931307196617126]","[0.0010275451932102442,0.004860392771661282,0.0219931211322546]","[0.239997997879982,0.5166630148887634,9.69332504272461]",-2.21027231,0.0219931211,0.115154654,1128.51562,"[0.0,0.0,0.0,0.0]","[0.0,0.0,0.0,0.0,0.0,0.0,0.0,0.0]","[0.0,0.0,0.0,0.0,0.0,0.0,0.0,0.0]",0,1,1,0,4.649167,55,1786442211.886448145,pool_world,"[0.8192592595055833,-0.6959863597986271,1.0949097671395471]","[0.45710822149949176,0.8888640613023164,-0.019078015660307934,0.02467354212894221]","[0.05,0.05,0.05,0.2,0.2,0.2]",0.099415,85,0,[],0,,,97.285263,0.049889,85,air,0,0.0,air
2026-08-11T09:56:59.270989+00:00,1229614.738368766,v4_depth_down_10cm,0,"[0.0,0.0,0.0,0.0]",1,1,1,1,0.000000,5136,256851,1,0,0,1,0,3304843504,309,3536,241,0,99,"[-0.4493723213672638,-0.005263002589344978,0.026034018024802208,0.892949640750885]","[0.0028622702229768038,0.006096278317272663,0.021982090547680855]","[0.24230200052261353,0.5096189975738525,9.705449104309082]",-2.20947123,0.0219820905,0.115279816,1129.74219,"[0.0,0.0,0.0,0.0]","[0.0,0.0,0.0,0.0,0.0,0.0,0.0,0.0]","[0.0,0.0,0.0,0.0,0.0,0.0,0.0,0.0]",0,1,1,0,4.699397,55,1786442211.886448145,pool_world,"[0.8192592595055833,-0.6959863597986271,1.0949097671395471]","[0.45710822149949176,0.8888640613023164,-0.019078015660307934,0.02467354212894221]","[0.05,0.05,0.05,0.2,0.2,0.2]",0.000054,86,0,[],0,,,95.897458,0.100119,85,air,0,0.0,air
2026-08-11T09:56:59.321667+00:00,1229614.788365141,v4_depth_down_10cm,0,"[0.0,0.0,0.0,0.0]",1,1,1,1,0.000000,5137,256901,1,0,0,1,0,3304843504,310,44476,242,0,100,"[-0.44971415400505066,-0.005416001658886671,0.026110008358955383,0.8927744030952454]","[0.0040785204619169235,0.005449145101010799,0.020777620375156403]","[0.22317400574684143,0.5025269985198975,9.707733154296875]",-2.20869994,0.0207776204,0.115279816,1129.74219,"[0.0,0.0,0.0,0.0]","[0.0,0.0,0.0,0.0,0.0,0.0,0.0,0.0]","[0.0,0.0,0.0,0.0,0.0,0.0,0.0,0.0]",0,1,1,0,4.749394,55,1786442211.886448145,pool_world,"[0.8192592595055833,-0.6959863597986271,1.0949097671395471]","[0.45710822149949176,0.8888640613023164,-0.019078015660307934,0.02467354212894221]","[0.05,0.05,0.05,0.2,0.2,0.2]",0.050051,86,0,[],0,,,95.897458,0.000110,86,air,0,0.0,air
2026-08-11T09:56:59.371444+00:00,1229614.838094259,v4_depth_down_10cm,0,"[0.0,0.0,0.0,0.0]",1,1,1,1,0.000000,5138,256951,1,0,0,1,0,3304843504,310,44476,242,0,100,"[-0.4500464200973511,-0.005574005655944347,0.026218025013804436,0.892602801322937]","[0.0040785204619169235,0.005449145101010799,0.020777620375156403]","[0.22319099307060242,0.5122960209846497,9.717185020446777]",-2.20794964,0.0207776204,0.115387432,1130.79688,"[0.0,0.0,0.0,0.0]","[0.0,0.0,0.0,0.0,0.0,0.0,0.0,0.0]","[0.0,0.0,0.0,0.0,0.0,0.0,0.0,0.0]",0,1,1,0,4.799123,55,1786442211.886448145,pool_world,"[0.8192592595055833,-0.6959863597986271,1.0949097671395471]","[0.45710822149949176,0.8888640613023164,-0.019078015660307934,0.02467354212894221]","[0.05,0.05,0.05,0.2,0.2,0.2]",0.099780,86,0,[],0,,,95.897458,0.049839,86,air,0,0.0,air
2026-08-11T09:56:59.422400+00:00,1229614.888869229,v4_depth_down_10cm,0,"[0.0,0.0,0.0,0.0]",1,1,1,1,0.000000,5139,257001,1,0,0,1,0,3304843504,310,44476,242,0,100,"[-0.4503611624240875,-0.005709001794457436,0.026247011497616768,0.8924423456192017]","[-0.0007868119282647967,0.006073606200516224,0.018291208893060684]","[0.19452700018882751,0.5175309777259827,9.735969543457031]",-2.20723891,0.0182912089,0.115387432,1130.79688,"[0.0,0.0,0.0,0.0]","[0.0,0.0,0.0,0.0,0.0,0.0,0.0,0.0]","[0.0,0.0,0.0,0.0,0.0,0.0,0.0,0.0]",0,1,1,0,4.849898,55,1786442211.886448145,pool_world,"[0.8192592595055833,-0.6959863597986271,1.0949097671395471]","[0.45710822149949176,0.8888640613023164,-0.019078015660307934,0.02467354212894221]","[0.05,0.05,0.05,0.2,0.2,0.2]",0.000130,87,0,[],0,,,95.178954,0.100614,86,air,0,0.0,air
2026-08-11T09:56:59.472091+00:00,1229614.938496864,v4_depth_down_10cm,0,"[0.0,0.0,0.0,0.0]",1,1,1,1,0.000000,5140,257051,1,0,0,1,0,3304843504,310,44476,242,0,100,"[-0.4506361484527588,-0.005808002315461636,0.02626800909638405,0.8923022747039795]","[0.0016402429901063442,0.004825626499950886,0.019551005214452744]","[0.11309699714183807,0.5070509910583496,9.811949729919434]",-2.20661855,0.0195510052,0.115411349,1131.03125,"[0.0,0.0,0.0,0.0]","[0.0,0.0,0.0,0.0,0.0,0.0,0.0,0.0]","[0.0,0.0,0.0,0.0,0.0,0.0,0.0,0.0]",0,1,1,0,4.899525,55,1786442211.886448145,pool_world,"[0.8192592595055833,-0.6959863597986271,1.0949097671395471]","[0.45710822149949176,0.8888640613023164,-0.019078015660307934,0.02467354212894221]","[0.05,0.05,0.05,0.2,0.2,0.2]",0.049757,87,0,[],0,,,95.178954,0.000150,87,air,0,0.0,air
2026-08-11T09:56:59.521725+00:00,1229614.988189417,v4_depth_down_10cm,0,"[0.0,0.0,0.0,0.0]",1,1,1,1,0.000000,5141,257101,1,0,0,1,0,3304843504,310,44476,242,0,100,"[-0.45087549090385437,-0.005903006996959448,0.02632403001189232,0.8921791315078735]","[0.0004237659741193056,0.0041633783839643,0.0158859696239233]","[0.10114599764347076,0.5121369957923889,9.826129913330078]",-2.20607853,0.0158859696,0.115411349,1131.03125,"[0.0,0.0,0.0,0.0]","[0.0,0.0,0.0,0.0,0.0,0.0,0.0,0.0]","[0.0,0.0,0.0,0.0,0.0,0.0,0.0,0.0]",0,1,1,0,4.949218,55,1786442211.886448145,pool_world,"[0.8192592595055833,-0.6959863597986271,1.0949097671395471]","[0.45710822149949176,0.8888640613023164,-0.019078015660307934,0.02467354212894221]","[0.05,0.05,0.05,0.2,0.2,0.2]",0.099450,87,0,[],0,,,95.178954,0.049843,87,air,0,0.0,air
2026-08-11T09:56:59.572389+00:00,1229615.038840132,v4_depth_down_10cm,0,"[0.0,0.0,0.0,0.0]",1,1,1,1,0.000000,5142,257151,1,0,0,1,0,3304843504,315,45451,243,0,100,"[-0.4510985016822815,-0.006021006498485804,0.026382027193903923,0.8920638561248779]","[0.002880578627809882,0.00725142378360033,0.014622542075812817]","[0.07484900206327438,0.5125150084495544,9.842613220214844]",-2.20557404,0.0146225421,0.115333222,1130.26562,"[0.0,0.0,0.0,0.0]","[0.0,0.0,0.0,0.0,0.0,0.0,0.0,0.0]","[0.0,0.0,0.0,0.0,0.0,0.0,0.0,0.0]",0,1,1,0,4.999869,55,1786442211.886448145,pool_world,"[0.8192592595055833,-0.6959863597986271,1.0949097671395471]","[0.45710822149949176,0.8888640613023164,-0.019078015660307934,0.02467354212894221]","[0.05,0.05,0.05,0.2,0.2,0.2]",0.000128,88,0,[],0,,,94.910765,0.100493,87,air,0,0.0,air
2026-08-11T09:56:59.621868+00:00,1229615.088460360,v4_depth_down_10cm,0,"[0.0,0.0,0.0,0.0]",1,1,1,1,0.000000,5143,257201,1,0,0,1,0,3304843504,315,45451,243,0,100,"[-0.45128709077835083,-0.006204001605510712,0.026510007679462433,0.8919633626937866]","[0.007144191302359104,0.007223883178085089,0.01464839093387127]","[0.08213699609041214,0.519294023513794,9.816210746765137]",-2.20514369,0.0146483909,0.115229592,1129.25,"[0.0,0.0,0.0,0.0]","[0.0,0.0,0.0,0.0,0.0,0.0,0.0,0.0]","[0.0,0.0,0.0,0.0,0.0,0.0,0.0,0.0]",0,1,1,0,5.049489,55,1786442211.886448145,pool_world,"[0.8192592595055833,-0.6959863597986271,1.0949097671395471]","[0.45710822149949176,0.8888640613023164,-0.019078015660307934,0.02467354212894221]","[0.05,0.05,0.05,0.2,0.2,0.2]",0.049748,88,0,[],0,,,94.910765,0.000137,88,air,0,0.0,air
2026-08-11T09:56:59.671745+00:00,1229615.138086427,v4_depth_down_10cm,0,"[0.0,0.0,0.0,0.0]",1,1,1,1,0.000000,5144,257251,1,0,0,1,0,3304843504,317,50170,244,0,100,"[-0.4514493942260742,-0.006430004723370075,0.026640022173523903,0.8918758034706116]","[0.005318733863532543,0.007220269646495581,0.013414409011602402]","[0.05827200040221214,0.5268399715423584,9.830218315124512]",-2.20477009,0.013414409,0.115229592,1129.25,"[0.0,0.0,0.0,0.0]","[0.0,0.0,0.0,0.0,0.0,0.0,0.0,0.0]","[0.0,0.0,0.0,0.0,0.0,0.0,0.0,0.0]",0,1,1,0,5.099115,55,1786442211.886448145,pool_world,"[0.8192592595055833,-0.6959863597986271,1.0949097671395471]","[0.45710822149949176,0.8888640613023164,-0.019078015660307934,0.02467354212894221]","[0.05,0.05,0.05,0.2,0.2,0.2]",0.099375,88,0,[],0,,,94.910765,0.049763,88,air,0,0.0,air
2026-08-11T09:56:59.722534+00:00,1229615.188938706,v4_depth_down_10cm,0,"[0.0,0.0,0.0,0.0]",1,1,1,1,0.000000,5145,257301,1,0,0,1,0,3304843504,318,25494,245,0,101,"[-0.451595276594162,-0.006633003707975149,0.02670401707291603,0.8917985558509827]","[0.002881713444367051,0.006804672069847584,0.01218410860747099]","[0.10226599872112274,0.5304110050201416,9.762703895568848]",-2.20443392,0.0121841086,0.115055799,1127.54688,"[0.0,0.0,0.0,0.0]","[0.0,0.0,0.0,0.0,0.0,0.0,0.0,0.0]","[0.0,0.0,0.0,0.0,0.0,0.0,0.0,0.0]",0,1,1,0,5.149967,55,1786442211.886448145,pool_world,"[0.8192592595055833,-0.6959863597986271,1.0949097671395471]","[0.45710822149949176,0.8888640613023164,-0.019078015660307934,0.02467354212894221]","[0.05,0.05,0.05,0.2,0.2,0.2]",0.000132,89,0,[],0,,,93.991779,0.100615,88,air,0,0.0,air
2026-08-11T09:56:59.771518+00:00,1229615.238364801,v4_depth_down_10cm,0,"[0.0,0.0,0.0,0.0]",1,1,1,1,0.000000,5146,257351,1,0,0,1,0,3304843504,319,10839,246,0,100,"[-0.45172545313835144,-0.006799007300287485,0.026753026992082596,0.8917298913002014]","[0.0004450240230653435,0.006604762282222509,0.011561566963791847]","[0.1326960027217865,0.5440930128097534,9.722872734069824]",-2.20413446,0.011561567,0.115055799,1127.54688,"[0.0,0.0,0.0,0.0]","[0.0,0.0,0.0,0.0,0.0,0.0,0.0,0.0]","[0.0,0.0,0.0,0.0,0.0,0.0,0.0,0.0]",0,1,1,0,5.199393,55,1786442211.886448145,pool_world,"[0.8192592595055833,-0.6959863597986271,1.0949097671395471]","[0.45710822149949176,0.8888640613023164,-0.019078015660307934,0.02467354212894221]","[0.05,0.05,0.05,0.2,0.2,0.2]",0.049558,89,0,[],0,,,93.991779,0.000123,89,air,0,0.0,air
2026-08-11T09:56:59.821740+00:00,1229615.288138766,v4_depth_down_10cm,0,"[0.0,0.0,0.0,0.0]",1,1,1,1,0.000000,5147,257401,1,0,0,1,0,3304843504,320,14878,247,0,99,"[-0.4518362283706665,-0.006899003405123949,0.026803014799952507,0.8916714787483215]","[-0.0001817934971768409,0.0034817748237401247,0.01100171823054552]","[0.16129200160503387,0.5342289805412292,9.716150283813477]",-2.20388174,0.0110017182,0.114848532,1125.51562,"[0.0,0.0,0.0,0.0]","[0.0,0.0,0.0,0.0,0.0,0.0,0.0,0.0]","[0.0,0.0,0.0,0.0,0.0,0.0,0.0,0.0]",0,1,1,0,5.249167,55,1786442211.886448145,pool_world,"[0.8192592595055833,-0.6959863597986271,1.0949097671395471]","[0.45710822149949176,0.8888640613023164,-0.019078015660307934,0.02467354212894221]","[0.05,0.05,0.05,0.2,0.2,0.2]",0.099332,89,0,[],0,,,93.991779,0.049897,89,air,0,0.0,air
2026-08-11T09:56:59.872434+00:00,1229615.338891030,v4_depth_down_10cm,0,"[0.0,0.0,0.0,0.0]",1,1,1,1,0.000000,5148,257451,1,0,0,1,0,3304843504,320,14878,247,0,99,"[-0.451922208070755,-0.006978003773838282,0.026801010593771935,0.8916273713111877]","[-0.002016535960137844,0.0022458897437900305,0.011012748815119267]","[0.17573900520801544,0.5434179902076721,9.692193031311035]",-2.20368481,0.0110127488,0.114848532,1125.51562,"[0.0,0.0,0.0,0.0]","[0.0,0.0,0.0,0.0,0.0,0.0,0.0,0.0]","[0.0,0.0,0.0,0.0,0.0,0.0,0.0,0.0]",0,1,1,0,5.299920,55,1786442211.886448145,pool_world,"[0.8192592595055833,-0.6959863597986271,1.0949097671395471]","[0.45710822149949176,0.8888640613023164,-0.019078015660307934,0.02467354212894221]","[0.05,0.05,0.05,0.2,0.2,0.2]",0.000129,90,0,[],0,,,94.808888,0.100649,89,air,0,0.0,air
2026-08-11T09:56:59.921894+00:00,1229615.388472978,v4_depth_down_10cm,0,"[0.0,0.0,0.0,0.0]",1,1,1,1,0.000000,5149,257501,1,0,0,1,0,3304843504,322,3375,248,0,100,"[-0.4519874155521393,-0.007062005810439587,0.02682802453637123,0.891592800617218]","[0.0028654292691498995,0.003446676069870591,0.009797266684472561]","[0.20679299533367157,0.5406129956245422,9.675799369812012]",-2.2035346,0.00979726668,0.114486605,1121.96875,"[0.0,0.0,0.0,0.0]","[0.0,0.0,0.0,0.0,0.0,0.0,0.0,0.0]","[0.0,0.0,0.0,0.0,0.0,0.0,0.0,0.0]",0,1,1,0,5.349501,55,1786442211.886448145,pool_world,"[0.8192592595055833,-0.6959863597986271,1.0949097671395471]","[0.45710822149949176,0.8888640613023164,-0.019078015660307934,0.02467354212894221]","[0.05,0.05,0.05,0.2,0.2,0.2]",0.049711,90,0,[],0,,,94.808888,0.000140,90,air,0,0.0,air
2026-08-11T09:56:59.971674+00:00,1229615.438109534,v4_depth_down_10cm,0,"[0.0,0.0,0.0,0.0]",1,1,1,1,0.000000,5150,257551,1,0,0,1,0,3304843504,323,19554,249,0,100,"[-0.4520145058631897,-0.007167008239775896,0.0268380269408226,0.891577959060669]","[0.00044196975068189204,0.004663833882659674,0.006091670598834753]","[0.21157200634479523,0.5405550003051758,9.673457145690918]",-2.2034688,0.0060916706,0.114486605,1121.96875,"[0.0,0.0,0.0,0.0]","[0.0,0.0,0.0,0.0,0.0,0.0,0.0,0.0]","[0.0,0.0,0.0,0.0,0.0,0.0,0.0,0.0]",0,1,1,0,5.399138,55,1786442211.886448145,pool_world,"[0.8192592595055833,-0.6959863597986271,1.0949097671395471]","[0.45710822149949176,0.8888640613023164,-0.019078015660307934,0.02467354212894221]","[0.05,0.05,0.05,0.2,0.2,0.2]",0.099347,90,0,[],0,,,94.808888,0.049776,90,air,0,0.0,air
2026-08-11T09:57:00.022455+00:00,1229615.488908999,v4_depth_down_10cm,0,"[0.0,0.0,0.0,0.0]",1,1,1,1,0.000000,5151,257601,1,0,0,1,0,3304843504,324,19565,250,0,100,"[-0.45199623703956604,-0.0073050037026405334,0.02689301408827305,0.8915844559669495]","[0.006547009106725454,0.006252083461731672,0.0032456666231155396]","[0.2297399938106537,0.5352370142936707,9.698531150817871]",-2.20350313,0.00324566662,0.114177294,1118.9375,"[0.0,0.0,0.0,0.0]","[0.0,0.0,0.0,0.0,0.0,0.0,0.0,0.0]","[0.0,0.0,0.0,0.0,0.0,0.0,0.0,0.0]",0,1,1,0,5.449937,55,1786442211.886448145,pool_world,"[0.8192592595055833,-0.6959863597986271,1.0949097671395471]","[0.45710822149949176,0.8888640613023164,-0.019078015660307934,0.02467354212894221]","[0.05,0.05,0.05,0.2,0.2,0.2]",0.000130,91,0,[],0,,,92.14867,0.100576,90,air,0,0.0,air
2026-08-11T09:57:00.071835+00:00,1229615.538398864,v4_depth_down_10cm,0,"[0.0,0.0,0.0,0.0]",1,1,1,1,0.000000,5152,257651,1,0,0,1,0,3304843504,324,19565,250,0,100,"[-0.4519484043121338,-0.0075350068509578705,0.026986025273799896,0.891603946685791]","[0.004120582714676857,0.007713168393820524,0.002389826811850071]","[0.19940799474716187,0.5317950248718262,9.726219177246094]",-2.20359921,0.00238982681,0.114177294,1118.9375,"[0.0,0.0,0.0,0.0]","[0.0,0.0,0.0,0.0,0.0,0.0,0.0,0.0]","[0.0,0.0,0.0,0.0,0.0,0.0,0.0,0.0]",0,1,1,0,5.499427,55,1786442211.886448145,pool_world,"[0.8192592595055833,-0.6959863597986271,1.0949097671395471]","[0.45710822149949176,0.8888640613023164,-0.019078015660307934,0.02467354212894221]","[0.05,0.05,0.05,0.2,0.2,0.2]",0.049619,91,0,[],0,,,92.14867,0.000141,91,air,0,0.0,air
2026-08-11T09:57:00.121708+00:00,1229615.588144652,v4_depth_down_10cm,0,"[0.0,0.0,0.0,0.0]",1,1,1,1,0.000000,5153,257701,1,0,0,1,0,3304843504,324,19565,250,0,100,"[-0.4518514573574066,-0.007776007521897554,0.027060028165578842,0.8916487693786621]","[0.00046968553215265274,0.007705907803028822,-7.812094554537907e-05]","[0.18983300030231476,0.5418270230293274,9.749950408935547]",-2.20380449,-7.81209455e-05,0.113835298,1115.58594,"[0.0,0.0,0.0,0.0]","[0.0,0.0,0.0,0.0,0.0,0.0,0.0,0.0]","[0.0,0.0,0.0,0.0,0.0,0.0,0.0,0.0]",0,1,1,0,5.549173,55,1786442211.886448145,pool_world,"[0.8192592595055833,-0.6959863597986271,1.0949097671395471]","[0.45710822149949176,0.8888640613023164,-0.019078015660307934,0.02467354212894221]","[0.05,0.05,0.05,0.2,0.2,0.2]",0.099365,91,0,[],0,,,92.14867,0.049887,91,air,0,0.0,air
2026-08-11T09:57:00.172497+00:00,1229615.638923845,v4_depth_down_10cm,0,"[0.0,0.0,0.0,0.0]",1,1,1,1,0.000000,5154,257751,1,0,0,1,0,3304843504,327,39575,251,0,100,"[-0.4516882598400116,-0.00795100349932909,0.02700701728463173,0.8917315602302551]","[-0.004412384238094091,0.00585043104365468,-0.0012974078999832273]","[0.15164600312709808,0.5421130061149597,9.756702423095703]",-2.20416069,-0.0012974079,0.113466196,1111.96875,"[0.0,0.0,0.0,0.0]","[0.0,0.0,0.0,0.0,0.0,0.0,0.0,0.0]","[0.0,0.0,0.0,0.0,0.0,0.0,0.0,0.0]",0,1,1,0,5.599952,55,1786442211.886448145,pool_world,"[0.8192592595055833,-0.6959863597986271,1.0949097671395471]","[0.45710822149949176,0.8888640613023164,-0.019078015660307934,0.02467354212894221]","[0.05,0.05,0.05,0.2,0.2,0.2]",0.000153,92,0,[],0,,,90.688226,0.100666,91,air,0,0.0,air
2026-08-11T09:57:00.221857+00:00,1229615.688459060,v4_depth_down_10cm,0,"[0.0,0.0,0.0,0.0]",1,1,1,1,0.000000,5155,257801,1,0,0,1,0,3304843504,327,39575,251,0,100,"[-0.45147913694381714,-0.008039003238081932,0.026852011680603027,0.8918412923812866]","[-0.00927590113133192,0.006459481082856655,-0.005006721708923578]","[0.12298999726772308,0.5423910021781921,9.76596450805664]",-2.2046237,-0.00500672171,0.113466196,1111.96875,"[0.0,0.0,0.0,0.0]","[0.0,0.0,0.0,0.0,0.0,0.0,0.0,0.0]","[0.0,0.0,0.0,0.0,0.0,0.0,0.0,0.0]",0,1,1,0,5.649488,55,1786442211.886448145,pool_world,"[0.8192592595055833,-0.6959863597986271,1.0949097671395471]","[0.45710822149949176,0.8888640613023164,-0.019078015660307934,0.02467354212894221]","[0.05,0.05,0.05,0.2,0.2,0.2]",0.049688,92,0,[],0,,,90.688226,0.000139,92,air,0,0.0,air
2026-08-11T09:57:00.271390+00:00,1229615.738160044,v4_depth_down_10cm,0,"[0.0,0.0,0.0,0.0]",1,1,1,1,0.000000,5156,257851,1,0,0,1,0,3304843504,329,57906,252,0,98,"[-0.4512082040309906,-0.008053003810346127,0.02661501243710518,0.8919854164123535]","[-0.011714301072061062,0.005181254353374243,-0.008668090216815472]","[0.09429600089788437,0.5403739809989929,9.78245735168457]",-2.20522857,-0.00866809022,0.113254145,1109.89062,"[0.0,0.0,0.0,0.0]","[0.0,0.0,0.0,0.0,0.0,0.0,0.0,0.0]","[0.0,0.0,0.0,0.0,0.0,0.0,0.0,0.0]",0,1,1,0,5.699189,55,1786442211.886448145,pool_world,"[0.8192592595055833,-0.6959863597986271,1.0949097671395471]","[0.45710822149949176,0.8888640613023164,-0.019078015660307934,0.02467354212894221]","[0.05,0.05,0.05,0.2,0.2,0.2]",0.099389,92,0,[],0,,,90.688226,0.049840,92,air,0,0.0,air
2026-08-11T09:57:00.322319+00:00,1229615.788860869,v4_depth_down_10cm,0,"[0.0,0.0,0.0,0.0]",1,1,1,1,0.000000,5157,257901,1,0,0,1,0,3304843504,330,12232,253,0,100,"[-0.45087823271751404,-0.008047004230320454,0.026338014751672745,0.8921605348587036]","[-0.014149734750390053,0.0051892828196287155,-0.009294315241277218]","[0.027278000488877296,0.5293880105018616,9.829822540283203]",-2.20596623,-0.00929431524,0.113254145,1109.89062,"[0.0,0.0,0.0,0.0]","[0.0,0.0,0.0,0.0,0.0,0.0,0.0,0.0]","[0.0,0.0,0.0,0.0,0.0,0.0,0.0,0.0]",0,1,1,0,5.749889,55,1786442211.886448145,pool_world,"[0.8192592595055833,-0.6959863597986271,1.0949097671395471]","[0.45710822149949176,0.8888640613023164,-0.019078015660307934,0.02467354212894221]","[0.05,0.05,0.05,0.2,0.2,0.2]",0.000128,93,0,[],0,,,93.287269,0.100540,92,air,0,0.0,air
2026-08-11T09:57:00.371611+00:00,1229615.838378266,v4_depth_down_10cm,0,"[0.0,0.0,0.0,0.0]",1,1,1,1,0.000000,5158,257951,1,0,0,1,0,3304843504,331,50700,254,0,100,"[-0.4505211114883423,-0.008020003326237202,0.026060009375214577,0.8923493027687073]","[-0.011707843281328678,0.005781961604952812,-0.010513514280319214]","[0.034428998827934265,0.5219929814338684,9.82042121887207]",-2.20676589,-0.0105135143,0.11301817,1107.57812,"[0.0,0.0,0.0,0.0]","[0.0,0.0,0.0,0.0,0.0,0.0,0.0,0.0]","[0.0,0.0,0.0,0.0,0.0,0.0,0.0,0.0]",0,1,1,0,5.799407,55,1786442211.886448145,pool_world,"[0.8192592595055833,-0.6959863597986271,1.0949097671395471]","[0.45710822149949176,0.8888640613023164,-0.019078015660307934,0.02467354212894221]","[0.05,0.05,0.05,0.2,0.2,0.2]",0.049645,93,0,[],0,,,93.287269,0.000118,93,air,0,0.0,air
2026-08-11T09:57:00.421630+00:00,1229615.888174790,v4_depth_down_10cm,0,"[0.0,0.0,0.0,0.0]",1,1,1,1,0.000000,5159,258001,1,0,0,1,0,3304843504,332,23993,255,0,100,"[-0.45012912154197693,-0.008044001646339893,0.0258370079100132,0.8925533294677734]","[-0.006831533741205931,0.0057196537964046,-0.012929766438901424]","[0.02246999926865101,0.5123530030250549,9.815627098083496]",-2.20764112,-0.0129297664,0.11301817,1107.57812,"[0.0,0.0,0.0,0.0]","[0.0,0.0,0.0,0.0,0.0,0.0,0.0,0.0]","[0.0,0.0,0.0,0.0,0.0,0.0,0.0,0.0]",0,1,1,0,5.849203,55,1786442211.886448145,pool_world,"[0.8192592595055833,-0.6959863597986271,1.0949097671395471]","[0.45710822149949176,0.8888640613023164,-0.019078015660307934,0.02467354212894221]","[0.05,0.05,0.05,0.2,0.2,0.2]",0.099442,93,0,[],0,,,93.287269,0.049914,93,air,0,0.0,air
2026-08-11T09:57:00.472516+00:00,1229615.938934964,v4_depth_down_10cm,0,"[0.0,0.0,0.0,0.0]",1,1,1,1,0.000000,5160,258051,1,0,0,1,0,3304843504,332,23993,255,0,100,"[-0.4496903121471405,-0.008123005740344524,0.025770017877221107,0.8927757740020752]","[0.0004821297770831734,0.006288578733801842,-0.013507959432899952]","[0.053612999618053436,0.5313060283660889,9.806111335754395]",-2.20861912,-0.0135079594,0.112822071,1105.65625,"[0.0,0.0,0.0,0.0]","[0.0,0.0,0.0,0.0,0.0,0.0,0.0,0.0]","[0.0,0.0,0.0,0.0,0.0,0.0,0.0,0.0]",0,1,1,0,5.899963,55,1786442211.886448145,pool_world,"[0.8192592595055833,-0.6959863597986271,1.0949097671395471]","[0.45710822149949176,0.8888640613023164,-0.019078015660307934,0.02467354212894221]","[0.05,0.05,0.05,0.2,0.2,0.2]",0.000132,94,0,[],0,,,91.268099,0.100674,93,air,0,0.0,air
2026-08-11T09:57:00.521867+00:00,1229615.988470353,v4_depth_down_10cm,0,"[0.0,0.0,0.0,0.0]",1,1,1,1,0.000000,5161,258101,1,0,0,1,0,3304843504,332,23993,255,0,100,"[-0.44924047589302063,-0.008250009268522263,0.02573302760720253,0.8930020928382874]","[-0.0031780353747308254,0.005049080587923527,-0.014730910770595074]","[0.058458998799324036,0.5309540033340454,9.78458023071289]",-2.20961928,-0.0147309108,0.112822071,1105.65625,"[0.0,0.0,0.0,0.0]","[0.0,0.0,0.0,0.0,0.0,0.0,0.0,0.0]","[0.0,0.0,0.0,0.0,0.0,0.0,0.0,0.0]",0,1,1,0,5.949499,55,1786442211.886448145,pool_world,"[0.8192592595055833,-0.6959863597986271,1.0949097671395471]","[0.45710822149949176,0.8888640613023164,-0.019078015660307934,0.02467354212894221]","[0.05,0.05,0.05,0.2,0.2,0.2]",0.049667,94,0,[],0,,,91.268099,0.000158,94,air,0,0.0,air
2026-08-11T09:57:00.571687+00:00,1229616.038127484,v4_depth_down_10cm,0,"[0.0,0.0,0.0,0.0]",1,1,1,1,0.000000,5162,258151,1,0,0,1,0,3304843504,332,23993,255,0,100,"[-0.44878119230270386,-0.00830400362610817,0.025599010288715363,0.8932363390922546]","[-0.008864091709256172,0.00487784668803215,-0.014761698432266712]","[0.10867200046777725,0.5203440189361572,9.735739707946777]",-2.21064329,-0.0147616984,0.112620376,1103.67969,"[0.0,0.0,0.0,0.0]","[0.0,0.0,0.0,0.0,0.0,0.0,0.0,0.0]","[0.0,0.0,0.0,0.0,0.0,0.0,0.0,0.0]",0,1,1,0,5.999156,55,1786442211.886448145,pool_world,"[0.8192592595055833,-0.6959863597986271,1.0949097671395471]","[0.45710822149949176,0.8888640613023164,-0.019078015660307934,0.02467354212894221]","[0.05,0.05,0.05,0.2,0.2,0.2]",0.099324,94,0,[],0,,,91.268099,0.049815,94,air,0,0.0,air
2026-08-11T09:57:00.622452+00:00,1229616.088924255,v4_depth_down_10cm,0,"[0.0,0.0,0.0,0.0]",1,1,1,1,0.000000,5163,258201,1,0,0,1,0,3304843504,332,23993,255,0,100,"[-0.4483090937137604,-0.008249002508819103,0.02530800551176071,0.8934822082519531]","[-0.019025485962629318,0.0032798228785395622,-0.014793761074543]","[0.16367700695991516,0.5243769884109497,9.701929092407227]",-2.21170092,-0.0147937611,0.112620376,1103.67969,"[0.0,0.0,0.0,0.0]","[0.0,0.0,0.0,0.0,0.0,0.0,0.0,0.0]","[0.0,0.0,0.0,0.0,0.0,0.0,0.0,0.0]",0,1,1,0,6.049953,55,1786442211.886448145,pool_world,"[0.8192592595055833,-0.6959863597986271,1.0949097671395471]","[0.45710822149949176,0.8888640613023164,-0.019078015660307934,0.02467354212894221]","[0.05,0.05,0.05,0.2,0.2,0.2]",0.000131,95,0,[],0,,,93.031498,0.100612,94,air,0,0.0,air
2026-08-11T09:57:00.671875+00:00,1229616.138357239,v4_depth_down_10cm,0,"[0.0,0.0,0.0,0.0]",1,1,1,1,0.000000,5164,258251,1,0,0,1,0,3304843504,332,23993,255,0,100,"[-0.4478262662887573,-0.008059004321694374,0.0248270146548748,0.8937395215034485]","[-0.021471213549375534,0.0014086029259487987,-0.015998264774680138]","[0.1730480045080185,0.4955419898033142,9.707259178161621]",-2.21278811,-0.0159982648,0.112527899,1102.77344,"[0.0,0.0,0.0,0.0]","[0.0,0.0,0.0,0.0,0.0,0.0,0.0,0.0]","[0.0,0.0,0.0,0.0,0.0,0.0,0.0,0.0]",0,1,1,0,6.099386,55,1786442211.886448145,pool_world,"[0.8192592595055833,-0.6959863597986271,1.0949097671395471]","[0.45710822149949176,0.8888640613023164,-0.019078015660307934,0.02467354212894221]","[0.05,0.05,0.05,0.2,0.2,0.2]",0.049564,95,0,[],0,,,93.031498,0.000117,95,air,0,0.0,air
2026-08-11T09:57:00.721364+00:00,1229616.188099438,v4_depth_down_10cm,0,"[0.0,0.0,0.0,0.0]",1,1,1,1,0.000000,5165,258301,1,0,0,1,0,3304843504,338,11570,256,0,98,"[-0.4473264217376709,-0.007842008024454117,0.024310022592544556,0.8940059542655945]","[-0.02269313670694828,0.0007926413090899587,-0.01599458046257496]","[0.18261399865150452,0.49046701192855835,9.693052291870117]",-2.21391392,-0.0159945805,0.112527899,1102.77344,"[0.0,0.0,0.0,0.0]","[0.0,0.0,0.0,0.0,0.0,0.0,0.0,0.0]","[0.0,0.0,0.0,0.0,0.0,0.0,0.0,0.0]",0,1,1,0,6.149128,55,1786442211.886448145,pool_world,"[0.8192592595055833,-0.6959863597986271,1.0949097671395471]","[0.45710822149949176,0.8888640613023164,-0.019078015660307934,0.02467354212894221]","[0.05,0.05,0.05,0.2,0.2,0.2]",0.099306,95,0,[],0,,,93.031498,0.049859,95,air,0,0.0,air
2026-08-11T09:57:00.772556+00:00,1229616.238914738,v4_depth_down_10cm,0,"[0.0,0.0,0.0,0.0]",1,1,1,1,0.000000,5166,258351,1,0,0,1,0,3304843504,338,11570,256,0,98,"[-0.44683513045310974,-0.007576001808047295,0.02369900792837143,0.8942702412605286]","[-0.034271322190761566,0.0002589545038063079,-0.014830796048045158]","[0.16591399908065796,0.4831809997558594,9.683370590209961]",-2.21502185,-0.014830796,0.11238122,1101.33594,"[0.0,0.0,0.0,0.0]","[0.0,0.0,0.0,0.0,0.0,0.0,0.0,0.0]","[0.0,0.0,0.0,0.0,0.0,0.0,0.0,0.0]",0,1,1,0,6.199943,55,1786442211.886448145,pool_world,"[0.8192592595055833,-0.6959863597986271,1.0949097671395471]","[0.45710822149949176,0.8888640613023164,-0.019078015660307934,0.02467354212894221]","[0.05,0.05,0.05,0.2,0.2,0.2]",0.000131,96,0,[],0,,,92.76739,0.100674,95,air,0,0.0,air
2026-08-11T09:57:00.821438+00:00,1229616.288352741,v4_depth_down_10cm,0,"[0.0,0.0,0.0,0.0]",1,1,1,1,0.000000,5167,258401,1,0,0,1,0,3304843504,338,11570,256,0,98,"[-0.4463493525981903,-0.007175006438046694,0.022907018661499023,0.8945367932319641]","[-0.04097319021821022,-0.0003370230842847377,-0.016083260998129845]","[0.18248699605464935,0.46149298548698425,9.686279296875]",-2.21612239,-0.016083261,0.112238519,1099.9375,"[0.0,0.0,0.0,0.0]","[0.0,0.0,0.0,0.0,0.0,0.0,0.0,0.0]","[0.0,0.0,0.0,0.0,0.0,0.0,0.0,0.0]",0,1,1,0,6.249381,55,1786442211.886448145,pool_world,"[0.8192592595055833,-0.6959863597986271,1.0949097671395471]","[0.45710822149949176,0.8888640613023164,-0.019078015660307934,0.02467354212894221]","[0.05,0.05,0.05,0.2,0.2,0.2]",0.049569,96,0,[],0,,,92.76739,0.000106,96,air,0,0.0,air
2026-08-11T09:57:00.871730+00:00,1229616.338176937,v4_depth_down_10cm,0,"[0.0,0.0,0.0,0.0]",1,1,1,1,0.000000,5168,258451,1,0,0,1,0,3304843504,338,11570,256,0,98,"[-0.44586125016212463,-0.00678200414404273,0.022063011303544044,0.8948044776916504]","[-0.03933771699666977,0.0017422226956114173,-0.015295018441975117]","[0.13835999369621277,0.43225300312042236,9.753369331359863]",-2.21722651,-0.0152950184,0.112238519,1099.9375,"[0.0,0.0,0.0,0.0]","[0.0,0.0,0.0,0.0,0.0,0.0,0.0,0.0]","[0.0,0.0,0.0,0.0,0.0,0.0,0.0,0.0]",0,1,1,0,6.299205,55,1786442211.886448145,pool_world,"[0.8192592595055833,-0.6959863597986271,1.0949097671395471]","[0.45710822149949176,0.8888640613023164,-0.019078015660307934,0.02467354212894221]","[0.05,0.05,0.05,0.2,0.2,0.2]",0.099393,96,0,[],0,,,92.76739,0.049931,96,air,0,0.0,air
2026-08-11T09:57:00.922505+00:00,1229616.388920901,v4_depth_down_10cm,0,"[0.0,0.0,0.0,0.0]",1,1,1,1,0.000000,5169,258501,1,0,0,1,0,3304843504,342,10124,257,0,100,"[-0.4453563690185547,-0.006383005529642105,0.021189017221331596,0.8950798511505127]","[-0.038509801030159,0.004006403498351574,-0.016757359728217125]","[0.11490000039339066,0.40867701172828674,9.830208778381348]",-2.21836686,-0.0167573597,0.112043202,1098.02344,"[0.0,0.0,0.0,0.0]","[0.0,0.0,0.0,0.0,0.0,0.0,0.0,0.0]","[0.0,0.0,0.0,0.0,0.0,0.0,0.0,0.0]",0,1,1,0,6.349949,55,1786442211.886448145,pool_world,"[0.8192592595055833,-0.6959863597986271,1.0949097671395471]","[0.45710822149949176,0.8888640613023164,-0.019078015660307934,0.02467354212894221]","[0.05,0.05,0.05,0.2,0.2,0.2]",0.000131,97,0,[],0,,,92.792404,0.100675,96,air,0,0.0,air
2026-08-11T09:57:00.972016+00:00,1229616.438484966,v4_depth_down_10cm,0,"[0.0,0.0,0.0,0.0]",1,1,1,1,0.000000,5170,258551,1,0,0,1,0,3304843504,343,326,258,0,100,"[-0.44482946395874023,-0.006060006096959114,0.020334020256996155,0.8953639268875122]","[-0.03972152993083,0.004614965058863163,-0.018610166385769844]","[0.07420799881219864,0.3947249948978424,9.849137306213379]",-2.21955276,-0.0186101664,0.112043202,1098.02344,"[0.0,0.0,0.0,0.0]","[0.0,0.0,0.0,0.0,0.0,0.0,0.0,0.0]","[0.0,0.0,0.0,0.0,0.0,0.0,0.0,0.0]",0,1,1,0,6.399513,55,1786442211.886448145,pool_world,"[0.8192592595055833,-0.6959863597986271,1.0949097671395471]","[0.45710822149949176,0.8888640613023164,-0.019078015660307934,0.02467354212894221]","[0.05,0.05,0.05,0.2,0.2,0.2]",0.049695,97,0,[],0,,,92.792404,0.000151,97,air,0,0.0,air
2026-08-11T09:57:01.021649+00:00,1229616.488124178,v4_depth_down_10cm,0,"[0.0,0.0,0.0,0.0]",1,1,1,1,0.000000,5171,258601,1,0,0,1,0,3304843504,343,326,258,0,100,"[-0.4442770779132843,-0.0056680007837712765,0.019366001710295677,0.8956621885299683]","[-0.04764712229371071,0.003418419510126114,-0.018636051565408707]","[0.05729899927973747,0.38587701320648193,9.894649505615234]",-2.22079659,-0.0186360516,0.111643814,1094.10938,"[0.0,0.0,0.0,0.0]","[0.0,0.0,0.0,0.0,0.0,0.0,0.0,0.0]","[0.0,0.0,0.0,0.0,0.0,0.0,0.0,0.0]",0,1,1,0,6.449153,55,1786442211.886448145,pool_world,"[0.8192592595055833,-0.6959863597986271,1.0949097671395471]","[0.45710822149949176,0.8888640613023164,-0.019078015660307934,0.02467354212894221]","[0.05,0.05,0.05,0.2,0.2,0.2]",0.099334,97,0,[],0,,,92.792404,0.049790,97,air,0,0.0,air
2026-08-11T09:57:01.072470+00:00,1229616.538878933,v4_depth_down_10cm,0,"[0.0,0.0,0.0,0.0]",1,1,1,1,0.000000,5172,258651,1,0,0,1,0,3304843504,345,61632,259,0,100,"[-0.44368621706962585,-0.0051410021260380745,0.018215008080005646,0.8959823250770569]","[-0.059231068938970566,0.0009669473511166871,-0.021107804030179977]","[0.028464999049901962,0.36232098937034607,9.918654441833496]",-2.22212911,-0.021107804,0.111643814,1094.10938,"[0.0,0.0,0.0,0.0]","[0.0,0.0,0.0,0.0,0.0,0.0,0.0,0.0]","[0.0,0.0,0.0,0.0,0.0,0.0,0.0,0.0]",0,1,1,0,6.499907,55,1786442211.886448145,pool_world,"[0.8192592595055833,-0.6959863597986271,1.0949097671395471]","[0.45710822149949176,0.8888640613023164,-0.019078015660307934,0.02467354212894221]","[0.05,0.05,0.05,0.2,0.2,0.2]",0.000132,98,0,[],0,,,93.782723,0.100545,97,air,0,0.0,air
2026-08-11T09:57:01.121920+00:00,1229616.588468733,v4_depth_down_10cm,0,"[0.0,0.0,0.0,0.0]",1,1,1,1,0.000000,5173,258701,1,0,0,1,0,3304843504,346,50030,260,0,100,"[-0.44305741786956787,-0.004423003643751144,0.016852015629410744,0.8963239192962646]","[-0.07265156507492065,-0.0027049637865275145,-0.022345608100295067]","[0.0044559999369084835,0.3458870053291321,9.937810897827148]",-2.22354984,-0.0223456081,0.111159913,1089.36719,"[0.0,0.0,0.0,0.0]","[0.0,0.0,0.0,0.0,0.0,0.0,0.0,0.0]","[0.0,0.0,0.0,0.0,0.0,0.0,0.0,0.0]",0,1,1,0,6.549497,55,1786442211.886448145,pool_world,"[0.8192592595055833,-0.6959863597986271,1.0949097671395471]","[0.45710822149949176,0.8888640613023164,-0.019078015660307934,0.02467354212894221]","[0.05,0.05,0.05,0.2,0.2,0.2]",0.049722,98,0,[],0,,,93.782723,0.000157,98,air,0,0.0,air
2026-08-11T09:57:01.171283+00:00,1229616.638132061,v4_depth_down_10cm,0,"[0.0,0.0,0.0,0.0]",1,1,1,1,0.000000,5174,258751,1,0,0,1,0,3304843504,347,35854,261,0,98,"[-0.4423832893371582,-0.0034860020969063044,0.015253010205924511,0.8966895937919617]","[-0.07998867332935333,-0.007663915865123272,-0.023524368181824684]","[0.013039999641478062,0.3104580044746399,9.931231498718262]",-2.22507334,-0.0235243682,0.111159913,1089.36719,"[0.0,0.0,0.0,0.0]","[0.0,0.0,0.0,0.0,0.0,0.0,0.0,0.0]","[0.0,0.0,0.0,0.0,0.0,0.0,0.0,0.0]",0,1,1,0,6.599161,55,1786442211.886448145,pool_world,"[0.8192592595055833,-0.6959863597986271,1.0949097671395471]","[0.45710822149949176,0.8888640613023164,-0.019078015660307934,0.02467354212894221]","[0.05,0.05,0.05,0.2,0.2,0.2]",0.099385,98,0,[],0,,,93.782723,0.049820,98,air,0,0.0,air
2026-08-11T09:57:01.221114+00:00,1229616.688404539,v4_depth_down_10cm,0,"[0.0,0.0,0.0,0.0]",1,1,1,1,0.000000,5175,258801,1,0,0,1,0,3304843504,348,32273,262,0,99,"[-0.4416813254356384,-0.0023660017177462578,0.013474009931087494,0.8970677256584167]","[-0.09278888255357742,-0.009468271397054195,-0.024791652336716652]","[0.03275899961590767,0.2560960054397583,9.896278381347656]",-2.22665739,-0.0247916523,0.110520571,1083.10156,"[0.0,0.0,0.0,0.0]","[0.0,0.0,0.0,0.0,0.0,0.0,0.0,0.0]","[0.0,0.0,0.0,0.0,0.0,0.0,0.0,0.0]",0,1,1,0,6.649433,55,1786442211.886448145,pool_world,"[0.8192592595055833,-0.6959863597986271,1.0949097671395471]","[0.45710822149949176,0.8888640613023164,-0.019078015660307934,0.02467354212894221]","[0.05,0.05,0.05,0.2,0.2,0.2]",0.000056,99,0,[],0,,,94.20137,0.100093,98,air,0,0.0,air
2026-08-11T09:57:01.270997+00:00,1229616.738268947,v4_depth_down_10cm,0,"[0.0,0.0,0.0,0.0]",1,1,1,1,0.000000,5176,258851,1,0,0,1,0,3304843504,348,32273,262,0,99,"[-0.44092532992362976,-0.0010950005380436778,0.011485008522868156,0.8974696397781372]","[-0.09219121187925339,-0.012653096579015255,-0.029624296352267265]","[0.04203600063920021,0.18829800188541412,9.870992660522461]",-2.2283566,-0.0296242964,0.110520571,1083.10156,"[0.0,0.0,0.0,0.0]","[0.0,0.0,0.0,0.0,0.0,0.0,0.0,0.0]","[0.0,0.0,0.0,0.0,0.0,0.0,0.0,0.0]",0,1,1,0,6.699297,55,1786442211.886448145,pool_world,"[0.8192592595055833,-0.6959863597986271,1.0949097671395471]","[0.45710822149949176,0.8888640613023164,-0.019078015660307934,0.02467354212894221]","[0.05,0.05,0.05,0.2,0.2,0.2]",0.049921,99,0,[],0,,,94.20137,0.000101,99,air,0,0.0,air
2026-08-11T09:57:01.320722+00:00,1229616.788111368,v4_depth_down_10cm,0,"[0.0,0.0,0.0,0.0]",1,1,1,1,0.000000,5177,258901,1,0,0,1,0,3304843504,350,31967,263,0,100,"[-0.44007954001426697,0.00014500039105769247,0.009647011756896973,0.8979069590568542]","[-0.08547183126211166,-0.010239549912512302,-0.032685164362192154]","[0.08488400280475616,0.15894299745559692,9.852728843688965]",-2.23024774,-0.0326851644,0.109642059,1074.49219,"[0.0,0.0,0.0,0.0]","[0.0,0.0,0.0,0.0,0.0,0.0,0.0,0.0]","[0.0,0.0,0.0,0.0,0.0,0.0,0.0,0.0]",0,1,1,0,6.749140,55,1786442211.886448145,pool_world,"[0.8192592595055833,-0.6959863597986271,1.0949097671395471]","[0.45710822149949176,0.8888640613023164,-0.019078015660307934,0.02467354212894221]","[0.05,0.05,0.05,0.2,0.2,0.2]",0.099763,99,0,[],0,,,94.20137,0.049944,99,air,0,0.0,air
2026-08-11T09:57:01.371262+00:00,1229616.838448549,v4_depth_down_10cm,0,"[0.0,0.0,0.0,0.0]",1,1,1,1,0.000000,5178,258951,1,0,0,1,0,3304843504,351,15762,264,0,100,"[-0.4391603171825409,0.0013660010881721973,0.00781500618904829,0.8983737230300903]","[-0.09585535526275635,-0.01582580804824829,-0.03570568561553955]","[0.08715000003576279,0.12007900327444077,9.829338073730469]",-2.23229408,-0.0357056856,0.108439885,1062.71094,"[0.0,0.0,0.0,0.0]","[0.0,0.0,0.0,0.0,0.0,0.0,0.0,0.0]","[0.0,0.0,0.0,0.0,0.0,0.0,0.0,0.0]",0,1,1,0,6.799477,55,1786442211.886448145,pool_world,"[0.8192592595055833,-0.6959863597986271,1.0949097671395471]","[0.45710822149949176,0.8888640613023164,-0.019078015660307934,0.02467354212894221]","[0.05,0.05,0.05,0.2,0.2,0.2]",0.000062,100,0,[],0,,,95.273689,0.100281,99,air,0,0.0,air
2026-08-11T09:57:01.420863+00:00,1229616.888248576,v4_depth_down_10cm,0,"[0.0,0.0,0.0,0.0]",1,1,1,1,0.000000,5179,259001,1,0,0,1,0,3304843504,352,65237,265,0,100,"[-0.438179075717926,0.0029430007562041283,0.005489001050591469,0.8988661766052246]","[-0.13525234162807465,-0.017458388581871986,-0.037134237587451935]","[0.1570899933576584,0.10427899658679962,9.814382553100586]",-2.23446679,-0.0371342376,0.108439885,1062.71094,"[0.0,0.0,0.0,0.0]","[0.0,0.0,0.0,0.0,0.0,0.0,0.0,0.0]","[0.0,0.0,0.0,0.0,0.0,0.0,0.0,0.0]",0,1,1,0,6.849277,55,1786442211.886448145,pool_world,"[0.8192592595055833,-0.6959863597986271,1.0949097671395471]","[0.45710822149949176,0.8888640613023164,-0.019078015660307934,0.02467354212894221]","[0.05,0.05,0.05,0.2,0.2,0.2]",0.049862,100,0,[],0,,,95.273689,0.000063,100,air,0,0.0,air
2026-08-11T09:57:01.471018+00:00,1229616.938137333,v4_depth_down_10cm,0,"[0.0,0.0,0.0,0.0]",1,1,1,1,0.000000,5180,259051,1,0,0,1,0,3304843504,352,65237,265,0,100,"[-0.4371744990348816,0.005008005537092686,0.0022400026209652424,0.8993600010871887]","[-0.17443974316120148,-0.01783689856529236,-0.037972237914800644]","[0.19414499402046204,0.02015800029039383,9.77926254272461]",-2.23666692,-0.0379722379,0.106895722,1047.57812,"[0.0,0.0,0.0,0.0]","[0.0,0.0,0.0,0.0,0.0,0.0,0.0,0.0]","[0.0,0.0,0.0,0.0,0.0,0.0,0.0,0.0]",0,1,1,0,6.899166,55,1786442211.886448145,pool_world,"[0.8192592595055833,-0.6959863597986271,1.0949097671395471]","[0.45710822149949176,0.8888640613023164,-0.019078015660307934,0.02467354212894221]","[0.05,0.05,0.05,0.2,0.2,0.2]",0.099751,100,0,[],0,,,95.273689,0.049952,100,air,0,0.0,air
2026-08-11T09:57:01.520955+00:00,1229616.988386252,v4_depth_down_10cm,0,"[0.0,0.0,0.0,0.0]",1,1,1,1,0.000000,5181,259101,1,0,0,1,0,3304843504,352,65237,265,0,100,"[-0.43615129590034485,0.0074690054170787334,-0.0017370012355968356,0.8998407125473022]","[-0.20185145735740662,-0.018291451036930084,-0.03873882442712784]","[0.20567600429058075,-0.06430400162935257,9.766244888305664]",-2.23887229,-0.0387388244,0.106895722,1047.57812,"[0.0,0.0,0.0,0.0]","[0.0,0.0,0.0,0.0,0.0,0.0,0.0,0.0]","[0.0,0.0,0.0,0.0,0.0,0.0,0.0,0.0]",0,1,1,0,6.949415,55,1786442211.886448145,pool_world,"[0.8192592595055833,-0.6959863597986271,1.0949097671395471]","[0.45710822149949176,0.8888640613023164,-0.019078015660307934,0.02467354212894221]","[0.05,0.05,0.05,0.2,0.2,0.2]",0.000051,101,0,[],0,,,90.948985,0.100201,100,air,0,0.0,air
2026-08-11T09:57:01.571023+00:00,1229617.038269461,v4_depth_down_10cm,0,"[0.0,0.0,0.0,0.0]",1,1,1,1,0.000000,5182,259151,1,0,0,1,0,3304843504,355,18384,266,0,100,"[-0.43510934710502625,0.010125008411705494,-0.006142005790024996,0.9002997875213623]","[-0.2079460322856903,-0.018875963985919952,-0.03876470774412155]","[0.21222800016403198,-0.19459399580955505,9.744248390197754]",-2.24107742,-0.0387647077,0.104988836,1028.89062,"[0.0,0.0,0.0,0.0]","[0.0,0.0,0.0,0.0,0.0,0.0,0.0,0.0]","[0.0,0.0,0.0,0.0,0.0,0.0,0.0,0.0]",0,1,1,0,6.999298,55,1786442211.886448145,pool_world,"[0.8192592595055833,-0.6959863597986271,1.0949097671395471]","[0.45710822149949176,0.8888640613023164,-0.019078015660307934,0.02467354212894221]","[0.05,0.05,0.05,0.2,0.2,0.2]",0.049934,101,0,[],0,,,90.948985,0.000079,101,air,0,0.0,air
2026-08-11T09:57:01.620705+00:00,1229617.088085212,v4_depth_down_10cm,0,"[0.0,0.0,0.0,0.0]",1,1,1,1,0.000000,5183,259201,1,0,0,1,0,3304843504,356,26109,267,0,100,"[-0.4340483844280243,0.012671010568737984,-0.010369008406996727,0.9007408022880554]","[-0.18417301774024963,-0.015910159796476364,-0.038675956428050995]","[0.20681099593639374,-0.31480398774147034,9.748353958129883]",-2.24329495,-0.0386759564,0.104988836,1028.89062,"[0.0,0.0,0.0,0.0]","[0.0,0.0,0.0,0.0,0.0,0.0,0.0,0.0]","[0.0,0.0,0.0,0.0,0.0,0.0,0.0,0.0]",0,1,1,0,7.049114,55,1786442211.886448145,pool_world,"[0.8192592595055833,-0.6959863597986271,1.0949097671395471]","[0.45710822149949176,0.8888640613023164,-0.019078015660307934,0.02467354212894221]","[0.05,0.05,0.05,0.2,0.2,0.2]",0.099750,101,0,[],0,,,90.948985,0.049895,101,air,0,0.0,air
2026-08-11T09:57:01.671001+00:00,1229617.138408111,v4_depth_down_10cm,0,"[0.0,0.0,0.0,0.0]",1,1,1,1,0.000000,5184,259251,1,0,0,1,0,3304843504,357,64175,268,0,100,"[-0.43295803666114807,0.014835000969469547,-0.013820000924170017,0.9011860489845276]","[-0.13604871928691864,-0.01562019158154726,-0.04022959619760513]","[0.23232099413871765,-0.43234801292419434,9.779160499572754]",-2.24557257,-0.0402295962,0.102717631,1006.63281,"[0.0,0.0,0.0,0.0]","[0.0,0.0,0.0,0.0,0.0,0.0,0.0,0.0]","[0.0,0.0,0.0,0.0,0.0,0.0,0.0,0.0]",0,1,1,0,7.099437,55,1786442211.886448145,pool_world,"[0.8192592595055833,-0.6959863597986271,1.0949097671395471]","[0.45710822149949176,0.8888640613023164,-0.019078015660307934,0.02467354212894221]","[0.05,0.05,0.05,0.2,0.2,0.2]",0.000053,102,0,[],0,,,92.003327,0.100217,101,air,0,0.0,air
2026-08-11T09:57:01.720814+00:00,1229617.188214547,v4_depth_down_10cm,0,"[0.0,0.0,0.0,0.0]",1,1,1,1,0.000000,5185,259301,1,0,0,1,0,3304843504,357,64175,268,0,100,"[-0.43185603618621826,0.016366003081202507,-0.016117002815008163,0.9016500115394592]","[-0.08486589789390564,-0.012839095667004585,-0.040586113929748535]","[0.18107299506664276,-0.466621994972229,9.829452514648438]",-2.24790382,-0.0405861139,0.102717631,1006.63281,"[0.0,0.0,0.0,0.0]","[0.0,0.0,0.0,0.0,0.0,0.0,0.0,0.0]","[0.0,0.0,0.0,0.0,0.0,0.0,0.0,0.0]",0,1,1,0,7.149243,55,1786442211.886448145,pool_world,"[0.8192592595055833,-0.6959863597986271,1.0949097671395471]","[0.45710822149949176,0.8888640613023164,-0.019078015660307934,0.02467354212894221]","[0.05,0.05,0.05,0.2,0.2,0.2]",0.049860,102,0,[],0,,,92.003327,0.000063,102,air,0,0.0,air
2026-08-11T09:57:01.770666+00:00,1229617.238030955,v4_depth_down_10cm,0,"[0.0,0.0,0.0,0.0]",1,1,1,1,0.000000,5186,259351,1,0,0,1,0,3304843504,359,45831,269,0,100,"[-0.43080440163612366,0.01725701615214348,-0.017325015738606453,0.9021139740943909]","[-0.031208356842398643,-0.0031883674673736095,-0.039215125143527985]","[0.1647849977016449,-0.5001459717750549,9.8873291015625]",-2.25016522,-0.0392151251,0.0999521613,979.53125,"[0.0,0.0,0.0,0.0]","[0.0,0.0,0.0,0.0,0.0,0.0,0.0,0.0]","[0.0,0.0,0.0,0.0,0.0,0.0,0.0,0.0]",0,1,1,0,7.199059,55,1786442211.886448145,pool_world,"[0.8192592595055833,-0.6959863597986271,1.0949097671395471]","[0.45710822149949176,0.8888640613023164,-0.019078015660307934,0.02467354212894221]","[0.05,0.05,0.05,0.2,0.2,0.2]",0.099676,102,0,[],0,,,92.003327,0.049879,102,air,0,0.0,air
2026-08-11T09:57:01.820922+00:00,1229617.288341008,v4_depth_down_10cm,0,"[0.0,0.0,0.0,0.0]",1,1,1,1,0.000000,5187,259401,1,0,0,1,0,3304843504,359,45831,269,0,100,"[-0.42981207370758057,0.01729700341820717,-0.01728300377726555,0.9025872349739075]","[0.03583230823278427,0.0038958892691880465,-0.03649576008319855]","[0.14052200317382812,-0.5302429795265198,9.957058906555176]",-2.25236154,-0.0364957601,0.0999521613,979.53125,"[0.0,0.0,0.0,0.0]","[0.0,0.0,0.0,0.0,0.0,0.0,0.0,0.0]","[0.0,0.0,0.0,0.0,0.0,0.0,0.0,0.0]",0,1,1,0,7.249370,55,1786442211.886448145,pool_world,"[0.8192592595055833,-0.6959863597986271,1.0949097671395471]","[0.45710822149949176,0.8888640613023164,-0.019078015660307934,0.02467354212894221]","[0.05,0.05,0.05,0.2,0.2,0.2]",0.000065,103,0,[],0,,,93.350548,0.100189,102,air,0,0.0,air
2026-08-11T09:57:01.870895+00:00,1229617.338214449,v4_depth_down_10cm,0,"[0.0,0.0,0.0,0.0]",1,1,1,1,0.000000,5188,259451,1,0,0,1,0,3304843504,359,45831,269,0,100,"[-0.42887526750564575,0.016574008390307426,-0.015796009451150894,0.9030735492706299]","[0.09859808534383774,0.008481480181217194,-0.03620382025837898]","[0.15244300663471222,-0.508135974407196,9.990455627441406]",-2.25449848,-0.0362038203,0.0964349434,945.0625,"[0.0,0.0,0.0,0.0]","[0.0,0.0,0.0,0.0,0.0,0.0,0.0,0.0]","[0.0,0.0,0.0,0.0,0.0,0.0,0.0,0.0]",0,1,1,0,7.299243,55,1786442211.886448145,pool_world,"[0.8192592595055833,-0.6959863597986271,1.0949097671395471]","[0.45710822149949176,0.8888640613023164,-0.019078015660307934,0.02467354212894221]","[0.05,0.05,0.05,0.2,0.2,0.2]",0.049938,103,0,[],0,,,93.350548,0.000116,103,air,0,0.0,air
2026-08-11T09:57:01.920733+00:00,1229617.388082087,v4_depth_down_10cm,0,"[0.0,0.0,0.0,0.0]",1,1,1,1,0.000000,5189,259501,1,0,0,1,0,3304843504,362,35156,270,0,100,"[-0.4279964566230774,0.015172016806900501,-0.01324701402336359,0.9035559296607971]","[0.12361282110214233,0.016484111547470093,-0.03191598132252693]","[0.15307199954986572,-0.3779889941215515,10.005339622497559]",-2.25655413,-0.0319159813,0.0919921845,901.523438,"[0.0,0.0,0.0,0.0]","[0.0,0.0,0.0,0.0,0.0,0.0,0.0,0.0]","[0.0,0.0,0.0,0.0,0.0,0.0,0.0,0.0]",0,1,1,0,7.349111,55,1786442211.886448145,pool_world,"[0.8192592595055833,-0.6959863597986271,1.0949097671395471]","[0.45710822149949176,0.8888640613023164,-0.019078015660307934,0.02467354212894221]","[0.05,0.05,0.05,0.2,0.2,0.2]",0.099806,103,0,[],0,,,93.350548,0.049983,103,air,0,0.0,air
2026-08-11T09:57:01.971191+00:00,1229617.438435030,v4_depth_down_10cm,0,"[0.0,0.0,0.0,0.0]",1,1,1,1,0.000000,5190,259551,1,0,0,1,0,3304843504,363,24720,271,0,100,"[-0.4271954298019409,0.013507013209164143,-0.010640010237693787,0.9039958119392395]","[0.10843535512685776,0.02599404565989971,-0.027894027531147003]","[0.12520700693130493,-0.25318101048469543,9.976795196533203]",-2.25843978,-0.0278940275,0.0919921845,901.523438,"[0.0,0.0,0.0,0.0]","[0.0,0.0,0.0,0.0,0.0,0.0,0.0,0.0]","[0.0,0.0,0.0,0.0,0.0,0.0,0.0,0.0]",0,1,1,0,7.399464,55,1786442211.886448145,pool_world,"[0.8192592595055833,-0.6959863597986271,1.0949097671395471]","[0.45710822149949176,0.8888640613023164,-0.019078015660307934,0.02467354212894221]","[0.05,0.05,0.05,0.2,0.2,0.2]",0.000069,104,0,[],0,,,93.257786,0.100336,103,air,0,0.0,air
2026-08-11T09:57:02.020974+00:00,1229617.488267260,v4_depth_down_10cm,0,"[0.0,0.0,0.0,0.0]",1,1,1,1,0.000000,5191,259601,1,0,0,1,0,3304843504,363,24720,271,0,100,"[-0.4265281856060028,0.011960004456341267,-0.00879200454801321,0.9043524861335754]","[0.06520432978868484,0.030961250886321068,-0.01926937699317932]","[0.12189900130033493,-0.18797099590301514,9.887043952941895]",-2.26000261,-0.019269377,0.0866685286,849.351562,"[0.0,0.0,0.0,0.0]","[0.0,0.0,0.0,0.0,0.0,0.0,0.0,0.0]","[0.0,0.0,0.0,0.0,0.0,0.0,0.0,0.0]",0,1,1,0,7.449296,55,1786442211.886448145,pool_world,"[0.8192592595055833,-0.6959863597986271,1.0949097671395471]","[0.45710822149949176,0.8888640613023164,-0.019078015660307934,0.02467354212894221]","[0.05,0.05,0.05,0.2,0.2,0.2]",0.049902,104,0,[],0,,,93.257786,0.000075,104,air,0,0.0,air
2026-08-11T09:57:02.070704+00:00,1229617.538081405,v4_depth_down_10cm,0,"[0.0,0.0,0.0,0.0]",1,1,1,1,0.000000,5192,259651,1,0,0,1,0,3304843504,363,24720,271,0,100,"[-0.4260103106498718,0.010745007544755936,-0.007947005331516266,0.9046196341514587]","[0.026218635961413383,0.031685423105955124,-0.015029152855277061]","[0.10719700157642365,-0.1543779969215393,9.82400894165039]",-2.26120305,-0.0150291529,0.0866685286,849.351562,"[0.0,0.0,0.0,0.0]","[0.0,0.0,0.0,0.0,0.0,0.0,0.0,0.0]","[0.0,0.0,0.0,0.0,0.0,0.0,0.0,0.0]",0,1,1,0,7.499110,55,1786442211.886448145,pool_world,"[0.8192592595055833,-0.6959863597986271,1.0949097671395471]","[0.45710822149949176,0.8888640613023164,-0.019078015660307934,0.02467354212894221]","[0.05,0.05,0.05,0.2,0.2,0.2]",0.099716,104,0,[],0,,,93.257786,0.049889,104,air,0,0.0,air
2026-08-11T09:57:02.121003+00:00,1229617.588406919,v4_depth_down_10cm,0,"[0.0,0.0,0.0,0.0]",1,1,1,1,0.000000,5193,259701,1,0,0,1,0,3304843504,366,33214,272,0,100,"[-0.4255504608154297,0.009950009174644947,-0.007849008776247501,0.9048459529876709]","[0.003019280033186078,0.02311653643846512,-0.013791766948997974]","[0.11657500267028809,-0.20293299853801727,9.798446655273438]",-2.26224852,-0.0137917669,0.0803172812,787.109375,"[0.0,0.0,0.0,0.0]","[0.0,0.0,0.0,0.0,0.0,0.0,0.0,0.0]","[0.0,0.0,0.0,0.0,0.0,0.0,0.0,0.0]",0,1,1,0,7.549435,55,1786442211.886448145,pool_world,"[0.8192592595055833,-0.6959863597986271,1.0949097671395471]","[0.45710822149949176,0.8888640613023164,-0.019078015660307934,0.02467354212894221]","[0.05,0.05,0.05,0.2,0.2,0.2]",0.000054,105,0,[],0,,,94.898563,0.100215,104,air,0,0.0,air
2026-08-11T09:57:02.170831+00:00,1229617.638219162,v4_depth_down_10cm,0,"[0.0,0.0,0.0,0.0]",1,1,1,1,0.000000,5194,259751,1,0,0,1,0,3304843504,366,33214,272,0,100,"[-0.42504826188087463,0.009401006624102592,-0.007883005775511265,0.9050875902175903]","[0.009085696190595627,0.018040211871266365,-0.017335081472992897]","[0.13106900453567505,-0.19640600681304932,9.757734298706055]",-2.26337671,-0.0173350815,0.0803172812,787.109375,"[0.0,0.0,0.0,0.0]","[0.0,0.0,0.0,0.0,0.0,0.0,0.0,0.0]","[0.0,0.0,0.0,0.0,0.0,0.0,0.0,0.0]",0,1,1,0,7.599248,55,1786442211.886448145,pool_world,"[0.8192592595055833,-0.6959863597986271,1.0949097671395471]","[0.45710822149949176,0.8888640613023164,-0.019078015660307934,0.02467354212894221]","[0.05,0.05,0.05,0.2,0.2,0.2]",0.049866,105,0,[],0,,,94.898563,0.000064,105,air,0,0.0,air
2026-08-11T09:57:02.220728+00:00,1229617.688108524,v4_depth_down_10cm,0,"[0.0,0.0,0.0,0.0]",1,1,1,1,0.000000,5195,259801,1,0,0,1,0,3304843504,366,33214,272,0,100,"[-0.4245133697986603,0.008923007175326347,-0.0078550074249506,0.9053436517715454]","[0.0005351877771317959,0.014359958469867706,-0.016708979383111]","[0.12189000099897385,-0.16101500391960144,9.70913314819336]",-2.26457429,-0.0167089794,0.0730476677,715.867188,"[0.0,0.0,0.0,0.0]","[0.0,0.0,0.0,0.0,0.0,0.0,0.0,0.0]","[0.0,0.0,0.0,0.0,0.0,0.0,0.0,0.0]",0,1,1,0,7.649137,55,1786442211.886448145,pool_world,"[0.8192592595055833,-0.6959863597986271,1.0949097671395471]","[0.45710822149949176,0.8888640613023164,-0.019078015660307934,0.02467354212894221]","[0.05,0.05,0.05,0.2,0.2,0.2]",0.099755,105,0,[],0,,,94.898563,0.049953,105,air,0,0.0,air
2026-08-11T09:57:02.271083+00:00,1229617.738418463,v4_depth_down_10cm,0,"[0.0,0.0,0.0,0.0]",1,1,1,1,0.000000,5196,259851,1,0,0,1,0,3304843504,369,13020,273,0,100,"[-0.42401549220085144,0.008657010272145271,-0.008130009286105633,0.9055770635604858]","[-0.019770914688706398,0.014955796301364899,-0.012966940179467201]","[0.16098999977111816,-0.15278999507427216,9.682273864746094]",-2.26568055,-0.0129669402,0.0730476677,715.867188,"[0.0,0.0,0.0,0.0]","[0.0,0.0,0.0,0.0,0.0,0.0,0.0,0.0]","[0.0,0.0,0.0,0.0,0.0,0.0,0.0,0.0]",0,1,1,0,7.699447,55,1786442211.886448145,pool_world,"[0.8192592595055833,-0.6959863597986271,1.0949097671395471]","[0.45710822149949176,0.8888640613023164,-0.019078015660307934,0.02467354212894221]","[0.05,0.05,0.05,0.2,0.2,0.2]",0.000055,106,0,[],0,,,93.778738,0.100263,105,air,0,0.0,air
2026-08-11T09:57:02.320857+00:00,1229617.788245462,v4_depth_down_10cm,0,"[0.0,0.0,0.0,0.0]",1,1,1,1,0.000000,5197,259901,1,0,0,1,0,3304843504,370,64686,274,0,100,"[-0.4235643446445465,0.008596007712185383,-0.008882006630301476,0.9057817459106445]","[-0.04089454934000969,0.014072990976274014,-0.011445991694927216]","[0.16011999547481537,-0.17624600231647491,9.669015884399414]",-2.26667428,-0.0114459917,0.0647999048,635.039062,"[0.0,0.0,0.0,0.0]","[0.0,0.0,0.0,0.0,0.0,0.0,0.0,0.0]","[0.0,0.0,0.0,0.0,0.0,0.0,0.0,0.0]",0,1,1,0,7.749274,55,1786442211.886448145,pool_world,"[0.8192592595055833,-0.6959863597986271,1.0949097671395471]","[0.45710822149949176,0.8888640613023164,-0.019078015660307934,0.02467354212894221]","[0.05,0.05,0.05,0.2,0.2,0.2]",0.049882,106,0,[],0,,,93.778738,0.000061,106,air,0,0.0,air
2026-08-11T09:57:02.370744+00:00,1229617.838101885,v4_depth_down_10cm,0,"[0.0,0.0,0.0,0.0]",1,1,1,1,0.000000,5198,259951,1,0,0,1,0,3304843504,371,48611,275,0,100,"[-0.4231862425804138,0.008667005226016045,-0.009958005510270596,0.9059465527534485]","[-0.04576893895864487,0.014774561859667301,-0.007817888632416725]","[0.15285000205039978,-0.20278200507164001,9.662126541137695]",-2.26750088,-0.00781788863,0.0647999048,635.039062,"[0.0,0.0,0.0,0.0]","[0.0,0.0,0.0,0.0,0.0,0.0,0.0,0.0]","[0.0,0.0,0.0,0.0,0.0,0.0,0.0,0.0]",0,1,1,0,7.799130,55,1786442211.886448145,pool_world,"[0.8192592595055833,-0.6959863597986271,1.0949097671395471]","[0.45710822149949176,0.8888640613023164,-0.019078015660307934,0.02467354212894221]","[0.05,0.05,0.05,0.2,0.2,0.2]",0.099738,106,0,[],0,,,93.778738,0.049918,106,air,0,0.0,air
2026-08-11T09:57:02.420912+00:00,1229617.888320225,v4_depth_down_10cm,0,"[0.0,0.0,0.0,0.0]",1,1,1,1,0.000000,5199,260001,1,0,0,1,0,3304843504,372,20672,276,0,100,"[-0.4228854179382324,0.00869100820273161,-0.0110700111836195,0.9060738682746887]","[-0.03905202075839043,0.018520595505833626,-0.004174897447228432]","[0.11458499729633331,-0.22676999866962433,9.654842376708984]",-2.26815844,-0.00417489745,0.0558426306,547.257812,"[0.0,0.0,0.0,0.0]","[0.0,0.0,0.0,0.0,0.0,0.0,0.0,0.0]","[0.0,0.0,0.0,0.0,0.0,0.0,0.0,0.0]",0,1,1,0,7.849349,55,1786442211.886448145,pool_world,"[0.8192592595055833,-0.6959863597986271,1.0949097671395471]","[0.45710822149949176,0.8888640613023164,-0.019078015660307934,0.02467354212894221]","[0.05,0.05,0.05,0.2,0.2,0.2]",0.000052,107,0,[],0,,,96.741505,0.100136,106,air,0,0.0,air
2026-08-11T09:57:02.470790+00:00,1229617.938162043,v4_depth_down_10cm,0,"[0.0,0.0,0.0,0.0]",1,1,1,1,0.000000,5200,260051,1,0,0,1,0,3304843504,373,53138,277,0,100,"[-0.4227031469345093,0.008583002723753452,-0.011913004331290722,0.9061492681503296]","[-0.025653688237071037,0.01975887268781662,0.001998733729124069]","[0.1144149973988533,-0.25064098834991455,9.66718578338623]",-2.26856112,0.00199873373,0.0463137738,453.875,"[0.0,0.0,0.0,0.0]","[0.0,0.0,0.0,0.0,0.0,0.0,0.0,0.0]","[0.0,0.0,0.0,0.0,0.0,0.0,0.0,0.0]",0,1,1,0,7.899191,55,1786442211.886448145,pool_world,"[0.8192592595055833,-0.6959863597986271,1.0949097671395471]","[0.45710822149949176,0.8888640613023164,-0.019078015660307934,0.02467354212894221]","[0.05,0.05,0.05,0.2,0.2,0.2]",0.049894,107,0,[],0,,,96.741505,0.000062,107,air,0,0.0,air
2026-08-11T09:57:02.520756+00:00,1229617.988041052,v4_depth_down_10cm,0,"[0.0,0.0,0.0,0.0]",1,1,1,1,0.000000,5201,260101,1,0,0,1,0,3304843504,374,28670,278,0,100,"[-0.42262527346611023,0.008240005932748318,-0.012517007999122143,0.9061806201934814]","[-0.01282722782343626,0.02658478543162346,0.005623363424092531]","[0.07613799721002579,-0.2622720003128052,9.681309700012207]",-2.26874328,0.00562336342,0.0463137738,453.875,"[0.0,0.0,0.0,0.0]","[0.0,0.0,0.0,0.0,0.0,0.0,0.0,0.0]","[0.0,0.0,0.0,0.0,0.0,0.0,0.0,0.0]",0,1,1,0,7.949070,55,1786442211.886448145,pool_world,"[0.8192592595055833,-0.6959863597986271,1.0949097671395471]","[0.45710822149949176,0.8888640613023164,-0.019078015660307934,0.02467354212894221]","[0.05,0.05,0.05,0.2,0.2,0.2]",0.099773,107,0,[],0,,,96.741505,0.049941,107,air,0,0.0,air
2026-08-11T09:57:02.571038+00:00,1229618.038428733,v4_depth_down_10cm,0,"[0.0,0.0,0.0,0.0]",1,1,1,1,0.000000,5202,260151,1,0,0,1,0,3304843504,375,27414,279,0,100,"[-0.42262229323387146,0.007643005345016718,-0.012845009565353394,0.9061826467514038]","[0.002608028007671237,0.027971608564257622,0.008136934600770473]","[0.0012150000547990203,-0.2635749876499176,9.73004150390625]",-2.26877046,0.0081369346,0.0364548787,357.257812,"[0.0,0.0,0.0,0.0]","[0.0,0.0,0.0,0.0,0.0,0.0,0.0,0.0]","[0.0,0.0,0.0,0.0,0.0,0.0,0.0,0.0]",0,1,1,0,7.999457,55,1786442211.886448145,pool_world,"[0.8192592595055833,-0.6959863597986271,1.0949097671395471]","[0.45710822149949176,0.8888640613023164,-0.019078015660307934,0.02467354212894221]","[0.05,0.05,0.05,0.2,0.2,0.2]",0.000056,108,0,[],0,,,96.448888,0.100329,107,air,0,0.0,air
2026-08-11T09:57:02.620822+00:00,1229618.088231039,v4_depth_down_10cm,0,"[0.0,0.0,0.0,0.0]",1,1,1,1,0.000000,5203,260201,1,0,0,1,0,3304843504,376,20854,280,0,100,"[-0.42269542813301086,0.006871006451547146,-0.01277301087975502,0.9061557650566101]","[0.02248879335820675,0.0257945004850626,0.0107402503490448]","[-0.04091599956154823,-0.26340600848197937,9.727957725524902]",-2.26863575,0.0107402503,0.0364548787,357.257812,"[0.0,0.0,0.0,0.0]","[0.0,0.0,0.0,0.0,0.0,0.0,0.0,0.0]","[0.0,0.0,0.0,0.0,0.0,0.0,0.0,0.0]",0,1,1,0,8.049260,55,1786442211.886448145,pool_world,"[0.8192592595055833,-0.6959863597986271,1.0949097671395471]","[0.45710822149949176,0.8888640613023164,-0.019078015660307934,0.02467354212894221]","[0.05,0.05,0.05,0.2,0.2,0.2]",0.049859,108,0,[],0,,,96.448888,0.000073,108,air,0,0.0,air
2026-08-11T09:57:02.670753+00:00,1229618.138110647,v4_depth_down_10cm,0,"[0.0,0.0,0.0,0.0]",1,1,1,1,0.000000,5204,260251,1,0,0,1,0,3304843504,377,47282,281,0,100,"[-0.4228355288505554,0.005992007441818714,-0.01238501537591219,0.9061020016670227]","[0.023716459050774574,0.028328265994787216,0.014372123405337334]","[-0.057245999574661255,-0.22553999722003937,9.681634902954102]",-2.26835489,0.0143721234,0.0266151149,260.828125,"[0.0,0.0,0.0,0.0]","[0.0,0.0,0.0,0.0,0.0,0.0,0.0,0.0]","[0.0,0.0,0.0,0.0,0.0,0.0,0.0,0.0]",0,1,1,0,8.099139,55,1786442211.886448145,pool_world,"[0.8192592595055833,-0.6959863597986271,1.0949097671395471]","[0.45710822149949176,0.8888640613023164,-0.019078015660307934,0.02467354212894221]","[0.05,0.05,0.05,0.2,0.2,0.2]",0.099738,108,0,[],0,,,96.448888,0.049953,108,air,0,0.0,air
2026-08-11T09:57:02.720998+00:00,1229618.188333202,v4_depth_down_10cm,0,"[0.0,0.0,0.0,0.0]",1,1,1,1,0.000000,5205,260301,1,0,0,1,0,3304843504,377,47282,281,0,100,"[-0.42303431034088135,0.005162003915756941,-0.012217008508741856,0.9060166478157043]","[0.005438446067273617,0.028492536395788193,0.01793004758656025]","[-0.06904499977827072,-0.2260349988937378,9.645524978637695]",-2.26794076,0.0179300476,0.0266151149,260.828125,"[0.0,0.0,0.0,0.0]","[0.0,0.0,0.0,0.0,0.0,0.0,0.0,0.0]","[0.0,0.0,0.0,0.0,0.0,0.0,0.0,0.0]",0,1,1,0,8.149362,55,1786442211.886448145,pool_world,"[0.8192592595055833,-0.6959863597986271,1.0949097671395471]","[0.45710822149949176,0.8888640613023164,-0.019078015660307934,0.02467354212894221]","[0.05,0.05,0.05,0.2,0.2,0.2]",0.000052,109,0,[],0,,,95.970028,0.100175,108,air,0,0.0,air
2026-08-11T09:57:02.770798+00:00,1229618.238155110,v4_depth_down_10cm,0,"[0.0,0.0,0.0,0.0]",1,1,1,1,0.000000,5206,260351,1,0,0,1,0,3304843504,377,47282,281,0,100,"[-0.4233042299747467,0.004484002478420734,-0.012409007176756859,0.9058915376663208]","[0.0005676858127117157,0.029163267463445663,0.01911233179271221]","[-0.0689300000667572,-0.2388319969177246,9.595338821411133]",-2.26736403,0.0191123318,0.0169658791,166.265625,"[0.0,0.0,0.0,0.0]","[0.0,0.0,0.0,0.0,0.0,0.0,0.0,0.0]","[0.0,0.0,0.0,0.0,0.0,0.0,0.0,0.0]",0,1,1,0,8.199184,55,1786442211.886448145,pool_world,"[0.8192592595055833,-0.6959863597986271,1.0949097671395471]","[0.45710822149949176,0.8888640613023164,-0.019078015660307934,0.02467354212894221]","[0.05,0.05,0.05,0.2,0.2,0.2]",0.049874,109,0,[],0,,,95.970028,0.000060,109,air,0,0.0,air
2026-08-11T09:57:02.820683+00:00,1229618.288084692,v4_depth_down_10cm,0,"[0.0,0.0,0.0,0.0]",1,1,1,1,0.000000,5207,260401,1,0,0,1,0,3304843504,380,40137,282,0,100,"[-0.4236011803150177,0.0038610014598816633,-0.012792005203664303,0.9057502150535583]","[-0.014644411392509937,0.03241165727376938,0.02141052857041359]","[-0.07831300050020218,-0.23700599372386932,9.554423332214355]",-2.26672578,0.0214105286,0.0169658791,166.265625,"[0.0,0.0,0.0,0.0]","[0.0,0.0,0.0,0.0,0.0,0.0,0.0,0.0]","[0.0,0.0,0.0,0.0,0.0,0.0,0.0,0.0]",0,1,1,0,8.249113,55,1786442211.886448145,pool_world,"[0.8192592595055833,-0.6959863597986271,1.0949097671395471]","[0.45710822149949176,0.8888640613023164,-0.019078015660307934,0.02467354212894221]","[0.05,0.05,0.05,0.2,0.2,0.2]",0.099804,109,0,[],0,,,95.970028,0.049989,109,air,0,0.0,air
2026-08-11T09:57:02.870997+00:00,1229618.338406478,v4_depth_down_10cm,0,"[0.0,0.0,0.0,0.0]",1,1,1,1,0.000000,5208,260451,1,0,0,1,0,3304843504,381,29965,283,0,100,"[-0.4239152669906616,0.003326002275571227,-0.013402009382843971,0.9055966138839722]","[-0.012818519026041031,0.03153721243143082,0.018990544602274895]","[-0.0521479994058609,-0.2843889892101288,9.50584602355957]",-2.26604795,0.0189905446,0.00808434281,79.2265625,"[0.0,0.0,0.0,0.0]","[0.0,0.0,0.0,0.0,0.0,0.0,0.0,0.0]","[0.0,0.0,0.0,0.0,0.0,0.0,0.0,0.0]",0,1,1,0,8.299435,55,1786442211.886448145,pool_world,"[0.8192592595055833,-0.6959863597986271,1.0949097671395471]","[0.45710822149949176,0.8888640613023164,-0.019078015660307934,0.02467354212894221]","[0.05,0.05,0.05,0.2,0.2,0.2]",0.000055,110,0,[],0,,,95.347027,0.100311,109,air,0,0.0,air
2026-08-11T09:57:02.921170+00:00,1229618.388310139,v4_depth_down_10cm,0,"[0.0,0.0,0.0,0.0]",1,1,1,1,0.000000,5209,260501,1,0,0,1,0,3304843504,381,29965,283,0,100,"[-0.42415207624435425,0.0027590005192905664,-0.013891004025936127,0.9054802656173706]","[-0.006136106327176094,0.027928007766604424,0.01664801500737667]","[-0.023361999541521072,-0.28687000274658203,9.457437515258789]",-2.26554155,0.016648015,0.00808434281,79.2265625,"[0.0,0.0,0.0,0.0]","[0.0,0.0,0.0,0.0,0.0,0.0,0.0,0.0]","[0.0,0.0,0.0,0.0,0.0,0.0,0.0,0.0]",0,1,1,0,8.349339,55,1786442211.886448145,pool_world,"[0.8192592595055833,-0.6959863597986271,1.0949097671395471]","[0.45710822149949176,0.8888640613023164,-0.019078015660307934,0.02467354212894221]","[0.05,0.05,0.05,0.2,0.2,0.2]",0.049959,110,0,[],0,,,95.347027,0.000099,110,air,0,0.0,air
2026-08-11T09:57:02.970773+00:00,1229618.438022685,v4_depth_down_10cm,0,"[0.0,0.0,0.0,0.0]",1,1,1,1,0.000000,5210,260551,1,0,0,1,0,3304843504,383,18995,284,0,100,"[-0.4242880940437317,0.002249000361189246,-0.014257003553211689,0.9054122567176819]","[-0.0049332077614963055,0.023460717871785164,0.009395387023687363]","[-0.023468000814318657,-0.28887200355529785,9.48385238647461]",-2.26525521,0.00939538702,0.000137117342,1.34375,"[0.0,0.0,0.0,0.0]","[0.0,0.0,0.0,0.0,0.0,0.0,0.0,0.0]","[0.0,0.0,0.0,0.0,0.0,0.0,0.0,0.0]",0,1,1,0,8.399051,55,1786442211.886448145,pool_world,"[0.8192592595055833,-0.6959863597986271,1.0949097671395471]","[0.45710822149949176,0.8888640613023164,-0.019078015660307934,0.02467354212894221]","[0.05,0.05,0.05,0.2,0.2,0.2]",0.099671,110,0,[],0,,,95.347027,0.049812,110,air,0,0.0,air
2026-08-11T09:57:03.021045+00:00,1229618.488459766,v4_depth_down_10cm,0,"[0.0,0.0,0.0,0.0]",1,1,1,1,0.000000,5211,260601,1,0,0,1,0,3304843504,384,5524,285,0,100,"[-0.42431530356407166,0.0018070010701194406,-0.014562009833753109,0.9053956270217896]","[0.0005465149297378957,0.02213136851787567,0.005782031919807196]","[-0.0020149999763816595,-0.3061380088329315,9.462762832641602]",-2.26520753,0.00578203192,0.000137117342,1.34375,"[0.0,0.0,0.0,0.0]","[0.0,0.0,0.0,0.0,0.0,0.0,0.0,0.0]","[0.0,0.0,0.0,0.0,0.0,0.0,0.0,0.0]",0,1,1,1,0.000040,56,1786442223.015220642,pool_world,"[0.7658371661654818,-0.6813523713380596,1.0949097671395471]","[0.38533337433501014,0.9224023663348428,0.02597672971125735,0.004156286441750369]","[0.05,0.05,0.05,0.2,0.2,0.2]",0.150108,110,0,[],0,,,95.347027,0.100249,110,air,0,0.0,air
2026-08-11T09:57:03.070816+00:00,1229618.538221203,v4_depth_down_10cm,0,"[0.0,0.0,0.0,0.0]",1,1,1,1,0.000000,5212,260651,1,0,0,1,0,3304843504,384,5524,285,0,100,"[-0.42423930764198303,0.001292000524699688,-0.01459500938653946,0.9054315686225891]","[0.01576133631169796,0.018859853968024254,0.0016494932351633906]","[-0.004416999872773886,-0.29621198773384094,9.481780052185059]",-2.26538706,0.00164949324,0,0,"[0.0,0.0,0.0,0.0]","[0.0,0.0,0.0,0.0,0.0,0.0,0.0,0.0]","[0.0,0.0,0.0,0.0,0.0,0.0,0.0,0.0]",0,1,1,1,0.049802,56,1786442223.015220642,pool_world,"[0.7658371661654818,-0.6813523713380596,1.0949097671395471]","[0.38533337433501014,0.9224023663348428,0.02597672971125735,0.004156286441750369]","[0.05,0.05,0.05,0.2,0.2,0.2]",0.000059,111,0,[],0,,,95.225271,0.150010,110,air,0,0.0,air
2026-08-11T09:57:03.120746+00:00,1229618.588155568,v4_depth_down_10cm,0,"[0.0,0.0,0.0,0.0]",1,1,1,1,0.000000,5213,260701,1,0,0,1,0,3304843504,386,60892,286,0,100,"[-0.4240543842315674,0.0006410006317310035,-0.01428801380097866,0.9055238366127014]","[0.022471358999609947,0.01938643679022789,-0.0026010817382484674]","[-0.012168999761343002,-0.23962199687957764,9.508845329284668]",-2.26580667,-0.00260108174,0,0,"[0.0,0.0,0.0,0.0]","[0.0,0.0,0.0,0.0,0.0,0.0,0.0,0.0]","[0.0,0.0,0.0,0.0,0.0,0.0,0.0,0.0]",0,1,1,1,0.099736,56,1786442223.015220642,pool_world,"[0.7658371661654818,-0.6813523713380596,1.0949097671395471]","[0.38533337433501014,0.9224023663348428,0.02597672971125735,0.004156286441750369]","[0.05,0.05,0.05,0.2,0.2,0.2]",0.049993,111,0,[],0,,,95.225271,0.000063,111,air,0,0.0,air
2026-08-11T09:57:03.170605+00:00,1229618.638010212,v4_depth_down_10cm,0,"[0.0,0.0,0.0,0.0]",1,1,1,1,0.000000,5214,260751,1,0,0,1,0,3304843504,386,60892,286,0,100,"[-0.42384645342826843,7.600028766319156e-05,-0.014126015827059746,0.9056238532066345]","[0.0005424309056252241,0.019543463364243507,-0.0015111409593373537]","[-0.013825000263750553,-0.22046500444412231,9.554922103881836]",-2.26627517,-0.00151114096,0,0,"[0.0,0.0,0.0,0.0]","[0.0,0.0,0.0,0.0,0.0,0.0,0.0,0.0]","[0.0,0.0,0.0,0.0,0.0,0.0,0.0,0.0]",0,1,1,1,0.149591,56,1786442223.015220642,pool_world,"[0.7658371661654818,-0.6813523713380596,1.0949097671395471]","[0.38533337433501014,0.9224023663348428,0.02597672971125735,0.004156286441750369]","[0.05,0.05,0.05,0.2,0.2,0.2]",0.099848,111,0,[],0,,,95.225271,0.049917,111,air,0,0.0,air
2026-08-11T09:57:03.221033+00:00,1229618.688445530,v4_depth_down_10cm,0,"[0.0,0.0,0.0,0.0]",1,1,1,1,0.000000,5215,260801,1,0,0,1,0,3304843504,386,60892,286,0,100,"[-0.4236472249031067,-0.00027199991745874286,-0.014418007805943489,0.9057124853134155]","[-0.01653256267309189,0.01589513197541237,-0.0027711119037121534]","[-0.03080200031399727,-0.22409899532794952,9.626745223999023]",-2.26672411,-0.0027711119,0,0,"[0.0,0.0,0.0,0.0]","[0.0,0.0,0.0,0.0,0.0,0.0,0.0,0.0]","[0.0,0.0,0.0,0.0,0.0,0.0,0.0,0.0]",0,1,1,1,0.000041,57,1786442223.048267603,pool_world,"[0.7642971331373172,-0.6805577484008447,1.0949097671395471]","[0.3868974432064768,0.921784015281967,0.024952466249465417,0.00140429306591549]","[0.05,0.05,0.05,0.2,0.2,0.2]",0.150283,111,0,[],0,,,95.225271,0.100352,111,air,0,0.0,air
2026-08-11T09:57:03.270759+00:00,1229618.738144436,v4_depth_down_10cm,0,"[0.0,0.0,0.0,0.0]",1,1,1,1,0.000000,5216,260851,1,0,0,1,0,3304843504,386,60892,286,0,100,"[-0.4234621226787567,-0.0003969998797401786,-0.01507700514048338,0.9057883024215698]","[-0.031163640320301056,0.014133433811366558,-0.0016036608722060919]","[-0.05024399980902672,-0.24459600448608398,9.696388244628906]",-2.26714134,-0.00160366087,0,0,"[0.0,0.0,0.0,0.0]","[0.0,0.0,0.0,0.0,0.0,0.0,0.0,0.0]","[0.0,0.0,0.0,0.0,0.0,0.0,0.0,0.0]",0,1,1,1,0.049740,57,1786442223.048267603,pool_world,"[0.7642971331373172,-0.6805577484008447,1.0949097671395471]","[0.3868974432064768,0.921784015281967,0.024952466249465417,0.00140429306591549]","[0.05,0.05,0.05,0.2,0.2,0.2]",0.000057,112,0,[],0,,,94.527317,0.150051,111,air,0,0.0,air
2026-08-11T09:57:03.320868+00:00,1229618.788258516,v4_depth_down_10cm,0,"[0.0,0.0,0.0,0.0]",1,1,1,1,0.000000,5217,260901,1,0,0,1,0,3304843504,390,11225,287,0,100,"[-0.4232933223247528,-0.0003179999766871333,-0.01598101295530796,0.9058517217636108]","[-0.0421476811170578,0.011100450530648232,-0.0003919485898222774]","[-0.06727500259876251,-0.27013400197029114,9.751742362976074]",-2.26752114,-0.00039194859,0,0,"[0.0,0.0,0.0,0.0]","[0.0,0.0,0.0,0.0,0.0,0.0,0.0,0.0]","[0.0,0.0,0.0,0.0,0.0,0.0,0.0,0.0]",0,1,1,1,0.099854,57,1786442223.048267603,pool_world,"[0.7642971331373172,-0.6805577484008447,1.0949097671395471]","[0.3868974432064768,0.921784015281967,0.024952466249465417,0.00140429306591549]","[0.05,0.05,0.05,0.2,0.2,0.2]",0.050171,112,0,[],0,,,94.527317,0.000070,112,air,0,0.0,air
2026-08-11T09:57:03.370618+00:00,1229618.838017544,v4_depth_down_10cm,0,"[0.0,0.0,0.0,0.0]",1,1,1,1,0.000000,5218,260951,1,0,0,1,0,3304843504,390,11225,287,0,100,"[-0.4231521189212799,-5.400018926593475e-05,-0.01706000603735447,0.9058980941772461]","[-0.05070282891392708,0.006804061587899923,0.0008566424949094653]","[-0.09386000037193298,-0.2931140065193176,9.814144134521484]",-2.26783848,0.000856642495,0,0,"[0.0,0.0,0.0,0.0]","[0.0,0.0,0.0,0.0,0.0,0.0,0.0,0.0]","[0.0,0.0,0.0,0.0,0.0,0.0,0.0,0.0]",0,1,1,1,0.149613,57,1786442223.048267603,pool_world,"[0.7642971331373172,-0.6805577484008447,1.0949097671395471]","[0.3868974432064768,0.921784015281967,0.024952466249465417,0.00140429306591549]","[0.05,0.05,0.05,0.2,0.2,0.2]",0.099930,112,0,[],0,,,94.527317,0.049829,112,air,0,0.0,air
2026-08-11T09:57:03.421019+00:00,1229618.888432899,v4_depth_down_10cm,0,"[0.0,0.0,0.0,0.0]",1,1,1,1,0.000000,5219,261001,1,0,0,1,0,3304843504,392,63613,288,0,100,"[-0.42301324009895325,0.000343000196153298,-0.01820601150393486,0.9059405326843262]","[-0.05315602570772171,0.003685175674036145,-0.00032573079806752503]","[-0.14114299416542053,-0.31998300552368164,9.87796401977539]",-2.26814747,-0.000325730798,0,0,"[0.0,0.0,0.0,0.0]","[0.0,0.0,0.0,0.0,0.0,0.0,0.0,0.0]","[0.0,0.0,0.0,0.0,0.0,0.0,0.0,0.0]",0,1,1,1,0.000039,58,1786442223.117369413,pool_world,"[0.7653752362615666,-0.6808192836428582,1.0949097671395471]","[0.3864432167532226,0.9220678084088925,0.02104534573810408,-0.0031129317704574467]","[0.05,0.05,0.05,0.2,0.2,0.2]",0.150346,112,0,[],0,,,94.527317,0.100244,112,air,0,0.0,air
2026-08-11T09:57:03.471967+00:00,1229618.938435335,v4_depth_down_10cm,0,"[0.0,0.0,0.0,0.0]",1,1,1,1,0.000000,5220,261051,1,0,0,1,0,3304843504,393,168,289,0,101,"[-0.42288124561309814,0.0008690006798133254,-0.01942301169037819,0.9059765338897705]","[-0.056830137968063354,0.0005972691578790545,0.0003188367700204253]","[-0.17569899559020996,-0.35596200823783875,9.926872253417969]",-2.26843834,0.00031883677,0,0,"[0.0,0.0,0.0,0.0]","[0.0,0.0,0.0,0.0,0.0,0.0,0.0,0.0]","[0.0,0.0,0.0,0.0,0.0,0.0,0.0,0.0]",0,1,1,1,0.050041,58,1786442223.117369413,pool_world,"[0.7653752362615666,-0.6808192836428582,1.0949097671395471]","[0.3864432167532226,0.9220678084088925,0.02104534573810408,-0.0031129317704574467]","[0.05,0.05,0.05,0.2,0.2,0.2]",0.000147,113,0,[],0,,,95.959342,0.150246,112,air,0,0.0,air
2026-08-11T09:57:03.521939+00:00,1229618.988521994,v4_depth_down_10cm,0,"[0.0,0.0,0.0,0.0]",1,1,1,1,0.000000,5221,261101,1,0,0,1,0,3304843504,394,13062,290,0,101,"[-0.4227343201637268,0.0015160009497776628,-0.020665016025304794,0.9060167670249939]","[-0.06050150841474533,-0.002513728104531765,-0.0008709193207323551]","[-0.19023099541664124,-0.3844670057296753,9.94631576538086]",-2.26875687,-0.000870919321,0,0,"[0.0,0.0,0.0,0.0]","[0.0,0.0,0.0,0.0,0.0,0.0,0.0,0.0]","[0.0,0.0,0.0,0.0,0.0,0.0,0.0,0.0]",0,1,1,1,0.100128,58,1786442223.117369413,pool_world,"[0.7653752362615666,-0.6808192836428582,1.0949097671395471]","[0.3864432167532226,0.9220678084088925,0.02104534573810408,-0.0031129317704574467]","[0.05,0.05,0.05,0.2,0.2,0.2]",0.050234,113,0,[],0,,,95.959342,0.000146,113,air,0,0.0,air
2026-08-11T09:57:03.571417+00:00,1229619.038140247,v4_depth_down_10cm,0,"[0.0,0.0,0.0,0.0]",1,1,1,1,0.000000,5222,261151,1,0,0,1,0,3304843504,394,13062,290,0,101,"[-0.4225611984729767,0.0022900013718754053,-0.021954011172056198,0.9060655832290649]","[-0.06296500563621521,-0.007511862087994814,-0.0026315725408494473]","[-0.2166460007429123,-0.42294299602508545,9.93938159942627]",-2.26912737,-0.00263157254,0,0,"[0.0,0.0,0.0,0.0]","[0.0,0.0,0.0,0.0,0.0,0.0,0.0,0.0]","[0.0,0.0,0.0,0.0,0.0,0.0,0.0,0.0]",0,1,1,1,0.149746,58,1786442223.117369413,pool_world,"[0.7653752362615666,-0.6808192836428582,1.0949097671395471]","[0.3864432167532226,0.9220678084088925,0.02104534573810408,-0.0031129317704574467]","[0.05,0.05,0.05,0.2,0.2,0.2]",0.099852,113,0,[],0,,,95.959342,0.049765,113,air,0,0.0,air
2026-08-11T09:57:03.622876+00:00,1229619.089178741,v4_depth_down_10cm,0,"[0.0,0.0,0.0,0.0]",1,1,1,1,0.000000,5223,261201,1,0,0,1,0,3304843504,396,27767,291,0,101,"[-0.42235320806503296,0.0032350015826523304,-0.023249011486768723,0.906127393245697]","[-0.06788069009780884,-0.014981906861066818,-0.0037513235583901405]","[-0.21675600111484528,-0.44707000255584717,9.9349365234375]",-2.26956534,-0.00375132356,0,0,"[0.0,0.0,0.0,0.0]","[0.0,0.0,0.0,0.0,0.0,0.0,0.0,0.0]","[0.0,0.0,0.0,0.0,0.0,0.0,0.0,0.0]",0,1,1,1,0.000103,59,1786442223.149208546,pool_world,"[0.7642615360818239,-0.6838980499940774,1.0949097671395471]","[0.38508909756729504,0.9221797962797348,0.03592062085011546,0.0007206011488614264]","[0.05,0.05,0.05,0.2,0.2,0.2]",0.150891,113,0,[],0,,,95.959342,0.100803,113,air,0,0.0,air
2026-08-11T09:57:03.671862+00:00,1229619.138451223,v4_depth_down_10cm,0,"[0.0,0.0,0.0,0.0]",1,1,1,1,0.000000,5224,261251,1,0,0,1,0,3304843504,397,19133,292,0,100,"[-0.4220871329307556,0.004413001239299774,-0.024542009457945824,0.9062122702598572]","[-0.07034895569086075,-0.021250849589705467,-0.0073242224752902985]","[-0.1476929932832718,-0.488756000995636,9.905160903930664]",-2.27011728,-0.00732422248,0,0,"[0.0,0.0,0.0,0.0]","[0.0,0.0,0.0,0.0,0.0,0.0,0.0,0.0]","[0.0,0.0,0.0,0.0,0.0,0.0,0.0,0.0]",0,1,1,1,0.049375,59,1786442223.149208546,pool_world,"[0.7642615360818239,-0.6838980499940774,1.0949097671395471]","[0.38508909756729504,0.9221797962797348,0.03592062085011546,0.0007206011488614264]","[0.05,0.05,0.05,0.2,0.2,0.2]",0.000154,114,1,[15],1,0.032443,144.51387,93.261549,0.150076,113,air,0,0.0,air
