host_time_utc,host_monotonic_s,phase,requested_forward,requested_right,requested_down,requested_yaw,requested_motor_index,requested_motor_throttle,requested_armed,sent,transport_open,session_confirmed,armed_confirmation_fresh,telemetry_fresh,telemetry_age_s,telemetry_sequence,mcu_tick_ms,state,telemetry_armed,telemetry_mpc_direct,telemetry_yaw_direct,telemetry_failsafe,command_status,reject_flags,last_command_session,last_command_sequence,last_command_crc,last_command_sender_time_ms,command_count,rejected_command_count,yaw_rad,yaw_rate_rad_s,imu_quat_wxyz,imu_angular_velocity_xyz_rad_s,imu_linear_acceleration_xyz_m_s2,depth_m,pressure_pa,received_channels,applied_motor_throttle_m1_m8,motor_rpm_m1_m8,rpm_valid_mask,execution_feedback_valid,rpm_available
2026-08-11T10:25:32.483676+00:00,1231327.951340,disarmed_link,0.0000000,0.0000000,0.0000000,0.0000000,,,0,1,1,0,0,0,nan,,,,,,,,,,,,,,,,,,,,,,,,,,,,
2026-08-11T10:25:32.534081+00:00,1231328.001154,disarmed_link,0.0000000,0.0000000,0.0000000,0.0000000,,,0,1,1,1,0,1,0.000000,97,4901,0,0,1,1,0,1,0,1122443910,0,9729,1231327951,1,0,-1.0326923,0.0012627,"[0.8691491484642029,-0.028821997344493866,0.019380999729037285,-0.4933289587497711]","[-0.00018226474639959633,0.0008630304364487529,0.0012627107789739966]","[-0.09566299617290497,-0.6740800142288208,9.759756088256836]",0.0000000,0.000,"[0.0,0.0,0.0,0.0]","[0.0,0.0,0.0,0.0,0.0,0.0,0.0,0.0]","[0.0,0.0,0.0,0.0,0.0,0.0,0.0,0.0]",0,1,1
2026-08-11T10:25:32.584411+00:00,1231328.051171,disarmed_link,0.0000000,0.0000000,0.0000000,0.0000000,,,0,1,1,1,0,1,0.000000,98,4951,0,0,1,1,0,1,0,1122443910,0,9729,1231327951,1,0,-1.0327170,0.0012479,"[0.8691431283950806,-0.02881898172199726,0.019383985549211502,-0.4933396279811859]","[-0.0026186048053205013,0.0008787558763287961,0.0012479278957471251]","[-0.07170099765062332,-0.6746659874916077,9.72885513305664]",0.0000000,0.000,"[0.0,0.0,0.0,0.0]","[0.0,0.0,0.0,0.0,0.0,0.0,0.0,0.0]","[0.0,0.0,0.0,0.0,0.0,0.0,0.0,0.0]",0,1,1
2026-08-11T10:25:32.634324+00:00,1231328.101163,disarmed_link,0.0000000,0.0000000,0.0000000,0.0000000,,,0,1,1,1,0,1,0.000000,99,5001,0,0,1,1,0,1,0,1122443910,2,57946,1231328051,2,0,-1.0327634,0.0024782,"[0.8691326975822449,-0.028788989409804344,0.0193839929997921,-0.4933598041534424]","[-0.0014022499090060592,0.0008863131515681744,0.002478228183463216]","[-0.04777299985289574,-0.6701859831809998,9.71467113494873]",0.0000000,0.000,"[0.0,0.0,0.0,0.0]","[0.0,0.0,0.0,0.0,0.0,0.0,0.0,0.0]","[0.0,0.0,0.0,0.0,0.0,0.0,0.0,0.0]",0,1,1
2026-08-11T10:25:32.684048+00:00,1231328.151157,disarmed_link,0.0000000,0.0000000,0.0000000,0.0000000,,,0,1,1,1,0,1,0.000000,100,5051,0,0,1,1,0,1,0,1122443910,2,57946,1231328051,2,0,-1.0327797,0.0012590,"[0.8691282272338867,-0.028800973668694496,0.019392983987927437,-0.4933665692806244]","[-0.0026223398745059967,0.00025492277927696705,0.0012589932885020971]","[-0.02868800051510334,-0.6776729822158813,9.703006744384766]",0.0000000,0.000,"[0.0,0.0,0.0,0.0]","[0.0,0.0,0.0,0.0,0.0,0.0,0.0,0.0]","[0.0,0.0,0.0,0.0,0.0,0.0,0.0,0.0]",0,1,1
2026-08-11T10:25:32.734775+00:00,1231328.201124,disarmed_link,0.0000000,0.0000000,0.0000000,0.0000000,,,0,1,1,1,0,1,0.000000,101,5101,0,0,1,1,0,1,0,1122443910,4,4819,1231328151,3,0,-1.0328034,0.0012295,"[0.8691228032112122,-0.02878698706626892,0.01939798891544342,-0.4933767318725586]","[-0.0020020497031509876,0.0021225123200565577,0.0012295146007090807]","[-0.011901999823749065,-0.6707540154457092,9.688705444335938]",0.0000000,0.000,"[0.0,0.0,0.0,0.0]","[0.0,0.0,0.0,0.0,0.0,0.0,0.0,0.0]","[0.0,0.0,0.0,0.0,0.0,0.0,0.0,0.0]",0,1,1
2026-08-11T10:25:32.783921+00:00,1231328.251110,disarmed_link,0.0000000,0.0000000,0.0000000,0.0000000,,,0,1,1,1,0,1,0.000000,102,5151,0,0,1,1,0,1,0,1122443910,5,43749,1231328202,4,0,-1.0328158,0.0012319,"[0.8691193461418152,-0.028795989230275154,0.019432995468378067,-0.4933808445930481]","[-0.004037313163280487,0.001303830766119063,0.0012319405796006322]","[0.019832000136375427,-0.6796339750289917,9.69479751586914]",0.0000000,0.000,"[0.0,0.0,0.0,0.0]","[0.0,0.0,0.0,0.0,0.0,0.0,0.0,0.0]","[0.0,0.0,0.0,0.0,0.0,0.0,0.0,0.0]",0,1,1
2026-08-11T10:25:32.834904+00:00,1231328.301181,disarmed_link,0.0000000,0.0000000,0.0000000,0.0000000,,,0,1,1,1,0,1,0.000000,103,5201,0,0,1,1,0,1,0,1122443910,6,12783,1231328251,5,0,-1.0328066,0.0000213,"[0.8691214323043823,-0.028804995119571686,0.019456995651125908,-0.49337589740753174]","[-0.0032258920837193727,0.000867271504830569,2.134537680831272e-05]","[0.021383000537753105,-0.6778299808502197,9.708382606506348]",0.0000000,0.000,"[0.0,0.0,0.0,0.0]","[0.0,0.0,0.0,0.0,0.0,0.0,0.0,0.0]","[0.0,0.0,0.0,0.0,0.0,0.0,0.0,0.0]",0,1,1
2026-08-11T10:25:32.885419+00:00,1231328.351131,disarmed_link,0.0000000,0.0000000,0.0000000,0.0000000,,,0,1,1,1,0,1,0.000000,104,5251,0,0,1,1,0,1,0,1122443910,6,12783,1231328251,5,0,-1.0327801,0.0024671,"[0.8691268563270569,-0.02883598394691944,0.019499991089105606,-0.4933627247810364]","[-0.0032295051496475935,0.0008981116116046906,0.002467145211994648]","[0.009444000199437141,-0.6851009726524353,9.701155662536621]",0.0000000,0.000,"[0.0,0.0,0.0,0.0]","[0.0,0.0,0.0,0.0,0.0,0.0,0.0,0.0]","[0.0,0.0,0.0,0.0,0.0,0.0,0.0,0.0]",0,1,1
2026-08-11T10:25:32.934257+00:00,1231328.401127,disarmed_link,0.0000000,0.0000000,0.0000000,0.0000000,,,0,1,1,1,0,1,0.000000,105,5301,0,0,1,1,0,1,0,1122443910,6,12783,1231328251,5,0,-1.0327562,0.0018409,"[0.8691316843032837,-0.028867987915873528,0.019540991634130478,-0.4933507740497589]","[-0.0038339474704116583,0.0015181746566668153,0.0018409383483231068]","[0.0021989999804645777,-0.6773020029067993,9.736940383911133]",0.0000000,0.000,"[0.0,0.0,0.0,0.0]","[0.0,0.0,0.0,0.0,0.0,0.0,0.0,0.0]","[0.0,0.0,0.0,0.0,0.0,0.0,0.0,0.0]",0,1,1
2026-08-11T10:25:32.984247+00:00,1231328.451133,disarmed_link,0.0000000,0.0000000,0.0000000,0.0000000,,,0,1,1,1,0,1,0.000000,106,5351,0,0,1,1,0,1,0,1122443910,6,12783,1231328251,5,0,-1.0327423,0.0012221,"[0.8691341280937195,-0.02889597974717617,0.01956898719072342,-0.49334365129470825]","[-0.003220220096409321,0.0021303663961589336,0.001222131890244782]","[-0.014588999561965466,-0.6866629719734192,9.74887752532959]",0.0000000,0.000,"[0.0,0.0,0.0,0.0]","[0.0,0.0,0.0,0.0,0.0,0.0,0.0,0.0]","[0.0,0.0,0.0,0.0,0.0,0.0,0.0,0.0]",0,1,1
2026-08-11T10:25:33.033950+00:00,1231328.501165,disarmed_link,0.0000000,0.0000000,0.0000000,0.0000000,,,0,1,1,1,0,1,0.000000,107,5401,0,0,1,1,0,1,0,1122443910,10,13107,1231328451,6,0,-1.0327528,0.0012553,"[0.8691306114196777,-0.028922967612743378,0.019588978961110115,-0.4933474361896515]","[-0.0032314248383045197,0.0002588497882243246,0.0012552932603284717]","[-0.036093998700380325,-0.6839389801025391,9.762984275817871]",0.0000000,0.000,"[0.0,0.0,0.0,0.0]","[0.0,0.0,0.0,0.0,0.0,0.0,0.0,0.0]","[0.0,0.0,0.0,0.0,0.0,0.0,0.0,0.0]",0,1,1
2026-08-11T10:25:33.084079+00:00,1231328.551108,disarmed_link,0.0000000,0.0000000,0.0000000,0.0000000,,,0,1,1,1,0,1,0.000000,108,5451,0,0,1,1,0,1,0,1122443910,11,8877,1231328501,7,0,-1.0327337,0.0024561,"[0.8691338896751404,-0.028966983780264854,0.019625985994935036,-0.4933376610279083]","[-0.005056760273873806,0.0009099100134335458,0.00245606224052608]","[-0.1174049973487854,-0.6850910186767578,9.819640159606934]",0.0000000,0.000,"[0.0,0.0,0.0,0.0]","[0.0,0.0,0.0,0.0,0.0,0.0,0.0,0.0]","[0.0,0.0,0.0,0.0,0.0,0.0,0.0,0.0]",0,1,1
2026-08-11T10:25:33.133785+00:00,1231328.601169,disarmed_link,0.0000000,0.0000000,0.0000000,0.0000000,,,0,1,1,1,0,1,0.000000,109,5501,0,0,1,1,0,1,0,1122443910,11,8877,1231328501,7,0,-1.0327139,-0.0000303,"[0.8691378235816956,-0.028994984924793243,0.019660988822579384,-0.4933277368545532]","[-0.004429121967405081,0.0033704927191138268,-3.0264009183156304e-05]","[-0.12220899760723114,-0.6849219799041748,9.82917594909668]",0.0000000,0.000,"[0.0,0.0,0.0,0.0]","[0.0,0.0,0.0,0.0,0.0,0.0,0.0,0.0]","[0.0,0.0,0.0,0.0,0.0,0.0,0.0,0.0]",0,1,1
2026-08-11T10:25:33.184169+00:00,1231328.651111,disarmed_link,0.0000000,0.0000000,0.0000000,0.0000000,,,0,1,1,1,0,1,0.000000,110,5551,0,0,1,1,0,1,0,1122443910,13,41998,1231328601,8,0,-1.0327021,0.0030860,"[0.8691393733024597,-0.029034992679953575,0.019679997116327286,-0.49332183599472046]","[-0.002012242330238223,0.0008979545091278851,0.0030859867110848427]","[-0.13418200612068176,-0.6871259808540344,9.838667869567871]",0.0000000,0.000,"[0.0,0.0,0.0,0.0]","[0.0,0.0,0.0,0.0,0.0,0.0,0.0,0.0]","[0.0,0.0,0.0,0.0,0.0,0.0,0.0,0.0]",0,1,1
2026-08-11T10:25:33.233775+00:00,1231328.701158,disarmed_link,0.0000000,0.0000000,0.0000000,0.0000000,,,0,1,1,1,0,1,0.000000,111,5601,0,0,1,1,0,1,0,1122443910,14,37420,1231328651,9,0,-1.0327123,0.0012479,"[0.8691361546516418,-0.02905699796974659,0.019687000662088394,-0.49332597851753235]","[-0.0044495947659015656,0.0002667212102096528,0.0012479104334488511]","[-0.13180099427700043,-0.6895790100097656,9.836331367492676]",0.0000000,0.000,"[0.0,0.0,0.0,0.0]","[0.0,0.0,0.0,0.0,0.0,0.0,0.0,0.0]","[0.0,0.0,0.0,0.0,0.0,0.0,0.0,0.0]",0,1,1
2026-08-11T10:25:33.284030+00:00,1231328.751109,disarmed_link,0.0000000,0.0000000,0.0000000,0.0000000,,,0,1,1,1,0,1,0.000000,112,5651,0,0,1,1,0,1,0,1122443910,14,37420,1231328651,9,0,-1.0326989,0.0024450,"[0.8691388964653015,-0.029074981808662415,0.019670987501740456,-0.49332067370414734]","[-0.003222034778445959,0.002145795151591301,0.002445031888782978]","[-0.13175000250339508,-0.6897990107536316,9.821942329406738]",0.0000000,0.000,"[0.0,0.0,0.0,0.0]","[0.0,0.0,0.0,0.0,0.0,0.0,0.0,0.0]","[0.0,0.0,0.0,0.0,0.0,0.0,0.0,0.0]",0,1,1
2026-08-11T10:25:33.333823+00:00,1231328.801186,disarmed_link,0.0000000,0.0000000,0.0000000,0.0000000,,,0,1,1,1,0,1,0.000000,113,5701,0,0,1,1,0,1,0,1122443910,16,23522,1231328751,10,0,-1.0326968,0.0024622,"[0.8691388368606567,-0.029090961441397667,0.019655974581837654,-0.49332037568092346]","[-0.0028209583833813667,0.001311388099566102,0.002462240867316723]","[-0.0997919961810112,-0.6873379945755005,9.783092498779297]",0.0000000,0.000,"[0.0,0.0,0.0,0.0]","[0.0,0.0,0.0,0.0,0.0,0.0,0.0,0.0]","[0.0,0.0,0.0,0.0,0.0,0.0,0.0,0.0]",0,1,1
2026-08-11T10:25:33.384531+00:00,1231328.851115,disarmed_link,0.0000000,0.0000000,0.0000000,0.0000000,,,0,1,1,1,0,1,0.000000,114,5751,0,0,1,1,0,1,0,1122443910,16,23522,1231328751,10,0,-1.0326821,0.0025003,"[0.8691422939300537,-0.029097972437739372,0.019639983773231506,-0.4933145344257355]","[-0.0032407098915427923,-0.0009733875631354749,0.0025003240443766117]","[-0.06452000141143799,-0.6748089790344238,9.721742630004883]",0.0000000,0.000,"[0.0,0.0,0.0,0.0]","[0.0,0.0,0.0,0.0,0.0,0.0,0.0,0.0]","[0.0,0.0,0.0,0.0,0.0,0.0,0.0,0.0]",0,1,1
2026-08-11T10:25:33.433790+00:00,1231328.901156,disarmed_link,0.0000000,0.0000000,0.0000000,0.0000000,,,0,1,1,1,0,1,0.000000,115,5801,0,0,1,1,0,1,0,1122443910,18,7044,1231328852,11,0,-1.0326970,0.0012774,"[0.8691383600234985,-0.029107972979545593,0.01962498389184475,-0.4933215379714966]","[-0.0014079046668484807,-0.0003767642192542553,0.0012774413917213678]","[-0.050310999155044556,-0.6891970038414001,9.729314804077148]",0.0000000,0.000,"[0.0,0.0,0.0,0.0]","[0.0,0.0,0.0,0.0,0.0,0.0,0.0,0.0]","[0.0,0.0,0.0,0.0,0.0,0.0,0.0,0.0]",0,1,1
2026-08-11T10:25:33.483918+00:00,1231328.951106,disarmed_link,0.0000000,0.0000000,0.0000000,0.0000000,,,0,1,1,1,0,1,0.000000,116,5851,0,0,1,1,0,1,0,1122443910,19,29248,1231328901,12,0,-1.0327349,0.0013143,"[0.8691292405128479,-0.029099972918629646,0.01958598382771015,-0.49333953857421875]","[-0.000810007331892848,-0.0022522250656038523,0.001314302789978683]","[-0.03825400024652481,-0.6873599886894226,9.695841789245605]",0.0000000,0.000,"[0.0,0.0,0.0,0.0]","[0.0,0.0,0.0,0.0,0.0,0.0,0.0,0.0]","[0.0,0.0,0.0,0.0,0.0,0.0,0.0,0.0]",0,1,1
2026-08-11T10:25:33.533715+00:00,1231329.001100,disarmed_link,0.0000000,0.0000000,0.0000000,0.0000000,,,0,1,1,1,0,1,0.000000,117,5901,0,0,1,1,0,1,0,1122443910,20,5801,1231328951,13,0,-1.0327233,0.0012258,"[0.8691327571868896,-0.029081987217068672,0.01957899145781994,-0.4933347702026367]","[-0.0026111348997801542,0.0021264394745230675,0.0012258145725354552]","[-0.016676999628543854,-0.683014988899231,9.672038078308105]",0.0000000,0.000,"[0.0,0.0,0.0,0.0]","[0.0,0.0,0.0,0.0,0.0,0.0,0.0,0.0]","[0.0,0.0,0.0,0.0,0.0,0.0,0.0,0.0]",0,1,1
2026-08-11T10:25:33.584018+00:00,1231329.051182,disarmed_link,0.0000000,0.0000000,0.0000000,0.0000000,,,0,1,1,1,0,1,0.000000,118,5951,0,0,1,1,0,1,0,1122443910,21,20859,1231329001,14,0,-1.0327331,0.0013033,"[0.869131326675415,-0.029053976759314537,0.019563984125852585,-0.4933395981788635]","[-0.0008062897832132876,-0.0016283922595903277,0.001303254859521985]","[0.002386000007390976,-0.6781089901924133,9.684179306030273]",0.0000000,0.000,"[0.0,0.0,0.0,0.0]","[0.0,0.0,0.0,0.0,0.0,0.0,0.0,0.0]","[0.0,0.0,0.0,0.0,0.0,0.0,0.0,0.0]",0,1,1
2026-08-11T10:25:33.633698+00:00,1231329.101102,disarmed_link,0.0000000,0.0000000,0.0000000,0.0000000,,,0,1,1,1,0,1,0.000000,119,6001,0,0,1,1,0,1,0,1122443910,22,36877,1231329051,15,0,-1.0327649,0.0016814,"[0.8691239953041077,-0.029033979400992393,0.019560987129807472,-0.49335363507270813]","[-0.0007969348225742579,4.031710705021396e-05,0.0016813977854326367]","[0.01183599978685379,-0.6826819777488708,9.702746391296387]",0.0000000,0.000,"[0.0,0.0,0.0,0.0]","[0.0,0.0,0.0,0.0,0.0,0.0,0.0,0.0]","[0.0,0.0,0.0,0.0,0.0,0.0,0.0,0.0]",0,1,1
2026-08-11T10:25:33.684216+00:00,1231329.151110,disarmed_link,0.0000000,0.0000000,0.0000000,0.0000000,,,0,1,1,1,0,1,0.000000,120,6051,0,0,1,1,0,1,0,1122443910,23,15672,1231329101,16,0,-1.0327916,0.0024745,"[0.8691186904907227,-0.028997989371418953,0.019547991454601288,-0.4933657646179199]","[-0.0020113347563892603,0.0008902400732040405,0.0024745280388742685]","[0.030910000205039978,-0.6851999759674072,9.701404571533203]",0.0000000,0.000,"[0.0,0.0,0.0,0.0]","[0.0,0.0,0.0,0.0,0.0,0.0,0.0,0.0]","[0.0,0.0,0.0,0.0,0.0,0.0,0.0,0.0]",0,1,1
2026-08-11T10:25:33.733785+00:00,1231329.201164,disarmed_link,0.0000000,0.0000000,0.0000000,0.0000000,,,0,1,1,1,0,1,0.000000,121,6101,0,0,1,1,0,1,0,1122443910,23,15672,1231329101,16,0,-1.0328006,0.0012480,"[0.869117259979248,-0.02897297590970993,0.019550982862710953,-0.49336954951286316]","[-0.0007876147283241153,0.001490807975642383,0.0012479628203436732]","[0.011807999573647976,-0.6825600266456604,9.710740089416504]",10.4148083,102065.125,"[0.0,0.0,0.0,0.0]","[0.0,0.0,0.0,0.0,0.0,0.0,0.0,0.0]","[0.0,0.0,0.0,0.0,0.0,0.0,0.0,0.0]",0,1,1
2026-08-11T10:25:33.784024+00:00,1231329.251107,disarmed_link,0.0000000,0.0000000,0.0000000,0.0000000,,,0,1,1,1,0,1,0.000000,122,6151,1,0,1,1,0,1,0,1122443910,25,26023,1231329201,17,0,-1.0327902,0.0024856,"[0.8691211938858032,-0.02893097698688507,0.01953798346221447,-0.493365615606308]","[-0.00018406243179924786,0.0008784417295828462,0.0024856107775121927]","[0.011753000319004059,-0.6847819685935974,9.722766876220703]",0.0000000,0.000,"[0.0,0.0,0.0,0.0]","[0.0,0.0,0.0,0.0,0.0,0.0,0.0,0.0]","[0.0,0.0,0.0,0.0,0.0,0.0,0.0,0.0]",0,1,1
2026-08-11T10:25:33.833776+00:00,1231329.301162,disarmed_link,0.0000000,0.0000000,0.0000000,0.0000000,,,0,1,1,1,0,1,0.000000,123,6201,1,0,1,1,0,1,0,1122443910,26,48610,1231329251,18,0,-1.0328021,0.0000472,"[0.8691196441650391,-0.028889967128634453,0.01952197775244713,-0.49337145686149597]","[-0.0007932696607895195,0.00022769566567149013,4.717625051853247e-05]","[-0.002624999964609742,-0.6844229698181152,9.741786003112793]",0.0000996,0.977,"[0.0,0.0,0.0,0.0]","[0.0,0.0,0.0,0.0,0.0,0.0,0.0,0.0]","[0.0,0.0,0.0,0.0,0.0,0.0,0.0,0.0]",0,1,1
2026-08-11T10:25:33.884460+00:00,1231329.351116,disarmed_link,0.0000000,0.0000000,0.0000000,0.0000000,,,0,1,1,1,0,1,0.000000,124,6251,1,0,1,1,0,1,0,1122443910,27,9512,1231329301,19,0,-1.0328389,0.0012442,"[0.8691114783287048,-0.02886299230158329,0.01951199397444725,-0.4933878481388092]","[-0.003227690001949668,0.0008827003184705973,0.0012442453298717737]","[-0.009775999933481216,-0.6770269870758057,9.751193046569824]",0.0000996,0.977,"[0.0,0.0,0.0,0.0]","[0.0,0.0,0.0,0.0,0.0,0.0,0.0,0.0]","[0.0,0.0,0.0,0.0,0.0,0.0,0.0,0.0]",0,1,1
2026-08-11T10:25:33.933824+00:00,1231329.401180,disarmed_link,0.0000000,0.0000000,0.0000000,0.0000000,,,0,1,1,1,0,1,0.000000,125,6301,1,0,1,1,0,1,0,1122443910,28,15643,1231329352,20,0,-1.0328290,0.0020595,"[0.8691146373748779,-0.02883998490869999,0.019506990909576416,-0.4933837652206421]","[-0.003228893969208002,0.0008929803152568638,0.002059506019577384]","[-0.0616610012948513,-0.6857389807701111,9.794702529907227]",0.0000765,0.750,"[0.0,0.0,0.0,0.0]","[0.0,0.0,0.0,0.0,0.0,0.0,0.0,0.0]","[0.0,0.0,0.0,0.0,0.0,0.0,0.0,0.0]",0,1,1
2026-08-11T10:25:33.983843+00:00,1231329.451103,disarmed_link,0.0000000,0.0000000,0.0000000,0.0000000,,,0,1,1,1,0,1,0.000000,126,6351,1,0,1,1,0,1,0,1122443910,29,1555,1231329401,21,0,-1.0328325,0.0024450,"[0.869114100933075,-0.028828978538513184,0.019524985924363136,-0.49338462948799133]","[-0.003222034778445959,0.002145795151591301,0.002445031888782978]","[-0.11262200027704239,-0.6728659868240356,9.833908081054688]",0.0000765,0.750,"[0.0,0.0,0.0,0.0]","[0.0,0.0,0.0,0.0,0.0,0.0,0.0,0.0]","[0.0,0.0,0.0,0.0,0.0,0.0,0.0,0.0]",0,1,1
2026-08-11T10:25:34.033819+00:00,1231329.501181,disarmed_link,0.0000000,0.0000000,0.0000000,0.0000000,,,0,1,1,1,0,1,0.000000,127,6401,1,0,1,1,0,1,0,1122443910,30,12337,1231329451,22,0,-1.0328031,0.0018741,"[0.8691218495368958,-0.02881198562681675,0.019528988748788834,-0.49337172508239746]","[-0.002014162251725793,0.0002586927148513496,0.0018741347594186664]","[-0.112575002014637,-0.6706069707870483,9.82427978515625]",0.0001865,1.828,"[0.0,0.0,0.0,0.0]","[0.0,0.0,0.0,0.0,0.0,0.0,0.0,0.0]","[0.0,0.0,0.0,0.0,0.0,0.0,0.0,0.0]",0,1,1
2026-08-11T10:25:34.084060+00:00,1231329.551111,disarmed_link,0.0000000,0.0000000,0.0000000,0.0000000,,,0,1,1,1,0,1,0.000000,128,6451,1,0,1,1,0,1,0,1122443910,30,12337,1231329451,22,0,-1.0327775,0.0024635,"[0.869128406047821,-0.028805973008275032,0.01953098177909851,-0.4933605194091797]","[-0.0020075999200344086,0.0015140905743464828,0.0024634799920022488]","[-0.12930500507354736,-0.6753050088882446,9.826554298400879]",0.0001865,1.828,"[0.0,0.0,0.0,0.0]","[0.0,0.0,0.0,0.0,0.0,0.0,0.0,0.0]","[0.0,0.0,0.0,0.0,0.0,0.0,0.0,0.0]",0,1,1
2026-08-11T10:25:34.133814+00:00,1231329.601166,disarmed_link,0.0000000,0.0000000,0.0000000,0.0000000,,,0,1,1,1,0,1,0.000000,129,6501,1,0,1,1,0,1,0,1122443910,32,23647,1231329551,23,0,-1.0327698,0.0024819,"[0.8691307306289673,-0.028792988508939743,0.019541990011930466,-0.4933567941188812]","[-0.0007931648287922144,0.0008823861135169864,0.0024819280952215195]","[-0.12931400537490845,-0.6752679944038391,9.828951835632324]",0.0002105,2.062,"[0.0,0.0,0.0,0.0]","[0.0,0.0,0.0,0.0,0.0,0.0,0.0,0.0]","[0.0,0.0,0.0,0.0,0.0,0.0,0.0,0.0]",0,1,1
2026-08-11T10:25:34.184079+00:00,1231329.651162,disarmed_link,0.0000000,0.0000000,0.0000000,0.0000000,,,0,1,1,1,0,1,0.000000,130,6551,1,0,1,1,0,1,0,1122443910,33,36416,1231329601,24,0,-1.0327550,0.0024475,"[0.8691344857215881,-0.028790971264243126,0.019535979256033897,-0.4933505356311798]","[-0.004036632366478443,0.0017351540736854076,0.0024474754463881254]","[-0.11884799599647522,-0.6758779883384705,9.7923002243042]",0.0002336,2.289,"[0.0,0.0,0.0,0.0]","[0.0,0.0,0.0,0.0,0.0,0.0,0.0,0.0]","[0.0,0.0,0.0,0.0,0.0,0.0,0.0,0.0]",0,1,1
2026-08-11T10:25:34.233770+00:00,1231329.701164,disarmed_link,0.0000000,0.0000000,0.0000000,0.0000000,,,0,1,1,1,0,1,0.000000,131,6601,1,0,1,1,0,1,0,1122443910,33,36416,1231329601,24,0,-1.0327681,0.0018373,"[0.8691307902336121,-0.028801964595913887,0.01955997571349144,-0.493355393409729]","[-0.004443032201379538,0.0015221191570162773,0.0018372557824477553]","[-0.09570500254631042,-0.6738960146903992,9.771747589111328]",0.0002336,2.289,"[0.0,0.0,0.0,0.0]","[0.0,0.0,0.0,0.0,0.0,0.0,0.0,0.0]","[0.0,0.0,0.0,0.0,0.0,0.0,0.0,0.0]",0,1,1
2026-08-11T10:25:34.284310+00:00,1231329.751112,disarmed_link,0.0000000,0.0000000,0.0000000,0.0000000,,,0,1,1,1,0,1,0.000000,132,6651,1,0,1,1,0,1,0,1122443910,35,43516,1231329701,25,0,-1.0327271,0.0012885,"[0.8691399097442627,-0.028833981603384018,0.01955498941242695,-0.4933376908302307]","[-0.001411639852449298,-0.0010006147203966975,0.0012885067844763398]","[-0.08135200291872025,-0.6741459965705872,9.75992202758789]",0.0002384,2.336,"[0.0,0.0,0.0,0.0]","[0.0,0.0,0.0,0.0,0.0,0.0,0.0,0.0]","[0.0,0.0,0.0,0.0,0.0,0.0,0.0,0.0]",0,1,1
2026-08-11T10:25:34.333796+00:00,1231329.801165,disarmed_link,0.0000000,0.0000000,0.0000000,0.0000000,,,0,1,1,1,0,1,0.000000,133,6701,1,0,1,1,0,1,0,1122443910,36,6695,1231329751,26,0,-1.0327545,0.0012516,"[0.8691322803497314,-0.028859972953796387,0.01955498196184635,-0.493349552154541]","[-0.0020095198415219784,0.0008748288964852691,0.0012516280403360724]","[-0.07894500344991684,-0.6816290020942688,9.743268013000488]",0.0002384,2.336,"[0.0,0.0,0.0,0.0]","[0.0,0.0,0.0,0.0,0.0,0.0,0.0,0.0]","[0.0,0.0,0.0,0.0,0.0,0.0,0.0,0.0]",0,1,1
2026-08-11T10:25:34.383857+00:00,1231329.851109,disarmed_link,0.0000000,0.0000000,0.0000000,0.0000000,,,0,1,1,1,0,1,0.000000,134,6751,1,0,1,1,0,1,0,1122443910,36,6695,1231329751,26,0,-1.0327767,0.0012627,"[0.869125485420227,-0.02890199050307274,0.019561994820833206,-0.49335888028144836]","[-0.00201325467787683,0.00025097833713516593,0.0012626933166757226]","[-0.05023900046944618,-0.6772069931030273,9.726739883422852]",0.0002200,2.156,"[0.0,0.0,0.0,0.0]","[0.0,0.0,0.0,0.0,0.0,0.0,0.0,0.0]","[0.0,0.0,0.0,0.0,0.0,0.0,0.0,0.0]",0,1,1
2026-08-11T10:25:34.433795+00:00,1231329.901179,disarmed_link,0.0000000,0.0000000,0.0000000,0.0000000,,,0,1,1,1,0,1,0.000000,135,6801,1,0,1,1,0,1,0,1122443910,38,12840,1231329851,27,0,-1.0327817,0.0024598,"[0.8691230416297913,-0.028934994712471962,0.019589997828006744,-0.4933599829673767]","[-0.004447675310075283,0.0009059829753823578,0.0024597623851150274]","[-0.05261499807238579,-0.6821539998054504,9.717190742492676]",0.0002200,2.156,"[0.0,0.0,0.0,0.0]","[0.0,0.0,0.0,0.0,0.0,0.0,0.0,0.0]","[0.0,0.0,0.0,0.0,0.0,0.0,0.0,0.0]",0,1,1
2026-08-11T10:25:34.484275+00:00,1231329.951103,disarmed_link,0.0000000,0.0000000,0.0000000,0.0000000,,,0,1,1,1,0,1,0.000000,136,6851,1,0,1,1,0,1,0,1122443910,39,40733,1231329901,28,0,-1.0327988,0.0016765,"[0.8691182136535645,-0.02895597741007805,0.01958298310637474,-0.49336761236190796]","[-0.002829702338203788,-0.0003624525270424783,0.0016764586325734854]","[-0.010375999845564365,-0.6745859980583191,9.700773239135742]",0.0001698,1.664,"[0.0,0.0,0.0,0.0]","[0.0,0.0,0.0,0.0,0.0,0.0,0.0,0.0]","[0.0,0.0,0.0,0.0,0.0,0.0,0.0,0.0]",0,1,1
2026-08-11T10:25:34.533807+00:00,1231330.001206,disarmed_link,0.0000000,0.0000000,0.0000000,0.0000000,,,0,1,1,1,0,1,0.000000,137,6901,1,0,1,1,0,1,0,1122443910,39,40733,1231329901,28,0,-1.0327791,0.0024708,"[0.8691220879554749,-0.02898397669196129,0.019594984129071236,-0.4933585822582245]","[-0.004451409913599491,0.00028214993653818965,0.0024708278942853212]","[0.021446000784635544,-0.6854860186576843,9.679710388183594]",0.0001698,1.664,"[0.0,0.0,0.0,0.0]","[0.0,0.0,0.0,0.0,0.0,0.0,0.0,0.0]","[0.0,0.0,0.0,0.0,0.0,0.0,0.0,0.0]",0,1,1
2026-08-11T10:25:34.584216+00:00,1231330.051109,disarmed_link,0.0000000,0.0000000,0.0000000,0.0000000,,,0,1,1,1,0,1,0.000000,138,6951,1,0,1,1,0,1,0,1122443910,41,4272,1231330001,29,0,-1.0327719,0.0019036,"[0.8691227436065674,-0.02901998907327652,0.01958599127829075,-0.49335575103759766]","[-0.0044654421508312225,-0.0022209142334759235,0.0019035956356674433]","[0.03340600058436394,-0.6758459806442261,9.684502601623535]",0.0001339,1.312,"[0.0,0.0,0.0,0.0]","[0.0,0.0,0.0,0.0,0.0,0.0,0.0,0.0]","[0.0,0.0,0.0,0.0,0.0,0.0,0.0,0.0]",0,1,1
2026-08-11T10:25:34.633811+00:00,1231330.101188,disarmed_link,0.0000000,0.0000000,0.0000000,0.0000000,,,0,1,1,1,0,1,0.000000,139,7001,1,0,1,1,0,1,0,1122443910,42,47711,1231330051,30,0,-1.0327601,0.0024819,"[0.8691247701644897,-0.029048984870314598,0.019579987972974777,-0.4933507740497589]","[-0.004455145448446274,-0.000341683131409809,0.002481875941157341]","[0.030969999730587006,-0.6854569911956787,9.684616088867188]",0.0001339,1.312,"[0.0,0.0,0.0,0.0]","[0.0,0.0,0.0,0.0,0.0,0.0,0.0,0.0]","[0.0,0.0,0.0,0.0,0.0,0.0,0.0,0.0]",0,1,1
2026-08-11T10:25:34.684318+00:00,1231330.151110,disarmed_link,0.0000000,0.0000000,0.0000000,0.0000000,,,0,1,1,1,0,1,0.000000,140,7051,1,0,1,1,0,1,0,1122443910,43,43969,1231330101,31,0,-1.0327442,0.0024487,"[0.8691272139549255,-0.029092976823449135,0.01961098425090313,-0.4933426082134247]","[-0.002612949814647436,0.002141867997124791,0.0024487320333719254]","[0.026135999709367752,-0.6925410032272339,9.691862106323242]",0.0002057,2.016,"[0.0,0.0,0.0,0.0]","[0.0,0.0,0.0,0.0,0.0,0.0,0.0,0.0]","[0.0,0.0,0.0,0.0,0.0,0.0,0.0,0.0]",0,1,1
2026-08-11T10:25:34.734178+00:00,1231330.201116,disarmed_link,0.0000000,0.0000000,0.0000000,0.0000000,,,0,1,1,1,0,1,0.000000,141,7101,1,0,1,1,0,1,0,1122443910,43,43969,1231330101,31,0,-1.0327436,0.0024635,"[0.8691268563270569,-0.02910696528851986,0.019610973075032234,-0.4933423697948456]","[-0.003838589880615473,0.0009020559955388308,0.0024634625297039747]","[0.0261439997702837,-0.6876569986343384,9.696586608886719]",0.0001865,1.828,"[0.0,0.0,0.0,0.0]","[0.0,0.0,0.0,0.0,0.0,0.0,0.0,0.0]","[0.0,0.0,0.0,0.0,0.0,0.0,0.0,0.0]",0,1,1
2026-08-11T10:25:34.783918+00:00,1231330.251106,disarmed_link,0.0000000,0.0000000,0.0000000,0.0000000,,,0,1,1,1,0,1,0.000000,142,7151,1,0,1,1,0,1,0,1122443910,43,43969,1231330101,31,0,-1.0327345,0.0012418,"[0.8691284656524658,-0.02912699244916439,0.019624993205070496,-0.49333783984184265]","[-0.0036337580531835556,0.0008853182662278414,0.0012417843099683523]","[-0.023326000198721886,-0.6948609948158264,9.734505653381348]",0.0001865,1.828,"[0.0,0.0,0.0,0.0]","[0.0,0.0,0.0,0.0,0.0,0.0,0.0,0.0]","[0.0,0.0,0.0,0.0,0.0,0.0,0.0,0.0]",0,1,1
2026-08-11T10:25:34.833768+00:00,1231330.301138,disarmed_link,0.0000000,0.0000000,0.0000000,0.0000000,,,0,1,1,1,0,1,0.000000,143,7201,1,0,1,1,0,1,0,1122443910,43,43969,1231330101,31,0,-1.0327491,0.0000250,"[0.8691245913505554,-0.029135990887880325,0.019632995128631592,-0.49334388971328735]","[-0.0026167896576225758,0.0008633271208964288,2.5028020900208503e-05]","[-0.05767500028014183,-0.6956470012664795,9.777301788330078]",0.0001451,1.422,"[0.0,0.0,0.0,0.0]","[0.0,0.0,0.0,0.0,0.0,0.0,0.0,0.0]","[0.0,0.0,0.0,0.0,0.0,0.0,0.0,0.0]",0,1,1
2026-08-11T10:25:34.884708+00:00,1231330.351114,disarmed_link,0.0000000,0.0000000,0.0000000,0.0000000,,,0,1,1,1,0,1,0.000000,144,7251,1,0,1,1,0,1,0,1122443910,47,30836,1231330301,32,0,-1.0327548,0.0012406,"[0.8691231608390808,-0.029134996235370636,0.01964399963617325,-0.4933459758758545]","[-0.002005784772336483,0.0014986619353294373,0.0012405626475811005]","[-0.06962600350379944,-0.6856409907341003,9.79860782623291]",0.0001451,1.422,"[0.0,0.0,0.0,0.0]","[0.0,0.0,0.0,0.0,0.0,0.0,0.0,0.0]","[0.0,0.0,0.0,0.0,0.0,0.0,0.0,0.0]",0,1,1
2026-08-11T10:25:34.933850+00:00,1231330.401109,disarmed_link,0.0000000,0.0000000,0.0000000,0.0000000,,,0,1,1,1,0,1,0.000000,145,7301,1,0,1,1,0,1,0,1122443910,47,30836,1231330301,32,0,-1.0327482,0.0012369,"[0.8691256642341614,-0.029108988121151924,0.0196519922465086,-0.4933428168296814]","[-0.0007838798337616026,0.0021146410144865513,0.0012368973111733794]","[-0.08877100050449371,-0.6877380013465881,9.812810897827148]",0.0000973,0.953,"[0.0,0.0,0.0,0.0]","[0.0,0.0,0.0,0.0,0.0,0.0,0.0,0.0]","[0.0,0.0,0.0,0.0,0.0,0.0,0.0,0.0]",0,1,1
2026-08-11T10:25:34.983744+00:00,1231330.451106,disarmed_link,0.0000000,0.0000000,0.0000000,0.0000000,,,0,1,1,1,0,1,0.000000,146,7351,1,0,1,1,0,1,0,1122443910,47,30836,1231330301,32,0,-1.0327650,0.0012295,"[0.8691221475601196,-0.02908497489988804,0.019668981432914734,-0.4933495819568634]","[-0.0020020497031509876,0.0021225123200565577,0.0012295146007090807]","[-0.09590499848127365,-0.6804159879684448,9.817419052124023]",0.0000973,0.953,"[0.0,0.0,0.0,0.0]","[0.0,0.0,0.0,0.0,0.0,0.0,0.0,0.0]","[0.0,0.0,0.0,0.0,0.0,0.0,0.0,0.0]",0,1,1
2026-08-11T10:25:35.033705+00:00,1231330.501102,disarmed_link,0.0000000,0.0000000,0.0000000,0.0000000,,,0,1,1,1,0,1,0.000000,147,7401,1,0,1,1,0,1,0,1122443910,50,55169,1231330451,33,0,-1.0327778,0.0024524,"[0.8691196441650391,-0.029066985473036766,0.019678989425301552,-0.4933547377586365]","[-0.002003865083679557,0.002137923613190651,0.002452414482831955]","[-0.12061399966478348,-0.6980760097503662,9.808598518371582]",0.0001116,1.094,"[0.0,0.0,0.0,0.0]","[0.0,0.0,0.0,0.0,0.0,0.0,0.0,0.0]","[0.0,0.0,0.0,0.0,0.0,0.0,0.0,0.0]",0,1,1
2026-08-11T10:25:35.084208+00:00,1231330.551108,disarmed_link,0.0000000,0.0000000,0.0000000,0.0000000,,,0,1,1,1,0,1,0.000000,148,7451,1,0,1,1,0,1,0,1122443910,50,55169,1231330451,33,0,-1.0327936,0.0024782,"[0.8691161274909973,-0.029054978862404823,0.019678985700011253,-0.4933616518974304]","[-0.0032332399860024452,0.000274278485449031,0.002478210488334298]","[-0.1436759978532791,-0.6848239898681641,9.828927040100098]",0.0001116,1.094,"[0.0,0.0,0.0,0.0]","[0.0,0.0,0.0,0.0,0.0,0.0,0.0,0.0]","[0.0,0.0,0.0,0.0,0.0,0.0,0.0,0.0]",0,1,1
2026-08-11T10:25:35.133802+00:00,1231330.601162,disarmed_link,0.0000000,0.0000000,0.0000000,0.0000000,,,0,1,1,1,0,1,0.000000,149,7501,1,0,1,1,0,1,0,1122443910,52,7773,1231330551,34,0,-1.0328076,0.0012295,"[0.8691137433052063,-0.02902398258447647,0.0196789912879467,-0.4933677613735199]","[-0.0020020497031509876,0.0021225123200565577,0.0012295146007090807]","[-0.14361199736595154,-0.6826379895210266,9.81450366973877]",0.0000614,0.602,"[0.0,0.0,0.0,0.0]","[0.0,0.0,0.0,0.0,0.0,0.0,0.0,0.0]","[0.0,0.0,0.0,0.0,0.0,0.0,0.0,0.0]",0,1,1
2026-08-11T10:25:35.183841+00:00,1231330.651112,disarmed_link,0.0000000,0.0000000,0.0000000,0.0000000,,,0,1,1,1,0,1,0.000000,150,7551,1,0,1,1,0,1,0,1122443910,52,7773,1231330551,34,0,-1.0328501,0.0012553,"[0.8691040277481079,-0.028997980058193207,0.01966998726129532,-0.4933866560459137]","[0.0004305378533899784,0.001482936437241733,0.001255345530807972]","[-0.13648200035095215,-0.6874819993972778,9.814657211303711]",0.0000614,0.602,"[0.0,0.0,0.0,0.0]","[0.0,0.0,0.0,0.0,0.0,0.0,0.0,0.0]","[0.0,0.0,0.0,0.0,0.0,0.0,0.0,0.0]",0,1,1
2026-08-11T10:25:35.233808+00:00,1231330.701191,disarmed_link,0.0000000,0.0000000,0.0000000,0.0000000,,,0,1,1,1,0,1,0.000000,151,7601,1,0,1,1,0,1,0,1122443910,52,7773,1231330551,34,0,-1.0328685,0.0012701,"[0.8691005706787109,-0.028965987265110016,0.019666990265250206,-0.49339479207992554]","[-0.0007950847502797842,0.00024312437744811177,0.0012700761435553432]","[-0.13165700435638428,-0.6852819919586182,9.80268669128418]",0.0001419,1.391,"[0.0,0.0,0.0,0.0]","[0.0,0.0,0.0,0.0,0.0,0.0,0.0,0.0]","[0.0,0.0,0.0,0.0,0.0,0.0,0.0,0.0]",0,1,1
2026-08-11T10:25:35.284309+00:00,1231330.751107,disarmed_link,0.0000000,0.0000000,0.0000000,0.0000000,,,0,1,1,1,0,1,0.000000,152,7651,1,0,1,1,0,1,0,1122443910,55,56235,1231330701,35,0,-1.0329033,0.0006807,"[0.8690924048423767,-0.02895297296345234,0.019651981070637703,-0.49341055750846863]","[-0.0008016471983864903,-0.0010122561361640692,0.0006807307945564389]","[-0.12203899770975113,-0.6758139729499817,9.795459747314453]",0.0001419,1.391,"[0.0,0.0,0.0,0.0]","[0.0,0.0,0.0,0.0,0.0,0.0,0.0,0.0]","[0.0,0.0,0.0,0.0,0.0,0.0,0.0,0.0]",0,1,1
2026-08-11T10:25:35.333719+00:00,1231330.801103,disarmed_link,0.0000000,0.0000000,0.0000000,0.0000000,,,0,1,1,1,0,1,0.000000,153,7701,1,0,1,1,0,1,0,1122443910,55,56235,1231330701,35,0,-1.0329156,0.0012590,"[0.8690904974937439,-0.028919991105794907,0.019625991582870483,-0.4934168756008148]","[-0.0007913497393019497,0.000866957358084619,0.0012590107508003712]","[-0.07258199900388718,-0.6767500042915344,9.749666213989258]",0.0001913,1.875,"[0.0,0.0,0.0,0.0]","[0.0,0.0,0.0,0.0,0.0,0.0,0.0,0.0]","[0.0,0.0,0.0,0.0,0.0,0.0,0.0,0.0]",0,1,1
2026-08-11T10:25:35.384372+00:00,1231330.851224,disarmed_link,0.0000000,0.0000000,0.0000000,0.0000000,,,0,1,1,1,0,1,0.000000,154,7751,1,0,1,1,0,1,0,1122443910,55,56235,1231330701,35,0,-1.0329276,0.0000582,"[0.8690878748893738,-0.028907982632517815,0.019612986594438553,-0.49342265725135803]","[-0.000797004671767354,-0.00039611992542631924,5.8224188251188025e-05]","[-0.038210999220609665,-0.677702009677887,9.698100090026855]",0.0001714,1.680,"[0.0,0.0,0.0,0.0]","[0.0,0.0,0.0,0.0,0.0,0.0,0.0,0.0]","[0.0,0.0,0.0,0.0,0.0,0.0,0.0,0.0]",0,1,1
2026-08-11T10:25:35.433777+00:00,1231330.901158,disarmed_link,0.0000000,0.0000000,0.0000000,0.0000000,,,0,1,1,1,0,1,0.000000,155,7801,1,0,1,1,0,1,0,1122443910,55,56235,1231330701,35,0,-1.0329390,0.0012516,"[0.8690861463546753,-0.028876978904008865,0.019584985449910164,-0.49342864751815796]","[-0.0020095198415219784,0.0008748288964852691,0.0012516280403360724]","[-0.00722600007429719,-0.6851339936256409,9.693768501281738]",0.0001714,1.680,"[0.0,0.0,0.0,0.0]","[0.0,0.0,0.0,0.0,0.0,0.0,0.0,0.0]","[0.0,0.0,0.0,0.0,0.0,0.0,0.0,0.0]",0,1,1
2026-08-11T10:25:35.483980+00:00,1231330.951160,disarmed_link,0.0000000,0.0000000,0.0000000,0.0000000,,,0,1,1,1,0,1,0.000000,156,7851,1,0,1,1,0,1,0,1122443910,59,30857,1231330901,36,0,-1.0329587,0.0012811,"[0.8690817952156067,-0.028861984610557556,0.01957198977470398,-0.4934377372264862]","[-0.0007988197612576187,-0.0003807086613960564,0.0012811415363103151]","[-0.009517000056803226,-0.6756849884986877,9.681609153747559]",0.0001698,1.664,"[0.0,0.0,0.0,0.0]","[0.0,0.0,0.0,0.0,0.0,0.0,0.0,0.0]","[0.0,0.0,0.0,0.0,0.0,0.0,0.0,0.0]",0,1,1
2026-08-11T10:25:35.533780+00:00,1231331.001180,disarmed_link,0.0000000,0.0000000,0.0000000,0.0000000,,,0,1,1,1,0,1,0.000000,157,7901,1,0,1,1,0,1,0,1122443910,59,30857,1231330901,36,0,-1.0329618,0.0012811,"[0.8690821528434753,-0.028828978538513184,0.019531985744833946,-0.4934406280517578]","[-0.0007988197612576187,-0.0003807086613960564,0.0012811415363103151]","[0.009610000066459179,-0.6685940027236938,9.679326057434082]",0.0001698,1.664,"[0.0,0.0,0.0,0.0]","[0.0,0.0,0.0,0.0,0.0,0.0,0.0,0.0]","[0.0,0.0,0.0,0.0,0.0,0.0,0.0,0.0]",0,1,1
2026-08-11T10:25:35.583839+00:00,1231331.051102,disarmed_link,0.0000000,0.0000000,0.0000000,0.0000000,,,0,1,1,1,0,1,0.000000,158,7951,1,0,1,1,0,1,0,1122443910,61,46549,1231331001,37,0,-1.0329714,0.0012405,"[0.8690804839134216,-0.02881099283695221,0.019502993673086166,-0.49344584345817566]","[-0.003836774965748191,0.0008866272983141243,0.0012405451852828264]","[0.026305999606847763,-0.6735910177230835,9.672394752502441]",0.0001969,1.930,"[0.0,0.0,0.0,0.0]","[0.0,0.0,0.0,0.0,0.0,0.0,0.0,0.0]","[0.0,0.0,0.0,0.0,0.0,0.0,0.0,0.0]",0,1,1
2026-08-11T10:25:35.633702+00:00,1231331.101103,disarmed_link,0.0000000,0.0000000,0.0000000,0.0000000,,,0,1,1,1,0,1,0.000000,159,8001,1,0,1,1,0,1,0,1122443910,62,28048,1231331051,38,0,-1.0329727,0.0016666,"[0.8690799474716187,-0.028813980519771576,0.019496986642479897,-0.4934466779232025]","[-0.002012609038501978,0.0004640656115952879,0.0016666323645040393]","[0.019845999777317047,-0.6813349723815918,9.68842601776123]",0.0001969,1.930,"[0.0,0.0,0.0,0.0]","[0.0,0.0,0.0,0.0,0.0,0.0,0.0,0.0]","[0.0,0.0,0.0,0.0,0.0,0.0,0.0,0.0]",0,1,1
2026-08-11T10:25:35.684152+00:00,1231331.151161,disarmed_link,0.0000000,0.0000000,0.0000000,0.0000000,,,0,1,1,1,0,1,0.000000,160,8051,1,0,1,1,0,1,0,1122443910,62,28048,1231331051,38,0,-1.0329732,0.0012553,"[0.8690799474716187,-0.02881198190152645,0.019475987181067467,-0.4934476613998413]","[-0.0032314248383045197,0.0002588497882243246,0.0012552932603284717]","[0.006953000091016293,-0.6821720004081726,9.73466682434082]",0.0001897,1.859,"[0.0,0.0,0.0,0.0]","[0.0,0.0,0.0,0.0,0.0,0.0,0.0,0.0]","[0.0,0.0,0.0,0.0,0.0,0.0,0.0,0.0]",0,1,1
2026-08-11T10:25:35.733671+00:00,1231331.201100,disarmed_link,0.0000000,0.0000000,0.0000000,0.0000000,,,0,1,1,1,0,1,0.000000,161,8101,1,0,1,1,0,1,0,1122443910,64,398,1231331151,39,0,-1.0329628,0.0024745,"[0.869082510471344,-0.028811972588300705,0.019466981291770935,-0.49344348907470703]","[-0.0020113347563892603,0.0008902400732040405,0.0024745280388742685]","[0.0069989999756217,-0.6799129843711853,9.725038528442383]",0.0001897,1.859,"[0.0,0.0,0.0,0.0]","[0.0,0.0,0.0,0.0,0.0,0.0,0.0,0.0]","[0.0,0.0,0.0,0.0,0.0,0.0,0.0,0.0]",0,1,1
2026-08-11T10:25:35.784259+00:00,1231331.251187,disarmed_link,0.0000000,0.0000000,0.0000000,0.0000000,,,0,1,1,1,0,1,0.000000,162,8151,1,0,1,1,0,1,0,1122443910,65,15862,1231331201,40,0,-1.0329558,0.0018815,"[0.8690841794013977,-0.02881699614226818,0.01945199817419052,-0.4934409558773041]","[-0.000795992324128747,0.000250838726060465,0.0018815349321812391]","[-0.00019700000120792538,-0.6796969771385193,9.736947059631348]",0.0002017,1.977,"[0.0,0.0,0.0,0.0]","[0.0,0.0,0.0,0.0,0.0,0.0,0.0,0.0]","[0.0,0.0,0.0,0.0,0.0,0.0,0.0,0.0]",0,1,1
2026-08-11T10:25:35.833701+00:00,1231331.301101,disarmed_link,0.0000000,0.0000000,0.0000000,0.0000000,,,0,1,1,1,0,1,0.000000,163,8201,1,0,1,1,0,1,0,1122443910,66,22808,1231331251,41,0,-1.0329738,0.0018446,"[0.8690798282623291,-0.028812985867261887,0.01945398934185505,-0.49344873428344727]","[-0.0032248625066131353,0.0015142477350309491,0.0018446386093273759]","[-0.019368000328540802,-0.6816840171813965,9.758345603942871]",0.0002017,1.977,"[0.0,0.0,0.0,0.0]","[0.0,0.0,0.0,0.0,0.0,0.0,0.0,0.0]","[0.0,0.0,0.0,0.0,0.0,0.0,0.0,0.0]",0,1,1
2026-08-11T10:25:35.883950+00:00,1231331.351164,disarmed_link,0.0000000,0.0000000,0.0000000,0.0000000,,,0,1,1,1,0,1,0.000000,164,8251,1,0,1,1,0,1,0,1122443910,66,22808,1231331251,41,0,-1.0329951,0.0024647,"[0.8690739870071411,-0.028827982023358345,0.01946498267352581,-0.4934576451778412]","[-0.0024148898664861917,0.001308770035393536,0.0024647016543895006]","[-0.061636000871658325,-0.6809279918670654,9.794631958007812]",0.0002360,2.312,"[0.0,0.0,0.0,0.0]","[0.0,0.0,0.0,0.0,0.0,0.0,0.0,0.0]","[0.0,0.0,0.0,0.0,0.0,0.0,0.0,0.0]",0,1,1
2026-08-11T10:25:35.933829+00:00,1231331.401168,disarmed_link,0.0000000,0.0000000,0.0000000,0.0000000,,,0,1,1,1,0,1,0.000000,165,8301,1,0,1,1,0,1,0,1122443910,66,22808,1231331251,41,0,-1.0329915,0.0012479,"[0.8690745830535889,-0.0288389865309,0.01947099156677723,-0.49345579743385315]","[-0.0026186048053205013,0.0008787558763287961,0.0012479278957471251]","[-0.11019899696111679,-0.6755030155181885,9.819581031799316]",0.0001834,1.797,"[0.0,0.0,0.0,0.0]","[0.0,0.0,0.0,0.0,0.0,0.0,0.0,0.0]","[0.0,0.0,0.0,0.0,0.0,0.0,0.0,0.0]",0,1,1
2026-08-11T10:25:35.983871+00:00,1231331.451185,disarmed_link,0.0000000,0.0000000,0.0000000,0.0000000,,,0,1,1,1,0,1,0.000000,166,8351,1,0,1,1,0,1,0,1122443910,69,19221,1231331401,42,0,-1.0330169,0.0012295,"[0.8690678477287292,-0.02885398454964161,0.019472988322377205,-0.49346673488616943]","[-0.0020020497031509876,0.0021225123200565577,0.0012295146007090807]","[-0.11984100192785263,-0.6897810101509094,9.826876640319824]",0.0001834,1.797,"[0.0,0.0,0.0,0.0]","[0.0,0.0,0.0,0.0,0.0,0.0,0.0,0.0]","[0.0,0.0,0.0,0.0,0.0,0.0,0.0,0.0]",0,1,1
2026-08-11T10:25:36.033791+00:00,1231331.501163,disarmed_link,0.0000000,0.0000000,0.0000000,0.0000000,,,0,1,1,1,0,1,0.000000,167,8401,1,0,1,1,0,1,0,1122443910,70,12283,1231331451,43,0,-1.0330429,0.0012405,"[0.869060754776001,-0.0288739874958992,0.0194809902459383,-0.4934777319431305]","[-0.003836774965748191,0.0008866272983141243,0.0012405451852828264]","[-0.1340930014848709,-0.6752089858055115,9.831296920776367]",0.0001586,1.555,"[0.0,0.0,0.0,0.0]","[0.0,0.0,0.0,0.0,0.0,0.0,0.0,0.0]","[0.0,0.0,0.0,0.0,0.0,0.0,0.0,0.0]",0,1,1
2026-08-11T10:25:36.084012+00:00,1231331.551167,disarmed_link,0.0000000,0.0000000,0.0000000,0.0000000,,,0,1,1,1,0,1,0.000000,168,8451,1,0,1,1,0,1,0,1122443910,71,27817,1231331501,44,0,-1.0330503,0.0006217,"[0.8690585494041443,-0.02888396941125393,0.019491979852318764,-0.49348050355911255]","[-0.0032230473589152098,0.0014988190960139036,0.0006217386689968407]","[-0.12458600103855133,-0.6800270080566406,9.833874702453613]",0.0001586,1.555,"[0.0,0.0,0.0,0.0]","[0.0,0.0,0.0,0.0,0.0,0.0,0.0,0.0]","[0.0,0.0,0.0,0.0,0.0,0.0,0.0,0.0]",0,1,1
2026-08-11T10:25:36.134428+00:00,1231331.601167,disarmed_link,0.0000000,0.0000000,0.0000000,0.0000000,,,0,1,1,1,0,1,0.000000,169,8501,1,0,1,1,0,1,0,1122443910,72,57212,1231331551,45,0,-1.0330704,0.0012442,"[0.8690530061721802,-0.028900979086756706,0.019507985562086105,-0.4934886693954468]","[-0.003227690001949668,0.0008827003184705973,0.0012442453298717737]","[-0.1365630030632019,-0.6895939707756042,9.833878517150879]",0.0001228,1.203,"[0.0,0.0,0.0,0.0]","[0.0,0.0,0.0,0.0,0.0,0.0,0.0,0.0]","[0.0,0.0,0.0,0.0,0.0,0.0,0.0,0.0]",0,1,1
2026-08-11T10:25:36.184925+00:00,1231331.651197,disarmed_link,0.0000000,0.0000000,0.0000000,0.0000000,,,0,1,1,1,0,1,0.000000,170,8551,1,0,1,1,0,1,0,1122443910,72,57212,1231331551,45,0,-1.0330861,0.0000091,"[0.8690484762191772,-0.028919970616698265,0.019533980637788773,-0.4934944808483124]","[-0.00281484960578382,0.0016964426031336188,9.058258910954464e-06]","[-0.11570999771356583,-0.6806299686431885,9.797204971313477]",0.0001228,1.203,"[0.0,0.0,0.0,0.0]","[0.0,0.0,0.0,0.0,0.0,0.0,0.0,0.0]","[0.0,0.0,0.0,0.0,0.0,0.0,0.0,0.0]",0,1,1
2026-08-11T10:25:36.234118+00:00,1231331.701158,disarmed_link,0.0000000,0.0000000,0.0000000,0.0000000,,,0,1,1,1,0,1,0.000000,171,8601,1,0,1,1,0,1,0,1122443910,74,36122,1231331652,46,0,-1.0330862,0.0024819,"[0.8690476417541504,-0.028944969177246094,0.019561979919672012,-0.4934934675693512]","[-0.004455145448446274,-0.000341683131409809,0.002481875941157341]","[-0.0885239988565445,-0.6838809847831726,9.750387191772461]",0.0000765,0.750,"[0.0,0.0,0.0,0.0]","[0.0,0.0,0.0,0.0,0.0,0.0,0.0,0.0]","[0.0,0.0,0.0,0.0,0.0,0.0,0.0,0.0]",0,1,1
2026-08-11T10:25:36.284602+00:00,1231331.751229,disarmed_link,0.0000000,0.0000000,0.0000000,0.0000000,,,0,1,1,1,0,1,0.000000,172,8651,1,0,1,1,0,1,0,1122443910,75,46610,1231331701,47,0,-1.0331080,0.0024746,"[0.8690419793128967,-0.028950979933142662,0.01956898719072342,-0.493502676486969]","[-0.00018034488311968744,0.0015022922307252884,0.002474562730640173]","[-0.0861010029911995,-0.6717550158500671,9.75743293762207]",0.0000765,0.750,"[0.0,0.0,0.0,0.0]","[0.0,0.0,0.0,0.0,0.0,0.0,0.0,0.0]","[0.0,0.0,0.0,0.0,0.0,0.0,0.0,0.0]",0,1,1
2026-08-11T10:25:36.334354+00:00,1231331.801163,disarmed_link,0.0000000,0.0000000,0.0000000,0.0000000,,,0,1,1,1,0,1,0.000000,173,8701,1,0,1,1,0,1,0,1122443910,76,16454,1231331752,48,0,-1.0331285,0.0012405,"[0.8690367937088013,-0.02895498462021351,0.01959298923611641,-0.49351072311401367]","[-0.003836774965748191,0.0008866272983141243,0.0012405451852828264]","[-0.07644099742174149,-0.6673920154571533,9.731091499328613]",0.0000614,0.602,"[0.0,0.0,0.0,0.0]","[0.0,0.0,0.0,0.0,0.0,0.0,0.0,0.0]","[0.0,0.0,0.0,0.0,0.0,0.0,0.0,0.0]",0,1,1
2026-08-11T10:25:36.384812+00:00,1231331.851177,disarmed_link,0.0000000,0.0000000,0.0000000,0.0000000,,,0,1,1,1,0,1,0.000000,174,8751,1,0,1,1,0,1,0,1122443910,77,44156,1231331801,49,0,-1.0331199,0.0012664,"[0.8690391182899475,-0.028948979452252388,0.019600987434387207,-0.49350664019584656]","[-0.0032351596746593714,-0.0003649658174254,0.0012663586530834436]","[-0.05501300096511841,-0.684548020362854,9.717198371887207]",0.0000614,0.602,"[0.0,0.0,0.0,0.0]","[0.0,0.0,0.0,0.0,0.0,0.0,0.0,0.0]","[0.0,0.0,0.0,0.0,0.0,0.0,0.0,0.0]",0,1,1
2026-08-11T10:25:36.434815+00:00,1231331.901184,disarmed_link,0.0000000,0.0000000,0.0000000,0.0000000,,,0,1,1,1,0,1,0.000000,175,8801,1,0,1,1,0,1,0,1122443910,77,44156,1231331801,49,0,-1.0331464,0.0012590,"[0.8690322637557983,-0.0289559755474329,0.01961798407137394,-0.49351757764816284]","[-0.0026223398745059967,0.00025492277927696705,0.0012589932885020971]","[-0.04062199965119362,-0.6775810122489929,9.705268859863281]",0.0000725,0.711,"[0.0,0.0,0.0,0.0]","[0.0,0.0,0.0,0.0,0.0,0.0,0.0,0.0]","[0.0,0.0,0.0,0.0,0.0,0.0,0.0,0.0]",0,1,1
2026-08-11T10:25:36.484833+00:00,1231331.951182,disarmed_link,0.0000000,0.0000000,0.0000000,0.0000000,,,0,1,1,1,0,1,0.000000,176,8851,1,0,1,1,0,1,0,1122443910,77,44156,1231331801,49,0,-1.0331502,0.0008735,"[0.8690310120582581,-0.02896597981452942,0.01963098719716072,-0.4935186803340912]","[-0.0007982089300639927,-0.00038583995774388313,0.000873502460308373]","[-0.004046999849379063,-0.685962975025177,9.69301700592041]",0.0000710,0.695,"[0.0,0.0,0.0,0.0]","[0.0,0.0,0.0,0.0,0.0,0.0,0.0,0.0]","[0.0,0.0,0.0,0.0,0.0,0.0,0.0,0.0]",0,1,1
2026-08-11T10:25:36.534770+00:00,1231332.001122,disarmed_link,0.0000000,0.0000000,0.0000000,0.0000000,,,0,1,1,1,0,1,0.000000,177,8901,1,0,1,1,0,1,0,1122443910,77,44156,1231331801,49,0,-1.0331444,0.0006697,"[0.8690323829650879,-0.02896997518837452,0.019619982689619064,-0.49351656436920166]","[-0.0007979121874086559,-0.0003884230391122401,0.0006696828058920801]","[0.028630999848246574,-0.6782659888267517,9.682085990905762]",0.0000710,0.695,"[0.0,0.0,0.0,0.0]","[0.0,0.0,0.0,0.0,0.0,0.0,0.0,0.0]","[0.0,0.0,0.0,0.0,0.0,0.0,0.0,0.0]",0,1,1
2026-08-11T10:25:36.584855+00:00,1231332.051180,disarmed_link,0.0000000,0.0000000,0.0000000,0.0000000,,,0,1,1,1,0,1,0.000000,178,8951,1,0,1,1,0,1,0,1122443910,81,30040,1231332002,50,0,-1.0331392,0.0012959,"[0.8690332770347595,-0.028979994356632233,0.019630998373031616,-0.49351391196250916]","[-0.0020244598854333162,-0.0016205208376049995,0.0012958720326423645]","[0.0310210008174181,-0.6807559728622437,9.677351951599121]",0.0000909,0.891,"[0.0,0.0,0.0,0.0]","[0.0,0.0,0.0,0.0,0.0,0.0,0.0,0.0]","[0.0,0.0,0.0,0.0,0.0,0.0,0.0,0.0]",0,1,1
2026-08-11T10:25:36.634842+00:00,1231332.101180,disarmed_link,0.0000000,0.0000000,0.0000000,0.0000000,,,0,1,1,1,0,1,0.000000,179,9001,1,0,1,1,0,1,0,1122443910,82,5110,1231332052,51,0,-1.0331519,0.0006439,"[0.8690292835235596,-0.02900497242808342,0.019626980647444725,-0.49351954460144043]","[-0.003230517031624913,0.0002511354396119714,0.0006438519922085106]","[0.035735998302698135,-0.6829999685287476,9.689433097839355]",0.0000909,0.891,"[0.0,0.0,0.0,0.0]","[0.0,0.0,0.0,0.0,0.0,0.0,0.0,0.0]","[0.0,0.0,0.0,0.0,0.0,0.0,0.0,0.0]",0,1,1
2026-08-11T10:25:36.684764+00:00,1231332.151216,disarmed_link,0.0000000,0.0000000,0.0000000,0.0000000,,,0,1,1,1,0,1,0.000000,180,9051,1,0,1,1,0,1,0,1122443910,83,6427,1231332102,52,0,-1.0331357,0.0012627,"[0.869033694267273,-0.028994986787438393,0.01964499056339264,-0.49351179599761963]","[-0.00201325467787683,0.00025097833713516593,0.0012626933166757226]","[0.0333079993724823,-0.6877260208129883,9.694272994995117]",0.0001387,1.359,"[0.0,0.0,0.0,0.0]","[0.0,0.0,0.0,0.0,0.0,0.0,0.0,0.0]","[0.0,0.0,0.0,0.0,0.0,0.0,0.0,0.0]",0,1,1
2026-08-11T10:25:36.734855+00:00,1231332.201186,disarmed_link,0.0000000,0.0000000,0.0000000,0.0000000,,,0,1,1,1,0,1,0.000000,181,9101,1,0,1,1,0,1,0,1122443910,84,16999,1231332152,53,0,-1.0331632,0.0006807,"[0.8690261840820312,-0.029015975072979927,0.01964898593723774,-0.49352359771728516]","[-0.0008016471983864903,-0.0010122561361640692,0.0006807307945564389]","[0.02137400023639202,-0.6876350045204163,9.696532249450684]",0.0001387,1.359,"[0.0,0.0,0.0,0.0]","[0.0,0.0,0.0,0.0,0.0,0.0,0.0,0.0]","[0.0,0.0,0.0,0.0,0.0,0.0,0.0,0.0]",0,1,1
2026-08-11T10:25:36.784480+00:00,1231332.251196,disarmed_link,0.0000000,0.0000000,0.0000000,0.0000000,,,0,1,1,1,0,1,0.000000,182,9151,1,0,1,1,0,1,0,1122443910,84,16999,1231332152,53,0,-1.0331666,0.0006217,"[0.8690251708030701,-0.029019976034760475,0.019661985337734222,-0.49352461099624634]","[-0.0032230473589152098,0.0014988190960139036,0.0006217386689968407]","[-0.038534000515937805,-0.6910709738731384,9.767858505249023]",0.0002121,2.078,"[0.0,0.0,0.0,0.0]","[0.0,0.0,0.0,0.0,0.0,0.0,0.0,0.0]","[0.0,0.0,0.0,0.0,0.0,0.0,0.0,0.0]",0,1,1
2026-08-11T10:25:36.834496+00:00,1231332.301166,disarmed_link,0.0000000,0.0000000,0.0000000,0.0000000,,,0,1,1,1,0,1,0.000000,183,9201,1,0,1,1,0,1,0,1122443910,86,39039,1231332251,54,0,-1.0331838,0.0006070,"[0.869020938873291,-0.029018979519605637,0.01967298425734043,-0.4935316741466522]","[-0.0019974070601165295,0.002738631097599864,0.0006070081144571304]","[-0.06000399962067604,-0.6835730075836182,9.779496192932129]",0.0002121,2.078,"[0.0,0.0,0.0,0.0]","[0.0,0.0,0.0,0.0,0.0,0.0,0.0,0.0]","[0.0,0.0,0.0,0.0,0.0,0.0,0.0,0.0]",0,1,1
2026-08-11T10:25:36.884851+00:00,1231332.351178,disarmed_link,0.0000000,0.0000000,0.0000000,0.0000000,,,0,1,1,1,0,1,0.000000,184,9251,1,0,1,1,0,1,0,1122443910,87,51886,1231332302,55,0,-1.0332041,0.0012406,"[0.8690154552459717,-0.029031971469521523,0.019671984016895294,-0.49354052543640137]","[-0.002005784772336483,0.0014986619353294373,0.0012405626475811005]","[-0.060072001069784164,-0.6881999969482422,9.791556358337402]",0.0001929,1.891,"[0.0,0.0,0.0,0.0]","[0.0,0.0,0.0,0.0,0.0,0.0,0.0,0.0]","[0.0,0.0,0.0,0.0,0.0,0.0,0.0,0.0]",0,1,1
2026-08-11T10:25:36.935016+00:00,1231332.401182,disarmed_link,0.0000000,0.0000000,0.0000000,0.0000000,,,0,1,1,1,0,1,0.000000,185,9301,1,0,1,1,0,1,0,1122443910,88,16571,1231332352,56,0,-1.0332283,0.0012553,"[0.8690087795257568,-0.02905498445034027,0.01967998966574669,-0.49355074763298035]","[-0.0032314248383045197,0.0002588497882243246,0.0012552932603284717]","[-0.07913699746131897,-0.68818598985672,9.786540031433105]",0.0001929,1.891,"[0.0,0.0,0.0,0.0]","[0.0,0.0,0.0,0.0,0.0,0.0,0.0,0.0]","[0.0,0.0,0.0,0.0,0.0,0.0,0.0,0.0]",0,1,1
2026-08-11T10:25:36.984863+00:00,1231332.451126,disarmed_link,0.0000000,0.0000000,0.0000000,0.0000000,,,0,1,1,1,0,1,0.000000,186,9351,1,0,1,1,0,1,0,1122443910,89,33879,1231332402,57,0,-1.0332561,0.0012516,"[0.8690018653869629,-0.02905598096549511,0.019656987860798836,-0.4935636818408966]","[-0.0020095198415219784,0.0008748288964852691,0.0012516280403360724]","[-0.08624999970197678,-0.6735739707946777,9.795839309692383]",0.0002240,2.195,"[0.0,0.0,0.0,0.0]","[0.0,0.0,0.0,0.0,0.0,0.0,0.0,0.0]","[0.0,0.0,0.0,0.0,0.0,0.0,0.0,0.0]",0,1,1
2026-08-11T10:25:37.034115+00:00,1231332.501199,disarmed_link,0.0000000,0.0000000,0.0000000,0.0000000,,,0,1,1,1,0,1,0.000000,187,9401,1,0,1,1,0,1,0,1122443910,89,33879,1231332402,57,0,-1.0332795,0.0000140,"[0.8689955472946167,-0.029072970151901245,0.019640978425741196,-0.49357447028160095]","[-0.0020027304999530315,0.0016911891289055347,1.3980086805531755e-05]","[-0.11105599999427795,-0.6916329860687256,9.813410758972168]",0.0002184,2.141,"[0.0,0.0,0.0,0.0]","[0.0,0.0,0.0,0.0,0.0,0.0,0.0,0.0]","[0.0,0.0,0.0,0.0,0.0,0.0,0.0,0.0]",0,1,1
2026-08-11T10:25:37.084802+00:00,1231332.551174,disarmed_link,0.0000000,0.0000000,0.0000000,0.0000000,,,0,1,1,1,0,1,0.000000,188,9451,1,0,1,1,0,1,0,1122443910,89,33879,1231332402,57,0,-1.0332886,0.0006291,"[0.8689935207366943,-0.02906898967921734,0.019628992304205894,-0.49357882142066956]","[-0.0038358671590685844,0.0008789129788056016,0.0006291039171628654]","[-0.14124000072479248,-0.6801339983940125,9.821690559387207]",0.0002184,2.141,"[0.0,0.0,0.0,0.0]","[0.0,0.0,0.0,0.0,0.0,0.0,0.0,0.0]","[0.0,0.0,0.0,0.0,0.0,0.0,0.0,0.0]",0,1,1
2026-08-11T10:25:37.134833+00:00,1231332.601179,disarmed_link,0.0000000,0.0000000,0.0000000,0.0000000,,,0,1,1,1,0,1,0.000000,189,9501,1,0,1,1,0,1,0,1122443910,92,37646,1231332552,58,0,-1.0332879,0.0012737,"[0.8689937591552734,-0.029064966365695,0.0196329765021801,-0.49357840418815613]","[-0.0020169897470623255,-0.0003728372394107282,0.0012737413635477424]","[-0.14129899442195892,-0.689719021320343,9.824230194091797]",0.0002798,2.742,"[0.0,0.0,0.0,0.0]","[0.0,0.0,0.0,0.0,0.0,0.0,0.0,0.0]","[0.0,0.0,0.0,0.0,0.0,0.0,0.0,0.0]",0,1,1
2026-08-11T10:25:37.184840+00:00,1231332.651177,disarmed_link,0.0000000,0.0000000,0.0000000,0.0000000,,,0,1,1,1,0,1,0.000000,190,9551,1,0,1,1,0,1,0,1122443910,93,22498,1231332602,59,0,-1.0332801,0.0012516,"[0.8689964413642883,-0.029042992740869522,0.01963699422776699,-0.49357491731643677]","[-0.0020095198415219784,0.0008748288964852691,0.0012516280403360724]","[-0.13160599768161774,-0.6805809736251831,9.795421600341797]",0.0002798,2.742,"[0.0,0.0,0.0,0.0]","[0.0,0.0,0.0,0.0,0.0,0.0,0.0,0.0]","[0.0,0.0,0.0,0.0,0.0,0.0,0.0,0.0]",0,1,1
2026-08-11T10:25:37.234794+00:00,1231332.701177,disarmed_link,0.0000000,0.0000000,0.0000000,0.0000000,,,0,1,1,1,0,1,0.000000,191,9601,1,0,1,1,0,1,0,1122443910,93,22498,1231332602,59,0,-1.0332875,0.0012516,"[0.868994951248169,-0.029029980301856995,0.019650984555482864,-0.49357762932777405]","[-0.0020095198415219784,0.0008748288964852691,0.0012516280403360724]","[-0.12927599251270294,-0.6877350211143494,9.800349235534668]",0.0002184,2.141,"[0.0,0.0,0.0,0.0]","[0.0,0.0,0.0,0.0,0.0,0.0,0.0,0.0]","[0.0,0.0,0.0,0.0,0.0,0.0,0.0,0.0]",0,1,1
2026-08-11T10:25:37.284350+00:00,1231332.751162,disarmed_link,0.0000000,0.0000000,0.0000000,0.0000000,,,0,1,1,1,0,1,0.000000,192,9651,1,0,1,1,0,1,0,1122443910,95,15265,1231332702,60,0,-1.0332829,0.0012406,"[0.868996262550354,-0.029024973511695862,0.019651981070637703,-0.4935755729675293]","[-0.002005784772336483,0.0014986619353294373,0.0012405626475811005]","[-0.11249899864196777,-0.685699999332428,9.78132152557373]",0.0002184,2.141,"[0.0,0.0,0.0,0.0]","[0.0,0.0,0.0,0.0,0.0,0.0,0.0,0.0]","[0.0,0.0,0.0,0.0,0.0,0.0,0.0,0.0]",0,1,1
2026-08-11T10:25:37.334761+00:00,1231332.801180,disarmed_link,0.0000000,0.0000000,0.0000000,0.0000000,,,0,1,1,1,0,1,0.000000,193,9701,1,0,1,1,0,1,0,1122443910,95,15265,1231332702,60,0,-1.0332822,0.0012443,"[0.8689969182014465,-0.029008984565734863,0.019666988402605057,-0.49357473850250244]","[-0.002007023897022009,0.0012907234486192465,0.001244262675754726]","[-0.05981599912047386,-0.6770039796829224,9.73702335357666]",0.0002041,2.000,"[0.0,0.0,0.0,0.0]","[0.0,0.0,0.0,0.0,0.0,0.0,0.0,0.0]","[0.0,0.0,0.0,0.0,0.0,0.0,0.0,0.0]",0,1,1
2026-08-11T10:25:37.384825+00:00,1231332.851177,disarmed_link,0.0000000,0.0000000,0.0000000,0.0000000,,,0,1,1,1,0,1,0.000000,194,9751,1,0,1,1,0,1,0,1122443910,97,57265,1231332802,61,0,-1.0332969,0.0012553,"[0.8689935207366943,-0.029002968221902847,0.019658979028463364,-0.49358147382736206]","[-0.0032314248383045197,0.0002588497882243246,0.0012552932603284717]","[-0.011881000362336636,-0.6733059883117676,9.679147720336914]",0.0002041,2.000,"[0.0,0.0,0.0,0.0]","[0.0,0.0,0.0,0.0,0.0,0.0,0.0,0.0]","[0.0,0.0,0.0,0.0,0.0,0.0,0.0,0.0]",0,1,1
2026-08-11T10:25:37.434908+00:00,1231332.901179,disarmed_link,0.0000000,0.0000000,0.0000000,0.0000000,,,0,1,1,1,0,1,0.000000,195,9801,1,0,1,1,0,1,0,1122443910,97,57265,1231332802,61,0,-1.0333024,0.0018631,"[0.8689926862716675,-0.028984982520341873,0.019662989303469658,-0.4935837388038635]","[0.001651535276323557,0.0021066125482320786,0.0018631215207278728]","[0.011884000152349472,-0.682889997959137,9.689156532287598]",0.0001905,1.867,"[0.0,0.0,0.0,0.0]","[0.0,0.0,0.0,0.0,0.0,0.0,0.0,0.0]","[0.0,0.0,0.0,0.0,0.0,0.0,0.0,0.0]",0,1,1
2026-08-11T10:25:37.484821+00:00,1231332.951173,disarmed_link,0.0000000,0.0000000,0.0000000,0.0000000,,,0,1,1,1,0,1,0.000000,196,9851,1,0,1,1,0,1,0,1122443910,99,7513,1231332902,62,0,-1.0332787,0.0018484,"[0.868999719619751,-0.028950965031981468,0.019662976264953613,-0.4935734272003174]","[-0.0007847872911952436,0.002122355392202735,0.0018483560997992754]","[0.019099000841379166,-0.678259015083313,9.679576873779297]",0.0001905,1.867,"[0.0,0.0,0.0,0.0]","[0.0,0.0,0.0,0.0,0.0,0.0,0.0,0.0]","[0.0,0.0,0.0,0.0,0.0,0.0,0.0,0.0]",0,1,1
2026-08-11T10:25:37.534770+00:00,1231333.001123,disarmed_link,0.0000000,0.0000000,0.0000000,0.0000000,,,0,1,1,1,0,1,0.000000,197,9901,1,0,1,1,0,1,0,1122443910,100,37143,1231332952,63,0,-1.0332665,0.0024635,"[0.8690027594566345,-0.0289479847997427,0.019674988463521004,-0.49356773495674133]","[-0.00017660985758993775,0.0021261253859847784,0.002463497454300523]","[0.02385300025343895,-0.6880490183830261,9.67017936706543]",0.0001706,1.672,"[0.0,0.0,0.0,0.0]","[0.0,0.0,0.0,0.0,0.0,0.0,0.0,0.0]","[0.0,0.0,0.0,0.0,0.0,0.0,0.0,0.0]",0,1,1
2026-08-11T10:25:37.584855+00:00,1231333.051180,disarmed_link,0.0000000,0.0000000,0.0000000,0.0000000,,,0,1,1,1,0,1,0.000000,198,9951,1,0,1,1,0,1,0,1122443910,101,1847,1231333002,64,0,-1.0332788,0.0000767,"[0.8690000176429749,-0.02893797867000103,0.01968698762357235,-0.4935726523399353]","[-0.0014135596575215459,-0.001639876514673233,7.665486191399395e-05]","[0.028613999485969543,-0.6880350112915039,9.672633171081543]",0.0001706,1.672,"[0.0,0.0,0.0,0.0]","[0.0,0.0,0.0,0.0,0.0,0.0,0.0,0.0]","[0.0,0.0,0.0,0.0,0.0,0.0,0.0,0.0]",0,1,1
2026-08-11T10:25:37.634824+00:00,1231333.101179,disarmed_link,0.0000000,0.0000000,0.0000000,0.0000000,,,0,1,1,1,0,1,0.000000,199,10001,1,0,1,1,0,1,0,1122443910,102,46763,1231333052,65,0,-1.0332927,0.0000398,"[0.8689971566200256,-0.028921976685523987,0.0196869857609272,-0.49357864260673523]","[-0.0020114395301789045,0.00023556710220873356,3.9776052290108055e-05]","[-0.005040000192821026,-0.686743974685669,9.746591567993164]",0.0002256,2.211,"[0.0,0.0,0.0,0.0]","[0.0,0.0,0.0,0.0,0.0,0.0,0.0,0.0]","[0.0,0.0,0.0,0.0,0.0,0.0,0.0,0.0]",0,1,1
2026-08-11T10:25:37.684821+00:00,1231333.151186,disarmed_link,0.0000000,0.0000000,0.0000000,0.0000000,,,0,1,1,1,0,1,0.000000,200,10051,1,0,1,1,0,1,0,1122443910,102,46763,1231333052,65,0,-1.0333084,0.0024487,"[0.8689937591552734,-0.02890898659825325,0.019679991528391838,-0.4935857653617859]","[-0.004443940240889788,0.0015298159560188651,0.0024486971087753773]","[-0.021743999794125557,-0.6866300106048584,9.748794555664062]",0.0002248,2.203,"[0.0,0.0,0.0,0.0]","[0.0,0.0,0.0,0.0,0.0,0.0,0.0,0.0]","[0.0,0.0,0.0,0.0,0.0,0.0,0.0,0.0]",0,1,1
2026-08-11T10:25:37.734974+00:00,1231333.201179,disarmed_link,0.0000000,0.0000000,0.0000000,0.0000000,,,0,1,1,1,0,1,0.000000,201,10101,1,0,1,1,0,1,0,1122443910,104,52818,1231333152,66,0,-1.0333042,0.0012701,"[0.8689954280853271,-0.02888697385787964,0.019691981375217438,-0.4935835599899292]","[-0.0007950847502797842,0.00024312437744811177,0.0012700761435553432]","[-0.03852999955415726,-0.6837080121040344,9.777345657348633]",0.0002248,2.203,"[0.0,0.0,0.0,0.0]","[0.0,0.0,0.0,0.0,0.0,0.0,0.0,0.0]","[0.0,0.0,0.0,0.0,0.0,0.0,0.0,0.0]",0,1,1
2026-08-11T10:25:37.783988+00:00,1231333.251156,disarmed_link,0.0000000,0.0000000,0.0000000,0.0000000,,,0,1,1,1,0,1,0.000000,202,10151,1,0,1,1,0,1,0,1122443910,105,56716,1231333202,67,0,-1.0332819,0.0024782,"[0.8690007328987122,-0.02889498509466648,0.01969299279153347,-0.49357375502586365]","[-0.0032332399860024452,0.000274278485449031,0.002478210488334298]","[-0.06485100090503693,-0.6881409883499146,9.793899536132812]",0.0002567,2.516,"[0.0,0.0,0.0,0.0]","[0.0,0.0,0.0,0.0,0.0,0.0,0.0,0.0]","[0.0,0.0,0.0,0.0,0.0,0.0,0.0,0.0]",0,1,1
2026-08-11T10:25:37.834807+00:00,1231333.301175,disarmed_link,0.0000000,0.0000000,0.0000000,0.0000000,,,0,1,1,1,0,1,0.000000,203,10201,1,0,1,1,0,1,0,1122443910,106,5194,1231333251,68,0,-1.0333010,0.0012516,"[0.868995189666748,-0.028917977586388588,0.019705984741449356,-0.4935815930366516]","[-0.0020095198415219784,0.0008748288964852691,0.0012516280403360724]","[-0.08638100326061249,-0.6853070259094238,9.815200805664062]",0.0002567,2.516,"[0.0,0.0,0.0,0.0]","[0.0,0.0,0.0,0.0,0.0,0.0,0.0,0.0]","[0.0,0.0,0.0,0.0,0.0,0.0,0.0,0.0]",0,1,1
2026-08-11T10:25:37.884731+00:00,1231333.351178,disarmed_link,0.0000000,0.0000000,0.0000000,0.0000000,,,0,1,1,1,0,1,0.000000,204,10251,1,0,1,1,0,1,0,1122443910,107,64048,1231333302,69,0,-1.0332905,0.0012271,"[0.8689972758293152,-0.028933973982930183,0.0196909811347723,-0.4935775697231293]","[-0.002408117987215519,0.0021251305006444454,0.0012270536972209811]","[-0.11577499657869339,-0.678708016872406,9.817965507507324]",0.0002216,2.172,"[0.0,0.0,0.0,0.0]","[0.0,0.0,0.0,0.0,0.0,0.0,0.0,0.0]","[0.0,0.0,0.0,0.0,0.0,0.0,0.0,0.0]",0,1,1
2026-08-11T10:25:37.934843+00:00,1231333.401125,disarmed_link,0.0000000,0.0000000,0.0000000,0.0000000,,,0,1,1,1,0,1,0.000000,205,10301,1,0,1,1,0,1,0,1122443910,108,7655,1231333352,70,0,-1.0333030,0.0012405,"[0.8689939975738525,-0.028939979150891304,0.019699987024068832,-0.4935826361179352]","[-0.003836774965748191,0.0008866272983141243,0.0012405451852828264]","[-0.1364780068397522,-0.680118978023529,9.824145317077637]",0.0002216,2.172,"[0.0,0.0,0.0,0.0]","[0.0,0.0,0.0,0.0,0.0,0.0,0.0,0.0]","[0.0,0.0,0.0,0.0,0.0,0.0,0.0,0.0]",0,1,1
2026-08-11T10:25:37.984586+00:00,1231333.451190,disarmed_link,0.0000000,0.0000000,0.0000000,0.0000000,,,0,1,1,1,0,1,0.000000,206,10351,1,0,1,1,0,1,0,1122443910,108,7655,1231333352,70,0,-1.0333385,-0.0000044,"[0.8689847588539124,-0.028952984139323235,0.019709989428520203,-0.49359771609306335]","[-0.0019965171813964844,0.002730916952714324,-4.4331363824312575e-06]","[-0.14357799291610718,-0.6778640151023865,9.81203556060791]",0.0002886,2.828,"[0.0,0.0,0.0,0.0]","[0.0,0.0,0.0,0.0,0.0,0.0,0.0,0.0]","[0.0,0.0,0.0,0.0,0.0,0.0,0.0,0.0]",0,1,1
2026-08-11T10:25:38.033960+00:00,1231333.501170,disarmed_link,0.0000000,0.0000000,0.0000000,0.0000000,,,0,1,1,1,0,1,0.000000,207,10401,1,0,1,1,0,1,0,1122443910,110,23912,1231333452,71,0,-1.0333763,0.0012184,"[0.8689751029014587,-0.02896297723054886,0.019723985344171524,-0.4936136305332184]","[-0.0038293048273772,0.002134310780093074,0.0012184318620711565]","[-0.13399499654769897,-0.6780920028686523,9.800152778625488]",0.0002886,2.828,"[0.0,0.0,0.0,0.0]","[0.0,0.0,0.0,0.0,0.0,0.0,0.0,0.0]","[0.0,0.0,0.0,0.0,0.0,0.0,0.0,0.0]",0,1,1
2026-08-11T10:25:38.084897+00:00,1231333.551188,disarmed_link,0.0000000,0.0000000,0.0000000,0.0000000,,,0,1,1,1,0,1,0.000000,208,10451,1,0,1,1,0,1,0,1122443910,110,23912,1231333452,71,0,-1.0333791,0.0024893,"[0.8689730167388916,-0.029004979878664017,0.019726986065506935,-0.49361464381217957]","[-0.003236974822357297,-0.00034955458249896765,0.002489258535206318]","[-0.11007999628782272,-0.6760159730911255,9.786005020141602]",0.0002918,2.859,"[0.0,0.0,0.0,0.0]","[0.0,0.0,0.0,0.0,0.0,0.0,0.0,0.0]","[0.0,0.0,0.0,0.0,0.0,0.0,0.0,0.0]",0,1,1
2026-08-11T10:25:38.134426+00:00,1231333.601169,disarmed_link,0.0000000,0.0000000,0.0000000,0.0000000,,,0,1,1,1,0,1,0.000000,209,10501,1,0,1,1,0,1,0,1122443910,110,23912,1231333452,71,0,-1.0333647,0.0012405,"[0.8689761757850647,-0.02901899814605713,0.0197369996458292,-0.4936079680919647]","[-0.003836774965748191,0.0008866272983141243,0.0012405451852828264]","[-0.09565799683332443,-0.6765589714050293,9.75499439239502]",0.0002918,2.859,"[0.0,0.0,0.0,0.0]","[0.0,0.0,0.0,0.0,0.0,0.0,0.0,0.0]","[0.0,0.0,0.0,0.0,0.0,0.0,0.0,0.0]",0,1,1
2026-08-11T10:25:38.184576+00:00,1231333.651169,disarmed_link,0.0000000,0.0000000,0.0000000,0.0000000,,,0,1,1,1,0,1,0.000000,210,10551,1,0,1,1,0,1,0,1122443910,113,32172,1231333602,72,0,-1.0333623,0.0012885,"[0.868975818157196,-0.029047982767224312,0.019740991294384003,-0.49360671639442444]","[-0.0020219639409333467,-0.0012046262854710221,0.0012884893221780658]","[-0.048597998917102814,-0.6757940053939819,9.714743614196777]",0.0002408,2.359,"[0.0,0.0,0.0,0.0]","[0.0,0.0,0.0,0.0,0.0,0.0,0.0,0.0]","[0.0,0.0,0.0,0.0,0.0,0.0,0.0,0.0]",0,1,1
2026-08-11T10:25:38.234755+00:00,1231333.701117,disarmed_link,0.0000000,0.0000000,0.0000000,0.0000000,,,0,1,1,1,0,1,0.000000,211,10601,1,0,1,1,0,1,0,1122443910,113,32172,1231333602,72,0,-1.0333560,0.0012664,"[0.8689768314361572,-0.029063984751701355,0.019746990874409676,-0.49360376596450806]","[-0.0032351596746593714,-0.0003649658174254,0.0012663586530834436]","[0.002391000045463443,-0.6805880069732666,9.67941951751709]",0.0002862,2.805,"[0.0,0.0,0.0,0.0]","[0.0,0.0,0.0,0.0,0.0,0.0,0.0,0.0]","[0.0,0.0,0.0,0.0,0.0,0.0,0.0,0.0]",0,1,1
2026-08-11T10:25:38.284788+00:00,1231333.751117,disarmed_link,0.0000000,0.0000000,0.0000000,0.0000000,,,0,1,1,1,0,1,0.000000,212,10651,1,0,1,1,0,1,0,1122443910,115,4591,1231333702,73,0,-1.0333153,0.0012737,"[0.8689865469932556,-0.029072968289256096,0.01973697915673256,-0.4935864508152008]","[-0.0020169897470623255,-0.0003728372394107282,0.0012737413635477424]","[0.023878000676631927,-0.6783180236816406,9.677233695983887]",0.0002862,2.805,"[0.0,0.0,0.0,0.0]","[0.0,0.0,0.0,0.0,0.0,0.0,0.0,0.0]","[0.0,0.0,0.0,0.0,0.0,0.0,0.0,0.0]",0,1,1
2026-08-11T10:25:38.334649+00:00,1231333.801116,disarmed_link,0.0000000,0.0000000,0.0000000,0.0000000,,,0,1,1,1,0,1,0.000000,213,10701,1,0,1,1,0,1,0,1122443910,115,4591,1231333702,73,0,-1.0332930,0.0006438,"[0.8689907193183899,-0.029114987701177597,0.019733991473913193,-0.4935767650604248]","[-0.005061507225036621,-0.0003608817351050675,0.0006438345881178975]","[0.02147199958562851,-0.6806759834289551,9.67963981628418]",0.0002997,2.938,"[0.0,0.0,0.0,0.0]","[0.0,0.0,0.0,0.0,0.0,0.0,0.0,0.0]","[0.0,0.0,0.0,0.0,0.0,0.0,0.0,0.0]",0,1,1
2026-08-11T10:25:38.384864+00:00,1231333.851181,disarmed_link,0.0000000,0.0000000,0.0000000,0.0000000,,,0,1,1,1,0,1,0.000000,214,10751,1,0,1,1,0,1,0,1122443910,115,4591,1231333702,73,0,-1.0332825,0.0012442,"[0.8689925670623779,-0.029138987883925438,0.019742993637919426,-0.49357184767723083]","[-0.003227690001949668,0.0008827003184705973,0.0012442453298717737]","[0.023861000314354897,-0.6880859732627869,9.667781829833984]",0.0002997,2.938,"[0.0,0.0,0.0,0.0]","[0.0,0.0,0.0,0.0,0.0,0.0,0.0,0.0]","[0.0,0.0,0.0,0.0,0.0,0.0,0.0,0.0]",0,1,1
2026-08-11T10:25:38.434613+00:00,1231333.901185,disarmed_link,0.0000000,0.0000000,0.0000000,0.0000000,,,0,1,1,1,0,1,0.000000,215,10801,1,0,1,1,0,1,0,1122443910,118,47645,1231333852,74,0,-1.0332519,0.0012701,"[0.8689999580383301,-0.029141979292035103,0.019765986129641533,-0.4935576319694519]","[-0.0007950847502797842,0.00024312437744811177,0.0012700761435553432]","[0.02145499922335148,-0.6855229735374451,9.677311897277832]",0.0002910,2.852,"[0.0,0.0,0.0,0.0]","[0.0,0.0,0.0,0.0,0.0,0.0,0.0,0.0]","[0.0,0.0,0.0,0.0,0.0,0.0,0.0,0.0]",0,1,1
2026-08-11T10:25:38.484874+00:00,1231333.951179,disarmed_link,0.0000000,0.0000000,0.0000000,0.0000000,,,0,1,1,1,0,1,0.000000,216,10851,1,0,1,1,0,1,0,1122443910,119,51561,1231333902,75,0,-1.0332667,0.0024745,"[0.8689963221549988,-0.029138972982764244,0.019780980423092842,-0.49356353282928467]","[-0.0032319833990186453,0.0004822170303668827,0.0024745280388742685]","[-0.004238999914377928,-0.6916930079460144,9.73787784576416]",0.0002910,2.852,"[0.0,0.0,0.0,0.0]","[0.0,0.0,0.0,0.0,0.0,0.0,0.0,0.0]","[0.0,0.0,0.0,0.0,0.0,0.0,0.0,0.0]",0,1,1
2026-08-11T10:25:38.534527+00:00,1231334.001119,disarmed_link,0.0000000,0.0000000,0.0000000,0.0000000,,,0,1,1,1,0,1,0.000000,217,10901,1,0,1,1,0,1,0,1122443910,119,51561,1231333902,75,0,-1.0332572,0.0012442,"[0.8689981698989868,-0.02915397845208645,0.01980198360979557,-0.4935586154460907]","[-0.003227690001949668,0.0008827003184705973,0.0012442453298717737]","[-0.04807500168681145,-0.6910269856452942,9.767748832702637]",0.0003141,3.078,"[0.0,0.0,0.0,0.0]","[0.0,0.0,0.0,0.0,0.0,0.0,0.0,0.0]","[0.0,0.0,0.0,0.0,0.0,0.0,0.0,0.0]",0,1,1
2026-08-11T10:25:38.584836+00:00,1231334.051177,disarmed_link,0.0000000,0.0000000,0.0000000,0.0000000,,,0,1,1,1,0,1,0.000000,218,10951,1,0,1,1,0,1,0,1122443910,121,32657,1231334002,76,0,-1.0332474,0.0024672,"[0.8690004944801331,-0.029156994074583054,0.01981399394571781,-0.49355384707450867]","[-0.0013985148398205638,0.0015101636527106166,0.002467162674292922]","[-0.05773000046610832,-0.6929479837417603,9.796452522277832]",0.0003141,3.078,"[0.0,0.0,0.0,0.0]","[0.0,0.0,0.0,0.0,0.0,0.0,0.0,0.0]","[0.0,0.0,0.0,0.0,0.0,0.0,0.0,0.0]",0,1,1
2026-08-11T10:25:38.634991+00:00,1231334.101123,disarmed_link,0.0000000,0.0000000,0.0000000,0.0000000,,,0,1,1,1,0,1,0.000000,219,11001,1,0,1,1,0,1,0,1122443910,122,40129,1231334052,77,0,-1.0332443,0.0018557,"[0.8690013289451599,-0.02915397472679615,0.01981298066675663,-0.493552565574646]","[-0.0013976073823869228,0.001502449274994433,0.0018557213479653]","[-0.07443899661302567,-0.6903560161590576,9.80341911315918]",0.0002918,2.859,"[0.0,0.0,0.0,0.0]","[0.0,0.0,0.0,0.0,0.0,0.0,0.0,0.0]","[0.0,0.0,0.0,0.0,0.0,0.0,0.0,0.0]",0,1,1
2026-08-11T10:25:38.684811+00:00,1231334.151181,disarmed_link,0.0000000,0.0000000,0.0000000,0.0000000,,,0,1,1,1,0,1,0.000000,220,11051,1,0,1,1,0,1,0,1122443910,122,40129,1231334052,77,0,-1.0332273,-0.0000192,"[0.869005560874939,-0.02915196865797043,0.019832979887723923,-0.49354445934295654]","[-0.002601867076009512,0.0033586942590773106,-1.918116868182551e-05]","[-0.09597700089216232,-0.6924059987068176,9.819992065429688]",0.0002918,2.859,"[0.0,0.0,0.0,0.0]","[0.0,0.0,0.0,0.0,0.0,0.0,0.0,0.0]","[0.0,0.0,0.0,0.0,0.0,0.0,0.0,0.0]",0,1,1
2026-08-11T10:25:38.734825+00:00,1231334.201178,disarmed_link,0.0000000,0.0000000,0.0000000,0.0000000,,,0,1,1,1,0,1,0.000000,221,11101,1,0,1,1,0,1,0,1122443910,124,6754,1231334152,78,0,-1.0332205,0.0012517,"[0.8690076470375061,-0.029142990708351135,0.019823992624878883,-0.49354180693626404]","[0.0004317944694776088,0.0016908749239519238,0.0012516628485172987]","[-0.11264599859714508,-0.6883450150489807,9.818142890930176]",0.0002758,2.703,"[0.0,0.0,0.0,0.0]","[0.0,0.0,0.0,0.0,0.0,0.0,0.0,0.0]","[0.0,0.0,0.0,0.0,0.0,0.0,0.0,0.0]",0,1,1
2026-08-11T10:25:38.784600+00:00,1231334.251175,disarmed_link,0.0000000,0.0000000,0.0000000,0.0000000,,,0,1,1,1,0,1,0.000000,222,11151,1,0,1,1,0,1,0,1122443910,125,56974,1231334202,79,0,-1.0332584,0.0012480,"[0.8689983487129211,-0.029137972742319107,0.019818980246782303,-0.49355852603912354]","[-0.0007876147283241153,0.001490807975642383,0.0012479628203436732]","[-0.1388459950685501,-0.6801810264587402,9.819319725036621]",0.0003117,3.055,"[0.0,0.0,0.0,0.0]","[0.0,0.0,0.0,0.0,0.0,0.0,0.0,0.0]","[0.0,0.0,0.0,0.0,0.0,0.0,0.0,0.0]",0,1,1
2026-08-11T10:25:38.834850+00:00,1231334.301177,disarmed_link,0.0000000,0.0000000,0.0000000,0.0000000,,,0,1,1,1,0,1,0.000000,223,11201,1,0,1,1,0,1,0,1122443910,126,54201,1231334252,80,0,-1.0332907,0.0006549,"[0.8689912557601929,-0.029114980250597,0.01979098469018936,-0.4935736358165741]","[-0.0014032622566446662,0.00023933702323120087,0.0006549347890540957]","[-0.1316780000925064,-0.6876509785652161,9.805119514465332]",0.0003117,3.055,"[0.0,0.0,0.0,0.0]","[0.0,0.0,0.0,0.0,0.0,0.0,0.0,0.0]","[0.0,0.0,0.0,0.0,0.0,0.0,0.0,0.0]",0,1,1
2026-08-11T10:25:38.884594+00:00,1231334.351182,disarmed_link,0.0000000,0.0000000,0.0000000,0.0000000,,,0,1,1,1,0,1,0.000000,224,11251,1,0,1,1,0,1,0,1122443910,127,11776,1231334302,81,0,-1.0333060,0.0012590,"[0.8689880967140198,-0.029095981270074844,0.019781984388828278,-0.4935806691646576]","[-0.0007913497393019497,0.000866957358084619,0.0012590107508003712]","[-0.11966300010681152,-0.6905509829521179,9.77651309967041]",0.0004408,4.320,"[0.0,0.0,0.0,0.0]","[0.0,0.0,0.0,0.0,0.0,0.0,0.0,0.0]","[0.0,0.0,0.0,0.0,0.0,0.0,0.0,0.0]",0,1,1
2026-08-11T10:25:38.934965+00:00,1231334.401237,disarmed_link,0.0000000,0.0000000,0.0000000,0.0000000,,,0,1,1,1,0,1,0.000000,225,11301,1,0,1,1,0,1,0,1122443910,128,23712,1231334352,82,0,-1.0333192,0.0000398,"[0.8689855933189392,-0.02907499112188816,0.019743993878364563,-0.493587851524353]","[-0.0020114395301789045,0.00023556710220873356,3.9776052290108055e-05]","[-0.10527599602937698,-0.6860259771347046,9.762219429016113]",0.0004408,4.320,"[0.0,0.0,0.0,0.0]","[0.0,0.0,0.0,0.0,0.0,0.0,0.0,0.0]","[0.0,0.0,0.0,0.0,0.0,0.0,0.0,0.0]",0,1,1
2026-08-11T10:25:38.984894+00:00,1231334.451181,disarmed_link,0.0000000,0.0000000,0.0000000,0.0000000,,,0,1,1,1,0,1,0.000000,226,11351,1,0,1,1,0,1,0,1122443910,128,23712,1231334352,82,0,-1.0333396,0.0000545,"[0.8689810037612915,-0.02905897982418537,0.019720984622836113,-0.4935976266860962]","[-0.0014060897519811988,-0.00039219294558279216,5.454154234030284e-05]","[-0.08131799846887589,-0.6742920279502869,9.75032901763916]",0.0003492,3.422,"[0.0,0.0,0.0,0.0]","[0.0,0.0,0.0,0.0,0.0,0.0,0.0,0.0]","[0.0,0.0,0.0,0.0,0.0,0.0,0.0,0.0]",0,1,1
2026-08-11T10:25:39.034622+00:00,1231334.501182,disarmed_link,0.0000000,0.0000000,0.0000000,0.0000000,,,0,1,1,1,0,1,0.000000,227,11401,1,0,1,1,0,1,0,1122443910,128,23712,1231334352,82,0,-1.0333962,0.0016445,"[0.8689676523208618,-0.02904398925602436,0.019705992192029953,-0.4936228096485138]","[-0.002005139132961631,0.0017117491224780679,0.0016445191577076912]","[-0.03746100142598152,-0.6791509985923767,9.708525657653809]",0.0003492,3.422,"[0.0,0.0,0.0,0.0]","[0.0,0.0,0.0,0.0,0.0,0.0,0.0,0.0]","[0.0,0.0,0.0,0.0,0.0,0.0,0.0,0.0]",0,1,1
2026-08-11T10:25:39.084842+00:00,1231334.551178,disarmed_link,0.0000000,0.0000000,0.0000000,0.0000000,,,0,1,1,1,0,1,0.000000,228,11451,1,0,1,1,0,1,0,1122443910,131,5437,1231334502,83,0,-1.0334001,0.0012959,"[0.8689671754837036,-0.029026975855231285,0.01970498450100422,-0.49362456798553467]","[-0.0020244598854333162,-0.0016205208376049995,0.0012958720326423645]","[0.004788000136613846,-0.6781929731369019,9.679411888122559]",0.0004002,3.922,"[0.0,0.0,0.0,0.0]","[0.0,0.0,0.0,0.0,0.0,0.0,0.0,0.0]","[0.0,0.0,0.0,0.0,0.0,0.0,0.0,0.0]",0,1,1
2026-08-11T10:25:39.134155+00:00,1231334.601157,disarmed_link,0.0000000,0.0000000,0.0000000,0.0000000,,,0,1,1,1,0,1,0.000000,229,11501,1,0,1,1,0,1,0,1122443910,131,5437,1231334502,83,0,-1.0334109,0.0006623,"[0.8689651489257812,-0.029008978977799416,0.01966998539865017,-0.49363061785697937]","[-0.0020160821732133627,-0.0003805515880230814,0.0006623000954277813]","[0.014400999993085861,-0.6760879755020142,9.662698745727539]",0.0004002,3.922,"[0.0,0.0,0.0,0.0]","[0.0,0.0,0.0,0.0,0.0,0.0,0.0,0.0]","[0.0,0.0,0.0,0.0,0.0,0.0,0.0,0.0]",0,1,1
2026-08-11T10:25:39.184343+00:00,1231334.651162,disarmed_link,0.0000000,0.0000000,0.0000000,0.0000000,,,0,1,1,1,0,1,0.000000,230,11551,1,0,1,1,0,1,0,1122443910,133,61623,1231334601,84,0,-1.0334232,0.0013106,"[0.8689623475074768,-0.02900097146630287,0.019629979506134987,-0.4936375021934509]","[0.00041188026079908013,-0.0016362463356927037,0.0013106375699862838]","[0.02865299955010414,-0.670976996421814,9.686775207519531]",0.0004672,4.578,"[0.0,0.0,0.0,0.0]","[0.0,0.0,0.0,0.0,0.0,0.0,0.0,0.0]","[0.0,0.0,0.0,0.0,0.0,0.0,0.0,0.0]",0,1,1
2026-08-11T10:25:39.234030+00:00,1231334.701162,disarmed_link,0.0000000,0.0000000,0.0000000,0.0000000,,,0,1,1,1,0,1,0.000000,231,11601,1,0,1,1,0,1,0,1122443910,133,61623,1231334601,84,0,-1.0334349,0.0000582,"[0.8689603805541992,-0.02897697314620018,0.019602982327342033,-0.49364355206489563]","[-0.000797004671767354,-0.00039611992542631924,5.8224188251188025e-05]","[0.030974000692367554,-0.683014988899231,9.686979293823242]",0.0004672,4.578,"[0.0,0.0,0.0,0.0]","[0.0,0.0,0.0,0.0,0.0,0.0,0.0,0.0]","[0.0,0.0,0.0,0.0,0.0,0.0,0.0,0.0]",0,1,1
2026-08-11T10:25:39.284793+00:00,1231334.751173,disarmed_link,0.0000000,0.0000000,0.0000000,0.0000000,,,0,1,1,1,0,1,0.000000,232,11651,1,0,1,1,0,1,0,1122443910,133,61623,1231334601,84,0,-1.0334486,0.0024782,"[0.8689568042755127,-0.02898298390209675,0.019597988575696945,-0.4936497211456299]","[-0.0032332399860024452,0.000274278485449031,0.002478210488334298]","[0.021432999521493912,-0.6829710006713867,9.686868667602539]",0.0005086,4.984,"[0.0,0.0,0.0,0.0]","[0.0,0.0,0.0,0.0,0.0,0.0,0.0,0.0]","[0.0,0.0,0.0,0.0,0.0,0.0,0.0,0.0]",0,1,1
2026-08-11T10:25:39.334796+00:00,1231334.801184,disarmed_link,0.0000000,0.0000000,0.0000000,0.0000000,,,0,1,1,1,0,1,0.000000,233,11701,1,0,1,1,0,1,0,1122443910,133,61623,1231334601,84,0,-1.0334388,0.0012418,"[0.8689590096473694,-0.0289869774132967,0.01962098479270935,-0.4936446249485016]","[-0.0036337580531835556,0.0008853182662278414,0.0012417843099683523]","[-0.007329000160098076,-0.6789469718933105,9.731255531311035]",0.0005867,5.750,"[0.0,0.0,0.0,0.0]","[0.0,0.0,0.0,0.0,0.0,0.0,0.0,0.0]","[0.0,0.0,0.0,0.0,0.0,0.0,0.0,0.0]",0,1,1
2026-08-11T10:25:39.384495+00:00,1231334.851116,disarmed_link,0.0000000,0.0000000,0.0000000,0.0000000,,,0,1,1,1,0,1,0.000000,234,11751,1,0,1,1,0,1,0,1122443910,133,61623,1231334601,84,0,-1.0334386,0.0018409,"[0.8689582943916321,-0.029010973870754242,0.019618980586528778,-0.4936445355415344]","[-0.005664937663823366,0.0009061400778591633,0.0018409210024401546]","[-0.05041699856519699,-0.6764370203018188,9.777101516723633]",0.0005867,5.750,"[0.0,0.0,0.0,0.0]","[0.0,0.0,0.0,0.0,0.0,0.0,0.0,0.0]","[0.0,0.0,0.0,0.0,0.0,0.0,0.0,0.0]",0,1,1
2026-08-11T10:25:39.434140+00:00,1231334.901109,disarmed_link,0.0000000,0.0000000,0.0000000,0.0000000,,,0,1,1,1,0,1,0.000000,235,11801,1,0,1,1,0,1,0,1122443910,138,14008,1231334852,85,0,-1.0334238,0.0024671,"[0.8689615726470947,-0.029023973271250725,0.019633980467915535,-0.4936375319957733]","[-0.0032295051496475935,0.0008981116116046906,0.002467145211994648]","[-0.0791110023856163,-0.6784539818763733,9.793593406677246]",0.0006059,5.938,"[0.0,0.0,0.0,0.0]","[0.0,0.0,0.0,0.0,0.0,0.0,0.0,0.0]","[0.0,0.0,0.0,0.0,0.0,0.0,0.0,0.0]",0,1,1
2026-08-11T10:25:39.484795+00:00,1231334.951125,disarmed_link,0.0000000,0.0000000,0.0000000,0.0000000,,,0,1,1,1,0,1,0.000000,236,11851,1,0,1,1,0,1,0,1122443910,138,14008,1231334852,85,0,-1.0334197,0.0000213,"[0.8689615726470947,-0.029051970690488815,0.019640980288386345,-0.49363547563552856]","[-0.0032258920837193727,0.000867271504830569,2.134537680831272e-05]","[-0.08387699723243713,-0.6710690259933472,9.80302619934082]",0.0006059,5.938,"[0.0,0.0,0.0,0.0]","[0.0,0.0,0.0,0.0,0.0,0.0,0.0,0.0]","[0.0,0.0,0.0,0.0,0.0,0.0,0.0,0.0]",0,1,1
2026-08-11T10:25:39.534172+00:00,1231335.001112,disarmed_link,0.0000000,0.0000000,0.0000000,0.0000000,,,0,1,1,1,0,1,0.000000,237,11901,1,0,1,1,0,1,0,1122443910,138,14008,1231334852,85,0,-1.0334445,0.0012000,"[0.8689545392990112,-0.029079990461468697,0.0196519922465086,-0.4936458170413971]","[-0.0032127671875059605,0.003378049936145544,0.0012000012211501598]","[-0.1078300029039383,-0.6754400134086609,9.8244047164917]",0.0006202,6.078,"[0.0,0.0,0.0,0.0]","[0.0,0.0,0.0,0.0,0.0,0.0,0.0,0.0]","[0.0,0.0,0.0,0.0,0.0,0.0,0.0,0.0]",0,1,1
2026-08-11T10:25:39.584758+00:00,1231335.051125,disarmed_link,0.0000000,0.0000000,0.0000000,0.0000000,,,0,1,1,1,0,1,0.000000,238,11951,1,0,1,1,0,1,0,1122443910,138,14008,1231334852,85,0,-1.0334203,0.0020546,"[0.8689596056938171,-0.02910596691071987,0.01967397704720497,-0.493634432554245]","[-0.004041013307869434,0.000898216268979013,0.002054584212601185]","[-0.1301800012588501,-0.6864410042762756,9.832305908203125]",0.0006202,6.078,"[0.0,0.0,0.0,0.0]","[0.0,0.0,0.0,0.0,0.0,0.0,0.0,0.0]","[0.0,0.0,0.0,0.0,0.0,0.0,0.0,0.0]",0,1,1
2026-08-11T10:25:39.634963+00:00,1231335.101162,disarmed_link,0.0000000,0.0000000,0.0000000,0.0000000,,,0,1,1,1,0,1,0.000000,239,12001,1,0,1,1,0,1,0,1122443910,138,14008,1231334852,85,0,-1.0333753,0.0024561,"[0.8689697980880737,-0.02913598343729973,0.019701991230249405,-0.49361371994018555]","[-0.0032257698476314545,0.001521961996331811,0.002456097165122628]","[-0.1316390037536621,-0.6804350018501282,9.805013656616211]",0.0006099,5.977,"[0.0,0.0,0.0,0.0]","[0.0,0.0,0.0,0.0,0.0,0.0,0.0,0.0]","[0.0,0.0,0.0,0.0,0.0,0.0,0.0,0.0]",0,1,1
2026-08-11T10:25:39.683921+00:00,1231335.151176,disarmed_link,0.0000000,0.0000000,0.0000000,0.0000000,,,0,1,1,1,0,1,0.000000,240,12051,1,0,1,1,0,1,0,1122443910,143,10962,1231335102,86,0,-1.0333869,0.0012221,"[0.8689659237861633,-0.029161982238292694,0.019730988889932632,-0.4936176836490631]","[-0.0050512272864580154,0.0015183318173512816,0.0012220970820635557]","[-0.10532599687576294,-0.6858059763908386,9.776607513427734]",0.0006099,5.977,"[0.0,0.0,0.0,0.0]","[0.0,0.0,0.0,0.0,0.0,0.0,0.0,0.0]","[0.0,0.0,0.0,0.0,0.0,0.0,0.0,0.0]",0,1,1
2026-08-11T10:25:39.734790+00:00,1231335.201124,disarmed_link,0.0000000,0.0000000,0.0000000,0.0000000,,,0,1,1,1,0,1,0.000000,241,12101,1,0,1,1,0,1,0,1122443910,144,3430,1231335151,87,0,-1.0333935,0.0024893,"[0.8689629435539246,-0.02920498326420784,0.019725987687706947,-0.4936206638813019]","[-0.003236974822357297,-0.00034955458249896765,0.002489258535206318]","[-0.09094300121068954,-0.683722972869873,9.759952545166016]",0.0006585,6.453,"[0.0,0.0,0.0,0.0]","[0.0,0.0,0.0,0.0,0.0,0.0,0.0,0.0]","[0.0,0.0,0.0,0.0,0.0,0.0,0.0,0.0]",0,1,1
2026-08-11T10:25:39.784758+00:00,1231335.251125,disarmed_link,0.0000000,0.0000000,0.0000000,0.0000000,,,0,1,1,1,0,1,0.000000,242,12151,1,0,1,1,0,1,0,1122443910,144,3430,1231335151,87,0,-1.0333785,0.0012737,"[0.8689651489257812,-0.029248975217342377,0.01973898336291313,-0.4936135709285736]","[-0.003847980173304677,-0.0009848718764260411,0.0012737239012494683]","[-0.08131799846887589,-0.6841340065002441,9.736080169677734]",0.0006585,6.453,"[0.0,0.0,0.0,0.0]","[0.0,0.0,0.0,0.0,0.0,0.0,0.0,0.0]","[0.0,0.0,0.0,0.0,0.0,0.0,0.0,0.0]",0,1,1
2026-08-11T10:25:39.834862+00:00,1231335.301183,disarmed_link,0.0000000,0.0000000,0.0000000,0.0000000,,,0,1,1,1,0,1,0.000000,243,12201,1,0,1,1,0,1,0,1122443910,146,13465,1231335252,88,0,-1.0333823,0.0006660,"[0.8689630031585693,-0.029284978285431862,0.01975298672914505,-0.49361464381217957]","[-0.0032379874028265476,-0.000996530638076365,0.0006659653154201806]","[-0.062206998467445374,-0.6868109703063965,9.724345207214355]",0.0005724,5.609,"[0.0,0.0,0.0,0.0]","[0.0,0.0,0.0,0.0,0.0,0.0,0.0,0.0]","[0.0,0.0,0.0,0.0,0.0,0.0,0.0,0.0]",0,1,1
2026-08-11T10:25:39.884702+00:00,1231335.351115,disarmed_link,0.0000000,0.0000000,0.0000000,0.0000000,,,0,1,1,1,0,1,0.000000,244,12251,1,0,1,1,0,1,0,1122443910,146,13465,1231335252,88,0,-1.0333825,0.0020841,"[0.8689616918563843,-0.0293249674141407,0.019758976995944977,-0.49361446499824524]","[-0.0028303132858127356,-0.000357303797500208,0.0020840975921601057]","[-0.01042100042104721,-0.687512993812561,9.694565773010254]",0.0005724,5.609,"[0.0,0.0,0.0,0.0]","[0.0,0.0,0.0,0.0,0.0,0.0,0.0,0.0]","[0.0,0.0,0.0,0.0,0.0,0.0,0.0,0.0]",0,1,1
2026-08-11T10:25:39.933954+00:00,1231335.401109,disarmed_link,0.0000000,0.0000000,0.0000000,0.0000000,,,0,1,1,1,0,1,0.000000,245,12301,1,0,1,1,0,1,0,1122443910,148,63941,1231335352,89,0,-1.0333780,0.0024819,"[0.8689623475074768,-0.029336992651224136,0.019776994362473488,-0.4936118423938751]","[-0.0026241550222039223,0.0002703340433072299,0.0024818931706249714]","[0.028584999963641167,-0.6903669834136963,9.67746353149414]",0.0005772,5.656,"[0.0,0.0,0.0,0.0]","[0.0,0.0,0.0,0.0,0.0,0.0,0.0,0.0]","[0.0,0.0,0.0,0.0,0.0,0.0,0.0,0.0]",0,1,1
2026-08-11T10:25:39.984283+00:00,1231335.451165,disarmed_link,0.0000000,0.0000000,0.0000000,0.0000000,,,0,1,1,1,0,1,0.000000,246,12351,1,0,1,1,0,1,0,1122443910,148,63941,1231335352,89,0,-1.0333647,0.0012553,"[0.868964672088623,-0.029367990791797638,0.019781991839408875,-0.4936057925224304]","[-0.005062414798885584,-0.0003531673864927143,0.0012552756816148758]","[0.028575999662280083,-0.6854090094566345,9.686986923217773]",0.0005756,5.641,"[0.0,0.0,0.0,0.0]","[0.0,0.0,0.0,0.0,0.0,0.0,0.0,0.0]","[0.0,0.0,0.0,0.0,0.0,0.0,0.0,0.0]",0,1,1
2026-08-11T10:25:40.033867+00:00,1231335.501109,disarmed_link,0.0000000,0.0000000,0.0000000,0.0000000,,,0,1,1,1,0,1,0.000000,247,12401,1,0,1,1,0,1,0,1122443910,148,63941,1231335352,89,0,-1.0333869,0.0000545,"[0.8689579963684082,-0.029400980100035667,0.01977698691189289,-0.49361562728881836]","[-0.003237079828977585,-0.0010042275534942746,5.450663229566999e-05]","[0.030957000330090523,-0.687861979007721,9.684651374816895]",0.0005756,5.641,"[0.0,0.0,0.0,0.0]","[0.0,0.0,0.0,0.0,0.0,0.0,0.0,0.0]","[0.0,0.0,0.0,0.0,0.0,0.0,0.0,0.0]",0,1,1
2026-08-11T10:25:40.084161+00:00,1231335.551126,disarmed_link,0.0000000,0.0000000,0.0000000,0.0000000,,,0,1,1,1,0,1,0.000000,248,12451,1,0,1,1,0,1,0,1122443910,151,12836,1231335501,90,0,-1.0334171,0.0000213,"[0.8689504861831665,-0.029403969645500183,0.019782979041337967,-0.49362850189208984]","[-0.0032258920837193727,0.000867271504830569,2.134537680831272e-05]","[0.01419300027191639,-0.6874920129776001,9.703644752502441]",0.0005740,5.625,"[0.0,0.0,0.0,0.0]","[0.0,0.0,0.0,0.0,0.0,0.0,0.0,0.0]","[0.0,0.0,0.0,0.0,0.0,0.0,0.0,0.0]",0,1,1
2026-08-11T10:25:40.134315+00:00,1231335.601146,disarmed_link,0.0000000,0.0000000,0.0000000,0.0000000,,,0,1,1,1,0,1,0.000000,249,12501,1,0,1,1,0,1,0,1122443910,151,12836,1231335501,90,0,-1.0334322,0.0024893,"[0.8689466714859009,-0.029407989233732224,0.01978999190032482,-0.49363481998443604]","[-0.0014059848617762327,0.00026248005451634526,0.002489293459802866]","[0.014128999784588814,-0.6945980191230774,9.710945129394531]",0.0005740,5.625,"[0.0,0.0,0.0,0.0]","[0.0,0.0,0.0,0.0,0.0,0.0,0.0,0.0]","[0.0,0.0,0.0,0.0,0.0,0.0,0.0,0.0]",0,1,1
2026-08-11T10:25:40.184854+00:00,1231335.651177,disarmed_link,0.0000000,0.0000000,0.0000000,0.0000000,,,0,1,1,1,0,1,0.000000,250,12551,1,0,1,1,0,1,0,1122443910,151,12836,1231335501,90,0,-1.0334408,0.0012664,"[0.8689448237419128,-0.029398983344435692,0.019785989075899124,-0.4936387240886688]","[-0.0020144940353929996,4.30398213211447e-05,0.0012663761153817177]","[-0.03611199930310249,-0.6896010041236877,9.759868621826172]",0.0006067,5.945,"[0.0,0.0,0.0,0.0]","[0.0,0.0,0.0,0.0,0.0,0.0,0.0,0.0]","[0.0,0.0,0.0,0.0,0.0,0.0,0.0,0.0]",0,1,1
2026-08-11T10:25:40.234819+00:00,1231335.701201,disarmed_link,0.0000000,0.0000000,0.0000000,0.0000000,,,0,1,1,1,0,1,0.000000,251,12601,1,0,1,1,0,1,0,1122443910,151,12836,1231335501,90,0,-1.0334406,0.0000287,"[0.8689449429512024,-0.02939697727560997,0.01978498511016369,-0.49363866448402405]","[-0.002007704693824053,0.0008594001410529017,2.872812001442071e-05]","[-0.09353700280189514,-0.6901950240135193,9.80799388885498]",0.0006067,5.945,"[0.0,0.0,0.0,0.0]","[0.0,0.0,0.0,0.0,0.0,0.0,0.0,0.0]","[0.0,0.0,0.0,0.0,0.0,0.0,0.0,0.0]",0,1,1
2026-08-11T10:25:40.284401+00:00,1231335.751119,disarmed_link,0.0000000,0.0000000,0.0000000,0.0000000,,,0,1,1,1,0,1,0.000000,252,12651,1,0,1,1,0,1,0,1122443910,151,12836,1231335501,90,0,-1.0334535,0.0012295,"[0.8689424991607666,-0.029374990612268448,0.019767994061112404,-0.4936448931694031]","[-0.0020020497031509876,0.0021225123200565577,0.0012295146007090807]","[-0.0983320027589798,-0.6851419806480408,9.822257041931152]",0.0006266,6.141,"[0.0,0.0,0.0,0.0]","[0.0,0.0,0.0,0.0,0.0,0.0,0.0,0.0]","[0.0,0.0,0.0,0.0,0.0,0.0,0.0,0.0]",0,1,1
2026-08-11T10:25:40.334828+00:00,1231335.801178,disarmed_link,0.0000000,0.0000000,0.0000000,0.0000000,,,0,1,1,1,0,1,0.000000,253,12701,1,0,1,1,0,1,0,1122443910,151,12836,1231335501,90,0,-1.0334646,0.0006402,"[0.8689405918121338,-0.02934998646378517,0.01974199153482914,-0.49365079402923584]","[-0.0020086122676730156,0.0008671144605614245,0.0006401693099178374]","[-0.11983300000429153,-0.6898180246353149,9.824479103088379]",0.0006266,6.141,"[0.0,0.0,0.0,0.0]","[0.0,0.0,0.0,0.0,0.0,0.0,0.0,0.0]","[0.0,0.0,0.0,0.0,0.0,0.0,0.0,0.0]",0,1,1
2026-08-11T10:25:40.384847+00:00,1231335.851186,disarmed_link,0.0000000,0.0000000,0.0000000,0.0000000,,,0,1,1,1,0,1,0.000000,254,12751,1,0,1,1,0,1,0,1122443910,157,55847,1231335802,91,0,-1.0334804,0.0012074,"[0.8689373135566711,-0.02933199517428875,0.019735995680093765,-0.4936578869819641]","[-0.0019945797976106405,0.003370195860043168,0.0012074013939127326]","[-0.1293649971485138,-0.6898099780082703,9.821969032287598]",0.0006545,6.414,"[0.0,0.0,0.0,0.0]","[0.0,0.0,0.0,0.0,0.0,0.0,0.0,0.0]","[0.0,0.0,0.0,0.0,0.0,0.0,0.0,0.0]",0,1,1
2026-08-11T10:25:40.434796+00:00,1231335.901174,disarmed_link,0.0000000,0.0000000,0.0000000,0.0000000,,,0,1,1,1,0,1,0.000000,255,12801,1,0,1,1,0,1,0,1122443910,157,55847,1231335802,91,0,-1.0335121,0.0012369,"[0.8689300417900085,-0.0293129775673151,0.019712984561920166,-0.49367260932922363]","[-0.002004545647650957,0.001706618000753224,0.0012368799652904272]","[-0.12207099795341492,-0.6773200035095215,9.801878929138184]",0.0006545,6.414,"[0.0,0.0,0.0,0.0]","[0.0,0.0,0.0,0.0,0.0,0.0,0.0,0.0]","[0.0,0.0,0.0,0.0,0.0,0.0,0.0,0.0]",0,1,1
2026-08-11T10:25:40.484777+00:00,1231335.951123,disarmed_link,0.0000000,0.0000000,0.0000000,0.0000000,,,0,1,1,1,0,1,0.000000,256,12851,1,0,1,1,0,1,0,1122443910,157,55847,1231335802,91,0,-1.0335103,0.0024709,"[0.8689314723014832,-0.029285989701747894,0.019686993211507797,-0.49367284774780273]","[-0.0007894299342297018,0.0015062192687764764,0.0024708625860512257]","[-0.11247800290584564,-0.6882519721984863,9.771766662597656]",0.0006585,6.453,"[0.0,0.0,0.0,0.0]","[0.0,0.0,0.0,0.0,0.0,0.0,0.0,0.0]","[0.0,0.0,0.0,0.0,0.0,0.0,0.0,0.0]",0,1,1
2026-08-11T10:25:40.534767+00:00,1231336.001120,disarmed_link,0.0000000,0.0000000,0.0000000,0.0000000,,,0,1,1,1,0,1,0.000000,257,12901,1,0,1,1,0,1,0,1122443910,157,55847,1231335802,91,0,-1.0335240,0.0012406,"[0.868929386138916,-0.029245972633361816,0.01966997981071472,-0.4936795234680176]","[-0.002005784772336483,0.0014986619353294373,0.0012405626475811005]","[-0.08614800125360489,-0.6838549971580505,9.752812385559082]",0.0006904,6.766,"[0.0,0.0,0.0,0.0]","[0.0,0.0,0.0,0.0,0.0,0.0,0.0,0.0]","[0.0,0.0,0.0,0.0,0.0,0.0,0.0,0.0]",0,1,1
2026-08-11T10:25:40.584039+00:00,1231336.051160,disarmed_link,0.0000000,0.0000000,0.0000000,0.0000000,,,0,1,1,1,0,1,0.000000,258,12951,1,0,1,1,0,1,0,1122443910,161,11245,1231336002,92,0,-1.0335412,0.0006365,"[0.8689260482788086,-0.02921897917985916,0.019653985276818275,-0.49368759989738464]","[-0.0007867071544751525,0.0014830934815108776,0.0006365041481330991]","[-0.0765179991722107,-0.6818239688873291,9.731303215026855]",0.0006904,6.766,"[0.0,0.0,0.0,0.0]","[0.0,0.0,0.0,0.0,0.0,0.0,0.0,0.0]","[0.0,0.0,0.0,0.0,0.0,0.0,0.0,0.0]",0,1,1
2026-08-11T10:25:40.634582+00:00,1231336.101167,disarmed_link,0.0000000,0.0000000,0.0000000,0.0000000,,,0,1,1,1,0,1,0.000000,259,13001,1,0,1,1,0,1,0,1122443910,162,45287,1231336051,93,0,-1.0335561,0.0006623,"[0.8689232468605042,-0.0291929729282856,0.01964198239147663,-0.49369457364082336]","[-0.0020160821732133627,-0.0003805515880230814,0.0006623000954277813]","[-0.04778600111603737,-0.672590970993042,9.714706420898438]",0.0006505,6.375,"[0.0,0.0,0.0,0.0]","[0.0,0.0,0.0,0.0,0.0,0.0,0.0,0.0]","[0.0,0.0,0.0,0.0,0.0,0.0,0.0,0.0]",0,1,1
2026-08-11T10:25:40.684828+00:00,1231336.151178,disarmed_link,0.0000000,0.0000000,0.0000000,0.0000000,,,0,1,1,1,0,1,0.000000,260,13051,1,0,1,1,0,1,0,1122443910,163,3153,1231336102,94,0,-1.0335709,0.0018815,"[0.8689201474189758,-0.029175980016589165,0.01965198665857315,-0.49370065331459045]","[-0.000795992324128747,0.000250838726060465,0.0018815349321812391]","[-0.03348299860954285,-0.6824619770050049,9.703022003173828]",0.0006505,6.375,"[0.0,0.0,0.0,0.0]","[0.0,0.0,0.0,0.0,0.0,0.0,0.0,0.0]","[0.0,0.0,0.0,0.0,0.0,0.0,0.0,0.0]",0,1,1
2026-08-11T10:25:40.734768+00:00,1231336.201126,disarmed_link,0.0000000,0.0000000,0.0000000,0.0000000,,,0,1,1,1,0,1,0.000000,261,13101,1,0,1,1,0,1,0,1122443910,163,3153,1231336102,94,0,-1.0335448,0.0025065,"[0.8689272403717041,-0.02915697544813156,0.01964598149061203,-0.49368953704833984]","[-0.0028358984272927046,-0.0011839616345241666,0.002506467280909419]","[0.0007740000146441162,-0.6763629913330078,9.69293212890625]",0.0006027,5.906,"[0.0,0.0,0.0,0.0]","[0.0,0.0,0.0,0.0,0.0,0.0,0.0,0.0]","[0.0,0.0,0.0,0.0,0.0,0.0,0.0,0.0]",0,1,1
2026-08-11T10:25:40.784878+00:00,1231336.251175,disarmed_link,0.0000000,0.0000000,0.0000000,0.0000000,,,0,1,1,1,0,1,0.000000,262,13151,1,0,1,1,0,1,0,1122443910,165,35570,1231336202,95,0,-1.0335177,0.0024745,"[0.8689347505569458,-0.029133984819054604,0.019646989181637764,-0.4936777353286743]","[-0.0020113347563892603,0.0008902400732040405,0.0024745280388742685]","[0.026208000257611275,-0.6854709982872009,9.68216323852539]",0.0006027,5.906,"[0.0,0.0,0.0,0.0]","[0.0,0.0,0.0,0.0,0.0,0.0,0.0,0.0]","[0.0,0.0,0.0,0.0,0.0,0.0,0.0,0.0]",0,1,1
2026-08-11T10:25:40.834831+00:00,1231336.301226,disarmed_link,0.0000000,0.0000000,0.0000000,0.0000000,,,0,1,1,1,0,1,0.000000,263,13201,1,0,1,1,0,1,0,1122443910,165,35570,1231336202,95,0,-1.0335604,0.0012516,"[0.8689249753952026,-0.02910797856748104,0.019664987921714783,-0.4936956763267517]","[-0.0020095198415219784,0.0008748288964852691,0.0012516280403360724]","[0.03094399906694889,-0.6853470206260681,9.691810607910156]",0.0005812,5.695,"[0.0,0.0,0.0,0.0]","[0.0,0.0,0.0,0.0,0.0,0.0,0.0,0.0]","[0.0,0.0,0.0,0.0,0.0,0.0,0.0,0.0]",0,1,1
2026-08-11T10:25:40.884571+00:00,1231336.351172,disarmed_link,0.0000000,0.0000000,0.0000000,0.0000000,,,0,1,1,1,0,1,0.000000,264,13251,1,0,1,1,0,1,0,1122443910,165,35570,1231336202,95,0,-1.0335542,0.0012442,"[0.8689275979995728,-0.029074987396597862,0.019670991227030754,-0.4936927855014801]","[-0.003227690001949668,0.0008827003184705973,0.0012442453298717737]","[0.021327000111341476,-0.6849730014801025,9.71328353881836]",0.0005812,5.695,"[0.0,0.0,0.0,0.0]","[0.0,0.0,0.0,0.0,0.0,0.0,0.0,0.0]","[0.0,0.0,0.0,0.0,0.0,0.0,0.0,0.0]",0,1,1
2026-08-11T10:25:40.934822+00:00,1231336.401122,disarmed_link,0.0000000,0.0000000,0.0000000,0.0000000,,,0,1,1,1,0,1,0.000000,265,13301,1,0,1,1,0,1,0,1122443910,168,57178,1231336352,96,0,-1.0335531,0.0012664,"[0.8689284324645996,-0.029055967926979065,0.0196679774671793,-0.4936924874782562]","[-0.001404169830493629,0.00024705135729163885,0.0012663761153817177]","[0.014134000055491924,-0.6872349977493286,9.72043228149414]",0.0005501,5.391,"[0.0,0.0,0.0,0.0]","[0.0,0.0,0.0,0.0,0.0,0.0,0.0,0.0]","[0.0,0.0,0.0,0.0,0.0,0.0,0.0,0.0]",0,1,1
2026-08-11T10:25:40.984838+00:00,1231336.451183,disarmed_link,0.0000000,0.0000000,0.0000000,0.0000000,,,0,1,1,1,0,1,0.000000,266,13351,1,0,1,1,0,1,0,1122443910,168,57178,1231336352,96,0,-1.0335634,0.0024671,"[0.8689262866973877,-0.029044993221759796,0.019669998437166214,-0.4936968684196472]","[-0.0032295051496475935,0.0008981116116046906,0.002467145211994648]","[-0.009823000058531761,-0.6891270279884338,9.74657154083252]",0.0005501,5.391,"[0.0,0.0,0.0,0.0]","[0.0,0.0,0.0,0.0,0.0,0.0,0.0,0.0]","[0.0,0.0,0.0,0.0,0.0,0.0,0.0,0.0]",0,1,1
2026-08-11T10:25:41.034816+00:00,1231336.501140,disarmed_link,0.0000000,0.0000000,0.0000000,0.0000000,,,0,1,1,1,0,1,0.000000,267,13401,1,0,1,1,0,1,0,1122443910,168,57178,1231336352,96,0,-1.0335553,0.0008514,"[0.8689284324645996,-0.029040973633527756,0.019664980471134186,-0.4936935305595398]","[-0.0020114046055823565,0.0004537856439128518,0.0008513716165907681]","[-0.05998900160193443,-0.6811800003051758,9.778661727905273]",0.0005604,5.492,"[0.0,0.0,0.0,0.0]","[0.0,0.0,0.0,0.0,0.0,0.0,0.0,0.0]","[0.0,0.0,0.0,0.0,0.0,0.0,0.0,0.0]",0,1,1
2026-08-11T10:25:41.084872+00:00,1231336.551179,disarmed_link,0.0000000,0.0000000,0.0000000,0.0000000,,,0,1,1,1,0,1,0.000000,268,13451,1,0,1,1,0,1,0,1122443910,168,57178,1231336352,96,0,-1.0335757,0.0024487,"[0.8689236044883728,-0.029034987092018127,0.01965499296784401,-0.49370279908180237]","[-0.002612949814647436,0.002141867997124791,0.0024487320333719254]","[-0.10784299671649933,-0.6827660202980042,9.817316055297852]",0.0005038,4.938,"[0.0,0.0,0.0,0.0]","[0.0,0.0,0.0,0.0,0.0,0.0,0.0,0.0]","[0.0,0.0,0.0,0.0,0.0,0.0,0.0,0.0]",0,1,1
2026-08-11T10:25:41.134667+00:00,1231336.601173,disarmed_link,0.0000000,0.0000000,0.0000000,0.0000000,,,0,1,1,1,0,1,0.000000,269,13501,1,0,1,1,0,1,0,1122443910,168,57178,1231336352,96,0,-1.0335577,0.0024450,"[0.8689271211624146,-0.02906297892332077,0.01966298371553421,-0.49369463324546814]","[-0.003222034778445959,0.002145795151591301,0.002445031888782978]","[-0.11981099843978882,-0.677606999874115,9.83629322052002]",0.0005038,4.938,"[0.0,0.0,0.0,0.0]","[0.0,0.0,0.0,0.0,0.0,0.0,0.0,0.0]","[0.0,0.0,0.0,0.0,0.0,0.0,0.0,0.0]",0,1,1
2026-08-11T10:25:41.184064+00:00,1231336.651113,disarmed_link,0.0000000,0.0000000,0.0000000,0.0000000,,,0,1,1,1,0,1,0.000000,270,13551,1,0,1,1,0,1,0,1122443910,168,57178,1231336352,96,0,-1.0335569,0.0012405,"[0.8689267039299011,-0.029080986976623535,0.019676992669701576,-0.4936937689781189]","[-0.003836774965748191,0.0008866272983141243,0.0012405451852828264]","[-0.13168999552726746,-0.6752939820289612,9.82652759552002]",0.0004783,4.688,"[0.0,0.0,0.0,0.0]","[0.0,0.0,0.0,0.0,0.0,0.0,0.0,0.0]","[0.0,0.0,0.0,0.0,0.0,0.0,0.0,0.0]",0,1,1
2026-08-11T10:25:41.234775+00:00,1231336.701121,disarmed_link,0.0000000,0.0000000,0.0000000,0.0000000,,,0,1,1,1,0,1,0.000000,271,13601,1,0,1,1,0,1,0,1122443910,174,49297,1231336651,97,0,-1.0335457,0.0012737,"[0.8689289093017578,-0.029098983854055405,0.019653989002108574,-0.49368971586227417]","[-0.0020169897470623255,-0.0003728372394107282,0.0012737413635477424]","[-0.13887600600719452,-0.6825140118598938,9.824151039123535]",0.0004783,4.688,"[0.0,0.0,0.0,0.0]","[0.0,0.0,0.0,0.0,0.0,0.0,0.0,0.0]","[0.0,0.0,0.0,0.0,0.0,0.0,0.0,0.0]",0,1,1
2026-08-11T10:25:41.284845+00:00,1231336.751191,disarmed_link,0.0000000,0.0000000,0.0000000,0.0000000,,,0,1,1,1,0,1,0.000000,272,13651,1,0,1,1,0,1,0,1122443910,174,49297,1231336651,97,0,-1.0335783,0.0000250,"[0.8689202070236206,-0.029119977727532387,0.019633982330560684,-0.493704617023468]","[-0.00444779684767127,0.00025129251298494637,2.501056769688148e-05]","[-0.14845000207424164,-0.6823229789733887,9.833634376525879]",0.0004464,4.375,"[0.0,0.0,0.0,0.0]","[0.0,0.0,0.0,0.0,0.0,0.0,0.0,0.0]","[0.0,0.0,0.0,0.0,0.0,0.0,0.0,0.0]",0,1,1
2026-08-11T10:25:41.334748+00:00,1231336.801125,disarmed_link,0.0000000,0.0000000,0.0000000,0.0000000,,,0,1,1,1,0,1,0.000000,273,13701,1,0,1,1,0,1,0,1122443910,174,49297,1231336651,97,0,-1.0335741,0.0012442,"[0.8689205646514893,-0.029138969257473946,0.019641976803541183,-0.4937024712562561]","[-0.003227690001949668,0.0008827003184705973,0.0012442453298717737]","[-0.10049200057983398,-0.6836429834365845,9.762238502502441]",0.0004464,4.375,"[0.0,0.0,0.0,0.0]","[0.0,0.0,0.0,0.0,0.0,0.0,0.0,0.0]","[0.0,0.0,0.0,0.0,0.0,0.0,0.0,0.0]",0,1,1
2026-08-11T10:25:41.384821+00:00,1231336.851175,disarmed_link,0.0000000,0.0000000,0.0000000,0.0000000,,,0,1,1,1,0,1,0.000000,274,13751,1,0,1,1,0,1,0,1122443910,174,49297,1231336651,97,0,-1.0335748,0.0006217,"[0.8689196109771729,-0.029162967577576637,0.01964997686445713,-0.4937024414539337]","[-0.0032230473589152098,0.0014988190960139036,0.0006217386689968407]","[-0.08131799846887589,-0.6841340065002441,9.736080169677734]",0.0004735,4.641,"[0.0,0.0,0.0,0.0]","[0.0,0.0,0.0,0.0,0.0,0.0,0.0,0.0]","[0.0,0.0,0.0,0.0,0.0,0.0,0.0,0.0]",0,1,1
2026-08-11T10:25:41.434038+00:00,1231336.901109,disarmed_link,0.0000000,0.0000000,0.0000000,0.0000000,,,0,1,1,1,0,1,0.000000,275,13801,1,0,1,1,0,1,0,1122443910,174,49297,1231336651,97,0,-1.0335921,0.0012627,"[0.8689152598381042,-0.02916397526860237,0.0196599829941988,-0.49370959401130676]","[-0.00201325467787683,0.00025097833713516593,0.0012626933166757226]","[-0.06695999950170517,-0.6770200133323669,9.733742713928223]",0.0004735,4.641,"[0.0,0.0,0.0,0.0]","[0.0,0.0,0.0,0.0,0.0,0.0,0.0,0.0]","[0.0,0.0,0.0,0.0,0.0,0.0,0.0,0.0]",0,1,1
2026-08-11T10:25:41.484136+00:00,1231336.951111,disarmed_link,0.0000000,0.0000000,0.0000000,0.0000000,,,0,1,1,1,0,1,0.000000,276,13851,1,0,1,1,0,1,0,1122443910,179,22884,1231336901,98,0,-1.0335970,0.0012479,"[0.8689132332801819,-0.029190996661782265,0.019651997834444046,-0.4937119483947754]","[-0.0044495947659015656,0.0002667212102096528,0.0012479104334488511]","[-0.04070200026035309,-0.6796929836273193,9.724489212036133]",0.0004998,4.898,"[0.0,0.0,0.0,0.0]","[0.0,0.0,0.0,0.0,0.0,0.0,0.0,0.0]","[0.0,0.0,0.0,0.0,0.0,0.0,0.0,0.0]",0,1,1
2026-08-11T10:25:41.534805+00:00,1231337.001119,disarmed_link,0.0000000,0.0000000,0.0000000,0.0000000,,,0,1,1,1,0,1,0.000000,277,13901,1,0,1,1,0,1,0,1122443910,179,22884,1231336901,98,0,-1.0336379,0.0012590,"[0.868902862071991,-0.029198983684182167,0.019652990624308586,-0.49372971057891846]","[-0.0026223398745059967,0.00025492277927696705,0.0012589932885020971]","[-0.028658000752329826,-0.675341010093689,9.698173522949219]",0.0004998,4.898,"[0.0,0.0,0.0,0.0]","[0.0,0.0,0.0,0.0,0.0,0.0,0.0,0.0]","[0.0,0.0,0.0,0.0,0.0,0.0,0.0,0.0]",0,1,1
2026-08-11T10:25:41.584843+00:00,1231337.051185,disarmed_link,0.0000000,0.0000000,0.0000000,0.0000000,,,0,1,1,1,0,1,0.000000,278,13951,1,0,1,1,0,1,0,1122443910,179,22884,1231336901,98,0,-1.0336474,0.0012664,"[0.8689009547233582,-0.0291849784553051,0.019657988101243973,-0.493733674287796]","[-0.0032351596746593714,-0.0003649658174254,0.0012663586530834436]","[0.007137000095099211,-0.6813259720802307,9.685080528259277]",0.0005046,4.945,"[0.0,0.0,0.0,0.0]","[0.0,0.0,0.0,0.0,0.0,0.0,0.0,0.0]","[0.0,0.0,0.0,0.0,0.0,0.0,0.0,0.0]",0,1,1
2026-08-11T10:25:41.634754+00:00,1231337.101114,disarmed_link,0.0000000,0.0000000,0.0000000,0.0000000,,,0,1,1,1,0,1,0.000000,279,14001,1,0,1,1,0,1,0,1122443910,179,22884,1231336901,98,0,-1.0336685,0.0012516,"[0.8688958287239075,-0.029181983321905136,0.019662989303469658,-0.4937427043914795]","[-0.0020095198415219784,0.0008748288964852691,0.0012516280403360724]","[0.030969999730587006,-0.6903769969940186,9.677492141723633]",0.0004687,4.594,"[0.0,0.0,0.0,0.0]","[0.0,0.0,0.0,0.0,0.0,0.0,0.0,0.0]","[0.0,0.0,0.0,0.0,0.0,0.0,0.0,0.0]",0,1,1
2026-08-11T10:25:41.684749+00:00,1231337.151113,disarmed_link,0.0000000,0.0000000,0.0000000,0.0000000,,,0,1,1,1,0,1,0.000000,280,14051,1,0,1,1,0,1,0,1122443910,179,22884,1231336901,98,0,-1.0336436,0.0018778,"[0.868901789188385,-0.029187964275479317,0.019673975184559822,-0.49373140931129456]","[-0.003236067481338978,-0.0003572514688130468,0.001877817208878696]","[0.026135999709367752,-0.6925410032272339,9.691862106323242]",0.0004687,4.594,"[0.0,0.0,0.0,0.0]","[0.0,0.0,0.0,0.0,0.0,0.0,0.0,0.0]","[0.0,0.0,0.0,0.0,0.0,0.0,0.0,0.0]",0,1,1
2026-08-11T10:25:41.734717+00:00,1231337.201115,disarmed_link,0.0000000,0.0000000,0.0000000,0.0000000,,,0,1,1,1,0,1,0.000000,281,14101,1,0,1,1,0,1,0,1122443910,179,22884,1231336901,98,0,-1.0336455,0.0012811,"[0.8689020872116089,-0.02916397899389267,0.01968998648226261,-0.49373170733451843]","[-0.0007988197612576187,-0.0003807086613960564,0.0012811415363103151]","[0.023724999278783798,-0.6973410248756409,9.691904067993164]",0.0004919,4.820,"[0.0,0.0,0.0,0.0]","[0.0,0.0,0.0,0.0,0.0,0.0,0.0,0.0]","[0.0,0.0,0.0,0.0,0.0,0.0,0.0,0.0]",0,1,1
2026-08-11T10:25:41.784875+00:00,1231337.251180,disarmed_link,0.0000000,0.0000000,0.0000000,0.0000000,,,0,1,1,1,0,1,0.000000,282,14151,1,0,1,1,0,1,0,1122443910,185,51454,1231337202,99,0,-1.0336598,0.0012811,"[0.8688989877700806,-0.029147978872060776,0.01969798654317856,-0.4937376379966736]","[-0.0007988197612576187,-0.0003807086613960564,0.0012811415363103151]","[0.01655299961566925,-0.6873930096626282,9.710865020751953]",0.0004919,4.820,"[0.0,0.0,0.0,0.0]","[0.0,0.0,0.0,0.0,0.0,0.0,0.0,0.0]","[0.0,0.0,0.0,0.0,0.0,0.0,0.0,0.0]",0,1,1
2026-08-11T10:25:41.834783+00:00,1231337.301176,disarmed_link,0.0000000,0.0000000,0.0000000,0.0000000,,,0,1,1,1,0,1,0.000000,283,14201,1,0,1,1,0,1,0,1122443910,185,51454,1231337202,99,0,-1.0336788,0.0012295,"[0.8688945174217224,-0.029142988845705986,0.01969999261200428,-0.4937458336353302]","[-0.0020020497031509876,0.0021225123200565577,0.0012295146007090807]","[0.004482999909669161,-0.6965559720993042,9.737249374389648]",0.0005533,5.422,"[0.0,0.0,0.0,0.0]","[0.0,0.0,0.0,0.0,0.0,0.0,0.0,0.0]","[0.0,0.0,0.0,0.0,0.0,0.0,0.0,0.0]",0,1,1
2026-08-11T10:25:41.884843+00:00,1231337.351181,disarmed_link,0.0000000,0.0000000,0.0000000,0.0000000,,,0,1,1,1,0,1,0.000000,284,14251,1,0,1,1,0,1,0,1122443910,187,42173,1231337302,100,0,-1.0336531,0.0007997,"[0.8689011335372925,-0.02913297712802887,0.019727984443306923,-0.49373364448547363]","[-0.003214652184396982,0.002957023913040757,0.0007997447974048555]","[-0.04414999857544899,-0.6941059827804565,9.777434349060059]",0.0005533,5.422,"[0.0,0.0,0.0,0.0]","[0.0,0.0,0.0,0.0,0.0,0.0,0.0,0.0]","[0.0,0.0,0.0,0.0,0.0,0.0,0.0,0.0]",0,1,1
2026-08-11T10:25:41.934848+00:00,1231337.401127,disarmed_link,0.0000000,0.0000000,0.0000000,0.0000000,,,0,1,1,1,0,1,0.000000,285,14301,1,0,1,1,0,1,0,1122443910,187,42173,1231337302,100,0,-1.0336666,0.0012479,"[0.8688979148864746,-0.029129983857274055,0.019721990451216698,-0.49373969435691833]","[-0.0026186048053205013,0.0008787558763287961,0.0012479278957471251]","[-0.09352400153875351,-0.682869017124176,9.815083503723145]",0.0006138,6.016,"[0.0,0.0,0.0,0.0]","[0.0,0.0,0.0,0.0,0.0,0.0,0.0,0.0]","[0.0,0.0,0.0,0.0,0.0,0.0,0.0,0.0]",0,1,1
2026-08-11T10:25:41.983872+00:00,1231337.451117,disarmed_link,0.0000000,0.0000000,0.0000000,0.0000000,,,0,1,1,1,0,1,0.000000,286,14351,1,0,1,1,0,1,0,1122443910,187,42173,1231337302,100,0,-1.0336775,0.0012258,"[0.8688957691192627,-0.02911396697163582,0.019723976030945778,-0.4937444031238556]","[-0.0007801447063684464,0.0027384741697460413,0.0012258320348337293]","[-0.1078139990568161,-0.675512969493866,9.819609642028809]",0.0006138,6.016,"[0.0,0.0,0.0,0.0]","[0.0,0.0,0.0,0.0,0.0,0.0,0.0,0.0]","[0.0,0.0,0.0,0.0,0.0,0.0,0.0,0.0]",0,1,1
2026-08-11T10:25:42.034212+00:00,1231337.501187,disarmed_link,0.0000000,0.0000000,0.0000000,0.0000000,,,0,1,1,1,0,1,0.000000,287,14401,1,0,1,1,0,1,0,1122443910,187,42173,1231337302,100,0,-1.0336815,0.0012295,"[0.8688958883285522,-0.02907998487353325,0.01971098966896534,-0.49374669790267944]","[-0.0020020497031509876,0.0021225123200565577,0.0012295146007090807]","[-0.12223099917173386,-0.6823700070381165,9.838735580444336]",0.0006553,6.422,"[0.0,0.0,0.0,0.0]","[0.0,0.0,0.0,0.0,0.0,0.0,0.0,0.0]","[0.0,0.0,0.0,0.0,0.0,0.0,0.0,0.0]",0,1,1
2026-08-11T10:25:42.084755+00:00,1231337.551185,disarmed_link,0.0000000,0.0000000,0.0000000,0.0000000,,,0,1,1,1,0,1,0.000000,288,14451,1,0,1,1,0,1,0,1122443910,187,42173,1231337302,100,0,-1.0336729,0.0012479,"[0.868898332118988,-0.029071994125843048,0.019710997119545937,-0.4937429428100586]","[-0.0026186048053205013,0.0008787558763287961,0.0012479278957471251]","[-0.14124399423599243,-0.6776549816131592,9.826452255249023]",0.0006553,6.422,"[0.0,0.0,0.0,0.0]","[0.0,0.0,0.0,0.0,0.0,0.0,0.0,0.0]","[0.0,0.0,0.0,0.0,0.0,0.0,0.0,0.0]",0,1,1
2026-08-11T10:25:42.134871+00:00,1231337.601189,disarmed_link,0.0000000,0.0000000,0.0000000,0.0000000,,,0,1,1,1,0,1,0.000000,289,14501,1,0,1,1,0,1,0,1122443910,192,23342,1231337552,101,0,-1.0336772,0.0012442,"[0.8688979148864746,-0.02904898300766945,0.019715989008545876,-0.49374470114707947]","[-0.003227690001949668,0.0008827003184705973,0.0012442453298717737]","[-0.1388629972934723,-0.6751869916915894,9.831242561340332]",0.0006330,6.203,"[0.0,0.0,0.0,0.0]","[0.0,0.0,0.0,0.0,0.0,0.0,0.0,0.0]","[0.0,0.0,0.0,0.0,0.0,0.0,0.0,0.0]",0,1,1
2026-08-11T10:25:42.184559+00:00,1231337.651175,disarmed_link,0.0000000,0.0000000,0.0000000,0.0000000,,,0,1,1,1,0,1,0.000000,290,14551,1,0,1,1,0,1,0,1122443910,192,23342,1231337552,101,0,-1.0336446,0.0024708,"[0.8689064383506775,-0.02903698943555355,0.019679993391036987,-0.49373185634613037]","[-0.0026204201858490705,0.0008941845735535026,0.0024708453565835953]","[-0.10051800310611725,-0.6835330128669739,9.769433975219727]",0.0006330,6.203,"[0.0,0.0,0.0,0.0]","[0.0,0.0,0.0,0.0,0.0,0.0,0.0,0.0]","[0.0,0.0,0.0,0.0,0.0,0.0,0.0,0.0]",0,1,1
2026-08-11T10:25:42.234749+00:00,1231337.701116,disarmed_link,0.0000000,0.0000000,0.0000000,0.0000000,,,0,1,1,1,0,1,0.000000,291,14601,1,0,1,1,0,1,0,1122443910,192,23342,1231337552,101,0,-1.0336158,0.0025114,"[0.8689144849777222,-0.029009971767663956,0.01964998058974743,-0.49372050166130066]","[-0.0014134374214336276,-0.000985186081379652,0.002511406783014536]","[-0.09092199802398682,-0.6862750053405762,9.750395774841309]",0.0006011,5.891,"[0.0,0.0,0.0,0.0]","[0.0,0.0,0.0,0.0,0.0,0.0,0.0,0.0]","[0.0,0.0,0.0,0.0,0.0,0.0,0.0,0.0]",0,1,1
2026-08-11T10:25:42.284241+00:00,1231337.751161,disarmed_link,0.0000000,0.0000000,0.0000000,0.0000000,,,0,1,1,1,0,1,0.000000,292,14651,1,0,1,1,0,1,0,1122443910,192,23342,1231337552,101,0,-1.0335941,0.0012664,"[0.8689202666282654,-0.028998995199799538,0.019626997411251068,-0.493711918592453]","[-0.001404169830493629,0.00024705135729163885,0.0012663761153817177]","[-0.0645579993724823,-0.6721839904785156,9.73609733581543]",0.0006378,6.250,"[0.0,0.0,0.0,0.0]","[0.0,0.0,0.0,0.0,0.0,0.0,0.0,0.0]","[0.0,0.0,0.0,0.0,0.0,0.0,0.0,0.0]",0,1,1
2026-08-11T10:25:42.334873+00:00,1231337.801178,disarmed_link,0.0000000,0.0000000,0.0000000,0.0000000,,,0,1,1,1,0,1,0.000000,293,14701,1,0,1,1,0,1,0,1122443910,196,14912,1231337751,102,0,-1.0335774,0.0012811,"[0.8689243793487549,-0.028998976573348045,0.01962898299098015,-0.49370458722114563]","[-0.0007988197612576187,-0.0003807086613960564,0.0012811415363103151]","[-0.040633998811244965,-0.6750659942626953,9.712425231933594]",0.0006378,6.250,"[0.0,0.0,0.0,0.0]","[0.0,0.0,0.0,0.0,0.0,0.0,0.0,0.0]","[0.0,0.0,0.0,0.0,0.0,0.0,0.0,0.0]",0,1,1
2026-08-11T10:25:42.384828+00:00,1231337.851183,disarmed_link,0.0000000,0.0000000,0.0000000,0.0000000,,,0,1,1,1,0,1,0.000000,294,14751,1,0,1,1,0,1,0,1122443910,197,33398,1231337802,103,0,-1.0335575,0.0012701,"[0.8689300417900085,-0.028975998982787132,0.019602997228503227,-0.4936969578266144]","[-0.0007950847502797842,0.00024312437744811177,0.0012700761435553432]","[-0.03346199914813042,-0.685014009475708,9.693464279174805]",0.0007270,7.125,"[0.0,0.0,0.0,0.0]","[0.0,0.0,0.0,0.0,0.0,0.0,0.0,0.0]","[0.0,0.0,0.0,0.0,0.0,0.0,0.0,0.0]",0,1,1
2026-08-11T10:25:42.434819+00:00,1231337.901189,disarmed_link,0.0000000,0.0000000,0.0000000,0.0000000,,,0,1,1,1,0,1,0.000000,295,14801,1,0,1,1,0,1,0,1122443910,197,33398,1231337802,103,0,-1.0335546,0.0012664,"[0.8689313530921936,-0.028958993032574654,0.019596993923187256,-0.4936958849430084]","[-0.0032351596746593714,-0.0003649658174254,0.0012663586530834436]","[0.0023350000847131014,-0.6828100085258484,9.691444396972656]",0.0007270,7.125,"[0.0,0.0,0.0,0.0]","[0.0,0.0,0.0,0.0,0.0,0.0,0.0,0.0]","[0.0,0.0,0.0,0.0,0.0,0.0,0.0,0.0]",0,1,1
2026-08-11T10:25:42.484785+00:00,1231337.951178,disarmed_link,0.0000000,0.0000000,0.0000000,0.0000000,,,0,1,1,1,0,1,0.000000,296,14851,1,0,1,1,0,1,0,1122443910,197,33398,1231337802,103,0,-1.0335596,0.0012664,"[0.8689301013946533,-0.028957976028323174,0.019583983346819878,-0.4936985671520233]","[-0.0032351596746593714,-0.0003649658174254,0.0012663586530834436]","[0.026280000805854797,-0.6734809875488281,9.67958927154541]",0.0006904,6.766,"[0.0,0.0,0.0,0.0]","[0.0,0.0,0.0,0.0,0.0,0.0,0.0,0.0]","[0.0,0.0,0.0,0.0,0.0,0.0,0.0,0.0]",0,1,1
2026-08-11T10:25:42.534867+00:00,1231338.001209,disarmed_link,0.0000000,0.0000000,0.0000000,0.0000000,,,0,1,1,1,0,1,0.000000,297,14901,1,0,1,1,0,1,0,1122443910,197,33398,1231337802,103,0,-1.0335556,0.0012442,"[0.868931233882904,-0.02895597368478775,0.019563982263207436,-0.4936975836753845]","[-0.003227690001949668,0.0008827003184705973,0.0012442453298717737]","[0.030949000269174576,-0.6829050183296204,9.694174766540527]",0.0006904,6.766,"[0.0,0.0,0.0,0.0]","[0.0,0.0,0.0,0.0,0.0,0.0,0.0,0.0]","[0.0,0.0,0.0,0.0,0.0,0.0,0.0,0.0]",0,1,1
2026-08-11T10:25:42.584664+00:00,1231338.051125,disarmed_link,0.0000000,0.0000000,0.0000000,0.0000000,,,0,1,1,1,0,1,0.000000,298,14951,1,0,1,1,0,1,0,1122443910,201,53043,1231338002,104,0,-1.0335481,0.0018852,"[0.8689332604408264,-0.028950996696949005,0.01957399770617485,-0.4936939477920532]","[-0.0020178973209112883,-0.00036512286169454455,0.0018852000357583165]","[0.023793000727891922,-0.6779509782791138,9.701214790344238]",0.0005995,5.875,"[0.0,0.0,0.0,0.0]","[0.0,0.0,0.0,0.0,0.0,0.0,0.0,0.0]","[0.0,0.0,0.0,0.0,0.0,0.0,0.0,0.0]",0,1,1
2026-08-11T10:25:42.634454+00:00,1231338.101115,disarmed_link,0.0000000,0.0000000,0.0000000,0.0000000,,,0,1,1,1,0,1,0.000000,299,15001,1,0,1,1,0,1,0,1122443910,201,53043,1231338002,104,0,-1.0335366,0.0012442,"[0.8689360618591309,-0.028950978070497513,0.019556984305381775,-0.4936895966529846]","[-0.003227690001949668,0.0008827003184705973,0.0012442453298717737]","[0.0021869998890906572,-0.6846280097961426,9.729850769042969]",0.0005995,5.875,"[0.0,0.0,0.0,0.0]","[0.0,0.0,0.0,0.0,0.0,0.0,0.0,0.0]","[0.0,0.0,0.0,0.0,0.0,0.0,0.0,0.0]",0,1,1
2026-08-11T10:25:42.684810+00:00,1231338.151177,disarmed_link,0.0000000,0.0000000,0.0000000,0.0000000,,,0,1,1,1,0,1,0.000000,300,15051,1,0,1,1,0,1,0,1122443910,201,53043,1231338002,104,0,-1.0335263,0.0006402,"[0.8689385056495667,-0.028955990448594093,0.019562993198633194,-0.493684858083725]","[-0.0020086122676730156,0.0008671144605614245,0.0006401693099178374]","[-0.009797999635338783,-0.6941580176353455,9.732253074645996]",0.0005477,5.367,"[0.0,0.0,0.0,0.0]","[0.0,0.0,0.0,0.0,0.0,0.0,0.0,0.0]","[0.0,0.0,0.0,0.0,0.0,0.0,0.0,0.0]",0,1,1
2026-08-11T10:25:42.734871+00:00,1231338.201197,disarmed_link,0.0000000,0.0000000,0.0000000,0.0000000,,,0,1,1,1,0,1,0.000000,301,15101,1,0,1,1,0,1,0,1122443910,201,53043,1231338002,104,0,-1.0335027,0.0000336,"[0.8689446449279785,-0.02894696779549122,0.019567977637052536,-0.4936744272708893]","[-0.002416251227259636,0.00044612359488382936,3.363249561516568e-05]","[-0.045680999755859375,-0.679593026638031,9.782000541687012]",0.0005477,5.367,"[0.0,0.0,0.0,0.0]","[0.0,0.0,0.0,0.0,0.0,0.0,0.0,0.0]","[0.0,0.0,0.0,0.0,0.0,0.0,0.0,0.0]",0,1,1
2026-08-11T10:25:42.783880+00:00,1231338.251167,disarmed_link,0.0000000,0.0000000,0.0000000,0.0000000,,,0,1,1,1,0,1,0.000000,302,15151,1,0,1,1,0,1,0,1122443910,201,53043,1231338002,104,0,-1.0335041,0.0024376,"[0.868943989276886,-0.028953978791832924,0.01957898773252964,-0.493674635887146]","[-0.004440204706043005,0.0021536664571613073,0.0024376490619033575]","[-0.10546699911355972,-0.6827409863471985,9.819742202758789]",0.0005580,5.469,"[0.0,0.0,0.0,0.0]","[0.0,0.0,0.0,0.0,0.0,0.0,0.0,0.0]","[0.0,0.0,0.0,0.0,0.0,0.0,0.0,0.0]",0,1,1
2026-08-11T10:25:42.834024+00:00,1231338.301162,disarmed_link,0.0000000,0.0000000,0.0000000,0.0000000,,,0,1,1,1,0,1,0.000000,303,15201,1,0,1,1,0,1,0,1122443910,206,18829,1231338251,105,0,-1.0334719,0.0024487,"[0.8689517378807068,-0.028961986303329468,0.01957499235868454,-0.49366074800491333]","[-0.002612949814647436,0.002141867997124791,0.0024487320333719254]","[-0.11743099987506866,-0.6800599694252014,9.83395767211914]",0.0005612,5.500,"[0.0,0.0,0.0,0.0]","[0.0,0.0,0.0,0.0,0.0,0.0,0.0,0.0]","[0.0,0.0,0.0,0.0,0.0,0.0,0.0,0.0]",0,1,1
2026-08-11T10:25:42.883987+00:00,1231338.351152,disarmed_link,0.0000000,0.0000000,0.0000000,0.0000000,,,0,1,1,1,0,1,0.000000,304,15251,1,0,1,1,0,1,0,1122443910,206,18829,1231338251,105,0,-1.0334679,0.0012701,"[0.868952214717865,-0.028978992253541946,0.019575996324419975,-0.4936589300632477]","[-0.0026260747108608484,-0.0003689102304633707,0.0012700586812570691]","[-0.13416099548339844,-0.6847569942474365,9.836233139038086]",0.0005612,5.500,"[0.0,0.0,0.0,0.0]","[0.0,0.0,0.0,0.0,0.0,0.0,0.0,0.0]","[0.0,0.0,0.0,0.0,0.0,0.0,0.0,0.0]",0,1,1
2026-08-11T10:25:42.934607+00:00,1231338.401112,disarmed_link,0.0000000,0.0000000,0.0000000,0.0000000,,,0,1,1,1,0,1,0.000000,305,15301,1,0,1,1,0,1,0,1122443910,206,18829,1231338251,105,0,-1.0334487,0.0024708,"[0.8689562082290649,-0.028999995440244675,0.019592996686697006,-0.4936499297618866]","[-0.0026204201858490705,0.0008941845735535026,0.0024708453565835953]","[-0.13410499691963196,-0.6776149868965149,9.831332206726074]",0.0005660,5.547,"[0.0,0.0,0.0,0.0]","[0.0,0.0,0.0,0.0,0.0,0.0,0.0,0.0]","[0.0,0.0,0.0,0.0,0.0,0.0,0.0,0.0]",0,1,1
2026-08-11T10:25:42.984261+00:00,1231338.451164,disarmed_link,0.0000000,0.0000000,0.0000000,0.0000000,,,0,1,1,1,0,1,0.000000,306,15351,1,0,1,1,0,1,0,1122443910,206,18829,1231338251,105,0,-1.0334215,0.0018483,"[0.8689626455307007,-0.029008984565734863,0.019600991159677505,-0.4936377704143524]","[-0.004446767270565033,0.0008982686558738351,0.0018483035964891315]","[-0.14123499393463135,-0.6776919960975647,9.824053764343262]",0.0005660,5.547,"[0.0,0.0,0.0,0.0]","[0.0,0.0,0.0,0.0,0.0,0.0,0.0,0.0]","[0.0,0.0,0.0,0.0,0.0,0.0,0.0,0.0]",0,1,1
2026-08-11T10:25:43.034183+00:00,1231338.501156,disarmed_link,0.0000000,0.0000000,0.0000000,0.0000000,,,0,1,1,1,0,1,0.000000,307,15401,1,0,1,1,0,1,0,1122443910,206,18829,1231338251,105,0,-1.0334150,0.0012246,"[0.868963897228241,-0.029017983004450798,0.019607989117503166,-0.4936347007751465]","[-0.004034834913909435,0.0017197253182530403,0.0012245753314346075]","[-0.10449700057506561,-0.6793950200080872,9.776524543762207]",0.0005269,5.164,"[0.0,0.0,0.0,0.0]","[0.0,0.0,0.0,0.0,0.0,0.0,0.0,0.0]","[0.0,0.0,0.0,0.0,0.0,0.0,0.0,0.0]",0,1,1
2026-08-11T10:25:43.084477+00:00,1231338.551112,disarmed_link,0.0000000,0.0000000,0.0000000,0.0000000,,,0,1,1,1,0,1,0.000000,308,15451,1,0,1,1,0,1,0,1122443910,211,23251,1231338501,106,0,-1.0333786,0.0024635,"[0.8689724802970886,-0.02902999147772789,0.01963399350643158,-0.49361786246299744]","[-0.003838589880615473,0.0009020559955388308,0.0024634625297039747]","[-0.05266200006008148,-0.6794919967651367,9.733942985534668]",0.0005269,5.164,"[0.0,0.0,0.0,0.0]","[0.0,0.0,0.0,0.0,0.0,0.0,0.0,0.0]","[0.0,0.0,0.0,0.0,0.0,0.0,0.0,0.0]",0,1,1
2026-08-11T10:25:43.134279+00:00,1231338.601164,disarmed_link,0.0000000,0.0000000,0.0000000,0.0000000,,,0,1,1,1,0,1,0.000000,309,15501,1,0,1,1,0,1,0,1122443910,212,65099,1231338552,107,0,-1.0333704,0.0012442,"[0.8689736723899841,-0.029055962339043617,0.01962997578084469,-0.49361440539360046]","[-0.003227690001949668,0.0008827003184705973,0.0012442453298717737]","[-0.045336998999118805,-0.6704170107841492,9.700309753417969]",0.0004727,4.633,"[0.0,0.0,0.0,0.0]","[0.0,0.0,0.0,0.0,0.0,0.0,0.0,0.0]","[0.0,0.0,0.0,0.0,0.0,0.0,0.0,0.0]",0,1,1
2026-08-11T10:25:43.184711+00:00,1231338.651173,disarmed_link,0.0000000,0.0000000,0.0000000,0.0000000,,,0,1,1,1,0,1,0.000000,310,15551,1,0,1,1,0,1,0,1122443910,213,31208,1231338601,108,0,-1.0333444,0.0024893,"[0.8689796924591064,-0.02906898781657219,0.019638992846012115,-0.4936027526855469]","[-0.003236974822357297,-0.00034955458249896765,0.002489258535206318]","[-0.021501999348402023,-0.6802939772605896,9.691132545471191]",0.0004727,4.633,"[0.0,0.0,0.0,0.0]","[0.0,0.0,0.0,0.0,0.0,0.0,0.0,0.0]","[0.0,0.0,0.0,0.0,0.0,0.0,0.0,0.0]",0,1,1
2026-08-11T10:25:43.234406+00:00,1231338.701165,disarmed_link,0.0000000,0.0000000,0.0000000,0.0000000,,,0,1,1,1,0,1,0.000000,311,15601,1,0,1,1,0,1,0,1122443910,213,31208,1231338601,108,0,-1.0333159,0.0024893,"[0.8689865469932556,-0.029073990881443024,0.019652992486953735,-0.4935898184776306]","[-0.003236974822357297,-0.00034955458249896765,0.002489258535206318]","[-0.007195999845862389,-0.6877229809761047,9.681812286376953]",0.0004480,4.391,"[0.0,0.0,0.0,0.0]","[0.0,0.0,0.0,0.0,0.0,0.0,0.0,0.0]","[0.0,0.0,0.0,0.0,0.0,0.0,0.0,0.0]",0,1,1
2026-08-11T10:25:43.283874+00:00,1231338.751170,disarmed_link,0.0000000,0.0000000,0.0000000,0.0000000,,,0,1,1,1,0,1,0.000000,312,15651,1,0,1,1,0,1,0,1122443910,215,35174,1231338701,109,0,-1.0333254,0.0024893,"[0.8689836263656616,-0.02908998914062977,0.019657988101243973,-0.4935937523841858]","[-0.003236974822357297,-0.00034955458249896765,0.002489258535206318]","[0.013482999987900257,-0.6796540021896362,9.691526412963867]",0.0004480,4.391,"[0.0,0.0,0.0,0.0]","[0.0,0.0,0.0,0.0,0.0,0.0,0.0,0.0]","[0.0,0.0,0.0,0.0,0.0,0.0,0.0,0.0]",0,1,1
2026-08-11T10:25:43.334003+00:00,1231338.801156,disarmed_link,0.0000000,0.0000000,0.0000000,0.0000000,,,0,1,1,1,0,1,0.000000,313,15701,1,0,1,1,0,1,0,1122443910,215,35174,1231338701,109,0,-1.0333008,0.0012332,"[0.8689897656440735,-0.029088985174894333,0.01966598816215992,-0.49358272552490234]","[-0.003223954699933529,0.0015065333573147655,0.0012331799371168017]","[0.023806000128388405,-0.6804659962654114,9.694055557250977]",0.0004735,4.641,"[0.0,0.0,0.0,0.0]","[0.0,0.0,0.0,0.0,0.0,0.0,0.0,0.0]","[0.0,0.0,0.0,0.0,0.0,0.0,0.0,0.0]",0,1,1
2026-08-11T10:25:43.383856+00:00,1231338.851161,disarmed_link,0.0000000,0.0000000,0.0000000,0.0000000,,,0,1,1,1,0,1,0.000000,314,15751,1,0,1,1,0,1,0,1122443910,217,19764,1231338801,110,0,-1.0333055,0.0018705,"[0.8689882159233093,-0.029098978266119957,0.019670985639095306,-0.49358460307121277]","[-0.0026232474483549595,0.0002626371569931507,0.0018704519607126713]","[0.011714999563992023,-0.6919980049133301,9.722871780395508]",0.0004504,4.414,"[0.0,0.0,0.0,0.0]","[0.0,0.0,0.0,0.0,0.0,0.0,0.0,0.0]","[0.0,0.0,0.0,0.0,0.0,0.0,0.0,0.0]",0,1,1
2026-08-11T10:25:43.433924+00:00,1231338.901185,disarmed_link,0.0000000,0.0000000,0.0000000,0.0000000,,,0,1,1,1,0,1,0.000000,315,15801,1,0,1,1,0,1,0,1122443910,217,19764,1231338801,110,0,-1.0332938,0.0006402,"[0.8689908981323242,-0.02910398319363594,0.01969398930668831,-0.49357870221138]","[-0.0020086122676730156,0.0008671144605614245,0.0006401693099178374]","[-0.012144000269472599,-0.6869310140609741,9.7321195602417]",0.0004504,4.414,"[0.0,0.0,0.0,0.0]","[0.0,0.0,0.0,0.0,0.0,0.0,0.0,0.0]","[0.0,0.0,0.0,0.0,0.0,0.0,0.0,0.0]",0,1,1
2026-08-11T10:25:43.483716+00:00,1231338.951105,disarmed_link,0.0000000,0.0000000,0.0000000,0.0000000,,,0,1,1,1,0,1,0.000000,316,15851,1,0,1,1,0,1,0,1122443910,217,19764,1231338801,110,0,-1.0332987,0.0012295,"[0.8689900636672974,-0.029092997312545776,0.019689997658133507,-0.49358096718788147]","[-0.0020020497031509876,0.0021225123200565577,0.0012295146007090807]","[-0.021705999970436096,-0.6794139742851257,9.748689651489258]",0.0004496,4.406,"[0.0,0.0,0.0,0.0]","[0.0,0.0,0.0,0.0,0.0,0.0,0.0,0.0]","[0.0,0.0,0.0,0.0,0.0,0.0,0.0,0.0]",0,1,1
2026-08-11T10:25:43.533898+00:00,1231339.001167,disarmed_link,0.0000000,0.0000000,0.0000000,0.0000000,,,0,1,1,1,0,1,0.000000,317,15901,1,0,1,1,0,1,0,1122443910,217,19764,1231338801,110,0,-1.0332620,0.0012664,"[0.8689987063407898,-0.029108984395861626,0.019666992127895355,-0.49356579780578613]","[-0.0032351596746593714,-0.0003649658174254,0.0012663586530834436]","[-0.04807399958372116,-0.6861060261726379,9.774872779846191]",0.0004496,4.406,"[0.0,0.0,0.0,0.0]","[0.0,0.0,0.0,0.0,0.0,0.0,0.0,0.0]","[0.0,0.0,0.0,0.0,0.0,0.0,0.0,0.0]",0,1,1
2026-08-11T10:25:43.583893+00:00,1231339.051193,disarmed_link,0.0000000,0.0000000,0.0000000,0.0000000,,,0,1,1,1,0,1,0.000000,318,15951,1,0,1,1,0,1,0,1122443910,217,19764,1231338801,110,0,-1.0332454,0.0024376,"[0.8690021634101868,-0.029123973101377487,0.019668983295559883,-0.4935585558414459]","[-0.005660871043801308,0.0017456435598433018,0.002437631832435727]","[-0.09989699721336365,-0.6885259747505188,9.810296058654785]",0.0004576,4.484,"[0.0,0.0,0.0,0.0]","[0.0,0.0,0.0,0.0,0.0,0.0,0.0,0.0]","[0.0,0.0,0.0,0.0,0.0,0.0,0.0,0.0]",0,1,1
2026-08-11T10:25:43.633902+00:00,1231339.101163,disarmed_link,0.0000000,0.0000000,0.0000000,0.0000000,,,0,1,1,1,0,1,0.000000,319,16001,1,0,1,1,0,1,0,1122443910,217,19764,1231338801,110,0,-1.0332373,0.0012553,"[0.8690041303634644,-0.0291300006210804,0.01966799981892109,-0.4935550093650818]","[-0.0014004347613081336,0.000870884396135807,0.001255328068509698]","[-0.13175000250339508,-0.6897990107536316,9.821942329406738]",0.0004576,4.484,"[0.0,0.0,0.0,0.0]","[0.0,0.0,0.0,0.0,0.0,0.0,0.0,0.0]","[0.0,0.0,0.0,0.0,0.0,0.0,0.0,0.0]",0,1,1
2026-08-11T10:25:43.683699+00:00,1231339.151104,disarmed_link,0.0000000,0.0000000,0.0000000,0.0000000,,,0,1,1,1,0,1,0.000000,320,16051,1,0,1,1,0,1,0,1122443910,217,19764,1231338801,110,0,-1.0332395,0.0024819,"[0.869003415107727,-0.029135992750525475,0.019641993567347527,-0.4935568869113922]","[-0.0007931648287922144,0.0008823861135169864,0.0024819280952215195]","[-0.13887999951839447,-0.6849560141563416,9.821788787841797]",0.0004791,4.695,"[0.0,0.0,0.0,0.0]","[0.0,0.0,0.0,0.0,0.0,0.0,0.0,0.0]","[0.0,0.0,0.0,0.0,0.0,0.0,0.0,0.0]",0,1,1
2026-08-11T10:25:43.733927+00:00,1231339.201154,disarmed_link,0.0000000,0.0000000,0.0000000,0.0000000,,,0,1,1,1,0,1,0.000000,321,16101,1,0,1,1,0,1,0,1122443910,224,48468,1231339151,111,0,-1.0332234,0.0024782,"[0.8690078258514404,-0.029122985899448395,0.01961999014019966,-0.49355074763298035]","[0.0004287401679903269,0.0014983651926741004,0.002478245412930846]","[-0.12922899425029755,-0.6756349802017212,9.804969787597656]",0.0004791,4.695,"[0.0,0.0,0.0,0.0]","[0.0,0.0,0.0,0.0,0.0,0.0,0.0,0.0]","[0.0,0.0,0.0,0.0,0.0,0.0,0.0,0.0]",0,1,1
2026-08-11T10:25:43.783685+00:00,1231339.251100,disarmed_link,0.0000000,0.0000000,0.0000000,0.0000000,,,0,1,1,1,0,1,0.000000,322,16151,1,0,1,1,0,1,0,1122443910,225,28491,1231339201,112,0,-1.0332315,0.0006254,"[0.8690063953399658,-0.02910599671304226,0.019603997468948364,-0.4935549199581146]","[-0.002613962162286043,0.0014948920579627156,0.0006254212930798531]","[-0.11254999786615372,-0.680558979511261,9.802837371826172]",0.0004791,4.695,"[0.0,0.0,0.0,0.0]","[0.0,0.0,0.0,0.0,0.0,0.0,0.0,0.0]","[0.0,0.0,0.0,0.0,0.0,0.0,0.0,0.0]",0,1,1
2026-08-11T10:25:43.833904+00:00,1231339.301180,disarmed_link,0.0000000,0.0000000,0.0000000,0.0000000,,,0,1,1,1,0,1,0.000000,323,16201,1,0,1,1,0,1,0,1122443910,225,28491,1231339201,112,0,-1.0331955,0.0024967,"[0.869015634059906,-0.029097989201545715,0.019587991759181023,-0.49353981018066406]","[-0.002018804894760251,-0.0003574085421860218,0.002496658591553569]","[-0.11005000025033951,-0.683525025844574,9.766925811767578]",0.0004791,4.695,"[0.0,0.0,0.0,0.0]","[0.0,0.0,0.0,0.0,0.0,0.0,0.0,0.0]","[0.0,0.0,0.0,0.0,0.0,0.0,0.0,0.0]",0,1,1
2026-08-11T10:25:43.883830+00:00,1231339.351177,disarmed_link,0.0000000,0.0000000,0.0000000,0.0000000,,,0,1,1,1,0,1,0.000000,324,16251,1,0,1,1,0,1,0,1122443910,225,28491,1231339201,112,0,-1.0331402,0.0016494,"[0.8690301775932312,-0.02906997688114643,0.01956598274409771,-0.49351662397384644]","[-0.002413685666397214,0.0012984900968149304,0.0016494233859702945]","[-0.05817800015211105,-0.6788600087165833,9.721076011657715]",0.0004321,4.234,"[0.0,0.0,0.0,0.0]","[0.0,0.0,0.0,0.0,0.0,0.0,0.0,0.0]","[0.0,0.0,0.0,0.0,0.0,0.0,0.0,0.0]",0,1,1
2026-08-11T10:25:43.933802+00:00,1231339.401164,disarmed_link,0.0000000,0.0000000,0.0000000,0.0000000,,,0,1,1,1,0,1,0.000000,325,16301,1,0,1,1,0,1,0,1122443910,225,28491,1231339201,112,0,-1.0331035,0.0025077,"[0.8690397143363953,-0.029056986793875694,0.019562993198633194,-0.49350079894065857]","[-0.00019153243920300156,-0.0003692069440148771,0.0025077241007238626]","[-0.009537999518215656,-0.6780539751052856,9.684041023254395]",0.0004353,4.266,"[0.0,0.0,0.0,0.0]","[0.0,0.0,0.0,0.0,0.0,0.0,0.0,0.0]","[0.0,0.0,0.0,0.0,0.0,0.0,0.0,0.0]",0,1,1
2026-08-11T10:25:43.983847+00:00,1231339.451164,disarmed_link,0.0000000,0.0000000,0.0000000,0.0000000,,,0,1,1,1,0,1,0.000000,326,16351,1,0,1,1,0,1,0,1122443910,229,52820,1231339401,113,0,-1.0330752,0.0012737,"[0.8690475225448608,-0.029031988233327866,0.019554993137717247,-0.4934888184070587]","[-0.0020169897470623255,-0.0003728372394107282,0.0012737413635477424]","[0.007207999937236309,-0.6783509850502014,9.669845581054688]",0.0004353,4.266,"[0.0,0.0,0.0,0.0]","[0.0,0.0,0.0,0.0,0.0,0.0,0.0,0.0]","[0.0,0.0,0.0,0.0,0.0,0.0,0.0,0.0]",0,1,1
2026-08-11T10:25:44.033929+00:00,1231339.501164,disarmed_link,0.0000000,0.0000000,0.0000000,0.0000000,,,0,1,1,1,0,1,0.000000,327,16401,1,0,1,1,0,1,0,1122443910,229,52820,1231339401,113,0,-1.0330528,0.0024819,"[0.8690535426139832,-0.02901899442076683,0.019558994099497795,-0.4934788942337036]","[-0.0007931648287922144,0.0008823861135169864,0.0024819280952215195]","[0.026187000796198845,-0.6878399848937988,9.684596061706543]",0.0004544,4.453,"[0.0,0.0,0.0,0.0]","[0.0,0.0,0.0,0.0,0.0,0.0,0.0,0.0]","[0.0,0.0,0.0,0.0,0.0,0.0,0.0,0.0]",0,1,1
2026-08-11T10:25:44.084431+00:00,1231339.551167,disarmed_link,0.0000000,0.0000000,0.0000000,0.0000000,,,0,1,1,1,0,1,0.000000,328,16451,1,0,1,1,0,1,0,1122443910,231,1935,1231339501,114,0,-1.0330068,0.0024819,"[0.8690661787986755,-0.028978997841477394,0.019532999023795128,-0.4934599697589874]","[-0.0007931648287922144,0.0008823861135169864,0.0024819280952215195]","[0.03330399841070175,-0.6950889825820923,9.684783935546875]",0.0004544,4.453,"[0.0,0.0,0.0,0.0]","[0.0,0.0,0.0,0.0,0.0,0.0,0.0,0.0]","[0.0,0.0,0.0,0.0,0.0,0.0,0.0,0.0]",0,1,1
2026-08-11T10:25:44.134185+00:00,1231339.601159,disarmed_link,0.0000000,0.0000000,0.0000000,0.0000000,,,0,1,1,1,0,1,0.000000,329,16501,1,0,1,1,0,1,0,1122443910,231,1935,1231339501,114,0,-1.0329705,0.0025016,"[0.8690758347511292,-0.028955984860658646,0.019518988206982613,-0.4934447705745697]","[1.3962633602204733e-05,4.534365507424809e-05,0.0025015980936586857]","[0.010192000307142735,-0.6840829849243164,9.715540885925293]",0.0004703,4.609,"[0.0,0.0,0.0,0.0]","[0.0,0.0,0.0,0.0,0.0,0.0,0.0,0.0]","[0.0,0.0,0.0,0.0,0.0,0.0,0.0,0.0]",0,1,1
2026-08-11T10:25:44.184032+00:00,1231339.651157,disarmed_link,0.0000000,0.0000000,0.0000000,0.0000000,,,0,1,1,1,0,1,0.000000,330,16551,1,0,1,1,0,1,0,1122443910,233,7744,1231339601,115,0,-1.0329616,0.0012480,"[0.8690791130065918,-0.028923995792865753,0.019517995417118073,-0.4934409260749817]","[-0.0007876147283241153,0.001490807975642383,0.0012479628203436732]","[-0.02657799981534481,-0.6838729977607727,9.770289421081543]",0.0004703,4.609,"[0.0,0.0,0.0,0.0]","[0.0,0.0,0.0,0.0,0.0,0.0,0.0,0.0]","[0.0,0.0,0.0,0.0,0.0,0.0,0.0,0.0]",0,1,1
2026-08-11T10:25:44.234157+00:00,1231339.701158,disarmed_link,0.0000000,0.0000000,0.0000000,0.0000000,,,0,1,1,1,0,1,0.000000,331,16601,1,0,1,1,0,1,0,1122443910,234,10338,1231339651,116,0,-1.0329144,0.0012406,"[0.8690918684005737,-0.028890982270240784,0.019510988146066666,-0.49342069029808044]","[-0.002005784772336483,0.0014986619353294373,0.0012405626475811005]","[-0.043299999088048935,-0.6836860179901123,9.777289390563965]",0.0004544,4.453,"[0.0,0.0,0.0,0.0]","[0.0,0.0,0.0,0.0,0.0,0.0,0.0,0.0]","[0.0,0.0,0.0,0.0,0.0,0.0,0.0,0.0]",0,1,1
2026-08-11T10:25:44.284518+00:00,1231339.751164,disarmed_link,0.0000000,0.0000000,0.0000000,0.0000000,,,0,1,1,1,0,1,0.000000,332,16651,1,0,1,1,0,1,0,1122443910,235,14844,1231339701,117,0,-1.0328937,0.0024598,"[0.8690977096557617,-0.028868963941931725,0.019518977031111717,-0.49341142177581787]","[-0.0007856949232518673,0.0021300697699189186,0.0024597973097115755]","[-0.06959199905395508,-0.6808670163154602,9.796137809753418]",0.0004544,4.453,"[0.0,0.0,0.0,0.0]","[0.0,0.0,0.0,0.0,0.0,0.0,0.0,0.0]","[0.0,0.0,0.0,0.0,0.0,0.0,0.0,0.0]",0,1,1
2026-08-11T10:25:44.333910+00:00,1231339.801151,disarmed_link,0.0000000,0.0000000,0.0000000,0.0000000,,,0,1,1,1,0,1,0.000000,333,16701,1,0,1,1,0,1,0,1122443910,235,14844,1231339701,117,0,-1.0328553,0.0024856,"[0.8691077828407288,-0.028851963579654694,0.01950097642838955,-0.4933953583240509]","[-0.00018406243179924786,0.0008784417295828462,0.0024856107775121927]","[-0.08392400294542313,-0.6782490015029907,9.805529594421387]",0.0004281,4.195,"[0.0,0.0,0.0,0.0]","[0.0,0.0,0.0,0.0,0.0,0.0,0.0,0.0]","[0.0,0.0,0.0,0.0,0.0,0.0,0.0,0.0]",0,1,1
2026-08-11T10:25:44.384427+00:00,1231339.851111,disarmed_link,0.0000000,0.0000000,0.0000000,0.0000000,,,0,1,1,1,0,1,0.000000,334,16751,1,0,1,1,0,1,0,1122443910,235,14844,1231339701,117,0,-1.0328462,0.0018410,"[0.8691107034683228,-0.028830990195274353,0.019492993131279945,-0.4933917820453644]","[-0.002002957509830594,0.002130209468305111,0.0018409732729196548]","[-0.10303899645805359,-0.6780139803886414,9.814902305603027]",0.0004281,4.195,"[0.0,0.0,0.0,0.0]","[0.0,0.0,0.0,0.0,0.0,0.0,0.0,0.0]","[0.0,0.0,0.0,0.0,0.0,0.0,0.0,0.0]",0,1,1
2026-08-11T10:25:44.434003+00:00,1231339.901109,disarmed_link,0.0000000,0.0000000,0.0000000,0.0000000,,,0,1,1,1,0,1,0.000000,335,16801,1,0,1,1,0,1,0,1122443910,235,14844,1231339701,117,0,-1.0328389,0.0012664,"[0.8691126108169556,-0.028826987370848656,0.01948799006640911,-0.4933888018131256]","[-0.0020144940353929996,4.30398213211447e-05,0.0012663761153817177]","[-0.1252959966659546,-0.6705489754676819,9.824131965637207]",0.0004345,4.258,"[0.0,0.0,0.0,0.0]","[0.0,0.0,0.0,0.0,0.0,0.0,0.0,0.0]","[0.0,0.0,0.0,0.0,0.0,0.0,0.0,0.0]",0,1,1
2026-08-11T10:25:44.484439+00:00,1231339.951113,disarmed_link,0.0000000,0.0000000,0.0000000,0.0000000,,,0,1,1,1,0,1,0.000000,336,16851,1,0,1,1,0,1,0,1122443910,235,14844,1231339701,117,0,-1.0328202,0.0012184,"[0.8691173195838928,-0.028823992237448692,0.019481996074318886,-0.49338090419769287]","[-0.001998314866796136,0.002746345242485404,0.0012184493243694305]","[-0.13165199756622314,-0.6779189705848694,9.812173843383789]",0.0004345,4.258,"[0.0,0.0,0.0,0.0]","[0.0,0.0,0.0,0.0,0.0,0.0,0.0,0.0]","[0.0,0.0,0.0,0.0,0.0,0.0,0.0,0.0]",0,1,1
2026-08-11T10:25:44.534179+00:00,1231340.001112,disarmed_link,0.0000000,0.0000000,0.0000000,0.0000000,,,0,1,1,1,0,1,0.000000,337,16901,1,0,1,1,0,1,0,1122443910,240,16563,1231339951,118,0,-1.0327975,0.0000066,"[0.869123101234436,-0.028817974030971527,0.019466983154416084,-0.4933715760707855]","[-0.0020002522505819798,0.002107083797454834,6.61479771224549e-06]","[-0.12202200293540955,-0.6758880019187927,9.790664672851562]",0.0004241,4.156,"[0.0,0.0,0.0,0.0]","[0.0,0.0,0.0,0.0,0.0,0.0,0.0,0.0]","[0.0,0.0,0.0,0.0,0.0,0.0,0.0,0.0]",0,1,1
2026-08-11T10:25:44.584490+00:00,1231340.051115,disarmed_link,0.0000000,0.0000000,0.0000000,0.0000000,,,0,1,1,1,0,1,0.000000,338,16951,1,0,1,1,0,1,0,1122443910,240,16563,1231339951,118,0,-1.0327778,0.0012369,"[0.8691277503967285,-0.028826987370848656,0.019472990185022354,-0.49336275458335876]","[-0.002614869736135006,0.0015026063192635775,0.0012368799652904272]","[-0.11722199618816376,-0.6834189891815186,9.771639823913574]",0.0005269,5.164,"[0.0,0.0,0.0,0.0]","[0.0,0.0,0.0,0.0,0.0,0.0,0.0,0.0]","[0.0,0.0,0.0,0.0,0.0,0.0,0.0,0.0]",0,1,1
2026-08-11T10:25:44.634296+00:00,1231340.101162,disarmed_link,0.0000000,0.0000000,0.0000000,0.0000000,,,0,1,1,1,0,1,0.000000,339,17001,1,0,1,1,0,1,0,1122443910,240,16563,1231339951,118,0,-1.0327710,0.0030823,"[0.8691291809082031,-0.028832977637648582,0.01947798579931259,-0.49335959553718567]","[-0.0007903200457803905,0.0015139335300773382,0.0030823212582618]","[-0.10284800082445145,-0.6812999844551086,9.757381439208984]",0.0005269,5.164,"[0.0,0.0,0.0,0.0]","[0.0,0.0,0.0,0.0,0.0,0.0,0.0,0.0]","[0.0,0.0,0.0,0.0,0.0,0.0,0.0,0.0]",0,1,1
2026-08-11T10:25:44.684827+00:00,1231340.151139,disarmed_link,0.0000000,0.0000000,0.0000000,0.0000000,,,0,1,1,1,0,1,0.000000,340,17051,1,0,1,1,0,1,0,1122443910,243,34678,1231340101,119,0,-1.0327427,0.0031007,"[0.869135856628418,-0.028843987733125687,0.019464988261461258,-0.49334776401519775]","[-0.0032378826290369034,-0.000341840204782784,0.003100717207416892]","[-0.06932000070810318,-0.667277991771698,9.740766525268555]",0.0005469,5.359,"[0.0,0.0,0.0,0.0]","[0.0,0.0,0.0,0.0,0.0,0.0,0.0,0.0]","[0.0,0.0,0.0,0.0,0.0,0.0,0.0,0.0]",0,1,1
2026-08-11T10:25:44.734601+00:00,1231340.201122,disarmed_link,0.0000000,0.0000000,0.0000000,0.0000000,,,0,1,1,1,0,1,0.000000,341,17101,1,0,1,1,0,1,0,1122443910,243,34678,1231340101,119,0,-1.0327137,0.0012885,"[0.8691422939300537,-0.028867997229099274,0.019467998296022415,-0.49333494901657104]","[-0.0020219639409333467,-0.0012046262854710221,0.0012884893221780658]","[-0.029402999207377434,-0.6698099970817566,9.692489624023438]",0.0005469,5.359,"[0.0,0.0,0.0,0.0]","[0.0,0.0,0.0,0.0,0.0,0.0,0.0,0.0]","[0.0,0.0,0.0,0.0,0.0,0.0,0.0,0.0]",0,1,1
2026-08-11T10:25:44.784845+00:00,1231340.251194,disarmed_link,0.0000000,0.0000000,0.0000000,0.0000000,,,0,1,1,1,0,1,0.000000,342,17151,1,0,1,1,0,1,0,1122443910,245,46542,1231340202,120,0,-1.0326828,0.0012442,"[0.869148313999176,-0.02891499176621437,0.01948399655520916,-0.49332088232040405]","[-0.003227690001949668,0.0008827003184705973,0.0012442453298717737]","[0.0143630001693964,-0.673462986946106,9.677051544189453]",0.0005214,5.109,"[0.0,0.0,0.0,0.0]","[0.0,0.0,0.0,0.0,0.0,0.0,0.0,0.0]","[0.0,0.0,0.0,0.0,0.0,0.0,0.0,0.0]",0,1,1
2026-08-11T10:25:44.834107+00:00,1231340.301109,disarmed_link,0.0000000,0.0000000,0.0000000,0.0000000,,,0,1,1,1,0,1,0.000000,343,17201,1,0,1,1,0,1,0,1122443910,246,54112,1231340252,121,0,-1.0326439,0.0037122,"[0.8691567778587341,-0.028948962688446045,0.019499976187944412,-0.4933033585548401]","[-0.003238772740587592,-0.0003341258561704308,0.0037121756467968225]","[0.026233000680804253,-0.6855819821357727,9.674968719482422]",0.0005214,5.109,"[0.0,0.0,0.0,0.0]","[0.0,0.0,0.0,0.0,0.0,0.0,0.0,0.0]","[0.0,0.0,0.0,0.0,0.0,0.0,0.0,0.0]",0,1,1
2026-08-11T10:25:44.884844+00:00,1231340.351181,disarmed_link,0.0000000,0.0000000,0.0000000,0.0000000,,,0,1,1,1,0,1,0.000000,344,17251,1,0,1,1,0,1,0,1122443910,246,54112,1231340252,121,0,-1.0326126,0.0031154,"[0.8691628575325012,-0.029000984504818916,0.01952298916876316,-0.49328872561454773]","[-0.00446352269500494,-0.001581652439199388,0.0031154477037489414]","[0.021497000008821487,-0.6758649945259094,9.679569244384766]",0.0004767,4.672,"[0.0,0.0,0.0,0.0]","[0.0,0.0,0.0,0.0,0.0,0.0,0.0,0.0]","[0.0,0.0,0.0,0.0,0.0,0.0,0.0,0.0]",0,1,1
2026-08-11T10:25:44.934285+00:00,1231340.401162,disarmed_link,0.0000000,0.0000000,0.0000000,0.0000000,,,0,1,1,1,0,1,0.000000,345,17301,1,0,1,1,0,1,0,1122443910,248,43929,1231340352,122,0,-1.0325682,0.0012369,"[0.8691721558570862,-0.029049979522824287,0.019543984904885292,-0.4932686388492584]","[-0.0044458601623773575,0.0008905542199499905,0.0012368625029921532]","[0.023826999589800835,-0.6830189824104309,9.68449878692627]",0.0004767,4.672,"[0.0,0.0,0.0,0.0]","[0.0,0.0,0.0,0.0,0.0,0.0,0.0,0.0]","[0.0,0.0,0.0,0.0,0.0,0.0,0.0,0.0]",0,1,1
2026-08-11T10:25:44.984820+00:00,1231340.451120,disarmed_link,0.0000000,0.0000000,0.0000000,0.0000000,,,0,1,1,1,0,1,0.000000,346,17351,1,0,1,1,0,1,0,1122443910,249,37009,1231340401,123,0,-1.0325450,0.0024893,"[0.8691766858100891,-0.029086990281939507,0.019561992958188057,-0.4932577908039093]","[-0.003236974822357297,-0.00034955458249896765,0.002489258535206318]","[0.0005810000002384186,-0.6820930242538452,9.737791061401367]",0.0004831,4.734,"[0.0,0.0,0.0,0.0]","[0.0,0.0,0.0,0.0,0.0,0.0,0.0,0.0]","[0.0,0.0,0.0,0.0,0.0,0.0,0.0,0.0]",0,1,1
2026-08-11T10:25:45.034028+00:00,1231340.501155,disarmed_link,0.0000000,0.0000000,0.0000000,0.0000000,,,0,1,1,1,0,1,0.000000,347,17401,1,0,1,1,0,1,0,1122443910,249,37009,1231340401,123,0,-1.0325085,0.0012369,"[0.8691849708557129,-0.02910698391497135,0.01956798881292343,-0.49324166774749756]","[-0.0044458601623773575,0.0008905542199499905,0.0012368625029921532]","[-0.04564699903130531,-0.6813799738883972,9.770033836364746]",0.0004831,4.734,"[0.0,0.0,0.0,0.0]","[0.0,0.0,0.0,0.0,0.0,0.0,0.0,0.0]","[0.0,0.0,0.0,0.0,0.0,0.0,0.0,0.0]",0,1,1
2026-08-11T10:25:45.084871+00:00,1231340.551180,disarmed_link,0.0000000,0.0000000,0.0000000,0.0000000,,,0,1,1,1,0,1,0.000000,348,17451,1,0,1,1,0,1,0,1122443910,251,24607,1231340501,124,0,-1.0324600,0.0030638,"[0.8691954612731934,-0.029151972383260727,0.019594980403780937,-0.4932194948196411]","[-0.005666753277182579,0.0009215687168762088,0.003063820768147707]","[-0.062415000051259995,-0.6785309910774231,9.793787002563477]",0.0004656,4.562,"[0.0,0.0,0.0,0.0]","[0.0,0.0,0.0,0.0,0.0,0.0,0.0,0.0]","[0.0,0.0,0.0,0.0,0.0,0.0,0.0,0.0]",0,1,1
2026-08-11T10:25:45.134825+00:00,1231340.601129,disarmed_link,0.0000000,0.0000000,0.0000000,0.0000000,,,0,1,1,1,0,1,0.000000,349,17501,1,0,1,1,0,1,0,1122443910,252,32813,1231340552,125,0,-1.0324044,0.0006070,"[0.8692076206207275,-0.029198970645666122,0.019615978002548218,-0.49319449067115784]","[-0.0038284147158265114,0.002126596635207534,0.0006069731898605824]","[-0.08630900084972382,-0.6831579804420471,9.798378944396973]",0.0004401,4.312,"[0.0,0.0,0.0,0.0]","[0.0,0.0,0.0,0.0,0.0,0.0,0.0,0.0]","[0.0,0.0,0.0,0.0,0.0,0.0,0.0,0.0]",0,1,1
2026-08-11T10:25:45.184889+00:00,1231340.651187,disarmed_link,0.0000000,0.0000000,0.0000000,0.0000000,,,0,1,1,1,0,1,0.000000,350,17551,1,0,1,1,0,1,0,1122443910,252,32813,1231340552,125,0,-1.0323585,0.0018483,"[0.8692182302474976,-0.029218975454568863,0.019639983773231506,-0.4931735694408417]","[-0.004446767270565033,0.0008982686558738351,0.0018483035964891315]","[-0.09594299644231796,-0.6876320242881775,9.817523956298828]",0.0004401,4.312,"[0.0,0.0,0.0,0.0]","[0.0,0.0,0.0,0.0,0.0,0.0,0.0,0.0]","[0.0,0.0,0.0,0.0,0.0,0.0,0.0,0.0]",0,1,1
2026-08-11T10:25:45.234035+00:00,1231340.701130,disarmed_link,0.0000000,0.0000000,0.0000000,0.0000000,,,0,1,1,1,0,1,0.000000,351,17601,1,0,1,1,0,1,0,1122443910,252,32813,1231340552,125,0,-1.0323001,0.0030454,"[0.8692323565483093,-0.02922697365283966,0.01965697854757309,-0.49314752221107483]","[-0.003219207748770714,0.002777342451736331,0.003045425284653902]","[-0.11740899831056595,-0.6826120018959045,9.824400901794434]",0.0004512,4.422,"[0.0,0.0,0.0,0.0]","[0.0,0.0,0.0,0.0,0.0,0.0,0.0,0.0]","[0.0,0.0,0.0,0.0,0.0,0.0,0.0,0.0]",0,1,1
2026-08-11T10:25:45.284871+00:00,1231340.751185,disarmed_link,0.0000000,0.0000000,0.0000000,0.0000000,,,0,1,1,1,0,1,0.000000,352,17651,1,0,1,1,0,1,0,1122443910,255,19371,1231340701,126,0,-1.0322735,0.0028625,"[0.8692392110824585,-0.02921699360013008,0.01968499831855297,-0.4931349456310272]","[-0.0015984075143933296,0.0021404544822871685,0.0028625144623219967]","[-0.1221269965171814,-0.6803560256958008,9.813117980957031]",0.0004512,4.422,"[0.0,0.0,0.0,0.0]","[0.0,0.0,0.0,0.0,0.0,0.0,0.0,0.0]","[0.0,0.0,0.0,0.0,0.0,0.0,0.0,0.0]",0,1,1
2026-08-11T10:25:45.334335+00:00,1231340.801160,disarmed_link,0.0000000,0.0000000,0.0000000,0.0000000,,,0,1,1,1,0,1,0.000000,353,17701,1,0,1,1,0,1,0,1122443910,256,50991,1231340752,127,0,-1.0322446,0.0024598,"[0.869246780872345,-0.029205989092588425,0.01969999074935913,-0.4931217432022095]","[-0.0026166848838329315,0.0015180176123976707,0.002459780080243945]","[-0.12930099666118622,-0.687624990940094,9.807544708251953]",0.0004010,3.930,"[0.0,0.0,0.0,0.0]","[0.0,0.0,0.0,0.0,0.0,0.0,0.0,0.0]","[0.0,0.0,0.0,0.0,0.0,0.0,0.0,0.0]",0,1,1
2026-08-11T10:25:45.384140+00:00,1231340.851119,disarmed_link,0.0000000,0.0000000,0.0000000,0.0000000,,,0,1,1,1,0,1,0.000000,354,17751,1,0,1,1,0,1,0,1122443910,256,50991,1231340752,127,0,-1.0322268,0.0012553,"[0.8692516684532166,-0.02918996848165989,0.019688978791236877,-0.4931144714355469]","[-0.0014004347613081336,0.000870884396135807,0.001255328068509698]","[-0.1172730028629303,-0.6831989884376526,9.786027908325195]",0.0004010,3.930,"[0.0,0.0,0.0,0.0]","[0.0,0.0,0.0,0.0,0.0,0.0,0.0,0.0]","[0.0,0.0,0.0,0.0,0.0,0.0,0.0,0.0]",0,1,1
2026-08-11T10:25:45.434824+00:00,1231340.901128,disarmed_link,0.0000000,0.0000000,0.0000000,0.0000000,,,0,1,1,1,0,1,0.000000,355,17801,1,0,1,1,0,1,0,1122443910,256,50991,1231340752,127,0,-1.0322313,0.0012516,"[0.8692513108253479,-0.02916697785258293,0.019685985520482063,-0.4931165874004364]","[-0.0020095198415219784,0.0008748288964852691,0.0012516280403360724]","[-0.1005219966173172,-0.6908959746360779,9.759947776794434]",0.0003731,3.656,"[0.0,0.0,0.0,0.0]","[0.0,0.0,0.0,0.0,0.0,0.0,0.0,0.0]","[0.0,0.0,0.0,0.0,0.0,0.0,0.0,0.0]",0,1,1
2026-08-11T10:25:45.484931+00:00,1231340.951218,disarmed_link,0.0000000,0.0000000,0.0000000,0.0000000,,,0,1,1,1,0,1,0.000000,356,17851,1,0,1,1,0,1,0,1122443910,259,1049,1231340902,128,0,-1.0322266,0.0024709,"[0.8692534565925598,-0.029137972742319107,0.019684983417391777,-0.49311456084251404]","[-0.0007894299342297018,0.0015062192687764764,0.0024708625860512257]","[-0.0885239988565445,-0.6789600253105164,9.757511138916016]",0.0003731,3.656,"[0.0,0.0,0.0,0.0]","[0.0,0.0,0.0,0.0,0.0,0.0,0.0,0.0]","[0.0,0.0,0.0,0.0,0.0,0.0,0.0,0.0]",0,1,1
2026-08-11T10:25:45.534763+00:00,1231341.001116,disarmed_link,0.0000000,0.0000000,0.0000000,0.0000000,,,0,1,1,1,0,1,0.000000,357,17901,1,0,1,1,0,1,0,1122443910,259,1049,1231340902,128,0,-1.0322284,0.0019073,"[0.8692538142204285,-0.029112985357642174,0.01967599242925644,-0.49311572313308716]","[-0.00019435987633187324,-0.0010007718810811639,0.0019073309376835823]","[-0.06455399841070175,-0.6746630072593689,9.73133659362793]",0.0003723,3.648,"[0.0,0.0,0.0,0.0]","[0.0,0.0,0.0,0.0,0.0,0.0,0.0,0.0]","[0.0,0.0,0.0,0.0,0.0,0.0,0.0,0.0]",0,1,1
2026-08-11T10:25:45.584740+00:00,1231341.051189,disarmed_link,0.0000000,0.0000000,0.0000000,0.0000000,,,0,1,1,1,0,1,0.000000,358,17951,1,0,1,1,0,1,0,1122443910,259,1049,1231340902,128,0,-1.0322366,0.0012836,"[0.8692527413368225,-0.029084987938404083,0.01966499164700508,-0.4931197762489319]","[-0.0003927514480892569,-0.00038332666736096144,0.0012836024397984147]","[-0.013584000058472157,-0.6875720024108887,9.689732551574707]",0.0003723,3.648,"[0.0,0.0,0.0,0.0]","[0.0,0.0,0.0,0.0,0.0,0.0,0.0,0.0]","[0.0,0.0,0.0,0.0,0.0,0.0,0.0,0.0]",0,1,1
2026-08-11T10:25:45.634826+00:00,1231341.101196,disarmed_link,0.0000000,0.0000000,0.0000000,0.0000000,,,0,1,1,1,0,1,0.000000,359,18001,1,0,1,1,0,1,0,1122443910,259,1049,1231340902,128,0,-1.0322490,0.0012737,"[0.869250476360321,-0.02906099334359169,0.01964699476957321,-0.493125855922699]","[-0.0020169897470623255,-0.0003728372394107282,0.0012737413635477424]","[0.019057000055909157,-0.6879169940948486,9.677319526672363]",0.0004385,4.297,"[0.0,0.0,0.0,0.0]","[0.0,0.0,0.0,0.0,0.0,0.0,0.0,0.0]","[0.0,0.0,0.0,0.0,0.0,0.0,0.0,0.0]",0,1,1
2026-08-11T10:25:45.684802+00:00,1231341.151119,disarmed_link,0.0000000,0.0000000,0.0000000,0.0000000,,,0,1,1,1,0,1,0.000000,360,18051,1,0,1,1,0,1,0,1122443910,263,56479,1231341102,129,0,-1.0322751,0.0012664,"[0.8692448735237122,-0.029033983126282692,0.019634990021586418,-0.4931377172470093]","[0.00042680278420448303,0.0008590859360992908,0.001266410923562944]","[0.026233000680804253,-0.6855819821357727,9.674968719482422]",0.0004401,4.312,"[0.0,0.0,0.0,0.0]","[0.0,0.0,0.0,0.0,0.0,0.0,0.0,0.0]","[0.0,0.0,0.0,0.0,0.0,0.0,0.0,0.0]",0,1,1
2026-08-11T10:25:45.734834+00:00,1231341.201180,disarmed_link,0.0000000,0.0000000,0.0000000,0.0000000,,,0,1,1,1,0,1,0.000000,361,18101,1,0,1,1,0,1,0,1122443910,264,44683,1231341152,130,0,-1.0322636,0.0012701,"[0.8692494630813599,-0.02898099273443222,0.01963399350643158,-0.4931328594684601]","[-0.0007950847502797842,0.00024312437744811177,0.0012700761435553432]","[0.026208000257611275,-0.6854709982872009,9.68216323852539]",0.0004401,4.312,"[0.0,0.0,0.0,0.0]","[0.0,0.0,0.0,0.0,0.0,0.0,0.0,0.0]","[0.0,0.0,0.0,0.0,0.0,0.0,0.0,0.0]",0,1,1
2026-08-11T10:25:45.784509+00:00,1231341.251112,disarmed_link,0.0000000,0.0000000,0.0000000,0.0000000,,,0,1,1,1,0,1,0.000000,362,18151,1,0,1,1,0,1,0,1122443910,264,44683,1231341152,130,0,-1.0322814,0.0006697,"[0.8692458868026733,-0.02895798161625862,0.01960398629307747,-0.49314171075820923]","[-0.0007979121874086559,-0.0003884230391122401,0.0006696828058920801]","[0.02376299910247326,-0.6852039694786072,9.698922157287598]",0.0004735,4.641,"[0.0,0.0,0.0,0.0]","[0.0,0.0,0.0,0.0,0.0,0.0,0.0,0.0]","[0.0,0.0,0.0,0.0,0.0,0.0,0.0,0.0]",0,1,1
2026-08-11T10:25:45.834814+00:00,1231341.301178,disarmed_link,0.0000000,0.0000000,0.0000000,0.0000000,,,0,1,1,1,0,1,0.000000,363,18201,1,0,1,1,0,1,0,1122443910,264,44683,1231341152,130,0,-1.0323070,0.0013328,"[0.8692409992218018,-0.0289129801094532,0.01958598755300045,-0.4931536316871643]","[0.00040441026794724166,-0.0028839297592639923,0.0013327510096132755]","[0.01655299961566925,-0.6824719905853271,9.71799087524414]",0.0004735,4.641,"[0.0,0.0,0.0,0.0]","[0.0,0.0,0.0,0.0,0.0,0.0,0.0,0.0]","[0.0,0.0,0.0,0.0,0.0,0.0,0.0,0.0]",0,1,1
2026-08-11T10:25:45.884746+00:00,1231341.351119,disarmed_link,0.0000000,0.0000000,0.0000000,0.0000000,,,0,1,1,1,0,1,0.000000,364,18251,1,0,1,1,0,1,0,1122443910,264,44683,1231341152,130,0,-1.0322992,0.0006254,"[0.8692440390586853,-0.02887897938489914,0.019574986770749092,-0.49315065145492554]","[-0.002613962162286043,0.0014948920579627156,0.0006254212930798531]","[-0.05763600021600723,-0.6785899996757507,9.79144287109375]",0.0004082,4.000,"[0.0,0.0,0.0,0.0]","[0.0,0.0,0.0,0.0,0.0,0.0,0.0,0.0]","[0.0,0.0,0.0,0.0,0.0,0.0,0.0,0.0]",0,1,1
2026-08-11T10:25:45.934137+00:00,1231341.401108,disarmed_link,0.0000000,0.0000000,0.0000000,0.0000000,,,0,1,1,1,0,1,0.000000,365,18301,1,0,1,1,0,1,0,1122443910,268,3988,1231341352,131,0,-1.0322891,0.0024819,"[0.8692471981048584,-0.028859976679086685,0.01954198256134987,-0.4931475818157196]","[-0.0007931648287922144,0.0008823861135169864,0.0024819280952215195]","[-0.07439599931240082,-0.675777018070221,9.812800407409668]",0.0004082,4.000,"[0.0,0.0,0.0,0.0]","[0.0,0.0,0.0,0.0,0.0,0.0,0.0,0.0]","[0.0,0.0,0.0,0.0,0.0,0.0,0.0,0.0]",0,1,1
2026-08-11T10:25:45.985089+00:00,1231341.451180,disarmed_link,0.0000000,0.0000000,0.0000000,0.0000000,,,0,1,1,1,0,1,0.000000,366,18351,1,0,1,1,0,1,0,1122443910,269,58286,1231341401,132,0,-1.0323023,0.0012442,"[0.8692442178726196,-0.028853977099061012,0.019531983882188797,-0.4931536018848419]","[-0.003227690001949668,0.0008827003184705973,0.0012442453298717737]","[-0.10304699838161469,-0.677977979183197,9.817299842834473]",0.0004568,4.477,"[0.0,0.0,0.0,0.0]","[0.0,0.0,0.0,0.0,0.0,0.0,0.0,0.0]","[0.0,0.0,0.0,0.0,0.0,0.0,0.0,0.0]",0,1,1
2026-08-11T10:25:46.034846+00:00,1231341.501184,disarmed_link,0.0000000,0.0000000,0.0000000,0.0000000,,,0,1,1,1,0,1,0.000000,367,18401,1,0,1,1,0,1,0,1122443910,269,58286,1231341401,132,0,-1.0323215,0.0012553,"[0.8692396283149719,-0.028850987553596497,0.01950899325311184,-0.4931628108024597]","[-0.0014004347613081336,0.000870884396135807,0.001255328068509698]","[-0.11742199957370758,-0.6800969839096069,9.831560134887695]",0.0004568,4.477,"[0.0,0.0,0.0,0.0]","[0.0,0.0,0.0,0.0,0.0,0.0,0.0,0.0]","[0.0,0.0,0.0,0.0,0.0,0.0,0.0,0.0]",0,1,1
2026-08-11T10:25:46.084933+00:00,1231341.551185,disarmed_link,0.0000000,0.0000000,0.0000000,0.0000000,,,0,1,1,1,0,1,0.000000,368,18451,1,0,1,1,0,1,0,1122443910,271,15350,1231341502,133,0,-1.0323174,0.0018778,"[0.8692405819892883,-0.028849966824054718,0.019498977810144424,-0.4931614398956299]","[-0.003236067481338978,-0.0003572514688130468,0.001877817208878696]","[-0.12931400537490845,-0.6752679944038391,9.828951835632324]",0.0004552,4.461,"[0.0,0.0,0.0,0.0]","[0.0,0.0,0.0,0.0,0.0,0.0,0.0,0.0]","[0.0,0.0,0.0,0.0,0.0,0.0,0.0,0.0]",0,1,1
2026-08-11T10:25:46.134868+00:00,1231341.601178,disarmed_link,0.0000000,0.0000000,0.0000000,0.0000000,,,0,1,1,1,0,1,0.000000,369,18501,1,0,1,1,0,1,0,1122443910,272,18942,1231341552,134,0,-1.0323278,0.0024598,"[0.8692383170127869,-0.028842970728874207,0.01948298141360283,-0.49316656589508057]","[-0.0020063433330506086,0.0017220290610566735,0.0024597973097115755]","[-0.12370000034570694,-0.6837030053138733,9.803552627563477]",0.0004552,4.461,"[0.0,0.0,0.0,0.0]","[0.0,0.0,0.0,0.0,0.0,0.0,0.0,0.0]","[0.0,0.0,0.0,0.0,0.0,0.0,0.0,0.0]",0,1,1
2026-08-11T10:25:46.184924+00:00,1231341.651220,disarmed_link,0.0000000,0.0000000,0.0000000,0.0000000,,,0,1,1,1,0,1,0.000000,370,18551,1,0,1,1,0,1,0,1122443910,273,28639,1231341602,135,0,-1.0323162,0.0024929,"[0.8692407011985779,-0.028858987614512444,0.019475990906357765,-0.49316179752349854]","[-0.0044588795863091946,-0.0009655161993578076,0.002492941217496991]","[-0.10044600069522858,-0.6764630079269409,9.759736061096191]",0.0004608,4.516,"[0.0,0.0,0.0,0.0]","[0.0,0.0,0.0,0.0,0.0,0.0,0.0,0.0]","[0.0,0.0,0.0,0.0,0.0,0.0,0.0,0.0]",0,1,1
2026-08-11T10:25:46.234697+00:00,1231341.701122,disarmed_link,0.0000000,0.0000000,0.0000000,0.0000000,,,0,1,1,1,0,1,0.000000,371,18601,1,0,1,1,0,1,0,1122443910,273,28639,1231341602,135,0,-1.0322872,0.0037011,"[0.869247317314148,-0.028874974697828293,0.019463980570435524,-0.4931495487689972]","[-0.003235037438571453,0.00028970721177756786,0.0037011103704571724]","[-0.08128800243139267,-0.6768810153007507,9.738372802734375]",0.0004743,4.648,"[0.0,0.0,0.0,0.0]","[0.0,0.0,0.0,0.0,0.0,0.0,0.0,0.0]","[0.0,0.0,0.0,0.0,0.0,0.0,0.0,0.0]",0,1,1
2026-08-11T10:25:46.284807+00:00,1231341.751129,disarmed_link,0.0000000,0.0000000,0.0000000,0.0000000,,,0,1,1,1,0,1,0.000000,372,18651,1,0,1,1,0,1,0,1122443910,275,40785,1231341702,136,0,-1.0322583,0.0024745,"[0.8692529201507568,-0.028921984136104584,0.019469989463686943,-0.4931367039680481]","[-0.005673314910382032,-0.00033381168032065034,0.002474492881447077]","[-0.062185999006032944,-0.6795210242271423,9.729036331176758]",0.0004743,4.648,"[0.0,0.0,0.0,0.0]","[0.0,0.0,0.0,0.0,0.0,0.0,0.0,0.0]","[0.0,0.0,0.0,0.0,0.0,0.0,0.0,0.0]",0,1,1
2026-08-11T10:25:46.334677+00:00,1231341.801180,disarmed_link,0.0000000,0.0000000,0.0000000,0.0000000,,,0,1,1,1,0,1,0.000000,373,18701,1,0,1,1,0,1,0,1122443910,276,50221,1231341752,137,0,-1.0322270,0.0025077,"[0.8692599534988403,-0.028943981975317,0.019452987238764763,-0.49312371015548706]","[-0.0038535299245268106,-0.001593293622136116,0.0025076891761273146]","[-0.038189999759197235,-0.6704130172729492,9.702791213989258]",0.0004719,4.625,"[0.0,0.0,0.0,0.0]","[0.0,0.0,0.0,0.0,0.0,0.0,0.0,0.0]","[0.0,0.0,0.0,0.0,0.0,0.0,0.0,0.0]",0,1,1
2026-08-11T10:25:46.384230+00:00,1231341.851194,disarmed_link,0.0000000,0.0000000,0.0000000,0.0000000,,,0,1,1,1,0,1,0.000000,374,18751,1,0,1,1,0,1,0,1122443910,277,48234,1231341802,138,0,-1.0322288,0.0012590,"[0.869258463382721,-0.028974993154406548,0.019468994811177254,-0.493123859167099]","[-0.004453329835087061,-0.00035711185773834586,0.001258975942619145]","[-0.016681000590324402,-0.6657739877700806,9.698171615600586]",0.0004719,4.625,"[0.0,0.0,0.0,0.0]","[0.0,0.0,0.0,0.0,0.0,0.0,0.0,0.0]","[0.0,0.0,0.0,0.0,0.0,0.0,0.0,0.0]",0,1,1
2026-08-11T10:25:46.433782+00:00,1231341.901150,disarmed_link,0.0000000,0.0000000,0.0000000,0.0000000,,,0,1,1,1,0,1,0.000000,375,18801,1,0,1,1,0,1,0,1122443910,278,33528,1231341851,139,0,-1.0322019,0.0024573,"[0.8692640662193298,-0.02900698222219944,0.019479986280202866,-0.49311167001724243]","[-0.0036330774892121553,0.001316624111495912,0.00245731882750988]","[0.007102999836206436,-0.6877400279045105,9.685174942016602]",0.0004735,4.641,"[0.0,0.0,0.0,0.0]","[0.0,0.0,0.0,0.0,0.0,0.0,0.0,0.0]","[0.0,0.0,0.0,0.0,0.0,0.0,0.0,0.0]",0,1,1
2026-08-11T10:25:46.484048+00:00,1231341.951112,disarmed_link,0.0000000,0.0000000,0.0000000,0.0000000,,,0,1,1,1,0,1,0.000000,376,18851,1,0,1,1,0,1,0,1122443910,279,12237,1231341901,140,0,-1.0321851,0.0018594,"[0.869266927242279,-0.0290449820458889,0.01949598640203476,-0.4931037127971649]","[-0.002619512379169464,0.0008864702540449798,0.0018593866843730211]","[0.021441999822854996,-0.6830080151557922,9.684471130371094]",0.0004735,4.641,"[0.0,0.0,0.0,0.0]","[0.0,0.0,0.0,0.0,0.0,0.0,0.0,0.0]","[0.0,0.0,0.0,0.0,0.0,0.0,0.0,0.0]",0,1,1
2026-08-11T10:25:46.534014+00:00,1231342.001104,disarmed_link,0.0000000,0.0000000,0.0000000,0.0000000,,,0,1,1,1,0,1,0.000000,377,18901,1,0,1,1,0,1,0,1122443910,280,19242,1231341951,141,0,-1.0321852,0.0012405,"[0.8692660927772522,-0.02907099947333336,0.019516002386808395,-0.4931029975414276]","[-0.003836774965748191,0.0008866272983141243,0.0012405451852828264]","[0.0261439997702837,-0.6827359795570374,9.70371150970459]",0.0004512,4.422,"[0.0,0.0,0.0,0.0]","[0.0,0.0,0.0,0.0,0.0,0.0,0.0,0.0]","[0.0,0.0,0.0,0.0,0.0,0.0,0.0,0.0]",0,1,1
2026-08-11T10:25:46.584333+00:00,1231342.051166,disarmed_link,0.0000000,0.0000000,0.0000000,0.0000000,,,0,1,1,1,0,1,0.000000,378,18951,1,0,1,1,0,1,0,1122443910,281,30546,1231342001,142,0,-1.0321561,0.0018852,"[0.8692724108695984,-0.029094990342855453,0.019527994096279144,-0.49308985471725464]","[-0.0020178973209112883,-0.00036512286169454455,0.0018852000357583165]","[0.011761000379920006,-0.689740002155304,9.713242530822754]",0.0004512,4.422,"[0.0,0.0,0.0,0.0]","[0.0,0.0,0.0,0.0,0.0,0.0,0.0,0.0]","[0.0,0.0,0.0,0.0,0.0,0.0,0.0,0.0]",0,1,1
2026-08-11T10:25:46.634211+00:00,1231342.101177,disarmed_link,0.0000000,0.0000000,0.0000000,0.0000000,,,0,1,1,1,0,1,0.000000,379,19001,1,0,1,1,0,1,0,1122443910,281,30546,1231342001,142,0,-1.0321640,0.0025003,"[0.869269847869873,-0.029112987220287323,0.019542992115020752,-0.49309271574020386]","[-0.0032407098915427923,-0.0009733875631354749,0.0025003240443766117]","[-0.0026080000679939985,-0.6844959855079651,9.736989974975586]",0.0005006,4.906,"[0.0,0.0,0.0,0.0]","[0.0,0.0,0.0,0.0,0.0,0.0,0.0,0.0]","[0.0,0.0,0.0,0.0,0.0,0.0,0.0,0.0]",0,1,1
2026-08-11T10:25:46.683855+00:00,1231342.151111,disarmed_link,0.0000000,0.0000000,0.0000000,0.0000000,,,0,1,1,1,0,1,0.000000,380,19051,1,0,1,1,0,1,0,1122443910,281,30546,1231342001,142,0,-1.0321567,0.0000103,"[0.8692712187767029,-0.02912597730755806,0.019566984847187996,-0.49308860301971436]","[-0.003222157247364521,0.0014911046018823981,1.0279989510308951e-05]","[-0.021770000457763672,-0.686519980430603,9.755990028381348]",0.0005006,4.906,"[0.0,0.0,0.0,0.0]","[0.0,0.0,0.0,0.0,0.0,0.0,0.0,0.0]","[0.0,0.0,0.0,0.0,0.0,0.0,0.0,0.0]",0,1,1
2026-08-11T10:25:46.733797+00:00,1231342.201162,disarmed_link,0.0000000,0.0000000,0.0000000,0.0000000,,,0,1,1,1,0,1,0.000000,381,19101,1,0,1,1,0,1,0,1122443910,284,47818,1231342151,143,0,-1.0321513,0.0024598,"[0.8692723512649536,-0.029129991307854652,0.019578995183110237,-0.4930858612060547]","[-0.004447675310075283,0.0009059829753823578,0.0024597623851150274]","[-0.10788200050592422,-0.689981997013092,9.817421913146973]",0.0004066,3.984,"[0.0,0.0,0.0,0.0]","[0.0,0.0,0.0,0.0,0.0,0.0,0.0,0.0]","[0.0,0.0,0.0,0.0,0.0,0.0,0.0,0.0]",0,1,1
2026-08-11T10:25:46.784390+00:00,1231342.251114,disarmed_link,0.0000000,0.0000000,0.0000000,0.0000000,,,0,1,1,1,0,1,0.000000,382,19151,1,0,1,1,0,1,0,1122443910,284,47818,1231342151,143,0,-1.0321025,0.0018557,"[0.8692843317985535,-0.029130972921848297,0.01960798166692257,-0.4930635094642639]","[-0.003228597342967987,0.000890397175680846,0.0018557040020823479]","[-0.13179199397563934,-0.6896160244941711,9.833932876586914]",0.0004066,3.984,"[0.0,0.0,0.0,0.0]","[0.0,0.0,0.0,0.0,0.0,0.0,0.0,0.0]","[0.0,0.0,0.0,0.0,0.0,0.0,0.0,0.0]",0,1,1
2026-08-11T10:25:46.833764+00:00,1231342.301161,disarmed_link,0.0000000,0.0000000,0.0000000,0.0000000,,,0,1,1,1,0,1,0.000000,383,19201,1,0,1,1,0,1,0,1122443910,286,30609,1231342251,144,0,-1.0320975,0.0024229,"[0.8692854642868042,-0.029134972020983696,0.01962897926568985,-0.49306049942970276]","[-0.0032145651057362556,0.003393478924408555,0.002422918565571308]","[-0.13896499574184418,-0.6944299936294556,9.831521987915039]",0.0003675,3.602,"[0.0,0.0,0.0,0.0]","[0.0,0.0,0.0,0.0,0.0,0.0,0.0,0.0]","[0.0,0.0,0.0,0.0,0.0,0.0,0.0,0.0]",0,1,1
2026-08-11T10:25:46.883797+00:00,1231342.351105,disarmed_link,0.0000000,0.0000000,0.0000000,0.0000000,,,0,1,1,1,0,1,0.000000,384,19251,1,0,1,1,0,1,0,1122443910,286,30609,1231342251,144,0,-1.0321118,0.0024893,"[0.8692823052406311,-0.0291229747235775,0.019633980467915535,-0.49306654930114746]","[-0.0014059848617762327,0.00026248005451634526,0.002489293459802866]","[-0.1413159966468811,-0.689644992351532,9.829025268554688]",0.0004002,3.922,"[0.0,0.0,0.0,0.0]","[0.0,0.0,0.0,0.0,0.0,0.0,0.0,0.0]","[0.0,0.0,0.0,0.0,0.0,0.0,0.0,0.0]",0,1,1
2026-08-11T10:25:46.933820+00:00,1231342.401191,disarmed_link,0.0000000,0.0000000,0.0000000,0.0000000,,,0,1,1,1,0,1,0.000000,385,19301,1,0,1,1,0,1,0,1122443910,288,7167,1231342351,145,0,-1.0320910,0.0024635,"[0.8692872524261475,-0.029127975925803185,0.019632983952760696,-0.49305757880210876]","[-0.0020075999200344086,0.0015140905743464828,0.0024634799920022488]","[-0.13646499812602997,-0.6875550150871277,9.809861183166504]",0.0004002,3.922,"[0.0,0.0,0.0,0.0]","[0.0,0.0,0.0,0.0,0.0,0.0,0.0,0.0]","[0.0,0.0,0.0,0.0,0.0,0.0,0.0,0.0]",0,1,1
2026-08-11T10:25:46.983745+00:00,1231342.451105,disarmed_link,0.0000000,0.0000000,0.0000000,0.0000000,,,0,1,1,1,0,1,0.000000,386,19351,1,0,1,1,0,1,0,1122443910,289,51680,1231342401,146,0,-1.0320756,0.0012418,"[0.8692918419837952,-0.02910398505628109,0.01963799074292183,-0.4930507242679596]","[-0.002413092413917184,0.0012933412799611688,0.0012418017722666264]","[-0.0981139987707138,-0.6860830187797546,9.760703086853027]",0.0004002,3.922,"[0.0,0.0,0.0,0.0]","[0.0,0.0,0.0,0.0,0.0,0.0,0.0,0.0]","[0.0,0.0,0.0,0.0,0.0,0.0,0.0,0.0]",0,1,1
2026-08-11T10:25:47.033764+00:00,1231342.501163,disarmed_link,0.0000000,0.0000000,0.0000000,0.0000000,,,0,1,1,1,0,1,0.000000,387,19401,1,0,1,1,0,1,0,1122443910,290,44302,1231342451,147,0,-1.0320446,0.0025151,"[0.8693001866340637,-0.02908097393810749,0.019630981609225273,-0.49303755164146423]","[-0.0008043524576351047,-0.0009891304653137922,0.002515089465305209]","[-0.04306599870324135,-0.682233989238739,9.714902877807617]",0.0004002,3.922,"[0.0,0.0,0.0,0.0]","[0.0,0.0,0.0,0.0,0.0,0.0,0.0,0.0]","[0.0,0.0,0.0,0.0,0.0,0.0,0.0,0.0]",0,1,1
2026-08-11T10:25:47.083750+00:00,1231342.551100,disarmed_link,0.0000000,0.0000000,0.0000000,0.0000000,,,0,1,1,1,0,1,0.000000,388,19451,1,0,1,1,0,1,0,1122443910,291,61020,1231342501,148,0,-1.0320282,0.0024967,"[0.869305431842804,-0.029048994183540344,0.019616995006799698,-0.4930309057235718]","[-0.002018804894760251,-0.0003574085421860218,0.002496658591553569]","[-0.016728000715374947,-0.682794988155365,9.686427116394043]",0.0003667,3.594,"[0.0,0.0,0.0,0.0]","[0.0,0.0,0.0,0.0,0.0,0.0,0.0,0.0]","[0.0,0.0,0.0,0.0,0.0,0.0,0.0,0.0]",0,1,1
2026-08-11T10:25:47.133838+00:00,1231342.601167,disarmed_link,0.0000000,0.0000000,0.0000000,0.0000000,,,0,1,1,1,0,1,0.000000,389,19501,1,0,1,1,0,1,0,1122443910,292,23943,1231342551,149,0,-1.0320240,0.0012922,"[0.8693072199821472,-0.029023975133895874,0.019605983048677444,-0.4930295944213867]","[-0.0008025547722354531,-0.0010045417584478855,0.001292189466767013]","[0.002343999920412898,-0.69268798828125,9.674798965454102]",0.0003667,3.594,"[0.0,0.0,0.0,0.0]","[0.0,0.0,0.0,0.0,0.0,0.0,0.0,0.0]","[0.0,0.0,0.0,0.0,0.0,0.0,0.0,0.0]",0,1,1
2026-08-11T10:25:47.184219+00:00,1231342.651178,disarmed_link,0.0000000,0.0000000,0.0000000,0.0000000,,,0,1,1,1,0,1,0.000000,390,19551,1,0,1,1,0,1,0,1122443910,293,57940,1231342601,150,0,-1.0320290,0.0012885,"[0.8693068623542786,-0.028998984023928642,0.019580986350774765,-0.49303269386291504]","[0.000419332820456475,-0.0003885801415890455,0.0012885242467746139]","[0.011994999833405018,-0.6784459948539734,9.665104866027832]",0.0003587,3.516,"[0.0,0.0,0.0,0.0]","[0.0,0.0,0.0,0.0,0.0,0.0,0.0,0.0]","[0.0,0.0,0.0,0.0,0.0,0.0,0.0,0.0]",0,1,1
2026-08-11T10:25:47.233793+00:00,1231342.701164,disarmed_link,0.0000000,0.0000000,0.0000000,0.0000000,,,0,1,1,1,0,1,0.000000,391,19601,1,0,1,1,0,1,0,1122443910,294,34490,1231342651,151,0,-1.0320342,0.0024745,"[0.8693069219589233,-0.02895897999405861,0.019560987129807472,-0.4930357038974762]","[-0.0020113347563892603,0.0008902400732040405,0.0024745280388742685]","[0.02147199958562851,-0.6806759834289551,9.67963981628418]",0.0003587,3.516,"[0.0,0.0,0.0,0.0]","[0.0,0.0,0.0,0.0,0.0,0.0,0.0,0.0]","[0.0,0.0,0.0,0.0,0.0,0.0,0.0,0.0]",0,1,1
2026-08-11T10:25:47.284020+00:00,1231342.751108,disarmed_link,0.0000000,0.0000000,0.0000000,0.0000000,,,0,1,1,1,0,1,0.000000,392,19651,1,0,1,1,0,1,0,1122443910,295,11151,1231342701,152,0,-1.0320534,0.0025311,"[0.8693035840988159,-0.028916968032717705,0.019526977092027664,-0.4930454194545746]","[0.0012246627593412995,-0.0012101763859391212,0.0025310940109193325]","[0.010204000398516655,-0.6874129772186279,9.70759391784668]",0.0003874,3.797,"[0.0,0.0,0.0,0.0]","[0.0,0.0,0.0,0.0,0.0,0.0,0.0,0.0]","[0.0,0.0,0.0,0.0,0.0,0.0,0.0,0.0]",0,1,1
2026-08-11T10:25:47.334354+00:00,1231342.801175,disarmed_link,0.0000000,0.0000000,0.0000000,0.0000000,,,0,1,1,1,0,1,0.000000,393,19701,1,0,1,1,0,1,0,1122443910,296,30269,1231342751,153,0,-1.0320350,0.0012590,"[0.8693095445632935,-0.028873968869447708,0.0195009782910347,-0.49303847551345825]","[-0.0007913497393019497,0.000866957358084619,0.0012590107508003712]","[-0.01693600043654442,-0.6843569874763489,9.741621017456055]",0.0003874,3.797,"[0.0,0.0,0.0,0.0]","[0.0,0.0,0.0,0.0,0.0,0.0,0.0,0.0]","[0.0,0.0,0.0,0.0,0.0,0.0,0.0,0.0]",0,1,1
2026-08-11T10:25:47.384826+00:00,1231342.851180,disarmed_link,0.0000000,0.0000000,0.0000000,0.0000000,,,0,1,1,1,0,1,0.000000,394,19751,1,0,1,1,0,1,0,1122443910,296,30269,1231342751,153,0,-1.0320041,0.0012406,"[0.8693181276321411,-0.028842976316809654,0.019487982615828514,-0.4930255711078644]","[-0.002005784772336483,0.0014986619353294373,0.0012405626475811005]","[-0.03616200014948845,-0.6934869885444641,9.767921447753906]",0.0004345,4.258,"[0.0,0.0,0.0,0.0]","[0.0,0.0,0.0,0.0,0.0,0.0,0.0,0.0]","[0.0,0.0,0.0,0.0,0.0,0.0,0.0,0.0]",0,1,1
2026-08-11T10:25:47.434836+00:00,1231342.901192,disarmed_link,0.0000000,0.0000000,0.0000000,0.0000000,,,0,1,1,1,0,1,0.000000,395,19801,1,0,1,1,0,1,0,1122443910,296,30269,1231342751,153,0,-1.0319979,0.0012553,"[0.8693212270736694,-0.028797974810004234,0.019469983875751495,-0.4930235743522644]","[-0.0014004347613081336,0.000870884396135807,0.001255328068509698]","[-0.05523400008678436,-0.6786739826202393,9.786674499511719]",0.0004464,4.375,"[0.0,0.0,0.0,0.0]","[0.0,0.0,0.0,0.0,0.0,0.0,0.0,0.0]","[0.0,0.0,0.0,0.0,0.0,0.0,0.0,0.0]",0,1,1
2026-08-11T10:25:47.484402+00:00,1231342.951166,disarmed_link,0.0000000,0.0000000,0.0000000,0.0000000,,,0,1,1,1,0,1,0.000000,396,19851,1,0,1,1,0,1,0,1122443910,296,30269,1231342751,153,0,-1.0319756,0.0024524,"[0.8693273067474365,-0.028779994696378708,0.019442997872829437,-0.4930149018764496]","[-0.002003865083679557,0.002137923613190651,0.002452414482831955]","[-0.07437499612569809,-0.6783289909362793,9.803242683410645]",0.0004464,4.375,"[0.0,0.0,0.0,0.0]","[0.0,0.0,0.0,0.0,0.0,0.0,0.0,0.0]","[0.0,0.0,0.0,0.0,0.0,0.0,0.0,0.0]",0,1,1
2026-08-11T10:25:47.534802+00:00,1231343.001179,disarmed_link,0.0000000,0.0000000,0.0000000,0.0000000,,,0,1,1,1,0,1,0.000000,397,19901,1,0,1,1,0,1,0,1122443910,296,30269,1231342751,153,0,-1.0319654,0.0012590,"[0.8693298697471619,-0.02878098003566265,0.019435986876487732,-0.49301066994667053]","[-0.0007913497393019497,0.000866957358084619,0.0012590107508003712]","[-0.08632200211286545,-0.6757220029830933,9.812662124633789]",0.0004855,4.758,"[0.0,0.0,0.0,0.0]","[0.0,0.0,0.0,0.0,0.0,0.0,0.0,0.0]","[0.0,0.0,0.0,0.0,0.0,0.0,0.0,0.0]",0,1,1
2026-08-11T10:25:47.584927+00:00,1231343.051228,disarmed_link,0.0000000,0.0000000,0.0000000,0.0000000,,,0,1,1,1,0,1,0.000000,398,19951,1,0,1,1,0,1,0,1122443910,296,30269,1231342751,153,0,-1.0319341,0.0024893,"[0.86933833360672,-0.02875899150967598,0.0194149948656559,-0.4929978847503662]","[-0.000795643194578588,0.00046649161959066987,0.002489293459802866]","[-0.12212999910116196,-0.6754230260848999,9.821041107177734]",0.0004855,4.758,"[0.0,0.0,0.0,0.0]","[0.0,0.0,0.0,0.0,0.0,0.0,0.0,0.0]","[0.0,0.0,0.0,0.0,0.0,0.0,0.0,0.0]",0,1,1
2026-08-11T10:25:47.634403+00:00,1231343.101170,disarmed_link,0.0000000,0.0000000,0.0000000,0.0000000,,,0,1,1,1,0,1,0.000000,399,20001,1,0,1,1,0,1,0,1122443910,296,30269,1231342751,153,0,-1.0318928,0.0036900,"[0.8693486452102661,-0.028756989166140556,0.019415993243455887,-0.49297982454299927]","[-0.003231320297345519,0.000913540250621736,0.0036900448612868786]","[-0.1316950023174286,-0.68265700340271,9.817038536071777]",0.0004608,4.516,"[0.0,0.0,0.0,0.0]","[0.0,0.0,0.0,0.0,0.0,0.0,0.0,0.0]","[0.0,0.0,0.0,0.0,0.0,0.0,0.0,0.0]",0,1,1
2026-08-11T10:25:47.684837+00:00,1231343.151178,disarmed_link,0.0000000,0.0000000,0.0000000,0.0000000,,,0,1,1,1,0,1,0.000000,400,20051,1,0,1,1,0,1,0,1122443910,296,30269,1231342751,153,0,-1.0318642,0.0036900,"[0.8693551421165466,-0.02877199649810791,0.019426995888352394,-0.4929669499397278]","[-0.003231320297345519,0.000913540250621736,0.0036900448612868786]","[-0.11970499902963638,-0.6805260181427002,9.802754402160645]",0.0004608,4.516,"[0.0,0.0,0.0,0.0]","[0.0,0.0,0.0,0.0,0.0,0.0,0.0,0.0]","[0.0,0.0,0.0,0.0,0.0,0.0,0.0,0.0]",0,1,1
2026-08-11T10:25:47.734726+00:00,1231343.201186,disarmed_link,0.0000000,0.0000000,0.0000000,0.0000000,,,0,1,1,1,0,1,0.000000,401,20101,1,0,1,1,0,1,0,1122443910,304,19001,1231343152,154,0,-1.0318315,0.0012590,"[0.86936354637146,-0.028760990127921104,0.01942499168217182,-0.492952823638916]","[-0.0026223398745059967,0.00025492277927696705,0.0012589932885020971]","[-0.11722700297832489,-0.6710990071296692,9.790647506713867]",0.0004464,4.375,"[0.0,0.0,0.0,0.0]","[0.0,0.0,0.0,0.0,0.0,0.0,0.0,0.0]","[0.0,0.0,0.0,0.0,0.0,0.0,0.0,0.0]",0,1,1
2026-08-11T10:25:47.783852+00:00,1231343.251165,disarmed_link,0.0000000,0.0000000,0.0000000,0.0000000,,,0,1,1,1,0,1,0.000000,402,20151,1,0,1,1,0,1,0,1122443910,305,12926,1231343202,155,0,-1.0318413,0.0012590,"[0.8693608045578003,-0.028770985081791878,0.019434988498687744,-0.4929567277431488]","[-0.004453329835087061,-0.00035711185773834586,0.001258975942619145]","[-0.0933070033788681,-0.6764230132102966,9.764615058898926]",0.0004464,4.375,"[0.0,0.0,0.0,0.0]","[0.0,0.0,0.0,0.0,0.0,0.0,0.0,0.0]","[0.0,0.0,0.0,0.0,0.0,0.0,0.0,0.0]",0,1,1
2026-08-11T10:25:47.834730+00:00,1231343.301190,disarmed_link,0.0000000,0.0000000,0.0000000,0.0000000,,,0,1,1,1,0,1,0.000000,403,20201,1,0,1,1,0,1,0,1122443910,305,12926,1231343202,155,0,-1.0318189,0.0024450,"[0.8693655133247375,-0.0287969708442688,0.019445979967713356,-0.4929465055465698]","[-0.004442701116204262,0.00173777190502733,0.002445014426484704]","[-0.05178900063037872,-0.6790109872817993,9.713154792785645]",0.0004959,4.859,"[0.0,0.0,0.0,0.0]","[0.0,0.0,0.0,0.0,0.0,0.0,0.0,0.0]","[0.0,0.0,0.0,0.0,0.0,0.0,0.0,0.0]",0,1,1
2026-08-11T10:25:47.884885+00:00,1231343.351175,disarmed_link,0.0000000,0.0000000,0.0000000,0.0000000,,,0,1,1,1,0,1,0.000000,404,20251,1,0,1,1,0,1,0,1122443910,307,49904,1231343302,156,0,-1.0317700,0.0024671,"[0.8693768382072449,-0.028817981481552124,0.019459988921880722,-0.4929247200489044]","[-0.0032295051496475935,0.0008981116116046906,0.002467145211994648]","[9.999999974752427e-07,-0.6780980229377747,9.684151649475098]",0.0004959,4.859,"[0.0,0.0,0.0,0.0]","[0.0,0.0,0.0,0.0,0.0,0.0,0.0,0.0]","[0.0,0.0,0.0,0.0,0.0,0.0,0.0,0.0]",0,1,1
2026-08-11T10:25:47.934657+00:00,1231343.401118,disarmed_link,0.0000000,0.0000000,0.0000000,0.0000000,,,0,1,1,1,0,1,0.000000,405,20301,1,0,1,1,0,1,0,1122443910,307,49904,1231343302,156,0,-1.0317626,0.0012442,"[0.8693777322769165,-0.028847988694906235,0.019476991146802902,-0.49292078614234924]","[-0.003227690001949668,0.0008827003184705973,0.0012442453298717737]","[0.016739999875426292,-0.6783580183982849,9.672353744506836]",0.0004831,4.734,"[0.0,0.0,0.0,0.0]","[0.0,0.0,0.0,0.0,0.0,0.0,0.0,0.0]","[0.0,0.0,0.0,0.0,0.0,0.0,0.0,0.0]",0,1,1
2026-08-11T10:25:47.984887+00:00,1231343.451183,disarmed_link,0.0000000,0.0000000,0.0000000,0.0000000,,,0,1,1,1,0,1,0.000000,406,20351,1,0,1,1,0,1,0,1122443910,309,37729,1231343402,157,0,-1.0317522,0.0024930,"[0.869378924369812,-0.02888498082756996,0.019493987783789635,-0.49291566014289856]","[-0.002627889858558774,-0.0003534815623424947,0.002492958679795265]","[0.021500999107956886,-0.6783429980278015,9.67480754852295]",0.0004313,4.227,"[0.0,0.0,0.0,0.0]","[0.0,0.0,0.0,0.0,0.0,0.0,0.0,0.0]","[0.0,0.0,0.0,0.0,0.0,0.0,0.0,0.0]",0,1,1
2026-08-11T10:25:48.034500+00:00,1231343.501180,disarmed_link,0.0000000,0.0000000,0.0000000,0.0000000,,,0,1,1,1,0,1,0.000000,407,20401,1,0,1,1,0,1,0,1122443910,309,37729,1231343402,157,0,-1.0317562,0.0012737,"[0.8693781495094299,-0.028880998492240906,0.019504999741911888,-0.49291694164276123]","[-0.0020169897470623255,-0.0003728372394107282,0.0012737413635477424]","[0.02871200069785118,-0.6761540174484253,9.662863731384277]",0.0004313,4.227,"[0.0,0.0,0.0,0.0]","[0.0,0.0,0.0,0.0,0.0,0.0,0.0,0.0]","[0.0,0.0,0.0,0.0,0.0,0.0,0.0,0.0]",0,1,1
2026-08-11T10:25:48.084891+00:00,1231343.551184,disarmed_link,0.0000000,0.0000000,0.0000000,0.0000000,,,0,1,1,1,0,1,0.000000,408,20451,1,0,1,1,0,1,0,1122443910,311,25583,1231343502,158,0,-1.0317599,0.0012848,"[0.8693767786026001,-0.028893984854221344,0.01952699013054371,-0.4929177463054657]","[-0.002020724816247821,-0.0009966877987608314,0.0012848067563027143]","[0.02864000014960766,-0.6832240223884583,9.672563552856445]",0.0003476,3.406,"[0.0,0.0,0.0,0.0]","[0.0,0.0,0.0,0.0,0.0,0.0,0.0,0.0]","[0.0,0.0,0.0,0.0,0.0,0.0,0.0,0.0]",0,1,1
2026-08-11T10:25:48.134756+00:00,1231343.601199,disarmed_link,0.0000000,0.0000000,0.0000000,0.0000000,,,0,1,1,1,0,1,0.000000,409,20501,1,0,1,1,0,1,0,1122443910,312,4603,1231343552,159,0,-1.0317577,0.0024819,"[0.8693764805793762,-0.028919992968440056,0.019550994038581848,-0.4929158389568329]","[-0.003234479110687971,6.632251461269334e-05,0.0024818931706249714]","[-0.00419999985024333,-0.6853029727935791,9.736183166503906]",0.0003476,3.406,"[0.0,0.0,0.0,0.0]","[0.0,0.0,0.0,0.0,0.0,0.0,0.0,0.0]","[0.0,0.0,0.0,0.0,0.0,0.0,0.0,0.0]",0,1,1
2026-08-11T10:25:48.184766+00:00,1231343.651175,disarmed_link,0.0000000,0.0000000,0.0000000,0.0000000,,,0,1,1,1,0,1,0.000000,410,20551,1,0,1,1,0,1,0,1122443910,312,4603,1231343552,159,0,-1.0317727,0.0012553,"[0.8693718314170837,-0.02894698642194271,0.019566990435123444,-0.49292173981666565]","[-0.0032314248383045197,0.0002588497882243246,0.0012552932603284717]","[-0.04569400101900101,-0.6885589957237244,9.77253532409668]",0.0004002,3.922,"[0.0,0.0,0.0,0.0]","[0.0,0.0,0.0,0.0,0.0,0.0,0.0,0.0]","[0.0,0.0,0.0,0.0,0.0,0.0,0.0,0.0]",0,1,1
2026-08-11T10:25:48.234598+00:00,1231343.701183,disarmed_link,0.0000000,0.0000000,0.0000000,0.0000000,,,0,1,1,1,0,1,0.000000,411,20601,1,0,1,1,0,1,0,1122443910,312,4603,1231343552,159,0,-1.0317436,0.0036790,"[0.8693781495094299,-0.028971975669264793,0.01957998238503933,-0.4929085671901703]","[-0.00322758499532938,0.0015373732894659042,0.003678997280076146]","[-0.06719399988651276,-0.6833930015563965,9.789005279541016]",0.0004002,3.922,"[0.0,0.0,0.0,0.0]","[0.0,0.0,0.0,0.0,0.0,0.0,0.0,0.0]","[0.0,0.0,0.0,0.0,0.0,0.0,0.0,0.0]",0,1,1
2026-08-11T10:25:48.284804+00:00,1231343.751175,disarmed_link,0.0000000,0.0000000,0.0000000,0.0000000,,,0,1,1,1,0,1,0.000000,412,20651,1,0,1,1,0,1,0,1122443910,312,4603,1231343552,159,0,-1.0317649,0.0012405,"[0.8693720698356628,-0.028997981920838356,0.019608987495303154,-0.49291667342185974]","[-0.003836774965748191,0.0008866272983141243,0.0012405451852828264]","[-0.09110499918460846,-0.6830269694328308,9.80551815032959]",0.0003858,3.781,"[0.0,0.0,0.0,0.0]","[0.0,0.0,0.0,0.0,0.0,0.0,0.0,0.0]","[0.0,0.0,0.0,0.0,0.0,0.0,0.0,0.0]",0,1,1
2026-08-11T10:25:48.334627+00:00,1231343.801116,disarmed_link,0.0000000,0.0000000,0.0000000,0.0000000,,,0,1,1,1,0,1,0.000000,413,20701,1,0,1,1,0,1,0,1122443910,316,37093,1231343752,160,0,-1.0317324,0.0024598,"[0.8693792223930359,-0.02902197651565075,0.019608981907367706,-0.49290257692337036]","[-0.004447675310075283,0.0009059829753823578,0.0024597623851150274]","[-0.10303500294685364,-0.6755719780921936,9.817265510559082]",0.0003858,3.781,"[0.0,0.0,0.0,0.0]","[0.0,0.0,0.0,0.0,0.0,0.0,0.0,0.0]","[0.0,0.0,0.0,0.0,0.0,0.0,0.0,0.0]",0,1,1
2026-08-11T10:25:48.384843+00:00,1231343.851181,disarmed_link,0.0000000,0.0000000,0.0000000,0.0000000,,,0,1,1,1,0,1,0.000000,414,20751,1,0,1,1,0,1,0,1122443910,316,37093,1231343752,160,0,-1.0316981,0.0024893,"[0.8693869113922119,-0.029047982767224312,0.019604988396167755,-0.4928877055644989]","[-0.003236974822357297,-0.00034955458249896765,0.002489258535206318]","[-0.1221499964594841,-0.6753379702568054,9.826637268066406]",0.0003587,3.516,"[0.0,0.0,0.0,0.0]","[0.0,0.0,0.0,0.0,0.0,0.0,0.0,0.0]","[0.0,0.0,0.0,0.0,0.0,0.0,0.0,0.0]",0,1,1
2026-08-11T10:25:48.433890+00:00,1231343.901269,disarmed_link,0.0000000,0.0000000,0.0000000,0.0000000,,,0,1,1,1,0,1,0.000000,415,20801,1,0,1,1,0,1,0,1122443910,318,22846,1231343852,161,0,-1.0317104,0.0024524,"[0.8693835735321045,-0.029056986793875694,0.019611991941928864,-0.4928928017616272]","[-0.0032245307229459286,0.0017299004830420017,0.0024523972533643246]","[-0.12847900390625,-0.6787229776382446,9.813021659851074]",0.0003587,3.516,"[0.0,0.0,0.0,0.0]","[0.0,0.0,0.0,0.0,0.0,0.0,0.0,0.0]","[0.0,0.0,0.0,0.0,0.0,0.0,0.0,0.0]",0,1,1
2026-08-11T10:25:48.484809+00:00,1231343.951178,disarmed_link,0.0000000,0.0000000,0.0000000,0.0000000,,,0,1,1,1,0,1,0.000000,416,20851,1,0,1,1,0,1,0,1122443910,318,22846,1231343852,161,0,-1.0316894,0.0012406,"[0.8693878054618835,-0.029085984453558922,0.019607990980148315,-0.4928837716579437]","[-0.002005784772336483,0.0014986619353294373,0.0012405626475811005]","[-0.11967600136995316,-0.678193986415863,9.797922134399414]",0.0003755,3.680,"[0.0,0.0,0.0,0.0]","[0.0,0.0,0.0,0.0,0.0,0.0,0.0,0.0]","[0.0,0.0,0.0,0.0,0.0,0.0,0.0,0.0]",0,1,1
2026-08-11T10:25:48.534643+00:00,1231344.001172,disarmed_link,0.0000000,0.0000000,0.0000000,0.0000000,,,0,1,1,1,0,1,0.000000,417,20901,1,0,1,1,0,1,0,1122443910,318,22846,1231343852,161,0,-1.0316728,0.0036753,"[0.8693916201591492,-0.02909296564757824,0.019610976800322533,-0.49287644028663635]","[-0.0038366701919585466,0.0015413176734000444,0.003675296902656555]","[-0.10533499717712402,-0.6906899809837341,9.771883964538574]",0.0003292,3.227,"[0.0,0.0,0.0,0.0]","[0.0,0.0,0.0,0.0,0.0,0.0,0.0,0.0]","[0.0,0.0,0.0,0.0,0.0,0.0,0.0,0.0]",0,1,1
2026-08-11T10:25:48.584859+00:00,1231344.051178,disarmed_link,0.0000000,0.0000000,0.0000000,0.0000000,,,0,1,1,1,0,1,0.000000,418,20951,1,0,1,1,0,1,0,1122443910,321,56362,1231344002,162,0,-1.0316589,0.0000435,"[0.8693946599960327,-0.02910596877336502,0.019633974879980087,-0.49286946654319763]","[-0.003233344992622733,-0.00038039451465010643,4.345869820099324e-05]","[-0.09094300121068954,-0.683722972869873,9.759952545166016]",0.0003292,3.227,"[0.0,0.0,0.0,0.0]","[0.0,0.0,0.0,0.0,0.0,0.0,0.0,0.0]","[0.0,0.0,0.0,0.0,0.0,0.0,0.0,0.0]",0,1,1
2026-08-11T10:25:48.634584+00:00,1231344.101159,disarmed_link,0.0000000,0.0000000,0.0000000,0.0000000,,,0,1,1,1,0,1,0.000000,419,21001,1,0,1,1,0,1,0,1122443910,322,28086,1231344052,163,0,-1.0316738,0.0024856,"[0.8693910837173462,-0.02910097874701023,0.019643984735012054,-0.4928756058216095]","[-0.0020150700584053993,0.0002664070634637028,0.0024855933152139187]","[-0.06936199963092804,-0.6769359707832336,9.738510131835938]",0.0003005,2.945,"[0.0,0.0,0.0,0.0]","[0.0,0.0,0.0,0.0,0.0,0.0,0.0,0.0]","[0.0,0.0,0.0,0.0,0.0,0.0,0.0,0.0]",0,1,1
2026-08-11T10:25:48.684581+00:00,1231344.151171,disarmed_link,0.0000000,0.0000000,0.0000000,0.0000000,,,0,1,1,1,0,1,0.000000,420,21051,1,0,1,1,0,1,0,1122443910,323,5617,1231344102,164,0,-1.0316653,0.0012811,"[0.8693928718566895,-0.029109982773661613,0.019649988040328026,-0.4928717017173767]","[-0.0007988197612576187,-0.0003807086613960564,0.0012811415363103151]","[-0.02315099909901619,-0.6792160272598267,9.708691596984863]",0.0003005,2.945,"[0.0,0.0,0.0,0.0]","[0.0,0.0,0.0,0.0,0.0,0.0,0.0,0.0]","[0.0,0.0,0.0,0.0,0.0,0.0,0.0,0.0]",0,1,1
2026-08-11T10:25:48.734864+00:00,1231344.201176,disarmed_link,0.0000000,0.0000000,0.0000000,0.0000000,,,0,1,1,1,0,1,0.000000,421,21101,1,0,1,1,0,1,0,1122443910,324,37516,1231344152,165,0,-1.0316627,0.0012516,"[0.8693943023681641,-0.029087992385029793,0.019640997052192688,-0.49287086725234985]","[-0.0020095198415219784,0.0008748288964852691,0.0012516280403360724]","[0.021441999822854996,-0.6879280209541321,9.677347183227539]",0.0003221,3.156,"[0.0,0.0,0.0,0.0]","[0.0,0.0,0.0,0.0,0.0,0.0,0.0,0.0]","[0.0,0.0,0.0,0.0,0.0,0.0,0.0,0.0]",0,1,1
2026-08-11T10:25:48.784686+00:00,1231344.251173,disarmed_link,0.0000000,0.0000000,0.0000000,0.0000000,,,0,1,1,1,0,1,0.000000,422,21151,1,0,1,1,0,1,0,1122443910,324,37516,1231344152,165,0,-1.0316585,0.0018668,"[0.8693952560424805,-0.02908899635076523,0.019644998013973236,-0.49286893010139465]","[-0.003232332179322839,0.0002665641368366778,0.0018667516997084022]","[0.02865299955010414,-0.675898015499115,9.679652214050293]",0.0003221,3.156,"[0.0,0.0,0.0,0.0]","[0.0,0.0,0.0,0.0,0.0,0.0,0.0,0.0]","[0.0,0.0,0.0,0.0,0.0,0.0,0.0,0.0]",0,1,1
2026-08-11T10:25:48.834817+00:00,1231344.301178,disarmed_link,0.0000000,0.0000000,0.0000000,0.0000000,,,0,1,1,1,0,1,0.000000,423,21201,1,0,1,1,0,1,0,1122443910,326,23383,1231344252,166,0,-1.0316308,0.0025077,"[0.8694024682044983,-0.029078969731926918,0.01965298131108284,-0.49285653233528137]","[-0.00019153243920300156,-0.0003692069440148771,0.0025077241007238626]","[0.026170000433921814,-0.69268798828125,9.682270050048828]",0.0003914,3.836,"[0.0,0.0,0.0,0.0]","[0.0,0.0,0.0,0.0,0.0,0.0,0.0,0.0]","[0.0,0.0,0.0,0.0,0.0,0.0,0.0,0.0]",0,1,1
2026-08-11T10:25:48.884833+00:00,1231344.351177,disarmed_link,0.0000000,0.0000000,0.0000000,0.0000000,,,0,1,1,1,0,1,0.000000,424,21251,1,0,1,1,0,1,0,1122443910,327,52599,1231344302,167,0,-1.0316283,0.0024708,"[0.8694031834602356,-0.029074978083372116,0.01964898593723774,-0.49285560846328735]","[-0.004451409913599491,0.00028214993653818965,0.0024708278942853212]","[0.028555000200867653,-0.6926990151405334,9.682296752929688]",0.0003914,3.836,"[0.0,0.0,0.0,0.0]","[0.0,0.0,0.0,0.0,0.0,0.0,0.0,0.0]","[0.0,0.0,0.0,0.0,0.0,0.0,0.0,0.0]",0,1,1
2026-08-11T10:25:48.934707+00:00,1231344.401175,disarmed_link,0.0000000,0.0000000,0.0000000,0.0000000,,,0,1,1,1,0,1,0.000000,425,21301,1,0,1,1,0,1,0,1122443910,327,52599,1231344302,167,0,-1.0316352,0.0012516,"[0.8694010972976685,-0.029084976762533188,0.019649984315037727,-0.4928586184978485]","[-0.0020095198415219784,0.0008748288964852691,0.0012516280403360724]","[0.019009999930858612,-0.6852549910545349,9.694072723388672]",0.0004018,3.938,"[0.0,0.0,0.0,0.0]","[0.0,0.0,0.0,0.0,0.0,0.0,0.0,0.0]","[0.0,0.0,0.0,0.0,0.0,0.0,0.0,0.0]",0,1,1
2026-08-11T10:25:48.984798+00:00,1231344.451119,disarmed_link,0.0000000,0.0000000,0.0000000,0.0000000,,,0,1,1,1,0,1,0.000000,426,21351,1,0,1,1,0,1,0,1122443910,329,56855,1231344402,168,0,-1.0316336,0.0021038,"[0.869402289390564,-0.0290639940649271,0.019623996689915657,-0.4928589165210724]","[0.0004181285039521754,-0.0003782826825045049,0.0021037848200649023]","[-0.012149999849498272,-0.6852660179138184,9.736092567443848]",0.0004018,3.938,"[0.0,0.0,0.0,0.0]","[0.0,0.0,0.0,0.0,0.0,0.0,0.0,0.0]","[0.0,0.0,0.0,0.0,0.0,0.0,0.0,0.0]",0,1,1
2026-08-11T10:25:49.034786+00:00,1231344.501177,disarmed_link,0.0000000,0.0000000,0.0000000,0.0000000,,,0,1,1,1,0,1,0.000000,427,21401,1,0,1,1,0,1,0,1122443910,329,56855,1231344402,168,0,-1.0315977,0.0037048,"[0.8694125413894653,-0.029021991416811943,0.019611991941928864,-0.4928438067436218]","[-0.0007949625723995268,0.0008977974066510797,0.0037048279773443937]","[-0.048124998807907104,-0.6908069849014282,9.782137870788574]",0.0003675,3.602,"[0.0,0.0,0.0,0.0]","[0.0,0.0,0.0,0.0,0.0,0.0,0.0,0.0]","[0.0,0.0,0.0,0.0,0.0,0.0,0.0,0.0]",0,1,1
2026-08-11T10:25:49.084759+00:00,1231344.551125,disarmed_link,0.0000000,0.0000000,0.0000000,0.0000000,,,0,1,1,1,0,1,0.000000,428,21451,1,0,1,1,0,1,0,1122443910,329,56855,1231344402,168,0,-1.0316070,0.0012848,"[0.8694113492965698,-0.028985992074012756,0.0196129959076643,-0.49284785985946655]","[-0.0001897347392514348,-0.0003846356412395835,0.0012848241021856666]","[-0.07196400314569473,-0.6784499883651733,9.796076774597168]",0.0003675,3.602,"[0.0,0.0,0.0,0.0]","[0.0,0.0,0.0,0.0,0.0,0.0,0.0,0.0]","[0.0,0.0,0.0,0.0,0.0,0.0,0.0,0.0]",0,1,1
2026-08-11T10:25:49.134344+00:00,1231344.601170,disarmed_link,0.0000000,0.0000000,0.0000000,0.0000000,,,0,1,1,1,0,1,0.000000,429,21501,1,0,1,1,0,1,0,1122443910,329,56855,1231344402,168,0,-1.0316008,0.0025077,"[0.8694137930870056,-0.02896198444068432,0.019570989534258842,-0.4928467571735382]","[-0.00019153243920300156,-0.0003692069440148771,0.0025077241007238626]","[-0.09351100027561188,-0.6903049945831299,9.800798416137695]",0.0003795,3.719,"[0.0,0.0,0.0,0.0]","[0.0,0.0,0.0,0.0,0.0,0.0,0.0,0.0]","[0.0,0.0,0.0,0.0,0.0,0.0,0.0,0.0]",0,1,1
2026-08-11T10:25:49.184804+00:00,1231344.651126,disarmed_link,0.0000000,0.0000000,0.0000000,0.0000000,,,0,1,1,1,0,1,0.000000,430,21551,1,0,1,1,0,1,0,1122443910,329,56855,1231344402,168,0,-1.0315895,0.0024635,"[0.869417130947113,-0.028942976146936417,0.01955198496580124,-0.49284258484840393]","[-0.0020075999200344086,0.0015140905743464828,0.0024634799920022488]","[-0.10069599747657776,-0.6827629804611206,9.81979751586914]",0.0004177,4.094,"[0.0,0.0,0.0,0.0]","[0.0,0.0,0.0,0.0,0.0,0.0,0.0,0.0]","[0.0,0.0,0.0,0.0,0.0,0.0,0.0,0.0]",0,1,1
2026-08-11T10:25:49.234875+00:00,1231344.701180,disarmed_link,0.0000000,0.0000000,0.0000000,0.0000000,,,0,1,1,1,0,1,0.000000,431,21601,1,0,1,1,0,1,0,1122443910,334,63636,1231344652,169,0,-1.0316015,0.0012516,"[0.8694150447845459,-0.028918981552124023,0.01952998712658882,-0.492848664522171]","[-0.00017852972086984664,0.001486863475292921,0.0012516453862190247]","[-0.1221499964594841,-0.6802579760551453,9.819515228271484]",0.0004177,4.094,"[0.0,0.0,0.0,0.0]","[0.0,0.0,0.0,0.0,0.0,0.0,0.0,0.0]","[0.0,0.0,0.0,0.0,0.0,0.0,0.0,0.0]",0,1,1
2026-08-11T10:25:49.284336+00:00,1231344.751118,disarmed_link,0.0000000,0.0000000,0.0000000,0.0000000,,,0,1,1,1,0,1,0.000000,432,21651,1,0,1,1,0,1,0,1122443910,334,63636,1231344652,169,0,-1.0316027,0.0037048,"[0.8694155216217041,-0.02889697253704071,0.01952098123729229,-0.49284952878952026]","[-0.002015628619119525,0.0004897742765024304,0.0037048105150461197]","[-0.12847599387168884,-0.6770949959754944,9.814596176147461]",0.0004321,4.234,"[0.0,0.0,0.0,0.0]","[0.0,0.0,0.0,0.0,0.0,0.0,0.0,0.0]","[0.0,0.0,0.0,0.0,0.0,0.0,0.0,0.0]",0,1,1
2026-08-11T10:25:49.334830+00:00,1231344.801180,disarmed_link,0.0000000,0.0000000,0.0000000,0.0000000,,,0,1,1,1,0,1,0.000000,433,21701,1,0,1,1,0,1,0,1122443910,334,63636,1231344652,169,0,-1.0315969,0.0024709,"[0.8694174289703369,-0.028881974518299103,0.019505983218550682,-0.4928475618362427]","[-0.0007894299342297018,0.0015062192687764764,0.0024708625860512257]","[-0.12450099736452103,-0.6853150129318237,9.802769660949707]",0.0004321,4.234,"[0.0,0.0,0.0,0.0]","[0.0,0.0,0.0,0.0,0.0,0.0,0.0,0.0]","[0.0,0.0,0.0,0.0,0.0,0.0,0.0,0.0]",0,1,1
2026-08-11T10:25:49.384818+00:00,1231344.851126,disarmed_link,0.0000000,0.0000000,0.0000000,0.0000000,,,0,1,1,1,0,1,0.000000,434,21751,1,0,1,1,0,1,0,1122443910,337,55376,1231344802,170,0,-1.0315853,0.0012369,"[0.869421124458313,-0.028856979683041573,0.019476987421512604,-0.4928436279296875]","[-0.0044458601623773575,0.0008905542199499905,0.0012368625029921532]","[-0.12439499795436859,-0.6685510277748108,9.797725677490234]",0.0004703,4.609,"[0.0,0.0,0.0,0.0]","[0.0,0.0,0.0,0.0,0.0,0.0,0.0,0.0]","[0.0,0.0,0.0,0.0,0.0,0.0,0.0,0.0]",0,1,1
2026-08-11T10:25:49.434652+00:00,1231344.901173,disarmed_link,0.0000000,0.0000000,0.0000000,0.0000000,,,0,1,1,1,0,1,0.000000,435,21801,1,0,1,1,0,1,0,1122443910,337,55376,1231344802,170,0,-1.0316113,0.0012590,"[0.8694157004356384,-0.028826989233493805,0.019482992589473724,-0.4928548038005829]","[-0.0007913497393019497,0.000866957358084619,0.0012590107508003712]","[-0.11487600207328796,-0.6808050274848938,9.78602123260498]",0.0004703,4.609,"[0.0,0.0,0.0,0.0]","[0.0,0.0,0.0,0.0,0.0,0.0,0.0,0.0]","[0.0,0.0,0.0,0.0,0.0,0.0,0.0,0.0]",0,1,1
2026-08-11T10:25:49.484790+00:00,1231344.951121,disarmed_link,0.0000000,0.0000000,0.0000000,0.0000000,,,0,1,1,1,0,1,0.000000,436,21851,1,0,1,1,0,1,0,1122443910,339,46099,1231344902,171,0,-1.0316032,0.0024967,"[0.8694174289703369,-0.028832973912358284,0.019476983696222305,-0.49285152554512024]","[-0.002018804894760251,-0.0003574085421860218,0.002496658591553569]","[-0.10045400261878967,-0.6764270067214966,9.762133598327637]",0.0005006,4.906,"[0.0,0.0,0.0,0.0]","[0.0,0.0,0.0,0.0,0.0,0.0,0.0,0.0]","[0.0,0.0,0.0,0.0,0.0,0.0,0.0,0.0]",0,1,1
2026-08-11T10:25:49.534657+00:00,1231345.001166,disarmed_link,0.0000000,0.0000000,0.0000000,0.0000000,,,0,1,1,1,0,1,0.000000,437,21901,1,0,1,1,0,1,0,1122443910,340,61295,1231344952,172,0,-1.0316142,0.0000238,"[0.869414746761322,-0.02883598580956459,0.019462991505861282,-0.4928567707538605]","[-0.004040489438921213,0.00045661305193789303,2.3788838007021695e-05]","[-0.05180099979043007,-0.675682008266449,9.721102714538574]",0.0005006,4.906,"[0.0,0.0,0.0,0.0]","[0.0,0.0,0.0,0.0,0.0,0.0,0.0,0.0]","[0.0,0.0,0.0,0.0,0.0,0.0,0.0,0.0]",0,1,1
2026-08-11T10:25:49.584655+00:00,1231345.051125,disarmed_link,0.0000000,0.0000000,0.0000000,0.0000000,,,0,1,1,1,0,1,0.000000,438,21951,1,0,1,1,0,1,0,1122443910,340,61295,1231344952,172,0,-1.0316273,0.0012627,"[0.8694108724594116,-0.028852984309196472,0.019482987001538277,-0.49286171793937683]","[-0.003844244871288538,-0.0003610388084780425,0.0012626585084944963]","[-0.019061999395489693,-0.6780830025672913,9.6791353225708]",0.0004959,4.859,"[0.0,0.0,0.0,0.0]","[0.0,0.0,0.0,0.0,0.0,0.0,0.0,0.0]","[0.0,0.0,0.0,0.0,0.0,0.0,0.0,0.0]",0,1,1
2026-08-11T10:25:49.634652+00:00,1231345.101121,disarmed_link,0.0000000,0.0000000,0.0000000,0.0000000,,,0,1,1,1,0,1,0.000000,439,22001,1,0,1,1,0,1,0,1122443910,340,61295,1231344952,172,0,-1.0316528,0.0012442,"[0.869404137134552,-0.028865979984402657,0.019486984238028526,-0.4928726553916931]","[-0.003227690001949668,0.0008827003184705973,0.0012442453298717737]","[0.004801000002771616,-0.6757879853248596,9.679375648498535]",0.0004959,4.859,"[0.0,0.0,0.0,0.0]","[0.0,0.0,0.0,0.0,0.0,0.0,0.0,0.0]","[0.0,0.0,0.0,0.0,0.0,0.0,0.0,0.0]",0,1,1
2026-08-11T10:25:49.684626+00:00,1231345.151121,disarmed_link,0.0000000,0.0000000,0.0000000,0.0000000,,,0,1,1,1,0,1,0.000000,440,22051,1,0,1,1,0,1,0,1122443910,340,61295,1231344952,172,0,-1.0316451,0.0024635,"[0.8694062829017639,-0.028857972472906113,0.019479980692267418,-0.4928695559501648]","[-0.003838589880615473,0.0009020559955388308,0.0024634625297039747]","[0.011957000009715557,-0.6758210062980652,9.679458618164062]",0.0004560,4.469,"[0.0,0.0,0.0,0.0]","[0.0,0.0,0.0,0.0,0.0,0.0,0.0,0.0]","[0.0,0.0,0.0,0.0,0.0,0.0,0.0,0.0]",0,1,1
2026-08-11T10:25:49.734676+00:00,1231345.201172,disarmed_link,0.0000000,0.0000000,0.0000000,0.0000000,,,0,1,1,1,0,1,0.000000,441,22101,1,0,1,1,0,1,0,1122443910,344,7809,1231345152,173,0,-1.0316294,0.0024561,"[0.8694097995758057,-0.02887098677456379,0.01950599066913128,-0.4928617477416992]","[-0.0032257698476314545,0.001521961996331811,0.002456097165122628]","[0.021500999107956886,-0.6783429980278015,9.67480754852295]",0.0004807,4.711,"[0.0,0.0,0.0,0.0]","[0.0,0.0,0.0,0.0,0.0,0.0,0.0,0.0]","[0.0,0.0,0.0,0.0,0.0,0.0,0.0,0.0]",0,1,1
2026-08-11T10:25:49.784756+00:00,1231345.251126,disarmed_link,0.0000000,0.0000000,0.0000000,0.0000000,,,0,1,1,1,0,1,0.000000,442,22151,1,0,1,1,0,1,0,1122443910,344,7809,1231345152,173,0,-1.0316026,0.0024671,"[0.8694161176681519,-0.02887597493827343,0.019518982619047165,-0.49284958839416504]","[-0.0032295051496475935,0.0008981116116046906,0.002467145211994648]","[0.028643999248743057,-0.6857029795646667,9.667801856994629]",0.0004807,4.711,"[0.0,0.0,0.0,0.0]","[0.0,0.0,0.0,0.0,0.0,0.0,0.0,0.0]","[0.0,0.0,0.0,0.0,0.0,0.0,0.0,0.0]",0,1,1
2026-08-11T10:25:49.834695+00:00,1231345.301177,disarmed_link,0.0000000,0.0000000,0.0000000,0.0000000,,,0,1,1,1,0,1,0.000000,443,22201,1,0,1,1,0,1,0,1122443910,346,55130,1231345252,174,0,-1.0315973,0.0045397,"[0.8694171905517578,-0.028883976861834526,0.019536983221769333,-0.49284660816192627]","[-0.0012097051367163658,-0.00033695329329930246,0.004539741203188896]","[0.011878999881446362,-0.6812250018119812,9.693129539489746]",0.0004504,4.414,"[0.0,0.0,0.0,0.0]","[0.0,0.0,0.0,0.0,0.0,0.0,0.0,0.0]","[0.0,0.0,0.0,0.0,0.0,0.0,0.0,0.0]",0,1,1
2026-08-11T10:25:49.884817+00:00,1231345.351180,disarmed_link,0.0000000,0.0000000,0.0000000,0.0000000,,,0,1,1,1,0,1,0.000000,444,22251,1,0,1,1,0,1,0,1122443910,347,10979,1231345302,175,0,-1.0315722,0.0024450,"[0.8694229125976562,-0.028897983953356743,0.019562991335988045,-0.4928346872329712]","[-0.003222034778445959,0.002145795151591301,0.002445031888782978]","[-0.0026209999341517687,-0.6869019865989685,9.737025260925293]",0.0004504,4.414,"[0.0,0.0,0.0,0.0]","[0.0,0.0,0.0,0.0,0.0,0.0,0.0,0.0]","[0.0,0.0,0.0,0.0,0.0,0.0,0.0,0.0]",0,1,1
2026-08-11T10:25:49.934792+00:00,1231345.401177,disarmed_link,0.0000000,0.0000000,0.0000000,0.0000000,,,0,1,1,1,0,1,0.000000,445,22301,1,0,1,1,0,1,0,1122443910,348,52532,1231345352,176,0,-1.0315559,0.0024745,"[0.8694265484809875,-0.0289089884608984,0.019582992419600487,-0.49282681941986084]","[-0.0038423247169703245,0.0002782054652925581,0.002474510343745351]","[-0.02654399909079075,-0.6889410018920898,9.753571510314941]",0.0004114,4.031,"[0.0,0.0,0.0,0.0]","[0.0,0.0,0.0,0.0,0.0,0.0,0.0,0.0]","[0.0,0.0,0.0,0.0,0.0,0.0,0.0,0.0]",0,1,1
2026-08-11T10:25:49.984779+00:00,1231345.451182,disarmed_link,0.0000000,0.0000000,0.0000000,0.0000000,,,0,1,1,1,0,1,0.000000,446,22351,1,0,1,1,0,1,0,1122443910,348,52532,1231345352,176,0,-1.0315152,0.0037232,"[0.8694356679916382,-0.028935983777046204,0.019591988995671272,-0.4928087592124939]","[-0.003242507576942444,-0.0009579589241184294,0.0037232234608381987]","[-0.04094500094652176,-0.6958709955215454,9.767902374267578]",0.0004114,4.031,"[0.0,0.0,0.0,0.0]","[0.0,0.0,0.0,0.0,0.0,0.0,0.0,0.0]","[0.0,0.0,0.0,0.0,0.0,0.0,0.0,0.0]",0,1,1
2026-08-11T10:25:50.034680+00:00,1231345.501178,disarmed_link,0.0000000,0.0000000,0.0000000,0.0000000,,,0,1,1,1,0,1,0.000000,447,22401,1,0,1,1,0,1,0,1122443910,348,52532,1231345352,176,0,-1.0315027,0.0018373,"[0.8694382905960083,-0.028950992971658707,0.01960199698805809,-0.4928029179573059]","[-0.004443032201379538,0.0015221191570162773,0.0018372557824477553]","[-0.05998700112104416,-0.683646023273468,9.774700164794922]",0.0004066,3.984,"[0.0,0.0,0.0,0.0]","[0.0,0.0,0.0,0.0,0.0,0.0,0.0,0.0]","[0.0,0.0,0.0,0.0,0.0,0.0,0.0,0.0]",0,1,1
2026-08-11T10:25:50.084006+00:00,1231345.551113,disarmed_link,0.0000000,0.0000000,0.0000000,0.0000000,,,0,1,1,1,0,1,0.000000,448,22451,1,0,1,1,0,1,0,1122443910,351,26011,1231345502,177,0,-1.0314817,0.0024671,"[0.8694424629211426,-0.028979992493987083,0.01962699368596077,-0.49279284477233887]","[-0.0032295051496475935,0.0008981116116046906,0.002467145211994648]","[-0.07438799738883972,-0.6856549978256226,9.79615306854248]",0.0004066,3.984,"[0.0,0.0,0.0,0.0]","[0.0,0.0,0.0,0.0,0.0,0.0,0.0,0.0]","[0.0,0.0,0.0,0.0,0.0,0.0,0.0,0.0]",0,1,1
2026-08-11T10:25:50.134107+00:00,1231345.601156,disarmed_link,0.0000000,0.0000000,0.0000000,0.0000000,,,0,1,1,1,0,1,0.000000,449,22501,1,0,1,1,0,1,0,1122443910,351,26011,1231345502,177,0,-1.0314615,0.0012295,"[0.8694467544555664,-0.029002966359257698,0.019640978425741196,-0.49278342723846436]","[-0.0020020497031509876,0.0021225123200565577,0.0012295146007090807]","[-0.10150100290775299,-0.6868169903755188,9.81664752960205]",0.0003866,3.789,"[0.0,0.0,0.0,0.0]","[0.0,0.0,0.0,0.0,0.0,0.0,0.0,0.0]","[0.0,0.0,0.0,0.0,0.0,0.0,0.0,0.0]",0,1,1
2026-08-11T10:25:50.184377+00:00,1231345.651163,disarmed_link,0.0000000,0.0000000,0.0000000,0.0000000,,,0,1,1,1,0,1,0.000000,450,22551,1,0,1,1,0,1,0,1122443910,353,32367,1231345601,178,0,-1.0314515,0.0024671,"[0.8694493174552917,-0.028996994718909264,0.019647996872663498,-0.49277886748313904]","[-0.0032295051496475935,0.0008981116116046906,0.002467145211994648]","[-0.13647399842739105,-0.6875190138816833,9.812257766723633]",0.0003866,3.789,"[0.0,0.0,0.0,0.0]","[0.0,0.0,0.0,0.0,0.0,0.0,0.0,0.0]","[0.0,0.0,0.0,0.0,0.0,0.0,0.0,0.0]",0,1,1
2026-08-11T10:25:50.234796+00:00,1231345.701182,disarmed_link,0.0000000,0.0000000,0.0000000,0.0000000,,,0,1,1,1,0,1,0.000000,451,22601,1,0,1,1,0,1,0,1122443910,353,32367,1231345601,178,0,-1.0314432,0.0024708,"[0.869450569152832,-0.029020968824625015,0.019641976803541183,-0.49277547001838684]","[-0.0026204201858490705,0.0008941845735535026,0.0024708453565835953]","[-0.1388929933309555,-0.6824399828910828,9.828947067260742]",0.0003603,3.531,"[0.0,0.0,0.0,0.0]","[0.0,0.0,0.0,0.0,0.0,0.0,0.0,0.0]","[0.0,0.0,0.0,0.0,0.0,0.0,0.0,0.0]",0,1,1
2026-08-11T10:25:50.284829+00:00,1231345.751181,disarmed_link,0.0000000,0.0000000,0.0000000,0.0000000,,,0,1,1,1,0,1,0.000000,452,22651,1,0,1,1,0,1,0,1122443910,353,32367,1231345601,178,0,-1.0314094,0.0030639,"[0.8694590330123901,-0.029016979038715363,0.019643986597657204,-0.49276062846183777]","[-0.002004772424697876,0.0021456379909068346,0.0030638733878731728]","[-0.13653700053691864,-0.6946250200271606,9.819559097290039]",0.0003245,3.180,"[0.0,0.0,0.0,0.0]","[0.0,0.0,0.0,0.0,0.0,0.0,0.0,0.0]","[0.0,0.0,0.0,0.0,0.0,0.0,0.0,0.0]",0,1,1
2026-08-11T10:25:50.334309+00:00,1231345.801164,disarmed_link,0.0000000,0.0000000,0.0000000,0.0000000,,,0,1,1,1,0,1,0.000000,453,22701,1,0,1,1,0,1,0,1122443910,353,32367,1231345601,178,0,-1.0314145,0.0024266,"[0.8694575428962708,-0.029025988653302193,0.01964499242603779,-0.49276283383369446]","[-0.004436470568180084,0.0027774993795901537,0.0024265837855637074]","[-0.12926700711250305,-0.6877719759941101,9.797952651977539]",0.0003245,3.180,"[0.0,0.0,0.0,0.0]","[0.0,0.0,0.0,0.0,0.0,0.0,0.0,0.0]","[0.0,0.0,0.0,0.0,0.0,0.0,0.0,0.0]",0,1,1
2026-08-11T10:25:50.384815+00:00,1231345.851174,disarmed_link,0.0000000,0.0000000,0.0000000,0.0000000,,,0,1,1,1,0,1,0.000000,454,22751,1,0,1,1,0,1,0,1122443910,353,32367,1231345601,178,0,-1.0313975,0.0024745,"[0.869461715221405,-0.029027968645095825,0.01964297518134117,-0.4927554428577423]","[-0.0038423247169703245,0.0002782054652925581,0.002474510343745351]","[-0.12447600066661835,-0.6903460025787354,9.78844928741455]",0.0003460,3.391,"[0.0,0.0,0.0,0.0]","[0.0,0.0,0.0,0.0,0.0,0.0,0.0,0.0]","[0.0,0.0,0.0,0.0,0.0,0.0,0.0,0.0]",0,1,1
2026-08-11T10:25:50.434830+00:00,1231345.901212,disarmed_link,0.0000000,0.0000000,0.0000000,0.0000000,,,0,1,1,1,0,1,0.000000,455,22801,1,0,1,1,0,1,0,1122443910,358,48580,1231345852,179,0,-1.0313880,0.0024893,"[0.8694636225700378,-0.0290409866720438,0.01963099092245102,-0.4927517771720886]","[-0.0014059848617762327,0.00026248005451634526,0.002489293459802866]","[-0.04778600111603737,-0.6824319958686829,9.700458526611328]",0.0003460,3.391,"[0.0,0.0,0.0,0.0]","[0.0,0.0,0.0,0.0,0.0,0.0,0.0,0.0]","[0.0,0.0,0.0,0.0,0.0,0.0,0.0,0.0]",0,1,1
2026-08-11T10:25:50.484935+00:00,1231345.951250,disarmed_link,0.0000000,0.0000000,0.0000000,0.0000000,,,0,1,1,1,0,1,0.000000,456,22851,1,0,1,1,0,1,0,1122443910,359,50563,1231345902,180,0,-1.0313741,0.0031044,"[0.86946702003479,-0.02904197946190834,0.019605984911322594,-0.49274665117263794]","[-0.0007977900677360594,0.0002662499900907278,0.0031044348143041134]","[-0.03107300028204918,-0.6776620149612427,9.70297908782959]",0.0003516,3.445,"[0.0,0.0,0.0,0.0]","[0.0,0.0,0.0,0.0,0.0,0.0,0.0,0.0]","[0.0,0.0,0.0,0.0,0.0,0.0,0.0,0.0]",0,1,1
2026-08-11T10:25:50.534816+00:00,1231346.001179,disarmed_link,0.0000000,0.0000000,0.0000000,0.0000000,,,0,1,1,1,0,1,0.000000,457,22901,1,0,1,1,0,1,0,1122443910,360,50493,1231345952,181,0,-1.0313531,0.0031229,"[0.8694727420806885,-0.029027987271547318,0.01959899067878723,-0.4927377998828888]","[0.0004166275612078607,-0.000365437037544325,0.003122882917523384]","[-0.014343000017106533,-0.6828060150146484,9.686454772949219]",0.0003516,3.445,"[0.0,0.0,0.0,0.0]","[0.0,0.0,0.0,0.0,0.0,0.0,0.0,0.0]","[0.0,0.0,0.0,0.0,0.0,0.0,0.0,0.0]",0,1,1
2026-08-11T10:25:50.584824+00:00,1231346.051178,disarmed_link,0.0000000,0.0000000,0.0000000,0.0000000,,,0,1,1,1,0,1,0.000000,458,22951,1,0,1,1,0,1,0,1122443910,360,50493,1231345952,181,0,-1.0313598,0.0012811,"[0.8694716095924377,-0.02901199273765087,0.01959599368274212,-0.49274083971977234]","[-0.0007988197612576187,-0.0003807086613960564,0.0012811415363103151]","[0.004695000126957893,-0.6925519704818726,9.684418678283691]",0.0003707,3.633,"[0.0,0.0,0.0,0.0]","[0.0,0.0,0.0,0.0,0.0,0.0,0.0,0.0]","[0.0,0.0,0.0,0.0,0.0,0.0,0.0,0.0]",0,1,1
2026-08-11T10:25:50.634649+00:00,1231346.101174,disarmed_link,0.0000000,0.0000000,0.0000000,0.0000000,,,0,1,1,1,0,1,0.000000,459,23001,1,0,1,1,0,1,0,1122443910,362,13747,1231346052,182,0,-1.0313512,0.0018852,"[0.8694735169410706,-0.029016969725489616,0.019584979861974716,-0.4927375018596649]","[-0.0020178973209112883,-0.00036512286169454455,0.0018852000357583165]","[0.007191000040620565,-0.6782779693603516,9.674642562866211]",0.0003707,3.633,"[0.0,0.0,0.0,0.0]","[0.0,0.0,0.0,0.0,0.0,0.0,0.0,0.0]","[0.0,0.0,0.0,0.0,0.0,0.0,0.0,0.0]",0,1,1
2026-08-11T10:25:50.684199+00:00,1231346.151162,disarmed_link,0.0000000,0.0000000,0.0000000,0.0000000,,,0,1,1,1,0,1,0.000000,460,23051,1,0,1,1,0,1,0,1122443910,362,13747,1231346052,182,0,-1.0313277,0.0024721,"[0.8694792985916138,-0.029015973210334778,0.01957997865974903,-0.49272751808166504]","[-0.0024173858109861612,0.0008928755414672196,0.0024720667861402035]","[0.015053000301122665,-0.6844959855079651,9.690016746520996]",0.0003540,3.469,"[0.0,0.0,0.0,0.0]","[0.0,0.0,0.0,0.0,0.0,0.0,0.0,0.0]","[0.0,0.0,0.0,0.0,0.0,0.0,0.0,0.0]",0,1,1
2026-08-11T10:25:50.734523+00:00,1231346.201180,disarmed_link,0.0000000,0.0000000,0.0000000,0.0000000,,,0,1,1,1,0,1,0.000000,461,23101,1,0,1,1,0,1,0,1122443910,364,55033,1231346151,183,0,-1.0313033,0.0037306,"[0.8694857954978943,-0.029003987088799477,0.0195819903165102,-0.4927167594432831]","[-0.002024337649345398,-0.0009658303461037576,0.003730606520548463]","[0.018967999145388603,-0.6850720047950745,9.706063270568848]",0.0003540,3.469,"[0.0,0.0,0.0,0.0]","[0.0,0.0,0.0,0.0,0.0,0.0,0.0,0.0]","[0.0,0.0,0.0,0.0,0.0,0.0,0.0,0.0]",0,1,1
2026-08-11T10:25:50.784837+00:00,1231346.251178,disarmed_link,0.0000000,0.0000000,0.0000000,0.0000000,,,0,1,1,1,0,1,0.000000,462,23151,1,0,1,1,0,1,0,1122443910,364,55033,1231346151,183,0,-1.0312775,0.0024782,"[0.8694932460784912,-0.028968973085284233,0.01958398148417473,-0.4927055537700653]","[-0.0014022499090060592,0.0008863131515681744,0.002478228183463216]","[0.004554999992251396,-0.6894869804382324,9.72754955291748]",0.0003428,3.359,"[0.0,0.0,0.0,0.0]","[0.0,0.0,0.0,0.0,0.0,0.0,0.0,0.0]","[0.0,0.0,0.0,0.0,0.0,0.0,0.0,0.0]",0,1,1
2026-08-11T10:25:50.833868+00:00,1231346.301242,disarmed_link,0.0000000,0.0000000,0.0000000,0.0000000,,,0,1,1,1,0,1,0.000000,463,23201,1,0,1,1,0,1,0,1122443910,364,55033,1231346151,183,0,-1.0312446,0.0012406,"[0.8695017695426941,-0.028956985101103783,0.01957198791205883,-0.4926917254924774]","[-0.0001747947244439274,0.002110714092850685,0.0012405974557623267]","[0.004567999858409166,-0.6821609735488892,9.734640121459961]",0.0002902,2.844,"[0.0,0.0,0.0,0.0]","[0.0,0.0,0.0,0.0,0.0,0.0,0.0,0.0]","[0.0,0.0,0.0,0.0,0.0,0.0,0.0,0.0]",0,1,1
2026-08-11T10:25:50.883831+00:00,1231346.351100,disarmed_link,0.0000000,0.0000000,0.0000000,0.0000000,,,0,1,1,1,0,1,0.000000,464,23251,1,0,1,1,0,1,0,1122443910,367,14426,1231346301,184,0,-1.0312197,0.0018557,"[0.8695086240768433,-0.0289359912276268,0.019572991877794266,-0.4926808178424835]","[-0.003228597342967987,0.000890397175680846,0.0018557040020823479]","[-0.024150999262928963,-0.6889879703521729,9.751203536987305]",0.0002902,2.844,"[0.0,0.0,0.0,0.0]","[0.0,0.0,0.0,0.0,0.0,0.0,0.0,0.0]","[0.0,0.0,0.0,0.0,0.0,0.0,0.0,0.0]",0,1,1
2026-08-11T10:25:50.933687+00:00,1231346.401099,disarmed_link,0.0000000,0.0000000,0.0000000,0.0000000,,,0,1,1,1,0,1,0.000000,465,23301,1,0,1,1,0,1,0,1122443910,367,14426,1231346301,184,0,-1.0312185,0.0012922,"[0.8695094585418701,-0.028919992968440056,0.019557993859052658,-0.4926808774471283]","[-0.0008025547722354531,-0.0010045417584478855,0.001292189466767013]","[-0.0408720001578331,-0.6888009905815125,9.758203506469727]",0.0002966,2.906,"[0.0,0.0,0.0,0.0]","[0.0,0.0,0.0,0.0,0.0,0.0,0.0,0.0]","[0.0,0.0,0.0,0.0,0.0,0.0,0.0,0.0]",0,1,1
2026-08-11T10:25:50.983903+00:00,1231346.451163,disarmed_link,0.0000000,0.0000000,0.0000000,0.0000000,,,0,1,1,1,0,1,0.000000,466,23351,1,0,1,1,0,1,0,1122443910,369,56434,1231346401,185,0,-1.0311971,0.0032701,"[0.8695144653320312,-0.028926972299814224,0.01955997943878174,-0.49267148971557617]","[-0.002819666638970375,0.0017375624738633633,0.0032701361924409866]","[-0.06958899646997452,-0.6792389750480652,9.797714233398438]",0.0002966,2.906,"[0.0,0.0,0.0,0.0]","[0.0,0.0,0.0,0.0,0.0,0.0,0.0,0.0]","[0.0,0.0,0.0,0.0,0.0,0.0,0.0,0.0]",0,1,1
2026-08-11T10:25:51.033717+00:00,1231346.501102,disarmed_link,0.0000000,0.0000000,0.0000000,0.0000000,,,0,1,1,1,0,1,0.000000,467,23401,1,0,1,1,0,1,0,1122443910,370,7428,1231346451,186,0,-1.0311857,0.0012184,"[0.8695175647735596,-0.028917988762259483,0.019580990076065063,-0.4926657974720001]","[-0.001998314866796136,0.002746345242485404,0.0012184493243694305]","[-0.11741399765014648,-0.6801339983940125,9.829160690307617]",0.0003173,3.109,"[0.0,0.0,0.0,0.0]","[0.0,0.0,0.0,0.0,0.0,0.0,0.0,0.0]","[0.0,0.0,0.0,0.0,0.0,0.0,0.0,0.0]",0,1,1
2026-08-11T10:25:51.083901+00:00,1231346.551163,disarmed_link,0.0000000,0.0000000,0.0000000,0.0000000,,,0,1,1,1,0,1,0.000000,468,23451,1,0,1,1,0,1,0,1122443910,370,7428,1231346451,186,0,-1.0311964,0.0018520,"[0.8695149421691895,-0.028915978968143463,0.01959998905658722,-0.4926697015762329]","[-0.002006692346185446,0.001506376313045621,0.0018520212033763528]","[-0.1341480016708374,-0.6823520064353943,9.836196899414062]",0.0003173,3.109,"[0.0,0.0,0.0,0.0]","[0.0,0.0,0.0,0.0,0.0,0.0,0.0,0.0]","[0.0,0.0,0.0,0.0,0.0,0.0,0.0,0.0]",0,1,1
2026-08-11T10:25:51.133793+00:00,1231346.601162,disarmed_link,0.0000000,0.0000000,0.0000000,0.0000000,,,0,1,1,1,0,1,0.000000,469,23501,1,0,1,1,0,1,0,1122443910,372,54488,1231346551,187,0,-1.0311830,0.0024745,"[0.8695183396339417,-0.028913991525769234,0.019599996507167816,-0.4926638901233673]","[-0.0020113347563892603,0.0008902400732040405,0.0024745280388742685]","[-0.13888399302959442,-0.6824769973754883,9.826549530029297]",0.0002854,2.797,"[0.0,0.0,0.0,0.0]","[0.0,0.0,0.0,0.0,0.0,0.0,0.0,0.0]","[0.0,0.0,0.0,0.0,0.0,0.0,0.0,0.0]",0,1,1
2026-08-11T10:25:51.183885+00:00,1231346.651162,disarmed_link,0.0000000,0.0000000,0.0000000,0.0000000,,,0,1,1,1,0,1,0.000000,470,23551,1,0,1,1,0,1,0,1122443910,373,32109,1231346601,188,0,-1.0311561,0.0024671,"[0.8695245385169983,-0.028926989063620567,0.0196089930832386,-0.4926518201828003]","[-0.0032295051496475935,0.0008981116116046906,0.002467145211994648]","[-0.14604400098323822,-0.6799650192260742,9.831228256225586]",0.0002854,2.797,"[0.0,0.0,0.0,0.0]","[0.0,0.0,0.0,0.0,0.0,0.0,0.0,0.0]","[0.0,0.0,0.0,0.0,0.0,0.0,0.0,0.0]",0,1,1
2026-08-11T10:25:51.233883+00:00,1231346.701167,disarmed_link,0.0000000,0.0000000,0.0000000,0.0000000,,,0,1,1,1,0,1,0.000000,471,23601,1,0,1,1,0,1,0,1122443910,373,32109,1231346601,188,0,-1.0311626,0.0024561,"[0.869522750377655,-0.02893298678100109,0.019632991403341293,-0.4926537573337555]","[-0.0032257698476314545,0.001521961996331811,0.002456097165122628]","[-0.13883699476718903,-0.6752970218658447,9.82404613494873]",0.0002575,2.523,"[0.0,0.0,0.0,0.0]","[0.0,0.0,0.0,0.0,0.0,0.0,0.0,0.0]","[0.0,0.0,0.0,0.0,0.0,0.0,0.0,0.0]",0,1,1
2026-08-11T10:25:51.283937+00:00,1231346.751166,disarmed_link,0.0000000,0.0000000,0.0000000,0.0000000,,,0,1,1,1,0,1,0.000000,472,23651,1,0,1,1,0,1,0,1122443910,375,39813,1231346701,189,0,-1.0311384,0.0012553,"[0.8695275783538818,-0.028964968398213387,0.01965297758579254,-0.49264243245124817]","[-0.0032314248383045197,0.0002588497882243246,0.0012552932603284717]","[-0.08607999980449677,-0.6693859696388245,9.754999160766602]",0.0002575,2.523,"[0.0,0.0,0.0,0.0]","[0.0,0.0,0.0,0.0,0.0,0.0,0.0,0.0]","[0.0,0.0,0.0,0.0,0.0,0.0,0.0,0.0]",0,1,1
2026-08-11T10:25:51.333785+00:00,1231346.801163,disarmed_link,0.0000000,0.0000000,0.0000000,0.0000000,,,0,1,1,1,0,1,0.000000,473,23701,1,0,1,1,0,1,0,1122443910,376,65378,1231346751,190,0,-1.0311185,0.0025151,"[0.8695319890975952,-0.02897997945547104,0.0196559876203537,-0.4926336407661438]","[-0.0026353425346314907,-0.0016011649277061224,0.002515072003006935]","[-0.07415000349283218,-0.6768410205841064,9.743252754211426]",0.0002264,2.219,"[0.0,0.0,0.0,0.0]","[0.0,0.0,0.0,0.0,0.0,0.0,0.0,0.0]","[0.0,0.0,0.0,0.0,0.0,0.0,0.0,0.0]",0,1,1
2026-08-11T10:25:51.383908+00:00,1231346.851162,disarmed_link,0.0000000,0.0000000,0.0000000,0.0000000,,,0,1,1,1,0,1,0.000000,474,23751,1,0,1,1,0,1,0,1122443910,377,11645,1231346801,191,0,-1.0311253,0.0012442,"[0.8695289492607117,-0.02902098186314106,0.019678987562656403,-0.49263566732406616]","[-0.003227690001949668,0.0008827003184705973,0.0012442453298717737]","[-0.057346999645233154,-0.6749159693717957,9.717029571533203]",0.0002384,2.336,"[0.0,0.0,0.0,0.0]","[0.0,0.0,0.0,0.0,0.0,0.0,0.0,0.0]","[0.0,0.0,0.0,0.0,0.0,0.0,0.0,0.0]",0,1,1
2026-08-11T10:25:51.433748+00:00,1231346.901116,disarmed_link,0.0000000,0.0000000,0.0000000,0.0000000,,,0,1,1,1,0,1,0.000000,475,23801,1,0,1,1,0,1,0,1122443910,377,11645,1231346801,191,0,-1.0311215,0.0024893,"[0.869529664516449,-0.02902798540890217,0.01968599110841751,-0.49263373017311096]","[-0.003236974822357297,-0.00034955458249896765,0.002489258535206318]","[-0.03825800120830536,-0.6799610257148743,9.707727432250977]",0.0002384,2.336,"[0.0,0.0,0.0,0.0]","[0.0,0.0,0.0,0.0,0.0,0.0,0.0,0.0]","[0.0,0.0,0.0,0.0,0.0,0.0,0.0,0.0]",0,1,1
2026-08-11T10:25:51.483882+00:00,1231346.951160,disarmed_link,0.0000000,0.0000000,0.0000000,0.0000000,,,0,1,1,1,0,1,0.000000,476,23851,1,0,1,1,0,1,0,1122443910,379,56819,1231346901,192,0,-1.0311202,0.0012627,"[0.8695288300514221,-0.029063982889056206,0.01969698816537857,-0.4926326870918274]","[-0.00201325467787683,0.00025097833713516593,0.0012626933166757226]","[-0.026294000446796417,-0.6826409697532654,9.693511962890625]",0.0002838,2.781,"[0.0,0.0,0.0,0.0]","[0.0,0.0,0.0,0.0,0.0,0.0,0.0,0.0]","[0.0,0.0,0.0,0.0,0.0,0.0,0.0,0.0]",0,1,1
2026-08-11T10:25:51.533885+00:00,1231347.001180,disarmed_link,0.0000000,0.0000000,0.0000000,0.0000000,,,0,1,1,1,0,1,0.000000,477,23901,1,0,1,1,0,1,0,1122443910,379,56819,1231346901,192,0,-1.0311371,0.0032824,"[0.8695235252380371,-0.02909698896110058,0.01972799189388752,-0.49263882637023926]","[-0.0032307091169059277,0.0009083914919756353,0.0032824233639985323]","[0.010336999781429768,-0.6765049695968628,9.686647415161133]",0.0002838,2.781,"[0.0,0.0,0.0,0.0]","[0.0,0.0,0.0,0.0,0.0,0.0,0.0,0.0]","[0.0,0.0,0.0,0.0,0.0,0.0,0.0,0.0]",0,1,1
2026-08-11T10:25:51.583755+00:00,1231347.051162,disarmed_link,0.0000000,0.0000000,0.0000000,0.0000000,,,0,1,1,1,0,1,0.000000,478,23951,1,0,1,1,0,1,0,1122443910,379,56819,1231346901,192,0,-1.0311362,0.0012442,"[0.8695226907730103,-0.02912796474993229,0.019727975130081177,-0.49263840913772583]","[-0.003227690001949668,0.0008827003184705973,0.0012442453298717737]","[0.023814000189304352,-0.6805030107498169,9.691658020019531]",0.0002782,2.727,"[0.0,0.0,0.0,0.0]","[0.0,0.0,0.0,0.0,0.0,0.0,0.0,0.0]","[0.0,0.0,0.0,0.0,0.0,0.0,0.0,0.0]",0,1,1
2026-08-11T10:25:51.633763+00:00,1231347.101162,disarmed_link,0.0000000,0.0000000,0.0000000,0.0000000,,,0,1,1,1,0,1,0.000000,479,24001,1,0,1,1,0,1,0,1122443910,382,21543,1231347051,193,0,-1.0311555,0.0012627,"[0.8695175051689148,-0.029142990708351135,0.019726991653442383,-0.49264684319496155]","[-0.003844244871288538,-0.0003610388084780425,0.0012626585084944963]","[0.014209999702870846,-0.6875649690628052,9.698847770690918]",0.0002782,2.727,"[0.0,0.0,0.0,0.0]","[0.0,0.0,0.0,0.0,0.0,0.0,0.0,0.0]","[0.0,0.0,0.0,0.0,0.0,0.0,0.0,0.0]",0,1,1
2026-08-11T10:25:51.683815+00:00,1231347.151164,disarmed_link,0.0000000,0.0000000,0.0000000,0.0000000,,,0,1,1,1,0,1,0.000000,480,24051,1,0,1,1,0,1,0,1122443910,382,21543,1231347051,193,0,-1.0311779,0.0012590,"[0.8695109486579895,-0.02917398139834404,0.019722988829016685,-0.4926566779613495]","[-0.004453329835087061,-0.00035711185773834586,0.001258975942619145]","[0.0213019996881485,-0.6897839903831482,9.713354110717773]",0.0003101,3.039,"[0.0,0.0,0.0,0.0]","[0.0,0.0,0.0,0.0,0.0,0.0,0.0,0.0]","[0.0,0.0,0.0,0.0,0.0,0.0,0.0,0.0]",0,1,1
2026-08-11T10:25:51.733882+00:00,1231347.201206,disarmed_link,0.0000000,0.0000000,0.0000000,0.0000000,,,0,1,1,1,0,1,0.000000,481,24101,1,0,1,1,0,1,0,1122443910,384,42004,1231347151,194,0,-1.0311860,0.0024745,"[0.8695080876350403,-0.029196977615356445,0.01973898522555828,-0.4926595985889435]","[-0.0020113347563892603,0.0008902400732040405,0.0024745280388742685]","[0.006943999789655209,-0.691976010799408,9.722817420959473]",0.0003101,3.039,"[0.0,0.0,0.0,0.0]","[0.0,0.0,0.0,0.0,0.0,0.0,0.0,0.0]","[0.0,0.0,0.0,0.0,0.0,0.0,0.0,0.0]",0,1,1
2026-08-11T10:25:51.783886+00:00,1231347.251166,disarmed_link,0.0000000,0.0000000,0.0000000,0.0000000,,,0,1,1,1,0,1,0.000000,482,24151,1,0,1,1,0,1,0,1122443910,385,32056,1231347201,195,0,-1.0311842,0.0024708,"[0.8695080876350403,-0.029211977496743202,0.01974298432469368,-0.4926586151123047]","[-0.004451409913599491,0.00028214993653818965,0.0024708278942853212]","[-0.016966000199317932,-0.686689019203186,9.746453285217285]",0.0003109,3.047,"[0.0,0.0,0.0,0.0]","[0.0,0.0,0.0,0.0,0.0,0.0,0.0,0.0]","[0.0,0.0,0.0,0.0,0.0,0.0,0.0,0.0]",0,1,1
2026-08-11T10:25:51.833824+00:00,1231347.301171,disarmed_link,0.0000000,0.0000000,0.0000000,0.0000000,,,0,1,1,1,0,1,0.000000,483,24201,1,0,1,1,0,1,0,1122443910,386,6614,1231347251,196,0,-1.0311916,0.0012885,"[0.8695055246353149,-0.0292349923402071,0.019742991775274277,-0.49266183376312256]","[-0.0008012981270439923,-0.0007966031553223729,0.0012885067844763398]","[-0.06319499760866165,-0.6826949715614319,9.783443450927734]",0.0003109,3.047,"[0.0,0.0,0.0,0.0]","[0.0,0.0,0.0,0.0,0.0,0.0,0.0,0.0]","[0.0,0.0,0.0,0.0,0.0,0.0,0.0,0.0]",0,1,1
2026-08-11T10:25:51.883870+00:00,1231347.351158,disarmed_link,0.0000000,0.0000000,0.0000000,0.0000000,,,0,1,1,1,0,1,0.000000,484,24251,1,0,1,1,0,1,0,1122443910,387,46307,1231347301,197,0,-1.0311906,0.0024635,"[0.8695058226585388,-0.029233982786536217,0.01973498798906803,-0.4926617443561554]","[-0.0020075999200344086,0.0015140905743464828,0.0024634799920022488]","[-0.11031799763441086,-0.6848310232162476,9.838908195495605]",0.0003157,3.094,"[0.0,0.0,0.0,0.0]","[0.0,0.0,0.0,0.0,0.0,0.0,0.0,0.0]","[0.0,0.0,0.0,0.0,0.0,0.0,0.0,0.0]",0,1,1
2026-08-11T10:25:51.933744+00:00,1231347.401103,disarmed_link,0.0000000,0.0000000,0.0000000,0.0000000,,,0,1,1,1,0,1,0.000000,485,24301,1,0,1,1,0,1,0,1122443910,387,46307,1231347301,197,0,-1.0312061,0.0024745,"[0.8695019483566284,-0.029234981164336205,0.01972898654639721,-0.49266865849494934]","[-0.0020113347563892603,0.0008902400732040405,0.0024745280388742685]","[-0.12464500218629837,-0.6896119713783264,9.836413383483887]",0.0003157,3.094,"[0.0,0.0,0.0,0.0]","[0.0,0.0,0.0,0.0,0.0,0.0,0.0,0.0]","[0.0,0.0,0.0,0.0,0.0,0.0,0.0,0.0]",0,1,1
2026-08-11T10:25:51.983894+00:00,1231347.451104,disarmed_link,0.0000000,0.0000000,0.0000000,0.0000000,,,0,1,1,1,0,1,0.000000,486,24351,1,0,1,1,0,1,0,1122443910,389,44685,1231347401,198,0,-1.0311683,0.0024893,"[0.8695111870765686,-0.029238978400826454,0.019717983901500702,-0.49265262484550476]","[-0.003236974822357297,-0.00034955458249896765,0.002489258535206318]","[-0.13649499416351318,-0.675125002861023,9.836065292358398]",0.0003683,3.609,"[0.0,0.0,0.0,0.0]","[0.0,0.0,0.0,0.0,0.0,0.0,0.0,0.0]","[0.0,0.0,0.0,0.0,0.0,0.0,0.0,0.0]",0,1,1
2026-08-11T10:25:52.033814+00:00,1231347.501166,disarmed_link,0.0000000,0.0000000,0.0000000,0.0000000,,,0,1,1,1,0,1,0.000000,487,24401,1,0,1,1,0,1,0,1122443910,389,44685,1231347401,198,0,-1.0311675,0.0024708,"[0.8695114254951477,-0.029236987233161926,0.01970299519598484,-0.49265286326408386]","[-0.0026204201858490705,0.0008941845735535026,0.0024708453565835953]","[-0.14605200290679932,-0.6799290180206299,9.833625793457031]",0.0004273,4.188,"[0.0,0.0,0.0,0.0]","[0.0,0.0,0.0,0.0,0.0,0.0,0.0,0.0]","[0.0,0.0,0.0,0.0,0.0,0.0,0.0,0.0]",0,1,1
2026-08-11T10:25:52.083877+00:00,1231347.551160,disarmed_link,0.0000000,0.0000000,0.0000000,0.0000000,,,0,1,1,1,0,1,0.000000,488,24451,1,0,1,1,0,1,0,1122443910,391,5628,1231347501,199,0,-1.0311568,0.0024745,"[0.8695144057273865,-0.029229993000626564,0.019708996638655663,-0.4926479160785675]","[-0.0020113347563892603,0.0008902400732040405,0.0024745280388742685]","[-0.138931006193161,-0.6896560192108154,9.829052925109863]",0.0004273,4.188,"[0.0,0.0,0.0,0.0]","[0.0,0.0,0.0,0.0,0.0,0.0,0.0,0.0]","[0.0,0.0,0.0,0.0,0.0,0.0,0.0,0.0]",0,1,1
2026-08-11T10:25:52.134517+00:00,1231347.601156,disarmed_link,0.0000000,0.0000000,0.0000000,0.0000000,,,0,1,1,1,0,1,0.000000,489,24501,1,0,1,1,0,1,0,1122443910,391,5628,1231347501,199,0,-1.0311464,0.0020767,"[0.8695177435874939,-0.02920498698949814,0.01969999261200428,-0.492643803358078]","[-0.0016071515856310725,0.00046659630606882274,0.002076732460409403]","[-0.09339199960231781,-0.6842569708824158,9.776721954345703]",0.0004289,4.203,"[0.0,0.0,0.0,0.0]","[0.0,0.0,0.0,0.0,0.0,0.0,0.0,0.0]","[0.0,0.0,0.0,0.0,0.0,0.0,0.0,0.0]",0,1,1
2026-08-11T10:25:52.183751+00:00,1231347.651158,disarmed_link,0.0000000,0.0000000,0.0000000,0.0000000,,,0,1,1,1,0,1,0.000000,490,24551,1,0,1,1,0,1,0,1122443910,391,5628,1231347501,199,0,-1.0311726,0.0018520,"[0.8695124387741089,-0.029170991852879524,0.019683994352817535,-0.492655873298645]","[-0.002006692346185446,0.001506376313045621,0.0018520212033763528]","[-0.055000998079776764,-0.682142972946167,9.7171630859375]",0.0004289,4.203,"[0.0,0.0,0.0,0.0]","[0.0,0.0,0.0,0.0,0.0,0.0,0.0,0.0]","[0.0,0.0,0.0,0.0,0.0,0.0,0.0,0.0]",0,1,1
2026-08-11T10:25:52.234058+00:00,1231347.701109,disarmed_link,0.0000000,0.0000000,0.0000000,0.0000000,,,0,1,1,1,0,1,0.000000,491,24601,1,0,1,1,0,1,0,1122443910,394,16916,1231347651,200,0,-1.0311608,0.0037085,"[0.8695161938667297,-0.029144978150725365,0.019687984138727188,-0.4926505982875824]","[-0.0001858775649452582,0.0008938704268075526,0.003708510659635067]","[-0.040612999349832535,-0.6776180267333984,9.702869415283203]",0.0003460,3.391,"[0.0,0.0,0.0,0.0]","[0.0,0.0,0.0,0.0,0.0,0.0,0.0,0.0]","[0.0,0.0,0.0,0.0,0.0,0.0,0.0,0.0]",0,1,1
2026-08-11T10:25:52.283811+00:00,1231347.751165,disarmed_link,0.0000000,0.0000000,0.0000000,0.0000000,,,0,1,1,1,0,1,0.000000,492,24651,1,0,1,1,0,1,0,1122443910,394,16916,1231347651,200,0,-1.0311329,0.0012443,"[0.8695245981216431,-0.029096966609358788,0.019690977409482002,-0.4926384389400482]","[0.0004342728352639824,0.002106769708916545,0.001244280138053]","[-0.0263069998472929,-0.6850469708442688,9.693548202514648]",0.0003460,3.391,"[0.0,0.0,0.0,0.0]","[0.0,0.0,0.0,0.0,0.0,0.0,0.0,0.0]","[0.0,0.0,0.0,0.0,0.0,0.0,0.0,0.0]",0,1,1
2026-08-11T10:25:52.334570+00:00,1231347.801121,disarmed_link,0.0000000,0.0000000,0.0000000,0.0000000,,,0,1,1,1,0,1,0.000000,493,24701,1,0,1,1,0,1,0,1122443910,396,49401,1231347751,201,0,-1.0311153,0.0018557,"[0.8695301413536072,-0.029060980305075645,0.019695984199643135,-0.49263063073158264]","[0.00043336526141501963,0.002114483853802085,0.001855738926678896]","[-0.0071829999797046185,-0.6853179931640625,9.681777954101562]",0.0003811,3.734,"[0.0,0.0,0.0,0.0]","[0.0,0.0,0.0,0.0,0.0,0.0,0.0,0.0]","[0.0,0.0,0.0,0.0,0.0,0.0,0.0,0.0]",0,1,1
2026-08-11T10:25:52.383939+00:00,1231347.851165,disarmed_link,0.0000000,0.0000000,0.0000000,0.0000000,,,0,1,1,1,0,1,0.000000,494,24751,1,0,1,1,0,1,0,1122443910,397,4950,1231347802,202,0,-1.0311381,0.0025016,"[0.8695260286331177,-0.029013998806476593,0.019686000421643257,-0.49264097213745117]","[-0.0012066856725141406,-0.00036266198731027544,0.002501580398529768]","[0.015053000301122665,-0.6812160015106201,9.6947660446167]",0.0003811,3.734,"[0.0,0.0,0.0,0.0]","[0.0,0.0,0.0,0.0,0.0,0.0,0.0,0.0]","[0.0,0.0,0.0,0.0,0.0,0.0,0.0,0.0]",0,1,1
2026-08-11T10:25:52.433821+00:00,1231347.901166,disarmed_link,0.0000000,0.0000000,0.0000000,0.0000000,,,0,1,1,1,0,1,0.000000,495,24801,1,0,1,1,0,1,0,1122443910,398,55952,1231347851,203,0,-1.0311351,0.0024819,"[0.8695269823074341,-0.02900698035955429,0.019687986001372337,-0.4926396310329437]","[-0.0007931648287922144,0.0008823861135169864,0.0024819280952215195]","[0.028495000675320625,-0.6875209808349609,9.706208229064941]",0.0003587,3.516,"[0.0,0.0,0.0,0.0]","[0.0,0.0,0.0,0.0,0.0,0.0,0.0,0.0]","[0.0,0.0,0.0,0.0,0.0,0.0,0.0,0.0]",0,1,1
