[EXPERIMENTAL RISK] experimental authority accepts the recorded camera/body candidate although formal acceptance gates did not pass
[EXPERIMENTAL RISK] experimental authority accepts the recorded three-axis dynamic candidates although the formal real-vehicle set remains unresolved
[EXPERIMENTAL RISK] experimental authority disables the detector-confidence threshold
[EXPERIMENTAL AUTO] trace=calibration_logs/experimental_auto_20260816_153558_min030_redirected.jsonl
EXPERIMENTAL AUTO READY
vision=/data/Zhouyuheng_workspace/tracking_depth/depth-estimation-dev/output/finesub_mpc_q1200_20260816_151258/pipeline_results.jsonl
[EXPERIMENTAL AUTO] Starting guarded camera control session; model=dual yaw=LOWER_LOCAL_HOLD; no joystick/manual mode exists; FineSUB transport and MCU mixer retained
[NET] FineSUB transport connected
[EXPERIMENTAL AUTO] WAIT: telemetry stale, disarmed session not confirmed, waiting for confirmed fresh vision
[EXPERIMENTAL AUTO] WAIT: disarmed session not confirmed, waiting for confirmed fresh vision
[EXPERIMENTAL AUTO] WAIT: waiting for confirmed fresh vision
[EXPERIMENTAL AUTO] ARMING: WAIT ARMED-ZERO ACK
[EXPERIMENTAL AUTO] ARMING: WAIT ARMED-ZERO ACK telemetry_state=1 telemetry_armed=False pressure_pa=79.7 quat_w=0.588 armed_echo=False confirmation_fresh=True command_status=1 reject_flags=0x00000000
[EXPERIMENTAL AUTO] ACTIVE: WAIT NEW VISION
[EXPERIMENTAL AUTO] ACTIVE frame=47815 cmd=(+0.000,+0.000,+0.000) yaw=LOCAL_HOLD
[EXPERIMENTAL AUTO] ACTIVE frame=47818 cmd=(+0.042,+0.032,-0.006) yaw=LOCAL_HOLD
[EXPERIMENTAL AUTO] ACTIVE frame=47824 cmd=(+0.071,+0.033,+0.028) yaw=LOCAL_HOLD
[EXPERIMENTAL AUTO] ACTIVE frame=47827 cmd=(+0.084,+0.008,+0.057) yaw=LOCAL_HOLD
[EXPERIMENTAL AUTO] ACTIVE frame=47830 cmd=(+0.084,-0.013,+0.085) yaw=LOCAL_HOLD
[EXPERIMENTAL AUTO] ACTIVE frame=47833 cmd=(+0.127,+0.014,+0.113) yaw=LOCAL_HOLD
[EXPERIMENTAL AUTO] ACTIVE frame=47836 cmd=(+0.127,+0.019,+0.113) yaw=LOCAL_HOLD
[EXPERIMENTAL AUTO] ACTIVE frame=47839 cmd=(+0.169,+0.051,+0.128) yaw=LOCAL_HOLD
[EXPERIMENTAL AUTO] ACTIVE frame=47842 cmd=(+0.199,+0.083,+0.128) yaw=LOCAL_HOLD
[EXPERIMENTAL AUTO] ACTIVE frame=47845 cmd=(+0.192,+0.114,+0.119) yaw=LOCAL_HOLD
[EXPERIMENTAL AUTO] ACTIVE frame=47848 cmd=(+0.166,+0.115,+0.110) yaw=LOCAL_HOLD
[EXPERIMENTAL AUTO] ACTIVE frame=47851 cmd=(+0.130,+0.142,+0.093) yaw=LOCAL_HOLD
[EXPERIMENTAL AUTO] ACTIVE frame=47854 cmd=(+0.102,+0.154,+0.078) yaw=LOCAL_HOLD
[EXPERIMENTAL AUTO] ACTIVE frame=47857 cmd=(+0.060,+0.157,+0.058) yaw=LOCAL_HOLD
[EXPERIMENTAL AUTO] ACTIVE frame=47860 cmd=(+0.060,+0.146,+0.049) yaw=LOCAL_HOLD
[EXPERIMENTAL AUTO] ACTIVE frame=47863 cmd=(+0.017,+0.127,+0.025) yaw=LOCAL_HOLD
[EXPERIMENTAL AUTO] ACTIVE: RETURN TO FOSSEN BALANCE, WAIT VISION
[EXPERIMENTAL AUTO] ACTIVE frame=47869 cmd=(-0.027,+0.091,+0.023) yaw=LOCAL_HOLD
[EXPERIMENTAL AUTO] ACTIVE frame=47872 cmd=(-0.028,+0.069,+0.020) yaw=LOCAL_HOLD
[EXPERIMENTAL AUTO] ACTIVE frame=47875 cmd=(-0.046,+0.061,+0.020) yaw=LOCAL_HOLD
[EXPERIMENTAL AUTO] ACTIVE frame=47878 cmd=(-0.058,+0.036,+0.022) yaw=LOCAL_HOLD
[EXPERIMENTAL AUTO] ACTIVE frame=47881 cmd=(-0.098,+0.004,+0.023) yaw=LOCAL_HOLD
[EXPERIMENTAL AUTO] ACTIVE frame=47884 cmd=(-0.098,+0.004,+0.026) yaw=LOCAL_HOLD
[EXPERIMENTAL AUTO] ACTIVE frame=47887 cmd=(-0.137,-0.029,+0.029) yaw=LOCAL_HOLD
[EXPERIMENTAL AUTO] ACTIVE frame=47890 cmd=(-0.177,-0.063,+0.030) yaw=LOCAL_HOLD
[EXPERIMENTAL AUTO] ACTIVE frame=47893 cmd=(-0.200,-0.093,+0.031) yaw=LOCAL_HOLD
[EXPERIMENTAL AUTO] ACTIVE frame=47896 cmd=(-0.200,-0.091,+0.031) yaw=LOCAL_HOLD
[EXPERIMENTAL AUTO] ACTIVE frame=47899 cmd=(-0.200,-0.075,+0.031) yaw=LOCAL_HOLD
[EXPERIMENTAL AUTO] ACTIVE frame=47902 cmd=(-0.200,-0.061,+0.029) yaw=LOCAL_HOLD
[EXPERIMENTAL AUTO] ACTIVE frame=47905 cmd=(-0.200,-0.050,+0.029) yaw=LOCAL_HOLD
[EXPERIMENTAL AUTO] ACTIVE frame=47908 cmd=(-0.194,-0.043,+0.028) yaw=LOCAL_HOLD
[EXPERIMENTAL AUTO] ACTIVE frame=47911 cmd=(-0.174,-0.030,+0.026) yaw=LOCAL_HOLD
[EXPERIMENTAL AUTO] ACTIVE frame=47914 cmd=(-0.153,-0.017,+0.024) yaw=LOCAL_HOLD
[EXPERIMENTAL AUTO] ACTIVE frame=47917 cmd=(-0.113,-0.008,+0.023) yaw=LOCAL_HOLD
[EXPERIMENTAL AUTO] ACTIVE frame=47920 cmd=(-0.113,+0.001,+0.023) yaw=LOCAL_HOLD
[EXPERIMENTAL AUTO] ACTIVE frame=47923 cmd=(-0.073,+0.015,+0.022) yaw=LOCAL_HOLD
[EXPERIMENTAL AUTO] ACTIVE frame=47926 cmd=(-0.034,+0.030,+0.021) yaw=LOCAL_HOLD
[EXPERIMENTAL AUTO] ACTIVE frame=47929 cmd=(+0.005,+0.028,+0.021) yaw=LOCAL_HOLD
[EXPERIMENTAL AUTO] ACTIVE frame=47932 cmd=(+0.006,+0.021,+0.020) yaw=LOCAL_HOLD
[EXPERIMENTAL AUTO] ACTIVE frame=47935 cmd=(+0.048,+0.052,+0.020) yaw=LOCAL_HOLD
[EXPERIMENTAL AUTO] ACTIVE frame=47938 cmd=(+0.050,+0.051,+0.017) yaw=LOCAL_HOLD
[EXPERIMENTAL AUTO] ACTIVE frame=47944 cmd=(+0.093,+0.059,+0.016) yaw=LOCAL_HOLD
[EXPERIMENTAL AUTO] ACTIVE frame=47947 cmd=(+0.133,+0.066,+0.017) yaw=LOCAL_HOLD
[EXPERIMENTAL AUTO] ACTIVE frame=47950 cmd=(+0.144,+0.068,+0.016) yaw=LOCAL_HOLD
[EXPERIMENTAL AUTO] ACTIVE frame=47953 cmd=(+0.142,+0.073,+0.015) yaw=LOCAL_HOLD
[EXPERIMENTAL AUTO] ACTIVE frame=47956 cmd=(+0.134,+0.066,+0.013) yaw=LOCAL_HOLD
[EXPERIMENTAL AUTO] ACTIVE frame=47959 cmd=(+0.122,+0.059,+0.009) yaw=LOCAL_HOLD
[EXPERIMENTAL AUTO] ACTIVE frame=47962 cmd=(+0.109,+0.052,+0.006) yaw=LOCAL_HOLD
[EXPERIMENTAL AUTO] ACTIVE frame=47965 cmd=(+0.083,+0.043,+0.003) yaw=LOCAL_HOLD
[EXPERIMENTAL AUTO] ACTIVE frame=47968 cmd=(+0.071,+0.035,+0.002) yaw=LOCAL_HOLD
[EXPERIMENTAL AUTO] ACTIVE frame=47971 cmd=(+0.041,+0.022,-0.001) yaw=LOCAL_HOLD
[EXPERIMENTAL AUTO] ACTIVE frame=47974 cmd=(+0.021,+0.010,-0.004) yaw=LOCAL_HOLD
[EXPERIMENTAL AUTO] ACTIVE frame=47977 cmd=(-0.005,-0.013,-0.007) yaw=LOCAL_HOLD
[EXPERIMENTAL AUTO] ACTIVE frame=47980 cmd=(-0.011,-0.020,-0.008) yaw=LOCAL_HOLD
[EXPERIMENTAL AUTO] ACTIVE frame=47983 cmd=(-0.033,-0.037,-0.008) yaw=LOCAL_HOLD
[EXPERIMENTAL AUTO] ACTIVE frame=47986 cmd=(-0.041,-0.044,-0.007) yaw=LOCAL_HOLD
[EXPERIMENTAL AUTO] ACTIVE frame=47989 cmd=(-0.081,-0.044,-0.002) yaw=LOCAL_HOLD
[EXPERIMENTAL AUTO] ACTIVE frame=47992 cmd=(-0.082,-0.047,+0.003) yaw=LOCAL_HOLD
[EXPERIMENTAL AUTO] ACTIVE frame=47995 cmd=(-0.122,-0.014,+0.012) yaw=LOCAL_HOLD
[EXPERIMENTAL AUTO] ACTIVE frame=47998 cmd=(-0.149,-0.026,+0.022) yaw=LOCAL_HOLD
[EXPERIMENTAL AUTO] ACTIVE frame=48001 cmd=(-0.165,-0.028,+0.029) yaw=LOCAL_HOLD
[EXPERIMENTAL AUTO] ACTIVE frame=48004 cmd=(-0.159,-0.022,+0.031) yaw=LOCAL_HOLD
[EXPERIMENTAL AUTO] ACTIVE frame=48007 cmd=(-0.156,-0.014,+0.038) yaw=LOCAL_HOLD
[EXPERIMENTAL AUTO] ACTIVE frame=48010 cmd=(-0.145,-0.006,+0.041) yaw=LOCAL_HOLD
[EXPERIMENTAL AUTO] ACTIVE frame=48013 cmd=(-0.121,-0.005,+0.043) yaw=LOCAL_HOLD
[EXPERIMENTAL AUTO] ACTIVE frame=48016 cmd=(-0.109,-0.003,+0.042) yaw=LOCAL_HOLD
[EXPERIMENTAL AUTO] ACTIVE frame=48019 cmd=(-0.079,-0.001,+0.041) yaw=LOCAL_HOLD
[EXPERIMENTAL AUTO] ACTIVE frame=48022 cmd=(-0.059,+0.002,+0.038) yaw=LOCAL_HOLD
[EXPERIMENTAL AUTO] ACTIVE frame=48025 cmd=(-0.026,+0.002,+0.036) yaw=LOCAL_HOLD
[EXPERIMENTAL AUTO] ACTIVE frame=48028 cmd=(-0.020,+0.003,+0.034) yaw=LOCAL_HOLD
[EXPERIMENTAL AUTO] ACTIVE frame=48031 cmd=(+0.013,+0.005,+0.031) yaw=LOCAL_HOLD
[EXPERIMENTAL AUTO] ACTIVE frame=48034 cmd=(+0.028,+0.007,+0.028) yaw=LOCAL_HOLD
[EXPERIMENTAL AUTO] ACTIVE frame=48037 cmd=(+0.050,+0.005,+0.025) yaw=LOCAL_HOLD
[EXPERIMENTAL AUTO] ACTIVE frame=48040 cmd=(+0.055,+0.003,+0.024) yaw=LOCAL_HOLD
[EXPERIMENTAL AUTO] ACTIVE frame=48043 cmd=(+0.069,+0.001,+0.021) yaw=LOCAL_HOLD
[EXPERIMENTAL AUTO] ACTIVE frame=48046 cmd=(+0.073,+0.001,+0.017) yaw=LOCAL_HOLD
[EXPERIMENTAL AUTO] ACTIVE frame=48052 cmd=(+0.072,+0.017,+0.015) yaw=LOCAL_HOLD
[EXPERIMENTAL AUTO] ACTIVE frame=48055 cmd=(+0.067,+0.026,+0.012) yaw=LOCAL_HOLD
[EXPERIMENTAL AUTO] ACTIVE frame=48058 cmd=(+0.057,+0.030,+0.007) yaw=LOCAL_HOLD
[EXPERIMENTAL AUTO] ACTIVE frame=48064 cmd=(+0.045,+0.034,+0.002) yaw=LOCAL_HOLD
[EXPERIMENTAL AUTO] ACTIVE frame=48067 cmd=(+0.031,+0.025,-0.003) yaw=LOCAL_HOLD
[EXPERIMENTAL AUTO] ACTIVE frame=48070 cmd=(+0.020,+0.021,-0.008) yaw=LOCAL_HOLD
[EXPERIMENTAL AUTO] ACTIVE frame=48073 cmd=(+0.003,+0.027,-0.010) yaw=LOCAL_HOLD
[EXPERIMENTAL AUTO] ACTIVE frame=48076 cmd=(-0.003,+0.030,-0.010) yaw=LOCAL_HOLD
[EXPERIMENTAL AUTO] ACTIVE frame=48079 cmd=(-0.020,+0.015,-0.011) yaw=LOCAL_HOLD
[EXPERIMENTAL AUTO] ACTIVE frame=48082 cmd=(-0.028,+0.025,-0.009) yaw=LOCAL_HOLD
[EXPERIMENTAL AUTO] ACTIVE frame=48085 cmd=(-0.041,+0.031,-0.003) yaw=LOCAL_HOLD
[EXPERIMENTAL AUTO] ACTIVE frame=48088 cmd=(-0.044,+0.033,+0.003) yaw=LOCAL_HOLD
[EXPERIMENTAL AUTO] ACTIVE frame=48091 cmd=(-0.054,+0.026,+0.013) yaw=LOCAL_HOLD
[EXPERIMENTAL AUTO] ACTIVE frame=48094 cmd=(-0.060,+0.025,+0.021) yaw=LOCAL_HOLD
[EXPERIMENTAL AUTO] ACTIVE frame=48097 cmd=(-0.063,+0.026,+0.030) yaw=LOCAL_HOLD
[EXPERIMENTAL AUTO] ACTIVE frame=48100 cmd=(-0.062,+0.012,+0.032) yaw=LOCAL_HOLD
[EXPERIMENTAL AUTO] ACTIVE frame=48103 cmd=(-0.061,-0.001,+0.040) yaw=LOCAL_HOLD
[EXPERIMENTAL AUTO] ACTIVE frame=48106 cmd=(-0.057,-0.009,+0.044) yaw=LOCAL_HOLD
[EXPERIMENTAL AUTO] ACTIVE frame=48109 cmd=(-0.045,-0.011,+0.046) yaw=LOCAL_HOLD
[EXPERIMENTAL AUTO] ACTIVE frame=48112 cmd=(-0.039,-0.006,+0.045) yaw=LOCAL_HOLD
[EXPERIMENTAL AUTO] ACTIVE frame=48115 cmd=(-0.025,-0.006,+0.043) yaw=LOCAL_HOLD
[EXPERIMENTAL AUTO] ACTIVE frame=48118 cmd=(-0.016,-0.005,+0.040) yaw=LOCAL_HOLD
[EXPERIMENTAL AUTO] ACTIVE frame=48121 cmd=(-0.001,+0.003,+0.037) yaw=LOCAL_HOLD
[EXPERIMENTAL AUTO] ACTIVE frame=48124 cmd=(+0.012,+0.012,+0.034) yaw=LOCAL_HOLD
[EXPERIMENTAL AUTO] ACTIVE frame=48127 cmd=(+0.016,-0.021,+0.030) yaw=LOCAL_HOLD
[EXPERIMENTAL AUTO] ACTIVE frame=48130 cmd=(+0.022,+0.014,+0.026) yaw=LOCAL_HOLD
[EXPERIMENTAL AUTO] ACTIVE frame=48133 cmd=(+0.027,+0.025,+0.023) yaw=LOCAL_HOLD
[EXPERIMENTAL AUTO] ACTIVE frame=48136 cmd=(+0.026,+0.032,+0.019) yaw=LOCAL_HOLD
[EXPERIMENTAL AUTO] ACTIVE frame=48139 cmd=(+0.031,+0.020,+0.013) yaw=LOCAL_HOLD
[EXPERIMENTAL AUTO] ACTIVE frame=48142 cmd=(+0.028,+0.014,+0.009) yaw=LOCAL_HOLD
[EXPERIMENTAL AUTO] ACTIVE frame=48145 cmd=(+0.025,+0.037,+0.004) yaw=LOCAL_HOLD
[EXPERIMENTAL AUTO] ACTIVE frame=48148 cmd=(+0.021,+0.029,+0.003) yaw=LOCAL_HOLD
[EXPERIMENTAL AUTO] ACTIVE frame=48151 cmd=(+0.015,+0.011,+0.003) yaw=LOCAL_HOLD
[EXPERIMENTAL AUTO] ACTIVE frame=48154 cmd=(+0.009,+0.016,+0.003) yaw=LOCAL_HOLD
[EXPERIMENTAL AUTO] ACTIVE frame=48157 cmd=(-0.002,+0.024,+0.003) yaw=LOCAL_HOLD
[EXPERIMENTAL AUTO] ACTIVE frame=48160 cmd=(-0.007,+0.025,+0.005) yaw=LOCAL_HOLD
[EXPERIMENTAL AUTO] ACTIVE frame=48163 cmd=(-0.020,+0.052,+0.005) yaw=LOCAL_HOLD
[EXPERIMENTAL AUTO] ACTIVE frame=48166 cmd=(-0.026,+0.059,+0.004) yaw=LOCAL_HOLD
[EXPERIMENTAL AUTO] ACTIVE frame=48169 cmd=(-0.036,+0.066,+0.004) yaw=LOCAL_HOLD
[EXPERIMENTAL AUTO] ACTIVE frame=48172 cmd=(-0.039,+0.068,+0.005) yaw=LOCAL_HOLD
[EXPERIMENTAL AUTO] ACTIVE frame=48175 cmd=(-0.047,+0.050,+0.007) yaw=LOCAL_HOLD
[EXPERIMENTAL AUTO] ACTIVE frame=48178 cmd=(-0.051,+0.033,+0.009) yaw=LOCAL_HOLD
[EXPERIMENTAL AUTO] ACTIVE frame=48181 cmd=(-0.057,+0.001,+0.012) yaw=LOCAL_HOLD
[EXPERIMENTAL AUTO] ACTIVE frame=48184 cmd=(-0.055,+0.011,+0.014) yaw=LOCAL_HOLD
[EXPERIMENTAL AUTO] ACTIVE frame=48187 cmd=(-0.065,-0.022,+0.019) yaw=LOCAL_HOLD
[EXPERIMENTAL AUTO] ACTIVE frame=48190 cmd=(-0.064,-0.016,+0.021) yaw=LOCAL_HOLD
[EXPERIMENTAL AUTO] ACTIVE frame=48193 cmd=(-0.058,-0.024,+0.022) yaw=LOCAL_HOLD
[EXPERIMENTAL AUTO] ACTIVE frame=48196 cmd=(-0.051,-0.018,+0.021) yaw=LOCAL_HOLD
[EXPERIMENTAL AUTO] ACTIVE frame=48199 cmd=(-0.038,-0.014,+0.021) yaw=LOCAL_HOLD
[EXPERIMENTAL AUTO] ACTIVE frame=48202 cmd=(-0.029,-0.015,+0.018) yaw=LOCAL_HOLD
[EXPERIMENTAL AUTO] ACTIVE frame=48208 cmd=(-0.010,-0.006,+0.017) yaw=LOCAL_HOLD
[EXPERIMENTAL AUTO] ACTIVE frame=48211 cmd=(+0.008,-0.004,+0.015) yaw=LOCAL_HOLD
[EXPERIMENTAL AUTO] ACTIVE frame=48214 cmd=(+0.011,-0.010,+0.015) yaw=LOCAL_HOLD
[EXPERIMENTAL AUTO] ACTIVE frame=48220 cmd=(+0.030,-0.010,+0.012) yaw=LOCAL_HOLD
[EXPERIMENTAL AUTO] ACTIVE frame=48223 cmd=(+0.046,+0.009,+0.009) yaw=LOCAL_HOLD
[EXPERIMENTAL AUTO] ACTIVE frame=48226 cmd=(+0.046,+0.023,+0.008) yaw=LOCAL_HOLD
[EXPERIMENTAL AUTO] ACTIVE frame=48229 cmd=(+0.056,+0.012,+0.003) yaw=LOCAL_HOLD
[EXPERIMENTAL AUTO] ACTIVE frame=48232 cmd=(+0.054,+0.014,+0.003) yaw=LOCAL_HOLD
[EXPERIMENTAL AUTO] ACTIVE frame=48235 cmd=(+0.056,+0.013,-0.001) yaw=LOCAL_HOLD
[EXPERIMENTAL AUTO] ACTIVE frame=48238 cmd=(+0.054,+0.017,-0.004) yaw=LOCAL_HOLD
[EXPERIMENTAL AUTO] ACTIVE frame=48241 cmd=(+0.042,+0.024,-0.005) yaw=LOCAL_HOLD
[EXPERIMENTAL AUTO] ACTIVE frame=48244 cmd=(+0.035,+0.030,-0.007) yaw=LOCAL_HOLD
[EXPERIMENTAL AUTO] ACTIVE frame=48247 cmd=(+0.019,+0.028,-0.007) yaw=LOCAL_HOLD
[EXPERIMENTAL AUTO] ACTIVE frame=48250 cmd=(+0.010,+0.028,-0.006) yaw=LOCAL_HOLD
[EXPERIMENTAL AUTO] ACTIVE frame=48253 cmd=(-0.004,-0.007,-0.002) yaw=LOCAL_HOLD
[EXPERIMENTAL AUTO] ACTIVE frame=48256 cmd=(-0.008,+0.013,+0.003) yaw=LOCAL_HOLD
[EXPERIMENTAL AUTO] ACTIVE frame=48259 cmd=(-0.020,+0.026,+0.011) yaw=LOCAL_HOLD
[EXPERIMENTAL AUTO] ACTIVE frame=48262 cmd=(-0.028,-0.005,+0.020) yaw=LOCAL_HOLD
[EXPERIMENTAL AUTO] ACTIVE frame=48265 cmd=(-0.035,+0.026,+0.029) yaw=LOCAL_HOLD
[EXPERIMENTAL AUTO] ACTIVE frame=48268 cmd=(-0.037,+0.026,+0.032) yaw=LOCAL_HOLD
[EXPERIMENTAL AUTO] ACTIVE frame=48271 cmd=(-0.045,-0.006,+0.038) yaw=LOCAL_HOLD
[EXPERIMENTAL AUTO] ACTIVE frame=48274 cmd=(-0.044,+0.013,+0.043) yaw=LOCAL_HOLD
[EXPERIMENTAL AUTO] ACTIVE frame=48277 cmd=(-0.040,+0.021,+0.045) yaw=LOCAL_HOLD
[EXPERIMENTAL AUTO] ACTIVE frame=48280 cmd=(-0.036,+0.017,+0.044) yaw=LOCAL_HOLD
[EXPERIMENTAL AUTO] ACTIVE frame=48283 cmd=(-0.030,+0.014,+0.043) yaw=LOCAL_HOLD
[EXPERIMENTAL AUTO] ACTIVE frame=48286 cmd=(-0.023,+0.008,+0.041) yaw=LOCAL_HOLD
[EXPERIMENTAL AUTO] ACTIVE frame=48289 cmd=(-0.015,+0.004,+0.038) yaw=LOCAL_HOLD
[EXPERIMENTAL AUTO] ACTIVE frame=48292 cmd=(-0.016,-0.023,+0.037) yaw=LOCAL_HOLD
[EXPERIMENTAL AUTO] ACTIVE frame=48295 cmd=(-0.007,+0.010,+0.033) yaw=LOCAL_HOLD
[EXPERIMENTAL AUTO] ACTIVE frame=48298 cmd=(-0.004,+0.012,+0.028) yaw=LOCAL_HOLD
[EXPERIMENTAL AUTO] ACTIVE frame=48301 cmd=(+0.006,+0.014,+0.024) yaw=LOCAL_HOLD
[EXPERIMENTAL AUTO] ACTIVE frame=48304 cmd=(+0.010,+0.008,+0.021) yaw=LOCAL_HOLD
[EXPERIMENTAL AUTO] ACTIVE frame=48307 cmd=(+0.021,+0.039,+0.016) yaw=LOCAL_HOLD
[EXPERIMENTAL AUTO] ACTIVE frame=48310 cmd=(+0.027,+0.036,+0.012) yaw=LOCAL_HOLD
[EXPERIMENTAL AUTO] ACTIVE frame=48316 cmd=(+0.032,+0.024,+0.008) yaw=LOCAL_HOLD
[EXPERIMENTAL AUTO] ACTIVE frame=48319 cmd=(+0.028,+0.022,+0.006) yaw=LOCAL_HOLD
[EXPERIMENTAL AUTO] ACTIVE frame=48322 cmd=(+0.025,+0.018,+0.003) yaw=LOCAL_HOLD
[EXPERIMENTAL AUTO] ACTIVE frame=48328 cmd=(+0.021,+0.020,+0.002) yaw=LOCAL_HOLD
[EXPERIMENTAL AUTO] ACTIVE frame=48331 cmd=(+0.018,+0.011,+0.001) yaw=LOCAL_HOLD
[EXPERIMENTAL AUTO] ACTIVE frame=48334 cmd=(+0.015,+0.012,+0.001) yaw=LOCAL_HOLD
[EXPERIMENTAL AUTO] ACTIVE frame=48340 cmd=(+0.009,-0.002,+0.000) yaw=LOCAL_HOLD
[EXPERIMENTAL AUTO] ACTIVE frame=48343 cmd=(+0.002,-0.001,+0.001) yaw=LOCAL_HOLD
[EXPERIMENTAL AUTO] ACTIVE frame=48346 cmd=(-0.002,-0.000,+0.003) yaw=LOCAL_HOLD
[EXPERIMENTAL AUTO] ACTIVE frame=48349 cmd=(-0.010,+0.001,+0.005) yaw=LOCAL_HOLD
[EXPERIMENTAL AUTO] ACTIVE frame=48352 cmd=(-0.014,+0.001,+0.007) yaw=LOCAL_HOLD
[EXPERIMENTAL AUTO] ACTIVE frame=48355 cmd=(-0.025,-0.009,+0.010) yaw=LOCAL_HOLD
[EXPERIMENTAL AUTO] ACTIVE frame=48358 cmd=(-0.030,+0.007,+0.013) yaw=LOCAL_HOLD
[EXPERIMENTAL AUTO] ACTIVE frame=48361 cmd=(-0.042,-0.025,+0.016) yaw=LOCAL_HOLD
[EXPERIMENTAL AUTO] ACTIVE frame=48364 cmd=(-0.039,-0.010,+0.017) yaw=LOCAL_HOLD
[EXPERIMENTAL AUTO] ACTIVE frame=48367 cmd=(-0.045,-0.010,+0.020) yaw=LOCAL_HOLD
[EXPERIMENTAL AUTO] ACTIVE frame=48370 cmd=(-0.046,-0.009,+0.021) yaw=LOCAL_HOLD
[EXPERIMENTAL AUTO] ACTIVE frame=48373 cmd=(-0.042,-0.008,+0.021) yaw=LOCAL_HOLD
[EXPERIMENTAL AUTO] ACTIVE frame=48376 cmd=(-0.037,-0.010,+0.020) yaw=LOCAL_HOLD
[EXPERIMENTAL AUTO] ACTIVE frame=48379 cmd=(-0.029,-0.012,+0.018) yaw=LOCAL_HOLD
[EXPERIMENTAL AUTO] ACTIVE frame=48382 cmd=(-0.021,-0.014,+0.015) yaw=LOCAL_HOLD
[EXPERIMENTAL AUTO] ACTIVE frame=48385 cmd=(-0.004,+0.001,+0.013) yaw=LOCAL_HOLD
[EXPERIMENTAL AUTO] ACTIVE frame=48388 cmd=(+0.002,-0.004,+0.011) yaw=LOCAL_HOLD
[EXPERIMENTAL AUTO] ACTIVE frame=48391 cmd=(+0.015,-0.005,+0.008) yaw=LOCAL_HOLD
[EXPERIMENTAL AUTO] ACTIVE frame=48394 cmd=(+0.023,-0.008,+0.005) yaw=LOCAL_HOLD
[EXPERIMENTAL AUTO] ACTIVE frame=48397 cmd=(+0.039,-0.005,+0.003) yaw=LOCAL_HOLD
[EXPERIMENTAL AUTO] ACTIVE frame=48400 cmd=(+0.044,-0.005,+0.002) yaw=LOCAL_HOLD
[EXPERIMENTAL AUTO] ACTIVE frame=48403 cmd=(+0.058,+0.001,-0.000) yaw=LOCAL_HOLD
[EXPERIMENTAL AUTO] ACTIVE frame=48406 cmd=(+0.064,+0.005,-0.003) yaw=LOCAL_HOLD
[EXPERIMENTAL AUTO] ACTIVE frame=48409 cmd=(+0.083,+0.004,-0.007) yaw=LOCAL_HOLD
[EXPERIMENTAL AUTO] ACTIVE frame=48412 cmd=(+0.090,+0.005,-0.007) yaw=LOCAL_HOLD
[EXPERIMENTAL AUTO] ACTIVE frame=48415 cmd=(+0.107,+0.003,-0.008) yaw=LOCAL_HOLD
[EXPERIMENTAL AUTO] ACTIVE frame=48418 cmd=(+0.112,+0.004,-0.009) yaw=LOCAL_HOLD
[EXPERIMENTAL AUTO] ACTIVE frame=48421 cmd=(+0.122,-0.001,-0.005) yaw=LOCAL_HOLD
[EXPERIMENTAL AUTO] ACTIVE frame=48424 cmd=(+0.126,+0.003,+0.000) yaw=LOCAL_HOLD
[EXPERIMENTAL AUTO] ACTIVE frame=48427 cmd=(+0.135,+0.003,+0.008) yaw=LOCAL_HOLD
[EXPERIMENTAL AUTO] ACTIVE frame=48430 cmd=(+0.140,+0.008,+0.016) yaw=LOCAL_HOLD
[EXPERIMENTAL AUTO] ACTIVE frame=48433 cmd=(+0.144,+0.008,+0.025) yaw=LOCAL_HOLD
[EXPERIMENTAL AUTO] ACTIVE frame=48436 cmd=(+0.144,+0.004,+0.027) yaw=LOCAL_HOLD
[EXPERIMENTAL AUTO] ACTIVE frame=48439 cmd=(+0.146,-0.000,+0.033) yaw=LOCAL_HOLD
[EXPERIMENTAL AUTO] ACTIVE frame=48442 cmd=(+0.145,-0.004,+0.032) yaw=LOCAL_HOLD
[EXPERIMENTAL AUTO] ACTIVE frame=48448 cmd=(+0.123,-0.005,+0.032) yaw=LOCAL_HOLD
[EXPERIMENTAL AUTO] ACTIVE frame=48451 cmd=(+0.091,-0.010,+0.029) yaw=LOCAL_HOLD
[EXPERIMENTAL AUTO] ACTIVE frame=48454 cmd=(+0.062,-0.016,+0.023) yaw=LOCAL_HOLD
[EXPERIMENTAL AUTO] ACTIVE frame=48457 cmd=(+0.020,-0.019,+0.018) yaw=LOCAL_HOLD
[EXPERIMENTAL AUTO] ACTIVE frame=48460 cmd=(+0.019,-0.022,+0.015) yaw=LOCAL_HOLD
[EXPERIMENTAL AUTO] ACTIVE frame=48463 cmd=(-0.020,-0.029,+0.009) yaw=LOCAL_HOLD
[EXPERIMENTAL AUTO] ACTIVE frame=48466 cmd=(-0.042,-0.039,+0.003) yaw=LOCAL_HOLD
[EXPERIMENTAL AUTO] ACTIVE frame=48469 cmd=(-0.073,-0.031,-0.003) yaw=LOCAL_HOLD
[EXPERIMENTAL AUTO] ACTIVE frame=48472 cmd=(-0.080,-0.038,-0.003) yaw=LOCAL_HOLD
[EXPERIMENTAL AUTO] ACTIVE frame=48475 cmd=(-0.107,-0.051,-0.007) yaw=LOCAL_HOLD
[EXPERIMENTAL AUTO] ACTIVE frame=48478 cmd=(-0.114,-0.021,-0.009) yaw=LOCAL_HOLD
[EXPERIMENTAL AUTO] ACTIVE frame=48481 cmd=(-0.121,-0.007,-0.008) yaw=LOCAL_HOLD
[EXPERIMENTAL AUTO] ACTIVE frame=48484 cmd=(-0.118,+0.000,-0.005) yaw=LOCAL_HOLD
[EXPERIMENTAL AUTO] ACTIVE frame=48487 cmd=(-0.114,+0.013,+0.002) yaw=LOCAL_HOLD
[EXPERIMENTAL AUTO] ACTIVE frame=48490 cmd=(-0.105,+0.017,+0.011) yaw=LOCAL_HOLD
[EXPERIMENTAL AUTO] ACTIVE frame=48493 cmd=(-0.077,+0.009,+0.020) yaw=LOCAL_HOLD
[EXPERIMENTAL AUTO] ACTIVE frame=48496 cmd=(-0.066,+0.004,+0.024) yaw=LOCAL_HOLD
[EXPERIMENTAL AUTO] ACTIVE frame=48499 cmd=(-0.033,-0.009,+0.032) yaw=LOCAL_HOLD
[EXPERIMENTAL AUTO] ACTIVE frame=48502 cmd=(-0.009,-0.016,+0.037) yaw=LOCAL_HOLD
[EXPERIMENTAL AUTO] ACTIVE frame=48505 cmd=(+0.029,-0.029,+0.042) yaw=LOCAL_HOLD
[EXPERIMENTAL AUTO] ACTIVE frame=48508 cmd=(+0.029,-0.034,+0.043) yaw=LOCAL_HOLD
[EXPERIMENTAL AUTO] ACTIVE frame=48511 cmd=(+0.074,-0.041,+0.045) yaw=LOCAL_HOLD
[EXPERIMENTAL AUTO] ACTIVE frame=48514 cmd=(+0.091,-0.072,+0.046) yaw=LOCAL_HOLD
[EXPERIMENTAL AUTO] ACTIVE frame=48517 cmd=(+0.121,-0.047,+0.044) yaw=LOCAL_HOLD
[EXPERIMENTAL AUTO] ACTIVE frame=48520 cmd=(+0.126,-0.038,+0.042) yaw=LOCAL_HOLD
[EXPERIMENTAL AUTO] ACTIVE frame=48523 cmd=(+0.143,-0.032,+0.041) yaw=LOCAL_HOLD
[EXPERIMENTAL AUTO] ACTIVE frame=48526 cmd=(+0.145,-0.020,+0.039) yaw=LOCAL_HOLD
[EXPERIMENTAL AUTO] ACTIVE frame=48529 cmd=(+0.132,-0.013,+0.037) yaw=LOCAL_HOLD
[EXPERIMENTAL AUTO] ACTIVE frame=48532 cmd=(+0.120,-0.005,+0.035) yaw=LOCAL_HOLD
[EXPERIMENTAL AUTO] ACTIVE frame=48535 cmd=(+0.097,+0.006,+0.030) yaw=LOCAL_HOLD
[EXPERIMENTAL AUTO] ACTIVE frame=48538 cmd=(+0.077,+0.009,+0.023) yaw=LOCAL_HOLD
[EXPERIMENTAL AUTO] ACTIVE frame=48541 cmd=(+0.049,+0.021,+0.015) yaw=LOCAL_HOLD
[EXPERIMENTAL AUTO] ACTIVE frame=48544 cmd=(+0.039,+0.021,+0.010) yaw=LOCAL_HOLD
[EXPERIMENTAL AUTO] ACTIVE frame=48547 cmd=(+0.012,+0.019,-0.001) yaw=LOCAL_HOLD
[EXPERIMENTAL AUTO] ACTIVE frame=48550 cmd=(-0.001,+0.018,-0.007) yaw=LOCAL_HOLD
[EXPERIMENTAL AUTO] ACTIVE frame=48556 cmd=(-0.019,-0.007,-0.009) yaw=LOCAL_HOLD
[EXPERIMENTAL AUTO] ACTIVE frame=48559 cmd=(-0.030,-0.007,-0.008) yaw=LOCAL_HOLD
[EXPERIMENTAL AUTO] ACTIVE frame=48562 cmd=(-0.039,-0.042,-0.004) yaw=LOCAL_HOLD
[EXPERIMENTAL AUTO] ACTIVE frame=48568 cmd=(-0.041,-0.027,+0.003) yaw=LOCAL_HOLD
[EXPERIMENTAL AUTO] ACTIVE frame=48571 cmd=(-0.039,-0.035,+0.011) yaw=LOCAL_HOLD
[EXPERIMENTAL AUTO] ACTIVE frame=48574 cmd=(-0.039,-0.061,+0.015) yaw=LOCAL_HOLD
[EXPERIMENTAL AUTO] ACTIVE frame=48577 cmd=(-0.029,-0.093,+0.026) yaw=LOCAL_HOLD
[EXPERIMENTAL AUTO] ACTIVE frame=48580 cmd=(-0.013,-0.046,+0.030) yaw=LOCAL_HOLD
[EXPERIMENTAL AUTO] ACTIVE frame=48583 cmd=(+0.009,-0.021,+0.041) yaw=LOCAL_HOLD
[EXPERIMENTAL AUTO] ACTIVE frame=48586 cmd=(+0.027,-0.004,+0.046) yaw=LOCAL_HOLD
[EXPERIMENTAL AUTO] ACTIVE frame=48589 cmd=(+0.041,-0.019,+0.048) yaw=LOCAL_HOLD
[EXPERIMENTAL AUTO] ACTIVE frame=48592 cmd=(+0.047,+0.007,+0.045) yaw=LOCAL_HOLD
[EXPERIMENTAL AUTO] ACTIVE frame=48595 cmd=(+0.060,+0.009,+0.041) yaw=LOCAL_HOLD
[EXPERIMENTAL AUTO] ACTIVE frame=48598 cmd=(+0.067,+0.005,+0.037) yaw=LOCAL_HOLD
[EXPERIMENTAL AUTO] ACTIVE frame=48601 cmd=(+0.077,+0.007,+0.031) yaw=LOCAL_HOLD
[EXPERIMENTAL AUTO] ACTIVE frame=48604 cmd=(+0.079,+0.003,+0.027) yaw=LOCAL_HOLD
[EXPERIMENTAL AUTO] ACTIVE frame=48607 cmd=(+0.086,+0.001,+0.020) yaw=LOCAL_HOLD
[EXPERIMENTAL AUTO] ACTIVE frame=48610 cmd=(+0.089,-0.006,+0.014) yaw=LOCAL_HOLD
[EXPERIMENTAL AUTO] ACTIVE frame=48613 cmd=(+0.088,-0.012,+0.008) yaw=LOCAL_HOLD
[EXPERIMENTAL AUTO] ACTIVE frame=48616 cmd=(+0.086,-0.016,+0.006) yaw=LOCAL_HOLD
[EXPERIMENTAL AUTO] ACTIVE frame=48619 cmd=(+0.076,-0.025,-0.002) yaw=LOCAL_HOLD
[EXPERIMENTAL AUTO] ACTIVE frame=48622 cmd=(+0.065,-0.028,-0.008) yaw=LOCAL_HOLD
[EXPERIMENTAL AUTO] ACTIVE frame=48625 cmd=(+0.052,-0.028,-0.011) yaw=LOCAL_HOLD
[EXPERIMENTAL AUTO] ACTIVE frame=48628 cmd=(+0.047,-0.028,-0.010) yaw=LOCAL_HOLD
[EXPERIMENTAL AUTO] ACTIVE frame=48631 cmd=(+0.035,-0.026,-0.012) yaw=LOCAL_HOLD
[EXPERIMENTAL AUTO] ACTIVE frame=48634 cmd=(+0.025,-0.018,-0.011) yaw=LOCAL_HOLD
[EXPERIMENTAL AUTO] ACTIVE frame=48637 cmd=(+0.013,-0.010,-0.007) yaw=LOCAL_HOLD
[EXPERIMENTAL AUTO] ACTIVE frame=48640 cmd=(+0.010,-0.008,-0.005) yaw=LOCAL_HOLD
[EXPERIMENTAL AUTO] ACTIVE frame=48643 cmd=(+0.002,-0.007,+0.002) yaw=LOCAL_HOLD
[EXPERIMENTAL AUTO] ACTIVE frame=48646 cmd=(-0.000,-0.004,+0.007) yaw=LOCAL_HOLD
[EXPERIMENTAL AUTO] ACTIVE frame=48649 cmd=(-0.005,+0.003,+0.012) yaw=LOCAL_HOLD
[EXPERIMENTAL AUTO] ACTIVE frame=48652 cmd=(-0.007,+0.002,+0.014) yaw=LOCAL_HOLD
[EXPERIMENTAL AUTO] ACTIVE frame=48655 cmd=(-0.008,-0.000,+0.020) yaw=LOCAL_HOLD
[EXPERIMENTAL AUTO] ACTIVE frame=48658 cmd=(-0.008,-0.007,+0.024) yaw=LOCAL_HOLD
[EXPERIMENTAL AUTO] ACTIVE frame=48661 cmd=(-0.006,+0.004,+0.028) yaw=LOCAL_HOLD
[EXPERIMENTAL AUTO] ACTIVE frame=48664 cmd=(-0.000,+0.004,+0.027) yaw=LOCAL_HOLD
[EXPERIMENTAL AUTO] ACTIVE frame=48667 cmd=(+0.005,-0.023,+0.029) yaw=LOCAL_HOLD
[EXPERIMENTAL AUTO] ACTIVE frame=48670 cmd=(+0.012,-0.017,+0.028) yaw=LOCAL_HOLD
[EXPERIMENTAL AUTO] ACTIVE frame=48673 cmd=(+0.031,-0.013,+0.028) yaw=LOCAL_HOLD
[EXPERIMENTAL AUTO] ACTIVE frame=48676 cmd=(+0.038,-0.039,+0.026) yaw=LOCAL_HOLD
[EXPERIMENTAL AUTO] ACTIVE frame=48679 cmd=(+0.060,-0.021,+0.024) yaw=LOCAL_HOLD
[EXPERIMENTAL AUTO] ACTIVE frame=48682 cmd=(+0.073,-0.013,+0.021) yaw=LOCAL_HOLD
[EXPERIMENTAL AUTO] ACTIVE frame=48688 cmd=(+0.077,-0.020,+0.016) yaw=LOCAL_HOLD
[EXPERIMENTAL AUTO] ACTIVE frame=48691 cmd=(+0.076,-0.006,+0.011) yaw=LOCAL_HOLD
[EXPERIMENTAL AUTO] ACTIVE frame=48694 cmd=(+0.074,+0.011,+0.005) yaw=LOCAL_HOLD
[EXPERIMENTAL AUTO] ACTIVE frame=48700 cmd=(+0.064,+0.014,-0.006) yaw=LOCAL_HOLD
[EXPERIMENTAL AUTO] ACTIVE frame=48703 cmd=(+0.053,+0.016,-0.015) yaw=LOCAL_HOLD
[EXPERIMENTAL AUTO] ACTIVE frame=48706 cmd=(+0.042,+0.016,-0.023) yaw=LOCAL_HOLD
[EXPERIMENTAL AUTO] ACTIVE frame=48709 cmd=(+0.028,+0.010,-0.029) yaw=LOCAL_HOLD
[EXPERIMENTAL AUTO] ACTIVE frame=48712 cmd=(+0.023,+0.005,-0.029) yaw=LOCAL_HOLD
[EXPERIMENTAL AUTO] ACTIVE frame=48715 cmd=(+0.010,-0.002,-0.033) yaw=LOCAL_HOLD
[EXPERIMENTAL AUTO] ACTIVE frame=48718 cmd=(+0.001,-0.010,-0.033) yaw=LOCAL_HOLD
[EXPERIMENTAL AUTO] ACTIVE frame=48721 cmd=(-0.006,-0.009,-0.032) yaw=LOCAL_HOLD
[EXPERIMENTAL AUTO] ACTIVE frame=48724 cmd=(-0.008,-0.022,-0.027) yaw=LOCAL_HOLD
[EXPERIMENTAL AUTO] ACTIVE frame=48727 cmd=(-0.011,-0.002,-0.017) yaw=LOCAL_HOLD
[EXPERIMENTAL AUTO] ACTIVE frame=48730 cmd=(-0.010,-0.011,-0.007) yaw=LOCAL_HOLD
[EXPERIMENTAL AUTO] ACTIVE frame=48733 cmd=(-0.009,+0.009,+0.002) yaw=LOCAL_HOLD
[EXPERIMENTAL AUTO] ACTIVE frame=48736 cmd=(-0.006,+0.008,+0.007) yaw=LOCAL_HOLD
[EXPERIMENTAL AUTO] ACTIVE frame=48739 cmd=(-0.011,-0.025,+0.017) yaw=LOCAL_HOLD
[EXPERIMENTAL AUTO] ACTIVE frame=48742 cmd=(-0.001,+0.011,+0.028) yaw=LOCAL_HOLD
[EXPERIMENTAL AUTO] ACTIVE frame=48745 cmd=(+0.007,-0.018,+0.035) yaw=LOCAL_HOLD
[EXPERIMENTAL AUTO] ACTIVE frame=48748 cmd=(+0.013,+0.041,+0.035) yaw=LOCAL_HOLD
[EXPERIMENTAL AUTO] ACTIVE frame=48751 cmd=(+0.021,+0.020,+0.036) yaw=LOCAL_HOLD
[EXPERIMENTAL AUTO] ACTIVE frame=48754 cmd=(+0.024,-0.004,+0.033) yaw=LOCAL_HOLD
[EXPERIMENTAL AUTO] ACTIVE frame=48757 cmd=(+0.027,+0.026,+0.026) yaw=LOCAL_HOLD
[EXPERIMENTAL AUTO] ACTIVE frame=48760 cmd=(+0.026,+0.030,+0.022) yaw=LOCAL_HOLD
[EXPERIMENTAL AUTO] ACTIVE frame=48763 cmd=(+0.022,-0.001,+0.013) yaw=LOCAL_HOLD
[EXPERIMENTAL AUTO] ACTIVE frame=48766 cmd=(+0.021,+0.024,+0.004) yaw=LOCAL_HOLD
[EXPERIMENTAL AUTO] ACTIVE frame=48769 cmd=(+0.013,-0.010,-0.001) yaw=LOCAL_HOLD
[EXPERIMENTAL AUTO] ACTIVE frame=48772 cmd=(+0.008,-0.010,-0.006) yaw=LOCAL_HOLD
[EXPERIMENTAL AUTO] ACTIVE frame=48775 cmd=(+0.000,-0.022,-0.014) yaw=LOCAL_HOLD
[EXPERIMENTAL AUTO] ACTIVE frame=48778 cmd=(-0.004,-0.003,-0.019) yaw=LOCAL_HOLD
[EXPERIMENTAL AUTO] ACTIVE frame=48781 cmd=(-0.009,-0.015,-0.022) yaw=LOCAL_HOLD
[EXPERIMENTAL AUTO] ACTIVE frame=48784 cmd=(-0.011,-0.008,-0.021) yaw=LOCAL_HOLD
[EXPERIMENTAL AUTO] ACTIVE frame=48787 cmd=(-0.018,-0.015,-0.023) yaw=LOCAL_HOLD
[EXPERIMENTAL AUTO] ACTIVE frame=48790 cmd=(-0.020,-0.014,-0.022) yaw=LOCAL_HOLD
[EXPERIMENTAL AUTO] ACTIVE frame=48796 cmd=(-0.024,-0.016,-0.018) yaw=LOCAL_HOLD
[EXPERIMENTAL AUTO] ACTIVE frame=48799 cmd=(-0.026,-0.017,-0.009) yaw=LOCAL_HOLD
[EXPERIMENTAL AUTO] ACTIVE frame=48802 cmd=(-0.026,-0.016,-0.005) yaw=LOCAL_HOLD
[EXPERIMENTAL AUTO] ACTIVE frame=48805 cmd=(-0.026,+0.010,+0.004) yaw=LOCAL_HOLD
[EXPERIMENTAL AUTO] ACTIVE frame=48808 cmd=(-0.024,+0.018,+0.004) yaw=LOCAL_HOLD
[EXPERIMENTAL AUTO] ACTIVE frame=48811 cmd=(-0.025,-0.015,+0.010) yaw=LOCAL_HOLD
[EXPERIMENTAL AUTO] ACTIVE frame=48814 cmd=(-0.019,+0.001,+0.012) yaw=LOCAL_HOLD
[EXPERIMENTAL AUTO] ACTIVE frame=48817 cmd=(-0.007,-0.011,+0.013) yaw=LOCAL_HOLD
[EXPERIMENTAL AUTO] ACTIVE frame=48820 cmd=(-0.004,-0.033,+0.010) yaw=LOCAL_HOLD
[EXPERIMENTAL AUTO] ACTIVE frame=48823 cmd=(+0.014,+0.001,+0.005) yaw=LOCAL_HOLD
[EXPERIMENTAL AUTO] ACTIVE frame=48826 cmd=(+0.023,-0.004,-0.000) yaw=LOCAL_HOLD
[EXPERIMENTAL AUTO] ACTIVE frame=48829 cmd=(+0.043,-0.006,-0.004) yaw=LOCAL_HOLD
[EXPERIMENTAL AUTO] ACTIVE frame=48832 cmd=(+0.050,-0.010,-0.006) yaw=LOCAL_HOLD
[EXPERIMENTAL AUTO] ACTIVE frame=48835 cmd=(+0.068,-0.015,-0.009) yaw=LOCAL_HOLD
[EXPERIMENTAL AUTO] ACTIVE frame=48838 cmd=(+0.077,-0.018,-0.012) yaw=LOCAL_HOLD
[EXPERIMENTAL AUTO] ACTIVE frame=48841 cmd=(+0.077,-0.017,-0.013) yaw=LOCAL_HOLD
[EXPERIMENTAL AUTO] ACTIVE frame=48844 cmd=(+0.072,-0.019,-0.014) yaw=LOCAL_HOLD
[EXPERIMENTAL AUTO] ACTIVE frame=48847 cmd=(+0.062,-0.020,-0.015) yaw=LOCAL_HOLD
[EXPERIMENTAL AUTO] ACTIVE frame=48850 cmd=(+0.050,-0.021,-0.017) yaw=LOCAL_HOLD
[EXPERIMENTAL AUTO] ACTIVE frame=48853 cmd=(+0.031,-0.023,-0.016) yaw=LOCAL_HOLD
[EXPERIMENTAL AUTO] ACTIVE frame=48856 cmd=(+0.023,-0.021,-0.015) yaw=LOCAL_HOLD
[EXPERIMENTAL AUTO] ACTIVE frame=48859 cmd=(+0.005,-0.018,-0.014) yaw=LOCAL_HOLD
[EXPERIMENTAL AUTO] ACTIVE frame=48862 cmd=(-0.006,-0.012,-0.012) yaw=LOCAL_HOLD
[EXPERIMENTAL AUTO] ACTIVE frame=48865 cmd=(-0.028,+0.006,-0.004) yaw=LOCAL_HOLD
[EXPERIMENTAL AUTO] ACTIVE frame=48868 cmd=(-0.037,+0.005,+0.000) yaw=LOCAL_HOLD
[EXPERIMENTAL AUTO] ACTIVE frame=48871 cmd=(-0.058,+0.016,+0.012) yaw=LOCAL_HOLD
[EXPERIMENTAL AUTO] ACTIVE frame=48874 cmd=(-0.067,+0.016,+0.020) yaw=LOCAL_HOLD
[EXPERIMENTAL AUTO] ACTIVE frame=48877 cmd=(-0.082,+0.017,+0.028) yaw=LOCAL_HOLD
[EXPERIMENTAL AUTO] ACTIVE frame=48880 cmd=(-0.084,+0.016,+0.029) yaw=LOCAL_HOLD
[EXPERIMENTAL AUTO] ACTIVE frame=48883 cmd=(-0.094,+0.007,+0.035) yaw=LOCAL_HOLD
[EXPERIMENTAL AUTO] ACTIVE frame=48886 cmd=(-0.094,+0.016,+0.038) yaw=LOCAL_HOLD
[EXPERIMENTAL AUTO] ACTIVE frame=48889 cmd=(-0.098,+0.010,+0.039) yaw=LOCAL_HOLD
[EXPERIMENTAL AUTO] ACTIVE frame=48892 cmd=(-0.097,+0.020,+0.038) yaw=LOCAL_HOLD
[EXPERIMENTAL AUTO] ACTIVE frame=48895 cmd=(-0.099,+0.019,+0.037) yaw=LOCAL_HOLD
[EXPERIMENTAL AUTO] ACTIVE frame=48898 cmd=(-0.101,+0.014,+0.034) yaw=LOCAL_HOLD
[EXPERIMENTAL AUTO] ACTIVE frame=48901 cmd=(-0.096,+0.007,+0.031) yaw=LOCAL_HOLD
[EXPERIMENTAL AUTO] ACTIVE frame=48904 cmd=(-0.088,+0.007,+0.028) yaw=LOCAL_HOLD
[EXPERIMENTAL AUTO] ACTIVE frame=48907 cmd=(-0.075,+0.005,+0.023) yaw=LOCAL_HOLD
[EXPERIMENTAL AUTO] ACTIVE frame=48910 cmd=(-0.064,-0.002,+0.015) yaw=LOCAL_HOLD
[EXPERIMENTAL AUTO] ACTIVE frame=48916 cmd=(-0.049,-0.001,+0.007) yaw=LOCAL_HOLD
[EXPERIMENTAL AUTO] ACTIVE frame=48919 cmd=(-0.036,-0.002,-0.002) yaw=LOCAL_HOLD
[EXPERIMENTAL AUTO] ACTIVE frame=48922 cmd=(-0.028,+0.002,-0.009) yaw=LOCAL_HOLD
[EXPERIMENTAL AUTO] ACTIVE frame=48928 cmd=(-0.000,+0.009,-0.017) yaw=LOCAL_HOLD
[EXPERIMENTAL AUTO] ACTIVE frame=48931 cmd=(+0.026,-0.025,-0.026) yaw=LOCAL_HOLD
[EXPERIMENTAL AUTO] ACTIVE frame=48934 cmd=(+0.046,-0.019,-0.035) yaw=LOCAL_HOLD
[EXPERIMENTAL AUTO] ACTIVE frame=48937 cmd=(+0.074,-0.005,-0.041) yaw=LOCAL_HOLD
[EXPERIMENTAL AUTO] ACTIVE frame=48940 cmd=(+0.080,-0.007,-0.041) yaw=LOCAL_HOLD
[EXPERIMENTAL AUTO] ACTIVE frame=48943 cmd=(+0.099,-0.008,-0.042) yaw=LOCAL_HOLD
[EXPERIMENTAL AUTO] ACTIVE frame=48946 cmd=(+0.103,-0.014,-0.037) yaw=LOCAL_HOLD
[EXPERIMENTAL AUTO] ACTIVE frame=48952 cmd=(+0.104,-0.020,-0.026) yaw=LOCAL_HOLD
[EXPERIMENTAL AUTO] ACTIVE frame=48955 cmd=(+0.100,-0.023,-0.013) yaw=LOCAL_HOLD
[EXPERIMENTAL AUTO] ACTIVE frame=48958 cmd=(+0.092,-0.027,-0.001) yaw=LOCAL_HOLD
[EXPERIMENTAL AUTO] ACTIVE frame=48961 cmd=(+0.079,-0.024,+0.012) yaw=LOCAL_HOLD
[EXPERIMENTAL AUTO] ACTIVE frame=48964 cmd=(+0.073,-0.024,+0.017) yaw=LOCAL_HOLD
[EXPERIMENTAL AUTO] ACTIVE frame=48967 cmd=(+0.055,-0.026,+0.030) yaw=LOCAL_HOLD
[EXPERIMENTAL AUTO] ACTIVE frame=48970 cmd=(+0.042,-0.021,+0.038) yaw=LOCAL_HOLD
[EXPERIMENTAL AUTO] ACTIVE frame=48973 cmd=(+0.014,-0.020,+0.041) yaw=LOCAL_HOLD
[EXPERIMENTAL AUTO] ACTIVE frame=48976 cmd=(+0.003,-0.016,+0.040) yaw=LOCAL_HOLD
[EXPERIMENTAL AUTO] ACTIVE frame=48979 cmd=(-0.022,-0.016,+0.038) yaw=LOCAL_HOLD
[EXPERIMENTAL AUTO] ACTIVE frame=48982 cmd=(-0.034,-0.002,+0.032) yaw=LOCAL_HOLD
[EXPERIMENTAL AUTO] ACTIVE frame=48985 cmd=(-0.054,+0.018,+0.025) yaw=LOCAL_HOLD
[EXPERIMENTAL AUTO] ACTIVE frame=48988 cmd=(-0.059,+0.027,+0.024) yaw=LOCAL_HOLD
[EXPERIMENTAL AUTO] ACTIVE frame=48991 cmd=(-0.074,+0.026,+0.018) yaw=LOCAL_HOLD
[EXPERIMENTAL AUTO] ACTIVE frame=48994 cmd=(-0.079,+0.022,+0.014) yaw=LOCAL_HOLD
[EXPERIMENTAL AUTO] ACTIVE frame=48997 cmd=(-0.081,+0.018,+0.012) yaw=LOCAL_HOLD
[EXPERIMENTAL AUTO] ACTIVE frame=49000 cmd=(-0.078,+0.021,+0.011) yaw=LOCAL_HOLD
[EXPERIMENTAL AUTO] ACTIVE frame=49003 cmd=(-0.075,+0.021,+0.009) yaw=LOCAL_HOLD
[EXPERIMENTAL AUTO] ACTIVE frame=49006 cmd=(-0.071,+0.013,+0.009) yaw=LOCAL_HOLD
[EXPERIMENTAL AUTO] ACTIVE frame=49009 cmd=(-0.066,+0.012,+0.008) yaw=LOCAL_HOLD
[EXPERIMENTAL AUTO] ACTIVE frame=49012 cmd=(-0.063,+0.011,+0.009) yaw=LOCAL_HOLD
[EXPERIMENTAL AUTO] ACTIVE frame=49015 cmd=(-0.057,+0.004,+0.008) yaw=LOCAL_HOLD
[EXPERIMENTAL AUTO] ACTIVE frame=49018 cmd=(-0.051,+0.012,+0.009) yaw=LOCAL_HOLD
[EXPERIMENTAL AUTO] ACTIVE frame=49021 cmd=(-0.041,+0.008,+0.012) yaw=LOCAL_HOLD
[EXPERIMENTAL AUTO] ACTIVE frame=49024 cmd=(-0.037,+0.008,+0.013) yaw=LOCAL_HOLD
[EXPERIMENTAL AUTO] ACTIVE frame=49027 cmd=(-0.027,+0.006,+0.018) yaw=LOCAL_HOLD
[EXPERIMENTAL AUTO] ACTIVE frame=49030 cmd=(-0.021,+0.009,+0.018) yaw=LOCAL_HOLD
[EXPERIMENTAL AUTO] ACTIVE frame=49036 cmd=(-0.018,-0.025,+0.015) yaw=LOCAL_HOLD
[EXPERIMENTAL AUTO] ACTIVE frame=49039 cmd=(-0.008,+0.004,+0.011) yaw=LOCAL_HOLD
[EXPERIMENTAL AUTO] ACTIVE frame=49042 cmd=(+0.001,-0.008,+0.006) yaw=LOCAL_HOLD
[EXPERIMENTAL AUTO] ACTIVE frame=49048 cmd=(+0.013,+0.016,+0.002) yaw=LOCAL_HOLD
[EXPERIMENTAL AUTO] ACTIVE frame=49051 cmd=(+0.016,-0.016,-0.004) yaw=LOCAL_HOLD
[EXPERIMENTAL AUTO] ACTIVE frame=49054 cmd=(+0.014,-0.049,-0.009) yaw=LOCAL_HOLD
[EXPERIMENTAL AUTO] ACTIVE frame=49057 cmd=(+0.010,-0.016,-0.010) yaw=LOCAL_HOLD
[EXPERIMENTAL AUTO] ACTIVE frame=49060 cmd=(+0.000,-0.029,-0.012) yaw=LOCAL_HOLD
[EXPERIMENTAL AUTO] ACTIVE frame=49063 cmd=(-0.013,-0.022,-0.012) yaw=LOCAL_HOLD
[EXPERIMENTAL AUTO] ACTIVE frame=49066 cmd=(-0.027,-0.055,-0.009) yaw=LOCAL_HOLD
[EXPERIMENTAL AUTO] ACTIVE frame=49069 cmd=(-0.037,-0.022,-0.007) yaw=LOCAL_HOLD
[EXPERIMENTAL AUTO] ACTIVE frame=49072 cmd=(-0.042,-0.022,-0.002) yaw=LOCAL_HOLD
[EXPERIMENTAL AUTO] ACTIVE frame=49075 cmd=(-0.053,-0.005,+0.005) yaw=LOCAL_HOLD
[EXPERIMENTAL AUTO] ACTIVE frame=49078 cmd=(-0.059,+0.010,+0.013) yaw=LOCAL_HOLD
[EXPERIMENTAL AUTO] ACTIVE frame=49081 cmd=(-0.062,+0.025,+0.018) yaw=LOCAL_HOLD
[EXPERIMENTAL AUTO] ACTIVE frame=49084 cmd=(-0.062,+0.025,+0.021) yaw=LOCAL_HOLD
[EXPERIMENTAL AUTO] ACTIVE frame=49087 cmd=(-0.063,+0.027,+0.025) yaw=LOCAL_HOLD
[EXPERIMENTAL AUTO] ACTIVE frame=49090 cmd=(-0.063,+0.024,+0.027) yaw=LOCAL_HOLD
[EXPERIMENTAL AUTO] ACTIVE frame=49093 cmd=(-0.054,+0.022,+0.028) yaw=LOCAL_HOLD
[EXPERIMENTAL AUTO] ACTIVE frame=49096 cmd=(-0.047,+0.024,+0.026) yaw=LOCAL_HOLD
[EXPERIMENTAL AUTO] ACTIVE frame=49099 cmd=(-0.033,+0.025,+0.024) yaw=LOCAL_HOLD
[EXPERIMENTAL AUTO] ACTIVE frame=49102 cmd=(-0.022,+0.024,+0.018) yaw=LOCAL_HOLD
[EXPERIMENTAL AUTO] ACTIVE frame=49105 cmd=(-0.009,+0.022,+0.016) yaw=LOCAL_HOLD
[EXPERIMENTAL AUTO] ACTIVE frame=49108 cmd=(-0.005,+0.026,+0.014) yaw=LOCAL_HOLD
[EXPERIMENTAL AUTO] ACTIVE frame=49111 cmd=(+0.006,-0.001,+0.012) yaw=LOCAL_HOLD
[EXPERIMENTAL AUTO] ACTIVE frame=49114 cmd=(+0.014,+0.032,+0.011) yaw=LOCAL_HOLD
[EXPERIMENTAL AUTO] ACTIVE frame=49117 cmd=(+0.015,-0.001,+0.009) yaw=LOCAL_HOLD
[EXPERIMENTAL AUTO] ACTIVE frame=49120 cmd=(+0.017,+0.024,+0.009) yaw=LOCAL_HOLD
[EXPERIMENTAL AUTO] ACTIVE frame=49123 cmd=(+0.013,-0.006,+0.007) yaw=LOCAL_HOLD
[EXPERIMENTAL AUTO] ACTIVE frame=49126 cmd=(+0.007,+0.012,+0.006) yaw=LOCAL_HOLD
[EXPERIMENTAL AUTO] ACTIVE frame=49129 cmd=(-0.008,-0.016,+0.003) yaw=LOCAL_HOLD
[EXPERIMENTAL AUTO] ACTIVE frame=49132 cmd=(-0.010,+0.042,+0.004) yaw=LOCAL_HOLD
[EXPERIMENTAL AUTO] ACTIVE frame=49135 cmd=(-0.023,+0.010,+0.002) yaw=LOCAL_HOLD
[EXPERIMENTAL AUTO] ACTIVE frame=49138 cmd=(-0.036,-0.023,-0.001) yaw=LOCAL_HOLD
[EXPERIMENTAL AUTO] ACTIVE frame=49144 cmd=(-0.048,-0.051,-0.001) yaw=LOCAL_HOLD
[EXPERIMENTAL AUTO] ACTIVE frame=49147 cmd=(-0.055,-0.025,-0.000) yaw=LOCAL_HOLD
[EXPERIMENTAL AUTO] ACTIVE frame=49150 cmd=(-0.057,+0.002,+0.001) yaw=LOCAL_HOLD
[EXPERIMENTAL AUTO] ACTIVE frame=49153 cmd=(-0.060,+0.026,+0.004) yaw=LOCAL_HOLD
[EXPERIMENTAL AUTO] ACTIVE frame=49156 cmd=(-0.063,+0.005,+0.007) yaw=LOCAL_HOLD
[EXPERIMENTAL AUTO] ACTIVE frame=49159 cmd=(-0.065,+0.017,+0.014) yaw=LOCAL_HOLD
[EXPERIMENTAL AUTO] ACTIVE frame=49162 cmd=(-0.065,+0.028,+0.020) yaw=LOCAL_HOLD
[EXPERIMENTAL AUTO] ACTIVE frame=49165 cmd=(-0.065,+0.021,+0.025) yaw=LOCAL_HOLD
[EXPERIMENTAL AUTO] ACTIVE frame=49168 cmd=(-0.064,+0.022,+0.025) yaw=LOCAL_HOLD
[EXPERIMENTAL AUTO] ACTIVE frame=49171 cmd=(-0.059,+0.029,+0.029) yaw=LOCAL_HOLD
[EXPERIMENTAL AUTO] ACTIVE frame=49174 cmd=(-0.053,+0.033,+0.033) yaw=LOCAL_HOLD
[EXPERIMENTAL AUTO] ACTIVE frame=49177 cmd=(-0.040,+0.033,+0.034) yaw=LOCAL_HOLD
[EXPERIMENTAL AUTO] ACTIVE frame=49180 cmd=(-0.035,+0.033,+0.034) yaw=LOCAL_HOLD
[EXPERIMENTAL AUTO] ACTIVE frame=49183 cmd=(-0.022,+0.024,+0.034) yaw=LOCAL_HOLD
[EXPERIMENTAL AUTO] ACTIVE frame=49186 cmd=(-0.015,+0.021,+0.034) yaw=LOCAL_HOLD
[EXPERIMENTAL AUTO] ACTIVE frame=49189 cmd=(-0.002,+0.019,+0.032) yaw=LOCAL_HOLD
[EXPERIMENTAL AUTO] ACTIVE frame=49192 cmd=(+0.003,+0.014,+0.030) yaw=LOCAL_HOLD
[EXPERIMENTAL AUTO] ACTIVE frame=49195 cmd=(+0.019,+0.010,+0.025) yaw=LOCAL_HOLD
[EXPERIMENTAL AUTO] ACTIVE frame=49198 cmd=(+0.022,-0.018,+0.020) yaw=LOCAL_HOLD
[EXPERIMENTAL AUTO] ACTIVE frame=49201 cmd=(+0.026,+0.009,+0.015) yaw=LOCAL_HOLD
[EXPERIMENTAL AUTO] ACTIVE frame=49204 cmd=(+0.020,-0.017,+0.013) yaw=LOCAL_HOLD
[EXPERIMENTAL AUTO] ACTIVE frame=49207 cmd=(+0.013,-0.027,+0.007) yaw=LOCAL_HOLD
[EXPERIMENTAL AUTO] ACTIVE frame=49210 cmd=(+0.005,-0.032,+0.003) yaw=LOCAL_HOLD
[EXPERIMENTAL AUTO] ACTIVE frame=49213 cmd=(-0.011,-0.008,-0.002) yaw=LOCAL_HOLD
[EXPERIMENTAL AUTO] ACTIVE frame=49216 cmd=(-0.019,-0.016,-0.003) yaw=LOCAL_HOLD
[EXPERIMENTAL AUTO] ACTIVE frame=49219 cmd=(-0.036,-0.003,-0.009) yaw=LOCAL_HOLD
[EXPERIMENTAL AUTO] ACTIVE frame=49222 cmd=(-0.047,+0.001,-0.012) yaw=LOCAL_HOLD
[EXPERIMENTAL AUTO] ACTIVE frame=49225 cmd=(-0.056,+0.016,-0.015) yaw=LOCAL_HOLD
[EXPERIMENTAL AUTO] ACTIVE frame=49228 cmd=(-0.057,+0.023,-0.013) yaw=LOCAL_HOLD
[EXPERIMENTAL AUTO] ACTIVE frame=49231 cmd=(-0.061,+0.028,-0.011) yaw=LOCAL_HOLD
[EXPERIMENTAL AUTO] ACTIVE frame=49234 cmd=(-0.062,+0.026,-0.007) yaw=LOCAL_HOLD
[EXPERIMENTAL AUTO] ACTIVE frame=49237 cmd=(-0.066,+0.022,+0.001) yaw=LOCAL_HOLD
[EXPERIMENTAL AUTO] ACTIVE frame=49240 cmd=(-0.067,+0.023,+0.003) yaw=LOCAL_HOLD
[EXPERIMENTAL AUTO] ACTIVE frame=49243 cmd=(-0.071,+0.022,+0.012) yaw=LOCAL_HOLD
[EXPERIMENTAL AUTO] ACTIVE frame=49246 cmd=(-0.072,+0.017,+0.018) yaw=LOCAL_HOLD
[EXPERIMENTAL AUTO] ACTIVE frame=49249 cmd=(-0.066,+0.013,+0.022) yaw=LOCAL_HOLD
[EXPERIMENTAL AUTO] ACTIVE frame=49252 cmd=(-0.057,+0.010,+0.023) yaw=LOCAL_HOLD
[EXPERIMENTAL AUTO] ACTIVE frame=49255 cmd=(-0.042,+0.002,+0.027) yaw=LOCAL_HOLD
[EXPERIMENTAL AUTO] ACTIVE frame=49258 cmd=(-0.030,+0.003,+0.028) yaw=LOCAL_HOLD
[EXPERIMENTAL AUTO] ACTIVE frame=49261 cmd=(-0.019,-0.005,+0.026) yaw=LOCAL_HOLD
[EXPERIMENTAL AUTO] ACTIVE frame=49264 cmd=(-0.016,-0.001,+0.025) yaw=LOCAL_HOLD
[EXPERIMENTAL AUTO] ACTIVE frame=49267 cmd=(-0.009,-0.018,+0.021) yaw=LOCAL_HOLD
[EXPERIMENTAL AUTO] ACTIVE frame=49270 cmd=(-0.007,-0.046,+0.020) yaw=LOCAL_HOLD
[EXPERIMENTAL AUTO] ACTIVE frame=49276 cmd=(-0.010,-0.012,+0.018) yaw=LOCAL_HOLD
[EXPERIMENTAL AUTO] ACTIVE frame=49279 cmd=(-0.021,-0.009,+0.018) yaw=LOCAL_HOLD
[EXPERIMENTAL AUTO] ACTIVE frame=49282 cmd=(-0.030,+0.009,+0.019) yaw=LOCAL_HOLD
[EXPERIMENTAL AUTO] ACTIVE frame=49285 cmd=(-0.048,+0.018,+0.019) yaw=LOCAL_HOLD
[EXPERIMENTAL AUTO] ACTIVE frame=49288 cmd=(-0.055,+0.011,+0.018) yaw=LOCAL_HOLD
[EXPERIMENTAL AUTO] ACTIVE frame=49291 cmd=(-0.072,+0.022,+0.017) yaw=LOCAL_HOLD
[EXPERIMENTAL AUTO] ACTIVE frame=49294 cmd=(-0.082,+0.035,+0.016) yaw=LOCAL_HOLD
[EXPERIMENTAL AUTO] ACTIVE frame=49297 cmd=(-0.091,+0.039,+0.014) yaw=LOCAL_HOLD
[EXPERIMENTAL AUTO] ACTIVE frame=49300 cmd=(-0.092,+0.036,+0.013) yaw=LOCAL_HOLD
[EXPERIMENTAL AUTO] ACTIVE frame=49303 cmd=(-0.097,+0.041,+0.012) yaw=LOCAL_HOLD
[EXPERIMENTAL AUTO] ACTIVE frame=49306 cmd=(-0.099,+0.033,+0.012) yaw=LOCAL_HOLD
[EXPERIMENTAL AUTO] ACTIVE frame=49309 cmd=(-0.091,+0.021,+0.010) yaw=LOCAL_HOLD
[EXPERIMENTAL AUTO] ACTIVE frame=49312 cmd=(-0.079,+0.015,+0.010) yaw=LOCAL_HOLD
[EXPERIMENTAL AUTO] ACTIVE frame=49315 cmd=(-0.059,+0.004,+0.007) yaw=LOCAL_HOLD
[EXPERIMENTAL AUTO] ACTIVE frame=49318 cmd=(-0.043,-0.007,+0.006) yaw=LOCAL_HOLD
[EXPERIMENTAL AUTO] ACTIVE frame=49321 cmd=(-0.018,-0.001,+0.003) yaw=LOCAL_HOLD
[EXPERIMENTAL AUTO] ACTIVE frame=49324 cmd=(-0.011,-0.011,+0.002) yaw=LOCAL_HOLD
[EXPERIMENTAL AUTO] ACTIVE frame=49327 cmd=(+0.009,-0.036,-0.000) yaw=LOCAL_HOLD
[EXPERIMENTAL AUTO] ACTIVE frame=49330 cmd=(+0.021,-0.028,-0.003) yaw=LOCAL_HOLD
[EXPERIMENTAL AUTO] ACTIVE frame=49333 cmd=(+0.031,-0.020,-0.003) yaw=LOCAL_HOLD
[EXPERIMENTAL AUTO] ACTIVE frame=49336 cmd=(+0.030,-0.027,-0.002) yaw=LOCAL_HOLD
[EXPERIMENTAL AUTO] ACTIVE frame=49339 cmd=(+0.030,-0.049,-0.001) yaw=LOCAL_HOLD
[EXPERIMENTAL AUTO] ACTIVE frame=49342 cmd=(+0.026,-0.045,+0.000) yaw=LOCAL_HOLD
[EXPERIMENTAL AUTO] ACTIVE frame=49345 cmd=(+0.016,-0.011,+0.004) yaw=LOCAL_HOLD
[EXPERIMENTAL AUTO] ACTIVE frame=49348 cmd=(+0.007,-0.012,+0.004) yaw=LOCAL_HOLD
[EXPERIMENTAL AUTO] ACTIVE frame=49351 cmd=(-0.008,-0.007,+0.007) yaw=LOCAL_HOLD
[EXPERIMENTAL AUTO] ACTIVE frame=49354 cmd=(-0.020,-0.009,+0.009) yaw=LOCAL_HOLD
[EXPERIMENTAL AUTO] ACTIVE frame=49357 cmd=(-0.027,-0.006,+0.013) yaw=LOCAL_HOLD
[EXPERIMENTAL AUTO] ACTIVE frame=49360 cmd=(-0.024,+0.000,+0.015) yaw=LOCAL_HOLD
[EXPERIMENTAL AUTO] ACTIVE frame=49363 cmd=(-0.027,-0.004,+0.020) yaw=LOCAL_HOLD
[EXPERIMENTAL AUTO] ACTIVE frame=49366 cmd=(-0.025,-0.001,+0.024) yaw=LOCAL_HOLD
[EXPERIMENTAL AUTO] ACTIVE frame=49369 cmd=(-0.029,+0.010,+0.026) yaw=LOCAL_HOLD
[EXPERIMENTAL AUTO] ACTIVE frame=49372 cmd=(-0.034,+0.015,+0.027) yaw=LOCAL_HOLD
[EXPERIMENTAL AUTO] ACTIVE frame=49375 cmd=(-0.042,+0.021,+0.029) yaw=LOCAL_HOLD
[EXPERIMENTAL AUTO] ACTIVE frame=49378 cmd=(-0.047,+0.022,+0.029) yaw=LOCAL_HOLD
[EXPERIMENTAL AUTO] ACTIVE frame=49384 cmd=(-0.057,+0.031,+0.028) yaw=LOCAL_HOLD
[EXPERIMENTAL AUTO] ACTIVE frame=49387 cmd=(-0.065,+0.040,+0.026) yaw=LOCAL_HOLD
[EXPERIMENTAL AUTO] ACTIVE frame=49390 cmd=(-0.071,+0.047,+0.024) yaw=LOCAL_HOLD
[EXPERIMENTAL AUTO] ACTIVE frame=49393 cmd=(-0.080,+0.056,+0.021) yaw=LOCAL_HOLD
[EXPERIMENTAL AUTO] ACTIVE frame=49396 cmd=(-0.083,+0.051,+0.020) yaw=LOCAL_HOLD
[EXPERIMENTAL AUTO] ACTIVE frame=49399 cmd=(-0.089,+0.049,+0.018) yaw=LOCAL_HOLD
[EXPERIMENTAL AUTO] ACTIVE frame=49402 cmd=(-0.093,+0.046,+0.014) yaw=LOCAL_HOLD
[EXPERIMENTAL AUTO] ACTIVE frame=49405 cmd=(-0.094,+0.040,+0.012) yaw=LOCAL_HOLD
[EXPERIMENTAL AUTO] ACTIVE frame=49408 cmd=(-0.092,+0.034,+0.010) yaw=LOCAL_HOLD
[EXPERIMENTAL AUTO] ACTIVE frame=49411 cmd=(-0.090,+0.020,+0.007) yaw=LOCAL_HOLD
[EXPERIMENTAL AUTO] ACTIVE frame=49414 cmd=(-0.083,+0.017,+0.003) yaw=LOCAL_HOLD
[EXPERIMENTAL AUTO] ACTIVE frame=49417 cmd=(-0.063,+0.004,+0.000) yaw=LOCAL_HOLD
[EXPERIMENTAL AUTO] ACTIVE frame=49420 cmd=(-0.052,+0.001,-0.003) yaw=LOCAL_HOLD
[EXPERIMENTAL AUTO] ACTIVE frame=49423 cmd=(-0.028,-0.006,-0.007) yaw=LOCAL_HOLD
[EXPERIMENTAL AUTO] ACTIVE frame=49426 cmd=(-0.012,-0.004,-0.013) yaw=LOCAL_HOLD
[EXPERIMENTAL AUTO] ACTIVE frame=49429 cmd=(+0.009,-0.017,-0.016) yaw=LOCAL_HOLD
[EXPERIMENTAL AUTO] ACTIVE frame=49432 cmd=(+0.014,-0.025,-0.016) yaw=LOCAL_HOLD
[EXPERIMENTAL AUTO] ACTIVE frame=49435 cmd=(+0.030,+0.003,-0.018) yaw=LOCAL_HOLD
[EXPERIMENTAL AUTO] ACTIVE frame=49438 cmd=(+0.034,-0.030,-0.018) yaw=LOCAL_HOLD
[EXPERIMENTAL AUTO] ACTIVE frame=49441 cmd=(+0.037,-0.042,-0.015) yaw=LOCAL_HOLD
[EXPERIMENTAL AUTO] ACTIVE frame=49444 cmd=(+0.033,-0.041,-0.011) yaw=LOCAL_HOLD
[EXPERIMENTAL AUTO] ACTIVE frame=49447 cmd=(+0.028,-0.048,-0.001) yaw=LOCAL_HOLD
[EXPERIMENTAL AUTO] ACTIVE frame=49450 cmd=(+0.019,-0.047,+0.007) yaw=LOCAL_HOLD
[EXPERIMENTAL AUTO] ACTIVE frame=49453 cmd=(+0.005,-0.014,+0.013) yaw=LOCAL_HOLD
[EXPERIMENTAL AUTO] ACTIVE frame=49456 cmd=(-0.003,-0.014,+0.015) yaw=LOCAL_HOLD
[EXPERIMENTAL AUTO] ACTIVE frame=49459 cmd=(-0.020,-0.011,+0.022) yaw=LOCAL_HOLD
[EXPERIMENTAL AUTO] ACTIVE frame=49462 cmd=(-0.035,-0.044,+0.024) yaw=LOCAL_HOLD
[EXPERIMENTAL AUTO] ACTIVE frame=49465 cmd=(-0.047,-0.009,+0.023) yaw=LOCAL_HOLD
[EXPERIMENTAL AUTO] ACTIVE frame=49468 cmd=(-0.051,-0.024,+0.020) yaw=LOCAL_HOLD
[EXPERIMENTAL AUTO] ACTIVE frame=49471 cmd=(-0.061,-0.053,+0.017) yaw=LOCAL_HOLD
[EXPERIMENTAL AUTO] ACTIVE frame=49474 cmd=(-0.065,-0.019,+0.013) yaw=LOCAL_HOLD
[EXPERIMENTAL AUTO] ACTIVE frame=49477 cmd=(-0.059,-0.030,+0.008) yaw=LOCAL_HOLD
[EXPERIMENTAL AUTO] ACTIVE frame=49480 cmd=(-0.049,-0.007,+0.005) yaw=LOCAL_HOLD
[EXPERIMENTAL AUTO] ACTIVE frame=49483 cmd=(-0.032,+0.025,-0.002) yaw=LOCAL_HOLD
[EXPERIMENTAL AUTO] ACTIVE frame=49486 cmd=(-0.019,+0.047,-0.007) yaw=LOCAL_HOLD
[EXPERIMENTAL AUTO] ACTIVE frame=49489 cmd=(-0.006,+0.070,-0.011) yaw=LOCAL_HOLD
[EXPERIMENTAL AUTO] ACTIVE frame=49492 cmd=(-0.004,+0.064,-0.011) yaw=LOCAL_HOLD
[EXPERIMENTAL AUTO] ACTIVE frame=49495 cmd=(+0.007,+0.062,-0.018) yaw=LOCAL_HOLD
[EXPERIMENTAL AUTO] ACTIVE frame=49498 cmd=(+0.012,+0.049,-0.020) yaw=LOCAL_HOLD
[EXPERIMENTAL AUTO] ACTIVE frame=49504 cmd=(+0.014,+0.030,-0.018) yaw=LOCAL_HOLD
[EXPERIMENTAL AUTO] ACTIVE frame=49507 cmd=(+0.013,+0.012,-0.013) yaw=LOCAL_HOLD
[EXPERIMENTAL AUTO] ACTIVE frame=49510 cmd=(+0.006,-0.014,-0.005) yaw=LOCAL_HOLD
[EXPERIMENTAL AUTO] ACTIVE frame=49516 cmd=(+0.012,-0.043,+0.003) yaw=LOCAL_HOLD
[EXPERIMENTAL AUTO] ACTIVE frame=49519 cmd=(+0.014,-0.077,+0.010) yaw=LOCAL_HOLD
[EXPERIMENTAL AUTO] ACTIVE frame=49522 cmd=(+0.016,-0.077,+0.011) yaw=LOCAL_HOLD
[EXPERIMENTAL AUTO] ACTIVE frame=49525 cmd=(+0.023,-0.068,+0.014) yaw=LOCAL_HOLD
[EXPERIMENTAL AUTO] ACTIVE frame=49528 cmd=(+0.019,-0.072,+0.013) yaw=LOCAL_HOLD
[EXPERIMENTAL AUTO] ACTIVE frame=49531 cmd=(+0.019,-0.068,+0.011) yaw=LOCAL_HOLD
[EXPERIMENTAL AUTO] ACTIVE frame=49534 cmd=(+0.015,-0.060,+0.010) yaw=LOCAL_HOLD
[EXPERIMENTAL AUTO] ACTIVE frame=49537 cmd=(-0.003,-0.050,+0.008) yaw=LOCAL_HOLD
[EXPERIMENTAL AUTO] ACTIVE frame=49540 cmd=(-0.011,-0.040,+0.010) yaw=LOCAL_HOLD
[EXPERIMENTAL AUTO] ACTIVE frame=49543 cmd=(-0.029,-0.023,+0.011) yaw=LOCAL_HOLD
[EXPERIMENTAL AUTO] ACTIVE frame=49546 cmd=(-0.042,-0.019,+0.013) yaw=LOCAL_HOLD
[EXPERIMENTAL AUTO] ACTIVE frame=49549 cmd=(-0.070,+0.014,+0.019) yaw=LOCAL_HOLD
[EXPERIMENTAL AUTO] ACTIVE frame=49552 cmd=(-0.081,+0.014,+0.021) yaw=LOCAL_HOLD
[EXPERIMENTAL AUTO] ACTIVE frame=49555 cmd=(-0.110,+0.027,+0.027) yaw=LOCAL_HOLD
[EXPERIMENTAL AUTO] ACTIVE frame=49558 cmd=(-0.124,+0.050,+0.033) yaw=LOCAL_HOLD
[EXPERIMENTAL AUTO] ACTIVE frame=49561 cmd=(-0.140,+0.058,+0.039) yaw=LOCAL_HOLD
[EXPERIMENTAL AUTO] ACTIVE frame=49564 cmd=(-0.142,+0.063,+0.040) yaw=LOCAL_HOLD
[EXPERIMENTAL AUTO] ACTIVE frame=49567 cmd=(-0.149,+0.061,+0.043) yaw=LOCAL_HOLD
[EXPERIMENTAL AUTO] ACTIVE frame=49570 cmd=(-0.151,+0.061,+0.044) yaw=LOCAL_HOLD
[EXPERIMENTAL AUTO] ACTIVE frame=49573 cmd=(-0.145,+0.061,+0.043) yaw=LOCAL_HOLD
[EXPERIMENTAL AUTO] ACTIVE frame=49576 cmd=(-0.131,+0.055,+0.041) yaw=LOCAL_HOLD
[EXPERIMENTAL AUTO] ACTIVE frame=49579 cmd=(-0.110,+0.050,+0.037) yaw=LOCAL_HOLD
[EXPERIMENTAL AUTO] ACTIVE frame=49582 cmd=(-0.091,+0.041,+0.033) yaw=LOCAL_HOLD
[EXPERIMENTAL AUTO] ACTIVE frame=49585 cmd=(-0.055,+0.027,+0.030) yaw=LOCAL_HOLD
[EXPERIMENTAL AUTO] ACTIVE frame=49588 cmd=(-0.051,+0.019,+0.029) yaw=LOCAL_HOLD
[EXPERIMENTAL AUTO] ACTIVE frame=49591 cmd=(-0.012,+0.005,+0.025) yaw=LOCAL_HOLD
[EXPERIMENTAL AUTO] ACTIVE frame=49594 cmd=(+0.013,-0.009,+0.021) yaw=LOCAL_HOLD
[EXPERIMENTAL AUTO] ACTIVE frame=49597 cmd=(+0.037,-0.026,+0.018) yaw=LOCAL_HOLD
[EXPERIMENTAL AUTO] ACTIVE frame=49600 cmd=(+0.041,-0.031,+0.017) yaw=LOCAL_HOLD
[EXPERIMENTAL AUTO] ACTIVE frame=49603 cmd=(+0.056,-0.025,+0.011) yaw=LOCAL_HOLD
[EXPERIMENTAL AUTO] ACTIVE frame=49606 cmd=(+0.059,-0.029,+0.005) yaw=LOCAL_HOLD
[EXPERIMENTAL AUTO] ACTIVE frame=49609 cmd=(+0.066,-0.011,-0.000) yaw=LOCAL_HOLD
[EXPERIMENTAL AUTO] ACTIVE frame=49612 cmd=(+0.066,-0.012,-0.003) yaw=LOCAL_HOLD
[EXPERIMENTAL AUTO] ACTIVE frame=49615 cmd=(+0.065,-0.012,-0.011) yaw=LOCAL_HOLD
[EXPERIMENTAL AUTO] ACTIVE frame=49618 cmd=(+0.059,-0.016,-0.016) yaw=LOCAL_HOLD
[EXPERIMENTAL AUTO] ACTIVE frame=49624 cmd=(+0.055,-0.021,-0.026) yaw=LOCAL_HOLD
[EXPERIMENTAL AUTO] ACTIVE frame=49627 cmd=(+0.049,-0.023,-0.032) yaw=LOCAL_HOLD
[EXPERIMENTAL AUTO] ACTIVE frame=49630 cmd=(+0.043,-0.025,-0.035) yaw=LOCAL_HOLD
[EXPERIMENTAL AUTO] ACTIVE frame=49636 cmd=(+0.027,-0.026,-0.035) yaw=LOCAL_HOLD
[EXPERIMENTAL AUTO] ACTIVE frame=49639 cmd=(+0.010,-0.029,-0.032) yaw=LOCAL_HOLD
[EXPERIMENTAL AUTO] ACTIVE frame=49642 cmd=(-0.002,-0.027,-0.023) yaw=LOCAL_HOLD
[EXPERIMENTAL AUTO] ACTIVE frame=49645 cmd=(-0.020,-0.026,-0.013) yaw=LOCAL_HOLD
[EXPERIMENTAL AUTO] ACTIVE frame=49648 cmd=(-0.026,-0.027,-0.006) yaw=LOCAL_HOLD
[EXPERIMENTAL AUTO] ACTIVE frame=49651 cmd=(-0.042,-0.028,+0.007) yaw=LOCAL_HOLD
[EXPERIMENTAL AUTO] ACTIVE frame=49654 cmd=(-0.050,-0.021,+0.016) yaw=LOCAL_HOLD
[EXPERIMENTAL AUTO] ACTIVE frame=49657 cmd=(-0.061,-0.010,+0.024) yaw=LOCAL_HOLD
[EXPERIMENTAL AUTO] ACTIVE frame=49660 cmd=(-0.064,-0.011,+0.025) yaw=LOCAL_HOLD
[EXPERIMENTAL AUTO] ACTIVE frame=49663 cmd=(-0.071,-0.005,+0.029) yaw=LOCAL_HOLD
[EXPERIMENTAL AUTO] ACTIVE frame=49666 cmd=(-0.074,-0.004,+0.029) yaw=LOCAL_HOLD
[EXPERIMENTAL AUTO] ACTIVE frame=49669 cmd=(-0.066,-0.007,+0.029) yaw=LOCAL_HOLD
[EXPERIMENTAL AUTO] ACTIVE frame=49672 cmd=(-0.056,-0.005,+0.026) yaw=LOCAL_HOLD
[EXPERIMENTAL AUTO] ACTIVE frame=49675 cmd=(-0.039,-0.005,+0.022) yaw=LOCAL_HOLD
[EXPERIMENTAL AUTO] ACTIVE frame=49678 cmd=(-0.026,-0.008,+0.020) yaw=LOCAL_HOLD
[EXPERIMENTAL AUTO] ACTIVE frame=49681 cmd=(+0.002,-0.008,+0.017) yaw=LOCAL_HOLD
[EXPERIMENTAL AUTO] ACTIVE frame=49684 cmd=(+0.013,-0.007,+0.016) yaw=LOCAL_HOLD
[EXPERIMENTAL AUTO] ACTIVE frame=49687 cmd=(+0.035,-0.007,+0.013) yaw=LOCAL_HOLD
[EXPERIMENTAL AUTO] ACTIVE frame=49690 cmd=(+0.055,+0.003,+0.010) yaw=LOCAL_HOLD
[EXPERIMENTAL AUTO] ACTIVE frame=49693 cmd=(+0.083,+0.010,+0.006) yaw=LOCAL_HOLD
[EXPERIMENTAL AUTO] ACTIVE frame=49696 cmd=(+0.089,+0.006,+0.004) yaw=LOCAL_HOLD
[EXPERIMENTAL AUTO] ACTIVE frame=49699 cmd=(+0.108,-0.004,-0.004) yaw=LOCAL_HOLD
[EXPERIMENTAL AUTO] ACTIVE frame=49702 cmd=(+0.114,-0.010,-0.008) yaw=LOCAL_HOLD
[EXPERIMENTAL AUTO] ACTIVE frame=49705 cmd=(+0.103,-0.017,-0.012) yaw=LOCAL_HOLD
[EXPERIMENTAL AUTO] ACTIVE frame=49708 cmd=(+0.091,-0.019,-0.013) yaw=LOCAL_HOLD
[EXPERIMENTAL AUTO] ACTIVE frame=49711 cmd=(+0.072,-0.027,-0.015) yaw=LOCAL_HOLD
[EXPERIMENTAL AUTO] ACTIVE frame=49714 cmd=(+0.059,-0.030,-0.013) yaw=LOCAL_HOLD
[EXPERIMENTAL AUTO] ACTIVE frame=49717 cmd=(+0.032,-0.028,-0.009) yaw=LOCAL_HOLD
[EXPERIMENTAL AUTO] ACTIVE frame=49720 cmd=(+0.021,-0.028,-0.003) yaw=LOCAL_HOLD
[EXPERIMENTAL AUTO] ACTIVE frame=49723 cmd=(-0.005,-0.029,+0.006) yaw=LOCAL_HOLD
[EXPERIMENTAL AUTO] ACTIVE frame=49726 cmd=(-0.021,-0.029,+0.015) yaw=LOCAL_HOLD
[EXPERIMENTAL AUTO] ACTIVE frame=49732 cmd=(-0.046,-0.011,+0.027) yaw=LOCAL_HOLD
[EXPERIMENTAL AUTO] ACTIVE frame=49735 cmd=(-0.065,-0.007,+0.035) yaw=LOCAL_HOLD
[EXPERIMENTAL AUTO] ACTIVE frame=49738 cmd=(-0.075,+0.002,+0.040) yaw=LOCAL_HOLD
[EXPERIMENTAL AUTO] ACTIVE frame=49744 cmd=(-0.100,+0.011,+0.042) yaw=LOCAL_HOLD
[EXPERIMENTAL AUTO] ACTIVE frame=49747 cmd=(-0.122,+0.015,+0.042) yaw=LOCAL_HOLD
[EXPERIMENTAL AUTO] ACTIVE frame=49750 cmd=(-0.133,+0.015,+0.039) yaw=LOCAL_HOLD
[EXPERIMENTAL AUTO] ACTIVE frame=49753 cmd=(-0.136,+0.013,+0.035) yaw=LOCAL_HOLD
[EXPERIMENTAL AUTO] ACTIVE frame=49756 cmd=(-0.129,+0.013,+0.032) yaw=LOCAL_HOLD
[EXPERIMENTAL AUTO] ACTIVE frame=49759 cmd=(-0.120,+0.009,+0.027) yaw=LOCAL_HOLD
[EXPERIMENTAL AUTO] ACTIVE frame=49762 cmd=(-0.108,+0.005,+0.023) yaw=LOCAL_HOLD
[EXPERIMENTAL AUTO] ACTIVE frame=49768 cmd=(-0.089,-0.000,+0.020) yaw=LOCAL_HOLD
[EXPERIMENTAL AUTO] ACTIVE frame=49771 cmd=(-0.071,-0.004,+0.017) yaw=LOCAL_HOLD
[EXPERIMENTAL AUTO] ACTIVE frame=49774 cmd=(-0.057,-0.007,+0.012) yaw=LOCAL_HOLD
[EXPERIMENTAL AUTO] ACTIVE frame=49777 cmd=(-0.028,-0.014,+0.009) yaw=LOCAL_HOLD
[EXPERIMENTAL AUTO] ACTIVE frame=49780 cmd=(-0.017,-0.015,+0.007) yaw=LOCAL_HOLD
[EXPERIMENTAL AUTO] ACTIVE frame=49783 cmd=(+0.015,+0.016,+0.005) yaw=LOCAL_HOLD
[EXPERIMENTAL AUTO] ACTIVE frame=49786 cmd=(+0.031,+0.003,+0.003) yaw=LOCAL_HOLD
[EXPERIMENTAL AUTO] ACTIVE frame=49789 cmd=(+0.054,-0.008,-0.002) yaw=LOCAL_HOLD
[EXPERIMENTAL AUTO] ACTIVE frame=49792 cmd=(+0.058,-0.016,-0.002) yaw=LOCAL_HOLD
[EXPERIMENTAL AUTO] ACTIVE frame=49795 cmd=(+0.076,+0.006,-0.006) yaw=LOCAL_HOLD
[EXPERIMENTAL AUTO] ACTIVE frame=49798 cmd=(+0.081,+0.008,-0.007) yaw=LOCAL_HOLD
[EXPERIMENTAL AUTO] ACTIVE frame=49801 cmd=(+0.092,+0.002,-0.006) yaw=LOCAL_HOLD
[EXPERIMENTAL AUTO] ACTIVE frame=49804 cmd=(+0.094,+0.001,-0.004) yaw=LOCAL_HOLD
[EXPERIMENTAL AUTO] ACTIVE frame=49807 cmd=(+0.099,-0.005,-0.002) yaw=LOCAL_HOLD
[EXPERIMENTAL AUTO] ACTIVE frame=49810 cmd=(+0.097,-0.007,+0.004) yaw=LOCAL_HOLD
[EXPERIMENTAL AUTO] ACTIVE frame=49813 cmd=(+0.096,-0.006,+0.008) yaw=LOCAL_HOLD
[EXPERIMENTAL AUTO] ACTIVE frame=49816 cmd=(+0.093,-0.010,+0.011) yaw=LOCAL_HOLD
[EXPERIMENTAL AUTO] ACTIVE frame=49819 cmd=(+0.088,-0.008,+0.020) yaw=LOCAL_HOLD
[EXPERIMENTAL AUTO] ACTIVE frame=49822 cmd=(+0.083,-0.012,+0.024) yaw=LOCAL_HOLD
[EXPERIMENTAL AUTO] ACTIVE frame=49825 cmd=(+0.059,-0.011,+0.027) yaw=LOCAL_HOLD
[EXPERIMENTAL AUTO] ACTIVE frame=49828 cmd=(+0.046,-0.012,+0.026) yaw=LOCAL_HOLD
[EXPERIMENTAL AUTO] ACTIVE frame=49831 cmd=(+0.018,-0.011,+0.025) yaw=LOCAL_HOLD
[EXPERIMENTAL AUTO] ACTIVE frame=49834 cmd=(-0.001,-0.008,+0.023) yaw=LOCAL_HOLD
[EXPERIMENTAL AUTO] ACTIVE frame=49837 cmd=(-0.020,+0.003,+0.022) yaw=LOCAL_HOLD
[EXPERIMENTAL AUTO] ACTIVE frame=49840 cmd=(-0.027,-0.009,+0.020) yaw=LOCAL_HOLD
[EXPERIMENTAL AUTO] ACTIVE frame=49843 cmd=(-0.040,+0.009,+0.017) yaw=LOCAL_HOLD
[EXPERIMENTAL AUTO] ACTIVE frame=49846 cmd=(-0.043,+0.022,+0.016) yaw=LOCAL_HOLD
[EXPERIMENTAL AUTO] ACTIVE frame=49852 cmd=(-0.049,+0.026,+0.015) yaw=LOCAL_HOLD
[EXPERIMENTAL AUTO] ACTIVE frame=49855 cmd=(-0.052,+0.023,+0.015) yaw=LOCAL_HOLD
[EXPERIMENTAL AUTO] ACTIVE frame=49858 cmd=(-0.051,+0.017,+0.016) yaw=LOCAL_HOLD
[EXPERIMENTAL AUTO] ACTIVE frame=49861 cmd=(-0.044,+0.004,+0.018) yaw=LOCAL_HOLD
[EXPERIMENTAL AUTO] ACTIVE frame=49864 cmd=(-0.038,+0.004,+0.019) yaw=LOCAL_HOLD
[EXPERIMENTAL AUTO] ACTIVE frame=49867 cmd=(-0.029,+0.001,+0.022) yaw=LOCAL_HOLD
[EXPERIMENTAL AUTO] ACTIVE frame=49870 cmd=(-0.018,-0.005,+0.025) yaw=LOCAL_HOLD
[EXPERIMENTAL AUTO] ACTIVE frame=49876 cmd=(-0.004,-0.003,+0.026) yaw=LOCAL_HOLD
[EXPERIMENTAL AUTO] ACTIVE frame=49879 cmd=(+0.012,+0.007,+0.027) yaw=LOCAL_HOLD
[EXPERIMENTAL AUTO] ACTIVE frame=49882 cmd=(+0.018,-0.003,+0.028) yaw=LOCAL_HOLD
[EXPERIMENTAL AUTO] ACTIVE frame=49885 cmd=(+0.029,-0.015,+0.028) yaw=LOCAL_HOLD
[EXPERIMENTAL AUTO] ACTIVE frame=49888 cmd=(+0.036,+0.017,+0.027) yaw=LOCAL_HOLD
[EXPERIMENTAL AUTO] ACTIVE frame=49891 cmd=(+0.048,+0.006,+0.023) yaw=LOCAL_HOLD
[EXPERIMENTAL AUTO] ACTIVE frame=49894 cmd=(+0.052,-0.004,+0.020) yaw=LOCAL_HOLD
[EXPERIMENTAL AUTO] ACTIVE frame=49897 cmd=(+0.058,-0.012,+0.017) yaw=LOCAL_HOLD
[EXPERIMENTAL AUTO] ACTIVE frame=49900 cmd=(+0.059,-0.012,+0.015) yaw=LOCAL_HOLD
[EXPERIMENTAL AUTO] ACTIVE frame=49903 cmd=(+0.062,-0.012,+0.011) yaw=LOCAL_HOLD
[EXPERIMENTAL AUTO] ACTIVE frame=49906 cmd=(+0.063,-0.009,+0.006) yaw=LOCAL_HOLD
[EXPERIMENTAL AUTO] ACTIVE frame=49909 cmd=(+0.056,-0.003,+0.001) yaw=LOCAL_HOLD
[EXPERIMENTAL AUTO] ACTIVE frame=49912 cmd=(+0.049,-0.002,+0.000) yaw=LOCAL_HOLD
[EXPERIMENTAL AUTO] ACTIVE frame=49915 cmd=(+0.035,+0.004,-0.004) yaw=LOCAL_HOLD
[EXPERIMENTAL AUTO] ACTIVE frame=49918 cmd=(+0.025,-0.001,-0.004) yaw=LOCAL_HOLD
[EXPERIMENTAL AUTO] ACTIVE frame=49921 cmd=(+0.010,-0.003,-0.005) yaw=LOCAL_HOLD
[EXPERIMENTAL AUTO] ACTIVE frame=49924 cmd=(+0.005,-0.006,-0.002) yaw=LOCAL_HOLD
[EXPERIMENTAL AUTO] ACTIVE frame=49927 cmd=(-0.008,+0.006,+0.003) yaw=LOCAL_HOLD
[EXPERIMENTAL AUTO] ACTIVE frame=49930 cmd=(-0.012,+0.013,+0.010) yaw=LOCAL_HOLD
[EXPERIMENTAL AUTO] ACTIVE frame=49933 cmd=(-0.024,+0.008,+0.017) yaw=LOCAL_HOLD
[EXPERIMENTAL AUTO] ACTIVE frame=49936 cmd=(-0.028,+0.003,+0.020) yaw=LOCAL_HOLD
[EXPERIMENTAL AUTO] ACTIVE frame=49939 cmd=(-0.037,+0.001,+0.028) yaw=LOCAL_HOLD
[EXPERIMENTAL AUTO] ACTIVE frame=49942 cmd=(-0.039,+0.012,+0.033) yaw=LOCAL_HOLD
[EXPERIMENTAL AUTO] ACTIVE frame=49945 cmd=(-0.041,+0.003,+0.037) yaw=LOCAL_HOLD
[EXPERIMENTAL AUTO] ACTIVE frame=49948 cmd=(-0.040,+0.001,+0.037) yaw=LOCAL_HOLD
[EXPERIMENTAL AUTO] ACTIVE frame=49951 cmd=(-0.038,-0.003,+0.039) yaw=LOCAL_HOLD
[EXPERIMENTAL AUTO] ACTIVE frame=49954 cmd=(-0.035,-0.005,+0.038) yaw=LOCAL_HOLD
[EXPERIMENTAL AUTO] ACTIVE frame=49957 cmd=(-0.023,-0.010,+0.037) yaw=LOCAL_HOLD
[EXPERIMENTAL AUTO] ACTIVE frame=49960 cmd=(-0.017,-0.009,+0.034) yaw=LOCAL_HOLD
[EXPERIMENTAL AUTO] ACTIVE frame=49963 cmd=(-0.005,-0.036,+0.030) yaw=LOCAL_HOLD
[EXPERIMENTAL AUTO] ACTIVE frame=49966 cmd=(+0.005,-0.014,+0.027) yaw=LOCAL_HOLD
[EXPERIMENTAL AUTO] ACTIVE frame=49972 cmd=(+0.012,-0.049,+0.022) yaw=LOCAL_HOLD
[EXPERIMENTAL AUTO] ACTIVE frame=49975 cmd=(+0.029,-0.015,+0.019) yaw=LOCAL_HOLD
[EXPERIMENTAL AUTO] ACTIVE frame=49978 cmd=(+0.040,+0.016,+0.016) yaw=LOCAL_HOLD
[EXPERIMENTAL AUTO] ACTIVE frame=49984 cmd=(+0.045,-0.008,+0.015) yaw=LOCAL_HOLD
[EXPERIMENTAL AUTO] ACTIVE frame=49987 cmd=(+0.047,-0.010,+0.014) yaw=LOCAL_HOLD
[EXPERIMENTAL AUTO] ACTIVE frame=49990 cmd=(+0.045,-0.011,+0.013) yaw=LOCAL_HOLD
[EXPERIMENTAL AUTO] ACTIVE frame=49993 cmd=(+0.037,-0.013,+0.010) yaw=LOCAL_HOLD
[EXPERIMENTAL AUTO] ACTIVE frame=49996 cmd=(+0.032,-0.013,+0.009) yaw=LOCAL_HOLD
[EXPERIMENTAL AUTO] ACTIVE frame=49999 cmd=(+0.021,-0.015,+0.007) yaw=LOCAL_HOLD
[EXPERIMENTAL AUTO] ACTIVE frame=50002 cmd=(+0.013,-0.013,+0.006) yaw=LOCAL_HOLD
[EXPERIMENTAL AUTO] ACTIVE frame=50005 cmd=(-0.004,-0.003,+0.006) yaw=LOCAL_HOLD
[EXPERIMENTAL AUTO] ACTIVE frame=50008 cmd=(-0.011,-0.003,+0.006) yaw=LOCAL_HOLD
[EXPERIMENTAL AUTO] ACTIVE frame=50011 cmd=(-0.025,-0.002,+0.005) yaw=LOCAL_HOLD
[EXPERIMENTAL AUTO] ACTIVE frame=50014 cmd=(-0.034,+0.012,+0.006) yaw=LOCAL_HOLD
[EXPERIMENTAL AUTO] ACTIVE frame=50017 cmd=(-0.047,+0.021,+0.007) yaw=LOCAL_HOLD
[EXPERIMENTAL AUTO] ACTIVE frame=50020 cmd=(-0.051,+0.022,+0.007) yaw=LOCAL_HOLD
[EXPERIMENTAL AUTO] ACTIVE frame=50023 cmd=(-0.061,+0.023,+0.008) yaw=LOCAL_HOLD
[EXPERIMENTAL AUTO] ACTIVE frame=50026 cmd=(-0.064,+0.020,+0.009) yaw=LOCAL_HOLD
[EXPERIMENTAL AUTO] ACTIVE frame=50029 cmd=(-0.057,+0.013,+0.011) yaw=LOCAL_HOLD
[EXPERIMENTAL AUTO] ACTIVE frame=50032 cmd=(-0.050,+0.012,+0.012) yaw=LOCAL_HOLD
[EXPERIMENTAL AUTO] ACTIVE frame=50035 cmd=(-0.038,+0.007,+0.014) yaw=LOCAL_HOLD
[EXPERIMENTAL AUTO] ACTIVE frame=50038 cmd=(-0.027,+0.008,+0.018) yaw=LOCAL_HOLD
[EXPERIMENTAL AUTO] ACTIVE frame=50041 cmd=(-0.016,-0.025,+0.021) yaw=LOCAL_HOLD
[EXPERIMENTAL AUTO] ACTIVE frame=50044 cmd=(-0.012,-0.023,+0.021) yaw=LOCAL_HOLD
[EXPERIMENTAL AUTO] ACTIVE frame=50047 cmd=(+0.003,-0.017,+0.021) yaw=LOCAL_HOLD
[EXPERIMENTAL AUTO] ACTIVE frame=50050 cmd=(+0.010,-0.025,+0.021) yaw=LOCAL_HOLD
[EXPERIMENTAL AUTO] ACTIVE frame=50053 cmd=(+0.028,-0.027,+0.023) yaw=LOCAL_HOLD
[EXPERIMENTAL AUTO] ACTIVE frame=50056 cmd=(+0.036,-0.027,+0.022) yaw=LOCAL_HOLD
[EXPERIMENTAL AUTO] ACTIVE frame=50059 cmd=(+0.052,-0.030,+0.022) yaw=LOCAL_HOLD
[EXPERIMENTAL AUTO] ACTIVE frame=50062 cmd=(+0.062,-0.009,+0.021) yaw=LOCAL_HOLD
[EXPERIMENTAL AUTO] ACTIVE frame=50065 cmd=(+0.066,-0.013,+0.020) yaw=LOCAL_HOLD
[EXPERIMENTAL AUTO] ACTIVE frame=50068 cmd=(+0.064,-0.015,+0.019) yaw=LOCAL_HOLD
[EXPERIMENTAL AUTO] ACTIVE frame=50071 cmd=(+0.062,-0.020,+0.017) yaw=LOCAL_HOLD
[EXPERIMENTAL AUTO] ACTIVE frame=50074 cmd=(+0.057,-0.013,+0.014) yaw=LOCAL_HOLD
[EXPERIMENTAL AUTO] ACTIVE frame=50077 cmd=(+0.048,-0.006,+0.013) yaw=LOCAL_HOLD
[EXPERIMENTAL AUTO] ACTIVE frame=50080 cmd=(+0.041,-0.003,+0.013) yaw=LOCAL_HOLD
[EXPERIMENTAL AUTO] ACTIVE frame=50083 cmd=(+0.027,+0.003,+0.012) yaw=LOCAL_HOLD
[EXPERIMENTAL AUTO] ACTIVE frame=50086 cmd=(+0.017,+0.003,+0.009) yaw=LOCAL_HOLD
[EXPERIMENTAL AUTO] ACTIVE frame=50092 cmd=(+0.002,+0.008,+0.009) yaw=LOCAL_HOLD
[EXPERIMENTAL AUTO] ACTIVE frame=50095 cmd=(-0.010,+0.006,+0.009) yaw=LOCAL_HOLD
[EXPERIMENTAL AUTO] ACTIVE frame=50098 cmd=(-0.018,+0.002,+0.009) yaw=LOCAL_HOLD
[EXPERIMENTAL AUTO] ACTIVE frame=50104 cmd=(-0.044,+0.015,+0.011) yaw=LOCAL_HOLD
[EXPERIMENTAL AUTO] ACTIVE frame=50107 cmd=(-0.070,+0.034,+0.014) yaw=LOCAL_HOLD
[EXPERIMENTAL AUTO] ACTIVE frame=50110 cmd=(-0.073,+0.030,+0.016) yaw=LOCAL_HOLD
[EXPERIMENTAL AUTO] ACTIVE frame=50113 cmd=(-0.110,+0.014,+0.020) yaw=LOCAL_HOLD
[EXPERIMENTAL AUTO] ACTIVE frame=50116 cmd=(-0.112,+0.010,+0.020) yaw=LOCAL_HOLD
[EXPERIMENTAL AUTO] ACTIVE frame=50119 cmd=(-0.141,-0.009,+0.025) yaw=LOCAL_HOLD
[EXPERIMENTAL AUTO] ACTIVE frame=50122 cmd=(-0.151,-0.025,+0.026) yaw=LOCAL_HOLD
[EXPERIMENTAL AUTO] ACTIVE frame=50125 cmd=(-0.152,-0.023,+0.028) yaw=LOCAL_HOLD
[EXPERIMENTAL AUTO] ACTIVE frame=50128 cmd=(-0.145,-0.022,+0.028) yaw=LOCAL_HOLD
[EXPERIMENTAL AUTO] ACTIVE frame=50131 cmd=(-0.135,-0.009,+0.029) yaw=LOCAL_HOLD
[EXPERIMENTAL AUTO] ACTIVE frame=50134 cmd=(-0.122,-0.006,+0.030) yaw=LOCAL_HOLD
[EXPERIMENTAL AUTO] ACTIVE frame=50137 cmd=(-0.101,+0.000,+0.031) yaw=LOCAL_HOLD
[EXPERIMENTAL AUTO] ACTIVE frame=50140 cmd=(-0.092,-0.003,+0.032) yaw=LOCAL_HOLD
[EXPERIMENTAL AUTO] ACTIVE frame=50143 cmd=(-0.069,-0.002,+0.031) yaw=LOCAL_HOLD
[EXPERIMENTAL AUTO] ACTIVE frame=50146 cmd=(-0.054,-0.002,+0.030) yaw=LOCAL_HOLD
[EXPERIMENTAL AUTO] ACTIVE frame=50149 cmd=(-0.039,-0.006,+0.028) yaw=LOCAL_HOLD
[EXPERIMENTAL AUTO] ACTIVE frame=50152 cmd=(-0.037,-0.009,+0.027) yaw=LOCAL_HOLD
[EXPERIMENTAL AUTO] ACTIVE frame=50155 cmd=(-0.026,-0.013,+0.024) yaw=LOCAL_HOLD
[EXPERIMENTAL AUTO] ACTIVE frame=50158 cmd=(-0.026,-0.016,+0.022) yaw=LOCAL_HOLD
[EXPERIMENTAL AUTO] ACTIVE frame=50161 cmd=(-0.027,-0.006,+0.020) yaw=LOCAL_HOLD
[EXPERIMENTAL AUTO] ACTIVE frame=50164 cmd=(-0.032,-0.005,+0.019) yaw=LOCAL_HOLD
[EXPERIMENTAL AUTO] ACTIVE frame=50167 cmd=(-0.039,+0.007,+0.016) yaw=LOCAL_HOLD
[EXPERIMENTAL AUTO] ACTIVE frame=50170 cmd=(-0.048,+0.004,+0.014) yaw=LOCAL_HOLD
[EXPERIMENTAL AUTO] ACTIVE frame=50173 cmd=(-0.054,-0.017,+0.012) yaw=LOCAL_HOLD
[EXPERIMENTAL AUTO] ACTIVE frame=50176 cmd=(-0.054,-0.014,+0.010) yaw=LOCAL_HOLD
[EXPERIMENTAL AUTO] ACTIVE frame=50179 cmd=(-0.058,-0.014,+0.004) yaw=LOCAL_HOLD
[EXPERIMENTAL AUTO] ACTIVE frame=50182 cmd=(-0.061,-0.006,+0.001) yaw=LOCAL_HOLD
[EXPERIMENTAL AUTO] ACTIVE frame=50185 cmd=(-0.059,+0.012,-0.003) yaw=LOCAL_HOLD
[EXPERIMENTAL AUTO] ACTIVE frame=50188 cmd=(-0.058,+0.018,-0.004) yaw=LOCAL_HOLD
[EXPERIMENTAL AUTO] ACTIVE frame=50191 cmd=(-0.055,+0.028,-0.008) yaw=LOCAL_HOLD
[EXPERIMENTAL AUTO] ACTIVE frame=50194 cmd=(-0.054,+0.036,-0.009) yaw=LOCAL_HOLD
[EXPERIMENTAL AUTO] ACTIVE frame=50197 cmd=(-0.033,+0.039,-0.011) yaw=LOCAL_HOLD
[EXPERIMENTAL AUTO] ACTIVE frame=50200 cmd=(-0.021,+0.041,-0.009) yaw=LOCAL_HOLD
[EXPERIMENTAL AUTO] ACTIVE frame=50203 cmd=(+0.004,+0.035,-0.008) yaw=LOCAL_HOLD
[EXPERIMENTAL AUTO] ACTIVE frame=50206 cmd=(+0.020,+0.052,-0.004) yaw=LOCAL_HOLD
[EXPERIMENTAL AUTO] ACTIVE frame=50212 cmd=(+0.045,+0.059,+0.006) yaw=LOCAL_HOLD
[EXPERIMENTAL AUTO] ACTIVE frame=50215 cmd=(+0.064,+0.059,+0.014) yaw=LOCAL_HOLD
[EXPERIMENTAL AUTO] ACTIVE frame=50218 cmd=(+0.076,+0.042,+0.021) yaw=LOCAL_HOLD
[EXPERIMENTAL AUTO] ACTIVE frame=50224 cmd=(+0.090,+0.046,+0.021) yaw=LOCAL_HOLD
[EXPERIMENTAL AUTO] ACTIVE frame=50227 cmd=(+0.099,+0.040,+0.021) yaw=LOCAL_HOLD
[EXPERIMENTAL AUTO] ACTIVE frame=50230 cmd=(+0.101,+0.042,+0.020) yaw=LOCAL_HOLD
[EXPERIMENTAL AUTO] ACTIVE frame=50236 cmd=(+0.103,+0.036,+0.016) yaw=LOCAL_HOLD
[EXPERIMENTAL AUTO] ACTIVE frame=50239 cmd=(+0.101,+0.033,+0.012) yaw=LOCAL_HOLD
[EXPERIMENTAL AUTO] ACTIVE frame=50242 cmd=(+0.095,+0.018,+0.010) yaw=LOCAL_HOLD
[EXPERIMENTAL AUTO] ACTIVE frame=50245 cmd=(+0.079,+0.008,+0.008) yaw=LOCAL_HOLD
[EXPERIMENTAL AUTO] ACTIVE frame=50248 cmd=(+0.069,+0.003,+0.007) yaw=LOCAL_HOLD
[EXPERIMENTAL AUTO] ACTIVE frame=50251 cmd=(+0.048,-0.006,+0.006) yaw=LOCAL_HOLD
[EXPERIMENTAL AUTO] ACTIVE frame=50254 cmd=(+0.034,-0.008,+0.005) yaw=LOCAL_HOLD
[EXPERIMENTAL AUTO] ACTIVE frame=50257 cmd=(+0.012,-0.005,+0.002) yaw=LOCAL_HOLD
[EXPERIMENTAL AUTO] ACTIVE frame=50260 cmd=(+0.004,-0.004,+0.004) yaw=LOCAL_HOLD
[EXPERIMENTAL AUTO] ACTIVE frame=50263 cmd=(-0.016,-0.017,+0.003) yaw=LOCAL_HOLD
[EXPERIMENTAL AUTO] ACTIVE frame=50266 cmd=(-0.028,-0.041,+0.003) yaw=LOCAL_HOLD
[EXPERIMENTAL AUTO] ACTIVE frame=50269 cmd=(-0.044,-0.014,+0.003) yaw=LOCAL_HOLD
[EXPERIMENTAL AUTO] ACTIVE frame=50272 cmd=(-0.048,-0.024,+0.004) yaw=LOCAL_HOLD
[EXPERIMENTAL AUTO] ACTIVE frame=50275 cmd=(-0.057,+0.009,+0.003) yaw=LOCAL_HOLD
[EXPERIMENTAL AUTO] ACTIVE frame=50278 cmd=(-0.062,-0.011,+0.003) yaw=LOCAL_HOLD
[EXPERIMENTAL AUTO] ACTIVE frame=50281 cmd=(-0.071,-0.013,+0.007) yaw=LOCAL_HOLD
[EXPERIMENTAL AUTO] ACTIVE frame=50284 cmd=(-0.072,-0.012,+0.008) yaw=LOCAL_HOLD
[EXPERIMENTAL AUTO] ACTIVE frame=50287 cmd=(-0.077,-0.010,+0.012) yaw=LOCAL_HOLD
[EXPERIMENTAL AUTO] ACTIVE frame=50290 cmd=(-0.076,-0.011,+0.015) yaw=LOCAL_HOLD
[EXPERIMENTAL AUTO] ACTIVE frame=50293 cmd=(-0.073,-0.012,+0.019) yaw=LOCAL_HOLD
[EXPERIMENTAL AUTO] ACTIVE frame=50296 cmd=(-0.070,-0.014,+0.021) yaw=LOCAL_HOLD
[EXPERIMENTAL AUTO] ACTIVE frame=50299 cmd=(-0.064,-0.012,+0.025) yaw=LOCAL_HOLD
[EXPERIMENTAL AUTO] ACTIVE frame=50302 cmd=(-0.058,-0.016,+0.027) yaw=LOCAL_HOLD
[EXPERIMENTAL AUTO] ACTIVE frame=50305 cmd=(-0.050,-0.018,+0.028) yaw=LOCAL_HOLD
[EXPERIMENTAL AUTO] ACTIVE frame=50308 cmd=(-0.047,-0.021,+0.029) yaw=LOCAL_HOLD
[EXPERIMENTAL AUTO] ACTIVE frame=50311 cmd=(-0.039,-0.025,+0.030) yaw=LOCAL_HOLD
[EXPERIMENTAL AUTO] ACTIVE frame=50314 cmd=(-0.034,-0.028,+0.031) yaw=LOCAL_HOLD
[EXPERIMENTAL AUTO] ACTIVE frame=50317 cmd=(-0.026,-0.021,+0.031) yaw=LOCAL_HOLD
[EXPERIMENTAL AUTO] ACTIVE frame=50320 cmd=(-0.027,-0.025,+0.029) yaw=LOCAL_HOLD
[EXPERIMENTAL AUTO] ACTIVE frame=50323 cmd=(-0.028,-0.038,+0.026) yaw=LOCAL_HOLD
[EXPERIMENTAL AUTO] ACTIVE frame=50326 cmd=(-0.033,-0.052,+0.024) yaw=LOCAL_HOLD
[EXPERIMENTAL AUTO] ACTIVE frame=50332 cmd=(-0.036,-0.043,+0.020) yaw=LOCAL_HOLD
[EXPERIMENTAL AUTO] ACTIVE frame=50335 cmd=(-0.035,-0.019,+0.015) yaw=LOCAL_HOLD
[EXPERIMENTAL AUTO] ACTIVE frame=50338 cmd=(-0.035,-0.010,+0.014) yaw=LOCAL_HOLD
[EXPERIMENTAL AUTO] ACTIVE frame=50341 cmd=(-0.027,+0.010,+0.009) yaw=LOCAL_HOLD
[EXPERIMENTAL AUTO] ACTIVE frame=50344 cmd=(-0.021,+0.010,+0.007) yaw=LOCAL_HOLD
[EXPERIMENTAL AUTO] ACTIVE frame=50347 cmd=(-0.009,+0.014,+0.003) yaw=LOCAL_HOLD
[EXPERIMENTAL AUTO] ACTIVE frame=50350 cmd=(-0.003,+0.012,+0.001) yaw=LOCAL_HOLD
[EXPERIMENTAL AUTO] ACTIVE frame=50353 cmd=(+0.016,+0.014,-0.001) yaw=LOCAL_HOLD
[EXPERIMENTAL AUTO] ACTIVE frame=50356 cmd=(+0.024,+0.009,-0.002) yaw=LOCAL_HOLD
[EXPERIMENTAL AUTO] ACTIVE frame=50359 cmd=(+0.045,+0.018,-0.003) yaw=LOCAL_HOLD
[EXPERIMENTAL AUTO] ACTIVE frame=50362 cmd=(+0.055,+0.007,-0.003) yaw=LOCAL_HOLD
[EXPERIMENTAL AUTO] ACTIVE frame=50365 cmd=(+0.064,+0.007,-0.002) yaw=LOCAL_HOLD
[EXPERIMENTAL AUTO] ACTIVE frame=50368 cmd=(+0.064,+0.003,-0.001) yaw=LOCAL_HOLD
[EXPERIMENTAL AUTO] ACTIVE frame=50371 cmd=(+0.067,-0.005,+0.000) yaw=LOCAL_HOLD
[EXPERIMENTAL AUTO] ACTIVE frame=50374 cmd=(+0.064,-0.010,+0.005) yaw=LOCAL_HOLD
[EXPERIMENTAL AUTO] ACTIVE frame=50377 cmd=(+0.054,-0.015,+0.011) yaw=LOCAL_HOLD
[EXPERIMENTAL AUTO] ACTIVE frame=50380 cmd=(+0.050,-0.018,+0.013) yaw=LOCAL_HOLD
[EXPERIMENTAL AUTO] ACTIVE frame=50383 cmd=(+0.038,-0.020,+0.020) yaw=LOCAL_HOLD
[EXPERIMENTAL AUTO] ACTIVE frame=50386 cmd=(+0.031,-0.021,+0.027) yaw=LOCAL_HOLD
[EXPERIMENTAL AUTO] ACTIVE frame=50389 cmd=(+0.012,-0.028,+0.032) yaw=LOCAL_HOLD
[EXPERIMENTAL AUTO] ACTIVE frame=50392 cmd=(+0.004,-0.032,+0.032) yaw=LOCAL_HOLD
[EXPERIMENTAL AUTO] ACTIVE frame=50395 cmd=(-0.013,-0.035,+0.033) yaw=LOCAL_HOLD
[EXPERIMENTAL AUTO] ACTIVE frame=50398 cmd=(-0.020,-0.017,+0.033) yaw=LOCAL_HOLD
[EXPERIMENTAL AUTO] ACTIVE frame=50401 cmd=(-0.030,-0.012,+0.034) yaw=LOCAL_HOLD
[EXPERIMENTAL AUTO] ACTIVE frame=50404 cmd=(-0.032,-0.003,+0.031) yaw=LOCAL_HOLD
[EXPERIMENTAL AUTO] ACTIVE frame=50407 cmd=(-0.039,+0.029,+0.030) yaw=LOCAL_HOLD
[EXPERIMENTAL AUTO] ACTIVE frame=50410 cmd=(-0.040,+0.055,+0.029) yaw=LOCAL_HOLD
[EXPERIMENTAL AUTO] ACTIVE frame=50413 cmd=(-0.037,+0.021,+0.027) yaw=LOCAL_HOLD
[EXPERIMENTAL AUTO] ACTIVE frame=50416 cmd=(-0.032,+0.021,+0.028) yaw=LOCAL_HOLD
[EXPERIMENTAL AUTO] ACTIVE frame=50419 cmd=(-0.022,+0.038,+0.026) yaw=LOCAL_HOLD
[EXPERIMENTAL AUTO] ACTIVE frame=50422 cmd=(-0.014,+0.012,+0.024) yaw=LOCAL_HOLD
[EXPERIMENTAL AUTO] ACTIVE frame=50425 cmd=(+0.016,+0.020,+0.023) yaw=LOCAL_HOLD
[EXPERIMENTAL AUTO] ACTIVE frame=50428 cmd=(+0.029,+0.007,+0.021) yaw=LOCAL_HOLD
[EXPERIMENTAL AUTO] ACTIVE frame=50431 cmd=(+0.061,-0.019,+0.019) yaw=LOCAL_HOLD
[EXPERIMENTAL AUTO] ACTIVE frame=50434 cmd=(+0.083,+0.007,+0.015) yaw=LOCAL_HOLD
[EXPERIMENTAL AUTO] ACTIVE frame=50437 cmd=(+0.123,+0.010,+0.011) yaw=LOCAL_HOLD
[EXPERIMENTAL AUTO] ACTIVE frame=50440 cmd=(+0.126,+0.004,+0.008) yaw=LOCAL_HOLD
[EXPERIMENTAL AUTO] ACTIVE frame=50443 cmd=(+0.161,-0.004,+0.003) yaw=LOCAL_HOLD
[EXPERIMENTAL AUTO] ACTIVE frame=50446 cmd=(+0.179,-0.011,-0.002) yaw=LOCAL_HOLD
[EXPERIMENTAL AUTO] ACTIVE frame=50452 cmd=(+0.190,-0.026,-0.007) yaw=LOCAL_HOLD
[EXPERIMENTAL AUTO] ACTIVE frame=50455 cmd=(+0.193,-0.037,-0.010) yaw=LOCAL_HOLD
[EXPERIMENTAL AUTO] ACTIVE frame=50458 cmd=(+0.192,-0.046,-0.012) yaw=LOCAL_HOLD
[EXPERIMENTAL AUTO] ACTIVE frame=50461 cmd=(+0.162,-0.049,-0.013) yaw=LOCAL_HOLD
[EXPERIMENTAL AUTO] ACTIVE frame=50464 cmd=(+0.149,-0.049,-0.013) yaw=LOCAL_HOLD
[EXPERIMENTAL AUTO] ACTIVE frame=50467 cmd=(+0.107,-0.052,-0.011) yaw=LOCAL_HOLD
[EXPERIMENTAL AUTO] ACTIVE frame=50470 cmd=(+0.073,-0.055,-0.007) yaw=LOCAL_HOLD
[EXPERIMENTAL AUTO] ACTIVE frame=50473 cmd=(+0.028,-0.054,-0.000) yaw=LOCAL_HOLD
[EXPERIMENTAL AUTO] ACTIVE frame=50476 cmd=(+0.031,-0.045,+0.004) yaw=LOCAL_HOLD
[EXPERIMENTAL AUTO] ACTIVE frame=50479 cmd=(-0.010,-0.040,+0.017) yaw=LOCAL_HOLD
[EXPERIMENTAL AUTO] ACTIVE frame=50482 cmd=(-0.049,-0.025,+0.025) yaw=LOCAL_HOLD
[EXPERIMENTAL AUTO] ACTIVE frame=50485 cmd=(-0.089,-0.003,+0.031) yaw=LOCAL_HOLD
[EXPERIMENTAL AUTO] ACTIVE frame=50488 cmd=(-0.089,+0.005,+0.032) yaw=LOCAL_HOLD
[EXPERIMENTAL AUTO] ACTIVE frame=50491 cmd=(-0.116,+0.013,+0.036) yaw=LOCAL_HOLD
[EXPERIMENTAL AUTO] ACTIVE frame=50494 cmd=(-0.123,+0.016,+0.037) yaw=LOCAL_HOLD
[EXPERIMENTAL AUTO] ACTIVE frame=50497 cmd=(-0.124,+0.017,+0.034) yaw=LOCAL_HOLD
[EXPERIMENTAL AUTO] ACTIVE frame=50500 cmd=(-0.118,+0.011,+0.032) yaw=LOCAL_HOLD
[EXPERIMENTAL AUTO] ACTIVE frame=50503 cmd=(-0.109,+0.000,+0.028) yaw=LOCAL_HOLD
[EXPERIMENTAL AUTO] ACTIVE frame=50506 cmd=(-0.099,-0.013,+0.024) yaw=LOCAL_HOLD
[EXPERIMENTAL AUTO] ACTIVE frame=50509 cmd=(-0.070,-0.034,+0.022) yaw=LOCAL_HOLD
[EXPERIMENTAL AUTO] ACTIVE frame=50512 cmd=(-0.059,-0.037,+0.022) yaw=LOCAL_HOLD
[EXPERIMENTAL AUTO] ACTIVE frame=50515 cmd=(-0.027,-0.049,+0.020) yaw=LOCAL_HOLD
[EXPERIMENTAL AUTO] ACTIVE frame=50518 cmd=(-0.004,-0.056,+0.015) yaw=LOCAL_HOLD
[EXPERIMENTAL AUTO] ACTIVE frame=50521 cmd=(+0.038,-0.068,+0.011) yaw=LOCAL_HOLD
[EXPERIMENTAL AUTO] ACTIVE frame=50524 cmd=(+0.038,-0.065,+0.008) yaw=LOCAL_HOLD
[EXPERIMENTAL AUTO] ACTIVE frame=50527 cmd=(+0.081,-0.065,+0.003) yaw=LOCAL_HOLD
[EXPERIMENTAL AUTO] ACTIVE frame=50530 cmd=(+0.104,-0.057,-0.002) yaw=LOCAL_HOLD
[EXPERIMENTAL AUTO] ACTIVE frame=50533 cmd=(+0.132,-0.048,-0.007) yaw=LOCAL_HOLD
[EXPERIMENTAL AUTO] ACTIVE frame=50536 cmd=(+0.136,-0.043,-0.011) yaw=LOCAL_HOLD
[EXPERIMENTAL AUTO] ACTIVE frame=50539 cmd=(+0.152,-0.035,-0.015) yaw=LOCAL_HOLD
[EXPERIMENTAL AUTO] ACTIVE frame=50542 cmd=(+0.153,-0.026,-0.021) yaw=LOCAL_HOLD
[EXPERIMENTAL AUTO] ACTIVE frame=50545 cmd=(+0.157,-0.022,-0.023) yaw=LOCAL_HOLD
[EXPERIMENTAL AUTO] ACTIVE frame=50548 cmd=(+0.154,-0.029,-0.021) yaw=LOCAL_HOLD
[EXPERIMENTAL AUTO] ACTIVE frame=50551 cmd=(+0.157,-0.035,-0.020) yaw=LOCAL_HOLD
[EXPERIMENTAL AUTO] ACTIVE frame=50554 cmd=(+0.158,-0.047,-0.014) yaw=LOCAL_HOLD
[EXPERIMENTAL AUTO] ACTIVE frame=50557 cmd=(+0.174,-0.059,-0.008) yaw=LOCAL_HOLD
[EXPERIMENTAL AUTO] ACTIVE frame=50560 cmd=(+0.182,-0.066,-0.004) yaw=LOCAL_HOLD
[EXPERIMENTAL AUTO] ACTIVE frame=50563 cmd=(+0.199,-0.078,+0.006) yaw=LOCAL_HOLD
[EXPERIMENTAL AUTO] ACTIVE frame=50566 cmd=(+0.200,-0.085,+0.016) yaw=LOCAL_HOLD
[EXPERIMENTAL AUTO] ACTIVE frame=50569 cmd=(+0.195,-0.083,+0.022) yaw=LOCAL_HOLD
[EXPERIMENTAL AUTO] ACTIVE frame=50572 cmd=(+0.185,-0.079,+0.024) yaw=LOCAL_HOLD
[EXPERIMENTAL AUTO] ACTIVE frame=50575 cmd=(+0.163,-0.075,+0.025) yaw=LOCAL_HOLD
[EXPERIMENTAL AUTO] ACTIVE frame=50578 cmd=(+0.131,-0.071,+0.025) yaw=LOCAL_HOLD
[EXPERIMENTAL AUTO] ACTIVE frame=50581 cmd=(+0.089,-0.053,+0.018) yaw=LOCAL_HOLD
[EXPERIMENTAL AUTO] ACTIVE frame=50584 cmd=(+0.089,-0.040,+0.012) yaw=LOCAL_HOLD
[EXPERIMENTAL AUTO] ACTIVE frame=50587 cmd=(+0.046,-0.027,-0.000) yaw=LOCAL_HOLD
[EXPERIMENTAL AUTO] ACTIVE frame=50590 cmd=(+0.004,-0.019,-0.010) yaw=LOCAL_HOLD
[EXPERIMENTAL AUTO] ACTIVE frame=50593 cmd=(-0.036,+0.014,-0.016) yaw=LOCAL_HOLD
[EXPERIMENTAL AUTO] ACTIVE frame=50596 cmd=(-0.034,+0.003,-0.017) yaw=LOCAL_HOLD
[EXPERIMENTAL AUTO] ACTIVE frame=50599 cmd=(-0.073,+0.024,-0.022) yaw=LOCAL_HOLD
[EXPERIMENTAL AUTO] ACTIVE frame=50602 cmd=(-0.089,+0.013,-0.025) yaw=LOCAL_HOLD
[EXPERIMENTAL AUTO] ACTIVE frame=50605 cmd=(-0.093,+0.019,-0.026) yaw=LOCAL_HOLD
[EXPERIMENTAL AUTO] ACTIVE frame=50608 cmd=(-0.080,+0.017,-0.025) yaw=LOCAL_HOLD
[EXPERIMENTAL AUTO] ACTIVE frame=50611 cmd=(-0.064,+0.019,-0.022) yaw=LOCAL_HOLD
[EXPERIMENTAL AUTO] ACTIVE frame=50614 cmd=(-0.048,+0.018,-0.014) yaw=LOCAL_HOLD
[EXPERIMENTAL AUTO] ACTIVE frame=50617 cmd=(-0.017,+0.012,-0.002) yaw=LOCAL_HOLD
[EXPERIMENTAL AUTO] ACTIVE frame=50620 cmd=(-0.008,+0.008,+0.004) yaw=LOCAL_HOLD
[EXPERIMENTAL AUTO] ACTIVE frame=50623 cmd=(+0.027,+0.002,+0.019) yaw=LOCAL_HOLD
[EXPERIMENTAL AUTO] ACTIVE frame=50626 cmd=(+0.048,-0.004,+0.030) yaw=LOCAL_HOLD
[EXPERIMENTAL AUTO] ACTIVE frame=50629 cmd=(+0.083,-0.014,+0.040) yaw=LOCAL_HOLD
[EXPERIMENTAL AUTO] ACTIVE frame=50632 cmd=(+0.091,+0.001,+0.043) yaw=LOCAL_HOLD
[EXPERIMENTAL AUTO] ACTIVE frame=50635 cmd=(+0.123,-0.007,+0.052) yaw=LOCAL_HOLD
[EXPERIMENTAL AUTO] ACTIVE frame=50638 cmd=(+0.139,-0.011,+0.056) yaw=LOCAL_HOLD
[EXPERIMENTAL AUTO] ACTIVE frame=50641 cmd=(+0.164,-0.017,+0.057) yaw=LOCAL_HOLD
[EXPERIMENTAL AUTO] ACTIVE frame=50644 cmd=(+0.171,-0.020,+0.055) yaw=LOCAL_HOLD
[EXPERIMENTAL AUTO] ACTIVE frame=50647 cmd=(+0.189,-0.025,+0.051) yaw=LOCAL_HOLD
[EXPERIMENTAL AUTO] ACTIVE frame=50650 cmd=(+0.197,-0.029,+0.046) yaw=LOCAL_HOLD
[EXPERIMENTAL AUTO] ACTIVE frame=50653 cmd=(+0.185,-0.028,+0.039) yaw=LOCAL_HOLD
[EXPERIMENTAL AUTO] ACTIVE frame=50656 cmd=(+0.163,-0.026,+0.035) yaw=LOCAL_HOLD
[EXPERIMENTAL AUTO] ACTIVE frame=50659 cmd=(+0.128,-0.019,+0.024) yaw=LOCAL_HOLD
[EXPERIMENTAL AUTO] ACTIVE frame=50662 cmd=(+0.097,-0.011,+0.016) yaw=LOCAL_HOLD
[EXPERIMENTAL AUTO] ACTIVE frame=50665 cmd=(+0.055,+0.001,+0.008) yaw=LOCAL_HOLD
[EXPERIMENTAL AUTO] ACTIVE frame=50668 cmd=(+0.055,+0.004,+0.003) yaw=LOCAL_HOLD
[EXPERIMENTAL AUTO] ACTIVE frame=50671 cmd=(+0.013,+0.009,-0.008) yaw=LOCAL_HOLD
[EXPERIMENTAL AUTO] ACTIVE frame=50674 cmd=(-0.016,+0.010,-0.015) yaw=LOCAL_HOLD
[EXPERIMENTAL AUTO] ACTIVE frame=50677 cmd=(-0.043,+0.007,-0.018) yaw=LOCAL_HOLD
[EXPERIMENTAL AUTO] ACTIVE frame=50680 cmd=(-0.048,-0.001,-0.017) yaw=LOCAL_HOLD
[EXPERIMENTAL AUTO] ACTIVE frame=50683 cmd=(-0.065,+0.028,-0.018) yaw=LOCAL_HOLD
[EXPERIMENTAL AUTO] ACTIVE frame=50686 cmd=(-0.068,+0.019,-0.018) yaw=LOCAL_HOLD
[EXPERIMENTAL AUTO] ACTIVE frame=50689 cmd=(-0.073,+0.003,-0.013) yaw=LOCAL_HOLD
[EXPERIMENTAL AUTO] ACTIVE frame=50692 cmd=(-0.071,+0.001,-0.008) yaw=LOCAL_HOLD
[EXPERIMENTAL AUTO] ACTIVE frame=50695 cmd=(-0.068,-0.005,-0.001) yaw=LOCAL_HOLD
[EXPERIMENTAL AUTO] ACTIVE frame=50698 cmd=(-0.059,-0.014,+0.010) yaw=LOCAL_HOLD
[EXPERIMENTAL AUTO] ACTIVE frame=50701 cmd=(-0.045,-0.021,+0.018) yaw=LOCAL_HOLD
[EXPERIMENTAL AUTO] ACTIVE frame=50704 cmd=(-0.039,-0.020,+0.023) yaw=LOCAL_HOLD
[EXPERIMENTAL AUTO] ACTIVE frame=50707 cmd=(-0.023,-0.025,+0.034) yaw=LOCAL_HOLD
[EXPERIMENTAL AUTO] ACTIVE frame=50710 cmd=(-0.020,-0.015,+0.036) yaw=LOCAL_HOLD
[EXPERIMENTAL AUTO] ACTIVE frame=50713 cmd=(-0.004,+0.011,+0.044) yaw=LOCAL_HOLD
[EXPERIMENTAL AUTO] ACTIVE frame=50716 cmd=(-0.002,-0.021,+0.044) yaw=LOCAL_HOLD
[EXPERIMENTAL AUTO] ACTIVE frame=50719 cmd=(+0.005,-0.041,+0.047) yaw=LOCAL_HOLD
[EXPERIMENTAL AUTO] ACTIVE frame=50722 cmd=(+0.010,-0.019,+0.046) yaw=LOCAL_HOLD
[EXPERIMENTAL AUTO] ACTIVE frame=50725 cmd=(+0.020,+0.004,+0.041) yaw=LOCAL_HOLD
[EXPERIMENTAL AUTO] ACTIVE frame=50728 cmd=(+0.022,-0.003,+0.036) yaw=LOCAL_HOLD
[EXPERIMENTAL AUTO] ACTIVE frame=50731 cmd=(+0.023,-0.022,+0.026) yaw=LOCAL_HOLD
[EXPERIMENTAL AUTO] ACTIVE frame=50734 cmd=(+0.026,+0.013,+0.022) yaw=LOCAL_HOLD
[EXPERIMENTAL AUTO] ACTIVE frame=50737 cmd=(+0.018,-0.005,+0.009) yaw=LOCAL_HOLD
[EXPERIMENTAL AUTO] ACTIVE frame=50740 cmd=(+0.010,-0.021,+0.003) yaw=LOCAL_HOLD
[EXPERIMENTAL AUTO] ACTIVE frame=50743 cmd=(+0.002,+0.014,-0.008) yaw=LOCAL_HOLD
[EXPERIMENTAL AUTO] ACTIVE frame=50746 cmd=(-0.004,+0.028,-0.018) yaw=LOCAL_HOLD
[EXPERIMENTAL AUTO] ACTIVE frame=50749 cmd=(-0.021,+0.031,-0.024) yaw=LOCAL_HOLD
[EXPERIMENTAL AUTO] ACTIVE frame=50752 cmd=(-0.028,+0.026,-0.025) yaw=LOCAL_HOLD
[EXPERIMENTAL AUTO] ACTIVE frame=50755 cmd=(-0.044,+0.009,-0.030) yaw=LOCAL_HOLD
[EXPERIMENTAL AUTO] ACTIVE frame=50758 cmd=(-0.044,+0.007,-0.029) yaw=LOCAL_HOLD
[EXPERIMENTAL AUTO] ACTIVE frame=50761 cmd=(-0.056,+0.024,-0.028) yaw=LOCAL_HOLD
[EXPERIMENTAL AUTO] ACTIVE frame=50764 cmd=(-0.056,+0.017,-0.022) yaw=LOCAL_HOLD
[EXPERIMENTAL AUTO] ACTIVE frame=50767 cmd=(-0.062,+0.006,-0.015) yaw=LOCAL_HOLD
[EXPERIMENTAL AUTO] ACTIVE frame=50770 cmd=(-0.062,+0.001,-0.005) yaw=LOCAL_HOLD
[EXPERIMENTAL AUTO] ACTIVE frame=50773 cmd=(-0.058,-0.008,+0.004) yaw=LOCAL_HOLD
[EXPERIMENTAL AUTO] ACTIVE frame=50776 cmd=(-0.054,-0.007,+0.007) yaw=LOCAL_HOLD
[EXPERIMENTAL AUTO] ACTIVE frame=50779 cmd=(-0.046,-0.008,+0.011) yaw=LOCAL_HOLD
[EXPERIMENTAL AUTO] ACTIVE frame=50782 cmd=(-0.039,-0.006,+0.015) yaw=LOCAL_HOLD
[EXPERIMENTAL AUTO] ACTIVE frame=50785 cmd=(-0.028,-0.005,+0.018) yaw=LOCAL_HOLD
[EXPERIMENTAL AUTO] ACTIVE frame=50788 cmd=(-0.024,-0.008,+0.015) yaw=LOCAL_HOLD
[EXPERIMENTAL AUTO] ACTIVE frame=50791 cmd=(-0.013,-0.012,+0.011) yaw=LOCAL_HOLD
[EXPERIMENTAL AUTO] ACTIVE frame=50794 cmd=(-0.015,-0.043,+0.005) yaw=LOCAL_HOLD
[EXPERIMENTAL AUTO] ACTIVE frame=50800 cmd=(-0.007,-0.016,-0.000) yaw=LOCAL_HOLD
[EXPERIMENTAL AUTO] ACTIVE frame=50803 cmd=(-0.004,-0.040,-0.006) yaw=LOCAL_HOLD
[EXPERIMENTAL AUTO] ACTIVE frame=50806 cmd=(-0.001,-0.022,-0.010) yaw=LOCAL_HOLD
[EXPERIMENTAL AUTO] ACTIVE frame=50812 cmd=(-0.001,-0.008,-0.015) yaw=LOCAL_HOLD
[EXPERIMENTAL AUTO] ACTIVE frame=50815 cmd=(-0.003,+0.000,-0.020) yaw=LOCAL_HOLD
[EXPERIMENTAL AUTO] ACTIVE frame=50818 cmd=(-0.005,+0.013,-0.022) yaw=LOCAL_HOLD
[EXPERIMENTAL AUTO] ACTIVE frame=50821 cmd=(-0.011,+0.017,-0.024) yaw=LOCAL_HOLD
[EXPERIMENTAL AUTO] ACTIVE frame=50824 cmd=(-0.014,+0.010,-0.022) yaw=LOCAL_HOLD
[EXPERIMENTAL AUTO] ACTIVE frame=50827 cmd=(-0.017,+0.001,-0.021) yaw=LOCAL_HOLD
[EXPERIMENTAL AUTO] ACTIVE frame=50830 cmd=(-0.021,-0.002,-0.016) yaw=LOCAL_HOLD
[EXPERIMENTAL AUTO] ACTIVE frame=50833 cmd=(-0.021,-0.001,-0.011) yaw=LOCAL_HOLD
[EXPERIMENTAL AUTO] ACTIVE frame=50836 cmd=(-0.019,-0.000,-0.005) yaw=LOCAL_HOLD
[EXPERIMENTAL AUTO] ACTIVE frame=50839 cmd=(-0.016,-0.001,+0.005) yaw=LOCAL_HOLD
[EXPERIMENTAL AUTO] ACTIVE frame=50842 cmd=(-0.012,+0.001,+0.016) yaw=LOCAL_HOLD
[EXPERIMENTAL AUTO] ACTIVE frame=50845 cmd=(-0.001,-0.000,+0.024) yaw=LOCAL_HOLD
[EXPERIMENTAL AUTO] ACTIVE frame=50848 cmd=(+0.005,-0.000,+0.026) yaw=LOCAL_HOLD
[EXPERIMENTAL AUTO] ACTIVE frame=50851 cmd=(+0.014,-0.009,+0.031) yaw=LOCAL_HOLD
[EXPERIMENTAL AUTO] ACTIVE frame=50854 cmd=(+0.020,-0.018,+0.034) yaw=LOCAL_HOLD
[EXPERIMENTAL AUTO] ACTIVE frame=50857 cmd=(+0.023,-0.014,+0.035) yaw=LOCAL_HOLD
[EXPERIMENTAL AUTO] ACTIVE frame=50860 cmd=(+0.021,-0.012,+0.034) yaw=LOCAL_HOLD
[EXPERIMENTAL AUTO] ACTIVE frame=50863 cmd=(+0.019,+0.001,+0.031) yaw=LOCAL_HOLD
[EXPERIMENTAL AUTO] ACTIVE frame=50866 cmd=(+0.017,+0.007,+0.027) yaw=LOCAL_HOLD
[EXPERIMENTAL AUTO] ACTIVE frame=50869 cmd=(+0.002,+0.008,+0.023) yaw=LOCAL_HOLD
[EXPERIMENTAL AUTO] ACTIVE frame=50872 cmd=(-0.004,+0.008,+0.022) yaw=LOCAL_HOLD
[EXPERIMENTAL AUTO] ACTIVE frame=50875 cmd=(-0.017,+0.008,+0.016) yaw=LOCAL_HOLD
[EXPERIMENTAL AUTO] ACTIVE frame=50878 cmd=(-0.023,+0.021,+0.014) yaw=LOCAL_HOLD
[EXPERIMENTAL AUTO] ACTIVE frame=50881 cmd=(-0.045,+0.013,+0.009) yaw=LOCAL_HOLD
[EXPERIMENTAL AUTO] ACTIVE frame=50884 cmd=(-0.054,+0.014,+0.009) yaw=LOCAL_HOLD
[EXPERIMENTAL AUTO] ACTIVE frame=50887 cmd=(-0.076,+0.044,+0.004) yaw=LOCAL_HOLD
[EXPERIMENTAL AUTO] ACTIVE frame=50890 cmd=(-0.089,+0.048,-0.001) yaw=LOCAL_HOLD
[EXPERIMENTAL AUTO] ACTIVE frame=50893 cmd=(-0.114,+0.018,-0.005) yaw=LOCAL_HOLD
[EXPERIMENTAL AUTO] ACTIVE frame=50896 cmd=(-0.121,+0.023,-0.003) yaw=LOCAL_HOLD
[EXPERIMENTAL AUTO] ACTIVE frame=50899 cmd=(-0.143,+0.014,-0.004) yaw=LOCAL_HOLD
[EXPERIMENTAL AUTO] ACTIVE frame=50902 cmd=(-0.153,+0.009,-0.002) yaw=LOCAL_HOLD
[EXPERIMENTAL AUTO] ACTIVE frame=50905 cmd=(-0.165,+0.012,+0.001) yaw=LOCAL_HOLD
[EXPERIMENTAL AUTO] ACTIVE frame=50908 cmd=(-0.167,+0.015,+0.005) yaw=LOCAL_HOLD
[EXPERIMENTAL AUTO] ACTIVE frame=50911 cmd=(-0.175,+0.019,+0.009) yaw=LOCAL_HOLD
[EXPERIMENTAL AUTO] ACTIVE frame=50914 cmd=(-0.178,+0.010,+0.015) yaw=LOCAL_HOLD
[EXPERIMENTAL AUTO] ACTIVE frame=50917 cmd=(-0.169,-0.002,+0.019) yaw=LOCAL_HOLD
[EXPERIMENTAL AUTO] ACTIVE frame=50920 cmd=(-0.147,-0.000,+0.024) yaw=LOCAL_HOLD
[EXPERIMENTAL AUTO] ACTIVE frame=50923 cmd=(-0.134,-0.002,+0.025) yaw=LOCAL_HOLD
[EXPERIMENTAL AUTO] ACTIVE frame=50926 cmd=(-0.105,+0.003,+0.027) yaw=LOCAL_HOLD
[EXPERIMENTAL AUTO] ACTIVE frame=50932 cmd=(-0.065,+0.005,+0.028) yaw=LOCAL_HOLD
[EXPERIMENTAL AUTO] ACTIVE frame=50935 cmd=(-0.028,+0.002,+0.027) yaw=LOCAL_HOLD
[EXPERIMENTAL AUTO] ACTIVE frame=50938 cmd=(-0.002,+0.003,+0.023) yaw=LOCAL_HOLD
[EXPERIMENTAL AUTO] ACTIVE frame=50941 cmd=(+0.037,+0.006,+0.019) yaw=LOCAL_HOLD
[EXPERIMENTAL AUTO] ACTIVE frame=50944 cmd=(+0.042,+0.009,+0.016) yaw=LOCAL_HOLD
[EXPERIMENTAL AUTO] ACTIVE frame=50947 cmd=(+0.073,+0.004,+0.011) yaw=LOCAL_HOLD
[EXPERIMENTAL AUTO] ACTIVE frame=50950 cmd=(+0.087,+0.036,+0.005) yaw=LOCAL_HOLD
[EXPERIMENTAL AUTO] ACTIVE frame=50953 cmd=(+0.094,+0.035,+0.002) yaw=LOCAL_HOLD
[EXPERIMENTAL AUTO] ACTIVE frame=50956 cmd=(+0.089,+0.035,+0.000) yaw=LOCAL_HOLD
[EXPERIMENTAL AUTO] ACTIVE frame=50959 cmd=(+0.081,+0.037,-0.004) yaw=LOCAL_HOLD
[EXPERIMENTAL AUTO] ACTIVE frame=50962 cmd=(+0.067,+0.028,-0.006) yaw=LOCAL_HOLD
[EXPERIMENTAL AUTO] ACTIVE frame=50965 cmd=(+0.046,+0.018,-0.007) yaw=LOCAL_HOLD
[EXPERIMENTAL AUTO] ACTIVE frame=50968 cmd=(+0.037,+0.005,-0.008) yaw=LOCAL_HOLD
[EXPERIMENTAL AUTO] ACTIVE frame=50971 cmd=(+0.013,-0.010,-0.010) yaw=LOCAL_HOLD
[EXPERIMENTAL AUTO] ACTIVE frame=50974 cmd=(-0.002,-0.022,-0.009) yaw=LOCAL_HOLD
[EXPERIMENTAL AUTO] ACTIVE frame=50977 cmd=(-0.028,-0.022,-0.008) yaw=LOCAL_HOLD
[EXPERIMENTAL AUTO] ACTIVE frame=50980 cmd=(-0.041,-0.048,-0.002) yaw=LOCAL_HOLD
[EXPERIMENTAL AUTO] ACTIVE frame=50983 cmd=(-0.070,-0.068,+0.007) yaw=LOCAL_HOLD
[EXPERIMENTAL AUTO] ACTIVE frame=50986 cmd=(-0.088,-0.083,+0.015) yaw=LOCAL_HOLD
[EXPERIMENTAL AUTO] ACTIVE frame=50989 cmd=(-0.118,-0.069,+0.021) yaw=LOCAL_HOLD
[EXPERIMENTAL AUTO] ACTIVE frame=50992 cmd=(-0.125,-0.059,+0.025) yaw=LOCAL_HOLD
[EXPERIMENTAL AUTO] ACTIVE frame=50995 cmd=(-0.155,-0.042,+0.033) yaw=LOCAL_HOLD
[EXPERIMENTAL AUTO] ACTIVE frame=50998 cmd=(-0.167,-0.009,+0.041) yaw=LOCAL_HOLD
[EXPERIMENTAL AUTO] ACTIVE frame=51001 cmd=(-0.190,-0.005,+0.048) yaw=LOCAL_HOLD
[EXPERIMENTAL AUTO] ACTIVE frame=51004 cmd=(-0.194,+0.002,+0.050) yaw=LOCAL_HOLD
[EXPERIMENTAL AUTO] ACTIVE frame=51007 cmd=(-0.200,+0.015,+0.053) yaw=LOCAL_HOLD
[EXPERIMENTAL AUTO] ACTIVE frame=51010 cmd=(-0.200,+0.026,+0.054) yaw=LOCAL_HOLD
[EXPERIMENTAL AUTO] ACTIVE frame=51013 cmd=(-0.200,+0.043,+0.052) yaw=LOCAL_HOLD
[EXPERIMENTAL AUTO] ACTIVE frame=51016 cmd=(-0.200,+0.055,+0.050) yaw=LOCAL_HOLD
[EXPERIMENTAL AUTO] ACTIVE frame=51019 cmd=(-0.190,+0.074,+0.046) yaw=LOCAL_HOLD
[EXPERIMENTAL AUTO] ACTIVE frame=51022 cmd=(-0.172,+0.083,+0.044) yaw=LOCAL_HOLD
[EXPERIMENTAL AUTO] ACTIVE frame=51025 cmd=(-0.139,+0.081,+0.042) yaw=LOCAL_HOLD
[EXPERIMENTAL AUTO] ACTIVE frame=51028 cmd=(-0.133,+0.078,+0.040) yaw=LOCAL_HOLD
[EXPERIMENTAL AUTO] ACTIVE frame=51031 cmd=(-0.095,+0.070,+0.037) yaw=LOCAL_HOLD
[EXPERIMENTAL AUTO] ACTIVE frame=51034 cmd=(-0.073,+0.057,+0.034) yaw=LOCAL_HOLD
[EXPERIMENTAL AUTO] ACTIVE frame=51040 cmd=(-0.033,+0.038,+0.034) yaw=LOCAL_HOLD
[EXPERIMENTAL AUTO] ACTIVE frame=51043 cmd=(+0.004,+0.018,+0.032) yaw=LOCAL_HOLD
[EXPERIMENTAL AUTO] ACTIVE frame=51046 cmd=(+0.049,-0.007,+0.029) yaw=LOCAL_HOLD
[EXPERIMENTAL AUTO] ACTIVE frame=51052 cmd=(+0.087,-0.040,+0.023) yaw=LOCAL_HOLD
[EXPERIMENTAL AUTO] ACTIVE frame=51055 cmd=(+0.109,-0.041,+0.015) yaw=LOCAL_HOLD
[EXPERIMENTAL AUTO] ACTIVE frame=51058 cmd=(+0.115,-0.022,+0.005) yaw=LOCAL_HOLD
[EXPERIMENTAL AUTO] ACTIVE frame=51061 cmd=(+0.109,+0.009,-0.004) yaw=LOCAL_HOLD
[EXPERIMENTAL AUTO] ACTIVE frame=51064 cmd=(+0.096,+0.011,-0.010) yaw=LOCAL_HOLD
[EXPERIMENTAL AUTO] ACTIVE frame=51067 cmd=(+0.074,+0.043,-0.022) yaw=LOCAL_HOLD
[EXPERIMENTAL AUTO] ACTIVE frame=51070 cmd=(+0.052,+0.046,-0.029) yaw=LOCAL_HOLD
[EXPERIMENTAL AUTO] ACTIVE frame=51073 cmd=(+0.007,+0.060,-0.035) yaw=LOCAL_HOLD
[EXPERIMENTAL AUTO] ACTIVE frame=51076 cmd=(+0.010,+0.050,-0.032) yaw=LOCAL_HOLD
[EXPERIMENTAL AUTO] ACTIVE frame=51079 cmd=(-0.031,+0.062,-0.031) yaw=LOCAL_HOLD
[EXPERIMENTAL AUTO] ACTIVE frame=51082 cmd=(-0.070,+0.034,-0.027) yaw=LOCAL_HOLD
[EXPERIMENTAL AUTO] ACTIVE frame=51085 cmd=(-0.110,+0.010,-0.020) yaw=LOCAL_HOLD
[EXPERIMENTAL AUTO] ACTIVE frame=51088 cmd=(-0.110,+0.002,-0.015) yaw=LOCAL_HOLD
[EXPERIMENTAL AUTO] ACTIVE frame=51091 cmd=(-0.149,-0.027,-0.004) yaw=LOCAL_HOLD
[EXPERIMENTAL AUTO] ACTIVE frame=51094 cmd=(-0.189,-0.054,+0.006) yaw=LOCAL_HOLD
[EXPERIMENTAL AUTO] ACTIVE frame=51097 cmd=(-0.200,-0.063,+0.013) yaw=LOCAL_HOLD
[EXPERIMENTAL AUTO] ACTIVE frame=51100 cmd=(-0.200,-0.051,+0.014) yaw=LOCAL_HOLD
[EXPERIMENTAL AUTO] ACTIVE frame=51103 cmd=(-0.200,-0.041,+0.021) yaw=LOCAL_HOLD
[EXPERIMENTAL AUTO] ACTIVE frame=51106 cmd=(-0.200,-0.034,+0.027) yaw=LOCAL_HOLD
[EXPERIMENTAL AUTO] ACTIVE frame=51109 cmd=(-0.200,-0.028,+0.030) yaw=LOCAL_HOLD
[EXPERIMENTAL AUTO] ACTIVE frame=51112 cmd=(-0.200,-0.022,+0.029) yaw=LOCAL_HOLD
[EXPERIMENTAL AUTO] ACTIVE frame=51115 cmd=(-0.200,-0.015,+0.030) yaw=LOCAL_HOLD
[EXPERIMENTAL AUTO] ACTIVE frame=51118 cmd=(-0.191,+0.005,+0.026) yaw=LOCAL_HOLD
[EXPERIMENTAL AUTO] ACTIVE frame=51121 cmd=(-0.161,+0.010,+0.021) yaw=LOCAL_HOLD
[EXPERIMENTAL AUTO] ACTIVE frame=51124 cmd=(-0.151,+0.018,+0.019) yaw=LOCAL_HOLD
[EXPERIMENTAL AUTO] ACTIVE frame=51127 cmd=(-0.112,+0.036,+0.012) yaw=LOCAL_HOLD
[EXPERIMENTAL AUTO] ACTIVE frame=51130 cmd=(-0.087,+0.051,+0.009) yaw=LOCAL_HOLD
[EXPERIMENTAL AUTO] ACTIVE frame=51133 cmd=(-0.057,+0.065,+0.007) yaw=LOCAL_HOLD
[EXPERIMENTAL AUTO] ACTIVE frame=51136 cmd=(-0.050,+0.068,+0.006) yaw=LOCAL_HOLD
[EXPERIMENTAL AUTO] ACTIVE frame=51139 cmd=(-0.025,+0.050,+0.004) yaw=LOCAL_HOLD
[EXPERIMENTAL AUTO] ACTIVE frame=51142 cmd=(-0.016,+0.077,+0.001) yaw=LOCAL_HOLD
[EXPERIMENTAL AUTO] ACTIVE frame=51145 cmd=(+0.003,+0.086,-0.002) yaw=LOCAL_HOLD
[EXPERIMENTAL AUTO] ACTIVE frame=51148 cmd=(+0.009,+0.082,-0.004) yaw=LOCAL_HOLD
[EXPERIMENTAL AUTO] ACTIVE frame=51151 cmd=(+0.024,+0.077,-0.009) yaw=LOCAL_HOLD
[EXPERIMENTAL AUTO] ACTIVE frame=51154 cmd=(+0.028,+0.074,-0.018) yaw=LOCAL_HOLD
[EXPERIMENTAL AUTO] ACTIVE frame=51160 cmd=(+0.031,+0.068,-0.030) yaw=LOCAL_HOLD
[EXPERIMENTAL AUTO] ACTIVE frame=51163 cmd=(+0.025,+0.081,-0.040) yaw=LOCAL_HOLD
[EXPERIMENTAL AUTO] ACTIVE frame=51166 cmd=(+0.012,+0.091,-0.052) yaw=LOCAL_HOLD
[EXPERIMENTAL AUTO] ACTIVE frame=51172 cmd=(-0.015,+0.098,-0.060) yaw=LOCAL_HOLD
[EXPERIMENTAL AUTO] ACTIVE frame=51175 cmd=(-0.042,+0.100,-0.066) yaw=LOCAL_HOLD
[EXPERIMENTAL AUTO] ACTIVE frame=51178 cmd=(-0.065,+0.101,-0.069) yaw=LOCAL_HOLD
[EXPERIMENTAL AUTO] ACTIVE frame=51181 cmd=(-0.096,+0.104,-0.067) yaw=LOCAL_HOLD
[EXPERIMENTAL AUTO] ACTIVE frame=51184 cmd=(-0.105,+0.086,-0.063) yaw=LOCAL_HOLD
[EXPERIMENTAL AUTO] ACTIVE frame=51187 cmd=(-0.133,+0.055,-0.052) yaw=LOCAL_HOLD
[EXPERIMENTAL AUTO] ACTIVE frame=51190 cmd=(-0.152,+0.023,-0.038) yaw=LOCAL_HOLD
[EXPERIMENTAL AUTO] ACTIVE frame=51193 cmd=(-0.172,-0.009,-0.024) yaw=LOCAL_HOLD
[EXPERIMENTAL AUTO] ACTIVE frame=51196 cmd=(-0.177,-0.009,-0.017) yaw=LOCAL_HOLD
[EXPERIMENTAL AUTO] ACTIVE frame=51199 cmd=(-0.193,-0.043,-0.002) yaw=LOCAL_HOLD
[EXPERIMENTAL AUTO] ACTIVE frame=51202 cmd=(-0.200,-0.076,+0.011) yaw=LOCAL_HOLD
[EXPERIMENTAL AUTO] ACTIVE frame=51205 cmd=(-0.200,-0.082,+0.022) yaw=LOCAL_HOLD
[EXPERIMENTAL AUTO] ACTIVE frame=51208 cmd=(-0.200,-0.075,+0.024) yaw=LOCAL_HOLD
[EXPERIMENTAL AUTO] ACTIVE frame=51211 cmd=(-0.200,-0.077,+0.031) yaw=LOCAL_HOLD
[EXPERIMENTAL AUTO] ACTIVE frame=51214 cmd=(-0.200,-0.064,+0.035) yaw=LOCAL_HOLD
[EXPERIMENTAL AUTO] ACTIVE frame=51217 cmd=(-0.197,-0.046,+0.034) yaw=LOCAL_HOLD
[EXPERIMENTAL AUTO] ACTIVE frame=51220 cmd=(-0.174,-0.036,+0.033) yaw=LOCAL_HOLD
[EXPERIMENTAL AUTO] ACTIVE frame=51223 cmd=(-0.140,-0.019,+0.026) yaw=LOCAL_HOLD
[EXPERIMENTAL AUTO] ACTIVE frame=51226 cmd=(-0.108,-0.001,+0.020) yaw=LOCAL_HOLD
[EXPERIMENTAL AUTO] ACTIVE frame=51229 cmd=(-0.069,+0.009,+0.014) yaw=LOCAL_HOLD
[EXPERIMENTAL AUTO] ACTIVE frame=51232 cmd=(-0.069,+0.016,+0.012) yaw=LOCAL_HOLD
[EXPERIMENTAL AUTO] ACTIVE frame=51235 cmd=(-0.029,+0.031,+0.005) yaw=LOCAL_HOLD
[EXPERIMENTAL AUTO] ACTIVE frame=51238 cmd=(+0.010,+0.044,+0.001) yaw=LOCAL_HOLD
[EXPERIMENTAL AUTO] ACTIVE frame=51241 cmd=(+0.053,+0.064,-0.004) yaw=LOCAL_HOLD
[EXPERIMENTAL AUTO] ACTIVE frame=51244 cmd=(+0.053,+0.067,-0.006) yaw=LOCAL_HOLD
[EXPERIMENTAL AUTO] ACTIVE frame=51247 cmd=(+0.096,+0.080,-0.009) yaw=LOCAL_HOLD
[EXPERIMENTAL AUTO] ACTIVE frame=51250 cmd=(+0.136,+0.090,-0.013) yaw=LOCAL_HOLD
[EXPERIMENTAL AUTO] ACTIVE frame=51253 cmd=(+0.179,+0.104,-0.016) yaw=LOCAL_HOLD
[EXPERIMENTAL AUTO] ACTIVE frame=51256 cmd=(+0.179,+0.111,-0.015) yaw=LOCAL_HOLD
[EXPERIMENTAL AUTO] ACTIVE frame=51259 cmd=(+0.200,+0.118,-0.016) yaw=LOCAL_HOLD
[EXPERIMENTAL AUTO] ACTIVE frame=51262 cmd=(+0.200,+0.123,-0.016) yaw=LOCAL_HOLD
[EXPERIMENTAL AUTO] ACTIVE frame=51265 cmd=(+0.200,+0.110,-0.013) yaw=LOCAL_HOLD
[EXPERIMENTAL AUTO] ACTIVE frame=51268 cmd=(+0.183,+0.108,-0.012) yaw=LOCAL_HOLD
[EXPERIMENTAL AUTO] ACTIVE frame=51271 cmd=(+0.159,+0.096,-0.009) yaw=LOCAL_HOLD
[EXPERIMENTAL AUTO] ACTIVE frame=51274 cmd=(+0.137,+0.069,-0.005) yaw=LOCAL_HOLD
[EXPERIMENTAL AUTO] ACTIVE frame=51280 cmd=(+0.094,+0.037,-0.003) yaw=LOCAL_HOLD
[EXPERIMENTAL AUTO] ACTIVE frame=51283 cmd=(+0.052,+0.005,-0.008) yaw=LOCAL_HOLD
[EXPERIMENTAL AUTO] ACTIVE frame=51286 cmd=(+0.010,-0.024,-0.011) yaw=LOCAL_HOLD
[EXPERIMENTAL AUTO] ACTIVE frame=51292 cmd=(-0.030,-0.057,-0.014) yaw=LOCAL_HOLD
[EXPERIMENTAL AUTO] ACTIVE frame=51295 cmd=(-0.070,-0.091,-0.017) yaw=LOCAL_HOLD
[EXPERIMENTAL AUTO] ACTIVE frame=51298 cmd=(-0.099,-0.116,-0.017) yaw=LOCAL_HOLD
[EXPERIMENTAL AUTO] ACTIVE frame=51301 cmd=(-0.139,-0.098,-0.014) yaw=LOCAL_HOLD
[EXPERIMENTAL AUTO] ACTIVE frame=51304 cmd=(-0.139,-0.093,-0.011) yaw=LOCAL_HOLD
[EXPERIMENTAL AUTO] ACTIVE frame=51307 cmd=(-0.179,-0.075,-0.003) yaw=LOCAL_HOLD
[EXPERIMENTAL AUTO] ACTIVE frame=51310 cmd=(-0.200,-0.058,+0.007) yaw=LOCAL_HOLD
[EXPERIMENTAL AUTO] ACTIVE frame=51313 cmd=(-0.200,-0.036,+0.015) yaw=LOCAL_HOLD
[EXPERIMENTAL AUTO] ACTIVE frame=51316 cmd=(-0.200,-0.037,+0.017) yaw=LOCAL_HOLD
[EXPERIMENTAL AUTO] ACTIVE frame=51319 cmd=(-0.200,-0.036,+0.022) yaw=LOCAL_HOLD
[EXPERIMENTAL AUTO] ACTIVE frame=51322 cmd=(-0.192,-0.032,+0.025) yaw=LOCAL_HOLD
[EXPERIMENTAL AUTO] ACTIVE frame=51325 cmd=(-0.153,-0.038,+0.027) yaw=LOCAL_HOLD
[EXPERIMENTAL AUTO] ACTIVE frame=51328 cmd=(-0.152,-0.031,+0.026) yaw=LOCAL_HOLD
[EXPERIMENTAL AUTO] ACTIVE frame=51331 cmd=(-0.112,-0.022,+0.023) yaw=LOCAL_HOLD
[EXPERIMENTAL AUTO] ACTIVE frame=51334 cmd=(-0.073,-0.010,+0.020) yaw=LOCAL_HOLD
[EXPERIMENTAL AUTO] ACTIVE frame=51337 cmd=(-0.033,-0.005,+0.018) yaw=LOCAL_HOLD
[EXPERIMENTAL AUTO] ACTIVE frame=51340 cmd=(-0.033,+0.000,+0.016) yaw=LOCAL_HOLD
[EXPERIMENTAL AUTO] ACTIVE frame=51343 cmd=(+0.007,+0.007,+0.012) yaw=LOCAL_HOLD
[EXPERIMENTAL AUTO] ACTIVE frame=51346 cmd=(+0.049,+0.013,+0.008) yaw=LOCAL_HOLD
[EXPERIMENTAL AUTO] ACTIVE frame=51349 cmd=(+0.092,+0.032,+0.005) yaw=LOCAL_HOLD
[EXPERIMENTAL AUTO] ACTIVE frame=51352 cmd=(+0.092,+0.013,+0.005) yaw=LOCAL_HOLD
[EXPERIMENTAL AUTO] ACTIVE frame=51355 cmd=(+0.134,+0.021,+0.002) yaw=LOCAL_HOLD
[EXPERIMENTAL AUTO] ACTIVE frame=51358 cmd=(+0.154,+0.021,-0.001) yaw=LOCAL_HOLD
[EXPERIMENTAL AUTO] ACTIVE frame=51361 cmd=(+0.164,+0.015,-0.003) yaw=LOCAL_HOLD
[EXPERIMENTAL AUTO] ACTIVE frame=51364 cmd=(+0.157,+0.014,-0.005) yaw=LOCAL_HOLD
[EXPERIMENTAL AUTO] ACTIVE frame=51367 cmd=(+0.151,+0.007,-0.007) yaw=LOCAL_HOLD
[EXPERIMENTAL AUTO] ACTIVE frame=51370 cmd=(+0.140,-0.002,-0.008) yaw=LOCAL_HOLD
[EXPERIMENTAL AUTO] ACTIVE frame=51373 cmd=(+0.125,-0.010,-0.007) yaw=LOCAL_HOLD
[EXPERIMENTAL AUTO] ACTIVE frame=51376 cmd=(+0.119,-0.013,-0.005) yaw=LOCAL_HOLD
[EXPERIMENTAL AUTO] ACTIVE frame=51379 cmd=(+0.102,-0.019,-0.000) yaw=LOCAL_HOLD
[EXPERIMENTAL AUTO] ACTIVE frame=51382 cmd=(+0.085,-0.026,+0.008) yaw=LOCAL_HOLD
[EXPERIMENTAL AUTO] ACTIVE frame=51385 cmd=(+0.043,-0.028,+0.015) yaw=LOCAL_HOLD
[EXPERIMENTAL AUTO] ACTIVE frame=51388 cmd=(+0.043,-0.026,+0.017) yaw=LOCAL_HOLD
[EXPERIMENTAL AUTO] ACTIVE frame=51391 cmd=(+0.001,-0.025,+0.024) yaw=LOCAL_HOLD
[EXPERIMENTAL AUTO] ACTIVE frame=51394 cmd=(-0.034,-0.027,+0.027) yaw=LOCAL_HOLD
[EXPERIMENTAL AUTO] ACTIVE frame=51400 cmd=(-0.070,-0.018,+0.028) yaw=LOCAL_HOLD
[EXPERIMENTAL AUTO] ACTIVE frame=51403 cmd=(-0.110,-0.010,+0.028) yaw=LOCAL_HOLD
[EXPERIMENTAL AUTO] ACTIVE frame=51406 cmd=(-0.143,-0.004,+0.027) yaw=LOCAL_HOLD
[EXPERIMENTAL AUTO] ACTIVE frame=51412 cmd=(-0.170,+0.013,+0.025) yaw=LOCAL_HOLD
[EXPERIMENTAL AUTO] ACTIVE frame=51415 cmd=(-0.182,+0.019,+0.023) yaw=LOCAL_HOLD
[EXPERIMENTAL AUTO] ACTIVE frame=51418 cmd=(-0.174,+0.020,+0.022) yaw=LOCAL_HOLD
[EXPERIMENTAL AUTO] ACTIVE frame=51421 cmd=(-0.164,+0.018,+0.021) yaw=LOCAL_HOLD
[EXPERIMENTAL AUTO] ACTIVE frame=51424 cmd=(-0.151,+0.018,+0.021) yaw=LOCAL_HOLD
[EXPERIMENTAL AUTO] ACTIVE frame=51427 cmd=(-0.126,+0.017,+0.020) yaw=LOCAL_HOLD
[EXPERIMENTAL AUTO] ACTIVE frame=51430 cmd=(-0.104,+0.016,+0.019) yaw=LOCAL_HOLD
[EXPERIMENTAL AUTO] ACTIVE frame=51433 cmd=(-0.066,+0.017,+0.019) yaw=LOCAL_HOLD
[EXPERIMENTAL AUTO] ACTIVE frame=51436 cmd=(-0.065,+0.016,+0.017) yaw=LOCAL_HOLD
[EXPERIMENTAL AUTO] ACTIVE frame=51439 cmd=(-0.025,+0.014,+0.015) yaw=LOCAL_HOLD
[EXPERIMENTAL AUTO] ACTIVE frame=51442 cmd=(+0.003,+0.013,+0.014) yaw=LOCAL_HOLD
[EXPERIMENTAL AUTO] ACTIVE frame=51445 cmd=(+0.043,+0.017,+0.013) yaw=LOCAL_HOLD
[EXPERIMENTAL AUTO] ACTIVE frame=51448 cmd=(+0.044,+0.031,+0.012) yaw=LOCAL_HOLD
[EXPERIMENTAL AUTO] ACTIVE frame=51451 cmd=(+0.070,-0.000,+0.010) yaw=LOCAL_HOLD
[EXPERIMENTAL AUTO] ACTIVE frame=51454 cmd=(+0.085,+0.024,+0.007) yaw=LOCAL_HOLD
[EXPERIMENTAL AUTO] ACTIVE frame=51457 cmd=(+0.108,+0.018,+0.005) yaw=LOCAL_HOLD
[EXPERIMENTAL AUTO] ACTIVE frame=51460 cmd=(+0.111,+0.013,+0.003) yaw=LOCAL_HOLD
[EXPERIMENTAL AUTO] ACTIVE frame=51463 cmd=(+0.123,+0.003,+0.000) yaw=LOCAL_HOLD
[EXPERIMENTAL AUTO] ACTIVE frame=51466 cmd=(+0.122,-0.001,-0.004) yaw=LOCAL_HOLD
[EXPERIMENTAL AUTO] ACTIVE frame=51469 cmd=(+0.111,-0.005,-0.008) yaw=LOCAL_HOLD
[EXPERIMENTAL AUTO] ACTIVE frame=51472 cmd=(+0.102,-0.004,-0.011) yaw=LOCAL_HOLD
[EXPERIMENTAL AUTO] ACTIVE frame=51475 cmd=(+0.085,-0.003,-0.014) yaw=LOCAL_HOLD
[EXPERIMENTAL AUTO] ACTIVE frame=51478 cmd=(+0.073,-0.005,-0.015) yaw=LOCAL_HOLD
[EXPERIMENTAL AUTO] ACTIVE frame=51481 cmd=(+0.043,-0.004,-0.013) yaw=LOCAL_HOLD
[EXPERIMENTAL AUTO] ACTIVE frame=51484 cmd=(+0.031,-0.003,-0.009) yaw=LOCAL_HOLD
[EXPERIMENTAL AUTO] ACTIVE frame=51487 cmd=(-0.004,-0.004,-0.001) yaw=LOCAL_HOLD
[EXPERIMENTAL AUTO] ACTIVE frame=51490 cmd=(-0.021,-0.004,+0.007) yaw=LOCAL_HOLD
[EXPERIMENTAL AUTO] ACTIVE frame=51493 cmd=(-0.042,-0.030,+0.015) yaw=LOCAL_HOLD
[EXPERIMENTAL AUTO] ACTIVE frame=51496 cmd=(-0.044,-0.009,+0.019) yaw=LOCAL_HOLD
[EXPERIMENTAL AUTO] ACTIVE frame=51499 cmd=(-0.056,+0.003,+0.027) yaw=LOCAL_HOLD
[EXPERIMENTAL AUTO] ACTIVE frame=51502 cmd=(-0.056,-0.043,+0.028) yaw=LOCAL_HOLD
[EXPERIMENTAL AUTO] ACTIVE frame=51505 cmd=(-0.063,-0.033,+0.033) yaw=LOCAL_HOLD
[EXPERIMENTAL AUTO] ACTIVE frame=51508 cmd=(-0.066,-0.066,+0.033) yaw=LOCAL_HOLD
[EXPERIMENTAL AUTO] ACTIVE frame=51511 cmd=(-0.063,-0.033,+0.035) yaw=LOCAL_HOLD
[EXPERIMENTAL AUTO] ACTIVE frame=51514 cmd=(-0.058,+0.001,+0.035) yaw=LOCAL_HOLD
[EXPERIMENTAL AUTO] ACTIVE frame=51520 cmd=(-0.057,+0.014,+0.032) yaw=LOCAL_HOLD
[EXPERIMENTAL AUTO] ACTIVE frame=51523 cmd=(-0.056,+0.027,+0.028) yaw=LOCAL_HOLD
[EXPERIMENTAL AUTO] ACTIVE frame=51526 cmd=(-0.055,+0.029,+0.026) yaw=LOCAL_HOLD
[EXPERIMENTAL AUTO] ACTIVE frame=51529 cmd=(-0.051,+0.038,+0.020) yaw=LOCAL_HOLD
[EXPERIMENTAL AUTO] ACTIVE frame=51532 cmd=(-0.047,+0.038,+0.017) yaw=LOCAL_HOLD
[EXPERIMENTAL AUTO] ACTIVE frame=51535 cmd=(-0.041,+0.042,+0.012) yaw=LOCAL_HOLD
[EXPERIMENTAL AUTO] ACTIVE frame=51538 cmd=(-0.034,+0.042,+0.006) yaw=LOCAL_HOLD
[EXPERIMENTAL AUTO] ACTIVE frame=51541 cmd=(-0.024,+0.046,+0.001) yaw=LOCAL_HOLD
[EXPERIMENTAL AUTO] ACTIVE frame=51544 cmd=(-0.020,+0.045,+0.000) yaw=LOCAL_HOLD
[EXPERIMENTAL AUTO] ACTIVE frame=51547 cmd=(-0.007,+0.055,-0.003) yaw=LOCAL_HOLD
[EXPERIMENTAL AUTO] ACTIVE frame=51550 cmd=(-0.001,+0.074,-0.006) yaw=LOCAL_HOLD
[EXPERIMENTAL AUTO] ACTIVE frame=51553 cmd=(+0.013,+0.064,-0.009) yaw=LOCAL_HOLD
[EXPERIMENTAL AUTO] ACTIVE frame=51556 cmd=(+0.017,+0.054,-0.008) yaw=LOCAL_HOLD
[EXPERIMENTAL AUTO] ACTIVE frame=51559 cmd=(+0.029,+0.042,-0.010) yaw=LOCAL_HOLD
[EXPERIMENTAL AUTO] ACTIVE frame=51562 cmd=(+0.034,+0.031,-0.008) yaw=LOCAL_HOLD
[EXPERIMENTAL AUTO] ACTIVE frame=51565 cmd=(+0.038,+0.019,-0.005) yaw=LOCAL_HOLD
[EXPERIMENTAL AUTO] ACTIVE frame=51568 cmd=(+0.038,+0.021,-0.000) yaw=LOCAL_HOLD
[EXPERIMENTAL AUTO] ACTIVE frame=51571 cmd=(+0.038,-0.009,+0.008) yaw=LOCAL_HOLD
[EXPERIMENTAL AUTO] ACTIVE frame=51574 cmd=(+0.036,+0.004,+0.015) yaw=LOCAL_HOLD
[EXPERIMENTAL AUTO] ACTIVE frame=51577 cmd=(+0.029,+0.004,+0.025) yaw=LOCAL_HOLD
[EXPERIMENTAL AUTO] ACTIVE frame=51580 cmd=(+0.024,+0.000,+0.027) yaw=LOCAL_HOLD
[EXPERIMENTAL AUTO] ACTIVE frame=51583 cmd=(+0.013,-0.009,+0.034) yaw=LOCAL_HOLD
[EXPERIMENTAL AUTO] ACTIVE frame=51586 cmd=(+0.004,-0.018,+0.036) yaw=LOCAL_HOLD
[EXPERIMENTAL AUTO] ACTIVE frame=51589 cmd=(-0.001,-0.020,+0.036) yaw=LOCAL_HOLD
[EXPERIMENTAL AUTO] ACTIVE frame=51592 cmd=(-0.001,-0.009,+0.034) yaw=LOCAL_HOLD
[EXPERIMENTAL AUTO] ACTIVE frame=51595 cmd=(-0.004,-0.014,+0.030) yaw=LOCAL_HOLD
[EXPERIMENTAL AUTO] ACTIVE frame=51598 cmd=(-0.007,-0.024,+0.025) yaw=LOCAL_HOLD
[EXPERIMENTAL AUTO] ACTIVE frame=51601 cmd=(-0.013,-0.012,+0.021) yaw=LOCAL_HOLD
[EXPERIMENTAL AUTO] ACTIVE frame=51604 cmd=(-0.017,-0.005,+0.020) yaw=LOCAL_HOLD
[EXPERIMENTAL AUTO] ACTIVE frame=51607 cmd=(-0.024,-0.012,+0.016) yaw=LOCAL_HOLD
[EXPERIMENTAL AUTO] ACTIVE frame=51610 cmd=(-0.031,-0.032,+0.013) yaw=LOCAL_HOLD
[EXPERIMENTAL AUTO] ACTIVE frame=51613 cmd=(-0.038,-0.032,+0.012) yaw=LOCAL_HOLD
[EXPERIMENTAL AUTO] ACTIVE frame=51616 cmd=(-0.040,-0.039,+0.012) yaw=LOCAL_HOLD
[EXPERIMENTAL AUTO] ACTIVE frame=51619 cmd=(-0.046,-0.052,+0.009) yaw=LOCAL_HOLD
[EXPERIMENTAL AUTO] ACTIVE frame=51622 cmd=(-0.051,-0.057,+0.010) yaw=LOCAL_HOLD
[EXPERIMENTAL AUTO] ACTIVE frame=51625 cmd=(-0.054,-0.069,+0.007) yaw=LOCAL_HOLD
[EXPERIMENTAL AUTO] ACTIVE frame=51628 cmd=(-0.053,-0.066,+0.007) yaw=LOCAL_HOLD
[EXPERIMENTAL AUTO] ACTIVE frame=51631 cmd=(-0.049,-0.070,+0.004) yaw=LOCAL_HOLD
[EXPERIMENTAL AUTO] ACTIVE frame=51634 cmd=(-0.046,-0.078,+0.002) yaw=LOCAL_HOLD
[EXPERIMENTAL AUTO] ACTIVE frame=51637 cmd=(-0.035,-0.082,+0.003) yaw=LOCAL_HOLD
[EXPERIMENTAL AUTO] ACTIVE frame=51640 cmd=(-0.029,-0.083,+0.003) yaw=LOCAL_HOLD
[EXPERIMENTAL AUTO] ACTIVE frame=51643 cmd=(-0.019,-0.083,+0.004) yaw=LOCAL_HOLD
[EXPERIMENTAL AUTO] ACTIVE frame=51646 cmd=(-0.009,-0.081,+0.008) yaw=LOCAL_HOLD
[EXPERIMENTAL AUTO] ACTIVE frame=51649 cmd=(+0.005,-0.075,+0.009) yaw=LOCAL_HOLD
[EXPERIMENTAL AUTO] ACTIVE frame=51652 cmd=(+0.009,-0.073,+0.011) yaw=LOCAL_HOLD
[EXPERIMENTAL AUTO] ACTIVE frame=51655 cmd=(+0.020,-0.069,+0.016) yaw=LOCAL_HOLD
[EXPERIMENTAL AUTO] ACTIVE frame=51658 cmd=(+0.026,-0.058,+0.019) yaw=LOCAL_HOLD
[EXPERIMENTAL AUTO] ACTIVE frame=51661 cmd=(+0.032,-0.055,+0.023) yaw=LOCAL_HOLD
[EXPERIMENTAL AUTO] ACTIVE frame=51664 cmd=(+0.033,-0.047,+0.024) yaw=LOCAL_HOLD
[EXPERIMENTAL AUTO] ACTIVE frame=51667 cmd=(+0.038,-0.039,+0.028) yaw=LOCAL_HOLD
[EXPERIMENTAL AUTO] ACTIVE frame=51670 cmd=(+0.038,-0.029,+0.030) yaw=LOCAL_HOLD
[EXPERIMENTAL AUTO] ACTIVE frame=51673 cmd=(+0.032,-0.024,+0.032) yaw=LOCAL_HOLD
[EXPERIMENTAL AUTO] ACTIVE frame=51676 cmd=(+0.030,-0.016,+0.033) yaw=LOCAL_HOLD
[EXPERIMENTAL AUTO] ACTIVE frame=51679 cmd=(+0.024,-0.019,+0.035) yaw=LOCAL_HOLD
[EXPERIMENTAL AUTO] ACTIVE frame=51682 cmd=(+0.018,-0.020,+0.036) yaw=LOCAL_HOLD
[EXPERIMENTAL AUTO] ACTIVE frame=51685 cmd=(+0.010,-0.029,+0.036) yaw=LOCAL_HOLD
[EXPERIMENTAL AUTO] ACTIVE frame=51688 cmd=(+0.007,-0.035,+0.036) yaw=LOCAL_HOLD
[EXPERIMENTAL AUTO] ACTIVE frame=51691 cmd=(+0.001,-0.027,+0.035) yaw=LOCAL_HOLD
[EXPERIMENTAL AUTO] ACTIVE frame=51694 cmd=(-0.003,-0.033,+0.034) yaw=LOCAL_HOLD
[EXPERIMENTAL AUTO] ACTIVE frame=51697 cmd=(-0.007,-0.040,+0.031) yaw=LOCAL_HOLD
[EXPERIMENTAL AUTO] ACTIVE frame=51700 cmd=(-0.007,-0.039,+0.030) yaw=LOCAL_HOLD
[EXPERIMENTAL AUTO] ACTIVE frame=51703 cmd=(-0.009,-0.041,+0.026) yaw=LOCAL_HOLD
[EXPERIMENTAL AUTO] ACTIVE frame=51706 cmd=(-0.009,-0.043,+0.024) yaw=LOCAL_HOLD
[EXPERIMENTAL AUTO] ACTIVE frame=51709 cmd=(-0.002,-0.041,+0.022) yaw=LOCAL_HOLD
[EXPERIMENTAL AUTO] ACTIVE frame=51712 cmd=(+0.003,-0.037,+0.021) yaw=LOCAL_HOLD
[EXPERIMENTAL AUTO] ACTIVE frame=51715 cmd=(+0.014,-0.031,+0.019) yaw=LOCAL_HOLD
[EXPERIMENTAL AUTO] ACTIVE frame=51718 cmd=(+0.021,-0.029,+0.017) yaw=LOCAL_HOLD
[EXPERIMENTAL AUTO] ACTIVE frame=51721 cmd=(+0.021,-0.057,+0.015) yaw=LOCAL_HOLD
[EXPERIMENTAL AUTO] ACTIVE frame=51724 cmd=(+0.026,-0.032,+0.014) yaw=LOCAL_HOLD
[EXPERIMENTAL AUTO] ACTIVE frame=51727 cmd=(+0.023,-0.051,+0.011) yaw=LOCAL_HOLD
[EXPERIMENTAL AUTO] ACTIVE frame=51730 cmd=(+0.015,-0.082,+0.008) yaw=LOCAL_HOLD
[EXPERIMENTAL AUTO] ACTIVE frame=51733 cmd=(+0.011,-0.048,+0.004) yaw=LOCAL_HOLD
[EXPERIMENTAL AUTO] ACTIVE frame=51736 cmd=(+0.006,-0.056,+0.000) yaw=LOCAL_HOLD
[EXPERIMENTAL AUTO] ACTIVE frame=51739 cmd=(-0.002,-0.055,-0.003) yaw=LOCAL_HOLD
[EXPERIMENTAL AUTO] ACTIVE frame=51742 cmd=(-0.007,-0.054,-0.007) yaw=LOCAL_HOLD
[EXPERIMENTAL AUTO] ACTIVE frame=51748 cmd=(-0.018,-0.061,-0.011) yaw=LOCAL_HOLD
[EXPERIMENTAL AUTO] ACTIVE frame=51751 cmd=(-0.028,-0.064,-0.012) yaw=LOCAL_HOLD
[EXPERIMENTAL AUTO] ACTIVE frame=51754 cmd=(-0.035,-0.065,-0.010) yaw=LOCAL_HOLD
[EXPERIMENTAL AUTO] ACTIVE frame=51760 cmd=(-0.047,-0.062,-0.003) yaw=LOCAL_HOLD
[EXPERIMENTAL AUTO] ACTIVE frame=51763 cmd=(-0.056,-0.058,+0.008) yaw=LOCAL_HOLD
[EXPERIMENTAL AUTO] ACTIVE frame=51766 cmd=(-0.062,-0.049,+0.018) yaw=LOCAL_HOLD
[EXPERIMENTAL AUTO] ACTIVE frame=51769 cmd=(-0.069,-0.036,+0.029) yaw=LOCAL_HOLD
[EXPERIMENTAL AUTO] ACTIVE frame=51772 cmd=(-0.071,-0.032,+0.033) yaw=LOCAL_HOLD
[EXPERIMENTAL AUTO] ACTIVE frame=51775 cmd=(-0.076,-0.021,+0.040) yaw=LOCAL_HOLD
[EXPERIMENTAL AUTO] ACTIVE frame=51778 cmd=(-0.077,-0.000,+0.044) yaw=LOCAL_HOLD
[EXPERIMENTAL AUTO] ACTIVE frame=51781 cmd=(-0.074,+0.006,+0.044) yaw=LOCAL_HOLD
[EXPERIMENTAL AUTO] ACTIVE frame=51784 cmd=(-0.066,+0.011,+0.043) yaw=LOCAL_HOLD
[EXPERIMENTAL AUTO] ACTIVE frame=51787 cmd=(-0.054,+0.019,+0.041) yaw=LOCAL_HOLD
[EXPERIMENTAL AUTO] ACTIVE frame=51790 cmd=(-0.043,+0.025,+0.038) yaw=LOCAL_HOLD
[EXPERIMENTAL AUTO] ACTIVE frame=51793 cmd=(-0.010,+0.029,+0.036) yaw=LOCAL_HOLD
[EXPERIMENTAL AUTO] ACTIVE frame=51796 cmd=(-0.004,+0.032,+0.035) yaw=LOCAL_HOLD
[EXPERIMENTAL AUTO] ACTIVE frame=51799 cmd=(+0.038,+0.039,+0.032) yaw=LOCAL_HOLD
[EXPERIMENTAL AUTO] ACTIVE frame=51802 cmd=(+0.063,+0.045,+0.028) yaw=LOCAL_HOLD
[EXPERIMENTAL AUTO] ACTIVE frame=51805 cmd=(+0.084,+0.022,+0.025) yaw=LOCAL_HOLD
[EXPERIMENTAL AUTO] ACTIVE frame=51808 cmd=(+0.089,+0.043,+0.023) yaw=LOCAL_HOLD
[EXPERIMENTAL AUTO] ACTIVE frame=51811 cmd=(+0.101,+0.058,+0.020) yaw=LOCAL_HOLD
[EXPERIMENTAL AUTO] ACTIVE frame=51814 cmd=(+0.102,+0.067,+0.017) yaw=LOCAL_HOLD
[EXPERIMENTAL AUTO] ACTIVE frame=51817 cmd=(+0.093,+0.072,+0.014) yaw=LOCAL_HOLD
[EXPERIMENTAL AUTO] ACTIVE frame=51820 cmd=(+0.086,+0.072,+0.012) yaw=LOCAL_HOLD
[EXPERIMENTAL AUTO] ACTIVE frame=51823 cmd=(+0.072,+0.070,+0.006) yaw=LOCAL_HOLD
[EXPERIMENTAL AUTO] ACTIVE frame=51826 cmd=(+0.063,+0.061,+0.002) yaw=LOCAL_HOLD
[EXPERIMENTAL AUTO] ACTIVE frame=51829 cmd=(+0.040,+0.061,+0.000) yaw=LOCAL_HOLD
[EXPERIMENTAL AUTO] ACTIVE frame=51832 cmd=(+0.029,+0.061,-0.002) yaw=LOCAL_HOLD
[EXPERIMENTAL AUTO] ACTIVE frame=51835 cmd=(+0.004,+0.054,-0.003) yaw=LOCAL_HOLD
[EXPERIMENTAL AUTO] ACTIVE frame=51838 cmd=(-0.011,+0.050,-0.006) yaw=LOCAL_HOLD
[EXPERIMENTAL AUTO] ACTIVE frame=51841 cmd=(-0.034,+0.046,-0.005) yaw=LOCAL_HOLD
[EXPERIMENTAL AUTO] ACTIVE frame=51844 cmd=(-0.040,+0.036,-0.004) yaw=LOCAL_HOLD
[EXPERIMENTAL AUTO] ACTIVE frame=51847 cmd=(-0.057,+0.018,-0.003) yaw=LOCAL_HOLD
[EXPERIMENTAL AUTO] ACTIVE frame=51850 cmd=(-0.065,+0.006,+0.003) yaw=LOCAL_HOLD
[EXPERIMENTAL AUTO] ACTIVE frame=51853 cmd=(-0.073,+0.003,+0.008) yaw=LOCAL_HOLD
[EXPERIMENTAL AUTO] ACTIVE frame=51856 cmd=(-0.072,-0.005,+0.016) yaw=LOCAL_HOLD
[EXPERIMENTAL AUTO] ACTIVE frame=51859 cmd=(-0.074,-0.008,+0.026) yaw=LOCAL_HOLD
[EXPERIMENTAL AUTO] ACTIVE frame=51862 cmd=(-0.070,-0.008,+0.035) yaw=LOCAL_HOLD
[EXPERIMENTAL AUTO] ACTIVE frame=51865 cmd=(-0.063,-0.013,+0.041) yaw=LOCAL_HOLD
[EXPERIMENTAL AUTO] ACTIVE frame=51868 cmd=(-0.058,-0.005,+0.043) yaw=LOCAL_HOLD
[EXPERIMENTAL AUTO] ACTIVE frame=51871 cmd=(-0.047,+0.005,+0.050) yaw=LOCAL_HOLD
[EXPERIMENTAL AUTO] ACTIVE frame=51874 cmd=(-0.038,+0.012,+0.052) yaw=LOCAL_HOLD
[EXPERIMENTAL AUTO] ACTIVE frame=51880 cmd=(-0.032,+0.019,+0.053) yaw=LOCAL_HOLD
[EXPERIMENTAL AUTO] ACTIVE frame=51883 cmd=(-0.026,+0.029,+0.052) yaw=LOCAL_HOLD
[EXPERIMENTAL AUTO] ACTIVE frame=51886 cmd=(-0.022,+0.046,+0.049) yaw=LOCAL_HOLD
[EXPERIMENTAL AUTO] ACTIVE frame=51892 cmd=(-0.012,+0.062,+0.046) yaw=LOCAL_HOLD
[EXPERIMENTAL AUTO] ACTIVE frame=51895 cmd=(-0.001,+0.077,+0.040) yaw=LOCAL_HOLD
[EXPERIMENTAL AUTO] ACTIVE frame=51898 cmd=(+0.008,+0.080,+0.034) yaw=LOCAL_HOLD
[EXPERIMENTAL AUTO] ACTIVE frame=51901 cmd=(+0.020,+0.079,+0.026) yaw=LOCAL_HOLD
[EXPERIMENTAL AUTO] ACTIVE frame=51904 cmd=(+0.023,+0.077,+0.023) yaw=LOCAL_HOLD
[EXPERIMENTAL AUTO] ACTIVE frame=51907 cmd=(+0.031,+0.070,+0.013) yaw=LOCAL_HOLD
[EXPERIMENTAL AUTO] ACTIVE frame=51910 cmd=(+0.033,+0.059,+0.005) yaw=LOCAL_HOLD
[EXPERIMENTAL AUTO] ACTIVE frame=51913 cmd=(+0.029,+0.045,-0.002) yaw=LOCAL_HOLD
[EXPERIMENTAL AUTO] ACTIVE frame=51916 cmd=(+0.023,+0.044,-0.005) yaw=LOCAL_HOLD
[EXPERIMENTAL AUTO] ACTIVE frame=51919 cmd=(+0.013,+0.024,-0.010) yaw=LOCAL_HOLD
[EXPERIMENTAL AUTO] ACTIVE frame=51922 cmd=(-0.001,-0.008,-0.012) yaw=LOCAL_HOLD
[EXPERIMENTAL AUTO] ACTIVE frame=51925 cmd=(-0.014,-0.025,-0.014) yaw=LOCAL_HOLD
[EXPERIMENTAL AUTO] ACTIVE frame=51928 cmd=(-0.018,-0.014,-0.012) yaw=LOCAL_HOLD
[EXPERIMENTAL AUTO] ACTIVE frame=51931 cmd=(-0.029,-0.009,-0.011) yaw=LOCAL_HOLD
[EXPERIMENTAL AUTO] ACTIVE frame=51934 cmd=(-0.038,-0.016,-0.007) yaw=LOCAL_HOLD
[EXPERIMENTAL AUTO] ACTIVE frame=51937 cmd=(-0.046,-0.016,-0.001) yaw=LOCAL_HOLD
[EXPERIMENTAL AUTO] ACTIVE frame=51940 cmd=(-0.048,-0.019,+0.003) yaw=LOCAL_HOLD
[EXPERIMENTAL AUTO] ACTIVE frame=51943 cmd=(-0.054,-0.018,+0.010) yaw=LOCAL_HOLD
[EXPERIMENTAL AUTO] ACTIVE frame=51946 cmd=(-0.056,-0.017,+0.016) yaw=LOCAL_HOLD
[EXPERIMENTAL AUTO] ACTIVE frame=51949 cmd=(-0.052,-0.025,+0.020) yaw=LOCAL_HOLD
[EXPERIMENTAL AUTO] ACTIVE frame=51952 cmd=(-0.045,-0.027,+0.022) yaw=LOCAL_HOLD
[EXPERIMENTAL AUTO] ACTIVE frame=51955 cmd=(-0.034,-0.033,+0.026) yaw=LOCAL_HOLD
[EXPERIMENTAL AUTO] ACTIVE frame=51958 cmd=(-0.025,-0.035,+0.028) yaw=LOCAL_HOLD
[EXPERIMENTAL AUTO] ACTIVE frame=51961 cmd=(-0.010,-0.038,+0.028) yaw=LOCAL_HOLD
[EXPERIMENTAL AUTO] ACTIVE frame=51964 cmd=(-0.003,-0.032,+0.027) yaw=LOCAL_HOLD
[EXPERIMENTAL AUTO] ACTIVE frame=51967 cmd=(+0.013,-0.048,+0.021) yaw=LOCAL_HOLD
[EXPERIMENTAL AUTO] ACTIVE frame=51970 cmd=(+0.023,-0.041,+0.018) yaw=LOCAL_HOLD
[EXPERIMENTAL AUTO] ACTIVE frame=51973 cmd=(+0.048,-0.031,+0.016) yaw=LOCAL_HOLD
[EXPERIMENTAL AUTO] ACTIVE frame=51976 cmd=(+0.058,-0.025,+0.012) yaw=LOCAL_HOLD
[EXPERIMENTAL AUTO] ACTIVE frame=51979 cmd=(+0.083,-0.000,+0.007) yaw=LOCAL_HOLD
[EXPERIMENTAL AUTO] ACTIVE frame=51982 cmd=(+0.093,-0.010,-0.000) yaw=LOCAL_HOLD
[EXPERIMENTAL AUTO] ACTIVE frame=51988 cmd=(+0.106,-0.014,-0.007) yaw=LOCAL_HOLD
[EXPERIMENTAL AUTO] ACTIVE frame=51991 cmd=(+0.113,-0.017,-0.016) yaw=LOCAL_HOLD
[EXPERIMENTAL AUTO] ACTIVE frame=51994 cmd=(+0.108,-0.035,-0.020) yaw=LOCAL_HOLD
[EXPERIMENTAL AUTO] ACTIVE frame=52000 cmd=(+0.111,-0.054,-0.029) yaw=LOCAL_HOLD
[EXPERIMENTAL AUTO] ACTIVE frame=52003 cmd=(+0.112,-0.076,-0.035) yaw=LOCAL_HOLD
[EXPERIMENTAL AUTO] ACTIVE frame=52006 cmd=(+0.111,-0.096,-0.036) yaw=LOCAL_HOLD
[EXPERIMENTAL AUTO] ACTIVE frame=52009 cmd=(+0.115,-0.104,-0.034) yaw=LOCAL_HOLD
[EXPERIMENTAL AUTO] ACTIVE frame=52012 cmd=(+0.120,-0.101,-0.030) yaw=LOCAL_HOLD
[EXPERIMENTAL AUTO] ACTIVE frame=52015 cmd=(+0.125,-0.103,-0.018) yaw=LOCAL_HOLD
[EXPERIMENTAL AUTO] ACTIVE frame=52018 cmd=(+0.127,-0.105,-0.002) yaw=LOCAL_HOLD
[EXPERIMENTAL AUTO] ACTIVE frame=52021 cmd=(+0.112,-0.093,+0.012) yaw=LOCAL_HOLD
[EXPERIMENTAL AUTO] ACTIVE frame=52024 cmd=(+0.094,-0.077,+0.017) yaw=LOCAL_HOLD
[EXPERIMENTAL AUTO] ACTIVE frame=52027 cmd=(+0.064,-0.051,+0.029) yaw=LOCAL_HOLD
[EXPERIMENTAL AUTO] ACTIVE frame=52030 cmd=(+0.043,-0.035,+0.036) yaw=LOCAL_HOLD
[EXPERIMENTAL AUTO] ACTIVE frame=52033 cmd=(+0.009,-0.011,+0.037) yaw=LOCAL_HOLD
[EXPERIMENTAL AUTO] ACTIVE frame=52036 cmd=(-0.003,-0.005,+0.034) yaw=LOCAL_HOLD
[EXPERIMENTAL AUTO] ACTIVE frame=52039 cmd=(-0.027,+0.007,+0.031) yaw=LOCAL_HOLD
[EXPERIMENTAL AUTO] ACTIVE frame=52042 cmd=(-0.040,+0.006,+0.025) yaw=LOCAL_HOLD
[EXPERIMENTAL AUTO] ACTIVE frame=52045 cmd=(-0.046,+0.033,+0.020) yaw=LOCAL_HOLD
[EXPERIMENTAL AUTO] ACTIVE frame=52048 cmd=(-0.042,+0.024,+0.016) yaw=LOCAL_HOLD
[EXPERIMENTAL AUTO] ACTIVE frame=52051 cmd=(-0.036,+0.012,+0.011) yaw=LOCAL_HOLD
[EXPERIMENTAL AUTO] ACTIVE frame=52054 cmd=(-0.028,-0.020,+0.007) yaw=LOCAL_HOLD
[EXPERIMENTAL AUTO] ACTIVE frame=52057 cmd=(-0.008,+0.013,+0.002) yaw=LOCAL_HOLD
[EXPERIMENTAL AUTO] ACTIVE frame=52060 cmd=(-0.001,+0.013,-0.000) yaw=LOCAL_HOLD
[EXPERIMENTAL AUTO] ACTIVE frame=52063 cmd=(+0.016,-0.023,-0.005) yaw=LOCAL_HOLD
[EXPERIMENTAL AUTO] ACTIVE frame=52066 cmd=(+0.032,+0.009,-0.008) yaw=LOCAL_HOLD
[EXPERIMENTAL AUTO] ACTIVE frame=52069 cmd=(+0.044,-0.025,-0.007) yaw=LOCAL_HOLD
[EXPERIMENTAL AUTO] ACTIVE frame=52072 cmd=(+0.055,+0.000,-0.007) yaw=LOCAL_HOLD
[EXPERIMENTAL AUTO] ACTIVE frame=52075 cmd=(+0.070,+0.002,-0.006) yaw=LOCAL_HOLD
[EXPERIMENTAL AUTO] ACTIVE frame=52078 cmd=(+0.077,-0.000,-0.005) yaw=LOCAL_HOLD
[EXPERIMENTAL AUTO] ACTIVE frame=52081 cmd=(+0.086,-0.007,-0.001) yaw=LOCAL_HOLD
[EXPERIMENTAL AUTO] ACTIVE frame=52084 cmd=(+0.087,-0.010,+0.003) yaw=LOCAL_HOLD
[EXPERIMENTAL AUTO] ACTIVE frame=52087 cmd=(+0.092,-0.021,+0.008) yaw=LOCAL_HOLD
[EXPERIMENTAL AUTO] ACTIVE frame=52090 cmd=(+0.094,-0.027,+0.012) yaw=LOCAL_HOLD
[EXPERIMENTAL AUTO] ACTIVE frame=52093 cmd=(+0.092,-0.028,+0.017) yaw=LOCAL_HOLD
[EXPERIMENTAL AUTO] ACTIVE frame=52096 cmd=(+0.087,-0.032,+0.017) yaw=LOCAL_HOLD
[EXPERIMENTAL AUTO] ACTIVE frame=52099 cmd=(+0.075,-0.036,+0.022) yaw=LOCAL_HOLD
[EXPERIMENTAL AUTO] ACTIVE frame=52102 cmd=(+0.062,-0.041,+0.023) yaw=LOCAL_HOLD
[EXPERIMENTAL AUTO] ACTIVE frame=52108 cmd=(+0.044,-0.040,+0.016) yaw=LOCAL_HOLD
[EXPERIMENTAL AUTO] ACTIVE frame=52111 cmd=(+0.027,-0.040,+0.009) yaw=LOCAL_HOLD
[EXPERIMENTAL AUTO] ACTIVE frame=52114 cmd=(+0.018,-0.030,+0.001) yaw=LOCAL_HOLD
[EXPERIMENTAL AUTO] ACTIVE frame=52120 cmd=(+0.012,-0.034,-0.009) yaw=LOCAL_HOLD
[EXPERIMENTAL AUTO] ACTIVE frame=52123 cmd=(+0.008,-0.043,-0.017) yaw=LOCAL_HOLD
[EXPERIMENTAL AUTO] ACTIVE frame=52126 cmd=(+0.010,-0.034,-0.022) yaw=LOCAL_HOLD
[EXPERIMENTAL AUTO] ACTIVE frame=52132 cmd=(+0.026,-0.033,-0.024) yaw=LOCAL_HOLD
[EXPERIMENTAL AUTO] ACTIVE frame=52135 cmd=(+0.047,-0.034,-0.023) yaw=LOCAL_HOLD
[EXPERIMENTAL AUTO] ACTIVE frame=52138 cmd=(+0.061,-0.036,-0.020) yaw=LOCAL_HOLD
[EXPERIMENTAL AUTO] ACTIVE frame=52141 cmd=(+0.087,-0.023,-0.012) yaw=LOCAL_HOLD
[EXPERIMENTAL AUTO] ACTIVE frame=52144 cmd=(+0.096,-0.010,-0.008) yaw=LOCAL_HOLD
[EXPERIMENTAL AUTO] ACTIVE frame=52147 cmd=(+0.119,-0.013,+0.002) yaw=LOCAL_HOLD
[EXPERIMENTAL AUTO] ACTIVE frame=52150 cmd=(+0.131,-0.027,+0.012) yaw=LOCAL_HOLD
[EXPERIMENTAL AUTO] ACTIVE frame=52153 cmd=(+0.144,-0.043,+0.018) yaw=LOCAL_HOLD
[EXPERIMENTAL AUTO] ACTIVE frame=52156 cmd=(+0.148,-0.039,+0.020) yaw=LOCAL_HOLD
[EXPERIMENTAL AUTO] ACTIVE frame=52159 cmd=(+0.159,-0.046,+0.024) yaw=LOCAL_HOLD
[EXPERIMENTAL AUTO] ACTIVE frame=52162 cmd=(+0.163,-0.049,+0.026) yaw=LOCAL_HOLD
[EXPERIMENTAL AUTO] ACTIVE frame=52165 cmd=(+0.160,-0.052,+0.024) yaw=LOCAL_HOLD
[EXPERIMENTAL AUTO] ACTIVE frame=52168 cmd=(+0.156,-0.052,+0.020) yaw=LOCAL_HOLD
[EXPERIMENTAL AUTO] ACTIVE frame=52171 cmd=(+0.139,-0.055,+0.014) yaw=LOCAL_HOLD
[EXPERIMENTAL AUTO] ACTIVE frame=52174 cmd=(+0.119,-0.057,+0.005) yaw=LOCAL_HOLD
[EXPERIMENTAL AUTO] ACTIVE frame=52177 cmd=(+0.085,-0.053,-0.004) yaw=LOCAL_HOLD
[EXPERIMENTAL AUTO] ACTIVE frame=52180 cmd=(+0.076,-0.052,-0.007) yaw=LOCAL_HOLD
[EXPERIMENTAL AUTO] ACTIVE frame=52183 cmd=(+0.041,-0.048,-0.013) yaw=LOCAL_HOLD
[EXPERIMENTAL AUTO] ACTIVE frame=52186 cmd=(+0.021,-0.041,-0.019) yaw=LOCAL_HOLD
[EXPERIMENTAL AUTO] ACTIVE frame=52189 cmd=(+0.000,-0.020,-0.022) yaw=LOCAL_HOLD
[EXPERIMENTAL AUTO] ACTIVE frame=52192 cmd=(-0.003,-0.022,-0.020) yaw=LOCAL_HOLD
[EXPERIMENTAL AUTO] ACTIVE frame=52195 cmd=(-0.017,-0.032,-0.021) yaw=LOCAL_HOLD
[EXPERIMENTAL AUTO] ACTIVE frame=52198 cmd=(-0.023,-0.034,-0.017) yaw=LOCAL_HOLD
[EXPERIMENTAL AUTO] ACTIVE frame=52201 cmd=(-0.020,-0.022,-0.008) yaw=LOCAL_HOLD
[EXPERIMENTAL AUTO] ACTIVE frame=52204 cmd=(-0.010,-0.020,-0.003) yaw=LOCAL_HOLD
[EXPERIMENTAL AUTO] ACTIVE frame=52207 cmd=(+0.006,-0.022,+0.007) yaw=LOCAL_HOLD
[EXPERIMENTAL AUTO] ACTIVE frame=52210 cmd=(+0.023,-0.027,+0.015) yaw=LOCAL_HOLD
[EXPERIMENTAL AUTO] ACTIVE frame=52213 cmd=(+0.039,-0.048,+0.023) yaw=LOCAL_HOLD
[EXPERIMENTAL AUTO] ACTIVE frame=52216 cmd=(+0.044,-0.036,+0.025) yaw=LOCAL_HOLD
[EXPERIMENTAL AUTO] ACTIVE frame=52219 cmd=(+0.062,-0.028,+0.031) yaw=LOCAL_HOLD
[EXPERIMENTAL AUTO] ACTIVE frame=52222 cmd=(+0.075,-0.015,+0.032) yaw=LOCAL_HOLD
[EXPERIMENTAL AUTO] ACTIVE frame=52228 cmd=(+0.087,-0.021,+0.031) yaw=LOCAL_HOLD
[EXPERIMENTAL AUTO] ACTIVE frame=52231 cmd=(+0.099,-0.015,+0.027) yaw=LOCAL_HOLD
[EXPERIMENTAL AUTO] ACTIVE frame=52234 cmd=(+0.106,-0.009,+0.023) yaw=LOCAL_HOLD
[EXPERIMENTAL AUTO] ACTIVE frame=52237 cmd=(+0.113,+0.000,+0.019) yaw=LOCAL_HOLD
[EXPERIMENTAL AUTO] ACTIVE frame=52240 cmd=(+0.113,-0.006,+0.016) yaw=LOCAL_HOLD
[EXPERIMENTAL AUTO] ACTIVE frame=52243 cmd=(+0.116,-0.008,+0.007) yaw=LOCAL_HOLD
[EXPERIMENTAL AUTO] ACTIVE frame=52246 cmd=(+0.117,-0.014,-0.001) yaw=LOCAL_HOLD
[EXPERIMENTAL AUTO] ACTIVE frame=52249 cmd=(+0.114,-0.021,-0.009) yaw=LOCAL_HOLD
[EXPERIMENTAL AUTO] ACTIVE frame=52252 cmd=(+0.111,-0.022,-0.011) yaw=LOCAL_HOLD
[EXPERIMENTAL AUTO] ACTIVE frame=52255 cmd=(+0.105,-0.028,-0.016) yaw=LOCAL_HOLD
[EXPERIMENTAL AUTO] ACTIVE frame=52258 cmd=(+0.099,-0.022,-0.022) yaw=LOCAL_HOLD
[EXPERIMENTAL AUTO] ACTIVE frame=52261 cmd=(+0.084,-0.021,-0.025) yaw=LOCAL_HOLD
[EXPERIMENTAL AUTO] ACTIVE frame=52264 cmd=(+0.076,-0.017,-0.024) yaw=LOCAL_HOLD
[EXPERIMENTAL AUTO] ACTIVE frame=52267 cmd=(+0.055,-0.015,-0.025) yaw=LOCAL_HOLD
[EXPERIMENTAL AUTO] ACTIVE frame=52270 cmd=(+0.040,-0.013,-0.025) yaw=LOCAL_HOLD
[EXPERIMENTAL AUTO] ACTIVE frame=52273 cmd=(+0.022,-0.014,-0.020) yaw=LOCAL_HOLD
[EXPERIMENTAL AUTO] ACTIVE frame=52276 cmd=(+0.017,-0.015,-0.015) yaw=LOCAL_HOLD
[EXPERIMENTAL AUTO] ACTIVE frame=52279 cmd=(+0.002,-0.015,-0.004) yaw=LOCAL_HOLD
[EXPERIMENTAL AUTO] ACTIVE frame=52282 cmd=(-0.004,-0.024,+0.007) yaw=LOCAL_HOLD
[EXPERIMENTAL AUTO] ACTIVE frame=52285 cmd=(-0.007,-0.021,+0.015) yaw=LOCAL_HOLD
[EXPERIMENTAL AUTO] ACTIVE frame=52288 cmd=(-0.004,-0.030,+0.021) yaw=LOCAL_HOLD
[EXPERIMENTAL AUTO] ACTIVE frame=52291 cmd=(+0.002,-0.025,+0.032) yaw=LOCAL_HOLD
[EXPERIMENTAL AUTO] ACTIVE frame=52294 cmd=(+0.013,-0.018,+0.040) yaw=LOCAL_HOLD
[EXPERIMENTAL AUTO] ACTIVE frame=52297 cmd=(+0.027,-0.018,+0.045) yaw=LOCAL_HOLD
[EXPERIMENTAL AUTO] ACTIVE frame=52300 cmd=(+0.031,-0.013,+0.044) yaw=LOCAL_HOLD
[EXPERIMENTAL AUTO] ACTIVE frame=52303 cmd=(+0.042,-0.016,+0.046) yaw=LOCAL_HOLD
[EXPERIMENTAL AUTO] ACTIVE frame=52306 cmd=(+0.051,-0.000,+0.046) yaw=LOCAL_HOLD
[EXPERIMENTAL AUTO] ACTIVE frame=52309 cmd=(+0.054,+0.022,+0.044) yaw=LOCAL_HOLD
[EXPERIMENTAL AUTO] ACTIVE frame=52312 cmd=(+0.053,+0.022,+0.042) yaw=LOCAL_HOLD
[EXPERIMENTAL AUTO] ACTIVE frame=52315 cmd=(+0.053,+0.021,+0.038) yaw=LOCAL_HOLD
[EXPERIMENTAL AUTO] ACTIVE frame=52318 cmd=(+0.049,+0.014,+0.033) yaw=LOCAL_HOLD
[EXPERIMENTAL AUTO] ACTIVE frame=52321 cmd=(+0.035,+0.004,+0.028) yaw=LOCAL_HOLD
[EXPERIMENTAL AUTO] ACTIVE frame=52324 cmd=(+0.029,+0.009,+0.025) yaw=LOCAL_HOLD
[EXPERIMENTAL AUTO] ACTIVE frame=52327 cmd=(+0.013,+0.006,+0.018) yaw=LOCAL_HOLD
[EXPERIMENTAL AUTO] ACTIVE frame=52330 cmd=(+0.002,-0.001,+0.012) yaw=LOCAL_HOLD
[EXPERIMENTAL AUTO] ACTIVE frame=52336 cmd=(-0.012,-0.033,+0.004) yaw=LOCAL_HOLD
[EXPERIMENTAL AUTO] ACTIVE frame=52339 cmd=(-0.020,-0.035,-0.003) yaw=LOCAL_HOLD
[EXPERIMENTAL AUTO] ACTIVE frame=52342 cmd=(-0.027,-0.056,-0.009) yaw=LOCAL_HOLD
[EXPERIMENTAL AUTO] ACTIVE frame=52348 cmd=(-0.036,-0.022,-0.013) yaw=LOCAL_HOLD
[EXPERIMENTAL AUTO] ACTIVE frame=52351 cmd=(-0.045,-0.005,-0.016) yaw=LOCAL_HOLD
[EXPERIMENTAL AUTO] ACTIVE frame=52354 cmd=(-0.045,+0.000,-0.016) yaw=LOCAL_HOLD
[EXPERIMENTAL AUTO] ACTIVE frame=52360 cmd=(-0.047,+0.008,-0.016) yaw=LOCAL_HOLD
[EXPERIMENTAL AUTO] ACTIVE frame=52363 cmd=(-0.045,+0.013,-0.012) yaw=LOCAL_HOLD
[EXPERIMENTAL AUTO] ACTIVE frame=52366 cmd=(-0.040,+0.016,-0.005) yaw=LOCAL_HOLD
[EXPERIMENTAL AUTO] ACTIVE frame=52369 cmd=(-0.028,+0.016,+0.003) yaw=LOCAL_HOLD
[EXPERIMENTAL AUTO] ACTIVE frame=52372 cmd=(-0.021,+0.016,+0.007) yaw=LOCAL_HOLD
[EXPERIMENTAL AUTO] ACTIVE frame=52375 cmd=(-0.010,+0.004,+0.017) yaw=LOCAL_HOLD
[EXPERIMENTAL AUTO] ACTIVE frame=52378 cmd=(-0.002,-0.009,+0.021) yaw=LOCAL_HOLD
[EXPERIMENTAL AUTO] ACTIVE frame=52381 cmd=(+0.004,-0.041,+0.026) yaw=LOCAL_HOLD
[EXPERIMENTAL AUTO] ACTIVE frame=52384 cmd=(+0.008,-0.030,+0.026) yaw=LOCAL_HOLD
[EXPERIMENTAL AUTO] ACTIVE frame=52387 cmd=(+0.020,+0.006,+0.029) yaw=LOCAL_HOLD
[EXPERIMENTAL AUTO] ACTIVE frame=52390 cmd=(+0.017,-0.027,+0.029) yaw=LOCAL_HOLD
[EXPERIMENTAL AUTO] ACTIVE frame=52393 cmd=(+0.023,-0.016,+0.024) yaw=LOCAL_HOLD
[EXPERIMENTAL AUTO] ACTIVE frame=52396 cmd=(+0.022,-0.009,+0.020) yaw=LOCAL_HOLD
[EXPERIMENTAL AUTO] ACTIVE frame=52399 cmd=(+0.023,-0.010,+0.012) yaw=LOCAL_HOLD
[EXPERIMENTAL AUTO] ACTIVE frame=52402 cmd=(+0.023,+0.005,+0.008) yaw=LOCAL_HOLD
[EXPERIMENTAL AUTO] ACTIVE frame=52405 cmd=(+0.018,+0.006,+0.003) yaw=LOCAL_HOLD
[EXPERIMENTAL AUTO] ACTIVE frame=52408 cmd=(+0.015,+0.007,-0.000) yaw=LOCAL_HOLD
[EXPERIMENTAL AUTO] ACTIVE frame=52411 cmd=(+0.005,+0.006,-0.007) yaw=LOCAL_HOLD
[EXPERIMENTAL AUTO] ACTIVE frame=52414 cmd=(+0.000,+0.002,-0.012) yaw=LOCAL_HOLD
[EXPERIMENTAL AUTO] ACTIVE frame=52417 cmd=(-0.016,+0.001,-0.015) yaw=LOCAL_HOLD
[EXPERIMENTAL AUTO] ACTIVE frame=52420 cmd=(-0.024,+0.004,-0.015) yaw=LOCAL_HOLD
[EXPERIMENTAL AUTO] ACTIVE frame=52423 cmd=(-0.041,+0.012,-0.016) yaw=LOCAL_HOLD
[EXPERIMENTAL AUTO] ACTIVE frame=52426 cmd=(-0.049,+0.038,-0.016) yaw=LOCAL_HOLD
[EXPERIMENTAL AUTO] ACTIVE frame=52429 cmd=(-0.058,+0.019,-0.014) yaw=LOCAL_HOLD
[EXPERIMENTAL AUTO] ACTIVE frame=52432 cmd=(-0.058,+0.009,-0.010) yaw=LOCAL_HOLD
[EXPERIMENTAL AUTO] ACTIVE frame=52435 cmd=(-0.066,-0.024,-0.002) yaw=LOCAL_HOLD
[EXPERIMENTAL AUTO] ACTIVE frame=52438 cmd=(-0.063,-0.011,+0.007) yaw=LOCAL_HOLD
[EXPERIMENTAL AUTO] ACTIVE frame=52441 cmd=(-0.056,-0.018,+0.015) yaw=LOCAL_HOLD
[EXPERIMENTAL AUTO] ACTIVE frame=52444 cmd=(-0.052,-0.021,+0.017) yaw=LOCAL_HOLD
[EXPERIMENTAL AUTO] ACTIVE frame=52447 cmd=(-0.043,-0.025,+0.025) yaw=LOCAL_HOLD
[EXPERIMENTAL AUTO] ACTIVE frame=52450 cmd=(-0.036,-0.028,+0.030) yaw=LOCAL_HOLD
[EXPERIMENTAL AUTO] ACTIVE frame=52453 cmd=(-0.028,-0.027,+0.033) yaw=LOCAL_HOLD
[EXPERIMENTAL AUTO] ACTIVE frame=52456 cmd=(-0.031,-0.042,+0.033) yaw=LOCAL_HOLD
[EXPERIMENTAL AUTO] ACTIVE frame=52459 cmd=(-0.028,-0.031,+0.032) yaw=LOCAL_HOLD
[EXPERIMENTAL AUTO] ACTIVE frame=52462 cmd=(-0.029,+0.000,+0.031) yaw=LOCAL_HOLD
[EXPERIMENTAL AUTO] ACTIVE frame=52468 cmd=(-0.035,-0.012,+0.028) yaw=LOCAL_HOLD
[EXPERIMENTAL AUTO] ACTIVE frame=52471 cmd=(-0.042,-0.022,+0.025) yaw=LOCAL_HOLD
[EXPERIMENTAL AUTO] ACTIVE frame=52474 cmd=(-0.048,-0.013,+0.022) yaw=LOCAL_HOLD
[EXPERIMENTAL AUTO] ACTIVE frame=52477 cmd=(-0.067,-0.016,+0.017) yaw=LOCAL_HOLD
[EXPERIMENTAL AUTO] ACTIVE frame=52480 cmd=(-0.075,-0.005,+0.019) yaw=LOCAL_HOLD
[EXPERIMENTAL AUTO] ACTIVE frame=52483 cmd=(-0.095,-0.001,+0.014) yaw=LOCAL_HOLD
[EXPERIMENTAL AUTO] ACTIVE frame=52486 cmd=(-0.108,+0.006,+0.011) yaw=LOCAL_HOLD
[EXPERIMENTAL AUTO] ACTIVE frame=52489 cmd=(-0.128,+0.013,+0.008) yaw=LOCAL_HOLD
[EXPERIMENTAL AUTO] ACTIVE frame=52492 cmd=(-0.134,+0.013,+0.008) yaw=LOCAL_HOLD
[EXPERIMENTAL AUTO] ACTIVE frame=52495 cmd=(-0.152,+0.020,+0.003) yaw=LOCAL_HOLD
[EXPERIMENTAL AUTO] ACTIVE frame=52498 cmd=(-0.161,+0.019,+0.001) yaw=LOCAL_HOLD
[EXPERIMENTAL AUTO] ACTIVE frame=52501 cmd=(-0.163,+0.022,-0.002) yaw=LOCAL_HOLD
[EXPERIMENTAL AUTO] ACTIVE frame=52504 cmd=(-0.159,+0.022,-0.002) yaw=LOCAL_HOLD
[EXPERIMENTAL AUTO] ACTIVE frame=52507 cmd=(-0.156,+0.029,-0.004) yaw=LOCAL_HOLD
[EXPERIMENTAL AUTO] ACTIVE frame=52510 cmd=(-0.145,+0.031,-0.008) yaw=LOCAL_HOLD
[EXPERIMENTAL AUTO] ACTIVE frame=52513 cmd=(-0.106,+0.033,-0.010) yaw=LOCAL_HOLD
[EXPERIMENTAL AUTO] ACTIVE frame=52516 cmd=(-0.106,+0.031,-0.007) yaw=LOCAL_HOLD
[EXPERIMENTAL AUTO] ACTIVE frame=52519 cmd=(-0.066,+0.033,-0.007) yaw=LOCAL_HOLD
[EXPERIMENTAL AUTO] ACTIVE frame=52522 cmd=(-0.026,+0.034,-0.007) yaw=LOCAL_HOLD
[EXPERIMENTAL AUTO] ACTIVE frame=52525 cmd=(+0.014,+0.010,-0.003) yaw=LOCAL_HOLD
[EXPERIMENTAL AUTO] ACTIVE frame=52528 cmd=(+0.010,+0.002,+0.000) yaw=LOCAL_HOLD
[EXPERIMENTAL AUTO] ACTIVE frame=52531 cmd=(+0.049,-0.008,+0.006) yaw=LOCAL_HOLD
[EXPERIMENTAL AUTO] ACTIVE frame=52534 cmd=(+0.091,-0.005,+0.008) yaw=LOCAL_HOLD
[EXPERIMENTAL AUTO] ACTIVE frame=52537 cmd=(+0.123,+0.007,+0.011) yaw=LOCAL_HOLD
[EXPERIMENTAL AUTO] ACTIVE frame=52540 cmd=(+0.119,-0.011,+0.012) yaw=LOCAL_HOLD
[EXPERIMENTAL AUTO] ACTIVE frame=52543 cmd=(+0.128,-0.020,+0.012) yaw=LOCAL_HOLD
[EXPERIMENTAL AUTO] ACTIVE frame=52546 cmd=(+0.119,-0.031,+0.012) yaw=LOCAL_HOLD
[EXPERIMENTAL AUTO] ACTIVE frame=52549 cmd=(+0.086,-0.029,+0.011) yaw=LOCAL_HOLD
[EXPERIMENTAL AUTO] ACTIVE frame=52552 cmd=(+0.077,-0.026,+0.009) yaw=LOCAL_HOLD
[EXPERIMENTAL AUTO] ACTIVE frame=52555 cmd=(+0.035,-0.017,+0.006) yaw=LOCAL_HOLD
[EXPERIMENTAL AUTO] ACTIVE frame=52558 cmd=(+0.006,-0.003,+0.004) yaw=LOCAL_HOLD
[EXPERIMENTAL AUTO] ACTIVE frame=52561 cmd=(-0.034,+0.008,+0.002) yaw=LOCAL_HOLD
[EXPERIMENTAL AUTO] ACTIVE frame=52564 cmd=(-0.036,+0.014,+0.002) yaw=LOCAL_HOLD
[EXPERIMENTAL AUTO] ACTIVE frame=52567 cmd=(-0.072,+0.047,+0.001) yaw=LOCAL_HOLD
[EXPERIMENTAL AUTO] ACTIVE frame=52570 cmd=(-0.088,+0.067,+0.001) yaw=LOCAL_HOLD
[EXPERIMENTAL AUTO] ACTIVE frame=52573 cmd=(-0.113,+0.049,+0.003) yaw=LOCAL_HOLD
[EXPERIMENTAL AUTO] ACTIVE frame=52576 cmd=(-0.117,+0.042,+0.006) yaw=LOCAL_HOLD
[EXPERIMENTAL AUTO] ACTIVE frame=52579 cmd=(-0.135,+0.020,+0.010) yaw=LOCAL_HOLD
[EXPERIMENTAL AUTO] ACTIVE frame=52582 cmd=(-0.138,+0.005,+0.013) yaw=LOCAL_HOLD
[EXPERIMENTAL AUTO] ACTIVE frame=52588 cmd=(-0.142,-0.016,+0.018) yaw=LOCAL_HOLD
[EXPERIMENTAL AUTO] ACTIVE frame=52591 cmd=(-0.145,-0.025,+0.022) yaw=LOCAL_HOLD
[EXPERIMENTAL AUTO] ACTIVE frame=52594 cmd=(-0.138,-0.027,+0.024) yaw=LOCAL_HOLD
[EXPERIMENTAL AUTO] ACTIVE frame=52600 cmd=(-0.126,-0.023,+0.027) yaw=LOCAL_HOLD
[EXPERIMENTAL AUTO] ACTIVE frame=52603 cmd=(-0.113,-0.019,+0.029) yaw=LOCAL_HOLD
[EXPERIMENTAL AUTO] ACTIVE frame=52606 cmd=(-0.108,-0.015,+0.029) yaw=LOCAL_HOLD
[EXPERIMENTAL AUTO] ACTIVE frame=52609 cmd=(-0.082,-0.010,+0.030) yaw=LOCAL_HOLD
[EXPERIMENTAL AUTO] ACTIVE frame=52612 cmd=(-0.073,-0.007,+0.029) yaw=LOCAL_HOLD
[EXPERIMENTAL AUTO] ACTIVE frame=52615 cmd=(-0.047,+0.002,+0.027) yaw=LOCAL_HOLD
[EXPERIMENTAL AUTO] ACTIVE frame=52618 cmd=(-0.032,+0.008,+0.024) yaw=LOCAL_HOLD
[EXPERIMENTAL AUTO] ACTIVE frame=52621 cmd=(-0.025,+0.013,+0.021) yaw=LOCAL_HOLD
[EXPERIMENTAL AUTO] ACTIVE frame=52624 cmd=(-0.030,+0.016,+0.022) yaw=LOCAL_HOLD
[EXPERIMENTAL AUTO] ACTIVE frame=52627 cmd=(-0.039,+0.020,+0.019) yaw=LOCAL_HOLD
[EXPERIMENTAL AUTO] ACTIVE frame=52630 cmd=(-0.051,+0.023,+0.015) yaw=LOCAL_HOLD
[EXPERIMENTAL AUTO] ACTIVE frame=52633 cmd=(-0.066,+0.028,+0.012) yaw=LOCAL_HOLD
[EXPERIMENTAL AUTO] ACTIVE frame=52636 cmd=(-0.071,+0.030,+0.011) yaw=LOCAL_HOLD
[EXPERIMENTAL AUTO] ACTIVE frame=52639 cmd=(-0.086,+0.036,+0.006) yaw=LOCAL_HOLD
[EXPERIMENTAL AUTO] ACTIVE frame=52642 cmd=(-0.096,+0.037,+0.004) yaw=LOCAL_HOLD
[EXPERIMENTAL AUTO] ACTIVE frame=52645 cmd=(-0.102,+0.054,+0.000) yaw=LOCAL_HOLD
[EXPERIMENTAL AUTO] ACTIVE frame=52648 cmd=(-0.102,+0.047,-0.001) yaw=LOCAL_HOLD
[EXPERIMENTAL AUTO] ACTIVE frame=52651 cmd=(-0.105,+0.055,-0.006) yaw=LOCAL_HOLD
[EXPERIMENTAL AUTO] ACTIVE: RETURN TO FOSSEN BALANCE, WAIT VISION
[EXPERIMENTAL AUTO] ACTIVE frame=52657 cmd=(-0.064,+0.036,+0.012) yaw=LOCAL_HOLD
[EXPERIMENTAL AUTO] ACTIVE frame=52660 cmd=(-0.038,+0.032,+0.014) yaw=LOCAL_HOLD
[EXPERIMENTAL AUTO] ACTIVE frame=52663 cmd=(-0.042,+0.063,+0.009) yaw=LOCAL_HOLD
[EXPERIMENTAL AUTO] ACTIVE frame=52666 cmd=(-0.045,+0.077,+0.006) yaw=LOCAL_HOLD
[EXPERIMENTAL AUTO] ACTIVE frame=52669 cmd=(-0.046,+0.107,+0.004) yaw=LOCAL_HOLD
[EXPERIMENTAL AUTO] ACTIVE frame=52672 cmd=(-0.045,+0.109,+0.003) yaw=LOCAL_HOLD
[EXPERIMENTAL AUTO] ACTIVE frame=52675 cmd=(-0.045,+0.116,-0.000) yaw=LOCAL_HOLD
[EXPERIMENTAL AUTO] ACTIVE frame=52678 cmd=(-0.046,+0.118,-0.002) yaw=LOCAL_HOLD
[EXPERIMENTAL AUTO] ACTIVE frame=52681 cmd=(-0.053,+0.118,-0.002) yaw=LOCAL_HOLD
[EXPERIMENTAL AUTO] ACTIVE frame=52684 cmd=(-0.058,+0.118,-0.001) yaw=LOCAL_HOLD
[EXPERIMENTAL AUTO] ACTIVE frame=52687 cmd=(-0.068,+0.116,-0.001) yaw=LOCAL_HOLD
[EXPERIMENTAL AUTO] ACTIVE frame=52690 cmd=(-0.076,+0.114,-0.000) yaw=LOCAL_HOLD
[EXPERIMENTAL AUTO] ACTIVE: RETURN TO FOSSEN BALANCE, WAIT VISION
[EXPERIMENTAL AUTO] ACTIVE frame=52711 cmd=(-0.022,+0.012,+0.010) yaw=LOCAL_HOLD
[EXPERIMENTAL AUTO] ACTIVE frame=52714 cmd=(-0.036,-0.013,+0.002) yaw=LOCAL_HOLD
[EXPERIMENTAL AUTO] ACTIVE frame=52720 cmd=(-0.075,-0.011,-0.003) yaw=LOCAL_HOLD
[EXPERIMENTAL AUTO] ACTIVE frame=52723 cmd=(-0.115,-0.029,-0.009) yaw=LOCAL_HOLD
[EXPERIMENTAL AUTO] ACTIVE frame=52726 cmd=(-0.154,-0.034,-0.015) yaw=LOCAL_HOLD
[EXPERIMENTAL AUTO] ACTIVE frame=52729 cmd=(-0.194,-0.027,-0.015) yaw=LOCAL_HOLD
[EXPERIMENTAL AUTO] ACTIVE frame=52732 cmd=(-0.194,-0.019,-0.013) yaw=LOCAL_HOLD
[EXPERIMENTAL AUTO] ACTIVE frame=52735 cmd=(-0.200,+0.003,-0.012) yaw=LOCAL_HOLD
[EXPERIMENTAL AUTO] ACTIVE frame=52738 cmd=(-0.200,+0.013,-0.008) yaw=LOCAL_HOLD
[EXPERIMENTAL AUTO] ACTIVE frame=52741 cmd=(-0.200,+0.019,-0.004) yaw=LOCAL_HOLD
[EXPERIMENTAL AUTO] ACTIVE frame=52744 cmd=(-0.192,+0.026,-0.002) yaw=LOCAL_HOLD
[EXPERIMENTAL AUTO] ACTIVE frame=52747 cmd=(-0.177,+0.036,+0.002) yaw=LOCAL_HOLD
[EXPERIMENTAL AUTO] ACTIVE frame=52750 cmd=(-0.159,+0.045,+0.003) yaw=LOCAL_HOLD
[EXPERIMENTAL AUTO] ACTIVE frame=52753 cmd=(-0.119,+0.049,-0.000) yaw=LOCAL_HOLD
[EXPERIMENTAL AUTO] ACTIVE frame=52756 cmd=(-0.119,+0.052,-0.004) yaw=LOCAL_HOLD
[EXPERIMENTAL AUTO] ACTIVE frame=52759 cmd=(-0.080,+0.057,-0.012) yaw=LOCAL_HOLD
[EXPERIMENTAL AUTO] ACTIVE frame=52762 cmd=(-0.045,+0.055,-0.020) yaw=LOCAL_HOLD
[EXPERIMENTAL AUTO] ACTIVE frame=52765 cmd=(-0.008,+0.024,-0.029) yaw=LOCAL_HOLD
[EXPERIMENTAL AUTO] ACTIVE frame=52768 cmd=(-0.008,+0.038,-0.031) yaw=LOCAL_HOLD
[EXPERIMENTAL AUTO] ACTIVE frame=52771 cmd=(+0.024,+0.035,-0.039) yaw=LOCAL_HOLD
[EXPERIMENTAL AUTO] ACTIVE frame=52774 cmd=(+0.035,+0.048,-0.042) yaw=LOCAL_HOLD
[EXPERIMENTAL AUTO] ACTIVE frame=52777 cmd=(+0.035,+0.031,-0.045) yaw=LOCAL_HOLD
[EXPERIMENTAL AUTO] ACTIVE frame=52780 cmd=(+0.016,+0.025,-0.045) yaw=LOCAL_HOLD
[EXPERIMENTAL AUTO] ACTIVE frame=52783 cmd=(-0.007,-0.006,-0.046) yaw=LOCAL_HOLD
[EXPERIMENTAL AUTO] ACTIVE frame=52786 cmd=(-0.027,+0.027,-0.046) yaw=LOCAL_HOLD
[EXPERIMENTAL AUTO] ACTIVE frame=52789 cmd=(-0.054,+0.020,-0.046) yaw=LOCAL_HOLD
[EXPERIMENTAL AUTO] ACTIVE frame=52792 cmd=(-0.062,+0.044,-0.044) yaw=LOCAL_HOLD
[EXPERIMENTAL AUTO] ACTIVE frame=52795 cmd=(-0.089,+0.014,-0.038) yaw=LOCAL_HOLD
[EXPERIMENTAL AUTO] ACTIVE frame=52798 cmd=(-0.107,-0.004,-0.028) yaw=LOCAL_HOLD
[EXPERIMENTAL AUTO] ACTIVE frame=52801 cmd=(-0.124,+0.015,-0.017) yaw=LOCAL_HOLD
[EXPERIMENTAL AUTO] ACTIVE frame=52804 cmd=(-0.128,+0.014,-0.012) yaw=LOCAL_HOLD
[EXPERIMENTAL AUTO] ACTIVE frame=52807 cmd=(-0.141,+0.015,-0.001) yaw=LOCAL_HOLD
[EXPERIMENTAL AUTO] ACTIVE frame=52810 cmd=(-0.141,+0.013,+0.004) yaw=LOCAL_HOLD
[EXPERIMENTAL AUTO] ACTIVE frame=52816 cmd=(-0.157,+0.001,+0.014) yaw=LOCAL_HOLD
[EXPERIMENTAL AUTO] ACTIVE frame=52819 cmd=(-0.171,-0.005,+0.022) yaw=LOCAL_HOLD
[EXPERIMENTAL AUTO] ACTIVE frame=52822 cmd=(-0.180,-0.014,+0.026) yaw=LOCAL_HOLD
[EXPERIMENTAL AUTO] ACTIVE frame=52825 cmd=(-0.176,-0.016,+0.026) yaw=LOCAL_HOLD
[EXPERIMENTAL AUTO] ACTIVE frame=52828 cmd=(-0.166,-0.002,+0.025) yaw=LOCAL_HOLD
[EXPERIMENTAL AUTO] ACTIVE frame=52831 cmd=(-0.151,+0.005,+0.019) yaw=LOCAL_HOLD
[EXPERIMENTAL AUTO] ACTIVE frame=52834 cmd=(-0.137,+0.022,+0.017) yaw=LOCAL_HOLD
[EXPERIMENTAL AUTO] ACTIVE frame=52840 cmd=(-0.097,+0.041,+0.014) yaw=LOCAL_HOLD
[EXPERIMENTAL AUTO] ACTIVE frame=52843 cmd=(-0.057,+0.062,+0.013) yaw=LOCAL_HOLD
[EXPERIMENTAL AUTO] ACTIVE frame=52846 cmd=(-0.017,+0.069,+0.012) yaw=LOCAL_HOLD
[EXPERIMENTAL AUTO] ACTIVE frame=52849 cmd=(+0.024,+0.095,+0.014) yaw=LOCAL_HOLD
[EXPERIMENTAL AUTO] ACTIVE frame=52852 cmd=(+0.024,+0.085,+0.017) yaw=LOCAL_HOLD
[EXPERIMENTAL AUTO] ACTIVE frame=52855 cmd=(+0.066,+0.100,+0.020) yaw=LOCAL_HOLD
[EXPERIMENTAL AUTO] ACTIVE frame=52858 cmd=(+0.086,+0.111,+0.019) yaw=LOCAL_HOLD
[EXPERIMENTAL AUTO] ACTIVE frame=52861 cmd=(+0.101,+0.117,+0.015) yaw=LOCAL_HOLD
[EXPERIMENTAL AUTO] ACTIVE frame=52864 cmd=(+0.100,+0.118,+0.011) yaw=LOCAL_HOLD
[EXPERIMENTAL AUTO] ACTIVE frame=52867 cmd=(+0.106,+0.086,+0.004) yaw=LOCAL_HOLD
[EXPERIMENTAL AUTO] ACTIVE frame=52870 cmd=(+0.100,+0.112,-0.003) yaw=LOCAL_HOLD
[EXPERIMENTAL AUTO] ACTIVE frame=52873 cmd=(+0.101,+0.097,-0.010) yaw=LOCAL_HOLD
[EXPERIMENTAL AUTO] ACTIVE frame=52876 cmd=(+0.098,+0.080,-0.012) yaw=LOCAL_HOLD
[EXPERIMENTAL AUTO] ACTIVE frame=52879 cmd=(+0.093,+0.063,-0.020) yaw=LOCAL_HOLD
[EXPERIMENTAL AUTO] ACTIVE frame=52882 cmd=(+0.085,+0.079,-0.030) yaw=LOCAL_HOLD
[EXPERIMENTAL AUTO] ACTIVE frame=52885 cmd=(+0.054,+0.048,-0.037) yaw=LOCAL_HOLD
[EXPERIMENTAL AUTO] ACTIVE frame=52888 cmd=(+0.040,+0.050,-0.038) yaw=LOCAL_HOLD
[EXPERIMENTAL AUTO] ACTIVE frame=52891 cmd=(+0.005,+0.017,-0.041) yaw=LOCAL_HOLD
[EXPERIMENTAL AUTO] ACTIVE frame=52894 cmd=(-0.020,-0.011,-0.041) yaw=LOCAL_HOLD
[EXPERIMENTAL AUTO] ACTIVE frame=52897 cmd=(-0.055,-0.022,-0.037) yaw=LOCAL_HOLD
[EXPERIMENTAL AUTO] ACTIVE frame=52900 cmd=(-0.059,-0.000,-0.029) yaw=LOCAL_HOLD
[EXPERIMENTAL AUTO] ACTIVE frame=52903 cmd=(-0.098,-0.021,-0.017) yaw=LOCAL_HOLD
[EXPERIMENTAL AUTO] ACTIVE frame=52906 cmd=(-0.120,-0.031,-0.005) yaw=LOCAL_HOLD
[EXPERIMENTAL AUTO] ACTIVE frame=52909 cmd=(-0.135,-0.030,+0.006) yaw=LOCAL_HOLD
[EXPERIMENTAL AUTO] ACTIVE frame=52912 cmd=(-0.132,-0.029,+0.009) yaw=LOCAL_HOLD
[EXPERIMENTAL AUTO] ACTIVE frame=52915 cmd=(-0.133,-0.021,+0.018) yaw=LOCAL_HOLD
[EXPERIMENTAL AUTO] ACTIVE frame=52918 cmd=(-0.125,-0.015,+0.023) yaw=LOCAL_HOLD
[EXPERIMENTAL AUTO] ACTIVE frame=52921 cmd=(-0.105,-0.016,+0.026) yaw=LOCAL_HOLD
[EXPERIMENTAL AUTO] ACTIVE frame=52924 cmd=(-0.094,-0.019,+0.025) yaw=LOCAL_HOLD
[EXPERIMENTAL AUTO] ACTIVE frame=52927 cmd=(-0.068,-0.023,+0.023) yaw=LOCAL_HOLD
[EXPERIMENTAL AUTO] ACTIVE frame=52930 cmd=(-0.050,-0.021,+0.019) yaw=LOCAL_HOLD
[EXPERIMENTAL AUTO] ACTIVE frame=52936 cmd=(-0.015,-0.019,+0.015) yaw=LOCAL_HOLD
[EXPERIMENTAL AUTO] ACTIVE frame=52939 cmd=(+0.016,-0.016,+0.010) yaw=LOCAL_HOLD
[EXPERIMENTAL AUTO] ACTIVE frame=52942 cmd=(+0.039,-0.021,+0.006) yaw=LOCAL_HOLD
[EXPERIMENTAL AUTO] ACTIVE frame=52948 cmd=(+0.052,-0.018,+0.003) yaw=LOCAL_HOLD
[EXPERIMENTAL AUTO] ACTIVE frame=52951 cmd=(+0.054,-0.017,+0.001) yaw=LOCAL_HOLD
[EXPERIMENTAL AUTO] ACTIVE frame=52954 cmd=(+0.049,-0.015,-0.001) yaw=LOCAL_HOLD
[EXPERIMENTAL AUTO] ACTIVE frame=52957 cmd=(+0.038,-0.016,-0.004) yaw=LOCAL_HOLD
[EXPERIMENTAL AUTO] ACTIVE frame=52960 cmd=(+0.031,-0.018,-0.005) yaw=LOCAL_HOLD
[EXPERIMENTAL AUTO] ACTIVE frame=52963 cmd=(+0.015,-0.020,-0.007) yaw=LOCAL_HOLD
[EXPERIMENTAL AUTO] ACTIVE frame=52966 cmd=(+0.004,-0.020,-0.009) yaw=LOCAL_HOLD
[EXPERIMENTAL AUTO] ACTIVE frame=52969 cmd=(-0.005,-0.006,-0.009) yaw=LOCAL_HOLD
[EXPERIMENTAL AUTO] ACTIVE frame=52972 cmd=(-0.010,-0.024,-0.007) yaw=LOCAL_HOLD
[EXPERIMENTAL AUTO] ACTIVE frame=52975 cmd=(-0.020,-0.034,-0.001) yaw=LOCAL_HOLD
[EXPERIMENTAL AUTO] ACTIVE frame=52978 cmd=(-0.028,-0.041,+0.005) yaw=LOCAL_HOLD
[EXPERIMENTAL AUTO] ACTIVE frame=52981 cmd=(-0.028,-0.023,+0.010) yaw=LOCAL_HOLD
[EXPERIMENTAL AUTO] ACTIVE frame=52984 cmd=(-0.025,-0.025,+0.012) yaw=LOCAL_HOLD
[EXPERIMENTAL AUTO] ACTIVE frame=52987 cmd=(-0.020,-0.015,+0.018) yaw=LOCAL_HOLD
[EXPERIMENTAL AUTO] ACTIVE frame=52990 cmd=(-0.014,-0.005,+0.022) yaw=LOCAL_HOLD
[EXPERIMENTAL AUTO] ACTIVE frame=52993 cmd=(-0.015,-0.015,+0.023) yaw=LOCAL_HOLD
[EXPERIMENTAL AUTO] ACTIVE frame=52996 cmd=(-0.019,-0.013,+0.022) yaw=LOCAL_HOLD
[EXPERIMENTAL AUTO] ACTIVE frame=52999 cmd=(-0.025,-0.011,+0.020) yaw=LOCAL_HOLD
[EXPERIMENTAL AUTO] ACTIVE frame=53002 cmd=(-0.031,-0.009,+0.017) yaw=LOCAL_HOLD
[EXPERIMENTAL AUTO] ACTIVE frame=53005 cmd=(-0.036,+0.004,+0.015) yaw=LOCAL_HOLD
[EXPERIMENTAL AUTO] ACTIVE frame=53008 cmd=(-0.037,+0.002,+0.014) yaw=LOCAL_HOLD
[EXPERIMENTAL AUTO] ACTIVE frame=53011 cmd=(-0.042,-0.000,+0.010) yaw=LOCAL_HOLD
[EXPERIMENTAL AUTO] ACTIVE frame=53014 cmd=(-0.043,-0.002,+0.005) yaw=LOCAL_HOLD
[EXPERIMENTAL AUTO] ACTIVE frame=53017 cmd=(-0.037,-0.014,+0.001) yaw=LOCAL_HOLD
[EXPERIMENTAL AUTO] ACTIVE frame=53020 cmd=(-0.028,-0.008,+0.001) yaw=LOCAL_HOLD
[EXPERIMENTAL AUTO] ACTIVE frame=53023 cmd=(-0.015,-0.014,-0.004) yaw=LOCAL_HOLD
[EXPERIMENTAL AUTO] ACTIVE frame=53026 cmd=(-0.013,-0.015,-0.005) yaw=LOCAL_HOLD
[EXPERIMENTAL AUTO] ACTIVE frame=53029 cmd=(+0.003,-0.022,-0.007) yaw=LOCAL_HOLD
[EXPERIMENTAL AUTO] ACTIVE frame=53032 cmd=(+0.007,-0.021,-0.007) yaw=LOCAL_HOLD
[EXPERIMENTAL AUTO] ACTIVE frame=53035 cmd=(+0.023,-0.004,-0.007) yaw=LOCAL_HOLD
[EXPERIMENTAL AUTO] ACTIVE frame=53038 cmd=(+0.029,-0.017,-0.007) yaw=LOCAL_HOLD
[EXPERIMENTAL AUTO] ACTIVE frame=53041 cmd=(+0.042,-0.013,-0.006) yaw=LOCAL_HOLD
[EXPERIMENTAL AUTO] ACTIVE frame=53044 cmd=(+0.045,-0.015,-0.004) yaw=LOCAL_HOLD
[EXPERIMENTAL AUTO] ACTIVE frame=53047 cmd=(+0.054,-0.018,-0.001) yaw=LOCAL_HOLD
[EXPERIMENTAL AUTO] ACTIVE frame=53050 cmd=(+0.058,-0.020,+0.002) yaw=LOCAL_HOLD
[EXPERIMENTAL AUTO] ACTIVE frame=53056 cmd=(+0.060,-0.015,+0.004) yaw=LOCAL_HOLD
[EXPERIMENTAL AUTO] ACTIVE frame=53059 cmd=(+0.059,-0.013,+0.005) yaw=LOCAL_HOLD
[EXPERIMENTAL AUTO] ACTIVE frame=53062 cmd=(+0.056,-0.014,+0.008) yaw=LOCAL_HOLD
[EXPERIMENTAL AUTO] ACTIVE frame=53065 cmd=(+0.048,-0.014,+0.010) yaw=LOCAL_HOLD
[EXPERIMENTAL AUTO] ACTIVE frame=53068 cmd=(+0.043,-0.016,+0.012) yaw=LOCAL_HOLD
[EXPERIMENTAL AUTO] ACTIVE frame=53071 cmd=(+0.032,-0.016,+0.015) yaw=LOCAL_HOLD
[EXPERIMENTAL AUTO] ACTIVE frame=53074 cmd=(+0.024,-0.021,+0.017) yaw=LOCAL_HOLD
[EXPERIMENTAL AUTO] ACTIVE frame=53077 cmd=(+0.012,-0.024,+0.018) yaw=LOCAL_HOLD
[EXPERIMENTAL AUTO] ACTIVE frame=53080 cmd=(+0.007,-0.025,+0.019) yaw=LOCAL_HOLD
[EXPERIMENTAL AUTO] ACTIVE frame=53083 cmd=(-0.001,-0.004,+0.022) yaw=LOCAL_HOLD
[EXPERIMENTAL AUTO] ACTIVE frame=53086 cmd=(-0.004,+0.008,+0.023) yaw=LOCAL_HOLD
[EXPERIMENTAL AUTO] ACTIVE frame=53089 cmd=(-0.021,-0.015,+0.023) yaw=LOCAL_HOLD
[EXPERIMENTAL AUTO] ACTIVE frame=53092 cmd=(-0.024,+0.003,+0.024) yaw=LOCAL_HOLD
[EXPERIMENTAL AUTO] ACTIVE frame=53095 cmd=(-0.039,-0.031,+0.025) yaw=LOCAL_HOLD
[EXPERIMENTAL AUTO] ACTIVE frame=53098 cmd=(-0.048,-0.050,+0.023) yaw=LOCAL_HOLD
[EXPERIMENTAL AUTO] ACTIVE frame=53101 cmd=(-0.056,-0.015,+0.022) yaw=LOCAL_HOLD
[EXPERIMENTAL AUTO] ACTIVE frame=53104 cmd=(-0.058,-0.015,+0.022) yaw=LOCAL_HOLD
[EXPERIMENTAL AUTO] ACTIVE frame=53107 cmd=(-0.063,-0.009,+0.020) yaw=LOCAL_HOLD
[EXPERIMENTAL AUTO] ACTIVE frame=53110 cmd=(-0.064,-0.014,+0.020) yaw=LOCAL_HOLD
[EXPERIMENTAL AUTO] ACTIVE frame=53113 cmd=(-0.055,+0.007,+0.016) yaw=LOCAL_HOLD
[EXPERIMENTAL AUTO] ACTIVE frame=53116 cmd=(-0.049,+0.007,+0.016) yaw=LOCAL_HOLD
[EXPERIMENTAL AUTO] ACTIVE frame=53119 cmd=(-0.036,+0.004,+0.013) yaw=LOCAL_HOLD
[EXPERIMENTAL AUTO] ACTIVE frame=53122 cmd=(-0.027,+0.006,+0.010) yaw=LOCAL_HOLD
[EXPERIMENTAL AUTO] ACTIVE frame=53125 cmd=(-0.015,+0.002,+0.009) yaw=LOCAL_HOLD
[EXPERIMENTAL AUTO] ACTIVE frame=53128 cmd=(-0.011,+0.000,+0.008) yaw=LOCAL_HOLD
[EXPERIMENTAL AUTO] ACTIVE frame=53131 cmd=(+0.001,-0.005,+0.004) yaw=LOCAL_HOLD
[EXPERIMENTAL AUTO] ACTIVE frame=53134 cmd=(+0.007,+0.024,+0.002) yaw=LOCAL_HOLD
[EXPERIMENTAL AUTO] ACTIVE frame=53137 cmd=(+0.021,+0.013,+0.001) yaw=LOCAL_HOLD
[EXPERIMENTAL AUTO] ACTIVE frame=53140 cmd=(+0.028,+0.024,-0.002) yaw=LOCAL_HOLD
[EXPERIMENTAL AUTO] ACTIVE frame=53143 cmd=(+0.037,-0.006,-0.003) yaw=LOCAL_HOLD
[EXPERIMENTAL AUTO] ACTIVE frame=53146 cmd=(+0.042,-0.009,-0.004) yaw=LOCAL_HOLD
[EXPERIMENTAL AUTO] ACTIVE frame=53149 cmd=(+0.044,+0.003,-0.004) yaw=LOCAL_HOLD
[EXPERIMENTAL AUTO] ACTIVE frame=53152 cmd=(+0.041,+0.000,-0.002) yaw=LOCAL_HOLD
[EXPERIMENTAL AUTO] ACTIVE frame=53155 cmd=(+0.037,+0.007,+0.004) yaw=LOCAL_HOLD
[EXPERIMENTAL AUTO] ACTIVE frame=53158 cmd=(+0.032,+0.012,+0.008) yaw=LOCAL_HOLD
[EXPERIMENTAL AUTO] ACTIVE frame=53161 cmd=(+0.030,+0.015,+0.014) yaw=LOCAL_HOLD
[EXPERIMENTAL AUTO] ACTIVE frame=53164 cmd=(+0.029,+0.011,+0.016) yaw=LOCAL_HOLD
[EXPERIMENTAL AUTO] ACTIVE frame=53167 cmd=(+0.026,+0.003,+0.022) yaw=LOCAL_HOLD
[EXPERIMENTAL AUTO] ACTIVE frame=53170 cmd=(+0.023,-0.005,+0.024) yaw=LOCAL_HOLD
[EXPERIMENTAL AUTO] ACTIVE frame=53173 cmd=(+0.010,-0.006,+0.024) yaw=LOCAL_HOLD
[EXPERIMENTAL AUTO] ACTIVE frame=53176 cmd=(+0.003,-0.009,+0.024) yaw=LOCAL_HOLD
[EXPERIMENTAL AUTO] ACTIVE frame=53179 cmd=(-0.012,-0.007,+0.022) yaw=LOCAL_HOLD
[EXPERIMENTAL AUTO] ACTIVE frame=53182 cmd=(-0.019,-0.011,+0.021) yaw=LOCAL_HOLD
[EXPERIMENTAL AUTO] ACTIVE frame=53185 cmd=(-0.028,-0.015,+0.018) yaw=LOCAL_HOLD
[EXPERIMENTAL AUTO] ACTIVE frame=53188 cmd=(-0.030,-0.016,+0.019) yaw=LOCAL_HOLD
[EXPERIMENTAL AUTO] ACTIVE frame=53191 cmd=(-0.038,+0.007,+0.016) yaw=LOCAL_HOLD
[EXPERIMENTAL AUTO] ACTIVE frame=53194 cmd=(-0.039,+0.034,+0.015) yaw=LOCAL_HOLD
[EXPERIMENTAL AUTO] ACTIVE frame=53197 cmd=(-0.041,+0.012,+0.014) yaw=LOCAL_HOLD
[EXPERIMENTAL AUTO] ACTIVE frame=53200 cmd=(-0.040,+0.012,+0.015) yaw=LOCAL_HOLD
[EXPERIMENTAL AUTO] ACTIVE frame=53203 cmd=(-0.040,-0.011,+0.013) yaw=LOCAL_HOLD
[EXPERIMENTAL AUTO] ACTIVE frame=53206 cmd=(-0.036,+0.003,+0.011) yaw=LOCAL_HOLD
[EXPERIMENTAL AUTO] ACTIVE frame=53212 cmd=(-0.024,+0.009,+0.010) yaw=LOCAL_HOLD
[EXPERIMENTAL AUTO] ACTIVE frame=53215 cmd=(-0.010,+0.009,+0.008) yaw=LOCAL_HOLD
[EXPERIMENTAL AUTO] ACTIVE frame=53218 cmd=(-0.002,-0.013,+0.006) yaw=LOCAL_HOLD
[EXPERIMENTAL AUTO] ACTIVE frame=53221 cmd=(+0.008,-0.026,+0.004) yaw=LOCAL_HOLD
[EXPERIMENTAL AUTO] ACTIVE frame=53224 cmd=(+0.013,+0.002,+0.005) yaw=LOCAL_HOLD
[EXPERIMENTAL AUTO] ACTIVE frame=53227 cmd=(+0.020,-0.007,+0.003) yaw=LOCAL_HOLD
[EXPERIMENTAL AUTO] ACTIVE frame=53230 cmd=(+0.024,-0.014,+0.004) yaw=LOCAL_HOLD
[EXPERIMENTAL AUTO] ACTIVE frame=53233 cmd=(+0.030,-0.012,+0.004) yaw=LOCAL_HOLD
[EXPERIMENTAL AUTO] ACTIVE frame=53236 cmd=(+0.030,-0.005,+0.005) yaw=LOCAL_HOLD
[EXPERIMENTAL AUTO] ACTIVE frame=53239 cmd=(+0.029,-0.042,+0.005) yaw=LOCAL_HOLD
[EXPERIMENTAL AUTO] ACTIVE frame=53242 cmd=(+0.029,-0.039,+0.006) yaw=LOCAL_HOLD
[EXPERIMENTAL AUTO] ACTIVE frame=53245 cmd=(+0.024,-0.003,+0.007) yaw=LOCAL_HOLD
[EXPERIMENTAL AUTO] ACTIVE frame=53248 cmd=(+0.014,-0.038,+0.005) yaw=LOCAL_HOLD
[EXPERIMENTAL AUTO] ACTIVE frame=53251 cmd=(+0.001,-0.053,+0.004) yaw=LOCAL_HOLD
[EXPERIMENTAL AUTO] ACTIVE frame=53254 cmd=(-0.003,-0.020,+0.003) yaw=LOCAL_HOLD
[EXPERIMENTAL AUTO] ACTIVE frame=53257 cmd=(-0.008,-0.004,+0.004) yaw=LOCAL_HOLD
[EXPERIMENTAL AUTO] ACTIVE frame=53260 cmd=(-0.008,-0.004,+0.006) yaw=LOCAL_HOLD
[EXPERIMENTAL AUTO] ACTIVE frame=53263 cmd=(-0.009,+0.003,+0.010) yaw=LOCAL_HOLD
[EXPERIMENTAL AUTO] ACTIVE frame=53266 cmd=(-0.008,+0.004,+0.013) yaw=LOCAL_HOLD
[EXPERIMENTAL AUTO] ACTIVE frame=53269 cmd=(-0.005,+0.016,+0.016) yaw=LOCAL_HOLD
[EXPERIMENTAL AUTO] ACTIVE frame=53272 cmd=(-0.006,+0.026,+0.018) yaw=LOCAL_HOLD
[EXPERIMENTAL AUTO] ACTIVE frame=53275 cmd=(-0.005,+0.021,+0.021) yaw=LOCAL_HOLD
[EXPERIMENTAL AUTO] ACTIVE frame=53278 cmd=(-0.005,+0.014,+0.023) yaw=LOCAL_HOLD
[EXPERIMENTAL AUTO] ACTIVE frame=53281 cmd=(-0.004,+0.021,+0.026) yaw=LOCAL_HOLD
[EXPERIMENTAL AUTO] ACTIVE frame=53284 cmd=(-0.005,+0.025,+0.026) yaw=LOCAL_HOLD
[EXPERIMENTAL AUTO] ACTIVE frame=53287 cmd=(-0.005,-0.009,+0.027) yaw=LOCAL_HOLD
[EXPERIMENTAL AUTO] ACTIVE frame=53290 cmd=(-0.002,+0.025,+0.028) yaw=LOCAL_HOLD
[EXPERIMENTAL AUTO] ACTIVE frame=53293 cmd=(-0.003,+0.012,+0.028) yaw=LOCAL_HOLD
[EXPERIMENTAL AUTO] ACTIVE frame=53296 cmd=(-0.004,+0.013,+0.028) yaw=LOCAL_HOLD
[EXPERIMENTAL AUTO] ACTIVE frame=53299 cmd=(-0.007,+0.012,+0.029) yaw=LOCAL_HOLD
[EXPERIMENTAL AUTO] ACTIVE frame=53302 cmd=(-0.009,+0.008,+0.029) yaw=LOCAL_HOLD
[EXPERIMENTAL AUTO] ACTIVE frame=53305 cmd=(-0.005,+0.003,+0.029) yaw=LOCAL_HOLD
[EXPERIMENTAL AUTO] ACTIVE frame=53308 cmd=(-0.003,+0.000,+0.027) yaw=LOCAL_HOLD
[EXPERIMENTAL AUTO] ACTIVE frame=53311 cmd=(+0.003,-0.006,+0.023) yaw=LOCAL_HOLD
[EXPERIMENTAL AUTO] ACTIVE frame=53314 cmd=(+0.004,-0.010,+0.017) yaw=LOCAL_HOLD
[EXPERIMENTAL AUTO] ACTIVE frame=53317 cmd=(+0.003,-0.022,+0.013) yaw=LOCAL_HOLD
[EXPERIMENTAL AUTO] ACTIVE frame=53320 cmd=(+0.006,-0.006,+0.011) yaw=LOCAL_HOLD
[EXPERIMENTAL AUTO] ACTIVE frame=53323 cmd=(+0.004,-0.014,+0.006) yaw=LOCAL_HOLD
[EXPERIMENTAL AUTO] ACTIVE frame=53326 cmd=(+0.006,-0.008,+0.005) yaw=LOCAL_HOLD
[EXPERIMENTAL AUTO] ACTIVE frame=53332 cmd=(-0.001,-0.001,+0.001) yaw=LOCAL_HOLD
[EXPERIMENTAL AUTO] ACTIVE frame=53335 cmd=(-0.008,+0.002,-0.002) yaw=LOCAL_HOLD
[EXPERIMENTAL AUTO] ACTIVE frame=53338 cmd=(-0.009,-0.002,-0.004) yaw=LOCAL_HOLD
[EXPERIMENTAL AUTO] ACTIVE frame=53341 cmd=(-0.013,+0.011,-0.006) yaw=LOCAL_HOLD
[EXPERIMENTAL AUTO] ACTIVE frame=53344 cmd=(-0.013,-0.000,-0.006) yaw=LOCAL_HOLD
[EXPERIMENTAL AUTO] ACTIVE frame=53347 cmd=(-0.015,+0.018,-0.005) yaw=LOCAL_HOLD
[EXPERIMENTAL AUTO] ACTIVE frame=53350 cmd=(-0.018,-0.001,-0.004) yaw=LOCAL_HOLD
[EXPERIMENTAL AUTO] ACTIVE frame=53353 cmd=(-0.016,+0.018,+0.001) yaw=LOCAL_HOLD
[EXPERIMENTAL AUTO] ACTIVE frame=53356 cmd=(-0.016,+0.019,+0.007) yaw=LOCAL_HOLD
[EXPERIMENTAL AUTO] ACTIVE frame=53359 cmd=(-0.019,-0.014,+0.018) yaw=LOCAL_HOLD
[EXPERIMENTAL AUTO] ACTIVE frame=53362 cmd=(-0.017,-0.005,+0.026) yaw=LOCAL_HOLD
[EXPERIMENTAL AUTO] ACTIVE frame=53365 cmd=(-0.012,-0.009,+0.034) yaw=LOCAL_HOLD
[EXPERIMENTAL AUTO] ACTIVE frame=53368 cmd=(-0.009,+0.015,+0.035) yaw=LOCAL_HOLD
[EXPERIMENTAL AUTO] ACTIVE frame=53371 cmd=(-0.008,-0.007,+0.039) yaw=LOCAL_HOLD
[EXPERIMENTAL AUTO] ACTIVE frame=53374 cmd=(-0.007,-0.040,+0.040) yaw=LOCAL_HOLD
[EXPERIMENTAL AUTO] ACTIVE frame=53377 cmd=(-0.006,-0.024,+0.040) yaw=LOCAL_HOLD
[EXPERIMENTAL AUTO] ACTIVE frame=53380 cmd=(-0.009,-0.055,+0.038) yaw=LOCAL_HOLD
[EXPERIMENTAL AUTO] ACTIVE frame=53383 cmd=(-0.010,-0.043,+0.036) yaw=LOCAL_HOLD
[EXPERIMENTAL AUTO] ACTIVE frame=53386 cmd=(-0.010,-0.032,+0.033) yaw=LOCAL_HOLD
[EXPERIMENTAL AUTO] ACTIVE frame=53389 cmd=(-0.003,-0.015,+0.031) yaw=LOCAL_HOLD
[EXPERIMENTAL AUTO] ACTIVE frame=53392 cmd=(+0.002,-0.010,+0.029) yaw=LOCAL_HOLD
[EXPERIMENTAL AUTO] ACTIVE frame=53395 cmd=(+0.010,+0.011,+0.026) yaw=LOCAL_HOLD
[EXPERIMENTAL AUTO] ACTIVE frame=53398 cmd=(+0.019,+0.020,+0.022) yaw=LOCAL_HOLD
[EXPERIMENTAL AUTO] ACTIVE frame=53401 cmd=(+0.023,+0.037,+0.017) yaw=LOCAL_HOLD
[EXPERIMENTAL AUTO] ACTIVE frame=53404 cmd=(+0.021,+0.032,+0.015) yaw=LOCAL_HOLD
[EXPERIMENTAL AUTO] ACTIVE frame=53407 cmd=(+0.020,+0.019,+0.010) yaw=LOCAL_HOLD
[EXPERIMENTAL AUTO] ACTIVE frame=53410 cmd=(+0.018,+0.024,+0.004) yaw=LOCAL_HOLD
[EXPERIMENTAL AUTO] ACTIVE frame=53413 cmd=(+0.014,+0.056,-0.002) yaw=LOCAL_HOLD
[EXPERIMENTAL AUTO] ACTIVE frame=53416 cmd=(+0.011,+0.015,-0.002) yaw=LOCAL_HOLD
[EXPERIMENTAL AUTO] ACTIVE frame=53419 cmd=(+0.006,+0.009,-0.005) yaw=LOCAL_HOLD
[EXPERIMENTAL AUTO] ACTIVE frame=53422 cmd=(+0.003,+0.042,-0.008) yaw=LOCAL_HOLD
[EXPERIMENTAL AUTO] ACTIVE frame=53425 cmd=(-0.021,+0.010,-0.010) yaw=LOCAL_HOLD
[EXPERIMENTAL AUTO] ACTIVE frame=53428 cmd=(-0.014,+0.010,-0.008) yaw=LOCAL_HOLD
[EXPERIMENTAL AUTO] ACTIVE frame=53431 cmd=(-0.024,+0.004,-0.008) yaw=LOCAL_HOLD
[EXPERIMENTAL AUTO] ACTIVE frame=53434 cmd=(-0.031,-0.000,-0.003) yaw=LOCAL_HOLD
[EXPERIMENTAL AUTO] ACTIVE frame=53440 cmd=(-0.036,+0.018,+0.002) yaw=LOCAL_HOLD
[EXPERIMENTAL AUTO] ACTIVE frame=53443 cmd=(-0.038,+0.028,+0.008) yaw=LOCAL_HOLD
[EXPERIMENTAL AUTO] ACTIVE frame=53446 cmd=(-0.039,+0.011,+0.014) yaw=LOCAL_HOLD
[EXPERIMENTAL AUTO] ACTIVE frame=53452 cmd=(-0.038,-0.009,+0.020) yaw=LOCAL_HOLD
[EXPERIMENTAL AUTO] ACTIVE frame=53455 cmd=(-0.035,-0.016,+0.023) yaw=LOCAL_HOLD
[EXPERIMENTAL AUTO] ACTIVE frame=53458 cmd=(-0.031,-0.021,+0.024) yaw=LOCAL_HOLD
[EXPERIMENTAL AUTO] ACTIVE frame=53464 cmd=(-0.022,-0.043,+0.025) yaw=LOCAL_HOLD
[EXPERIMENTAL AUTO] ACTIVE frame=53467 cmd=(-0.012,-0.034,+0.023) yaw=LOCAL_HOLD
[EXPERIMENTAL AUTO] ACTIVE frame=53470 cmd=(-0.005,-0.039,+0.021) yaw=LOCAL_HOLD
[EXPERIMENTAL AUTO] ACTIVE frame=53473 cmd=(+0.004,-0.044,+0.020) yaw=LOCAL_HOLD
[EXPERIMENTAL AUTO] ACTIVE frame=53476 cmd=(+0.006,-0.045,+0.017) yaw=LOCAL_HOLD
[EXPERIMENTAL AUTO] ACTIVE frame=53479 cmd=(+0.012,-0.050,+0.015) yaw=LOCAL_HOLD
[EXPERIMENTAL AUTO] ACTIVE frame=53482 cmd=(+0.015,-0.051,+0.013) yaw=LOCAL_HOLD
[EXPERIMENTAL AUTO] ACTIVE frame=53485 cmd=(+0.013,-0.052,+0.012) yaw=LOCAL_HOLD
[EXPERIMENTAL AUTO] ACTIVE frame=53488 cmd=(+0.010,-0.054,+0.012) yaw=LOCAL_HOLD
[EXPERIMENTAL AUTO] ACTIVE frame=53491 cmd=(+0.005,-0.047,+0.009) yaw=LOCAL_HOLD
[EXPERIMENTAL AUTO] ACTIVE frame=53494 cmd=(+0.001,-0.044,+0.008) yaw=LOCAL_HOLD
[EXPERIMENTAL AUTO] ACTIVE frame=53497 cmd=(-0.007,-0.040,+0.007) yaw=LOCAL_HOLD
[EXPERIMENTAL AUTO] ACTIVE frame=53500 cmd=(-0.009,-0.034,+0.007) yaw=LOCAL_HOLD
[EXPERIMENTAL AUTO] ACTIVE frame=53503 cmd=(-0.017,-0.035,+0.006) yaw=LOCAL_HOLD
[EXPERIMENTAL AUTO] ACTIVE frame=53506 cmd=(-0.022,-0.028,+0.003) yaw=LOCAL_HOLD
[EXPERIMENTAL AUTO] ACTIVE frame=53509 cmd=(-0.029,-0.002,+0.002) yaw=LOCAL_HOLD
[EXPERIMENTAL AUTO] ACTIVE frame=53512 cmd=(-0.032,+0.002,+0.004) yaw=LOCAL_HOLD
[EXPERIMENTAL AUTO] ACTIVE frame=53515 cmd=(-0.039,+0.023,+0.004) yaw=LOCAL_HOLD
[EXPERIMENTAL AUTO] ACTIVE frame=53518 cmd=(-0.043,+0.033,+0.003) yaw=LOCAL_HOLD
[EXPERIMENTAL AUTO] ACTIVE frame=53521 cmd=(-0.044,+0.028,+0.002) yaw=LOCAL_HOLD
[EXPERIMENTAL AUTO] ACTIVE frame=53524 cmd=(-0.042,+0.025,+0.002) yaw=LOCAL_HOLD
[EXPERIMENTAL AUTO] ACTIVE frame=53527 cmd=(-0.043,-0.006,+0.004) yaw=LOCAL_HOLD
[EXPERIMENTAL AUTO] ACTIVE frame=53530 cmd=(-0.038,+0.027,+0.003) yaw=LOCAL_HOLD
[EXPERIMENTAL AUTO] ACTIVE frame=53533 cmd=(-0.025,+0.035,+0.004) yaw=LOCAL_HOLD
[EXPERIMENTAL AUTO] ACTIVE frame=53536 cmd=(-0.019,+0.031,+0.005) yaw=LOCAL_HOLD
[EXPERIMENTAL AUTO] Operator stop; disarming
